2ba1k3/8c/3Nb4/9/p6P1/2n6/9/4B4/4A4/4KA3 w,-0.8595816,1900
2ba1k3/1N6c/4b4/9/p6P1/2n6/9/4B4/4A4/4KA3 b,0.87113154,3285
2ba1k3/1N6c/4b4/9/7P1/p1n6/9/4B4/4A4/4KA3 w,-0.86048824,903
2bN1k3/8c/4b4/9/7P1/p1n6/9/4B4/4A4/4KA3 b,0.87072885,4270
2bN1k3/8c/4b4/9/4n2P1/p8/9/4B4/4A4/4KA3 w,-0.8660707,290
2b2k3/8c/2N1b4/9/4n2P1/p8/9/4B4/4A4/4KA3 b,0.86961836,3659
2b2k3/8c/2N1b4/9/7P1/p8/5n3/4B4/4A4/4KA3 w,-0.8589729,6908
2b2k3/8c/2N1b4/9/7P1/p8/5n3/4BA3/9/4KA3 b,0.85331404,5376
2b2k3/8c/2N1b4/9/7P1/p8/9/3nBA3/9/4KA3 w,-0.85670847,7734
2b2k3/8c/2N1b4/9/7P1/p8/9/3nBA3/9/3K1A3 b,0.8680411,1583
2b2k3/9/2N1b4/9/7P1/p7c/9/3nBA3/9/3K1A3 w,-0.84292245,1837
2b2k3/9/4b4/9/1N5P1/p7c/9/3nBA3/9/3K1A3 b,0.8541563,5989
2b2k3/9/4b4/9/1N5P1/p3n3c/9/4BA3/9/3K1A3 w,-0.8517307,7816
2b2k3/9/4b4/9/1N5P1/p3n3c/9/4BA3/4A4/3K5 b,0.8574125,4096
2b2k3/9/4b4/9/1N5P1/1p2n3c/9/4BA3/4A4/3K5 w,-0.8522445,3904
2b2k3/9/4b4/7P1/1N7/1p2n3c/9/4BA3/4A4/3K5 b,0.8581697,454
2b1k4/9/4b4/7P1/1N7/1p2n3c/9/4BA3/4A4/3K5 w,-0.8537836,7645
2b1k4/9/4b4/7P1/1N7/1p2n3c/9/4BA3/4A4/4K4 b,0.8598141,2018
2b1k4/9/9/7P1/1Nb6/1p2n3c/9/4BA3/4A4/4K4 w,-0.86149687,3350
2b1k4/9/2N6/7P1/2b6/1p2n3c/9/4BA3/4A4/4K4 b,0.8531315,4787
2b1k4/8c/2N6/7P1/2b6/1p2n4/9/4BA3/4A4/4K4 w,-0.8508952,1839
2b1k4/8c/9/7P1/2bN5/1p2n4/9/4BA3/4A4/4K4 b,0.86315584,1543
2b1k4/4c4/9/7P1/2bN5/1p2n4/9/4BA3/4A4/4K4 w,-0.85150987,3560
2b1k4/4c4/9/7P1/2b6/1p2nN3/9/4BA3/4A4/4K4 b,0.8570148,3442
2b1k4/4c4/4b4/7P1/9/1p2nN3/9/4BA3/4A4/4K4 w,-0.8567852,3093
2b1k4/4c4/4b4/6P2/9/1p2nN3/9/4BA3/4A4/4K4 b,0.85298175,4195
2b1k4/4c4/4b4/6P2/9/4nN3/1p7/4BA3/4A4/4K4 w,-0.842594,2994
2b1k4/4c4/4b1P2/9/9/4nN3/1p7/4BA3/4A4/4K4 b,0.85451514,4440
2b1k4/4c4/4b1P2/3n5/9/5N3/1p7/4BA3/4A4/4K4 w,-0.8375453,2175
2b1k4/4c1P2/4b4/3n5/9/5N3/1p7/4BA3/4A4/4K4 b,0.83897,2723
2b1k4/4c1P2/4bn3/9/9/5N3/1p7/4BA3/4A4/4K4 w,-0.8243718,1364
2b1k4/4cP3/4bn3/9/9/5N3/1p7/4BA3/4A4/4K4 b,0.822727,1182
2b1k4/3c1P3/4bn3/9/9/5N3/1p7/4BA3/4A4/4K4 w,-0.81497025,4539
2b1k4/3c1P3/4bn3/9/3N5/9/1p7/4BA3/4A4/4K4 b,0.8211426,2018
2b1k4/3c1P3/5n3/9/2bN5/9/1p7/4BA3/4A4/4K4 w,-0.8158891,3530
2b1k4/3c1P3/2N2n3/9/2b6/9/1p7/4BA3/4A4/4K4 b,0.82437456,1101
2b1k4/5P3/2Nc1n3/9/2b6/9/1p7/4BA3/4A4/4K4 w,-0.8312596,1827
2b1k4/5P3/3c1n3/N8/2b6/9/1p7/4BA3/4A4/4K4 b,0.84223825,198
4k4/5P3/b2c1n3/N8/2b6/9/1p7/4BA3/4A4/4K4 w,-0.83706325,2476
4k4/5P3/b2c1n3/9/2b6/1N7/1p7/4BA3/4A4/4K4 b,0.8364094,2112
4k4/5P3/b2c5/9/2b3n2/1N7/1p7/4BA3/4A4/4K4 w,-0.83011764,4169
4k4/5P3/b2c5/2N6/2b3n2/9/1p7/4BA3/4A4/4K4 b,0.84830135,3811
4k4/5P3/b2c5/2N1n4/2b6/9/1p7/4BA3/4A4/4K4 w,-0.846219,2620
4k4/1N3P3/b2c5/4n4/2b6/9/1p7/4BA3/4A4/4K4 b,0.8552437,2804
4k4/1N3n3/b2c5/9/2b6/9/1p7/4BA3/4A4/4K4 w,-0.8512135,921
4k4/5n3/b2N5/9/2b6/9/1p7/4BA3/4A4/4K4 b,0.8587436,1281
4k4/9/b2n5/9/2b6/9/1p7/4BA3/4A4/4K4 w,-0.8653123,7734
4k4/9/b2n5/9/2b6/9/1p7/4BA3/4A4/3K5 b,0.8732431,1922
4k4/9/b8/5n3/2b6/9/1p7/4BA3/4A4/3K5 w,-0.86386484,7645
4k4/9/b8/5n3/2b6/9/1p7/4BA3/4A4/4K4 b,0.8640815,5006
4k4/9/b8/5n3/2b6/9/2p6/4BA3/4A4/4K4 w,-0.860925,6117
4k4/9/b8/5n3/2b6/9/2p6/5A3/4A4/4K1B2 b,0.86109525,5105
4k4/9/b8/5n3/2b6/9/9/2p2A3/4A4/4K1B2 w,-0.8623104,7897
4k4/9/b8/5n3/2b6/9/9/2p1BA3/4A4/4K4 b,0.8611805,5924
4k4/9/b8/5n3/2b6/9/9/4BA3/2p1A4/4K4 w,-0.85739994,6117
4k4/9/b8/5n3/2b6/9/9/5A3/2p1A4/4K1B2 b,0.8604659,6735
4k4/9/b8/5n3/2b6/9/9/5A3/3pA4/4K1B2 w,-0.8641619,7897
4k4/9/b8/5n3/2b6/9/9/4BA3/3pA4/4K4 b,0.8661739,2923
4k4/9/b8/9/2b4n1/9/9/4BA3/3pA4/4K4 w,-0.86031795,6081
4k4/9/b8/9/2b4n1/6B2/9/5A3/3pA4/4K4 b,0.8707703,3930
4k4/9/b8/9/2b6/6B2/6n2/5A3/3pA4/4K4 w,-0.8564768,7736
4k4/9/b8/9/2b6/6B2/6n2/5A3/3pA4/5K3 b,0.8556502,5479
4k4/9/b8/9/2b6/6B2/9/5A3/3pA2n1/5K3 w,-0.848373,7817
4k4/9/b8/9/2b6/6B2/9/5A3/3pAK1n1/9 b,0.85702634,6824
4k4/9/b8/9/2b6/6B2/9/5A3/2p1AK1n1/9 w,-0.8471511,6906
4k4/9/b8/9/2b6/6B2/9/3A1A3/2p2K1n1/9 b,0.86822844,365
5k3/9/b8/9/2b6/6B2/9/3A1A3/2p2K1n1/9 w,-0.85435903,6016
5k3/9/b8/9/2b6/6B2/9/5A3/2p1AK1n1/9 b,0.85115,7170
5k3/9/b8/9/2b6/6B2/6n2/5A3/2p1AK3/9 w,-0.85300076,7016
5k3/9/b8/9/2b6/6B2/6n2/5A3/2p1A4/5K3 b,0.8621816,6735
5k3/9/b8/9/2b6/6B2/6n2/5A3/3pA4/5K3 w,-0.86235535,7825
5k3/9/b8/9/2b6/6B2/6n2/5A3/3pA4/4K4 b,0.86677796,5479
5k3/9/b8/9/2b6/6B2/9/5A3/3pA2n1/4K4 w,-0.86001045,4657
5k3/9/b8/9/2b6/9/9/4BA3/3pA2n1/4K4 b,0.88936585,454
4k4/9/b8/9/2b6/9/9/4BA3/3pA2n1/4K4 w,-0.89851236,6906
4k4/9/b8/9/2b6/9/9/3ABA3/3p3n1/4K4 b,0.91094524,7178
4k4/9/b8/9/2b6/9/9/3ABn3/3p5/4K4 w,-0.91075253,7736
4k4/9/b8/9/2b6/9/9/3ABn3/3p5/5K3 b,0.92585474,6169
4k4/9/b8/9/2b6/4n4/9/3AB4/3p5/5K3 w,-0.911868,7817
4k4/9/b8/9/2b6/4n4/9/3AB4/3p1K3/9 b,0.93322426,373
9/4k4/b8/9/2b6/4n4/9/3AB4/3p1K3/9 w,-0.9176889,7016
9/4k4/b8/9/2b6/4n4/9/3AB4/3p5/5K3 b,0.9348438,4476
9/4k4/b8/9/2b6/9/9/3nB4/3p5/5K3 w,-0.93149394,7817
9/4k4/b8/9/2b6/9/9/3nB4/3p1K3/9 b,0.93634284,5995
9/4k4/b8/9/2b6/9/1n7/4B4/3p1K3/9 w,-0.93581915,6077
9/4k4/b8/9/2b6/2B6/1n7/9/3p1K3/9 b,0.9727061,6826
9/4k4/b8/9/2b6/2B6/1n7/9/4pK3/9 w,-0.97224206,6998
9/4k4/b8/9/2b6/2B6/1n7/5K3/4p4/9 b,0.9896625,5024
9/4k4/b8/9/2b6/2B6/9/5K3/2n1p4/9 w,-0.98800063,4297
9/4k4/b8/9/2b6/9/9/4BK3/2n1p4/9 b,1,6717
rnbakabnr/9/1c5c1/p1p1p1p1p/9/9/P1P1P1P1P/1C5C1/9/RNBAKABNR w,-0.7981823,5827
rnbakabnr/9/1c5c1/p1p1p1p1p/9/9/P1P1P1P1P/4C2C1/9/RNBAKABNR b,0.7982332,110
r1bakabnr/9/1cn4c1/p1p1p1p1p/9/9/P1P1P1P1P/4C2C1/9/RNBAKABNR w,-0.79818237,7445
r1bakabnr/9/1cn4c1/p1p1p1p1p/9/9/P1P1P1P1P/2N1C2C1/9/R1BAKABNR b,0.79816794,562
r1baka1nr/9/1cn1b2c1/p1p1p1p1p/9/9/P1P1P1P1P/2N1C2C1/9/R1BAKABNR w,-0.7980616,7372
r1baka1nr/9/1cn1b2c1/p1p1p1p1p/9/9/P1P1P1P1P/2N1C2C1/9/1RBAKABNR b,0.798229,1
1rbaka1nr/9/1cn1b2c1/p1p1p1p1p/9/9/P1P1P1P1P/2N1C2C1/9/1RBAKABNR w,-0.79828745,6368
1rbaka1nr/9/1cn1b2c1/p1p1p1p1p/9/9/P1P1P1P1P/2N1CC3/9/1RBAKABNR b,0.79872394,654
1rbaka2r/9/1cn1b1nc1/p1p1p1p1p/9/9/P1P1P1P1P/2N1CC3/9/1RBAKABNR w,-0.7983996,7989
1rbaka2r/9/1cn1b1nc1/p1p1p1p1p/9/9/P1P1P1P1P/2N1CCN2/9/1RBAKAB1R b,0.7986271,3012
1rbaka2r/9/1cn1b1nc1/p1p1p3p/6p2/9/P1P1P1P1P/2N1CCN2/9/1RBAKAB1R w,-0.79808265,8098
1rbaka2r/9/1cn1b1nc1/p1p1p3p/6p2/9/P1P1P1P1P/2N1CCN2/9/1RBAKABR1 b,0.7979852,727
1rbaka1r1/9/1cn1b1nc1/p1p1p3p/6p2/9/P1P1P1P1P/2N1CCN2/9/1RBAKABR1 w,-0.79748243,5087
1rbaka1r1/9/1cn1b1nc1/p1p1p3p/6p2/2P6/P3P1P1P/2N1CCN2/9/1RBAKABR1 b,0.79784644,1765
1rbaka1r1/9/2n1b1nc1/p1p1p3p/6p2/2P6/Pc2P1P1P/2N1CCN2/9/1RBAKABR1 w,-0.7952463,5898
1rbaka1r1/9/2n1b1nc1/p1p1p3p/6p2/2PN5/Pc2P1P1P/4CCN2/9/1RBAKABR1 b,0.7934622,2311
1rbaka1r1/9/2n1b1n2/p1p1p3p/6p2/2PN5/Pc2P1PcP/4CCN2/9/1RBAKABR1 w,-0.7920583,6143
1rbaka1r1/9/2n1bCn2/p1p1p3p/6p2/2PN5/Pc2P1PcP/4C1N2/9/1RBAKABR1 b,0.7915428,1986
1rbakabr1/9/2n2Cn2/p1p1p3p/6p2/2PN5/Pc2P1PcP/4C1N2/9/1RBAKABR1 w,-0.7818543,4351
1rbakabr1/9/2n2Cn2/p1p1N3p/6p2/2P6/Pc2P1PcP/4C1N2/9/1RBAKABR1 b,0.795234,1831
1rbakabr1/9/5Cn2/p1p1n3p/6p2/2P6/Pc2P1PcP/4C1N2/9/1RBAKABR1 w,-0.7956981,6061
1rbakabr1/9/5Cn2/p1p1C3p/6p2/2P6/Pc2P1PcP/6N2/9/1RBAKABR1 b,0.80969524,109
2bakabr1/9/1r3Cn2/p1p1C3p/6p2/2P6/Pc2P1PcP/6N2/9/1RBAKABR1 w,-0.798073,2839
2bakabr1/9/1r3Cn2/p1p5p/6p2/2P1C4/Pc2P1PcP/6N2/9/1RBAKABR1 b,0.80169934,1733
2bakabr1/9/5rn2/p1p5p/6p2/2P1C4/Pc2P1PcP/6N2/9/1RBAKABR1 w,-0.7903598,7435
2bakabr1/9/5rn2/p1p5p/6p2/2P1C4/PR2P1PcP/6N2/9/2BAKABR1 b,0.7934722,2201
2bakabr1/9/5r3/p1p5p/5np2/2P1C4/PR2P1PcP/6N2/9/2BAKABR1 w,-0.7859631,4987
2bakabr1/9/5r3/p1p5p/1R3np2/2P1C4/P3P1PcP/6N2/9/2BAKABR1 b,0.79171544,3750
2bakabr1/9/5r3/p1p5p/1R4p2/2P1C4/P3P1ncP/6N2/9/2BAKABR1 w,-0.7810825,3372
2bakabr1/9/5r3/p1p5p/6R2/2P1C4/P3P1ncP/6N2/9/2BAKABR1 b,0.79455066,5449
2bakabr1/9/5r3/p1p5p/6R2/2P1n4/P3P2cP/6N2/9/2BAKABR1 w,-0.7941606,5269
2bakabr1/9/5r3/p1p5p/6R2/2P1P4/P6cP/6N2/9/2BAKABR1 b,0.80088276,2129
2bakabr1/9/9/p1p5p/6R2/2P1P4/P4r1cP/6N2/9/2BAKABR1 w,-0.7970826,3813
2bakabr1/9/9/p1p3R1p/9/2P1P4/P4r1cP/6N2/9/2BAKABR1 b,0.80075294,5378
2bakabr1/9/9/p1p3R1p/9/2P1P4/P6cP/5rN2/9/2BAKABR1 w,-0.7836148,7999
2bakabr1/9/9/p1p3R1p/9/2P1P4/P6cP/5rN2/7R1/2BAKAB2 b,0.8033904,673
2bakab2/9/9/p1p3R1p/7r1/2P1P4/P6cP/5rN2/7R1/2BAKAB2 w,-0.77433795,2976
2bakaR2/9/9/p1p5p/7r1/2P1P4/P6cP/5rN2/7R1/2BAKAB2 b,0.7861382,6179
2bakaR2/9/9/p1p5p/7r1/2P1P4/P4r1cP/6N2/7R1/2BAKAB2 w,-0.776238,573
2baka3/9/9/p1p3R1p/7r1/2P1P4/P4r1cP/6N2/7R1/2BAKAB2 b,0.7890015,5378
2baka3/9/9/p1p3R1p/7r1/2P1P4/P6cP/5rN2/7R1/2BAKAB2 w,-0.7524504,7186
2baka3/9/9/p1p3R1p/7r1/2P1P4/P6cP/5rN2/4R4/2BAKAB2 b,0.7753771,3909
2baka3/9/9/p1p3R1p/3r5/2P1P4/P6cP/5rN2/4R4/2BAKAB2 w,-0.76228005,4450
2baka3/9/9/p1p3R1p/3rP4/2P6/P6cP/5rN2/4R4/2BAKAB2 b,0.7835122,3567
2baka3/9/9/p1p3R1p/4P4/2P6/P2r3cP/5rN2/4R4/2BAKAB2 w,-0.76441497,6907
2baka3/9/9/p1p3R1p/4P4/2P6/P2r3cP/4RrN2/9/2BAKAB2 b,0.77717125,6187
2baka3/9/9/p1p3R1p/4P4/2P6/P2r3cP/4r1N2/9/2BAKAB2 w,-0.7802377,7537
2baka3/9/9/p1p3R1p/4P4/2P6/P2r3cP/4B1N2/9/3AKAB2 b,0.79433334,5544
2baka3/9/9/p1p3R1p/4P4/2P6/c2r4P/4B1N2/9/3AKAB2 w,-0.7903296,2999
2baka3/9/9/p1R5p/4P4/2P6/c2r4P/4B1N2/9/3AKAB2 b,0.79201347,4941
2baka3/9/9/p1R5p/4P4/2P6/3r4P/4B1N2/9/c2AKAB2 w,-0.7864597,7636
2baka3/9/9/p1R5p/4P4/2P6/3r4P/4B1N2/4A4/c3KAB2 b,0.7965708,5190
2baka3/9/9/p1R5p/4P4/2P6/6r1P/4B1N2/4A4/c3KAB2 w,-0.7896615,2612
2Raka3/9/9/p7p/4P4/2P6/6r1P/4B1N2/4A4/c3KAB2 b,0.79614305,5469
2Raka3/9/9/p7p/4P4/2P6/8P/4B1r2/4A4/c3KAB2 w,-0.793421,209
3aka3/9/9/p1R5p/4P4/2P6/8P/4B1r2/4A4/c3KAB2 b,0.8013863,6270
3aka3/9/9/p1R5p/4P4/2P6/6r1P/4B4/4A4/c3KAB2 w,-0.79810745,2637
3aka3/9/9/R7p/4P4/2P6/6r1P/4B4/4A4/c3KAB2 b,0.7995196,7372
3aka3/9/9/R7p/4P4/2P6/6r1P/4B4/4A4/1c2KAB2 w,-0.8010608,2458
3aka3/9/9/1R6p/4P4/2P6/6r1P/4B4/4A4/1c2KAB2 b,0.80581456,7461
3aka3/9/9/1R6p/4P4/2P6/6r1P/4B4/4A4/c3KAB2 w,-0.7991868,2550
3aka3/9/9/3R4p/4P4/2P6/6r1P/4B4/4A4/c3KAB2 b,0.80226743,5458
3aka3/9/9/3R4p/4P4/2P6/4r3P/4B4/4A4/c3KAB2 w,-0.7973608,2727
3aka3/9/9/R7p/4P4/2P6/4r3P/4B4/4A4/c3KAB2 b,0.7996597,7372
3aka3/9/9/R7p/4P4/2P6/4r3P/4B4/4A4/1c2KAB2 w,-0.80184746,2458
3aka3/9/9/1R6p/4P4/2P6/4r3P/4B4/4A4/1c2KAB2 b,0.8037727,7461
3aka3/9/9/1R6p/4P4/2P6/4r3P/4B4/4A4/c3KAB2 w,-0.7958334,3631
3aka3/9/9/1R2P3p/9/2P6/4r3P/4B4/4A4/c3KAB2 b,0.8005621,5282
3aka3/9/9/1R2P3p/9/2P6/8r/4B4/4A4/c3KAB2 w,-0.7930157,2547
3aka3/9/9/R3P3p/9/2P6/8r/4B4/4A4/c3KAB2 b,0.79671735,7372
3aka3/9/9/R3P3p/9/2P6/8r/4B4/4A4/1c2KAB2 w,-0.80074465,2458
3aka3/9/9/1R2P3p/9/2P6/8r/4B4/4A4/1c2KAB2 b,0.804102,7461
3aka3/9/9/1R2P3p/9/2P6/8r/4B4/4A4/c3KAB2 w,-0.7943158,2812
3aka3/9/4P4/1R6p/9/2P6/8r/4B4/4A4/c3KAB2 b,0.8036666,5638
3aka3/9/4P4/1R6p/9/2P6/4r4/4B4/4A4/c3KAB2 w,-0.79164386,2003
3aka3/9/5P3/1R6p/9/2P6/4r4/4B4/4A4/c3KAB2 b,0.7996719,5276
3aka3/9/5P3/1R6p/9/2P6/2r6/4B4/4A4/c3KAB2 w,-0.78412014,2084
3aka3/5P3/9/1R6p/9/2P6/2r6/4B4/4A4/c3KAB2 b,0.7871451,5123
3aka3/5P3/9/1R6p/9/2P6/9/4B4/4A4/c1r1KAB2 w,-0.7861501,6924
3aka3/5P3/9/1R6p/9/2P6/9/4B4/9/c1rAKAB2 b,0.7956509,7517
3aka3/5P3/9/1R6p/9/2r6/9/4B4/9/c2AKAB2 w,-0.79377836,7636
3aka3/5P3/9/1R6p/9/2r6/9/4B4/4A4/c3KAB2 b,0.80372906,4280
3aka3/5P3/9/1R6p/9/5r3/9/4B4/4A4/c3KAB2 w,-0.8008976,2551
3aka3/5P3/9/4R3p/9/5r3/9/4B4/4A4/c3KAB2 b,0.80078,283
4ka3/4aP3/9/4R3p/9/5r3/9/4B4/4A4/c3KAB2 w,-0.79604214,2817
4ka3/4aP3/9/R7p/9/5r3/9/4B4/4A4/c3KAB2 b,0.7995852,7372
4ka3/4aP3/9/R7p/9/5r3/9/4B4/4A4/1c2KAB2 w,-0.7994788,2430
R3ka3/4aP3/9/8p/9/5r3/9/4B4/4A4/1c2KAB2 b,0.80127305,1173
R2aka3/5P3/9/8p/9/5r3/9/4B4/4A4/1c2KAB2 w,-0.7985779,9
3aka3/R4P3/9/8p/9/5r3/9/4B4/4A4/1c2KAB2 b,0.8089478,4532
3aka3/R4P3/9/5r2p/9/9/9/4B4/4A4/1c2KAB2 w,-0.80073947,828
3aka3/5P3/R8/5r2p/9/9/9/4B4/4A4/1c2KAB2 b,0.81128806,2894
3aka3/5r3/R8/8p/9/9/9/4B4/4A4/1c2KAB2 w,-0.81125396,1639
3aka3/5r3/1R7/8p/9/9/9/4B4/4A4/1c2KAB2 b,0.81308144,7461
3aka3/5r3/1R7/8p/9/9/9/4B4/4A4/c3KAB2 w,-0.8109713,1728
3aka3/5r3/R8/8p/9/9/9/4B4/4A4/c3KAB2 b,0.8119436,7372
3aka3/5r3/R8/8p/9/9/9/4B4/4A4/1c2KAB2 w,-0.80673945,1647
3aka3/5r3/9/R7p/9/9/9/4B4/4A4/1c2KAB2 b,0.8272666,1273
3aka3/4r4/9/R7p/9/9/9/4B4/4A4/1c2KAB2 w,-0.8377925,2458
3aka3/4r4/9/1R6p/9/9/9/4B4/4A4/1c2KAB2 b,0.82704264,7461
3aka3/4r4/9/1R6p/9/9/9/4B4/4A4/c3KAB2 w,-0.8137197,2593
3aka3/4r4/9/8p/9/9/9/4B4/1R2A4/c3KAB2 b,0.8298593,1186
3aka3/7r1/9/8p/9/9/9/4B4/1R2A4/c3KAB2 w,-0.8240859,6642
3aka3/7r1/9/8p/9/9/9/4B4/R3A4/c3KAB2 b,0.8192351,7372
3aka3/7r1/9/8p/9/9/9/4B4/R3A4/1c2KAB2 w,-0.8102598,6534
3aka3/7r1/9/8p/9/9/R8/4B4/4A4/1c2KAB2 b,0.8132011,1450
3aka3/1r7/9/8p/9/9/R8/4B4/4A4/1c2KAB2 w,-0.80726755,4918
3aka3/1r7/9/8p/9/9/4R4/4B4/4A4/1c2KAB2 b,0.81207573,463
3ak4/1r2a4/9/8p/9/9/4R4/4B4/4A4/1c2KAB2 w,-0.8088454,5274
3ak4/1r2a4/9/8p/9/9/R8/4B4/4A4/1c2KAB2 b,0.8164083,919
3ak4/4a4/1r7/8p/9/9/R8/4B4/4A4/1c2KAB2 w,-0.8170073,4941
3ak4/4a4/1r7/8p/9/9/9/4B4/4A4/Rc2KAB2 b,0.81850785,3194
3ak4/4a4/1r7/9/8p/9/9/4B4/4A4/Rc2KAB2 w,-0.8220369,7335
3ak4/4a4/1r7/9/8p/R8/9/4B4/4A4/1c2KAB2 b,0.8291467,1730
3ak4/4a4/2r6/9/8p/R8/9/4B4/4A4/1c2KAB2 w,-0.80657107,6908
3ak4/4a4/2r6/9/8p/R8/9/4BA3/9/1c2KAB2 b,0.82133764,1883
3ak4/4a4/9/9/8p/R8/9/4BA3/9/1cr1KAB2 w,-0.82325214,7726
3ak4/4a4/9/9/8p/R8/9/4BA3/4K4/1cr2AB2 b,0.832546,7556
3ak4/4a4/9/9/8p/R8/9/4BA3/4K4/1c3rB2 w,-0.82959175,4096
3ak4/4a4/9/9/8p/1R7/9/4BA3/4K4/1c3rB2 b,0.8374142,7461
3ak4/4a4/9/9/8p/1R7/9/4BA3/4K4/c4rB2 w,-0.83157927,4185
3ak4/4a4/9/9/8p/R8/9/4BA3/4K4/c4rB2 b,0.8437276,7822
3ak4/4a4/9/9/8p/R8/9/4BA3/4K4/cr4B2 w,-0.8246682,4097
3ak4/4a4/9/9/8p/2R6/9/4BA3/4K4/cr4B2 b,0.8506837,7308
3ak4/4a4/c8/9/8p/2R6/9/4BA3/4K4/1r4B2 w,-0.85217696,4275
3ak4/4a4/c8/9/8p/R8/9/4BA3/4K4/1r4B2 b,0.85829157,1642
3ak4/4a4/4c4/9/8p/R8/9/4BA3/4K4/1r4B2 w,-0.8360926,4099
3ak4/4a4/4c4/9/8p/4R4/9/4BA3/4K4/1r4B2 b,0.8377486,7453
3ak4/4a4/4c4/9/8p/4R4/9/4BA3/1r2K4/6B2 w,-0.8339844,6925
3ak4/4a4/4c4/9/8p/4R4/9/4BA3/1r7/4K1B2 b,0.8331535,1998
3ak4/4a4/c8/9/8p/4R4/9/4BA3/1r7/4K1B2 w,-0.8319347,4432
3ak4/4a4/c3R4/9/8p/9/9/4BA3/1r7/4K1B2 b,0.8418783,1674
3ak4/4a4/4R4/9/8p/9/c8/4BA3/1r7/4K1B2 w,-0.82357955,2006
3ak4/4a4/8R/9/8p/9/c8/4BA3/1r7/4K1B2 b,0.8471467,6647
3ak4/4a4/8R/9/8p/9/c8/4BA3/5r3/4K1B2 w,-0.8416658,2348
3ak3R/4a4/9/9/8p/9/c8/4BA3/5r3/4K1B2 b,0.839847,1175
3aka2R/9/9/9/8p/9/c8/4BA3/5r3/4K1B2 w,-0.83788675,764
3aka3/9/9/9/8R/9/c8/4BA3/5r3/4K1B2 b,0.8390381,6998
3aka3/9/9/9/8R/9/c8/4Br3/9/4K1B2 w,-0.8255088,4022
3aka3/9/9/9/9/9/c7R/4Br3/9/4K1B2 b,0.8418088,4878
3aka3/9/c8/9/9/9/8R/4Br3/9/4K1B2 w,-0.84337413,5638
3aka3/9/c8/9/9/9/4R4/4Br3/9/4K1B2 b,0.8473724,463
3ak4/4a4/c8/9/9/9/4R4/4Br3/9/4K1B2 w,-0.84241635,7726
3ak4/4a4/c8/9/9/9/4R4/4Br3/4K4/6B2 b,0.84213203,365
3a1k3/4a4/c8/9/9/9/4R4/4Br3/4K4/6B2 w,-0.84024066,5280
3a1k3/4a4/c8/9/9/9/6R2/4Br3/4K4/6B2 b,0.85024357,1642
3a1k3/4a4/4c4/9/9/9/6R2/4Br3/4K4/6B2 w,-0.84687346,5458
3a1k3/4a4/4c4/9/9/9/4R4/4Br3/4K4/6B2 b,0.8521449,6143
3a1k3/4a4/4cr3/9/9/9/4R4/4B4/4K4/6B2 w,-0.8476515,6925
3a1k3/4a4/4cr3/9/9/9/4R4/4B4/9/4K1B2 b,0.85432714,2094
3a1k3/4a4/4c1r2/9/9/9/4R4/4B4/9/4K1B2 w,-0.8304026,7734
3a1k3/4a4/4c1r2/9/9/9/4R4/4B4/9/3K2B2 b,0.8437883,2186
3a1k3/4a4/4c3r/9/9/9/4R4/4B4/9/3K2B2 w,-0.8427543,5280
3a1k3/4a4/4c3r/9/9/9/6R2/4B4/9/3K2B2 b,0.8555311,2363
3a1k3/4a4/4cr3/9/9/9/6R2/4B4/9/3K2B2 w,-0.85879934,5406
3a1kR2/4a4/4cr3/9/9/9/9/4B4/9/3K2B2 b,0.8514581,464
3a2R2/4ak3/4cr3/9/9/9/9/4B4/9/3K2B2 w,-0.86580455,555
3a5/4akR2/4cr3/9/9/9/9/4B4/9/3K2B2 b,0.8568001,1265
3a1k3/4a1R2/4cr3/9/9/9/9/4B4/9/3K2B2 w,-0.84502333,1367
3a1k3/4a3R/4cr3/9/9/9/9/4B4/9/3K2B2 b,0.8836439,2129
3a1k3/4a3R/4c4/9/9/9/5r3/4B4/9/3K2B2 w,-0.8807418,1538
3a1k2R/4a4/4c4/9/9/9/5r3/4B4/9/3K2B2 b,0.87745655,464
3a4R/4ak3/4c4/9/9/9/5r3/4B4/9/3K2B2 w,-0.86483204,723
3R5/4ak3/4c4/9/9/9/5r3/4B4/9/3K2B2 b,0.9496162,1173
3a5/5k3/4c4/9/9/9/5r3/4B4/9/3K2B2 w,-0.95370996,6077
3a5/5k3/4c4/9/9/2B6/5r3/9/9/3K2B2 b,0.96000296,5370
3a5/5k3/4c4/9/9/2B6/6r2/9/9/3K2B2 w,-0.9507609,7901
3a5/5k3/4c4/9/9/2B6/6r2/8B/9/3K5 b,0.96129704,5456
3a5/5k3/4c4/9/9/2B6/2r6/8B/9/3K5 w,-0.9474955,7645
3a5/5k3/4c4/9/9/2B6/2r6/8B/9/4K4 b,0.94921505,5099
3a5/5k3/4c4/9/9/2B6/5r3/8B/9/4K4 w,-0.94579065,6477
3a5/5k3/4c4/9/9/2B6/5r3/9/9/4K1B2 b,0.9574167,1984
3ac4/5k3/9/9/9/2B6/5r3/9/9/4K1B2 w,-0.9410051,4293
3ac4/5k3/9/9/9/9/5r3/B8/9/4K1B2 b,0.94887376,5351
3ac4/5k3/9/9/5r3/9/9/B8/9/4K1B2 w,-0.9358738,5753
3ac4/5k3/9/9/5r3/9/9/9/9/2B1K1B2 b,0.94725925,1265
3ack3/9/9/9/5r3/9/9/9/9/2B1K1B2 w,-0.9390633,7726
3ack3/9/9/9/5r3/9/9/9/4K4/2B3B2 b,0.9513203,3713
3ack3/9/5r3/9/9/9/9/9/4K4/2B3B2 w,-0.94463736,6915
3ack3/9/5r3/9/9/9/9/9/3K5/2B3B2 b,0.95744306,464
3ac4/5k3/5r3/9/9/9/9/9/3K5/2B3B2 w,-0.9404892,6816
3ac4/5k3/5r3/9/9/9/9/3K5/9/2B3B2 b,0.98935765,283
4c4/4ak3/5r3/9/9/9/9/3K5/9/2B3B2 w,-0.98843604,6015
4c4/4ak3/5r3/9/9/9/9/9/3K5/2B3B2 b,1,2091
rnbakabnr/9/1c5c1/p1p1p1p1p/9/9/P1P1P1P1P/1C5C1/9/RNBAKABNR w,-0.79821914,5827
rnbakabnr/9/1c5c1/p1p1p1p1p/9/9/P1P1P1P1P/4C2C1/9/RNBAKABNR b,0.79823226,110
r1bakabnr/9/1cn4c1/p1p1p1p1p/9/9/P1P1P1P1P/4C2C1/9/RNBAKABNR w,-0.7981872,7445
r1bakabnr/9/1cn4c1/p1p1p1p1p/9/9/P1P1P1P1P/2N1C2C1/9/R1BAKABNR b,0.79819286,562
r1baka1nr/9/1cn1b2c1/p1p1p1p1p/9/9/P1P1P1P1P/2N1C2C1/9/R1BAKABNR w,-0.79805034,7372
r1baka1nr/9/1cn1b2c1/p1p1p1p1p/9/9/P1P1P1P1P/2N1C2C1/9/1RBAKABNR b,0.7982265,1
1rbaka1nr/9/1cn1b2c1/p1p1p1p1p/9/9/P1P1P1P1P/2N1C2C1/9/1RBAKABNR w,-0.79828745,6368
1rbaka1nr/9/1cn1b2c1/p1p1p1p1p/9/9/P1P1P1P1P/2N1CC3/9/1RBAKABNR b,0.7987111,654
1rbaka2r/9/1cn1b1nc1/p1p1p1p1p/9/9/P1P1P1P1P/2N1CC3/9/1RBAKABNR w,-0.7983996,7989
1rbaka2r/9/1cn1b1nc1/p1p1p1p1p/9/9/P1P1P1P1P/2N1CCN2/9/1RBAKAB1R b,0.79865164,3012
1rbaka2r/9/1cn1b1nc1/p1p1p3p/6p2/9/P1P1P1P1P/2N1CCN2/9/1RBAKAB1R w,-0.7981277,8098
1rbaka2r/9/1cn1b1nc1/p1p1p3p/6p2/9/P1P1P1P1P/2N1CCN2/9/1RBAKABR1 b,0.7981072,727
1rbaka1r1/9/1cn1b1nc1/p1p1p3p/6p2/9/P1P1P1P1P/2N1CCN2/9/1RBAKABR1 w,-0.79748696,5087
1rbaka1r1/9/1cn1b1nc1/p1p1p3p/6p2/2P6/P3P1P1P/2N1CCN2/9/1RBAKABR1 b,0.79777384,1765
1rbaka1r1/9/2n1b1nc1/p1p1p3p/6p2/2P6/Pc2P1P1P/2N1CCN2/9/1RBAKABR1 w,-0.7952885,5898
1rbaka1r1/9/2n1b1nc1/p1p1p3p/6p2/2PN5/Pc2P1P1P/4CCN2/9/1RBAKABR1 b,0.7936065,2311
1rbaka1r1/9/2n1b1n2/p1p1p3p/6p2/2PN5/Pc2P1PcP/4CCN2/9/1RBAKABR1 w,-0.7920925,6143
1rbaka1r1/9/2n1bCn2/p1p1p3p/6p2/2PN5/Pc2P1PcP/4C1N2/9/1RBAKABR1 b,0.7915428,1986
1rbakabr1/9/2n2Cn2/p1p1p3p/6p2/2PN5/Pc2P1PcP/4C1N2/9/1RBAKABR1 w,-0.7818543,4351
1rbakabr1/9/2n2Cn2/p1p1N3p/6p2/2P6/Pc2P1PcP/4C1N2/9/1RBAKABR1 b,0.795234,1831
1rbakabr1/9/5Cn2/p1p1n3p/6p2/2P6/Pc2P1PcP/4C1N2/9/1RBAKABR1 w,-0.79496044,6061
1rbakabr1/9/5Cn2/p1p1C3p/6p2/2P6/Pc2P1PcP/6N2/9/1RBAKABR1 b,0.8094429,109
2bakabr1/9/1r3Cn2/p1p1C3p/6p2/2P6/Pc2P1PcP/6N2/9/1RBAKABR1 w,-0.798073,2839
2bakabr1/9/1r3Cn2/p1p5p/6p2/2P1C4/Pc2P1PcP/6N2/9/1RBAKABR1 b,0.8015779,1733
2bakabr1/9/5rn2/p1p5p/6p2/2P1C4/Pc2P1PcP/6N2/9/1RBAKABR1 w,-0.79037094,7435
2bakabr1/9/5rn2/p1p5p/6p2/2P1C4/PR2P1PcP/6N2/9/2BAKABR1 b,0.7944719,2201
2bakabr1/9/5r3/p1p5p/5np2/2P1C4/PR2P1PcP/6N2/9/2BAKABR1 w,-0.78591913,4987
2bakabr1/9/5r3/p1p5p/1R3np2/2P1C4/P3P1PcP/6N2/9/2BAKABR1 b,0.7917212,3750
2bakabr1/9/5r3/p1p5p/1R4p2/2P1C4/P3P1ncP/6N2/9/2BAKABR1 w,-0.78261685,3372
2bakabr1/9/5r3/p1p5p/6R2/2P1C4/P3P1ncP/6N2/9/2BAKABR1 b,0.79455066,5449
2bakabr1/9/5r3/p1p5p/6R2/2P1n4/P3P2cP/6N2/9/2BAKABR1 w,-0.7942441,5269
2bakabr1/9/5r3/p1p5p/6R2/2P1P4/P6cP/6N2/9/2BAKABR1 b,0.80062634,5560
2bakabr1/9/5r3/p1p5p/6R2/2P1P4/P7P/6Nc1/9/2BAKABR1 w,-0.7899588,7999
2bakabr1/9/5r3/p1p5p/6R2/2P1P4/P7P/6Nc1/7R1/2BAKAB2 b,0.8019082,2138
2bakabr1/9/9/p1p5p/6R2/2P1P4/P7P/5rNc1/7R1/2BAKAB2 w,-0.79975116,3813
2bakabr1/9/9/p1p3R1p/9/2P1P4/P7P/5rNc1/7R1/2BAKAB2 b,0.7962622,6361
2bakabr1/9/9/p1p3R1p/9/2P1P4/P6cP/5rN2/7R1/2BAKAB2 w,-0.778862,6290
2bakabr1/9/9/p1p3R1p/9/2P1P4/P6cP/5r3/7RN/2BAKAB2 b,0.7940375,5560
2bakabr1/9/9/p1p3R1p/9/2P1P4/P7P/5r1c1/7RN/2BAKAB2 w,-0.78712934,2999
2bakabr1/9/9/p1R5p/9/2P1P4/P7P/5r1c1/7RN/2BAKAB2 b,0.7996506,682
2bakab2/9/9/p1R5p/9/2P1P2r1/P7P/5r1c1/7RN/2BAKAB2 w,-0.7856924,2612
2Rakab2/9/9/p7p/9/2P1P2r1/P7P/5r1c1/7RN/2BAKAB2 b,0.7921388,4729
2Rakab2/9/9/p7p/9/2P1r4/P7P/5r1c1/7RN/2BAKAB2 w,-0.7864655,7186
2Rakab2/9/9/p7p/9/2P1r4/P7P/5r1c1/4R3N/2BAKAB2 b,0.7997975,4486
2Rakab2/9/9/p7p/9/2P6/P7P/5r1c1/4r3N/2BAKAB2 w,-0.79360497,7816
2Rakab2/9/9/p7p/9/2P6/P7P/5r1c1/4A3N/2BAK1B2 b,0.7944451,6197
2Rakab2/9/9/p7p/9/2P6/P7P/7c1/4Ar2N/2BAK1B2 w,-0.788377,7261
2Rakab2/9/9/p7p/9/2P6/P6NP/7c1/4Ar3/2BAK1B2 b,0.8030271,7008
2Rakab2/9/9/p7p/9/2P6/P6NP/7c1/4A1r2/2BAK1B2 w,-0.79308677,7897
2Rakab2/9/9/p7p/9/2P6/P6NP/4B2c1/4A1r2/2BAK4 b,0.8089624,7080
2Rakab2/9/9/p7p/9/2P6/P5rNP/4B2c1/4A4/2BAK4 w,-0.80030715,5532
2Rakab2/9/9/p7p/6N2/2P6/P5r1P/4B2c1/4A4/2BAK4 b,0.80889267,5442
2Rakab2/9/9/p7p/6r2/2P6/P7P/4B2c1/4A4/2BAK4 w,-0.8040555,218
3akab2/9/9/p7p/2R3r2/2P6/P7P/4B2c1/4A4/2BAK4 b,0.8142907,3818
3akab2/9/9/p7p/2r6/2P6/P7P/4B2c1/4A4/2BAK4 w,-0.81184137,4268
3akab2/9/9/p7p/2P6/9/P7P/4B2c1/4A4/2BAK4 b,0.8144032,6316
3akab2/7c1/9/p7p/2P6/9/P7P/4B4/4A4/2BAK4 w,-0.8130772,5633
3akab2/7c1/9/p7p/2P6/8P/P8/4B4/4A4/2BAK4 b,0.8203694,1457
3akab2/8c/9/p7p/2P6/8P/P8/4B4/4A4/2BAK4 w,-0.8197425,3459
3akab2/8c/9/p7p/3P5/8P/P8/4B4/4A4/2BAK4 b,0.8249272,1583
3akab2/9/9/p7p/3P5/8c/P8/4B4/4A4/2BAK4 w,-0.81946075,3540
3akab2/9/9/p2P4p/9/8c/P8/4B4/4A4/2BAK4 b,0.81609756,4814
3akab2/9/9/p2P4p/8c/9/P8/4B4/4A4/2BAK4 w,-0.81755066,2721
3akab2/9/3P5/p7p/8c/9/P8/4B4/4A4/2BAK4 b,0.8198119,4049
3akab2/9/3P5/p7p/9/9/P8/4B4/4A4/2BAK3c w,-0.8189184,1902
3akab2/3P5/9/p7p/9/9/P8/4B4/4A4/2BAK3c b,0.8217691,8063
3akab2/3P5/9/p7p/9/8c/P8/4B4/4A4/2BAK4 w,-0.8230429,6908
3akab2/3P5/9/p7p/9/8c/P8/4BA3/9/2BAK4 b,0.82487035,4818
3akab2/3P5/9/p7p/9/3c5/P8/4BA3/9/2BAK4 w,-0.81767833,6196
3akab2/3P5/9/p7p/9/3c5/P8/4B4/4A4/2BAK4 b,0.817319,4350
3akab2/3P5/9/p2c4p/9/9/P8/4B4/4A4/2BAK4 w,-0.81271577,6081
3akab2/3P5/9/p2c4p/9/6B2/P8/9/4A4/2BAK4 b,0.8192132,2466
3akab2/3P5/9/3c4p/p8/6B2/P8/9/4A4/2BAK4 w,-0.8147897,4657
3akab2/3P5/9/3c4p/p8/9/P8/4B4/4A4/2BAK4 b,0.82680833,2727
3akab2/3P5/9/c7p/p8/9/P8/4B4/4A4/2BAK4 w,-0.8158011,4905
3akab2/3P5/9/c7p/p8/P8/9/4B4/4A4/2BAK4 b,0.8304671,2475
3akab2/3P5/9/8p/p8/c8/9/4B4/4A4/2BAK4 w,-0.829472,6117
3akab2/3P5/9/8p/p8/c8/9/9/4A4/2BAK1B2 b,0.83086896,4099
3akab2/3P5/9/8p/p8/4c4/9/9/4A4/2BAK1B2 w,-0.8378678,6906
3akab2/3P5/9/8p/p8/4c4/9/3A5/9/2BAK1B2 b,0.8338668,566
3aka3/3P5/8b/8p/p8/4c4/9/3A5/9/2BAK1B2 w,-0.8215329,7736
3aka3/3P5/8b/8p/p8/4c4/9/3A5/9/2BA1KB2 b,0.83227175,463
3ak4/3Pa4/8b/8p/p8/4c4/9/3A5/9/2BA1KB2 w,-0.82615334,7537
3ak4/3Pa4/8b/8p/p8/4c4/9/3AB4/9/3A1KB2 b,0.82628614,4441
3ak4/3Pa4/8b/4c3p/p8/9/9/3AB4/9/3A1KB2 w,-0.8195024,6077
3ak4/3Pa4/8b/4c3p/p8/2B6/9/3A5/9/3A1KB2 b,0.82656723,2382
3ak4/3Pa4/9/4c3p/p5b2/2B6/9/3A5/9/3A1KB2 w,-0.8204596,4297
3ak4/3Pa4/9/4c3p/p5b2/9/9/3AB4/9/3A1KB2 b,0.8303594,2812
3ak4/3Pa4/4c4/8p/p5b2/9/9/3AB4/9/3A1KB2 w,-0.82177156,6016
3ak4/3Pa4/4c4/8p/p5b2/9/9/4B4/4A4/3A1KB2 b,0.8333738,2003
3ak4/3Pa4/5c3/8p/p5b2/9/9/4B4/4A4/3A1KB2 w,-0.8305562,7825
3ak4/3Pa4/5c3/8p/p5b2/9/9/4B4/4A4/3AK1B2 b,0.84066534,2084
3ak4/3Pac3/9/8p/p5b2/9/9/4B4/4A4/3AK1B2 w,-0.83675927,6906
3ak4/3Pac3/9/8p/p5b2/9/9/3AB4/9/3AK1B2 b,0.8446186,365
3a1k3/3Pac3/9/8p/p5b2/9/9/3AB4/9/3AK1B2 w,-0.8464651,1093
3a1k3/4Pc3/9/8p/p5b2/9/9/3AB4/9/3AK1B2 b,0.86384535,283
5k3/4ac3/9/8p/p5b2/9/9/3AB4/9/3AK1B2 w,-0.86402744,6077
5k3/4ac3/9/8p/p5b2/2B6/9/3A5/9/3AK1B2 b,0.8731095,1191
5k3/5c3/3a5/8p/p5b2/2B6/9/3A5/9/3AK1B2 w,-0.87371594,4297
5k3/5c3/3a5/8p/p5b2/9/9/3AB4/9/3AK1B2 b,0.87794286,1273
5k3/4c4/3a5/8p/p5b2/9/9/3AB4/9/3AK1B2 w,-0.8687883,7636
5k3/4c4/3a5/8p/p5b2/9/9/3AB4/4A4/4K1B2 b,0.8727085,3194
5k3/4c4/3a5/9/p5b1p/9/9/3AB4/4A4/4K1B2 w,-0.8749599,7734
5k3/4c4/3a5/9/p5b1p/9/9/3AB4/4A4/3K2B2 b,0.8834527,4013
5k3/4c4/3a5/9/p5b2/8p/9/3AB4/4A4/3K2B2 w,-0.88361996,6908
5k3/4c4/3a5/9/p5b2/8p/9/3ABA3/9/3K2B2 b,0.8886742,4822
5k3/4c4/3a5/9/p5b2/7p1/9/3ABA3/9/3K2B2 w,-0.88463587,6016
5k3/4c4/3a5/9/p5b2/7p1/9/4BA3/4A4/3K2B2 b,0.8892,3285
5k3/4c4/3a5/9/6b2/p6p1/9/4BA3/4A4/3K2B2 w,-0.89205843,7901
5k3/4c4/3a5/9/6b2/p6p1/9/4BA2B/4A4/3K5 b,0.8973599,4096
5k3/4c4/3a5/9/6b2/1p5p1/9/4BA2B/4A4/3K5 w,-0.8893766,6477
5k3/4c4/3a5/9/6b2/1p5p1/9/4BA3/4A4/3K2B2 b,0.89287156,4195
5k3/4c4/3a5/9/6b2/7p1/1p7/4BA3/4A4/3K2B2 w,-0.88745916,7645
5k3/4c4/3a5/9/6b2/7p1/1p7/4BA3/4A4/4K1B2 b,0.88719064,4741
5k3/4c4/3a5/9/6b2/9/1p5p1/4BA3/4A4/4K1B2 w,-0.88611144,7734
5k3/4c4/3a5/9/6b2/9/1p5p1/4BA3/4A4/3K2B2 b,0.8950134,5006
5k3/4c4/3a5/9/6b2/9/2p4p1/4BA3/4A4/3K2B2 w,-0.8879441,7645
5k3/4c4/3a5/9/6b2/9/2p4p1/4BA3/4A4/4K1B2 b,0.89215285,5097
5k3/4c4/3a5/9/6b2/9/3p3p1/4BA3/4A4/4K1B2 w,-0.8891587,7734
5k3/4c4/3a5/9/6b2/9/3p3p1/4BA3/4A4/3K2B2 b,0.89121085,5550
5k3/4c4/3a5/9/6b2/9/3p2p2/4BA3/4A4/3K2B2 w,-0.8843101,6113
5k3/4c4/3a5/9/6b2/9/3p2p2/5A3/4A4/2BK2B2 b,0.9013787,5188
5k3/4c4/3a5/9/6b2/9/4p1p2/5A3/4A4/2BK2B2 w,-0.885824,7897
5k3/4c4/3a5/9/6b2/9/4p1p2/4BA3/4A4/2BK5 b,0.8945903,5459
5k3/4c4/3a5/9/6b2/9/4pp3/4BA3/4A4/2BK5 w,-0.89127016,6077
5k3/4c4/3a5/9/6b2/2B6/4pp3/5A3/4A4/2BK5 b,0.8856227,1182
5k3/3c5/3a5/9/6b2/2B6/4pp3/5A3/4A4/2BK5 w,-0.8883342,7645
5k3/3c5/3a5/9/6b2/2B6/4pp3/5A3/4A4/2B1K4 b,0.89986354,1097
5k3/8c/3a5/9/6b2/2B6/4pp3/5A3/4A4/2B1K4 w,-0.89398646,7734
5k3/8c/3a5/9/6b2/2B6/4pp3/5A3/4A4/2BK5 b,0.8956463,1903
5k3/4a3c/9/9/6b2/2B6/4pp3/5A3/4A4/2BK5 w,-0.89406884,7645
5k3/4a3c/9/9/6b2/2B6/4pp3/5A3/4A4/2B1K4 b,0.906758,1619
5k3/4a4/9/9/6b2/2B6/4pp3/5A3/4A4/2B1K3c w,-0.89527357,7533
5k3/4a4/9/9/6b2/2B6/4pp3/B4A3/4A4/4K3c b,0.90238816,8036
5k3/4a4/8c/9/6b2/2B6/4pp3/B4A3/4A4/4K4 w,-0.89741766,5753
5k3/4a4/8c/9/6b2/2B6/4pp3/5A3/4A4/2B1K4 b,0.90209043,2359
5k3/4a4/1c7/9/6b2/2B6/4pp3/5A3/4A4/2B1K4 w,-0.89058214,7533
5k3/4a4/1c7/9/6b2/2B6/4pp3/B4A3/4A4/4K4 b,0.9056468,1728
5k3/4a4/c8/9/6b2/2B6/4pp3/B4A3/4A4/4K4 w,-0.8878372,7734
5k3/4a4/c8/9/6b2/2B6/4pp3/B4A3/4A4/3K5 b,0.88429075,1641
5k3/4a4/3c5/9/6b2/2B6/4pp3/B4A3/4A4/3K5 w,-0.8924902,7645
5k3/4a4/3c5/9/6b2/2B6/4pp3/B4A3/4A4/4K4 b,0.9012685,1914
5k3/4a4/6c2/9/6b2/2B6/4pp3/B4A3/4A4/4K4 w,-0.89510655,5753
5k3/4a4/6c2/9/6b2/2B6/4pp3/5A3/4A4/2B1K4 b,0.90005726,2186
5k3/4a4/8c/9/6b2/2B6/4pp3/5A3/4A4/2B1K4 w,-0.89790565,7537
5k3/4a4/8c/9/6b2/2B6/4pp3/4BA3/4A4/4K4 b,0.89895153,2411
5k3/4a4/9/9/6b2/2B6/4pp3/4BA2c/4A4/4K4 w,-0.8951257,6117
5k3/4a4/9/9/6b2/2B6/4pp3/5A2c/4A4/4K1B2 b,0.8984547,6425
5k3/4a4/9/8c/6b2/2B6/4pp3/5A3/4A4/4K1B2 w,-0.89714575,7901
5k3/4a4/9/8c/6b2/2B6/4pp3/5A2B/4A4/4K4 b,0.89603996,3203
5k3/4a4/9/9/6b2/2B5c/4pp3/5A2B/4A4/4K4 w,-0.8867131,6477
5k3/4a4/9/9/6b2/2B5c/4pp3/5A3/4A4/4K1B2 b,0.8934557,4821
5k3/4a4/9/9/6b2/2B3c2/4pp3/5A3/4A4/4K1B2 w,-0.88993686,7901
5k3/4a4/9/9/6b2/2B3c2/4pp3/5A2B/4A4/4K4 b,0.9013697,4642
5k3/4a4/9/9/6b2/2B4c1/4pp3/5A2B/4A4/4K4 w,-0.8970706,7736
5k3/4a4/9/9/6b2/2B4c1/4pp3/5A2B/4A4/5K3 b,0.90494394,4705
5k3/4a4/7c1/9/6b2/2B6/4pp3/5A2B/4A4/5K3 w,-0.8997648,6441
5k3/4a4/7c1/9/6b2/2B3B2/4pp3/5A3/4A4/5K3 b,0.9054133,2269
5k3/4a4/1c7/9/6b2/2B3B2/4pp3/5A3/4A4/5K3 w,-0.89924806,4661
5k3/4a4/1c7/9/6b2/2B6/4pp3/5A2B/4A4/5K3 b,0.9081839,1734
5k3/4a4/6c2/9/6b2/2B6/4pp3/5A2B/4A4/5K3 w,-0.89612865,7825
5k3/4a4/6c2/9/6b2/2B6/4pp3/5A2B/4A4/4K4 b,0.9076051,454
4k4/4a4/6c2/9/6b2/2B6/4pp3/5A2B/4A4/4K4 w,-0.8918034,7734
4k4/4a4/6c2/9/6b2/2B6/4pp3/5A2B/4A4/3K5 b,0.89882314,2181
4k4/4a4/3c5/9/6b2/2B6/4pp3/5A2B/4A4/3K5 w,-0.89296067,6477
4k4/4a4/3c5/9/6b2/2B6/4pp3/5A3/4A4/3K2B2 b,0.8970871,1920
4k4/4a4/9/3c5/6b2/2B6/4pp3/5A3/4A4/3K2B2 w,-0.8907281,7897
4k4/4a4/9/3c5/6b2/2B6/4pp3/4BA3/4A4/3K5 b,0.894718,1193
4k4/9/5a3/3c5/6b2/2B6/4pp3/4BA3/4A4/3K5 w,-0.8943862,7645
4k4/9/5a3/3c5/6b2/2B6/4pp3/4BA3/4A4/4K4 b,0.89853406,2757
4k4/9/5a3/9/6b2/2B6/3cpp3/4BA3/4A4/4K4 w,-0.89600205,6117
4k4/9/5a3/9/6b2/2B6/3cpp3/5A3/4A4/4K1B2 b,0.90691125,3806
4k4/9/5a2b/9/9/2B6/3cpp3/5A3/4A4/4K1B2 w,-0.89924115,7901
4k4/9/5a2b/9/9/2B6/3cpp3/5A2B/4A4/4K4 b,0.9114186,5287
4k4/9/5a2b/9/9/2B6/3c1p3/4pA2B/4A4/4K4 w,-0.9038882,6441
4k4/9/5a2b/9/9/2B3B2/3c1p3/4pA3/4A4/4K4 b,0.93155706,6098
4k4/9/5a2b/9/9/2B3B2/3c1p3/5p3/4A4/4K4 w,-0.9307548,4661
4k4/9/5a2b/9/9/2B6/3c1p3/5p2B/4A4/4K4 b,0.93940806,6187
4k4/9/5a2b/9/9/2B6/3c1p3/4p3B/4A4/4K4 w,-0.9146858,6926
4k4/9/5a2b/9/9/2B6/3c1p3/4p3B/9/4KA3 b,0.92384464,5368
4k4/9/5a2b/9/9/2B6/3cp4/4p3B/9/4KA3 w,-0.9187378,6477
4k4/9/5a2b/9/9/2B6/3cp4/4p4/9/4KAB2 b,0.92035276,6096
4k4/9/5a2b/9/9/2B6/3cp4/3p5/9/4KAB2 w,-0.9133683,7816
4k4/9/5a2b/9/9/2B6/3cp4/3p5/4A4/4K1B2 b,0.9223062,6015
4k4/9/5a2b/9/9/2B6/3cp4/9/3pA4/4K1B2 w,-0.9183143,7901
4k4/9/5a2b/9/9/2B6/3cp4/8B/3pA4/4K4 b,0.94712734,5287
4k4/9/5a2b/9/9/2B6/3c5/4p3B/3pA4/4K4 w,-0.9407732,6906
4k4/9/5a2b/9/9/2B6/3c5/3Ap3B/3p5/4K4 b,0.94242525,5188
4k4/9/5a2b/9/9/2B6/4c4/3Ap3B/3p5/4K4 w,-0.9298091,7736
4k4/9/5a2b/9/9/2B6/4c4/3Ap3B/3p5/5K3 b,0.9387855,6096
4k4/9/5a2b/9/9/2B6/4c4/3p4B/3p5/5K3 w,-0.94022286,6441
4k4/9/5a2b/9/9/2B3B2/4c4/3p5/3p5/5K3 b,0.9463264,6826
4k4/9/5a2b/9/9/2B3B2/4c4/3p5/4p4/5K3 w,-0.9434242,4661
4k4/9/5a2b/9/9/2B6/4c4/3p4B/4p4/5K3 b,0.9534439,363
3k5/9/5a2b/9/9/2B6/4c4/3p4B/4p4/5K3 w,-0.9533826,6477
3k5/9/5a2b/9/9/2B6/4c4/3p5/4p4/5KB2 b,0.9864948,5233
3k5/4c4/5a2b/9/9/2B6/9/3p5/4p4/5KB2 w,-0.9893689,7897
3k5/4c4/5a2b/9/9/2B6/9/3pB4/4p4/5K3 b,1,1184
rnbakabnr/9/1c5c1/p1p1p1p1p/9/9/P1P1P1P1P/1C5C1/9/RNBAKABNR w,-0.7981823,5827
rnbakabnr/9/1c5c1/p1p1p1p1p/9/9/P1P1P1P1P/4C2C1/9/RNBAKABNR b,0.79822135,110
r1bakabnr/9/1cn4c1/p1p1p1p1p/9/9/P1P1P1P1P/4C2C1/9/RNBAKABNR w,-0.79818076,7445
r1bakabnr/9/1cn4c1/p1p1p1p1p/9/9/P1P1P1P1P/2N1C2C1/9/R1BAKABNR b,0.7981648,562
r1baka1nr/9/1cn1b2c1/p1p1p1p1p/9/9/P1P1P1P1P/2N1C2C1/9/R1BAKABNR w,-0.7980365,7372
r1baka1nr/9/1cn1b2c1/p1p1p1p1p/9/9/P1P1P1P1P/2N1C2C1/9/1RBAKABNR b,0.7982341,1
1rbaka1nr/9/1cn1b2c1/p1p1p1p1p/9/9/P1P1P1P1P/2N1C2C1/9/1RBAKABNR w,-0.79828745,6368
1rbaka1nr/9/1cn1b2c1/p1p1p1p1p/9/9/P1P1P1P1P/2N1CC3/9/1RBAKABNR b,0.79872113,654
1rbaka2r/9/1cn1b1nc1/p1p1p1p1p/9/9/P1P1P1P1P/2N1CC3/9/1RBAKABNR w,-0.7983996,7989
1rbaka2r/9/1cn1b1nc1/p1p1p1p1p/9/9/P1P1P1P1P/2N1CCN2/9/1RBAKAB1R b,0.7984257,3012
1rbaka2r/9/1cn1b1nc1/p1p1p3p/6p2/9/P1P1P1P1P/2N1CCN2/9/1RBAKAB1R w,-0.79808813,8098
1rbaka2r/9/1cn1b1nc1/p1p1p3p/6p2/9/P1P1P1P1P/2N1CCN2/9/1RBAKABR1 b,0.7979827,727
1rbaka1r1/9/1cn1b1nc1/p1p1p3p/6p2/9/P1P1P1P1P/2N1CCN2/9/1RBAKABR1 w,-0.7972322,5087
1rbaka1r1/9/1cn1b1nc1/p1p1p3p/6p2/2P6/P3P1P1P/2N1CCN2/9/1RBAKABR1 b,0.79787856,1765
1rbaka1r1/9/2n1b1nc1/p1p1p3p/6p2/2P6/Pc2P1P1P/2N1CCN2/9/1RBAKABR1 w,-0.7952885,5898
1rbaka1r1/9/2n1b1nc1/p1p1p3p/6p2/2PN5/Pc2P1P1P/4CCN2/9/1RBAKABR1 b,0.7935896,2311
1rbaka1r1/9/2n1b1n2/p1p1p3p/6p2/2PN5/Pc2P1PcP/4CCN2/9/1RBAKABR1 w,-0.7920583,6143
1rbaka1r1/9/2n1bCn2/p1p1p3p/6p2/2PN5/Pc2P1PcP/4C1N2/9/1RBAKABR1 b,0.7915428,1986
1rbakabr1/9/2n2Cn2/p1p1p3p/6p2/2PN5/Pc2P1PcP/4C1N2/9/1RBAKABR1 w,-0.78223366,4351
1rbakabr1/9/2n2Cn2/p1p1N3p/6p2/2P6/Pc2P1PcP/4C1N2/9/1RBAKABR1 b,0.79512566,1831
1rbakabr1/9/5Cn2/p1p1n3p/6p2/2P6/Pc2P1PcP/4C1N2/9/1RBAKABR1 w,-0.7947467,6061
1rbakabr1/9/5Cn2/p1p1C3p/6p2/2P6/Pc2P1PcP/6N2/9/1RBAKABR1 b,0.8093059,109
2bakabr1/9/1r3Cn2/p1p1C3p/6p2/2P6/Pc2P1PcP/6N2/9/1RBAKABR1 w,-0.7954999,2839
2bakabr1/9/1r3Cn2/p1p5p/6p2/2P1C4/Pc2P1PcP/6N2/9/1RBAKABR1 b,0.80169934,1733
2bakabr1/9/5rn2/p1p5p/6p2/2P1C4/Pc2P1PcP/6N2/9/1RBAKABR1 w,-0.7903604,7435
2bakabr1/9/5rn2/p1p5p/6p2/2P1C4/PR2P1PcP/6N2/9/2BAKABR1 b,0.7944719,2201
2bakabr1/9/5r3/p1p5p/5np2/2P1C4/PR2P1PcP/6N2/9/2BAKABR1 w,-0.7862796,4987
2bakabr1/9/5r3/p1p5p/1R3np2/2P1C4/P3P1PcP/6N2/9/2BAKABR1 b,0.7915646,3750
2bakabr1/9/5r3/p1p5p/1R4p2/2P1C4/P3P1ncP/6N2/9/2BAKABR1 w,-0.7808239,3372
2bakabr1/9/5r3/p1p5p/6R2/2P1C4/P3P1ncP/6N2/9/2BAKABR1 b,0.7945477,5449
2bakabr1/9/5r3/p1p5p/6R2/2P1n4/P3P2cP/6N2/9/2BAKABR1 w,-0.7942226,5269
2bakabr1/9/5r3/p1p5p/6R2/2P1P4/P6cP/6N2/9/2BAKABR1 b,0.80029845,5560
2bakabr1/9/5r3/p1p5p/6R2/2P1P4/P7P/6Nc1/9/2BAKABR1 w,-0.7901473,7999
2bakabr1/9/5r3/p1p5p/6R2/2P1P4/P7P/6Nc1/7R1/2BAKAB2 b,0.8015276,2138
2bakabr1/9/9/p1p5p/6R2/2P1P4/P7P/5rNc1/7R1/2BAKAB2 w,-0.7996133,3813
2bakabr1/9/9/p1p3R1p/9/2P1P4/P7P/5rNc1/7R1/2BAKAB2 b,0.8042902,562
2baka1r1/9/4b4/p1p3R1p/9/2P1P4/P7P/5rNc1/7R1/2BAKAB2 w,-0.7933517,4450
2baka1r1/9/4b4/p1p3R1p/4P4/2P6/P7P/5rNc1/7R1/2BAKAB2 b,0.7964079,691
2baka3/9/4b4/p1p3R1p/4P4/2P6/P6rP/5rNc1/7R1/2BAKAB2 w,-0.7867071,3631
2baka3/9/4b4/p1p1P1R1p/9/2P6/P6rP/5rNc1/7R1/2BAKAB2 b,0.78375506,5548
2baka3/9/4b4/p1p1P1R1p/9/2P6/P3r3P/5rNc1/7R1/2BAKAB2 w,-0.7672126,7186
2baka3/9/4b4/p1p1P1R1p/9/2P6/P3r3P/5rNc1/4R4/2BAKAB2 b,0.78077793,5296
2baka3/9/4b4/p1p1P1R1p/9/2P6/P7P/5rNc1/4r4/2BAKAB2 w,-0.7736615,7816
2baka3/9/4b4/p1p1P1R1p/9/2P6/P7P/5rNc1/4A4/2BAK1B2 b,0.7836245,6179
2baka3/9/4b4/p1p1P1R1p/9/2P6/P4r2P/6Nc1/4A4/2BAK1B2 w,-0.7786542,2812
2baka3/9/4P4/p1p3R1p/9/2P6/P4r2P/6Nc1/4A4/2BAK1B2 b,0.78702945,202
3aka3/9/4b4/p1p3R1p/9/2P6/P4r2P/6Nc1/4A4/2BAK1B2 w,-0.77872676,3004
3aka3/9/4b4/p1p4Rp/9/2P6/P4r2P/6Nc1/4A4/2BAK1B2 b,0.79381734,6361
3aka3/9/4b4/p1p4Rp/9/2P6/P4r1cP/6N2/4A4/2BAK1B2 w,-0.78978723,3091
3aka3/9/4b4/p1p1R3p/9/2P6/P4r1cP/6N2/4A4/2BAK1B2 b,0.7981943,5370
3aka3/9/4b4/p1p1R3p/9/2P6/P5rcP/6N2/4A4/2BAK1B2 w,-0.799838,2812
3aka3/9/4R4/p1p5p/9/2P6/P5rcP/6N2/4A4/2BAK1B2 b,0.79978335,283
4ka3/4a4/4R4/p1p5p/9/2P6/P5rcP/6N2/4A4/2BAK1B2 w,-0.7913571,6290
4ka3/4a4/4R4/p1p5p/9/2P6/P5rcP/9/4A3N/2BAK1B2 b,0.789154,5578
4ka3/4a4/4R4/p1p5p/9/2P6/P5r1P/9/4A3N/2BAK1Bc1 w,-0.79147047,7897
4ka3/4a4/4R4/p1p5p/9/2P6/P5r1P/4B4/4A3N/2BAK2c1 b,0.7963931,8009
4ka3/4a4/4R4/p1p5p/9/2P6/P5r1P/4B4/4A3N/2BAK3c w,-0.79156435,1998
4ka3/4a4/R8/p1p5p/9/2P6/P5r1P/4B4/4A3N/2BAK3c b,0.7992437,5462
4ka3/4a4/R8/p1p5p/9/2P6/P7r/4B4/4A3N/2BAK3c w,-0.795885,7269
4ka3/4a4/R8/p1p5p/9/2P6/P7r/4B1N2/4A4/2BAK3c b,0.8047301,5640
4ka3/4a4/R8/p1p5p/9/2P6/P5r2/4B1N2/4A4/2BAK3c w,-0.78953034,6290
4ka3/4a4/R8/p1p5p/9/2P6/P5r2/4B4/4A3N/2BAK3c b,0.7958388,8098
4ka3/4a4/R8/p1p5p/9/2P6/P5r2/4B4/4A3N/2BAK2c1 w,-0.7880079,1647
4ka3/4a4/9/R1p5p/9/2P6/P5r2/4B4/4A3N/2BAK2c1 b,0.794389,7963
4ka3/4a4/9/R1p5p/7c1/2P6/P5r2/4B4/4A3N/2BAK4 w,-0.79476106,2430
R3ka3/4a4/9/2p5p/7c1/2P6/P5r2/4B4/4A3N/2BAK4 b,0.79653215,1173
R2aka3/9/9/2p5p/7c1/2P6/P5r2/4B4/4A3N/2BAK4 w,-0.79422784,18
3aka3/9/R8/2p5p/7c1/2P6/P5r2/4B4/4A3N/2BAK4 b,0.7980247,3958
3aka3/9/R8/2p5p/9/2P6/P5r2/4B4/4A3N/2BAK2c1 w,-0.787414,1645
3aka3/9/7R1/2p5p/9/2P6/P5r2/4B4/4A3N/2BAK2c1 b,0.78826576,8009
3aka3/9/7R1/2p5p/9/2P6/P5r2/4B4/4A3N/2BAK3c w,-0.78116715,2284
3aka3/9/9/2p4Rp/9/2P6/P5r2/4B4/4A3N/2BAK3c b,0.7932941,5478
3aka3/9/9/2p4Rp/9/2P6/P8/4B4/4A1r1N/2BAK3c w,-0.7882333,7261
3aka3/9/9/2p4Rp/9/2P6/P6N1/4B4/4A1r2/2BAK3c b,0.8478018,7107
3aka3/9/9/2p4Rp/9/2P6/P6N1/4B4/4A4/2BAK1r1c w,-0.8631617,6926
3aka3/9/9/2p4Rp/9/2P6/P6N1/4B4/9/2BAKAr1c b,0.8899316,7863
3aka3/9/9/2p3rRp/9/2P6/P6N1/4B4/9/2BAKA2c w,-0.8871902,7816
3aka3/9/9/2p3rRp/9/2P6/P6N1/4B4/4A4/2BAK3c b,0.89245325,3004
3aka3/9/9/2p4rp/9/2P6/P6N1/4B4/4A4/2BAK3c w,-0.8867037,5532
3aka3/9/9/2p4rp/6N2/2P6/P8/4B4/4A4/2BAK3c b,0.8951632,3103
3aka3/9/9/2p5p/6Nr1/2P6/P8/4B4/4A4/2BAK3c w,-0.87994254,3803
3aka3/9/5N3/2p5p/7r1/2P6/P8/4B4/4A4/2BAK3c b,0.88069683,373
3a1a3/4k4/5N3/2p5p/7r1/2P6/P8/4B4/4A4/2BAK3c w,-0.87868786,2100
3a1a3/4k4/9/2pN4p/7r1/2P6/P8/4B4/4A4/2BAK3c b,0.88027984,1174
3aka3/9/9/2pN4p/7r1/2P6/P8/4B4/4A4/2BAK3c w,-0.8768124,2711
3aka3/2N6/9/2p5p/7r1/2P6/P8/4B4/4A4/2BAK3c b,0.8769241,373
3a1a3/2N1k4/9/2p5p/7r1/2P6/P8/4B4/4A4/2BAK3c w,-0.8656201,7736
3a1a3/2N1k4/9/2p5p/7r1/2P6/P8/4B4/4A4/2BA1K2c b,0.8824697,3895
3a1a3/2N1k4/7r1/2p5p/9/2P6/P8/4B4/4A4/2BA1K2c w,-0.87964374,1020
3a1a3/4k4/7r1/2pN4p/9/2P6/P8/4B4/4A4/2BA1K2c b,0.8856612,1174
3aka3/9/7r1/2pN4p/9/2P6/P8/4B4/4A4/2BA1K2c w,-0.8749172,6081
3aka3/9/7r1/2pN4p/9/2P3B2/P8/9/4A4/2BA1K2c b,0.8817877,283
4ka3/4a4/7r1/2pN4p/9/2P3B2/P8/9/4A4/2BA1K2c w,-0.8811814,2711
4ka3/2N1a4/7r1/2p5p/9/2P3B2/P8/9/4A4/2BA1K2c b,0.88886315,363
3k1a3/2N1a4/7r1/2p5p/9/2P3B2/P8/9/4A4/2BA1K2c w,-0.88663775,7537
3k1a3/2N1a4/7r1/2p5p/9/2P3B2/P8/4B4/4A4/3A1K2c b,0.88417864,2338
3k1a3/2N1a4/9/2p5p/9/2P3B2/P8/4B4/4A4/3A1K1rc w,-0.8847548,7817
3k1a3/2N1a4/9/2p5p/9/2P3B2/P8/4B4/4AK3/3A3rc b,0.8959369,7981
3k1a3/2N1a4/9/2p5p/9/2P3B2/P6r1/4B4/4AK3/3A4c w,-0.8761905,7016
3k1a3/2N1a4/9/2p5p/9/2P3B2/P6r1/4B4/4A4/3A1K2c b,0.900534,5544
3k1a3/2N1a4/9/2p5p/9/2P3B2/r8/4B4/4A4/3A1K2c w,-0.8868383,1012
3k1a3/4a4/4N4/2p5p/9/2P3B2/r8/4B4/4A4/3A1K2c b,0.889333,4919
3k1a3/4a4/4N4/2p5p/9/2P3B2/5r3/4B4/4A4/3A1K2c w,-0.885549,7825
3k1a3/4a4/4N4/2p5p/9/2P3B2/5r3/4B4/4A4/3AK3c b,0.87380105,5371
3k1a3/4a4/4N4/2p5p/9/2P3B2/7r1/4B4/4A4/3AK3c w,-0.8727492,7736
3k1a3/4a4/4N4/2p5p/9/2P3B2/7r1/4B4/4A4/3A1K2c b,0.8737541,5578
3k1a3/4a4/4N4/2p5p/9/2P3B2/9/4B4/4A4/3A1K1rc w,-0.8750432,7817
3k1a3/4a4/4N4/2p5p/9/2P3B2/9/4B4/4AK3/3A3rc b,0.86324847,7999
3k1a3/4a4/4N4/2p5p/9/2P3B2/9/4B4/4AK1r1/3A4c w,-0.86894864,7016
3k1a3/4a4/4N4/2p5p/9/2P3B2/9/4B4/4A2r1/3A1K2c b,0.88061583,7171
3k1a3/4a4/4N4/2p5p/9/2P3B2/7r1/4B4/4A4/3A1K2c w,-0.8775875,2009
3k1a3/4a4/9/2N5p/9/2P3B2/7r1/4B4/4A4/3A1K2c b,0.8792827,5578
3k1a3/4a4/9/2N5p/9/2P3B2/9/4B4/4A4/3A1K1rc w,-0.87694067,7817
3k1a3/4a4/9/2N5p/9/2P3B2/9/4B4/4AK3/3A3rc b,0.88353395,1193
3k1a3/9/5a3/2N5p/9/2P3B2/9/4B4/4AK3/3A3rc w,-0.8668193,4268
3k1a3/9/5a3/2N5p/2P6/6B2/9/4B4/4AK3/3A3rc b,0.8807765,7954
3k1a3/9/5a3/2N4rp/2P6/6B2/9/4B4/4AK3/3A4c w,-0.8605874,6077
3k1a3/9/5a3/2N4rp/2P6/2B3B2/9/9/4AK3/3A4c b,0.8848211,8072
3k1a3/9/5a3/2N4rp/2P6/2B3B2/8c/9/4AK3/3A5 w,-0.870866,7016
3k1a3/9/5a3/2N4rp/2P6/2B3B2/8c/9/4A4/3A1K3 b,0.86604595,3148
3k1a3/9/5a3/2N5p/2P6/2B3B2/8c/9/4A4/3A1K1r1 w,-0.869054,7817
3k1a3/9/5a3/2N5p/2P6/2B3B2/8c/9/4AK3/3A3r1 b,0.8799674,5636
3k1a3/9/5a3/2N5p/2P6/2B3B2/2c6/9/4AK3/3A3r1 w,-0.8679046,4297
3k1a3/9/5a3/2N5p/2P6/6B2/2c6/4B4/4AK3/3A3r1 b,0.88329005,5114
3k1a3/9/5a3/2N5p/2P6/6B2/9/4B4/2c1AK3/3A3r1 w,-0.88726,6906
3k1a3/9/5a3/2N5p/2P6/6B2/9/3AB4/2c2K3/3A3r1 b,0.89850533,8004
3k1a3/9/5a3/2N5p/2P6/6B2/9/3AB4/2c2K3/3r5 w,-0.8945493,2620
3k1a3/1N7/5a3/8p/2P6/6B2/9/3AB4/2c2K3/3r5 b,0.8961542,274
4ka3/1N7/5a3/8p/2P6/6B2/9/3AB4/2c2K3/3r5 w,-0.8937464,921
4ka3/9/3N1a3/8p/2P6/6B2/9/3AB4/2c2K3/3r5 b,0.8969166,363
3k1a3/9/3N1a3/8p/2P6/6B2/9/3AB4/2c2K3/3r5 w,-0.8913669,3449
3k1a3/9/3N1a3/2P5p/9/6B2/9/3AB4/2c2K3/3r5 b,0.9101489,7626
3k1a3/9/3N1a3/2P5p/9/6B2/9/3rB4/2c2K3/9 w,-0.9081553,1930
3k1a3/9/5a3/2P5p/4N4/6B2/9/3rB4/2c2K3/9 b,0.9083101,5979
3k1a3/9/5a3/2P5p/3rN4/6B2/9/4B4/2c2K3/9 w,-0.90465266,3633
3k1a3/9/5a3/2P3N1p/3r5/6B2/9/4B4/2c2K3/9 b,0.91650176,463
3k5/4a4/5a3/2P3N1p/3r5/6B2/9/4B4/2c2K3/9 w,-0.90309626,7006
3k5/4a4/5a3/2P3N1p/3r5/6B2/9/4B4/2c1K4/9 b,0.9143309,3558
3k5/4a4/5a3/2P3N1p/9/3r2B2/9/4B4/2c1K4/9 w,-0.9132211,3010
3k5/4a4/5a3/2P5p/4N4/3r2B2/9/4B4/2c1K4/9 b,0.9180001,3194
3k5/4a4/5a3/2P6/4N3p/3r2B2/9/4B4/2c1K4/9 w,-0.912557,2630
3k5/4a4/2P2a3/9/4N3p/3r2B2/9/4B4/2c1K4/9 b,0.9152955,4013
3k5/4a4/2P2a3/9/4N4/3r2B1p/9/4B4/2c1K4/9 w,-0.9155836,1811
3k5/2P1a4/5a3/9/4N4/3r2B1p/9/4B4/2c1K4/9 b,0.9204077,6680
3k5/2P1a4/2c2a3/9/4N4/3r2B1p/9/4B4/4K4/9 w,-0.91533905,3629
3k5/2P1a4/2c2a3/2N6/9/3r2B1p/9/4B4/4K4/9 b,0.92457324,4350
3k5/2P1a4/2c2a3/2Nr5/9/6B1p/9/4B4/4K4/9 w,-0.91767555,2646
3k5/2P1a4/2c2a3/3r5/N8/6B1p/9/4B4/4K4/9 b,0.931382,1822
3k5/2P1a4/4ca3/3r5/N8/6B1p/9/4B4/4K4/9 w,-0.92605776,6117
3k5/2P1a4/4ca3/3r5/N8/6B1p/9/9/4K4/6B2 b,0.9359292,274
4k4/2P1a4/4ca3/3r5/N8/6B1p/9/9/4K4/6B2 w,-0.9295664,3259
4k4/2P1a4/1N2ca3/3r5/9/6B1p/9/9/4K4/6B2 b,0.93266773,2731
4k4/2P1a4/1N2ca3/4r4/9/6B1p/9/9/4K4/6B2 w,-0.9286891,6915
4k4/2P1a4/1N2ca3/4r4/9/6B1p/9/9/3K5/6B2 b,0.9337646,2818
4k4/2P1a4/1N2ca3/1r7/9/6B1p/9/9/3K5/6B2 w,-0.9236401,1710
N3k4/2P1a4/4ca3/1r7/9/6B1p/9/9/3K5/6B2 b,0.9350623,4822
N3k4/2P1a4/4ca3/1r7/9/6Bp1/9/9/3K5/6B2 w,-0.9138265,7901
N3k4/2P1a4/4ca3/1r7/9/6Bp1/9/8B/3K5/9 b,0.9283843,2550
N3k4/2P1a4/4ca3/3r5/9/6Bp1/9/8B/3K5/9 w,-0.9283643,6826
N3k4/2P1a4/4ca3/3r5/9/6Bp1/9/8B/4K4/9 b,0.9346607,365
N4k3/2P1a4/4ca3/3r5/9/6Bp1/9/8B/4K4/9 w,-0.93461055,19
5k3/2P1a4/1N2ca3/3r5/9/6Bp1/9/8B/4K4/9 b,0.94318515,2731
5k3/2P1a4/1N2ca3/4r4/9/6Bp1/9/8B/4K4/9 w,-0.940316,6917
5k3/2P1a4/1N2ca3/4r4/9/6Bp1/9/8B/5K3/9 b,0.93992907,2822
5k3/2P1a4/1N2ca3/5r3/9/6Bp1/9/8B/5K3/9 w,-0.9425985,7006
5k3/2P1a4/1N2ca3/5r3/9/6Bp1/9/8B/4K4/9 b,0.94639784,1191
5k3/2P6/1N1aca3/5r3/9/6Bp1/9/8B/4K4/9 w,-0.93713796,1722
5k3/2PN5/3aca3/5r3/9/6Bp1/9/8B/4K4/9 b,0.9323165,2083
5k3/2PNa4/3ac4/5r3/9/6Bp1/9/8B/4K4/9 w,-0.92929554,6915
5k3/2PNa4/3ac4/5r3/9/6Bp1/9/8B/3K5/9 b,0.9259002,4741
5k3/2PNa4/3ac4/5r3/9/6B2/7p1/8B/3K5/9 w,-0.93126595,992
2P2k3/3Na4/3ac4/5r3/9/6B2/7p1/8B/3K5/9 b,0.95315266,5550
2P2k3/3Na4/3ac4/5r3/9/6B2/6p2/8B/3K5/9 w,-0.95307994,1081
1NP2k3/4a4/3ac4/5r3/9/6B2/6p2/8B/3K5/9 b,0.9618983,5459
1NP2k3/4a4/3ac4/5r3/9/6B2/5p3/8B/3K5/9 w,-0.957621,183
1N1P1k3/4a4/3ac4/5r3/9/6B2/5p3/8B/3K5/9 b,0.9619079,5378
1N1P1k3/4a4/3ac4/5r3/9/6B2/9/5p2B/3K5/9 w,-0.95918345,272
1NP2k3/4a4/3ac4/5r3/9/6B2/9/5p2B/3K5/9 b,0.96162516,464
1NP6/4ak3/3ac4/5r3/9/6B2/9/5p2B/3K5/9 w,-0.94689286,6826
1NP6/4ak3/3ac4/5r3/9/6B2/9/5p2B/4K4/9 b,0.96042144,2921
1NP6/4ak3/3ac4/9/5r3/6B2/9/5p2B/4K4/9 w,-0.94709724,6915
1NP6/4ak3/3ac4/9/5r3/6B2/9/5p2B/3K5/9 b,0.958407,2003
1NP6/4ak3/3a1c3/9/5r3/6B2/9/5p2B/3K5/9 w,-0.9432597,6826
1NP6/4ak3/3a1c3/9/5r3/6B2/9/5p2B/4K4/9 b,0.9629609,1265
1NP2k3/4a4/3a1c3/9/5r3/6B2/9/5p2B/4K4/9 w,-0.9611332,183
1N1P1k3/4a4/3a1c3/9/5r3/6B2/9/5p2B/4K4/9 b,0.962286,2092
1N1P1k3/4a4/3ac4/9/5r3/6B2/9/5p2B/4K4/9 w,-0.953138,6915
1N1P1k3/4a4/3ac4/9/5r3/6B2/9/5p2B/3K5/9 b,0.9656174,3728
1N1P1k3/4a4/3ac4/9/2r6/6B2/9/5p2B/3K5/9 w,-0.95037067,6826
1N1P1k3/4a4/3ac4/9/2r6/6B2/9/5p2B/4K4/9 b,0.9497841,3460
1N1P1k3/4a4/3ac4/9/4r4/6B2/9/5p2B/4K4/9 w,-0.95343924,6915
1N1P1k3/4a4/3ac4/9/4r4/6B2/9/5p2B/3K5/9 b,0.96371835,3641
1N1P1k3/4a4/3ac4/9/5r3/6B2/9/5p2B/3K5/9 w,-0.9601556,272
1NP2k3/4a4/3ac4/9/5r3/6B2/9/5p2B/3K5/9 b,0.9655,2005
1NP2k3/4a4/3a3c1/9/5r3/6B2/9/5p2B/3K5/9 w,-0.95591074,6826
1NP2k3/4a4/3a3c1/9/5r3/6B2/9/5p2B/4K4/9 b,0.956415,2329
1NP2k3/4a4/3a5/9/5r3/6B2/9/5p2B/4K2c1/9 w,-0.96091837,110
2P2k3/4a4/2Na5/9/5r3/6B2/9/5p2B/4K2c1/9 b,0.9661647,3728
2P2k3/4a4/2Na5/9/2r6/6B2/9/5p2B/4K2c1/9 w,-0.9525908,1809
2P2k3/N3a4/3a5/9/2r6/6B2/9/5p2B/4K2c1/9 b,0.9628666,3494
2P2k3/N3a4/3a5/9/9/6B2/9/5p2B/2r1K2c1/9 w,-0.9737689,6925
2P2k3/N3a4/3a5/9/9/6B2/9/5p2B/2r4c1/4K4 b,0.9664117,6197
2P2k3/N3a4/3a5/9/9/6B2/9/8B/2r2p1c1/4K4 w,-0.9733077,7734
2P2k3/N3a4/3a5/9/9/6B2/9/8B/2r2p1c1/3K5 b,1,6743
rnbakabnr/9/1c5c1/p1p1p1p1p/9/9/P1P1P1P1P/1C5C1/9/RNBAKABNR w,0.8018177,5827
rnbakabnr/9/1c5c1/p1p1p1p1p/9/9/P1P1P1P1P/4C2C1/9/RNBAKABNR b,-0.80176777,110
r1bakabnr/9/1cn4c1/p1p1p1p1p/9/9/P1P1P1P1P/4C2C1/9/RNBAKABNR w,0.80183583,7445
r1bakabnr/9/1cn4c1/p1p1p1p1p/9/9/P1P1P1P1P/2N1C2C1/9/R1BAKABNR b,-0.8018241,562
r1baka1nr/9/1cn1b2c1/p1p1p1p1p/9/9/P1P1P1P1P/2N1C2C1/9/R1BAKABNR w,0.80196095,7372
r1baka1nr/9/1cn1b2c1/p1p1p1p1p/9/9/P1P1P1P1P/2N1C2C1/9/1RBAKABNR b,-0.8017659,1
1rbaka1nr/9/1cn1b2c1/p1p1p1p1p/9/9/P1P1P1P1P/2N1C2C1/9/1RBAKABNR w,0.8016926,6368
1rbaka1nr/9/1cn1b2c1/p1p1p1p1p/9/9/P1P1P1P1P/2N1CC3/9/1RBAKABNR b,-0.8012761,654
1rbaka2r/9/1cn1b1nc1/p1p1p1p1p/9/9/P1P1P1P1P/2N1CC3/9/1RBAKABNR w,0.80158657,7989
1rbaka2r/9/1cn1b1nc1/p1p1p1p1p/9/9/P1P1P1P1P/2N1CCN2/9/1RBAKAB1R b,-0.8013682,3012
1rbaka2r/9/1cn1b1nc1/p1p1p3p/6p2/9/P1P1P1P1P/2N1CCN2/9/1RBAKAB1R w,0.80189395,8098
1rbaka2r/9/1cn1b1nc1/p1p1p3p/6p2/9/P1P1P1P1P/2N1CCN2/9/1RBAKABR1 b,-0.8019926,727
1rbaka1r1/9/1cn1b1nc1/p1p1p3p/6p2/9/P1P1P1P1P/2N1CCN2/9/1RBAKABR1 w,0.80251306,5087
1rbaka1r1/9/1cn1b1nc1/p1p1p3p/6p2/2P6/P3P1P1P/2N1CCN2/9/1RBAKABR1 b,-0.80222553,1765
1rbaka1r1/9/2n1b1nc1/p1p1p3p/6p2/2P6/Pc2P1P1P/2N1CCN2/9/1RBAKABR1 w,0.8047115,5898
1rbaka1r1/9/2n1b1nc1/p1p1p3p/6p2/2PN5/Pc2P1P1P/4CCN2/9/1RBAKABR1 b,-0.80642354,2311
1rbaka1r1/9/2n1b1n2/p1p1p3p/6p2/2PN5/Pc2P1PcP/4CCN2/9/1RBAKABR1 w,0.8078968,6143
1rbaka1r1/9/2n1bCn2/p1p1p3p/6p2/2PN5/Pc2P1PcP/4C1N2/9/1RBAKABR1 b,-0.809039,1986
1rbakabr1/9/2n2Cn2/p1p1p3p/6p2/2PN5/Pc2P1PcP/4C1N2/9/1RBAKABR1 w,0.81805813,4351
1rbakabr1/9/2n2Cn2/p1p1N3p/6p2/2P6/Pc2P1PcP/4C1N2/9/1RBAKABR1 b,-0.8048754,1831
1rbakabr1/9/5Cn2/p1p1n3p/6p2/2P6/Pc2P1PcP/4C1N2/9/1RBAKABR1 w,0.8050081,6061
1rbakabr1/9/5Cn2/p1p1C3p/6p2/2P6/Pc2P1PcP/6N2/9/1RBAKABR1 b,-0.7903858,109
2bakabr1/9/1r3Cn2/p1p1C3p/6p2/2P6/Pc2P1PcP/6N2/9/1RBAKABR1 w,0.8022862,2839
2bakabr1/9/1r3Cn2/p1p5p/6p2/2P1C4/Pc2P1PcP/6N2/9/1RBAKABR1 b,-0.79821455,1733
2bakabr1/9/5rn2/p1p5p/6p2/2P1C4/Pc2P1PcP/6N2/9/1RBAKABR1 w,0.80961525,7435
2bakabr1/9/5rn2/p1p5p/6p2/2P1C4/PR2P1PcP/6N2/9/2BAKABR1 b,-0.8064864,2201
2bakabr1/9/5r3/p1p5p/5np2/2P1C4/PR2P1PcP/6N2/9/2BAKABR1 w,0.8136086,4987
2bakabr1/9/5r3/p1p5p/1R3np2/2P1C4/P3P1PcP/6N2/9/2BAKABR1 b,-0.8082628,3750
2bakabr1/9/5r3/p1p5p/1R4p2/2P1C4/P3P1ncP/6N2/9/2BAKABR1 w,0.81919765,3372
2bakabr1/9/5r3/p1p5p/6R2/2P1C4/P3P1ncP/6N2/9/2BAKABR1 b,-0.8053985,5449
2bakabr1/9/5r3/p1p5p/6R2/2P1n4/P3P2cP/6N2/9/2BAKABR1 w,0.8058786,5269
2bakabr1/9/5r3/p1p5p/6R2/2P1P4/P6cP/6N2/9/2BAKABR1 b,-0.79952466,5560
2bakabr1/9/5r3/p1p5p/6R2/2P1P4/P7P/6Nc1/9/2BAKABR1 w,0.8085594,7999
2bakabr1/9/5r3/p1p5p/6R2/2P1P4/P7P/6Nc1/7R1/2BAKAB2 b,-0.7982415,2138
2bakabr1/9/9/p1p5p/6R2/2P1P4/P7P/5rNc1/7R1/2BAKAB2 w,0.80055124,3813
2bakabr1/9/9/p1p3R1p/9/2P1P4/P7P/5rNc1/7R1/2BAKAB2 b,-0.80019426,691
2bakab2/9/9/p1p3R1p/9/2P1P4/P6rP/5rNc1/7R1/2BAKAB2 w,0.8142796,2976
2bakaR2/9/9/p1p5p/9/2P1P4/P6rP/5rNc1/7R1/2BAKAB2 b,-0.8037907,5548
2bakaR2/9/9/p1p5p/9/2P1P4/P3r3P/5rNc1/7R1/2BAKAB2 w,0.8274393,7636
2bakaR2/9/9/p1p5p/9/2P1P4/P3r3P/5rNc1/4A2R1/2B1KAB2 b,-0.81337,6361
2bakaR2/9/9/p1p5p/9/2P1P4/P3r2cP/5rN2/4A2R1/2B1KAB2 w,0.8682513,7171
2bakaR2/9/9/p1p5p/9/2P1P4/P3r2RP/5rN2/4A4/2B1KAB2 b,-0.85274214,5281
2bakaR2/9/9/p1p5p/9/2P1P4/P6rP/5rN2/4A4/2B1KAB2 w,0.86062753,6908
2bakaR2/9/9/p1p5p/9/2P1P4/P6rP/5AN2/9/2B1KAB2 b,-0.8507742,5544
2bakaR2/9/9/p1p5p/9/2P1P4/r7P/5AN2/9/2B1KAB2 w,0.8617194,6260
2bakaR2/9/9/p1p5p/9/2P1PN3/r7P/5A3/9/2B1KAB2 b,-0.85838485,4922
2bakaR2/9/9/p1p5p/9/2P1PN3/8r/5A3/9/2B1KAB2 w,0.8676469,4543
2bakaR2/9/9/p1p5p/7N1/2P1P4/8r/5A3/9/2B1KAB2 b,-0.85689974,5638
2bakaR2/9/9/p1p5p/7N1/2P1P4/4r4/5A3/9/2B1KAB2 w,0.85339063,6196
2bakaR2/9/9/p1p5p/7N1/2P1P4/4r4/9/4A4/2B1KAB2 b,-0.8426416,5269
2bakaR2/9/9/p1p5p/7N1/2P1r4/9/9/4A4/2B1KAB2 w,0.84430283,3902
2bakaR2/9/9/p1p2N2p/9/2P1r4/9/9/4A4/2B1KAB2 b,-0.84917736,4457
2bakaR2/9/9/p1p2N2p/9/2r6/9/9/4A4/2B1KAB2 w,0.8660029,7897
2bakaR2/9/9/p1p2N2p/9/2r6/9/4B4/4A4/2B1KA3 b,-0.863418,4280
2bakaR2/9/9/p1p2N2p/9/5r3/9/4B4/4A4/2B1KA3 w,0.86453825,2901
2bakaR2/9/3N5/p1p5p/9/5r3/9/4B4/4A4/2B1KA3 b,-0.8648111,373
2ba1aR2/4k4/3N5/p1p5p/9/5r3/9/4B4/4A4/2B1KA3 w,0.86760336,555
2ba1a3/4k1R2/3N5/p1p5p/9/5r3/9/4B4/4A4/2B1KA3 b,-0.8646446,1192
2ba1a3/6R2/3Nk4/p1p5p/9/5r3/9/4B4/4A4/2B1KA3 w,0.8731313,1930
2ba1a3/6R2/4k4/p1p5p/4N4/5r3/9/4B4/4A4/2B1KA3 b,-0.859928,4532
2ba1a3/6R2/4k4/p1p2r2p/4N4/9/9/4B4/4A4/2B1KA3 w,0.86811537,1410
2ba1a3/9/4k4/p1p2r2p/4N4/9/6R2/4B4/4A4/2B1KA3 b,-0.8376358,2911
2ba1a3/9/4k4/p1p1r3p/4N4/9/6R2/4B4/4A4/2B1KA3 w,0.8496052,3633
2ba1a3/9/4k4/p1p1r1N1p/9/9/6R2/4B4/4A4/2B1KA3 b,-0.8442879,1993
2ba1a3/4k4/9/p1p1r1N1p/9/9/6R2/4B4/4A4/2B1KA3 w,0.85701495,2996
2ba1a3/4k4/8N/p1p1r3p/9/9/6R2/4B4/4A4/2B1KA3 b,-0.84459126,1174
2baka3/9/8N/p1p1r3p/9/9/6R2/4B4/4A4/2B1KA3 w,0.8533289,2355
2baka3/6N2/9/p1p1r3p/9/9/6R2/4B4/4A4/2B1KA3 b,-0.85629296,373
2ba1a3/4k1N2/9/p1p1r3p/9/9/6R2/4B4/4A4/2B1KA3 w,0.8703119,5459
2ba1a3/4k1N2/9/p1p1r3p/9/9/5R3/4B4/4A4/2B1KA3 b,-0.858807,2823
2ba1a3/4k1N2/9/p1p3r1p/9/9/5R3/4B4/4A4/2B1KA3 w,0.8649308,1382
2ba1a3/4k4/9/p1p2Nr1p/9/9/5R3/4B4/4A4/2B1KA3 b,-0.868076,1174
2baka3/9/9/p1p2Nr1p/9/9/5R3/4B4/4A4/2B1KA3 w,0.8784514,2901
2baka3/9/3N5/p1p3r1p/9/9/5R3/4B4/4A4/2B1KA3 b,-0.87834144,373
2ba1a3/4k4/3N5/p1p3r1p/9/9/5R3/4B4/4A4/2B1KA3 w,0.88524747,1892
2Na1a3/4k4/9/p1p3r1p/9/9/5R3/4B4/4A4/2B1KA3 b,-0.8799337,3000
2Na1a3/4k4/9/p1pr4p/9/9/5R3/4B4/4A4/2B1KA3 w,0.8868256,5315
2Na1R3/4k4/9/p1pr4p/9/9/9/4B4/4A4/2B1KA3 b,-0.8802652,2712
2Na1R3/3rk4/9/p1p5p/9/9/9/4B4/4A4/2B1KA3 w,0.88767517,6924
2Na1R3/3rk4/9/p1p5p/9/9/9/4B4/9/2BAKA3 b,-0.87522715,1110
2Na1R3/4k4/9/p1pr4p/9/9/9/4B4/9/2BAKA3 w,0.8883859,491
2Na5/4k4/9/p1pr4p/5R3/9/9/4B4/9/2BAKA3 b,-0.87906283,2712
2Na5/3rk4/9/p1p5p/5R3/9/9/4B4/9/2BAKA3 w,0.896016,3733
2Na5/3rk4/9/p1p5p/7R1/9/9/4B4/9/2BAKA3 b,-0.8854348,1110
2Na5/4k4/9/p1pr4p/7R1/9/9/4B4/9/2BAKA3 w,0.89128536,3910
2Na5/4k4/9/p1pr4p/4R4/9/9/4B4/9/2BAKA3 b,-0.88063085,1184
2Na5/5k3/9/p1pr4p/4R4/9/9/4B4/9/2BAKA3 w,0.8844757,3641
2Na5/5k3/9/p1pr4p/5R3/9/9/4B4/9/2BAKA3 b,-0.8840525,1273
2Na5/4k4/9/p1pr4p/5R3/9/9/4B4/9/2BAKA3 w,0.8914865,7816
2Na5/4k4/9/p1pr4p/5R3/9/9/4B4/4A4/2BAK4 b,-0.8921796,1174
2Nak4/9/9/p1pr4p/5R3/9/9/4B4/4A4/2BAK4 w,0.8961331,3733
2Nak4/9/9/p1pr4p/7R1/9/9/4B4/4A4/2BAK4 b,-0.8852016,283
2N1k4/4a4/9/p1pr4p/7R1/9/9/4B4/4A4/2BAK4 w,0.8821495,3877
2N1k2R1/4a4/9/p1pr4p/9/9/9/4B4/4A4/2BAK4 b,-0.88179076,1175
2N1ka1R1/9/9/p1pr4p/9/9/9/4B4/4A4/2BAK4 w,0.88495475,655
2N1ka3/9/7R1/p1pr4p/9/9/9/4B4/4A4/2BAK4 b,-0.8903179,2712
2N1ka3/3r5/7R1/p1p5p/9/9/9/4B4/4A4/2BAK4 w,0.894854,2270
2N1ka3/3r5/2R6/p1p5p/9/9/9/4B4/4A4/2BAK4 b,-0.8871595,463
2N1k4/3ra4/2R6/p1p5p/9/9/9/4B4/4A4/2BAK4 w,0.8918142,1829
2N1k4/3ra4/9/p1R5p/9/9/9/4B4/4A4/2BAK4 b,-0.89897025,1119
2N1k4/4a4/9/p1R5p/3r5/9/9/4B4/4A4/2BAK4 w,0.9055007,2644
2N1k4/4a4/9/p6Rp/3r5/9/9/4B4/4A4/2BAK4 b,-0.88037723,3513
2Nrk4/4a4/9/p6Rp/9/9/9/4B4/4A4/2BAK4 w,0.89324546,189
3rk4/N3a4/9/p6Rp/9/9/9/4B4/4A4/2BAK4 b,-0.89156324,282
4k4/N2ra4/9/p6Rp/9/9/9/4B4/4A4/2BAK4 w,0.89105576,838
4k4/3ra4/9/pN5Rp/9/9/9/4B4/4A4/2BAK4 b,-0.8847824,3194
4k4/3ra4/9/pN5R1/8p/9/9/4B4/4A4/2BAK4 w,0.88922054,3093
4k4/3ra4/9/pN4R2/8p/9/9/4B4/4A4/2BAK4 b,-0.88443184,4013
4k4/3ra4/9/pN4R2/9/8p/9/4B4/4A4/2BAK4 w,0.88833094,2976
4k1R2/3ra4/9/pN7/9/8p/9/4B4/4A4/2BAK4 b,-0.88273484,1175
4kaR2/3r5/9/pN7/9/8p/9/4B4/4A4/2BAK4 w,0.8872282,573
4ka3/3r5/9/pN4R2/9/8p/9/4B4/4A4/2BAK4 b,-0.8828249,463
4k4/3ra4/9/pN4R2/9/8p/9/4B4/4A4/2BAK4 w,0.8856546,6117
4k4/3ra4/9/pN4R2/9/8p/9/9/4A4/2BAK1B2 b,-0.8836335,2466
4k4/3ra4/9/1N4R2/p8/8p/9/9/4A4/2BAK1B2 w,0.9082665,6908
4k4/3ra4/9/1N4R2/p8/8p/9/5A3/9/2BAK1B2 b,-0.9041197,365
5k3/3ra4/9/1N4R2/p8/8p/9/5A3/9/2BAK1B2 w,0.902122,3002
5k3/3ra4/9/1N3R3/p8/8p/9/5A3/9/2BAK1B2 b,-0.9043473,454
4k4/3ra4/9/1N3R3/p8/8p/9/5A3/9/2BAK1B2 w,0.9103748,2915
4k4/3ra4/9/1N6R/p8/8p/9/5A3/9/2BAK1B2 b,-0.8952546,365
5k3/3ra4/9/1N6R/p8/8p/9/5A3/9/2BAK1B2 w,0.90375674,3203
5k3/3ra4/9/1N7/p8/8R/9/5A3/9/2BAK1B2 b,-0.89319235,1110
5k3/4a4/9/1N1r5/p8/8R/9/5A3/9/2BAK1B2 w,0.8958411,2567
5k3/4a4/9/3r5/p8/2N5R/9/5A3/9/2BAK1B2 b,-0.88765347,2731
5k3/4a4/9/4r4/p8/2N5R/9/5A3/9/2BAK1B2 w,0.88163847,7537
5k3/4a4/9/4r4/p8/2N5R/9/4BA3/9/3AK1B2 b,-0.8801218,3285
5k3/4a4/9/4r4/9/p1N5R/9/4BA3/9/3AK1B2 w,0.8785737,4778
5k2R/4a4/9/4r4/9/p1N6/9/4BA3/9/3AK1B2 b,-0.8814687,464
8R/4ak3/9/4r4/9/p1N6/9/4BA3/9/3AK1B2 w,0.8841496,737
9/4ak2R/9/4r4/9/p1N6/9/4BA3/9/3AK1B2 b,-0.88279986,1283
9/4a3R/5k3/4r4/9/p1N6/9/4BA3/9/3AK1B2 w,0.88732487,1583
9/4a4/5k3/4r4/9/p1N5R/9/4BA3/9/3AK1B2 b,-0.86942786,4096
9/4a4/5k3/4r4/9/1pN5R/9/4BA3/9/3AK1B2 w,0.89934325,4294
9/4a4/5k3/4r4/9/1p6R/9/1N2BA3/9/3AK1B2 b,-0.9035664,4195
9/4a4/5k3/4r4/9/8R/1p7/1N2BA3/9/3AK1B2 w,0.906243,5817
9/4a4/5k3/4r4/9/8R/1p1N5/4BA3/9/3AK1B2 b,-0.8945737,2084
9/4ak3/9/4r4/9/8R/1p1N5/4BA3/9/3AK1B2 w,0.8988234,5168
9/4ak3/9/4r4/2N6/8R/1p7/4BA3/9/3AK1B2 b,-0.8844758,2819
9/4ak3/9/2r6/2N6/8R/1p7/4BA3/9/3AK1B2 w,0.8941072,3475
9/4ak3/9/2r6/9/8R/1N7/4BA3/9/3AK1B2 b,-0.8794055,1193
9/5k3/5a3/2r6/9/8R/1N7/4BA3/9/3AK1B2 w,0.89350104,4986
9/5k3/5a3/2r6/N8/8R/9/4BA3/9/3AK1B2 b,-0.87847185,2637
9/5k3/5a3/r8/N8/8R/9/4BA3/9/3AK1B2 w,0.8835975,3287
9/5k3/5a3/r8/9/2N5R/9/4BA3/9/3AK1B2 b,-0.8842525,1273
9/4k4/5a3/r8/9/2N5R/9/4BA3/9/3AK1B2 w,0.8852225,4787
9/4k3R/5a3/r8/9/2N6/9/4BA3/9/3AK1B2 b,-0.8861727,1174
4k4/8R/5a3/r8/9/2N6/9/4BA3/9/3AK1B2 w,0.887752,1538
4k3R/9/5a3/r8/9/2N6/9/4BA3/9/3AK1B2 b,-0.88412076,373
8R/4k4/5a3/r8/9/2N6/9/4BA3/9/3AK1B2 w,0.8931331,782
9/4k4/5a3/r8/9/2N6/8R/4BA3/9/3AK1B2 b,-0.8911916,1174
4k4/9/5a3/r8/9/2N6/8R/4BA3/9/3AK1B2 w,0.9024686,4270
4k4/9/5a3/r8/4N4/9/8R/4BA3/9/3AK1B2 b,-0.88818157,2461
4k4/9/5a3/4r4/4N4/9/8R/4BA3/9/3AK1B2 w,0.8865117,5624
4k4/9/5a3/4r4/4N3R/9/9/4BA3/9/3AK1B2 b,-0.8852018,2083
4k4/4a4/9/4r4/4N3R/9/9/4BA3/9/3AK1B2 w,0.88790655,3659
4k4/4a4/9/4r4/8R/9/5N3/4BA3/9/3AK1B2 b,-0.88362163,2822
4k4/4a4/9/5r3/8R/9/5N3/4BA3/9/3AK1B2 w,0.8904649,5358
4k4/4a4/9/5r3/8R/3N5/9/4BA3/9/3AK1B2 b,-0.8993002,2948
4k4/4a4/9/9/8R/3N5/9/4Br3/9/3AK1B2 w,0.89600974,4361
4k4/4a4/9/9/5N2R/9/9/4Br3/9/3AK1B2 b,-0.8975843,363
3k5/4a4/9/9/5N2R/9/9/4Br3/9/3AK1B2 w,0.8924667,3968
3k4R/4a4/9/9/5N3/9/9/4Br3/9/3AK1B2 b,-0.8866247,282
8R/3ka4/9/9/5N3/9/9/4Br3/9/3AK1B2 w,0.88602066,3714
8R/3ka4/6N2/9/9/9/9/4Br3/9/3AK1B2 b,-0.87468714,6143
8R/3ka4/5rN2/9/9/9/9/4B4/9/3AK1B2 w,0.8872566,726
6R2/3ka4/5rN2/9/9/9/9/4B4/9/3AK1B2 b,-0.8728572,1191
6R2/3k5/3a1rN2/9/9/9/9/4B4/9/3AK1B2 w,0.8915571,7636
6R2/3k5/3a1rN2/9/9/9/9/4B4/4A4/4K1B2 b,-0.8792709,1093
6R2/4k4/3a1rN2/9/9/9/9/4B4/4A4/4K1B2 w,0.88641936,2203
6R2/4k4/3a1r3/9/7N1/9/9/4B4/4A4/4K1B2 b,-0.88215315,2111
6R2/4k4/3a5/9/5r1N1/9/9/4B4/4A4/4K1B2 w,0.8908834,3896
6R2/4k4/3a4N/9/5r3/9/9/4B4/4A4/4K1B2 b,-0.88970584,1182
6R2/3k5/3a4N/9/5r3/9/9/4B4/4A4/4K1B2 w,0.8937835,544
4R4/3k5/3a4N/9/5r3/9/9/4B4/4A4/4K1B2 b,-0.8875062,3732
4R4/3k5/3a4N/9/6r2/9/9/4B4/4A4/4K1B2 w,0.89810276,2347
4R2N1/3k5/3a5/9/6r2/9/9/4B4/4A4/4K1B2 b,-0.8820201,3795
4R2N1/3k2r2/3a5/9/9/9/9/4B4/4A4/4K1B2 w,0.8943057,362
2R4N1/3k2r2/3a5/9/9/9/9/4B4/4A4/4K1B2 b,-0.8685708,1903
2R4N1/3ka1r2/9/9/9/9/9/4B4/4A4/4K1B2 w,0.8628461,191
7N1/2Rka1r2/9/9/9/9/9/4B4/4A4/4K1B2 b,-0.8760483,1083
3k3N1/2R1a1r2/9/9/9/9/9/4B4/4A4/4K1B2 w,0.9013339,656
3k5/2R1a1r2/8N/9/9/9/9/4B4/4A4/4K1B2 b,-0.88382715,1374
3k5/2R1a4/6r1N/9/9/9/9/4B4/4A4/4K1B2 w,0.8922619,2383
3k5/2R1a4/6r2/9/7N1/9/9/4B4/4A4/4K1B2 b,-0.87506247,2202
3k5/2R1a4/9/9/6rN1/9/9/4B4/4A4/4K1B2 w,0.8900394,3896
3k5/2R1a4/8N/9/6r2/9/9/4B4/4A4/4K1B2 b,-0.87987727,274
4k4/2R1a4/8N/9/6r2/9/9/4B4/4A4/4K1B2 w,0.89251775,1046
4k4/4a4/8N/9/6r2/9/2R6/4B4/4A4/4K1B2 b,-0.89357543,3804
4k4/4a4/6r1N/9/9/9/2R6/4B4/4A4/4K1B2 w,0.9016635,2383
4k4/4a4/6r2/9/7N1/9/2R6/4B4/4A4/4K1B2 b,-0.89695305,2183
4k4/4a4/5r3/9/7N1/9/2R6/4B4/4A4/4K1B2 w,0.9140649,5098
4k4/4a4/5r3/9/7N1/9/4R4/4B4/4A4/4K1B2 b,-0.9046561,2147
4k4/4a4/9/9/7N1/9/4R4/4B4/4Ar3/4K1B2 w,0.8999297,3894
4k4/4a4/6N2/9/9/9/4R4/4B4/4Ar3/4K1B2 b,-0.8991477,6953
4k4/4a4/5rN2/9/9/9/4R4/4B4/4A4/4K1B2 w,0.91299146,2177
4k4/4a3N/5r3/9/9/9/4R4/4B4/4A4/4K1B2 b,-0.914996,2096
4k4/4a3N/8r/9/9/9/4R4/4B4/4A4/4K1B2 w,0.92173153,1536
4k1N2/4a4/8r/9/9/9/4R4/4B4/4A4/4K1B2 b,-0.90792376,2358
4k1N2/4a4/r8/9/9/9/4R4/4B4/4A4/4K1B2 w,0.91179615,5233
4k1N2/4R4/r8/9/9/9/9/4B4/4A4/4K1B2 b,-0.9187089,365
5kN2/4R4/r8/9/9/9/9/4B4/4A4/4K1B2 w,0.9335344,1210
5kN2/9/r8/9/4R4/9/9/4B4/4A4/4K1B2 b,-0.91882706,1644
5kN2/9/6r2/9/4R4/9/9/4B4/4A4/4K1B2 w,0.92757493,557
5k3/8N/6r2/9/4R4/9/9/4B4/4A4/4K1B2 b,-0.92379296,2175
5k3/6r1N/9/9/4R4/9/9/4B4/4A4/4K1B2 w,0.92778873,1564
5k3/6r2/9/7N1/4R4/9/9/4B4/4A4/4K1B2 b,-0.92466915,1383
5k3/9/9/6rN1/4R4/9/9/4B4/4A4/4K1B2 w,0.9167989,3111
5k3/9/9/6r2/4R4/6N2/9/4B4/4A4/4K1B2 b,-0.9177488,2994
5k3/9/6r2/9/4R4/6N2/9/4B4/4A4/4K1B2 w,0.92611384,7901
5k3/9/6r2/9/4R4/6N2/9/4B3B/4A4/4K4 b,-0.9255794,2183
5k3/9/5r3/9/4R4/6N2/9/4B3B/4A4/4K4 w,0.92293376,6117
5k3/9/5r3/9/4R4/6N2/9/8B/4A4/4K1B2 b,-0.9245823,2129
5k3/9/9/9/4R4/6N2/5r3/8B/4A4/4K1B2 w,0.9276331,6906
5k3/9/9/9/4R4/6N2/5r3/3A4B/9/4K1B2 b,-0.93029463,5396
5k3/9/9/9/4R4/6N2/9/3A4B/9/4KrB2 w,0.931212,7726
5k3/9/9/9/4R4/6N2/9/3A4B/4K4/5rB2 b,-0.933787,7817
5k3/9/9/9/4R4/6N2/9/3A4B/4Kr3/6B2 w,0.93568766,6925
5k3/9/9/9/4R4/6N2/9/3A4B/5r3/4K1B2 b,-0.9228964,6980
5k3/9/9/9/4R4/5rN2/9/3A4B/9/4K1B2 w,0.9336003,4634
5k3/9/9/9/4R3N/5r3/9/3A4B/9/4K1B2 b,-0.9317204,4586
5k3/9/9/9/4R3N/9/9/3A4B/9/4KrB2 w,0.94136024,7726
5k3/9/9/9/4R3N/9/9/3A4B/4K4/5rB2 b,-0.94086146,7817
5k3/9/9/9/4R3N/9/9/3A4B/4Kr3/6B2 w,0.951799,6925
5k3/9/9/9/4R3N/9/9/3A4B/5r3/4K1B2 b,-0.9407028,6962
5k3/9/9/5r3/4R3N/9/9/3A4B/9/4K1B2 w,0.97013676,3985
5k3/9/7N1/5r3/4R4/9/9/3A4B/9/4K1B2 b,-0.9681625,2966
5k3/9/7N1/9/4R4/9/9/3A4B/9/4KrB2 w,0.9829935,7726
5k3/9/7N1/9/4R4/9/9/3A4B/4K4/5rB2 b,-0.9814306,7817
5k3/9/7N1/9/4R4/9/9/3A4B/4Kr3/6B2 w,0.992465,6925
5k3/9/7N1/9/4R4/9/9/3A4B/5r3/4K1B2 b,-0.9886456,6953
5k3/9/5r1N1/9/4R4/9/9/3A4B/9/4K1B2 w,1,3604
rnbakabnr/9/1c5c1/p1p1p1p1p/9/9/P1P1P1P1P/1C5C1/9/RNBAKABNR w,0.0017991782,5827
rnbakabnr/9/1c5c1/p1p1p1p1p/9/9/P1P1P1P1P/4C2C1/9/RNBAKABNR b,-0.0017805815,110
r1bakabnr/9/1cn4c1/p1p1p1p1p/9/9/P1P1P1P1P/4C2C1/9/RNBAKABNR w,0.0018279552,7445
r1bakabnr/9/1cn4c1/p1p1p1p1p/9/9/P1P1P1P1P/2N1C2C1/9/R1BAKABNR b,-0.0018405796,562
r1baka1nr/9/1cn1b2c1/p1p1p1p1p/9/9/P1P1P1P1P/2N1C2C1/9/R1BAKABNR w,0.001935196,7372
r1baka1nr/9/1cn1b2c1/p1p1p1p1p/9/9/P1P1P1P1P/2N1C2C1/9/1RBAKABNR b,-0.0017779947,1
1rbaka1nr/9/1cn1b2c1/p1p1p1p1p/9/9/P1P1P1P1P/2N1C2C1/9/1RBAKABNR w,0.0017125607,6368
1rbaka1nr/9/1cn1b2c1/p1p1p1p1p/9/9/P1P1P1P1P/2N1CC3/9/1RBAKABNR b,-0.0012718678,654
1rbaka2r/9/1cn1b1nc1/p1p1p1p1p/9/9/P1P1P1P1P/2N1CC3/9/1RBAKABNR w,0.0015803337,7989
1rbaka2r/9/1cn1b1nc1/p1p1p1p1p/9/9/P1P1P1P1P/2N1CCN2/9/1RBAKAB1R b,-0.001368165,3012
1rbaka2r/9/1cn1b1nc1/p1p1p3p/6p2/9/P1P1P1P1P/2N1CCN2/9/1RBAKAB1R w,0.0018723011,8098
1rbaka2r/9/1cn1b1nc1/p1p1p3p/6p2/9/P1P1P1P1P/2N1CCN2/9/1RBAKABR1 b,-0.0020173073,727
1rbaka1r1/9/1cn1b1nc1/p1p1p3p/6p2/9/P1P1P1P1P/2N1CCN2/9/1RBAKABR1 w,0.0028027059,5087
1rbaka1r1/9/1cn1b1nc1/p1p1p3p/6p2/2P6/P3P1P1P/2N1CCN2/9/1RBAKABR1 b,-0.0021858574,1765
1rbaka1r1/9/2n1b1nc1/p1p1p3p/6p2/2P6/Pc2P1P1P/2N1CCN2/9/1RBAKABR1 w,0.0050486326,5898
1rbaka1r1/9/2n1b1nc1/p1p1p3p/6p2/2PN5/Pc2P1P1P/4CCN2/9/1RBAKABR1 b,-0.0064492226,2311
1rbaka1r1/9/2n1b1n2/p1p1p3p/6p2/2PN5/Pc2P1PcP/4CCN2/9/1RBAKABR1 w,0.007928371,6143
1rbaka1r1/9/2n1bCn2/p1p1p3p/6p2/2PN5/Pc2P1PcP/4C1N2/9/1RBAKABR1 b,-0.008902455,1986
1rbakabr1/9/2n2Cn2/p1p1p3p/6p2/2PN5/Pc2P1PcP/4C1N2/9/1RBAKABR1 w,0.018145729,4351
1rbakabr1/9/2n2Cn2/p1p1N3p/6p2/2P6/Pc2P1PcP/4C1N2/9/1RBAKABR1 b,-0.0047562006,1831
1rbakabr1/9/5Cn2/p1p1n3p/6p2/2P6/Pc2P1PcP/4C1N2/9/1RBAKABR1 w,0.0051249745,6061
1rbakabr1/9/5Cn2/p1p1C3p/6p2/2P6/Pc2P1PcP/6N2/9/1RBAKABR1 b,0.009614253,109
2bakabr1/9/1r3Cn2/p1p1C3p/6p2/2P6/Pc2P1PcP/6N2/9/1RBAKABR1 w,0.0022862197,2839
2bakabr1/9/1r3Cn2/p1p5p/6p2/2P1C4/Pc2P1PcP/6N2/9/1RBAKABR1 b,0.001698494,1733
2bakabr1/9/5rn2/p1p5p/6p2/2P1C4/Pc2P1PcP/6N2/9/1RBAKABR1 w,0.009793592,7435
2bakabr1/9/5rn2/p1p5p/6p2/2P1C4/PR2P1PcP/6N2/9/2BAKABR1 b,-0.007159114,2129
2bakabr1/9/6n2/p1p5p/6p2/2P1C4/PR2PrPcP/6N2/9/2BAKABR1 w,0.015347028,4987
2bakabr1/9/6n2/p1p5p/1R4p2/2P1C4/P3PrPcP/6N2/9/2BAKABR1 b,-0.0044612885,2201
2bakabr1/9/9/p1p5p/1R3np2/2P1C4/P3PrPcP/6N2/9/2BAKABR1 w,0.021963358,7816
2bakabr1/9/9/p1p5p/1R3np2/2P1C4/P3PrPcP/6N2/4A4/2BAK1BR1 b,-0.009689284,3748
2bakabr1/9/9/p1p5p/1R4p2/2P1C4/P3nrPcP/6N2/4A4/2BAK1BR1 w,0.024271607,7897
2bakabr1/9/9/p1p5p/1R4p2/2P1C4/P3nrPcP/4B1N2/4A4/2BAK2R1 b,-0.010218955,5370
2bakabr1/9/9/p1p5p/1R4p2/2P1C4/P3n1rcP/4B1N2/4A4/2BAK2R1 w,0.012821818,3370
2bakabr1/9/9/p1p5p/4R1p2/2P1C4/P3n1rcP/4B1N2/4A4/2BAK2R1 b,-0.009693563,562
2baka1r1/9/4b4/p1p5p/4R1p2/2P1C4/P3n1rcP/4B1N2/4A4/2BAK2R1 w,0.013411069,6268
2baka1r1/9/4b4/p1p5p/4R1p2/2P1C4/P3N1rcP/4B4/4A4/2BAK2R1 b,-0.004993892,5458
2baka1r1/9/4b4/p1p5p/4R1p2/2P1C4/P3r2cP/4B4/4A4/2BAK2R1 w,0.01844287,3622
2baka1r1/9/4R4/p1p5p/6p2/2P1C4/P3r2cP/4B4/4A4/2BAK2R1 b,-0.02893417,463
2bak2r1/4a4/4R4/p1p5p/6p2/2P1C4/P3r2cP/4B4/4A4/2BAK2R1 w,0.12126298,2005
2bak2r1/4a4/7R1/p1p5p/6p2/2P1C4/P3r2cP/4B4/4A4/2BAK2R1 b,-0.11665107,1175
2baka1r1/9/7R1/p1p5p/6p2/2P1C4/P3r2cP/4B4/4A4/2BAK2R1 w,0.11586981,2257
2baka1R1/9/9/p1p5p/6p2/2P1C4/P3r2cP/4B4/4A4/2BAK2R1 b,-0.108423404,5544
2baka1R1/9/9/p1p5p/6p2/2P1C4/c3r3P/4B4/4A4/2BAK2R1 w,0.1195787,4460
2baka1R1/9/9/p1p5p/6p2/2P2C3/c3r3P/4B4/4A4/2BAK2R1 b,-0.10872524,3831
2baka1R1/9/9/p1p5p/9/2P2Cp2/c3r3P/4B4/4A4/2BAK2R1 w,0.117634915,6081
2baka1R1/9/9/p1p5p/9/2P2CB2/c3r3P/9/4A4/2BAK2R1 b,-0.110238336,4941
2baka1R1/9/9/p1p5p/9/2P2CB2/4r3P/9/4A4/c1BAK2R1 w,0.10412686,4568
2baka1R1/9/9/p1p5p/9/2P3B2/4r3P/5C3/4A4/c1BAK2R1 b,-0.049892247,5296
2baka1R1/9/9/p1p5p/9/2P3B2/8P/5C3/4r4/c1BAK2R1 w,0.054496814,7736
2baka1R1/9/9/p1p5p/9/2P3B2/8P/5C3/4r4/c1BA1K1R1 b,-0.0426705,6915
2baka1R1/9/9/p1p5p/9/2P3B2/8P/5C3/3r5/c1BA1K1R1 w,0.03929589,6187
2baka1R1/9/9/p1p5p/9/2P3B2/8P/4C4/3r5/c1BA1K1R1 b,-0.011611509,6834
2baka1R1/9/9/p1p5p/9/2P3B2/8P/4C4/9/c1Br1K1R1 w,0.016464138,7817
2baka1R1/9/9/p1p5p/9/2P3B2/8P/4C4/5K3/c1Br3R1 b,-0.005347264,7648
2baka1R1/9/9/p1p5p/9/2P3B2/8P/4C4/5K3/c1B4r1 w,0.021041894,718
2baka3/9/9/p1p5p/9/2P3B2/8P/4C4/5K3/c1B4R1 b,-0.0028880357,7378
2baka3/9/9/p1p5p/9/2P3B2/8P/4C4/5K3/2B4c1 w,0.0035667897,6088
2baka3/9/9/p1p5p/9/2P3B2/4C3P/9/5K3/2B4c1 b,0.008839297,7972
2baka3/9/9/p1p5p/9/2P3Bc1/4C3P/9/5K3/2B6 w,0.008652759,5296
2baka3/9/9/p1p5p/9/2P3Bc1/8P/9/4CK3/2B6 b,-0.008814001,4727
2baka3/9/9/p1p5p/9/2c3B2/8P/9/4CK3/2B6 w,0.023200607,7537
2baka3/9/9/p1p5p/9/2c3B2/8P/4B4/4CK3/9 b,-0.021867692,4279
2baka3/9/9/p1p5p/9/4c1B2/8P/4B4/4CK3/9 w,0.030931925,6889
2baka3/9/9/p1p5p/9/4C1B2/8P/4B4/5K3/9 b,-0.028401995,3194
2baka3/9/9/p1p6/8p/4C1B2/8P/4B4/5K3/9 w,0.032320764,4441
2baka3/9/9/p1p1C4/8p/6B2/8P/4B4/5K3/9 b,-0.029410457,2648
2baka3/9/9/p3C4/2p5p/6B2/8P/4B4/5K3/9 w,0.03756566,2830
2baka3/9/9/p8/2p1C3p/6B2/8P/4B4/5K3/9 b,-0.03461769,373
2ba1a3/4k4/9/p8/2p1C3p/6B2/8P/4B4/5K3/9 w,0.04590824,7016
2ba1a3/4k4/9/p8/2p1C3p/6B2/8P/4B4/9/5K3 b,-0.03716122,1174
2baka3/9/9/p8/2p1C3p/6B2/8P/4B4/9/5K3 w,0.03886652,6113
2baka3/9/9/p8/2p1C3p/6B2/8P/9/9/2B2K3 b,-0.033015896,3467
2baka3/9/9/p8/4C3p/2p3B2/8P/9/9/2B2K3 w,0.03193145,3667
2baka3/9/9/p8/8p/2p3B2/8P/4C4/9/2B2K3 b,-0.028829193,4278
2baka3/9/9/p8/8p/3p2B2/8P/4C4/9/2B2K3 w,0.029927015,6101
2baka3/9/9/p8/8p/3p2B2/8P/8C/9/2B2K3 b,-0.027074529,2466
2baka3/9/9/9/p7p/3p2B2/8P/8C/9/2B2K3 w,0.031902265,6434
2baka3/9/9/9/p7C/3p2B2/8P/9/9/2B2K3 b,-0.029452099,3285
2baka3/9/9/9/8C/p2p2B2/8P/9/9/2B2K3 w,0.03384464,4000
2baka3/9/9/9/4C4/p2p2B2/8P/9/9/2B2K3 b,-0.023929942,4369
2baka3/9/9/9/4C4/p3p1B2/8P/9/9/2B2K3 w,0.027518988,5633
2baka3/9/9/9/4C4/p3p1B1P/9/9/9/2B2K3 b,-0.021021891,4096
2baka3/9/9/9/4C4/1p2p1B1P/9/9/9/2B2K3 w,0.026785111,4814
2baka3/9/9/9/4C3P/1p2p1B2/9/9/9/2B2K3 b,-0.023718882,4187
2baka3/9/9/9/4C3P/2p1p1B2/9/9/9/2B2K3 w,0.031572726,4003
2baka3/9/9/9/4C2P1/2p1p1B2/9/9/9/2B2K3 b,-0.026447892,4468
2baka3/9/9/9/4C2P1/2p3B2/4p4/9/9/2B2K3 w,0.033084657,3912
2baka3/9/9/9/4C1P2/2p3B2/4p4/9/9/2B2K3 b,-0.024290014,4278
2baka3/9/9/9/4C1P2/3p2B2/4p4/9/9/2B2K3 w,0.028345203,3813
2baka3/9/9/6P2/4C4/3p2B2/4p4/9/9/2B2K3 b,-0.020453954,4369
2baka3/9/9/6P2/4C4/4p1B2/4p4/9/9/2B2K3 w,0.021525955,7825
2baka3/9/9/6P2/4C4/4p1B2/4p4/9/9/2B1K4 b,-0.023376895,5277
2baka3/9/9/6P2/4C4/4p1B2/3p5/9/9/2B1K4 w,0.023057938,3002
2baka3/9/9/5P3/4C4/4p1B2/3p5/9/9/2B1K4 b,-0.016567444,5196
2baka3/9/9/5P3/4C4/4p1B2/9/3p5/9/2B1K4 w,0.02454486,2903
2baka3/9/5P3/9/4C4/4p1B2/9/3p5/9/2B1K4 b,-0.019320726,6015
2baka3/9/5P3/9/4C4/4p1B2/9/9/3p5/2B1K4 w,0.02968936,7736
2baka3/9/5P3/9/4C4/4p1B2/9/9/3p5/2B2K3 b,-0.0143517135,4460
2baka3/9/5P3/9/4C4/5pB2/9/9/3p5/2B2K3 w,0.014370012,2084
2baka3/5P3/9/9/4C4/5pB2/9/9/3p5/2B2K3 b,-0.0077182055,6826
2baka3/5P3/9/9/4C4/5pB2/9/9/4p4/2B2K3 w,0.023348212,4657
2baka3/5P3/9/9/4C4/5p3/9/4B4/4p4/2B2K3 b,-0.017730726,4549
2baka3/5P3/9/9/4C4/4p4/9/4B4/4p4/2B2K3 w,0.026185155,6117
2baka3/5P3/9/9/4C4/4p4/9/9/4p4/2B2KB2 b,-0.013571334,4460
2baka3/5P3/9/9/4C4/5p3/9/9/4p4/2B2KB2 w,0.023374652,7537
2baka3/5P3/9/9/4C4/5p3/9/4B4/4p4/5KB2 b,-0.011267209,4549
2baka3/5P3/9/9/4C4/4p4/9/4B4/4p4/5KB2 w,0.010171604,1265
2bakP3/9/9/9/4C4/4p4/9/4B4/4p4/5KB2 b,-0.015709972,373
2ba1P3/4k4/9/9/4C4/4p4/9/4B4/4p4/5KB2 w,0.023508716,6077
2ba1P3/4k4/9/9/4C4/2B1p4/9/9/4p4/5KB2 b,0.0017863036,4458
2ba1P3/4k4/9/9/4C4/2Bp5/9/9/4p4/5KB2 w,0.011630011,7897
2ba1P3/4k4/9/9/4C4/2Bp5/9/4B4/4p4/5K3 b,-0.010835719,4377
2ba1P3/4k4/9/9/4C4/2B6/3p5/4B4/4p4/5K3 w,0.054080393,3676
2ba1P3/4k4/9/9/9/2B6/3p5/4B4/4C4/5K3 b,-0.052015867,202
3a1P3/4k4/4b4/9/9/2B6/3p5/4B4/4C4/5K3 w,0.05191324,6081
3a1P3/4k4/4b4/9/9/2B3B2/3p5/9/4C4/5K3 b,-0.053729977,1182
3a1P3/3k5/4b4/9/9/2B3B2/3p5/9/4C4/5K3 w,0.05106442,6915
3a1P3/3k5/4b4/9/9/2B3B2/3p5/9/3C5/5K3 b,-0.047130216,1093
3a1P3/4k4/4b4/9/9/2B3B2/3p5/9/3C5/5K3 w,0.05379541,6823
3a1P3/4k4/4b4/9/9/2B3B2/3p5/9/1C7/5K3 b,-0.049048997,5188
3a1P3/4k4/4b4/9/9/2B3B2/4p4/9/1C7/5K3 w,0.058427762,4661
3a1P3/4k4/4b4/9/9/2B6/4p4/8B/1C7/5K3 b,-0.04593524,5279
3a1P3/4k4/4b4/9/9/2B6/5p3/8B/1C7/5K3 w,0.047094394,6589
3a1P3/4k4/1C2b4/9/9/2B6/5p3/8B/9/5K3 b,-0.047070086,2018
3a1P3/4k4/1C7/9/2b6/2B6/5p3/8B/9/5K3 w,0.060383033,1731
3a1P3/4k4/3C5/9/2b6/2B6/5p3/8B/9/5K3 b,-0.05410732,3442
3a1P3/4k4/3Cb4/9/9/2B6/5p3/8B/9/5K3 w,0.05086832,1956
3a1P3/4k4/4b4/9/9/2B6/5p3/3C4B/9/5K3 b,-0.039807547,5378
3a1P3/4k4/4b4/9/9/2B6/9/3C1p2B/9/5K3 w,0.05317993,5970
3a1P3/4k4/4b4/3C5/9/2B6/9/5p2B/9/5K3 b,-0.05633278,1184
3a1P3/5k3/4b4/3C5/9/2B6/9/5p2B/9/5K3 w,0.05328107,456
3a2P2/5k3/4b4/3C5/9/2B6/9/5p2B/9/5K3 b,-0.04032997,283
6P2/4ak3/4b4/3C5/9/2B6/9/5p2B/9/5K3 w,0.051062014,547
7P1/4ak3/4b4/3C5/9/2B6/9/5p2B/9/5K3 b,-0.04512396,1193
7P1/5k3/4ba3/3C5/9/2B6/9/5p2B/9/5K3 w,0.038901877,2732
7P1/5k3/4ba3/5C3/9/2B6/9/5p2B/9/5K3 b,-0.04187299,1273
7P1/4k4/4ba3/5C3/9/2B6/9/5p2B/9/5K3 w,0.0437562,7825
7P1/4k4/4ba3/5C3/9/2B6/9/5p2B/9/4K4 b,-0.04424361,6197
7P1/4k4/4ba3/5C3/9/2B6/9/8B/5p3/4K4 w,0.054935005,7734
7P1/4k4/4ba3/5C3/9/2B6/9/8B/5p3/3K5 b,-0.05670724,2018
7P1/4k4/5a3/5C3/2b6/2B6/9/8B/5p3/3K5 w,0.05785308,636
6P2/4k4/5a3/5C3/2b6/2B6/9/8B/5p3/3K5 b,-0.049472738,7006
6P2/4k4/5a3/5C3/2b6/2B6/9/8B/4p4/3K5 w,0.053799726,2911
6P2/4k4/5a3/4C4/2b6/2B6/9/8B/4p4/3K5 b,-0.05298079,3438
6P2/4k4/b4a3/4C4/9/2B6/9/8B/4p4/3K5 w,0.051091004,2857
6P2/4k4/b4a3/9/9/2B6/9/4C3B/4p4/3K5 b,-0.04487784,1184
6P2/5k3/b4a3/9/9/2B6/9/4C3B/4p4/3K5 w,0.0514251,547
7P1/5k3/b4a3/9/9/2B6/9/4C3B/4p4/3K5 b,-0.043701448,1622
2b4P1/5k3/5a3/9/9/2B6/9/4C3B/4p4/3K5 w,0.046583723,6099
2b4P1/5k3/5a3/9/9/2B6/9/6C1B/4p4/3K5 b,-0.044232417,198
7P1/5k3/b4a3/9/9/2B6/9/6C1B/4p4/3K5 w,0.050173786,6278
7P1/5k3/b4a3/9/9/2B6/9/5C2B/4p4/3K5 b,-0.0491874,1273
7P1/4k4/b4a3/9/9/2B6/9/5C2B/4p4/3K5 w,0.050564956,6187
7P1/4k4/b4a3/9/9/2B6/9/4C3B/4p4/3K5 b,-0.043582525,1184
7P1/5k3/b4a3/9/9/2B6/9/4C3B/4p4/3K5 w,0.04828744,4293
7P1/5k3/b4a3/9/9/9/9/B3C3B/4p4/3K5 b,-0.038784098,1622
2b4P1/5k3/5a3/9/9/9/9/B3C3B/4p4/3K5 w,0.044979002,6441
2b4P1/5k3/5a3/9/9/6B2/9/B3C4/4p4/3K5 b,-0.0389158,198
7P1/5k3/b4a3/9/9/6B2/9/B3C4/4p4/3K5 w,0.03970809,6101
7P1/5k3/b4a3/9/9/6B2/9/B7C/4p4/3K5 b,-0.036439966,1622
2b4P1/5k3/5a3/9/9/6B2/9/B7C/4p4/3K5 w,0.03904114,636
2b3P2/5k3/5a3/9/9/6B2/9/B7C/4p4/3K5 b,-0.036969494,1273
2b3P2/4k4/5a3/9/9/6B2/9/B7C/4p4/3K5 w,0.047538377,5717
2b3P2/4k4/5a3/9/9/2B3B2/9/8C/4p4/3K5 b,-0.04396976,1174
2b1k1P2/9/5a3/9/9/2B3B2/9/8C/4p4/3K5 w,0.051963355,6457
2b1k1P2/9/5a3/9/9/2B3B2/9/4C4/4p4/3K5 b,-0.04484439,198
4k1P2/9/b4a3/9/9/2B3B2/9/4C4/4p4/3K5 w,0.04457891,4293
4k1P2/9/b4a3/9/9/6B2/9/B3C4/4p4/3K5 b,-0.03603034,1658
4k1P2/9/5a3/9/2b6/6B2/9/B3C4/4p4/3K5 w,0.040893413,5753
4k1P2/9/5a3/9/2b6/6B2/9/4C4/4p4/2BK5 b,-0.034361005,3438
4k1P2/9/b4a3/9/9/6B2/9/4C4/4p4/2BK5 w,0.04211185,6079
4k1P2/9/b4a3/9/9/4C1B2/9/9/4p4/2BK5 b,-0.044998,373
6P2/4k4/b4a3/9/9/4C1B2/9/9/4p4/2BK5 w,0.058027316,4657
6P2/4k4/b4a3/9/9/4C4/9/4B4/4p4/2BK5 b,-0.048652615,6917
6P2/4k4/b4a3/9/9/4C4/9/4B4/5p3/2BK5 w,0.045651674,547
7P1/4k4/b4a3/9/9/4C4/9/4B4/5p3/2BK5 b,-0.040971376,1658
7P1/4k4/5a3/9/2b6/4C4/9/4B4/5p3/2BK5 w,0.05129342,7635
7P1/4k4/5a3/9/2b6/4C4/9/4B4/3K1p3/2B6 b,-0.04865582,1184
7P1/5k3/5a3/9/2b6/4C4/9/4B4/3K1p3/2B6 w,0.05581198,6816
7P1/5k3/5a3/9/2b6/4C4/9/3KB4/5p3/2B6 b,-0.0583357,1273
7P1/4k4/5a3/9/2b6/4C4/9/3KB4/5p3/2B6 w,0.05648277,636
6P2/4k4/5a3/9/2b6/4C4/9/3KB4/5p3/2B6 b,-0.048045885,1184
6P2/5k3/5a3/9/2b6/4C4/9/3KB4/5p3/2B6 w,0.053000856,4460
6P2/5k3/5a3/9/2b6/5C3/9/3KB4/5p3/2B6 b,-0.051109433,2083
6P2/4ak3/9/9/2b6/5C3/9/3KB4/5p3/2B6 w,0.05587094,6015
6P2/4ak3/9/9/2b6/5C3/9/4B4/3K1p3/2B6 b,-0.047642898,1191
6P2/5k3/3a5/9/2b6/5C3/9/4B4/3K1p3/2B6 w,0.04984925,4541
6P2/5k3/3a5/9/2b2C3/9/9/4B4/3K1p3/2B6 b,-0.047044754,1273
6P2/4k4/3a5/9/2b2C3/9/9/4B4/3K1p3/2B6 w,0.04729004,545
5P3/4k4/3a5/9/2b2C3/9/9/4B4/3K1p3/2B6 b,-0.04002384,1184
5P3/5k3/3a5/9/2b2C3/9/9/4B4/3K1p3/2B6 w,0.044574596,454
4P4/5k3/3a5/9/2b2C3/9/9/4B4/3K1p3/2B6 b,-0.038972534,1273
4P4/4k4/3a5/9/2b2C3/9/9/4B4/3K1p3/2B6 w,0.048021268,363
3P5/4k4/3a5/9/2b2C3/9/9/4B4/3K1p3/2B6 b,-0.042392362,1192
3P5/9/3ak4/9/2b2C3/9/9/4B4/3K1p3/2B6 w,0.05186634,3749
3P5/9/3ak4/9/2b6/9/5C3/4B4/3K1p3/2B6 b,-0.046883535,1993
3P5/4k4/3a5/9/2b6/9/5C3/4B4/3K1p3/2B6 w,0.053373743,5364
3P5/4k4/3a5/9/2b6/9/C8/4B4/3K1p3/2B6 b,-0.04849067,1184
3P5/5k3/3a5/9/2b6/9/C8/4B4/3K1p3/2B6 w,0.05096774,272
2P6/5k3/3a5/9/2b6/9/C8/4B4/3K1p3/2B6 b,-0.047036815,1273
2P6/4k4/3a5/9/2b6/9/C8/4B4/3K1p3/2B6 w,0.060697652,6816
2P6/4k4/3a5/9/2b6/9/C8/3KB4/5p3/2B6 b,-0.056756057,1174
2P1k4/9/3a5/9/2b6/9/C8/3KB4/5p3/2B6 w,0.054229666,4860
C1P1k4/9/3a5/9/2b6/9/9/3KB4/5p3/2B6 b,-0.049670853,373
C1P6/4k4/3a5/9/2b6/9/9/3KB4/5p3/2B6 w,0.057804585,36
2P6/4k4/3a5/9/C1b6/9/9/3KB4/5p3/2B6 b,-0.05131954,7006
2P6/4k4/3a5/9/C1b6/9/9/3KB4/4p4/2B6 w,0.058683347,3294
2P6/4k4/3a5/9/2b6/9/C8/3KB4/4p4/2B6 b,-0.053451683,1174
2P1k4/9/3a5/9/2b6/9/C8/3KB4/4p4/2B6 w,0.04894426,4919
2P1k4/9/3a5/9/2b6/9/5C3/3KB4/4p4/2B6 b,-0.030041361,3438
2P1k4/9/b2a5/9/9/9/5C3/3KB4/4p4/2B6 w,0.02849853,181
1P2k4/9/b2a5/9/9/9/5C3/3KB4/4p4/2B6 b,-0.028817846,1658
1P2k4/9/3a5/9/2b6/9/5C3/3KB4/4p4/2B6 w,0.04051566,5364
1P2k4/9/3a5/9/2b6/9/C8/3KB4/4p4/2B6 b,-0.018793702,365
1P3k3/9/3a5/9/2b6/9/C8/3KB4/4p4/2B6 w,0.024211932,4860
CP3k3/9/3a5/9/2b6/9/9/3KB4/4p4/2B6 b,-0.020878052,464
CP7/5k3/3a5/9/2b6/9/9/3KB4/4p4/2B6 w,0.020435547,6077
CP7/5k3/3a5/9/2b6/2B6/9/3K5/4p4/2B6 b,-0.018062163,3438
CP7/5k3/b2a5/9/9/2B6/9/3K5/4p4/2B6 w,0.016896272,6007
CP7/5k3/b2a5/9/9/2B6/9/4K4/4p4/2B6 b,-0.012879706,6915
CP7/5k3/b2a5/9/9/2B6/9/4K4/3p5/2B6 w,0.017476464,9
1P7/C4k3/b2a5/9/9/2B6/9/4K4/3p5/2B6 b,-0.014289677,1265
1P3k3/C8/b2a5/9/9/2B6/9/4K4/3p5/2B6 w,0.0010117292,810
CP3k3/9/b2a5/9/9/2B6/9/4K4/3p5/2B6 b,0,464
rnbakabnr/9/1c5c1/p1p1p1p1p/9/9/P1P1P1P1P/1C5C1/9/RNBAKABNR w,0.00182724,5827
rnbakabnr/9/1c5c1/p1p1p1p1p/9/9/P1P1P1P1P/4C2C1/9/RNBAKABNR b,-0.0017835737,110
r1bakabnr/9/1cn4c1/p1p1p1p1p/9/9/P1P1P1P1P/4C2C1/9/RNBAKABNR w,0.0018192291,7445
r1bakabnr/9/1cn4c1/p1p1p1p1p/9/9/P1P1P1P1P/2N1C2C1/9/R1BAKABNR b,-0.0018352151,562
r1baka1nr/9/1cn1b2c1/p1p1p1p1p/9/9/P1P1P1P1P/2N1C2C1/9/R1BAKABNR w,0.0019635202,7372
r1baka1nr/9/1cn1b2c1/p1p1p1p1p/9/9/P1P1P1P1P/2N1C2C1/9/1RBAKABNR b,-0.0017674089,1
1rbaka1nr/9/1cn1b2c1/p1p1p1p1p/9/9/P1P1P1P1P/2N1C2C1/9/1RBAKABNR w,0.0017163992,6368
1rbaka1nr/9/1cn1b2c1/p1p1p1p1p/9/9/P1P1P1P1P/2N1CC3/9/1RBAKABNR b,-0.0012760878,654
1rbaka2r/9/1cn1b1nc1/p1p1p1p1p/9/9/P1P1P1P1P/2N1CC3/9/1RBAKABNR w,0.0015744448,7989
1rbaka2r/9/1cn1b1nc1/p1p1p1p1p/9/9/P1P1P1P1P/2N1CCN2/9/1RBAKAB1R b,-0.001368165,3012
1rbaka2r/9/1cn1b1nc1/p1p1p3p/6p2/9/P1P1P1P1P/2N1CCN2/9/1RBAKAB1R w,0.0018723011,8098
1rbaka2r/9/1cn1b1nc1/p1p1p3p/6p2/9/P1P1P1P1P/2N1CCN2/9/1RBAKABR1 b,-0.0018853665,727
1rbaka1r1/9/1cn1b1nc1/p1p1p3p/6p2/9/P1P1P1P1P/2N1CCN2/9/1RBAKABR1 w,0.0025545598,5087
1rbaka1r1/9/1cn1b1nc1/p1p1p3p/6p2/2P6/P3P1P1P/2N1CCN2/9/1RBAKABR1 b,-0.0021549107,1765
1rbaka1r1/9/2n1b1nc1/p1p1p3p/6p2/2P6/Pc2P1P1P/2N1CCN2/9/1RBAKABR1 w,0.0047726394,5898
1rbaka1r1/9/2n1b1nc1/p1p1p3p/6p2/2PN5/Pc2P1P1P/4CCN2/9/1RBAKABR1 b,-0.0063818814,2311
1rbaka1r1/9/2n1b1n2/p1p1p3p/6p2/2PN5/Pc2P1PcP/4CCN2/9/1RBAKABR1 w,0.0073769093,6143
1rbaka1r1/9/2n1bCn2/p1p1p3p/6p2/2PN5/Pc2P1PcP/4C1N2/9/1RBAKABR1 b,-0.008457172,1986
1rbakabr1/9/2n2Cn2/p1p1p3p/6p2/2PN5/Pc2P1PcP/4C1N2/9/1RBAKABR1 w,0.018145729,4351
1rbakabr1/9/2n2Cn2/p1p1N3p/6p2/2P6/Pc2P1PcP/4C1N2/9/1RBAKABR1 b,-0.0048104883,1831
1rbakabr1/9/5Cn2/p1p1n3p/6p2/2P6/Pc2P1PcP/4C1N2/9/1RBAKABR1 w,0.005105925,6061
1rbakabr1/9/5Cn2/p1p1C3p/6p2/2P6/Pc2P1PcP/6N2/9/1RBAKABR1 b,0.009313822,109
2bakabr1/9/1r3Cn2/p1p1C3p/6p2/2P6/Pc2P1PcP/6N2/9/1RBAKABR1 w,0.0018212795,2839
2bakabr1/9/1r3Cn2/p1p5p/6p2/2P1C4/Pc2P1PcP/6N2/9/1RBAKABR1 b,0.0015270949,1733
2bakabr1/9/5rn2/p1p5p/6p2/2P1C4/Pc2P1PcP/6N2/9/1RBAKABR1 w,0.009611654,7435
2bakabr1/9/5rn2/p1p5p/6p2/2P1C4/PR2P1PcP/6N2/9/2BAKABR1 b,-0.00648731,2201
2bakabr1/9/5r3/p1p5p/5np2/2P1C4/PR2P1PcP/6N2/9/2BAKABR1 w,0.014036894,4987
2bakabr1/9/5r3/p1p5p/1R3np2/2P1C4/P3P1PcP/6N2/9/2BAKABR1 b,-0.00949831,3750
2bakabr1/9/5r3/p1p5p/1R4p2/2P1C4/P3P1ncP/6N2/9/2BAKABR1 w,0.019583846,3372
2bakabr1/9/5r3/p1p5p/6R2/2P1C4/P3P1ncP/6N2/9/2BAKABR1 b,-0.0054848315,5449
2bakabr1/9/5r3/p1p5p/6R2/2P1n4/P3P2cP/6N2/9/2BAKABR1 w,0.0057774307,5269
2bakabr1/9/5r3/p1p5p/6R2/2P1P4/P6cP/6N2/9/2BAKABR1 b,0.0003559351,5560
2bakabr1/9/5r3/p1p5p/6R2/2P1P4/P7P/6Nc1/9/2BAKABR1 w,0.0091265915,7999
2bakabr1/9/5r3/p1p5p/6R2/2P1P4/P7P/6Nc1/7R1/2BAKAB2 b,0.0015275956,2138
2bakabr1/9/9/p1p5p/6R2/2P1P4/P7P/5rNc1/7R1/2BAKAB2 w,0.0005050421,3813
2bakabr1/9/9/p1p3R1p/9/2P1P4/P7P/5rNc1/7R1/2BAKAB2 b,-0.0004974723,691
2bakab2/9/9/p1p3R1p/9/2P1P4/P6rP/5rNc1/7R1/2BAKAB2 w,0.014288259,2976
2bakaR2/9/9/p1p5p/9/2P1P4/P6rP/5rNc1/7R1/2BAKAB2 b,-0.0038278461,5548
2bakaR2/9/9/p1p5p/9/2P1P4/P3r3P/5rNc1/7R1/2BAKAB2 w,0.027641058,7636
2bakaR2/9/9/p1p5p/9/2P1P4/P3r3P/5rNc1/4A2R1/2B1KAB2 b,-0.016237736,6361
2bakaR2/9/9/p1p5p/9/2P1P4/P3r2cP/5rN2/4A2R1/2B1KAB2 w,0.06420081,7171
2bakaR2/9/9/p1p5p/9/2P1P4/P3r2RP/5rN2/4A4/2B1KAB2 b,-0.053386595,5281
2bakaR2/9/9/p1p5p/9/2P1P4/P6rP/5rN2/4A4/2B1KAB2 w,0.06070113,6908
2bakaR2/9/9/p1p5p/9/2P1P4/P6rP/5AN2/9/2B1KAB2 b,-0.05132388,5544
2bakaR2/9/9/p1p5p/9/2P1P4/r7P/5AN2/9/2B1KAB2 w,0.061719444,6260
2bakaR2/9/9/p1p5p/9/2P1PN3/r7P/5A3/9/2B1KAB2 b,-0.057662677,4922
2bakaR2/9/9/p1p5p/9/2P1PN3/8r/5A3/9/2B1KAB2 w,0.0678324,4543
2bakaR2/9/9/p1p5p/7N1/2P1P4/8r/5A3/9/2B1KAB2 b,-0.05694132,5638
2bakaR2/9/9/p1p5p/7N1/2P1P4/4r4/5A3/9/2B1KAB2 w,0.05665369,6196
2bakaR2/9/9/p1p5p/7N1/2P1P4/4r4/9/4A4/2B1KAB2 b,-0.04330778,5269
2bakaR2/9/9/p1p5p/7N1/2P1r4/9/9/4A4/2B1KAB2 w,0.044302847,3902
2bakaR2/9/9/p1p2N2p/9/2P1r4/9/9/4A4/2B1KAB2 b,-0.04878856,4457
2bakaR2/9/9/p1p2N2p/9/2r6/9/9/4A4/2B1KAB2 w,0.06759234,7897
2bakaR2/9/9/p1p2N2p/9/2r6/9/4B4/4A4/2B1KA3 b,-0.067349575,4280
2bakaR2/9/9/p1p2N2p/9/5r3/9/4B4/4A4/2B1KA3 w,0.0644361,2901
2bakaR2/9/3N5/p1p5p/9/5r3/9/4B4/4A4/2B1KA3 b,-0.064811125,373
2ba1aR2/4k4/3N5/p1p5p/9/5r3/9/4B4/4A4/2B1KA3 w,0.06763215,555
2ba1a3/4k1R2/3N5/p1p5p/9/5r3/9/4B4/4A4/2B1KA3 b,-0.064588964,1192
2ba1a3/6R2/3Nk4/p1p5p/9/5r3/9/4B4/4A4/2B1KA3 w,0.07383094,1930
2ba1a3/6R2/4k4/p1p5p/4N4/5r3/9/4B4/4A4/2B1KA3 b,-0.06045258,4532
2ba1a3/6R2/4k4/p1p2r2p/4N4/9/9/4B4/4A4/2B1KA3 w,0.070952944,1410
2ba1a3/9/4k4/p1p2r2p/4N4/9/6R2/4B4/4A4/2B1KA3 b,-0.037171315,2911
2ba1a3/9/4k4/p1p1r3p/4N4/9/6R2/4B4/4A4/2B1KA3 w,0.050544452,3633
2ba1a3/9/4k4/p1p1r1N1p/9/9/6R2/4B4/4A4/2B1KA3 b,-0.04517299,1993
2ba1a3/4k4/9/p1p1r1N1p/9/9/6R2/4B4/4A4/2B1KA3 w,0.057068396,2996
2ba1a3/4k4/8N/p1p1r3p/9/9/6R2/4B4/4A4/2B1KA3 b,-0.04479642,1174
2baka3/9/8N/p1p1r3p/9/9/6R2/4B4/4A4/2B1KA3 w,0.053614713,2355
2baka3/6N2/9/p1p1r3p/9/9/6R2/4B4/4A4/2B1KA3 b,-0.05629295,373
2ba1a3/4k1N2/9/p1p1r3p/9/9/6R2/4B4/4A4/2B1KA3 w,0.07005334,5459
2ba1a3/4k1N2/9/p1p1r3p/9/9/5R3/4B4/4A4/2B1KA3 b,-0.058477927,2823
2ba1a3/4k1N2/9/p1p3r1p/9/9/5R3/4B4/4A4/2B1KA3 w,0.06512826,1382
2ba1a3/4k4/9/p1p2Nr1p/9/9/5R3/4B4/4A4/2B1KA3 b,-0.065914154,1174
2baka3/9/9/p1p2Nr1p/9/9/5R3/4B4/4A4/2B1KA3 w,0.07824812,2901
2baka3/9/3N5/p1p3r1p/9/9/5R3/4B4/4A4/2B1KA3 b,-0.07834145,373
2ba1a3/4k4/3N5/p1p3r1p/9/9/5R3/4B4/4A4/2B1KA3 w,0.0868782,1892
2Na1a3/4k4/9/p1p3r1p/9/9/5R3/4B4/4A4/2B1KA3 b,-0.08049438,3000
2Na1a3/4k4/9/p1pr4p/9/9/5R3/4B4/4A4/2B1KA3 w,0.08563566,5315
2Na1R3/4k4/9/p1pr4p/9/9/9/4B4/4A4/2B1KA3 b,-0.07986462,2712
2Na1R3/3rk4/9/p1p5p/9/9/9/4B4/4A4/2B1KA3 w,0.09055698,456
2Na2R2/3rk4/9/p1p5p/9/9/9/4B4/4A4/2B1KA3 b,-0.084295705,1110
2Na2R2/4k4/9/p1pr4p/9/9/9/4B4/4A4/2B1KA3 w,0.07512498,555
2Na5/4k1R2/9/p1pr4p/9/9/9/4B4/4A4/2B1KA3 b,-0.08571946,1174
2Nak4/6R2/9/p1pr4p/9/9/9/4B4/4A4/2B1KA3 w,0.09539709,1392
2Nak4/9/9/p1pr4p/6R2/9/9/4B4/4A4/2B1KA3 b,-0.08905635,283
2N1k4/4a4/9/p1pr4p/6R2/9/9/4B4/4A4/2B1KA3 w,0.08080798,3786
2N1k1R2/4a4/9/p1pr4p/9/9/9/4B4/4A4/2B1KA3 b,-0.087264776,1175
2N1kaR2/9/9/p1pr4p/9/9/9/4B4/4A4/2B1KA3 w,0.0917923,564
2N1ka3/9/6R2/p1pr4p/9/9/9/4B4/4A4/2B1KA3 b,-0.08418205,363
2Nk1a3/9/6R2/p1pr4p/9/9/9/4B4/4A4/2B1KA3 w,0.098072626,2183
2Nk1a3/9/5R3/p1pr4p/9/9/9/4B4/4A4/2B1KA3 b,-0.08261316,463
2Nk5/4a4/5R3/p1pr4p/9/9/9/4B4/4A4/2B1KA3 w,0.08836329,2092
2Nk5/4a4/4R4/p1pr4p/9/9/9/4B4/4A4/2B1KA3 b,-0.084314965,2712
2Nk5/3ra4/4R4/p1p5p/9/9/9/4B4/4A4/2B1KA3 w,0.09089334,2000
2Nk5/3ra4/2R6/p1p5p/9/9/9/4B4/4A4/2B1KA3 b,-0.07743134,1110
2Nk5/4a4/2R6/p1pr4p/9/9/9/4B4/4A4/2B1KA3 w,0.09375341,199
3k5/4a4/1NR6/p1pr4p/9/9/9/4B4/4A4/2B1KA3 b,-0.077823475,274
4k4/4a4/1NR6/p1pr4p/9/9/9/4B4/4A4/2B1KA3 w,0.08629751,1802
2R1k4/4a4/1N7/p1pr4p/9/9/9/4B4/4A4/2B1KA3 b,-0.083990835,2703
2Rrk4/4a4/1N7/p1p5p/9/9/9/4B4/4A4/2B1KA3 w,0.09049716,209
3rk4/4a4/1N7/p1R5p/9/9/9/4B4/4A4/2B1KA3 b,-0.08853177,291
4k4/4a4/1N1r5/p1R5p/9/9/9/4B4/4A4/2B1KA3 w,0.09497204,1712
2N1k4/4a4/3r5/p1R5p/9/9/9/4B4/4A4/2B1KA3 b,-0.09236305,1912
2N1k4/4a4/4r4/p1R5p/9/9/9/4B4/4A4/2B1KA3 w,0.079580024,189
4k4/N3a4/4r4/p1R5p/9/9/9/4B4/4A4/2B1KA3 b,-0.07636833,1998
4k4/N3a4/r8/p1R5p/9/9/9/4B4/4A4/2B1KA3 w,0.09610114,830
4k4/4a4/r1N6/p1R5p/9/9/9/4B4/4A4/2B1KA3 b,-0.09390737,1639
4k4/4a4/1rN6/p1R5p/9/9/9/4B4/4A4/2B1KA3 w,0.08620653,6908
4k4/4a4/1rN6/p1R5p/9/9/9/4BA3/9/2B1KA3 b,-0.07784455,1728
4k4/4a4/r1N6/p1R5p/9/9/9/4BA3/9/2B1KA3 w,0.09721804,2675
4k4/4a4/r1N6/p7p/9/9/9/2R1BA3/9/2B1KA3 b,-0.09248028,1639
4k4/4a4/1rN6/p7p/9/9/9/2R1BA3/9/2B1KA3 w,0.09312921,1839
4k4/4a4/1r7/p7p/3N5/9/9/2R1BA3/9/2B1KA3 b,-0.08251103,1731
4k4/4a4/3r5/p7p/3N5/9/9/2R1BA3/9/2B1KA3 w,0.093852594,3542
4k4/4a4/3r5/p4N2p/9/9/9/2R1BA3/9/2B1KA3 b,-0.08769333,1913
4k4/4a4/5r3/p4N2p/9/9/9/2R1BA3/9/2B1KA3 w,0.08510818,5852
2R1k4/4a4/5r3/p4N2p/9/9/9/4BA3/9/2B1KA3 b,-0.07942617,1173
2Rak4/9/5r3/p4N2p/9/9/9/4BA3/9/2B1KA3 w,0.08351629,209
3ak4/9/5r3/p1R2N2p/9/9/9/4BA3/9/2B1KA3 b,-0.08122947,283
4k4/4a4/5r3/p1R2N2p/9/9/9/4BA3/9/2B1KA3 w,0.08214076,6077
4k4/4a4/5r3/p1R2N2p/9/2B6/9/5A3/9/2B1KA3 b,-0.077064134,365
5k3/4a4/5r3/p1R2N2p/9/2B6/9/5A3/9/2B1KA3 w,0.08709164,2612
2R2k3/4a4/5r3/p4N2p/9/2B6/9/5A3/9/2B1KA3 b,-0.08815688,464
2R6/4ak3/5r3/p4N2p/9/2B6/9/5A3/9/2B1KA3 w,0.093179084,2919
2R6/4ak3/5r3/p7p/3N5/2B6/9/5A3/9/2B1KA3 b,-0.08181007,3194
2R6/4ak3/5r3/p8/3N4p/2B6/9/5A3/9/2B1KA3 w,0.08690412,186
6R2/4ak3/5r3/p8/3N4p/2B6/9/5A3/9/2B1KA3 b,-0.09207089,2138
6R2/4ak3/9/p8/3N4p/2B6/9/5r3/9/2B1KA3 w,0.106105186,555
9/4akR2/9/p8/3N4p/2B6/9/5r3/9/2B1KA3 b,-0.10107775,1265
5k3/4a1R2/9/p8/3N4p/2B6/9/5r3/9/2B1KA3 w,0.10810709,1363
5k3/4R4/9/p8/3N4p/2B6/9/5r3/9/2B1KA3 b,-0.10655343,6206
5k3/4R4/9/p8/3N4p/2B6/9/9/9/2B1Kr3 w,0.10653353,7726
5k3/4R4/9/p8/3N4p/2B6/9/9/4K4/2B2r3 b,-0.112114504,7817
5k3/4R4/9/p8/3N4p/2B6/9/9/4Kr3/2B6 w,0.11712036,6925
5k3/4R4/9/p8/3N4p/2B6/9/9/5r3/2B1K4 b,-0.10063805,6953
5k3/4R4/5r3/p8/3N4p/2B6/9/9/9/2B1K4 w,0.108402945,1182
5k3/3R5/5r3/p8/3N4p/2B6/9/9/9/2B1K4 b,-0.09794475,4013
5k3/3R5/5r3/p8/3N5/2B5p/9/9/9/2B1K4 w,0.10544481,4297
5k3/3R5/5r3/p8/3N5/8p/9/4B4/9/2B1K4 b,-0.09210489,4822
5k3/3R5/5r3/p8/3N5/7p1/9/4B4/9/2B1K4 w,0.10462365,6077
5k3/3R5/5r3/p8/3N5/2B4p1/9/9/9/2B1K4 b,-0.10289295,2156
5k3/3R5/9/p8/3N5/2B4p1/9/9/9/2B1Kr3 w,0.10104189,7726
5k3/3R5/9/p8/3N5/2B4p1/9/9/4K4/2B2r3 b,-0.10701475,7817
5k3/3R5/9/p8/3N5/2B4p1/9/9/4Kr3/2B6 w,0.105578735,6925
5k3/3R5/9/p8/3N5/2B4p1/9/9/5r3/2B1K4 b,-0.09502437,6953
5k3/3R5/5r3/p8/3N5/2B4p1/9/9/9/2B1K4 w,0.098956995,1110
5k3/9/5r3/p2R5/3N5/2B4p1/9/9/9/2B1K4 b,-0.104243875,2092
5k3/9/4r4/p2R5/3N5/2B4p1/9/9/9/2B1K4 w,0.10149708,4297
5k3/9/4r4/p2R5/3N5/7p1/9/4B4/9/2B1K4 b,-0.098654084,2003
5k3/9/5r3/p2R5/3N5/7p1/9/4B4/9/2B1K4 w,0.10431435,2734
5k3/9/5r3/p6R1/3N5/7p1/9/4B4/9/2B1K4 b,-0.09721458,4733
5k3/9/5r3/p6R1/3N5/8p/9/4B4/9/2B1K4 w,0.10538192,6081
5k3/9/5r3/p6R1/3N5/6B1p/9/9/9/2B1K4 b,-0.09647577,464
9/5k3/5r3/p6R1/3N5/6B1p/9/9/9/2B1K4 w,0.09691503,3087
9/5k3/5r3/R8/3N5/6B1p/9/9/9/2B1K4 b,-0.089285016,4822
9/5k3/5r3/R8/3N5/6Bp1/9/9/9/2B1K4 w,0.0986438,4657
9/5k3/5r3/R8/3N5/7p1/9/4B4/9/2B1K4 b,-0.086680174,4741
9/5k3/5r3/R8/3N5/9/7p1/4B4/9/2B1K4 w,0.08914228,2464
9/5k3/5r3/7R1/3N5/9/7p1/4B4/9/2B1K4 b,-0.08884757,5550
9/5k3/5r3/7R1/3N5/9/6p2/4B4/9/2B1K4 w,0.0975379,3092
9/5k3/5r3/5R3/3N5/9/6p2/4B4/9/2B1K4 b,-0.09530623,2102
9/5k3/9/5r3/3N5/9/6p2/4B4/9/2B1K4 w,0.09414277,3542
9/5k3/9/5N3/9/9/6p2/4B4/9/2B1K4 b,-0.089520454,5459
9/5k3/9/5N3/9/9/5p3/4B4/9/2B1K4 w,0.08461719,2905
9/5k3/7N1/9/9/9/5p3/4B4/9/2B1K4 b,-0.085778914,1273
9/4k4/7N1/9/9/9/5p3/4B4/9/2B1K4 w,0.09509547,7734
9/4k4/7N1/9/9/9/5p3/4B4/9/2BK5 b,-0.088944495,1174
4k4/9/7N1/9/9/9/5p3/4B4/9/2BK5 w,0.09249716,2282
4k4/9/9/5N3/9/9/5p3/4B4/9/2BK5 b,-0.09428551,365
5k3/9/9/5N3/9/9/5p3/4B4/9/2BK5 w,0.1002743,7635
5k3/9/9/5N3/9/9/5p3/4B4/3K5/2B6 b,-0.09335277,5368
5k3/9/9/5N3/9/9/4p4/4B4/3K5/2B6 w,0.09676528,6077
5k3/9/9/5N3/9/2B6/4p4/9/3K5/2B6 b,-0.09395552,5277
5k3/9/9/5N3/9/2B6/3p5/9/3K5/2B6 w,0.09588828,6826
5k3/9/9/5N3/9/2B6/3p5/9/4K4/2B6 b,-0.09156082,5188
5k3/9/9/5N3/9/2B6/4p4/9/4K4/2B6 w,0.096273616,2901
5k3/9/3N5/9/9/2B6/4p4/9/4K4/2B6 b,-0.09208188,5279
5k3/9/3N5/9/9/2B6/5p3/9/4K4/2B6 w,0.09188624,1930
5k3/9/9/9/4N4/2B6/5p3/9/4K4/2B6 b,-0.096061066,5370
5k3/9/9/9/4N4/2B6/6p2/9/4K4/2B6 w,0.09741354,6925
5k3/9/9/9/4N4/2B6/6p2/9/9/2B1K4 b,-0.09471519,5469
5k3/9/9/9/4N4/2B6/9/6p2/9/2B1K4 w,0.09809847,7734
5k3/9/9/9/4N4/2B6/9/6p2/9/2BK5 b,-0.09883986,6278
5k3/9/9/9/4N4/2B6/9/5p3/9/2BK5 w,0.094754815,3621
5k3/9/3N5/9/9/2B6/9/5p3/9/2BK5 b,-0.10050211,6197
5k3/9/3N5/9/9/2B6/9/9/5p3/2BK5 w,0.112349585,7635
5k3/9/3N5/9/9/2B6/9/9/3K1p3/2B6 b,-0.099072956,7008
5k3/9/3N5/9/9/2B6/9/9/3K2p2/2B6 w,0.10124083,1930
5k3/9/9/9/4N4/2B6/9/9/3K2p2/2B6 b,-0.10104994,7097
5k3/9/9/9/4N4/2B6/9/9/3K1p3/2B6 w,0.099038415,3633
5k3/9/9/6N2/9/2B6/9/9/3K1p3/2B6 b,-0.089285985,7008
5k3/9/9/6N2/9/2B6/9/9/3K2p2/2B6 w,0.0882674,2992
5k3/9/4N4/9/9/2B6/9/9/3K2p2/2B6 b,-0.08923121,464
9/5k3/4N4/9/9/2B6/9/9/3K2p2/2B6 w,0.09213853,1983
3N5/5k3/9/9/9/2B6/9/9/3K2p2/2B6 b,-0.08994001,1273
3N5/4k4/9/9/9/2B6/9/9/3K2p2/2B6 w,0.09026752,290
9/4k4/2N6/9/9/2B6/9/9/3K2p2/2B6 b,-0.08490063,1184
9/5k3/2N6/9/9/2B6/9/9/3K2p2/2B6 w,0.09590812,6826
9/5k3/2N6/9/9/2B6/9/9/4K1p2/2B6 b,-0.09625452,7097
9/5k3/2N6/9/9/2B6/9/9/4Kp3/2B6 w,0.09372642,6925
9/5k3/2N6/9/9/2B6/9/9/5p3/2B1K4 b,-0.08427286,7008
9/5k3/2N6/9/9/2B6/9/9/6p2/2B1K4 w,0.09144683,1839
9/5k3/9/9/3N5/2B6/9/9/6p2/2B1K4 b,-0.09057339,7097
9/5k3/9/9/3N5/2B6/9/9/5p3/2B1K4 w,0.09621944,3542
9/5k3/9/5N3/9/2B6/9/9/5p3/2B1K4 b,-0.08535881,1265
5k3/9/9/5N3/9/2B6/9/9/5p3/2B1K4 w,0.08816876,4297
5k3/9/9/5N3/9/9/9/4B4/5p3/2B1K4 b,-0.08349543,454
4k4/9/9/5N3/9/9/9/4B4/5p3/2B1K4 w,0.08644791,7734
4k4/9/9/5N3/9/9/9/4B4/5p3/2BK5 b,-0.08764412,365
5k3/9/9/5N3/9/9/9/4B4/5p3/2BK5 w,0.08942151,7635
5k3/9/9/5N3/9/9/9/4B4/3K1p3/2B6 b,-0.094688945,464
9/5k3/9/5N3/9/9/9/4B4/3K1p3/2B6 w,0.10323968,6081
9/5k3/9/5N3/9/6B2/9/9/3K1p3/2B6 b,-0.098368205,1283
9/9/5k3/5N3/9/6B2/9/9/3K1p3/2B6 w,0.09982266,2929
9/9/5k3/9/9/4N1B2/9/9/3K1p3/2B6 b,-0.096599296,2092
9/9/4k4/9/9/4N1B2/9/9/3K1p3/2B6 w,0.1012002,4440
9/9/4k4/3N5/9/6B2/9/9/3K1p3/2B6 b,-0.09329168,2001
9/9/3k5/3N5/9/6B2/9/9/3K1p3/2B6 w,0.09437454,6816
9/9/3k5/3N5/9/6B2/9/3K5/5p3/2B6 b,-0.09445038,7008
9/9/3k5/3N5/9/6B2/9/3K5/6p2/2B6 w,0.09811797,6007
9/9/3k5/3N5/9/6B2/9/4K4/6p2/2B6 b,-0.09527268,7097
9/9/3k5/3N5/9/6B2/9/4K4/5p3/2B6 w,0.102882914,2719
9/9/1N1k5/9/9/6B2/9/4K4/5p3/2B6 b,-0.091827825,7008
9/9/1N1k5/9/9/6B2/9/4K4/6p2/2B6 w,0.09488871,1712
2N6/9/3k5/9/9/6B2/9/4K4/6p2/2B6 b,-0.095661834,1902
2N6/3k5/9/9/9/6B2/9/4K4/6p2/2B6 w,0.097052954,6106
2N6/3k5/9/9/9/6B2/9/9/4K1p2/2B6 b,-0.095170595,1083
2Nk5/9/9/9/9/6B2/9/9/4K1p2/2B6 w,0.09609824,189
3k5/N8/9/9/9/6B2/9/9/4K1p2/2B6 b,-0.09044848,282
9/N2k5/9/9/9/6B2/9/9/4K1p2/2B6 w,0.09952345,838
9/3k5/9/1N7/9/6B2/9/9/4K1p2/2B6 b,-0.09532892,1083
3k5/9/9/1N7/9/6B2/9/9/4K1p2/2B6 w,0.10052152,6925
3k5/9/9/1N7/9/6B2/9/9/6p2/2B1K4 b,-0.090900496,282
9/3k5/9/1N7/9/6B2/9/9/6p2/2B1K4 w,0.0875077,2559
9/3k5/9/9/3N5/6B2/9/9/6p2/2B1K4 b,-0.08625825,1101
9/9/3k5/9/3N5/6B2/9/9/6p2/2B1K4 w,0.08582964,3542
9/9/3k5/5N3/9/6B2/9/9/6p2/2B1K4 b,-0.088827066,1902
9/3k5/9/5N3/9/6B2/9/9/6p2/2B1K4 w,0.09924128,7736
9/3k5/9/5N3/9/6B2/9/9/6p2/2B2K3 b,-0.095596746,1083
3k5/9/9/5N3/9/6B2/9/9/6p2/2B2K3 w,0.100025535,2901
3k5/9/3N5/9/9/6B2/9/9/6p2/2B2K3 b,-0.09293759,282
9/3k5/3N5/9/9/6B2/9/9/6p2/2B2K3 w,0.09457522,1930
9/3k5/9/9/4N4/6B2/9/9/6p2/2B2K3 b,-0.08810108,1093
9/4k4/9/9/4N4/6B2/9/9/6p2/2B2K3 w,0.09468072,7825
9/4k4/9/9/4N4/6B2/9/9/6p2/2B1K4 b,-0.08621427,7097
9/4k4/9/9/4N4/6B2/9/9/5p3/2B1K4 w,0.08115075,4657
9/4k4/9/9/4N4/9/9/4B4/5p3/2B1K4 b,-0.07810235,1182
9/3k5/9/9/4N4/9/9/4B4/5p3/2B1K4 w,0.078183964,3629
9/3k5/9/2N6/9/9/9/4B4/5p3/2B1K4 b,-0.07748747,1083
3k5/9/9/2N6/9/9/9/4B4/5p3/2B1K4 w,0.09005766,2658
3k5/9/9/9/9/3N5/9/4B4/5p3/2B1K4 b,-0.08223015,274
4k4/9/9/9/9/3N5/9/4B4/5p3/2B1K4 w,0.082427695,4351
4k4/9/9/4N4/9/9/9/4B4/5p3/2B1K4 b,-0.0878643,7008
4k4/9/9/4N4/9/9/9/4B4/6p2/2B1K4 w,0.0973979,7734
4k4/9/9/4N4/9/9/9/4B4/6p2/2BK5 b,-0.08592119,7097
4k4/9/9/4N4/9/9/9/4B4/5p3/2BK5 w,0.09305606,7635
4k4/9/9/4N4/9/9/9/4B4/3K1p3/2B6 b,-0.08365872,373
9/4k4/9/4N4/9/9/9/4B4/3K1p3/2B6 w,0.0956182,6077
9/4k4/9/4N4/9/2B6/9/9/3K1p3/2B6 b,-0.081370614,7008
9/4k4/9/4N4/9/2B6/9/9/3K2p2/2B6 w,0.07138615,4293
9/4k4/9/4N4/9/9/9/B8/3K2p2/2B6 b,-0.060474254,7097
9/4k4/9/4N4/9/9/9/B8/3K1p3/2B6 w,0.062120702,6834
9/4k4/9/4N4/9/9/9/B8/5p3/2BK5 b,-0.052551936,7006
9/4k4/9/4N4/9/9/9/B8/4p4/2BK5 w,0.057136416,5717
9/4k4/9/4N4/9/2B6/9/9/4p4/2BK5 b,-0.04937023,1174
4k4/9/9/4N4/9/2B6/9/9/4p4/2BK5 w,0.06797395,2814
4k4/9/6N2/9/9/2B6/9/9/4p4/2BK5 b,-0.06196518,6917
4k4/9/6N2/9/9/2B6/9/9/5p3/2BK5 w,0.066098265,2201
4k4/9/9/9/5N3/2B6/9/9/5p3/2BK5 b,-0.049744107,373
9/4k4/9/9/5N3/2B6/9/9/5p3/2BK5 w,0.059667278,4297
9/4k4/9/9/5N3/9/9/4B4/5p3/2BK5 b,-0.034927487,7006
9/4k4/9/9/5N3/9/9/4B4/4p4/2BK5 w,0.04746585,3738
9/4k4/9/9/9/3N5/9/4B4/4p4/2BK5 b,-0.023196269,1182
9/3k5/9/9/9/3N5/9/4B4/4p4/2BK5 w,0.021193553,7533
9/3k5/9/9/9/3N5/9/B3B4/4p4/3K5 b,-0.012161708,1101
9/9/3k5/9/9/3N5/9/B3B4/4p4/3K5 w,0.021505047,6117
9/9/3k5/9/9/3N5/9/B8/4p4/3K2B2 b,-0.019082105,1902
9/3k5/9/9/9/3N5/9/B8/4p4/3K2B2 w,0.021633912,5753
9/3k5/9/9/9/3N5/9/9/4p4/2BK2B2 b,-0.016834438,1101
9/9/3k5/9/9/3N5/9/9/4p4/2BK2B2 w,0.019369578,7537
9/9/3k5/9/9/3N5/9/4B4/4p4/3K2B2 b,-0.017022444,1902
9/3k5/9/9/9/3N5/9/4B4/4p4/3K2B2 w,0.018627215,7901
9/3k5/9/9/9/3N5/9/4B3B/4p4/3K5 b,-0.01074729,1101
9/9/3k5/9/9/3N5/9/4B3B/4p4/3K5 w,0.01937747,6441
9/9/3k5/9/9/3N2B2/9/4B4/4p4/3K5 b,-0.013872492,1902
9/3k5/9/9/9/3N2B2/9/4B4/4p4/3K5 w,0.017741395,6113
9/3k5/9/9/9/3N2B2/9/9/4p4/2BK5 b,-0.005280745,1101
9/9/3k5/9/9/3N2B2/9/9/4p4/2BK5 w,0.005680871,4657
9/9/3k5/9/9/3N5/9/4B4/4p4/2BK5 b,0,1902
rnbakabnr/9/1c5c1/p1p1p1p1p/9/9/P1P1P1P1P/1C5C1/9/RNBAKABNR w,0.0017713547,5827
rnbakabnr/9/1c5c1/p1p1p1p1p/9/9/P1P1P1P1P/4C2C1/9/RNBAKABNR b,-0.0018122196,110
r1bakabnr/9/1cn4c1/p1p1p1p1p/9/9/P1P1P1P1P/4C2C1/9/RNBAKABNR w,0.0018301487,7445
r1bakabnr/9/1cn4c1/p1p1p1p1p/9/9/P1P1P1P1P/2N1C2C1/9/R1BAKABNR b,-0.0018395424,562
r1baka1nr/9/1cn1b2c1/p1p1p1p1p/9/9/P1P1P1P1P/2N1C2C1/9/R1BAKABNR w,0.0019419909,7372
r1baka1nr/9/1cn1b2c1/p1p1p1p1p/9/9/P1P1P1P1P/2N1C2C1/9/1RBAKABNR b,-0.0017724872,1
1rbaka1nr/9/1cn1b2c1/p1p1p1p1p/9/9/P1P1P1P1P/2N1C2C1/9/1RBAKABNR w,0.0017125607,6368
1rbaka1nr/9/1cn1b2c1/p1p1p1p1p/9/9/P1P1P1P1P/2N1CC3/9/1RBAKABNR b,-0.0012718678,654
1rbaka2r/9/1cn1b1nc1/p1p1p1p1p/9/9/P1P1P1P1P/2N1CC3/9/1RBAKABNR w,0.0016003847,7989
1rbaka2r/9/1cn1b1nc1/p1p1p1p1p/9/9/P1P1P1P1P/2N1CCN2/9/1RBAKAB1R b,-0.0013647914,3012
1rbaka2r/9/1cn1b1nc1/p1p1p3p/6p2/9/P1P1P1P1P/2N1CCN2/9/1RBAKAB1R w,0.0018735885,8098
1rbaka2r/9/1cn1b1nc1/p1p1p3p/6p2/9/P1P1P1P1P/2N1CCN2/9/1RBAKABR1 b,-0.0020183683,727
1rbaka1r1/9/1cn1b1nc1/p1p1p3p/6p2/9/P1P1P1P1P/2N1CCN2/9/1RBAKABR1 w,0.0025545598,5087
1rbaka1r1/9/1cn1b1nc1/p1p1p3p/6p2/2P6/P3P1P1P/2N1CCN2/9/1RBAKABR1 b,-0.00222553,1765
1rbaka1r1/9/2n1b1nc1/p1p1p3p/6p2/2P6/Pc2P1P1P/2N1CCN2/9/1RBAKABR1 w,0.004753709,5898
1rbaka1r1/9/2n1b1nc1/p1p1p3p/6p2/2PN5/Pc2P1P1P/4CCN2/9/1RBAKABR1 b,-0.0063818814,2311
1rbaka1r1/9/2n1b1n2/p1p1p3p/6p2/2PN5/Pc2P1PcP/4CCN2/9/1RBAKABR1 w,0.0079417,6143
1rbaka1r1/9/2n1bCn2/p1p1p3p/6p2/2PN5/Pc2P1PcP/4C1N2/9/1RBAKABR1 b,-0.008457172,1986
1rbakabr1/9/2n2Cn2/p1p1p3p/6p2/2PN5/Pc2P1PcP/4C1N2/9/1RBAKABR1 w,0.018145729,4351
1rbakabr1/9/2n2Cn2/p1p1N3p/6p2/2P6/Pc2P1PcP/4C1N2/9/1RBAKABR1 b,-0.004766011,1831
1rbakabr1/9/5Cn2/p1p1n3p/6p2/2P6/Pc2P1PcP/4C1N2/9/1RBAKABR1 w,0.0050498727,6061
1rbakabr1/9/5Cn2/p1p1C3p/6p2/2P6/Pc2P1PcP/6N2/9/1RBAKABR1 b,0.009483027,109
2bakabr1/9/1r3Cn2/p1p1C3p/6p2/2P6/Pc2P1PcP/6N2/9/1RBAKABR1 w,0.0018850804,2839
2bakabr1/9/1r3Cn2/p1p5p/6p2/2P1C4/Pc2P1PcP/6N2/9/1RBAKABR1 b,0.0015896797,1733
2bakabr1/9/5rn2/p1p5p/6p2/2P1C4/Pc2P1PcP/6N2/9/1RBAKABR1 w,0.009691954,7435
2bakabr1/9/5rn2/p1p5p/6p2/2P1C4/PR2P1PcP/6N2/9/2BAKABR1 b,-0.007027888,2201
2bakabr1/9/5r3/p1p5p/5np2/2P1C4/PR2P1PcP/6N2/9/2BAKABR1 w,0.014189816,4987
2bakabr1/9/5r3/p1p5p/1R3np2/2P1C4/P3P1PcP/6N2/9/2BAKABR1 b,-0.008435405,3750
2bakabr1/9/5r3/p1p5p/1R4p2/2P1C4/P3P1ncP/6N2/9/2BAKABR1 w,0.01923957,3372
2bakabr1/9/5r3/p1p5p/6R2/2P1C4/P3P1ncP/6N2/9/2BAKABR1 b,-0.005437696,5449
2bakabr1/9/5r3/p1p5p/6R2/2P1n4/P3P2cP/6N2/9/2BAKABR1 w,0.005839396,5269
2bakabr1/9/5r3/p1p5p/6R2/2P1P4/P6cP/6N2/9/2BAKABR1 b,0.00039632322,5560
2bakabr1/9/5r3/p1p5p/6R2/2P1P4/P7P/6Nc1/9/2BAKABR1 w,0.009204745,7999
2bakabr1/9/5r3/p1p5p/6R2/2P1P4/P7P/6Nc1/7R1/2BAKAB2 b,-0.003245604,283
2b1kabr1/4a4/5r3/p1p5p/6R2/2P1P4/P7P/6Nc1/7R1/2BAKAB2 w,0.019472195,7183
2b1kabr1/4a4/5r3/p1p5p/6R2/2P1P4/P7P/6Nc1/1R7/2BAKAB2 b,-0.0005264878,2138
2b1kabr1/4a4/9/p1p5p/6R2/2P1P4/P7P/5rNc1/1R7/2BAKAB2 w,0.013008237,6571
1Rb1kabr1/4a4/9/p1p5p/6R2/2P1P4/P7P/5rNc1/9/2BAKAB2 b,0.0025120259,562
1Rb1ka1r1/4a4/4b4/p1p5p/6R2/2P1P4/P7P/5rNc1/9/2BAKAB2 w,0.0017684698,3813
1Rb1ka1r1/4a4/4b4/p1p3R1p/9/2P1P4/P7P/5rNc1/9/2BAKAB2 b,0.0067934277,691
1Rb1ka3/4a4/4b4/p1p3R1p/9/2P1P4/P6rP/5rNc1/9/2BAKAB2 w,0.009180856,4450
1Rb1ka3/4a4/4b4/p1p3R1p/4P4/2P6/P6rP/5rNc1/9/2BAKAB2 b,0.009186125,5547
1Rb1ka3/4a4/4b4/p1p3R1p/4P4/2P6/P2r4P/5rNc1/9/2BAKAB2 w,0.016911436,7816
1Rb1ka3/4a4/4b4/p1p3R1p/4P4/2P6/P2r4P/5rNc1/4A4/2BAK1B2 b,-0.0105477935,6197
1Rb1ka3/4a4/4b4/p1p3R1p/4P4/2P6/P2r4P/6Nc1/4Ar3/2BAK1B2 w,0.040834595,3631
1Rb1ka3/4a4/4b4/p1p1P1R1p/9/2P6/P2r4P/6Nc1/4Ar3/2BAK1B2 b,-0.03258569,7008
1Rb1ka3/4a4/4b4/p1p1P1R1p/9/2P6/P2r4P/6Nc1/4A1r2/2BAK1B2 w,0.052533936,7897
1Rb1ka3/4a4/4b4/p1p1P1R1p/9/2P6/P2r4P/4B1Nc1/4A1r2/2BAK4 b,-0.030521154,1986
1Rb1kab2/4a4/9/p1p1P1R1p/9/2P6/P2r4P/4B1Nc1/4A1r2/2BAK4 w,0.042806532,6260
1Rb1kab2/4a4/9/p1p1P1R1p/9/2P2N3/P2r4P/4B2c1/4A1r2/2BAK4 b,-0.022213245,7053
1Rb1kab2/4a4/9/p1p1P1r1p/9/2P2N3/P2r4P/4B2c1/4A4/2BAK4 w,0.032785226,4533
1Rb1kab2/4a4/9/p1p1P1N1p/9/2P6/P2r4P/4B2c1/4A4/2BAK4 b,-0.03464223,6325
1Rb1kab2/4a4/7c1/p1p1P1N1p/9/2P6/P2r4P/4B4/4A4/2BAK4 w,0.046779633,92
2R1kab2/4a4/7c1/p1p1P1N1p/9/2P6/P2r4P/4B4/4A4/2BAK4 b,-0.043405652,5133
2Rrkab2/4a4/7c1/p1p1P1N1p/9/2P6/P7P/4B4/4A4/2BAK4 w,0.046554852,209
3rkab2/4a4/7c1/p1R1P1N1p/9/2P6/P7P/4B4/4A4/2BAK4 b,-0.04422108,327
4kab2/4a4/7c1/p1R1P1N1p/9/2P6/P2r4P/4B4/4A4/2BAK4 w,0.061422803,2637
4kab2/4a4/7c1/R3P1N1p/9/2P6/P2r4P/4B4/4A4/2BAK4 b,-0.04520439,2284
4kab2/4a4/9/R3P1Ncp/9/2P6/P2r4P/4B4/4A4/2BAK4 w,0.061841346,3010
4kab2/4a4/9/R3P2cp/4N4/2P6/P2r4P/4B4/4A4/2BAK4 b,-0.061686493,5192
4kab2/4a4/9/R3P2cp/4N4/2P6/P7r/4B4/4A4/2BAK4 w,0.07573209,2812
4kab2/4a4/4P4/R6cp/4N4/2P6/P7r/4B4/4A4/2BAK4 b,-0.06350851,3076
4kab2/4a2c1/4P4/R7p/4N4/2P6/P7r/4B4/4A4/2BAK4 w,0.07067962,2430
R3kab2/4a2c1/4P4/8p/4N4/2P6/P7r/4B4/4A4/2BAK4 b,-0.07287965,1173
R2akab2/7c1/4P4/8p/4N4/2P6/P7r/4B4/4A4/2BAK4 w,0.07968743,9
3akab2/R6c1/4P4/8p/4N4/2P6/P7r/4B4/4A4/2BAK4 b,-0.044986784,463
3ak1b2/R3a2c1/4P4/8p/4N4/2P6/P7r/4B4/4A4/2BAK4 w,0.058029033,1993
3ak1b2/R3P2c1/9/8p/4N4/2P6/P7r/4B4/4A4/2BAK4 b,-0.073322274,283
4k1b2/R3a2c1/9/8p/4N4/2P6/P7r/4B4/4A4/2BAK4 w,0.08332367,810
R3k1b2/4a2c1/9/8p/4N4/2P6/P7r/4B4/4A4/2BAK4 b,-0.08412974,1173
R2ak1b2/7c1/9/8p/4N4/2P6/P7r/4B4/4A4/2BAK4 w,0.094840005,3621
R2ak1b2/7c1/3N5/8p/9/2P6/P7r/4B4/4A4/2BAK4 b,-0.08168173,1452
R2ak1b2/3c5/3N5/8p/9/2P6/P7r/4B4/4A4/2BAK4 w,0.08341217,9
3ak1b2/R2c5/3N5/8p/9/2P6/P7r/4B4/4A4/2BAK4 b,-0.054425575,283
4k1b2/R2ca4/3N5/8p/9/2P6/P7r/4B4/4A4/2BAK4 w,0.05184412,822
4k1b2/3Ra4/3N5/8p/9/2P6/P7r/4B4/4A4/2BAK4 b,-0.031962443,5637
4k1b2/3Ra4/3N5/8p/9/2P6/P2r5/4B4/4A4/2BAK4 w,0.05190897,4268
4k1b2/3Ra4/3N5/8p/2P6/9/P2r5/4B4/4A4/2BAK4 b,-0.029423868,5151
4k1b2/3Ra4/3r5/8p/2P6/9/P8/4B4/4A4/2BAK4 w,0.032728553,1101
4k1b2/4a4/3R5/8p/2P6/9/P8/4B4/4A4/2BAK4 b,-0.029361177,1191
4k1b2/9/3a5/8p/2P6/9/P8/4B4/4A4/2BAK4 w,0.030390238,3459
4k1b2/9/3a5/8p/3P5/9/P8/4B4/4A4/2BAK4 b,-0.030750418,3194
4k1b2/9/3a5/9/3P4p/9/P8/4B4/4A4/2BAK4 w,0.04075065,3540
4k1b2/9/3a5/3P5/8p/9/P8/4B4/4A4/2BAK4 b,-0.030847644,1903
4k1b2/4a4/9/3P5/8p/9/P8/4B4/4A4/2BAK4 w,0.033191252,6926
4k1b2/4a4/9/3P5/8p/9/P8/4B4/9/2BAKA3 b,-0.029193616,562
4k4/4a4/4b4/3P5/8p/9/P8/4B4/9/2BAKA3 w,0.03400383,4905
4k4/4a4/4b4/3P5/8p/P8/9/4B4/9/2BAKA3 b,-0.036040176,1982
2b1k4/4a4/9/3P5/8p/P8/9/4B4/9/2BAKA3 w,0.04322176,6117
2b1k4/4a4/9/3P5/8p/P8/9/9/9/2BAKAB2 b,-0.039924275,4013
2b1k4/4a4/9/3P5/9/P7p/9/9/9/2BAKAB2 w,0.039556336,4086
2b1k4/4a4/9/3P5/P8/8p/9/9/9/2BAKAB2 b,-0.03660977,4822
2b1k4/4a4/9/3P5/P8/7p1/9/9/9/2BAKAB2 w,0.04973321,2721
2b1k4/4a4/3P5/9/P8/7p1/9/9/9/2BAKAB2 b,-0.034444775,363
2bk5/4a4/3P5/9/P8/7p1/9/9/9/2BAKAB2 w,0.04125464,1910
2bk5/4a4/2P6/9/P8/7p1/9/9/9/2BAKAB2 b,-0.04175509,202
3k5/4a4/2P1b4/9/P8/7p1/9/9/9/2BAKAB2 w,0.038552236,3277
3k5/4a4/2P1b4/9/1P7/7p1/9/9/9/2BAKAB2 b,-0.036302913,274
4k4/4a4/2P1b4/9/1P7/7p1/9/9/9/2BAKAB2 w,0.044685006,3358
4k4/4a4/2P1b4/1P7/9/7p1/9/9/9/2BAKAB2 b,-0.036722578,365
5k3/4a4/2P1b4/1P7/9/7p1/9/9/9/2BAKAB2 w,0.048668027,2539
5k3/4a4/1PP1b4/9/9/7p1/9/9/9/2BAKAB2 b,-0.0476558,4741
5k3/4a4/1PP1b4/9/9/9/7p1/9/9/2BAKAB2 w,0.045970466,7537
5k3/4a4/1PP1b4/9/9/9/7p1/4B4/9/3AKAB2 b,-0.039892804,5550
5k3/4a4/1PP1b4/9/9/9/6p2/4B4/9/3AKAB2 w,0.038017083,7636
5k3/4a4/1PP1b4/9/9/9/6p2/4B4/4A4/4KAB2 b,-0.028956104,464
9/4ak3/1PP1b4/9/9/9/6p2/4B4/4A4/4KAB2 w,0.035263777,1720
9/1P2ak3/2P1b4/9/9/9/6p2/4B4/4A4/4KAB2 b,-0.03101704,1193
9/1P3k3/2P1ba3/9/9/9/6p2/4B4/4A4/4KAB2 w,0.031732656,1811
9/1PP2k3/4ba3/9/9/9/6p2/4B4/4A4/4KAB2 b,-0.03309505,2018
9/1PP2k3/5a3/9/2b6/9/6p2/4B4/4A4/4KAB2 w,0.035996225,1002
9/1P1P1k3/5a3/9/2b6/9/6p2/4B4/4A4/4KAB2 b,-0.03329265,3442
9/1P1P1k3/4ba3/9/9/9/6p2/4B4/4A4/4KAB2 w,0.03826785,911
9/2PP1k3/4ba3/9/9/9/6p2/4B4/4A4/4KAB2 b,-0.032555353,5459
9/2PP1k3/4ba3/9/9/9/5p3/4B4/4A4/4KAB2 w,0.038056232,7734
9/2PP1k3/4ba3/9/9/9/5p3/4B4/4A4/3K1AB2 b,-0.03314805,5370
9/2PP1k3/4ba3/9/9/9/6p2/4B4/4A4/3K1AB2 w,0.047822524,6081
9/2PP1k3/4ba3/9/9/6B2/6p2/9/4A4/3K1AB2 b,-0.042025592,5459
9/2PP1k3/4ba3/9/9/6B2/5p3/9/4A4/3K1AB2 w,0.048277188,4661
9/2PP1k3/4ba3/9/9/9/5p3/8B/4A4/3K1AB2 b,-0.040941205,5368
9/2PP1k3/4ba3/9/9/9/4p4/8B/4A4/3K1AB2 w,0.042830776,7645
9/2PP1k3/4ba3/9/9/9/4p4/8B/4A4/4KAB2 b,-0.03679923,5277
9/2PP1k3/4ba3/9/9/9/3p5/8B/4A4/4KAB2 w,0.040235665,6924
9/2PP1k3/4ba3/9/9/9/3p5/8B/9/3AKAB2 b,-0.03756714,5188
9/2PP1k3/4ba3/9/9/9/4p4/8B/9/3AKAB2 w,0.037500765,7816
9/2PP1k3/4ba3/9/9/9/4p4/8B/4A4/3AK1B2 b,-0.030303955,5277
9/2PP1k3/4ba3/9/9/9/3p5/8B/4A4/3AK1B2 w,0.041442942,7736
9/2PP1k3/4ba3/9/9/9/3p5/8B/4A4/3A1KB2 b,-0.034161936,5188
9/2PP1k3/4ba3/9/9/9/4p4/8B/4A4/3A1KB2 w,0.044993877,6908
9/2PP1k3/4ba3/9/9/9/4p4/5A2B/9/3A1KB2 b,-0.031219853,5277
9/2PP1k3/4ba3/9/9/9/3p5/5A2B/9/3A1KB2 w,0.050196934,7817
9/2PP1k3/4ba3/9/9/9/3p5/5A2B/5K3/3A2B2 b,-0.04255035,5188
9/2PP1k3/4ba3/9/9/9/4p4/5A2B/5K3/3A2B2 w,0.048694324,7636
9/2PP1k3/4ba3/9/9/9/4p4/5A2B/4AK3/6B2 b,-0.034185838,5277
9/2PP1k3/4ba3/9/9/9/3p5/5A2B/4AK3/6B2 w,0.035308957,7016
9/2PP1k3/4ba3/9/9/9/3p5/5A2B/4A4/5KB2 b,-0.033305526,2022
9/2PP1k3/5a3/9/6b2/9/3p5/5A2B/4A4/5KB2 w,0.038356163,7825
9/2PP1k3/5a3/9/6b2/9/3p5/5A2B/4A4/4K1B2 b,-0.029294802,3802
9/2PP1k3/4ba3/9/9/9/3p5/5A2B/4A4/4K1B2 w,0.037344195,6926
9/2PP1k3/4ba3/9/9/9/3p5/5A2B/9/4KAB2 b,-0.030111004,5188
9/2PP1k3/4ba3/9/9/9/4p4/5A2B/9/4KAB2 w,0.035760473,7734
9/2PP1k3/4ba3/9/9/9/4p4/5A2B/9/3K1AB2 b,-0.033051264,5277
9/2PP1k3/4ba3/9/9/9/3p5/5A2B/9/3K1AB2 w,0.04215131,7635
9/2PP1k3/4ba3/9/9/9/3p5/5A2B/3K5/5AB2 b,-0.034593787,5186
9/2PP1k3/4ba3/9/9/9/2p6/5A2B/3K5/5AB2 w,0.03281753,6826
9/2PP1k3/4ba3/9/9/9/2p6/5A2B/4K4/5AB2 b,-0.024394466,5097
9/2PP1k3/4ba3/9/9/9/3p5/5A2B/4K4/5AB2 w,0.03692565,7897
9/2PP1k3/4ba3/9/9/9/3p5/4BA2B/4K4/5A3 b,-0.03554833,5186
9/2PP1k3/4ba3/9/9/9/2p6/4BA2B/4K4/5A3 w,0.045664,6113
9/2PP1k3/4ba3/9/9/9/2p6/5A2B/4K4/2B2A3 b,-0.040191997,5105
9/2PP1k3/4ba3/9/9/9/9/2p2A2B/4K4/2B2A3 w,0.044843104,6925
9/2PP1k3/4ba3/9/9/9/9/2p2A2B/9/2B1KA3 b,-0.04289346,5924
9/2PP1k3/4ba3/9/9/9/9/5A2B/2p6/2B1KA3 w,0.045135476,7533
9/2PP1k3/4ba3/9/9/9/9/B4A2B/2p6/4KA3 b,-0.042349745,1265
5k3/2PP5/4ba3/9/9/9/9/B4A2B/2p6/4KA3 w,0.051272728,6196
5k3/2PP5/4ba3/9/9/9/9/B7B/2p1A4/4KA3 b,-0.040413655,464
9/2PP1k3/4ba3/9/9/9/9/B7B/2p1A4/4KA3 w,0.04021659,5717
9/2PP1k3/4ba3/9/9/2B6/9/8B/2p1A4/4KA3 b,-0.033513904,6735
9/2PP1k3/4ba3/9/9/2B6/9/8B/3pA4/4KA3 w,0.041978527,6924
9/2PP1k3/4ba3/9/9/2B6/9/8B/3p5/3AKA3 b,-0.0463907,1265
5k3/2PP5/4ba3/9/9/2B6/9/8B/3p5/3AKA3 w,0.047217917,7816
5k3/2PP5/4ba3/9/9/2B6/9/8B/3pA4/3AK4 b,-0.041369595,464
9/2PP1k3/4ba3/9/9/2B6/9/8B/3pA4/3AK4 w,0.050875545,4293
9/2PP1k3/4ba3/9/9/9/9/B7B/3pA4/3AK4 b,-0.05065149,1265
5k3/2PP5/4ba3/9/9/9/9/B7B/3pA4/3AK4 w,0.058739495,7736
5k3/2PP5/4ba3/9/9/9/9/B7B/3pA4/3A1K3 b,-0.04370456,464
9/2PP1k3/4ba3/9/9/9/9/B7B/3pA4/3A1K3 w,0.049320985,6477
9/2PP1k3/4ba3/9/9/9/9/B8/3pA4/3A1KB2 b,-0.04069518,6824
9/2PP1k3/4ba3/9/9/9/9/B8/2p1A4/3A1KB2 w,0.045778394,7897
9/2PP1k3/4ba3/9/9/9/9/B3B4/2p1A4/3A1K3 b,-0.041329514,2018
9/2PP1k3/5a3/9/2b6/9/9/B3B4/2p1A4/3A1K3 w,0.047788646,6077
9/2PP1k3/5a3/9/2b6/2B6/9/B8/2p1A4/3A1K3 b,-0.04430748,6735
9/2PP1k3/5a3/9/2b6/2B6/9/B8/3pA4/3A1K3 w,0.044786572,6906
9/2PP1k3/5a3/9/2b6/2B6/9/B2A5/3p5/3A1K3 b,-0.035204172,3442
9/2PP1k3/4ba3/9/9/2B6/9/B2A5/3p5/3A1K3 w,0.041799545,7825
9/2PP1k3/4ba3/9/9/2B6/9/B2A5/3p5/3AK4 b,-0.036438253,2018
9/2PP1k3/5a3/9/2b6/2B6/9/B2A5/3p5/3AK4 w,0.04253235,6016
9/2PP1k3/5a3/9/2b6/2B6/9/B8/3pA4/3AK4 b,-0.035776913,3442
9/2PP1k3/4ba3/9/9/2B6/9/B8/3pA4/3AK4 w,0.04553125,5753
9/2PP1k3/4ba3/9/9/2B6/9/9/3pA4/2BAK4 b,-0.03527541,6824
9/2PP1k3/4ba3/9/9/2B6/9/9/2p1A4/2BAK4 w,0.052268364,4293
9/2PP1k3/4ba3/9/9/9/9/B8/2p1A4/2BAK4 b,-0.042729985,1265
5k3/2PP5/4ba3/9/9/9/9/B8/2p1A4/2BAK4 w,0.048887398,7736
5k3/2PP5/4ba3/9/9/9/9/B8/2p1A4/2BA1K3 b,-0.035672307,464
9/2PP1k3/4ba3/9/9/9/9/B8/2p1A4/2BA1K3 w,0.04586296,1000
9/1P1P1k3/4ba3/9/9/9/9/B8/2p1A4/2BA1K3 b,-0.0340521,6733
9/1P1P1k3/4ba3/9/9/9/9/B8/1p2A4/2BA1K3 w,0.04572287,1091
9/1PP2k3/4ba3/9/9/9/9/B8/1p2A4/2BA1K3 b,-0.037320472,6644
9/1PP2k3/4ba3/9/9/9/9/B8/2p1A4/2BA1K3 w,0.047933843,7817
9/1PP2k3/4ba3/9/9/9/9/B8/2p1AK3/2BA5 b,-0.036443092,1273
9/1PP1k4/4ba3/9/9/9/9/B8/2p1AK3/2BA5 w,0.046634484,6998
9/1PP1k4/4ba3/9/9/9/9/B4K3/2p1A4/2BA5 b,-0.030386424,1184
9/1PP2k3/4ba3/9/9/9/9/B4K3/2p1A4/2BA5 w,0.04698291,1002
9/1P1P1k3/4ba3/9/9/9/9/B4K3/2p1A4/2BA5 b,-0.04969014,6735
9/1P1P1k3/4ba3/9/9/9/9/B4K3/3pA4/2BA5 w,0.058797,911
9/2PP1k3/4ba3/9/9/9/9/B4K3/3pA4/2BA5 b,-0.047225606,2022
9/2PP1k3/5a3/9/6b2/9/9/B4K3/3pA4/2BA5 w,0.04704473,6197
9/2PP1k3/5a3/9/6b2/9/9/B8/3pAK3/2BA5 b,-0.035289586,3802
9/2PP1k3/4ba3/9/9/9/9/B8/3pAK3/2BA5 w,0.04394126,5717
9/2PP1k3/4ba3/9/9/2B6/9/9/3pAK3/2BA5 b,-0.0400314,2018
9/2PP1k3/5a3/9/2b6/2B6/9/9/3pAK3/2BA5 w,0.040561438,7016
9/2PP1k3/5a3/9/2b6/2B6/9/9/3pA4/2BA1K3 b,-0.03130715,3442
9/2PP1k3/4ba3/9/9/2B6/9/9/3pA4/2BA1K3 w,0.04623015,4297
9/2PP1k3/4ba3/9/9/9/9/4B4/3pA4/2BA1K3 b,-0.04296383,2018
9/2PP1k3/5a3/9/2b6/9/9/4B4/3pA4/2BA1K3 w,0.052688982,6081
9/2PP1k3/5a3/9/2b6/6B2/9/9/3pA4/2BA1K3 b,-0.043278515,3442
9/2PP1k3/4ba3/9/9/6B2/9/9/3pA4/2BA1K3 w,0.043457866,7533
9/2PP1k3/4ba3/9/9/6B2/9/B8/3pA4/3A1K3 b,-0.036446523,2018
9/2PP1k3/5a3/9/2b6/6B2/9/B8/3pA4/3A1K3 w,0.03801415,5717
9/2PP1k3/5a3/9/2b6/2B3B2/9/9/3pA4/3A1K3 b,-0.029825522,6824
9/2PP1k3/5a3/9/2b6/2B3B2/9/9/2p1A4/3A1K3 w,0.042448234,4661
9/2PP1k3/5a3/9/2b6/2B6/9/8B/2p1A4/3A1K3 b,-0.037289906,6735
9/2PP1k3/5a3/9/2b6/2B6/9/8B/3pA4/3A1K3 w,0.046314932,4297
9/2PP1k3/5a3/9/2b6/9/9/4B3B/3pA4/3A1K3 b,-0.03729582,3442
9/2PP1k3/4ba3/9/9/9/9/4B3B/3pA4/3A1K3 w,0.044261314,6477
9/2PP1k3/4ba3/9/9/9/9/4B4/3pA4/3A1KB2 b,-0.031587567,6824
9/2PP1k3/4ba3/9/9/9/9/4B4/2p1A4/3A1KB2 w,0.035224963,6077
9/2PP1k3/4ba3/9/9/2B6/9/9/2p1A4/3A1KB2 b,-0.031680334,6735
9/2PP1k3/4ba3/9/9/2B6/9/9/3pA4/3A1KB2 w,0.03989127,7817
9/2PP1k3/4ba3/9/9/2B6/9/9/3pAK3/3A2B2 b,-0.031644095,6824
9/2PP1k3/4ba3/9/9/2B6/9/9/2p1AK3/3A2B2 w,0.03716333,6906
9/2PP1k3/4ba3/9/9/2B6/9/3A5/2p2K3/3A2B2 b,-0.03527149,6735
9/2PP1k3/4ba3/9/9/2B6/9/3A5/3p1K3/3A2B2 w,0.04021225,7016
9/2PP1k3/4ba3/9/9/2B6/9/3A5/3p5/3A1KB2 b,-0.03318584,2022
9/2PP1k3/5a3/9/6b2/2B6/9/3A5/3p5/3A1KB2 w,0.0372216,4297
9/2PP1k3/5a3/9/6b2/9/9/3AB4/3p5/3A1KB2 b,-0.034543898,3802
9/2PP1k3/4ba3/9/9/9/9/3AB4/3p5/3A1KB2 w,0.046043467,6081
9/2PP1k3/4ba3/9/9/6B2/9/3A5/3p5/3A1KB2 b,-0.03426831,6824
9/2PP1k3/4ba3/9/9/6B2/9/3A5/2p6/3A1KB2 w,0.04405532,4661
9/2PP1k3/4ba3/9/9/9/9/3A4B/2p6/3A1KB2 b,-0.038387146,6735
9/2PP1k3/4ba3/9/9/9/9/3A4B/3p5/3A1KB2 w,0.04580312,6016
9/2PP1k3/4ba3/9/9/9/9/8B/3pA4/3A1KB2 b,-0.037908733,2018
9/2PP1k3/5a3/9/2b6/9/9/8B/3pA4/3A1KB2 w,0.044285942,7817
9/2PP1k3/5a3/9/2b6/9/9/8B/3pAK3/3A2B2 b,-0.0340899,3442
9/2PP1k3/4ba3/9/9/9/9/8B/3pAK3/3A2B2 w,0.03933077,6441
9/2PP1k3/4ba3/9/9/6B2/9/9/3pAK3/3A2B2 b,-0.0274894,6824
9/2PP1k3/4ba3/9/9/6B2/9/9/2p1AK3/3A2B2 w,0.029173208,6906
9/2PP1k3/4ba3/9/9/6B2/9/3A5/2p2K3/3A2B2 b,-0.028064204,6735
9/2PP1k3/4ba3/9/9/6B2/9/3A5/3p1K3/3A2B2 w,0.037206244,7901
9/2PP1k3/4ba3/9/9/6B2/9/3A4B/3p1K3/3A5 b,-0.031998456,6824
9/2PP1k3/4ba3/9/9/6B2/9/3A4B/2p2K3/3A5 w,0.03619316,7016
9/2PP1k3/4ba3/9/9/6B2/9/3A4B/2p6/3A1K3 b,-0.032461014,6735
9/2PP1k3/4ba3/9/9/6B2/9/3A4B/3p5/3A1K3 w,0.04084904,6016
9/2PP1k3/4ba3/9/9/6B2/9/8B/3pA4/3A1K3 b,-0.023171116,6824
9/2PP1k3/4ba3/9/9/6B2/9/8B/2p1A4/3A1K3 w,0.02645731,7825
9/2PP1k3/4ba3/9/9/6B2/9/8B/2p1A4/3AK4 b,-0.03034544,2018
9/2PP1k3/5a3/9/2b6/6B2/9/8B/2p1A4/3AK4 w,0.03256917,6908
9/2PP1k3/5a3/9/2b6/6B2/9/5A2B/2p6/3AK4 b,-0.024155354,3442
9/2PP1k3/4ba3/9/9/6B2/9/5A2B/2p6/3AK4 w,0.030105209,7736
9/2PP1k3/4ba3/9/9/6B2/9/5A2B/2p6/3A1K3 b,-0.027653491,6735
9/2PP1k3/4ba3/9/9/6B2/9/5A2B/3p5/3A1K3 w,0.041867044,6477
9/2PP1k3/4ba3/9/9/6B2/9/5A3/3p5/3A1KB2 b,-0.02463615,6824
9/2PP1k3/4ba3/9/9/6B2/9/5A3/2p6/3A1KB2 w,0.027618885,6196
9/2PP1k3/4ba3/9/9/6B2/9/9/2p1A4/3A1KB2 b,-0.023927141,6733
9/2PP1k3/4ba3/9/9/6B2/9/9/1p2A4/3A1KB2 w,0.030078769,4661
9/2PP1k3/4ba3/9/9/9/9/8B/1p2A4/3A1KB2 b,-0.020119524,6644
9/2PP1k3/4ba3/9/9/9/9/8B/2p1A4/3A1KB2 w,0.032796122,7825
9/2PP1k3/4ba3/9/9/9/9/8B/2p1A4/3AK1B2 b,-0.023973811,6733
9/2PP1k3/4ba3/9/9/9/9/8B/1p2A4/3AK1B2 w,0.029198408,6906
9/2PP1k3/4ba3/9/9/9/9/3A4B/1p7/3AK1B2 b,-0.024619639,6644
9/2PP1k3/4ba3/9/9/9/9/3A4B/2p6/3AK1B2 w,0.038820338,7726
9/2PP1k3/4ba3/9/9/9/9/3A4B/2p1K4/3A2B2 b,-0.025029171,6733
9/2PP1k3/4ba3/9/9/9/9/3A4B/1p2K4/3A2B2 w,0.032656264,6917
9/2PP1k3/4ba3/9/9/9/9/3A4B/1p3K3/3A2B2 b,-0.023473192,6644
9/2PP1k3/4ba3/9/9/9/9/3A4B/2p2K3/3A2B2 w,0.037421893,6998
9/2PP1k3/4ba3/9/9/9/9/3A1K2B/2p6/3A2B2 b,-0.033414185,2022
9/2PP1k3/5a3/9/6b2/9/9/3A1K2B/2p6/3A2B2 w,0.044695664,7636
9/2PP1k3/5a3/9/6b2/9/9/3A1K2B/2p1A4/6B2 b,-0.036572196,3802
9/2PP1k3/4ba3/9/9/9/9/3A1K2B/2p1A4/6B2 w,0.039660525,6197
9/2PP1k3/4ba3/9/9/9/9/3A4B/2p1AK3/6B2 b,-0.034110095,6735
9/2PP1k3/4ba3/9/9/9/9/3A4B/3pAK3/6B2 w,0.03775797,7016
9/2PP1k3/4ba3/9/9/9/9/3A4B/3pA4/5KB2 b,-0.02710042,6824
9/2PP1k3/4ba3/9/9/9/9/3A4B/2p1A4/5KB2 w,0.034147955,7825
9/2PP1k3/4ba3/9/9/9/9/3A4B/2p1A4/4K1B2 b,-0.02890643,6735
9/2PP1k3/4ba3/9/9/9/9/3A4B/3pA4/4K1B2 w,0.044937324,6908
9/2PP1k3/4ba3/9/9/9/9/3A1A2B/3p5/4K1B2 b,-0.040196348,2018
9/2PP1k3/5a3/9/2b6/9/9/3A1A2B/3p5/4K1B2 w,0.038085844,7736
9/2PP1k3/5a3/9/2b6/9/9/3A1A2B/3p5/5KB2 b,-0.029415656,3442
9/2PP1k3/4ba3/9/9/9/9/3A1A2B/3p5/5KB2 w,0.038343143,6441
9/2PP1k3/4ba3/9/9/6B2/9/3A1A3/3p5/5KB2 b,-0.03404919,6824
9/2PP1k3/4ba3/9/9/6B2/9/3A1A3/2p6/5KB2 w,0.035734084,7897
9/2PP1k3/4ba3/9/9/6B2/9/3ABA3/2p6/5K3 b,-0.030004669,6735
9/2PP1k3/4ba3/9/9/6B2/9/3ABA3/3p5/5K3 w,0.032851245,6196
9/2PP1k3/4ba3/9/9/6B2/9/3AB4/3pA4/5K3 b,-0.028635694,2018
9/2PP1k3/5a3/9/2b6/6B2/9/3AB4/3pA4/5K3 w,0.03202672,6077
9/2PP1k3/5a3/9/2b6/2B3B2/9/3A5/3pA4/5K3 b,-0.026032472,3438
9/2PP1k3/b4a3/9/9/2B3B2/9/3A5/3pA4/5K3 w,0.03434806,4661
9/2PP1k3/b4a3/9/9/2B6/9/3A4B/3pA4/5K3 b,-0.032981228,1658
9/2PP1k3/5a3/9/2b6/2B6/9/3A4B/3pA4/5K3 w,0.03529601,6477
9/2PP1k3/5a3/9/2b6/2B6/9/3A5/3pA4/5KB2 b,-0.027305448,3438
9/2PP1k3/b4a3/9/9/2B6/9/3A5/3pA4/5KB2 w,0.039577533,6924
9/2PP1k3/b4a3/9/9/2B6/9/3A5/3p5/3A1KB2 b,-0.031728543,1658
9/2PP1k3/5a3/9/2b6/2B6/9/3A5/3p5/3A1KB2 w,0.03560791,7825
9/2PP1k3/5a3/9/2b6/2B6/9/3A5/3p5/3AK1B2 b,-0.029098654,3442
9/2PP1k3/4ba3/9/9/2B6/9/3A5/3p5/3AK1B2 w,0.029398799,6016
9/2PP1k3/4ba3/9/9/2B6/9/9/3pA4/3AK1B2 b,-0.031767216,2083
9/2PPak3/4b4/9/9/2B6/9/9/3pA4/3AK1B2 w,0.036777165,4293
9/2PPak3/4b4/9/9/9/9/B8/3pA4/3AK1B2 b,-0.028006328,6824
9/2PPak3/4b4/9/9/9/9/B8/2p1A4/3AK1B2 w,0.036936212,5753
9/2PPak3/4b4/9/9/9/9/9/2p1A4/2BAK1B2 b,-0.037745144,6743
9/2PPak3/4b4/9/9/9/9/9/4A4/2pAK1B2 w,0.044647932,6908
9/2PPak3/4b4/9/9/9/9/5A3/9/2pAK1B2 b,-0.031310238,7552
9/2PPak3/4b4/9/9/9/9/5A3/9/1p1AK1B2 w,0.038652133,7897
9/2PPak3/4b4/9/9/9/9/4BA3/9/1p1AK4 b,-0.03261316,7461
9/2PPak3/4b4/9/9/9/9/4BA3/9/p2AK4 w,0.036024522,6077
9/2PPak3/4b4/9/9/2B6/9/5A3/9/p2AK4 b,-0.02878859,1175
5a3/2PP1k3/4b4/9/9/2B6/9/5A3/9/p2AK4 w,0.03991902,7636
5a3/2PP1k3/4b4/9/9/2B6/9/5A3/4A4/p3K4 b,-0.0389097,463
9/2PPak3/4b4/9/9/2B6/9/5A3/4A4/p3K4 w,0.045233417,6906
9/2PPak3/4b4/9/9/2B6/9/3A1A3/9/p3K4 b,-0.036403336,1191
9/2PP1k3/3ab4/9/9/2B6/9/3A1A3/9/p3K4 w,0.043326594,4297
9/2PP1k3/3ab4/9/9/9/9/3ABA3/9/p3K4 b,-0.035276722,7372
9/2PP1k3/3ab4/9/9/9/9/3ABA3/9/1p2K4 w,0.03727746,6113
9/2PP1k3/3ab4/9/9/9/9/3A1A3/9/1pB1K4 b,-0.033424556,7463
9/2PP1k3/3ab4/9/9/9/9/3A1A3/9/2p1K4 w,0.032560017,6016
9/2PP1k3/3ab4/9/9/9/9/5A3/4A4/2p1K4 b,-0.025235295,7552
9/2PP1k3/3ab4/9/9/9/9/5A3/4A4/1p2K4 w,0.028445458,6906
9/2PP1k3/3ab4/9/9/9/9/3A1A3/9/1p2K4 b,-0.023083651,7463
9/2PP1k3/3ab4/9/9/9/9/3A1A3/9/2p1K4 w,0.0363982,7726
9/2PP1k3/3ab4/9/9/9/9/3A1A3/4K4/2p6 b,-0.025451804,7552
9/2PP1k3/3ab4/9/9/9/9/3A1A3/4K4/1p7 w,0.029502058,6915
9/2PP1k3/3ab4/9/9/9/9/3A1A3/3K5/1p7 b,-0.023975873,7463
9/2PP1k3/3ab4/9/9/9/9/3A1A3/3K5/2p6 w,0.030959845,6016
9/2PP1k3/3ab4/9/9/9/9/5A3/3KA4/2p6 b,-0.022043264,7552
9/2PP1k3/3ab4/9/9/9/9/5A3/3KA4/1p7 w,0.028106976,6926
9/2PP1k3/3ab4/9/9/9/9/5A3/3K5/1p3A3 b,-0.022851516,7463
9/2PP1k3/3ab4/9/9/9/9/5A3/3K5/2p2A3 w,0.032783892,6816
9/2PP1k3/3ab4/9/9/9/9/3K1A3/9/2p2A3 b,-0.030616654,7554
9/2PP1k3/3ab4/9/9/9/9/3K1A3/9/3p1A3 w,0.033771444,6007
9/2PP1k3/3ab4/9/9/9/9/4KA3/9/3p1A3 b,-0.034482624,2022
9/2PP1k3/3a5/9/6b2/9/9/4KA3/9/3p1A3 w,0.05489838,7816
9/2PP1k3/3a5/9/6b2/9/9/4KA3/4A4/3p5 b,-0.038808335,7643
9/2PP1k3/3a5/9/6b2/9/9/4KA3/4A4/2p6 w,0.03447547,6906
9/2PP1k3/3a5/9/6b2/9/9/3AKA3/9/2p6 b,-0.019288301,3802
9/2PP1k3/3ab4/9/9/9/9/3AKA3/9/2p6 w,0.03280134,6196
9/2PP1k3/3ab4/9/9/9/9/3AK4/4A4/2p6 b,-0.027718736,1903
9/2PPak3/4b4/9/9/9/9/3AK4/4A4/2p6 w,0.03347924,6924
9/2PPak3/4b4/9/9/9/9/3AK4/9/2pA5 b,-0.03384192,7554
9/2PPak3/4b4/9/9/9/9/3AK4/9/3p5 w,0.0335917,6106
9/2PPak3/4b4/9/9/9/9/3A5/4K4/3p5 b,-0.021142198,1191
9/2PP1k3/3ab4/9/9/9/9/3A5/4K4/3p5 w,0.021534491,6915
9/2PP1k3/3ab4/9/9/9/9/3A5/3K5/3p5 b,-0.018631255,7645
9/2PP1k3/3ab4/9/9/9/9/3A5/3K5/4p4 w,0.027781272,6016
9/2PP1k3/3ab4/9/9/9/9/9/3KA4/4p4 b,-0.027253509,1903
9/2PPak3/4b4/9/9/9/9/9/3KA4/4p4 w,0.03380034,6908
9/2PPak3/4b4/9/9/9/9/5A3/3K5/4p4 b,-0.015447545,1191
9/2PP1k3/3ab4/9/9/9/9/5A3/3K5/4p4 w,0.019789815,6826
9/2PP1k3/3ab4/9/9/9/9/5A3/4K4/4p4 b,-0.01636901,7734
9/2PP1k3/3ab4/9/9/9/9/5A3/4K4/3p5 w,0.0267987,1000
9/1P1P1k3/3ab4/9/9/9/9/5A3/4K4/3p5 b,-0.018233454,7643
9/1P1P1k3/3ab4/9/9/9/9/5A3/4K4/2p6 w,0.029481744,6915
9/1P1P1k3/3ab4/9/9/9/9/5A3/3K5/2p6 b,-0.023032725,7552
9/1P1P1k3/3ab4/9/9/9/9/5A3/3K5/1p7 w,0.026060676,911
9/2PP1k3/3ab4/9/9/9/9/5A3/3K5/1p7 b,-0.01879015,7463
9/2PP1k3/3ab4/9/9/9/9/5A3/3K5/2p6 w,0.01201303,6826
9/2PP1k3/3ab4/9/9/9/9/5A3/4K4/2p6 b,0,7554
rnbakabnr/9/1c5c1/p1p1p1p1p/9/9/P1P1P1P1P/1C5C1/9/RNBAKABNR w,-0.79820085,5827
rnbakabnr/9/1c5c1/p1p1p1p1p/9/9/P1P1P1P1P/4C2C1/9/RNBAKABNR b,0.79823226,110
r1bakabnr/9/1cn4c1/p1p1p1p1p/9/9/P1P1P1P1P/4C2C1/9/RNBAKABNR w,-0.79817456,7445
r1bakabnr/9/1cn4c1/p1p1p1p1p/9/9/P1P1P1P1P/2N1C2C1/9/R1BAKABNR b,0.79819286,562
r1baka1nr/9/1cn1b2c1/p1p1p1p1p/9/9/P1P1P1P1P/2N1C2C1/9/R1BAKABNR w,-0.7980549,7372
r1baka1nr/9/1cn1b2c1/p1p1p1p1p/9/9/P1P1P1P1P/2N1C2C1/9/1RBAKABNR b,0.7982336,1
1rbaka1nr/9/1cn1b2c1/p1p1p1p1p/9/9/P1P1P1P1P/2N1C2C1/9/1RBAKABNR w,-0.798301,6368
1rbaka1nr/9/1cn1b2c1/p1p1p1p1p/9/9/P1P1P1P1P/2N1CC3/9/1RBAKABNR b,0.79872394,654
1rbaka2r/9/1cn1b1nc1/p1p1p1p1p/9/9/P1P1P1P1P/2N1CC3/9/1RBAKABNR w,-0.79840535,7989
1rbaka2r/9/1cn1b1nc1/p1p1p1p1p/9/9/P1P1P1P1P/2N1CCN2/9/1RBAKAB1R b,0.7986294,3012
1rbaka2r/9/1cn1b1nc1/p1p1p3p/6p2/9/P1P1P1P1P/2N1CCN2/9/1RBAKAB1R w,-0.79789424,8098
1rbaka2r/9/1cn1b1nc1/p1p1p3p/6p2/9/P1P1P1P1P/2N1CCN2/9/1RBAKABR1 b,0.7979852,727
1rbaka1r1/9/1cn1b1nc1/p1p1p3p/6p2/9/P1P1P1P1P/2N1CCN2/9/1RBAKABR1 w,-0.7972322,5087
1rbaka1r1/9/1cn1b1nc1/p1p1p3p/6p2/2P6/P3P1P1P/2N1CCN2/9/1RBAKABR1 b,0.7977869,1765
1rbaka1r1/9/2n1b1nc1/p1p1p3p/6p2/2P6/Pc2P1P1P/2N1CCN2/9/1RBAKABR1 w,-0.7948755,5898
1rbaka1r1/9/2n1b1nc1/p1p1p3p/6p2/2PN5/Pc2P1P1P/4CCN2/9/1RBAKABR1 b,0.79368293,2311
1rbaka1r1/9/2n1b1n2/p1p1p3p/6p2/2PN5/Pc2P1PcP/4CCN2/9/1RBAKABR1 w,-0.79206824,6143
1rbaka1r1/9/2n1bCn2/p1p1p3p/6p2/2PN5/Pc2P1PcP/4C1N2/9/1RBAKABR1 b,0.7915428,1986
1rbakabr1/9/2n2Cn2/p1p1p3p/6p2/2PN5/Pc2P1PcP/4C1N2/9/1RBAKABR1 w,-0.78223366,4351
1rbakabr1/9/2n2Cn2/p1p1N3p/6p2/2P6/Pc2P1PcP/4C1N2/9/1RBAKABR1 b,0.795234,1831
1rbakabr1/9/5Cn2/p1p1n3p/6p2/2P6/Pc2P1PcP/4C1N2/9/1RBAKABR1 w,-0.7950203,6061
1rbakabr1/9/5Cn2/p1p1C3p/6p2/2P6/Pc2P1PcP/6N2/9/1RBAKABR1 b,0.8093734,109
2bakabr1/9/1r3Cn2/p1p1C3p/6p2/2P6/Pc2P1PcP/6N2/9/1RBAKABR1 w,-0.79811496,2839
2bakabr1/9/1r3Cn2/p1p5p/6p2/2P1C4/Pc2P1PcP/6N2/9/1RBAKABR1 b,0.80124754,1733
2bakabr1/9/5rn2/p1p5p/6p2/2P1C4/Pc2P1PcP/6N2/9/1RBAKABR1 w,-0.79020643,7435
2bakabr1/9/5rn2/p1p5p/6p2/2P1C4/PR2P1PcP/6N2/9/2BAKABR1 b,0.794395,2201
2bakabr1/9/5r3/p1p5p/5np2/2P1C4/PR2P1PcP/6N2/9/2BAKABR1 w,-0.786866,4987
2bakabr1/9/5r3/p1p5p/1R3np2/2P1C4/P3P1PcP/6N2/9/2BAKABR1 b,0.7916348,3750
2bakabr1/9/5r3/p1p5p/1R4p2/2P1C4/P3P1ncP/6N2/9/2BAKABR1 w,-0.78095025,3372
2bakabr1/9/5r3/p1p5p/6R2/2P1C4/P3P1ncP/6N2/9/2BAKABR1 b,0.79452896,5449
2bakabr1/9/5r3/p1p5p/6R2/2P1n4/P3P2cP/6N2/9/2BAKABR1 w,-0.794244,5269
2bakabr1/9/5r3/p1p5p/6R2/2P1P4/P6cP/6N2/9/2BAKABR1 b,0.80047536,5560
2bakabr1/9/5r3/p1p5p/6R2/2P1P4/P7P/6Nc1/9/2BAKABR1 w,-0.7897299,7999
2bakabr1/9/5r3/p1p5p/6R2/2P1P4/P7P/6Nc1/7R1/2BAKAB2 b,0.8013448,2138
2bakabr1/9/9/p1p5p/6R2/2P1P4/P7P/5rNc1/7R1/2BAKAB2 w,-0.78789383,7897
2bakabr1/9/9/p1p5p/6R2/2P1P4/P7P/4BrNc1/7R1/2BAKA3 b,0.7962614,562
2baka1r1/9/4b4/p1p5p/6R2/2P1P4/P7P/4BrNc1/7R1/2BAKA3 w,-0.7846894,3840
2baka1r1/9/4b4/p1p5p/9/2P1P4/P5R1P/4BrNc1/7R1/2BAKA3 b,0.79608154,6170
2baka1r1/9/4b4/p1p5p/9/2P1Pr3/P5R1P/4B1Nc1/7R1/2BAKA3 w,-0.7774634,5458
2baka1r1/9/4b4/p1p5p/9/2P1Pr3/P3R3P/4B1Nc1/7R1/2BAKA3 b,0.78866816,4541
2baka1r1/9/4b4/p1p5p/5r3/2P1P4/P3R3P/4B1Nc1/7R1/2BAKA3 w,-0.7788504,4450
2baka1r1/9/4b4/p1p5p/4Pr3/2P6/P3R3P/4B1Nc1/7R1/2BAKA3 b,0.79609895,3758
2baka1r1/9/4b4/p1p5p/4P4/2P6/P3R3P/4BrNc1/7R1/2BAKA3 w,-0.78105164,5280
2baka1r1/9/4b4/p1p5p/4P4/2P6/P5R1P/4BrNc1/7R1/2BAKA3 b,0.7942503,664
2baka3/9/4b4/p1p4rp/4P4/2P6/P5R1P/4BrNc1/7R1/2BAKA3 w,-0.7630417,7636
2baka3/9/4b4/p1p4rp/4P4/2P6/P5R1P/4BrNc1/4A2R1/2B1KA3 b,0.7744915,6170
2baka3/9/4b4/p1p4rp/4P4/2P2r3/P5R1P/4B1Nc1/4A2R1/2B1KA3 w,-0.76969635,6268
2baka3/9/4b4/p1p4rp/4P4/2P2r3/P3N1R1P/4B2c1/4A2R1/2B1KA3 b,0.7732077,6343
2baka3/9/4b4/p1p4rp/4P2c1/2P2r3/P3N1R1P/4B4/4A2R1/2B1KA3 w,-0.7592208,5271
2baka3/9/4b4/p1p4rp/4P2c1/2P2rN2/P5R1P/4B4/4A2R1/2B1KA3 b,0.77070177,3912
2baka3/9/4b4/p1p4rp/4P1c2/2P2rN2/P5R1P/4B4/4A2R1/2B1KA3 w,-0.7691699,7144
2baka3/9/4b4/p1p4Rp/4P1c2/2P2rN2/P5R1P/4B4/4A4/2B1KA3 b,0.777598,3840
2baka3/9/4b4/p1p4Rp/4P4/2P2rN2/P5c1P/4B4/4A4/2B1KA3 w,-0.7671908,4622
2baka3/9/4b4/p1p2N1Rp/4P4/2P2r3/P5c1P/4B4/4A4/2B1KA3 b,0.77765965,283
2b1ka3/4a4/4b4/p1p2N1Rp/4P4/2P2r3/P5c1P/4B4/4A4/2B1KA3 w,-0.7748459,3631
2b1ka3/4a4/4b4/p1p1PN1Rp/9/2P2r3/P5c1P/4B4/4A4/2B1KA3 b,0.7732935,4577
2b1ka3/4a4/4b4/p1p1PN1Rp/9/2P6/P5c1P/4B4/4Ar3/2B1KA3 w,-0.75469977,3093
2b1ka3/4a4/4b4/p1p1PNR1p/9/2P6/P5c1P/4B4/4Ar3/2B1KA3 b,0.7604389,5461
2b1ka3/4a4/4b4/p1p1PNR1p/9/2P6/P6cP/4B4/4Ar3/2B1KA3 w,-0.74708086,2895
2b1ka3/4a1N2/4b4/p1p1P1R1p/9/2P6/P6cP/4B4/4Ar3/2B1KA3 b,0.7557425,6944
2b1ka3/4arN2/4b4/p1p1P1R1p/9/2P6/P6cP/4B4/4A4/2B1KA3 w,-0.74671084,2812
2b1ka3/4arN2/4P4/p1p3R1p/9/2P6/P6cP/4B4/4A4/2B1KA3 b,0.77246284,202
4ka3/4arN2/4b4/p1p3R1p/9/2P6/P6cP/4B4/4A4/2B1KA3 w,-0.76635027,1384
4ka3/4ar3/4b4/p1p3RNp/9/2P6/P6cP/4B4/4A4/2B1KA3 b,0.7875515,1337
4ka3/4a4/4b4/p1p3RNp/9/2P6/P6cP/4B4/4Ar3/2B1KA3 w,-0.7731718,3075
4ka3/4a1N2/4b4/p1p3R1p/9/2P6/P6cP/4B4/4Ar3/2B1KA3 b,0.77627933,6944
4ka3/4arN2/4b4/p1p3R1p/9/2P6/P6cP/4B4/4A4/2B1KA3 w,-0.76937413,1382
4ka3/4ar3/4b4/p1p2NR1p/9/2P6/P6cP/4B4/4A4/2B1KA3 b,0.770048,5578
4ka3/4ar3/4b4/p1p2NR1p/9/2P6/P7P/4B4/4A4/2B1KA1c1 w,-0.76666826,6117
4ka3/4ar3/4b4/p1p2NR1p/9/2P6/P7P/9/4A4/2B1KABc1 b,0.7760872,1283
4ka3/4a4/4br3/p1p2NR1p/9/2P6/P7P/9/4A4/2B1KABc1 w,-0.76560265,2919
4ka3/4a4/4br3/p1p3R1p/3N5/2P6/P7P/9/4A4/2B1KABc1 b,0.77233815,7963
4ka3/4a4/4br3/p1p3R1p/3N3c1/2P6/P7P/9/4A4/2B1KAB2 w,-0.75902677,7537
4ka3/4a4/4br3/p1p3R1p/3N3c1/2P6/P7P/4B4/4A4/4KAB2 b,0.7729854,2648
4ka3/4a4/4br3/p5R1p/2pN3c1/2P6/P7P/4B4/4A4/4KAB2 w,-0.7686636,4268
4ka3/4a4/4br3/p5R1p/2PN3c1/9/P7P/4B4/4A4/4KAB2 b,0.7795715,2018
4ka3/4a4/5r3/p5R1p/2bN3c1/9/P7P/4B4/4A4/4KAB2 w,-0.773653,2997
4ka3/4a4/5r3/R7p/2bN3c1/9/P7P/4B4/4A4/4KAB2 b,0.78374577,3438
4ka3/4a4/b4r3/R7p/3N3c1/9/P7P/4B4/4A4/4KAB2 w,-0.766893,2464
4ka3/4a4/b4r3/7Rp/3N3c1/9/P7P/4B4/4A4/4KAB2 b,0.7764884,3912
4ka3/4a4/b4r3/7Rp/3N2c2/9/P7P/4B4/4A4/4KAB2 w,-0.76594543,3093
4ka3/4a4/b4r3/6R1p/3N2c2/9/P7P/4B4/4A4/4KAB2 b,0.77818227,3823
4ka3/4a4/b4r3/6R1p/3N3c1/9/P7P/4B4/4A4/4KAB2 w,-0.76891625,3538
4ka3/4a4/b4r3/1N4R1p/7c1/9/P7P/4B4/4A4/4KAB2 b,0.7871902,3886
4ka3/4a2c1/b4r3/1N4R1p/9/9/P7P/4B4/4A4/4KAB2 w,-0.78373003,3005
4ka3/4a2c1/b4r3/1N6R/9/9/P7P/4B4/4A4/4KAB2 b,0.79095376,1622
2b1ka3/4a2c1/5r3/1N6R/9/9/P7P/4B4/4A4/4KAB2 w,-0.79116786,3184
2b1ka3/4a2c1/5r3/1N5R1/9/9/P7P/4B4/4A4/4KAB2 b,0.7893881,1457
2b1ka3/4a3c/5r3/1N5R1/9/9/P7P/4B4/4A4/4KAB2 w,-0.7775703,3089
2b1ka3/4a3c/5r3/1NR6/9/9/P7P/4B4/4A4/4KAB2 b,0.78822726,198
4ka3/4a3c/b4r3/1NR6/9/9/P7P/4B4/4A4/4KAB2 w,-0.7761183,2643
4ka3/4a3c/b4r3/1N4R2/9/9/P7P/4B4/4A4/4KAB2 b,0.7906987,1622
2b1ka3/4a3c/5r3/1N4R2/9/9/P7P/4B4/4A4/4KAB2 w,-0.78436464,5633
2b1ka3/4a3c/5r3/1N4R2/9/8P/P8/4B4/4A4/4KAB2 b,0.7916121,2092
2b1ka3/4a3c/4r4/1N4R2/9/8P/P8/4B4/4A4/4KAB2 w,-0.78242326,4814
2b1ka3/4a3c/4r4/1N4R2/8P/9/P8/4B4/4A4/4KAB2 b,0.7851297,2000
2b1ka3/4a3c/2r6/1N4R2/8P/9/P8/4B4/4A4/4KAB2 w,-0.78024155,3995
2b1ka3/4a3c/2r6/1N4R1P/9/9/P8/4B4/4A4/4KAB2 b,0.782752,1544
2b1ka3/4ac3/2r6/1N4R1P/9/9/P8/4B4/4A4/4KAB2 w,-0.7772699,4905
2b1ka3/4ac3/2r6/1N4R1P/9/P8/9/4B4/4A4/4KAB2 b,0.79060966,1838
2b1ka3/4ac3/9/1N4R1P/2r6/P8/9/4B4/4A4/4KAB2 w,-0.7780996,3184
2b1ka3/4ac3/9/1N4RP1/2r6/P8/9/4B4/4A4/4KAB2 b,0.7755772,3440
2b1ka3/4ac3/2r6/1N4RP1/9/P8/9/4B4/4A4/4KAB2 w,-0.7671502,4086
2b1ka3/4ac3/2r6/1N4RP1/P8/9/9/4B4/4A4/4KAB2 b,0.7735225,1277
2b1ka3/4a3c/2r6/1N4RP1/P8/9/9/4B4/4A4/4KAB2 w,-0.7696642,3267
2b1ka3/4a3c/2r6/PN4RP1/9/9/9/4B4/4A4/4KAB2 b,0.7778989,1556
2b1ka3/4a4/2r5c/PN4RP1/9/9/9/4B4/4A4/4KAB2 w,-0.76230365,7901
2b1ka3/4a4/2r5c/PN4RP1/9/9/9/4B3B/4A4/4KA3 b,0.7773114,2357
2b1ka3/4a3c/2r6/PN4RP1/9/9/9/4B3B/4A4/4KA3 w,-0.77093977,3021
2b1ka3/4a3c/2r6/PN5P1/9/6R2/9/4B3B/4A4/4KA3 b,0.7771348,1829
2b1ka3/4a3c/9/PNr4P1/9/6R2/9/4B3B/4A4/4KA3 w,-0.7739069,3093
2b1ka3/4a3c/9/PNr3P2/9/6R2/9/4B3B/4A4/4KA3 b,0.77957344,1545
2b1ka3/4a1c2/9/PNr3P2/9/6R2/9/4B3B/4A4/4KA3 w,-0.7699427,4637
2b1ka3/4a1c2/9/PNr3P2/9/2R6/9/4B3B/4A4/4KA3 b,0.7787298,2657
2b1ka3/4a1c2/9/PN4P2/9/2r6/9/4B3B/4A4/4KA3 w,-0.77795416,2567
2b1ka3/4a1c2/9/P5P2/9/2N6/9/4B3B/4A4/4KA3 b,0.7806778,1367
2b1ka3/4a3c/9/P5P2/9/2N6/9/4B3B/4A4/4KA3 w,-0.7733626,4288
2b1ka3/4a3c/9/P5P2/9/9/4N4/4B3B/4A4/4KA3 b,0.7777256,1191
2b1ka3/8c/3a5/P5P2/9/9/4N4/4B3B/4A4/4KA3 w,-0.77405125,2458
2b1ka3/8c/3a5/1P4P2/9/9/4N4/4B3B/4A4/4KA3 b,0.777298,1903
2b1ka3/4a3c/9/1P4P2/9/9/4N4/4B3B/4A4/4KA3 w,-0.7691232,2549
2b1ka3/4a3c/9/2P3P2/9/9/4N4/4B3B/4A4/4KA3 b,0.7722292,1191
2b1ka3/8c/3a5/2P3P2/9/9/4N4/4B3B/4A4/4KA3 w,-0.75794405,2630
2b1ka3/8c/2Pa5/6P2/9/9/4N4/4B3B/4A4/4KA3 b,0.769104,1903
2b1ka3/4a3c/2P6/6P2/9/9/4N4/4B3B/4A4/4KA3 w,-0.7647733,5261
2b1ka3/4a3c/2P6/6P2/5N3/9/9/4B3B/4A4/4KA3 b,0.76682657,1544
2b1ka3/4ac3/2P6/6P2/5N3/9/9/4B3B/4A4/4KA3 w,-0.75775313,2994
2b1ka3/4ac3/2P3P2/9/5N3/9/9/4B3B/4A4/4KA3 b,0.75887585,1292
2b1ka3/4a4/2P3P2/5c3/5N3/9/9/4B3B/4A4/4KA3 w,-0.7542143,3720
2b1ka3/4a4/2P3P2/3N1c3/9/9/9/4B3B/4A4/4KA3 b,0.76212287,363
2bk1a3/4a4/2P3P2/3N1c3/9/9/9/4B3B/4A4/4KA3 w,-0.75027966,2175
2bk1a3/4a1P2/2P6/3N1c3/9/9/9/4B3B/4A4/4KA3 b,0.7489311,2911
2bk1a3/4a1P2/2P6/3Nc4/9/9/9/4B3B/4A4/4KA3 w,-0.7447869,1364
2bk1a3/4aP3/2P6/3Nc4/9/9/9/4B3B/4A4/4KA3 b,0.7526402,202
3k1a3/4aP3/2P1b4/3Nc4/9/9/9/4B3B/4A4/4KA3 w,-0.74943936,1811
3k1a3/2P1aP3/4b4/3Nc4/9/9/9/4B3B/4A4/4KA3 b,0.7483341,1191
3k1a3/2P2P3/3ab4/3Nc4/9/9/9/4B3B/4A4/4KA3 w,-0.7473863,2719
3k1a3/2P2P3/1N1ab4/4c4/9/9/9/4B3B/4A4/4KA3 b,0.7591001,463
3k5/2P1aP3/1N1ab4/4c4/9/9/9/4B3B/4A4/4KA3 w,-0.7403622,7734
3k5/2P1aP3/1N1ab4/4c4/9/9/9/4B3B/4A4/3K1A3 b,0.74991024,274
4k4/2P1aP3/1N1ab4/4c4/9/9/9/4B3B/4A4/3K1A3 w,-0.7361211,1002
4k4/3PaP3/1N1ab4/4c4/9/9/9/4B3B/4A4/3K1A3 b,0.7420519,2817
4k4/3PaP3/1N1ab4/c8/9/9/9/4B3B/4A4/3K1A3 w,-0.7391097,1740
4k4/3PaP3/3ab4/c2N5/9/9/9/4B3B/4A4/3K1A3 b,0.74504966,1173
3ak4/3P1P3/3ab4/c2N5/9/9/9/4B3B/4A4/3K1A3 w,-0.71717536,2723
3ak4/3P1P3/3abN3/c8/9/9/9/4B3B/4A4/3K1A3 b,0.7400432,2463
3ak4/3P1P3/3abN3/6c2/9/9/9/4B3B/4A4/3K1A3 w,-0.73973507,1273
3ak4/3PP4/3abN3/6c2/9/9/9/4B3B/4A4/3K1A3 b,0.7472353,365
3a1k3/3PP4/3abN3/6c2/9/9/9/4B3B/4A4/3K1A3 w,-0.74565214,2110
3a1k3/3PP4/3ab4/6c2/4N4/9/9/4B3B/4A4/3K1A3 b,0.7752262,3001
3a1k3/3PP4/3ab4/4c4/4N4/9/9/4B3B/4A4/3K1A3 w,-0.7614908,3633
3a1k3/3PP4/3ab4/4c1N2/9/9/9/4B3B/4A4/3K1A3 b,0.7715476,283
5k3/3Pa4/3ab4/4c1N2/9/9/9/4B3B/4A4/3K1A3 w,-0.7634456,2992
5k3/3Pa4/3aN4/4c4/9/9/9/4B3B/4A4/3K1A3 b,0.77405816,2820
5k3/3Pa4/3aN4/3c5/9/9/9/4B3B/4A4/3K1A3 w,-0.76840717,1093
5k3/4P4/3aN4/3c5/9/9/9/4B3B/4A4/3K1A3 b,0.7810386,1903
5k3/4a4/4N4/3c5/9/9/9/4B3B/4A4/3K1A3 w,-0.77857524,6117
5k3/4a4/4N4/3c5/9/9/9/8B/4A4/3K1AB2 b,0.7807704,2712
5k3/3ca4/4N4/9/9/9/9/8B/4A4/3K1AB2 w,-0.7768544,7645
5k3/3ca4/4N4/9/9/9/9/8B/4A4/4KAB2 b,0.7875784,454
4k4/3ca4/4N4/9/9/9/9/8B/4A4/4KAB2 w,-0.7832933,6908
4k4/3ca4/4N4/9/9/9/9/5A2B/9/4KAB2 b,0.7912213,1193
4k4/3c5/4Na3/9/9/9/9/5A2B/9/4KAB2 w,-0.78298616,7734
4k4/3c5/4Na3/9/9/9/9/5A2B/9/3K1AB2 b,0.79579294,2083
4k4/3ca4/4N4/9/9/9/9/5A2B/9/3K1AB2 w,-0.7813436,7635
4k4/3ca4/4N4/9/9/9/9/5A2B/3K5/5AB2 b,0.78788793,1191
4k4/3c5/3aN4/9/9/9/9/5A2B/3K5/5AB2 w,-0.78938806,6826
4k4/3c5/3aN4/9/9/9/9/5A2B/4K4/5AB2 b,0.8022067,373
9/3ck4/3aN4/9/9/9/9/5A2B/4K4/5AB2 w,-0.8031832,7897
9/3ck4/3aN4/9/9/9/9/4BA2B/4K4/5A3 b,0.81407017,1192
9/3c5/3ak4/9/9/9/9/4BA2B/4K4/5A3 w,-0.8127793,6925
9/3c5/3ak4/9/9/9/9/4BA2B/9/4KA3 b,0.81357926,1093
9/4c4/3ak4/9/9/9/9/4BA2B/9/4KA3 w,-0.81031924,6441
9/4c4/3ak4/9/9/6B2/9/4BA3/9/4KA3 b,0.8103433,1174
4c4/9/3ak4/9/9/6B2/9/4BA3/9/4KA3 w,-0.8105821,4661
4c4/9/3ak4/9/9/9/9/4BA2B/9/4KA3 b,0.83265954,427
9/9/3ak4/9/9/9/9/4cA2B/9/4KA3 w,-0.83475804,6477
9/9/3ak4/9/9/9/9/4cA3/9/4KAB2 b,0.83832973,6061
9/9/3ak4/4c4/9/9/9/5A3/9/4KAB2 w,-0.8394126,7734
9/9/3ak4/4c4/9/9/9/5A3/9/3K1AB2 b,0.8423837,1993
9/4k4/3a5/4c4/9/9/9/5A3/9/3K1AB2 w,-0.83408034,7816
9/4k4/3a5/4c4/9/9/9/5A3/4A4/3K2B2 b,0.8427895,2820
9/4k4/3a5/3c5/9/9/9/5A3/4A4/3K2B2 w,-0.8339382,7901
9/4k4/3a5/3c5/9/9/9/5A2B/4A4/3K5 b,0.8371621,2739
9/4k4/3a5/9/3c5/9/9/5A2B/4A4/3K5 w,-0.83579946,6441
9/4k4/3a5/9/3c5/6B2/9/5A3/4A4/3K5 b,0.8414431,3567
9/4k4/3a5/9/9/6B2/3c5/5A3/4A4/3K5 w,-0.8393489,4661
9/4k4/3a5/9/9/9/3c5/5A2B/4A4/3K5 b,0.84104186,5186
9/4k4/3a5/9/9/9/2c6/5A2B/4A4/3K5 w,-0.8382451,6477
9/4k4/3a5/9/9/9/2c6/5A3/4A4/3K2B2 b,0.84224445,5094
9/4k4/3a5/9/9/9/c8/5A3/4A4/3K2B2 w,-0.8426209,7897
9/4k4/3a5/9/9/9/c8/4BA3/4A4/3K5 b,0.84168655,4896
9/4k4/3a5/9/c8/9/9/4BA3/4A4/3K5 w,-0.8321394,6077
9/4k4/3a5/9/c8/2B6/9/5A3/4A4/3K5 b,0.839705,3267
9/4k4/3a5/c8/9/2B6/9/5A3/4A4/3K5 w,-0.8336012,7645
9/4k4/3a5/c8/9/2B6/9/5A3/4A4/4K4 b,0.84020156,2484
9/4k4/3a5/9/9/2B6/c8/5A3/4A4/4K4 w,-0.8357776,7734
9/4k4/3a5/9/9/2B6/c8/5A3/4A4/3K5 b,0.8329875,1174
4k4/9/3a5/9/9/2B6/c8/5A3/4A4/3K5 w,-0.8216763,6926
4k4/9/3a5/9/9/2B6/c8/5A3/9/3K1A3 b,0.82629806,4869
4k4/c8/3a5/9/9/2B6/9/5A3/9/3K1A3 w,-0.8210163,4297
4k4/c8/3a5/9/9/9/9/4BA3/9/3K1A3 b,0.83637255,824
4k4/5c3/3a5/9/9/9/9/4BA3/9/3K1A3 w,-0.81729054,6196
4k4/5c3/3a5/9/9/9/9/4B4/4A4/3K1A3 b,0.8254123,1270
4k4/1c7/3a5/9/9/9/9/4B4/4A4/3K1A3 w,-0.8101965,6117
4k4/1c7/3a5/9/9/9/9/9/4A4/3K1AB2 b,0.8142229,912
4k4/3c5/3a5/9/9/9/9/9/4A4/3K1AB2 w,-0.81551594,6906
4k4/3c5/3a5/9/9/9/9/3A5/9/3K1AB2 b,0.8182353,1146
4k4/9/3a5/9/9/9/9/3c5/9/3K1AB2 w,-0.82472706,7901
4k4/9/3a5/9/9/9/9/3c4B/9/3K1A3 b,0.8297877,6010
4k4/9/3a5/9/9/9/9/7cB/9/3K1A3 w,-0.8299486,7816
4k4/9/3a5/9/9/9/9/7cB/4A4/3K5 b,0.83340806,6316
4k4/7c1/3a5/9/9/9/9/8B/4A4/3K5 w,-0.83230764,7645
4k4/7c1/3a5/9/9/9/9/8B/4A4/4K4 b,0.83222604,1451
4k4/2c6/3a5/9/9/9/9/8B/4A4/4K4 w,-0.8266138,6477
4k4/2c6/3a5/9/9/9/9/9/4A4/4K1B2 b,0.82730263,1003
4k4/4c4/3a5/9/9/9/9/9/4A4/4K1B2 w,-0.82270086,6906
4k4/4c4/3a5/9/9/9/9/3A5/9/4K1B2 b,0.82770765,365
5k3/4c4/3a5/9/9/9/9/3A5/9/4K1B2 w,-0.8222351,7726
5k3/4c4/3a5/9/9/9/9/3A5/4K4/6B2 b,0.8243704,1192
5k3/9/3ac4/9/9/9/9/3A5/4K4/6B2 w,-0.8232182,6925
5k3/9/3ac4/9/9/9/9/3A5/9/4K1B2 b,0.83112115,1984
4ck3/9/3a5/9/9/9/9/3A5/9/4K1B2 w,-0.8275866,7734
4ck3/9/3a5/9/9/9/9/3A5/9/3K2B2 b,0.8330107,373
5k3/4c4/3a5/9/9/9/9/3A5/9/3K2B2 w,-0.8256186,7645
5k3/4c4/3a5/9/9/9/9/3A5/9/4K1B2 b,0.8249394,454
4k4/4c4/3a5/9/9/9/9/3A5/9/4K1B2 w,-0.82655966,7734
4k4/4c4/3a5/9/9/9/9/3A5/9/3K2B2 b,0.8292782,1182
4k4/3c5/3a5/9/9/9/9/3A5/9/3K2B2 w,-0.8226416,7635
4k4/3c5/3a5/9/9/9/9/3A5/3K5/6B2 b,0.8293188,363
3k5/3c5/3a5/9/9/9/9/3A5/3K5/6B2 w,-0.82749265,6826
3k5/3c5/3a5/9/9/9/9/3A5/4K4/6B2 b,0.8288918,1146
3k5/9/3a5/9/9/9/9/3c5/4K4/6B2 w,-0.82645625,7897
3k5/9/3a5/9/9/9/9/3cB4/4K4/9 b,0.826113,274
4k4/9/3a5/9/9/9/9/3cB4/4K4/9 w,-0.83336705,6915
4k4/9/3a5/9/9/9/9/3cB4/3K5/9 b,0.8460647,6004
4k4/9/3a5/9/9/9/9/1c2B4/3K5/9 w,-0.8399361,6826
4k4/9/3a5/9/9/9/9/1c2B4/4K4/9 b,0.84809214,5770
4k4/1c7/3a5/9/9/9/9/4B4/4K4/9 w,-0.8483066,6925
4k4/1c7/3a5/9/9/9/9/4B4/9/4K4 b,0.85708076,914
4k4/5c3/3a5/9/9/9/9/4B4/9/4K4 w,-0.845739,7726
4k4/5c3/3a5/9/9/9/9/4B4/4K4/9 b,0.8542252,365
5k3/5c3/3a5/9/9/9/9/4B4/4K4/9 w,-0.8526295,6077
5k3/5c3/3a5/9/9/2B6/9/9/4K4/9 b,0.8564687,1273
5k3/4c4/3a5/9/9/2B6/9/9/4K4/9 w,-0.84814066,6915
5k3/4c4/3a5/9/9/2B6/9/9/3K5/9 b,0.85081977,454
4k4/4c4/3a5/9/9/2B6/9/9/3K5/9 w,-0.835347,6826
4k4/4c4/3a5/9/9/2B6/9/9/4K4/9 b,0.8361401,1192
4k4/9/3ac4/9/9/2B6/9/9/4K4/9 w,-0.83291,6917
4k4/9/3ac4/9/9/2B6/9/9/5K3/9 b,0.8361319,2003
4k4/9/3a1c3/9/9/2B6/9/9/5K3/9 w,-0.8363626,4297
4k4/9/3a1c3/9/9/9/9/4B4/5K3/9 b,0.84867585,2075
4kc3/9/3a5/9/9/9/9/4B4/5K3/9 w,-0.8427736,7006
4kc3/9/3a5/9/9/9/9/4B4/4K4/9 b,0.8531568,464
4k4/5c3/3a5/9/9/9/9/4B4/4K4/9 w,-0.84845173,6917
4k4/5c3/3a5/9/9/9/9/4B4/5K3/9 b,0.8555717,1903
4k4/4ac3/9/9/9/9/9/4B4/5K3/9 w,-0.8373796,7006
4k4/4ac3/9/9/9/9/9/4B4/4K4/9 b,0.8410831,365
5k3/4ac3/9/9/9/9/9/4B4/4K4/9 w,-0.83826137,6113
5k3/4ac3/9/9/9/9/9/9/4K4/2B6 b,0.8486394,1191
5k3/5c3/3a5/9/9/9/9/9/4K4/2B6 w,-0.8271436,6917
5k3/5c3/3a5/9/9/9/9/9/5K3/2B6 b,0.83180994,1319
5k3/9/3a5/9/9/9/5c3/9/5K3/2B6 w,-0.83264774,7537
5k3/9/3a5/9/9/9/5c3/4B4/5K3/9 b,0.8379346,5333
5k3/9/3a1c3/9/9/9/9/4B4/5K3/9 w,-0.8363654,7006
5k3/9/3a1c3/9/9/9/9/4B4/4K4/9 b,0.84710604,2092
5k3/9/3ac4/9/9/9/9/4B4/4K4/9 w,-0.8402853,6915
5k3/9/3ac4/9/9/9/9/4B4/3K5/9 b,0.8553431,1984
4ck3/9/3a5/9/9/9/9/4B4/3K5/9 w,-0.85545594,6081
4ck3/9/3a5/9/9/6B2/9/9/3K5/9 b,0.86470747,373
5k3/4c4/3a5/9/9/6B2/9/9/3K5/9 w,-0.8500843,4661
5k3/4c4/3a5/9/9/9/9/8B/3K5/9 b,0.85459656,454
4k4/4c4/3a5/9/9/9/9/8B/3K5/9 w,-0.83419245,6826
4k4/4c4/3a5/9/9/9/9/8B/4K4/9 b,0.842292,363
3k5/4c4/3a5/9/9/9/9/8B/4K4/9 w,-0.8402801,6907
3k5/4c4/3a5/9/9/9/9/4K3B/9/9 b,0.83982664,1182
3k5/3c5/3a5/9/9/9/9/4K3B/9/9 w,-0.83837485,6106
3k5/3c5/3a5/9/9/9/9/8B/4K4/9 b,0.84130263,1903
3k5/3ca4/9/9/9/9/9/8B/4K4/9 w,-0.8365198,6477
3k5/3ca4/9/9/9/9/9/9/4K4/6B2 b,0.84307414,1193
3k5/3c5/5a3/9/9/9/9/9/4K4/6B2 w,-0.8426848,7901
3k5/3c5/5a3/9/9/9/9/8B/4K4/9 b,0.849145,1093
3k5/4c4/5a3/9/9/9/9/8B/4K4/9 w,-0.8382353,6477
3k5/4c4/5a3/9/9/9/9/9/4K4/6B2 b,0.83284503,1184
3k5/5c3/5a3/9/9/9/9/9/4K4/6B2 w,-0.8312041,7901
3k5/5c3/5a3/9/9/9/9/8B/4K4/9 b,0.8339045,2083
3k5/4ac3/9/9/9/9/9/8B/4K4/9 w,-0.8347299,6477
3k5/4ac3/9/9/9/9/9/9/4K4/6B2 b,0.8449201,1265
3k1c3/4a4/9/9/9/9/9/9/4K4/6B2 w,-0.8402337,7901
3k1c3/4a4/9/9/9/9/9/8B/4K4/9 b,0.8496974,454
3kc4/4a4/9/9/9/9/9/8B/4K4/9 w,-0.8455889,6917
3kc4/4a4/9/9/9/9/9/8B/5K3/9 b,0.8482689,282
4c4/3ka4/9/9/9/9/9/8B/5K3/9 w,-0.83882016,6998
4c4/3ka4/9/9/9/9/9/5K2B/9/9 b,0.84395033,1193
4c4/3k5/5a3/9/9/9/9/5K2B/9/9 w,-0.8529055,6477
4c4/3k5/5a3/9/9/9/9/5K3/9/6B2 b,0.9906778,1093
4c4/4k4/5a3/9/9/9/9/5K3/9/6B2 w,-0.99100494,6197
4c4/4k4/5a3/9/9/9/9/9/5K3/6B2 b,1,365
