1rbaka1r1/9/1cn1b1nc1/p1p1p3p/6p2/2P6/P3P1P1P/2N1CCN2/9/1RBAKABR1 b,-0.008420906,1765
1rbaka1r1/9/2n1b1nc1/p1p1p3p/6p2/2P6/Pc2P1P1P/2N1CCN2/9/1RBAKABR1 w,0.012932254,7954
1rbaka1r1/9/2n1b1nc1/p1p1p3p/6p2/2PN5/Pc2P1P1P/4CCN2/9/1RBAKABR1 b,0.0014816026,2311
1rbaka1r1/9/2n1b1n2/p1p1p3p/6p2/2PN5/Pc2P1PcP/4CCN2/9/1RBAKABR1 w,-0.011924766,7816
1rbaka1r1/9/2n1bCn2/p1p1p3p/6p2/2PN5/Pc2P1PcP/4C1N2/9/1RBAKABR1 b,0.02535331,5548
1rbakabr1/9/2n2Cn2/p1p1p3p/6p2/2PN5/Pc2P1PcP/4C1N2/9/1RBAKABR1 w,0.04585602,6061
1rbakabr1/9/2n2Cn2/p1p1N3p/6p2/2P6/Pc2P1PcP/4C1N2/9/1RBAKABR1 b,-0.025618432,1831
1rbakabr1/9/5Cn2/p1p1n3p/6p2/2P6/Pc2P1PcP/4C1N2/9/1RBAKABR1 w,0.007799667,6061
1rbakabr1/9/5Cn2/p1p1C3p/6p2/2P6/Pc2P1PcP/6N2/9/1RBAKABR1 b,-0.014534511,109
2bakabr1/9/1r3Cn2/p1p1C3p/6p2/2P6/Pc2P1PcP/6N2/9/1RBAKABR1 w,-0.00084206735,2839
2bakabr1/9/1r3Cn2/p1p5p/6p2/2P1C4/Pc2P1PcP/6N2/9/1RBAKABR1 b,-0.019456778,1733
2bakabr1/9/5rn2/p1p5p/6p2/2P1C4/Pc2P1PcP/6N2/9/1RBAKABR1 w,0,7435
2bakabr1/9/5rn2/p1p5p/6p2/2P1C4/PR2P1PcP/6N2/9/2BAKABR1 b,0.0010268611,3831
2bakabr1/9/6n2/p1p5p/6p2/2P1C4/PR2PrPcP/6N2/9/2BAKABR1 w,0.39088708,4969
2bakabr1/9/6n2/p1p5p/1R4p2/2P1C4/P3PrPcP/6N2/9/2BAKABR1 b,-0.1593855,3831
2bakabr1/9/9/p1p5p/1R3np2/2P1C4/P3PrPcP/6N2/9/2BAKABR1 w,0.6604994,3370
2bakabr1/9/9/p1p5p/1R3np2/2P1C4/P3PrPcP/4B1N2/9/2BAKA1R1 b,-0.17672673,373
2bakabr1/9/9/p1p5p/1R4p2/2P1C4/P3nrPcP/4B1N2/9/2BAKA1R1 w,0.64090973,3370
2bakabr1/9/9/p1p5p/1R4p2/2P1C4/P3nrPcP/4B1N2/4A4/2BAK2R1 b,-0.003012657,5360
2bakabr1/9/9/p1p5p/1R4p2/2P1C4/P3n1rcP/4B1N2/4A4/2BAK2R1 w,0.28532687,3370
2bakabr1/9/9/p1p5p/4R1p2/2P1C4/P3n1rcP/4B1N2/4A4/2BAK2R1 b,-0.7030103,562
2baka1r1/9/4b4/p1p5p/4R1p2/2P1C4/P3n1rcP/4B1N2/4A4/2BAK2R1 w,0.764984,3622
2baka1r1/9/4b4/p1p5p/4R1p2/2P1C4/P3N1rcP/4B4/4A4/2BAK2R1 b,-0.27723405,283
2baka1r1/9/4b4/p1p5p/4R1p2/2P1C4/P3r2cP/4B4/4A4/2BAK2R1 w,0.60003525,3622
2baka1r1/9/4R4/p1p5p/6p2/2P1C4/P3r2cP/4B4/4A4/2BAK2R1 b,-0.48800403,283
2bak2r1/4a4/4R4/p1p5p/6p2/2P1C4/P3r2cP/4B4/4A4/2BAK2R1 w,0.73295736,2005
2bak2r1/4a4/7R1/p1p5p/6p2/2P1C4/P3r2cP/4B4/4A4/2BAK2R1 b,-0.69939923,1175
2baka1r1/9/7R1/p1p5p/6p2/2P1C4/P3r2cP/4B4/4A4/2BAK2R1 w,0.6757428,2257
2baka1R1/9/9/p1p5p/6p2/2P1C4/P3r2cP/4B4/4A4/2BAK2R1 b,-0.6824469,5269
2baka1R1/9/9/p1p5p/6p2/2P1C4/c3r3P/4B4/4A4/2BAK2R1 w,0.94413877,8006
2baka1R1/9/9/p1p5p/6p2/2P2C3/c3r3P/4B4/4A4/2BAK2R1 b,-0.6430792,4941
2baka1R1/9/9/p1p5p/9/2P2Cp2/c3r3P/4B4/4A4/2BAK2R1 w,0.65930617,4532
2baka1R1/9/9/p1p5p/9/2P2CB2/c3r3P/9/4A4/2BAK2R1 b,-0.53049904,5282
2baka1R1/9/9/p1p5p/9/2P2CB2/4r3P/9/4A4/c1BAK2R1 w,0.5691407,7990
2baka1R1/9/9/p1p5p/9/2P3B2/4r3P/5C3/4A4/c1BAK2R1 b,-0.0018421893,5296
2baka1R1/9/9/p1p5p/9/2P3B2/8P/5C3/4r4/c1BAK2R1 w,0.0021298146,7736
2baka1R1/9/9/p1p5p/9/2P3B2/8P/5C3/4r4/c1BA1K1R1 b,-0.0029972596,6915
2baka1R1/9/9/p1p5p/9/2P3B2/8P/5C3/3r5/c1BA1K1R1 w,0.00388031,6187
2baka1R1/9/9/p1p5p/9/2P3B2/8P/4C4/3r5/c1BA1K1R1 b,0,6834
2baka1R1/9/9/p1p5p/9/2P3B2/8P/4C4/9/c1Br1K1R1 w,0.0027535947,7817
2baka1R1/9/9/p1p5p/9/2P3B2/8P/4C4/5K3/c1Br3R1 b,-0.0010390822,7635
2baka1R1/9/9/p1p5p/9/2P3B2/8P/4C4/5K3/c1B4r1 w,0.0028268073,635
2baka3/9/9/p1p5p/9/2P3B2/8P/4C4/5K3/c1B4R1 b,0.00013988132,7378
2baka3/9/9/p1p5p/9/2P3B2/8P/4C4/5K3/2B4c1 w,-0.0000105302215,6101
2baka3/9/9/p1p5p/9/2P3B2/8P/8C/5K3/2B4c1 b,0.000012309329,2466
2baka3/9/9/p1p5p/9/2P3Bc1/8P/8C/5K3/2B6 w,-0.000008760653,4657
2baka3/9/9/p1p5C/9/2P3Bc1/8P/9/5K3/2B6 b,0.0000058705987,2466
2baka3/9/9/p1p5C/9/2c3B2/8P/9/5K3/2B6 w,-0.0000014298636,3177
2baka3/9/9/p1p5C/9/2c6/8P/4B4/5K3/2B6 b,0.0000014298636,4276
2baka3/9/9/p1p5C/9/1c7/8P/4B4/5K3/2B6 w,-0.0000014298636,3177
2baka3/9/9/C1p6/9/1c7/8P/4B4/5K3/2B6 b,0.0000005865931,4204
2baka3/9/9/C8/2p6/1c7/8P/4B4/5K3/2B6 w,-0.0000001951324,2461
2baka3/9/9/4C4/2p6/1c7/8P/4B4/5K3/2B6 b,0.0000001951324,373
2ba1a3/4k4/9/4C4/2p6/1c7/8P/4B4/5K3/2B6 w,0,2848
2ba1a3/4k4/9/9/2p6/1c7/4C3P/4B4/5K3/2B6 b,0.00000039056366,1182
2ba1a3/4k4/9/9/2p6/9/1c2C3P/4B4/5K3/2B6 w,0.0000001951324,5633
2ba1a3/4k4/9/9/2p6/9/1c5CP/4B4/5K3/2B6 b,0.0000020009995,5012
3a1a3/4k4/b8/9/2p6/9/1c5CP/4B4/5K3/2B6 w,0,5506
3a1a3/4k4/b8/9/2p4C1/9/1c6P/4B4/5K3/2B6 b,0.0000001951324,1182
3a1a3/4k4/b8/9/2p4C1/9/8P/1c2B4/5K3/2B6 w,0.0000005865931,3922
3a1a3/4k4/b8/9/2p6/9/7CP/1c2B4/5K3/2B6 b,0.0000001951324,1182
3a1a3/4k4/b8/9/2p6/9/7CP/4B4/1c3K3/2B6 w,0,5633
3a1a3/4k4/b8/9/2p6/7C1/8P/4B4/1c3K3/2B6 b,0.00000039056366,6634
3a1a3/4k4/b8/9/2p6/7C1/1c6P/4B4/5K3/2B6 w,-0.0000001951324,7016
rnbakabnr/9/1c5c1/p1p1p1p1p/9/9/P1P1P1P1P/1C5C1/9/RNBAKABNR w,0.014449762,5087
rnbakabnr/9/1c5c1/p1p1p1p1p/9/9/P1P1P1P1P/4C2C1/9/RNBAKABNR b,-0.012932254,110
r1bakabnr/9/1cn4c1/p1p1p1p1p/9/9/P1P1P1P1P/4C2C1/9/RNBAKABNR w,0.011422182,7445
r1bakabnr/9/1cn4c1/p1p1p1p1p/9/9/P1P1P1P1P/2N1C2C1/9/R1BAKABNR b,-0.012428113,3012
r1baka1nr/9/1cn1b2c1/p1p1p1p1p/9/9/P1P1P1P1P/2N1C2C1/9/R1BAKABNR w,0.028042147,7372
r1baka1nr/9/1cn1b2c1/p1p1p1p1p/9/9/P1P1P1P1P/2N1C2C1/9/1RBAKABNR b,-0.02165522,1
1rbaka1nr/9/1cn1b2c1/p1p1p1p1p/9/9/P1P1P1P1P/2N1C2C1/9/1RBAKABNR w,0.018024392,5087
1rbaka1nr/9/1cn1b2c1/p1p1p1p1p/9/9/P1P1P1P1P/2N1CC3/9/1RBAKABNR b,-0.012428113,2648
1rbaka2r/9/1cn1b1nc1/p1p1p1p1p/9/9/P1P1P1P1P/2N1CC3/9/1RBAKABNR w,0.019055555,5451
1rbaka2r/9/1cn1b1nc1/p1p1p1p1p/9/9/P1P1P1P1P/2N1CCN2/9/1RBAKAB1R b,-0.017510546,1765
1rbaka2r/9/1cn1b1nc1/p1p1p3p/6p2/9/P1P1P1P1P/2N1CCN2/9/1RBAKAB1R w,0.019572936,8098
1rbaka2r/9/1cn1b1nc1/p1p1p3p/6p2/9/P1P1P1P1P/2N1CCN2/9/1RBAKABR1 b,-0.014449762,727
1rbaka1r1/9/1cn1b1nc1/p1p1p3p/6p2/9/P1P1P1P1P/2N1CCN2/9/1RBAKABR1 w,0.016997816,7408
1rbaka1r1/9/1cn1b1nc1/p1p1p3p/6p2/2P6/P3P1P1P/2N1CCN2/9/1RBAKABR1 b,-0.008420906,1765
1rbaka1r1/9/2n1b1nc1/p1p1p3p/6p2/2P6/Pc2P1P1P/2N1CCN2/9/1RBAKABR1 w,0.012932254,7954
1rbaka1r1/9/2n1b1nc1/p1p1p3p/6p2/2PN5/Pc2P1P1P/4CCN2/9/1RBAKABR1 b,0.0014816026,2311
1rbaka1r1/9/2n1b1n2/p1p1p3p/6p2/2PN5/Pc2P1PcP/4CCN2/9/1RBAKABR1 w,-0.011924766,7816
1rbaka1r1/9/2n1bCn2/p1p1p3p/6p2/2PN5/Pc2P1PcP/4C1N2/9/1RBAKABR1 b,0.02535331,5548
1rbaka1r1/9/2n1bCn2/p1p1p3p/6p2/2PN5/P1c1P1PcP/4C1N2/9/1RBAKABR1 w,0.009418834,7381
1Rbaka1r1/9/2n1bCn2/p1p1p3p/6p2/2PN5/P1c1P1PcP/4C1N2/9/2BAKABR1 b,-0.0034311828,1801
1nbaka1r1/9/4bCn2/p1p1p3p/6p2/2PN5/P1c1P1PcP/4C1N2/9/2BAKABR1 w,0.004211525,6061
1nbaka1r1/9/4bCn2/p1p1N3p/6p2/2P6/P1c1P1PcP/4C1N2/9/2BAKABR1 b,-0.007236146,5548
1nbaka1r1/9/4bC3/p1p1N3p/5np2/2P6/P1c1P1PcP/4C1N2/9/2BAKABR1 w,0.05298353,2832
1nbaka1r1/9/4bC3/p1p5p/5nN2/2P6/P1c1P1PcP/4C1N2/9/2BAKABR1 b,-0.06756775,5548
1nb1ka1r1/4a4/4bC3/p1p5p/5nN2/2P6/P1c1P1PcP/4C1N2/9/2BAKABR1 w,0.08386189,2102
1nb1ka1r1/4a4/4b4/p1p2C2p/5nN2/2P6/P1c1P1PcP/4C1N2/9/2BAKABR1 b,-0.048999168,664
2b1ka1r1/4a4/2n1b4/p1p2C2p/5nN2/2P6/P1c1P1PcP/4C1N2/9/2BAKABR1 w,0.39575556,7981
2b1ka1r1/4a4/2n1b4/p1p2C2p/5nN2/2P6/P1c1P1PRP/4C1N2/9/2BAKAB2 b,-0.3291915,636
2b1kar2/4a4/2n1b4/p1p2C2p/5nN2/2P6/P1c1P1PRP/4C1N2/9/2BAKAB2 w,0.3845965,3805
2b1kar2/4a4/2n1b2N1/p1p2C2p/5n3/2P6/P1c1P1PRP/4C1N2/9/2BAKAB2 b,-0.39459038,564
2b1ka3/4a4/2n1b1rN1/p1p2C2p/5n3/2P6/P1c1P1PRP/4C1N2/9/2BAKAB2 w,0.37963483,6094
2b1ka2N/4a4/2n1b1r2/p1p2C2p/5n3/2P6/P1c1P1PRP/4C1N2/9/2BAKAB2 b,-0.3338523,5100
2b1ka2N/4a4/2n1b4/p1p2Cr1p/5n3/2P6/P1c1P1PRP/4C1N2/9/2BAKAB2 w,0.27599984,2894
2b1ka2N/4aC3/2n1b4/p1p3r1p/5n3/2P6/P1c1P1PRP/4C1N2/9/2BAKAB2 b,-0.34090376,3738
2b1ka2N/4aC3/2n1b4/p5r1p/2p2n3/2P6/P1c1P1PRP/4C1N2/9/2BAKAB2 w,0.32456365,4268
2b1ka2N/4aC3/2n1b4/p5r1p/2P2n3/9/P1c1P1PRP/4C1N2/9/2BAKAB2 b,-0.37915918,3738
2b1ka2N/4aC3/2n1b4/p5r1p/2P2n3/9/P3P1cRP/4C1N2/9/2BAKAB2 w,0.3861701,7816
2b1ka2N/4aC3/2n1b4/p5r1p/2P2n3/9/P3P1cRP/4C1N2/4A4/2BAK1B2 b,-0.33011445,5454
2b1ka2N/4aC3/2n1b4/p5r1p/2P2n3/9/c3P2RP/4C1N2/4A4/2BAK1B2 w,0.4663301,5269
2b1ka2N/4aC3/2n1b4/p5r1p/2P2n3/4P4/c6RP/4C1N2/4A4/2BAK1B2 b,-0.28400573,3750
2b1ka2N/4aC3/2n1b4/p5r1p/2P6/4P4/c5nRP/4C1N2/4A4/2BAK1B2 w,0.6059077,1319
2b1ka2N/4a2C1/2n1b4/p5r1p/2P6/4P4/c5nRP/4C1N2/4A4/2BAK1B2 b,0.51958144,4921
2b1ka2N/4a2C1/2n1b4/p5r1p/2P6/4P4/6ncP/4C1N2/4A4/2BAK1B2 w,-0.41144344,3449
2b1ka1CN/4a4/2n1b4/p5r1p/2P6/4P4/6ncP/4C1N2/4A4/2BAK1B2 b,0.63313556,2976
2b1kabCN/4a4/2n6/p5r1p/2P6/4P4/6ncP/4C1N2/4A4/2BAK1B2 w,-0.47266614,6088
2b1kabC1/4a4/2n4N1/p5r1p/2P6/4P4/6ncP/4C1N2/4A4/2BAK1B2 b,0.73055655,5497
2b1kabC1/4a4/2n4N1/p5r1p/2P6/4P4/7cP/4n1N2/4A4/2BAK1B2 w,-0.67194366,7897
2b1kabC1/4a4/2n4N1/p5r1p/2P6/4P4/7cP/4B1N2/4A4/3AK1B2 b,0.6755192,5497
2b1kabc1/4a4/2n4N1/p5r1p/2P6/4P4/8P/4B1N2/4A4/3AK1B2 w,-0.63243717,6926
2b1kabc1/4a4/2n4N1/p5r1p/2P6/4PN3/8P/4B4/4A4/3AK1B2 b,0.76446766,2998
2b1kabc1/4a4/2n3rN1/p7p/2P6/4PN3/8P/4B4/4A4/3AK1B2 w,-0.659093,6926
2b1kabcN/4a4/2n3r2/p7p/2P6/4PN3/8P/4B4/4A4/3AK1B2 b,0.78039914,718
2b1kabcN/4a4/2n2r3/p7p/2P6/4PN3/8P/4B4/4A4/3AK1B2 w,-0.68477917,4569
2b1kabcN/4a4/2n2r3/p5N1p/2P6/4P4/8P/4B4/4A4/3AK1B2 b,0.78039914,718
2b1kabcN/4a4/5r3/p3n1N1p/2P6/4P4/8P/4B4/4A4/3AK1B2 w,-0.7013081,4450
2b1kabcN/4a2N1/5r3/p3n3p/2P6/4P4/8P/4B4/4A4/3AK1B2 b,0.7403547,2084
2b1kabcN/4a2N1/8r/p3n3p/2P6/4P4/8P/4B4/4A4/3AK1B2 w,-0.7120461,4450
2b1kabcN/4a4/8r/p3n1N1p/2P6/4P4/8P/4B4/4A4/3AK1B2 b,0.8215713,2357
rnbakabnr/9/1c5c1/p1p1p1p1p/9/9/P1P1P1P1P/1C5C1/9/RNBAKABNR w,0.014449762,5087
rnbakabnr/9/1c5c1/p1p1p1p1p/9/9/P1P1P1P1P/4C2C1/9/RNBAKABNR b,-0.012932254,110
r1bakabnr/9/1cn4c1/p1p1p1p1p/9/9/P1P1P1P1P/4C2C1/9/RNBAKABNR w,0.011422182,7445
r1bakabnr/9/1cn4c1/p1p1p1p1p/9/9/P1P1P1P1P/2N1C2C1/9/R1BAKABNR b,-0.012428113,3012
r1baka1nr/9/1cn1b2c1/p1p1p1p1p/9/9/P1P1P1P1P/2N1C2C1/9/R1BAKABNR w,0.028042147,7372
r1baka1nr/9/1cn1b2c1/p1p1p1p1p/9/9/P1P1P1P1P/2N1C2C1/9/1RBAKABNR b,-0.02165522,1
1rbaka1nr/9/1cn1b2c1/p1p1p1p1p/9/9/P1P1P1P1P/2N1C2C1/9/1RBAKABNR w,0.018024392,5087
1rbaka1nr/9/1cn1b2c1/p1p1p1p1p/9/9/P1P1P1P1P/2N1CC3/9/1RBAKABNR b,-0.012428113,2648
1rbaka2r/9/1cn1b1nc1/p1p1p1p1p/9/9/P1P1P1P1P/2N1CC3/9/1RBAKABNR w,0.019055555,5451
1rbaka2r/9/1cn1b1nc1/p1p1p1p1p/9/9/P1P1P1P1P/2N1CCN2/9/1RBAKAB1R b,-0.017510546,1765
1rbaka2r/9/1cn1b1nc1/p1p1p3p/6p2/9/P1P1P1P1P/2N1CCN2/9/1RBAKAB1R w,0.019572936,8098
1rbaka2r/9/1cn1b1nc1/p1p1p3p/6p2/9/P1P1P1P1P/2N1CCN2/9/1RBAKABR1 b,-0.014449762,727
1rbaka1r1/9/1cn1b1nc1/p1p1p3p/6p2/9/P1P1P1P1P/2N1CCN2/9/1RBAKABR1 w,0.016997816,7408
1rbaka1r1/9/1cn1b1nc1/p1p1p3p/6p2/2P6/P3P1P1P/2N1CCN2/9/1RBAKABR1 b,-0.008420906,1765
1rbaka1r1/9/2n1b1nc1/p1p1p3p/6p2/2P6/Pc2P1P1P/2N1CCN2/9/1RBAKABR1 w,0.012932254,7954
1rbaka1r1/9/2n1b1nc1/p1p1p3p/6p2/2PN5/Pc2P1P1P/4CCN2/9/1RBAKABR1 b,0.0014816026,2311
1rbaka1r1/9/2n1b1n2/p1p1p3p/6p2/2PN5/Pc2P1PcP/4CCN2/9/1RBAKABR1 w,-0.011924766,7816
1rbaka1r1/9/2n1bCn2/p1p1p3p/6p2/2PN5/Pc2P1PcP/4C1N2/9/1RBAKABR1 b,0.02535331,5548
1rbakabr1/9/2n2Cn2/p1p1p3p/6p2/2PN5/Pc2P1PcP/4C1N2/9/1RBAKABR1 w,0.04585602,6061
1rbakabr1/9/2n2Cn2/p1p1N3p/6p2/2P6/Pc2P1PcP/4C1N2/9/1RBAKABR1 b,-0.025618432,1831
1rbakabr1/9/5Cn2/p1p1n3p/6p2/2P6/Pc2P1PcP/4C1N2/9/1RBAKABR1 w,0.007799667,6061
1rbakabr1/9/5Cn2/p1p1C3p/6p2/2P6/Pc2P1PcP/6N2/9/1RBAKABR1 b,-0.014534511,109
2bakabr1/9/1r3Cn2/p1p1C3p/6p2/2P6/Pc2P1PcP/6N2/9/1RBAKABR1 w,-0.00084206735,2839
2bakabr1/9/1r3Cn2/p1p5p/6p2/2P1C4/Pc2P1PcP/6N2/9/1RBAKABR1 b,-0.019456778,1733
2bakabr1/9/5rn2/p1p5p/6p2/2P1C4/Pc2P1PcP/6N2/9/1RBAKABR1 w,0,7435
2bakabr1/9/5rn2/p1p5p/6p2/2P1C4/PR2P1PcP/6N2/9/2BAKABR1 b,0.0010268611,3831
2bakabr1/9/5r3/p1p5p/5np2/2P1C4/PR2P1PcP/6N2/9/2BAKABR1 w,0.00619123,4987
2bakabr1/9/5r3/p1p5p/1R3np2/2P1C4/P3P1PcP/6N2/9/2BAKABR1 b,-0.004460755,3750
2bakabr1/9/5r3/p1p5p/1R4p2/2P1C4/P3P1ncP/6N2/9/2BAKABR1 w,0.0050324383,3372
2bakabr1/9/5r3/p1p5p/6R2/2P1C4/P3P1ncP/6N2/9/2BAKABR1 b,-0.00657011,5449
2bakabr1/9/5r3/p1p5p/6R2/2P1n4/P3P2cP/6N2/9/2BAKABR1 w,0.004916287,5269
2bakabr1/9/5r3/p1p5p/6R2/2P1P4/P6cP/6N2/9/2BAKABR1 b,-0.0045435224,2129
2bakabr1/9/5r3/p1p5p/6R2/2P1P4/P7P/6Nc1/9/2BAKABR1 w,0.008180164,3831
2bakabr1/9/5r3/p1p5p/6R2/2P1P4/P7P/6Nc1/7R1/2BAKAB2 b,-0.0040337103,2129
2bakabr1/9/9/p1p5p/6R2/2P1P4/P7P/5rNc1/7R1/2BAKAB2 w,0.012272201,3831
2bakabr1/9/9/p1p5p/4P1R2/2P6/P7P/5rNc1/7R1/2BAKAB2 b,-0.009787525,6179
2baka1r1/9/4b4/p1p5p/4P1R2/2P6/P7P/5rNc1/7R1/2BAKAB2 w,0.016663142,3840
2baka1r1/9/4b4/p1p3R1p/4P4/2P6/P7P/5rNc1/7R1/2BAKAB2 b,-0.0092478,2648
2baka3/9/4b4/p1p3R1p/4P4/2P6/P6rP/5rNc1/7R1/2BAKAB2 w,0.015159991,3631
2baka3/9/4b4/p1p3R1p/4P4/2P6/P6rP/5rNc1/4R4/2BAKAB2 b,-0.0050553153,5544
2b1ka3/4a4/4b4/p1p3R1p/4P4/2P6/P6rP/5rNc1/4R4/2BAKAB2 w,0.0139870215,3631
2b1ka3/4a4/4b4/p1p1P1R1p/9/2P6/P6rP/5rNc1/4R4/2BAKAB2 b,-0.0139870215,6143
2b1kab2/4a4/9/p1p1P1R1p/9/2P6/P6rP/5rNc1/4R4/2BAKAB2 w,0.10215126,2976
2b1kaR2/4a4/9/p1p1P3p/9/2P6/P6rP/5rNc1/4R4/2BAKAB2 b,-0.106389776,6143
2b1kaR2/4a4/9/p1p1P3p/9/2P6/P2r4P/5rNc1/4R4/2BAKAB2 w,0.16124652,2820
2b1ka3/4a4/9/p1p1P3p/6R2/2P6/P2r4P/5rNc1/4R4/2BAKAB2 b,0.33461624,6186
2bk1a3/4a4/9/p1p1P3p/6R2/2P6/P2r4P/5rNc1/4R4/2BAKAB2 w,-0.04517608,6880
2bk1a3/4a4/9/p1p1P3p/6R2/2P6/P2r4P/5rNc1/7R1/2BAKAB2 b,0.7435989,5214
2bk1a3/4a4/9/p1p1P3p/6R2/2P6/P7P/5rNc1/7R1/2BrKAB2 w,-0.7570048,7726
2bk1a3/4a4/9/p1p1P3p/6R2/2P6/P7P/5rNc1/4K2R1/2Br1AB2 b,0.7380738,7635
2bk1a3/4a4/9/p1p1P3p/6R2/2P6/P7P/5rNc1/3rK2R1/2B2AB2 w,-0.74870723,6925
2bk1a3/4a4/9/p1p1P3p/6R2/2P6/P7P/5rNc1/3r3R1/2B1KAB2 b,0.70448226,6829
2bk1a3/4a4/9/p1p1P3p/6R2/2P6/P7P/5rNc1/7r1/2B1KAB2 w,-0.76267856,7816
2bk1a3/4a4/9/p1p1P3p/3R5/2P6/P7P/5rNc1/7r1/2B1KAB2 b,0.7115877,274
2b1ka3/4a4/9/p1p1P3p/3R5/2P6/P7P/5rNc1/7r1/2B1KAB2 w,-0.8034035,2820
2b1ka3/4a4/9/p1p1P3p/3R5/2P4N1/P7P/5r1c1/7r1/2B1KAB2 b,0.9738716,7187
2b1ka3/4a4/9/p1p1P3p/3R5/2P4N1/P7P/5r1c1/6r2/2B1KAB2 w,-0.9394172,3551
2b1ka3/4a4/9/p1p1P3p/5R3/2P4N1/P7P/5r1c1/6r2/2B1KAB2 b,0.954938,6185
2b1ka3/4a4/9/p1p1P3p/5R3/2P4N1/P7P/2r4c1/6r2/2B1KAB2 w,-0.942747,3729
2b1ka3/4a4/9/p1p1P3p/5R3/2P4N1/P7P/2r1B2c1/6r2/4KAB2 b,1,7095
2b1ka3/4a4/9/p1p1P3p/5R3/2P4N1/P7P/2r1B4/6r2/4KABc1 w,-0.9744761,2812
2b1ka3/4a4/9/p1p1P3p/9/2P4N1/P7P/2r1BR3/6r2/4KABc1 b,1,7095
2b1ka3/4a4/9/p1p1P3p/9/2P4N1/P7P/2r1BR3/9/4KArc1 w,-0.72131634,6117
2b1ka3/4a4/9/p1p1P3p/5N3/2P6/P7P/2r1BR3/9/4KArc1 b,0.9475038,7908
2b1ka3/4a4/9/p1p1P1r1p/5N3/2P6/P7P/2r1BR3/9/4KA1c1 w,-0.93297565,7816
2b1ka3/4a4/9/p1p1P1r1p/5N3/2P6/P7P/2r1BR3/4A4/4K2c1 b,0.9680968,3057
2b1ka3/4a4/9/p1p1P1r1p/5N3/2P6/P7P/2r1BR3/4A4/4K3c w,-0.9067511,2812
2b1ka3/4a4/9/p1pNP1r1p/9/2P6/P7P/2r1BR3/4A4/4K3c b,0.8674683,3057
2b1ka3/4a4/9/p1pNr3p/9/2P6/P7P/2r1BR3/4A4/4K3c w,-0.62826484,2711
2b1ka3/2N1a4/9/p1p1r3p/9/2P6/P7P/2r1BR3/4A4/4K3c b,0.6224061,363
2bk1a3/2N1a4/9/p1p1r3p/9/2P6/P7P/2r1BR3/4A4/4K3c w,-0.7594985,7736
2bk1a3/2N1a4/9/p1p1r3p/5R3/2P6/P7P/2r1B4/4A4/4K3c b,0.6926105,282
2b2a3/2Nka4/9/p1p1r3p/5R3/2P6/P7P/2r1B4/4A4/4K3c w,-0.64274454,3729
2b2a3/2Nka4/9/p1p1r3p/3R5/2P6/P7P/2r1B4/4A4/4K3c b,0.7083472,1191
2b2a3/2Nk5/3a5/p1p1r3p/3R5/2P6/P7P/2r1B4/4A4/4K3c w,-0.832023,3576
2b2a3/2Nk5/3R5/p1p1r3p/9/2P6/P7P/2r1B4/4A4/4K3c b,0.99111015,1101
2b2a3/2N6/3k5/p1p1r3p/9/2P6/P7P/2r1B4/4A4/4K3c w,-0.9969454,994
2b2a3/2N6/3k5/p1p1r3p/2P6/9/P7P/2r1B4/4A4/4K3c b,0.998189,1902
2b2a3/2N6/3k5/p1p1r3p/2P6/9/P7P/4r4/4A4/4K3c w,-0.998806,7736
2b2a3/2N6/3k5/p1p1r3p/3P5/9/P7P/4r4/4A4/4K3c b,1,6106
2b2a3/2N6/3k5/p1p1r3p/3P5/9/P7P/9/4r4/4K3c w,-1,7734
2b2a3/2N6/3k5/p1p1r3p/3P5/9/P7P/9/4r4/3K4c b,1,6925
2b2a3/2N6/3k5/p1p4rp/3P5/9/P7P/9/4r4/3K4c w,-1,3540
2b2a3/2N6/3k5/p1pP3rp/9/9/P7P/9/4r4/3K4c b,1,1902
2b2a3/2Nk5/9/p1pP3rp/9/9/P7P/9/4r4/3K4c w,-1,2721
2b2a3/2Nk5/3P5/p1p4rp/9/9/P7P/9/4r4/3K4c b,1,1093
2b2a3/2N1k4/3P5/p1p4rp/9/9/P7P/9/4r4/3K4c w,-1,1902
2b2a3/2N1k4/2P6/p1p4rp/9/9/P7P/9/4r4/3K4c b,1,3148
rnbakabnr/9/1c5c1/p1p1p1p1p/9/9/P1P1P1P1P/1C5C1/9/RNBAKABNR w,0.014449762,5087
rnbakabnr/9/1c5c1/p1p1p1p1p/9/9/P1P1P1P1P/4C2C1/9/RNBAKABNR b,-0.012932254,110
r1bakabnr/9/1cn4c1/p1p1p1p1p/9/9/P1P1P1P1P/4C2C1/9/RNBAKABNR w,0.011422182,7445
r1bakabnr/9/1cn4c1/p1p1p1p1p/9/9/P1P1P1P1P/2N1C2C1/9/R1BAKABNR b,-0.012428113,3012
r1baka1nr/9/1cn1b2c1/p1p1p1p1p/9/9/P1P1P1P1P/2N1C2C1/9/R1BAKABNR w,0.028042147,7372
r1baka1nr/9/1cn1b2c1/p1p1p1p1p/9/9/P1P1P1P1P/2N1C2C1/9/1RBAKABNR b,-0.02165522,1
1rbaka1nr/9/1cn1b2c1/p1p1p1p1p/9/9/P1P1P1P1P/2N1C2C1/9/1RBAKABNR w,0.018024392,5087
1rbaka1nr/9/1cn1b2c1/p1p1p1p1p/9/9/P1P1P1P1P/2N1CC3/9/1RBAKABNR b,-0.012428113,2648
1rbaka2r/9/1cn1b1nc1/p1p1p1p1p/9/9/P1P1P1P1P/2N1CC3/9/1RBAKABNR w,0.019055555,5451
1rbaka2r/9/1cn1b1nc1/p1p1p1p1p/9/9/P1P1P1P1P/2N1CCN2/9/1RBAKAB1R b,-0.017510546,1765
1rbaka2r/9/1cn1b1nc1/p1p1p3p/6p2/9/P1P1P1P1P/2N1CCN2/9/1RBAKAB1R w,0.019572936,8098
1rbaka2r/9/1cn1b1nc1/p1p1p3p/6p2/9/P1P1P1P1P/2N1CCN2/9/1RBAKABR1 b,-0.014449762,727
1rbaka1r1/9/1cn1b1nc1/p1p1p3p/6p2/9/P1P1P1P1P/2N1CCN2/9/1RBAKABR1 w,0.016997816,7408
1rbaka1r1/9/1cn1b1nc1/p1p1p3p/6p2/2P6/P3P1P1P/2N1CCN2/9/1RBAKABR1 b,-0.008420906,1765
1rbaka1r1/9/2n1b1nc1/p1p1p3p/6p2/2P6/Pc2P1P1P/2N1CCN2/9/1RBAKABR1 w,0.012932254,7954
1rbaka1r1/9/2n1b1nc1/p1p1p3p/6p2/2PN5/Pc2P1P1P/4CCN2/9/1RBAKABR1 b,0.0014816026,2311
1rbaka1r1/9/2n1b1n2/p1p1p3p/6p2/2PN5/Pc2P1PcP/4CCN2/9/1RBAKABR1 w,-0.011924766,7816
1rbaka1r1/9/2n1bCn2/p1p1p3p/6p2/2PN5/Pc2P1PcP/4C1N2/9/1RBAKABR1 b,0.02535331,5548
1rbakabr1/9/2n2Cn2/p1p1p3p/6p2/2PN5/Pc2P1PcP/4C1N2/9/1RBAKABR1 w,0.04585602,6061
1rbakabr1/9/2n2Cn2/p1p1N3p/6p2/2P6/Pc2P1PcP/4C1N2/9/1RBAKABR1 b,-0.025618432,1831
1rbakabr1/9/5Cn2/p1p1n3p/6p2/2P6/Pc2P1PcP/4C1N2/9/1RBAKABR1 w,0.007799667,6061
1rbakabr1/9/5Cn2/p1p1C3p/6p2/2P6/Pc2P1PcP/6N2/9/1RBAKABR1 b,-0.014534511,109
2bakabr1/9/1r3Cn2/p1p1C3p/6p2/2P6/Pc2P1PcP/6N2/9/1RBAKABR1 w,-0.00084206735,2839
2bakabr1/9/1r3Cn2/p1p5p/6p2/2P1C4/Pc2P1PcP/6N2/9/1RBAKABR1 b,-0.019456778,1733
2bakabr1/9/5rn2/p1p5p/6p2/2P1C4/Pc2P1PcP/6N2/9/1RBAKABR1 w,0,7435
2bakabr1/9/5rn2/p1p5p/6p2/2P1C4/PR2P1PcP/6N2/9/2BAKABR1 b,0.0010268611,3831
2bakabr1/9/6n2/p1p5p/6p2/2P1C4/PR2PrPcP/6N2/9/2BAKABR1 w,0.39088708,4969
2bakabr1/9/6n2/p1p5p/1R4p2/2P1C4/P3PrPcP/6N2/9/2BAKABR1 b,-0.1593855,3831
2bakabr1/9/9/p1p5p/1R3np2/2P1C4/P3PrPcP/6N2/9/2BAKABR1 w,0.6604994,3370
2bakabr1/9/9/p1p5p/1R3np2/2P1C4/P3PrPcP/4B1N2/9/2BAKA1R1 b,-0.17672673,373
2bakabr1/9/9/p1p5p/1R4p2/2P1C4/P3nrPcP/4B1N2/9/2BAKA1R1 w,0.64090973,3370
2bakabr1/9/9/p1p5p/1R4p2/2P1C4/P3nrPcP/4B1N2/4A4/2BAK2R1 b,-0.003012657,5360
2bakabr1/9/9/p1p5p/1R4p2/2P1C4/P3n1rcP/4B1N2/4A4/2BAK2R1 w,0.28532687,3370
2bakabr1/9/9/p1p5p/4R1p2/2P1C4/P3n1rcP/4B1N2/4A4/2BAK2R1 b,-0.7030103,562
2baka1r1/9/4b4/p1p5p/4R1p2/2P1C4/P3n1rcP/4B1N2/4A4/2BAK2R1 w,0.764984,3622
2baka1r1/9/4b4/p1p5p/4R1p2/2P1C4/P3N1rcP/4B4/4A4/2BAK2R1 b,-0.27723405,283
2baka1r1/9/4b4/p1p5p/4R1p2/2P1C4/P3r2cP/4B4/4A4/2BAK2R1 w,0.60003525,3622
2baka1r1/9/4R4/p1p5p/6p2/2P1C4/P3r2cP/4B4/4A4/2BAK2R1 b,-0.48800403,283
2bak2r1/4a4/4R4/p1p5p/6p2/2P1C4/P3r2cP/4B4/4A4/2BAK2R1 w,0.73295736,2005
2bak2r1/4a4/7R1/p1p5p/6p2/2P1C4/P3r2cP/4B4/4A4/2BAK2R1 b,-0.69939923,1175
2bak2r1/4a4/7R1/p1p5p/6p2/2P1r4/P6cP/4B4/4A4/2BAK2R1 w,0.6782491,2257
2bak2R1/4a4/9/p1p5p/6p2/2P1r4/P6cP/4B4/4A4/2BAK2R1 b,-0.69578326,1175
2baka1R1/9/9/p1p5p/6p2/2P1r4/P6cP/4B4/4A4/2BAK2R1 w,0.70871454,7981
2baka3/9/9/p1p5p/6p2/2P1r4/P6RP/4B4/4A4/2BAK2R1 b,-0.6771151,4450
2baka3/9/9/p1p5p/9/2P1r1p2/P6RP/4B4/4A4/2BAK2R1 w,0.699625,6081
2baka3/9/9/p1p5p/9/2P1r1B2/P6RP/9/4A4/2BAK2R1 b,-0.70941424,4423
2baka3/9/9/p1p5p/9/2P3r2/P6RP/9/4A4/2BAK2R1 w,0.84323007,5548
2baka3/9/9/p1p5p/9/2P3r2/P3R3P/9/4A4/2BAK2R1 b,-0.84506124,283
2b1ka3/4a4/9/p1p5p/9/2P3r2/P3R3P/9/4A4/2BAK2R1 w,0.88251877,7945
2b1ka3/4a4/9/p1p5p/9/2P3r2/P3R3P/4B4/4A4/3AK2R1 b,-0.7472444,4614
2b1ka3/4a4/9/p1p3r1p/9/2P6/P3R3P/4B4/4A4/3AK2R1 w,0.8539559,7945
2b1ka3/4a4/7R1/p1p3r1p/9/2P6/P3R3P/4B4/4A4/3AK4 b,-0.8504499,3000
2b1ka3/4a4/7R1/p1pr4p/9/2P6/P3R3P/4B4/4A4/3AK4 w,0.87960184,2270
2b1ka3/4a4/2R6/p1pr4p/9/2P6/P3R3P/4B4/4A4/3AK4 b,-0.872035,198
4ka3/4a4/2R1b4/p1pr4p/9/2P6/P3R3P/4B4/4A4/3AK4 w,0.8909043,5242
4ka3/4a4/4R4/p1pr4p/9/2P6/P3R3P/4B4/4A4/3AK4 b,-0.89355123,2466
4ka3/4a4/4R4/p1p5p/3r5/2P6/P3R3P/4B4/4A4/3AK4 w,0.9079624,2000
4ka3/4a4/2R6/p1p5p/3r5/2P6/P3R3P/4B4/4A4/3AK4 b,-0.8963115,3513
4ka3/4a4/2R6/p1pr4p/9/2P6/P3R3P/4B4/4A4/3AK4 w,0.9173167,7736
2R1ka3/4a4/9/p1pr4p/9/2P6/P3R3P/4B4/4A4/3AK4 b,-0.925798,2703
2Rrka3/4a4/9/p1p5p/9/2P6/P3R3P/4B4/4A4/3AK4 w,0.9150626,209
3rka3/4a4/9/p1R5p/9/2P6/P3R3P/4B4/4A4/3AK4 b,-0.9372559,2466
3rka3/4a4/9/p1R6/8p/2P6/P3R3P/4B4/4A4/3AK4 w,0.9182971,7736
3rka3/4a4/9/p3R4/8p/2P6/P3R3P/4B4/4A4/3AK4 b,-0.9063376,2466
4ka3/4a4/9/p3R4/3r4p/2P6/P3R3P/4B4/4A4/3AK4 w,0.93270695,2817
4ka3/4a4/9/R8/3r4p/2P6/P3R3P/4B4/4A4/3AK4 b,-0.93022215,3513
4ka3/4a4/3r5/R8/8p/2P6/P3R3P/4B4/4A4/3AK4 w,0.9631291,2430
4ka3/4a4/3r5/R8/2P5p/9/P3R3P/4B4/4A4/3AK4 b,-0.94371635,1893
3rka3/4a4/9/R8/2P5p/9/P3R3P/4B4/4A4/3AK4 w,0.9533879,4905
3rka3/4a4/9/R8/2P5p/9/P3R3P/9/4A4/2BAK4 b,-0.9445229,271
4ka3/4a4/9/R8/2P5p/3r5/P3R3P/9/4A4/2BAK4 w,0.98997694,2430
4ka3/4a4/R8/9/2P5p/3r5/P3R3P/9/4A4/2BAK4 b,-0.9505938,4323
3rka3/4a4/R8/9/2P5p/9/P3R3P/9/4A4/2BAK4 w,0.9540626,6906
3rka3/4a4/4R4/9/2P5p/9/P3R3P/9/4A4/2BAK4 b,-0.91378814,282
4ka3/4a4/4R4/9/2P5p/3r5/P3R3P/9/4A4/2BAK4 w,0.95972973,2020
4ka3/4a4/2R6/9/2P5p/3r5/P3R3P/9/4A4/2BAK4 b,-0.95791936,4323
3rka3/4a4/2R6/9/2P5p/9/P3R3P/9/4A4/2BAK4 w,0.95270383,1822
3rka3/4a4/2R6/9/2P5p/8P/P3R4/9/4A4/2BAK4 b,-0.9368565,4013
3rka3/4a4/2R6/9/2P6/8p/P3R4/9/4A4/2BAK4 w,0.948513,6906
3rka3/4a4/2R6/9/2P6/4R3p/P8/9/4A4/2BAK4 b,-0.93671626,4832
4ka3/4a4/2R6/9/2P6/4R3p/P2r5/9/4A4/2BAK4 w,0.9575784,6906
2R1ka3/4a4/9/9/2P6/4R3p/P2r5/9/4A4/2BAK4 b,-0.9695457,5133
2Rrka3/4a4/9/9/2P6/4R3p/P8/9/4A4/2BAK4 w,0.97343576,183
rnbakabnr/9/1c5c1/p1p1p1p1p/9/9/P1P1P1P1P/1C5C1/9/RNBAKABNR w,0.014449762,5087
rnbakabnr/9/1c5c1/p1p1p1p1p/9/9/P1P1P1P1P/4C2C1/9/RNBAKABNR b,-0.012932254,110
r1bakabnr/9/1cn4c1/p1p1p1p1p/9/9/P1P1P1P1P/4C2C1/9/RNBAKABNR w,0.011422182,7445
r1bakabnr/9/1cn4c1/p1p1p1p1p/9/9/P1P1P1P1P/2N1C2C1/9/R1BAKABNR b,-0.012428113,3012
r1baka1nr/9/1cn1b2c1/p1p1p1p1p/9/9/P1P1P1P1P/2N1C2C1/9/R1BAKABNR w,0.028042147,7372
r1baka1nr/9/1cn1b2c1/p1p1p1p1p/9/9/P1P1P1P1P/2N1C2C1/9/1RBAKABNR b,-0.02165522,1
1rbaka1nr/9/1cn1b2c1/p1p1p1p1p/9/9/P1P1P1P1P/2N1C2C1/9/1RBAKABNR w,0.018024392,5087
1rbaka1nr/9/1cn1b2c1/p1p1p1p1p/9/9/P1P1P1P1P/2N1CC3/9/1RBAKABNR b,-0.012428113,2648
1rbaka2r/9/1cn1b1nc1/p1p1p1p1p/9/9/P1P1P1P1P/2N1CC3/9/1RBAKABNR w,0.019055555,5451
1rbaka2r/9/1cn1b1nc1/p1p1p1p1p/9/9/P1P1P1P1P/2N1CCN2/9/1RBAKAB1R b,-0.017510546,1765
1rbaka2r/9/1cn1b1nc1/p1p1p3p/6p2/9/P1P1P1P1P/2N1CCN2/9/1RBAKAB1R w,0.019572936,8098
1rbaka2r/9/1cn1b1nc1/p1p1p3p/6p2/9/P1P1P1P1P/2N1CCN2/9/1RBAKABR1 b,-0.014449762,727
1rbaka1r1/9/1cn1b1nc1/p1p1p3p/6p2/9/P1P1P1P1P/2N1CCN2/9/1RBAKABR1 w,0.016997816,7408
1rbaka1r1/9/1cn1b1nc1/p1p1p3p/6p2/2P6/P3P1P1P/2N1CCN2/9/1RBAKABR1 b,-0.008420906,1765
1rbaka1r1/9/2n1b1nc1/p1p1p3p/6p2/2P6/Pc2P1P1P/2N1CCN2/9/1RBAKABR1 w,0.012932254,7954
1rbaka1r1/9/2n1b1nc1/p1p1p3p/6p2/2PN5/Pc2P1P1P/4CCN2/9/1RBAKABR1 b,0.0014816026,2311
1rbaka1r1/9/2n1b1n2/p1p1p3p/6p2/2PN5/Pc2P1PcP/4CCN2/9/1RBAKABR1 w,-0.011924766,7816
1rbaka1r1/9/2n1bCn2/p1p1p3p/6p2/2PN5/Pc2P1PcP/4C1N2/9/1RBAKABR1 b,0.02535331,5548
1rbakabr1/9/2n2Cn2/p1p1p3p/6p2/2PN5/Pc2P1PcP/4C1N2/9/1RBAKABR1 w,0.04585602,6061
1rbakabr1/9/2n2Cn2/p1p1N3p/6p2/2P6/Pc2P1PcP/4C1N2/9/1RBAKABR1 b,-0.025618432,1831
1rbakabr1/9/5Cn2/p1p1n3p/6p2/2P6/Pc2P1PcP/4C1N2/9/1RBAKABR1 w,0.007799667,6061
1rbakabr1/9/5Cn2/p1p1C3p/6p2/2P6/Pc2P1PcP/6N2/9/1RBAKABR1 b,-0.014534511,109
2bakabr1/9/1r3Cn2/p1p1C3p/6p2/2P6/Pc2P1PcP/6N2/9/1RBAKABR1 w,-0.00084206735,2839
2bakabr1/9/1r3Cn2/p1p5p/6p2/2P1C4/Pc2P1PcP/6N2/9/1RBAKABR1 b,-0.019456778,1733
2bakabr1/9/5rn2/p1p5p/6p2/2P1C4/Pc2P1PcP/6N2/9/1RBAKABR1 w,0,7435
2bakabr1/9/5rn2/p1p5p/6p2/2P1C4/PR2P1PcP/6N2/9/2BAKABR1 b,0.0010268611,3831
2bakabr1/9/6n2/p1p5p/6p2/2P1C4/PR2PrPcP/6N2/9/2BAKABR1 w,0.39088708,4969
2bakabr1/9/6n2/p1p5p/1R4p2/2P1C4/P3PrPcP/6N2/9/2BAKABR1 b,-0.1593855,3831
2bakabr1/9/9/p1p5p/1R3np2/2P1C4/P3PrPcP/6N2/9/2BAKABR1 w,0.6604994,3370
2bakabr1/9/9/p1p5p/1R3np2/2P1C4/P3PrPcP/6N2/7R1/2BAKAB2 b,-0.2315968,373
2bakabr1/9/9/p1p5p/1R3np2/2P1C4/P3P1PcP/5rN2/7R1/2BAKAB2 w,0.66504467,3370
2bakabr1/9/9/p1p5p/1R3np2/2P1C4/P3P1PcP/5r3/7RN/2BAKAB2 b,-0.36218986,5548
2bakabr1/9/9/p1p5p/1R3npc1/2P1C4/P3P1P1P/5r3/7RN/2BAKAB2 w,0.8249126,3370
2bakabr1/9/9/p1p5p/1R3npc1/2P1C4/P3P1P1P/5r3/4A2RN/2B1KAB2 b,-0.3209426,3750
2bakabr1/9/9/p1p5p/1R3npc1/2P1C4/P3PrP1P/9/4A2RN/2B1KAB2 w,0.77110004,3370
2bakabr1/9/9/p1p5p/1R3npc1/2P1C4/P3PrPRP/9/4A3N/2B1KAB2 b,-0.03014275,5368
2bakabr1/9/9/p1p5p/1R3npc1/2P1C4/P3r1PRP/9/4A3N/2B1KAB2 w,0.02732533,3370
2bakabr1/9/9/p1p5p/5Rpc1/2P1C4/P3r1PRP/9/4A3N/2B1KAB2 b,0.008995695,3911
2bakabr1/9/9/p1p5p/5cp2/2P1C4/P3r1PRP/9/4A3N/2B1KAB2 w,-0.007277056,5497
2bakabR1/9/9/p1p5p/5cp2/2P1C4/P3r1P1P/9/4A3N/2B1KAB2 b,0.0048677474,5269
2bakabR1/9/9/p1p5p/5cp2/2P1r4/P5P1P/9/4A3N/2B1KAB2 w,-0.0020882417,664
2bakaR2/9/9/p1p5p/5cp2/2P1r4/P5P1P/9/4A3N/2B1KAB2 b,0.00658401,4457
2bakaR2/9/9/p1p5p/5cp2/2r6/P5P1P/9/4A3N/2B1KAB2 w,-0.009857865,7897
2bakaR2/9/9/p1p5p/5cp2/2r6/P5P1P/4B4/4A3N/4KAB2 b,0.0072431946,3730
2bakaR2/9/9/p1p5p/4c1p2/2r6/P5P1P/4B4/4A3N/4KAB2 w,-0.004002328,7734
2bakaR2/9/9/p1p5p/4c1p2/2r6/P5P1P/4B4/4A3N/3K1AB2 b,0.010364618,4278
2bakaR2/9/9/p1p5p/4c1p2/3r5/P5P1P/4B4/4A3N/3K1AB2 w,-0.0069608036,7645
2bakaR2/9/9/p1p5p/4c1p2/3r5/P5P1P/4B4/4A3N/4KAB2 b,0.007675887,283
2bakaR2/9/9/p1p5p/4c1p2/1r7/P5P1P/4B4/4A3N/4KAB2 w,-0.008576414,7734
2bakaR2/9/9/p1p5p/4c1p2/1r7/P5P1P/4B4/4A3N/3K1AB2 b,0.0071014077,4188
2bakaR2/9/9/p1p5p/4c1p2/9/P5P1P/4B4/4A3N/1r1K1AB2 w,-0.005744849,7635
2bakaR2/9/9/p1p5p/4c1p2/9/P5P1P/4B4/3KA3N/1r3AB2 b,0.007675887,7435
2bakaR2/9/9/p1p5p/4c1p2/9/P5P1P/4B4/1r1KA3N/5AB2 w,-0.0051039327,6834
2bakaR2/9/9/p1p5p/4c1p2/9/P5P1P/4B4/1r2A3N/3K1AB2 b,0.00682136,6652
2bakaR2/9/9/p1p5p/6p2/9/P5P1P/4B4/1r2c3N/3K1AB2 w,0.036391962,7816
2bakaR2/9/9/p1p5p/6p2/9/P5P1P/4B4/1r2A3N/3K2B2 b,-0.04492205,6652
2bakaR2/9/9/p1p5p/6p2/9/P5P1P/4B4/4A3N/1r1K2B2 w,0.06365671,7635
2bakaR2/9/9/p1p5p/6p2/9/P5P1P/4B4/3KA3N/1r4B2 b,-0.050265376,7453
2bakaR2/9/9/p1p5p/6p2/9/P5P1P/4B4/1r1KA3N/6B2 w,0.05315554,6834
2bakaR2/9/9/p1p5p/6p2/9/P5P1P/4B4/1r2A3N/3K2B2 b,-0.04492205,6652
2bakaR2/9/9/p1p5p/6p2/9/P5P1P/4B4/4r3N/3K2B2 w,0.15975975,7261
2bakaR2/9/9/p1p5p/6p2/9/P5PNP/4B4/4r4/3K2B2 b,-0.08244881,202
3akaR2/9/4b4/p1p5p/6p2/9/P5PNP/4B4/4r4/3K2B2 w,0.15569693,564
3aka3/9/4b1R2/p1p5p/6p2/9/P5PNP/4B4/4r4/3K2B2 b,-0.14782429,373
3aka3/9/4b1R2/p1p5p/6p2/9/P5PNP/4B4/9/3Kr1B2 w,0.8439784,7645
3aka3/9/4b1R2/p1p5p/6p2/9/P5PNP/4B4/9/4K1B2 b,-0.9766498,2018
3a1a3/4k4/4b1R2/p1p5p/6p2/9/P5PNP/4B4/9/4K1B2 w,0.98531795,6113
3a1a3/4k4/4bR3/p1p5p/6p2/9/P5PNP/4B4/9/4K1B2 b,-0.96079797,1182
3a1a3/4k4/4bR3/p7p/2p3p2/9/P5PNP/4B4/9/4K1B2 w,0.97845334,6113
3a1R3/4k4/4b4/p7p/2p3p2/9/P5PNP/4B4/9/4K1B2 b,-0.97409487,3831
3a1R3/3k5/4b4/p7p/2p3p2/9/P5PNP/4B4/9/4K1B2 w,0.98008704,7736
3a5/3k5/4b4/p4R2p/2p3p2/9/P5PNP/4B4/9/4K1B2 b,-0.9772831,3831
3a2b2/3k5/9/p4R2p/2p3p2/9/P5PNP/4B4/9/4K1B2 w,0.9957923,5532
3a2b2/3k5/9/p4R2p/2p3N2/9/P5P1P/4B4/9/4K1B2 b,-0.998017,3194
3a2b2/9/3k5/p4R2p/2p3N2/9/P5P1P/4B4/9/4K1B2 w,0.999021,2910
3a2b2/9/3k5/p4R2p/2p3N2/2B6/P5P1P/9/9/4K1B2 b,-1,1902
3a2b2/9/3k5/p4R2p/6N2/2p6/P5P1P/9/9/4K1B2 w,1,2910
rnbakabnr/9/1c5c1/p1p1p1p1p/9/9/P1P1P1P1P/1C5C1/9/RNBAKABNR w,0.014449762,5087
rnbakabnr/9/1c5c1/p1p1p1p1p/9/9/P1P1P1P1P/4C2C1/9/RNBAKABNR b,-0.012932254,110
r1bakabnr/9/1cn4c1/p1p1p1p1p/9/9/P1P1P1P1P/4C2C1/9/RNBAKABNR w,0.011422182,7445
r1bakabnr/9/1cn4c1/p1p1p1p1p/9/9/P1P1P1P1P/2N1C2C1/9/R1BAKABNR b,-0.012428113,3012
r1baka1nr/9/1cn1b2c1/p1p1p1p1p/9/9/P1P1P1P1P/2N1C2C1/9/R1BAKABNR w,0.028042147,7372
r1baka1nr/9/1cn1b2c1/p1p1p1p1p/9/9/P1P1P1P1P/2N1C2C1/9/1RBAKABNR b,-0.02165522,1
1rbaka1nr/9/1cn1b2c1/p1p1p1p1p/9/9/P1P1P1P1P/2N1C2C1/9/1RBAKABNR w,0.018024392,5087
1rbaka1nr/9/1cn1b2c1/p1p1p1p1p/9/9/P1P1P1P1P/2N1CC3/9/1RBAKABNR b,-0.012428113,2648
1rbaka2r/9/1cn1b1nc1/p1p1p1p1p/9/9/P1P1P1P1P/2N1CC3/9/1RBAKABNR w,0.019055555,5451
1rbaka2r/9/1cn1b1nc1/p1p1p1p1p/9/9/P1P1P1P1P/2N1CCN2/9/1RBAKAB1R b,-0.017510546,1765
1rbaka2r/9/1cn1b1nc1/p1p1p3p/6p2/9/P1P1P1P1P/2N1CCN2/9/1RBAKAB1R w,0.019572936,8098
1rbaka2r/9/1cn1b1nc1/p1p1p3p/6p2/9/P1P1P1P1P/2N1CCN2/9/1RBAKABR1 b,-0.014449762,727
1rbaka1r1/9/1cn1b1nc1/p1p1p3p/6p2/9/P1P1P1P1P/2N1CCN2/9/1RBAKABR1 w,0.016997816,7408
1rbaka1r1/9/1cn1b1nc1/p1p1p3p/6p2/2P6/P3P1P1P/2N1CCN2/9/1RBAKABR1 b,-0.008420906,1765
1rbaka1r1/9/2n1b1nc1/p1p1p3p/6p2/2P6/Pc2P1P1P/2N1CCN2/9/1RBAKABR1 w,0.012932254,7954
1rbaka1r1/9/2n1b1nc1/p1p1p3p/6p2/2PN5/Pc2P1P1P/4CCN2/9/1RBAKABR1 b,0.0014816026,2311
1rbaka1r1/9/2n1b1n2/p1p1p3p/6p2/2PN5/Pc2P1PcP/4CCN2/9/1RBAKABR1 w,-0.011924766,7816
1rbaka1r1/9/2n1bCn2/p1p1p3p/6p2/2PN5/Pc2P1PcP/4C1N2/9/1RBAKABR1 b,0.02535331,5548
1rbakabr1/9/2n2Cn2/p1p1p3p/6p2/2PN5/Pc2P1PcP/4C1N2/9/1RBAKABR1 w,0.04585602,6061
1rbakabr1/9/2n2Cn2/p1p1N3p/6p2/2P6/Pc2P1PcP/4C1N2/9/1RBAKABR1 b,-0.025618432,1831
1rbakabr1/9/5Cn2/p1p1n3p/6p2/2P6/Pc2P1PcP/4C1N2/9/1RBAKABR1 w,0.007799667,6061
1rbakabr1/9/5Cn2/p1p1C3p/6p2/2P6/Pc2P1PcP/6N2/9/1RBAKABR1 b,-0.014534511,109
2bakabr1/9/1r3Cn2/p1p1C3p/6p2/2P6/Pc2P1PcP/6N2/9/1RBAKABR1 w,-0.00084206735,2839
2bakabr1/9/1r3Cn2/p1p5p/6p2/2P1C4/Pc2P1PcP/6N2/9/1RBAKABR1 b,-0.019456778,1733
2bakabr1/9/5rn2/p1p5p/6p2/2P1C4/Pc2P1PcP/6N2/9/1RBAKABR1 w,0,7435
2bakabr1/9/5rn2/p1p5p/6p2/2P1C4/PR2P1PcP/6N2/9/2BAKABR1 b,0.0010268611,3831
2bakabr1/9/5r3/p1p5p/5np2/2P1C4/PR2P1PcP/6N2/9/2BAKABR1 w,0.00619123,4987
2bakabr1/9/5r3/p1p5p/1R3np2/2P1C4/P3P1PcP/6N2/9/2BAKABR1 b,-0.004460755,3750
2bakabr1/9/5r3/p1p5p/1R4p2/2P1C4/P3P1ncP/6N2/9/2BAKABR1 w,0.0050324383,3372
2bakabr1/9/5r3/p1p5p/6R2/2P1C4/P3P1ncP/6N2/9/2BAKABR1 b,-0.00657011,5449
2bakabr1/9/5r3/p1p5p/6R2/2P1n4/P3P2cP/6N2/9/2BAKABR1 w,0.004916287,5269
2bakabr1/9/5r3/p1p5p/6R2/2P1P4/P6cP/6N2/9/2BAKABR1 b,-0.0045435224,2129
2bakabr1/9/5r3/p1p5p/6R2/2P1P4/P7P/6Nc1/9/2BAKABR1 w,0.008180164,3831
2bakabr1/9/5r3/p1p5p/6R2/2P1P4/P7P/6Nc1/7R1/2BAKAB2 b,-0.0040337103,2129
2bakabr1/9/9/p1p5p/6R2/2P1P4/P7P/5rNc1/7R1/2BAKAB2 w,0.012272201,3831
2bakabr1/9/9/p1p3R1p/9/2P1P4/P7P/5rNc1/7R1/2BAKAB2 b,-0.007651792,6179
2bakab2/9/9/p1p3R1p/9/2P1P4/P6rP/5rNc1/7R1/2BAKAB2 w,0.049776442,2976
2bakaR2/9/9/p1p5p/9/2P1P4/P6rP/5rNc1/7R1/2BAKAB2 b,-0.05478155,2648
2bakaR2/9/9/p1p5p/9/2P1P4/P3r3P/5rNc1/7R1/2BAKAB2 w,0.49902156,7816
2bakaR2/9/9/p1p5p/9/2P1P4/P3r3P/5rNc1/4A2R1/2BAK1B2 b,-0.49075776,5269
2bakaR2/9/9/p1p5p/9/2P1P4/P3r3P/5rN1c/4A2R1/2BAK1B2 w,0.591632,7897
2bakaRR1/9/9/p1p5p/9/2P1P4/P3r3P/5rN1c/4A4/2BAK1B2 b,-0.36981955,6479
2bakaRR1/9/9/p1p5p/9/2P1P4/P3r3P/5rN2/4A4/2BAK1B1c w,0.5593444,7897
2bakaRR1/9/9/p1p5p/9/2P1P4/P3r3P/4BrN2/4A4/2BAK3c b,-0.57287526,202
2bakaRR1/9/9/p1p5p/9/2P1P4/P3r3P/4B1r2/4A4/2BAK3c w,0.5357092,609
2baka1R1/9/9/p1p5p/9/2P1P4/P3r3P/4B1R2/4A4/2BAK3c b,-0.47797886,5274
2b1ka1R1/4a4/9/p1p5p/9/2P1P4/P3r3P/4B1R2/4A4/2BAK3c w,0.5973247,4905
2b1ka1R1/4a4/9/p1p5p/9/2P1P4/P3r3P/4B4/4A1R2/2BAK3c b,-0.4903373,2466
2b1ka1R1/4a4/9/p1p5p/9/2P1r4/P7P/4B4/4A1R2/2BAK3c w,0.62826484,7100
2b1ka3/4a4/9/p1p5p/9/2P1r4/P6RP/4B4/4A1R2/2BAK3c b,-0.6253401,4441
2b1ka3/4a4/9/p1p1r3p/9/2P6/P6RP/4B4/4A1R2/2BAK3c w,0.62826484,7100
2b1ka3/4a4/9/p1p1r3p/9/2P6/P6RP/4B4/4A3R/2BAK3c b,-0.62826484,8072
2b1ka3/4a4/9/p1p1r3p/9/2P6/P6RP/4B4/4A3R/2BAK2c1 w,0.6791432,5578
2b1ka3/4a4/9/p1p1r3p/9/2P6/P7P/4B4/4A3R/2BAK2R1 b,-0.66663945,202
4ka3/4a4/4b4/p1p1r3p/9/2P6/P7P/4B4/4A3R/2BAK2R1 w,0.6870003,6906
4ka3/4a4/4b4/p1p1r3p/9/2P6/P7P/4B4/4AR3/2BAK2R1 b,-0.69551605,2848
4ka3/4a4/4b4/p1p5p/9/2P6/P3r3P/4B4/4AR3/2BAK2R1 w,0.77061117,6962
4ka3/4a4/4b4/p1p2R2p/9/2P6/P3r3P/4B4/4A4/2BAK2R1 b,-0.75864416,2648
4ka3/4a4/4b4/p1p2R2p/9/2P6/P7r/4B4/4A4/2BAK2R1 w,0.77555555,7945
4ka3/4a4/4b4/p1p1R3p/9/2P6/P7r/4B4/4A4/2BAK2R1 b,-0.69744366,2648
4kab2/4a4/9/p1p1R3p/9/2P6/P7r/4B4/4A4/2BAK2R1 w,0.7611495,7945
4kab2/4a4/9/p1p1R3p/9/2P6/P7r/4B4/4A4/2BAK1R2 b,-0.78933316,5634
4kab2/4a4/9/p1p1R3p/9/2P6/r8/4B4/4A4/2BAK1R2 w,0.76661456,7854
4kaR2/4a4/9/p1p1R3p/9/2P6/r8/4B4/4A4/2BAK4 b,-0.79584575,4917
4kaR2/4a4/9/p1p1R3p/9/2P6/7r1/4B4/4A4/2BAK4 w,0.8740005,564
4ka3/4a4/9/p1p1R1R1p/9/2P6/7r1/4B4/4A4/2BAK4 b,-0.79584575,2466
4ka3/4a4/9/p1p1R1R1p/9/2P6/9/4B4/4A4/2BAK2r1 w,0.84821904,6926
4ka3/4a4/9/p1p1R1R1p/9/2P6/9/9/4A4/2BAK1Br1 b,-0.8675164,7945
4ka3/4a2r1/9/p1p1R1R1p/9/2P6/9/9/4A4/2BAK1B2 w,0.90981513,2994
4ka3/4a2r1/9/p1R3R1p/9/2P6/9/9/4A4/2BAK1B2 b,-0.8277477,1173
4ka3/4a4/9/p1R3R1p/9/2P6/7r1/9/4A4/2BAK1B2 w,0.8818545,3001
4ka3/4a4/9/p1R3R1p/2P6/9/7r1/9/4A4/2BAK1B2 b,-0.85328126,5548
4ka3/4a4/9/p1R3R1p/2P6/9/9/9/4A4/2BAK1Br1 w,0.9980776,6906
4ka3/4a4/9/p1R3R1p/2P6/9/9/9/9/2BAKABr1 b,-1,363
4ka3/4a4/9/p1R3R1p/2P6/9/9/9/9/2BAKAB1r w,1,2612
rnbakabnr/9/1c5c1/p1p1p1p1p/9/9/P1P1P1P1P/1C5C1/9/RNBAKABNR w,0.014449762,5087
rnbakabnr/9/1c5c1/p1p1p1p1p/9/9/P1P1P1P1P/4C2C1/9/RNBAKABNR b,-0.012932254,110
r1bakabnr/9/1cn4c1/p1p1p1p1p/9/9/P1P1P1P1P/4C2C1/9/RNBAKABNR w,0.011422182,7445
r1bakabnr/9/1cn4c1/p1p1p1p1p/9/9/P1P1P1P1P/2N1C2C1/9/R1BAKABNR b,-0.012428113,3012
r1baka1nr/9/1cn1b2c1/p1p1p1p1p/9/9/P1P1P1P1P/2N1C2C1/9/R1BAKABNR w,0.028042147,7372
r1baka1nr/9/1cn1b2c1/p1p1p1p1p/9/9/P1P1P1P1P/2N1C2C1/9/1RBAKABNR b,-0.02165522,1
1rbaka1nr/9/1cn1b2c1/p1p1p1p1p/9/9/P1P1P1P1P/2N1C2C1/9/1RBAKABNR w,0.018024392,5087
1rbaka1nr/9/1cn1b2c1/p1p1p1p1p/9/9/P1P1P1P1P/2N1CC3/9/1RBAKABNR b,-0.012428113,2648
1rbaka2r/9/1cn1b1nc1/p1p1p1p1p/9/9/P1P1P1P1P/2N1CC3/9/1RBAKABNR w,0.019055555,5451
1rbaka2r/9/1cn1b1nc1/p1p1p1p1p/9/9/P1P1P1P1P/2N1CCN2/9/1RBAKAB1R b,-0.017510546,1765
1rbaka2r/9/1cn1b1nc1/p1p1p3p/6p2/9/P1P1P1P1P/2N1CCN2/9/1RBAKAB1R w,0.019572936,8098
1rbaka2r/9/1cn1b1nc1/p1p1p3p/6p2/9/P1P1P1P1P/2N1CCN2/9/1RBAKABR1 b,-0.014449762,727
1rbaka1r1/9/1cn1b1nc1/p1p1p3p/6p2/9/P1P1P1P1P/2N1CCN2/9/1RBAKABR1 w,0.016997816,7408
1rbaka1r1/9/1cn1b1nc1/p1p1p3p/6p2/2P6/P3P1P1P/2N1CCN2/9/1RBAKABR1 b,-0.008420906,1765
1rbaka1r1/9/2n1b1nc1/p1p1p3p/6p2/2P6/Pc2P1P1P/2N1CCN2/9/1RBAKABR1 w,0.012932254,7954
1rbaka1r1/9/2n1b1nc1/p1p1p3p/6p2/2PN5/Pc2P1P1P/4CCN2/9/1RBAKABR1 b,0.0014816026,2311
1rbaka1r1/9/2n1b1n2/p1p1p3p/6p2/2PN5/Pc2P1PcP/4CCN2/9/1RBAKABR1 w,-0.011924766,7816
1rbaka1r1/9/2n1bCn2/p1p1p3p/6p2/2PN5/Pc2P1PcP/4C1N2/9/1RBAKABR1 b,0.02535331,5548
1rbakabr1/9/2n2Cn2/p1p1p3p/6p2/2PN5/Pc2P1PcP/4C1N2/9/1RBAKABR1 w,0.04585602,6061
1rbakabr1/9/2n2Cn2/p1p1N3p/6p2/2P6/Pc2P1PcP/4C1N2/9/1RBAKABR1 b,-0.025618432,1831
1rbakabr1/9/5Cn2/p1p1n3p/6p2/2P6/Pc2P1PcP/4C1N2/9/1RBAKABR1 w,0.007799667,6061
1rbakabr1/9/5Cn2/p1p1C3p/6p2/2P6/Pc2P1PcP/6N2/9/1RBAKABR1 b,-0.014534511,109
2bakabr1/9/1r3Cn2/p1p1C3p/6p2/2P6/Pc2P1PcP/6N2/9/1RBAKABR1 w,-0.00084206735,2839
2bakabr1/9/1r3Cn2/p1p5p/6p2/2P1C4/Pc2P1PcP/6N2/9/1RBAKABR1 b,-0.019456778,1733
2bakabr1/9/5rn2/p1p5p/6p2/2P1C4/Pc2P1PcP/6N2/9/1RBAKABR1 w,0,7435
2bakabr1/9/5rn2/p1p5p/6p2/2P1C4/PR2P1PcP/6N2/9/2BAKABR1 b,0.0010268611,3831
2bakabr1/9/5r3/p1p5p/5np2/2P1C4/PR2P1PcP/6N2/9/2BAKABR1 w,0.00619123,4987
2bakabr1/9/5r3/p1p5p/1R3np2/2P1C4/P3P1PcP/6N2/9/2BAKABR1 b,-0.004460755,3750
2bakabr1/9/5r3/p1p5p/1R4p2/2P1C4/P3P1ncP/6N2/9/2BAKABR1 w,0.0050324383,3372
2bakabr1/9/5r3/p1p5p/6R2/2P1C4/P3P1ncP/6N2/9/2BAKABR1 b,-0.00657011,5449
2bakabr1/9/5r3/p1p5p/6R2/2P1n4/P3P2cP/6N2/9/2BAKABR1 w,0.004916287,5269
2bakabr1/9/5r3/p1p5p/6R2/2P1P4/P6cP/6N2/9/2BAKABR1 b,-0.0045435224,2129
2bakabr1/9/5r3/p1p5p/6R2/2P1P4/P7P/6Nc1/9/2BAKABR1 w,0.008180164,3831
2bakabr1/9/5r3/p1p5p/6R2/2P1P4/P7P/6Nc1/7R1/2BAKAB2 b,-0.0040337103,2129
2bakabr1/9/9/p1p5p/6R2/2P1P4/P7P/5rNc1/7R1/2BAKAB2 w,0.012272201,3831
2bakabr1/9/9/p1p3R1p/9/2P1P4/P7P/5rNc1/7R1/2BAKAB2 b,-0.007651792,6179
2bakab2/9/9/p1p3R1p/9/2P1P4/P6rP/5rNc1/7R1/2BAKAB2 w,0.049776442,2976
2bakaR2/9/9/p1p5p/9/2P1P4/P6rP/5rNc1/7R1/2BAKAB2 b,-0.05478155,2648
2bakaR2/9/9/p1p5p/9/2P1P4/P3r3P/5rNc1/7R1/2BAKAB2 w,0.49902156,7816
2bakaR2/9/9/p1p5p/9/2P1P4/P3r3P/5rNc1/4A2R1/2B1KAB2 b,-0.23431782,6361
2bakaR2/9/9/p1p5p/9/2P1P4/P3r2cP/5rN2/4A2R1/2B1KAB2 w,0.364695,7897
2bakaR2/9/9/p1p5p/9/2P1P4/P3r2RP/5rN2/4A4/2B1KAB2 b,-0.23767887,6189
2bakaR2/9/9/p1p5p/9/2P1P4/P6rP/5rN2/4A4/2B1KAB2 w,0.44417596,6908
2bakaR2/9/9/p1p5p/9/2P1P4/P6rP/5AN2/9/2B1KAB2 b,-0.5109103,5548
2bakaR2/9/9/p1p5p/9/2P1P4/r7P/5AN2/9/2B1KAB2 w,0.4907645,591
2bakaR2/9/9/p1p5p/9/2P1PN3/r7P/5A3/9/2B1KAB2 b,-0.27707016,4918
2bakaR2/9/9/p1p5p/9/2P1PN3/8r/5A3/9/2B1KAB2 w,0.36384907,4543
2bakaR2/9/9/p1p5p/7N1/2P1P4/8r/5A3/9/2B1KAB2 b,-0.4667995,5638
2bakaR2/9/9/p1p5p/7N1/2P1P4/4r4/5A3/9/2B1KAB2 w,0.51078606,7537
2bakaR2/9/9/p1p5p/7N1/2P1P4/4r4/4BA3/9/4KAB2 b,-0.51078606,5279
2bakaR2/9/9/p1p5p/7N1/2P1r4/9/4BA3/9/4KAB2 w,0.539595,3902
2bakaR2/9/9/p1p2N2p/9/2P1r4/9/4BA3/9/4KAB2 b,-0.48727936,4423
2bakaR2/9/9/p1p1rN2p/9/2P6/9/4BA3/9/4KAB2 w,0.65086335,2895
2bakaR2/6N2/9/p1p1r3p/9/2P6/9/4BA3/9/4KAB2 b,-0.58742857,373
2ba1aR2/4k1N2/9/p1p1r3p/9/2P6/9/4BA3/9/4KAB2 w,0.576502,545
2ba1R3/4k1N2/9/p1p1r3p/9/2P6/9/4BA3/9/4KAB2 b,-0.68063337,2820
2ba1R3/3k2N2/9/p1p1r3p/9/2P6/9/4BA3/9/4KAB2 w,0.67380047,509
2ba5/3k2N2/9/p1p1r3p/5R3/2P6/9/4BA3/9/4KAB2 b,-0.68738955,1093
2b6/3ka1N2/9/p1p1r3p/5R3/2P6/9/4BA3/9/4KAB2 w,0.8385625,3729
2b6/3ka1N2/9/p1p1r3p/1R7/2P6/9/4BA3/9/4KAB2 b,-0.7199552,2820
2b6/3k2N2/5a3/p1p1r3p/1R7/2P6/9/4BA3/9/4KAB2 w,0.7916631,3340
2b6/1R1k2N2/5a3/p1p1r3p/9/2P6/9/4BA3/9/4KAB2 b,-0.7262141,1083
2bk5/1R4N2/5a3/p1p1r3p/9/2P6/9/4BA3/9/4KAB2 w,0.78116375,901
1Rbk5/6N2/5a3/p1p1r3p/9/2P6/9/4BA3/9/4KAB2 b,-0.7503604,2083
1Rbk5/4a1N2/9/p1p1r3p/9/2P6/9/4BA3/9/4KAB2 w,0.7864604,92
2Rk5/4a1N2/9/p1p1r3p/9/2P6/9/4BA3/9/4KAB2 b,-0.7893291,282
2R6/3ka1N2/9/p1p1r3p/9/2P6/9/4BA3/9/4KAB2 w,0.84218246,180
9/2Rka1N2/9/p1p1r3p/9/2P6/9/4BA3/9/4KAB2 b,-0.8306653,1083
3k5/2R1a1N2/9/p1p1r3p/9/2P6/9/4BA3/9/4KAB2 w,0.83993113,992
3k5/R3a1N2/9/p1p1r3p/9/2P6/9/4BA3/9/4KAB2 b,-0.82097745,3194
3k5/R3a1N2/9/p1p1r4/8p/2P6/9/4BA3/9/4KAB2 w,0.81848884,820
R2k5/4a1N2/9/p1p1r4/8p/2P6/9/4BA3/9/4KAB2 b,-0.9264552,282
R8/3ka1N2/9/p1p1r4/8p/2P6/9/4BA3/9/4KAB2 w,0.8306653,9
9/R2ka1N2/9/p1p1r4/8p/2P6/9/4BA3/9/4KAB2 b,-0.82097745,1101
3k5/R3a1N2/9/p1p1r4/8p/2P6/9/4BA3/9/4KAB2 w,0.81848884,820
3k5/4a1N2/9/R1p1r4/8p/2P6/9/4BA3/9/4KAB2 b,-0.86479056,282
9/3ka1N2/9/R1p1r4/8p/2P6/9/4BA3/9/4KAB2 w,0.9308908,4268
9/R2ka1N2/9/2p1r4/8p/2P6/9/4BA3/9/4KAB2 b,-0.89405,1083
3k5/R3a1N2/9/2p1r4/8p/2P6/9/4BA3/9/4KAB2 w,0.9049984,864
3k5/4a1N2/R8/2p1r4/8p/2P6/9/4BA3/9/4KAB2 b,-0.86879015,4013
9/3ka1N2/R8/2p1r4/8p/2P6/9/4BA3/9/4KAB2 w,0.8801897,1629
9/3ka1N2/9/2p1r4/R7p/2P6/9/4BA3/9/4KAB2 b,-0.85217184,2820
9/3ka1N2/9/2p1r4/R8/2P5p/9/4BA3/9/4KAB2 w,0.9641977,3279
9/3ka1N2/9/2p1r4/3R5/2P5p/9/4BA3/9/4KAB2 b,-0.9548168,1191
9/3k2N2/3a5/2p1r4/3R5/2P5p/9/4BA3/9/4KAB2 w,0.9555582,7734
9/3k2N2/3a5/2p1r4/3R5/2P5p/9/4BA3/9/3K1AB2 b,-0.94312286,1093
9/3k2N2/3a5/2p3r2/3R5/2P5p/9/4BA3/9/3K1AB2 w,1,3531
9/3k2N2/3R5/2p3r2/9/2P5p/9/4BA3/9/3K1AB2 b,-1,1093
9/4k1N2/3R5/2p3r2/9/2P5p/9/4BA3/9/3K1AB2 w,1,1902
rnbakabnr/9/1c5c1/p1p1p1p1p/9/9/P1P1P1P1P/1C5C1/9/RNBAKABNR w,0.014449762,5087
rnbakabnr/9/1c5c1/p1p1p1p1p/9/9/P1P1P1P1P/4C2C1/9/RNBAKABNR b,-0.012932254,110
r1bakabnr/9/1cn4c1/p1p1p1p1p/9/9/P1P1P1P1P/4C2C1/9/RNBAKABNR w,0.011422182,7445
r1bakabnr/9/1cn4c1/p1p1p1p1p/9/9/P1P1P1P1P/2N1C2C1/9/R1BAKABNR b,-0.012428113,3012
r1baka1nr/9/1cn1b2c1/p1p1p1p1p/9/9/P1P1P1P1P/2N1C2C1/9/R1BAKABNR w,0.028042147,7372
r1baka1nr/9/1cn1b2c1/p1p1p1p1p/9/9/P1P1P1P1P/2N1C2C1/9/1RBAKABNR b,-0.02165522,1
1rbaka1nr/9/1cn1b2c1/p1p1p1p1p/9/9/P1P1P1P1P/2N1C2C1/9/1RBAKABNR w,0.018024392,5087
1rbaka1nr/9/1cn1b2c1/p1p1p1p1p/9/9/P1P1P1P1P/2N1CC3/9/1RBAKABNR b,-0.012428113,2648
1rbaka2r/9/1cn1b1nc1/p1p1p1p1p/9/9/P1P1P1P1P/2N1CC3/9/1RBAKABNR w,0.019055555,5451
1rbaka2r/9/1cn1b1nc1/p1p1p1p1p/9/9/P1P1P1P1P/2N1CCN2/9/1RBAKAB1R b,-0.017510546,1765
1rbaka2r/9/1cn1b1nc1/p1p1p3p/6p2/9/P1P1P1P1P/2N1CCN2/9/1RBAKAB1R w,0.019572936,8098
1rbaka2r/9/1cn1b1nc1/p1p1p3p/6p2/9/P1P1P1P1P/2N1CCN2/9/1RBAKABR1 b,-0.014449762,727
1rbaka1r1/9/1cn1b1nc1/p1p1p3p/6p2/9/P1P1P1P1P/2N1CCN2/9/1RBAKABR1 w,0.016997816,7408
1rbaka1r1/9/1cn1b1nc1/p1p1p3p/6p2/2P6/P3P1P1P/2N1CCN2/9/1RBAKABR1 b,-0.008420906,1765
1rbaka1r1/9/2n1b1nc1/p1p1p3p/6p2/2P6/Pc2P1P1P/2N1CCN2/9/1RBAKABR1 w,0.012932254,7954
1rbaka1r1/9/2n1b1nc1/p1p1p3p/6p2/2PN5/Pc2P1P1P/4CCN2/9/1RBAKABR1 b,0.0014816026,2311
1rbaka1r1/9/2n1b1n2/p1p1p3p/6p2/2PN5/Pc2P1PcP/4CCN2/9/1RBAKABR1 w,-0.011924766,7816
1rbaka1r1/9/2n1bCn2/p1p1p3p/6p2/2PN5/Pc2P1PcP/4C1N2/9/1RBAKABR1 b,0.02535331,5548
1rbakabr1/9/2n2Cn2/p1p1p3p/6p2/2PN5/Pc2P1PcP/4C1N2/9/1RBAKABR1 w,0.04585602,6061
1rbakabr1/9/2n2Cn2/p1p1N3p/6p2/2P6/Pc2P1PcP/4C1N2/9/1RBAKABR1 b,-0.025618432,1831
1rbakabr1/9/5Cn2/p1p1n3p/6p2/2P6/Pc2P1PcP/4C1N2/9/1RBAKABR1 w,0.007799667,6061
1rbakabr1/9/5Cn2/p1p1C3p/6p2/2P6/Pc2P1PcP/6N2/9/1RBAKABR1 b,-0.014534511,109
2bakabr1/9/1r3Cn2/p1p1C3p/6p2/2P6/Pc2P1PcP/6N2/9/1RBAKABR1 w,-0.00084206735,2839
2bakabr1/9/1r3Cn2/p1p5p/6p2/2P1C4/Pc2P1PcP/6N2/9/1RBAKABR1 b,-0.019456778,1733
2bakabr1/9/5rn2/p1p5p/6p2/2P1C4/Pc2P1PcP/6N2/9/1RBAKABR1 w,0,7435
2bakabr1/9/5rn2/p1p5p/6p2/2P1C4/PR2P1PcP/6N2/9/2BAKABR1 b,0.0010268611,3831
2bakabr1/9/6n2/p1p5p/6p2/2P1C4/PR2PrPcP/6N2/9/2BAKABR1 w,0.39088708,4969
2bakabr1/9/6n2/p1p5p/1R4p2/2P1C4/P3PrPcP/6N2/9/2BAKABR1 b,-0.1593855,3831
2bakabr1/9/9/p1p5p/1R3np2/2P1C4/P3PrPcP/6N2/9/2BAKABR1 w,0.6604994,3370
2bakabr1/9/9/p1p5p/1R3np2/2P1C4/P3PrPcP/4B1N2/9/2BAKA1R1 b,-0.17672673,373
2bakabr1/9/9/p1p5p/1R4p2/2P1C4/P3nrPcP/4B1N2/9/2BAKA1R1 w,0.64090973,3370
2bakabr1/9/9/p1p5p/1R4p2/2P1C4/P3nrPcP/4B1N2/4A4/2BAK2R1 b,-0.003012657,5360
2bakabr1/9/9/p1p5p/1R4p2/2P1C4/P3n1rcP/4B1N2/4A4/2BAK2R1 w,0.28532687,3370
2bakabr1/9/9/p1p5p/4R1p2/2P1C4/P3n1rcP/4B1N2/4A4/2BAK2R1 b,-0.7030103,562
2baka1r1/9/4b4/p1p5p/4R1p2/2P1C4/P3n1rcP/4B1N2/4A4/2BAK2R1 w,0.764984,3622
2baka1r1/9/4b4/p1p5p/4R1p2/2P1C4/P3N1rcP/4B4/4A4/2BAK2R1 b,-0.27723405,283
2baka1r1/9/4b4/p1p5p/4R1p2/2P1C4/P3r2cP/4B4/4A4/2BAK2R1 w,0.60003525,3622
2baka1r1/9/4R4/p1p5p/6p2/2P1C4/P3r2cP/4B4/4A4/2BAK2R1 b,-0.48800403,283
2bak2r1/4a4/4R4/p1p5p/6p2/2P1C4/P3r2cP/4B4/4A4/2BAK2R1 w,0.73295736,2005
2bak2r1/4a4/7R1/p1p5p/6p2/2P1C4/P3r2cP/4B4/4A4/2BAK2R1 b,-0.69939923,1175
2baka1r1/9/7R1/p1p5p/6p2/2P1C4/P3r2cP/4B4/4A4/2BAK2R1 w,0.6757428,2257
2baka1R1/9/9/p1p5p/6p2/2P1C4/P3r2cP/4B4/4A4/2BAK2R1 b,-0.6824469,5269
2baka1R1/9/9/p1p5p/6p2/2P1C4/c3r3P/4B4/4A4/2BAK2R1 w,0.94413877,8006
2baka1R1/9/9/p1p5p/6p2/2P2C3/c3r3P/4B4/4A4/2BAK2R1 b,-0.6430792,4941
2baka1R1/9/9/p1p5p/9/2P2Cp2/c3r3P/4B4/4A4/2BAK2R1 w,0.65930617,4532
2baka1R1/9/9/p1p5p/9/2P2CB2/c3r3P/9/4A4/2BAK2R1 b,-0.53049904,5282
2baka1R1/9/9/p1p5p/9/2P2CB2/4r3P/9/4A4/c1BAK2R1 w,0.5691407,7990
2baka1R1/9/9/p1p4Rp/9/2P2CB2/4r3P/9/4A4/c1BAK4 b,-0.5424499,5296
2baka1R1/9/9/p1p4Rp/9/2P2CB2/8P/9/4r4/c1BAK4 w,0.67282945,7736
2baka1R1/9/9/p1p4Rp/9/2P2CB2/8P/9/4r4/c1BA1K3 b,-0.41772106,6915
2baka1R1/9/9/p1p4Rp/9/2P2CB2/4r3P/9/9/c1BA1K3 w,0.8503477,4549
2baka1R1/9/9/p1p4Rp/9/2P3B2/4r3P/5C3/9/c1BA1K3 b,-0.726742,3194
2baka1R1/9/9/p1p4Rp/9/2P3B2/5r2P/5C3/9/c1BA1K3 w,0.8423884,3091
2baka1R1/9/9/p1p4Rp/9/2P3B2/5r2P/5C3/5K3/c1BA5 b,-0.7243036,202
2baka1R1/9/9/p1p4Rp/9/2P3B2/5r2P/5C3/5K3/2Bc5 w,0.8713111,3091
2baka1R1/9/9/p1p1R3p/9/2P3B2/5r2P/5C3/5K3/2Bc5 b,-0.8945091,283
2b1ka1R1/4a4/9/p1p1R3p/9/2P3B2/5r2P/5C3/5K3/2Bc5 w,0.8684812,7006
2b1ka1R1/4a4/9/p1R5p/9/2P3B2/5r2P/5C3/5K3/2Bc5 b,-0.72876716,7645
2b1ka1R1/4a4/9/p1R5p/9/2P3B2/5r2P/5C3/5K3/2B2c3 w,0.7908,7016
2R1ka1R1/4a4/9/p7p/9/2P3B2/5r2P/5C3/5K3/2B2c3 b,-0.71856594,1173
2Raka1R1/9/9/p7p/9/2P3B2/5r2P/5C3/5K3/2B2c3 w,0.7105377,700
2Raka3/9/9/p7p/9/2P3B2/5r2P/5C1R1/5K3/2B2c3 b,-0.66260844,7825
2Raka3/9/9/p7p/9/2P3B2/5r2P/5c1R1/5K3/2B6 w,0.8473322,6368
2Raka3/9/9/p7p/9/2P3B2/5r2P/5R3/5K3/2B6 b,-0.8894563,5378
2Raka3/9/9/p7p/9/2P3B2/8P/5r3/5K3/2B6 w,0.9841397,6998
2Raka3/9/9/p7p/9/2P3B2/8P/5K3/9/2B6 b,-0.9999998,463
2Raka3/9/9/p8/8p/2P3B2/8P/5K3/9/2B6 w,0.9999999,200
3aka3/9/9/p1R6/8p/2P3B2/8P/5K3/9/2B6 b,-0.9999999,4013
3aka3/9/9/2R6/p7p/2P3B2/8P/5K3/9/2B6 w,0.99999976,2641
3aka3/9/9/4R4/p7p/2P3B2/8P/5K3/9/2B6 b,-0.99999994,463
4ka3/4a4/9/4R4/p7p/2P3B2/8P/5K3/9/2B6 w,0.9999999,6187
4ka3/4a4/9/4R4/p7p/2P3B2/8P/4K4/9/2B6 b,-0.9999999,3285
4ka3/4a4/9/4R4/8p/p1P3B2/8P/4K4/9/2B6 w,1,2817
4ka3/4a4/9/R8/8p/p1P3B2/8P/4K4/9/2B6 b,-1,363
3k1a3/4a4/9/R8/8p/p1P3B2/8P/4K4/9/2B6 w,1,2475
3k1a3/4a4/9/3R5/8p/p1P3B2/8P/4K4/9/2B6 b,-1,274
4ka3/4a4/9/3R5/8p/p1P3B2/8P/4K4/9/2B6 w,1,2727
4ka3/4a4/9/3R5/2P5p/p5B2/8P/4K4/9/2B6 b,-1,4096
4ka3/4a4/9/3R5/2P5p/6B2/p7P/4K4/9/2B6 w,1,3449
4ka3/4a4/9/3R5/2P5p/6B2/p7P/9/4K4/2B6 b,-1,4915
4ka3/4a4/9/3R5/2P5p/6B2/1p6P/9/4K4/2B6 w,1,2766
4ka3/4a4/9/1R7/2P5p/6B2/1p6P/9/4K4/2B6 b,-1,363
3k1a3/4a4/9/1R7/2P5p/6B2/1p6P/9/4K4/2B6 w,1,2575
3k1a3/4a4/9/9/2P5p/6B2/1R6P/9/4K4/2B6 b,-1,1191
3k1a3/9/3a5/9/2P5p/6B2/1R6P/9/4K4/2B6 w,1,6907
3k1a3/9/3a5/9/2P5p/6B2/3R4P/9/4K4/2B6 b,-1,463
3k5/4a4/3a5/9/2P5p/6B2/3R4P/9/4K4/2B6 w,1,6907
3k5/4a4/3a5/2P6/8p/6B2/3R4P/9/4K4/2B6 b,-1,282
4k4/4a4/3a5/2P6/8p/6B2/3R4P/9/4K4/2B6 w,1,5185
4k4/4a4/3a5/3P5/8p/6B2/3R4P/9/4K4/2B6 b,-1,365
5k3/4a4/3a5/3P5/8p/6B2/3R4P/9/4K4/2B6 w,1,5185
5k3/4a4/3a5/3P5/8p/3R2B2/8P/9/4K4/2B6 b,-1,454
4k4/4a4/3a5/3P5/8p/3R2B2/8P/9/4K4/2B6 w,1,4369
4k4/4a4/3P5/9/8p/3R2B2/8P/9/4K4/2B6 b,-1,4013
5k3/4a4/3P5/9/8p/3R2B2/8P/9/4K4/2B6 w,1,4370
5k3/4a4/4P4/9/8p/3R2B2/8P/9/4K4/2B6 b,-1,1193
5k3/9/3aP4/9/8p/3R2B2/8P/9/4K4/2B6 w,1,4341
5k3/9/3aP4/9/3R4p/6B2/8P/9/4K4/2B6 b,-1,454
9/5k3/3aP4/9/3R4p/6B2/8P/9/4K4/2B6 w,1,3551
rnbakabnr/9/1c5c1/p1p1p1p1p/9/9/P1P1P1P1P/1C5C1/9/RNBAKABNR w,0.014449762,5087
rnbakabnr/9/1c5c1/p1p1p1p1p/9/9/P1P1P1P1P/4C2C1/9/RNBAKABNR b,-0.012932254,110
r1bakabnr/9/1cn4c1/p1p1p1p1p/9/9/P1P1P1P1P/4C2C1/9/RNBAKABNR w,0.011422182,7445
r1bakabnr/9/1cn4c1/p1p1p1p1p/9/9/P1P1P1P1P/2N1C2C1/9/R1BAKABNR b,-0.012428113,3012
r1baka1nr/9/1cn1b2c1/p1p1p1p1p/9/9/P1P1P1P1P/2N1C2C1/9/R1BAKABNR w,0.028042147,7372
r1baka1nr/9/1cn1b2c1/p1p1p1p1p/9/9/P1P1P1P1P/2N1C2C1/9/1RBAKABNR b,-0.02165522,1
1rbaka1nr/9/1cn1b2c1/p1p1p1p1p/9/9/P1P1P1P1P/2N1C2C1/9/1RBAKABNR w,0.018024392,5087
1rbaka1nr/9/1cn1b2c1/p1p1p1p1p/9/9/P1P1P1P1P/2N1CC3/9/1RBAKABNR b,-0.012428113,2648
1rbaka2r/9/1cn1b1nc1/p1p1p1p1p/9/9/P1P1P1P1P/2N1CC3/9/1RBAKABNR w,0.019055555,5451
1rbaka2r/9/1cn1b1nc1/p1p1p1p1p/9/9/P1P1P1P1P/2N1CCN2/9/1RBAKAB1R b,-0.017510546,1765
1rbaka2r/9/1cn1b1nc1/p1p1p3p/6p2/9/P1P1P1P1P/2N1CCN2/9/1RBAKAB1R w,0.019572936,8098
1rbaka2r/9/1cn1b1nc1/p1p1p3p/6p2/9/P1P1P1P1P/2N1CCN2/9/1RBAKABR1 b,-0.014449762,727
1rbaka1r1/9/1cn1b1nc1/p1p1p3p/6p2/9/P1P1P1P1P/2N1CCN2/9/1RBAKABR1 w,0.016997816,7408
1rbaka1r1/9/1cn1b1nc1/p1p1p3p/6p2/2P6/P3P1P1P/2N1CCN2/9/1RBAKABR1 b,-0.008420906,1765
1rbaka1r1/9/2n1b1nc1/p1p1p3p/6p2/2P6/Pc2P1P1P/2N1CCN2/9/1RBAKABR1 w,0.012932254,7954
1rbaka1r1/9/2n1b1nc1/p1p1p3p/6p2/2PN5/Pc2P1P1P/4CCN2/9/1RBAKABR1 b,0.0014816026,2311
1rbaka1r1/9/2n1b1n2/p1p1p3p/6p2/2PN5/Pc2P1PcP/4CCN2/9/1RBAKABR1 w,-0.011924766,7816
1rbaka1r1/9/2n1bCn2/p1p1p3p/6p2/2PN5/Pc2P1PcP/4C1N2/9/1RBAKABR1 b,0.02535331,5548
1rbakabr1/9/2n2Cn2/p1p1p3p/6p2/2PN5/Pc2P1PcP/4C1N2/9/1RBAKABR1 w,0.04585602,6061
1rbakabr1/9/2n2Cn2/p1p1N3p/6p2/2P6/Pc2P1PcP/4C1N2/9/1RBAKABR1 b,-0.025618432,1831
1rbakabr1/9/5Cn2/p1p1n3p/6p2/2P6/Pc2P1PcP/4C1N2/9/1RBAKABR1 w,0.007799667,6061
1rbakabr1/9/5Cn2/p1p1C3p/6p2/2P6/Pc2P1PcP/6N2/9/1RBAKABR1 b,-0.014534511,109
2bakabr1/9/1r3Cn2/p1p1C3p/6p2/2P6/Pc2P1PcP/6N2/9/1RBAKABR1 w,-0.00084206735,2839
2bakabr1/9/1r3Cn2/p1p5p/6p2/2P1C4/Pc2P1PcP/6N2/9/1RBAKABR1 b,-0.019456778,1733
2bakabr1/9/5rn2/p1p5p/6p2/2P1C4/Pc2P1PcP/6N2/9/1RBAKABR1 w,0,7435
2bakabr1/9/5rn2/p1p5p/6p2/2P1C4/PR2P1PcP/6N2/9/2BAKABR1 b,0.0010268611,3831
2bakabr1/9/6n2/p1p5p/6p2/2P1C4/PR2PrPcP/6N2/9/2BAKABR1 w,0.39088708,4969
2bakabr1/9/6n2/p1p5p/1R4p2/2P1C4/P3PrPcP/6N2/9/2BAKABR1 b,-0.1593855,3831
2bakabr1/9/9/p1p5p/1R3np2/2P1C4/P3PrPcP/6N2/9/2BAKABR1 w,0.6604994,3370
2bakabr1/9/9/p1p5p/1R3np2/2P1C4/P3PrPcP/6N2/4A4/2BAK1BR1 b,-0.15526117,2648
2bakabr1/9/9/p1p5p/1R4p2/2P1C4/P3nrPcP/6N2/4A4/2BAK1BR1 w,0.54247665,3370
2bakabr1/9/9/p1p5p/1R4p2/2P1C4/P3nrPcP/4B1N2/4A4/2BAK2R1 b,-0.003012657,5360
2bakabr1/9/9/p1p5p/1R4p2/2P1C4/P3n1rcP/4B1N2/4A4/2BAK2R1 w,0.28532687,3370
2bakabr1/9/9/p1p5p/4R1p2/2P1C4/P3n1rcP/4B1N2/4A4/2BAK2R1 b,-0.7030103,562
2baka1r1/9/4b4/p1p5p/4R1p2/2P1C4/P3n1rcP/4B1N2/4A4/2BAK2R1 w,0.764984,3622
2baka1r1/9/4b4/p1p5p/4R1p2/2P1C4/P3N1rcP/4B4/4A4/2BAK2R1 b,-0.27723405,283
2baka1r1/9/4b4/p1p5p/4R1p2/2P1C4/P3r2cP/4B4/4A4/2BAK2R1 w,0.60003525,3622
2baka1r1/9/4R4/p1p5p/6p2/2P1C4/P3r2cP/4B4/4A4/2BAK2R1 b,-0.48800403,283
2bak2r1/4a4/4R4/p1p5p/6p2/2P1C4/P3r2cP/4B4/4A4/2BAK2R1 w,0.73295736,2005
2bak2r1/4a4/7R1/p1p5p/6p2/2P1C4/P3r2cP/4B4/4A4/2BAK2R1 b,-0.69939923,1175
2bak2r1/4a4/7R1/p1p5p/6p2/2P1r4/P6cP/4B4/4A4/2BAK2R1 w,0.6782491,2257
2bak2R1/4a4/9/p1p5p/6p2/2P1r4/P6cP/4B4/4A4/2BAK2R1 b,-0.69578326,1175
2baka1R1/9/9/p1p5p/6p2/2P1r4/P6cP/4B4/4A4/2BAK2R1 w,0.70871454,7981
2baka3/9/9/p1p5p/6p2/2P1r4/P6RP/4B4/4A4/2BAK2R1 b,-0.6771151,4450
2baka3/9/9/p1p5p/9/2P1r1p2/P6RP/4B4/4A4/2BAK2R1 w,0.699625,6081
2baka3/9/9/p1p4Rp/9/2P1r1p2/P7P/4B4/4A4/2BAK2R1 b,-0.7566081,2648
2baka3/9/9/p1p4Rp/9/2P3p2/P3r3P/4B4/4A4/2BAK2R1 w,0.76140803,4905
2baka3/9/9/p1R5p/9/2P3p2/P3r3P/4B4/4A4/2BAK2R1 b,-0.74876875,5282
2baka3/9/9/p1R5p/9/2P6/P3r1p1P/4B4/4A4/2BAK2R1 w,0.8201977,7954
2Raka3/9/9/p7p/9/2P6/P3r1p1P/4B4/4A4/2BAK2R1 b,-0.7892786,5469
2Raka3/9/9/p7p/9/2P6/P3r3P/4B1p2/4A4/2BAK2R1 w,0.8239406,4905
3aka3/9/2R6/p7p/9/2P6/P3r3P/4B1p2/4A4/2BAK2R1 b,-0.8136168,6288
3aka3/9/2R6/p7p/9/2P6/P3r3P/4B4/4A1p2/2BAK2R1 w,0.811497,7972
3aka3/9/2R6/p7p/2P6/9/P3r3P/4B4/4A1p2/2BAK2R1 b,-0.7200652,5282
3aka3/9/2R6/p7p/2P6/9/P7r/4B4/4A1p2/2BAK2R1 w,0.813545,1822
3aka3/9/4R4/p7p/2P6/9/P7r/4B4/4A1p2/2BAK2R1 b,-0.79111695,283
4ka3/4a4/4R4/p7p/2P6/9/P7r/4B4/4A1p2/2BAK2R1 w,0.78401333,8006
4ka3/4a4/R8/p7p/2P6/9/P7r/4B4/4A1p2/2BAK2R1 b,-0.7459068,1173
4ka3/4a4/R8/p7p/2P6/9/P7r/4B4/4Ap3/2BAK2R1 w,0.7512346,1620
R3ka3/4a4/9/p7p/2P6/9/P7r/4B4/4Ap3/2BAK2R1 b,-0.74321485,1173
R2aka3/9/9/p7p/2P6/9/P7r/4B4/4Ap3/2BAK2R1 w,0.7238555,27
3aka3/9/9/R7p/2P6/9/P7r/4B4/4Ap3/2BAK2R1 b,-0.75317407,5639
3aka3/9/9/R7p/2P6/9/P8/4B4/4Ap3/2BAK2Rr w,0.9955431,8009
3aka3/9/9/R7p/2P6/9/P8/4B4/4Ap3/2BAK3R b,-0.9998478,3194
3aka3/9/9/R8/2P5p/9/P8/4B4/4Ap3/2BAK3R w,0.99989474,8054
3aka3/9/9/4R4/2P5p/9/P8/4B4/4Ap3/2BAK3R b,-0.9999645,283
4ka3/4a4/9/4R4/2P5p/9/P8/4B4/4Ap3/2BAK3R w,0.9998757,8090
4ka3/4a4/9/5R3/2P5p/9/P8/4B4/4Ap3/2BAK3R b,-0.9998478,1191
4ka3/4a4/9/5R3/2P5p/9/P8/4B4/4A1p2/2BAK3R w,0.9999298,8054
4ka3/4a4/9/5R3/2P5R/9/P8/4B4/4A1p2/2BAK4 b,-0.9999382,7099
4ka3/4a4/9/5R3/2P5R/9/P8/4B4/4Ap3/2BAK4 w,0.99997705,3449
4ka3/4a4/9/9/2P5R/9/P8/4B4/4AR3/2BAK4 b,-0.999997,1173
4ka3/9/3a5/9/2P5R/9/P8/4B4/4AR3/2BAK4 w,0.99999994,3449
4ka3/9/3a5/9/2P1R4/9/P8/4B4/4AR3/2BAK4 b,-0.99999386,1903
4k4/4a4/3a5/9/2P1R4/9/P8/4B4/4AR3/2BAK4 w,0.99999994,6944
4k4/4a4/3a5/2P6/4R4/9/P8/4B4/4AR3/2BAK4 b,-0.9999966,363
3k5/4a4/3a5/2P6/4R4/9/P8/4B4/4AR3/2BAK4 w,0.9999986,6944
3k5/4a4/2Pa5/9/4R4/9/P8/4B4/4AR3/2BAK4 b,-0.999997,274
4k4/4a4/2Pa5/9/4R4/9/P8/4B4/4AR3/2BAK4 w,1,7010
4k4/4a4/3P5/9/4R4/9/P8/4B4/4AR3/2BAK4 b,-1,363
3k5/4a4/3P5/9/4R4/9/P8/4B4/4AR3/2BAK4 w,1,3613
rnbakabnr/9/1c5c1/p1p1p1p1p/9/9/P1P1P1P1P/1C5C1/9/RNBAKABNR w,0.014449762,5087
rnbakabnr/9/1c5c1/p1p1p1p1p/9/9/P1P1P1P1P/4C2C1/9/RNBAKABNR b,-0.012932254,110
r1bakabnr/9/1cn4c1/p1p1p1p1p/9/9/P1P1P1P1P/4C2C1/9/RNBAKABNR w,0.011422182,7445
r1bakabnr/9/1cn4c1/p1p1p1p1p/9/9/P1P1P1P1P/2N1C2C1/9/R1BAKABNR b,-0.012428113,3012
r1baka1nr/9/1cn1b2c1/p1p1p1p1p/9/9/P1P1P1P1P/2N1C2C1/9/R1BAKABNR w,0.028042147,7372
r1baka1nr/9/1cn1b2c1/p1p1p1p1p/9/9/P1P1P1P1P/2N1C2C1/9/1RBAKABNR b,-0.02165522,1
1rbaka1nr/9/1cn1b2c1/p1p1p1p1p/9/9/P1P1P1P1P/2N1C2C1/9/1RBAKABNR w,0.018024392,5087
1rbaka1nr/9/1cn1b2c1/p1p1p1p1p/9/9/P1P1P1P1P/2N1CC3/9/1RBAKABNR b,-0.012428113,2648
1rbaka2r/9/1cn1b1nc1/p1p1p1p1p/9/9/P1P1P1P1P/2N1CC3/9/1RBAKABNR w,0.019055555,5451
1rbaka2r/9/1cn1b1nc1/p1p1p1p1p/9/9/P1P1P1P1P/2N1CCN2/9/1RBAKAB1R b,-0.017510546,1765
1rbaka2r/9/1cn1b1nc1/p1p1p3p/6p2/9/P1P1P1P1P/2N1CCN2/9/1RBAKAB1R w,0.019572936,8098
1rbaka2r/9/1cn1b1nc1/p1p1p3p/6p2/9/P1P1P1P1P/2N1CCN2/9/1RBAKABR1 b,-0.014449762,727
1rbaka1r1/9/1cn1b1nc1/p1p1p3p/6p2/9/P1P1P1P1P/2N1CCN2/9/1RBAKABR1 w,0.016997816,7408
1rbaka1r1/9/1cn1b1nc1/p1p1p3p/6p2/2P6/P3P1P1P/2N1CCN2/9/1RBAKABR1 b,-0.008420906,1765
1rbaka1r1/9/2n1b1nc1/p1p1p3p/6p2/2P6/Pc2P1P1P/2N1CCN2/9/1RBAKABR1 w,0.012932254,7954
1rbaka1r1/9/2n1b1nc1/p1p1p3p/6p2/2PN5/Pc2P1P1P/4CCN2/9/1RBAKABR1 b,0.0014816026,2311
1rbaka1r1/9/2n1b1n2/p1p1p3p/6p2/2PN5/Pc2P1PcP/4CCN2/9/1RBAKABR1 w,-0.011924766,7816
1rbaka1r1/9/2n1bCn2/p1p1p3p/6p2/2PN5/Pc2P1PcP/4C1N2/9/1RBAKABR1 b,0.02535331,5548
1rbakabr1/9/2n2Cn2/p1p1p3p/6p2/2PN5/Pc2P1PcP/4C1N2/9/1RBAKABR1 w,0.04585602,6061
1rbakabr1/9/2n2Cn2/p1p1N3p/6p2/2P6/Pc2P1PcP/4C1N2/9/1RBAKABR1 b,-0.025618432,1831
1rbakabr1/9/5Cn2/p1p1n3p/6p2/2P6/Pc2P1PcP/4C1N2/9/1RBAKABR1 w,0.007799667,6061
1rbakabr1/9/5Cn2/p1p1C3p/6p2/2P6/Pc2P1PcP/6N2/9/1RBAKABR1 b,-0.014534511,109
2bakabr1/9/1r3Cn2/p1p1C3p/6p2/2P6/Pc2P1PcP/6N2/9/1RBAKABR1 w,-0.00084206735,2839
2bakabr1/9/1r3Cn2/p1p5p/6p2/2P1C4/Pc2P1PcP/6N2/9/1RBAKABR1 b,-0.019456778,1733
2bakabr1/9/5rn2/p1p5p/6p2/2P1C4/Pc2P1PcP/6N2/9/1RBAKABR1 w,0,7435
2bakabr1/9/5rn2/p1p5p/6p2/2P1C4/PR2P1PcP/6N2/9/2BAKABR1 b,0.0010268611,3831
2bakabr1/9/6n2/p1p5p/6p2/2P1C4/PR2PrPcP/6N2/9/2BAKABR1 w,0.39088708,4969
2bakabr1/9/6n2/p1p5p/1R4p2/2P1C4/P3PrPcP/6N2/9/2BAKABR1 b,-0.1593855,3831
2bakabr1/9/9/p1p5p/1R3np2/2P1C4/P3PrPcP/6N2/9/2BAKABR1 w,0.6604994,3370
2bakabr1/9/9/p1p5p/1R3np2/2P1C4/P3PrPcP/4B1N2/9/2BAKA1R1 b,-0.17672673,373
2bakabr1/9/9/p1p5p/1R4p2/2P1C4/P3nrPcP/4B1N2/9/2BAKA1R1 w,0.64090973,3370
2bakabr1/9/9/p1p5p/1R4p2/2P1C4/P3nrPcP/4B1N2/4A4/2BAK2R1 b,-0.003012657,5360
2bakabr1/9/9/p1p5p/1R4p2/2P1C4/P3n1rcP/4B1N2/4A4/2BAK2R1 w,0.28532687,3370
2bakabr1/9/9/p1p5p/4R1p2/2P1C4/P3n1rcP/4B1N2/4A4/2BAK2R1 b,-0.7030103,562
2baka1r1/9/4b4/p1p5p/4R1p2/2P1C4/P3n1rcP/4B1N2/4A4/2BAK2R1 w,0.764984,3622
2baka1r1/9/4b4/p1p5p/4R1p2/2P1C4/P3N1rcP/4B4/4A4/2BAK2R1 b,-0.27723405,283
2baka1r1/9/4b4/p1p5p/4R1p2/2P1C4/P3r2cP/4B4/4A4/2BAK2R1 w,0.60003525,3622
2baka1r1/9/4R4/p1p5p/6p2/2P1C4/P3r2cP/4B4/4A4/2BAK2R1 b,-0.48800403,283
2bak2r1/4a4/4R4/p1p5p/6p2/2P1C4/P3r2cP/4B4/4A4/2BAK2R1 w,0.73295736,2005
2bak2r1/4a4/7R1/p1p5p/6p2/2P1C4/P3r2cP/4B4/4A4/2BAK2R1 b,-0.69939923,1175
2baka1r1/9/7R1/p1p5p/6p2/2P1C4/P3r2cP/4B4/4A4/2BAK2R1 w,0.6757428,2257
2baka1R1/9/9/p1p5p/6p2/2P1C4/P3r2cP/4B4/4A4/2BAK2R1 b,-0.6824469,5269
2baka1R1/9/9/p1p5p/6p2/2P1C4/c3r3P/4B4/4A4/2BAK2R1 w,0.94413877,8006
2baka1R1/9/9/p1p5p/6p2/2P2C3/c3r3P/4B4/4A4/2BAK2R1 b,-0.6430792,4941
2baka1R1/9/9/p1p5p/9/2P2Cp2/c3r3P/4B4/4A4/2BAK2R1 w,0.65930617,4532
2baka1R1/9/9/p1p5p/9/2P2CB2/c3r3P/9/4A4/2BAK2R1 b,-0.53049904,5282
2baka1R1/9/9/p1p5p/9/2P2CB2/4r3P/9/4A4/c1BAK2R1 w,0.5691407,7990
2baka1R1/9/9/p1p4Rp/9/2P2CB2/4r3P/9/4A4/c1BAK4 b,-0.5424499,5296
2baka1R1/9/9/p1p4Rp/9/2P2CB2/8P/9/4r4/c1BAK4 w,0.67282945,7736
2baka1R1/9/9/p1p4Rp/9/2P2CB2/8P/9/4r4/c1BA1K3 b,-0.41772106,6915
2baka1R1/9/9/p1p4Rp/9/2P2CB2/4r3P/9/9/c1BA1K3 w,0.8503477,4549
2baka1R1/9/9/p1p4Rp/9/2P3B2/4r3P/5C3/9/c1BA1K3 b,-0.726742,3194
2baka1R1/9/9/p1p4Rp/9/2P3B2/5r2P/5C3/9/c1BA1K3 w,0.8423884,3091
2baka1R1/9/9/p1p4Rp/9/2P3B2/5r2P/5C3/5K3/c1BA5 b,-0.7243036,202
2baka1R1/9/9/p1p4Rp/9/2P3B2/5r2P/5C3/5K3/2Bc5 w,0.8713111,3091
2baka1R1/9/9/p1R5p/9/2P3B2/5r2P/5C3/5K3/2Bc5 b,-0.65917933,7581
2baka1R1/9/9/p1R5p/9/2P3B2/5r2P/5C3/5K3/2B2c3 w,0.8531637,2641
2baka3/9/9/p1R5p/9/2P3B2/5r2P/5C1R1/5K3/2B2c3 b,-0.5758129,7808
2baka3/9/9/p1R5p/9/2P3B2/5r2P/5c1R1/5K3/2B6 w,0.63141704,6368
2baka3/9/9/p1R5p/9/2P3B2/5r2P/5R3/5K3/2B6 b,-0.6913531,5378
2baka3/9/9/p1R5p/9/2P3B2/8P/5r3/5K3/2B6 w,0.9283862,6998
2baka3/9/9/p1R5p/9/2P3B2/8P/5K3/9/2B6 b,-0.999496,202
2baka3/9/9/p1R6/8p/2P3B2/8P/5K3/9/2B6 w,0.99981,2612
2Raka3/9/9/p8/8p/2P3B2/8P/5K3/9/2B6 b,-0.99999976,4013
2Rak4/4a4/9/p8/8p/2P3B2/8P/5K3/9/2B6 w,0.9999999,218
3ak4/4a4/9/p8/2R5p/2P3B2/8P/5K3/9/2B6 b,-0.9999998,4013
3ak4/9/5a3/p8/2R5p/2P3B2/8P/5K3/9/2B6 w,0.9999999,3464
3ak4/9/5a3/p8/2R5p/2P3B2/8P/9/5K3/2B6 b,-0.99999976,4013
3a1k3/9/5a3/p8/2R5p/2P3B2/8P/9/5K3/2B6 w,1,3464
3a1k3/9/5a3/p8/8R/2P3B2/8P/9/5K3/2B6 b,-1,454
3a1k3/9/5a3/9/p7R/2P3B2/8P/9/5K3/2B6 w,1,3996
3a1k2R/9/5a3/9/p8/2P3B2/8P/9/5K3/2B6 b,-1,464
3a4R/5k3/5a3/9/p8/2P3B2/8P/9/5K3/2B6 w,1,724
3R5/5k3/5a3/9/p8/2P3B2/8P/9/5K3/2B6 b,-1,3285
3R5/4k4/5a3/9/p8/2P3B2/8P/9/5K3/2B6 w,1,345
9/4k4/5a3/9/p2R5/2P3B2/8P/9/5K3/2B6 b,-1,3285
9/4k4/5a3/9/3R5/p1P3B2/8P/9/5K3/2B6 w,1,3548
9/4k4/5a3/9/4R4/p1P3B2/8P/9/5K3/2B6 b,-1,1182
9/5k3/5a3/9/4R4/p1P3B2/8P/9/5K3/2B6 w,1,4268
9/5k3/5a3/9/4R4/p1P3B1P/9/9/5K3/2B6 b,-1,4096
9/5k3/5a3/9/4R4/2P3B1P/p8/9/5K3/2B6 w,1,3604
9/5k3/5a3/9/4R3P/2P3B2/p8/9/5K3/2B6 b,-1,4915
9/5k3/5a3/9/4R3P/2P3B2/1p7/9/5K3/2B6 w,1,4268
9/5k3/5a3/9/4R2P1/2P3B2/1p7/9/5K3/2B6 b,-1,5006
9/5k3/5a3/9/4R2P1/2P3B2/2p6/9/5K3/2B6 w,1,3904
9/5k3/5a3/9/4R1P2/2P3B2/2p6/9/5K3/2B6 b,-1,5095
9/5k3/5a3/9/4R1P2/2P3B2/9/2p6/5K3/2B6 w,1,3813
9/5k3/5a3/9/2P1R1P2/6B2/9/2p6/5K3/2B6 b,-1,5916
9/5k3/5a3/9/2P1R1P2/6B2/9/9/2p2K3/2B6 w,1,3604
9/5k3/5a3/6P2/2P1R4/6B2/9/9/2p2K3/2B6 b,-1,1265
5k3/9/5a3/6P2/2P1R4/6B2/9/9/2p2K3/2B6 w,1,2994
5k3/9/5a3/5P3/2P1R4/6B2/9/9/2p2K3/2B6 b,-1,2083
9/5k3/5a3/5P3/2P1R4/6B2/9/9/2p2K3/2B6 w,1,2903
9/5k3/5P3/9/2P1R4/6B2/9/9/2p2K3/2B6 b,-1,1265
5k3/9/5P3/9/2P1R4/6B2/9/9/2p2K3/2B6 w,1,2084
rnbakabnr/9/1c5c1/p1p1p1p1p/9/9/P1P1P1P1P/1C5C1/9/RNBAKABNR w,0.014449762,5087
rnbakabnr/9/1c5c1/p1p1p1p1p/9/9/P1P1P1P1P/4C2C1/9/RNBAKABNR b,-0.012932254,110
r1bakabnr/9/1cn4c1/p1p1p1p1p/9/9/P1P1P1P1P/4C2C1/9/RNBAKABNR w,0.011422182,7445
r1bakabnr/9/1cn4c1/p1p1p1p1p/9/9/P1P1P1P1P/2N1C2C1/9/R1BAKABNR b,-0.012428113,3012
r1baka1nr/9/1cn1b2c1/p1p1p1p1p/9/9/P1P1P1P1P/2N1C2C1/9/R1BAKABNR w,0.028042147,7372
r1baka1nr/9/1cn1b2c1/p1p1p1p1p/9/9/P1P1P1P1P/2N1C2C1/9/1RBAKABNR b,-0.02165522,1
1rbaka1nr/9/1cn1b2c1/p1p1p1p1p/9/9/P1P1P1P1P/2N1C2C1/9/1RBAKABNR w,0.018024392,5087
1rbaka1nr/9/1cn1b2c1/p1p1p1p1p/9/9/P1P1P1P1P/2N1CC3/9/1RBAKABNR b,-0.012428113,2648
1rbaka2r/9/1cn1b1nc1/p1p1p1p1p/9/9/P1P1P1P1P/2N1CC3/9/1RBAKABNR w,0.019055555,5451
1rbaka2r/9/1cn1b1nc1/p1p1p1p1p/9/9/P1P1P1P1P/2N1CCN2/9/1RBAKAB1R b,-0.017510546,1765
1rbaka2r/9/1cn1b1nc1/p1p1p3p/6p2/9/P1P1P1P1P/2N1CCN2/9/1RBAKAB1R w,0.019572936,8098
1rbaka2r/9/1cn1b1nc1/p1p1p3p/6p2/9/P1P1P1P1P/2N1CCN2/9/1RBAKABR1 b,-0.014449762,727
1rbaka1r1/9/1cn1b1nc1/p1p1p3p/6p2/9/P1P1P1P1P/2N1CCN2/9/1RBAKABR1 w,0.016997816,7408
1rbaka1r1/9/1cn1b1nc1/p1p1p3p/6p2/2P6/P3P1P1P/2N1CCN2/9/1RBAKABR1 b,-0.008420906,1765
1rbaka1r1/9/2n1b1nc1/p1p1p3p/6p2/2P6/Pc2P1P1P/2N1CCN2/9/1RBAKABR1 w,0.012932254,7954
1rbaka1r1/9/2n1b1nc1/p1p1p3p/6p2/2PN5/Pc2P1P1P/4CCN2/9/1RBAKABR1 b,0.0014816026,2311
1rbaka1r1/9/2n1b1n2/p1p1p3p/6p2/2PN5/Pc2P1PcP/4CCN2/9/1RBAKABR1 w,-0.011924766,7816
1rbaka1r1/9/2n1bCn2/p1p1p3p/6p2/2PN5/Pc2P1PcP/4C1N2/9/1RBAKABR1 b,0.02535331,5548
1rbakabr1/9/2n2Cn2/p1p1p3p/6p2/2PN5/Pc2P1PcP/4C1N2/9/1RBAKABR1 w,0.04585602,6061
1rbakabr1/9/2n2Cn2/p1p1N3p/6p2/2P6/Pc2P1PcP/4C1N2/9/1RBAKABR1 b,-0.025618432,1831
1rbakabr1/9/5Cn2/p1p1n3p/6p2/2P6/Pc2P1PcP/4C1N2/9/1RBAKABR1 w,0.007799667,6061
1rbakabr1/9/5Cn2/p1p1C3p/6p2/2P6/Pc2P1PcP/6N2/9/1RBAKABR1 b,-0.014534511,109
2bakabr1/9/1r3Cn2/p1p1C3p/6p2/2P6/Pc2P1PcP/6N2/9/1RBAKABR1 w,-0.00084206735,2839
2bakabr1/9/1r3Cn2/p1p5p/6p2/2P1C4/Pc2P1PcP/6N2/9/1RBAKABR1 b,-0.019456778,1733
2bakabr1/9/5rn2/p1p5p/6p2/2P1C4/Pc2P1PcP/6N2/9/1RBAKABR1 w,0,7435
2bakabr1/9/5rn2/p1p5p/6p2/2P1C4/PR2P1PcP/6N2/9/2BAKABR1 b,0.0010268611,3831
2bakabr1/9/6n2/p1p5p/6p2/2P1C4/PR2PrPcP/6N2/9/2BAKABR1 w,0.39088708,4969
2bakabr1/9/6n2/p1p5p/1R4p2/2P1C4/P3PrPcP/6N2/9/2BAKABR1 b,-0.1593855,3831
2bakabr1/9/9/p1p5p/1R3np2/2P1C4/P3PrPcP/6N2/9/2BAKABR1 w,0.6604994,3370
2bakabr1/9/9/p1p5p/1R3np2/2P1C4/P3PrPcP/4B1N2/9/2BAKA1R1 b,-0.17672673,373
2bakabr1/9/9/p1p5p/1R4p2/2P1C4/P3nrPcP/4B1N2/9/2BAKA1R1 w,0.64090973,3370
2bakabr1/9/9/p1p5p/1R4p2/2P1C4/P3nrPcP/4B1N2/4A4/2BAK2R1 b,-0.003012657,5360
2bakabr1/9/9/p1p5p/1R4p2/2P1C4/P3n1rcP/4B1N2/4A4/2BAK2R1 w,0.28532687,3370
2bakabr1/9/9/p1p5p/4R1p2/2P1C4/P3n1rcP/4B1N2/4A4/2BAK2R1 b,-0.7030103,562
2baka1r1/9/4b4/p1p5p/4R1p2/2P1C4/P3n1rcP/4B1N2/4A4/2BAK2R1 w,0.764984,3622
2baka1r1/9/4b4/p1p5p/4R1p2/2P1C4/P3N1rcP/4B4/4A4/2BAK2R1 b,-0.27723405,283
2baka1r1/9/4b4/p1p5p/4R1p2/2P1C4/P3r2cP/4B4/4A4/2BAK2R1 w,0.60003525,3622
2baka1r1/9/4R4/p1p5p/6p2/2P1C4/P3r2cP/4B4/4A4/2BAK2R1 b,-0.48800403,283
2bak2r1/4a4/4R4/p1p5p/6p2/2P1C4/P3r2cP/4B4/4A4/2BAK2R1 w,0.73295736,2005
2bak2r1/4a4/7R1/p1p5p/6p2/2P1C4/P3r2cP/4B4/4A4/2BAK2R1 b,-0.69939923,1175
2baka1r1/9/7R1/p1p5p/6p2/2P1C4/P3r2cP/4B4/4A4/2BAK2R1 w,0.6757428,2257
2baka1R1/9/9/p1p5p/6p2/2P1C4/P3r2cP/4B4/4A4/2BAK2R1 b,-0.6824469,5269
2baka1R1/9/9/p1p5p/6p2/2P1r4/P6cP/4B4/4A4/2BAK2R1 w,0.70871454,7981
2baka3/9/9/p1p5p/6p2/2P1r4/P6RP/4B4/4A4/2BAK2R1 b,-0.6771151,4450
2baka3/9/9/p1p5p/9/2P1r1p2/P6RP/4B4/4A4/2BAK2R1 w,0.699625,6081
2baka3/9/9/p1p5p/9/2P1r1B2/P6RP/9/4A4/2BAK2R1 b,-0.70941424,4423
2baka3/9/9/p1p5p/9/2P3r2/P6RP/9/4A4/2BAK2R1 w,0.84323007,5548
2baka3/9/9/p1p5p/9/2P3r2/P3R3P/9/4A4/2BAK2R1 b,-0.84506124,283
2b1ka3/4a4/9/p1p5p/9/2P3r2/P3R3P/9/4A4/2BAK2R1 w,0.88251877,7945
2b1ka3/4a4/9/p1p5p/9/2P3r2/P3R3P/4B4/4A4/3AK2R1 b,-0.7472444,4614
2b1ka3/4a4/9/p1p3r1p/9/2P6/P3R3P/4B4/4A4/3AK2R1 w,0.8539559,7945
2b1ka3/4a4/7R1/p1p3r1p/9/2P6/P3R3P/4B4/4A4/3AK4 b,-0.8504499,3000
2b1ka3/4a4/7R1/2p3r1p/p8/2P6/P3R3P/4B4/4A4/3AK4 w,0.90960217,2270
2b1ka3/4a4/2R6/2p3r1p/p8/2P6/P3R3P/4B4/4A4/3AK4 b,-0.9224283,3000
4ka3/4a4/2R1b4/2p3r1p/p8/2P6/P3R3P/4B4/4A4/3AK4 w,0.8751093,1822
4ka3/4a4/2R1R4/2p3r1p/p8/2P6/P7P/4B4/4A4/3AK4 b,-0.95294595,3000
4ka3/4a4/2R1R4/2pr4p/p8/2P6/P7P/4B4/4A4/3AK4 w,0.93615544,1802
4ka3/4a4/2R6/2pr4p/p3R4/2P6/P7P/4B4/4A4/3AK4 b,-0.91038644,2703
4ka3/4a4/2R6/2p5p/p3R4/2P6/P2r4P/4B4/4A4/3AK4 w,0.9334724,1802
4ka3/4a4/9/2R5p/p3R4/2P6/P2r4P/4B4/4A4/3AK4 b,-0.9226791,5133
3k1a3/4a4/9/2R5p/p3R4/2P6/P2r4P/4B4/4A4/3AK4 w,0.9992043,2612
2Rk1a3/4a4/9/8p/p3R4/2P6/P2r4P/4B4/4A4/3AK4 b,-1,282
2R2a3/3ka4/9/8p/p3R4/2P6/P2r4P/4B4/4A4/3AK4 w,1,3637
2R2a3/3ka4/9/8p/R8/2P6/P2r4P/4B4/4A4/3AK4 b,-1,5214
2R2a3/3ka4/9/8p/R8/2P6/r7P/4B4/4A4/3AK4 w,1,3294
2R2a3/3ka4/9/8p/3R5/2P6/r7P/4B4/4A4/3AK4 b,-0.9864666,1191
2R2a3/3k5/3a5/8p/3R5/2P6/r7P/4B4/4A4/3AK4 w,0.9801252,191
5a3/2Rk5/3a5/8p/3R5/2P6/r7P/4B4/4A4/3AK4 b,-0.97133845,1083
3k1a3/2R6/3a5/8p/3R5/2P6/r7P/4B4/4A4/3AK4 w,0.9768408,3531
3k1a3/2R6/3R5/8p/9/2P6/r7P/4B4/4A4/3AK4 b,-0.9817368,274
4ka3/2R6/3R5/8p/9/2P6/r7P/4B4/4A4/3AK4 w,0.9999616,1912
4ka3/2R6/4R4/8p/9/2P6/r7P/4B4/4A4/3AK4 b,-0.99996036,363
3k1a3/2R6/4R4/8p/9/2P6/r7P/4B4/4A4/3AK4 w,0.9988938,1999
3k1a3/2R6/1R7/8p/9/2P6/r7P/4B4/4A4/3AK4 b,-1,4860
r2k1a3/2R6/1R7/8p/9/2P6/8P/4B4/4A4/3AK4 w,0.99991,1004
r2k1a3/9/1R7/2R5p/9/2P6/8P/4B4/4A4/3AK4 b,-0.9960351,463
r2k5/4a4/1R7/2R5p/9/2P6/8P/4B4/4A4/3AK4 w,0.9960351,7736
r2k5/4a4/1R7/4R3p/9/2P6/8P/4B4/4A4/3AK4 b,-0.99996406,9
r3k4/4a4/1R7/4R3p/9/2P6/8P/4B4/4A4/3AK4 w,0.99988484,1734
r3k4/1R2a4/9/4R3p/9/2P6/8P/4B4/4A4/3AK4 b,-1,365
2r1k4/1R2a4/9/4R3p/9/2P6/8P/4B4/4A4/3AK4 w,1,913
2r1k4/1R2a4/9/4R3p/9/2P6/8P/3AB4/9/3AK4 b,-1,365
3rk4/1R2a4/9/4R3p/9/2P6/8P/3AB4/9/3AK4 w,1,913
3rk4/1R2a4/9/4R3p/2P6/9/8P/3AB4/9/3AK4 b,-1,336
4k4/1R2a4/9/4R3p/2P6/3r5/8P/3AB4/9/3AK4 w,1,2803
4k4/1R2a4/9/4R3p/2P6/3r5/8P/4B4/4A4/3AK4 b,-1,365
4k4/1R2a4/3r5/4R3p/2P6/9/8P/4B4/4A4/3AK4 w,1,2803
4k4/1R2R4/3r5/8p/2P6/9/8P/4B4/4A4/3AK4 b,-1,365
5k3/1R2R4/3r5/8p/2P6/9/8P/4B4/4A4/3AK4 w,1,901
5k3/1R6R/3r5/8p/2P6/9/8P/4B4/4A4/3AK4 b,-1,1974
5k3/1R6R/7r1/8p/2P6/9/8P/4B4/4A4/3AK4 w,1,901
rnbakabnr/9/1c5c1/p1p1p1p1p/9/9/P1P1P1P1P/1C5C1/9/RNBAKABNR w,0.014449762,5087
rnbakabnr/9/1c5c1/p1p1p1p1p/9/9/P1P1P1P1P/4C2C1/9/RNBAKABNR b,-0.012932254,110
r1bakabnr/9/1cn4c1/p1p1p1p1p/9/9/P1P1P1P1P/4C2C1/9/RNBAKABNR w,0.011422182,7445
r1bakabnr/9/1cn4c1/p1p1p1p1p/9/9/P1P1P1P1P/2N1C2C1/9/R1BAKABNR b,-0.012428113,3012
r1baka1nr/9/1cn1b2c1/p1p1p1p1p/9/9/P1P1P1P1P/2N1C2C1/9/R1BAKABNR w,0.028042147,7372
r1baka1nr/9/1cn1b2c1/p1p1p1p1p/9/9/P1P1P1P1P/2N1C2C1/9/1RBAKABNR b,-0.02165522,1
1rbaka1nr/9/1cn1b2c1/p1p1p1p1p/9/9/P1P1P1P1P/2N1C2C1/9/1RBAKABNR w,0.018024392,5087
1rbaka1nr/9/1cn1b2c1/p1p1p1p1p/9/9/P1P1P1P1P/2N1CC3/9/1RBAKABNR b,-0.012428113,2648
1rbaka2r/9/1cn1b1nc1/p1p1p1p1p/9/9/P1P1P1P1P/2N1CC3/9/1RBAKABNR w,0.019055555,5451
1rbaka2r/9/1cn1b1nc1/p1p1p1p1p/9/9/P1P1P1P1P/2N1CCN2/9/1RBAKAB1R b,-0.017510546,1765
1rbaka2r/9/1cn1b1nc1/p1p1p3p/6p2/9/P1P1P1P1P/2N1CCN2/9/1RBAKAB1R w,0.019572936,8098
1rbaka2r/9/1cn1b1nc1/p1p1p3p/6p2/9/P1P1P1P1P/2N1CCN2/9/1RBAKABR1 b,-0.014449762,727
1rbaka1r1/9/1cn1b1nc1/p1p1p3p/6p2/9/P1P1P1P1P/2N1CCN2/9/1RBAKABR1 w,0.016997816,7408
1rbaka1r1/9/1cn1b1nc1/p1p1p3p/6p2/2P6/P3P1P1P/2N1CCN2/9/1RBAKABR1 b,-0.008420906,1765
1rbaka1r1/9/2n1b1nc1/p1p1p3p/6p2/2P6/Pc2P1P1P/2N1CCN2/9/1RBAKABR1 w,0.012932254,7954
1rbaka1r1/9/2n1b1nc1/p1p1p3p/6p2/2PN5/Pc2P1P1P/4CCN2/9/1RBAKABR1 b,0.0014816026,2311
1rbaka1r1/9/2n1b1n2/p1p1p3p/6p2/2PN5/Pc2P1PcP/4CCN2/9/1RBAKABR1 w,-0.011924766,7816
1rbaka1r1/9/2n1bCn2/p1p1p3p/6p2/2PN5/Pc2P1PcP/4C1N2/9/1RBAKABR1 b,0.02535331,5548
1rbakabr1/9/2n2Cn2/p1p1p3p/6p2/2PN5/Pc2P1PcP/4C1N2/9/1RBAKABR1 w,0.04585602,6061
1rbakabr1/9/2n2Cn2/p1p1N3p/6p2/2P6/Pc2P1PcP/4C1N2/9/1RBAKABR1 b,-0.025618432,1831
1rbakabr1/9/5Cn2/p1p1n3p/6p2/2P6/Pc2P1PcP/4C1N2/9/1RBAKABR1 w,0.007799667,6061
1rbakabr1/9/5Cn2/p1p1C3p/6p2/2P6/Pc2P1PcP/6N2/9/1RBAKABR1 b,-0.014534511,109
2bakabr1/9/1r3Cn2/p1p1C3p/6p2/2P6/Pc2P1PcP/6N2/9/1RBAKABR1 w,-0.00084206735,2839
2bakabr1/9/1r3Cn2/p1p5p/6p2/2P1C4/Pc2P1PcP/6N2/9/1RBAKABR1 b,-0.019456778,1733
2bakabr1/9/5rn2/p1p5p/6p2/2P1C4/Pc2P1PcP/6N2/9/1RBAKABR1 w,0,7435
2bakabr1/9/5rn2/p1p5p/6p2/2P1C4/PR2P1PcP/6N2/9/2BAKABR1 b,0.0010268611,3831
2bakabr1/9/5r3/p1p5p/5np2/2P1C4/PR2P1PcP/6N2/9/2BAKABR1 w,0.00619123,4987
2bakabr1/9/5r3/p1p5p/1R3np2/2P1C4/P3P1PcP/6N2/9/2BAKABR1 b,-0.004460755,3750
2bakabr1/9/5r3/p1p5p/1R4p2/2P1C4/P3P1ncP/6N2/9/2BAKABR1 w,0.0050324383,3372
2bakabr1/9/5r3/p1p5p/6R2/2P1C4/P3P1ncP/6N2/9/2BAKABR1 b,-0.00657011,5449
2bakabr1/9/5r3/p1p5p/6R2/2P1n4/P3P2cP/6N2/9/2BAKABR1 w,0.004916287,5269
2bakabr1/9/5r3/p1p5p/6R2/2P1P4/P6cP/6N2/9/2BAKABR1 b,-0.0045435224,2129
2bakabr1/9/5r3/p1p5p/6R2/2P1P4/P7P/6Nc1/9/2BAKABR1 w,0.008180164,3831
2bakabr1/9/5r3/p1p5p/6R2/2P1P4/P7P/6Nc1/7R1/2BAKAB2 b,-0.0040337103,2129
2bakabr1/9/9/p1p5p/6R2/2P1P4/P7P/5rNc1/7R1/2BAKAB2 w,0.012272201,3831
2bakabr1/9/9/p1p3R1p/9/2P1P4/P7P/5rNc1/7R1/2BAKAB2 b,-0.007651792,6179
2bakab2/9/9/p1p3R1p/9/2P1P4/P6rP/5rNc1/7R1/2BAKAB2 w,0.049776442,2976
2bakaR2/9/9/p1p5p/9/2P1P4/P6rP/5rNc1/7R1/2BAKAB2 b,-0.05478155,2648
2bakaR2/9/9/p1p5p/9/2P1P4/P3r3P/5rNc1/7R1/2BAKAB2 w,0.49902156,7816
2bakaR2/9/9/p1p5p/9/2P1P4/P3r3P/5rNc1/4A2R1/2BAK1B2 b,-0.49075776,5269
2bakaR2/9/9/p1p5p/9/2P1P4/P3r3P/5rN1c/4A2R1/2BAK1B2 w,0.591632,7897
2baka3/9/9/p1p5p/9/2P1P1R2/P3r3P/5rN1c/4A2R1/2BAK1B2 b,-0.49351206,2648
2b1ka3/4a4/9/p1p5p/9/2P1P1R2/P3r3P/5rN1c/4A2R1/2BAK1B2 w,0.63087565,7198
2b1ka3/4a4/9/p1p5p/9/2P1P1R2/P3r3P/4BrN1c/4A2R1/2BAK4 b,-0.56476855,6187
2b1ka3/4a4/9/p1p5p/9/2P1P1R2/P3r3P/4r1N1c/4A2R1/2BAK4 w,0.5226776,6268
2b1ka3/4a4/9/p1p5p/9/2P1P1R2/P3r3P/4B1N1c/4A2R1/3AK4 b,-0.48780748,6457
2b1ka3/4a4/9/p1p5p/9/2P1P1R2/P7P/4r1N1c/4A2R1/3AK4 w,0.7334896,7144
2b1ka3/4a4/9/p1p5p/9/2P1P1RN1/P7P/4r3c/4A2R1/3AK4 b,-0.7185706,6095
2b1ka3/4a4/9/p1p5p/9/2P1P1RN1/P7P/4r4/4A2R1/3AK3c w,0.77512014,7171
2b1ka3/4a4/9/p1p3N1p/9/2P1P1R2/P7P/4r4/4A2R1/3AK3c b,-0.80019057,8094
2b1ka3/4a4/9/p1p3N1p/9/2P1P1R2/P3r3P/9/4A2R1/3AK3c w,0.83548886,2986
2b1ka1R1/4a4/9/p1p3N1p/9/2P1P1R2/P3r3P/9/4A4/3AK3c b,-0.7031544,5282
2b1ka1R1/4a4/9/p1p3N1p/9/2P1P1R2/P3r3P/8c/4A4/3AK4 w,0.80019057,4659
2b1ka3/4a4/9/p1p3N1p/9/2P1P1R2/P3r3P/7Rc/4A4/3AK4 b,-0.8231038,6479
2b1ka3/4a4/9/p1p3N1p/9/2P1P1R2/P3r3P/7R1/4A3c/3AK4 w,0.8655986,2996
2b1ka3/4a4/9/p1p3N1p/4P4/2P3R2/P3r3P/7R1/4A3c/3AK4 b,-0.76403636,5282
2b1ka3/4a4/9/p1p3N1p/4P4/2P3R2/P3r3P/7R1/4A4/3AK3c w,0.8979964,2996
2b1ka3/4a4/9/p1p3N1p/4P4/2P6/P3r3P/6RR1/4A4/3AK3c b,-0.8231038,5282
2b1ka3/4a4/9/p1p3N1p/4P4/2P6/P7r/6RR1/4A4/3AK3c w,0.825971,2996
2b1ka3/4a4/8N/p1p5p/4P4/2P6/P7r/6RR1/4A4/3AK3c b,-0.884708,5639
2b1ka3/4a4/8N/p1p5p/4P4/2P6/P7r/6RR1/4A4/3AK1c2 w,0.9336819,6297
2b1ka3/4a1N2/9/p1p5p/4P4/2P6/P7r/6RR1/4A4/3AK1c2 b,-0.6815252,7845
2b1ka3/4a1c2/9/p1p5p/4P4/2P6/P7r/6RR1/4A4/3AK4 w,0.7684308,6225
2b1ka3/4a1R2/9/p1p5p/4P4/2P6/P7r/7R1/4A4/3AK4 b,-0.80808884,5638
2b1ka3/4a1R2/9/p1p5p/4P4/2P6/P8/7R1/4A4/3AK3r w,0.80808884,6926
2b1ka3/4a1R2/9/p1p5p/4P4/2P6/P8/7R1/9/3AKA2r b,-0.80808884,8072
2b1ka3/4a1R2/9/p1p5p/4P4/2P6/P7r/7R1/9/3AKA3 w,0.79405886,6367
2b1ka3/4a1R2/9/p1p5p/4P4/2P6/P7r/4R4/9/3AKA3 b,-0.8723655,363
2b1ka3/4a1R2/9/p1p5p/4P4/2P6/r8/4R4/9/3AKA3 w,0.8997868,1374
2b1ka3/4a1R2/9/p1p1P3p/9/2P6/r8/4R4/9/3AKA3 b,-0.7670556,4917
2b1ka3/4a1R2/9/p1p1P3p/9/2P6/3r5/4R4/9/3AKA3 w,0.7976093,1383
2b1ka3/4a1R2/4P4/p1p5p/9/2P6/3r5/4R4/9/3AKA3 b,-0.7155044,202
4ka3/4a1R2/4b4/p1p5p/9/2P6/3r5/4R4/9/3AKA3 w,0.76833355,6094
4ka3/4a1R2/4R4/p1p5p/9/2P6/3r5/9/9/3AKA3 b,-0.7528643,363
4ka3/4a1R2/4R4/p1p5p/9/2P6/5r3/9/9/3AKA3 w,0.88748544,1419
4ka3/4a4/4R4/p1p3R1p/9/2P6/5r3/9/9/3AKA3 b,-0.9084578,5367
4ka3/4a4/4R4/p1p3R1p/9/2P6/9/9/9/3AKr3 w,0.9994764,7736
4ka3/4a4/4R4/p1p3R1p/9/2P6/9/9/9/3A1K3 b,-1,2648
4ka3/4a4/4R4/p5R1p/2p6/2P6/9/9/9/3A1K3 w,0.9999998,4268
4ka3/4a4/4R4/p5R1p/2p6/2P6/9/9/9/3AK4 b,-1,3194
4ka3/4a4/4R4/p5R1p/9/2p6/9/9/9/3AK4 w,1,1993
4ka3/4a4/2R6/p5R1p/9/2p6/9/9/9/3AK4 b,-1,363
3k1a3/4a4/2R6/p5R1p/9/2p6/9/9/9/3AK4 w,1,3000
3k1a3/4a4/2R6/p2R4p/9/2p6/9/9/9/3AK4 b,-1,274
3k1a3/9/2Ra5/p2R4p/9/2p6/9/9/9/3AK4 w,1,2721
rnbakabnr/9/1c5c1/p1p1p1p1p/9/9/P1P1P1P1P/1C5C1/9/RNBAKABNR w,0.014449762,5087
rnbakabnr/9/1c5c1/p1p1p1p1p/9/9/P1P1P1P1P/4C2C1/9/RNBAKABNR b,-0.012932254,110
r1bakabnr/9/1cn4c1/p1p1p1p1p/9/9/P1P1P1P1P/4C2C1/9/RNBAKABNR w,0.011422182,7445
r1bakabnr/9/1cn4c1/p1p1p1p1p/9/9/P1P1P1P1P/2N1C2C1/9/R1BAKABNR b,-0.012428113,3012
r1baka1nr/9/1cn1b2c1/p1p1p1p1p/9/9/P1P1P1P1P/2N1C2C1/9/R1BAKABNR w,0.028042147,7372
r1baka1nr/9/1cn1b2c1/p1p1p1p1p/9/9/P1P1P1P1P/2N1C2C1/9/1RBAKABNR b,-0.02165522,1
1rbaka1nr/9/1cn1b2c1/p1p1p1p1p/9/9/P1P1P1P1P/2N1C2C1/9/1RBAKABNR w,0.018024392,5087
1rbaka1nr/9/1cn1b2c1/p1p1p1p1p/9/9/P1P1P1P1P/2N1CC3/9/1RBAKABNR b,-0.012428113,2648
1rbaka2r/9/1cn1b1nc1/p1p1p1p1p/9/9/P1P1P1P1P/2N1CC3/9/1RBAKABNR w,0.019055555,5451
1rbaka2r/9/1cn1b1nc1/p1p1p1p1p/9/9/P1P1P1P1P/2N1CCN2/9/1RBAKAB1R b,-0.017510546,1765
1rbaka2r/9/1cn1b1nc1/p1p1p3p/6p2/9/P1P1P1P1P/2N1CCN2/9/1RBAKAB1R w,0.019572936,8098
1rbaka2r/9/1cn1b1nc1/p1p1p3p/6p2/9/P1P1P1P1P/2N1CCN2/9/1RBAKABR1 b,-0.014449762,727
1rbaka1r1/9/1cn1b1nc1/p1p1p3p/6p2/9/P1P1P1P1P/2N1CCN2/9/1RBAKABR1 w,0.016997816,7408
1rbaka1r1/9/1cn1b1nc1/p1p1p3p/6p2/2P6/P3P1P1P/2N1CCN2/9/1RBAKABR1 b,-0.008420906,1765
1rbaka1r1/9/2n1b1nc1/p1p1p3p/6p2/2P6/Pc2P1P1P/2N1CCN2/9/1RBAKABR1 w,0.012932254,7954
1rbaka1r1/9/2n1b1nc1/p1p1p3p/6p2/2PN5/Pc2P1P1P/4CCN2/9/1RBAKABR1 b,0.0014816026,2311
1rbaka1r1/9/2n1b1n2/p1p1p3p/6p2/2PN5/Pc2P1PcP/4CCN2/9/1RBAKABR1 w,-0.011924766,7816
1rbaka1r1/9/2n1bCn2/p1p1p3p/6p2/2PN5/Pc2P1PcP/4C1N2/9/1RBAKABR1 b,0.02535331,5548
1rbakabr1/9/2n2Cn2/p1p1p3p/6p2/2PN5/Pc2P1PcP/4C1N2/9/1RBAKABR1 w,0.04585602,6061
1rbakabr1/9/2n2Cn2/p1p1N3p/6p2/2P6/Pc2P1PcP/4C1N2/9/1RBAKABR1 b,-0.025618432,1831
1rbakabr1/9/5Cn2/p1p1n3p/6p2/2P6/Pc2P1PcP/4C1N2/9/1RBAKABR1 w,0.007799667,6061
1rbakabr1/9/5Cn2/p1p1C3p/6p2/2P6/Pc2P1PcP/6N2/9/1RBAKABR1 b,-0.014534511,109
2bakabr1/9/1r3Cn2/p1p1C3p/6p2/2P6/Pc2P1PcP/6N2/9/1RBAKABR1 w,-0.00084206735,2839
2bakabr1/9/1r3Cn2/p1p5p/6p2/2P1C4/Pc2P1PcP/6N2/9/1RBAKABR1 b,-0.019456778,1733
2bakabr1/9/5rn2/p1p5p/6p2/2P1C4/Pc2P1PcP/6N2/9/1RBAKABR1 w,0,7435
2bakabr1/9/5rn2/p1p5p/6p2/2P1C4/PR2P1PcP/6N2/9/2BAKABR1 b,0.0010268611,3831
2bakabr1/9/6n2/p1p5p/6p2/2P1C4/PR2P1PcP/5rN2/9/2BAKABR1 w,0.091511466,4969
2bakabr1/9/6n2/p1p5p/6p2/2P1C4/PR2P1PcP/5r3/8N/2BAKABR1 b,-0.023718612,5542
2bakabr1/9/6n2/p1p5p/6p2/2P1C4/PR2P1P1P/5r3/7cN/2BAKABR1 w,0.05298353,4969
2bakabr1/9/6n2/p1p5p/6p2/2P1C4/PR2P1P1P/4Br3/7cN/2BAKA1R1 b,-0.004805894,6179
2bakabr1/9/9/p1p5p/5np2/2P1C4/PR2P1P1P/4Br3/7cN/2BAKA1R1 w,0.10182003,4987
2bakabr1/9/9/p1p5p/5np2/2P1C4/PR2P1P1P/4Br3/4A2cN/2BAK2R1 b,-0.00034224466,6197
2bakabr1/9/9/p1p5p/5np2/2P1C4/PR2PrP1P/4B4/4A2cN/2BAK2R1 w,0.027507184,4969
2bakabr1/9/9/p1p5p/5np2/2P1C4/P2RPrP1P/4B4/4A2cN/2BAK2R1 b,0.013297011,3750
2bakabr1/9/9/p1p5p/6p2/2P1C4/P2RPrn1P/4B4/4A2cN/2BAK2R1 w,-0.014432056,5160
2bakabr1/9/9/p1p5p/6p2/2P1C4/P2RPrn1P/4B4/4A2cN/2BAK1R2 b,0.28382245,7198
2bakabr1/9/9/p1p5p/6p2/2P1C4/P2RPrn1P/4B4/4A3N/2BAK1Rc1 w,-0.25355548,7908
2bakabr1/9/9/p1p5p/6p2/2P1C4/P2RPrn1P/4B1R2/4A3N/2BAK2c1 b,0.313914,8009
2bakabr1/9/9/p1p5p/6p2/2P1C4/P2RPrn1P/4B1R2/4A3N/2BAK3c w,-0.24968141,6908
2bakabr1/9/9/p1p5p/6p2/2P1C4/P2RPrn1P/4BAR2/8N/2BAK3c b,0.40312478,718
2bakab2/9/9/p1p5p/6p2/2P1C4/P2RPrn1P/4BAR2/8N/2BAK2rc w,-0.32057923,7726
2bakab2/9/9/p1p5p/6p2/2P1C4/P2RPrn1P/4BAR2/4K3N/2BA3rc b,0.3095118,7999
2bakab2/9/9/p1p5p/6p2/2P1C4/P2RPrn1P/4BAR2/4K2rN/2BA4c w,-0.269435,6925
2bakab2/9/9/p1p5p/6p2/2P1C4/P2RPrn1P/4BAR2/7rN/2BAK3c b,0.313914,7198
2bakab2/9/9/p1p5p/6p2/2P1C4/P2RPrn1P/4BAR2/8r/2BAK3c w,-0.43278518,7636
2bakab2/9/9/p1p5p/6p2/2P1C4/P2RPrn1P/4BAR2/4A3r/2B1K3c b,0.39459038,7271
2bakab2/9/9/p1p5p/6p2/2P1C4/P2RPrn1r/4BAR2/4A4/2B1K3c w,-0.17016225,7734
2bakab2/9/9/p1p5p/6p2/2P1C4/P2RPrn1r/4BAR2/4A4/2BK4c b,0.123528205,5641
2bakab2/9/9/p1p5p/6p2/2P1C4/P2RPrnr1/4BAR2/4A4/2BK4c w,-0.20580459,7635
2bRkab2/9/9/p1p5p/6p2/2P1C4/P3Prnr1/4BAR2/4A4/2BK4c b,0.21429968,373
2bR1ab2/4k4/9/p1p5p/6p2/2P1C4/P3Prnr1/4BAR2/4A4/2BK4c w,-0.25865474,282
2b2ab2/3Rk4/9/p1p5p/6p2/2P1C4/P3Prnr1/4BAR2/4A4/2BK4c b,0.29722148,1192
2b1kab2/3R5/9/p1p5p/6p2/2P1C4/P3Prnr1/4BAR2/4A4/2BK4c w,-0.29499462,1137
2b1kab2/2R6/9/p1p5p/6p2/2P1C4/P3Prnr1/4BAR2/4A4/2BK4c b,0.7623297,5368
2b1kab2/2R6/9/p1p5p/6p2/2P1C4/P3r1nr1/4BAR2/4A4/2BK4c w,-0.8181787,6270
2R1kab2/9/9/p1p5p/6p2/2P1C4/P3r1nr1/4BAR2/4A4/2BK4c b,0.7860751,373
2R2ab2/4k4/9/p1p5p/6p2/2P1C4/P3r1nr1/4BAR2/4A4/2BK4c w,-0.82042366,191
5ab2/2R1k4/9/p1p5p/6p2/2P1C4/P3r1nr1/4BAR2/4A4/2BK4c b,0.7823898,1174
4kab2/2R6/9/p1p5p/6p2/2P1C4/P3r1nr1/4BAR2/4A4/2BK4c w,-0.7823898,992
4kab2/2R6/9/p1p5p/6p2/2P1C4/P3r1Rr1/4BA3/4A4/2BK4c b,0.8521328,5280
4kab2/2R6/9/p1p5p/6p2/2P1C4/P5rr1/4BA3/4A4/2BK4c w,-0.8483499,992
2R1kab2/9/9/p1p5p/6p2/2P1C4/P5rr1/4BA3/4A4/2BK4c b,0.87435085,373
2R2ab2/4k4/9/p1p5p/6p2/2P1C4/P5rr1/4BA3/4A4/2BK4c w,-0.86613756,191
5ab2/2R1k4/9/p1p5p/6p2/2P1C4/P5rr1/4BA3/4A4/2BK4c b,0.8452034,1192
4kab2/2R6/9/p1p5p/6p2/2P1C4/P5rr1/4BA3/4A4/2BK4c w,-0.8483499,992
4kab2/9/9/p1R5p/6p2/2P1C4/P5rr1/4BA3/4A4/2BK4c b,0.9312914,5457
4kab2/9/9/p1R5p/6p2/2P1C4/P2r3r1/4BA3/4A4/2BK4c w,-0.9645875,6906
4kab2/9/9/p1R5p/6p2/2P1C4/P2r3r1/4BA3/4A4/2B1K3c b,0.98184216,5578
4kab2/9/9/p1R5p/6p2/2P1C4/P2r5/4BA3/4A4/2B1K2rc w,-0.99077,6926
4kab2/9/9/p1R5p/6p2/2P1C4/P2r5/4BA3/9/2B1KA1rc b,0.98538136,7954
3k1ab2/9/9/p1R5p/6p2/2P1C4/P2r5/4BA3/9/2B1KA1rc w,-0.9466511,2612
3k1ab2/9/9/p1R5p/6p2/2PC5/P2r5/4BA3/9/2B1KA1rc b,0.9886583,7954
3k1ab2/9/9/p1R5p/6p2/2Pr5/P8/4BA3/9/2B1KA1rc w,-0.9358199,2612
3k1ab2/9/9/p1R5p/6p2/2Pr5/P8/4B4/4A4/2B1KA1rc b,0.99410415,7954
3k1ab2/9/9/p1R4rp/6p2/2Pr5/P8/4B4/4A4/2B1KA2c w,-1,6117
3k1ab2/9/9/p1R4rp/6p2/2Pr5/P8/9/4A4/2B1KAB1c b,1,3089
3k1ab2/9/9/p1r5p/6p2/2Pr5/P8/9/4A4/2B1KAB1c w,-1,4268
3k1ab2/9/9/p1r5p/6p2/2Pr5/P8/4B4/4A4/4KAB1c b,0.9989633,2638
3k1ab2/9/9/pr6p/6p2/2Pr5/P8/4B4/4A4/4KAB1c w,-1,6113
3k1ab2/9/9/pr6p/2P3p2/3r5/P8/4B4/4A4/4KAB1c b,1,2602
3k1ab2/9/9/p5r1p/2P3p2/3r5/P8/4B4/4A4/4KAB1c w,-0.9981762,3457
3k1ab2/9/9/p5r1p/2P3p2/3r5/P8/4B4/9/3AKAB1c b,0.99865603,3002
3k1ab2/9/9/p5r1p/2P3p2/9/P8/4B4/9/3rKAB1c w,-1,7726
3k1ab2/9/9/p5r1p/2P3p2/9/P8/4B4/4K4/3r1AB1c b,0.9992726,274
3k1ab2/9/9/p5r1p/2P3p2/9/P8/4B4/4K4/5rB1c w,-1,7901
3k1ab2/9/9/p5r1p/3P2p2/9/P8/4B4/4K4/5rB1c b,0.99989754,274
3k1ab2/9/9/p5r1p/3P2p2/9/P8/4B4/4K4/4r1B1c w,-1,6915
3k1ab2/9/9/p5r1p/3P2p2/9/P8/4B4/3K5/4r1B1c b,0.99997425,3004
3k1ab2/9/9/p5r1p/3P2p2/9/P8/4B4/3K5/2r3B1c w,-1,7901
3k1ab2/9/9/p5r1p/3P2p2/9/P8/4B4/4K4/2r3B1c b,1,7544
rnbakabnr/9/1c5c1/p1p1p1p1p/9/9/P1P1P1P1P/1C5C1/9/RNBAKABNR w,0.014449762,5087
rnbakabnr/9/1c5c1/p1p1p1p1p/9/9/P1P1P1P1P/4C2C1/9/RNBAKABNR b,-0.012932254,110
r1bakabnr/9/1cn4c1/p1p1p1p1p/9/9/P1P1P1P1P/4C2C1/9/RNBAKABNR w,0.011422182,7445
r1bakabnr/9/1cn4c1/p1p1p1p1p/9/9/P1P1P1P1P/2N1C2C1/9/R1BAKABNR b,-0.012428113,3012
r1baka1nr/9/1cn1b2c1/p1p1p1p1p/9/9/P1P1P1P1P/2N1C2C1/9/R1BAKABNR w,0.028042147,7372
r1baka1nr/9/1cn1b2c1/p1p1p1p1p/9/9/P1P1P1P1P/2N1C2C1/9/1RBAKABNR b,-0.02165522,1
1rbaka1nr/9/1cn1b2c1/p1p1p1p1p/9/9/P1P1P1P1P/2N1C2C1/9/1RBAKABNR w,0.018024392,5087
1rbaka1nr/9/1cn1b2c1/p1p1p1p1p/9/9/P1P1P1P1P/2N1CC3/9/1RBAKABNR b,-0.012428113,2648
1rbaka2r/9/1cn1b1nc1/p1p1p1p1p/9/9/P1P1P1P1P/2N1CC3/9/1RBAKABNR w,0.019055555,5451
1rbaka2r/9/1cn1b1nc1/p1p1p1p1p/9/9/P1P1P1P1P/2N1CCN2/9/1RBAKAB1R b,-0.017510546,1765
1rbaka2r/9/1cn1b1nc1/p1p1p3p/6p2/9/P1P1P1P1P/2N1CCN2/9/1RBAKAB1R w,0.019572936,8098
1rbaka2r/9/1cn1b1nc1/p1p1p3p/6p2/9/P1P1P1P1P/2N1CCN2/9/1RBAKABR1 b,-0.014449762,727
1rbaka1r1/9/1cn1b1nc1/p1p1p3p/6p2/9/P1P1P1P1P/2N1CCN2/9/1RBAKABR1 w,0.016997816,7408
1rbaka1r1/9/1cn1b1nc1/p1p1p3p/6p2/2P6/P3P1P1P/2N1CCN2/9/1RBAKABR1 b,-0.008420906,1765
1rbaka1r1/9/2n1b1nc1/p1p1p3p/6p2/2P6/Pc2P1P1P/2N1CCN2/9/1RBAKABR1 w,0.012932254,7954
1rbaka1r1/9/2n1b1nc1/p1p1p3p/6p2/2PN5/Pc2P1P1P/4CCN2/9/1RBAKABR1 b,0.0014816026,2311
1rbaka1r1/9/2n1b1n2/p1p1p3p/6p2/2PN5/Pc2P1PcP/4CCN2/9/1RBAKABR1 w,-0.011924766,7816
1rbaka1r1/9/2n1bCn2/p1p1p3p/6p2/2PN5/Pc2P1PcP/4C1N2/9/1RBAKABR1 b,0.02535331,5548
1rbakabr1/9/2n2Cn2/p1p1p3p/6p2/2PN5/Pc2P1PcP/4C1N2/9/1RBAKABR1 w,0.04585602,6061
1rbakabr1/9/2n2Cn2/p1p1N3p/6p2/2P6/Pc2P1PcP/4C1N2/9/1RBAKABR1 b,-0.025618432,1831
1rbakabr1/9/5Cn2/p1p1n3p/6p2/2P6/Pc2P1PcP/4C1N2/9/1RBAKABR1 w,0.007799667,6061
1rbakabr1/9/5Cn2/p1p1C3p/6p2/2P6/Pc2P1PcP/6N2/9/1RBAKABR1 b,-0.014534511,109
2bakabr1/9/1r3Cn2/p1p1C3p/6p2/2P6/Pc2P1PcP/6N2/9/1RBAKABR1 w,-0.00084206735,2839
2bakabr1/9/1r3Cn2/p1p5p/6p2/2P1C4/Pc2P1PcP/6N2/9/1RBAKABR1 b,-0.019456778,1733
2bakabr1/9/5rn2/p1p5p/6p2/2P1C4/Pc2P1PcP/6N2/9/1RBAKABR1 w,0,7435
2bakabr1/9/5rn2/p1p5p/6p2/2P1C4/PR2P1PcP/6N2/9/2BAKABR1 b,0.0010268611,3831
2bakabr1/9/5r3/p1p5p/5np2/2P1C4/PR2P1PcP/6N2/9/2BAKABR1 w,0.00619123,4987
2bakabr1/9/5r3/p1p5p/1R3np2/2P1C4/P3P1PcP/6N2/9/2BAKABR1 b,-0.004460755,3750
2bakabr1/9/5r3/p1p5p/1R4p2/2P1C4/P3P1ncP/6N2/9/2BAKABR1 w,0.0050324383,3372
2bakabr1/9/5r3/p1p5p/6R2/2P1C4/P3P1ncP/6N2/9/2BAKABR1 b,-0.00657011,5449
2bakabr1/9/5r3/p1p5p/6R2/2P1n4/P3P2cP/6N2/9/2BAKABR1 w,0.004916287,5269
2bakabr1/9/5r3/p1p5p/6R2/2P1P4/P6cP/6N2/9/2BAKABR1 b,-0.0045435224,2129
2bakabr1/9/9/p1p5p/6R2/2P1P4/P4r1cP/6N2/9/2BAKABR1 w,0.0045435224,4905
2bakabr1/9/9/p1p3R1p/9/2P1P4/P4r1cP/6N2/9/2BAKABR1 b,-0.0030191396,5364
2bakabr1/9/9/p1p3R1p/9/2P1P4/P6cP/5rN2/9/2BAKABR1 w,0.010058965,4450
2bakabr1/9/9/p1p5p/9/2P1P1R2/P6cP/5rN2/9/2BAKABR1 b,-0.0035256562,562
2bakabr1/9/9/p1p5p/9/2P1P1R2/P4r1cP/6N2/9/2BAKABR1 w,0.0055693104,4905
2bakabr1/9/9/p1p5p/9/2P1PNR2/P4r1cP/9/9/2BAKABR1 b,0.0005019115,283
2bakabr1/9/9/p1p5p/9/2P1PNR2/P4r2P/7c1/9/2BAKABR1 w,0.008979457,7897
2bakabr1/9/9/p1p3N1p/9/2P1P1R2/P4r2P/7c1/9/2BAKABR1 b,-0.0063449214,283
2bakabr1/9/9/p1p3N1p/9/2P1P1R2/P4r2P/9/7c1/2BAKABR1 w,0.011433105,7897
2bakabr1/9/9/p1p3N1p/4P4/2P3R2/P4r2P/9/7c1/2BAKABR1 b,-0.008180164,283
2baka1r1/9/4b4/p1p3N1p/4P4/2P3R2/P4r2P/9/7c1/2BAKABR1 w,0.016056737,7816
2baka1r1/9/4b4/p1p1P1N1p/9/2P3R2/P4r2P/9/7c1/2BAKABR1 b,-0.014277925,664
2baka1r1/9/4b4/p1p1P1N1p/9/2P3R2/P3r3P/9/7c1/2BAKABR1 w,0.010605144,7816
2baka1r1/9/4b4/p1p1P1N1p/9/2P3R2/P3r3P/9/4A2c1/2BAK1BR1 b,-0.0145703675,283
2baka3/9/4b4/p1p1P1N1p/9/2P3R2/P3r2rP/9/4A2c1/2BAK1BR1 w,0.06415375,2812
2baka3/5N3/4b4/p1p1P3p/9/2P3R2/P3r2rP/9/4A2c1/2BAK1BR1 b,-0.007651792,283
2b1ka3/4aN3/4b4/p1p1P3p/9/2P3R2/P3r2rP/9/4A2c1/2BAK1BR1 w,0.00871209,4614
2b1ka3/4aN3/4P4/p1p5p/9/2P3R2/P3r2rP/9/4A2c1/2BAK1BR1 b,-0.0060529294,5242
2b1ka3/4aN3/4r4/p1p5p/9/2P3R2/P6rP/9/4A2c1/2BAK1BR1 w,0.0070411973,1293
2b1ka3/4aN3/4r4/p1p5p/9/2P6/P6rP/9/4A1Rc1/2BAK1BR1 b,-0.0035855283,2003
2b1ka3/4aN3/4r4/p1p5p/9/2P6/P6rP/7c1/4A1R2/2BAK1BR1 w,0.0033594347,7089
2b1ka3/4aN3/4r4/p1p3R1p/9/2P6/P6rP/7c1/4A4/2BAK1BR1 b,0.106423065,6367
2b1ka3/4aN3/5r3/p1p3R1p/9/2P6/P6rP/7c1/4A4/2BAK1BR1 w,0.00044602746,3039
2b1ka3/4aN3/5r3/p1R5p/9/2P6/P6rP/7c1/4A4/2BAK1BR1 b,0.02675255,2084
2b1ka3/4ar3/9/p1R5p/9/2P6/P6rP/7c1/4A4/2BAK1BR1 w,-0.02535878,7537
2R1ka3/4ar3/9/p7p/9/2P6/P6rP/7c1/4A4/2BAK1BR1 b,0.02307805,1173
2Raka3/5r3/9/p7p/9/2P6/P6rP/7c1/4A4/2BAK1BR1 w,-0.018186463,7537
3aka3/5r3/9/p1R5p/9/2P6/P6rP/7c1/4A4/2BAK1BR1 b,0.34786785,6367
3aka3/9/9/p1R5p/9/2P6/P6rP/7c1/4Ar3/2BAK1BR1 w,-0.022157729,7537
3aka3/9/9/p3R3p/9/2P6/P6rP/7c1/4Ar3/2BAK1BR1 b,0.020970361,283
3ak4/4a4/9/p3R3p/9/2P6/P6rP/7c1/4Ar3/2BAK1BR1 w,-0.010507797,7537
3ak4/4a4/9/p7p/9/2P6/P6rP/4R2c1/4Ar3/2BAK1BR1 b,0.020970361,6379
3ak4/4a4/9/p7p/9/2P6/P6rP/4R4/4Ar1c1/2BAK1BR1 w,-0.023390697,6098
3ak4/4a4/9/p3R3p/9/2P6/P6rP/9/4Ar1c1/2BAK1BR1 b,0.05031924,5552
3ak4/4a4/9/p3R3p/9/2P6/P7r/9/4Ar1c1/2BAK1BR1 w,-0.04351952,7537
3ak4/4a4/9/p6Rp/9/2P6/P7r/9/4Ar1c1/2BAK1BR1 b,0.041489754,7190
3ak4/4a4/9/p6Rp/9/2P6/P7r/9/4cr3/2BAK1BR1 w,-0.14677432,3121
3ak4/4a4/9/p6Rp/9/2P6/P7r/9/4Ar3/2B1K1BR1 b,0.84317154,5638
3ak4/4a4/9/p6Rp/9/2P6/P3r4/9/4Ar3/2B1K1BR1 w,-0.99686795,3067
3ak4/4a4/9/p6Rp/9/2P6/P3r4/4B4/4Ar3/4K1BR1 b,0.9812777,5287
3ak4/4a4/9/p6Rp/9/2P6/P8/4r4/4Ar3/4K1BR1 w,-0.99175364,3067
3ak4/4a4/9/p6Rp/9/2P6/P8/4r3B/4Ar3/4K2R1 b,1,7006
3ak4/4a4/9/p6Rp/9/2P6/P8/4r3B/4r4/4K2R1 w,-1,7734
3ak4/4a4/9/p6Rp/9/2P6/P8/4r3B/4r4/5K1R1 b,1,6098
rnbakabnr/9/1c5c1/p1p1p1p1p/9/9/P1P1P1P1P/1C5C1/9/RNBAKABNR w,0.014449762,5087
rnbakabnr/9/1c5c1/p1p1p1p1p/9/9/P1P1P1P1P/4C2C1/9/RNBAKABNR b,-0.012932254,110
r1bakabnr/9/1cn4c1/p1p1p1p1p/9/9/P1P1P1P1P/4C2C1/9/RNBAKABNR w,0.011422182,7445
r1bakabnr/9/1cn4c1/p1p1p1p1p/9/9/P1P1P1P1P/2N1C2C1/9/R1BAKABNR b,-0.012428113,3012
r1baka1nr/9/1cn1b2c1/p1p1p1p1p/9/9/P1P1P1P1P/2N1C2C1/9/R1BAKABNR w,0.028042147,7372
r1baka1nr/9/1cn1b2c1/p1p1p1p1p/9/9/P1P1P1P1P/2N1C2C1/9/1RBAKABNR b,-0.02165522,1
1rbaka1nr/9/1cn1b2c1/p1p1p1p1p/9/9/P1P1P1P1P/2N1C2C1/9/1RBAKABNR w,0.018024392,5087
1rbaka1nr/9/1cn1b2c1/p1p1p1p1p/9/9/P1P1P1P1P/2N1CC3/9/1RBAKABNR b,-0.012428113,2648
1rbaka2r/9/1cn1b1nc1/p1p1p1p1p/9/9/P1P1P1P1P/2N1CC3/9/1RBAKABNR w,0.019055555,5451
1rbaka2r/9/1cn1b1nc1/p1p1p1p1p/9/9/P1P1P1P1P/2N1CCN2/9/1RBAKAB1R b,-0.017510546,1765
1rbaka2r/9/1cn1b1nc1/p1p1p3p/6p2/9/P1P1P1P1P/2N1CCN2/9/1RBAKAB1R w,0.019572936,8098
1rbaka2r/9/1cn1b1nc1/p1p1p3p/6p2/9/P1P1P1P1P/2N1CCN2/9/1RBAKABR1 b,-0.014449762,727
1rbaka1r1/9/1cn1b1nc1/p1p1p3p/6p2/9/P1P1P1P1P/2N1CCN2/9/1RBAKABR1 w,0.016997816,7408
1rbaka1r1/9/1cn1b1nc1/p1p1p3p/6p2/2P6/P3P1P1P/2N1CCN2/9/1RBAKABR1 b,-0.008420906,1765
1rbaka1r1/9/2n1b1nc1/p1p1p3p/6p2/2P6/Pc2P1P1P/2N1CCN2/9/1RBAKABR1 w,0.012932254,7954
1rbaka1r1/9/2n1b1nc1/p1p1p3p/6p2/2PN5/Pc2P1P1P/4CCN2/9/1RBAKABR1 b,0.0014816026,2311
1rbaka1r1/9/2n1b1n2/p1p1p3p/6p2/2PN5/Pc2P1PcP/4CCN2/9/1RBAKABR1 w,-0.011924766,7816
1rbaka1r1/9/2n1bCn2/p1p1p3p/6p2/2PN5/Pc2P1PcP/4C1N2/9/1RBAKABR1 b,0.02535331,5548
1rbakabr1/9/2n2Cn2/p1p1p3p/6p2/2PN5/Pc2P1PcP/4C1N2/9/1RBAKABR1 w,0.04585602,6061
1rbakabr1/9/2n2Cn2/p1p1N3p/6p2/2P6/Pc2P1PcP/4C1N2/9/1RBAKABR1 b,-0.025618432,1831
1rbakabr1/9/5Cn2/p1p1n3p/6p2/2P6/Pc2P1PcP/4C1N2/9/1RBAKABR1 w,0.007799667,6061
1rbakabr1/9/5Cn2/p1p1C3p/6p2/2P6/Pc2P1PcP/6N2/9/1RBAKABR1 b,-0.014534511,109
2bakabr1/9/1r3Cn2/p1p1C3p/6p2/2P6/Pc2P1PcP/6N2/9/1RBAKABR1 w,-0.00084206735,2839
2bakabr1/9/1r3Cn2/p1p5p/6p2/2P1C4/Pc2P1PcP/6N2/9/1RBAKABR1 b,-0.019456778,1733
2bakabr1/9/5rn2/p1p5p/6p2/2P1C4/Pc2P1PcP/6N2/9/1RBAKABR1 w,0,7435
2bakabr1/9/5rn2/p1p5p/6p2/2P1C4/PR2P1PcP/6N2/9/2BAKABR1 b,0.0010268611,3831
2bakabr1/9/5r3/p1p5p/5np2/2P1C4/PR2P1PcP/6N2/9/2BAKABR1 w,0.00619123,4987
2bakabr1/9/5r3/p1p5p/1R3np2/2P1C4/P3P1PcP/6N2/9/2BAKABR1 b,-0.004460755,3750
2bakabr1/9/5r3/p1p5p/1R4p2/2P1C4/P3P1ncP/6N2/9/2BAKABR1 w,0.0050324383,3372
2bakabr1/9/5r3/p1p5p/6R2/2P1C4/P3P1ncP/6N2/9/2BAKABR1 b,-0.00657011,5449
2bakabr1/9/5r3/p1p5p/6R2/2P1n4/P3P2cP/6N2/9/2BAKABR1 w,0.004916287,5269
2bakabr1/9/5r3/p1p5p/6R2/2P1P4/P6cP/6N2/9/2BAKABR1 b,-0.0045435224,2129
2bakabr1/9/5r3/p1p5p/6R2/2P1P4/P7P/6Nc1/9/2BAKABR1 w,0.008180164,3831
2bakabr1/9/5r3/p1p5p/6R2/2P1P4/P7P/6Nc1/7R1/2BAKAB2 b,-0.0040337103,2129
2bakabr1/9/9/p1p5p/6R2/2P1P4/P7P/5rNc1/7R1/2BAKAB2 w,0.012272201,3831
2bakabr1/6R2/9/p1p5p/9/2P1P4/P7P/5rNc1/7R1/2BAKAB2 b,-0.002766389,6179
2baka1r1/6R2/4b4/p1p5p/9/2P1P4/P7P/5rNc1/7R1/2BAKAB2 w,0.007651792,1410
2baka1r1/9/4b4/p1p3R1p/9/2P1P4/P7P/5rNc1/7R1/2BAKAB2 b,-0.0040337103,6179
2baka3/9/4b4/p1p3R1p/9/2P1P4/P6rP/5rNc1/7R1/2BAKAB2 w,0.006604802,4450
2baka3/9/4b4/p1p3R1p/4P4/2P6/P6rP/5rNc1/7R1/2BAKAB2 b,-0.006604802,2648
2b1ka3/4a4/4b4/p1p3R1p/4P4/2P6/P6rP/5rNc1/7R1/2BAKAB2 w,0.008445668,3631
2b1ka3/4a4/4b4/p1p3R1p/4P4/2P6/P6rP/5rNc1/4A2R1/2BAK1B2 b,-0.0032722196,6185
2b1ka3/4a4/4b4/p1p3R1p/4P4/2P6/P4r1rP/6Nc1/4A2R1/2BAK1B2 w,0.007651792,3639
2b1ka3/4a4/4b4/p1R5p/4P4/2P6/P4r1rP/6Nc1/4A2R1/2BAK1B2 b,-0.0017082917,5370
2b1ka3/4a4/4b4/p1R5p/4P4/2P6/P5rrP/6Nc1/4A2R1/2BAK1B2 w,0.0012196689,6296
2b1ka3/4a4/4b4/p1R5p/4P4/2P6/P5rrP/7c1/4A2R1/2BAKNB2 b,-0.0024427103,6365
2b1ka3/4a4/4b4/p1R5p/4P4/2P6/P6rP/7c1/4A2R1/2BAKNr2 w,0.0033594347,2645
2b1ka3/4a4/4b4/p1R5p/2P1P4/9/P6rP/7c1/4A2R1/2BAKNr2 b,-0.0035855283,7919
2baka3/9/4b4/p1R5p/2P1P4/9/P6rP/7c1/4A2R1/2BAKNr2 w,0.013783416,2642
2baka3/9/4b4/p1R5p/3PP4/9/P6rP/7c1/4A2R1/2BAKNr2 b,-0.008469435,7919
2baka3/7r1/4b4/p1R5p/3PP4/9/P7P/7c1/4A2R1/2BAKNr2 w,0.023984943,2666
2baka3/7r1/4b4/p4R2p/3PP4/9/P7P/7c1/4A2R1/2BAKNr2 b,-0.014051597,7890
2baka3/7r1/4b4/p4R3/3PP3p/9/P7P/7c1/4A2R1/2BAKNr2 w,0.022979978,2939
2baka3/7r1/4b4/p3PR3/3P4p/9/P7P/7c1/4A2R1/2BAKNr2 b,-0.013783416,7890
2baka3/9/4b4/p3PR3/3P3rp/9/P7P/7c1/4A2R1/2BAKNr2 w,0.02571382,3540
2baka3/9/4P4/p4R3/3P3rp/9/P7P/7c1/4A2R1/2BAKNr2 b,-0.009737162,202
3aka3/9/4b4/p4R3/3P3rp/9/P7P/7c1/4A2R1/2BAKNr2 w,0.010329839,2948
3aka3/9/4b4/p2P1R3/7rp/9/P7P/7c1/4A2R1/2BAKNr2 b,-0.006837515,283
4ka3/4a4/4b4/p2P1R3/7rp/9/P7P/7c1/4A2R1/2BAKNr2 w,0.006209688,2948
4ka3/4a4/4b4/p2PR4/7rp/9/P7P/7c1/4A2R1/2BAKNr2 b,-0.0023641908,6367
4kab2/4a4/9/p2PR4/7rp/9/P7P/7c1/4A2R1/2BAKNr2 w,0.023535471,2857
4kab2/4a4/3P5/p3R4/7rp/9/P7P/7c1/4A2R1/2BAKNr2 b,-0.006209688,6367
3k1ab2/4a4/3P5/p3R4/7rp/9/P7P/7c1/4A2R1/2BAKNr2 w,0.028732779,2820
3k1ab2/4a4/3P5/p3R4/7rp/9/P7P/4B2c1/4A2R1/3AKNr2 b,-0.004973836,7854
3k1ab2/4a4/3P5/p3R4/7rp/9/P5r1P/4B2c1/4A2R1/3AKN3 w,0.06397442,2817
3k1ab2/4a4/3P5/R8/7rp/9/P5r1P/4B2c1/4A2R1/3AKN3 b,-0.049275335,1191
3k1ab2/9/3a5/R8/7rp/9/P5r1P/4B2c1/4A2R1/3AKN3 w,0.07432181,2430
3k1ab2/9/3a5/5R3/7rp/9/P5r1P/4B2c1/4A2R1/3AKN3 b,0.0023960194,1903
3k1ab2/4a4/9/5R3/7rp/9/P5r1P/4B2c1/4A2R1/3AKN3 w,-0.0048433645,2910
3k1ab2/4a4/9/9/7rp/9/P5r1P/4BR1c1/4A2R1/3AKN3 b,0.008003336,6361
3k1ab2/4a4/9/9/7rp/9/P5rcP/4BR3/4A2R1/3AKN3 w,-0.007193169,6190
3k1ab2/4a4/9/9/7rp/9/P5rcP/4BRN2/4A2R1/3AK4 b,0.010756301,3907
3k1ab2/4a4/9/9/7rp/9/P5r1P/4BRNc1/4A2R1/3AK4 w,-0.0065951515,4905
rnbakabnr/9/1c5c1/p1p1p1p1p/9/9/P1P1P1P1P/1C5C1/9/RNBAKABNR w,0.014449762,5087
rnbakabnr/9/1c5c1/p1p1p1p1p/9/9/P1P1P1P1P/4C2C1/9/RNBAKABNR b,-0.012932254,110
r1bakabnr/9/1cn4c1/p1p1p1p1p/9/9/P1P1P1P1P/4C2C1/9/RNBAKABNR w,0.011422182,7445
r1bakabnr/9/1cn4c1/p1p1p1p1p/9/9/P1P1P1P1P/2N1C2C1/9/R1BAKABNR b,-0.012428113,3012
r1baka1nr/9/1cn1b2c1/p1p1p1p1p/9/9/P1P1P1P1P/2N1C2C1/9/R1BAKABNR w,0.028042147,7372
r1baka1nr/9/1cn1b2c1/p1p1p1p1p/9/9/P1P1P1P1P/2N1C2C1/9/1RBAKABNR b,-0.02165522,1
1rbaka1nr/9/1cn1b2c1/p1p1p1p1p/9/9/P1P1P1P1P/2N1C2C1/9/1RBAKABNR w,0.018024392,5087
1rbaka1nr/9/1cn1b2c1/p1p1p1p1p/9/9/P1P1P1P1P/2N1CC3/9/1RBAKABNR b,-0.012428113,2648
1rbaka2r/9/1cn1b1nc1/p1p1p1p1p/9/9/P1P1P1P1P/2N1CC3/9/1RBAKABNR w,0.019055555,5451
1rbaka2r/9/1cn1b1nc1/p1p1p1p1p/9/9/P1P1P1P1P/2N1CCN2/9/1RBAKAB1R b,-0.017510546,1765
1rbaka2r/9/1cn1b1nc1/p1p1p3p/6p2/9/P1P1P1P1P/2N1CCN2/9/1RBAKAB1R w,0.019572936,8098
1rbaka2r/9/1cn1b1nc1/p1p1p3p/6p2/9/P1P1P1P1P/2N1CCN2/9/1RBAKABR1 b,-0.014449762,727
1rbaka1r1/9/1cn1b1nc1/p1p1p3p/6p2/9/P1P1P1P1P/2N1CCN2/9/1RBAKABR1 w,0.016997816,7408
1rbaka1r1/9/1cn1b1nc1/p1p1p3p/6p2/2P6/P3P1P1P/2N1CCN2/9/1RBAKABR1 b,-0.008420906,1765
1rbaka1r1/9/2n1b1nc1/p1p1p3p/6p2/2P6/Pc2P1P1P/2N1CCN2/9/1RBAKABR1 w,0.012932254,7954
1rbaka1r1/9/2n1b1nc1/p1p1p3p/6p2/2PN5/Pc2P1P1P/4CCN2/9/1RBAKABR1 b,0.0014816026,2311
1rbaka1r1/9/2n1b1n2/p1p1p3p/6p2/2PN5/Pc2P1PcP/4CCN2/9/1RBAKABR1 w,-0.011924766,7816
1rbaka1r1/9/2n1bCn2/p1p1p3p/6p2/2PN5/Pc2P1PcP/4C1N2/9/1RBAKABR1 b,0.02535331,5548
1rbakabr1/9/2n2Cn2/p1p1p3p/6p2/2PN5/Pc2P1PcP/4C1N2/9/1RBAKABR1 w,0.04585602,6061
1rbakabr1/9/2n2Cn2/p1p1N3p/6p2/2P6/Pc2P1PcP/4C1N2/9/1RBAKABR1 b,-0.025618432,1831
1rbakabr1/9/5Cn2/p1p1n3p/6p2/2P6/Pc2P1PcP/4C1N2/9/1RBAKABR1 w,0.007799667,6061
1rbakabr1/9/5Cn2/p1p1C3p/6p2/2P6/Pc2P1PcP/6N2/9/1RBAKABR1 b,-0.014534511,109
2bakabr1/9/1r3Cn2/p1p1C3p/6p2/2P6/Pc2P1PcP/6N2/9/1RBAKABR1 w,-0.00084206735,2839
2bakabr1/9/1r3Cn2/p1p5p/6p2/2P1C4/Pc2P1PcP/6N2/9/1RBAKABR1 b,-0.019456778,1733
2bakabr1/9/5rn2/p1p5p/6p2/2P1C4/Pc2P1PcP/6N2/9/1RBAKABR1 w,0,7435
2bakabr1/9/5rn2/p1p5p/6p2/2P1C4/PR2P1PcP/6N2/9/2BAKABR1 b,0.0010268611,3831
2bakabr1/9/5r3/p1p5p/5np2/2P1C4/PR2P1PcP/6N2/9/2BAKABR1 w,0.00619123,4987
2bakabr1/9/5r3/p1p5p/1R3np2/2P1C4/P3P1PcP/6N2/9/2BAKABR1 b,-0.004460755,3750
2bakabr1/9/5r3/p1p5p/1R4p2/2P1C4/P3P1ncP/6N2/9/2BAKABR1 w,0.0050324383,3372
2bakabr1/9/5r3/p1p5p/6R2/2P1C4/P3P1ncP/6N2/9/2BAKABR1 b,-0.00657011,5449
2bakabr1/9/5r3/p1p5p/6R2/2P1n4/P3P2cP/6N2/9/2BAKABR1 w,0.004916287,5269
2bakabr1/9/5r3/p1p5p/6R2/2P1P4/P6cP/6N2/9/2BAKABR1 b,-0.0045435224,2129
2bakabr1/9/5r3/p1p5p/6R2/2P1P4/P7P/6Nc1/9/2BAKABR1 w,0.008180164,3831
2bakabr1/9/5r3/p1p5p/9/2P1P1R2/P7P/6Nc1/9/2BAKABR1 b,-0.006865401,2129
2bakabr1/9/5r3/p1p5p/9/2P1P1R2/P7P/6N2/7c1/2BAKABR1 w,0.013123236,7897
2bakabr1/9/5r3/p1p5p/9/2P1PNR2/P7P/9/7c1/2BAKABR1 b,-0.0063449214,2111
2bakab2/9/5r3/p1p5p/7r1/2P1PNR2/P7P/9/7c1/2BAKABR1 w,0.0139870215,7816
2bakab2/9/5r3/p1p5p/7r1/2P1PNR2/P7P/4B4/7c1/2BAKA1R1 b,-0.002009837,3911
2bakab2/9/5r3/p7p/2p4r1/2P1PNR2/P7P/4B4/7c1/2BAKA1R1 w,0.029058233,4268
2bakab2/9/5r3/p7p/2P4r1/4PNR2/P7P/4B4/7c1/2BAKA1R1 b,-0.051994596,202
2bakab2/9/5r3/p8/2P4rp/4PNR2/P7P/4B4/7c1/2BAKA1R1 w,0.15905719,4450
2bakab2/9/5r3/p8/2P1P2rp/5NR2/P7P/4B4/7c1/2BAKA1R1 b,-0.16201688,3910
2bakab2/7r1/5r3/p8/2P1P3p/5NR2/P7P/4B4/7c1/2BAKA1R1 w,0.23641115,3459
2bakab2/7r1/5r3/p8/2P1P3p/5NR2/P7P/4B4/4A2c1/2BAK2R1 b,-0.19574904,2102
2bakab2/9/5r3/p8/2P1P3p/5NR2/P6rP/4B4/4A2c1/2BAK2R1 w,0.25255004,4905
2bakab2/9/5r3/p8/2PNP3p/6R2/P6rP/4B4/4A2c1/2BAK2R1 b,-0.29140908,202
2baka3/9/4br3/p8/2PNP3p/6R2/P6rP/4B4/4A2c1/2BAK2R1 w,0.31209266,3457
2baka3/9/4br3/p3P4/2PN4p/6R2/P6rP/4B4/4A2c1/2BAK2R1 b,-0.05258088,2018
2baka3/9/5r3/p3P4/2bN4p/6R2/P6rP/4B4/4A2c1/2BAK2R1 w,0.07994594,3542
2baka3/9/5r3/p3PN3/2b5p/6R2/P6rP/4B4/4A2c1/2BAK2R1 b,-0.075870454,5506
2baka3/9/5r3/p3PN1r1/2b5p/6R2/P7P/4B4/4A2c1/2BAK2R1 w,0.13450073,4668
2baka3/9/5r3/p3PN1r1/2b3R1p/9/P7P/4B4/4A2c1/2BAK2R1 b,-0.07429007,3438
2baka3/9/b4r3/p3PN1r1/6R1p/9/P7P/4B4/4A2c1/2BAK2R1 w,0.057368714,3858
2baka3/9/b4r3/p3PN1r1/4R3p/9/P7P/4B4/4A2c1/2BAK2R1 b,-0.04686107,283
2b1ka3/4a4/b4r3/p3PN1r1/4R3p/9/P7P/4B4/4A2c1/2BAK2R1 w,0.04474623,3642
2b1ka3/4a4/b4r3/p3P2r1/4R3p/6N2/P7P/4B4/4A2c1/2BAK2R1 b,-0.03349958,3112
2b1ka3/4a4/b4r3/p3P4/4R3p/6N2/P6rP/4B4/4A2c1/2BAK2R1 w,0.053080373,2822
2b1ka3/4a4/b4r3/p3P4/4R3N/9/P6rP/4B4/4A2c1/2BAK2R1 b,-0.009979092,5552
2b1ka3/4a2r1/b4r3/p3P4/4R3N/9/P7P/4B4/4A2c1/2BAK2R1 w,0.068880595,4011
2b1ka3/4a2r1/b4r3/p3P4/4R4/6N2/P7P/4B4/4A2c1/2BAK2R1 b,-0.065276876,2147
2b1ka3/4a2r1/b8/p3P4/4R4/6N2/P7P/4B4/4Ar1c1/2BAK2R1 w,0.07659296,6908
2b1ka3/4a2r1/b3P4/p8/4R4/6N2/P7P/4B4/4Ar1c1/2BAK2R1 b,-0.081562266,6944
2b1ka3/4a4/b3P4/p8/4R4/6N2/P6rP/4B4/4Ar1c1/2BAK2R1 w,0.17045005,1993
2b1ka3/4a4/b3P4/p3R4/9/6N2/P6rP/4B4/4Ar1c1/2BAK2R1 b,-0.007987061,202
2b1ka3/4a4/b3P4/p3R4/9/6N2/P5r1P/4B4/4Ar1c1/2BAK2R1 w,0.22263122,1993
2b1ka3/4a4/b3P4/p4R3/9/6N2/P5r1P/4B4/4Ar1c1/2BAK2R1 b,-0.015026424,6962
2b1ka3/4a4/b3P4/p4R3/9/6N2/P5r1P/4B4/4A1rc1/2BAK2R1 w,0.25892943,1993
2b1ka3/4a4/b3P4/p3R4/9/6N2/P5r1P/4B4/4A1rc1/2BAK2R1 b,-0.10015563,202
rnbakabnr/9/1c5c1/p1p1p1p1p/9/9/P1P1P1P1P/1C5C1/9/RNBAKABNR w,0.014449762,5087
rnbakabnr/9/1c5c1/p1p1p1p1p/9/9/P1P1P1P1P/4C2C1/9/RNBAKABNR b,-0.012932254,110
r1bakabnr/9/1cn4c1/p1p1p1p1p/9/9/P1P1P1P1P/4C2C1/9/RNBAKABNR w,0.011422182,7445
r1bakabnr/9/1cn4c1/p1p1p1p1p/9/9/P1P1P1P1P/2N1C2C1/9/R1BAKABNR b,-0.012428113,3012
r1baka1nr/9/1cn1b2c1/p1p1p1p1p/9/9/P1P1P1P1P/2N1C2C1/9/R1BAKABNR w,0.028042147,7372
r1baka1nr/9/1cn1b2c1/p1p1p1p1p/9/9/P1P1P1P1P/2N1C2C1/9/1RBAKABNR b,-0.02165522,1
1rbaka1nr/9/1cn1b2c1/p1p1p1p1p/9/9/P1P1P1P1P/2N1C2C1/9/1RBAKABNR w,0.018024392,5087
1rbaka1nr/9/1cn1b2c1/p1p1p1p1p/9/9/P1P1P1P1P/2N1CC3/9/1RBAKABNR b,-0.012428113,2648
1rbaka2r/9/1cn1b1nc1/p1p1p1p1p/9/9/P1P1P1P1P/2N1CC3/9/1RBAKABNR w,0.019055555,5451
1rbaka2r/9/1cn1b1nc1/p1p1p1p1p/9/9/P1P1P1P1P/2N1CCN2/9/1RBAKAB1R b,-0.017510546,1765
1rbaka2r/9/1cn1b1nc1/p1p1p3p/6p2/9/P1P1P1P1P/2N1CCN2/9/1RBAKAB1R w,0.019572936,8098
1rbaka2r/9/1cn1b1nc1/p1p1p3p/6p2/9/P1P1P1P1P/2N1CCN2/9/1RBAKABR1 b,-0.014449762,727
1rbaka1r1/9/1cn1b1nc1/p1p1p3p/6p2/9/P1P1P1P1P/2N1CCN2/9/1RBAKABR1 w,0.016997816,7408
1rbaka1r1/9/1cn1b1nc1/p1p1p3p/6p2/2P6/P3P1P1P/2N1CCN2/9/1RBAKABR1 b,-0.008420906,1765
1rbaka1r1/9/2n1b1nc1/p1p1p3p/6p2/2P6/Pc2P1P1P/2N1CCN2/9/1RBAKABR1 w,0.012932254,7954
1rbaka1r1/9/2n1b1nc1/p1p1p3p/6p2/2PN5/Pc2P1P1P/4CCN2/9/1RBAKABR1 b,0.0014816026,2311
1rbaka1r1/9/2n1b1n2/p1p1p3p/6p2/2PN5/Pc2P1PcP/4CCN2/9/1RBAKABR1 w,-0.011924766,7816
1rbaka1r1/9/2n1bCn2/p1p1p3p/6p2/2PN5/Pc2P1PcP/4C1N2/9/1RBAKABR1 b,0.02535331,5548
1rbakabr1/9/2n2Cn2/p1p1p3p/6p2/2PN5/Pc2P1PcP/4C1N2/9/1RBAKABR1 w,0.04585602,6061
1rbakabr1/9/2n2Cn2/p1p1N3p/6p2/2P6/Pc2P1PcP/4C1N2/9/1RBAKABR1 b,-0.025618432,1831
1rbakabr1/9/5Cn2/p1p1n3p/6p2/2P6/Pc2P1PcP/4C1N2/9/1RBAKABR1 w,0.007799667,6061
1rbakabr1/9/5Cn2/p1p1C3p/6p2/2P6/Pc2P1PcP/6N2/9/1RBAKABR1 b,-0.014534511,109
2bakabr1/9/1r3Cn2/p1p1C3p/6p2/2P6/Pc2P1PcP/6N2/9/1RBAKABR1 w,-0.00084206735,2839
2bakabr1/9/1r3Cn2/p1p5p/6p2/2P1C4/Pc2P1PcP/6N2/9/1RBAKABR1 b,-0.019456778,1733
2bakabr1/9/5rn2/p1p5p/6p2/2P1C4/Pc2P1PcP/6N2/9/1RBAKABR1 w,0,7435
2bakabr1/9/5rn2/p1p5p/6p2/2P1C4/PR2P1PcP/6N2/9/2BAKABR1 b,0.0010268611,3831
2bakabr1/9/5r3/p1p5p/5np2/2P1C4/PR2P1PcP/6N2/9/2BAKABR1 w,0.00619123,4987
2bakabr1/9/5r3/p1p5p/1R3np2/2P1C4/P3P1PcP/6N2/9/2BAKABR1 b,-0.004460755,3750
2bakabr1/9/5r3/p1p5p/1R4p2/2P1C4/P3P1ncP/6N2/9/2BAKABR1 w,0.0050324383,3372
2bakabr1/9/5r3/p1p5p/6R2/2P1C4/P3P1ncP/6N2/9/2BAKABR1 b,-0.00657011,5449
2bakabr1/9/5r3/p1p5p/6R2/2P1n4/P3P2cP/6N2/9/2BAKABR1 w,0.004916287,5269
2bakabr1/9/5r3/p1p5p/6R2/2P1P4/P6cP/6N2/9/2BAKABR1 b,-0.0045435224,2129
2bakabr1/9/5r3/p1p5p/6R2/2P1P4/P7P/6Nc1/9/2BAKABR1 w,0.008180164,3831
2bakabr1/9/5r3/p1p5p/6R2/2P1P4/P7P/6Nc1/7R1/2BAKAB2 b,-0.0040337103,2129
2bakabr1/9/9/p1p5p/6R2/2P1P4/P7P/5rNc1/7R1/2BAKAB2 w,0.012272201,3831
2bakabr1/9/9/p1p3R1p/9/2P1P4/P7P/5rNc1/7R1/2BAKAB2 b,-0.007651792,6179
2bakabr1/9/9/p1p3R1p/9/2P1P4/P6cP/5rN2/7R1/2BAKAB2 w,0.008180164,4450
2bakabr1/9/9/p1p3R1p/9/2P1P4/P6cP/5r3/7RN/2BAKAB2 b,-0.005827204,6179
2bakabr1/9/9/p1p3R1p/9/2P1P4/P7P/5r1c1/7RN/2BAKAB2 w,0.007651792,3030
2bakabr1/9/9/p1R5p/9/2P1P4/P7P/5r1c1/7RN/2BAKAB2 b,-0.005412028,562
2bakab2/9/9/p1R5p/9/2P1P2r1/P7P/5r1c1/7RN/2BAKAB2 w,0.017105108,2612
2Rakab2/9/9/p7p/9/2P1P2r1/P7P/5r1c1/7RN/2BAKAB2 b,-0.015417089,4729
2Rakab2/9/9/p7p/9/2P1r4/P7P/5r1c1/7RN/2BAKAB2 w,0.015509039,7897
2Rakab2/9/9/p7p/9/2P1r4/P7P/5r1c1/4R3N/2BAKAB2 b,-0.0019491392,4486
2Rakab2/9/9/p7p/9/2P6/P7P/5r1c1/4r3N/2BAKAB2 w,0.0010722536,7636
2Rakab2/9/9/p7p/9/2P6/P7P/5r1c1/4A3N/2BAK1B2 b,0.022371281,6388
2Rakab2/9/9/p7p/9/2P6/P7P/7c1/4Ar2N/2BAK1B2 w,0.00096627756,7261
2Rakab2/9/9/p7p/9/2P6/P6NP/7c1/4Ar3/2BAK1B2 b,0.002864162,6388
2Rakab2/9/9/p7p/9/2P6/P6NP/7c1/4A1r2/2BAK1B2 w,0.0008691599,5558
2Rakab2/9/9/p7p/9/2P6/P6NP/4B2c1/4A1r2/2BAK4 b,0.010555814,7080
2Rakab2/9/9/p7p/9/2P6/P5rNP/4B2c1/4A4/2BAK4 w,-0.010219178,209
3akab2/9/9/p1R5p/9/2P6/P5rNP/4B2c1/4A4/2BAK4 b,0.00805106,5461
3akab2/9/9/p1R5p/9/2P6/P6rP/4B2c1/4A4/2BAK4 w,-0.006015774,2645
3akab2/9/9/p3R3p/9/2P6/P6rP/4B2c1/4A4/2BAK4 b,0.010223416,283
3ak1b2/4a4/9/p3R3p/9/2P6/P6rP/4B2c1/4A4/2BAK4 w,-0.0051580793,2825
3ak1b2/4a4/9/R7p/9/2P6/P6rP/4B2c1/4A4/2BAK4 b,0.024560012,5552
3ak1b2/4a4/9/R7p/9/2P6/P7r/4B2c1/4A4/2BAK4 w,-0.021377746,2464
3ak1b2/4a4/9/7Rp/9/2P6/P7r/4B2c1/4A4/2BAK4 b,0.027637126,6361
3ak1b2/4a4/9/7Rp/9/2P6/P8/4B2c1/4A4/2BAK3r w,-0.0042012488,6926
3ak1b2/4a4/9/7Rp/9/2P6/P8/4B2c1/9/2BAKA2r b,0.005738955,6369
3ak1b2/4a4/9/7Rp/9/2P6/P8/4B4/9/2BAKA1cr w,-0.0010921975,6117
3ak1b2/4a4/9/7Rp/9/2P6/P8/9/9/2BAKABcr b,0.0013431014,562
3ak1b2/4a4/9/7Rp/9/2P6/P8/9/9/2BAKcB1r w,-0.00010036597,7736
3ak1b2/4a4/9/7Rp/9/2P6/P8/9/9/2BA1KB1r b,0.00013988132,8097
3ak1b2/4a4/9/7Rp/9/2P6/P8/9/9/2BA1Kr2 w,-0.00006746737,7817
3ak1b2/4a4/9/7Rp/9/2P6/P8/9/5K3/2BA2r2 b,0.00010134326,3194
3ak1b2/4a4/9/7Rp/9/2P6/P8/9/5K3/2Br5 w,0.000032467968,3093
3ak1bR1/4a4/9/8p/9/2P6/P8/9/5K3/2Br5 b,0.0004476145,7635
3ak1bR1/4a4/9/8p/9/2P6/P8/9/5K3/2r6 w,0.001220713,636
3ak1R2/4a4/9/8p/9/2P6/P8/9/5K3/2r6 b,-0.0030897462,1175
3akaR2/9/9/8p/9/2P6/P8/9/5K3/2r6 w,0.0055353213,545
3akR3/9/9/8p/9/2P6/P8/9/5K3/2r6 b,-0.001304134,373
3a1R3/4k4/9/8p/9/2P6/P8/9/5K3/2r6 w,0.0012060743,500
3a5/4kR3/9/8p/9/2P6/P8/9/5K3/2r6 b,-0.00011993318,1174
3ak4/5R3/9/8p/9/2P6/P8/9/5K3/2r6 w,0.0003588143,1265
3ak4/9/9/5R2p/9/2P6/P8/9/5K3/2r6 b,0,7544
3ak4/9/9/5R2p/9/2r6/P8/9/5K3/9 w,0.00000037844478,2911
3ak4/9/9/4R3p/9/2r6/P8/9/5K3/9 b,-0.0000005758228,283
4k4/4a4/9/4R3p/9/2r6/P8/9/5K3/9 w,0.0000010039925,7006
4k4/4a4/9/4R3p/9/2r6/P8/9/4K4/9 b,-0.00000078314525,4278
4k4/4a4/9/4R3p/9/5r3/P8/9/4K4/9 w,0.000008575619,2803
4k4/4a4/9/8R/9/5r3/P8/9/4K4/9 b,0,4549
4k4/4a4/9/8R/9/4r4/P8/9/4K4/9 w,0.000000055600175,6917
4k4/4a4/9/8R/9/4r4/P8/9/5K3/9 b,0.00000004157963,4460
4k4/9/5a3/8R/9/4r4/P8/9/5K3/9 w,0.00000004157963,3182
4k4/9/5a3/5R3/9/4r4/P8/9/5K3/9 b,0,4486
4k4/9/4ra3/5R3/9/9/P8/9/5K3/9 w,0,4905
4k4/9/4ra3/9/9/9/P8/5R3/5K3/9 b,0.00000004157963,2056
4k4/9/5a3/9/9/9/P8/5R3/4rK3/9 w,0.000000055600175,7016
4k4/9/5a3/9/9/9/P8/5R3/4r4/5K3 b,0.000000027662455,2083
4k4/4a4/9/9/9/9/P8/5R3/4r4/5K3 w,0.00000004157963,6189
4k4/4a4/9/9/9/9/P8/6R2/4r4/5K3 b,0.000000013814056,1193
4k4/9/5a3/9/9/9/P8/6R2/4r4/5K3 w,0,6234
rnbakabnr/9/1c5c1/p1p1p1p1p/9/9/P1P1P1P1P/1C5C1/9/RNBAKABNR w,0.014449762,5087
rnbakabnr/9/1c5c1/p1p1p1p1p/9/9/P1P1P1P1P/4C2C1/9/RNBAKABNR b,-0.012932254,110
r1bakabnr/9/1cn4c1/p1p1p1p1p/9/9/P1P1P1P1P/4C2C1/9/RNBAKABNR w,0.011422182,7445
r1bakabnr/9/1cn4c1/p1p1p1p1p/9/9/P1P1P1P1P/2N1C2C1/9/R1BAKABNR b,-0.012428113,3012
r1baka1nr/9/1cn1b2c1/p1p1p1p1p/9/9/P1P1P1P1P/2N1C2C1/9/R1BAKABNR w,0.028042147,7372
r1baka1nr/9/1cn1b2c1/p1p1p1p1p/9/9/P1P1P1P1P/2N1C2C1/9/1RBAKABNR b,-0.02165522,1
1rbaka1nr/9/1cn1b2c1/p1p1p1p1p/9/9/P1P1P1P1P/2N1C2C1/9/1RBAKABNR w,0.018024392,5087
1rbaka1nr/9/1cn1b2c1/p1p1p1p1p/9/9/P1P1P1P1P/2N1CC3/9/1RBAKABNR b,-0.012428113,2648
1rbaka2r/9/1cn1b1nc1/p1p1p1p1p/9/9/P1P1P1P1P/2N1CC3/9/1RBAKABNR w,0.019055555,5451
1rbaka2r/9/1cn1b1nc1/p1p1p1p1p/9/9/P1P1P1P1P/2N1CCN2/9/1RBAKAB1R b,-0.017510546,1765
1rbaka2r/9/1cn1b1nc1/p1p1p3p/6p2/9/P1P1P1P1P/2N1CCN2/9/1RBAKAB1R w,0.019572936,8098
1rbaka2r/9/1cn1b1nc1/p1p1p3p/6p2/9/P1P1P1P1P/2N1CCN2/9/1RBAKABR1 b,-0.014449762,727
1rbaka1r1/9/1cn1b1nc1/p1p1p3p/6p2/9/P1P1P1P1P/2N1CCN2/9/1RBAKABR1 w,0.016997816,7408
1rbaka1r1/9/1cn1b1nc1/p1p1p3p/6p2/2P6/P3P1P1P/2N1CCN2/9/1RBAKABR1 b,-0.008420906,1765
1rbaka1r1/9/2n1b1nc1/p1p1p3p/6p2/2P6/Pc2P1P1P/2N1CCN2/9/1RBAKABR1 w,0.012932254,7954
1rbaka1r1/9/2n1b1nc1/p1p1p3p/6p2/2PN5/Pc2P1P1P/4CCN2/9/1RBAKABR1 b,0.0014816026,2311
1rbaka1r1/9/2n1b1n2/p1p1p3p/6p2/2PN5/Pc2P1PcP/4CCN2/9/1RBAKABR1 w,-0.011924766,7816
1rbaka1r1/9/2n1bCn2/p1p1p3p/6p2/2PN5/Pc2P1PcP/4C1N2/9/1RBAKABR1 b,0.02535331,5548
1rbakabr1/9/2n2Cn2/p1p1p3p/6p2/2PN5/Pc2P1PcP/4C1N2/9/1RBAKABR1 w,0.04585602,6061
1rbakabr1/9/2n2Cn2/p1p1N3p/6p2/2P6/Pc2P1PcP/4C1N2/9/1RBAKABR1 b,-0.025618432,1831
1rbakabr1/9/5Cn2/p1p1n3p/6p2/2P6/Pc2P1PcP/4C1N2/9/1RBAKABR1 w,0.007799667,6061
1rbakabr1/9/5Cn2/p1p1C3p/6p2/2P6/Pc2P1PcP/6N2/9/1RBAKABR1 b,-0.014534511,109
2bakabr1/9/1r3Cn2/p1p1C3p/6p2/2P6/Pc2P1PcP/6N2/9/1RBAKABR1 w,-0.00084206735,2839
2bakabr1/9/1r3Cn2/p1p5p/6p2/2P1C4/Pc2P1PcP/6N2/9/1RBAKABR1 b,-0.019456778,1733
2bakabr1/9/5rn2/p1p5p/6p2/2P1C4/Pc2P1PcP/6N2/9/1RBAKABR1 w,0,7435
2bakabr1/9/5rn2/p1p5p/6p2/2P1C4/PR2P1PcP/6N2/9/2BAKABR1 b,0.0010268611,3831
2bakabr1/9/6n2/p1p5p/6p2/2P1C4/PR2PrPcP/6N2/9/2BAKABR1 w,0.39088708,4969
2bakabr1/9/6n2/p1p5p/1R4p2/2P1C4/P3PrPcP/6N2/9/2BAKABR1 b,-0.1593855,3831
2bakabr1/9/9/p1p5p/1R3np2/2P1C4/P3PrPcP/6N2/9/2BAKABR1 w,0.6604994,3370
2bakabr1/9/9/p1p5p/1R3np2/2P1C4/P3PrPcP/4B1N2/9/2BAKA1R1 b,-0.17672673,373
2bakabr1/9/9/p1p5p/1R4p2/2P1C4/P3nrPcP/4B1N2/9/2BAKA1R1 w,0.64090973,3370
2bakabr1/9/9/p1p5p/1R4p2/2P1C4/P3nrPcP/4B1N2/4A4/2BAK2R1 b,-0.003012657,5360
2bakabr1/9/9/p1p5p/1R4p2/2P1C4/P3n1rcP/4B1N2/4A4/2BAK2R1 w,0.28532687,3370
2bakabr1/9/9/p1p5p/4R1p2/2P1C4/P3n1rcP/4B1N2/4A4/2BAK2R1 b,-0.7030103,562
2baka1r1/9/4b4/p1p5p/4R1p2/2P1C4/P3n1rcP/4B1N2/4A4/2BAK2R1 w,0.764984,3622
2baka1r1/9/4b4/p1p5p/4R1p2/2P1C4/P3N1rcP/4B4/4A4/2BAK2R1 b,-0.27723405,283
2baka1r1/9/4b4/p1p5p/4R1p2/2P1C4/P3r2cP/4B4/4A4/2BAK2R1 w,0.60003525,3622
2baka1r1/9/4R4/p1p5p/6p2/2P1C4/P3r2cP/4B4/4A4/2BAK2R1 b,-0.48800403,283
2bak2r1/4a4/4R4/p1p5p/6p2/2P1C4/P3r2cP/4B4/4A4/2BAK2R1 w,0.73295736,2005
2bak2r1/4a4/7R1/p1p5p/6p2/2P1C4/P3r2cP/4B4/4A4/2BAK2R1 b,-0.69939923,1175
2bak2r1/4a4/7R1/p1p5p/6p2/2P1r4/P6cP/4B4/4A4/2BAK2R1 w,0.6782491,2257
2bak2R1/4a4/9/p1p5p/6p2/2P1r4/P6cP/4B4/4A4/2BAK2R1 b,-0.69578326,1175
2baka1R1/9/9/p1p5p/6p2/2P1r4/P6cP/4B4/4A4/2BAK2R1 w,0.70871454,7981
2baka3/9/9/p1p5p/6p2/2P1r4/P6RP/4B4/4A4/2BAK2R1 b,-0.6771151,4450
3aka3/9/4b4/p1p5p/6p2/2P1r4/P6RP/4B4/4A4/2BAK2R1 w,0.75418377,5524
3aka3/9/4b4/p1p4Rp/6p2/2P1r4/P7P/4B4/4A4/2BAK2R1 b,-0.71856594,2648
3aka3/9/4b4/p1p4Rp/6p2/2P6/P3r3P/4B4/4A4/2BAK2R1 w,0.7661425,3089
3aka3/9/4b4/p1R5p/6p2/2P6/P3r3P/4B4/4A4/2BAK2R1 b,-0.7562003,2466
3aka3/9/4b4/2R5p/p5p2/2P6/P3r3P/4B4/4A4/2BAK2R1 w,0.7729539,7945
3aka3/9/4b4/8R/p5p2/2P6/P3r3P/4B4/4A4/2BAK2R1 b,-0.7611495,5274
3aka3/9/4b4/8R/p5p2/2P6/r7P/4B4/4A4/2BAK2R1 w,0.73592776,7945
3aka3/9/4b4/4R4/p5p2/2P6/r7P/4B4/4A4/2BAK2R1 b,-0.7991633,4922
3aka3/9/4b4/4R4/p5p2/2P6/8r/4B4/4A4/2BAK2R1 w,0.8219124,2812
3aka3/9/4R4/9/p5p2/2P6/8r/4B4/4A4/2BAK2R1 b,-0.79881823,283
4ka3/4a4/4R4/9/p5p2/2P6/8r/4B4/4A4/2BAK2R1 w,0.8034949,8007
4ka3/4a4/R8/9/p5p2/2P6/8r/4B4/4A4/2BAK2R1 b,-0.7530056,3831
4ka3/4a4/R8/9/p5p2/2P6/9/4B4/4A4/2BAK2Rr w,0.9918298,8009
4ka3/4a4/R8/9/p5p2/2P6/9/4B4/4A4/2BAK3R b,-0.9993178,3831
3k1a3/4a4/R8/9/p5p2/2P6/9/4B4/4A4/2BAK3R w,0.99983966,8045
3k1a3/4a4/9/R8/p5p2/2P6/9/4B4/4A4/2BAK3R b,-0.99962205,1193
3k1a3/9/3a5/R8/p5p2/2P6/9/4B4/4A4/2BAK3R w,0.99973685,8027
3k1a3/9/3a5/6R2/p5p2/2P6/9/4B4/4A4/2BAK3R b,-0.99892247,3831
3k1a3/4a4/9/6R2/p5p2/2P6/9/4B4/4A4/2BAK3R w,0.99950653,8054
3k1a3/4a4/9/6R2/p1P3p2/9/9/4B4/4A4/2BAK3R b,-0.9991902,3831
4ka3/4a4/9/6R2/p1P3p2/9/9/4B4/4A4/2BAK3R w,0.9994142,8063
4ka3/4a4/9/9/p1P3R2/9/9/4B4/4A4/2BAK3R b,-0.99970937,1191
4ka3/4a4/9/9/2P3R2/p8/9/4B4/4A4/2BAK3R w,0.99976146,3820
4ka3/4a4/9/9/3P2R2/p8/9/4B4/4A4/2BAK3R b,-0.999408,4104
4ka3/4a4/9/9/3P2R2/9/p8/4B4/4A4/2BAK3R w,0.9996976,8063
4ka3/4a4/9/3P5/6R2/9/p8/4B4/4A4/2BAK3R b,-0.99975187,363
3k1a3/4a4/9/3P5/6R2/9/p8/4B4/4A4/2BAK3R w,0.99993527,8072
3k1a3/4a4/9/4P4/6R2/9/p8/4B4/4A4/2BAK3R b,-0.9998003,1193
3k1a3/4a4/9/4P4/6R2/9/1p7/4B4/4A4/2BAK3R w,0.9998852,8072
3k1a3/4a4/9/4P4/3R5/9/1p7/4B4/4A4/2BAK3R b,-0.99984556,274
4ka3/4a4/9/4P4/3R5/9/1p7/4B4/4A4/2BAK3R w,0.9998708,8063
4ka3/4a4/4P4/9/3R5/9/1p7/4B4/4A4/2BAK3R b,-0.9998155,1173
4ka3/4a4/4P4/9/3R5/9/9/1p2B4/4A4/2BAK3R w,0.9998918,8072
4ka3/4P4/9/9/3R5/9/9/1p2B4/4A4/2BAK3R b,-1,463
5a3/4k4/9/9/3R5/9/9/1p2B4/4A4/2BAK3R w,1,8063
5a3/4k4/9/9/R8/9/9/1p2B4/4A4/2BAK3R b,-1,1192
5a3/3k5/9/9/R8/9/9/1p2B4/4A4/2BAK3R w,1,8027
5a3/3k5/9/9/1R7/9/9/1p2B4/4A4/2BAK3R b,-1,463
5a3/3k5/9/9/1R7/9/9/2p1B4/4A4/2BAK3R w,1,8027
5a3/3k5/9/9/1R7/9/9/2p1B4/4A3R/2BAK4 b,-1,1083
5a3/3k5/9/9/1R7/9/9/4B4/2p1A3R/2BAK4 w,1,7217
5a3/3k4R/9/9/1R7/9/9/4B4/2p1A4/2BAK4 b,-1,463
5a3/8R/3k5/9/1R7/9/9/4B4/2p1A4/2BAK4 w,1,3349
rnbakabnr/9/1c5c1/p1p1p1p1p/9/9/P1P1P1P1P/1C5C1/9/RNBAKABNR w,0.014449762,5087
rnbakabnr/9/1c5c1/p1p1p1p1p/9/9/P1P1P1P1P/4C2C1/9/RNBAKABNR b,-0.012932254,110
r1bakabnr/9/1cn4c1/p1p1p1p1p/9/9/P1P1P1P1P/4C2C1/9/RNBAKABNR w,0.011422182,7445
r1bakabnr/9/1cn4c1/p1p1p1p1p/9/9/P1P1P1P1P/2N1C2C1/9/R1BAKABNR b,-0.012428113,3012
r1baka1nr/9/1cn1b2c1/p1p1p1p1p/9/9/P1P1P1P1P/2N1C2C1/9/R1BAKABNR w,0.028042147,7372
r1baka1nr/9/1cn1b2c1/p1p1p1p1p/9/9/P1P1P1P1P/2N1C2C1/9/1RBAKABNR b,-0.02165522,1
1rbaka1nr/9/1cn1b2c1/p1p1p1p1p/9/9/P1P1P1P1P/2N1C2C1/9/1RBAKABNR w,0.018024392,5087
1rbaka1nr/9/1cn1b2c1/p1p1p1p1p/9/9/P1P1P1P1P/2N1CC3/9/1RBAKABNR b,-0.012428113,2648
1rbaka2r/9/1cn1b1nc1/p1p1p1p1p/9/9/P1P1P1P1P/2N1CC3/9/1RBAKABNR w,0.019055555,5451
1rbaka2r/9/1cn1b1nc1/p1p1p1p1p/9/9/P1P1P1P1P/2N1CCN2/9/1RBAKAB1R b,-0.017510546,1765
1rbaka2r/9/1cn1b1nc1/p1p1p3p/6p2/9/P1P1P1P1P/2N1CCN2/9/1RBAKAB1R w,0.019572936,8098
1rbaka2r/9/1cn1b1nc1/p1p1p3p/6p2/9/P1P1P1P1P/2N1CCN2/9/1RBAKABR1 b,-0.014449762,727
1rbaka1r1/9/1cn1b1nc1/p1p1p3p/6p2/9/P1P1P1P1P/2N1CCN2/9/1RBAKABR1 w,0.016997816,7408
1rbaka1r1/9/1cn1b1nc1/p1p1p3p/6p2/2P6/P3P1P1P/2N1CCN2/9/1RBAKABR1 b,-0.008420906,1765
1rbaka1r1/9/2n1b1nc1/p1p1p3p/6p2/2P6/Pc2P1P1P/2N1CCN2/9/1RBAKABR1 w,0.012932254,7954
1rbaka1r1/9/2n1b1nc1/p1p1p3p/6p2/2PN5/Pc2P1P1P/4CCN2/9/1RBAKABR1 b,0.0014816026,2311
1rbaka1r1/9/2n1b1n2/p1p1p3p/6p2/2PN5/Pc2P1PcP/4CCN2/9/1RBAKABR1 w,-0.011924766,7816
1rbaka1r1/9/2n1bCn2/p1p1p3p/6p2/2PN5/Pc2P1PcP/4C1N2/9/1RBAKABR1 b,0.02535331,5548
1rbakabr1/9/2n2Cn2/p1p1p3p/6p2/2PN5/Pc2P1PcP/4C1N2/9/1RBAKABR1 w,0.04585602,6061
1rbakabr1/9/2n2Cn2/p1p1N3p/6p2/2P6/Pc2P1PcP/4C1N2/9/1RBAKABR1 b,-0.025618432,1831
1rbakabr1/9/5Cn2/p1p1n3p/6p2/2P6/Pc2P1PcP/4C1N2/9/1RBAKABR1 w,0.007799667,6061
1rbakabr1/9/5Cn2/p1p1C3p/6p2/2P6/Pc2P1PcP/6N2/9/1RBAKABR1 b,-0.014534511,109
2bakabr1/9/1r3Cn2/p1p1C3p/6p2/2P6/Pc2P1PcP/6N2/9/1RBAKABR1 w,-0.00084206735,2839
2bakabr1/9/1r3Cn2/p1p5p/6p2/2P1C4/Pc2P1PcP/6N2/9/1RBAKABR1 b,-0.019456778,1733
2bakabr1/9/5rn2/p1p5p/6p2/2P1C4/Pc2P1PcP/6N2/9/1RBAKABR1 w,0,7435
2bakabr1/9/5rn2/p1p5p/6p2/2P1C4/PR2P1PcP/6N2/9/2BAKABR1 b,0.0010268611,3831
2bakabr1/9/6n2/p1p5p/6p2/2P1C4/PR2PrPcP/6N2/9/2BAKABR1 w,0.39088708,4969
2bakabr1/9/6n2/p1p5p/1R4p2/2P1C4/P3PrPcP/6N2/9/2BAKABR1 b,-0.1593855,3831
2bakabr1/9/9/p1p5p/1R3np2/2P1C4/P3PrPcP/6N2/9/2BAKABR1 w,0.6604994,3370
2bakabr1/9/9/p1p5p/1R3np2/2P1C4/P3PrPcP/6N2/4A4/2BAK1BR1 b,-0.15526117,2648
2bakabr1/9/9/p1p5p/1R4p2/2P1C4/P3nrPcP/6N2/4A4/2BAK1BR1 w,0.54247665,3370
2bakabr1/9/9/p1p5p/1R4p2/2P1C4/P3nrPcP/4B1N2/4A4/2BAK2R1 b,-0.003012657,5360
2bakabr1/9/9/p1p5p/1R4p2/2P1C4/P3n1rcP/4B1N2/4A4/2BAK2R1 w,0.28532687,3370
2bakabr1/9/9/p1p5p/1R4p2/2P1C4/P3n1rcP/4B4/4A3N/2BAK2R1 b,-0.086560264,2648
2bakabr1/9/9/p1p5p/1R4p2/2P1C4/P3n1r1P/4B4/4A2cN/2BAK2R1 w,0.7758856,3370
2bakabr1/9/9/p1p5p/4R1p2/2P1C4/P3n1r1P/4B4/4A2cN/2BAK2R1 b,-0.77229214,562
2baka1r1/9/4b4/p1p5p/4R1p2/2P1C4/P3n1r1P/4B4/4A2cN/2BAK2R1 w,0.7157196,3622
2baka1r1/9/4R4/p1p5p/6p2/2P1C4/P3n1r1P/4B4/4A2cN/2BAK2R1 b,-0.788699,283
2b1ka1r1/4a4/4R4/p1p5p/6p2/2P1C4/P3n1r1P/4B4/4A2cN/2BAK2R1 w,0.74395484,2005
2b1ka1r1/4a4/7R1/p1p5p/6p2/2P1C4/P3n1r1P/4B4/4A2cN/2BAK2R1 b,-0.7518257,363
2bk1a1r1/4a4/7R1/p1p5p/6p2/2P1C4/P3n1r1P/4B4/4A2cN/2BAK2R1 w,0.7762677,2257
2bk1a1R1/4a4/9/p1p5p/6p2/2P1C4/P3n1r1P/4B4/4A2cN/2BAK2R1 b,-0.68769336,5289
2bk1a1R1/4a4/9/p1p5p/6p2/2P1C4/P3n1r1P/4B4/4Ac2N/2BAK2R1 w,0.9069068,7936
2bk1a3/4a4/9/p1p4Rp/6p2/2P1C4/P3n1r1P/4B4/4Ac2N/2BAK2R1 b,-0.82000715,5267
2bk1a3/4a4/9/p1p4Rp/9/2P1C1p2/P3n1r1P/4B4/4Ac2N/2BAK2R1 w,0.9625199,3090
2bk1a3/4a4/9/p1pR4p/9/2P1C1p2/P3n1r1P/4B4/4Ac2N/2BAK2R1 b,-0.9596369,1191
2bk1a3/9/3a5/p1pR4p/9/2P1C1p2/P3n1r1P/4B4/4Ac2N/2BAK2R1 w,0.9405368,2721
2bk1a3/9/3R5/p1p5p/9/2P1C1p2/P3n1r1P/4B4/4Ac2N/2BAK2R1 b,-0.97426146,274
2b1ka3/9/3R5/p1p5p/9/2P1C1p2/P3n1r1P/4B4/4Ac2N/2BAK2R1 w,0.95994383,7963
2b1ka3/9/3R5/p1p5p/9/2P1C1p2/P3n1rRP/4B4/4Ac2N/2BAK4 b,-0.85606515,5461
2b1ka3/9/3R5/p1p5p/9/2P1C1p2/P3n1rRP/4B4/4A1c1N/2BAK4 w,0.97426146,5533
2b1ka3/9/3R5/p1p5p/9/2P1C1p2/P3n1R1P/4B4/4A1c1N/2BAK4 b,-0.75830203,4650
2b1ka3/9/3R5/p1p5p/9/2P1C4/P3n1p1P/4B4/4A1c1N/2BAK4 w,0.78481066,1909
2b1ka3/9/9/p1pR4p/9/2P1C4/P3n1p1P/4B4/4A1c1N/2BAK4 b,-0.80461043,7097
2b1ka3/9/9/2pR4p/p8/2P1C4/P3n1p1P/4B4/4A1c1N/2BAK4 w,0.8400016,2729
2b1ka3/9/9/2R5p/p8/2P1C4/P3n1p1P/4B4/4A1c1N/2BAK4 b,-0.79695565,373
2b1ka3/9/9/2R5p/p8/2P1C4/P5p1P/2n1B4/4A1c1N/2BAK4 w,0.8161776,7269
2R1ka3/9/9/8p/p8/2P1C4/P5p1P/2n1B4/4A1c1N/2BAK4 b,-0.8347748,373
2R2a3/4k4/9/8p/p8/2P1C4/P5p1P/2n1B4/4A1c1N/2BAK4 w,0.828727,7269
5a3/2R1k4/9/8p/p8/2P1C4/P5p1P/2n1B4/4A1c1N/2BAK4 b,-0.79584575,1192
4ka3/2R6/9/8p/p8/2P1C4/P5p1P/2n1B4/4A1c1N/2BAK4 w,0.8572622,7269
4ka3/9/2R6/8p/p8/2P1C4/P5p1P/2n1B4/4A1c1N/2BAK4 b,-0.80048734,373
4ka3/9/2R6/8p/p8/2P1C4/n5p1P/4B4/4A1c1N/2BAK4 w,0.8863659,7736
4ka3/9/4R4/8p/p8/2P1C4/n5p1P/4B4/4A1c1N/2BAK4 b,-0.83994526,463
3k1a3/9/4R4/8p/p8/2P1C4/n5p1P/4B4/4A1c1N/2BAK4 w,0.8656838,4468
3k1a3/9/3R5/8p/p8/2P1C4/n5p1P/4B4/4A1c1N/2BAK4 b,-0.837962,274
4ka3/9/3R5/8p/p8/2P1C4/n5p1P/4B4/4A1c1N/2BAK4 w,0.8723655,4268
4ka3/9/3RC4/8p/p8/2P6/n5p1P/4B4/4A1c1N/2BAK4 b,-0.7098232,4925
4ka3/9/3RC4/8p/p8/2n6/6p1P/4B4/4A1c1N/2BAK4 w,0.7697201,1910
4ka3/9/3RC4/8p/p8/2B6/6p1P/9/4A1c1N/2BAK4 b,-0.8029909,373
4ka3/9/3RC4/8p/p8/2B6/6p1P/9/4A2cN/2BAK4 w,0.8747932,1902
4ka3/9/4C4/8p/p2R5/2B6/6p1P/9/4A2cN/2BAK4 b,-0.85515344,7126
4ka3/9/4C4/8p/3R5/p1B6/6p1P/9/4A2cN/2BAK4 w,0.8871456,3550
4ka3/9/4C4/8p/9/p1B6/3R2p1P/9/4A2cN/2BAK4 b,-0.81343096,7187
4ka3/9/4C4/8p/9/p1B6/3R4P/6p2/4A2cN/2BAK4 w,0.91279227,6908
4ka3/9/4C4/8p/9/p1B6/3R3NP/6p2/4A2c1/2BAK4 b,-0.84218246,7188
4ka3/9/4C4/8p/9/p1B6/3R3NP/6p2/4A4/2BAK2c1 w,0.9578284,6906
4ka3/9/9/8p/9/p1B1C4/3R3NP/6p2/4A4/2BAK2c1 b,-0.93305045,8007
4ka3/9/9/8p/9/p1B1C4/3R3NP/6p2/4A4/2BAK3c w,0.9635434,5151
4ka3/9/9/8p/6N2/p1B1C4/3R4P/6p2/4A4/2BAK3c b,-1,8096
4ka3/9/9/8p/6N2/p1B1C4/3R4P/6p2/4A3c/2BAK4 w,1,3803
4ka3/9/9/8p/6N2/p1B1C4/5R2P/6p2/4A3c/2BAK4 b,-1,7277
4ka3/9/9/8p/6N2/p1B1C4/5R2P/6p2/4A4/2BAK3c w,1,3803
4ka3/9/9/4N3p/9/p1B1C4/5R2P/6p2/4A4/2BAK3c b,-1,463
4k4/4a4/9/4N3p/9/p1B1C4/5R2P/6p2/4A4/2BAK3c w,1,2814
4k4/4a4/9/4N3p/9/p1B1C4/7RP/6p2/4A4/2BAK3c b,-1,8096
4k4/4a4/9/4N3p/9/p1B1C4/7RP/9/4A1p2/2BAK3c w,1,5497
rnbakabnr/9/1c5c1/p1p1p1p1p/9/9/P1P1P1P1P/1C5C1/9/RNBAKABNR w,0.014449762,5087
rnbakabnr/9/1c5c1/p1p1p1p1p/9/9/P1P1P1P1P/4C2C1/9/RNBAKABNR b,-0.012932254,110
r1bakabnr/9/1cn4c1/p1p1p1p1p/9/9/P1P1P1P1P/4C2C1/9/RNBAKABNR w,0.011422182,7445
r1bakabnr/9/1cn4c1/p1p1p1p1p/9/9/P1P1P1P1P/2N1C2C1/9/R1BAKABNR b,-0.012428113,3012
r1baka1nr/9/1cn1b2c1/p1p1p1p1p/9/9/P1P1P1P1P/2N1C2C1/9/R1BAKABNR w,0.028042147,7372
r1baka1nr/9/1cn1b2c1/p1p1p1p1p/9/9/P1P1P1P1P/2N1C2C1/9/1RBAKABNR b,-0.02165522,1
1rbaka1nr/9/1cn1b2c1/p1p1p1p1p/9/9/P1P1P1P1P/2N1C2C1/9/1RBAKABNR w,0.018024392,5087
1rbaka1nr/9/1cn1b2c1/p1p1p1p1p/9/9/P1P1P1P1P/2N1CC3/9/1RBAKABNR b,-0.012428113,2648
1rbaka2r/9/1cn1b1nc1/p1p1p1p1p/9/9/P1P1P1P1P/2N1CC3/9/1RBAKABNR w,0.019055555,5451
1rbaka2r/9/1cn1b1nc1/p1p1p1p1p/9/9/P1P1P1P1P/2N1CCN2/9/1RBAKAB1R b,-0.017510546,1765
1rbaka2r/9/1cn1b1nc1/p1p1p3p/6p2/9/P1P1P1P1P/2N1CCN2/9/1RBAKAB1R w,0.019572936,8098
1rbaka2r/9/1cn1b1nc1/p1p1p3p/6p2/9/P1P1P1P1P/2N1CCN2/9/1RBAKABR1 b,-0.014449762,727
1rbaka1r1/9/1cn1b1nc1/p1p1p3p/6p2/9/P1P1P1P1P/2N1CCN2/9/1RBAKABR1 w,0.016997816,7408
1rbaka1r1/9/1cn1b1nc1/p1p1p3p/6p2/2P6/P3P1P1P/2N1CCN2/9/1RBAKABR1 b,-0.008420906,1765
1rbaka1r1/9/2n1b1nc1/p1p1p3p/6p2/2P6/Pc2P1P1P/2N1CCN2/9/1RBAKABR1 w,0.012932254,7954
1rbaka1r1/9/2n1b1nc1/p1p1p3p/6p2/2PN5/Pc2P1P1P/4CCN2/9/1RBAKABR1 b,0.0014816026,2311
1rbaka1r1/9/2n1b1n2/p1p1p3p/6p2/2PN5/Pc2P1PcP/4CCN2/9/1RBAKABR1 w,-0.011924766,7816
1rbaka1r1/9/2n1bCn2/p1p1p3p/6p2/2PN5/Pc2P1PcP/4C1N2/9/1RBAKABR1 b,0.02535331,5548
1rbakabr1/9/2n2Cn2/p1p1p3p/6p2/2PN5/Pc2P1PcP/4C1N2/9/1RBAKABR1 w,0.04585602,6061
1rbakabr1/9/2n2Cn2/p1p1N3p/6p2/2P6/Pc2P1PcP/4C1N2/9/1RBAKABR1 b,-0.025618432,1831
1rbakabr1/9/5Cn2/p1p1n3p/6p2/2P6/Pc2P1PcP/4C1N2/9/1RBAKABR1 w,0.007799667,6061
1rbakabr1/9/5Cn2/p1p1C3p/6p2/2P6/Pc2P1PcP/6N2/9/1RBAKABR1 b,-0.014534511,109
2bakabr1/9/1r3Cn2/p1p1C3p/6p2/2P6/Pc2P1PcP/6N2/9/1RBAKABR1 w,-0.00084206735,2839
2bakabr1/9/1r3Cn2/p1p5p/6p2/2P1C4/Pc2P1PcP/6N2/9/1RBAKABR1 b,-0.019456778,1733
2bakabr1/9/5rn2/p1p5p/6p2/2P1C4/Pc2P1PcP/6N2/9/1RBAKABR1 w,0,7435
2bakabr1/9/5rn2/p1p5p/6p2/2P1C4/PR2P1PcP/6N2/9/2BAKABR1 b,0.0010268611,3831
2bakabr1/9/5r3/p1p5p/5np2/2P1C4/PR2P1PcP/6N2/9/2BAKABR1 w,0.00619123,4987
2bakabr1/9/5r3/p1p5p/1R3np2/2P1C4/P3P1PcP/6N2/9/2BAKABR1 b,-0.004460755,3750
2bakabr1/9/5r3/p1p5p/1R4p2/2P1C4/P3P1ncP/6N2/9/2BAKABR1 w,0.0050324383,3372
2bakabr1/9/5r3/p1p5p/6R2/2P1C4/P3P1ncP/6N2/9/2BAKABR1 b,-0.00657011,5449
2bakabr1/9/5r3/p1p5p/6R2/2P1n4/P3P2cP/6N2/9/2BAKABR1 w,0.004916287,5269
2bakabr1/9/5r3/p1p5p/6R2/2P1P4/P6cP/6N2/9/2BAKABR1 b,-0.0045435224,2129
2bakabr1/9/5r3/p1p5p/6R2/2P1P4/P7P/6Nc1/9/2BAKABR1 w,0.008180164,3831
2bakabr1/9/5r3/p1p5p/6R2/2P1P4/P7P/6Nc1/7R1/2BAKAB2 b,-0.0040337103,2129
2bakabr1/9/9/p1p5p/6R2/2P1P4/P7P/5rNc1/7R1/2BAKAB2 w,0.012272201,3831
2bakabr1/9/9/p1p3R1p/9/2P1P4/P7P/5rNc1/7R1/2BAKAB2 b,-0.007651792,6179
2bakab2/9/9/p1p3R1p/9/2P1P4/P6rP/5rNc1/7R1/2BAKAB2 w,0.049776442,2976
2bakaR2/9/9/p1p5p/9/2P1P4/P6rP/5rNc1/7R1/2BAKAB2 b,-0.05478155,2648
2bakaR2/9/9/p7p/2p6/2P1P4/P6rP/5rNc1/7R1/2BAKAB2 w,0.06457544,4268
2bakaR2/9/9/p7p/2P6/4P4/P6rP/5rNc1/7R1/2BAKAB2 b,-0.04774192,202
2bakaR2/9/9/p7p/2P6/4P4/P3r3P/5rNc1/7R1/2BAKAB2 w,0.49379086,7816
2bakaR2/9/9/p7p/2P6/4P4/P3r3P/5rNc1/4A2R1/2BAK1B2 b,-0.53805596,5269
2bakaR2/9/9/p7p/2P6/4P4/P3r3P/5rN1c/4A2R1/2BAK1B2 w,0.64216363,7897
2baka3/9/9/p7p/2P6/4P1R2/P3r3P/5rN1c/4A2R1/2BAK1B2 b,-0.6189333,198
2b1ka3/4a4/9/p7p/2P6/4P1R2/P3r3P/5rN1c/4A2R1/2BAK1B2 w,0.64216363,7190
2b1ka3/4a4/9/p7p/2P6/4P1R2/P3r3P/4BrN1c/4A2R1/2BAK4 b,-0.6215438,5269
2b1ka3/4a4/9/p7p/2P6/4P1R2/P3r3P/4r1N1c/4A2R1/2BAK4 w,0.5956973,6268
2b1ka3/4a4/9/p7p/2P6/4P1R2/P3r3P/4B1N1c/4A2R1/3AK4 b,-0.62259954,6457
2b1ka3/4a4/9/p7p/2P6/4P1R2/P3r3P/4c1N2/4A2R1/3AK4 w,0.57272154,6906
2b1ka3/4a4/9/p7p/2P6/4P1R2/P3r3P/3Ac1N2/7R1/3AK4 b,-0.6302293,6079
2b1ka3/4a4/9/p7p/2P6/4c1R2/P3r3P/3A2N2/7R1/3AK4 w,0.5270879,7736
2b1ka3/4a4/9/p7p/2P6/4c1R2/P3r3P/3A2N2/4R4/3AK4 b,-0.6703456,4486
2b1ka3/4a4/9/p7p/2P6/4c1R2/P7P/3Ar1N2/4R4/3AK4 w,0.74904805,4639
2b1ka3/4a4/9/p7p/2P6/4R4/P7P/3Ar1N2/4R4/3AK4 b,-0.7786447,6099
2b1ka3/4a4/9/p7p/2P6/4R4/P7P/3A2r2/4R4/3AK4 w,0.83765846,6919
2b1ka3/4a4/9/p7p/2P6/4R4/P7P/3AR1r2/9/3AK4 b,-0.7697201,6297
2b1ka3/4a4/9/p7p/2P6/4R4/P7P/3AR4/9/3AK1r2 w,0.804763,7726
2b1ka3/4a4/9/p7p/2P6/4R4/P7P/3AR4/4K4/3A2r2 b,-0.7775847,2466
2b1ka3/4a4/9/p7p/2P6/4R4/P7P/3AR4/4K1r2/3A5 w,0.8272198,6925
2b1ka3/4a4/9/p7p/2P6/4R4/P7P/3AR4/6r2/3AK4 b,-0.8207056,7107
2b1ka3/4a4/9/p7p/2P6/4R4/P5r1P/3AR4/9/3AK4 w,0.8475827,6098
2b1ka3/4a4/9/p7p/2P6/9/P3R1r1P/3AR4/9/3AK4 b,-0.814001,5487
2b1ka3/4a4/9/p7p/2P6/9/P3R3P/3AR4/9/3AK1r2 w,0.814001,7726
2b1ka3/4a4/9/p7p/2P6/9/P3R3P/3AR4/4K4/3A2r2 b,-0.8207056,7854
2b1ka3/4a4/9/p7p/2P6/9/P3R3P/3AR4/4K1r2/3A5 w,0.8250694,6925
2b1ka3/4a4/9/p7p/2P6/9/P3R3P/3AR4/6r2/3AK4 b,-0.7877695,7062
2b1ka3/4a4/9/p5r1p/2P6/9/P3R3P/3AR4/9/3AK4 w,0.8570038,6016
2b1ka3/4a4/9/p3R1r1p/2P6/9/P7P/3AR4/9/3AK4 b,-0.8094248,3057
2b1ka3/4a4/9/p3R3p/2P6/9/P7P/3AR4/9/3AK1r2 w,0.79273254,7726
2b1ka3/4a4/9/p3R3p/2P6/9/P7P/3AR4/4K4/3A2r2 b,-0.8000154,7872
2b1ka3/4a4/9/p3R3p/2P6/9/P7P/3AR4/4K4/3r5 w,0.9429002,2819
2b1ka3/4a4/9/p1R5p/2P6/9/P7P/3AR4/4K4/3r5 b,-0.9704552,198
4ka3/4a4/b8/p1R5p/2P6/9/P7P/3AR4/4K4/3r5 w,0.9461744,2638
4ka3/4a4/b8/pR6p/2P6/9/P7P/3AR4/4K4/3r5 b,-0.9453728,363
4ka3/4a4/b8/pR6p/2P6/9/P7P/3AR4/3rK4/9 w,0.9986231,6915
4ka3/4a4/b8/pR6p/2P6/9/P7P/3AR4/3K5/9 b,-0.99998873,1622
2b1ka3/4a4/9/pR6p/2P6/9/P7P/3AR4/3K5/9 w,1,6016
2b1ka3/4a4/9/p1R5p/2P6/9/P7P/3AR4/3K5/9 b,-0.99999285,198
4ka3/4a4/4b4/p1R5p/2P6/9/P7P/3AR4/3K5/9 w,0.99999994,6052
4ka3/4a4/4R4/p1R5p/2P6/9/P7P/3A5/3K5/9 b,-1,363
3k1a3/4a4/4R4/p1R5p/2P6/9/P7P/3A5/3K5/9 w,1,2637
3k1a3/4a4/9/p1R5p/2P1R4/9/P7P/3A5/3K5/9 b,-0.99999994,1191
3k1a3/9/3a5/p1R5p/2P1R4/9/P7P/3A5/3K5/9 w,0.99999994,3457
3k1a3/9/3a5/p2R4p/2P1R4/9/P7P/3A5/3K5/9 b,-0.99999994,282
3k5/4a4/3a5/p2R4p/2P1R4/9/P7P/3A5/3K5/9 w,1,2727
3k5/4a4/3a5/R7p/2P1R4/9/P7P/3A5/3K5/9 b,-1,282
3k1a3/9/3a5/R7p/2P1R4/9/P7P/3A5/3K5/9 w,1,3639
3k1a3/9/R2a5/8p/2P1R4/9/P7P/3A5/3K5/9 b,-1,463
5a3/3k5/R2a5/8p/2P1R4/9/P7P/3A5/3K5/9 w,1,6826
5a3/R2k5/3a5/8p/2P1R4/9/P7P/3A5/3K5/9 b,-1,1083
3k1a3/R8/3a5/8p/2P1R4/9/P7P/3A5/3K5/9 w,1,820
3k1a3/5R3/3a5/8p/2P1R4/9/P7P/3A5/3K5/9 b,-1,1903
3k1a3/4aR3/9/8p/2P1R4/9/P7P/3A5/3K5/9 w,1,6826
3k1a3/4aR3/9/8p/2PR5/9/P7P/3A5/3K5/9 b,-1,1191
3k1a3/5R3/3a5/8p/2PR5/9/P7P/3A5/3K5/9 w,1,3531
3k1a3/5R3/3a5/8p/2P6/9/P2R4P/3A5/3K5/9 b,-1,3194
3k5/4aR3/3a5/8p/2P6/9/P2R4P/3A5/3K5/9 w,1,1273
3k5/4R4/3a5/8p/2P6/9/P2R4P/3A5/3K5/9 b,-1,3194
3k5/4R4/3a5/9/2P5p/9/P2R4P/3A5/3K5/9 w,1,5151
rnbakabnr/9/1c5c1/p1p1p1p1p/9/9/P1P1P1P1P/1C5C1/9/RNBAKABNR w,0.014449762,5087
rnbakabnr/9/1c5c1/p1p1p1p1p/9/9/P1P1P1P1P/4C2C1/9/RNBAKABNR b,-0.012932254,110
r1bakabnr/9/1cn4c1/p1p1p1p1p/9/9/P1P1P1P1P/4C2C1/9/RNBAKABNR w,0.011422182,7445
r1bakabnr/9/1cn4c1/p1p1p1p1p/9/9/P1P1P1P1P/2N1C2C1/9/R1BAKABNR b,-0.012428113,3012
r1baka1nr/9/1cn1b2c1/p1p1p1p1p/9/9/P1P1P1P1P/2N1C2C1/9/R1BAKABNR w,0.028042147,7372
r1baka1nr/9/1cn1b2c1/p1p1p1p1p/9/9/P1P1P1P1P/2N1C2C1/9/1RBAKABNR b,-0.02165522,1
1rbaka1nr/9/1cn1b2c1/p1p1p1p1p/9/9/P1P1P1P1P/2N1C2C1/9/1RBAKABNR w,0.018024392,5087
1rbaka1nr/9/1cn1b2c1/p1p1p1p1p/9/9/P1P1P1P1P/2N1CC3/9/1RBAKABNR b,-0.012428113,2648
1rbaka2r/9/1cn1b1nc1/p1p1p1p1p/9/9/P1P1P1P1P/2N1CC3/9/1RBAKABNR w,0.019055555,5451
1rbaka2r/9/1cn1b1nc1/p1p1p1p1p/9/9/P1P1P1P1P/2N1CCN2/9/1RBAKAB1R b,-0.017510546,1765
1rbaka2r/9/1cn1b1nc1/p1p1p3p/6p2/9/P1P1P1P1P/2N1CCN2/9/1RBAKAB1R w,0.019572936,8098
1rbaka2r/9/1cn1b1nc1/p1p1p3p/6p2/9/P1P1P1P1P/2N1CCN2/9/1RBAKABR1 b,-0.014449762,727
1rbaka1r1/9/1cn1b1nc1/p1p1p3p/6p2/9/P1P1P1P1P/2N1CCN2/9/1RBAKABR1 w,0.016997816,7408
1rbaka1r1/9/1cn1b1nc1/p1p1p3p/6p2/2P6/P3P1P1P/2N1CCN2/9/1RBAKABR1 b,-0.008420906,1765
1rbaka1r1/9/2n1b1nc1/p1p1p3p/6p2/2P6/Pc2P1P1P/2N1CCN2/9/1RBAKABR1 w,0.012932254,7954
1rbaka1r1/9/2n1b1nc1/p1p1p3p/6p2/2PN5/Pc2P1P1P/4CCN2/9/1RBAKABR1 b,0.0014816026,2311
1rbaka1r1/9/2n1b1n2/p1p1p3p/6p2/2PN5/Pc2P1PcP/4CCN2/9/1RBAKABR1 w,-0.011924766,7816
1rbaka1r1/9/2n1bCn2/p1p1p3p/6p2/2PN5/Pc2P1PcP/4C1N2/9/1RBAKABR1 b,0.02535331,5548
1rbakabr1/9/2n2Cn2/p1p1p3p/6p2/2PN5/Pc2P1PcP/4C1N2/9/1RBAKABR1 w,0.04585602,6061
1rbakabr1/9/2n2Cn2/p1p1N3p/6p2/2P6/Pc2P1PcP/4C1N2/9/1RBAKABR1 b,-0.025618432,1831
1rbakabr1/9/5Cn2/p1p1n3p/6p2/2P6/Pc2P1PcP/4C1N2/9/1RBAKABR1 w,0.007799667,6061
1rbakabr1/9/5Cn2/p1p1C3p/6p2/2P6/Pc2P1PcP/6N2/9/1RBAKABR1 b,-0.014534511,109
2bakabr1/9/1r3Cn2/p1p1C3p/6p2/2P6/Pc2P1PcP/6N2/9/1RBAKABR1 w,-0.00084206735,2839
2bakabr1/9/1r3Cn2/p1p5p/6p2/2P1C4/Pc2P1PcP/6N2/9/1RBAKABR1 b,-0.019456778,1733
2bakabr1/9/5rn2/p1p5p/6p2/2P1C4/Pc2P1PcP/6N2/9/1RBAKABR1 w,0,7435
2bakabr1/9/5rn2/p1p5p/6p2/2P1C4/PR2P1PcP/6N2/9/2BAKABR1 b,0.0010268611,3831
2bakabr1/9/5r3/p1p5p/5np2/2P1C4/PR2P1PcP/6N2/9/2BAKABR1 w,0.00619123,4987
2bakabr1/9/5r3/p1p5p/1R3np2/2P1C4/P3P1PcP/6N2/9/2BAKABR1 b,-0.004460755,3750
2bakabr1/9/5r3/p1p5p/1R4p2/2P1C4/P3P1ncP/6N2/9/2BAKABR1 w,0.0050324383,3372
2bakabr1/9/5r3/p1p5p/6R2/2P1C4/P3P1ncP/6N2/9/2BAKABR1 b,-0.00657011,5449
2bakabr1/9/5r3/p1p5p/6R2/2P1n4/P3P2cP/6N2/9/2BAKABR1 w,0.004916287,5269
2bakabr1/9/5r3/p1p5p/6R2/2P1P4/P6cP/6N2/9/2BAKABR1 b,-0.0045435224,2129
2bakabr1/9/9/p1p5p/6R2/2P1P4/P4r1cP/6N2/9/2BAKABR1 w,0.0045435224,4905
2bakabr1/9/9/p1p3R1p/9/2P1P4/P4r1cP/6N2/9/2BAKABR1 b,-0.0030191396,5364
2bakabr1/9/9/p1p3R1p/9/2P1P4/P6cP/5rN2/9/2BAKABR1 w,0.010058965,4450
2bakabr1/9/9/p1p3R1p/9/2P1P4/P6cP/5rN2/7R1/2BAKAB2 b,-0.004288383,562
2bakab2/7r1/9/p1p3R1p/9/2P1P4/P6cP/5rN2/7R1/2BAKAB2 w,0.041837182,2976
2bakaR2/7r1/9/p1p5p/9/2P1P4/P6cP/5rN2/7R1/2BAKAB2 b,-0.028662302,6179
2bakaR2/7r1/9/p1p5p/9/2P1P4/P4r1cP/6N2/7R1/2BAKAB2 w,0.033451602,7897
2baka3/7r1/9/p1p5p/6R2/2P1P4/P4r1cP/6N2/7R1/2BAKAB2 b,-0.0084790895,5364
2baka3/5r3/9/p1p5p/6R2/2P1P4/P4r1cP/6N2/7R1/2BAKAB2 w,0.04017425,4905
2baka3/5r3/9/p1p5p/6R2/2P1P4/P4r1cP/6N2/4R4/2BAKAB2 b,-0.0046319333,5550
2baka3/5r3/9/p1p5p/6R2/2P1P4/c4r2P/6N2/4R4/2BAKAB2 w,0.010429228,4450
2baka3/5r3/9/p1p5p/4P1R2/2P6/c4r2P/6N2/4R4/2BAKAB2 b,-0.0075137513,5367
2baka3/5r3/9/p1p5p/4P1R2/2P6/c7P/5rN2/4R4/2BAKAB2 w,0.027883058,6889
2baka3/5r3/9/p1p1P3p/6R2/2P6/c7P/5rN2/4R4/2BAKAB2 b,-0.02606801,283
2baka3/9/9/p1p1P3p/6R2/2P6/c4r2P/5rN2/4R4/2BAKAB2 w,0.008469435,6907
2baka3/9/9/p1p1P3p/6R2/2P6/c4r2P/4RrN2/9/2BAKAB2 b,-0.00775131,6187
2baka3/9/9/p1p1P3p/6R2/2P6/c4r2P/4r1N2/9/2BAKAB2 w,0.0071266936,7537
2baka3/9/9/p1p1P3p/6R2/2P6/c4r2P/4B1N2/9/2BAKA3 b,-0.00449458,4922
2baka3/9/9/p1p1P3p/6R2/2P6/5r2P/4B1N2/9/c1BAKA3 w,0.014388297,3820
2baka3/9/9/p1p1P3p/4R4/2P6/5r2P/4B1N2/9/c1BAKA3 b,-0.011080228,463
2baka3/9/9/p1p1P3p/4R4/2P6/8P/4BrN2/9/c1BAKA3 w,0.026680952,6262
2baka3/9/9/p1p1P3p/4R4/2P4N1/8P/4Br3/9/c1BAKA3 b,-0.030498356,463
2baka3/9/9/p1p1P3p/4R4/2P2r1N1/8P/4B4/9/c1BAKA3 w,0.076678306,4715
2baka3/9/9/p1p1P1N1p/4R4/2P2r3/8P/4B4/9/c1BAKA3 b,-0.042874057,4559
2baka3/9/9/p1p1P1N1p/4R4/2P6/5r2P/4B4/9/c1BAKA3 w,0.046919905,2820
2baka3/9/9/p1p1P1N1p/4R4/2P6/5r2P/9/9/c1BAKAB2 b,-0.012177945,5367
2baka3/9/9/p1p1P1N1p/4R4/2P6/8r/9/9/c1BAKAB2 w,0.021759542,2822
2baka3/9/9/p1p1P1N1p/9/2P6/8r/9/4R4/c1BAKAB2 b,0.00067537173,5637
2baka3/9/9/p1p1P1N1p/9/2P6/3r5/9/4R4/c1BAKAB2 w,-0.00019270577,2820
2baka3/9/9/p1p1P1N1p/9/2P6/3r5/4R4/9/c1BAKAB2 b,0.00276077,5214
2baka3/9/9/p1p1P1N1p/9/2P6/9/4R4/9/c1BrKAB2 w,-0.0016458839,7726
2baka3/9/9/p1p1P1N1p/9/2P6/9/4R4/4K4/c1Br1AB2 b,0.0011193245,7645
2baka3/9/9/p1p1P1N1p/9/2P6/9/4R4/4K4/c1B1rAB2 w,-0.0019131603,6915
2baka3/9/9/p1p1P1N1p/9/2P6/9/4R4/3K5/c1B1rAB2 b,0.0023661188,7734
2baka3/9/9/p1p1P1N1p/9/2P6/9/4R4/3K5/c1B2rB2 w,-0.0014457218,7533
2baka3/9/9/p1p1P1N1p/9/2P6/9/B3R4/3K5/c4rB2 b,0.00090639,7377
2baka3/9/9/p1p1P1N1p/9/2P6/9/B3R4/3K5/c5r2 w,0.0011545093,3010
2baka3/9/9/p1p1P3p/4N4/2P6/9/B3R4/3K5/c5r2 b,-0.0007231228,7908
2baka3/9/9/p1p1P3p/4N4/2P6/9/B3R4/3K2r2/c8 w,0.002476347,6834
2baka3/9/9/p1p1P3p/4N4/2P6/9/B3R4/6r2/c2K5 b,-0.0018607373,7107
2bak4/4a4/9/p1p1P3p/4N4/2P6/9/B3R4/6r2/c2K5 w,0.0023359593,2820
2bak4/4a4/9/p1p1P3p/4N4/2P6/9/B6R1/6r2/c2K5 b,0.004289233,7107
2bak4/4a4/9/p1p1P3p/4N4/2P6/9/B6R1/1r7/c2K5 w,0.17910887,2822
2bak4/4a4/9/p1p2P2p/4N4/2P6/9/B6R1/1r7/c2K5 b,-0.36373696,6652
2bak4/4a4/9/p1p2P2p/4N4/2P6/9/B6R1/cr7/3K5 w,1,6307
2bak2R1/4a4/9/p1p2P2p/4N4/2P6/9/B8/cr7/3K5 b,-1,1175
2baka1R1/9/9/p1p2P2p/4N4/2P6/9/B8/cr7/3K5 w,1,3621
2baka1R1/9/3N5/p1p2P2p/9/2P6/9/B8/cr7/3K5 b,-1,373
2ba1a1R1/4k4/3N5/p1p2P2p/9/2P6/9/B8/cr7/3K5 w,1,646
2ba1a3/4k2R1/3N5/p1p2P2p/9/2P6/9/B8/cr7/3K5 b,-1,1192
2ba1a3/7R1/3Nk4/p1p2P2p/9/2P6/9/B8/cr7/3K5 w,1,2911
2ba1a3/7R1/3Nk4/p1p1P3p/9/2P6/9/B8/cr7/3K5 b,-1,2003
2ba1a3/7R1/3N1k3/p1p1P3p/9/2P6/9/B8/cr7/3K5 w,1,1465
rnbakabnr/9/1c5c1/p1p1p1p1p/9/9/P1P1P1P1P/1C5C1/9/RNBAKABNR w,0.014449762,5087
rnbakabnr/9/1c5c1/p1p1p1p1p/9/9/P1P1P1P1P/4C2C1/9/RNBAKABNR b,-0.012932254,110
r1bakabnr/9/1cn4c1/p1p1p1p1p/9/9/P1P1P1P1P/4C2C1/9/RNBAKABNR w,0.011422182,7445
r1bakabnr/9/1cn4c1/p1p1p1p1p/9/9/P1P1P1P1P/2N1C2C1/9/R1BAKABNR b,-0.012428113,3012
r1baka1nr/9/1cn1b2c1/p1p1p1p1p/9/9/P1P1P1P1P/2N1C2C1/9/R1BAKABNR w,0.028042147,7372
r1baka1nr/9/1cn1b2c1/p1p1p1p1p/9/9/P1P1P1P1P/2N1C2C1/9/1RBAKABNR b,-0.02165522,1
1rbaka1nr/9/1cn1b2c1/p1p1p1p1p/9/9/P1P1P1P1P/2N1C2C1/9/1RBAKABNR w,0.018024392,5087
1rbaka1nr/9/1cn1b2c1/p1p1p1p1p/9/9/P1P1P1P1P/2N1CC3/9/1RBAKABNR b,-0.012428113,2648
1rbaka2r/9/1cn1b1nc1/p1p1p1p1p/9/9/P1P1P1P1P/2N1CC3/9/1RBAKABNR w,0.019055555,5451
1rbaka2r/9/1cn1b1nc1/p1p1p1p1p/9/9/P1P1P1P1P/2N1CCN2/9/1RBAKAB1R b,-0.017510546,1765
1rbaka2r/9/1cn1b1nc1/p1p1p3p/6p2/9/P1P1P1P1P/2N1CCN2/9/1RBAKAB1R w,0.019572936,8098
1rbaka2r/9/1cn1b1nc1/p1p1p3p/6p2/9/P1P1P1P1P/2N1CCN2/9/1RBAKABR1 b,-0.014449762,727
1rbaka1r1/9/1cn1b1nc1/p1p1p3p/6p2/9/P1P1P1P1P/2N1CCN2/9/1RBAKABR1 w,0.016997816,7408
1rbaka1r1/9/1cn1b1nc1/p1p1p3p/6p2/2P6/P3P1P1P/2N1CCN2/9/1RBAKABR1 b,-0.008420906,1765
1rbaka1r1/9/2n1b1nc1/p1p1p3p/6p2/2P6/Pc2P1P1P/2N1CCN2/9/1RBAKABR1 w,0.012932254,7954
1rbaka1r1/9/2n1b1nc1/p1p1p3p/6p2/2PN5/Pc2P1P1P/4CCN2/9/1RBAKABR1 b,0.0014816026,2311
1rbaka1r1/9/2n1b1n2/p1p1p3p/6p2/2PN5/Pc2P1PcP/4CCN2/9/1RBAKABR1 w,-0.011924766,7816
1rbaka1r1/9/2n1bCn2/p1p1p3p/6p2/2PN5/Pc2P1PcP/4C1N2/9/1RBAKABR1 b,0.02535331,5548
1rbakabr1/9/2n2Cn2/p1p1p3p/6p2/2PN5/Pc2P1PcP/4C1N2/9/1RBAKABR1 w,0.04585602,6061
1rbakabr1/9/2n2Cn2/p1p1N3p/6p2/2P6/Pc2P1PcP/4C1N2/9/1RBAKABR1 b,-0.025618432,1831
1rbakabr1/9/5Cn2/p1p1n3p/6p2/2P6/Pc2P1PcP/4C1N2/9/1RBAKABR1 w,0.007799667,6061
1rbakabr1/9/5Cn2/p1p1C3p/6p2/2P6/Pc2P1PcP/6N2/9/1RBAKABR1 b,-0.014534511,109
2bakabr1/9/1r3Cn2/p1p1C3p/6p2/2P6/Pc2P1PcP/6N2/9/1RBAKABR1 w,-0.00084206735,2839
2bakabr1/9/1r3Cn2/p1p5p/6p2/2P1C4/Pc2P1PcP/6N2/9/1RBAKABR1 b,-0.019456778,1733
2bakabr1/9/5rn2/p1p5p/6p2/2P1C4/Pc2P1PcP/6N2/9/1RBAKABR1 w,0,7435
2bakabr1/9/5rn2/p1p5p/6p2/2P1C4/PR2P1PcP/6N2/9/2BAKABR1 b,0.0010268611,3831
2bakabr1/9/5r3/p1p5p/5np2/2P1C4/PR2P1PcP/6N2/9/2BAKABR1 w,0.00619123,4987
2bakabr1/9/5r3/p1p5p/1R3np2/2P1C4/P3P1PcP/6N2/9/2BAKABR1 b,-0.004460755,3750
2bakabr1/9/5r3/p1p5p/1R4p2/2P1C4/P3P1ncP/6N2/9/2BAKABR1 w,0.0050324383,3372
2bakabr1/9/5r3/p1p5p/6R2/2P1C4/P3P1ncP/6N2/9/2BAKABR1 b,-0.00657011,5449
2bakabr1/9/5r3/p1p5p/6R2/2P1n4/P3P2cP/6N2/9/2BAKABR1 w,0.004916287,5269
2bakabr1/9/5r3/p1p5p/6R2/2P1P4/P6cP/6N2/9/2BAKABR1 b,-0.0045435224,2129
2b1kabr1/4a4/5r3/p1p5p/6R2/2P1P4/P6cP/6N2/9/2BAKABR1 w,0.010331495,3840
2b1kabr1/4a4/5r3/p1p3R1p/9/2P1P4/P6cP/6N2/9/2BAKABR1 b,-0.00251394,2092
2b1kabr1/4a4/9/p1p3R1p/9/2P1P4/P4r1cP/6N2/9/2BAKABR1 w,0.0047991574,4905
2b1kabr1/4a4/9/p1R5p/9/2P1P4/P4r1cP/6N2/9/2BAKABR1 b,-0.0051619518,562
2b1kabr1/4a4/9/p1R5p/9/2P1P4/P5rcP/6N2/9/2BAKABR1 w,0.00951337,2612
2b1kabr1/4a4/9/p1R5p/9/2P1P4/P5rcP/9/8N/2BAKABR1 b,-0.005412028,202
2b1kabr1/4a4/9/p1R5p/9/2P1P4/P5r1P/7c1/8N/2BAKABR1 w,0.010308686,2612
2R1kabr1/4a4/9/p7p/9/2P1P4/P5r1P/7c1/8N/2BAKABR1 b,-0.011436887,1173
2Rakabr1/9/9/p7p/9/2P1P4/P5r1P/7c1/8N/2BAKABR1 w,0.0094406735,7999
2Rakabr1/9/9/p7p/9/2P1P4/P5r1P/7c1/7RN/2BAKAB2 b,-0.008953,5454
2Rakabr1/9/9/p7p/9/2P1P4/P7P/7c1/7RN/2BAKAr2 w,0.66903204,7185
2Rakabr1/9/9/p7p/9/2P1P4/P7P/7R1/8N/2BAKAr2 b,-0.2348772,7916
2Rakabr1/9/9/p7p/9/2P1P4/P7P/7R1/8N/2BAKr3 w,0.1725148,7736
2Rakabr1/9/9/p7p/9/2P1P4/P7P/7R1/8N/2BA1K3 b,-0.1631267,700
2Rakab2/9/9/p7p/9/2P1P4/P7P/7r1/8N/2BA1K3 w,0.22463487,7287
2Rakab2/9/9/p7p/9/2P1P4/P7P/7r1/9/2BA1KN2 b,-0.2537245,6369
2Rakab2/9/9/p7p/9/2P1P4/P7P/6r2/9/2BA1KN2 w,0.25676617,7537
2Rakab2/9/9/p7p/9/2P1P4/P7P/6r2/8N/2BA1K3 b,-0.0020849772,6288
2Rakab2/9/9/p7p/9/2P1P4/P7P/7r1/8N/2BA1K3 w,0.22463487,7287
3akab2/9/9/p1R5p/9/2P1P4/P7P/7r1/8N/2BA1K3 b,-0.0023299886,6388
3akab2/9/9/p1R5p/9/2P1P4/P7P/9/7rN/2BA1K3 w,0.012039137,2637
3akab2/9/9/p4R2p/9/2P1P4/P7P/9/7rN/2BA1K3 b,-0.0046318704,283
4kab2/4a4/9/p4R2p/9/2P1P4/P7P/9/7rN/2BA1K3 w,0.003640642,2907
4kab2/4a4/9/R7p/9/2P1P4/P7P/9/7rN/2BA1K3 b,-0.004160263,7190
4kab2/4a4/9/R7p/9/2P1P4/P7P/9/8r/2BA1K3 w,0.002080189,2465
R3kab2/4a4/9/8p/9/2P1P4/P7P/9/8r/2BA1K3 b,-0.00021710197,1173
R2akab2/9/9/8p/9/2P1P4/P7P/9/8r/2BA1K3 w,0.00021710197,36
3akab2/9/9/R7p/9/2P1P4/P7P/9/8r/2BA1K3 b,-0.00019278206,7262
3akab2/9/9/R7p/9/2P1P4/P7P/9/9/2BA1K2r w,0.0001443428,7817
3akab2/9/9/R7p/9/2P1P4/P7P/9/5K3/2BA4r b,-0.0001443428,8072
3akab2/9/9/R7p/9/2P1P4/P7P/9/5K3/2Br5 w,0.00082228106,7537
3akab2/9/9/4R3p/9/2P1P4/P7P/9/5K3/2Br5 b,-0.0004785505,283
4kab2/4a4/9/4R3p/9/2P1P4/P7P/9/5K3/2Br5 w,0.00038338636,7537
4kab2/4a4/9/8R/9/2P1P4/P7P/9/5K3/2Br5 b,-0.00019436395,7643
4kab2/4a4/9/8R/9/2P1P4/P7P/9/5K3/2r6 w,0.00010690725,3179
4kab2/4a4/9/5R3/9/2P1P4/P7P/9/5K3/2r6 b,-0.000068000256,7517
4kab2/4a4/9/5R3/9/2P1P4/P7P/9/2r2K3/9 w,0.00004295478,6998
4kab2/4a4/9/5R3/9/2P1P4/P7P/9/2r6/5K3 b,-0.00006168566,6707
4kab2/4a4/9/5R3/9/2r1P4/P7P/9/9/5K3 w,0.000038982806,2930
4kab2/4a4/9/9/9/2r1PR3/P7P/9/9/5K3 b,-0.000034583627,4286
4kab2/4a4/9/9/9/4PR3/P1r5P/9/9/5K3 w,0.000043409003,4905
4kab2/4a4/9/9/9/P3PR3/2r5P/9/9/5K3 b,-0.000034583627,5102
4kab2/4a4/9/9/9/P3PR3/8r/9/9/5K3 w,0.000025851277,4450
4kab2/4a4/9/9/4P4/P4R3/8r/9/9/5K3 b,-0.000020022593,5634
4kab2/4a4/9/9/4P4/P4R3/2r6/9/9/5K3 w,0.000025851277,3641
4kab2/4a4/9/4P4/9/P4R3/2r6/9/9/5K3 b,-0.000011392135,5042
4kab2/4a4/9/4P4/9/P4R3/4r4/9/9/5K3 w,0.000025851277,2822
4kab2/4a4/9/3P5/9/P4R3/4r4/9/9/5K3 b,-0.000008536263,5296
4kab2/4a4/9/3P5/9/P4R3/2r6/9/9/5K3 w,0.000031761385,4086
4kab2/4a4/9/4P4/9/P4R3/2r6/9/9/5K3 b,-0.000011392135,5042
rnbakabnr/9/1c5c1/p1p1p1p1p/9/9/P1P1P1P1P/1C5C1/9/RNBAKABNR w,0.014449762,5087
rnbakabnr/9/1c5c1/p1p1p1p1p/9/9/P1P1P1P1P/4C2C1/9/RNBAKABNR b,-0.012932254,110
r1bakabnr/9/1cn4c1/p1p1p1p1p/9/9/P1P1P1P1P/4C2C1/9/RNBAKABNR w,0.011422182,7445
r1bakabnr/9/1cn4c1/p1p1p1p1p/9/9/P1P1P1P1P/2N1C2C1/9/R1BAKABNR b,-0.012428113,3012
r1baka1nr/9/1cn1b2c1/p1p1p1p1p/9/9/P1P1P1P1P/2N1C2C1/9/R1BAKABNR w,0.028042147,7372
r1baka1nr/9/1cn1b2c1/p1p1p1p1p/9/9/P1P1P1P1P/2N1C2C1/9/1RBAKABNR b,-0.02165522,1
1rbaka1nr/9/1cn1b2c1/p1p1p1p1p/9/9/P1P1P1P1P/2N1C2C1/9/1RBAKABNR w,0.018024392,5087
1rbaka1nr/9/1cn1b2c1/p1p1p1p1p/9/9/P1P1P1P1P/2N1CC3/9/1RBAKABNR b,-0.012428113,2648
1rbaka2r/9/1cn1b1nc1/p1p1p1p1p/9/9/P1P1P1P1P/2N1CC3/9/1RBAKABNR w,0.019055555,5451
1rbaka2r/9/1cn1b1nc1/p1p1p1p1p/9/9/P1P1P1P1P/2N1CCN2/9/1RBAKAB1R b,-0.017510546,1765
1rbaka2r/9/1cn1b1nc1/p1p1p3p/6p2/9/P1P1P1P1P/2N1CCN2/9/1RBAKAB1R w,0.019572936,8098
1rbaka2r/9/1cn1b1nc1/p1p1p3p/6p2/9/P1P1P1P1P/2N1CCN2/9/1RBAKABR1 b,-0.014449762,727
1rbaka1r1/9/1cn1b1nc1/p1p1p3p/6p2/9/P1P1P1P1P/2N1CCN2/9/1RBAKABR1 w,0.016997816,7408
1rbaka1r1/9/1cn1b1nc1/p1p1p3p/6p2/2P6/P3P1P1P/2N1CCN2/9/1RBAKABR1 b,-0.008420906,1765
1rbaka1r1/9/2n1b1nc1/p1p1p3p/6p2/2P6/Pc2P1P1P/2N1CCN2/9/1RBAKABR1 w,0.012932254,7954
1rbaka1r1/9/2n1b1nc1/p1p1p3p/6p2/2PN5/Pc2P1P1P/4CCN2/9/1RBAKABR1 b,0.0014816026,2311
1rbaka1r1/9/2n1b1n2/p1p1p3p/6p2/2PN5/Pc2P1PcP/4CCN2/9/1RBAKABR1 w,-0.011924766,7816
1rbaka1r1/9/2n1bCn2/p1p1p3p/6p2/2PN5/Pc2P1PcP/4C1N2/9/1RBAKABR1 b,0.02535331,5548
1rbakabr1/9/2n2Cn2/p1p1p3p/6p2/2PN5/Pc2P1PcP/4C1N2/9/1RBAKABR1 w,0.04585602,6061
1rbakabr1/9/2n2Cn2/p1p1N3p/6p2/2P6/Pc2P1PcP/4C1N2/9/1RBAKABR1 b,-0.025618432,1831
1rbakabr1/9/5Cn2/p1p1n3p/6p2/2P6/Pc2P1PcP/4C1N2/9/1RBAKABR1 w,0.007799667,6061
1rbakabr1/9/5Cn2/p1p1C3p/6p2/2P6/Pc2P1PcP/6N2/9/1RBAKABR1 b,-0.014534511,109
2bakabr1/9/1r3Cn2/p1p1C3p/6p2/2P6/Pc2P1PcP/6N2/9/1RBAKABR1 w,-0.00084206735,2839
2bakabr1/9/1r3Cn2/p1p5p/6p2/2P1C4/Pc2P1PcP/6N2/9/1RBAKABR1 b,-0.019456778,1733
2bakabr1/9/5rn2/p1p5p/6p2/2P1C4/Pc2P1PcP/6N2/9/1RBAKABR1 w,0,7435
2bakabr1/9/5rn2/p1p5p/6p2/2P1C4/PR2P1PcP/6N2/9/2BAKABR1 b,0.0010268611,3831
2bakabr1/9/5r3/p1p5p/5np2/2P1C4/PR2P1PcP/6N2/9/2BAKABR1 w,0.00619123,4987
2bakabr1/9/5r3/p1p5p/1R3np2/2P1C4/P3P1PcP/6N2/9/2BAKABR1 b,-0.004460755,3750
2bakabr1/9/5r3/p1p5p/1R4p2/2P1C4/P3P1ncP/6N2/9/2BAKABR1 w,0.0050324383,3372
2bakabr1/9/5r3/p1p5p/6R2/2P1C4/P3P1ncP/6N2/9/2BAKABR1 b,-0.00657011,5449
2bakabr1/9/5r3/p1p5p/6R2/2P1n4/P3P2cP/6N2/9/2BAKABR1 w,0.004916287,5269
2bakabr1/9/5r3/p1p5p/6R2/2P1P4/P6cP/6N2/9/2BAKABR1 b,-0.0045435224,2129
2bakabr1/9/5r3/p1p5p/6R2/2P1P4/P7P/6Nc1/9/2BAKABR1 w,0.008180164,3831
2bakabr1/9/5r3/p1p5p/6R2/2P1P4/P7P/6Nc1/7R1/2BAKAB2 b,-0.0040337103,2129
2bakabr1/9/9/p1p5p/6R2/2P1P4/P7P/5rNc1/7R1/2BAKAB2 w,0.012272201,3831
2bakabr1/9/9/p1p3R1p/9/2P1P4/P7P/5rNc1/7R1/2BAKAB2 b,-0.007651792,6179
2bakab2/9/9/p1p3R1p/9/2P1P4/P6rP/5rNc1/7R1/2BAKAB2 w,0.049776442,2976
2bakaR2/9/9/p1p5p/9/2P1P4/P6rP/5rNc1/7R1/2BAKAB2 b,-0.05478155,2648
2bakaR2/9/9/p1p5p/9/2P1P4/P3r3P/5rNc1/7R1/2BAKAB2 w,0.49902156,7816
2bakaR2/9/9/p1p5p/9/2P1P4/P3r3P/5rNc1/4A2R1/2BAK1B2 b,-0.49075776,5269
2bakaR2/9/9/p1p5p/9/2P1P4/P3r3P/5rN1c/4A2R1/2BAK1B2 w,0.591632,7897
2bakaR2/9/9/p1p5p/9/2P1P4/P3r3P/5rN1c/4A4/2BAK1BR1 b,-0.41713402,5269
2bakaR2/9/9/p1p5p/9/2P1P4/P3r3P/5rN2/4A4/2BAK1BRc w,0.5210479,8009
2baka3/6R2/9/p1p5p/9/2P1P4/P3r3P/5rN2/4A4/2BAK1BRc b,-0.42250365,5269
2baka3/6R2/9/p1p5p/9/2P1r4/P7P/5rN2/4A4/2BAK1BRc w,0.41157866,8009
2baka3/6R2/9/p1p5p/9/2P1r4/P7P/5rN2/4A4/2BAK1B1R b,-0.46257076,6179
2baka3/6R2/9/p1p5p/9/2P1r4/P4r2P/6N2/4A4/2BAK1B1R w,0.4118895,1383
2baka3/6R2/9/p1p5p/9/2P1r4/P4r2P/6N2/4A4/2BAK1BR1 b,-0.4035914,4457
2baka3/6R2/9/p1p1r3p/9/2P6/P4r2P/6N2/4A4/2BAK1BR1 w,0.42023778,7945
2baka1R1/6R2/9/p1p1r3p/9/2P6/P4r2P/6N2/4A4/2BAK1B2 b,-0.41466692,5364
3aka1R1/6R2/4b4/p1p1r3p/9/2P6/P4r2P/6N2/4A4/2BAK1B2 w,0.41466692,4905
3aka1R1/6R2/4b4/p1p1r3p/9/2P4N1/P4r2P/9/4A4/2BAK1B2 b,-0.3069451,5364
3aka1R1/6R2/4b4/p1p1r3p/9/2P2r1N1/P7P/9/4A4/2BAK1B2 w,0.46826965,1419
3aka1R1/6R2/4b4/p1p1r1N1p/9/2P2r3/P7P/9/4A4/2BAK1B2 b,-0.4540411,4532
3aka1R1/6R2/4b4/p1p1r1N1p/9/2P3r2/P7P/9/4A4/2BAK1B2 w,0.74990565,2992
3aka1R1/6R2/4N4/p1p1r3p/9/2P3r2/P7P/9/4A4/2BAK1B2 b,-0.7616982,2812
3aka1R1/6r2/4N4/p1p1r3p/9/2P6/P7P/9/4A4/2BAK1B2 w,0.82533693,1995
3aka1R1/6N2/9/p1p1r3p/9/2P6/P7P/9/4A4/2BAK1B2 b,-0.898196,373
3a1a1R1/4k1N2/9/p1p1r3p/9/2P6/P7P/9/4A4/2BAK1B2 w,0.903653,635
3a1R3/4k1N2/9/p1p1r3p/9/2P6/P7P/9/4A4/2BAK1B2 b,-0.94054383,1182
3a1R3/3k2N2/9/p1p1r3p/9/2P6/P7P/9/4A4/2BAK1B2 w,0.9481039,491
3a5/3k1RN2/9/p1p1r3p/9/2P6/P7P/9/4A4/2BAK1B2 b,-0.8049003,2803
3a5/3krRN2/9/p1p5p/9/2P6/P7P/9/4A4/2BAK1B2 w,0.7920303,1273
3a5/3kR1N2/9/p1p5p/9/2P6/P7P/9/4A4/2BAK1B2 b,-0.9691594,1093
3a5/4k1N2/9/p1p5p/9/2P6/P7P/9/4A4/2BAK1B2 w,0.99999994,1382
3a5/4k4/9/p1p2N2p/9/2P6/P7P/9/4A4/2BAK1B2 b,-0.9999999,1192
3ak4/9/9/p1p2N2p/9/2P6/P7P/9/4A4/2BAK1B2 w,1,2901
3ak4/9/3N5/p1p5p/9/2P6/P7P/9/4A4/2BAK1B2 b,-0.99999994,365
3a5/4k4/3N5/p1p5p/9/2P6/P7P/9/4A4/2BAK1B2 w,1,1900
3a5/1N2k4/9/p1p5p/9/2P6/P7P/9/4A4/2BAK1B2 b,-1,1174
3ak4/1N7/9/p1p5p/9/2P6/P7P/9/4A4/2BAK1B2 w,1,927
3ak4/9/9/p1N5p/9/2P6/P7P/9/4A4/2BAK1B2 b,-1,283
3a5/4k4/9/p1N5p/9/2P6/P7P/9/4A4/2BAK1B2 w,1,2620
3a5/1N2k4/9/p7p/9/2P6/P7P/9/4A4/2BAK1B2 b,-1,2466
3ak4/1N7/9/p7p/9/2P6/P7P/9/4A4/2BAK1B2 w,1,927
3ak4/1N7/9/p7p/9/2P6/P7P/8B/4A4/2BAK4 b,-1,2466
3ak4/1N7/9/8p/p8/2P6/P7P/8B/4A4/2BAK4 w,1,7537
3ak4/1N7/9/8p/p1P6/9/P7P/8B/4A4/2BAK4 b,-1,283
4k4/1N2a4/9/8p/p1P6/9/P7P/8B/4A4/2BAK4 w,1,929
4k4/1N2a4/9/2P5p/p8/9/P7P/8B/4A4/2BAK4 b,-1,1191
4k4/1N7/5a3/2P5p/p8/9/P7P/8B/4A4/2BAK4 w,1,2640
4k4/1N7/2P2a3/8p/p8/9/P7P/8B/4A4/2BAK4 b,-1,2083
4k4/1N2a4/2P6/8p/p8/9/P7P/8B/4A4/2BAK4 w,1,929
4k4/1N2a4/2P6/8p/p8/9/P7P/9/4A4/2BAK1B2 b,-1,1173
5k3/1N2a4/2P6/8p/p8/9/P7P/9/4A4/2BAK1B2 w,1,929
5k3/1N2a4/2P6/8p/p8/8P/P8/9/4A4/2BAK1B2 b,-1,1193
9/1N2ak3/2P6/8p/p8/8P/P8/9/4A4/2BAK1B2 w,1,6926
9/1N2ak3/2P6/8p/p8/8P/P8/5A3/9/2BAK1B2 b,-1,1265
5k3/1N2a4/2P6/8p/p8/8P/P8/5A3/9/2BAK1B2 w,1,1821
5k3/1N2a4/3P5/8p/p8/8P/P8/5A3/9/2BAK1B2 b,-1,1193
9/1N2ak3/3P5/8p/p8/8P/P8/5A3/9/2BAK1B2 w,1,1912
9/1N2ak3/4P4/8p/p8/8P/P8/5A3/9/2BAK1B2 b,-1,1191
5k3/1N2a4/4P4/8p/p8/8P/P8/5A3/9/2BAK1B2 w,1,1993
5k3/1N2P4/9/8p/p8/8P/P8/5A3/9/2BAK1B2 b,-1,3285
5k3/1N2P4/9/9/p7p/8P/P8/5A3/9/2BAK1B2 w,1,4814
5k3/1N2P4/9/9/p7P/9/P8/5A3/9/2BAK1B2 b,-1,3285
5k3/1N2P4/9/9/8P/p8/P8/5A3/9/2BAK1B2 w,1,4905
rnbakabnr/9/1c5c1/p1p1p1p1p/9/9/P1P1P1P1P/1C5C1/9/RNBAKABNR w,0.014449762,5087
rnbakabnr/9/1c5c1/p1p1p1p1p/9/9/P1P1P1P1P/4C2C1/9/RNBAKABNR b,-0.012932254,110
r1bakabnr/9/1cn4c1/p1p1p1p1p/9/9/P1P1P1P1P/4C2C1/9/RNBAKABNR w,0.011422182,7445
r1bakabnr/9/1cn4c1/p1p1p1p1p/9/9/P1P1P1P1P/2N1C2C1/9/R1BAKABNR b,-0.012428113,3012
r1baka1nr/9/1cn1b2c1/p1p1p1p1p/9/9/P1P1P1P1P/2N1C2C1/9/R1BAKABNR w,0.028042147,7372
r1baka1nr/9/1cn1b2c1/p1p1p1p1p/9/9/P1P1P1P1P/2N1C2C1/9/1RBAKABNR b,-0.02165522,1
1rbaka1nr/9/1cn1b2c1/p1p1p1p1p/9/9/P1P1P1P1P/2N1C2C1/9/1RBAKABNR w,0.018024392,5087
1rbaka1nr/9/1cn1b2c1/p1p1p1p1p/9/9/P1P1P1P1P/2N1CC3/9/1RBAKABNR b,-0.012428113,2648
1rbaka2r/9/1cn1b1nc1/p1p1p1p1p/9/9/P1P1P1P1P/2N1CC3/9/1RBAKABNR w,0.019055555,5451
1rbaka2r/9/1cn1b1nc1/p1p1p1p1p/9/9/P1P1P1P1P/2N1CCN2/9/1RBAKAB1R b,-0.017510546,1765
1rbaka2r/9/1cn1b1nc1/p1p1p3p/6p2/9/P1P1P1P1P/2N1CCN2/9/1RBAKAB1R w,0.019572936,8098
1rbaka2r/9/1cn1b1nc1/p1p1p3p/6p2/9/P1P1P1P1P/2N1CCN2/9/1RBAKABR1 b,-0.014449762,727
1rbaka1r1/9/1cn1b1nc1/p1p1p3p/6p2/9/P1P1P1P1P/2N1CCN2/9/1RBAKABR1 w,0.016997816,7408
1rbaka1r1/9/1cn1b1nc1/p1p1p3p/6p2/2P6/P3P1P1P/2N1CCN2/9/1RBAKABR1 b,-0.008420906,1765
1rbaka1r1/9/2n1b1nc1/p1p1p3p/6p2/2P6/Pc2P1P1P/2N1CCN2/9/1RBAKABR1 w,0.012932254,7954
1rbaka1r1/9/2n1b1nc1/p1p1p3p/6p2/2PN5/Pc2P1P1P/4CCN2/9/1RBAKABR1 b,0.0014816026,2311
1rbaka1r1/9/2n1b1n2/p1p1p3p/6p2/2PN5/Pc2P1PcP/4CCN2/9/1RBAKABR1 w,-0.011924766,7816
1rbaka1r1/9/2n1bCn2/p1p1p3p/6p2/2PN5/Pc2P1PcP/4C1N2/9/1RBAKABR1 b,0.02535331,5548
1rbakabr1/9/2n2Cn2/p1p1p3p/6p2/2PN5/Pc2P1PcP/4C1N2/9/1RBAKABR1 w,0.04585602,6061
1rbakabr1/9/2n2Cn2/p1p1N3p/6p2/2P6/Pc2P1PcP/4C1N2/9/1RBAKABR1 b,-0.025618432,1831
1rbakabr1/9/5Cn2/p1p1n3p/6p2/2P6/Pc2P1PcP/4C1N2/9/1RBAKABR1 w,0.007799667,6061
1rbakabr1/9/5Cn2/p1p1C3p/6p2/2P6/Pc2P1PcP/6N2/9/1RBAKABR1 b,-0.014534511,109
2bakabr1/9/1r3Cn2/p1p1C3p/6p2/2P6/Pc2P1PcP/6N2/9/1RBAKABR1 w,-0.00084206735,2839
2bakabr1/9/1r3Cn2/p1p1C3p/6p2/2P6/Pc2P1PcP/6NR1/9/1RBAKAB2 b,0.11115347,3831
2bakabr1/9/5rn2/p1p1C3p/6p2/2P6/Pc2P1PcP/6NR1/9/1RBAKAB2 w,-0.026358627,7435
2bakabr1/9/5rn2/p1p1C3p/6p2/2P6/PR2P1PcP/6NR1/9/2BAKAB2 b,0.026223343,3831
2bakabr1/9/6n2/p1p1C3p/6p2/2P6/PR2P1PcP/5rNR1/9/2BAKAB2 w,0.0006845211,2839
2bakabr1/9/6n2/p1p5p/6p2/2P1C4/PR2P1PcP/5rNR1/9/2BAKAB2 b,0.0006845211,3831
2bakabr1/9/9/p1p5p/5np2/2P1C4/PR2P1PcP/5rNR1/9/2BAKAB2 w,0.11842353,4987
2bakabr1/9/9/p1p5p/5np2/2P1C4/PR2P1PcP/5rNR1/4A4/2B1KAB2 b,-0.0013692965,5548
2bakabr1/9/9/p1p5p/5np2/2P1C4/PR2c1P1P/5rNR1/4A4/2B1KAB2 w,0.0016722288,5008
2bakabr1/9/9/p1p5p/5np2/2P1C4/PR2c1P1P/5ANR1/9/2B1KAB2 b,0.0051999064,700
2bakab2/9/9/p1p5p/5np2/2P1C4/PR2c1P1P/5ANr1/9/2B1KAB2 w,-0.0036372142,4987
2bakab2/9/9/p1p5p/1R3np2/2P1C4/P3c1P1P/5ANr1/9/2B1KAB2 b,0.016224215,2648
2bakab2/9/9/p1p5p/1R4p2/2P1C4/P3c1n1P/5ANr1/9/2B1KAB2 w,-0.018634165,3385
2bakab2/9/9/p1p5p/6p2/2P1C4/PR2c1n1P/5ANr1/9/2B1KAB2 b,0.003892705,5467
2bakab2/9/9/p1p5p/6p2/2P1n4/PR2c3P/5ANr1/9/2B1KAB2 w,-0.0018421893,5008
2bakab2/9/9/p1p5p/6p2/2P1n4/P3R3P/5ANr1/9/2B1KAB2 b,0.001493408,6369
2bakab2/9/9/p1p5p/6p2/2P1n4/P3R3P/5Ar2/9/2B1KAB2 w,-0.0010635674,5269
2bakab2/9/9/p1p5p/6p2/2P1R4/P7P/5Ar2/9/2B1KAB2 b,0.00063194206,562
2bak1b2/4a4/9/p1p5p/6p2/2P1R4/P7P/5Ar2/9/2B1KAB2 w,-0.00035038425,6196
2bak1b2/4a4/9/p1p5p/6p2/2P1R4/P7P/6r2/4A4/2B1KAB2 b,0.00063194206,6297
2bak1b2/4a4/9/p1p5p/6p2/2P1R4/P7P/9/4A4/2B1KAr2 w,-0.0005522609,4441
2bak1b2/4a4/9/p1p1R3p/6p2/2P6/P7P/9/4A4/2B1KAr2 b,0.0005522609,7890
2bak1b2/4a4/9/p1p1R3p/6p2/2P6/P5r1P/9/4A4/2B1KA3 w,-0.00044116937,4905
2bak1b2/4a4/9/p1p5R/6p2/2P6/P5r1P/9/4A4/2B1KA3 b,0.00050386833,5454
2bak1b2/4a4/9/p1p5R/6p2/2P6/P1r5P/9/4A4/2B1KA3 w,-0.00025113768,7537
2bak1b2/4a4/9/p1R6/6p2/2P6/P1r5P/9/4A4/2B1KA3 b,0.00027314038,2466
2bak1b2/4a4/9/p1R6/6p2/2P6/P7P/9/4A4/2r1KA3 w,-0.00009625555,6924
2bak1b2/4a4/9/p1R6/6p2/2P6/P7P/9/9/2rAKA3 b,0.00016056144,566
2bak1b2/4a4/9/p1R6/6p2/2P6/P1r5P/9/9/3AKA3 w,-0.000064153435,2637
2bak1b2/4a4/9/p5R2/6p2/2P6/P1r5P/9/9/3AKA3 b,0.00019278558,562
3ak1b2/4a4/4b4/p5R2/6p2/2P6/P1r5P/9/9/3AKA3 w,-0.00016056144,4905
3ak1b2/4a4/4b4/R8/6p2/2P6/P1r5P/9/9/3AKA3 b,0.00022430171,5102
3ak1b2/4a4/4b4/R8/6p2/2P6/P7r/9/9/3AKA3 w,-0.000120205936,4268
3ak1b2/4a4/4b4/4R4/6p2/2P6/P7r/9/9/3AKA3 b,0.00026598637,5634
3ak1b2/4a4/4b4/4R4/6p2/2P6/r8/9/9/3AKA3 w,-0.00020431714,2839
3ak1b2/4a4/4b4/4R4/2P3p2/9/r8/9/9/3AKA3 b,0.00041662002,2018
3ak1b2/4a4/9/4R4/2b3p2/9/r8/9/9/3AKA3 w,-0.00020422642,2866
3ak1b2/4a4/9/6R2/2b3p2/9/r8/9/9/3AKA3 b,0.00040206432,3442
3ak1b2/4a4/4b4/6R2/6p2/9/r8/9/9/3AKA3 w,-0.00023913206,3000
3ak1b2/4a4/4b4/8R/6p2/9/r8/9/9/3AKA3 b,0.00036486995,4918
3ak1b2/4a4/4b4/8R/6p2/9/4r4/9/9/3AKA3 w,-0.00022163254,7816
3ak1b2/4a4/4b4/8R/6p2/9/4r4/9/4A4/4KA3 b,0.00029226518,5269
3ak1b2/4a4/4b4/8R/6p2/9/3r5/9/4A4/4KA3 w,-0.00022163254,3177
3ak1b1R/4a4/4b4/9/6p2/9/3r5/9/4A4/4KA3 b,0.00038338636,3831
3akab1R/9/4b4/9/6p2/9/3r5/9/4A4/4KA3 w,-0.0002567324,791
3akab2/9/4b4/8R/6p2/9/3r5/9/4A4/4KA3 b,0.0003102126,5178
3akab2/9/4b4/8R/9/6p2/3r5/9/4A4/4KA3 w,-0.00020422642,3178
3akab2/9/4b4/9/9/6p1R/3r5/9/4A4/4KA3 b,0.00042091173,5178
3akab2/9/4b4/9/9/8R/3r2p2/9/4A4/4KA3 w,-0.0003102126,4819
3akab2/9/4b4/9/9/6R2/3r2p2/9/4A4/4KA3 b,0.00034650735,5184
3akab2/9/4b4/9/9/6R2/3r1p3/9/4A4/4KA3 w,-0.0003102126,4635
3akab2/9/4b4/9/9/5R3/3r1p3/9/4A4/4KA3 b,0.0003102126,5186
3akab2/9/4b4/9/9/5R3/3rp4/9/4A4/4KA3 w,-0.00027444094,6924
3akab2/9/4b4/9/9/4R4/3rp4/9/4A4/4KA3 b,0.00034650735,5186
3akab2/9/4b4/9/9/4R4/r3p4/9/4A4/4KA3 w,-0.00023913206,4463
3akab2/9/4b4/9/9/4R4/r3p4/9/9/3AKA3 b,0.00029226518,4916
3akab2/9/4b4/9/9/4R4/r2p5/9/9/3AKA3 w,-0.00020422642,4463
3akab2/9/4b4/9/9/3R5/r2p5/9/9/3AKA3 b,0.0003102126,4916
3akab2/9/4b4/9/9/3R5/r3p4/9/9/3AKA3 w,-0.00020422642,7816
rnbakabnr/9/1c5c1/p1p1p1p1p/9/9/P1P1P1P1P/1C5C1/9/RNBAKABNR w,0.014449762,5087
rnbakabnr/9/1c5c1/p1p1p1p1p/9/9/P1P1P1P1P/4C2C1/9/RNBAKABNR b,-0.012932254,110
r1bakabnr/9/1cn4c1/p1p1p1p1p/9/9/P1P1P1P1P/4C2C1/9/RNBAKABNR w,0.011422182,7445
r1bakabnr/9/1cn4c1/p1p1p1p1p/9/9/P1P1P1P1P/2N1C2C1/9/R1BAKABNR b,-0.012428113,3012
r1baka1nr/9/1cn1b2c1/p1p1p1p1p/9/9/P1P1P1P1P/2N1C2C1/9/R1BAKABNR w,0.028042147,7372
r1baka1nr/9/1cn1b2c1/p1p1p1p1p/9/9/P1P1P1P1P/2N1C2C1/9/1RBAKABNR b,-0.02165522,1
1rbaka1nr/9/1cn1b2c1/p1p1p1p1p/9/9/P1P1P1P1P/2N1C2C1/9/1RBAKABNR w,0.018024392,5087
1rbaka1nr/9/1cn1b2c1/p1p1p1p1p/9/9/P1P1P1P1P/2N1CC3/9/1RBAKABNR b,-0.012428113,2648
1rbaka2r/9/1cn1b1nc1/p1p1p1p1p/9/9/P1P1P1P1P/2N1CC3/9/1RBAKABNR w,0.019055555,5451
1rbaka2r/9/1cn1b1nc1/p1p1p1p1p/9/9/P1P1P1P1P/2N1CCN2/9/1RBAKAB1R b,-0.017510546,1765
1rbaka2r/9/1cn1b1nc1/p1p1p3p/6p2/9/P1P1P1P1P/2N1CCN2/9/1RBAKAB1R w,0.019572936,8098
1rbaka2r/9/1cn1b1nc1/p1p1p3p/6p2/9/P1P1P1P1P/2N1CCN2/9/1RBAKABR1 b,-0.014449762,727
1rbaka1r1/9/1cn1b1nc1/p1p1p3p/6p2/9/P1P1P1P1P/2N1CCN2/9/1RBAKABR1 w,0.016997816,7408
1rbaka1r1/9/1cn1b1nc1/p1p1p3p/6p2/2P6/P3P1P1P/2N1CCN2/9/1RBAKABR1 b,-0.008420906,1765
1rbaka1r1/9/2n1b1nc1/p1p1p3p/6p2/2P6/Pc2P1P1P/2N1CCN2/9/1RBAKABR1 w,0.012932254,7954
1rbaka1r1/9/2n1b1nc1/p1p1p3p/6p2/2PN5/Pc2P1P1P/4CCN2/9/1RBAKABR1 b,0.0014816026,2311
1rbaka1r1/9/2n1b1n2/p1p1p3p/6p2/2PN5/Pc2P1PcP/4CCN2/9/1RBAKABR1 w,-0.011924766,7816
1rbaka1r1/9/2n1bCn2/p1p1p3p/6p2/2PN5/Pc2P1PcP/4C1N2/9/1RBAKABR1 b,0.02535331,5548
1rbakabr1/9/2n2Cn2/p1p1p3p/6p2/2PN5/Pc2P1PcP/4C1N2/9/1RBAKABR1 w,0.04585602,6061
1rbakabr1/9/2n2Cn2/p1p1N3p/6p2/2P6/Pc2P1PcP/4C1N2/9/1RBAKABR1 b,-0.025618432,1831
1rbakabr1/9/5Cn2/p1p1n3p/6p2/2P6/Pc2P1PcP/4C1N2/9/1RBAKABR1 w,0.007799667,6061
1rbakabr1/9/5Cn2/p1p1C3p/6p2/2P6/Pc2P1PcP/6N2/9/1RBAKABR1 b,-0.014534511,109
2bakabr1/9/1r3Cn2/p1p1C3p/6p2/2P6/Pc2P1PcP/6N2/9/1RBAKABR1 w,-0.00084206735,2839
2bakabr1/9/1r3Cn2/p1p5p/6p2/2P1C4/Pc2P1PcP/6N2/9/1RBAKABR1 b,-0.019456778,1733
2bakabr1/9/5rn2/p1p5p/6p2/2P1C4/Pc2P1PcP/6N2/9/1RBAKABR1 w,0,7435
2bakabr1/9/5rn2/p1p5p/6p2/2P1C4/PR2P1PcP/6N2/9/2BAKABR1 b,0.0010268611,3831
2bakabr1/9/6n2/p1p5p/6p2/2P1C4/PR2PrPcP/6N2/9/2BAKABR1 w,0.39088708,4969
2bakabr1/9/6n2/p1p5p/1R4p2/2P1C4/P3PrPcP/6N2/9/2BAKABR1 b,-0.1593855,3831
2bakabr1/9/9/p1p5p/1R3np2/2P1C4/P3PrPcP/6N2/9/2BAKABR1 w,0.6604994,3370
2bakabr1/9/9/p1p5p/1R3np2/2P1C4/P3PrPcP/6N2/4A4/2B1KABR1 b,-0.115158066,373
2bakabr1/9/9/p1p5p/1R4p2/2P1C4/P3nrPcP/6N2/4A4/2B1KABR1 w,0.5627007,3370
2bakabr1/9/9/p1p5p/1R4p2/2P1C4/P3nrPcP/4B1N2/4A4/2B1KA1R1 b,-0.14128949,5360
2bakabr1/9/9/p1p5p/1R4p2/2n1C4/P4rPcP/4B1N2/4A4/2B1KA1R1 w,0.39566985,6077
2bakabr1/9/9/p1p5p/1R4p2/2B1C4/P4rPcP/6N2/4A4/2B1KA1R1 b,-0.39923927,5366
2bakabr1/9/9/p1p5p/1R4p2/2B1C4/P5rcP/6N2/4A4/2B1KA1R1 w,0.67823297,3370
2bakabr1/9/9/p1p5p/4R1p2/2B1C4/P5rcP/6N2/4A4/2B1KA1R1 b,-0.63770807,202
2baka1r1/9/4b4/p1p5p/4R1p2/2B1C4/P5rcP/6N2/4A4/2B1KA1R1 w,0.72052896,3622
2baka1r1/9/4R4/p1p5p/6p2/2B1C4/P5rcP/6N2/4A4/2B1KA1R1 b,-0.68336403,283
2bak2r1/4a4/4R4/p1p5p/6p2/2B1C4/P5rcP/6N2/4A4/2B1KA1R1 w,0.83776623,2005
2bak2r1/4a4/7R1/p1p5p/6p2/2B1C4/P5rcP/6N2/4A4/2B1KA1R1 b,-0.89647496,1175
2baka1r1/9/7R1/p1p5p/6p2/2B1C4/P5rcP/6N2/4A4/2B1KA1R1 w,0.78351706,2257
2baka1R1/9/9/p1p5p/6p2/2B1C4/P5rcP/6N2/4A4/2B1KA1R1 b,-0.89472795,5457
2baka1R1/9/9/p1p5p/6p2/2B1C4/c5r1P/6N2/4A4/2B1KA1R1 w,0.93645364,7954
2baka3/9/9/p1p4Rp/6p2/2B1C4/c5r1P/6N2/4A4/2B1KA1R1 b,-0.83449787,4918
2baka3/9/9/p1p4Rp/6p2/2B1C4/c7P/6r2/4A4/2B1KA1R1 w,0.9414362,3091
2baka3/9/9/p1p1R3p/6p2/2B1C4/c7P/6r2/4A4/2B1KA1R1 b,-0.9314447,283
2b1ka3/4a4/9/p1p1R3p/6p2/2B1C4/c7P/6r2/4A4/2B1KA1R1 w,0.9344504,4423
2b1ka3/4a4/9/p1R5p/6p2/2B1C4/c7P/6r2/4A4/2B1KA1R1 b,-0.90918887,1173
2bk1a3/4a4/9/p1R5p/6p2/2B1C4/c7P/6r2/4A4/2B1KA1R1 w,0.9639447,2640
2bk1a3/4a4/9/p1R5p/6p2/2B1C4/c6RP/6r2/4A4/2B1KA3 b,-0.93130577,4920
2bk1a3/4a4/9/p1R5p/6p2/2B1C4/7RP/6r2/4A4/c1B1KA3 w,0.972152,7537
2bk1a3/4a4/9/p1R5p/6p2/2B1C4/7RP/4B1r2/4A4/c3KA3 b,-0.98817706,198
2bk1a3/4a4/9/p1R5p/6p2/2B1C4/7RP/4r4/4A4/c3KA3 w,0.99986887,5547
2bk1a3/4a4/9/p1R5p/6p2/4C4/7RP/4B4/4A4/c3KA3 b,-0.999438,7374
2bk1a3/4a4/9/p1R5p/6p2/4C4/c6RP/4B4/4A4/4KA3 w,0.999903,2612
2bk1a3/4a4/9/p2R4p/6p2/4C4/c6RP/4B4/4A4/4KA3 b,-0.9995063,1191
2bk1a3/9/3a5/p2R4p/6p2/4C4/c6RP/4B4/4A4/4KA3 w,0.9993025,2721
2bk1a3/9/3R5/p7p/6p2/4C4/c6RP/4B4/4A4/4KA3 b,-0.9997992,274
2b1ka3/9/3R5/p7p/6p2/4C4/c6RP/4B4/4A4/4KA3 w,1,1912
2b1ka3/9/3R5/p7p/6p2/4C4/c2R4P/4B4/4A4/4KA3 b,-0.9997702,3194
2b1ka3/9/3R5/p7p/6p2/4C4/3R4P/4B4/4A4/c3KA3 w,0.99987745,5186
2b1ka3/9/9/p7p/3R2p2/4C4/3R4P/4B4/4A4/c3KA3 b,-0.99935466,7344
2b1ka3/9/9/p7p/3R2p2/4C4/3R4P/4B4/4A4/4Kc3 w,0.9998248,3551
2b1ka3/9/9/p7p/3R2p2/4C4/3R4P/4B4/4A4/5K3 b,-1,373
2b1ka3/9/9/p7p/3R5/4C1p2/3R4P/4B4/4A4/5K3 w,1,6081
2b1ka3/9/9/p7p/3R5/4C1p2/3R4P/4B4/4A4/4K4 b,-0.9997919,3194
2b1ka3/9/9/p7p/3R5/4Cp3/3R4P/4B4/4A4/4K4 w,1,3513
2b1ka3/9/9/p7p/3RC4/5p3/3R4P/4B4/4A4/4K4 b,-0.9999132,4549
4ka3/9/b8/p7p/3RC4/5p3/3R4P/4B4/4A4/4K4 w,1,3513
4ka3/9/b8/p2R4p/4C4/5p3/3R4P/4B4/4A4/4K4 b,-0.9998668,4559
5a3/4k4/b8/p2R4p/4C4/5p3/3R4P/4B4/4A4/4K4 w,1,2712
5a3/4k4/b8/p2R4p/4C4/5p3/3R4P/4B4/4A4/3K5 b,-0.9998668,1184
5a3/4k4/b8/p2R4p/4C4/9/3R1p2P/4B4/4A4/3K5 w,1,2731
5a3/4k4/b8/p2R4p/4C4/9/3R1p2P/4B4/4A4/4K4 b,-0.99982595,1174
5a3/4k4/b8/p2R4p/4C4/9/3R4P/4Bp3/4A4/4K4 w,1,2731
5a3/4k4/b8/p2R4p/4C4/9/3R4P/4BA3/9/4K4 b,-0.99993944,1174
2b2a3/4k4/9/p2R4p/4C4/9/3R4P/4BA3/9/4K4 w,1,2712
2b2a3/4k4/9/p2R4p/4C4/9/1R6P/4BA3/9/4K4 b,-0.9998478,198
2b2a3/4k4/9/3R4p/p3C4/9/1R6P/4BA3/9/4K4 w,0.99989474,2731
2b2a3/4k4/9/3R4p/p3C4/9/1R6P/4BA3/9/3K5 b,-1,1174
2b2a3/5k3/9/3R4p/p3C4/9/1R6P/4BA3/9/3K5 w,1,2712
2b2a3/1R3k3/9/3R4p/p3C4/9/8P/4BA3/9/3K5 b,-0.99991715,1283
2b2a3/1R7/5k3/3R4p/p3C4/9/8P/4BA3/9/3K5 w,1,955
2b2a3/9/1R3k3/3R4p/p3C4/9/8P/4BA3/9/3K5 b,-1,2084
2b2a3/5k3/1R7/3R4p/p3C4/9/8P/4BA3/9/3K5 w,1,2732
2b2a3/5k3/2R6/3R4p/p3C4/9/8P/4BA3/9/3K5 b,-1,3194
5a3/5k3/b1R6/3R4p/p3C4/9/8P/4BA3/9/3K5 w,1,1811
5a3/2R2k3/b8/3R4p/p3C4/9/8P/4BA3/9/3K5 b,-1,1283
9/2R1ak3/b8/3R4p/p3C4/9/8P/4BA3/9/3K5 w,1,2732
rnbakabnr/9/1c5c1/p1p1p1p1p/9/9/P1P1P1P1P/1C5C1/9/RNBAKABNR w,0.014449762,5087
rnbakabnr/9/1c5c1/p1p1p1p1p/9/9/P1P1P1P1P/4C2C1/9/RNBAKABNR b,-0.012932254,110
r1bakabnr/9/1cn4c1/p1p1p1p1p/9/9/P1P1P1P1P/4C2C1/9/RNBAKABNR w,0.011422182,7445
r1bakabnr/9/1cn4c1/p1p1p1p1p/9/9/P1P1P1P1P/2N1C2C1/9/R1BAKABNR b,-0.012428113,3012
r1baka1nr/9/1cn1b2c1/p1p1p1p1p/9/9/P1P1P1P1P/2N1C2C1/9/R1BAKABNR w,0.028042147,7372
r1baka1nr/9/1cn1b2c1/p1p1p1p1p/9/9/P1P1P1P1P/2N1C2C1/9/1RBAKABNR b,-0.02165522,1
1rbaka1nr/9/1cn1b2c1/p1p1p1p1p/9/9/P1P1P1P1P/2N1C2C1/9/1RBAKABNR w,0.018024392,5087
1rbaka1nr/9/1cn1b2c1/p1p1p1p1p/9/9/P1P1P1P1P/2N1CC3/9/1RBAKABNR b,-0.012428113,2648
1rbaka2r/9/1cn1b1nc1/p1p1p1p1p/9/9/P1P1P1P1P/2N1CC3/9/1RBAKABNR w,0.019055555,5451
1rbaka2r/9/1cn1b1nc1/p1p1p1p1p/9/9/P1P1P1P1P/2N1CCN2/9/1RBAKAB1R b,-0.017510546,1765
1rbaka2r/9/1cn1b1nc1/p1p1p3p/6p2/9/P1P1P1P1P/2N1CCN2/9/1RBAKAB1R w,0.019572936,8098
1rbaka2r/9/1cn1b1nc1/p1p1p3p/6p2/9/P1P1P1P1P/2N1CCN2/9/1RBAKABR1 b,-0.014449762,727
1rbaka1r1/9/1cn1b1nc1/p1p1p3p/6p2/9/P1P1P1P1P/2N1CCN2/9/1RBAKABR1 w,0.016997816,7408
1rbaka1r1/9/1cn1b1nc1/p1p1p3p/6p2/2P6/P3P1P1P/2N1CCN2/9/1RBAKABR1 b,-0.008420906,1765
1rbaka1r1/9/2n1b1nc1/p1p1p3p/6p2/2P6/Pc2P1P1P/2N1CCN2/9/1RBAKABR1 w,0.012932254,7954
1rbaka1r1/9/2n1b1nc1/p1p1p3p/6p2/2PN5/Pc2P1P1P/4CCN2/9/1RBAKABR1 b,0.0014816026,2311
1rbaka1r1/9/2n1b1n2/p1p1p3p/6p2/2PN5/Pc2P1PcP/4CCN2/9/1RBAKABR1 w,-0.011924766,7816
1rbaka1r1/9/2n1bCn2/p1p1p3p/6p2/2PN5/Pc2P1PcP/4C1N2/9/1RBAKABR1 b,0.02535331,5548
1rbakabr1/9/2n2Cn2/p1p1p3p/6p2/2PN5/Pc2P1PcP/4C1N2/9/1RBAKABR1 w,0.04585602,6061
1rbakabr1/9/2n2Cn2/p1p1N3p/6p2/2P6/Pc2P1PcP/4C1N2/9/1RBAKABR1 b,-0.025618432,1831
1rbakabr1/9/5Cn2/p1p1n3p/6p2/2P6/Pc2P1PcP/4C1N2/9/1RBAKABR1 w,0.007799667,6061
1rbakabr1/9/5Cn2/p1p1C3p/6p2/2P6/Pc2P1PcP/6N2/9/1RBAKABR1 b,-0.014534511,109
2bakabr1/9/1r3Cn2/p1p1C3p/6p2/2P6/Pc2P1PcP/6N2/9/1RBAKABR1 w,-0.00084206735,2839
2bakabr1/9/1r3Cn2/p1p5p/6p2/2P1C4/Pc2P1PcP/6N2/9/1RBAKABR1 b,-0.019456778,1733
2bakabr1/9/5rn2/p1p5p/6p2/2P1C4/Pc2P1PcP/6N2/9/1RBAKABR1 w,0,7435
2bakabr1/9/5rn2/p1p5p/6p2/2P1C4/PR2P1PcP/6N2/9/2BAKABR1 b,0.0010268611,3831
2bakabr1/9/5r3/p1p5p/5np2/2P1C4/PR2P1PcP/6N2/9/2BAKABR1 w,0.00619123,4987
2bakabr1/9/5r3/p1p5p/1R3np2/2P1C4/P3P1PcP/6N2/9/2BAKABR1 b,-0.004460755,3750
2bakabr1/9/5r3/p1p5p/1R4p2/2P1C4/P3P1ncP/6N2/9/2BAKABR1 w,0.0050324383,3372
2bakabr1/9/5r3/p1p5p/6R2/2P1C4/P3P1ncP/6N2/9/2BAKABR1 b,-0.00657011,5449
2bakabr1/9/5r3/p1p5p/6R2/2P1n4/P3P2cP/6N2/9/2BAKABR1 w,0.004916287,5269
2bakabr1/9/5r3/p1p5p/6R2/2P1P4/P6cP/6N2/9/2BAKABR1 b,-0.0045435224,2129
2bakabr1/9/5r3/p1p5p/6R2/2P1P4/P7P/6Nc1/9/2BAKABR1 w,0.008180164,3831
2bakabr1/9/5r3/p1p5p/6R2/2P1P4/P7P/6Nc1/7R1/2BAKAB2 b,-0.0040337103,2129
2bakabr1/9/9/p1p5p/6R2/2P1P4/P7P/5rNc1/7R1/2BAKAB2 w,0.012272201,3831
2bakabr1/9/9/p1p5p/6R2/2P1P4/P7P/4BrNc1/7R1/2BAKA3 b,-0.008445668,6179
2baka1r1/9/4b4/p1p5p/6R2/2P1P4/P7P/4BrNc1/7R1/2BAKA3 w,0.016663142,3840
2baka1r1/9/4b4/p1p5p/9/2P1P4/P5R1P/4BrNc1/7R1/2BAKA3 b,-0.015159991,673
2baka1r1/9/4b4/p1p5p/9/2P1Pr3/P5R1P/4B1Nc1/7R1/2BAKA3 w,0.024572568,4450
2baka1r1/9/4b4/p1p5p/9/2P1Pr3/P3R3P/4B1Nc1/7R1/2BAKA3 b,-0.017897664,4568
2baka1r1/9/4b4/p1p5p/5r3/2P1P4/P3R3P/4B1Nc1/7R1/2BAKA3 w,0.025292547,4450
2baka1r1/9/4b4/p1p5p/4Pr3/2P6/P3R3P/4B1Nc1/7R1/2BAKA3 b,-0.023862964,3713
2baka1r1/9/4b4/p1p5p/4P4/2P6/P3R3P/4BrNc1/7R1/2BAKA3 w,0.021457007,5280
2baka1r1/9/4b4/p1p5p/4P4/2P6/P5R1P/4BrNc1/7R1/2BAKA3 b,-0.021793598,283
2baka3/9/4b4/p1p5p/4P4/2P4r1/P5R1P/4BrNc1/7R1/2BAKA3 w,0.023163455,5633
2baka3/9/4b4/p1p5p/4P4/2P4r1/P5R1P/4BrNc1/4A2R1/2BAK4 b,-0.0017581279,6189
2baka3/9/4br3/p1p5p/4P4/2P4r1/P5R1P/4B1Nc1/4A2R1/2BAK4 w,0.06415375,5459
2baka3/9/4br3/p1p5p/4P4/2P4r1/P3N1R1P/4B2c1/4A2R1/2BAK4 b,-0.058821227,2120
2baka3/9/4b4/p1p2r2p/4P4/2P4r1/P3N1R1P/4B2c1/4A2R1/2BAK4 w,0.08258389,5271
2baka3/9/4b4/p1p2r2p/4P4/2P3Nr1/P5R1P/4B2c1/4A2R1/2BAK4 b,-0.090544336,2913
2baka3/9/4b4/p1p3r1p/4P4/2P3Nr1/P5R1P/4B2c1/4A2R1/2BAK4 w,0.1572692,6926
2baka3/9/4b4/p1p3r1p/4P4/2P3Nr1/P3R3P/4B2c1/4A2R1/2BAK4 b,-0.0032722196,3021
2baka3/9/4b4/p1p3r2/4P3p/2P3Nr1/P3R3P/4B2c1/4A2R1/2BAK4 w,0.17385362,6926
2baka3/9/4b4/p1p1P1r2/8p/2P3Nr1/P3R3P/4B2c1/4A2R1/2BAK4 b,-0.01115592,3021
2baka3/9/4b4/p1p1P1r2/8p/2P3r2/P3R3P/4B2c1/4A2R1/2BAK4 w,0.63046825,6081
2baka3/9/4b4/p1p1P1r2/8p/2P3B2/P3R3P/7c1/4A2R1/2BAK4 b,-0.54840785,3004
2baka3/9/4b4/p1p1P1rc1/8p/2P3B2/P3R3P/9/4A2R1/2BAK4 w,0.6462844,2812
2baka3/9/4P4/p1p3rc1/8p/2P3B2/P3R3P/9/4A2R1/2BAK4 b,-0.57028,202
3aka3/9/4b4/p1p3rc1/8p/2P3B2/P3R3P/9/4A2R1/2BAK4 w,0.6899422,4657
3aka3/9/4R4/p1p3rc1/8p/2P3B2/P7P/9/4A2R1/2BAK4 b,-0.64735824,283
4ka3/4a4/4R4/p1p3rc1/8p/2P3B2/P7P/9/4A2R1/2BAK4 w,0.68756825,7153
4ka3/4a4/9/p1p3rc1/4R3p/2P3B2/P7P/9/4A2R1/2BAK4 b,-0.6172581,3000
4ka3/4a4/9/p1p3r1c/4R3p/2P3B2/P7P/9/4A2R1/2BAK4 w,0.6443958,3644
4ka3/4a4/7R1/p1p3r1c/4R3p/2P3B2/P7P/9/4A4/2BAK4 b,-0.5767749,3212
4ka3/4a4/7R1/p1p5c/4R3p/2P3r2/P7P/9/4A4/2BAK4 w,0.6771491,3658
4ka3/4a4/2R6/p1p5c/4R3p/2P3r2/P7P/9/4A4/2BAK4 b,-0.63767505,3180
4ka3/4a4/2R6/p1p5c/4R3p/2Pr5/P7P/9/4A4/2BAK4 w,0.6859346,3658
2R1ka3/4a4/9/p1p5c/4R3p/2Pr5/P7P/9/4A4/2BAK4 b,-0.6531137,4323
2Rrka3/4a4/9/p1p5c/4R3p/2P6/P7P/9/4A4/2BAK4 w,0.70028335,209
3rka3/4a4/9/p1R5c/4R3p/2P6/P7P/9/4A4/2BAK4 b,-0.7251423,3212
3rka3/4a4/9/p1R6/4R3p/2P6/P7c/9/4A4/2BAK4 w,0.7338759,4268
3rka3/4a4/9/R8/4R3p/2P6/P7c/9/4A4/2BAK4 b,-0.6886507,4013
4ka3/4a4/9/R8/4R3p/2P6/P2r4c/9/4A4/2BAK4 w,0.7459068,4268
R3ka3/4a4/9/9/4R3p/2P6/P2r4c/9/4A4/2BAK4 b,-0.732262,5133
R2rka3/4a4/9/9/4R3p/2P6/P7c/9/4A4/2BAK4 w,0.69768137,45
3rka3/R3a4/9/9/4R3p/2P6/P7c/9/4A4/2BAK4 b,-0.7065617,272
4ka3/R3a4/9/9/4R3p/2P6/P2r4c/9/4A4/2BAK4 w,0.7616639,810
4ka3/R3a4/9/9/2P1R3p/9/P2r4c/9/4A4/2BAK4 b,-0.7094877,5640
4ka3/R3a4/9/9/2P1R3p/9/P2rc4/9/4A4/2BAK4 w,0.8156825,6908
4ka3/R3a4/9/9/2P1R3p/9/P2rc4/3A5/9/2BAK4 b,-0.7980471,363
3k1a3/R3a4/9/9/2P1R3p/9/P2rc4/3A5/9/2BAK4 w,0.9658264,3449
R2k1a3/4a4/9/9/2P1R3p/9/P2rc4/3A5/9/2BAK4 b,-0.92654276,282
R4a3/3ka4/9/9/2P1R3p/9/P2rc4/3A5/9/2BAK4 w,0.91738766,3449
5a3/3ka4/9/9/2P1R3p/R8/P2rc4/3A5/9/2BAK4 b,-0.87124187,5280
5a3/3ka4/9/9/2P1R3p/R8/P3c4/3r5/9/2BAK4 w,0.91275287,4059
5a3/3ka4/9/9/2P5p/R8/P3R4/3r5/9/2BAK4 b,-0.9554631,6024
5a3/3ka4/9/9/2P5p/R8/P3R4/9/9/2BrK4 w,0.9653745,7726
5a3/3ka4/9/9/2P5p/R8/P3R4/9/4K4/2Br5 b,-0.99989355,7635
5a3/3ka4/9/9/2P5p/R8/P3R4/9/3rK4/2B6 w,0.9848821,6907
5a3/3ka4/9/9/2P5p/R8/P3R4/9/3r5/2B1K4 b,-0.99997836,6834
3k1a3/4a4/9/9/2P5p/R8/P3R4/9/3r5/2B1K4 w,0.99975973,4050
R2k1a3/4a4/9/9/2P5p/9/P3R4/9/3r5/2B1K4 b,-1,282
R4a3/3ka4/9/9/2P5p/9/P3R4/9/3r5/2B1K4 w,0.9999821,5275
R4a3/3ka4/9/9/2P5p/9/PR7/9/3r5/2B1K4 b,-1,6834
R4a3/3ka4/9/9/2P5p/9/PR7/9/9/2BrK4 w,0.99996364,7726
R4a3/3ka4/9/9/2P5p/9/PR7/9/4K4/2Br5 b,-1,7635
R4a3/3ka4/9/9/2P5p/9/PR7/9/4K4/2B1r4 w,1,6925
R4a3/3ka4/9/9/2P5p/9/PR7/9/9/2B1K4 b,-1,4013
R4a3/4a4/3k5/9/2P5p/9/PR7/9/9/2B1K4 w,1,5007
rnbakabnr/9/1c5c1/p1p1p1p1p/9/9/P1P1P1P1P/1C5C1/9/RNBAKABNR w,0.014449762,5087
rnbakabnr/9/1c5c1/p1p1p1p1p/9/9/P1P1P1P1P/4C2C1/9/RNBAKABNR b,-0.012932254,110
r1bakabnr/9/1cn4c1/p1p1p1p1p/9/9/P1P1P1P1P/4C2C1/9/RNBAKABNR w,0.011422182,7445
r1bakabnr/9/1cn4c1/p1p1p1p1p/9/9/P1P1P1P1P/2N1C2C1/9/R1BAKABNR b,-0.012428113,3012
r1baka1nr/9/1cn1b2c1/p1p1p1p1p/9/9/P1P1P1P1P/2N1C2C1/9/R1BAKABNR w,0.028042147,7372
r1baka1nr/9/1cn1b2c1/p1p1p1p1p/9/9/P1P1P1P1P/2N1C2C1/9/1RBAKABNR b,-0.02165522,1
1rbaka1nr/9/1cn1b2c1/p1p1p1p1p/9/9/P1P1P1P1P/2N1C2C1/9/1RBAKABNR w,0.018024392,5087
1rbaka1nr/9/1cn1b2c1/p1p1p1p1p/9/9/P1P1P1P1P/2N1CC3/9/1RBAKABNR b,-0.012428113,2648
1rbaka2r/9/1cn1b1nc1/p1p1p1p1p/9/9/P1P1P1P1P/2N1CC3/9/1RBAKABNR w,0.019055555,5451
1rbaka2r/9/1cn1b1nc1/p1p1p1p1p/9/9/P1P1P1P1P/2N1CCN2/9/1RBAKAB1R b,-0.017510546,1765
1rbaka2r/9/1cn1b1nc1/p1p1p3p/6p2/9/P1P1P1P1P/2N1CCN2/9/1RBAKAB1R w,0.019572936,8098
1rbaka2r/9/1cn1b1nc1/p1p1p3p/6p2/9/P1P1P1P1P/2N1CCN2/9/1RBAKABR1 b,-0.014449762,727
1rbaka1r1/9/1cn1b1nc1/p1p1p3p/6p2/9/P1P1P1P1P/2N1CCN2/9/1RBAKABR1 w,0.016997816,7408
1rbaka1r1/9/1cn1b1nc1/p1p1p3p/6p2/2P6/P3P1P1P/2N1CCN2/9/1RBAKABR1 b,-0.008420906,1765
1rbaka1r1/9/2n1b1nc1/p1p1p3p/6p2/2P6/Pc2P1P1P/2N1CCN2/9/1RBAKABR1 w,0.012932254,7954
1rbaka1r1/9/2n1b1nc1/p1p1p3p/6p2/2PN5/Pc2P1P1P/4CCN2/9/1RBAKABR1 b,0.0014816026,2311
1rbaka1r1/9/2n1b1n2/p1p1p3p/6p2/2PN5/Pc2P1PcP/4CCN2/9/1RBAKABR1 w,-0.011924766,7816
1rbaka1r1/9/2n1bCn2/p1p1p3p/6p2/2PN5/Pc2P1PcP/4C1N2/9/1RBAKABR1 b,0.02535331,5548
1rbakabr1/9/2n2Cn2/p1p1p3p/6p2/2PN5/Pc2P1PcP/4C1N2/9/1RBAKABR1 w,0.04585602,6061
1rbakabr1/9/2n2Cn2/p1p1N3p/6p2/2P6/Pc2P1PcP/4C1N2/9/1RBAKABR1 b,-0.025618432,1831
1rbakabr1/9/5Cn2/p1p1n3p/6p2/2P6/Pc2P1PcP/4C1N2/9/1RBAKABR1 w,0.007799667,6061
1rbakabr1/9/5Cn2/p1p1C3p/6p2/2P6/Pc2P1PcP/6N2/9/1RBAKABR1 b,-0.014534511,109
2bakabr1/9/1r3Cn2/p1p1C3p/6p2/2P6/Pc2P1PcP/6N2/9/1RBAKABR1 w,-0.00084206735,2839
2bakabr1/9/1r3Cn2/p1p5p/6p2/2P1C4/Pc2P1PcP/6N2/9/1RBAKABR1 b,-0.019456778,1733
2bakabr1/9/5rn2/p1p5p/6p2/2P1C4/Pc2P1PcP/6N2/9/1RBAKABR1 w,0,7435
2bakabr1/9/5rn2/p1p5p/6p2/2P1C4/PR2P1PcP/6N2/9/2BAKABR1 b,0.0010268611,3831
2bakabr1/9/6n2/p1p5p/6p2/2P1C4/PR2PrPcP/6N2/9/2BAKABR1 w,0.39088708,4969
2bakabr1/9/6n2/p1p5p/1R4p2/2P1C4/P3PrPcP/6N2/9/2BAKABR1 b,-0.1593855,3831
2bakabr1/9/9/p1p5p/1R3np2/2P1C4/P3PrPcP/6N2/9/2BAKABR1 w,0.6604994,3370
2bakabr1/9/9/p1p5p/1R3np2/2P1C4/P3PrPcP/6N2/7R1/2BAKAB2 b,-0.2315968,373
2bakabr1/9/9/p1p5p/1R3np2/2P1C4/P3P1PcP/5rN2/7R1/2BAKAB2 w,0.66504467,3370
2bakabr1/9/9/p1p5p/1R3np2/2P1C4/P3P1PcP/5r3/7RN/2BAKAB2 b,-0.36218986,5548
2bakabr1/9/9/p1p5p/1R3np2/2P1C4/P3P1P1P/5r1c1/7RN/2BAKAB2 w,0.8349533,3370
2bakabr1/9/9/p1p5p/1R3np2/2P1C4/P3P1P1P/5r1c1/4A2RN/2BAK1B2 b,-0.0733245,3750
2bakabr1/9/9/p1p5p/1R3np2/2P1C4/P3PrP1P/7c1/4A2RN/2BAK1B2 w,0.7526644,3370
2bakabr1/9/9/p1p5p/1R3np2/2P1C1P2/P3Pr2P/7c1/4A2RN/2BAK1B2 b,-0.0037716855,5368
2bakabr1/9/9/p1p5p/1R3n3/2P1C1p2/P3Pr2P/7c1/4A2RN/2BAK1B2 w,0.664083,3370
2bakabr1/9/9/p1p5p/4Rn3/2P1C1p2/P3Pr2P/7c1/4A2RN/2BAK1B2 b,-0.64090973,283
2bakabr1/9/4n4/p1p5p/4R4/2P1C1p2/P3Pr2P/7c1/4A2RN/2BAK1B2 w,0.626674,3643
2bakabr1/9/4n4/p1p5p/7R1/2P1C1p2/P3Pr2P/7c1/4A2RN/2BAK1B2 b,-0.67762464,2021
2bakabr1/9/9/p1p5p/5n1R1/2P1C1p2/P3Pr2P/7c1/4A2RN/2BAK1B2 w,0.6908741,3877
2bakabR1/9/9/p1p5p/5n3/2P1C1p2/P3Pr2P/7c1/4A2RN/2BAK1B2 b,-0.62750304,6334
2bakabR1/9/9/p1p5p/5n3/2P1C1pc1/P3Pr2P/9/4A2RN/2BAK1B2 w,0.6449526,7897
2bakaR2/9/9/p1p5p/5n3/2P1C1pc1/P3Pr2P/9/4A2RN/2BAK1B2 b,-0.58557636,3750
2bakaR2/9/9/p1p5p/5n3/2P1C1pc1/P3r3P/9/4A2RN/2BAK1B2 w,0.61795795,4462
2bakaR2/9/9/p1p5p/5n3/2P3pC1/P3r3P/9/4A2RN/2BAK1B2 b,-0.6373339,5280
2bakaR2/9/9/p1p5p/5n3/2P4p1/P3r3P/9/4A2RN/2BAK1B2 w,0.6482931,7187
2bakaR2/9/9/p1p5p/5n3/2P4p1/P3r3P/9/4AR2N/2BAK1B2 b,-0.73129094,5280
2bakaR2/9/9/p1p5p/4rn3/2P4p1/P7P/9/4AR2N/2BAK1B2 w,0.74944186,582
2baka3/9/9/p1p5p/4rnR2/2P4p1/P7P/9/4AR2N/2BAK1B2 b,-0.6925927,202
2baka3/9/9/p1p5p/r4nR2/2P4p1/P7P/9/4AR2N/2BAK1B2 w,0.74721825,3849
2baka3/9/9/p1p5p/r4R3/2P4p1/P7P/9/4AR2N/2BAK1B2 b,-0.5150742,3281
2baka3/9/9/p1p5p/5r3/2P4p1/P7P/9/4AR2N/2BAK1B2 w,0.6381523,6971
2baka3/9/9/p1p5p/5R3/2P4p1/P7P/9/4A3N/2BAK1B2 b,-0.8426498,4731
2b1ka3/4a4/9/p1p5p/5R3/2P4p1/P7P/9/4A3N/2BAK1B2 w,0.87498456,7269
2b1ka3/4a4/9/p1p5p/5R3/2P4p1/P7P/6N2/4A4/2BAK1B2 b,-0.8862348,4731
2b1ka3/4a4/9/p1p5p/5R3/2P6/P6pP/6N2/4A4/2BAK1B2 w,0.90909964,6906
2b1ka3/4a4/9/p1p5p/5R3/2P2N3/P6pP/9/4A4/2BAK1B2 b,-0.90145177,1193
2b1ka3/4a4/9/p1p5p/5R3/2P2N3/P7p/9/4A4/2BAK1B2 w,0.94666576,4543
2b1ka3/4a4/9/p1p5p/3N1R3/2P6/P7p/9/4A4/2BAK1B2 b,-0.93976635,1193
2b1ka3/4a4/9/p1p5p/3N1R3/2P6/P6p1/9/4A4/2BAK1B2 w,0.96915674,3538
2b1ka3/4a4/9/pNp5p/5R3/2P6/P6p1/9/4A4/2BAK1B2 b,-0.96443284,1191
2bk1a3/4a4/9/pNp5p/5R3/2P6/P6p1/9/4A4/2BAK1B2 w,0.953636,3727
2bk1a3/4a4/9/pNp5p/3R5/2P6/P6p1/9/4A4/2BAK1B2 b,-0.96113414,1191
2bk1a3/9/3a5/pNp5p/3R5/2P6/P6p1/9/4A4/2BAK1B2 w,0.96044004,6908
2bk1a3/9/3R5/pNp5p/9/2P6/P6p1/9/4A4/2BAK1B2 b,-0.98928523,274
2b1ka3/9/3R5/pNp5p/9/2P6/P6p1/9/4A4/2BAK1B2 w,0.9915289,2531
2b1ka3/2N6/3R5/p1p5p/9/2P6/P6p1/9/4A4/2BAK1B2 b,-0.99289984,373
2b2a3/2N1k4/3R5/p1p5p/9/2P6/P6p1/9/4A4/2BAK1B2 w,0.98697364,1914
2b2a3/2N1k4/7R1/p1p5p/9/2P6/P6p1/9/4A4/2BAK1B2 b,-0.9796273,1182
2b2a3/2N2k3/7R1/p1p5p/9/2P6/P6p1/9/4A4/2BAK1B2 w,1,2266
2b2a3/5k3/7R1/p1pN4p/9/2P6/P6p1/9/4A4/2BAK1B2 b,-1,463
2b6/4ak3/7R1/p1pN4p/9/2P6/P6p1/9/4A4/2BAK1B2 w,0.99471223,6926
2b6/4ak3/9/p1pN4p/9/2P6/P6R1/9/4A4/2BAK1B2 b,-0.99784696,1265
2b6/5k3/3a5/p1pN4p/9/2P6/P6R1/9/4A4/2BAK1B2 w,0.9926471,6908
2b6/5k1R1/3a5/p1pN4p/9/2P6/P8/9/4A4/2BAK1B2 b,-0.9954046,1265
2b2k3/7R1/3a5/p1pN4p/9/2P6/P8/9/4A4/2BAK1B2 w,0.9984174,1465
2b2k1R1/9/3a5/p1pN4p/9/2P6/P8/9/4A4/2BAK1B2 b,-0.99458766,464
2b4R1/5k3/3a5/p1pN4p/9/2P6/P8/9/4A4/2BAK1B2 w,0.9941265,700
2R6/5k3/3a5/p1pN4p/9/2P6/P8/9/4A4/2BAK1B2 b,-0.99956036,3194
2R6/4k4/3a5/p1pN4p/9/2P6/P8/9/4A4/2BAK1B2 w,0.9997123,209
9/4k4/3a5/p1RN4p/9/2P6/P8/9/4A4/2BAK1B2 b,-0.9996704,2466
9/3k5/3a5/p1RN4p/9/2P6/P8/9/4A4/2BAK1B2 w,0.9999745,2637
9/3k5/3a1N3/p1R5p/9/2P6/P8/9/4A4/2BAK1B2 b,-1,1093
9/4k4/3a1N3/p1R5p/9/2P6/P8/9/4A4/2BAK1B2 w,0.9999801,2076
9/4k4/3a1N3/p3R3p/9/2P6/P8/9/4A4/2BAK1B2 b,-1,1184
9/5k3/3a1N3/p3R3p/9/2P6/P8/9/4A4/2BAK1B2 w,1,2100
9/5k3/3a5/p3R3p/6N2/2P6/P8/9/4A4/2BAK1B2 b,-1,1903
5k3/9/3a5/p3R3p/6N2/2P6/P8/9/4A4/2BAK1B2 w,0.99999887,3805
5k3/9/3a5/p3R3p/2P3N2/9/P8/9/4A4/2BAK1B2 b,-1,1903
5k3/9/3a5/p3R4/2P3N1p/9/P8/9/4A4/2BAK1B2 w,0.99995595,2817
5k3/9/3aR4/p8/2P3N1p/9/P8/9/4A4/2BAK1B2 b,-0.9997429,4013
5k3/4a4/4R4/p8/2P3N1p/9/P8/9/4A4/2BAK1B2 w,1,1993
5k3/4R4/9/p8/2P3N1p/9/P8/9/4A4/2BAK1B2 b,-1,4013
5k3/4R4/9/9/p1P3N1p/9/P8/9/4A4/2BAK1B2 w,1,6908
5k3/4R4/5N3/9/p1P5p/9/P8/9/4A4/2BAK1B2 b,-1,3285
5k3/4R4/5N3/9/p1P6/8p/P8/9/4A4/2BAK1B2 w,1,2086
rnbakabnr/9/1c5c1/p1p1p1p1p/9/9/P1P1P1P1P/1C5C1/9/RNBAKABNR w,0.014449762,5087
rnbakabnr/9/1c5c1/p1p1p1p1p/9/9/P1P1P1P1P/4C2C1/9/RNBAKABNR b,-0.012932254,110
r1bakabnr/9/1cn4c1/p1p1p1p1p/9/9/P1P1P1P1P/4C2C1/9/RNBAKABNR w,0.011422182,7445
r1bakabnr/9/1cn4c1/p1p1p1p1p/9/9/P1P1P1P1P/2N1C2C1/9/R1BAKABNR b,-0.012428113,3012
r1baka1nr/9/1cn1b2c1/p1p1p1p1p/9/9/P1P1P1P1P/2N1C2C1/9/R1BAKABNR w,0.028042147,7372
r1baka1nr/9/1cn1b2c1/p1p1p1p1p/9/9/P1P1P1P1P/2N1C2C1/9/1RBAKABNR b,-0.02165522,1
1rbaka1nr/9/1cn1b2c1/p1p1p1p1p/9/9/P1P1P1P1P/2N1C2C1/9/1RBAKABNR w,0.018024392,5087
1rbaka1nr/9/1cn1b2c1/p1p1p1p1p/9/9/P1P1P1P1P/2N1CC3/9/1RBAKABNR b,-0.012428113,2648
1rbaka2r/9/1cn1b1nc1/p1p1p1p1p/9/9/P1P1P1P1P/2N1CC3/9/1RBAKABNR w,0.019055555,5451
1rbaka2r/9/1cn1b1nc1/p1p1p1p1p/9/9/P1P1P1P1P/2N1CCN2/9/1RBAKAB1R b,-0.017510546,1765
1rbaka2r/9/1cn1b1nc1/p1p1p3p/6p2/9/P1P1P1P1P/2N1CCN2/9/1RBAKAB1R w,0.019572936,8098
1rbaka2r/9/1cn1b1nc1/p1p1p3p/6p2/9/P1P1P1P1P/2N1CCN2/9/1RBAKABR1 b,-0.014449762,727
1rbaka1r1/9/1cn1b1nc1/p1p1p3p/6p2/9/P1P1P1P1P/2N1CCN2/9/1RBAKABR1 w,0.016997816,7408
1rbaka1r1/9/1cn1b1nc1/p1p1p3p/6p2/2P6/P3P1P1P/2N1CCN2/9/1RBAKABR1 b,-0.008420906,1765
1rbaka1r1/9/2n1b1nc1/p1p1p3p/6p2/2P6/Pc2P1P1P/2N1CCN2/9/1RBAKABR1 w,0.012932254,7954
1rbaka1r1/9/2n1b1nc1/p1p1p3p/6p2/2PN5/Pc2P1P1P/4CCN2/9/1RBAKABR1 b,0.0014816026,2311
1rbaka1r1/9/2n1b1n2/p1p1p3p/6p2/2PN5/Pc2P1PcP/4CCN2/9/1RBAKABR1 w,-0.011924766,7816
1rbaka1r1/9/2n1bCn2/p1p1p3p/6p2/2PN5/Pc2P1PcP/4C1N2/9/1RBAKABR1 b,0.02535331,5548
1rbakabr1/9/2n2Cn2/p1p1p3p/6p2/2PN5/Pc2P1PcP/4C1N2/9/1RBAKABR1 w,0.04585602,6061
1rbakabr1/9/2n2Cn2/p1p1N3p/6p2/2P6/Pc2P1PcP/4C1N2/9/1RBAKABR1 b,-0.025618432,1831
1rbakabr1/9/5Cn2/p1p1n3p/6p2/2P6/Pc2P1PcP/4C1N2/9/1RBAKABR1 w,0.007799667,6061
1rbakabr1/9/5Cn2/p1p1C3p/6p2/2P6/Pc2P1PcP/6N2/9/1RBAKABR1 b,-0.014534511,109
2bakabr1/9/1r3Cn2/p1p1C3p/6p2/2P6/Pc2P1PcP/6N2/9/1RBAKABR1 w,-0.00084206735,2839
2bakabr1/9/1r3Cn2/p1p5p/6p2/2P1C4/Pc2P1PcP/6N2/9/1RBAKABR1 b,-0.019456778,1733
2bakabr1/9/5rn2/p1p5p/6p2/2P1C4/Pc2P1PcP/6N2/9/1RBAKABR1 w,0,7435
2bakabr1/9/5rn2/p1p5p/6p2/2P1C4/PR2P1PcP/6N2/9/2BAKABR1 b,0.0010268611,3831
2bakabr1/9/5r3/p1p5p/5np2/2P1C4/PR2P1PcP/6N2/9/2BAKABR1 w,0.00619123,4987
2bakabr1/9/5r3/p1p5p/1R3np2/2P1C4/P3P1PcP/6N2/9/2BAKABR1 b,-0.004460755,3750
2bakabr1/9/5r3/p1p5p/1R4p2/2P1C4/P3P1ncP/6N2/9/2BAKABR1 w,0.0050324383,3372
2bakabr1/9/5r3/p1p5p/6R2/2P1C4/P3P1ncP/6N2/9/2BAKABR1 b,-0.00657011,5449
2bakabr1/9/5r3/p1p5p/6R2/2P1n4/P3P2cP/6N2/9/2BAKABR1 w,0.004916287,5269
2bakabr1/9/5r3/p1p5p/6R2/2P1P4/P6cP/6N2/9/2BAKABR1 b,-0.0045435224,2129
2bakabr1/9/5r3/p1p5p/6R2/2P1P4/P7P/6Nc1/9/2BAKABR1 w,0.008180164,3831
2bakabr1/9/5r3/p1p5p/6R2/2P1P4/P7P/6Nc1/7R1/2BAKAB2 b,-0.0040337103,2129
2bakabr1/9/9/p1p5p/6R2/2P1P4/P7P/5rNc1/7R1/2BAKAB2 w,0.012272201,3831
2bakabr1/9/9/p1p3R1p/9/2P1P4/P7P/5rNc1/7R1/2BAKAB2 b,-0.007651792,6179
2bakab2/9/9/p1p3R1p/9/2P1P4/P6rP/5rNc1/7R1/2BAKAB2 w,0.049776442,2976
2bakaR2/9/9/p1p5p/9/2P1P4/P6rP/5rNc1/7R1/2BAKAB2 b,-0.05478155,2648
2bakaR2/9/9/p1p5p/9/2P1P4/P3r3P/5rNc1/7R1/2BAKAB2 w,0.49902156,7816
2bakaR2/9/9/p1p5p/9/2P1P4/P3r3P/5rNc1/4A2R1/2BAK1B2 b,-0.49075776,5269
2bakaR2/9/9/p1p5p/9/2P1P4/P3r3P/5rN1c/4A2R1/2BAK1B2 w,0.591632,7897
2bakaR2/9/9/p1p5p/9/2P1P4/P3r3P/4BrN1c/4A2R1/2BAK4 b,-0.5347777,202
2bakaR2/9/9/p1p5p/9/2P1P4/P3r3P/4B1r1c/4A2R1/2BAK4 w,0.6133641,609
2baka3/9/9/p1p5p/9/2P1P4/P3r3P/4B1R1c/4A2R1/2BAK4 b,-0.58236194,5282
2baka3/9/9/p1p5p/9/2P1P4/P3r3P/4B1R2/4A2R1/2BAK3c w,0.6208825,7144
2baka1R1/9/9/p1p5p/9/2P1P4/P3r3P/4B1R2/4A4/2BAK3c b,-0.47797886,5274
2b1ka1R1/4a4/9/p1p5p/9/2P1P4/P3r3P/4B1R2/4A4/2BAK3c w,0.5973247,4905
2b1ka1R1/4a4/9/p1p5p/9/2P1P4/P3r3P/4B4/4A1R2/2BAK3c b,-0.4903373,2466
2b1ka1R1/4a4/9/p1p5p/9/2P1r4/P7P/4B4/4A1R2/2BAK3c w,0.62826484,7100
2b1ka3/4a4/9/p1p4Rp/9/2P1r4/P7P/4B4/4A1R2/2BAK3c b,-0.5713145,4468
2b1ka3/4a4/9/p1p4Rp/9/2P6/P3r3P/4B4/4A1R2/2BAK3c w,0.5155326,7044
2b1ka3/4a4/9/p1R5p/9/2P6/P3r3P/4B4/4A1R2/2BAK3c b,-0.4532549,5281
4ka3/4a4/4b4/p1R5p/9/2P6/P3r3P/4B4/4A1R2/2BAK3c w,0.53839356,6908
4ka3/4a4/4b4/R7p/9/2P6/P3r3P/4B4/4A1R2/2BAK3c b,-0.48873484,5282
4ka3/4a4/4b4/R7p/9/2P6/P6rP/4B4/4A1R2/2BAK3c w,0.5366439,6908
R3ka3/4a4/4b4/8p/9/2P6/P6rP/4B4/4A1R2/2BAK3c b,-0.50152683,1173
R2aka3/9/4b4/8p/9/2P6/P6rP/4B4/4A1R2/2BAK3c w,0.5556685,6908
R2aka3/9/4b1R2/8p/9/2P6/P6rP/4B4/4A4/2BAK3c b,-0.4128656,2018
R2aka3/9/4b1R2/8p/9/2P6/P7P/4B4/4A4/2BAK2rc w,0.42220023,6926
R2aka3/9/4b1R2/8p/9/2P6/P7P/4B4/9/2BAKA1rc b,-0.35543367,7963
R2aka3/9/4b1Rr1/8p/9/2P6/P7P/4B4/9/2BAKA2c w,0.47595745,2247
R2aka3/9/4b2r1/8p/9/2P6/P7P/4B4/9/2BAKAR1c b,-0.43473214,8098
R2aka3/9/4b2r1/8p/9/2P6/P7P/4B4/8c/2BAKAR2 w,0.583885,27
3aka3/9/R3b2r1/8p/9/2P6/P7P/4B4/8c/2BAKAR2 b,-0.5238978,7279
3aka3/9/R3b2r1/8p/9/2P6/P7P/4B3c/9/2BAKAR2 w,0.574531,4905
3aka3/9/R3b2r1/8p/9/2P6/P7P/4B3c/4A4/2BAK1R2 b,-0.5651233,3194
3aka3/9/R3b2r1/8p/9/2P6/P7P/4B4/4A3c/2BAK1R2 w,0.6473481,1647
3aka3/9/R3b2r1/8p/2P6/9/P7P/4B4/4A3c/2BAK1R2 b,-0.6024067,3194
3ak4/4a4/R3b2r1/8p/2P6/9/P7P/4B4/4A3c/2BAK1R2 w,0.741765,7919
3ak4/4a4/R3b2r1/2P5p/9/9/P7P/4B4/4A3c/2BAK1R2 b,-0.6236469,7279
3ak4/4a4/R3b2r1/2P6/8p/9/P7P/4B4/4A3c/2BAK1R2 w,0.7033427,1656
3ak4/4a4/4b2r1/2P6/8p/R8/P7P/4B4/4A3c/2BAK1R2 b,-0.664667,2284
3ak4/4a4/4b4/2P6/8p/R8/P6rP/4B4/4A3c/2BAK1R2 w,0.6979764,4099
3ak4/4a4/4b4/3P5/8p/R8/P6rP/4B4/4A3c/2BAK1R2 b,-0.5682648,5524
3ak4/4a4/4b4/3P5/8p/R8/P7r/4B4/4A3c/2BAK1R2 w,0.6619972,7919
3ak4/4a4/4b1R2/3P5/8p/R8/P7r/4B4/4A3c/2BAK4 b,-0.48025367,5641
3ak4/4a4/4b1R2/3P5/8p/R8/P7r/4B4/4A4/2BAK3c w,0.69858795,2182
3ak4/4a4/4R4/3P5/8p/R8/P7r/4B4/4A4/2BAK3c b,-0.6187691,5640
3ak4/4a4/4R4/3P5/8p/R8/P6r1/4B4/4A4/2BAK3c w,0.6592022,6908
3ak4/4a4/3PR4/9/8p/R8/P6r1/4B4/4A4/2BAK3c b,-0.621947,5549
3ak4/4a4/3PR4/9/8p/R8/P8/4B4/4A4/2BAK2rc w,0.6859346,6926
3ak4/4a4/3PR4/9/8p/R8/P8/4B4/9/2BAKA1rc b,-0.7224393,365
3ak4/4a4/3PR4/9/8p/R8/P8/4B4/9/2BAKc1r1 w,0.88816917,6117
3ak4/4a4/3PR4/9/8p/R8/P8/4B4/4K4/2BA1c1r1 b,-0.75504905,7999
3ak4/4a4/3PR4/9/8p/R8/P8/4B4/4K2r1/2BA1c3 w,0.73927695,6925
3ak4/4a4/3PR4/9/8p/R8/P8/4B4/7r1/2BAKc3 b,-0.79613936,7772
3ak4/4a4/3PR4/9/8p/R8/P8/4B4/9/2BAKc1r1 w,0.88816917,6117
3ak4/4a4/3PR4/9/8p/5R3/P8/4B4/9/2BAKc1r1 b,-0.7498641,7824
3ak4/4a4/3PR4/9/8p/5R3/P8/4B4/9/2BcK2r1 w,0.79584575,7726
3ak4/4a4/3PR4/9/8p/5R3/P8/4B4/4K4/2Bc3r1 b,-0.70787853,7646
3ak4/4a4/3PR4/9/8p/5R3/P8/4B4/4K2r1/2Bc5 w,0.73112893,6925
3ak4/4a4/3PR4/9/8p/5R3/P8/4B4/7r1/2BcK4 b,-0.7764808,7198
3ak4/4a4/3PR4/9/8p/5R3/P8/4B4/3c3r1/2B1K4 w,0.8050493,2004
3ak4/3Pa4/4R4/9/8p/5R3/P8/4B4/3c3r1/2B1K4 b,-0.87079304,6822
3ak4/3Pa4/4R4/9/8p/5R3/P8/4B4/1c5r1/2B1K4 w,0.9978574,6117
3Pk4/4a4/4R4/9/8p/5R3/P8/4B4/1c5r1/2B1K4 b,-1,363
3k5/4a4/4R4/9/8p/5R3/P8/4B4/1c5r1/2B1K4 w,0.9994625,1993
3k5/4R4/9/9/8p/5R3/P8/4B4/1c5r1/2B1K4 b,-1,7198
3k5/4R4/9/9/8p/5R3/P8/4B4/1c1r5/2B1K4 w,1,4505
rnbakabnr/9/1c5c1/p1p1p1p1p/9/9/P1P1P1P1P/1C5C1/9/RNBAKABNR w,0.014449762,5087
rnbakabnr/9/1c5c1/p1p1p1p1p/9/9/P1P1P1P1P/4C2C1/9/RNBAKABNR b,-0.012932254,110
r1bakabnr/9/1cn4c1/p1p1p1p1p/9/9/P1P1P1P1P/4C2C1/9/RNBAKABNR w,0.011422182,7445
r1bakabnr/9/1cn4c1/p1p1p1p1p/9/9/P1P1P1P1P/2N1C2C1/9/R1BAKABNR b,-0.012428113,3012
r1baka1nr/9/1cn1b2c1/p1p1p1p1p/9/9/P1P1P1P1P/2N1C2C1/9/R1BAKABNR w,0.028042147,7372
r1baka1nr/9/1cn1b2c1/p1p1p1p1p/9/9/P1P1P1P1P/2N1C2C1/9/1RBAKABNR b,-0.02165522,1
1rbaka1nr/9/1cn1b2c1/p1p1p1p1p/9/9/P1P1P1P1P/2N1C2C1/9/1RBAKABNR w,0.018024392,5087
1rbaka1nr/9/1cn1b2c1/p1p1p1p1p/9/9/P1P1P1P1P/2N1CC3/9/1RBAKABNR b,-0.012428113,2648
1rbaka2r/9/1cn1b1nc1/p1p1p1p1p/9/9/P1P1P1P1P/2N1CC3/9/1RBAKABNR w,0.019055555,5451
1rbaka2r/9/1cn1b1nc1/p1p1p1p1p/9/9/P1P1P1P1P/2N1CCN2/9/1RBAKAB1R b,-0.017510546,1765
1rbaka2r/9/1cn1b1nc1/p1p1p3p/6p2/9/P1P1P1P1P/2N1CCN2/9/1RBAKAB1R w,0.019572936,8098
1rbaka2r/9/1cn1b1nc1/p1p1p3p/6p2/9/P1P1P1P1P/2N1CCN2/9/1RBAKABR1 b,-0.014449762,727
1rbaka1r1/9/1cn1b1nc1/p1p1p3p/6p2/9/P1P1P1P1P/2N1CCN2/9/1RBAKABR1 w,0.016997816,7408
1rbaka1r1/9/1cn1b1nc1/p1p1p3p/6p2/2P6/P3P1P1P/2N1CCN2/9/1RBAKABR1 b,-0.008420906,1765
1rbaka1r1/9/2n1b1nc1/p1p1p3p/6p2/2P6/Pc2P1P1P/2N1CCN2/9/1RBAKABR1 w,0.012932254,7954
1rbaka1r1/9/2n1b1nc1/p1p1p3p/6p2/2PN5/Pc2P1P1P/4CCN2/9/1RBAKABR1 b,0.0014816026,2311
1rbaka1r1/9/2n1b1n2/p1p1p3p/6p2/2PN5/Pc2P1PcP/4CCN2/9/1RBAKABR1 w,-0.011924766,7816
1rbaka1r1/9/2n1bCn2/p1p1p3p/6p2/2PN5/Pc2P1PcP/4C1N2/9/1RBAKABR1 b,0.02535331,5548
1rbakabr1/9/2n2Cn2/p1p1p3p/6p2/2PN5/Pc2P1PcP/4C1N2/9/1RBAKABR1 w,0.04585602,6061
1rbakabr1/9/2n2Cn2/p1p1N3p/6p2/2P6/Pc2P1PcP/4C1N2/9/1RBAKABR1 b,-0.025618432,1831
1rbakabr1/9/5Cn2/p1p1n3p/6p2/2P6/Pc2P1PcP/4C1N2/9/1RBAKABR1 w,0.007799667,6061
1rbakabr1/9/5Cn2/p1p1C3p/6p2/2P6/Pc2P1PcP/6N2/9/1RBAKABR1 b,-0.014534511,109
2bakabr1/9/1r3Cn2/p1p1C3p/6p2/2P6/Pc2P1PcP/6N2/9/1RBAKABR1 w,-0.00084206735,2839
2bakabr1/9/1r3Cn2/p1p1C3p/6p2/2P6/Pc2P1PcP/6NR1/9/1RBAKAB2 b,0.11115347,3831
2bakabr1/9/5rn2/p1p1C3p/6p2/2P6/Pc2P1PcP/6NR1/9/1RBAKAB2 w,-0.026358627,7435
2bakabr1/9/5rn2/p1p1C3p/6p2/2P6/PR2P1PcP/6NR1/9/2BAKAB2 b,0.026223343,3831
2bakabr1/9/6n2/p1p1C3p/6p2/2P6/PR2P1PcP/5rNR1/9/2BAKAB2 w,0.0006845211,2839
2bakabr1/9/6n2/p1p5p/6p2/2P1C4/PR2P1PcP/5rNR1/9/2BAKAB2 b,0.0006845211,3831
2bakabr1/9/9/p1p5p/5np2/2P1C4/PR2P1PcP/5rNR1/9/2BAKAB2 w,0.11842353,4987
2bakabr1/9/9/p1p5p/5np2/2P1C4/PR2P1PcP/5rNR1/4A4/2B1KAB2 b,-0.0013692965,5548
2bakabr1/9/9/p1p5p/5np2/2P1C4/PR2c1P1P/5rNR1/4A4/2B1KAB2 w,0.0016722288,5008
2bakabr1/9/9/p1p5p/5np2/2P1C4/PR2c1P1P/5ANR1/9/2B1KAB2 b,0.0051999064,700
2bakab2/9/9/p1p5p/5np2/2P1C4/PR2c1P1P/5ANr1/9/2B1KAB2 w,-0.0036372142,4987
2bakab2/9/9/p1p5p/1R3np2/2P1C4/P3c1P1P/5ANr1/9/2B1KAB2 b,0.016224215,2648
2bakab2/9/9/p1p5p/1R4p2/2P1C4/P3c1n1P/5ANr1/9/2B1KAB2 w,-0.018634165,3385
2bakab2/9/9/p1p5p/6p2/2P1C4/PR2c1n1P/5ANr1/9/2B1KAB2 b,0.003892705,5467
2bakab2/9/9/p1p5p/6p2/2P1n4/PR2c3P/5ANr1/9/2B1KAB2 w,-0.0018421893,5008
2bakab2/9/9/p1p5p/6p2/2P1n4/P3R3P/5ANr1/9/2B1KAB2 b,0.001493408,6369
2bakab2/9/9/p1p5p/6p2/2P1n4/P3R3P/5Ar2/9/2B1KAB2 w,-0.0010635674,5269
2bakab2/9/9/p1p5p/6p2/2P1R4/P7P/5Ar2/9/2B1KAB2 b,0.00063194206,562
2bak1b2/4a4/9/p1p5p/6p2/2P1R4/P7P/5Ar2/9/2B1KAB2 w,-0.00035038425,6196
2bak1b2/4a4/9/p1p5p/6p2/2P1R4/P7P/6r2/4A4/2B1KAB2 b,0.00063194206,6297
2bak1b2/4a4/9/p1p5p/6p2/2P1R4/P7P/9/4A4/2B1KAr2 w,-0.0005522609,4441
2bak1b2/4a4/9/p1p1R3p/6p2/2P6/P7P/9/4A4/2B1KAr2 b,0.0005522609,7890
2bak1b2/4a4/9/p1p1R3p/6p2/2P6/P5r1P/9/4A4/2B1KA3 w,-0.00044116937,4905
2bak1b2/4a4/9/p1p5R/6p2/2P6/P5r1P/9/4A4/2B1KA3 b,0.00050386833,5454
2bak1b2/4a4/9/p1p5R/6p2/2P6/P1r5P/9/4A4/2B1KA3 w,-0.00025113768,7537
2bak1b2/4a4/9/p1R6/6p2/2P6/P1r5P/9/4A4/2B1KA3 b,0.00027314038,2466
2bak1b2/4a4/9/p1R6/6p2/2P6/P7P/9/4A4/2r1KA3 w,-0.00009625555,6924
2bak1b2/4a4/9/p1R6/6p2/2P6/P7P/9/9/2rAKA3 b,0.00016056144,566
2bak1b2/4a4/9/p1R6/6p2/2P6/P1r5P/9/9/3AKA3 w,-0.000064153435,2637
2bak1b2/4a4/9/p5R2/6p2/2P6/P1r5P/9/9/3AKA3 b,0.00019278558,562
2bak4/4a4/4b4/p5R2/6p2/2P6/P1r5P/9/9/3AKA3 w,-0.00012838816,2997
2bak4/4a4/4b4/R8/6p2/2P6/P1r5P/9/9/3AKA3 b,0.00019609848,5102
2bak4/4a4/4b4/R8/6p2/2P6/P7r/9/9/3AKA3 w,-0.000072054005,4268
2bak4/4a4/4b4/R8/6p2/2P6/P7r/9/4A4/4KA3 b,0.00024150047,5636
2bak4/4a4/4b4/R8/9/2P3p2/P7r/9/4A4/4KA3 w,-0.000048021517,2463
2bak4/4a4/4b4/6R2/9/2P3p2/P7r/9/4A4/4KA3 b,0.000048021517,4640
2bak4/4a4/4b4/6R2/9/2P3p2/r8/9/4A4/4KA3 w,0.00002030096,3021
2bak4/4a4/4b4/9/9/2P3R2/r8/9/4A4/4KA3 b,0.000050575658,4887
2bak4/4a4/4b4/9/9/2P3R2/9/9/4A4/r3KA3 w,0,6924
2bak4/4a4/4b4/9/9/2P3R2/9/9/9/r2AKA3 b,-0.000033705266,7308
2bak4/4a4/4b4/r8/9/2P3R2/9/9/9/3AKA3 w,0.00015249547,4268
2bak4/4a4/4b4/r8/2P6/6R2/9/9/9/3AKA3 b,-0.00006746737,2493
2bak4/4a4/4b4/4r4/2P6/6R2/9/9/9/3AKA3 w,-0.000033705266,7816
2bak4/4a4/4b4/4r4/2P6/6R2/9/9/4A4/4KA3 b,0.00018690641,2018
2bak4/4a4/9/4r4/2b6/6R2/9/9/4A4/4KA3 w,0,4596
2bak1R2/4a4/9/4r4/2b6/9/9/9/4A4/4KA3 b,0.00023768513,1175
2bakaR2/9/9/4r4/2b6/9/9/9/4A4/4KA3 w,-0.00023768513,591
2baka3/9/9/4r4/2b3R2/9/9/9/4A4/4KA3 b,0.00029700517,3438
2baka3/9/b8/4r4/6R2/9/9/9/4A4/4KA3 w,-0.00019436395,3817
2baka3/9/b8/4r4/9/6R2/9/9/4A4/4KA3 b,0.00029700517,2822
2baka3/9/b8/2r6/9/6R2/9/9/4A4/4KA3 w,-0.00020870639,4639
2baka3/9/b8/2r6/9/4R4/9/9/4A4/4KA3 b,0.00010995418,283
2b1ka3/4a4/b8/2r6/9/4R4/9/9/4A4/4KA3 w,-0.000027362854,6924
2b1ka3/4a4/b8/2r6/9/4R4/9/5A3/9/4KA3 b,0.00028198794,1658
2b1ka3/4a4/b8/9/9/4R4/9/5A3/9/2r1KA3 w,-0.00008228954,7726
2b1ka3/4a4/b8/9/9/4R4/9/5A3/4K4/2r2A3 b,0.00016594001,7556
2b1ka3/4a4/b8/9/9/4R4/9/5A3/4K4/5r3 w,-0.000058251408,4460
2b1ka3/4a4/b8/9/9/9/9/4RA3/4K4/5r3 b,0.00015361846,7829
2b1ka3/4a4/b8/9/9/9/9/4RA3/4K4/3r5 w,-0.00012686106,6093
2b1ka3/4a4/b8/9/9/9/4R4/5A3/4K4/3r5 b,0.0001357033,7572
2b1ka3/4a4/b8/9/9/9/4R4/3r1A3/4K4/9 w,-0.000058251408,6917
2b1ka3/4a4/b8/9/9/9/9/3rRA3/4K4/9 b,0.00018114276,5970
2b1ka3/4a4/b8/9/9/9/9/4rA3/4K4/9 w,0,6907
2b1ka3/4a4/b8/9/9/9/9/4KA3/9/9 b,0,202
2b1ka3/4a4/9/9/2b6/9/9/4KA3/9/9 w,0,6106
2b1ka3/4a4/9/9/2b6/9/9/5A3/4K4/9 b,0,3442
4ka3/4a4/b8/9/2b6/9/9/5A3/4K4/9 w,0,6917
4ka3/4a4/b8/9/2b6/9/9/5A3/9/4K4 b,0,1622
2b1ka3/4a4/9/9/2b6/9/9/5A3/9/4K4 w,0,7736
2b1ka3/4a4/9/9/2b6/9/9/9/4A4/4K4 b,0,198
2b1ka3/4a4/4b4/9/9/9/9/9/4A4/4K4 w,0,6906
2b1ka3/4a4/4b4/9/9/9/9/3A5/9/4K4 b,0,1986
2b1ka3/9/4ba3/9/9/9/9/3A5/9/4K4 w,0,7736
2b1ka3/9/4ba3/9/9/9/9/9/4A4/4K4 b,0,1986
2b1ka3/9/5a3/9/2b6/9/9/9/4A4/4K4 w,0,7734
2b1ka3/9/5a3/9/2b6/9/9/9/4A4/5K3 b,0,198
2b1ka3/9/b4a3/9/9/9/9/9/4A4/5K3 w,0,6906
2b1ka3/9/b4a3/9/9/9/9/9/4A4/4K4 b,0,2083
2b1ka3/4a4/b8/9/9/9/9/9/4A4/4K4 w,0,6906
2b1ka3/4a4/b8/9/9/9/9/3A5/9/4K4 b,0,202
2b1ka3/4a4/9/9/2b6/9/9/3A5/9/4K4 w,0,7736
rnbakabnr/9/1c5c1/p1p1p1p1p/9/9/P1P1P1P1P/1C5C1/9/RNBAKABNR w,0.014449762,5087
rnbakabnr/9/1c5c1/p1p1p1p1p/9/9/P1P1P1P1P/4C2C1/9/RNBAKABNR b,-0.012932254,110
r1bakabnr/9/1cn4c1/p1p1p1p1p/9/9/P1P1P1P1P/4C2C1/9/RNBAKABNR w,0.011422182,7445
r1bakabnr/9/1cn4c1/p1p1p1p1p/9/9/P1P1P1P1P/2N1C2C1/9/R1BAKABNR b,-0.012428113,3012
r1baka1nr/9/1cn1b2c1/p1p1p1p1p/9/9/P1P1P1P1P/2N1C2C1/9/R1BAKABNR w,0.028042147,7372
r1baka1nr/9/1cn1b2c1/p1p1p1p1p/9/9/P1P1P1P1P/2N1C2C1/9/1RBAKABNR b,-0.02165522,1
1rbaka1nr/9/1cn1b2c1/p1p1p1p1p/9/9/P1P1P1P1P/2N1C2C1/9/1RBAKABNR w,0.018024392,5087
1rbaka1nr/9/1cn1b2c1/p1p1p1p1p/9/9/P1P1P1P1P/2N1CC3/9/1RBAKABNR b,-0.012428113,2648
1rbaka2r/9/1cn1b1nc1/p1p1p1p1p/9/9/P1P1P1P1P/2N1CC3/9/1RBAKABNR w,0.019055555,5451
1rbaka2r/9/1cn1b1nc1/p1p1p1p1p/9/9/P1P1P1P1P/2N1CCN2/9/1RBAKAB1R b,-0.017510546,1765
1rbaka2r/9/1cn1b1nc1/p1p1p3p/6p2/9/P1P1P1P1P/2N1CCN2/9/1RBAKAB1R w,0.019572936,8098
1rbaka2r/9/1cn1b1nc1/p1p1p3p/6p2/9/P1P1P1P1P/2N1CCN2/9/1RBAKABR1 b,-0.014449762,727
1rbaka1r1/9/1cn1b1nc1/p1p1p3p/6p2/9/P1P1P1P1P/2N1CCN2/9/1RBAKABR1 w,0.016997816,7408
1rbaka1r1/9/1cn1b1nc1/p1p1p3p/6p2/2P6/P3P1P1P/2N1CCN2/9/1RBAKABR1 b,-0.008420906,1765
1rbaka1r1/9/2n1b1nc1/p1p1p3p/6p2/2P6/Pc2P1P1P/2N1CCN2/9/1RBAKABR1 w,0.012932254,7954
1rbaka1r1/9/2n1b1nc1/p1p1p3p/6p2/2PN5/Pc2P1P1P/4CCN2/9/1RBAKABR1 b,0.0014816026,2311
1rbaka1r1/9/2n1b1n2/p1p1p3p/6p2/2PN5/Pc2P1PcP/4CCN2/9/1RBAKABR1 w,-0.011924766,7816
1rbaka1r1/9/2n1bCn2/p1p1p3p/6p2/2PN5/Pc2P1PcP/4C1N2/9/1RBAKABR1 b,0.02535331,5548
1rbakabr1/9/2n2Cn2/p1p1p3p/6p2/2PN5/Pc2P1PcP/4C1N2/9/1RBAKABR1 w,0.04585602,6061
1rbakabr1/9/2n2Cn2/p1p1N3p/6p2/2P6/Pc2P1PcP/4C1N2/9/1RBAKABR1 b,-0.025618432,1831
1rbakabr1/9/5Cn2/p1p1n3p/6p2/2P6/Pc2P1PcP/4C1N2/9/1RBAKABR1 w,0.007799667,6061
1rbakabr1/9/5Cn2/p1p1C3p/6p2/2P6/Pc2P1PcP/6N2/9/1RBAKABR1 b,-0.014534511,109
2bakabr1/9/1r3Cn2/p1p1C3p/6p2/2P6/Pc2P1PcP/6N2/9/1RBAKABR1 w,-0.00084206735,2839
2bakabr1/9/1r3Cn2/p1p5p/6p2/2P1C4/Pc2P1PcP/6N2/9/1RBAKABR1 b,-0.019456778,1733
2bakabr1/9/5rn2/p1p5p/6p2/2P1C4/Pc2P1PcP/6N2/9/1RBAKABR1 w,0,7435
2bakabr1/9/5rn2/p1p5p/6p2/2P1C4/PR2P1PcP/6N2/9/2BAKABR1 b,0.0010268611,3831
2bakabr1/9/5r3/p1p5p/5np2/2P1C4/PR2P1PcP/6N2/9/2BAKABR1 w,0.00619123,4987
2bakabr1/9/5r3/p1p5p/1R3np2/2P1C4/P3P1PcP/6N2/9/2BAKABR1 b,-0.004460755,3750
2bakabr1/9/5r3/p1p5p/1R4p2/2P1C4/P3P1ncP/6N2/9/2BAKABR1 w,0.0050324383,3372
2bakabr1/9/5r3/p1p5p/6R2/2P1C4/P3P1ncP/6N2/9/2BAKABR1 b,-0.00657011,5449
2bakabr1/9/5r3/p1p5p/6R2/2P1n4/P3P2cP/6N2/9/2BAKABR1 w,0.004916287,5269
2bakabr1/9/5r3/p1p5p/6R2/2P1P4/P6cP/6N2/9/2BAKABR1 b,-0.0045435224,2129
2bakabr1/9/5r3/p1p5p/6R2/2P1P4/P7P/6Nc1/9/2BAKABR1 w,0.008180164,3831
2bakabr1/9/5r3/p1p5p/6R2/2P1P4/P7P/6Nc1/7R1/2BAKAB2 b,-0.0040337103,2129
2bakabr1/9/9/p1p5p/6R2/2P1P4/P7P/5rNc1/7R1/2BAKAB2 w,0.012272201,3831
2bakabr1/9/9/p1p3R1p/9/2P1P4/P7P/5rNc1/7R1/2BAKAB2 b,-0.007651792,6179
2bakab2/9/9/p1p3R1p/9/2P1P4/P6rP/5rNc1/7R1/2BAKAB2 w,0.049776442,2976
2bakaR2/9/9/p1p5p/9/2P1P4/P6rP/5rNc1/7R1/2BAKAB2 b,-0.05478155,2648
2bakaR2/9/9/p1p5p/9/2P1P4/P3r3P/5rNc1/7R1/2BAKAB2 w,0.49902156,7816
2bakaR2/9/9/p1p5p/9/2P1P4/P3r3P/5rNc1/4A2R1/2BAK1B2 b,-0.49075776,5269
2bakaR2/9/9/p1p5p/9/2P1P4/P3r3P/5rN1c/4A2R1/2BAK1B2 w,0.591632,7897
2baka3/6R2/9/p1p5p/9/2P1P4/P3r3P/5rN1c/4A2R1/2BAK1B2 b,-0.35201827,5269
2baka3/6R2/9/p1p5p/9/2P1r4/P7P/5rN1c/4A2R1/2BAK1B2 w,0.3667992,7198
2baka1R1/6R2/9/p1p5p/9/2P1r4/P7P/5rN1c/4A4/2BAK1B2 b,-0.2622585,6479
2baka1R1/6R2/9/p1p5p/9/2P1r4/P7P/5rN2/4A4/2BAK1B1c w,0.2957271,718
2baka1R1/6R2/9/p1p5p/9/2P1r4/P7P/4BrN2/4A4/2BAK3c b,0.00022300087,6197
2baka1R1/6R2/9/p1p5p/9/2P1r4/P4r2P/4B1N2/4A4/2BAK3c w,0.0038120353,709
2bakaRR1/9/9/p1p5p/9/2P1r4/P4r2P/4B1N2/4A4/2BAK3c b,0.03339001,4432
2b1kaRR1/4a4/9/p1p5p/9/2P1r4/P4r2P/4B1N2/4A4/2BAK3c w,0.02103843,709
2b1ka1R1/4a4/6R2/p1p5p/9/2P1r4/P4r2P/4B1N2/4A4/2BAK3c b,0.09914598,4441
4ka1R1/4a4/4b1R2/p1p5p/9/2P1r4/P4r2P/4B1N2/4A4/2BAK3c w,0.02714807,709
4ka3/4a4/4b1R2/p1p4Rp/9/2P1r4/P4r2P/4B1N2/4A4/2BAK3c b,-0.0006691055,5387
4ka3/4a4/4b1R2/p1p4Rp/9/2P1r4/P2r4P/4B1N2/4A4/2BAK3c w,0.0022342554,3139
4ka3/4a4/4b4/p1p3RRp/9/2P1r4/P2r4P/4B1N2/4A4/2BAK3c b,-0.00044602746,4457
4ka3/4a4/4b4/p1p3RRp/9/2P1r4/P4r2P/4B1N2/4A4/2BAK3c w,0.049966652,3139
4ka3/4a4/4b4/p1p3RRp/2P6/4r4/P4r2P/4B1N2/4A4/2BAK3c b,0.0056421035,5387
4ka3/4a4/4b4/p5RRp/2p6/4r4/P4r2P/4B1N2/4A4/2BAK3c w,0.0106053585,3139
4ka3/4a4/4b1R2/p6Rp/2p6/4r4/P4r2P/4B1N2/4A4/2BAK3c b,0.03010679,4450
2b1ka3/4a4/6R2/p6Rp/2p6/4r4/P4r2P/4B1N2/4A4/2BAK3c w,0.0002162334,3139
2b1ka3/4a4/9/p5RRp/2p6/4r4/P4r2P/4B1N2/4A4/2BAK3c b,0.0054718414,4450
2b1ka3/4a4/9/p5RRp/2p6/1r7/P4r2P/4B1N2/4A4/2BAK3c w,0.0010816733,3139
2b1ka3/4a4/9/p5RRp/2p6/1r7/P4r2P/4B4/4A3N/2BAK3c b,0.30908802,4190
2b1ka3/4a4/9/p5RRp/2p6/9/Pr3r2P/4B4/4A3N/2BAK3c w,-0.011097208,3048
2b1ka3/4a4/9/p1R4Rp/2p6/9/Pr3r2P/4B4/4A3N/2BAK3c b,0.04708061,5370
4ka3/4a4/4b4/p1R4Rp/2p6/9/Pr3r2P/4B4/4A3N/2BAK3c w,-0.014429973,7269
4ka3/4a4/4b4/R6Rp/2p6/9/Pr3r2P/4B4/4A3N/2BAK3c b,0.049715746,5370
4ka3/4a4/4b4/R6Rp/2p6/9/Pr6r/4B4/4A3N/2BAK3c w,-0.0020335938,7269
4ka3/4a4/4b4/R6Rp/2p6/9/Pr6r/4B1N2/4A4/2BAK3c b,0.0024424698,5651
4ka3/4a4/4b4/R6Rp/2p6/9/Pr7/4B1N1r/4A4/2BAK3c w,-0.00513774,2463
4ka3/4a4/4b4/R6Rp/2p6/5N3/Pr7/4B3r/4A4/2BAK3c b,0.021670686,5010
4ka3/4a4/4b4/R6Rp/2p6/5N2r/Pr7/4B4/4A4/2BAK3c w,0.010664029,2430
R3ka3/4a4/4b4/7Rp/2p6/5N2r/Pr7/4B4/4A4/2BAK3c b,-0.0018295359,1173
R1b1ka3/4a4/9/7Rp/2p6/5N2r/Pr7/4B4/4A4/2BAK3c w,0.26406053,3091
2R1ka3/4a4/9/7Rp/2p6/5N2r/Pr7/4B4/4A4/2BAK3c b,-0.12586927,1173
2Raka3/9/9/7Rp/2p6/5N2r/Pr7/4B4/4A4/2BAK3c w,0.045287646,4539
2Raka3/9/9/7Rp/2pN5/8r/Pr7/4B4/4A4/2BAK3c b,-0.03195267,5010
2Raka3/9/9/7Rp/2pN5/8r/P5r2/4B4/4A4/2BAK3c w,0.095143,3091
2Raka3/9/4N4/7Rp/2p6/8r/P5r2/4B4/4A4/2BAK3c b,0.14775048,5487
2Raka3/9/4N4/7Rp/2p6/8r/P8/4B4/4A4/2BAK1r1c w,-0.2238674,6926
2Raka3/9/4N4/7Rp/2p6/8r/P8/4B4/9/2BAKAr1c b,0.21205045,7854
2Raka3/9/4N1r2/7Rp/2p6/8r/P8/4B4/9/2BAKA2c w,-0.20631424,7816
2Raka3/9/4N1r2/7Rp/2p6/8r/P8/4B4/4A4/2BAK3c b,0.24245062,2182
2Raka3/9/4r4/7Rp/2p6/8r/P8/4B4/4A4/2BAK3c w,-0.18410586,218
3aka3/9/4r4/7Rp/2R6/8r/P8/4B4/4A4/2BAK3c b,0.2399893,2004
3aka3/9/6r2/7Rp/2R6/8r/P8/4B4/4A4/2BAK3c w,-0.20241466,3467
3aka3/9/6r2/2R4Rp/9/8r/P8/4B4/4A4/2BAK3c b,0.24669355,2247
3aka3/9/6r2/2R4R1/8p/8r/P8/4B4/4A4/2BAK3c w,-0.17458484,4905
3aka3/9/6r2/7R1/8p/8r/P1R6/4B4/4A4/2BAK3c b,0.70534384,2247
3aka3/9/6r2/7R1/8p/5r3/P1R6/4B4/4A4/2BAK3c w,-0.32829666,6908
3aka3/9/6r2/7R1/8p/5r3/P1R6/3AB4/9/2BAK3c b,0.5211438,2247
3aka3/9/6r2/7R1/8p/9/P1R6/3AB4/5r3/2BAK3c w,-0.29702854,3091
3aka3/9/6r2/4R4/8p/9/P1R6/3AB4/5r3/2BAK3c b,0.19278815,463
3ak4/4a4/6r2/4R4/8p/9/P1R6/3AB4/5r3/2BAK3c w,-0.42174736,6081
3ak4/4a4/6r2/4R4/8p/6B2/P1R6/3A5/5r3/2BAK3c b,0.46965036,365
3ak4/4a4/9/4R4/8p/6r2/P1R6/3A5/5r3/2BAK3c w,1,2803
3ak4/4R4/9/9/8p/6r2/P1R6/3A5/5r3/2BAK3c b,-1,365
3a1k3/4R4/9/9/8p/6r2/P1R6/3A5/5r3/2BAK3c w,1,1174
3aRk3/9/9/9/8p/6r2/P1R6/3A5/5r3/2BAK3c b,-1,464
3aR4/5k3/9/9/8p/6r2/P1R6/3A5/5r3/2BAK3c w,1,5051
3aR4/2R2k3/9/9/8p/6r2/P8/3A5/5r3/2BAK3c b,-1,283
4R4/2R1ak3/9/9/8p/6r2/P8/3A5/5r3/2BAK3c w,1,373
9/2R1Rk3/9/9/8p/6r2/P8/3A5/5r3/2BAK3c b,-1,1265
9/2R1R4/5k3/9/8p/6r2/P8/3A5/5r3/2BAK3c w,1,1010
rnbakabnr/9/1c5c1/p1p1p1p1p/9/9/P1P1P1P1P/1C5C1/9/RNBAKABNR w,0.014449762,5087
rnbakabnr/9/1c5c1/p1p1p1p1p/9/9/P1P1P1P1P/4C2C1/9/RNBAKABNR b,-0.012932254,110
r1bakabnr/9/1cn4c1/p1p1p1p1p/9/9/P1P1P1P1P/4C2C1/9/RNBAKABNR w,0.011422182,7445
r1bakabnr/9/1cn4c1/p1p1p1p1p/9/9/P1P1P1P1P/2N1C2C1/9/R1BAKABNR b,-0.012428113,3012
r1baka1nr/9/1cn1b2c1/p1p1p1p1p/9/9/P1P1P1P1P/2N1C2C1/9/R1BAKABNR w,0.028042147,7372
r1baka1nr/9/1cn1b2c1/p1p1p1p1p/9/9/P1P1P1P1P/2N1C2C1/9/1RBAKABNR b,-0.02165522,1
1rbaka1nr/9/1cn1b2c1/p1p1p1p1p/9/9/P1P1P1P1P/2N1C2C1/9/1RBAKABNR w,0.018024392,5087
1rbaka1nr/9/1cn1b2c1/p1p1p1p1p/9/9/P1P1P1P1P/2N1CC3/9/1RBAKABNR b,-0.012428113,2648
1rbaka2r/9/1cn1b1nc1/p1p1p1p1p/9/9/P1P1P1P1P/2N1CC3/9/1RBAKABNR w,0.019055555,5451
1rbaka2r/9/1cn1b1nc1/p1p1p1p1p/9/9/P1P1P1P1P/2N1CCN2/9/1RBAKAB1R b,-0.017510546,1765
1rbaka2r/9/1cn1b1nc1/p1p1p3p/6p2/9/P1P1P1P1P/2N1CCN2/9/1RBAKAB1R w,0.019572936,8098
1rbaka2r/9/1cn1b1nc1/p1p1p3p/6p2/9/P1P1P1P1P/2N1CCN2/9/1RBAKABR1 b,-0.014449762,727
1rbaka1r1/9/1cn1b1nc1/p1p1p3p/6p2/9/P1P1P1P1P/2N1CCN2/9/1RBAKABR1 w,0.016997816,7408
1rbaka1r1/9/1cn1b1nc1/p1p1p3p/6p2/2P6/P3P1P1P/2N1CCN2/9/1RBAKABR1 b,-0.008420906,1765
1rbaka1r1/9/2n1b1nc1/p1p1p3p/6p2/2P6/Pc2P1P1P/2N1CCN2/9/1RBAKABR1 w,0.012932254,7954
1rbaka1r1/9/2n1b1nc1/p1p1p3p/6p2/2PN5/Pc2P1P1P/4CCN2/9/1RBAKABR1 b,0.0014816026,2311
1rbaka1r1/9/2n1b1n2/p1p1p3p/6p2/2PN5/Pc2P1PcP/4CCN2/9/1RBAKABR1 w,-0.011924766,7816
1rbaka1r1/9/2n1bCn2/p1p1p3p/6p2/2PN5/Pc2P1PcP/4C1N2/9/1RBAKABR1 b,0.02535331,5548
1rbakabr1/9/2n2Cn2/p1p1p3p/6p2/2PN5/Pc2P1PcP/4C1N2/9/1RBAKABR1 w,0.04585602,6061
1rbakabr1/9/2n2Cn2/p1p1N3p/6p2/2P6/Pc2P1PcP/4C1N2/9/1RBAKABR1 b,-0.025618432,1831
1rbakabr1/9/5Cn2/p1p1n3p/6p2/2P6/Pc2P1PcP/4C1N2/9/1RBAKABR1 w,0.007799667,6061
1rbakabr1/9/5Cn2/p1p1C3p/6p2/2P6/Pc2P1PcP/6N2/9/1RBAKABR1 b,-0.014534511,109
2bakabr1/9/1r3Cn2/p1p1C3p/6p2/2P6/Pc2P1PcP/6N2/9/1RBAKABR1 w,-0.00084206735,2839
2bakabr1/9/1r3Cn2/p1p5p/6p2/2P1C4/Pc2P1PcP/6N2/9/1RBAKABR1 b,-0.019456778,1733
2bakabr1/9/5rn2/p1p5p/6p2/2P1C4/Pc2P1PcP/6N2/9/1RBAKABR1 w,0,7435
2bakabr1/9/5rn2/p1p5p/6p2/2P1C4/PR2P1PcP/6N2/9/2BAKABR1 b,0.0010268611,3831
2bakabr1/9/5r3/p1p5p/5np2/2P1C4/PR2P1PcP/6N2/9/2BAKABR1 w,0.00619123,4987
2bakabr1/9/5r3/p1p5p/1R3np2/2P1C4/P3P1PcP/6N2/9/2BAKABR1 b,-0.004460755,3750
2bakabr1/9/5r3/p1p5p/1R4p2/2P1C4/P3P1ncP/6N2/9/2BAKABR1 w,0.0050324383,3372
2bakabr1/9/5r3/p1p5p/6R2/2P1C4/P3P1ncP/6N2/9/2BAKABR1 b,-0.00657011,5449
2bakabr1/9/5r3/p1p5p/6R2/2P1n4/P3P2cP/6N2/9/2BAKABR1 w,0.004916287,5269
2bakabr1/9/5r3/p1p5p/6R2/2P1P4/P6cP/6N2/9/2BAKABR1 b,-0.0045435224,2129
2bakabr1/9/5r3/p1p5p/6R2/2P1P4/P7P/6Nc1/9/2BAKABR1 w,0.008180164,3831
2bakabr1/9/5r3/p1p5p/6R2/2P1P4/P7P/6Nc1/7R1/2BAKAB2 b,-0.0040337103,2129
2bakabr1/9/9/p1p5p/6R2/2P1P4/P7P/5rNc1/7R1/2BAKAB2 w,0.012272201,3831
2bakabr1/9/9/p1p5p/4P1R2/2P6/P7P/5rNc1/7R1/2BAKAB2 b,-0.009787525,6179
2baka1r1/9/4b4/p1p5p/4P1R2/2P6/P7P/5rNc1/7R1/2BAKAB2 w,0.016663142,3840
2baka1r1/9/4b4/p1p3R1p/4P4/2P6/P7P/5rNc1/7R1/2BAKAB2 b,-0.0092478,2648
2baka3/9/4b4/p1p3R1p/4P4/2P6/P6rP/5rNc1/7R1/2BAKAB2 w,0.015159991,3631
2baka3/9/4b4/p1p1P1R1p/9/2P6/P6rP/5rNc1/7R1/2BAKAB2 b,-0.015756138,283
2b1ka3/4a4/4b4/p1p1P1R1p/9/2P6/P6rP/5rNc1/7R1/2BAKAB2 w,0.021457007,2820
2b1ka3/4a4/4P4/p1p3R1p/9/2P6/P6rP/5rNc1/7R1/2BAKAB2 b,-0.011780822,202
4ka3/4a4/4b4/p1p3R1p/9/2P6/P6rP/5rNc1/7R1/2BAKAB2 w,0.010679281,7186
4ka3/4a4/4b4/p1p3R1p/9/2P6/P6rP/5rNc1/4R4/2BAKAB2 b,-0.010679281,5515
4ka3/4a4/4b4/p1p3R1p/9/2P6/P2r4P/5rNc1/4R4/2BAKAB2 w,0.06377149,6862
4ka3/4a4/4R4/p1p3R1p/9/2P6/P2r4P/5rNc1/9/2BAKAB2 b,-0.056761973,6343
4ka3/4a4/4R4/p1p3R1p/9/2P6/P7P/5rNc1/3r5/2BAKAB2 w,0.15236028,2011
4ka3/4a4/4R4/p1p3R1p/9/2P6/P7P/5rNc1/3rA4/2BAK1B2 b,-0.12902729,6179
4ka3/4a4/4R4/p1p3R1p/9/2P6/P7P/6Nc1/3rAr3/2BAK1B2 w,0.2936055,3004
4ka3/4a4/4R4/p1p4Rp/9/2P6/P7P/6Nc1/3rAr3/2BAK1B2 b,-0.24059267,7009
4ka3/4a4/4R4/p1p4Rp/9/2P6/P7P/6N2/3rAr1c1/2BAK1B2 w,0.60922176,6268
4ka3/4a4/4R4/p1p4Rp/9/2P6/P3N3P/9/3rAr1c1/2BAK1B2 b,-0.6278732,6953
4ka3/4a4/4R4/p1p4Rp/9/2P6/P3N3P/9/3rAr3/2BAK1Bc1 w,0.63313556,3148
4ka3/4a4/4R4/p1p5p/9/2P6/P3N3P/9/3rAr3/2BAK1BR1 b,-0.6641526,6771
4ka3/4a4/3rR4/p1p5p/9/2P6/P3N3P/9/4Ar3/2BAK1BR1 w,0.72604257,2001
4ka3/4a4/3R5/p1p5p/9/2P6/P3N3P/9/4Ar3/2BAK1BR1 b,-0.73534435,1191
4ka3/4a4/3R5/p1p5p/9/2P6/P3Nr2P/9/4A4/2BAK1BR1 w,0.9002961,1912
4ka3/4a4/4R4/p1p5p/9/2P6/P3Nr2P/9/4A4/2BAK1BR1 b,-0.91442406,5342
4ka3/4a4/4R4/p1p5p/9/2P6/P3N3r/9/4A4/2BAK1BR1 w,0.9657248,7990
4ka3/4a4/4R4/p1p5p/3N5/2P6/P7r/9/4A4/2BAK1BR1 b,-0.91223896,5637
4ka3/4a4/4R4/p1p5p/3N5/2P6/P2r5/9/4A4/2BAK1BR1 w,0.9674202,7963
4ka3/4a4/4R4/pNp5p/9/2P6/P2r5/9/4A4/2BAK1BR1 b,-0.92405295,5151
4ka3/3ra4/4R4/pNp5p/9/2P6/P8/9/4A4/2BAK1BR1 w,0.94547313,2000
4ka3/3ra4/2R6/pNp5p/9/2P6/P8/9/4A4/2BAK1BR1 b,-0.9419905,1101
4ka3/1r2a4/2R6/pNp5p/9/2P6/P8/9/4A4/2BAK1BR1 w,0.99445045,1802
4ka3/1rN1a4/2R6/p1p5p/9/2P6/P8/9/4A4/2BAK1BR1 b,-0.99466354,911
4ka3/2r1a4/2R6/p1p5p/9/2P6/P8/9/4A4/2BAK1BR1 w,0.9962335,1811
4ka3/2R1a4/9/p1p5p/9/2P6/P8/9/4A4/2BAK1BR1 b,-0.9995676,2466
4ka3/2R1a4/9/p1p6/8p/2P6/P8/9/4A4/2BAK1BR1 w,0.9997919,1019
2R1ka3/4a4/9/p1p6/8p/2P6/P8/9/4A4/2BAK1BR1 b,-0.99991167,1173
2Raka3/9/9/p1p6/8p/2P6/P8/9/4A4/2BAK1BR1 w,0.9997468,209
3aka3/9/9/p1R6/8p/2P6/P8/9/4A4/2BAK1BR1 b,-0.99987346,2466
3aka3/9/9/p1R6/9/2P5p/P8/9/4A4/2BAK1BR1 w,0.9999726,7963
3aka3/9/9/p3R4/9/2P5p/P8/9/4A4/2BAK1BR1 b,-0.99997306,283
4ka3/4a4/9/p3R4/9/2P5p/P8/9/4A4/2BAK1BR1 w,0.9999638,7963
4ka3/4a4/9/R8/9/2P5p/P8/9/4A4/2BAK1BR1 b,-0.9999695,363
4ka3/4a4/9/R8/9/2P6/P7p/9/4A4/2BAK1BR1 w,1,6906
R3ka3/4a4/9/9/9/2P6/P7p/9/4A4/2BAK1BR1 b,-1,1173
R2aka3/9/9/9/9/2P6/P7p/9/4A4/2BAK1BR1 w,0.9999489,7936
R2aka3/9/9/7R1/9/2P6/P7p/9/4A4/2BAK1B2 b,-1,373
R2ak4/4a4/9/7R1/9/2P6/P7p/9/4A4/2BAK1B2 w,1,6906
3ak4/4a4/9/R6R1/9/2P6/P7p/9/4A4/2BAK1B2 b,-0.9999901,1175
3ak4/4a4/9/R6R1/9/2P6/P8/8p/4A4/2BAK1B2 w,0.9999989,7901
3ak4/4a4/9/R6R1/9/2P6/P8/4B3p/4A4/2BAK4 b,-0.9999787,1193
3ak4/4a4/9/R6R1/9/2P6/P8/4B4/4A3p/2BAK4 w,0.9999944,2461
3ak2R1/4a4/9/R8/9/2P6/P8/4B4/4A3p/2BAK4 b,-0.9999887,1175
3aka1R1/9/9/R8/9/2P6/P8/4B4/4A3p/2BAK4 w,0.9999717,682
3aka1R1/9/9/8R/9/2P6/P8/4B4/4A3p/2BAK4 b,-0.99996513,283
4ka1R1/4a4/9/8R/9/2P6/P8/4B4/4A3p/2BAK4 w,0.9999878,673
4ka1R1/4a4/9/9/9/2P6/P8/4B4/4A3R/2BAK4 b,-1,1193
4ka1R1/9/3a5/9/9/2P6/P8/4B4/4A3R/2BAK4 w,1,7244
4ka3/9/3a5/9/9/2P6/P6R1/4B4/4A3R/2BAK4 b,-0.9999942,363
4ka3/4a4/9/9/9/2P6/P6R1/4B4/4A3R/2BAK4 w,0.9999998,7253
4ka3/4a4/9/9/9/2P6/P6R1/4B4/4AR3/2BAK4 b,-0.999999,363
4ka3/9/3a5/9/9/2P6/P6R1/4B4/4AR3/2BAK4 w,0.9999999,6971
4ka3/9/3a5/9/9/2P6/P3R4/4B4/4AR3/2BAK4 b,-0.9999957,463
4k4/4a4/3a5/9/9/2P6/P3R4/4B4/4AR3/2BAK4 w,0.9999942,6971
4k4/4a4/3a5/9/2P6/9/P3R4/4B4/4AR3/2BAK4 b,-0.9999972,363
3k5/4a4/3a5/9/2P6/9/P3R4/4B4/4AR3/2BAK4 w,0.9999983,6944
3k5/4a4/3a5/2P6/9/9/P3R4/4B4/4AR3/2BAK4 b,-0.9999984,282
4k4/4a4/3a5/2P6/9/9/P3R4/4B4/4AR3/2BAK4 w,0.99999934,7008
4k4/4a4/3a5/2P6/9/9/P3R4/3AB4/5R3/2BAK4 b,-1,363
3k5/4a4/3a5/2P6/9/9/P3R4/3AB4/5R3/2BAK4 w,0.99999934,6077
3k5/4a4/2Pa5/9/9/9/P3R4/3AB4/5R3/2BAK4 b,-1,282
4k4/4a4/2Pa5/9/9/9/P3R4/3AB4/5R3/2BAK4 w,1,7003
4k4/4a4/2Pa5/9/9/9/P3R4/3AB4/5R3/2BA1K3 b,-0.9999999,363
3k5/4a4/2Pa5/9/9/9/P3R4/3AB4/5R3/2BA1K3 w,1,7002
3k5/2P1a4/3a5/9/9/9/P3R4/3AB4/5R3/2BA1K3 b,-1,1193
4k4/2P1a4/3a5/9/9/9/P3R4/3AB4/5R3/2BA1K3 w,1,992
rnbakabnr/9/1c5c1/p1p1p1p1p/9/9/P1P1P1P1P/1C5C1/9/RNBAKABNR w,0.014449762,5087
rnbakabnr/9/1c5c1/p1p1p1p1p/9/9/P1P1P1P1P/4C2C1/9/RNBAKABNR b,-0.012932254,110
r1bakabnr/9/1cn4c1/p1p1p1p1p/9/9/P1P1P1P1P/4C2C1/9/RNBAKABNR w,0.011422182,7445
r1bakabnr/9/1cn4c1/p1p1p1p1p/9/9/P1P1P1P1P/2N1C2C1/9/R1BAKABNR b,-0.012428113,3012
r1baka1nr/9/1cn1b2c1/p1p1p1p1p/9/9/P1P1P1P1P/2N1C2C1/9/R1BAKABNR w,0.028042147,7372
r1baka1nr/9/1cn1b2c1/p1p1p1p1p/9/9/P1P1P1P1P/2N1C2C1/9/1RBAKABNR b,-0.02165522,1
1rbaka1nr/9/1cn1b2c1/p1p1p1p1p/9/9/P1P1P1P1P/2N1C2C1/9/1RBAKABNR w,0.018024392,5087
1rbaka1nr/9/1cn1b2c1/p1p1p1p1p/9/9/P1P1P1P1P/2N1CC3/9/1RBAKABNR b,-0.012428113,2648
1rbaka2r/9/1cn1b1nc1/p1p1p1p1p/9/9/P1P1P1P1P/2N1CC3/9/1RBAKABNR w,0.019055555,5451
1rbaka2r/9/1cn1b1nc1/p1p1p1p1p/9/9/P1P1P1P1P/2N1CCN2/9/1RBAKAB1R b,-0.017510546,1765
1rbaka2r/9/1cn1b1nc1/p1p1p3p/6p2/9/P1P1P1P1P/2N1CCN2/9/1RBAKAB1R w,0.019572936,8098
1rbaka2r/9/1cn1b1nc1/p1p1p3p/6p2/9/P1P1P1P1P/2N1CCN2/9/1RBAKABR1 b,-0.014449762,727
1rbaka1r1/9/1cn1b1nc1/p1p1p3p/6p2/9/P1P1P1P1P/2N1CCN2/9/1RBAKABR1 w,0.016997816,7408
1rbaka1r1/9/1cn1b1nc1/p1p1p3p/6p2/2P6/P3P1P1P/2N1CCN2/9/1RBAKABR1 b,-0.008420906,1765
1rbaka1r1/9/2n1b1nc1/p1p1p3p/6p2/2P6/Pc2P1P1P/2N1CCN2/9/1RBAKABR1 w,0.012932254,7954
1rbaka1r1/9/2n1b1nc1/p1p1p3p/6p2/2PN5/Pc2P1P1P/4CCN2/9/1RBAKABR1 b,0.0014816026,2311
1rbaka1r1/9/2n1b1n2/p1p1p3p/6p2/2PN5/Pc2P1PcP/4CCN2/9/1RBAKABR1 w,-0.011924766,7816
1rbaka1r1/9/2n1bCn2/p1p1p3p/6p2/2PN5/Pc2P1PcP/4C1N2/9/1RBAKABR1 b,0.02535331,5548
1rbakabr1/9/2n2Cn2/p1p1p3p/6p2/2PN5/Pc2P1PcP/4C1N2/9/1RBAKABR1 w,0.04585602,6061
1rbakabr1/9/2n2Cn2/p1p1N3p/6p2/2P6/Pc2P1PcP/4C1N2/9/1RBAKABR1 b,-0.025618432,1831
1rbakabr1/9/5Cn2/p1p1n3p/6p2/2P6/Pc2P1PcP/4C1N2/9/1RBAKABR1 w,0.007799667,6061
1rbakabr1/9/5Cn2/p1p1C3p/6p2/2P6/Pc2P1PcP/6N2/9/1RBAKABR1 b,-0.014534511,109
2bakabr1/9/1r3Cn2/p1p1C3p/6p2/2P6/Pc2P1PcP/6N2/9/1RBAKABR1 w,-0.00084206735,2839
2bakabr1/9/1r3Cn2/p1p5p/6p2/2P1C4/Pc2P1PcP/6N2/9/1RBAKABR1 b,-0.019456778,1733
2bakabr1/9/5rn2/p1p5p/6p2/2P1C4/Pc2P1PcP/6N2/9/1RBAKABR1 w,0,7435
2bakabr1/9/5rn2/p1p5p/6p2/2P1C4/PR2P1PcP/6N2/9/2BAKABR1 b,0.0010268611,3831
2bakabr1/9/5r3/p1p5p/5np2/2P1C4/PR2P1PcP/6N2/9/2BAKABR1 w,0.00619123,4987
2bakabr1/9/5r3/p1p5p/1R3np2/2P1C4/P3P1PcP/6N2/9/2BAKABR1 b,-0.004460755,3750
2bakabr1/9/5r3/p1p5p/1R4p2/2P1C4/P3P1ncP/6N2/9/2BAKABR1 w,0.0050324383,3372
2bakabr1/9/5r3/p1p5p/6R2/2P1C4/P3P1ncP/6N2/9/2BAKABR1 b,-0.00657011,5449
2bakabr1/9/5r3/p1p5p/6R2/2P1n4/P3P2cP/6N2/9/2BAKABR1 w,0.004916287,5269
2bakabr1/9/5r3/p1p5p/6R2/2P1P4/P6cP/6N2/9/2BAKABR1 b,-0.0045435224,2129
2bakabr1/9/5r3/p1p5p/6R2/2P1P4/P7P/6Nc1/9/2BAKABR1 w,0.008180164,3831
2bakabr1/9/5r3/p1p5p/6R2/2P1P4/P7P/6Nc1/7R1/2BAKAB2 b,-0.0040337103,2129
2bakabr1/9/9/p1p5p/6R2/2P1P4/P7P/5rNc1/7R1/2BAKAB2 w,0.012272201,3831
2bakabr1/9/9/p1p3R1p/9/2P1P4/P7P/5rNc1/7R1/2BAKAB2 b,-0.007651792,6179
2bakabr1/9/9/p1p3R1p/9/2P1P4/P6cP/5rN2/7R1/2BAKAB2 w,0.008180164,4450
2bakabr1/9/9/p1p3R1p/4P4/2P6/P6cP/5rN2/7R1/2BAKAB2 b,-0.0092478,6179
2bakab2/7r1/9/p1p3R1p/4P4/2P6/P6cP/5rN2/7R1/2BAKAB2 w,0.049776442,2976
2bakaR2/7r1/9/p1p5p/4P4/2P6/P6cP/5rN2/7R1/2BAKAB2 b,-0.04465556,6179
2bakaR2/7r1/9/p1p5p/4P4/2P6/P7P/5rNc1/7R1/2BAKAB2 w,0.09327643,600
2baka3/7r1/9/p1p5p/4P4/2P6/P5R1P/5rNc1/7R1/2BAKAB2 b,-0.082416534,1483
2baka3/9/9/p1p5p/4P4/2P4r1/P5R1P/5rNc1/7R1/2BAKAB2 w,0.124632806,7897
2baka3/9/9/p1p1P3p/9/2P4r1/P5R1P/5rNc1/7R1/2BAKAB2 b,-0.08680293,4714
2b1ka3/4a4/9/p1p1P3p/9/2P4r1/P5R1P/5rNc1/7R1/2BAKAB2 w,0.13211401,5433
2b1ka3/4a4/9/p1p1P3p/9/2P4r1/P5R1P/4BrNc1/7R1/2BAKA3 b,-0.116353184,4714
2b1ka3/4a4/9/p1p1P2rp/9/2P6/P5R1P/4BrNc1/7R1/2BAKA3 w,0.09423388,2820
2b1ka3/4a4/9/p1p1P2rp/9/2P6/P5R1P/4BrNc1/4A2R1/2B1KA3 b,-0.0070136352,6189
2b1ka3/4a4/9/p1p1P2rp/9/2P6/P5R1P/4r1Nc1/4A2R1/2B1KA3 w,0.4032648,7180
2b1ka3/4a4/9/p1p1P2rp/9/2P6/P5R1P/4B1Nc1/4A2R1/4KA3 b,-0.028656526,6367
2b1ka3/4a4/9/p1p1P2rp/9/2P6/P5R1P/4c1N2/4A2R1/4KA3 w,0.018724406,7734
2b1ka3/4a4/9/p1p1P2rp/9/2P6/P5R1P/4c1N2/4A2R1/3K1A3 b,-0.010237946,3139
2b1ka3/4a4/9/p1p1P3p/9/2P6/P5R1P/4c1N2/4A2r1/3K1A3 w,0.0096898265,5424
2b1ka3/4a4/9/p1p1P3p/9/2P6/P3R3P/4c1N2/4A2r1/3K1A3 b,-0.0058398815,6095
2b1ka3/4a4/9/p1p1P3p/9/2P6/P3R3P/c5N2/4A2r1/3K1A3 w,0.0031729029,5275
2b1ka3/4a4/9/p1pP4p/9/2P6/P3R3P/c5N2/4A2r1/3K1A3 b,-0.0016809765,7180
2b1ka3/4a4/9/p1pP4p/7r1/2P6/P3R3P/c5N2/4A4/3K1A3 w,0.0024899347,5277
2b1ka3/4a4/9/p1pP4p/7r1/2P2N3/P3R3P/c8/4A4/3K1A3 b,-0.00067833817,3911
2b1ka3/4a4/9/p1pP4p/5r3/2P2N3/P3R3P/c8/4A4/3K1A3 w,0.0010593245,4557
2b1ka3/4a4/9/p1pP4p/5r3/2P6/P2NR3P/c8/4A4/3K1A3 b,0.00015034733,3729
2b1ka3/4a4/9/p1pP4p/3r5/2P6/P2NR3P/c8/4A4/3K1A3 w,0.0006026187,2729
2b1ka3/4a4/9/p1P5p/3r5/2P6/P2NR3P/c8/4A4/3K1A3 b,-0.0008444673,3558
2b1ka3/4a4/9/p1P5p/3r5/2P6/P2NR3P/8c/4A4/3K1A3 w,0.0065922695,6906
2b1ka3/4a4/2P6/p7p/3r5/2P6/P2NR3P/8c/4A4/3K1A3 b,0.009126632,6455
2b1ka3/4a4/2P6/p7p/3r5/2P6/P2NR3P/9/4A4/3K1A2c w,0.0035538257,7635
2b1ka3/4a4/2P6/p7p/3r5/2P6/P2NR3P/9/3KA4/5A2c b,-0.0037294745,363
2b1ka3/4a4/2P6/p7p/3r5/2P6/P2NR3P/9/3KA3c/5A3 w,0.0112461625,6906
2b1ka3/4a4/2P6/p7p/3r5/2P6/P2NR3P/3A5/3K4c/5A3 b,-0.008977822,3558
2b1ka3/4a4/2P6/p7p/9/2Pr5/P2NR3P/3A5/3K4c/5A3 w,0.009899891,4268
2b1ka3/4a4/2P6/p7p/2P6/3r5/P2NR3P/3A5/3K4c/5A3 b,-0.010223416,7279
2b1ka3/4a4/2P6/p7p/2P6/2r6/P2NR3P/3A5/3K4c/5A3 w,0.04555946,5170
2b1ka3/2P1a4/9/p7p/2P6/2r6/P2NR3P/3A5/3K4c/5A3 b,-0.0051580793,4304
2b1ka3/2P1a4/9/p7p/2P6/2r6/P2NR3P/3A5/3K5/5A2c w,0.08138225,6826
2b1ka3/2P1a4/9/p7p/2P6/2r6/P2NR3P/3A5/4K4/5A2c b,-0.08822429,4278
2b1ka3/2P1a4/9/p7p/2P6/6r2/P2NR3P/3A5/4K4/5A2c w,0.33059552,1002
2b1ka3/2P1a4/9/p7p/2P1N4/6r2/P3R3P/3A5/4K4/5A2c b,-0.28980494,4668
2b1ka3/2P1a4/9/p7p/2P1N4/9/P3R3P/3A5/4K1r2/5A2c w,0.3145588,6907
2b1ka3/2P1a4/9/p7p/2P1N4/9/P3R3P/3AK4/6r2/5A2c b,-0.27493382,7089
4ka3/2P1a4/4b4/p7p/2P1N4/9/P3R3P/3AK4/6r2/5A2c w,0.4233228,5275
4ka3/2P1a4/4b4/p1P5p/4N4/9/P3R3P/3AK4/6r2/5A2c b,-0.13927597,7089
4ka3/2P1a4/4b4/p1P5p/4N4/9/P3R3P/3AK1r2/9/5A2c w,0.1783411,6106
4ka3/2P1a4/4b4/p1P5p/4N4/9/P3R3P/3A2r2/4K4/5A2c b,-0.17197745,6288
4ka3/2P1a4/4b4/p1P5p/4N4/9/P3R3P/3A5/4K1r2/5A2c w,0.13407767,6907
4ka3/2P1a4/4b4/p1P5p/4N4/9/P3R3P/3AK4/6r2/5A2c b,-0.13927597,7089
4ka3/2P1a4/4b4/p1P5p/4N4/9/P3R3P/3AK4/3r5/5A2c w,0.61162806,5275
4ka3/3Pa4/4b4/p1P5p/4N4/9/P3R3P/3AK4/3r5/5A2c b,-0.5762437,6823
4ka3/3Pa4/4b4/p1P5p/4N4/9/P3R3P/3AK4/3r4c/5A3 w,1,5275
4ka3/3Pa4/4b4/p1P5p/4N4/9/P3R3P/3AK4/3rA3c/9 b,-0.4449559,6823
4ka3/3Pa4/4b4/p1P5p/4N4/9/P3R3P/3AK4/1r2A3c/9 w,0.4667995,3633
4ka3/3Pa4/4b4/p1P3N1p/9/9/P3R3P/3AK4/1r2A3c/9 b,-0.45949996,6580
4ka3/3Pa4/9/p1P3N1p/6b2/9/P3R3P/3AK4/1r2A3c/9 w,0.9968374,1093
4ka3/4P4/9/p1P3N1p/6b2/9/P3R3P/3AK4/1r2A3c/9 b,-1,463
4k4/4a4/9/p1P3N1p/6b2/9/P3R3P/3AK4/1r2A3c/9 w,0.9924819,5233
4k4/4R4/9/p1P3N1p/6b2/9/P7P/3AK4/1r2A3c/9 b,-1,363
3k5/4R4/9/p1P3N1p/6b2/9/P7P/3AK4/1r2A3c/9 w,1,2984
3k5/9/9/p1P3N1p/6b2/4R4/P7P/3AK4/1r2A3c/9 b,-1,6616
3k5/1r7/9/p1P3N1p/6b2/4R4/P7P/3AK4/4A3c/9 w,1,4458
3kR4/1r7/9/p1P3N1p/6b2/9/P7P/3AK4/4A3c/9 b,-1,282
4R4/1r1k5/9/p1P3N1p/6b2/9/P7P/3AK4/4A3c/9 w,0.998162,373
9/1r1kR4/9/p1P3N1p/6b2/9/P7P/3AK4/4A3c/9 b,-1,1083
3k5/1r2R4/9/p1P3N1p/6b2/9/P7P/3AK4/4A3c/9 w,1,1180
3k5/1R7/9/p1P3N1p/6b2/9/P7P/3AK4/4A3c/9 b,-1,3802
3k5/1R7/9/p1P3N1p/6b2/9/P7P/3AK4/4Ac3/9 w,1,2984
rnbakabnr/9/1c5c1/p1p1p1p1p/9/9/P1P1P1P1P/1C5C1/9/RNBAKABNR w,0.014449762,5087
rnbakabnr/9/1c5c1/p1p1p1p1p/9/9/P1P1P1P1P/4C2C1/9/RNBAKABNR b,-0.012932254,110
r1bakabnr/9/1cn4c1/p1p1p1p1p/9/9/P1P1P1P1P/4C2C1/9/RNBAKABNR w,0.011422182,7445
r1bakabnr/9/1cn4c1/p1p1p1p1p/9/9/P1P1P1P1P/2N1C2C1/9/R1BAKABNR b,-0.012428113,3012
r1baka1nr/9/1cn1b2c1/p1p1p1p1p/9/9/P1P1P1P1P/2N1C2C1/9/R1BAKABNR w,0.028042147,7372
r1baka1nr/9/1cn1b2c1/p1p1p1p1p/9/9/P1P1P1P1P/2N1C2C1/9/1RBAKABNR b,-0.02165522,1
1rbaka1nr/9/1cn1b2c1/p1p1p1p1p/9/9/P1P1P1P1P/2N1C2C1/9/1RBAKABNR w,0.018024392,5087
1rbaka1nr/9/1cn1b2c1/p1p1p1p1p/9/9/P1P1P1P1P/2N1CC3/9/1RBAKABNR b,-0.012428113,2648
1rbaka2r/9/1cn1b1nc1/p1p1p1p1p/9/9/P1P1P1P1P/2N1CC3/9/1RBAKABNR w,0.019055555,5451
1rbaka2r/9/1cn1b1nc1/p1p1p1p1p/9/9/P1P1P1P1P/2N1CCN2/9/1RBAKAB1R b,-0.017510546,1765
1rbaka2r/9/1cn1b1nc1/p1p1p3p/6p2/9/P1P1P1P1P/2N1CCN2/9/1RBAKAB1R w,0.019572936,8098
1rbaka2r/9/1cn1b1nc1/p1p1p3p/6p2/9/P1P1P1P1P/2N1CCN2/9/1RBAKABR1 b,-0.014449762,727
1rbaka1r1/9/1cn1b1nc1/p1p1p3p/6p2/9/P1P1P1P1P/2N1CCN2/9/1RBAKABR1 w,0.016997816,7408
1rbaka1r1/9/1cn1b1nc1/p1p1p3p/6p2/2P6/P3P1P1P/2N1CCN2/9/1RBAKABR1 b,-0.008420906,1765
1rbaka1r1/9/2n1b1nc1/p1p1p3p/6p2/2P6/Pc2P1P1P/2N1CCN2/9/1RBAKABR1 w,0.012932254,7954
1rbaka1r1/9/2n1b1nc1/p1p1p3p/6p2/2PN5/Pc2P1P1P/4CCN2/9/1RBAKABR1 b,0.0014816026,2311
1rbaka1r1/9/2n1b1n2/p1p1p3p/6p2/2PN5/Pc2P1PcP/4CCN2/9/1RBAKABR1 w,-0.011924766,7816
1rbaka1r1/9/2n1bCn2/p1p1p3p/6p2/2PN5/Pc2P1PcP/4C1N2/9/1RBAKABR1 b,0.02535331,5548
1rbakabr1/9/2n2Cn2/p1p1p3p/6p2/2PN5/Pc2P1PcP/4C1N2/9/1RBAKABR1 w,0.04585602,6061
1rbakabr1/9/2n2Cn2/p1p1N3p/6p2/2P6/Pc2P1PcP/4C1N2/9/1RBAKABR1 b,-0.025618432,1831
1rbakabr1/9/5Cn2/p1p1n3p/6p2/2P6/Pc2P1PcP/4C1N2/9/1RBAKABR1 w,0.007799667,6061
1rbakabr1/9/5Cn2/p1p1C3p/6p2/2P6/Pc2P1PcP/6N2/9/1RBAKABR1 b,-0.014534511,109
2bakabr1/9/1r3Cn2/p1p1C3p/6p2/2P6/Pc2P1PcP/6N2/9/1RBAKABR1 w,-0.00084206735,2839
2bakabr1/9/1r3Cn2/p1p5p/6p2/2P1C4/Pc2P1PcP/6N2/9/1RBAKABR1 b,-0.019456778,1733
2bakabr1/9/5rn2/p1p5p/6p2/2P1C4/Pc2P1PcP/6N2/9/1RBAKABR1 w,0,7435
2bakabr1/9/5rn2/p1p5p/6p2/2P1C4/PR2P1PcP/6N2/9/2BAKABR1 b,0.0010268611,3831
2bakabr1/9/6n2/p1p5p/6p2/2P1C4/PR2PrPcP/6N2/9/2BAKABR1 w,0.39088708,4969
2bakabr1/9/6n2/p1p5p/1R4p2/2P1C4/P3PrPcP/6N2/9/2BAKABR1 b,-0.1593855,3831
2bakabr1/9/9/p1p5p/1R3np2/2P1C4/P3PrPcP/6N2/9/2BAKABR1 w,0.6604994,3370
2bakabr1/9/9/p1p5p/1R3np2/2P1C4/P3PrPcP/6N2/4A4/2BAK1BR1 b,-0.15526117,2648
2bakabr1/9/9/p1p5p/1R4p2/2P1C4/P3nrPcP/6N2/4A4/2BAK1BR1 w,0.54247665,3370
2bakabr1/9/9/p1p5p/1R4p2/2P1C4/P3nrPcP/4B1N2/4A4/2BAK2R1 b,-0.003012657,5360
2bakabr1/9/9/p1p5p/1R4p2/2P1C4/P3n1rcP/4B1N2/4A4/2BAK2R1 w,0.28532687,3370
2bakabr1/9/9/p1p5p/1R4p2/2P1C4/P3n1rcP/4B4/4A3N/2BAK2R1 b,-0.086560264,2648
2bakabr1/9/9/p1p5p/1R4p2/2P1C4/P3n1r1P/4B4/4A2cN/2BAK2R1 w,0.7758856,3370
2bakabr1/9/9/p1p5p/4R1p2/2P1C4/P3n1r1P/4B4/4A2cN/2BAK2R1 b,-0.77229214,562
2baka1r1/9/4b4/p1p5p/4R1p2/2P1C4/P3n1r1P/4B4/4A2cN/2BAK2R1 w,0.7157196,3622
2baka1r1/9/4R4/p1p5p/6p2/2P1C4/P3n1r1P/4B4/4A2cN/2BAK2R1 b,-0.788699,283
2b1ka1r1/4a4/4R4/p1p5p/6p2/2P1C4/P3n1r1P/4B4/4A2cN/2BAK2R1 w,0.74395484,2005
2b1ka1r1/4a4/7R1/p1p5p/6p2/2P1C4/P3n1r1P/4B4/4A2cN/2BAK2R1 b,-0.7518257,363
2bk1a1r1/4a4/7R1/p1p5p/6p2/2P1C4/P3n1r1P/4B4/4A2cN/2BAK2R1 w,0.7762677,2257
2bk1a1R1/4a4/9/p1p5p/6p2/2P1C4/P3n1r1P/4B4/4A2cN/2BAK2R1 b,-0.68769336,5289
2bk1a1R1/4a4/9/p1p5p/6p2/2P1C4/P3n1r1P/4B4/4Ac2N/2BAK2R1 w,0.9069068,7936
2bk1a3/4a4/9/p1p4Rp/6p2/2P1C4/P3n1r1P/4B4/4Ac2N/2BAK2R1 b,-0.82000715,5267
2bk1a3/4a4/9/p1p4Rp/6p2/2P1C4/P3n3r/4B4/4Ac2N/2BAK2R1 w,0.9402898,3090
2bk1a3/4a4/9/p1p4Rp/6p2/2P1C4/P3n2Nr/4B4/4Ac3/2BAK2R1 b,-0.78105795,6953
2bk1a3/4a4/9/p1p4Rp/6p2/2P1C4/P6Nr/4B1n2/4Ac3/2BAK2R1 w,0.8799665,8007
2bk1a3/4a4/9/p1pR4p/6p2/2P1C4/P6Nr/4B1n2/4Ac3/2BAK2R1 b,-0.7848243,1191
2bk1a3/9/3a5/p1pR4p/6p2/2P1C4/P6Nr/4B1n2/4Ac3/2BAK2R1 w,0.8198941,2721
2bk1a3/9/3R5/p1p5p/6p2/2P1C4/P6Nr/4B1n2/4Ac3/2BAK2R1 b,-0.8199212,274
2b1ka3/9/3R5/p1p5p/6p2/2P1C4/P6Nr/4B1n2/4Ac3/2BAK2R1 w,0.8232106,5568
2b1ka3/9/3R5/p1p5p/6N2/2P1C4/P7r/4B1n2/4Ac3/2BAK2R1 b,-0.9717595,6944
2b1ka3/9/3R5/p1p5p/6N2/2P1Cn3/P7r/4B4/4Ac3/2BAK2R1 w,1,3811
2b1ka3/9/3R1N3/p1p5p/9/2P1Cn3/P7r/4B4/4Ac3/2BAK2R1 b,-0.8552864,6953
2b1ka3/9/3R1c3/p1p5p/9/2P1Cn3/P7r/4B4/4A4/2BAK2R1 w,0.82469267,1913
2b1ka3/9/5R3/p1p5p/9/2P1Cn3/P7r/4B4/4A4/2BAK2R1 b,-0.922156,4569
2b1ka3/9/5R3/p1p5p/9/2P1C4/P6nr/4B4/4A4/2BAK2R1 w,0.7973785,7999
2b1ka3/9/9/p1p2R2p/9/2P1C4/P6nr/4B4/4A4/2BAK2R1 b,-0.70939356,5568
2b1ka3/9/9/p1p2R2p/9/2P1C4/P7r/4B4/4A1n2/2BAK2R1 w,0.7291669,7736
2b1ka3/9/9/p1p5p/9/2P1C4/P7r/4B4/4ARn2/2BAK2R1 b,-0.69401777,5669
2b1ka3/9/9/p1p5p/9/2P1C4/P8/4B4/4ARn2/2BAK2Rr w,0.70939356,8009
2b1ka3/9/9/p1p5p/9/2P1C4/P8/4B4/4ARn2/2BAK3R b,-0.80935866,7109
2b1ka3/9/9/p1p5p/9/2P1C4/P8/4B4/4AR3/2BAK3n w,0.90647715,4268
2b1ka3/9/9/p1p5p/9/2P1C4/P8/4B4/4A3R/2BAK3n b,-0.8362371,198
2b2a3/4k4/9/p1p5p/9/2P1C4/P8/4B4/4A3R/2BAK3n w,0.9226714,7289
2b2a3/4k4/9/p1p5p/9/2P1C4/P8/4B4/4A4/2BAK3R b,-0.9864612,2648
5a3/4k4/b8/p1p5p/9/2P1C4/P8/4B4/4A4/2BAK3R w,0.98751664,8045
5a3/4k4/b8/p1p5R/9/2P1C4/P8/4B4/4A4/2BAK4 b,-0.9953741,1184
5a3/3k5/b8/p1p5R/9/2P1C4/P8/4B4/4A4/2BAK4 w,0.99618274,3179
5a3/3k5/b8/p1pR5/9/2P1C4/P8/4B4/4A4/2BAK4 b,-0.9946291,1093
5a3/4k4/b8/p1pR5/9/2P1C4/P8/4B4/4A4/2BAK4 w,0.9969823,2729
5a3/4k4/b8/p1pR5/9/P1P1C4/9/4B4/4A4/2BAK4 b,-0.98983085,2648
5a3/4k4/b8/p2R5/2p6/P1P1C4/9/4B4/4A4/2BAK4 w,0.9953741,4268
5a3/4k4/b8/p3R4/2p6/P1P1C4/9/4B4/4A4/2BAK4 b,-0.9904583,1182
5a3/3k5/b8/p3R4/2p6/P1P1C4/9/4B4/4A4/2BAK4 w,0.9985728,2817
5a3/3k5/b8/p2R5/2p6/P1P1C4/9/4B4/4A4/2BAK4 b,-0.99656945,1093
5a3/4k4/b8/p2R5/2p6/P1P1C4/9/4B4/4A4/2BAK4 w,0.9953741,4268
5a3/4k4/b8/p2R5/2P6/P3C4/9/4B4/4A4/2BAK4 b,-0.99807674,2466
5a3/4k4/9/p2R5/2b6/P3C4/9/4B4/4A4/2BAK4 w,0.999066,2727
5a3/4k4/9/R8/2b6/P3C4/9/4B4/4A4/2BAK4 b,-0.99930567,1184
5a3/5k3/9/R8/2b6/P3C4/9/4B4/4A4/2BAK4 w,0.99969405,2462
5a3/5k3/9/2R6/2b6/P3C4/9/4B4/4A4/2BAK4 b,-0.99955595,3438
5a3/5k3/b8/2R6/9/P3C4/9/4B4/4A4/2BAK4 w,0.9996174,2642
5a3/5k3/b8/5R3/9/P3C4/9/4B4/4A4/2BAK4 b,-0.99981844,1273
5a3/4k4/b8/5R3/9/P3C4/9/4B4/4A4/2BAK4 w,0.999636,2885
5a3/4k4/b8/4R4/9/P3C4/9/4B4/4A4/2BAK4 b,-0.9993393,1184
5a3/3k5/b8/4R4/9/P3C4/9/4B4/4A4/2BAK4 w,0.9996449,2794
5a3/3k5/b3R4/9/9/P3C4/9/4B4/4A4/2BAK4 b,-0.9998272,463
3k1a3/9/b3R4/9/9/P3C4/9/4B4/4A4/2BAK4 w,0.99988955,1998
3k1a3/9/bR7/9/9/P3C4/9/4B4/4A4/2BAK4 b,-0.99957746,1658
5a3/3k5/bR7/9/9/P3C4/9/4B4/4A4/2BAK4 w,0.9997554,1728
5a3/1R1k5/b8/9/9/P3C4/9/4B4/4A4/2BAK4 b,-0.9996785,1083
5a3/1R7/b2k5/9/9/P3C4/9/4B4/4A4/2BAK4 w,0.9997364,919
5a3/1R7/b2k5/9/9/PC7/9/4B4/4A4/2BAK4 b,-0.9996174,1658
5a3/1R7/b3k4/9/9/PC7/9/4B4/4A4/2BAK4 w,0.99978924,919
5a3/9/b3k4/9/1R7/PC7/9/4B4/4A4/2BAK4 b,-0.99982285,1993
5a3/4k4/b8/9/1R7/PC7/9/4B4/4A4/2BAK4 w,0.99956685,3371
5a3/4k4/b8/9/1R7/PC7/9/4B4/9/2BAKA3 b,-0.9996268,1622
5a3/3k5/b8/9/1R7/PC7/9/4B4/9/2BAKA3 w,0.9999824,6077
5a3/3k5/b8/9/PR7/1C7/9/4B4/9/2BAKA3 b,-0.999978,1093
5a3/3k5/9/9/PRb6/1C7/9/4B4/9/2BAKA3 w,0.99999964,3368
5a3/3k5/9/9/PRb6/1C7/9/9/9/2BAKAB2 b,-0.9997785,1083
5a3/3k5/4b4/9/PR7/1C7/9/9/9/2BAKAB2 w,0.99998105,3369
5a3/3k5/4b4/9/P2R5/1C7/9/9/9/2BAKAB2 b,-1,1093
5a3/4k4/4b4/9/P2R5/1C7/9/9/9/2BAKAB2 w,1,3531
5a3/4k4/4b4/9/1P1R5/1C7/9/9/9/2BAKAB2 b,-0.9999919,1184
4ka3/9/4b4/9/1P1R5/1C7/9/9/9/2BAKAB2 w,0.99999297,3531
4ka3/9/4b4/9/2PR5/1C7/9/9/9/2BAKAB2 b,-0.9999997,463
4k4/4a4/4b4/9/2PR5/1C7/9/9/9/2BAKAB2 w,0.9998975,4189
4k4/4a4/4b4/2P6/3R5/1C7/9/9/9/2BAKAB2 b,-0.9999138,1986
4k4/9/4ba3/2P6/3R5/1C7/9/9/9/2BAKAB2 w,0.9999995,3550
4k4/9/4ba3/2P6/4R4/1C7/9/9/9/2BAKAB2 b,-1,373
9/4k4/4ba3/2P6/4R4/1C7/9/9/9/2BAKAB2 w,1,3622
9/4k4/2P1ba3/9/4R4/1C7/9/9/9/2BAKAB2 b,-1,1174
9/5k3/2P1ba3/9/4R4/1C7/9/9/9/2BAKAB2 w,1,3622
9/5k3/2P1Ra3/9/9/1C7/9/9/9/2BAKAB2 b,-1,2083
9/4ak3/2P1R4/9/9/1C7/9/9/9/2BAKAB2 w,1,1993
9/4ak3/2P6/9/4R4/1C7/9/9/9/2BAKAB2 b,-1,1193
9/5k3/2P2a3/9/4R4/1C7/9/9/9/2BAKAB2 w,1,3641
9/5k3/2P2a3/9/4R4/5C3/9/9/9/2BAKAB2 b,-1,2083
9/4ak3/2P6/9/4R4/5C3/9/9/9/2BAKAB2 w,1,3613
9/4ak3/2P6/9/5R3/5C3/9/9/9/2BAKAB2 b,-1,1193
9/5k3/2P2a3/9/5R3/5C3/9/9/9/2BAKAB2 w,1,4577
9/5k3/2P2C3/9/5R3/9/9/9/9/2BAKAB2 b,-1,1265
5k3/9/2P2C3/9/5R3/9/9/9/9/2BAKAB2 w,1,2091
rnbakabnr/9/1c5c1/p1p1p1p1p/9/9/P1P1P1P1P/1C5C1/9/RNBAKABNR w,0.014449762,5087
rnbakabnr/9/1c5c1/p1p1p1p1p/9/9/P1P1P1P1P/4C2C1/9/RNBAKABNR b,-0.012932254,110
r1bakabnr/9/1cn4c1/p1p1p1p1p/9/9/P1P1P1P1P/4C2C1/9/RNBAKABNR w,0.011422182,7445
r1bakabnr/9/1cn4c1/p1p1p1p1p/9/9/P1P1P1P1P/2N1C2C1/9/R1BAKABNR b,-0.012428113,3012
r1baka1nr/9/1cn1b2c1/p1p1p1p1p/9/9/P1P1P1P1P/2N1C2C1/9/R1BAKABNR w,0.028042147,7372
r1baka1nr/9/1cn1b2c1/p1p1p1p1p/9/9/P1P1P1P1P/2N1C2C1/9/1RBAKABNR b,-0.02165522,1
1rbaka1nr/9/1cn1b2c1/p1p1p1p1p/9/9/P1P1P1P1P/2N1C2C1/9/1RBAKABNR w,0.018024392,5087
1rbaka1nr/9/1cn1b2c1/p1p1p1p1p/9/9/P1P1P1P1P/2N1CC3/9/1RBAKABNR b,-0.012428113,2648
1rbaka2r/9/1cn1b1nc1/p1p1p1p1p/9/9/P1P1P1P1P/2N1CC3/9/1RBAKABNR w,0.019055555,5451
1rbaka2r/9/1cn1b1nc1/p1p1p1p1p/9/9/P1P1P1P1P/2N1CCN2/9/1RBAKAB1R b,-0.017510546,1765
1rbaka2r/9/1cn1b1nc1/p1p1p3p/6p2/9/P1P1P1P1P/2N1CCN2/9/1RBAKAB1R w,0.019572936,8098
1rbaka2r/9/1cn1b1nc1/p1p1p3p/6p2/9/P1P1P1P1P/2N1CCN2/9/1RBAKABR1 b,-0.014449762,727
1rbaka1r1/9/1cn1b1nc1/p1p1p3p/6p2/9/P1P1P1P1P/2N1CCN2/9/1RBAKABR1 w,0.016997816,7408
1rbaka1r1/9/1cn1b1nc1/p1p1p3p/6p2/2P6/P3P1P1P/2N1CCN2/9/1RBAKABR1 b,-0.008420906,1765
1rbaka1r1/9/2n1b1nc1/p1p1p3p/6p2/2P6/Pc2P1P1P/2N1CCN2/9/1RBAKABR1 w,0.012932254,7954
1rbaka1r1/9/2n1b1nc1/p1p1p3p/6p2/2PN5/Pc2P1P1P/4CCN2/9/1RBAKABR1 b,0.0014816026,2311
1rbaka1r1/9/2n1b1n2/p1p1p3p/6p2/2PN5/Pc2P1PcP/4CCN2/9/1RBAKABR1 w,-0.011924766,7816
1rbaka1r1/9/2n1bCn2/p1p1p3p/6p2/2PN5/Pc2P1PcP/4C1N2/9/1RBAKABR1 b,0.02535331,5548
1rbakabr1/9/2n2Cn2/p1p1p3p/6p2/2PN5/Pc2P1PcP/4C1N2/9/1RBAKABR1 w,0.04585602,6061
1rbakabr1/9/2n2Cn2/p1p1N3p/6p2/2P6/Pc2P1PcP/4C1N2/9/1RBAKABR1 b,-0.025618432,1831
1rbakabr1/9/5Cn2/p1p1n3p/6p2/2P6/Pc2P1PcP/4C1N2/9/1RBAKABR1 w,0.007799667,6061
1rbakabr1/9/5Cn2/p1p1C3p/6p2/2P6/Pc2P1PcP/6N2/9/1RBAKABR1 b,-0.014534511,109
2bakabr1/9/1r3Cn2/p1p1C3p/6p2/2P6/Pc2P1PcP/6N2/9/1RBAKABR1 w,-0.00084206735,2839
2bakabr1/9/1r3Cn2/p1p5p/6p2/2P1C4/Pc2P1PcP/6N2/9/1RBAKABR1 b,-0.019456778,1733
2bakabr1/9/5rn2/p1p5p/6p2/2P1C4/Pc2P1PcP/6N2/9/1RBAKABR1 w,0,7435
2bakabr1/9/5rn2/p1p5p/6p2/2P1C4/PR2P1PcP/6N2/9/2BAKABR1 b,0.0010268611,3831
2bakabr1/9/5r3/p1p5p/5np2/2P1C4/PR2P1PcP/6N2/9/2BAKABR1 w,0.00619123,4987
2bakabr1/9/5r3/p1p5p/1R3np2/2P1C4/P3P1PcP/6N2/9/2BAKABR1 b,-0.004460755,3750
2bakabr1/9/5r3/p1p5p/1R4p2/2P1C4/P3P1ncP/6N2/9/2BAKABR1 w,0.0050324383,3372
2bakabr1/9/5r3/p1p5p/6R2/2P1C4/P3P1ncP/6N2/9/2BAKABR1 b,-0.00657011,5449
2bakabr1/9/5r3/p1p5p/6R2/2P1n4/P3P2cP/6N2/9/2BAKABR1 w,0.004916287,5269
2bakabr1/9/5r3/p1p5p/6R2/2P1P4/P6cP/6N2/9/2BAKABR1 b,-0.0045435224,2129
2bakabr1/9/5r3/p1p5p/6R2/2P1P4/P7P/6Nc1/9/2BAKABR1 w,0.008180164,3831
2bakabr1/9/5r3/p1p5p/6R2/2P1P4/P7P/6Nc1/7R1/2BAKAB2 b,-0.0040337103,2129
2bakabr1/9/9/p1p5p/6R2/2P1P4/P7P/5rNc1/7R1/2BAKAB2 w,0.012272201,3831
2bakabr1/9/9/p1p3R1p/9/2P1P4/P7P/5rNc1/7R1/2BAKAB2 b,-0.007651792,6179
2bakab2/9/9/p1p3R1p/9/2P1P4/P6rP/5rNc1/7R1/2BAKAB2 w,0.049776442,2976
2bakaR2/9/9/p1p5p/9/2P1P4/P6rP/5rNc1/7R1/2BAKAB2 b,-0.05478155,2648
2bakaR2/9/9/p1p5p/9/2P1P4/P3r3P/5rNc1/7R1/2BAKAB2 w,0.49902156,7816
2bakaR2/9/9/p1p5p/9/2P1P4/P3r3P/5rNc1/4A2R1/2BAK1B2 b,-0.49075776,5269
2bakaR2/9/9/p1p5p/9/2P1P4/P3r3P/5rN1c/4A2R1/2BAK1B2 w,0.591632,7897
2bakaRR1/9/9/p1p5p/9/2P1P4/P3r3P/5rN1c/4A4/2BAK1B2 b,-0.36981955,6479
2bakaRR1/9/9/p1p5p/9/2P1P4/P3r3P/5rN2/4A4/2BAK1B1c w,0.5593444,7897
2bakaRR1/9/9/p1p5p/9/2P1P4/P3r3P/4BrN2/4A4/2BAK3c b,-0.57287526,202
2bakaRR1/9/9/p1p5p/9/2P1P4/P3r3P/4B1r2/4A4/2BAK3c w,0.5357092,609
2baka1R1/9/9/p1p5p/9/2P1P4/P3r3P/4B1R2/4A4/2BAK3c b,-0.47797886,5274
2b1ka1R1/4a4/9/p1p5p/9/2P1P4/P3r3P/4B1R2/4A4/2BAK3c w,0.5973247,4905
2b1ka3/4a4/9/p1p4Rp/9/2P1P4/P3r3P/4B1R2/4A4/2BAK3c b,-0.5672458,202
2b1ka3/4a4/9/p1p4Rp/9/2P1P4/P7r/4B1R2/4A4/2BAK3c w,0.6076053,6288
2b1ka3/4a4/9/p1R5p/9/2P1P4/P7r/4B1R2/4A4/2BAK3c b,-0.5540625,202
4ka3/4a4/4b4/p1R5p/9/2P1P4/P7r/4B1R2/4A4/2BAK3c w,0.5321029,2644
4ka3/4a4/4b1R2/p1R5p/9/2P1P4/P7r/4B4/4A4/2BAK3c b,-0.5509363,5641
4ka3/4a4/4b1R2/p1R5p/9/2P1P4/P6r1/4B4/4A4/2BAK3c w,0.5696246,6906
4ka3/4a4/4R4/p1R5p/9/2P1P4/P6r1/4B4/4A4/2BAK3c b,0.008120075,5578
4ka3/4a4/4R4/p1R5p/9/2P1P4/P8/4B4/4A4/2BAK2rc w,-0.005744849,6926
4ka3/4a4/4R4/p1R5p/9/2P1P4/P8/9/4A4/2BAK1Brc b,0.13186966,8007
4ka3/4a4/4R4/p1R5p/9/2P1P4/P8/9/4A4/2BAK1r1c w,-0.1292939,6926
4ka3/4a4/4R4/p1R5p/9/2P1P4/P8/9/9/2BAKAr1c b,0.13084568,7863
4ka3/4a4/4R4/p1R3r1p/9/2P1P4/P8/9/9/2BAKA2c w,-0.11602079,7816
4ka3/4a4/4R4/p1R3r1p/9/2P1P4/P8/9/4A4/2BAK3c b,0.14049017,2999
4ka3/4a4/4R4/p1r5p/9/2P1P4/P8/9/4A4/2BAK3c w,-0.13841239,7537
4ka3/4a4/1R7/p1r5p/9/2P1P4/P8/9/4A4/2BAK3c b,0.1811583,2657
4ka3/4a4/1R7/p3r3p/9/2P1P4/P8/9/4A4/2BAK3c w,-0.05435708,1711
1R2ka3/4a4/9/p3r3p/9/2P1P4/P8/9/4A4/2BAK3c b,0.07808325,1173
1R1aka3/9/9/p3r3p/9/2P1P4/P8/9/4A4/2BAK3c w,-0.08054376,154
1R1aka3/9/9/p3r3p/2P6/4P4/P8/9/4A4/2BAK3c b,0.23960799,3194
1R1aka3/9/9/p7p/2P6/4r4/P8/9/4A4/2BAK3c w,-0.2617452,154
3aka3/9/9/pR6p/2P6/4r4/P8/9/4A4/2BAK3c b,0.258412,3194
3aka3/9/9/pR6p/2P6/6r2/P8/9/4A4/2BAK3c w,-0.16439998,2551
3aka3/9/9/pR6p/2P6/6r2/P8/9/4A4/2BA1K2c b,0.26849434,3194
3aka3/9/9/pR6p/2P6/5r3/P8/9/4A4/2BA1K2c w,-0.18694997,7825
3aka3/9/9/pR6p/2P6/5r3/P8/9/4A4/2BAK3c b,0.16679339,3194
3aka3/9/9/pR6p/2P6/7r1/P8/9/4A4/2BAK3c w,-0.18694997,2551
3aka3/9/9/p3R3p/2P6/7r1/P8/9/4A4/2BAK3c b,0.055272482,463
3ak4/4a4/9/p3R3p/2P6/7r1/P8/9/4A4/2BAK3c w,-0.23275703,2825
3ak4/4a4/9/p7R/2P6/7r1/P8/9/4A4/2BAK3c b,0.1085768,4768
3ak4/4a4/9/p7R/2P6/9/P8/9/4A4/2BAK2rc w,-0.13733011,6926
3ak4/4a4/9/p7R/2P6/9/P8/9/9/2BAKA1rc b,0.15987314,8096
3ak4/4a4/9/p7R/2P6/9/P8/9/9/2BAKc1r1 w,-0.22933038,7726
3ak4/4a4/9/p5R2/2P6/9/P8/9/9/2BAKc1r1 b,0.41233838,7763
3ak4/4a4/5c3/p5R2/2P6/9/P8/9/9/2BAK2r1 w,-0.43561018,7726
3ak4/4a4/5c3/p5R2/2P6/9/P8/9/4K4/2BA3r1 b,0.37148198,7999
3ak4/4a4/5c3/p5R2/2P6/9/P8/9/4K4/2Br5 w,-0.24638629,2997
3ak4/4a4/5c3/p5R2/2P6/9/P8/4B4/4K4/3r5 b,0.3918387,2466
3ak4/4a4/5c3/p5R2/2P6/9/P8/3rB4/4K4/9 w,-0.15802091,4905
3ak4/4a4/5c3/R8/2P6/9/P8/3rB4/4K4/9 b,0.21842869,6005
3ak4/4a4/4c4/R8/2P6/9/P8/3rB4/4K4/9 w,-0.28255734,6081
3ak4/4a4/4c4/R8/2P6/9/P8/3rB4/5K3/9 b,0.91779625,6007
3ak4/4a4/4c4/R8/2P6/9/P8/4r4/5K3/9 w,-0.99495304,2475
3ak4/4a4/4c4/6R2/2P6/9/P8/4r4/5K3/9 b,0.9823048,2003
3ak4/4a4/5c3/6R2/2P6/9/P8/4r4/5K3/9 w,-0.9978255,3039
3ak1R2/4a4/5c3/9/2P6/9/P8/4r4/5K3/9 b,0.9814199,2075
3akcR2/4a4/9/9/2P6/9/P8/4r4/5K3/9 w,-0.9712412,3459
3akcR2/4a4/9/9/3P5/9/P8/4r4/5K3/9 b,0.9809614,1193
3akcR2/4a4/9/9/3P5/9/P3r4/9/5K3/9 w,-0.999017,609
3akc2R/4a4/9/9/3P5/9/P3r4/9/5K3/9 b,0.99585915,1193
3akc2R/4a4/9/9/3P5/9/P2r5/9/5K3/9 w,-0.8185954,7006
3akc2R/4a4/9/9/4P4/9/P2r5/9/5K3/9 b,0.99850106,5188
3akc2R/4a4/9/9/4P4/9/r8/9/5K3/9 w,-0.9859652,755
3akc2R/4a4/9/4P4/9/9/r8/9/5K3/9 b,0.9999465,4918
3akc2R/4a4/9/4P4/9/9/4r4/9/5K3/9 w,-1,2812
3akc2R/4a4/9/3P5/9/9/4r4/9/5K3/9 b,0.9999492,1193
3akc2R/4a4/9/3P5/9/9/9/4r4/5K3/9 w,-0.9991503,764
3akc2R/4a4/3P5/9/9/9/9/4r4/5K3/9 b,0.9996142,1193
3akc2R/9/3P1a3/9/9/9/9/4r4/5K3/9 w,-1,725
3akR3/9/3P1a3/9/9/9/9/4r4/5K3/9 b,0.9999997,365
3a1k3/9/3P1a3/9/9/9/9/4r4/5K3/9 w,-1,7016
3a1k3/3P5/5a3/9/9/9/9/4r4/5K3/9 b,1,454
3ak4/3P5/5a3/9/9/9/9/4r4/5K3/9 w,-1,1091
3ak4/2P6/5a3/9/9/9/9/4r4/5K3/9 b,1,6061
3ak4/2P6/5a3/9/4r4/9/9/9/5K3/9 w,-1,1002
3ak4/3P5/5a3/9/4r4/9/9/9/5K3/9 b,1,3641
rnbakabnr/9/1c5c1/p1p1p1p1p/9/9/P1P1P1P1P/1C5C1/9/RNBAKABNR w,0.014449762,5087
rnbakabnr/9/1c5c1/p1p1p1p1p/9/9/P1P1P1P1P/4C2C1/9/RNBAKABNR b,-0.012932254,110
r1bakabnr/9/1cn4c1/p1p1p1p1p/9/9/P1P1P1P1P/4C2C1/9/RNBAKABNR w,0.011422182,7445
r1bakabnr/9/1cn4c1/p1p1p1p1p/9/9/P1P1P1P1P/2N1C2C1/9/R1BAKABNR b,-0.012428113,3012
r1baka1nr/9/1cn1b2c1/p1p1p1p1p/9/9/P1P1P1P1P/2N1C2C1/9/R1BAKABNR w,0.028042147,7372
r1baka1nr/9/1cn1b2c1/p1p1p1p1p/9/9/P1P1P1P1P/2N1C2C1/9/1RBAKABNR b,-0.02165522,1
1rbaka1nr/9/1cn1b2c1/p1p1p1p1p/9/9/P1P1P1P1P/2N1C2C1/9/1RBAKABNR w,0.018024392,5087
1rbaka1nr/9/1cn1b2c1/p1p1p1p1p/9/9/P1P1P1P1P/2N1CC3/9/1RBAKABNR b,-0.012428113,2648
1rbaka2r/9/1cn1b1nc1/p1p1p1p1p/9/9/P1P1P1P1P/2N1CC3/9/1RBAKABNR w,0.019055555,5451
1rbaka2r/9/1cn1b1nc1/p1p1p1p1p/9/9/P1P1P1P1P/2N1CCN2/9/1RBAKAB1R b,-0.017510546,1765
1rbaka2r/9/1cn1b1nc1/p1p1p3p/6p2/9/P1P1P1P1P/2N1CCN2/9/1RBAKAB1R w,0.019572936,8098
1rbaka2r/9/1cn1b1nc1/p1p1p3p/6p2/9/P1P1P1P1P/2N1CCN2/9/1RBAKABR1 b,-0.014449762,727
1rbaka1r1/9/1cn1b1nc1/p1p1p3p/6p2/9/P1P1P1P1P/2N1CCN2/9/1RBAKABR1 w,0.016997816,7408
1rbaka1r1/9/1cn1b1nc1/p1p1p3p/6p2/2P6/P3P1P1P/2N1CCN2/9/1RBAKABR1 b,-0.008420906,1765
1rbaka1r1/9/2n1b1nc1/p1p1p3p/6p2/2P6/Pc2P1P1P/2N1CCN2/9/1RBAKABR1 w,0.012932254,7954
1rbaka1r1/9/2n1b1nc1/p1p1p3p/6p2/2PN5/Pc2P1P1P/4CCN2/9/1RBAKABR1 b,0.0014816026,2311
1rbaka1r1/9/2n1b1n2/p1p1p3p/6p2/2PN5/Pc2P1PcP/4CCN2/9/1RBAKABR1 w,-0.011924766,7816
1rbaka1r1/9/2n1bCn2/p1p1p3p/6p2/2PN5/Pc2P1PcP/4C1N2/9/1RBAKABR1 b,0.02535331,5548
1rbakabr1/9/2n2Cn2/p1p1p3p/6p2/2PN5/Pc2P1PcP/4C1N2/9/1RBAKABR1 w,0.04585602,6061
1rbakabr1/9/2n2Cn2/p1p1N3p/6p2/2P6/Pc2P1PcP/4C1N2/9/1RBAKABR1 b,-0.025618432,1831
1rbakabr1/9/5Cn2/p1p1n3p/6p2/2P6/Pc2P1PcP/4C1N2/9/1RBAKABR1 w,0.007799667,6061
1rbakabr1/9/5Cn2/p1p1C3p/6p2/2P6/Pc2P1PcP/6N2/9/1RBAKABR1 b,-0.014534511,109
2bakabr1/9/1r3Cn2/p1p1C3p/6p2/2P6/Pc2P1PcP/6N2/9/1RBAKABR1 w,-0.00084206735,2839
2bakabr1/9/1r3Cn2/p1p1C3p/6p2/2P6/Pc2P1PcP/6N2/4A4/1RB1KABR1 b,0.05713193,3831
2bakabr1/9/5rn2/p1p1C3p/6p2/2P6/Pc2P1PcP/6N2/4A4/1RB1KABR1 w,-0.031483337,7435
2bakabr1/9/5rn2/p1p1C3p/6p2/2P6/PR2P1PcP/6N2/4A4/2B1KABR1 b,0.025379349,3831
2bakabr1/9/6n2/p1p1Cr2p/6p2/2P6/PR2P1PcP/6N2/4A4/2B1KABR1 w,0.007936055,2839
2bakabr1/9/6n2/p1p2r2p/6p2/2P1C4/PR2P1PcP/6N2/4A4/2B1KABR1 b,-0.004805894,3831
2bakabr1/9/6n2/p1p5p/6p2/2P1C4/PR2PrPcP/6N2/4A4/2B1KABR1 w,0.1593855,7897
2bakabr1/9/6n2/p1p5p/6p2/2P1C4/P2RPrPcP/6N2/4A4/2B1KABR1 b,-0.03014275,5370
2bakabr1/9/6n2/p1p5p/6p2/2P1C4/P2RP1rcP/6N2/4A4/2B1KABR1 w,0.020424593,7734
2bakabr1/9/3R2n2/p1p5p/6p2/2P1C4/P3P1rcP/6N2/4A4/2B1KABR1 b,-0.004020845,5548
2bakabr1/9/3R5/p1p5p/5np2/2P1C4/P3P1rcP/6N2/4A4/2B1KABR1 w,0.48121408,1912
2bakabr1/9/9/p1p5p/3R1np2/2P1C4/P3P1rcP/6N2/4A4/2B1KABR1 b,-0.09170139,5548
2bakabr1/9/9/p1p5p/3R2p2/2P1C4/P3n1rcP/6N2/4A4/2B1KABR1 w,0.62774354,3550
2bakabr1/9/9/p1p5p/3R2p2/2P1C4/P3n1rcP/9/4A3N/2B1KABR1 b,-0.11902219,5297
2bakabr1/9/9/p1p5p/3R2p2/2P1C4/P3n1r1P/9/4A2cN/2B1KABR1 w,0.090963185,3550
2bakabr1/9/9/p1p5p/3R2p2/2P1C4/P3n1r1P/4B4/4A2cN/2B1KA1R1 b,0,5289
2bakabr1/9/9/p1p5p/3R2p2/2P1C4/P5r1P/4B1n2/4A2cN/2B1KA1R1 w,0.052025296,3550
2bakabr1/9/9/p1p5p/3R2p2/2P1C4/P5r1P/4B1n2/4A2cN/2B1KAR2 b,0,682
2bakab2/9/9/p1p5p/3R2p2/2P1C2r1/P5r1P/4B1n2/4A2cN/2B1KAR2 w,0.0045842156,3550
2bakab2/9/9/p1p1C3p/3R2p2/2P4r1/P5r1P/4B1n2/4A2cN/2B1KAR2 b,0.009593344,5458
2bakab2/9/9/p1p1C3p/3R5/2P3pr1/P5r1P/4B1n2/4A2cN/2B1KAR2 w,0.01920104,2823
2bakab2/9/9/p1p1C3p/6R2/2P3pr1/P5r1P/4B1n2/4A2cN/2B1KAR2 b,0.36415157,6290
2baka3/9/8b/p1p1C3p/6R2/2P3pr1/P5r1P/4B1n2/4A2cN/2B1KAR2 w,-0.013040172,3820
2baka3/9/8b/p1p1C1R1p/9/2P3pr1/P5r1P/4B1n2/4A2cN/2B1KAR2 b,0.28113613,6290
2baka3/9/8b/p1p1C1R1p/7r1/2P3p2/P5r1P/4B1n2/4A2cN/2B1KAR2 w,-0.033261057,2825
2baka3/9/8b/p1p3R1p/7r1/2P1C1p2/P5r1P/4B1n2/4A2cN/2B1KAR2 b,0.025064843,6290
2baka3/9/8b/p5R1p/2p4r1/2P1C1p2/P5r1P/4B1n2/4A2cN/2B1KAR2 w,0.015524518,6081
2baka3/9/8b/p5R1p/2P4r1/4C1p2/P5r1P/4B1n2/4A2cN/2B1KAR2 b,0.007717087,6290
2baka3/9/8b/p5R1p/2r6/4C1p2/P5r1P/4B1n2/4A2cN/2B1KAR2 w,0.058976743,3001
2baka3/9/8b/p6Rp/2r6/4C1p2/P5r1P/4B1n2/4A2cN/2B1KAR2 b,0.009786216,6290
2baka3/9/8b/p6Rp/2r6/4Cp3/P5r1P/4B1n2/4A2cN/2B1KAR2 w,0.02834883,3091
2baka3/9/8b/p6Rp/2r6/1C3p3/P5r1P/4B1n2/4A2cN/2B1KAR2 b,-0.014794212,7153
2baka3/9/8b/p6Rp/9/1C3p3/P5r1P/4B1n2/2r1A2cN/2B1KAR2 w,0.117278025,3139
2baka3/9/8b/p7p/9/1C3p3/P5r1P/4B1n2/2r1A2RN/2B1KAR2 b,-0.06929669,5455
2baka3/9/8b/p7p/9/1C3p3/P5r1P/4B1n2/1r2A2RN/2B1KAR2 w,0.24062368,4187
2baka3/9/8b/p6Rp/9/1C3p3/P5r1P/4B1n2/1r2A3N/2B1KAR2 b,-0.052821007,6616
2baka3/9/8b/p6Rp/9/1r3p3/P5r1P/4B1n2/4A3N/2B1KAR2 w,0.025359182,7269
2baka3/9/8b/p6Rp/9/1r3p3/P5r1P/4B1R2/4A3N/2B1KA3 b,-0.018678727,5462
2baka3/9/8b/p6Rp/9/1r7/P4pr1P/4B1R2/4A3N/2B1KA3 w,0.09317525,6270
2baka3/9/8b/p6Rp/9/1r7/P4pR1P/4B4/4A3N/2B1KA3 b,-0.04342659,5370
2baka3/9/8b/p6Rp/9/1r7/P5p1P/4B4/4A3N/2B1KA3 w,0.03882268,3093
2baka3/9/8b/p5R1p/9/1r7/P5p1P/4B4/4A3N/2B1KA3 b,-0.04267009,4195
2baka3/9/8b/p5R1p/9/9/Pr4p1P/4B4/4A3N/2B1KA3 w,0.07822244,3005
2baka3/9/8b/p5R1p/9/9/Pr4p1P/4B4/4A4/2B1KAN2 b,-0.006098582,5004
2baka3/9/8b/p5R1p/9/9/Pr6P/4B1p2/4A4/2B1KAN2 w,0.0042087785,3039
2baka3/9/8b/p5R1p/9/9/Pr6P/4B1p2/4A3N/2B1KA3 b,-0.0029246942,5012
2baka3/9/8b/p5R1p/9/9/Pr6P/4B2p1/4A3N/2B1KA3 w,0.006587668,7287
2baka3/9/8b/p5R1p/9/9/Pr6P/4B2p1/4A4/2B1KAN2 b,-0.005627914,5012
2baka3/9/8b/p5R1p/9/9/Pr6P/4B4/4A2p1/2B1KAN2 w,0.0983544,7898
2baka3/9/8b/p5R1p/9/9/Pr6P/4BN3/4A2p1/2B1KA3 b,-0.08234363,5012
2baka3/9/8b/p5R1p/9/9/P7r/4BN3/4A2p1/2B1KA3 w,0.067924485,2997
2baka3/9/8b/R7p/9/9/P7r/4BN3/4A2p1/2B1KA3 b,-0.06803873,5639
2baka3/9/8b/R7p/9/9/P7r/4BN3/4A1p2/2B1KA3 w,0.08996699,6169
2baka3/9/8b/R7p/9/6N2/P7r/4B4/4A1p2/2B1KA3 b,-0.078829184,5640
2baka3/9/8b/R7p/9/6N2/P8/4B4/4A1p2/2B1KA2r w,1,4622
2baka3/9/8b/R4N2p/9/9/P8/4B4/4A1p2/2B1KA2r b,-0.66127896,198
3aka3/9/b7b/R4N2p/9/9/P8/4B4/4A1p2/2B1KA2r w,1,2461
3aka3/9/b7b/4RN2p/9/9/P8/4B4/4A1p2/2B1KA2r b,-1,463
3ak4/4a4/b7b/4RN2p/9/9/P8/4B4/4A1p2/2B1KA2r w,1,2895
3ak4/4a1N2/b7b/4R3p/9/9/P8/4B4/4A1p2/2B1KA2r b,-1,365
3a1k3/4a1N2/b7b/4R3p/9/9/P8/4B4/4A1p2/2B1KA2r w,1,2822
3a1k3/4a1N2/b7b/5R2p/9/9/P8/4B4/4A1p2/2B1KA2r b,-1,1193
3a1k3/6N2/b4a2b/5R2p/9/9/P8/4B4/4A1p2/2B1KA2r w,1,2903
rnbakabnr/9/1c5c1/p1p1p1p1p/9/9/P1P1P1P1P/1C5C1/9/RNBAKABNR w,0.014449762,5087
rnbakabnr/9/1c5c1/p1p1p1p1p/9/9/P1P1P1P1P/4C2C1/9/RNBAKABNR b,-0.012932254,110
r1bakabnr/9/1cn4c1/p1p1p1p1p/9/9/P1P1P1P1P/4C2C1/9/RNBAKABNR w,0.011422182,7445
r1bakabnr/9/1cn4c1/p1p1p1p1p/9/9/P1P1P1P1P/2N1C2C1/9/R1BAKABNR b,-0.012428113,3012
r1baka1nr/9/1cn1b2c1/p1p1p1p1p/9/9/P1P1P1P1P/2N1C2C1/9/R1BAKABNR w,0.028042147,7372
r1baka1nr/9/1cn1b2c1/p1p1p1p1p/9/9/P1P1P1P1P/2N1C2C1/9/1RBAKABNR b,-0.02165522,1
1rbaka1nr/9/1cn1b2c1/p1p1p1p1p/9/9/P1P1P1P1P/2N1C2C1/9/1RBAKABNR w,0.018024392,5087
1rbaka1nr/9/1cn1b2c1/p1p1p1p1p/9/9/P1P1P1P1P/2N1CC3/9/1RBAKABNR b,-0.012428113,2648
1rbaka2r/9/1cn1b1nc1/p1p1p1p1p/9/9/P1P1P1P1P/2N1CC3/9/1RBAKABNR w,0.019055555,5451
1rbaka2r/9/1cn1b1nc1/p1p1p1p1p/9/9/P1P1P1P1P/2N1CCN2/9/1RBAKAB1R b,-0.017510546,1765
1rbaka2r/9/1cn1b1nc1/p1p1p3p/6p2/9/P1P1P1P1P/2N1CCN2/9/1RBAKAB1R w,0.019572936,8098
1rbaka2r/9/1cn1b1nc1/p1p1p3p/6p2/9/P1P1P1P1P/2N1CCN2/9/1RBAKABR1 b,-0.014449762,727
1rbaka1r1/9/1cn1b1nc1/p1p1p3p/6p2/9/P1P1P1P1P/2N1CCN2/9/1RBAKABR1 w,0.016997816,7408
1rbaka1r1/9/1cn1b1nc1/p1p1p3p/6p2/2P6/P3P1P1P/2N1CCN2/9/1RBAKABR1 b,-0.008420906,1765
1rbaka1r1/9/2n1b1nc1/p1p1p3p/6p2/2P6/Pc2P1P1P/2N1CCN2/9/1RBAKABR1 w,0.012932254,7954
1rbaka1r1/9/2n1b1nc1/p1p1p3p/6p2/2PN5/Pc2P1P1P/4CCN2/9/1RBAKABR1 b,0.0014816026,2311
1rbaka1r1/9/2n1b1n2/p1p1p3p/6p2/2PN5/Pc2P1PcP/4CCN2/9/1RBAKABR1 w,-0.011924766,7816
1rbaka1r1/9/2n1bCn2/p1p1p3p/6p2/2PN5/Pc2P1PcP/4C1N2/9/1RBAKABR1 b,0.02535331,5548
1rbakabr1/9/2n2Cn2/p1p1p3p/6p2/2PN5/Pc2P1PcP/4C1N2/9/1RBAKABR1 w,0.04585602,6061
1rbakabr1/9/2n2Cn2/p1p1N3p/6p2/2P6/Pc2P1PcP/4C1N2/9/1RBAKABR1 b,-0.025618432,1831
1rbakabr1/9/5Cn2/p1p1n3p/6p2/2P6/Pc2P1PcP/4C1N2/9/1RBAKABR1 w,0.007799667,6061
1rbakabr1/9/5Cn2/p1p1C3p/6p2/2P6/Pc2P1PcP/6N2/9/1RBAKABR1 b,-0.014534511,109
2bakabr1/9/1r3Cn2/p1p1C3p/6p2/2P6/Pc2P1PcP/6N2/9/1RBAKABR1 w,-0.00084206735,2839
2bakabr1/9/1r3Cn2/p1p5p/6p2/2P1C4/Pc2P1PcP/6N2/9/1RBAKABR1 b,-0.019456778,1733
2bakabr1/9/5rn2/p1p5p/6p2/2P1C4/Pc2P1PcP/6N2/9/1RBAKABR1 w,0,7435
2bakabr1/9/5rn2/p1p5p/6p2/2P1C4/PR2P1PcP/6N2/9/2BAKABR1 b,0.0010268611,3831
2bakabr1/9/5r3/p1p5p/5np2/2P1C4/PR2P1PcP/6N2/9/2BAKABR1 w,0.00619123,4987
2bakabr1/9/5r3/p1p5p/1R3np2/2P1C4/P3P1PcP/6N2/9/2BAKABR1 b,-0.004460755,3750
2bakabr1/9/5r3/p1p5p/1R4p2/2P1C4/P3P1ncP/6N2/9/2BAKABR1 w,0.0050324383,3372
2bakabr1/9/5r3/p1p5p/6R2/2P1C4/P3P1ncP/6N2/9/2BAKABR1 b,-0.00657011,5449
2bakabr1/9/5r3/p1p5p/6R2/2P1n4/P3P2cP/6N2/9/2BAKABR1 w,0.004916287,5269
2bakabr1/9/5r3/p1p5p/6R2/2P1P4/P6cP/6N2/9/2BAKABR1 b,-0.0045435224,2129
2bakabr1/9/5r3/p1p5p/6R2/2P1P4/P7P/6Nc1/9/2BAKABR1 w,0.008180164,3831
2bakabr1/9/5r3/p1p5p/6R2/2P1P4/P7P/6Nc1/7R1/2BAKAB2 b,-0.0040337103,2129
2bakabr1/9/9/p1p5p/6R2/2P1P4/P7P/5rNc1/7R1/2BAKAB2 w,0.012272201,3831
2bakabr1/9/9/p1p5p/4P1R2/2P6/P7P/5rNc1/7R1/2BAKAB2 b,-0.009787525,6179
2baka1r1/9/4b4/p1p5p/4P1R2/2P6/P7P/5rNc1/7R1/2BAKAB2 w,0.016663142,3840
2baka1r1/9/4b4/p1p3R1p/4P4/2P6/P7P/5rNc1/7R1/2BAKAB2 b,-0.0092478,2648
2baka3/9/4b4/p1p3R1p/4P4/2P6/P6rP/5rNc1/7R1/2BAKAB2 w,0.015159991,3631
2baka3/9/4b4/p1p1P1R1p/9/2P6/P6rP/5rNc1/7R1/2BAKAB2 b,-0.015756138,283
2b1ka3/4a4/4b4/p1p1P1R1p/9/2P6/P6rP/5rNc1/7R1/2BAKAB2 w,0.021457007,2820
2b1ka3/4a4/4b4/p1p1P1R1p/9/2P6/P6rP/5rNc1/4R4/2BAKAB2 b,-0.0139870215,6143
2b1kab2/4a4/9/p1p1P1R1p/9/2P6/P6rP/5rNc1/4R4/2BAKAB2 w,0.10215126,2976
2b1kaR2/4a4/9/p1p1P3p/9/2P6/P6rP/5rNc1/4R4/2BAKAB2 b,-0.106389776,6143
2b1kaR2/4a4/9/p1p1P3p/9/2P6/P2r4P/5rNc1/4R4/2BAKAB2 w,0.16124652,2820
2b1ka3/4a4/9/p1p1P3p/6R2/2P6/P2r4P/5rNc1/4R4/2BAKAB2 b,0.33461624,6186
2bk1a3/4a4/9/p1p1P3p/6R2/2P6/P2r4P/5rNc1/4R4/2BAKAB2 w,-0.04517608,6880
2bk1a3/4a4/9/p1p1P3p/6R2/2P6/P2r4P/5rNc1/7R1/2BAKAB2 b,0.7435989,5214
2bk1a3/4a4/9/p1p1P3p/6R2/2P6/P7P/5rNc1/7R1/2BrKAB2 w,-0.7570048,7726
2bk1a3/4a4/9/p1p1P3p/6R2/2P6/P7P/5rNc1/4K2R1/2Br1AB2 b,0.7380738,7635
2bk1a3/4a4/9/p1p1P3p/6R2/2P6/P7P/5rNc1/3rK2R1/2B2AB2 w,-0.74870723,6925
2bk1a3/4a4/9/p1p1P3p/6R2/2P6/P7P/5rNc1/3r3R1/2B1KAB2 b,0.70448226,6829
2bk1a3/4a4/9/p1p1P3p/6R2/2P6/P7P/5rNc1/7r1/2B1KAB2 w,-0.76267856,7816
2bk1a3/4a4/9/p1p1P3p/3R5/2P6/P7P/5rNc1/7r1/2B1KAB2 b,0.7115877,274
2b1ka3/4a4/9/p1p1P3p/3R5/2P6/P7P/5rNc1/7r1/2B1KAB2 w,-0.8034035,2820
2b1ka3/4a4/9/p1p1P3p/3R5/2P4N1/P7P/5r1c1/7r1/2B1KAB2 b,0.9738716,7187
2b1ka3/4a4/9/p1p1P3p/3R5/2P4N1/P7P/5r1c1/6r2/2B1KAB2 w,-0.9394172,3551
2b1ka3/4a4/9/p1p1P3p/5R3/2P4N1/P7P/5r1c1/6r2/2B1KAB2 b,0.954938,6185
2b1ka3/4a4/9/p1p1P3p/5R3/2P4N1/P7P/2r4c1/6r2/2B1KAB2 w,-0.942747,3729
2b1ka3/4a4/9/p1p1P3p/5R3/2P4N1/P7P/2r1B2c1/6r2/4KAB2 b,1,7095
2b1ka3/4a4/9/p1p1P3p/5R3/2P4N1/P7P/2r1B4/6r2/4KABc1 w,-0.9744761,2812
2b1ka3/4a4/9/p1p1P3p/9/2P4N1/P7P/2r1BR3/6r2/4KABc1 b,1,7095
2b1ka3/4a4/9/p1p1P3p/9/2P4N1/P7P/2r1BR3/9/4KArc1 w,-0.72131634,6117
2b1ka3/4a4/9/p1p1P3p/5N3/2P6/P7P/2r1BR3/9/4KArc1 b,0.9475038,7908
2b1ka3/4a4/9/p1p1P3p/5Nr2/2P6/P7P/2r1BR3/9/4KA1c1 w,-0.95221364,7816
2b1ka3/4a4/9/p1p1P3p/5Nr2/2P6/P7P/2r1BR3/4A4/4K2c1 b,0.94562703,3867
2b1ka3/4a4/9/p1p1P3p/5Nr2/2P6/P7P/2r1BR3/4A4/4K3c w,-0.79563224,2812
2b1ka3/4a4/9/p1pNP3p/6r2/2P6/P7P/2r1BR3/4A4/4K3c b,0.8957525,3867
2b1ka3/4a4/9/p1pNP3p/9/2P6/P7P/2r1BR3/4A4/4K1r1c w,-0.8397134,6926
2b1ka3/4a4/9/p1pNP3p/9/2P6/P7P/2r1BR3/9/4KAr1c b,0.7682408,1191
2b1ka3/4a4/9/p1pNP1r1p/9/2P6/P7P/2r1BR3/9/4KA2c w,-0.76380664,7816
2b1ka3/4a4/9/p1pNP1r1p/9/2P6/P7P/2r1BR3/4A4/4K3c b,0.8674683,3057
2b1ka3/4a4/9/p1pNr3p/9/2P6/P7P/2r1BR3/4A4/4K3c w,-0.62826484,2711
2b1ka3/2N1a4/9/p1p1r3p/9/2P6/P7P/2r1BR3/4A4/4K3c b,0.6224061,363
2bk1a3/2N1a4/9/p1p1r3p/9/2P6/P7P/2r1BR3/4A4/4K3c w,-0.7594985,7736
2bk1a3/2N1a4/9/p1p1r3p/9/2P6/P7P/2r1BR3/4A4/5K2c b,0.6899422,5917
2bk1a3/2N1a4/9/p1p5p/9/2P6/P7P/2r1rR3/4A4/5K2c w,-0.58623064,6179
2bk1a3/2N1a4/9/p1p5p/9/2P6/P7P/2r1R4/4A4/5K2c b,0.7370632,5917
2bk1a3/2N1a4/9/p1p5p/9/2P6/P7P/4r4/4A4/5K2c w,-0.9493959,990
2bk1a3/4a4/9/p1pN4p/9/2P6/P7P/4r4/4A4/5K2c b,0.969713,6095
2bk1a3/4a4/9/p1pNr3p/9/2P6/P7P/9/4A4/5K2c w,-0.9567378,4268
2bk1a3/2N1a4/9/p1p1r3p/9/2P6/P7P/9/4A4/5K2c b,0.96910334,2866
2bk1a3/2N1a4/9/p1p5p/9/2P6/P7P/9/4r4/5K2c w,-0.97626543,1020
2bk1a3/4a4/9/pNp5p/9/2P6/P7P/9/4r4/5K2c b,0.9890346,198
2bk1a3/4a4/9/pNp5p/9/2P1r4/P7P/9/9/5K2c w,-0.96982294,4905
2bk1a3/N3a4/9/p1p5p/9/2P1r4/P7P/9/9/5K2c b,0.98504895,1193
3k1a3/N3a4/b8/p1p5p/9/2P1r4/P7P/9/9/5K2c w,-0.9983558,4905
3k1a3/4a4/b1N6/p1p5p/9/2P1r4/P7P/9/9/5K2c b,1,274
5a3/3ka4/b1N6/p1p5p/9/2P1r4/P7P/9/9/5K2c w,-0.9782582,4268
1N3a3/3ka4/b8/p1p5p/9/2P1r4/P7P/9/9/5K2c b,0.98801744,1083
1Nb2a3/3ka4/9/p1p5p/9/2P1r4/P7P/9/9/5K2c w,-0.9809441,110
2b2a3/3ka4/2N6/p1p5p/9/2P1r4/P7P/9/9/5K2c b,0.97110873,4486
2b2a3/3ka4/2N6/p1p5p/9/2P1r4/P7P/9/9/5K1c1 w,-0.9641036,4268
2b2a3/3ka4/9/N1p5p/9/2P1r4/P7P/9/9/5K1c1 b,0.98823196,1173
2b2a3/3ka4/9/N1p4cp/9/2P1r4/P7P/9/9/5K3 w,-0.97034705,4268
2b2a3/3ka4/2N6/2p4cp/9/2P1r4/P7P/9/9/5K3 b,0.9996607,1193
2b2a3/3ka4/2N4c1/2p5p/9/2P1r4/P7P/9/9/5K3 w,-0.9808431,4268
1Nb2a3/3ka4/7c1/2p5p/9/2P1r4/P7P/9/9/5K3 b,0.99976724,1193
1Nb2a3/3k5/3a3c1/2p5p/9/2P1r4/P7P/9/9/5K3 w,-1,108
2b2a3/3k5/N2a3c1/2p5p/9/2P1r4/P7P/9/9/5K3 b,1,2268
2b2a3/3k5/c2a5/2p5p/9/2P1r4/P7P/9/9/5K3 w,-1,4268
2b2a3/3k5/c2a5/2p5p/9/2P1r4/P7P/9/5K3/9 b,1,1093
2b2a3/3ka4/c8/2p5p/9/2P1r4/P7P/9/5K3/9 w,-1,4268
2b2a3/3ka4/c8/2p5p/9/2P1r4/P7P/5K3/9/9 b,0.9999998,1620
2b2a3/3k5/c4a3/2p5p/9/2P1r4/P7P/5K3/9/9 w,-1,4268
2b2a3/3k5/c4a3/2p5p/9/2P1r4/P7P/9/5K3/9 b,1,4457
2b2a3/3k5/c4a3/2p5p/9/2r6/P7P/9/5K3/9 w,-1,7006
2b2a3/3k5/c4a3/2p5p/9/2r6/P7P/9/9/5K3 b,1,4279
2b2a3/3k5/c4a3/2p5p/9/5r3/P7P/9/9/5K3 w,-0.99999213,7825
2b2a3/3k5/c4a3/2p5p/9/5r3/P7P/9/9/4K4 b,1,4547
2b2a3/3k5/c4a3/2p5p/9/4r4/P7P/9/9/4K4 w,-1,7736
2b2a3/3k5/c4a3/2p5p/9/4r4/P7P/9/9/5K3 b,1,4468
2b2a3/3k5/c4a3/8p/2p6/4r4/P7P/9/9/5K3 w,-1,5633
2b2a3/3k5/c4a3/8p/2p6/4r4/P7P/9/5K3/9 b,1,1093
2b2a3/4k4/c4a3/8p/2p6/4r4/P7P/9/5K3/9 w,-1,6998
2b2a3/4k4/c4a3/8p/2p6/4r4/P7P/9/9/5K3 b,1,4460
rnbakabnr/9/1c5c1/p1p1p1p1p/9/9/P1P1P1P1P/1C5C1/9/RNBAKABNR w,0.014449762,5087
rnbakabnr/9/1c5c1/p1p1p1p1p/9/9/P1P1P1P1P/4C2C1/9/RNBAKABNR b,-0.012932254,110
r1bakabnr/9/1cn4c1/p1p1p1p1p/9/9/P1P1P1P1P/4C2C1/9/RNBAKABNR w,0.011422182,7445
r1bakabnr/9/1cn4c1/p1p1p1p1p/9/9/P1P1P1P1P/2N1C2C1/9/R1BAKABNR b,-0.012428113,3012
r1baka1nr/9/1cn1b2c1/p1p1p1p1p/9/9/P1P1P1P1P/2N1C2C1/9/R1BAKABNR w,0.028042147,7372
r1baka1nr/9/1cn1b2c1/p1p1p1p1p/9/9/P1P1P1P1P/2N1C2C1/9/1RBAKABNR b,-0.02165522,1
1rbaka1nr/9/1cn1b2c1/p1p1p1p1p/9/9/P1P1P1P1P/2N1C2C1/9/1RBAKABNR w,0.018024392,5087
1rbaka1nr/9/1cn1b2c1/p1p1p1p1p/9/9/P1P1P1P1P/2N1CC3/9/1RBAKABNR b,-0.012428113,2648
1rbaka2r/9/1cn1b1nc1/p1p1p1p1p/9/9/P1P1P1P1P/2N1CC3/9/1RBAKABNR w,0.019055555,5451
1rbaka2r/9/1cn1b1nc1/p1p1p1p1p/9/9/P1P1P1P1P/2N1CCN2/9/1RBAKAB1R b,-0.017510546,1765
1rbaka2r/9/1cn1b1nc1/p1p1p3p/6p2/9/P1P1P1P1P/2N1CCN2/9/1RBAKAB1R w,0.019572936,8098
1rbaka2r/9/1cn1b1nc1/p1p1p3p/6p2/9/P1P1P1P1P/2N1CCN2/9/1RBAKABR1 b,-0.014449762,727
1rbaka1r1/9/1cn1b1nc1/p1p1p3p/6p2/9/P1P1P1P1P/2N1CCN2/9/1RBAKABR1 w,0.016997816,7408
1rbaka1r1/9/1cn1b1nc1/p1p1p3p/6p2/2P6/P3P1P1P/2N1CCN2/9/1RBAKABR1 b,-0.008420906,1765
1rbaka1r1/9/2n1b1nc1/p1p1p3p/6p2/2P6/Pc2P1P1P/2N1CCN2/9/1RBAKABR1 w,0.012932254,7954
1rbaka1r1/9/2n1b1nc1/p1p1p3p/6p2/2PN5/Pc2P1P1P/4CCN2/9/1RBAKABR1 b,0.0014816026,2311
1rbaka1r1/9/2n1b1n2/p1p1p3p/6p2/2PN5/Pc2P1PcP/4CCN2/9/1RBAKABR1 w,-0.011924766,7816
1rbaka1r1/9/2n1bCn2/p1p1p3p/6p2/2PN5/Pc2P1PcP/4C1N2/9/1RBAKABR1 b,0.02535331,5548
1rbakabr1/9/2n2Cn2/p1p1p3p/6p2/2PN5/Pc2P1PcP/4C1N2/9/1RBAKABR1 w,0.04585602,6061
1rbakabr1/9/2n2Cn2/p1p1N3p/6p2/2P6/Pc2P1PcP/4C1N2/9/1RBAKABR1 b,-0.025618432,1831
1rbakabr1/9/5Cn2/p1p1n3p/6p2/2P6/Pc2P1PcP/4C1N2/9/1RBAKABR1 w,0.007799667,6061
1rbakabr1/9/5Cn2/p1p1C3p/6p2/2P6/Pc2P1PcP/6N2/9/1RBAKABR1 b,-0.014534511,109
2bakabr1/9/1r3Cn2/p1p1C3p/6p2/2P6/Pc2P1PcP/6N2/9/1RBAKABR1 w,-0.00084206735,2839
2bakabr1/9/1r3Cn2/p1p5p/6p2/2P1C4/Pc2P1PcP/6N2/9/1RBAKABR1 b,-0.019456778,1733
2bakabr1/9/5rn2/p1p5p/6p2/2P1C4/Pc2P1PcP/6N2/9/1RBAKABR1 w,0,7435
2bakabr1/9/5rn2/p1p5p/6p2/2P1C4/PR2P1PcP/6N2/9/2BAKABR1 b,0.0010268611,3831
2bakabr1/9/5r3/p1p5p/5np2/2P1C4/PR2P1PcP/6N2/9/2BAKABR1 w,0.00619123,4987
2bakabr1/9/5r3/p1p5p/1R3np2/2P1C4/P3P1PcP/6N2/9/2BAKABR1 b,-0.004460755,3750
2bakabr1/9/5r3/p1p5p/1R4p2/2P1C4/P3P1ncP/6N2/9/2BAKABR1 w,0.0050324383,3372
2bakabr1/9/5r3/p1p5p/6R2/2P1C4/P3P1ncP/6N2/9/2BAKABR1 b,-0.00657011,5449
2bakabr1/9/5r3/p1p5p/6R2/2P1n4/P3P2cP/6N2/9/2BAKABR1 w,0.004916287,5269
2bakabr1/9/5r3/p1p5p/6R2/2P1P4/P6cP/6N2/9/2BAKABR1 b,-0.0045435224,2129
2bakabr1/9/5r3/p1p5p/6R2/2P1P4/P7P/6Nc1/9/2BAKABR1 w,0.008180164,3831
2bakabr1/9/5r3/p1p5p/6R2/2P1P4/P7P/6Nc1/7R1/2BAKAB2 b,-0.0040337103,2129
2bakabr1/9/9/p1p5p/6R2/2P1P4/P7P/5rNc1/7R1/2BAKAB2 w,0.012272201,3831
2bakabr1/9/9/p1p5p/6R2/2P1P4/P7P/4BrNc1/7R1/2BAKA3 b,-0.008445668,6179
2baka1r1/9/4b4/p1p5p/6R2/2P1P4/P7P/4BrNc1/7R1/2BAKA3 w,0.016663142,3840
2baka1r1/9/4b4/p1p5p/9/2P1P4/P5R1P/4BrNc1/7R1/2BAKA3 b,-0.015159991,673
2baka1r1/9/4b4/p1p5p/9/2P1Pr3/P5R1P/4B1Nc1/7R1/2BAKA3 w,0.024572568,4450
2baka1r1/9/4b4/p1p5p/9/2P1Pr3/P3R3P/4B1Nc1/7R1/2BAKA3 b,-0.017897664,4568
2baka1r1/9/4b4/p1p5p/5r3/2P1P4/P3R3P/4B1Nc1/7R1/2BAKA3 w,0.025292547,4450
2baka1r1/9/4b4/p1p5p/4Pr3/2P6/P3R3P/4B1Nc1/7R1/2BAKA3 b,-0.023862964,3713
2baka1r1/9/4b4/p1p5p/4P4/2P6/P3R3P/4BrNc1/7R1/2BAKA3 w,0.021457007,5280
2baka1r1/9/4b4/p1p5p/4P4/2P6/P5R1P/4BrNc1/7R1/2BAKA3 b,-0.021793598,283
2baka3/9/4b4/p1p5p/4P4/2P4r1/P5R1P/4BrNc1/7R1/2BAKA3 w,0.023163455,5633
2baka3/9/4b4/p1p5p/4P4/2P4r1/P5R1P/4BrNc1/4A2R1/2B1KA3 b,-0.002261765,6189
2baka3/9/4b4/p1p5p/4P4/2P4r1/P5R1P/4r1Nc1/4A2R1/2B1KA3 w,0.41178378,7180
2baka3/9/4b4/p1p5p/4P4/2P4r1/P5R1P/4B1Nc1/4A2R1/4KA3 b,-0.0009911042,6367
2baka3/9/4b4/p1p5p/4P4/2P4r1/P5R1P/4c1N2/4A2R1/4KA3 w,-0.0011784307,7734
2baka3/9/4b4/p1p5p/4P4/2P4r1/P5R1P/3Ac1N2/7R1/4KA3 b,0.0029694855,4759
2baka3/9/4b4/p1p5p/4P4/2P6/P5R1P/3Ac1N2/7r1/4KA3 w,-0.00036404122,5458
2baka3/9/4b4/p1p5p/4P4/2P6/P3R3P/3Ac1N2/7r1/4KA3 b,0.0025113008,6098
2baka3/9/4b4/p1p5p/4P4/2P6/P3R3P/3A1cN2/7r1/4KA3 w,-0.0029036922,5279
2baka3/9/4b4/p1p5p/4P4/2P6/P3R3P/5cN2/4A2r1/4KA3 b,0.0032035203,6134
2baka3/9/4b4/p1p5p/4P4/2P6/P3R3P/5cN2/4A1r2/4KA3 w,-0.00027297233,6908
2baka3/9/4b4/p1p5p/4P4/2P6/P3R3P/5AN2/6r2/4KA3 b,0.0002598889,7089
2baka3/9/4b4/p1p5p/4P4/2P6/P3R3P/5Ar2/9/4KA3 w,-0.0001225928,6196
2baka3/9/4b4/p1p1P3p/9/2P6/P3R3P/5Ar2/9/4KA3 b,0.00045187274,6278
2baka3/9/4b4/p1p1P3p/9/2P6/P3R3P/5r3/9/4KA3 w,-0.00042063885,2820
2baka3/9/4P4/p1p5p/9/2P6/P3R3P/5r3/9/4KA3 b,0.0003731294,202
3aka3/9/4b4/p1p5p/9/2P6/P3R3P/5r3/9/4KA3 w,-0.0004785505,5242
3aka3/9/4R4/p1p5p/9/2P6/P7P/5r3/9/4KA3 b,0.00022909603,283
3ak4/4a4/4R4/p1p5p/9/2P6/P7P/5r3/9/4KA3 w,-0.00016270131,2011
3ak4/4a4/9/p1p1R3p/9/2P6/P7P/5r3/9/4KA3 b,0.00019998604,2466
3ak4/4a4/9/p1p1R3p/9/2P6/P7P/2r6/9/4KA3 w,-0.000016574251,2819
3ak4/4a4/9/p1p5R/9/2P6/P7P/2r6/9/4KA3 b,0.000024462543,5917
3ak4/4a4/9/p1p5R/9/2P6/P7P/4r4/9/4KA3 w,-0.00007435681,7816
3ak4/4a4/9/p1p5R/9/2P6/P7P/4r4/4A4/4K4 b,0.00003060647,6088
3ak4/9/5a3/p1p5R/9/2P6/P7P/4r4/4A4/4K4 w,0,7736
3ak4/9/5a3/p1R6/9/2P6/P7P/4r4/4A4/4K4 b,0.000025854151,6106
3ak4/9/5a3/p1R6/9/2P6/P7P/9/4r4/4K4 w,0.0000105302215,7736
3ak4/9/5a3/p1R6/9/2P6/P7P/9/4r4/3K5 b,0.00001590261,6898
3ak4/9/5a3/p1R6/9/2P6/P3r3P/9/9/3K5 w,-0.0000069990197,2640
3ak4/9/5a3/p2R5/9/2P6/P3r3P/9/9/3K5 b,0.0000052437254,5274
3ak4/4a4/9/p2R5/9/2P6/P3r3P/9/9/3K5 w,0.0000052437254,2727
3ak4/4a4/9/p8/3R5/2P6/P3r3P/9/9/3K5 b,0.00009783138,5274
3ak4/4a4/9/p8/3R5/2P6/P7r/9/9/3K5 w,-0.00001516926,4268
3ak4/4a4/9/p8/2PR5/9/P7r/9/9/3K5 b,0.00000786607,5634
3ak4/4a4/9/p8/2PR5/9/r8/9/9/3K5 w,-0.000004354626,3457
3ak4/4a4/9/p1P6/3R5/9/r8/9/9/3K5 b,0.000028239505,4915
3ak4/4a4/9/p1P6/3R5/9/2r6/9/9/3K5 w,-0.000010940377,2638
3ak4/4a4/9/p2P5/3R5/9/2r6/9/9/3K5 b,0.000023110479,5123
3ak4/9/5a3/p2P5/3R5/9/2r6/9/9/3K5 w,-0.000011561366,3550
3ak4/9/3P1a3/p8/3R5/9/2r6/9/9/3K5 b,0.000055543514,5098
3ak4/4a4/3P5/p8/3R5/9/2r6/9/9/3K5 w,-0.000023110479,1902
3ak4/3Pa4/9/p8/3R5/9/2r6/9/9/3K5 b,0.000019539162,5098
3ak4/3Pa4/9/p8/3R5/9/4r4/9/9/3K5 w,-0.00001419895,1091
3ak4/3Pa4/9/p8/7R1/9/4r4/9/9/3K5 b,0.000020392374,1175
3ak4/3Pa4/9/p3r4/7R1/9/9/9/9/3K5 w,-0.00002407314,7635
3ak4/3Pa4/9/p3r4/3R5/9/9/9/9/3K5 b,0.000079774145,1193
3ak4/3P5/5a3/p3r4/3R5/9/9/9/9/3K5 w,-0.00023265612,7635
3ak4/3P5/5a3/p3r4/9/3R5/9/9/9/3K5 b,0.0010696527,2466
3ak4/3Pa4/9/p3r4/9/3R5/9/9/9/3K5 w,-0.00009545633,1091
3ak4/3Pa4/9/p3r4/9/3R5/9/9/3K5/9 b,0.00011014308,2466
3ak4/3Pa4/9/pr7/9/3R5/9/9/3K5/9 w,-0.000010940377,6826
3ak4/3Pa4/9/pr7/9/3R5/9/9/4K4/9 b,0.00002407314,2551
3ak4/3Pa4/9/p3r4/9/3R5/9/9/4K4/9 w,-0.000022176908,6917
3ak4/3Pa4/9/p3r4/9/3R5/9/9/5K3/9 b,0.00002407314,2822
3ak4/3P5/3a5/p3r4/9/3R5/9/9/5K3/9 w,-0.0000048576517,4386
3ak4/3P5/3a5/p3r4/9/5R3/9/9/5K3/9 b,0.0000048576517,1903
4k4/3Pa4/3a5/p3r4/9/5R3/9/9/5K3/9 w,-0.0000019092836,4541
4k4/3Pa4/3a5/p3r4/9/6R2/9/9/5K3/9 b,0.000008026962,2822
4ka3/3P5/3a5/p3r4/9/6R2/9/9/5K3/9 w,-0.0000033643935,4640
4ka3/3P5/3a5/p3r4/9/5R3/9/9/5K3/9 b,0.0000048576517,1903
rnbakabnr/9/1c5c1/p1p1p1p1p/9/9/P1P1P1P1P/1C5C1/9/RNBAKABNR w,0.014449762,5087
rnbakabnr/9/1c5c1/p1p1p1p1p/9/9/P1P1P1P1P/4C2C1/9/RNBAKABNR b,-0.012932254,110
r1bakabnr/9/1cn4c1/p1p1p1p1p/9/9/P1P1P1P1P/4C2C1/9/RNBAKABNR w,0.011422182,7445
r1bakabnr/9/1cn4c1/p1p1p1p1p/9/9/P1P1P1P1P/2N1C2C1/9/R1BAKABNR b,-0.012428113,3012
r1baka1nr/9/1cn1b2c1/p1p1p1p1p/9/9/P1P1P1P1P/2N1C2C1/9/R1BAKABNR w,0.028042147,7372
r1baka1nr/9/1cn1b2c1/p1p1p1p1p/9/9/P1P1P1P1P/2N1C2C1/9/1RBAKABNR b,-0.02165522,1
1rbaka1nr/9/1cn1b2c1/p1p1p1p1p/9/9/P1P1P1P1P/2N1C2C1/9/1RBAKABNR w,0.018024392,5087
1rbaka1nr/9/1cn1b2c1/p1p1p1p1p/9/9/P1P1P1P1P/2N1CC3/9/1RBAKABNR b,-0.012428113,2648
1rbaka2r/9/1cn1b1nc1/p1p1p1p1p/9/9/P1P1P1P1P/2N1CC3/9/1RBAKABNR w,0.019055555,5451
1rbaka2r/9/1cn1b1nc1/p1p1p1p1p/9/9/P1P1P1P1P/2N1CCN2/9/1RBAKAB1R b,-0.017510546,1765
1rbaka2r/9/1cn1b1nc1/p1p1p3p/6p2/9/P1P1P1P1P/2N1CCN2/9/1RBAKAB1R w,0.019572936,8098
1rbaka2r/9/1cn1b1nc1/p1p1p3p/6p2/9/P1P1P1P1P/2N1CCN2/9/1RBAKABR1 b,-0.014449762,727
1rbaka1r1/9/1cn1b1nc1/p1p1p3p/6p2/9/P1P1P1P1P/2N1CCN2/9/1RBAKABR1 w,0.016997816,7408
1rbaka1r1/9/1cn1b1nc1/p1p1p3p/6p2/2P6/P3P1P1P/2N1CCN2/9/1RBAKABR1 b,-0.008420906,1765
1rbaka1r1/9/2n1b1nc1/p1p1p3p/6p2/2P6/Pc2P1P1P/2N1CCN2/9/1RBAKABR1 w,0.012932254,7954
1rbaka1r1/9/2n1b1nc1/p1p1p3p/6p2/2PN5/Pc2P1P1P/4CCN2/9/1RBAKABR1 b,0.0014816026,2311
1rbaka1r1/9/2n1b1n2/p1p1p3p/6p2/2PN5/Pc2P1PcP/4CCN2/9/1RBAKABR1 w,-0.011924766,7816
1rbaka1r1/9/2n1bCn2/p1p1p3p/6p2/2PN5/Pc2P1PcP/4C1N2/9/1RBAKABR1 b,0.02535331,5548
1rbakabr1/9/2n2Cn2/p1p1p3p/6p2/2PN5/Pc2P1PcP/4C1N2/9/1RBAKABR1 w,0.04585602,6061
1rbakabr1/9/2n2Cn2/p1p1N3p/6p2/2P6/Pc2P1PcP/4C1N2/9/1RBAKABR1 b,-0.025618432,1831
1rbakabr1/9/5Cn2/p1p1n3p/6p2/2P6/Pc2P1PcP/4C1N2/9/1RBAKABR1 w,0.007799667,6061
1rbakabr1/9/5Cn2/p1p1C3p/6p2/2P6/Pc2P1PcP/6N2/9/1RBAKABR1 b,-0.014534511,109
2bakabr1/9/1r3Cn2/p1p1C3p/6p2/2P6/Pc2P1PcP/6N2/9/1RBAKABR1 w,-0.00084206735,2839
2bakabr1/9/1r3Cn2/p1p5p/6p2/2P1C4/Pc2P1PcP/6N2/9/1RBAKABR1 b,-0.019456778,1733
2bakabr1/9/5rn2/p1p5p/6p2/2P1C4/Pc2P1PcP/6N2/9/1RBAKABR1 w,0,7435
2bakabr1/9/5rn2/p1p5p/6p2/2P1C4/PR2P1PcP/6N2/9/2BAKABR1 b,0.0010268611,3831
2bakabr1/9/5rn2/p1p5p/9/2P1C1p2/PR2P1PcP/6N2/9/2BAKABR1 w,0,4987
2bakabr1/9/5rn2/p1p5p/9/2P1C1p2/PR2P1PcP/9/8N/2BAKABR1 b,0.0027406274,5542
2bakabr1/9/5rn2/p1p5p/9/2P1C1p2/PR2P1P1P/9/7cN/2BAKABR1 w,0.03816536,5451
2bakabr1/9/5rn2/p1p5p/9/2P1C1p2/PR2P1P1P/4B4/7cN/2BAKA1R1 b,0.022901298,4640
2bakabr1/9/5r3/p1p5p/5n3/2P1C1p2/PR2P1P1P/4B4/7cN/2BAKA1R1 w,0.016261872,5451
2bakabr1/9/5r3/p1p5p/5n3/2P1C1P2/PR2P3P/4B4/7cN/2BAKA1R1 b,-0.017376648,3750
2bakabr1/9/5r3/p1p5p/9/2P1C1P2/PR2P1n1P/4B4/7cN/2BAKA1R1 w,0.021597788,4987
2bakabr1/9/5r3/p1p5p/9/2P1C1P2/PR2P1n1P/4B4/4A2cN/2BAK2R1 b,0.46336523,5471
2bakabr1/9/5r3/p1p5p/9/2P1C1P2/PR2P3P/4B3n/4A2cN/2BAK2R1 w,-0.7849604,8007
2bakabr1/9/5r3/p1p5p/9/2P1C1P2/PR2P3P/4B3n/4A2cN/2BAK1R2 b,0.45320368,7198
2bakabr1/9/9/p1p5p/9/2P1C1P2/PR2P3P/4B3n/4Ar1cN/2BAK1R2 w,-0.08136801,4987
2bakabr1/9/9/p1p5p/9/2P1C1P2/P2RP3P/4B3n/4Ar1cN/2BAK1R2 b,0.99942267,7198
2bakabr1/9/9/p1p5p/9/2P1C1P2/P2RP3P/4B4/4ArncN/2BAK1R2 w,-0.16998069,7908
2bakabr1/9/9/p1p5p/9/2P1C1P2/P2RP3P/4B4/4ArRcN/2BAK4 b,0.2138535,7008
2bakabr1/9/9/p1p5p/9/2P1C1P2/P2RP3P/4B4/4A1rcN/2BAK4 w,-0.19067955,5169
2bakabr1/9/9/p1pR4p/9/2P1C1P2/P3P3P/4B4/4A1rcN/2BAK4 b,0.268755,373
2bakabr1/9/9/p1pR4p/9/2P1C1P2/P3P3P/4B4/4A1r1N/2BAK2c1 w,0.22350305,2731
2bakabr1/9/9/p1pR4p/9/2P1C1P2/P3P3P/4B1N2/4A1r2/2BAK2c1 b,0.3489589,373
2bakabr1/9/9/p1pR4p/9/2P1C1P2/P3P3P/4B1r2/4A4/2BAK2c1 w,0.0056067845,2731
2bakabr1/9/9/p1p1R3p/9/2P1C1P2/P3P3P/4B1r2/4A4/2BAK2c1 b,-0.010442726,283
2b1kabr1/4a4/9/p1p1R3p/9/2P1C1P2/P3P3P/4B1r2/4A4/2BAK2c1 w,0.011344349,2824
2b1kabr1/4a4/9/p1p4Rp/9/2P1C1P2/P3P3P/4B1r2/4A4/2BAK2c1 b,-0.010220611,202
4kabr1/4a4/4b4/p1p4Rp/9/2P1C1P2/P3P3P/4B1r2/4A4/2BAK2c1 w,0.007025473,3067
4kabR1/4a4/4b4/p1p5p/9/2P1C1P2/P3P3P/4B1r2/4A4/2BAK2c1 b,-0.0064397487,8009
4kabR1/4a4/4b4/p1p5p/9/2P1C1P2/P3P3P/4B4/4A4/2BAK1rc1 w,0.22035716,6926
4kabR1/4a4/4b4/p1p5p/9/2P1C1P2/P3P3P/4B4/9/2BAKArc1 b,-0.2614635,7881
4kabR1/4a4/4b4/p1p5p/9/2P1C1P2/P3P1r1P/4B4/9/2BAKA1c1 w,0.33723497,718
4kab2/4a4/4b4/p1p5p/9/2P1C1P2/P3P1r1P/4B4/9/2BAKA1R1 b,-0.36725074,5458
4kab2/4a4/4b4/p1p5p/9/2P1C1P2/P3r3P/4B4/9/2BAKA1R1 w,0.33111474,4460
4kab2/4a4/4b4/p1p5p/9/2PC2P2/P3r3P/4B4/9/2BAKA1R1 b,-0.31053588,5277
4kab2/4a4/4b4/p1p5p/9/2PC2P2/r7P/4B4/9/2BAKA1R1 w,0.34690282,7954
4kab2/4a4/4b4/p1p4Rp/9/2PC2P2/r7P/4B4/9/2BAKA3 b,-0.33765054,4922
4kab2/4a4/4b4/p1p4Rp/9/2PC2P2/3r4P/4B4/9/2BAKA3 w,0.36258063,4370
4kab2/4a4/4b4/p1p4Rp/9/2P1C1P2/3r4P/4B4/9/2BAKA3 b,-0.39153075,5188
4kab2/4a4/4b4/p1p4Rp/9/2P1C1P2/4r3P/4B4/9/2BAKA3 w,0.37213206,4458
4kab2/4a4/4b4/p1p1R3p/9/2P1C1P2/4r3P/4B4/9/2BAKA3 b,-0.3947993,5269
4kab2/4a4/4b4/p1p1R4/8p/2P1C1P2/4r3P/4B4/9/2BAKA3 w,0.5708149,4432
4kab2/4a4/4C4/p1p1R4/8p/2P3P2/4r3P/4B4/9/2BAKA3 b,-0.6010096,562
4ka3/4a4/4b4/p1p1R4/8p/2P3P2/4r3P/4B4/9/2BAKA3 w,0.6781321,2848
4ka3/4a4/4b4/p1p6/8p/2P3P2/4R3P/4B4/9/2BAKA3 b,-0.9361268,1986
4kab2/4a4/9/p1p6/8p/2P3P2/4R3P/4B4/9/2BAKA3 w,0.933391,4268
4kab2/4a4/9/p1p6/8p/2P3P2/R7P/4B4/9/2BAKA3 b,-0.9110005,2648
4kab2/4a4/9/p1p6/9/2P3P1p/R7P/4B4/9/2BAKA3 w,0.91801274,5633
4kab2/4a4/9/p1p6/9/2P3P1P/R8/4B4/9/2BAKA3 b,-0.9758763,1193
4ka3/4a4/4b4/p1p6/9/2P3P1P/R8/4B4/9/2BAKA3 w,0.9610355,4887
4ka3/4a4/4b4/R1p6/9/2P3P1P/9/4B4/9/2BAKA3 b,-0.98915976,1191
4ka3/4a4/4b4/R8/2p6/2P3P1P/9/4B4/9/2BAKA3 w,0.98861367,2448
4ka3/4a4/4b4/R8/2P6/6P1P/9/4B4/9/2BAKA3 b,-0.99691904,1191
4ka3/4a4/9/R8/2b6/6P1P/9/4B4/9/2BAKA3 w,0.9995364,6077
R3ka3/4a4/9/9/2b6/6P1P/9/4B4/9/2BAKA3 b,-0.9982194,1173
R2aka3/9/9/9/2b6/6P1P/9/4B4/9/2BAKA3 w,0.9984521,7636
3aka3/9/9/9/R1b6/6P1P/9/4B4/9/2BAKA3 b,-0.999948,463
3aka3/9/4b4/9/R8/6P1P/9/4B4/9/2BAKA3 w,0.99989223,6077
3aka3/9/4b4/9/4R4/6P1P/9/4B4/9/2BAKA3 b,-0.999948,463
4ka3/4a4/4b4/9/4R4/6P1P/9/4B4/9/2BAKA3 w,0.999935,3622
4ka3/4a4/4R4/9/9/6P1P/9/4B4/9/2BAKA3 b,-1,363
3k1a3/4a4/4R4/9/9/6P1P/9/4B4/9/2BAKA3 w,0.9999997,1998
3k1a3/4a4/9/9/4R4/6P1P/9/4B4/9/2BAKA3 b,-0.9999958,1191
3k1a3/9/5a3/9/4R4/6P1P/9/4B4/9/2BAKA3 w,0.9999998,4632
3k1a3/9/5a3/9/4R4/6P1P/9/9/9/2BAKAB2 b,-0.99999917,463
3k5/4a4/5a3/9/4R4/6P1P/9/9/9/2BAKAB2 w,0.9999999,4632
3k5/4a4/5a3/9/6R2/6P1P/9/9/9/2BAKAB2 b,-0.99999803,1191
9/3ka4/5a3/9/6R2/6P1P/9/9/9/2BAKAB2 w,0.9999996,3816
9/3ka4/5a3/9/3R5/6P1P/9/9/9/2BAKAB2 b,-0.9999993,1191
9/3k5/3a1a3/9/3R5/6P1P/9/9/9/2BAKAB2 w,0.9999999,3546
9/3k5/3a1a3/9/9/6P1P/9/9/3R5/2BAKAB2 b,-0.99999976,2083
9/3ka4/3a5/9/9/6P1P/9/9/3R5/2BAKAB2 w,0.99999994,4632
9/3ka4/3a5/9/8P/6P2/9/9/3R5/2BAKAB2 b,-0.9999999,1175
3k5/4a4/3a5/9/8P/6P2/9/9/3R5/2BAKAB2 w,0.99999917,6789
3k5/4a4/3a5/8P/9/6P2/9/9/3R5/2BAKAB2 b,-0.9999989,274
4k4/4a4/3a5/8P/9/6P2/9/9/3R5/2BAKAB2 w,1,6771
4k4/4a4/3a5/8P/6P2/9/9/9/3R5/2BAKAB2 b,-0.99999803,363
5k3/4a4/3a5/8P/6P2/9/9/9/3R5/2BAKAB2 w,0.9999997,6827
5k3/4a4/3a4P/9/6P2/9/9/9/3R5/2BAKAB2 b,-0.9999991,464
4k4/4a4/3a4P/9/6P2/9/9/9/3R5/2BAKAB2 w,1,6771
4k4/4a4/3a4P/6P2/9/9/9/9/3R5/2BAKAB2 b,-0.9999997,363
5k3/4a4/3a4P/6P2/9/9/9/9/3R5/2BAKAB2 w,0.9999999,6827
5k3/4a4/3a4P/6P2/9/9/9/9/7R1/2BAKAB2 b,-0.99999905,1193
5k3/9/3a1a2P/6P2/9/9/9/9/7R1/2BAKAB2 w,1,7117
5k1R1/9/3a1a2P/6P2/9/9/9/9/9/2BAKAB2 b,-1,464
7R1/5k3/3a1a2P/6P2/9/9/9/9/9/2BAKAB2 w,1,2994
7R1/5k3/3a1aP1P/9/9/9/9/9/9/2BAKAB2 b,-1,2083
7R1/4ak3/5aP1P/9/9/9/9/9/9/2BAKAB2 w,1,2175
rnbakabnr/9/1c5c1/p1p1p1p1p/9/9/P1P1P1P1P/1C5C1/9/RNBAKABNR w,0.014449762,5087
rnbakabnr/9/1c5c1/p1p1p1p1p/9/9/P1P1P1P1P/4C2C1/9/RNBAKABNR b,-0.012932254,110
r1bakabnr/9/1cn4c1/p1p1p1p1p/9/9/P1P1P1P1P/4C2C1/9/RNBAKABNR w,0.011422182,7445
r1bakabnr/9/1cn4c1/p1p1p1p1p/9/9/P1P1P1P1P/2N1C2C1/9/R1BAKABNR b,-0.012428113,3012
r1baka1nr/9/1cn1b2c1/p1p1p1p1p/9/9/P1P1P1P1P/2N1C2C1/9/R1BAKABNR w,0.028042147,7372
r1baka1nr/9/1cn1b2c1/p1p1p1p1p/9/9/P1P1P1P1P/2N1C2C1/9/1RBAKABNR b,-0.02165522,1
1rbaka1nr/9/1cn1b2c1/p1p1p1p1p/9/9/P1P1P1P1P/2N1C2C1/9/1RBAKABNR w,0.018024392,5087
1rbaka1nr/9/1cn1b2c1/p1p1p1p1p/9/9/P1P1P1P1P/2N1CC3/9/1RBAKABNR b,-0.012428113,2648
1rbaka2r/9/1cn1b1nc1/p1p1p1p1p/9/9/P1P1P1P1P/2N1CC3/9/1RBAKABNR w,0.019055555,5451
1rbaka2r/9/1cn1b1nc1/p1p1p1p1p/9/9/P1P1P1P1P/2N1CCN2/9/1RBAKAB1R b,-0.017510546,1765
1rbaka2r/9/1cn1b1nc1/p1p1p3p/6p2/9/P1P1P1P1P/2N1CCN2/9/1RBAKAB1R w,0.019572936,8098
1rbaka2r/9/1cn1b1nc1/p1p1p3p/6p2/9/P1P1P1P1P/2N1CCN2/9/1RBAKABR1 b,-0.014449762,727
1rbaka1r1/9/1cn1b1nc1/p1p1p3p/6p2/9/P1P1P1P1P/2N1CCN2/9/1RBAKABR1 w,0.016997816,7408
1rbaka1r1/9/1cn1b1nc1/p1p1p3p/6p2/2P6/P3P1P1P/2N1CCN2/9/1RBAKABR1 b,-0.008420906,1765
1rbaka1r1/9/2n1b1nc1/p1p1p3p/6p2/2P6/Pc2P1P1P/2N1CCN2/9/1RBAKABR1 w,0.012932254,7954
1rbaka1r1/9/2n1b1nc1/p1p1p3p/6p2/2PN5/Pc2P1P1P/4CCN2/9/1RBAKABR1 b,0.0014816026,2311
1rbaka1r1/9/2n1b1n2/p1p1p3p/6p2/2PN5/Pc2P1PcP/4CCN2/9/1RBAKABR1 w,-0.011924766,7816
1rbaka1r1/9/2n1bCn2/p1p1p3p/6p2/2PN5/Pc2P1PcP/4C1N2/9/1RBAKABR1 b,0.02535331,5548
1rbakabr1/9/2n2Cn2/p1p1p3p/6p2/2PN5/Pc2P1PcP/4C1N2/9/1RBAKABR1 w,0.04585602,6061
1rbakabr1/9/2n2Cn2/p1p1N3p/6p2/2P6/Pc2P1PcP/4C1N2/9/1RBAKABR1 b,-0.025618432,1831
1rbakabr1/9/5Cn2/p1p1n3p/6p2/2P6/Pc2P1PcP/4C1N2/9/1RBAKABR1 w,0.007799667,6061
1rbakabr1/9/5Cn2/p1p1C3p/6p2/2P6/Pc2P1PcP/6N2/9/1RBAKABR1 b,-0.014534511,109
2bakabr1/9/1r3Cn2/p1p1C3p/6p2/2P6/Pc2P1PcP/6N2/9/1RBAKABR1 w,-0.00084206735,2839
2bakabr1/9/1r3Cn2/p1p5p/6p2/2P1C4/Pc2P1PcP/6N2/9/1RBAKABR1 b,-0.019456778,1733
2bakabr1/9/5rn2/p1p5p/6p2/2P1C4/Pc2P1PcP/6N2/9/1RBAKABR1 w,0,7435
2bakabr1/9/5rn2/p1p5p/6p2/2P1C4/PR2P1PcP/6N2/9/2BAKABR1 b,0.0010268611,3831
2bakabr1/9/6n2/p1p5p/6p2/2P1C4/PR2PrPcP/6N2/9/2BAKABR1 w,0.39088708,4969
2bakabr1/9/6n2/p1p5p/1R4p2/2P1C4/P3PrPcP/6N2/9/2BAKABR1 b,-0.1593855,3831
2bakabr1/9/9/p1p5p/1R3np2/2P1C4/P3PrPcP/6N2/9/2BAKABR1 w,0.6604994,3370
2bakabr1/9/9/p1p5p/1R3np2/2P1C4/P3PrPcP/4B1N2/9/2BAKA1R1 b,-0.17672673,373
2bakabr1/9/9/p1p5p/1R4p2/2P1C4/P3nrPcP/4B1N2/9/2BAKA1R1 w,0.64090973,3370
2bakabr1/9/9/p1p5p/1R4p2/2P1C4/P3nrPcP/4B1N2/4A4/2BAK2R1 b,-0.003012657,5360
2bakabr1/9/9/p1p5p/1R4p2/2P1C4/P3n1rcP/4B1N2/4A4/2BAK2R1 w,0.28532687,3370
2bakabr1/9/9/p1p5p/1R4p2/2P1C4/P3n1rcP/4B4/4A3N/2BAK2R1 b,-0.086560264,2648
2bakabr1/9/9/p1p5p/1R4p2/2P1C4/P3n1r1P/4B4/4A2cN/2BAK2R1 w,0.7758856,3370
2bakabr1/9/9/p1p5p/4R1p2/2P1C4/P3n1r1P/4B4/4A2cN/2BAK2R1 b,-0.77229214,562
2baka1r1/9/4b4/p1p5p/4R1p2/2P1C4/P3n1r1P/4B4/4A2cN/2BAK2R1 w,0.7157196,3622
2baka1r1/9/4R4/p1p5p/6p2/2P1C4/P3n1r1P/4B4/4A2cN/2BAK2R1 b,-0.788699,283
2b1ka1r1/4a4/4R4/p1p5p/6p2/2P1C4/P3n1r1P/4B4/4A2cN/2BAK2R1 w,0.74395484,2005
2b1ka1r1/4a4/7R1/p1p5p/6p2/2P1C4/P3n1r1P/4B4/4A2cN/2BAK2R1 b,-0.7518257,363
4ka1r1/4a4/4b2R1/p1p5p/6p2/2P1C4/P3n1r1P/4B4/4A2cN/2BAK2R1 w,0.81675464,2257
4ka1R1/4a4/4b4/p1p5p/6p2/2P1C4/P3n1r1P/4B4/4A2cN/2BAK2R1 b,-0.7888685,5285
4ka1R1/4a4/4b4/p1p5p/6p2/2P1C4/P3n3P/4B4/4A1rcN/2BAK2R1 w,0.9914629,8006
4ka1R1/4a4/4b4/p1p5p/6p2/2P1C4/P3n2NP/4B4/4A1rc1/2BAK2R1 b,-0.71310973,7117
4ka1R1/4a4/4b4/p1p5p/6p2/2P1C4/P3n1rNP/4B4/4A2c1/2BAK2R1 w,0.7833119,7999
4ka1R1/4a4/4b4/p1p5p/6p2/2P1C4/P3n1rNP/4B4/4A2R1/2BAK4 b,-0.8333885,5285
4ka1R1/4a4/4b4/p1p5p/6p2/2P1C4/P5rNP/4B1n2/4A2R1/2BAK4 w,0.8380708,4423
4ka1R1/4a4/4b4/p1p5p/6p2/2P1C4/P5rNP/4B1n2/4A1R2/2BAK4 b,-0.8380708,3831
4ka1R1/4a4/4b4/2p5p/p5p2/2P1C4/P5rNP/4B1n2/4A1R2/2BAK4 w,0.8972403,655
4ka3/4a4/4b2R1/2p5p/p5p2/2P1C4/P5rNP/4B1n2/4A1R2/2BAK4 b,-0.87178195,5458
4ka3/4a4/4b2R1/2p5p/6p2/p1P1C4/P5rNP/4B1n2/4A1R2/2BAK4 w,0.9254889,2272
4ka3/4a4/4R4/2p5p/6p2/p1P1C4/P5rNP/4B1n2/4A1R2/2BAK4 b,-0.9461792,3831
4ka3/4a4/4R4/2p5p/6p2/2P1C4/p5rNP/4B1n2/4A1R2/2BAK4 w,0.9433858,2005
4ka3/4a4/6R2/2p5p/6p2/2P1C4/p5rNP/4B1n2/4A1R2/2BAK4 b,-0.9197148,363
4ka3/9/3a2R2/2p5p/6p2/2P1C4/p5rNP/4B1n2/4A1R2/2BAK4 w,0.98661894,5532
4ka3/9/3a2R2/2p5p/6N2/2P1C4/p5r1P/4B1n2/4A1R2/2BAK4 b,-0.98774713,5458
4ka3/9/3a2R2/2p5p/6r2/2P1C4/p7P/4B1n2/4A1R2/2BAK4 w,0.99336237,2202
4ka3/9/3a5/2p5p/6R2/2P1C4/p7P/4B1n2/4A1R2/2BAK4 b,-0.9970782,363
4ka3/9/3a5/2p5p/6R2/2P1C4/p7n/4B4/4A1R2/2BAK4 w,0.99850446,3820
4ka3/9/3a5/2p3R1p/9/2P1C4/p7n/4B4/4A1R2/2BAK4 b,-0.99737984,363
4ka3/9/3a5/2p3R1p/7n1/2P1C4/p8/4B4/4A1R2/2BAK4 w,0.99904263,7062
4ka3/9/3a5/2p3R1p/7n1/2P1C4/p8/4B4/4AR3/2BAK4 b,-0.9986861,3930
4ka3/9/3a5/2p3R1p/7n1/2P1C4/1p7/4B4/4AR3/2BAK4 w,0.9994845,6953
4ka3/9/3a5/2R5p/7n1/2P1C4/1p7/4B4/4AR3/2BAK4 b,-0.99936914,3920
4ka3/9/3a5/2R5p/9/2P1C4/1p4n2/4B4/4AR3/2BAK4 w,0.9984569,6989
4ka3/9/3a5/2R5p/9/2P1C4/1p3Rn2/4B4/4A4/2BAK4 b,-0.9987615,5479
4ka3/9/3a5/2R5p/9/2P1C4/1p3R3/4B3n/4A4/2BAK4 w,1,5324
4ka3/9/3a5/4R3p/9/2P1C4/1p3R3/4B3n/4A4/2BAK4 b,-0.9994223,463
3k1a3/9/3a5/4R3p/9/2P1C4/1p3R3/4B3n/4A4/2BAK4 w,0.9994138,5315
3k1a3/9/3a5/4R3p/9/2PC5/1p3R3/4B3n/4A4/2BAK4 b,-0.99872464,1903
3k1a3/4a4/9/4R3p/9/2PC5/1p3R3/4B3n/4A4/2BAK4 w,0.9988823,5351
3k1a3/4a4/9/4R3p/9/2P6/1p3R3/4B3n/3CA4/2BAK4 b,-0.99742335,6468
3k1a3/4a4/9/4R3p/9/2P6/5R3/1p2B3n/3CA4/2BAK4 w,0.9998291,5315
3k1a3/4a4/9/4R3p/9/2PC5/5R3/1p2B3n/4A4/2BAK4 b,-0.9944885,6468
3k1a3/4a4/9/4R3p/9/2PC5/5R3/2p1B3n/4A4/2BAK4 w,0.9992254,2820
3k1a3/4a4/9/4R3p/9/2P6/5R3/2p1B3n/3CA4/2BAK4 b,-0.9949508,3194
3k1a3/4a4/9/4R3p/9/2P6/5R3/4B3n/2pCA4/2BAK4 w,0.99530643,6780
3k1a3/4a4/9/3R4p/9/2P6/5R3/4B3n/2pCA4/2BAK4 b,-0.99669546,274
3k1a3/9/3a5/3R4p/9/2P6/5R3/4B3n/2pCA4/2BAK4 w,0.9995084,5368
3k1a3/9/3R5/8p/9/2P6/5R3/4B3n/2pCA4/2BAK4 b,-0.9982842,274
4ka3/9/3R5/8p/9/2P6/5R3/4B3n/2pCA4/2BAK4 w,1,1912
4ka3/9/3R5/8p/9/2P6/4R4/4B3n/2pCA4/2BAK4 b,-1,463
4k4/4a4/3R5/8p/9/2P6/4R4/4B3n/2pCA4/2BAK4 w,0.99917555,1914
4k4/4a4/2R6/8p/9/2P6/4R4/4B3n/2pCA4/2BAK4 b,-1,365
5k3/4a4/2R6/8p/9/2P6/4R4/4B3n/2pCA4/2BAK4 w,0.99790776,5279
5k3/4a4/2R6/8p/9/2P6/4R4/3AB3n/2pC5/2BAK4 b,-1,6735
5k3/4a4/2R6/8p/9/2P6/4R4/3AB3n/3p5/2BAK4 w,0.9994579,5279
5k3/4a4/2R6/8p/9/2P6/5R3/3AB3n/3p5/2BAK4 b,-1,454
4k4/4a4/2R6/8p/9/2P6/5R3/3AB3n/3p5/2BAK4 w,1,7736
4k4/4a4/2R6/8p/9/2P6/9/3AB3n/3p1R3/2BAK4 b,-0.99893534,3194
3ak4/9/2R6/8p/9/2P6/9/3AB3n/3p1R3/2BAK4 w,0.9991644,7005
3ak4/9/3R5/8p/9/2P6/9/3AB3n/3p1R3/2BAK4 b,-0.9984952,283
3ak4/9/3R5/8p/9/2P6/9/3AB4/3p1R3/2BAK2n1 w,0.99996364,1912
3ak4/9/3R5/8p/9/2P6/9/3AB4/3p3R1/2BAK2n1 b,-0.99941903,373
3ak4/9/3R5/8p/9/2P6/9/3AB4/7R1/2BpK2n1 w,0.99986124,7736
3ak4/9/3R5/8p/9/2P6/9/3AB4/4K2R1/2Bp3n1 b,-0.9998067,283
3ak4/9/3R5/8p/9/2P6/9/3AB4/4Kn1R1/2Bp5 w,1,1912
3ak4/9/4R4/8p/9/2P6/9/3AB4/4Kn1R1/2Bp5 b,-1,283
4k4/4a4/4R4/8p/9/2P6/9/3AB4/4Kn1R1/2Bp5 w,1,7117
4k4/4a4/4R4/8p/9/2P6/9/3AB4/5K1R1/2Bp5 b,-1,363
3k5/4a4/4R4/8p/9/2P6/9/3AB4/5K1R1/2Bp5 w,1,7144
3k3R1/4a4/4R4/8p/9/2P6/9/3AB4/5K3/2Bp5 b,-1,282
3k1a1R1/9/4R4/8p/9/2P6/9/3AB4/5K3/2Bp5 w,1,1993
3k1a2R/9/4R4/8p/9/2P6/9/3AB4/5K3/2Bp5 b,-1,7643
5a2R/3k5/4R4/8p/9/2P6/9/3AB4/5K3/2Bp5 w,1,737
5a3/3k4R/4R4/8p/9/2P6/9/3AB4/5K3/2Bp5 b,-1,1083
3k1a3/8R/4R4/8p/9/2P6/9/3AB4/5K3/2Bp5 w,0.9999992,1544
3k1a3/8R/5R3/8p/9/2P6/9/3AB4/5K3/2Bp5 b,-1,463
4ka3/8R/5R3/8p/9/2P6/9/3AB4/5K3/2Bp5 w,1,2075
rnbakabnr/9/1c5c1/p1p1p1p1p/9/9/P1P1P1P1P/1C5C1/9/RNBAKABNR w,0.014449762,5087
rnbakabnr/9/1c5c1/p1p1p1p1p/9/9/P1P1P1P1P/4C2C1/9/RNBAKABNR b,-0.012932254,110
r1bakabnr/9/1cn4c1/p1p1p1p1p/9/9/P1P1P1P1P/4C2C1/9/RNBAKABNR w,0.011422182,7445
r1bakabnr/9/1cn4c1/p1p1p1p1p/9/9/P1P1P1P1P/2N1C2C1/9/R1BAKABNR b,-0.012428113,3012
r1baka1nr/9/1cn1b2c1/p1p1p1p1p/9/9/P1P1P1P1P/2N1C2C1/9/R1BAKABNR w,0.028042147,7372
r1baka1nr/9/1cn1b2c1/p1p1p1p1p/9/9/P1P1P1P1P/2N1C2C1/9/1RBAKABNR b,-0.02165522,1
1rbaka1nr/9/1cn1b2c1/p1p1p1p1p/9/9/P1P1P1P1P/2N1C2C1/9/1RBAKABNR w,0.018024392,5087
1rbaka1nr/9/1cn1b2c1/p1p1p1p1p/9/9/P1P1P1P1P/2N1CC3/9/1RBAKABNR b,-0.012428113,2648
1rbaka2r/9/1cn1b1nc1/p1p1p1p1p/9/9/P1P1P1P1P/2N1CC3/9/1RBAKABNR w,0.019055555,5451
1rbaka2r/9/1cn1b1nc1/p1p1p1p1p/9/9/P1P1P1P1P/2N1CCN2/9/1RBAKAB1R b,-0.017510546,1765
1rbaka2r/9/1cn1b1nc1/p1p1p3p/6p2/9/P1P1P1P1P/2N1CCN2/9/1RBAKAB1R w,0.019572936,8098
1rbaka2r/9/1cn1b1nc1/p1p1p3p/6p2/9/P1P1P1P1P/2N1CCN2/9/1RBAKABR1 b,-0.014449762,727
1rbaka1r1/9/1cn1b1nc1/p1p1p3p/6p2/9/P1P1P1P1P/2N1CCN2/9/1RBAKABR1 w,0.016997816,7408
1rbaka1r1/9/1cn1b1nc1/p1p1p3p/6p2/2P6/P3P1P1P/2N1CCN2/9/1RBAKABR1 b,-0.008420906,1765
1rbaka1r1/9/2n1b1nc1/p1p1p3p/6p2/2P6/Pc2P1P1P/2N1CCN2/9/1RBAKABR1 w,0.012932254,7954
1rbaka1r1/9/2n1b1nc1/p1p1p3p/6p2/2PN5/Pc2P1P1P/4CCN2/9/1RBAKABR1 b,0.0014816026,2311
1rbaka1r1/9/2n1b1n2/p1p1p3p/6p2/2PN5/Pc2P1PcP/4CCN2/9/1RBAKABR1 w,-0.011924766,7816
1rbaka1r1/9/2n1bCn2/p1p1p3p/6p2/2PN5/Pc2P1PcP/4C1N2/9/1RBAKABR1 b,0.02535331,5548
1rbakabr1/9/2n2Cn2/p1p1p3p/6p2/2PN5/Pc2P1PcP/4C1N2/9/1RBAKABR1 w,0.04585602,6061
1rbakabr1/9/2n2Cn2/p1p1N3p/6p2/2P6/Pc2P1PcP/4C1N2/9/1RBAKABR1 b,-0.025618432,1831
1rbakabr1/9/5Cn2/p1p1n3p/6p2/2P6/Pc2P1PcP/4C1N2/9/1RBAKABR1 w,0.007799667,6061
1rbakabr1/9/5Cn2/p1p1C3p/6p2/2P6/Pc2P1PcP/6N2/9/1RBAKABR1 b,-0.014534511,109
2bakabr1/9/1r3Cn2/p1p1C3p/6p2/2P6/Pc2P1PcP/6N2/9/1RBAKABR1 w,-0.00084206735,2839
2bakabr1/9/1r3Cn2/p1p5p/6p2/2P1C4/Pc2P1PcP/6N2/9/1RBAKABR1 b,-0.019456778,1733
2bakabr1/9/5rn2/p1p5p/6p2/2P1C4/Pc2P1PcP/6N2/9/1RBAKABR1 w,0,7435
2bakabr1/9/5rn2/p1p5p/6p2/2P1C4/PR2P1PcP/6N2/9/2BAKABR1 b,0.0010268611,3831
2bakabr1/9/5r3/p1p5p/5np2/2P1C4/PR2P1PcP/6N2/9/2BAKABR1 w,0.00619123,4987
2bakabr1/9/5r3/p1p5p/1R3np2/2P1C4/P3P1PcP/6N2/9/2BAKABR1 b,-0.004460755,3750
2bakabr1/9/5r3/p1p5p/1R4p2/2P1C4/P3P1ncP/6N2/9/2BAKABR1 w,0.0050324383,3372
2bakabr1/9/5r3/p1p5p/6R2/2P1C4/P3P1ncP/6N2/9/2BAKABR1 b,-0.00657011,5449
2bakabr1/9/5r3/p1p5p/6R2/2P1n4/P3P2cP/6N2/9/2BAKABR1 w,0.004916287,5269
2bakabr1/9/5r3/p1p5p/6R2/2P1P4/P6cP/6N2/9/2BAKABR1 b,-0.0045435224,2129
2bakabr1/9/5r3/p1p5p/6R2/2P1P4/P7P/6Nc1/9/2BAKABR1 w,0.008180164,3831
2bakabr1/9/5r3/p1p5p/6R2/2P1P4/P7P/6Nc1/7R1/2BAKAB2 b,-0.0040337103,2129
2bakabr1/9/9/p1p5p/6R2/2P1P4/P7P/5rNc1/7R1/2BAKAB2 w,0.012272201,3831
2bakabr1/9/9/p1p3R1p/9/2P1P4/P7P/5rNc1/7R1/2BAKAB2 b,-0.007651792,6179
2bakabr1/9/9/p1p3R1p/9/2P1P4/P6cP/5rN2/7R1/2BAKAB2 w,0.008180164,4450
2bakabr1/9/9/p1p3R1p/9/2P1P4/P6cP/5r3/7RN/2BAKAB2 b,-0.005827204,6179
2bakabr1/9/9/p1p3R1p/9/2P1P4/P7P/5r1c1/7RN/2BAKAB2 w,0.007651792,3030
2bakabr1/9/9/p1R5p/9/2P1P4/P7P/5r1c1/7RN/2BAKAB2 b,-0.005412028,562
2bakab2/9/9/p1R5p/9/2P1P2r1/P7P/5r1c1/7RN/2BAKAB2 w,0.017105108,2612
2Rakab2/9/9/p7p/9/2P1P2r1/P7P/5r1c1/7RN/2BAKAB2 b,-0.015417089,4729
2Rakab2/9/9/p7p/9/2P1r4/P7P/5r1c1/7RN/2BAKAB2 w,0.015509039,7897
2Rakab2/9/9/p7p/9/2P1r4/P7P/5r1c1/4R3N/2BAKAB2 b,-0.0019491392,4486
2Rakab2/9/9/p7p/9/2P6/P7P/5r1c1/4r3N/2BAKAB2 w,0.0010722536,7636
2Rakab2/9/9/p7p/9/2P6/P7P/5r1c1/4A3N/2BAK1B2 b,0.022371281,6388
2Rakab2/9/9/p7p/9/2P6/P7P/7c1/4Ar2N/2BAK1B2 w,0.00096627756,7261
2Rakab2/9/9/p7p/9/2P6/P6NP/7c1/4Ar3/2BAK1B2 b,0.002864162,6388
2Rakab2/9/9/p7p/9/2P6/P6NP/7c1/4A1r2/2BAK1B2 w,0.0008691599,5558
2Rakab2/9/9/p7p/9/2P6/P6NP/4B2c1/4A1r2/2BAK4 b,0.010555814,7080
2Rakab2/9/9/p7p/9/2P6/P5rNP/4B2c1/4A4/2BAK4 w,-0.010219178,209
2Rakab2/9/9/p7p/6N2/2P6/P5r1P/4B2c1/4A4/2BAK4 b,0.03451056,5442
2Rakab2/9/9/p7p/6r2/2P6/P7P/4B2c1/4A4/2BAK4 w,-0.027637893,209
3akab2/9/9/p1R5p/6r2/2P6/P7P/4B2c1/4A4/2BAK4 b,0.029708702,6388
3akab2/9/9/p1R5p/6r2/2P6/P7P/4B4/4A4/2BAK2c1 w,-0.04429305,6906
3akab2/9/9/p7p/2R3r2/2P6/P7P/4B4/4A4/2BAK2c1 b,0.18935394,3867
3akab2/9/9/p7p/2R6/2P6/P7P/4B4/4A4/2BAK1rc1 w,-0.23065372,6926
3akab2/9/9/p7p/2R6/2P6/P7P/4B4/9/2BAKArc1 b,0.20804395,7890
3akab2/9/9/p7p/2R6/2P6/P5r1P/4B4/9/2BAKA1c1 w,-0.24123883,7816
3akab2/9/9/p7p/2R6/2P6/P5r1P/4B4/4A4/2BAK2c1 b,0.22548455,5487
3akab2/9/9/p7p/2R6/2P6/P5r1P/4B4/4A4/2BAK3c w,-0.10905813,4905
3akab2/9/9/p7p/7R1/2P6/P5r1P/4B4/4A4/2BAK3c b,0.13927597,5454
3akab2/9/9/p7p/7R1/2P6/P7r/4B4/4A4/2BAK3c w,-0.110327736,4905
3akab2/9/9/p6Rp/9/2P6/P7r/4B4/4A4/2BAK3c b,0.12591268,3194
3akab2/9/9/p6Rp/9/2P6/P8/4B3r/4A4/2BAK3c w,-0.06374262,3087
3akab2/9/9/R7p/9/2P6/P8/4B3r/4A4/2BAK3c b,0.07904136,8098
3akab2/9/9/R7p/8r/2P6/P8/4B4/4A4/2BAK3c w,-0.018921124,2463
3akab2/9/9/4R3p/8r/2P6/P8/4B4/4A4/2BAK3c b,0.02203736,283
4kab2/4a4/9/4R3p/8r/2P6/P8/4B4/4A4/2BAK3c w,-0.021054985,2824
4kab2/4a4/9/7Rp/8r/2P6/P8/4B4/4A4/2BAK3c b,0.019212963,4040
4kab2/4a4/9/7Rp/6r2/2P6/P8/4B4/4A4/2BAK3c w,-0.0010301379,3095
4kab2/4a4/9/8R/6r2/2P6/P8/4B4/4A4/2BAK3c b,0.0011757158,8098
4kab2/4a4/9/8R/6r2/2P6/P8/4B4/4A4/2BAK2c1 w,-0.001003048,3239
4kab2/4a4/9/9/6r2/2P6/P8/4B3R/4A4/2BAK2c1 b,0.46261042,3867
4kab2/4a4/9/9/9/2P6/P8/4B3R/4A4/2BAK1rc1 w,-0.5752794,6926
4kab2/4a4/9/9/9/2P6/P8/4B3R/9/2BAKArc1 b,0.68063337,7899
4kab2/4a4/9/9/9/2P6/P8/4B1r1R/9/2BAKA1c1 w,-0.59425235,7816
4kab2/4a4/9/9/9/2P6/P8/4B1r1R/4A4/2BAK2c1 b,0.58289856,6281
4kab2/4a4/9/9/9/2P6/P8/4B3r/4A4/2BAK2c1 w,-0.9110899,6081
4kab2/4a4/9/9/2P6/9/P8/4B3r/4A4/2BAK2c1 b,0.9145026,6452
4kab2/4a2c1/9/9/2P6/9/P8/4B3r/4A4/2BAK4 w,-0.84899056,3449
4kab2/4a2c1/9/9/2P6/9/P8/3AB3r/9/2BAK4 b,0.97779346,6479
4kab2/7c1/5a3/9/2P6/9/P8/3AB3r/9/2BAK4 w,-0.9854241,7726
4kab2/7c1/5a3/2P6/9/9/P8/3AB3r/9/2BAK4 b,0.995661,1453
4kab2/4c4/5a3/2P6/9/9/P8/3AB3r/9/2BAK4 w,-0.9904583,6117
4kab2/4c4/5a3/2P6/9/9/P8/3A4r/9/2BAK1B2 b,0.99402493,6479
4kab2/4c4/5a3/2P6/9/9/P8/3A5/9/2BAK1B1r w,-0.9929149,2630
4kab2/4c4/5a3/2P6/9/9/P8/3A5/4K4/2BA2B1r b,0.9922854,1228
4kab2/4c4/5a3/2P6/9/9/P8/3A5/4K4/2BA2r2 w,-0.99853784,2630
4kab2/4c4/5a3/2P6/9/9/P8/3A5/3K5/2BA2r2 b,0.9996174,1182
4kab2/4c4/5a3/2P3r2/9/9/P8/3A5/3K5/2BA5 w,-0.9996704,6826
4kab2/4c4/2P2a3/6r2/9/9/P8/3A5/3K5/2BA5 b,0.99927026,2999
4kab2/4c4/2P2a3/2r6/9/9/P8/3A5/3K5/2BA5 w,-0.9992139,6016
4kab2/4c4/2P2a3/2r6/9/9/P8/3A5/3KA4/2B6 b,0.9996785,2630
4kab2/5c3/2P2a3/2r6/9/9/P8/3A5/3KA4/2B6 w,-0.9970722,1821
4kab2/5c3/3P1a3/2r6/9/9/P8/3A5/3KA4/2B6 b,0.99817204,2083
4kab2/5c3/3P1a3/r8/9/9/P8/3A5/3KA4/2B6 w,-0.9928681,1902
4kab2/3P1c3/5a3/r8/9/9/P8/3A5/3KA4/2B6 b,0.99787873,2459
4kab2/3P1c3/5a3/9/9/9/r8/3A5/3KA4/2B6 w,-0.9968371,6834
4kab2/3P1c3/5a3/9/9/9/r8/3A5/4A4/2BK5 b,0.99781024,4917
4kab2/3P1c3/5a3/9/9/9/9/3A5/4A4/r1BK5 w,-0.9988651,6908
4kab2/3P1c3/5a3/9/9/9/9/3A1A3/9/r1BK5 b,0.99827147,463
4kab2/3P1c3/5a3/9/9/9/9/3A1A3/9/2rK5 w,-0.99982196,7635
4kab2/3P1c3/5a3/9/9/9/9/3A1A3/3K5/2r6 b,0.99993503,7499
4kab2/3P5/5a3/9/9/9/9/3A1c3/3K5/2r6 w,-0.9999999,1083
4kab2/3P5/5a3/9/9/9/9/5c3/3KA4/2r6 b,0.9999997,7544
4kab2/3P5/5a3/9/9/9/9/5c3/2rKA4/9 w,-0.9999999,6834
4kab2/3P5/5a3/9/9/9/9/5c3/2r1A4/3K5 b,0.9999983,6197
4kab2/3P5/2r2a3/9/9/9/9/5c3/4A4/3K5 w,-1,1083
4kab2/4P4/2r2a3/9/9/9/9/5c3/4A4/3K5 b,1,373
5ab2/4k4/2r2a3/9/9/9/9/5c3/4A4/3K5 w,-1,6906
5ab2/4k4/2r2a3/9/9/9/9/3A1c3/9/3K5 b,1,1883
5ab2/4k4/5a3/9/9/9/9/3A1c3/9/2rK5 w,-1,7635
5ab2/4k4/5a3/9/9/9/9/3A1c3/3K5/2r6 b,1,6197
5ab2/4k4/5a3/9/9/9/2r6/3A1c3/3K5/9 w,-1,6834
5ab2/4k4/5a3/9/9/9/2r6/5c3/3KA4/9 b,1,5097
5ab2/4k4/5a3/9/9/9/9/5c3/2rKA4/9 w,-1,6816
5ab2/4k4/5a3/9/9/9/9/5c3/2r1A4/3K5 b,1,6736
rnbakabnr/9/1c5c1/p1p1p1p1p/9/9/P1P1P1P1P/1C5C1/9/RNBAKABNR w,0.014449762,5087
rnbakabnr/9/1c5c1/p1p1p1p1p/9/9/P1P1P1P1P/4C2C1/9/RNBAKABNR b,-0.012932254,110
r1bakabnr/9/1cn4c1/p1p1p1p1p/9/9/P1P1P1P1P/4C2C1/9/RNBAKABNR w,0.011422182,7445
r1bakabnr/9/1cn4c1/p1p1p1p1p/9/9/P1P1P1P1P/2N1C2C1/9/R1BAKABNR b,-0.012428113,3012
r1baka1nr/9/1cn1b2c1/p1p1p1p1p/9/9/P1P1P1P1P/2N1C2C1/9/R1BAKABNR w,0.028042147,7372
r1baka1nr/9/1cn1b2c1/p1p1p1p1p/9/9/P1P1P1P1P/2N1C2C1/9/1RBAKABNR b,-0.02165522,1
1rbaka1nr/9/1cn1b2c1/p1p1p1p1p/9/9/P1P1P1P1P/2N1C2C1/9/1RBAKABNR w,0.018024392,5087
1rbaka1nr/9/1cn1b2c1/p1p1p1p1p/9/9/P1P1P1P1P/2N1CC3/9/1RBAKABNR b,-0.012428113,2648
1rbaka2r/9/1cn1b1nc1/p1p1p1p1p/9/9/P1P1P1P1P/2N1CC3/9/1RBAKABNR w,0.019055555,5451
1rbaka2r/9/1cn1b1nc1/p1p1p1p1p/9/9/P1P1P1P1P/2N1CCN2/9/1RBAKAB1R b,-0.017510546,1765
1rbaka2r/9/1cn1b1nc1/p1p1p3p/6p2/9/P1P1P1P1P/2N1CCN2/9/1RBAKAB1R w,0.019572936,8098
1rbaka2r/9/1cn1b1nc1/p1p1p3p/6p2/9/P1P1P1P1P/2N1CCN2/9/1RBAKABR1 b,-0.014449762,727
1rbaka1r1/9/1cn1b1nc1/p1p1p3p/6p2/9/P1P1P1P1P/2N1CCN2/9/1RBAKABR1 w,0.016997816,7408
1rbaka1r1/9/1cn1b1nc1/p1p1p3p/6p2/2P6/P3P1P1P/2N1CCN2/9/1RBAKABR1 b,-0.008420906,1765
1rbaka1r1/9/2n1b1nc1/p1p1p3p/6p2/2P6/Pc2P1P1P/2N1CCN2/9/1RBAKABR1 w,0.012932254,7954
1rbaka1r1/9/2n1b1nc1/p1p1p3p/6p2/2PN5/Pc2P1P1P/4CCN2/9/1RBAKABR1 b,0.0014816026,2311
1rbaka1r1/9/2n1b1n2/p1p1p3p/6p2/2PN5/Pc2P1PcP/4CCN2/9/1RBAKABR1 w,-0.011924766,7816
1rbaka1r1/9/2n1bCn2/p1p1p3p/6p2/2PN5/Pc2P1PcP/4C1N2/9/1RBAKABR1 b,0.02535331,5548
1rbakabr1/9/2n2Cn2/p1p1p3p/6p2/2PN5/Pc2P1PcP/4C1N2/9/1RBAKABR1 w,0.04585602,6061
1rbakabr1/9/2n2Cn2/p1p1N3p/6p2/2P6/Pc2P1PcP/4C1N2/9/1RBAKABR1 b,-0.025618432,1831
1rbakabr1/9/5Cn2/p1p1n3p/6p2/2P6/Pc2P1PcP/4C1N2/9/1RBAKABR1 w,0.007799667,6061
1rbakabr1/9/5Cn2/p1p1C3p/6p2/2P6/Pc2P1PcP/6N2/9/1RBAKABR1 b,-0.014534511,109
2bakabr1/9/1r3Cn2/p1p1C3p/6p2/2P6/Pc2P1PcP/6N2/9/1RBAKABR1 w,-0.00084206735,2839
2bakabr1/9/1r3Cn2/p1p5p/6p2/2P1C4/Pc2P1PcP/6N2/9/1RBAKABR1 b,-0.019456778,1733
2bakabr1/9/5rn2/p1p5p/6p2/2P1C4/Pc2P1PcP/6N2/9/1RBAKABR1 w,0,7435
2bakabr1/9/5rn2/p1p5p/6p2/2P1C4/PR2P1PcP/6N2/9/2BAKABR1 b,0.0010268611,3831
2bakabr1/9/5r3/p1p5p/5np2/2P1C4/PR2P1PcP/6N2/9/2BAKABR1 w,0.00619123,4987
2bakabr1/9/5r3/p1p5p/1R3np2/2P1C4/P3P1PcP/6N2/9/2BAKABR1 b,-0.004460755,3750
2bakabr1/9/5r3/p1p5p/1R4p2/2P1C4/P3P1ncP/6N2/9/2BAKABR1 w,0.0050324383,3372
2bakabr1/9/5r3/p1p5p/6R2/2P1C4/P3P1ncP/6N2/9/2BAKABR1 b,-0.00657011,5449
2bakabr1/9/5r3/p1p5p/6R2/2P1n4/P3P2cP/6N2/9/2BAKABR1 w,0.004916287,5269
2bakabr1/9/5r3/p1p5p/6R2/2P1P4/P6cP/6N2/9/2BAKABR1 b,-0.0045435224,2129
2bakabr1/9/5r3/p1p5p/6R2/2P1P4/P7P/6Nc1/9/2BAKABR1 w,0.008180164,3831
2bakabr1/9/5r3/p1p3R1p/9/2P1P4/P7P/6Nc1/9/2BAKABR1 b,-0.0060857316,2092
2bakabr1/9/9/p1p3R1p/9/2P1P4/P7P/5rNc1/9/2BAKABR1 w,0.0092478,4450
2bakabr1/9/9/p1p3R1p/9/2P1P4/P7P/5rNc1/4A4/2BAK1BR1 b,-0.006865401,6179
2bakabr1/9/9/p1p3R1p/9/2P1P4/P4r2P/6Nc1/4A4/2BAK1BR1 w,0.008180164,4450
2bakabr1/9/9/p1p3R1p/9/2P1P2N1/P4r2P/7c1/4A4/2BAK1BR1 b,0.19345215,682
2bakab2/9/9/p1p3R1p/9/2P1P2r1/P4r2P/7c1/4A4/2BAK1BR1 w,-0.19131343,7897
2bakaR2/9/9/p1p5p/9/2P1P2r1/P4r2P/7c1/4A4/2BAK1BR1 b,0.55544156,6367
2bakaR2/9/9/p1p5p/9/2P1P2r1/P4r1cP/9/4A4/2BAK1BR1 w,-0.13853809,7897
2baka3/9/9/p1p3R1p/9/2P1P2r1/P4r1cP/9/4A4/2BAK1BR1 b,0.233575,4729
2baka3/9/9/p1p3R1p/9/2P1r4/P4r1cP/9/4A4/2BAK1BR1 w,-0.23896012,4905
2baka3/9/9/p1p3R1p/9/2P1r4/P4r1cP/4B4/4A4/2BAK2R1 b,0.23896012,5544
2baka3/9/9/p1p3R1p/9/2P1r4/c4r2P/4B4/4A4/2BAK2R1 w,-0.27566633,8006
2baka3/9/9/p1R5p/9/2P1r4/c4r2P/4B4/4A4/2BAK2R1 b,0.23547219,2466
2baka3/9/9/p1R5p/9/2P1r4/c7r/4B4/4A4/2BAK2R1 w,-0.24125883,2637
2baka3/9/9/R7p/9/2P1r4/c7r/4B4/4A4/2BAK2R1 b,0.19646561,4918
2baka3/9/9/R7p/9/2P1r4/4c3r/4B4/4A4/2BAK2R1 w,-0.21581113,2464
2baka3/9/9/5R2p/9/2P1r4/4c3r/4B4/4A4/2BAK2R1 b,0.2407892,283
2baka3/9/9/5R2p/9/2r6/4c3r/4B4/4A4/2BAK2R1 w,0.004699254,7736
2baka3/9/9/4R3p/9/2r6/4c3r/4B4/4A4/2BAK2R1 b,0.00015899843,283
3aka3/9/4b4/4R3p/9/2r6/4c3r/4B4/4A4/2BAK2R1 w,-0.00031801852,2848
3aka3/9/4b4/8p/9/2r6/4R3r/4B4/4A4/2BAK2R1 b,0.0010390822,5638
3aka3/9/4b4/8p/9/2r6/4r4/4B4/4A4/2BAK2R1 w,-0.00030081754,6077
3aka3/9/4b4/8p/9/2B6/4r4/9/4A4/2BAK2R1 b,0.00022430171,5280
3aka3/9/4b4/9/8p/2B6/4r4/9/4A4/2BAK2R1 w,-0.000055886416,8009
3aka3/9/4b4/9/8p/9/4r4/4B4/4A4/2BAK2R1 b,0.00013988132,5260
3aka3/9/4b4/4r4/8p/9/9/4B4/4A4/2BAK2R1 w,0.000027938488,7972
3aka3/9/4b4/4r4/8p/2B6/9/9/4A4/2BAK2R1 b,0.00013988132,283
3aka3/9/4b4/4r4/9/2B5p/9/9/4A4/2BAK2R1 w,-0.00008385323,8007
3aka3/9/4b4/4r4/9/8p/9/4B4/4A4/2BAK2R1 b,0.00016796152,1982
3akab2/9/9/4r4/9/8p/9/4B4/4A4/2BAK2R1 w,-0.00008385323,7990
3akab2/9/9/4r4/9/8p/9/3AB4/9/2BAK2R1 b,0.00013988132,562
3akab2/9/9/9/9/8p/4r4/3AB4/9/2BAK2R1 w,-0.00011184838,6016
3akab2/9/9/9/9/8p/4r4/4B4/4A4/2BAK2R1 b,0.00013988132,5282
3akab2/9/9/9/9/8p/8r/4B4/4A4/2BAK2R1 w,-0.000055886416,6926
3akab2/9/9/9/9/8p/8r/4B4/4A4/2BAKR3 b,0.00016796152,4822
4kab2/4a4/9/9/9/8p/8r/4B4/4A4/2BAKR3 w,-0.000055886416,7790
4kab2/4a4/9/9/9/8p/8r/4B4/4A4/2BAK1R2 b,0.00016796152,562
4ka3/4a4/4b4/9/9/8p/8r/4B4/4A4/2BAK1R2 w,-0.000055886416,7881
4ka3/4a4/4b4/9/9/6R1p/8r/4B4/4A4/2BAK4 b,0.00008385323,1986
4ka3/4a4/4b4/9/9/6R1p/9/4B4/4A4/2BAK3r w,-0.000055886416,6926
4ka3/4a4/4b4/9/9/6R1p/9/9/4A4/2BAK1B1r b,0.00011184838,4832
4ka3/4a4/4b4/9/9/6R1p/8r/9/4A4/2BAK1B2 w,0,7537
4ka3/4a4/4b4/9/9/4R3p/8r/9/4A4/2BAK1B2 b,0.00011184838,1173
2b1ka3/4a4/9/9/9/4R3p/8r/9/4A4/2BAK1B2 w,0,6926
2b1ka3/4a4/9/9/9/2R5p/8r/9/4A4/2BAK1B2 b,0.00011184838,198
4ka3/4a4/4b4/9/9/2R5p/8r/9/4A4/2BAK1B2 w,-0.000027938488,7537
4ka3/4a4/4b4/9/9/6R1p/8r/9/4A4/2BAK1B2 b,0.00008385323,5660
4ka3/4a4/4b4/9/9/6Rp1/8r/9/4A4/2BAK1B2 w,0.00008385323,4642
4ka3/4a4/4b4/9/9/7R1/8r/9/4A4/2BAK1B2 b,-0.000024006413,5615
4ka3/4a4/4b4/9/9/7R1/9/9/4A4/2BAK1B1r w,0.0003900386,7537
4ka3/4a4/4b4/9/9/6R2/9/9/4A4/2BAK1B1r b,-0.000048021517,8098
4ka3/4a4/4b4/9/8r/6R2/9/9/4A4/2BAK1B2 w,0.00016853193,4637
4ka3/4a4/4b4/9/8r/9/9/6R2/4A4/2BAK1B2 b,0,4002
4ka3/4a4/4b4/9/2r6/9/9/6R2/4A4/2BAK1B2 w,0.000120205936,7901
4ka3/4a4/4b4/9/2r6/9/9/6R2/9/2BAKAB2 b,0,3460
4ka3/4a4/4b4/9/9/9/9/6R2/9/2rAKAB2 w,0.00013782062,6273
4ka3/4a4/4b4/9/9/9/9/6R2/4A4/2rAK1B2 b,0.000027362854,1982
4ka3/4a4/4b4/9/9/9/2r6/6R2/4A4/3AK1B2 w,0.00004105997,6243
4ka3/4a4/4b4/9/9/9/2r6/1R7/4A4/3AK1B2 b,0.000027362854,1982
4ka3/4a4/4b4/9/9/9/6r2/1R7/4A4/3AK1B2 w,0.000068517016,7897
4ka3/4a4/4b4/9/9/9/6r2/1R6B/4A4/3AK4 b,0.000027362854,1982
4ka3/4a4/4b4/9/9/9/7r1/1R6B/4A4/3AK4 w,0.00008228954,5827
4ka3/4a4/4b4/9/9/9/7r1/1R7/4A4/3AK1B2 b,0.000013678289,1982
rnbakabnr/9/1c5c1/p1p1p1p1p/9/9/P1P1P1P1P/1C5C1/9/RNBAKABNR w,0.014449762,5087
rnbakabnr/9/1c5c1/p1p1p1p1p/9/9/P1P1P1P1P/4C2C1/9/RNBAKABNR b,-0.012932254,110
r1bakabnr/9/1cn4c1/p1p1p1p1p/9/9/P1P1P1P1P/4C2C1/9/RNBAKABNR w,0.011422182,7445
r1bakabnr/9/1cn4c1/p1p1p1p1p/9/9/P1P1P1P1P/2N1C2C1/9/R1BAKABNR b,-0.012428113,3012
r1baka1nr/9/1cn1b2c1/p1p1p1p1p/9/9/P1P1P1P1P/2N1C2C1/9/R1BAKABNR w,0.028042147,7372
r1baka1nr/9/1cn1b2c1/p1p1p1p1p/9/9/P1P1P1P1P/2N1C2C1/9/1RBAKABNR b,-0.02165522,1
1rbaka1nr/9/1cn1b2c1/p1p1p1p1p/9/9/P1P1P1P1P/2N1C2C1/9/1RBAKABNR w,0.018024392,5087
1rbaka1nr/9/1cn1b2c1/p1p1p1p1p/9/9/P1P1P1P1P/2N1CC3/9/1RBAKABNR b,-0.012428113,2648
1rbaka2r/9/1cn1b1nc1/p1p1p1p1p/9/9/P1P1P1P1P/2N1CC3/9/1RBAKABNR w,0.019055555,5451
1rbaka2r/9/1cn1b1nc1/p1p1p1p1p/9/9/P1P1P1P1P/2N1CCN2/9/1RBAKAB1R b,-0.017510546,1765
1rbaka2r/9/1cn1b1nc1/p1p1p3p/6p2/9/P1P1P1P1P/2N1CCN2/9/1RBAKAB1R w,0.019572936,8098
1rbaka2r/9/1cn1b1nc1/p1p1p3p/6p2/9/P1P1P1P1P/2N1CCN2/9/1RBAKABR1 b,-0.014449762,727
1rbaka1r1/9/1cn1b1nc1/p1p1p3p/6p2/9/P1P1P1P1P/2N1CCN2/9/1RBAKABR1 w,0.016997816,7408
1rbaka1r1/9/1cn1b1nc1/p1p1p3p/6p2/2P6/P3P1P1P/2N1CCN2/9/1RBAKABR1 b,-0.008420906,1765
1rbaka1r1/9/2n1b1nc1/p1p1p3p/6p2/2P6/Pc2P1P1P/2N1CCN2/9/1RBAKABR1 w,0.012932254,7954
1rbaka1r1/9/2n1b1nc1/p1p1p3p/6p2/2PN5/Pc2P1P1P/4CCN2/9/1RBAKABR1 b,0.0014816026,2311
1rbaka1r1/9/2n1b1n2/p1p1p3p/6p2/2PN5/Pc2P1PcP/4CCN2/9/1RBAKABR1 w,-0.011924766,7816
1rbaka1r1/9/2n1bCn2/p1p1p3p/6p2/2PN5/Pc2P1PcP/4C1N2/9/1RBAKABR1 b,0.02535331,5548
1rbakabr1/9/2n2Cn2/p1p1p3p/6p2/2PN5/Pc2P1PcP/4C1N2/9/1RBAKABR1 w,0.04585602,6061
1rbakabr1/9/2n2Cn2/p1p1N3p/6p2/2P6/Pc2P1PcP/4C1N2/9/1RBAKABR1 b,-0.025618432,1831
1rbakabr1/9/5Cn2/p1p1n3p/6p2/2P6/Pc2P1PcP/4C1N2/9/1RBAKABR1 w,0.007799667,6061
1rbakabr1/9/5Cn2/p1p1C3p/6p2/2P6/Pc2P1PcP/6N2/9/1RBAKABR1 b,-0.014534511,109
2bakabr1/9/1r3Cn2/p1p1C3p/6p2/2P6/Pc2P1PcP/6N2/9/1RBAKABR1 w,-0.00084206735,2839
2bakabr1/9/1r3Cn2/p1p5p/6p2/2P1C4/Pc2P1PcP/6N2/9/1RBAKABR1 b,-0.019456778,1733
2bakabr1/9/5rn2/p1p5p/6p2/2P1C4/Pc2P1PcP/6N2/9/1RBAKABR1 w,0,7435
2bakabr1/9/5rn2/p1p5p/6p2/2P1C4/PR2P1PcP/6N2/9/2BAKABR1 b,0.0010268611,3831
2bakabr1/9/6n2/p1p5p/6p2/2P1C4/PR2P1PcP/5rN2/9/2BAKABR1 w,0.091511466,4969
2bakabr1/9/6n2/p1p5p/6p2/2P1C4/PR2P1PcP/5r3/8N/2BAKABR1 b,-0.023718612,5542
2bakabr1/9/6n2/p1p5p/6p2/2P1C4/PR2P1P1P/5r3/7cN/2BAKABR1 w,0.05298353,4969
2bakabr1/9/6n2/p1p5p/6p2/2P1C4/PR2P1P1P/4Br3/7cN/2BAKA1R1 b,-0.004805894,6179
2bakabr1/9/9/p1p5p/5np2/2P1C4/PR2P1P1P/4Br3/7cN/2BAKA1R1 w,0.10182003,4987
2bakabr1/9/9/p1p5p/5np2/2P1C4/PR2P1P1P/4Br3/4A2cN/2BAK2R1 b,-0.00034224466,6197
2bakabr1/9/9/p1p5p/5np2/2P1C4/PR2P1P1P/4B4/4Ar1cN/2BAK2R1 w,0.007585749,4987
2bakabr1/9/9/p1p5p/1R3np2/2P1C4/P3P1P1P/4B4/4Ar1cN/2BAK2R1 b,-0.0030840165,3750
2bakabr1/9/9/p1p5p/1R4p2/2P1C4/P3n1P1P/4B4/4Ar1cN/2BAK2R1 w,0.64560163,3370
2bakabr1/9/9/p1p5p/1R4p2/2P1C4/P3n1P1P/4B4/4Ar1cN/2BAKR3 b,-0.00033431983,7016
2bakabr1/9/9/p1p5p/1R4p2/2P1C4/P3n1P1P/4B4/4A2cN/2BAKr3 w,-0.0038877425,6926
2bakabr1/9/9/p1p5p/1R4p2/2P1C4/P3n1P1P/4B4/7cN/2BAKA3 b,-0.0030562698,5289
2bakabr1/9/9/p1p5p/1R4p2/2P1C4/P5P1P/4B1n2/7cN/2BAKA3 w,0.007025473,3372
2bakabr1/9/9/p1p5p/1R4p2/2P1C4/P5PNP/4B1n2/7c1/2BAKA3 b,0.11821951,7198
2bakab2/9/9/p1p5p/1R4p2/2P1C4/P5PrP/4B1n2/7c1/2BAKA3 w,-0.08267659,3370
2bakab2/9/9/p1p5p/4R1p2/2P1C4/P5PrP/4B1n2/7c1/2BAKA3 b,0.26285103,283
2b1kab2/4a4/9/p1p5p/4R1p2/2P1C4/P5PrP/4B1n2/7c1/2BAKA3 w,-0.25146753,3642
2b1kab2/4a4/9/p1p5p/6R2/2P1C4/P5PrP/4B1n2/7c1/2BAKA3 b,0.30169022,562
2b1ka3/4a4/4b4/p1p5p/6R2/2P1C4/P5PrP/4B1n2/7c1/2BAKA3 w,-0.36847433,3813
2b1ka3/4a4/4b4/p1p5p/5R3/2P1C4/P5PrP/4B1n2/7c1/2BAKA3 b,0.4944903,7198
2b1ka3/4a4/4b4/p1p5p/5R3/2P1C4/P5PrP/4B1n2/9/2BAKA1c1 w,-0.46152216,6117
2b1ka3/4a4/4b4/p1p5p/5R3/2P1C4/P5PrP/4B1n2/4A4/2BAK2c1 b,0.6126749,8009
2b1ka3/4a4/4b4/p1p5p/5R3/2P1C4/P5PrP/4B1n2/4A4/2BAK3c w,-0.76267856,6908
2b1ka3/4a4/4b4/p1p5p/9/2P1C4/P5PrP/4BRn2/4A4/2BAK3c b,0.7356053,5578
2b1ka3/4a4/4b4/p1p5p/9/2P1C4/P5P1P/4BRn2/4A4/2BAK2rc w,-0.807171,6926
2b1ka3/4a4/4b4/p1p5p/9/2P1C4/P5P1P/4BRn2/9/2BAKA1rc b,0.9387298,8006
2b1ka3/4a4/4b4/p1p5p/9/2P1C4/P5P1P/4BRn2/9/2BAKr2c w,-0.96062434,7726
2b1ka3/4a4/4b4/p1p5p/9/2P1C4/P5P1P/4BRn2/4K4/2BA1r2c b,0.9666203,7808
2b1ka3/4a4/4b4/p1p5p/9/2P1C4/P5P1P/4Brn2/4K4/2BA4c w,-0.86242306,4461
2b1ka3/4a4/4b4/p1p5p/9/2P3C2/P5P1P/4Brn2/4K4/2BA4c b,1,6187
2b1ka3/4a4/4b4/p1p5p/9/2P3C2/P5P1P/4Brn1c/4K4/2BA5 w,-0.775054,4659
2b1ka3/4a4/4b4/p1p5p/9/2P6/P5P1P/4BrC1c/4K4/2BA5 b,0.8182714,6460
2b1ka3/4a4/4b4/p1p5p/9/2P6/P5P1P/4B1r1c/4K4/2BA5 w,-0.8314377,5633
2b1ka3/4a4/4b4/p1p5p/9/2P3P2/P7P/4B1r1c/4K4/2BA5 b,0.9467273,1193
2b1ka3/4a4/4b4/p1p5p/9/2P3P2/P5r1P/4B3c/4K4/2BA5 w,-0.9274722,4632
2b1ka3/4a4/4b4/p1p5p/9/2P3P2/P5r1P/4B3c/9/2BAK4 b,0.9372845,1193
2b1ka3/4a4/4b4/p1p5p/9/2P3P2/P5r1P/4B4/8c/2BAK4 w,-0.87075204,7736
2b1ka3/4a4/4b4/p1p5p/9/P1P3P2/6r1P/4B4/8c/2BAK4 b,0.9402705,5461
2b1ka3/4a4/4b4/p1p5p/9/P1P3P2/6r1P/4B4/9/2BAK3c w,-0.8820043,4268
2b1ka3/4a4/4b4/p1p5p/9/P1P3P1P/6r2/4B4/9/2BAK3c b,0.9274722,8081
2b1ka3/4a4/4b4/p1p5p/9/P1P3P1P/7r1/4B4/9/2BAK3c w,-0.9214265,4632
2b1ka3/4a4/4b4/p1p5p/9/P1P3P1P/7r1/4B4/4K4/2BA4c b,0.9372845,1191
2b1ka3/4a4/4b4/p1p5p/9/P1P3P1P/8r/4B4/4K4/2BA4c w,-0.89405,4268
2b1ka3/4a4/4b4/p1p5p/9/P1P3P1P/8r/4B4/5K3/2BA4c b,0.94123584,2648
2b1ka3/4a4/4b4/p1p5p/9/P1P3P1r/9/4B4/5K3/2BA4c w,-0.92152905,4086
2b1ka3/4a4/4b4/p1p5p/9/P1P3P1r/9/4B4/4K4/2BA4c b,0.9418344,2466
2b1ka3/4a4/4b4/p1p5p/9/P1P3P2/8r/4B4/4K4/2BA4c w,-0.9265382,4268
2b1ka3/4a4/4b4/p1p5p/9/P1P3P2/8r/4B4/9/2BAK3c b,0.9446989,5633
2b1ka3/4a4/4b4/p1p5p/9/P1P3P2/9/4B3r/9/2BAK3c w,-0.90302587,4632
2b1ka3/4a4/4b4/p1p5p/6P2/P1P6/9/4B3r/9/2BAK3c b,0.92774373,6460
2b1ka3/4a4/9/p1p5p/6b2/P1P6/9/4B3r/9/2BAK3c w,-0.90777814,4086
2b1ka3/4a4/9/p1p5p/6b2/P1P3B2/9/8r/9/2BAK3c b,0.9457279,6460
2b1ka3/4a4/9/p1p5p/6b2/P1P3B2/8r/9/9/2BAK3c w,-0.9030455,4268
2b1ka3/4a4/9/p1p5p/6b2/P1P6/8r/4B4/9/2BAK3c b,0.9457279,5641
2b1ka3/4a4/9/p1p5p/6b2/P1P6/r8/4B4/9/2BAK3c w,-0.92208666,6081
2b1ka3/4a4/9/p1p5p/6b2/P1P3B2/r8/9/9/2BAK3c b,0.9438052,4916
2b1ka3/4a4/9/p1p5p/6b2/r1P3B2/9/9/9/2BAK3c w,-0.9658978,7636
2b1ka3/4a4/9/p1p5p/6b2/r1P6/9/4B4/9/2BAK3c b,0.9481065,1193
2b1ka3/4a4/9/p1p5p/6b2/r1P5c/9/4B4/9/2BAK4 w,-0.92710847,7736
2b1ka3/4a4/9/p1p5p/6b2/r1P3B1c/9/9/9/2BAK4 b,0.98866373,4097
2b1ka3/4a4/9/p1p5p/6b2/2r3B1c/9/9/9/2BAK4 w,-0.9923201,7537
2b1ka3/4a4/9/p1p5p/6b2/2r5c/9/4B4/9/2BAK4 b,0.9930379,4278
2b1ka3/4a4/9/p1p5p/2r3b2/8c/9/4B4/9/2BAK4 w,-0.99491614,7636
2b1ka3/4a4/9/p1p5p/2r3b2/8c/9/4B4/4A4/2B1K4 b,0.9924693,4819
2b1ka3/4a4/9/p1p5p/2r3b2/4c4/9/4B4/4A4/2B1K4 w,-0.99405026,7736
2b1ka3/4a4/9/p1p5p/2r3b2/4c4/9/4B4/4A4/2BK5 b,0.9967676,3459
2b1ka3/4a4/9/p1p5p/2r3b2/9/9/4B4/4c4/2BK5 w,-0.99722964,7533
2b1ka3/4a4/9/p1p5p/2r3b2/9/9/B3B4/4c4/3K5 b,0.9969171,6913
2b1ka3/4a4/9/p1p5p/3r2b2/9/9/B3B4/4c4/3K5 w,-0.99402493,7645
2b1ka3/4a4/9/p1p5p/3r2b2/9/9/B3B4/4c4/4K4 b,0.9951724,3806
2b1ka3/4a4/9/p1p5p/3r2b2/9/9/B3B4/c8/4K4 w,-0.9950683,6113
2b1ka3/4a4/9/p1p5p/3r2b2/2B6/9/B8/c8/4K4 b,0.99999326,3550
2b1ka3/4a4/9/p1p5p/4r1b2/2B6/9/B8/c8/4K4 w,-1,7736
2b1ka3/4a4/9/p1p5p/4r1b2/9/9/B3B4/c8/4K4 b,0.99998236,3667
2b1ka3/4a4/9/p1p5p/6b2/9/9/B3r4/c8/4K4 w,-1,7734
2b1ka3/4a4/9/p1p5p/6b2/9/9/B3r4/c8/5K3 b,1,6093
2b1ka3/9/5a3/p1p5p/6b2/9/9/B3r4/c8/5K3 w,-1,7817
2b1ka3/9/5a3/p1p5p/6b2/9/9/4r4/c8/2B2K3 b,1,6098
rnbakabnr/9/1c5c1/p1p1p1p1p/9/9/P1P1P1P1P/1C5C1/9/RNBAKABNR w,0.014449762,5087
rnbakabnr/9/1c5c1/p1p1p1p1p/9/9/P1P1P1P1P/4C2C1/9/RNBAKABNR b,-0.012932254,110
r1bakabnr/9/1cn4c1/p1p1p1p1p/9/9/P1P1P1P1P/4C2C1/9/RNBAKABNR w,0.011422182,7445
r1bakabnr/9/1cn4c1/p1p1p1p1p/9/9/P1P1P1P1P/2N1C2C1/9/R1BAKABNR b,-0.012428113,3012
r1baka1nr/9/1cn1b2c1/p1p1p1p1p/9/9/P1P1P1P1P/2N1C2C1/9/R1BAKABNR w,0.028042147,7372
r1baka1nr/9/1cn1b2c1/p1p1p1p1p/9/9/P1P1P1P1P/2N1C2C1/9/1RBAKABNR b,-0.02165522,1
1rbaka1nr/9/1cn1b2c1/p1p1p1p1p/9/9/P1P1P1P1P/2N1C2C1/9/1RBAKABNR w,0.018024392,5087
1rbaka1nr/9/1cn1b2c1/p1p1p1p1p/9/9/P1P1P1P1P/2N1CC3/9/1RBAKABNR b,-0.012428113,2648
1rbaka2r/9/1cn1b1nc1/p1p1p1p1p/9/9/P1P1P1P1P/2N1CC3/9/1RBAKABNR w,0.019055555,5451
1rbaka2r/9/1cn1b1nc1/p1p1p1p1p/9/9/P1P1P1P1P/2N1CCN2/9/1RBAKAB1R b,-0.017510546,1765
1rbaka2r/9/1cn1b1nc1/p1p1p3p/6p2/9/P1P1P1P1P/2N1CCN2/9/1RBAKAB1R w,0.019572936,8098
1rbaka2r/9/1cn1b1nc1/p1p1p3p/6p2/9/P1P1P1P1P/2N1CCN2/9/1RBAKABR1 b,-0.014449762,727
1rbaka1r1/9/1cn1b1nc1/p1p1p3p/6p2/9/P1P1P1P1P/2N1CCN2/9/1RBAKABR1 w,0.016997816,7408
1rbaka1r1/9/1cn1b1nc1/p1p1p3p/6p2/2P6/P3P1P1P/2N1CCN2/9/1RBAKABR1 b,-0.008420906,1765
1rbaka1r1/9/2n1b1nc1/p1p1p3p/6p2/2P6/Pc2P1P1P/2N1CCN2/9/1RBAKABR1 w,0.012932254,7954
1rbaka1r1/9/2n1b1nc1/p1p1p3p/6p2/2PN5/Pc2P1P1P/4CCN2/9/1RBAKABR1 b,0.0014816026,2311
1rbaka1r1/9/2n1b1n2/p1p1p3p/6p2/2PN5/Pc2P1PcP/4CCN2/9/1RBAKABR1 w,-0.011924766,7816
1rbaka1r1/9/2n1bCn2/p1p1p3p/6p2/2PN5/Pc2P1PcP/4C1N2/9/1RBAKABR1 b,0.02535331,5548
1rbakabr1/9/2n2Cn2/p1p1p3p/6p2/2PN5/Pc2P1PcP/4C1N2/9/1RBAKABR1 w,0.04585602,6061
1rbakabr1/9/2n2Cn2/p1p1N3p/6p2/2P6/Pc2P1PcP/4C1N2/9/1RBAKABR1 b,-0.025618432,1831
1rbakabr1/9/5Cn2/p1p1n3p/6p2/2P6/Pc2P1PcP/4C1N2/9/1RBAKABR1 w,0.007799667,6061
1rbakabr1/9/5Cn2/p1p1C3p/6p2/2P6/Pc2P1PcP/6N2/9/1RBAKABR1 b,-0.014534511,109
2bakabr1/9/1r3Cn2/p1p1C3p/6p2/2P6/Pc2P1PcP/6N2/9/1RBAKABR1 w,-0.00084206735,2839
2bakabr1/9/1r3Cn2/p1p5p/6p2/2P1C4/Pc2P1PcP/6N2/9/1RBAKABR1 b,-0.019456778,1733
2bakabr1/9/5rn2/p1p5p/6p2/2P1C4/Pc2P1PcP/6N2/9/1RBAKABR1 w,0,7435
2bakabr1/9/5rn2/p1p5p/6p2/2P1C4/PR2P1PcP/6N2/9/2BAKABR1 b,0.0010268611,3831
2bakabr1/9/6n2/p1p5p/6p2/2P1C4/PR2P1PcP/5rN2/9/2BAKABR1 w,0.091511466,4969
2bakabr1/9/6n2/p1p5p/6p2/2P1C4/PR2P1PcP/5r3/8N/2BAKABR1 b,-0.023718612,5542
2bakabr1/9/6n2/p1p5p/6p2/2P1C4/PR2P1P1P/5r3/7cN/2BAKABR1 w,0.05298353,4969
2bakabr1/9/6n2/p1p5p/6p2/2P1C4/PR2P1P1P/4Br3/7cN/2BAKA1R1 b,-0.004805894,6179
2bakabr1/9/9/p1p5p/5np2/2P1C4/PR2P1P1P/4Br3/7cN/2BAKA1R1 w,0.10182003,4987
2bakabr1/9/9/p1p5p/5np2/2P1C4/PR2P1P1P/4Br3/4A2cN/2BAK2R1 b,-0.00034224466,6197
2bakabr1/9/9/p1p5p/5np2/2P1C4/PR2PrP1P/4B4/4A2cN/2BAK2R1 w,0.027507184,4969
2bakabr1/9/9/p1p5p/5np2/2P1C4/P2RPrP1P/4B4/4A2cN/2BAK2R1 b,0.013297011,3750
2bakabr1/9/9/p1p5p/6p2/2P1C4/P2RPrn1P/4B4/4A2cN/2BAK2R1 w,-0.014432056,5160
2bakabr1/9/9/p1p5p/6p2/2P1C4/P2RPrn1P/4B4/4A2cN/2BAK1R2 b,0.28382245,7198
2bakabr1/9/9/p1p5p/6p2/2P1C4/P2RPrn1P/4B4/4A3N/2BAK1Rc1 w,-0.25355548,7908
2bakabr1/9/9/p1p5p/6p2/2P1C4/P2RPrn1P/4B1R2/4A3N/2BAK2c1 b,0.313914,8009
2bakabr1/9/9/p1p5p/6p2/2P1C4/P2RPrn1P/4B1R2/4A3N/2BAK3c w,-0.24968141,6908
2bakabr1/9/9/p1p5p/6p2/2P1C4/P2RPrn1P/4BR3/4A3N/2BAK3c b,0.93792117,718
2bakabr1/9/9/p1p5p/6p2/2P1C4/P2RP1n1P/4Br3/4A3N/2BAK3c w,-0.40524915,6908
2bakabr1/9/9/p1p5p/6p2/2P1C4/P2RP1n1P/4BA3/8N/2BAK3c b,0.40911767,718
2bakab2/9/9/p1p5p/6p2/2P1C4/P2RP1n1P/4BA3/8N/2BAK2rc w,-0.32931083,7726
2bakab2/9/9/p1p5p/6p2/2P1C4/P2RP1n1P/4BA3/4K3N/2BA3rc b,0.35772112,7999
2bakab2/9/9/p1p5p/6p2/2P1C4/P2RP1n1P/4BA3/4K2rN/2BA4c w,-0.3630026,6925
2bakab2/9/9/p1p5p/6p2/2P1C4/P2RP1n1P/4BA3/7rN/2BAK3c b,0.44836918,7190
2bakab2/9/9/p1p5p/6p2/2P1C4/P2RP3P/4BA3/5n1rN/2BAK3c w,-0.29727986,5160
2bakab2/9/9/p1p5p/6p2/2P1C4/P2RP3P/4BA3/4An1rN/2B1K3c b,0.31926748,7018
2bakab2/9/9/p1p5p/6p2/2P1C4/P2RP3P/4BA3/4An2r/2B1K3c w,-0.18297897,5169
2bakab2/9/9/p1pR4p/6p2/2P1C4/P3P3P/4BA3/4An2r/2B1K3c b,0.3244731,7018
2bakab2/9/9/p1pR4p/6p2/2P1C4/P3P3r/4BA3/4An3/2B1K3c w,0.30677935,2731
2bakab2/9/9/p1p1R3p/6p2/2P1C4/P3P3r/4BA3/4An3/2B1K3c b,-0.44366157,463
2b1kab2/4a4/9/p1p1R3p/6p2/2P1C4/P3P3r/4BA3/4An3/2B1K3c w,0.4026218,2825
2b1kab2/4a4/9/p1p5R/6p2/2P1C4/P3P3r/4BA3/4An3/2B1K3c b,-0.46663064,202
2b1ka3/4a4/4b4/p1p5R/6p2/2P1C4/P3P3r/4BA3/4An3/2B1K3c w,0.4575869,3212
2b1ka3/4a4/4b4/p1p6/6p2/2P1C4/P3P3R/4BA3/4An3/2B1K3c b,-0.5062236,8098
2b1ka3/4a4/4b4/p1p6/6p2/2P1C4/P3P3R/4BA3/4An3/2B1K2c1 w,0.50964755,7734
2b1ka3/4a4/4b4/p1p6/6p2/2P1C4/P3P4/4BA3/4An2R/2B1K2c1 b,-0.5505722,7000
2b1ka3/4a4/4b4/p1p6/6p2/2P1C4/P3P2c1/4BA3/4An2R/2B1K4 w,0.5908233,7277
2b1ka3/4a4/4b4/p1p6/6p2/2P1C4/P3P2c1/4BA3/4AR3/2B1K4 b,-0.6231788,5550
2b1ka3/4a4/4b4/p1p6/6p2/2P1C4/c3P4/4BA3/4AR3/2B1K4 w,0.70000196,6924
2b1ka3/4a4/4b4/p1p6/6p2/2P1C4/c3P4/4BA3/4A2R1/2B1K4 b,-0.6105976,4905
2b1ka3/4a4/4b4/p1p6/9/2P1C1p2/c3P4/4BA3/4A2R1/2B1K4 w,0.6635471,4441
2b1ka3/4a4/4b4/p1p4R1/9/2P1C1p2/c3P4/4BA3/4A4/2B1K4 b,-0.5774306,4640
2b1ka3/4a4/4b4/p1p4R1/9/2P1Cp3/c3P4/4BA3/4A4/2B1K4 w,0.6703387,4450
2b1ka3/4a4/4b4/p1p4R1/4C4/2P2p3/c3P4/4BA3/4A4/2B1K4 b,-0.6703387,2648
2b1ka3/4a4/4b4/p1p4R1/4C4/2P2p3/2c1P4/4BA3/4A4/2B1K4 w,0.8909907,7734
2b1ka3/4a4/4b4/p1pR5/4C4/2P2p3/2c1P4/4BA3/4A4/2B1K4 b,-0.89536595,5095
2b1ka3/4a4/4b4/p1pR5/4C4/2P6/2c1Pp3/4BA3/4A4/2B1K4 w,0.8399098,4268
2b1ka3/4a4/4b4/p1pR5/4C4/2P1P4/2c2p3/4BA3/4A4/2B1K4 b,-0.7737312,5098
2b1ka3/4a4/4b4/p1pR5/4C4/2P1P4/4cp3/4BA3/4A4/2B1K4 w,0.69028324,3637
2b1ka3/4a4/4b4/p1R6/4C4/2P1P4/4cp3/4BA3/4A4/2B1K4 b,-0.41264883,5260
2b1ka3/4a4/4b4/p1R6/4c4/2P1P4/5p3/4BA3/4A4/2B1K4 w,0.57103646,4450
2b1ka3/4a4/4b4/p1R6/4P4/2P6/5p3/4BA3/4A4/2B1K4 b,-0.7471588,2466
2b1ka3/4a4/4b4/2R6/p3P4/2P6/5p3/4BA3/4A4/2B1K4 w,0.726377,3631
2b1ka3/4a4/4b4/R8/p3P4/2P6/5p3/4BA3/4A4/2B1K4 b,-0.73061746,1173
2b1kab2/4a4/9/R8/p3P4/2P6/5p3/4BA3/4A4/2B1K4 w,0.80299366,2466
2b1kab2/4a4/9/9/R3P4/2P6/5p3/4BA3/4A4/2B1K4 b,-0.86469024,562
2b1ka3/4a4/4b4/9/R3P4/2P6/5p3/4BA3/4A4/2B1K4 w,0.8566209,3294
2b1ka3/4a4/4b4/9/4P4/2P6/R4p3/4BA3/4A4/2B1K4 b,-0.89946645,5368
2b1ka3/4a4/4b4/9/4P4/2P6/R8/4Bp3/4A4/2B1K4 w,0.9048514,6908
2b1ka3/4a4/4b4/9/4P4/2P6/R8/4BA3/9/2B1K4 b,-0.97391784,1173
2baka3/9/4b4/9/4P4/2P6/R8/4BA3/9/2B1K4 w,0.98632497,4860
2baka3/9/4b4/4P4/9/2P6/R8/4BA3/9/2B1K4 b,-0.9883002,463
2b1ka3/4a4/4b4/4P4/9/2P6/R8/4BA3/9/2B1K4 w,0.9909845,4896
2b1ka3/4a4/4b4/4P4/9/2P6/R8/5A3/9/2B1K1B2 b,-0.9993469,1193
2baka3/9/4b4/4P4/9/2P6/R8/5A3/9/2B1K1B2 w,0.9989233,2812
2baka3/9/4b4/4P4/9/2P6/8R/5A3/9/2B1K1B2 b,-0.95769966,2022
2b1ka3/4a4/4b4/4P4/9/2P6/8R/5A3/9/2B1K1B2 w,0.9950599,2812
2b1ka3/4a4/4b4/4P4/9/2P6/8R/4BA3/9/4K1B2 b,-0.9883002,1193
2b1kab2/4a4/9/4P4/9/2P6/8R/4BA3/9/4K1B2 w,0.9909845,5639
2b1kab2/4a4/9/4P4/2P6/9/8R/4BA3/9/4K1B2 b,-0.98521745,562
4kab2/4a4/4b4/4P4/2P6/9/8R/4BA3/9/4K1B2 w,0.9922919,3457
4kab2/4a4/4b4/2P1P4/9/9/8R/4BA3/9/4K1B2 b,-0.9836023,2022
2b1kab2/4a4/9/2P1P4/9/9/8R/4BA3/9/4K1B2 w,0.9950599,5588
2b1kab2/4a4/9/3PP4/9/9/8R/4BA3/9/4K1B2 b,-0.99699885,198
2b1ka3/4a4/4b4/3PP4/9/9/8R/4BA3/9/4K1B2 w,0.996753,2812
2b1ka3/4a4/4b4/3PP4/9/9/1R7/4BA3/9/4K1B2 b,-0.9940659,1986
2baka3/9/4b4/3PP4/9/9/1R7/4BA3/9/4K1B2 w,0.99921477,2812
2baka3/9/4b4/3PP4/9/9/6R2/4BA3/9/4K1B2 b,-0.9961993,463
2b1ka3/4a4/4b4/3PP4/9/9/6R2/4BA3/9/4K1B2 w,0.9961993,6077
2b1ka3/4a4/4b4/3PP4/9/9/R8/4BA3/9/4K1B2 b,-0.99736816,1986
2b1kab2/4a4/9/3PP4/9/9/R8/4BA3/9/4K1B2 w,0.99451417,4860
2b1kab2/4a4/9/3PP4/9/9/R8/5A3/9/2B1K1B2 b,-0.99965274,1193
2b1ka3/4a4/4b4/3PP4/9/9/R8/5A3/9/2B1K1B2 w,0.9997468,2812
R1b1ka3/4a4/4b4/3PP4/9/9/9/5A3/9/2B1K1B2 b,-0.9999069,1173
R1baka3/9/4b4/3PP4/9/9/9/5A3/9/2B1K1B2 w,0.9998789,2812
R1baka3/9/3Pb4/4P4/9/9/9/5A3/9/2B1K1B2 b,-0.99996096,2018
R1bak4/4a4/3Pb4/4P4/9/9/9/5A3/9/2B1K1B2 w,0.9998054,1912
R1bak4/3Pa4/4b4/4P4/9/9/9/5A3/9/2B1K1B2 b,-1,2018
R1bak4/3Pa4/9/4P4/2b6/9/9/5A3/9/2B1K1B2 w,0.9999667,2
2Rak4/3Pa4/9/4P4/2b6/9/9/5A3/9/2B1K1B2 b,-1,3438
2Rak4/3Pa4/b8/4P4/9/9/9/5A3/9/2B1K1B2 w,0.99999857,200
3ak4/3Pa4/b1R6/4P4/9/9/9/5A3/9/2B1K1B2 b,-1,1622
3ak4/3Pa4/2R6/4P4/2b6/9/9/5A3/9/2B1K1B2 w,1,1838
3ak4/3Pa4/9/4P4/2R6/9/9/5A3/9/2B1K1B2 b,-1,1193
3a1k3/3Pa4/9/4P4/2R6/9/9/5A3/9/2B1K1B2 w,1,2812
3a1k3/3Pa4/4P4/9/2R6/9/9/5A3/9/2B1K1B2 b,-1,1191
3a5/3Pak3/4P4/9/2R6/9/9/5A3/9/2B1K1B2 w,1,3461
3a5/3Pak3/4P4/9/5R3/9/9/5A3/9/2B1K1B2 b,-1,1193
3a5/3P1k3/4Pa3/9/5R3/9/9/5A3/9/2B1K1B2 w,1,3713
3a5/3P1k3/5P3/9/5R3/9/9/5A3/9/2B1K1B2 b,-1,1265
3a1k3/3P5/5P3/9/5R3/9/9/5A3/9/2B1K1B2 w,1,2084
rnbakabnr/9/1c5c1/p1p1p1p1p/9/9/P1P1P1P1P/1C5C1/9/RNBAKABNR w,0.014449762,5087
rnbakabnr/9/1c5c1/p1p1p1p1p/9/9/P1P1P1P1P/4C2C1/9/RNBAKABNR b,-0.012932254,110
r1bakabnr/9/1cn4c1/p1p1p1p1p/9/9/P1P1P1P1P/4C2C1/9/RNBAKABNR w,0.011422182,7445
r1bakabnr/9/1cn4c1/p1p1p1p1p/9/9/P1P1P1P1P/2N1C2C1/9/R1BAKABNR b,-0.012428113,3012
r1baka1nr/9/1cn1b2c1/p1p1p1p1p/9/9/P1P1P1P1P/2N1C2C1/9/R1BAKABNR w,0.028042147,7372
r1baka1nr/9/1cn1b2c1/p1p1p1p1p/9/9/P1P1P1P1P/2N1C2C1/9/1RBAKABNR b,-0.02165522,1
1rbaka1nr/9/1cn1b2c1/p1p1p1p1p/9/9/P1P1P1P1P/2N1C2C1/9/1RBAKABNR w,0.018024392,5087
1rbaka1nr/9/1cn1b2c1/p1p1p1p1p/9/9/P1P1P1P1P/2N1CC3/9/1RBAKABNR b,-0.012428113,2648
1rbaka1nr/9/1cn1b2c1/p3p1p1p/2p6/9/P1P1P1P1P/2N1CC3/9/1RBAKABNR w,0.022704469,7989
1rbaka1nr/9/1cn1b2c1/p3p1p1p/2p6/9/P1P1P1P1P/2N1CCN2/9/1RBAKAB1R b,-0.015465993,1765
1rbaka1nr/9/2n1b2c1/p3p1p1p/2p6/9/PcP1P1P1P/2N1CCN2/9/1RBAKAB1R w,0.023759466,8098
1rbaka1nr/9/2n1b2c1/p3p1p1p/2p6/9/PcP1P1P1P/2N1CCN2/9/1RBAKABR1 b,-0.017510546,644
1rbaka2r/5n3/2n1b2c1/p3p1p1p/2p6/9/PcP1P1P1P/2N1CCN2/9/1RBAKABR1 w,0.022179142,5451
1rbaka2r/5n3/2n1b2c1/p3p1p1p/2p6/7R1/PcP1P1P1P/2N1CCN2/9/1RBAKAB2 b,-0.005934971,3012
1rbaka1r1/5n3/2n1b2c1/p3p1p1p/2p6/7R1/PcP1P1P1P/2N1CCN2/9/1RBAKAB2 w,0.011422182,4730
1rbaka1r1/5n3/2n1b2c1/p3p1p1p/2p6/5R3/PcP1P1P1P/2N1CCN2/9/1RBAKAB2 b,-0.023231233,5008
1rbaka1r1/9/2nnb2c1/p3p1p1p/2p6/5R3/PcP1P1P1P/2N1CCN2/9/1RBAKAB2 w,0.031881474,4552
1rbaka1r1/9/2nnb2c1/p3C1p1p/2p6/5R3/PcP1P1P1P/2N2CN2/9/1RBAKAB2 b,-0.01732284,463
1rbak2r1/4a4/2nnb2c1/p3C1p1p/2p6/5R3/PcP1P1P1P/2N2CN2/9/1RBAKAB2 w,0.016815335,4552
1rbak2r1/4a4/2nnb2c1/p5p1C/2p6/5R3/PcP1P1P1P/2N2CN2/9/1RBAKAB2 b,0.013138064,2274
1rbak2r1/4a4/2nnb1c2/p5p1C/2p6/5R3/PcP1P1P1P/2N2CN2/9/1RBAKAB2 w,-0.014625576,6186
1rbak2r1/4a4/2nnb1c2/p5p1C/2p6/5RP2/PcP1P3P/2N2CN2/9/1RBAKAB2 b,0.048648097,1930
1rbak2r1/4a4/2nnb1c2/p7C/2p3p2/5RP2/PcP1P3P/2N2CN2/9/1RBAKAB2 w,-0.041396324,7537
1rbak2rC/4a4/2nnb1c2/p8/2p3p2/5RP2/PcP1P3P/2N2CN2/9/1RBAKAB2 b,0.6038712,638
1rbak3r/4a4/2nnb1c2/p8/2p3p2/5RP2/PcP1P3P/2N2CN2/9/1RBAKAB2 w,-0.54729295,7816
1rbak3r/4a4/2nnb1c2/p8/2p3p2/5RP2/PcP1P3P/2N1BCN2/9/1R1AKAB2 b,0.5565202,5008
1rbak3r/4a4/2nnb1c2/p8/2p3p2/5RP2/P1P1c3P/2N1BCN2/9/1R1AKAB2 w,-0.5806602,7636
1rbak3r/4a4/2nnb1c2/p8/2p3p2/5RP2/P1P1c3P/2N1BCN2/4A4/1R2KAB2 b,0.61674553,172
2bak3r/4a4/2nnb1c2/p8/2p3p2/5RP2/P1P1c3P/2N1BCN2/4A4/1r2KAB2 w,-0.58540964,5932
2bak3r/4a4/2nnb1c2/p8/2p3p2/5RP2/P1P1c3P/4BCN2/4A4/1N2KAB2 b,0.5559097,5260
2bak3r/4a4/3nb1c2/p8/2pn2p2/5RP2/P1P1c3P/4BCN2/4A4/1N2KAB2 w,-0.4560168,4548
2bak3r/4a4/3nb1c2/p8/2pn2p2/3R2P2/P1P1c3P/4BCN2/4A4/1N2KAB2 b,0.4612578,3831
2bak3r/4a4/3nb1c2/p4n3/2p3p2/3R2P2/P1P1c3P/4BCN2/4A4/1N2KAB2 w,-0.31238666,4632
2bak3r/4a4/3nb1c2/p4n3/2p3p2/3R2P2/P1P1c3P/2N1BCN2/4A4/4KAB2 b,0.41196626,2931
2bak3r/4a4/3nb1c2/p4n3/2p1c1p2/3R2P2/P1P5P/2N1BCN2/4A4/4KAB2 w,-0.51130325,4632
2bak3r/4a4/3nb1c2/p4n3/2p1c1P2/3R5/P1P5P/2N1BCN2/4A4/4KAB2 b,0.46906972,2905
2bak3r/4a4/3nb4/p4n3/2p1c1P2/3R5/P1P5P/2N1BCc2/4A4/4KAB2 w,-0.13177426,3821
2bak3r/4a4/3nb4/p4n3/2p1cP3/3R5/P1P5P/2N1BCc2/4A4/4KAB2 b,0.22099043,782
2bak3r/4a4/3nb4/p8/2p1cP1n1/3R5/P1P5P/2N1BCc2/4A4/4KAB2 w,-0.05141347,3730
2bak3r/4a4/3nb4/p8/2p1P2n1/3R5/P1P5P/2N1BCc2/4A4/4KAB2 b,0.052020967,782
2bak3r/4a4/4b4/p8/2p1n2n1/3R5/P1P5P/2N1BCc2/4A4/4KAB2 w,-0.005985528,4359
2bak3r/4a4/4b4/p8/2p1n2n1/4R4/P1P5P/2N1BCc2/4A4/4KAB2 b,0.105468184,3633
2bak3r/4a4/4b4/p8/2p1n4/4R4/P1P5n/2N1BCc2/4A4/4KAB2 w,-0.00078600756,4450
2bak3r/4a4/4b4/p8/2p1R4/9/P1P5n/2N1BCc2/4A4/4KAB2 b,0.000825718,5659
2bak3r/4a4/4b4/p8/2p1R4/9/P1P6/2N1BCc2/4A2n1/4KAB2 w,-0.00016505542,5908
2bak3r/4a4/4b4/p8/2p1R4/9/P1P1N4/4BCc2/4A2n1/4KAB2 b,0.00016505542,7178
2bak3r/4a4/4b4/p8/2p1R4/9/P1P1N4/4BC2c/4A2n1/4KAB2 w,0.009899797,6190
2bak3r/4a4/4b4/p8/2p4R1/9/P1P1N4/4BC2c/4A2n1/4KAB2 b,-0.00033013287,7178
2bak3r/4a4/4b4/p8/2p4R1/9/P1P1N4/4Bn2c/4A4/4KAB2 w,0.00013542217,6908
2bak3r/4a4/4b4/p8/2p4R1/9/P1P1N4/4BA2c/9/4KAB2 b,-0.0002145168,6470
2bak3r/4a4/4b4/p8/2p4R1/9/P1P1N4/4BA3/8c/4KAB2 w,0.00085950876,5261
2bak3r/4a4/4b4/p8/2p2N1R1/9/P1P6/4BA3/8c/4KAB2 b,-0.0002145168,725
2bak4/4a4/4b3r/p8/2p2N1R1/9/P1P6/4BA3/8c/4KAB2 w,0.0017282615,3720
2bak4/4a4/4b3r/p2N5/2p4R1/9/P1P6/4BA3/8c/4KAB2 b,-0.0010754679,1986
2bak1b2/4a4/8r/p2N5/2p4R1/9/P1P6/4BA3/8c/4KAB2 w,0.0016188441,3912
2bak1b2/4a4/8r/p2N5/2p3R2/9/P1P6/4BA3/8c/4KAB2 b,-0.0015096986,562
2bak1b2/4a4/3r5/p2N5/2p3R2/9/P1P6/4BA3/8c/4KAB2 w,0.0021690156,3786
2bak1b2/4a4/3r5/p2N5/2p3R2/9/P1P6/5A3/8c/2B1KAB2 b,0.0002145168,202
3ak1b2/4a4/3rb4/p2N5/2p3R2/9/P1P6/5A3/8c/2B1KAB2 w,-0.00032182023,3819
3ak1b2/4a4/3rb4/p2N2R2/2p6/9/P1P6/5A3/8c/2B1KAB2 b,0.00032182023,7244
3ak1b2/4a4/3rb4/p2N2R2/2p6/9/P1P6/5A3/5c3/2B1KAB2 w,0.00010724939,7537
3ak1b2/4a4/3rb4/p2N2R2/2p6/9/P1P6/9/4Ac3/2B1KAB2 b,0,6935
3ak1b2/4a4/3rb4/p2N2R2/2p6/9/P1P2c3/9/4A4/2B1KAB2 w,0,7537
3ak1b2/4a4/3rb4/p2N2R2/2p6/P8/2P2c3/9/4A4/2B1KAB2 b,0.0002145168,1902
3ak1b2/4a4/3rb4/p2N2R2/2p6/P8/2P1c4/9/4A4/2B1KAB2 w,0,7537
3ak1b2/4a4/3rb4/p2N2R2/2p6/P8/2P1c4/5A3/9/2B1KAB2 b,-0.0002145168,5260
3ak1b2/4a4/3rb4/p2N2R2/2p1c4/P8/2P6/5A3/9/2B1KAB2 w,0.0009674071,2741
3ak1b2/4a4/3rb4/p2N4R/2p1c4/P8/2P6/5A3/9/2B1KAB2 b,0.0004291777,1902
3ak1b2/4a4/3rb4/p2N4R/2p6/P8/2P1c4/5A3/9/2B1KAB2 w,0.0004291777,3182
3ak1b2/4a4/3rb4/p2N4R/2p6/P1P6/4c4/5A3/9/2B1KAB2 b,0.0004291777,3467
3ak1b2/4a4/3rb4/p2N4R/9/P1p6/4c4/5A3/9/2B1KAB2 w,-0.0002035605,2747
3ak1b2/4a4/3rb4/p7R/9/P1N6/4c4/5A3/9/2B1KAB2 b,0.00057866675,5281
3ak1b2/4a4/4b4/p7R/9/P1Nr5/4c4/5A3/9/2B1KAB2 w,0,7533
3ak1b2/4a4/4b4/pN6R/9/P2r5/4c4/5A3/9/2B1KAB2 b,0.0003855489,1193
3ak1b2/3ra4/4b4/pN6R/9/P8/4c4/5A3/9/2B1KAB2 w,0.00019270577,2567
3ak1b2/3ra4/4b4/pN2R4/9/P8/4c4/5A3/9/2B1KAB2 b,0.0003855489,5279
3ak1b2/3ra4/4b4/pN2R4/9/P8/8c/5A3/9/2B1KAB2 w,0.00028910156,7816
3ak1b2/3ra4/4b4/p3R4/9/P1N6/8c/5A3/9/2B1KAB2 b,0.00028910156,1091
3ak1b2/4a4/4b4/p3R4/9/P1Nr5/8c/5A3/9/2B1KAB2 w,-0.0000963443,4258
3ak1b2/4a4/4b4/pN2R4/9/P2r5/8c/5A3/9/2B1KAB2 b,0.00048206488,5633
rnbakabnr/9/1c5c1/p1p1p1p1p/9/9/P1P1P1P1P/1C5C1/9/RNBAKABNR w,0.014449762,5087
rnbakabnr/9/1c5c1/p1p1p1p1p/9/9/P1P1P1P1P/4C2C1/9/RNBAKABNR b,-0.012932254,110
r1bakabnr/9/1cn4c1/p1p1p1p1p/9/9/P1P1P1P1P/4C2C1/9/RNBAKABNR w,0.011422182,7445
r1bakabnr/9/1cn4c1/p1p1p1p1p/9/9/P1P1P1P1P/2N1C2C1/9/R1BAKABNR b,-0.012428113,3012
r1baka1nr/9/1cn1b2c1/p1p1p1p1p/9/9/P1P1P1P1P/2N1C2C1/9/R1BAKABNR w,0.028042147,7372
r1baka1nr/9/1cn1b2c1/p1p1p1p1p/9/9/P1P1P1P1P/2N1C2C1/9/1RBAKABNR b,-0.02165522,1
1rbaka1nr/9/1cn1b2c1/p1p1p1p1p/9/9/P1P1P1P1P/2N1C2C1/9/1RBAKABNR w,0.018024392,5087
1rbaka1nr/9/1cn1b2c1/p1p1p1p1p/9/9/P1P1P1P1P/2N1CC3/9/1RBAKABNR b,-0.012428113,2648
1rbaka2r/9/1cn1b1nc1/p1p1p1p1p/9/9/P1P1P1P1P/2N1CC3/9/1RBAKABNR w,0.019055555,5451
1rbaka2r/9/1cn1b1nc1/p1p1p1p1p/9/9/P1P1P1P1P/2N1CCN2/9/1RBAKAB1R b,-0.017510546,1765
1rbaka2r/9/1cn1b1nc1/p1p1p3p/6p2/9/P1P1P1P1P/2N1CCN2/9/1RBAKAB1R w,0.019572936,8098
1rbaka2r/9/1cn1b1nc1/p1p1p3p/6p2/9/P1P1P1P1P/2N1CCN2/9/1RBAKABR1 b,-0.014449762,727
1rbaka1r1/9/1cn1b1nc1/p1p1p3p/6p2/9/P1P1P1P1P/2N1CCN2/9/1RBAKABR1 w,0.016997816,7408
1rbaka1r1/9/1cn1b1nc1/p1p1p3p/6p2/2P6/P3P1P1P/2N1CCN2/9/1RBAKABR1 b,-0.008420906,1765
1rbaka1r1/9/2n1b1nc1/p1p1p3p/6p2/2P6/Pc2P1P1P/2N1CCN2/9/1RBAKABR1 w,0.012932254,7954
1rbaka1r1/9/2n1b1nc1/p1p1p3p/6p2/2PN5/Pc2P1P1P/4CCN2/9/1RBAKABR1 b,0.0014816026,2311
1rbaka1r1/9/2n1b1n2/p1p1p3p/6p2/2PN5/Pc2P1PcP/4CCN2/9/1RBAKABR1 w,-0.011924766,7816
1rbaka1r1/9/2n1bCn2/p1p1p3p/6p2/2PN5/Pc2P1PcP/4C1N2/9/1RBAKABR1 b,0.02535331,5548
1rbakabr1/9/2n2Cn2/p1p1p3p/6p2/2PN5/Pc2P1PcP/4C1N2/9/1RBAKABR1 w,0.04585602,6061
1rbakabr1/9/2n2Cn2/p1p1N3p/6p2/2P6/Pc2P1PcP/4C1N2/9/1RBAKABR1 b,-0.025618432,1831
1rbakabr1/9/5Cn2/p1p1n3p/6p2/2P6/Pc2P1PcP/4C1N2/9/1RBAKABR1 w,0.007799667,6061
1rbakabr1/9/5Cn2/p1p1C3p/6p2/2P6/Pc2P1PcP/6N2/9/1RBAKABR1 b,-0.014534511,109
2bakabr1/9/1r3Cn2/p1p1C3p/6p2/2P6/Pc2P1PcP/6N2/9/1RBAKABR1 w,-0.00084206735,2839
2bakabr1/9/1r3Cn2/p1p5p/6p2/2P1C4/Pc2P1PcP/6N2/9/1RBAKABR1 b,-0.019456778,1733
2bakabr1/9/5rn2/p1p5p/6p2/2P1C4/Pc2P1PcP/6N2/9/1RBAKABR1 w,0,7435
2bakabr1/9/5rn2/p1p5p/6p2/2P1C4/PR2P1PcP/6N2/9/2BAKABR1 b,0.0010268611,3831
2bakabr1/9/6n2/p1p5p/6p2/2P1C4/PR2PrPcP/6N2/9/2BAKABR1 w,0.39088708,4969
2bakabr1/9/6n2/p1p5p/1R4p2/2P1C4/P3PrPcP/6N2/9/2BAKABR1 b,-0.1593855,3831
2bakabr1/9/9/p1p5p/1R3np2/2P1C4/P3PrPcP/6N2/9/2BAKABR1 w,0.6604994,3370
2bakabr1/9/9/p1p5p/1R3np2/2P1C4/P3PrPcP/4B1N2/9/2BAKA1R1 b,-0.17672673,373
2bakabr1/9/9/p1p5p/1R4p2/2P1C4/P3nrPcP/4B1N2/9/2BAKA1R1 w,0.64090973,3370
2bakabr1/9/9/p1p5p/1R4p2/2P1C4/P3nrPcP/4B1N2/4A4/2BAK2R1 b,-0.003012657,5360
2bakabr1/9/9/p1p5p/1R4p2/2P1C4/P3n1rcP/4B1N2/4A4/2BAK2R1 w,0.28532687,3370
2bakabr1/9/9/p1p5p/1R4p2/2P1C4/P3n1rcP/4B4/4A3N/2BAK2R1 b,-0.086560264,2648
2bakabr1/9/9/p1p5p/1R4p2/2P1C4/P3n1r1P/4B4/4A2cN/2BAK2R1 w,0.7758856,3370
2bakabr1/9/9/p1p5p/4R1p2/2P1C4/P3n1r1P/4B4/4A2cN/2BAK2R1 b,-0.77229214,562
2baka1r1/9/4b4/p1p5p/4R1p2/2P1C4/P3n1r1P/4B4/4A2cN/2BAK2R1 w,0.7157196,3622
2baka1r1/9/4R4/p1p5p/6p2/2P1C4/P3n1r1P/4B4/4A2cN/2BAK2R1 b,-0.788699,283
2b1ka1r1/4a4/4R4/p1p5p/6p2/2P1C4/P3n1r1P/4B4/4A2cN/2BAK2R1 w,0.74395484,2005
2b1ka1r1/4a4/7R1/p1p5p/6p2/2P1C4/P3n1r1P/4B4/4A2cN/2BAK2R1 b,-0.7518257,363
2bk1a1r1/4a4/7R1/p1p5p/6p2/2P1C4/P3n1r1P/4B4/4A2cN/2BAK2R1 w,0.7762677,2257
2bk1a1R1/4a4/9/p1p5p/6p2/2P1C4/P3n1r1P/4B4/4A2cN/2BAK2R1 b,-0.68769336,5289
2bk1a1R1/4a4/9/p1p5p/6p2/2P1C4/P3n1r1P/4B4/4Ac2N/2BAK2R1 w,0.9069068,7936
2bk1a3/4a4/9/p1p4Rp/6p2/2P1C4/P3n1r1P/4B4/4Ac2N/2BAK2R1 b,-0.82000715,5267
2bk1a3/4a4/9/p1p4Rp/6p2/2P1C4/P3n3r/4B4/4Ac2N/2BAK2R1 w,0.9402898,3090
2bk1a3/4a4/9/p1p4Rp/6p2/2P1C4/P3n2Nr/4B4/4Ac3/2BAK2R1 b,-0.78105795,6953
2bk1a3/4a4/9/p1p4Rp/6p2/2P1C4/P6Nr/4B1n2/4Ac3/2BAK2R1 w,0.8799665,8007
2bk1a3/4a4/9/p1pR4p/6p2/2P1C4/P6Nr/4B1n2/4Ac3/2BAK2R1 b,-0.7848243,1191
2bk1a3/9/3a5/p1pR4p/6p2/2P1C4/P6Nr/4B1n2/4Ac3/2BAK2R1 w,0.8198941,2721
2bk1a3/9/3R5/p1p5p/6p2/2P1C4/P6Nr/4B1n2/4Ac3/2BAK2R1 b,-0.8199212,274
2b1ka3/9/3R5/p1p5p/6p2/2P1C4/P6Nr/4B1n2/4Ac3/2BAK2R1 w,0.8232106,5568
2b1ka3/9/3R5/p1p5p/6N2/2P1C4/P7r/4B1n2/4Ac3/2BAK2R1 b,-0.9717595,6944
2b1ka3/9/3R5/p1p5p/6N2/2P1Cn3/P7r/4B4/4Ac3/2BAK2R1 w,1,3811
2b1ka3/9/3R1N3/p1p5p/9/2P1Cn3/P7r/4B4/4Ac3/2BAK2R1 b,-0.8552864,6953
2b1ka3/9/3R1c3/p1p5p/9/2P1Cn3/P7r/4B4/4A4/2BAK2R1 w,0.82469267,1913
2b1ka3/9/5R3/p1p5p/9/2P1Cn3/P7r/4B4/4A4/2BAK2R1 b,-0.922156,4569
2b1ka3/9/5R3/p1p5p/9/2P1C4/P6nr/4B4/4A4/2BAK2R1 w,0.7973785,7999
2b1ka3/9/9/p1p2R2p/9/2P1C4/P6nr/4B4/4A4/2BAK2R1 b,-0.70939356,5568
2b1ka3/9/9/p1p2R2p/9/2P1C4/P7r/4B4/4A1n2/2BAK2R1 w,0.7291669,7736
2b1ka3/9/9/p1p2R2p/9/2P1C4/P7r/4B4/4A1n2/2BA1K1R1 b,-0.6835188,5639
2b1ka3/9/9/p1p2R2p/9/2P1C4/P8/4B4/4A1n2/2BA1K1Rr w,0.8089896,8009
2b1ka3/9/9/p1p2R2p/9/2P1C4/P8/4B4/4A1n2/2BA1KR1r b,-0.70939356,8097
2b1ka3/9/9/2p2R2p/p8/2P1C4/P8/4B4/4A1n2/2BA1KR1r w,0.7993496,7919
2b1ka3/9/9/2R5p/p8/2P1C4/P8/4B4/4A1n2/2BA1KR1r b,-0.7237962,8097
4ka3/9/b8/2R5p/p8/2P1C4/P8/4B4/4A1n2/2BA1KR1r w,0.74313605,4468
4ka3/9/b8/2R5p/p1P6/4C4/P8/4B4/4A1n2/2BA1KR1r b,-0.74783015,8097
3k1a3/9/b8/2R5p/p1P6/4C4/P8/4B4/4A1n2/2BA1KR1r w,0.8259421,2640
3k1a3/9/b8/5R2p/p1P6/4C4/P8/4B4/4A1n2/2BA1KR1r b,-0.8205424,3285
3k1a3/9/9/5R2p/p1b6/4C4/P8/4B4/4A1n2/2BA1KR1r w,0.8302684,2910
3k1R3/9/9/8p/p1b6/4C4/P8/4B4/4A1n2/2BA1KR1r b,-0.74904805,282
5R3/3k5/9/8p/p1b6/4C4/P8/4B4/4A1n2/2BA1KR1r w,0.7940318,7919
9/3k5/9/8p/p1b2R3/4C4/P8/4B4/4A1n2/2BA1KR1r b,-0.7216816,8097
9/3k5/9/8p/2b2R3/p3C4/P8/4B4/4A1n2/2BA1KR1r w,0.78768426,7533
9/3k5/9/5R2p/2b6/p3C4/P8/4B4/4A1n2/2BA1KR1r b,-0.7608794,8097
9/3k5/9/5R2p/2b6/4C4/p8/4B4/4A1n2/2BA1KR1r w,0.8058733,4456
5R3/3k5/9/8p/2b6/4C4/p8/4B4/4A1n2/2BA1KR1r b,-0.7713918,8097
5R3/3k5/9/8p/2b6/4C4/1p7/4B4/4A1n2/2BA1KR1r w,0.7997224,7919
9/3k5/9/8p/2b2R3/4C4/1p7/4B4/4A1n2/2BA1KR1r b,-0.7453031,8097
9/3k5/9/8p/2b2R3/4C4/9/1p2B4/4A1n2/2BA1KR1r w,0.841509,7919
9/3k5/9/8p/2R6/4C4/9/1p2B4/4A1n2/2BA1KR1r b,-0.75119936,8097
3k5/9/9/8p/2R6/4C4/9/1p2B4/4A1n2/2BA1KR1r w,0.8505853,4460
3k5/9/9/8p/5R3/4C4/9/1p2B4/4A1n2/2BA1KR1r b,-0.83261395,8097
3k5/9/9/8p/5R3/4C4/9/4B4/1p2A1n2/2BA1KR1r w,0.83448607,4441
3k5/9/9/8p/5R3/6C2/9/4B4/1p2A1n2/2BA1KR1r b,-0.810896,6642
3k5/9/9/8p/5R3/6C2/9/4B4/2p1A1n2/2BA1KR1r w,0.8268962,7919
3k5/9/9/8p/5R3/6C2/9/4B4/2p1AKn2/2BA2R1r b,-0.75119936,8097
3k5/9/9/8p/5R3/6C2/9/4B4/2p1AKn1r/2BA2R2 w,0.798168,7016
3k5/9/9/8p/5R3/6C2/9/4B4/2p1AKn1r/2BA3R1 b,-0.78933316,7091
3k5/9/9/8p/5R3/6C2/9/4B4/3pAKn1r/2BA3R1 w,1,7927
3k3R1/9/9/8p/5R3/6C2/9/4B4/3pAKn1r/2BA5 b,-1,282
7R1/3k5/9/8p/5R3/6C2/9/4B4/3pAKn1r/2BA5 w,1,646
9/3k3R1/9/8p/5R3/6C2/9/4B4/3pAKn1r/2BA5 b,-1,1083
9/7R1/3k5/8p/5R3/6C2/9/4B4/3pAKn1r/2BA5 w,1,3713
9/9/3k5/8p/5R1R1/6C2/9/4B4/3pAKn1r/2BA5 b,-0.96070063,6826
9/9/3k5/8p/5R1Rr/6C2/9/4B4/3pAKn2/2BA5 w,1,3895
9/9/3k5/8p/5R1Rr/9/9/4B1C2/3pAKn2/2BA5 b,-0.7611495,4003
9/9/3k5/8p/5R1r1/9/9/4B1C2/3pAKn2/2BA5 w,0.8235258,3733
9/9/3k5/8p/7R1/9/9/4B1C2/3pAKn2/2BA5 b,-0.9906792,7091
9/9/4k4/8p/7R1/9/9/4B1C2/3pAKn2/2BA5 w,0.9934359,3910
9/9/4k4/8p/9/9/9/4B1C2/3pAKnR1/2BA5 b,-0.98170877,1993
9/9/4k4/8p/9/9/9/4B1C2/4pKnR1/2BA5 w,0.99936384,7636
9/9/4k4/8p/9/9/9/4B1C2/4K1nR1/2BA5 b,-0.99923193,3194
9/9/4k4/8p/9/9/9/4n1C2/4K2R1/2BA5 w,0.99999446,6297
9/9/4k4/8p/9/9/9/4n2C1/4K2R1/2BA5 b,-0.99997634,1993
9/4k4/9/8p/9/9/9/4n2C1/4K2R1/2BA5 w,0.99999094,6925
9/4k4/9/8p/9/9/9/4n2C1/4K3R/2BA5 b,-1,3194
9/4k4/9/9/8p/9/9/4n2C1/4K3R/2BA5 w,0.99999505,6343
9/4k4/9/9/8p/9/9/4B2C1/4K3R/3A5 b,-1,4013
9/4k4/9/9/9/8p/9/4B2C1/4K3R/3A5 w,1,7253
9/4k4/9/9/9/8p/9/4B2C1/4KR3/3A5 b,-1,4832
9/4k4/9/9/9/7p1/9/4B2C1/4KR3/3A5 w,1,6925
9/4k4/9/9/9/5R1p1/9/4B2C1/4K4/3A5 b,-1,1192
9/4k4/9/9/9/5R3/7p1/4B2C1/4K4/3A5 w,1,4559
9/4k4/9/9/9/5R3/7p1/4B3C/4K4/3A5 b,-1,5552
9/4k4/9/9/9/5R3/9/4B2pC/4K4/3A5 w,1,4549
9/4k4/9/9/9/5R3/9/4B2p1/4K4/3A4C b,-1,6369
9/3k5/9/9/9/5R3/9/4B2p1/4K4/3A4C w,1,4548
9/3k5/9/9/9/5R3/9/4B2p1/4K4/3A1C3 b,-1,1093
9/3k5/9/9/9/5R3/9/4B4/4K2p1/3A1C3 w,1,6077
9/3k5/9/9/9/5RB2/9/9/4K2p1/3A1C3 b,-1,7188
9/3k5/9/9/9/5RB2/9/9/4K1p2/3A1C3 w,1,4548
rnbakabnr/9/1c5c1/p1p1p1p1p/9/9/P1P1P1P1P/1C5C1/9/RNBAKABNR w,0.014449762,5087
rnbakabnr/9/1c5c1/p1p1p1p1p/9/9/P1P1P1P1P/4C2C1/9/RNBAKABNR b,-0.012932254,110
r1bakabnr/9/1cn4c1/p1p1p1p1p/9/9/P1P1P1P1P/4C2C1/9/RNBAKABNR w,0.011422182,7445
r1bakabnr/9/1cn4c1/p1p1p1p1p/9/9/P1P1P1P1P/2N1C2C1/9/R1BAKABNR b,-0.012428113,3012
r1baka1nr/9/1cn1b2c1/p1p1p1p1p/9/9/P1P1P1P1P/2N1C2C1/9/R1BAKABNR w,0.028042147,7372
r1baka1nr/9/1cn1b2c1/p1p1p1p1p/9/9/P1P1P1P1P/2N1C2C1/9/1RBAKABNR b,-0.02165522,1
1rbaka1nr/9/1cn1b2c1/p1p1p1p1p/9/9/P1P1P1P1P/2N1C2C1/9/1RBAKABNR w,0.018024392,5087
1rbaka1nr/9/1cn1b2c1/p1p1p1p1p/9/9/P1P1P1P1P/2N1CC3/9/1RBAKABNR b,-0.012428113,2648
1rbaka2r/9/1cn1b1nc1/p1p1p1p1p/9/9/P1P1P1P1P/2N1CC3/9/1RBAKABNR w,0.019055555,5451
1rbaka2r/9/1cn1b1nc1/p1p1p1p1p/9/9/P1P1P1P1P/2N1CCN2/9/1RBAKAB1R b,-0.017510546,1765
1rbaka2r/9/1cn1b1nc1/p1p1p3p/6p2/9/P1P1P1P1P/2N1CCN2/9/1RBAKAB1R w,0.019572936,8098
1rbaka2r/9/1cn1b1nc1/p1p1p3p/6p2/9/P1P1P1P1P/2N1CCN2/9/1RBAKABR1 b,-0.014449762,727
1rbaka1r1/9/1cn1b1nc1/p1p1p3p/6p2/9/P1P1P1P1P/2N1CCN2/9/1RBAKABR1 w,0.016997816,7408
1rbaka1r1/9/1cn1b1nc1/p1p1p3p/6p2/2P6/P3P1P1P/2N1CCN2/9/1RBAKABR1 b,-0.008420906,1765
1rbaka1r1/9/2n1b1nc1/p1p1p3p/6p2/2P6/Pc2P1P1P/2N1CCN2/9/1RBAKABR1 w,0.012932254,7954
1rbaka1r1/9/2n1b1nc1/p1p1p3p/6p2/2PN5/Pc2P1P1P/4CCN2/9/1RBAKABR1 b,0.0014816026,2311
1rbaka1r1/9/2n1b1n2/p1p1p3p/6p2/2PN5/Pc2P1PcP/4CCN2/9/1RBAKABR1 w,-0.011924766,7816
1rbaka1r1/9/2n1bCn2/p1p1p3p/6p2/2PN5/Pc2P1PcP/4C1N2/9/1RBAKABR1 b,0.02535331,5548
1rbakabr1/9/2n2Cn2/p1p1p3p/6p2/2PN5/Pc2P1PcP/4C1N2/9/1RBAKABR1 w,0.04585602,6061
1rbakabr1/9/2n2Cn2/p1p1N3p/6p2/2P6/Pc2P1PcP/4C1N2/9/1RBAKABR1 b,-0.025618432,1831
1rbakabr1/9/5Cn2/p1p1n3p/6p2/2P6/Pc2P1PcP/4C1N2/9/1RBAKABR1 w,0.007799667,6061
1rbakabr1/9/5Cn2/p1p1C3p/6p2/2P6/Pc2P1PcP/6N2/9/1RBAKABR1 b,-0.014534511,109
2bakabr1/9/1r3Cn2/p1p1C3p/6p2/2P6/Pc2P1PcP/6N2/9/1RBAKABR1 w,-0.00084206735,2839
2bakabr1/9/1r3Cn2/p1p5p/6p2/2P1C4/Pc2P1PcP/6N2/9/1RBAKABR1 b,-0.019456778,1733
2bakabr1/9/5rn2/p1p5p/6p2/2P1C4/Pc2P1PcP/6N2/9/1RBAKABR1 w,0,7435
2bakabr1/9/5rn2/p1p5p/6p2/2P1C4/PR2P1PcP/6N2/9/2BAKABR1 b,0.0010268611,3831
2bakabr1/9/5r3/p1p5p/5np2/2P1C4/PR2P1PcP/6N2/9/2BAKABR1 w,0.00619123,4987
2bakabr1/9/5r3/p1p5p/1R3np2/2P1C4/P3P1PcP/6N2/9/2BAKABR1 b,-0.004460755,3750
2bakabr1/9/5r3/p1p5p/1R4p2/2P1C4/P3P1ncP/6N2/9/2BAKABR1 w,0.0050324383,3372
2bakabr1/9/5r3/p1p5p/6R2/2P1C4/P3P1ncP/6N2/9/2BAKABR1 b,-0.00657011,5449
2bakabr1/9/5r3/p1p5p/6R2/2P1n4/P3P2cP/6N2/9/2BAKABR1 w,0.004916287,5269
2bakabr1/9/5r3/p1p5p/6R2/2P1P4/P6cP/6N2/9/2BAKABR1 b,-0.0045435224,2129
2bakabr1/9/5r3/p1p5p/6R2/2P1P4/P7P/6Nc1/9/2BAKABR1 w,0.008180164,3831
2bakabr1/9/5r3/p1p5p/6R2/2P1P4/P7P/6Nc1/7R1/2BAKAB2 b,-0.0040337103,2129
2bakabr1/9/9/p1p5p/6R2/2P1P4/P7P/5rNc1/7R1/2BAKAB2 w,0.012272201,3831
2bakabr1/9/9/p1p3R1p/9/2P1P4/P7P/5rNc1/7R1/2BAKAB2 b,-0.007651792,6179
2bakab2/9/9/p1p3R1p/9/2P1P4/P6rP/5rNc1/7R1/2BAKAB2 w,0.049776442,2976
2bakaR2/9/9/p1p5p/9/2P1P4/P6rP/5rNc1/7R1/2BAKAB2 b,-0.05478155,2648
2bakaR2/9/9/p1p5p/9/2P1P4/P3r3P/5rNc1/7R1/2BAKAB2 w,0.49902156,7816
2bakaR2/9/9/p1p5p/9/2P1P4/P3r3P/5rNc1/4A2R1/2B1KAB2 b,-0.23431782,6361
2bakaR2/9/9/p1p5p/9/2P1P4/P3r2cP/5rN2/4A2R1/2B1KAB2 w,0.364695,7897
2bakaR2/9/9/p1p5p/9/2P1P4/P3r2RP/5rN2/4A4/2B1KAB2 b,-0.23767887,6189
2bakaR2/9/9/p1p5p/9/2P1P4/P6rP/5rN2/4A4/2B1KAB2 w,0.44417596,6908
2bakaR2/9/9/p1p5p/9/2P1P4/P6rP/5AN2/9/2B1KAB2 b,-0.5109103,5548
2bakaR2/9/9/p1p5p/9/2P1P4/r7P/5AN2/9/2B1KAB2 w,0.4907645,591
2bakaR2/9/9/p1p5p/9/2P1PN3/r7P/5A3/9/2B1KAB2 b,-0.27707016,4918
2bakaR2/9/9/p1p5p/9/2P1PN3/8r/5A3/9/2B1KAB2 w,0.36384907,4543
2bakaR2/9/9/p1p5p/7N1/2P1P4/8r/5A3/9/2B1KAB2 b,-0.4667995,5638
2bakaR2/9/9/p1p5p/7N1/2P1P4/4r4/5A3/9/2B1KAB2 w,0.51078606,7537
2bakaR2/9/9/p1p5p/7N1/2P1P4/4r4/9/4A4/2B1KAB2 b,-0.42691028,5269
2bakaR2/9/9/p1p5p/7N1/2P1r4/9/9/4A4/2B1KAB2 w,0.3601034,3902
2bakaR2/9/9/p1p2N2p/9/2P1r4/9/9/4A4/2B1KAB2 b,-0.52095103,4457
2bakaR2/9/9/p1p2N2p/9/2r6/9/9/4A4/2B1KAB2 w,0.48633474,7533
2bakaR2/9/9/p1p2N2p/9/2r6/9/4B4/4A4/2B1KA3 b,-0.43322468,4280
2bakaR2/9/9/p1p2N2p/9/5r3/9/4B4/4A4/2B1KA3 w,0.4825165,2901
2bakaR2/9/3N5/p1p5p/9/5r3/9/4B4/4A4/2B1KA3 b,-0.39248574,373
2ba1aR2/4k4/3N5/p1p5p/9/5r3/9/4B4/4A4/2B1KA3 w,0.44829687,555
2ba1a3/4k1R2/3N5/p1p5p/9/5r3/9/4B4/4A4/2B1KA3 b,-0.4445188,1192
2ba1a3/6R2/3Nk4/p1p5p/9/5r3/9/4B4/4A4/2B1KA3 w,0.40715888,1892
2ba1a3/6R2/4k4/p1p5p/4N4/5r3/9/4B4/4A4/2B1KA3 b,-0.29630625,4532
2ba1a3/6R2/4k4/p1p2r2p/4N4/9/9/4B4/4A4/2B1KA3 w,0.28061903,1361
2ba1a3/9/4k4/p1p2r2p/4N4/6R2/9/4B4/4A4/2B1KA3 b,-0.04189941,2911
2ba1a3/9/4k4/p1p1r3p/4N4/6R2/9/4B4/4A4/2B1KA3 w,0.0514211,3633
2ba1a3/9/4k4/p1p1r3p/9/6R2/5N3/4B4/4A4/2B1KA3 b,-0.0316211,1993
2ba1a3/4k4/9/p1p1r3p/9/6R2/5N3/4B4/4A4/2B1KA3 w,0.026418863,5352
2ba1a3/4k4/9/p1p1r3p/6N2/6R2/9/4B4/4A4/2B1KA3 b,-0.038923074,2823
2ba1a3/4k4/9/p1p3r1p/6N2/6R2/9/4B4/4A4/2B1KA3 w,0.061166625,4639
2ba1a3/4k4/9/p1p3r1p/6N2/4R4/9/4B4/4A4/2B1KA3 b,-0.029787246,202
3a1a3/4k4/4b4/p1p3r1p/6N2/4R4/9/4B4/4A4/2B1KA3 w,0.22054987,3811
3a1a3/4k4/4b4/p1p1N1r1p/9/4R4/9/4B4/4A4/2B1KA3 b,-0.16182312,1174
3aka3/9/4b4/p1p1N1r1p/9/4R4/9/4B4/4A4/2B1KA3 w,0.21021605,2838
3aka3/9/2N1b4/p1p3r1p/9/4R4/9/4B4/4A4/2B1KA3 b,-0.0022665814,2994
3aka3/9/2N1b4/p1pr4p/9/4R4/9/4B4/4A4/2B1KA3 w,0.1536973,4432
3aka3/9/2N1R4/p1pr4p/9/9/9/4B4/4A4/2B1KA3 b,-0.16673042,283
4ka3/4a4/2N1R4/p1pr4p/9/9/9/4B4/4A4/2B1KA3 w,0.1882626,1827
4ka3/4a4/2N6/p1pr4p/9/9/4R4/4B4/4A4/2B1KA3 b,-0.037901536,2721
4ka3/4a4/2Nr5/p1p5p/9/9/4R4/4B4/4A4/2B1KA3 w,0.12417298,1801
4ka3/N3a4/3r5/p1p5p/9/9/4R4/4B4/4A4/2B1KA3 b,-0.083438456,1908
4ka3/N3a4/1r7/p1p5p/9/9/4R4/4B4/4A4/2B1KA3 w,0.08470213,5274
2N1ka3/4a4/1r7/p1p5p/9/9/4R4/4B4/4A4/2B1KA3 b,-0.07855338,1730
2N1ka3/4a4/2r6/p1p5p/9/9/4R4/4B4/4A4/2B1KA3 w,0.073930904,189
4ka3/4N4/2r6/p1p5p/9/9/4R4/4B4/4A4/2B1KA3 b,0.00007277534,463
4k4/4a4/2r6/p1p5p/9/9/4R4/4B4/4A4/2B1KA3 w,-0.00001684908,5274
4k4/4a4/2r6/p1p1R3p/9/9/9/4B4/4A4/2B1KA3 b,0.00001684908,3194
4k4/4a4/2r6/p1p1R4/8p/9/9/4B4/4A4/2B1KA3 w,0.00001684908,2825
4k4/4a4/2r6/p1p1R4/8p/9/9/B3B4/4A4/4KA3 b,0.00006746737,4013
4k4/4a4/2r6/p1p1R4/9/8p/9/B3B4/4A4/4KA3 w,-0.000033705266,2830
4k4/4a4/2r6/p1p1R4/9/8p/9/B8/4A4/2B1KA3 b,0.000050575658,2466
4k4/4a4/2r6/p3R4/2p6/8p/9/B8/4A4/2B1KA3 w,-0.00001684908,2817
4k4/4a4/2r6/p3R4/2p6/8p/9/B8/9/2BAKA3 b,0.00001684908,363
4k4/4a4/7r1/p3R4/2p6/8p/9/B8/9/2BAKA3 w,0.00001684908,2803
4k4/4a4/7r1/R8/2p6/8p/9/B8/9/2BAKA3 b,-0.00008228954,363
4k4/4a4/4r4/R8/2p6/8p/9/B8/9/2BAKA3 w,0.000013678289,7636
4k4/4a4/4r4/R8/2p6/8p/9/B8/4A4/2B1KA3 b,0.000013678289,1173
4k4/4a4/4r4/R8/2p6/7p1/9/B8/4A4/2B1KA3 w,-0.000013678289,2466
R3k4/4a4/4r4/9/2p6/7p1/9/B8/4A4/2B1KA3 b,0.00004105997,1173
R2ak4/9/4r4/9/2p6/7p1/9/B8/4A4/2B1KA3 w,-0.000027362854,45
3ak4/9/4r4/9/2p6/R6p1/9/B8/4A4/2B1KA3 b,0,4741
3ak4/9/4r4/9/2p6/R8/7p1/B8/4A4/2B1KA3 w,0.000013678289,4104
3ak4/9/4r4/9/2p6/6R2/7p1/B8/4A4/2B1KA3 b,0,2011
3ak4/9/9/9/2p6/6R2/4r2p1/B8/4A4/2B1KA3 w,0.000027362854,4596
3ak1R2/9/9/9/2p6/9/4r2p1/B8/4A4/2B1KA3 b,0.00004105997,373
3a2R2/4k4/9/9/2p6/9/4r2p1/B8/4A4/2B1KA3 w,-0.000013678289,543
3R5/4k4/9/9/2p6/9/4r2p1/B8/4A4/2B1KA3 b,0.000024872867,5280
3R5/4k4/9/9/2p6/9/4r1p2/B8/4A4/2B1KA3 w,0.00008360838,309
9/4k4/9/9/2pR5/9/4r1p2/B8/4A4/2B1KA3 b,0,5276
9/4k4/9/9/2pR5/9/4r4/B5p2/4A4/2B1KA3 w,0.000033185275,3548
9/4k4/9/9/2R6/9/4r4/B5p2/4A4/2B1KA3 b,-0.000006106213,6288
9/4k4/9/9/2R6/9/4r4/B8/4A1p2/2B1KA3 w,0.00004295478,5717
9/4k4/9/9/9/9/4r4/B1R6/4A1p2/2B1KA3 b,0,7097
9/4k4/9/9/9/9/4r4/B1R6/4Ap3/2B1KA3 w,0.000006106213,7537
9/4k4/9/9/9/9/4r4/B4R3/4Ap3/2B1KA3 b,0,7006
9/4k4/9/9/9/9/4r4/B4R3/4A1p2/2B1KA3 w,0.00003676928,7537
9/4k4/9/9/9/9/4r4/B4R3/4A1p2/2BK1A3 b,-0.000006106213,7107
9/4k4/9/9/9/9/3r5/B4R3/4A1p2/2BK1A3 w,0.000024462543,7645
9/4k4/9/9/9/9/3r5/B4R3/4A1p2/2B1KA3 b,-0.000024462543,7107
rnbakabnr/9/1c5c1/p1p1p1p1p/9/9/P1P1P1P1P/1C5C1/9/RNBAKABNR w,0.014449762,5087
rnbakabnr/9/1c5c1/p1p1p1p1p/9/9/P1P1P1P1P/4C2C1/9/RNBAKABNR b,-0.012932254,110
r1bakabnr/9/1cn4c1/p1p1p1p1p/9/9/P1P1P1P1P/4C2C1/9/RNBAKABNR w,0.011422182,7445
r1bakabnr/9/1cn4c1/p1p1p1p1p/9/9/P1P1P1P1P/2N1C2C1/9/R1BAKABNR b,-0.012428113,3012
r1baka1nr/9/1cn1b2c1/p1p1p1p1p/9/9/P1P1P1P1P/2N1C2C1/9/R1BAKABNR w,0.028042147,7372
r1baka1nr/9/1cn1b2c1/p1p1p1p1p/9/9/P1P1P1P1P/2N1C2C1/9/1RBAKABNR b,-0.02165522,1
1rbaka1nr/9/1cn1b2c1/p1p1p1p1p/9/9/P1P1P1P1P/2N1C2C1/9/1RBAKABNR w,0.018024392,5087
1rbaka1nr/9/1cn1b2c1/p1p1p1p1p/9/9/P1P1P1P1P/2N1CC3/9/1RBAKABNR b,-0.012428113,2648
1rbaka2r/9/1cn1b1nc1/p1p1p1p1p/9/9/P1P1P1P1P/2N1CC3/9/1RBAKABNR w,0.019055555,5451
1rbaka2r/9/1cn1b1nc1/p1p1p1p1p/9/9/P1P1P1P1P/2N1CCN2/9/1RBAKAB1R b,-0.017510546,1765
1rbaka2r/9/1cn1b1nc1/p1p1p3p/6p2/9/P1P1P1P1P/2N1CCN2/9/1RBAKAB1R w,0.019572936,8098
1rbaka2r/9/1cn1b1nc1/p1p1p3p/6p2/9/P1P1P1P1P/2N1CCN2/9/1RBAKABR1 b,-0.014449762,727
1rbaka1r1/9/1cn1b1nc1/p1p1p3p/6p2/9/P1P1P1P1P/2N1CCN2/9/1RBAKABR1 w,0.016997816,7408
1rbaka1r1/9/1cn1b1nc1/p1p1p3p/6p2/2P6/P3P1P1P/2N1CCN2/9/1RBAKABR1 b,-0.008420906,1765
1rbaka1r1/9/2n1b1nc1/p1p1p3p/6p2/2P6/Pc2P1P1P/2N1CCN2/9/1RBAKABR1 w,0.012932254,7954
1rbaka1r1/9/2n1b1nc1/p1p1p3p/6p2/2PN5/Pc2P1P1P/4CCN2/9/1RBAKABR1 b,0.0014816026,2311
1rbaka1r1/9/2n1b1n2/p1p1p3p/6p2/2PN5/Pc2P1PcP/4CCN2/9/1RBAKABR1 w,-0.011924766,7816
1rbaka1r1/9/2n1bCn2/p1p1p3p/6p2/2PN5/Pc2P1PcP/4C1N2/9/1RBAKABR1 b,0.02535331,5548
1rbakabr1/9/2n2Cn2/p1p1p3p/6p2/2PN5/Pc2P1PcP/4C1N2/9/1RBAKABR1 w,0.04585602,6061
1rbakabr1/9/2n2Cn2/p1p1N3p/6p2/2P6/Pc2P1PcP/4C1N2/9/1RBAKABR1 b,-0.025618432,1831
1rbakabr1/9/5Cn2/p1p1n3p/6p2/2P6/Pc2P1PcP/4C1N2/9/1RBAKABR1 w,0.007799667,6061
1rbakabr1/9/5Cn2/p1p1C3p/6p2/2P6/Pc2P1PcP/6N2/9/1RBAKABR1 b,-0.014534511,109
2bakabr1/9/1r3Cn2/p1p1C3p/6p2/2P6/Pc2P1PcP/6N2/9/1RBAKABR1 w,-0.00084206735,2839
2bakabr1/9/1r3Cn2/p1p5p/6p2/2P1C4/Pc2P1PcP/6N2/9/1RBAKABR1 b,-0.019456778,1733
2bakabr1/9/5rn2/p1p5p/6p2/2P1C4/Pc2P1PcP/6N2/9/1RBAKABR1 w,0,7435
2bakabr1/9/5rn2/p1p5p/6p2/2P1C4/PR2P1PcP/6N2/9/2BAKABR1 b,0.0010268611,3831
2bakabr1/9/6n2/p1p5p/6p2/2P1C4/PR2PrPcP/6N2/9/2BAKABR1 w,0.39088708,4969
2bakabr1/9/6n2/p1p5p/1R4p2/2P1C4/P3PrPcP/6N2/9/2BAKABR1 b,-0.1593855,3831
2bakabr1/9/9/p1p5p/1R3np2/2P1C4/P3PrPcP/6N2/9/2BAKABR1 w,0.6604994,3370
2bakabr1/9/9/p1p5p/1R3np2/2P1C4/P3PrPcP/4B1N2/9/2BAKA1R1 b,-0.17672673,373
2bakabr1/9/9/p1p5p/1R4p2/2P1C4/P3nrPcP/4B1N2/9/2BAKA1R1 w,0.64090973,3370
2bakabr1/9/9/p1p5p/1R4p2/2P1C4/P3nrPcP/4B1N2/4A4/2BAK2R1 b,-0.003012657,5360
2bakabr1/9/9/p1p5p/1R4p2/2P1C4/P3n1rcP/4B1N2/4A4/2BAK2R1 w,0.28532687,3370
2bakabr1/9/9/p1p5p/4R1p2/2P1C4/P3n1rcP/4B1N2/4A4/2BAK2R1 b,-0.7030103,562
2baka1r1/9/4b4/p1p5p/4R1p2/2P1C4/P3n1rcP/4B1N2/4A4/2BAK2R1 w,0.764984,3622
2baka1r1/9/4b4/p1p5p/4R1p2/2P1C4/P3N1rcP/4B4/4A4/2BAK2R1 b,-0.27723405,283
2baka1r1/9/4b4/p1p5p/4R1p2/2P1C4/P3r2cP/4B4/4A4/2BAK2R1 w,0.60003525,3622
2baka1r1/9/4R4/p1p5p/6p2/2P1C4/P3r2cP/4B4/4A4/2BAK2R1 b,-0.48800403,283
2bak2r1/4a4/4R4/p1p5p/6p2/2P1C4/P3r2cP/4B4/4A4/2BAK2R1 w,0.73295736,2005
2bak2r1/4a4/7R1/p1p5p/6p2/2P1C4/P3r2cP/4B4/4A4/2BAK2R1 b,-0.69939923,1175
2bak2r1/4a4/7R1/p1p5p/6p2/2P1r4/P6cP/4B4/4A4/2BAK2R1 w,0.6782491,2257
2bak2R1/4a4/9/p1p5p/6p2/2P1r4/P6cP/4B4/4A4/2BAK2R1 b,-0.69578326,1175
2baka1R1/9/9/p1p5p/6p2/2P1r4/P6cP/4B4/4A4/2BAK2R1 w,0.70871454,7981
2baka3/9/9/p1p5p/6p2/2P1r4/P6RP/4B4/4A4/2BAK2R1 b,-0.6771151,4450
2baka3/9/9/2p5p/p5p2/2P1r4/P6RP/4B4/4A4/2BAK2R1 w,0.7342093,5524
2baka3/9/9/2p5p/p5p2/2P1r4/P4R2P/4B4/4A4/2BAK2R1 b,-0.7051107,4441
2baka3/9/9/2p5p/p8/2P1r1p2/P4R2P/4B4/4A4/2BAK2R1 w,0.7492864,7954
2baka1R1/9/9/2p5p/p8/2P1r1p2/P4R2P/4B4/4A4/2BAK4 b,-0.70783156,4640
2b1ka1R1/4a4/9/2p5p/p8/2P1r1p2/P4R2P/4B4/4A4/2BAK4 w,0.76140803,664
2b1ka3/4a4/9/2p4Rp/p8/2P1r1p2/P4R2P/4B4/4A4/2BAK4 b,-0.7212118,2648
2b1ka3/4a4/9/2p4Rp/p8/2P1rp3/P4R2P/4B4/4A4/2BAK4 w,0.7566081,5365
2b1ka3/4a4/9/2p4Rp/p8/2P1rp3/PR6P/4B4/4A4/2BAK4 b,-0.76140803,202
2b1ka3/4a4/9/2p4Rp/p3r4/2P2p3/PR6P/4B4/4A4/2BAK4 w,0.76140803,4951
1Rb1ka3/4a4/9/2p4Rp/p3r4/2P2p3/P7P/4B4/4A4/2BAK4 b,-0.76378345,1173
1Rbaka3/9/9/2p4Rp/p3r4/2P2p3/P7P/4B4/4A4/2BAK4 w,0.81186795,92
2Raka3/9/9/2p4Rp/p3r4/2P2p3/P7P/4B4/4A4/2BAK4 b,-0.8056782,2648
2Raka3/9/9/2p4R1/p3r3p/2P2p3/P7P/4B4/4A4/2BAK4 w,0.81411344,3090
2Raka3/9/9/2pR5/p3r3p/2P2p3/P7P/4B4/4A4/2BAK4 b,-0.8202525,463
2Rak4/4a4/9/2pR5/p3r3p/2P2p3/P7P/4B4/4A4/2BAK4 w,0.8395717,2733
2Rak4/4a4/9/2p2R3/p3r3p/2P2p3/P7P/4B4/4A4/2BAK4 b,-0.7762746,3658
2Rak4/4a4/9/2p2R3/p7p/2P1rp3/P7P/4B4/4A4/2BAK4 w,0.83584714,200
3ak4/4a4/2R6/2p2R3/p7p/2P1rp3/P7P/4B4/4A4/2BAK4 b,-0.8222633,4468
3ak4/4a4/2R6/2p2R3/p7p/2P2p3/P3r3P/4B4/4A4/2BAK4 w,0.853789,1824
3ak4/4a4/2R6/2p6/p7p/2P2R3/P3r3P/4B4/4A4/2BAK4 b,-0.8318716,5282
3ak4/4a4/2R6/2p6/p7p/2P2R3/P7r/4B4/4A4/2BAK4 w,0.91845405,1824
3ak4/4a4/9/2R6/p7p/2P2R3/P7r/4B4/4A4/2BAK4 b,-0.82667243,5640
3ak4/4a4/9/2R6/p7p/2P2R3/P8/4B4/4A4/2BAK3r w,0.8444721,4586
3ak4/4a4/9/2R6/p7p/2P6/P8/4B4/4A4/2BAKR2r b,-0.8367523,8096
3ak4/4a4/9/2R6/p7p/2P6/P8/4B4/4A4/2BAKr3 w,0.95113003,7736
3ak4/4a4/9/2R6/p7p/2P6/P8/4B4/4A4/2BA1K3 b,-0.9994897,3285
3ak4/4a4/9/2R6/p8/2P5p/P8/4B4/4A4/2BA1K3 w,0.99987596,2648
3ak4/4a4/9/7R1/p8/2P5p/P8/4B4/4A4/2BA1K3 b,-0.99983734,1193
3aka3/9/9/7R1/p8/2P5p/P8/4B4/4A4/2BA1K3 w,0.99972874,3076
3aka3/9/9/4R4/p8/2P5p/P8/4B4/4A4/2BA1K3 b,-0.99982727,283
3ak4/4a4/9/4R4/p8/2P5p/P8/4B4/4A4/2BA1K3 w,0.9998558,7533
3ak4/4a4/9/4R4/p1P6/8p/P8/4B4/4A4/2BA1K3 b,-0.99972045,4832
3ak4/4a4/9/4R4/p1P6/9/P7p/4B4/4A4/2BA1K3 w,0.99978024,2825
3ak4/4a4/9/9/p1P6/9/P3R3p/4B4/4A4/2BA1K3 b,-0.9997031,5651
3ak4/4a4/9/9/p1P6/9/P3R4/4B3p/4A4/2BA1K3 w,0.99989,5282
3ak4/4a4/9/2P6/p8/9/P3R4/4B3p/4A4/2BA1K3 b,-0.9996549,3285
3ak4/4a4/9/2P6/p8/9/P3R4/4B2p1/4A4/2BA1K3 w,0.9998558,7533
3ak4/4a4/9/2P6/p8/9/P3R4/4B2p1/4A4/2BAK4 b,-0.99982196,3285
3ak4/4a4/9/2P6/p8/9/P3R4/4B1p2/4A4/2BAK4 w,0.9999025,7736
3ak4/4a4/9/2P6/p8/9/P5R2/4B1p2/4A4/2BAK4 b,-0.9999109,3285
3ak4/4a4/9/2P6/p8/9/P5R2/4B2p1/4A4/2BAK4 w,0.99995804,2630
3ak1R2/4a4/9/2P6/p8/9/P8/4B2p1/4A4/2BAK4 b,-0.999921,1175
3akaR2/9/9/2P6/p8/9/P8/4B2p1/4A4/2BAK4 w,0.9998832,591
3aka3/9/9/2P6/p5R2/9/P8/4B2p1/4A4/2BAK4 b,-0.99987215,3285
3aka3/9/9/2P6/p5R2/9/P8/4B4/4A2p1/2BAK4 w,0.9999466,3816
3aka3/9/9/2P6/R8/9/P8/4B4/4A2p1/2BAK4 b,-0.99997705,463
3aka3/9/9/2P6/R8/9/P8/4B4/4A1p2/2BAK4 w,0.9999931,2630
3aka3/9/9/2P6/2R6/9/P8/4B4/4A1p2/2BAK4 b,-0.9999898,7099
3aka3/9/9/2P6/2R6/9/P8/4B4/4Ap3/2BAK4 w,0.99999166,3460
3aka3/9/9/2P6/9/9/P1R6/4B4/4Ap3/2BAK4 b,-0.99999213,463
3ak4/4a4/9/2P6/9/9/P1R6/4B4/4Ap3/2BAK4 w,0.9999805,2630
3ak4/4a4/9/3P5/9/9/P1R6/4B4/4Ap3/2BAK4 b,-0.9999785,7008
3a1k3/4a4/9/3P5/9/9/P1R6/4B4/4Ap3/2BAK4 w,0.99999857,5099
3a1k3/4a4/9/3P5/9/9/P4R3/4B4/4Ap3/2BAK4 b,-0.99999964,1193
3ak4/4a4/9/3P5/9/9/P4R3/4B4/4Ap3/2BAK4 w,0.9999998,5387
3ak4/4a4/9/3P5/9/9/P8/4B4/4AR3/2BAK4 b,-0.9999999,1175
3aka3/9/9/3P5/9/9/P8/4B4/4AR3/2BAK4 w,0.99999994,6906
3aka3/9/9/3P5/9/P8/9/4B4/4AR3/2BAK4 b,-0.9999957,283
4ka3/4a4/9/3P5/9/P8/9/4B4/4AR3/2BAK4 w,0.99999887,6944
4ka3/4a4/9/3P1R3/9/P8/9/4B4/4A4/2BAK4 b,-0.99999905,1173
3k1a3/4a4/9/3P1R3/9/P8/9/4B4/4A4/2BAK4 w,0.9999999,6117
3k1a3/4a4/9/3P1R3/P8/9/9/4B4/4A4/2BAK4 b,-0.9999996,274
4ka3/4a4/9/3P1R3/P8/9/9/4B4/4A4/2BAK4 w,0.9999997,2930
4ka3/4a4/9/P2P1R3/9/9/9/4B4/4A4/2BAK4 b,-0.9999998,1193
3k1a3/4a4/9/P2P1R3/9/9/9/4B4/4A4/2BAK4 w,0.9999998,2458
3k1a3/4a4/9/1P1P1R3/9/9/9/4B4/4A4/2BAK4 b,-0.9999998,1193
4ka3/4a4/9/1P1P1R3/9/9/9/4B4/4A4/2BAK4 w,0.99999976,2539
4ka3/4a4/9/2PP1R3/9/9/9/4B4/4A4/2BAK4 b,-0.99999994,1193
3k1a3/4a4/9/2PP1R3/9/9/9/4B4/4A4/2BAK4 w,0.99999994,2630
3k1a3/4a4/2P6/3P1R3/9/9/9/4B4/4A4/2BAK4 b,-1,282
4ka3/4a4/2P6/3P1R3/9/9/9/4B4/4A4/2BAK4 w,0.99999994,2911
4ka3/2P1a4/9/3P1R3/9/9/9/4B4/4A4/2BAK4 b,-1,363
3k1a3/2P1a4/9/3P1R3/9/9/9/4B4/4A4/2BAK4 w,1,6906
3k1a3/2P1a4/9/3P1R3/9/9/9/4B4/4A4/2BA1K3 b,-1,1193
4ka3/2P1a4/9/3P1R3/9/9/9/4B4/4A4/2BA1K3 w,1,1002
4ka3/3Pa4/9/3P1R3/9/9/9/4B4/4A4/2BA1K3 b,-1,1193
3aka3/3P5/9/3P1R3/9/9/9/4B4/4A4/2BA1K3 w,1,2885
rnbakabnr/9/1c5c1/p1p1p1p1p/9/9/P1P1P1P1P/1C5C1/9/RNBAKABNR w,0.014449762,5087
rnbakabnr/9/1c5c1/p1p1p1p1p/9/9/P1P1P1P1P/4C2C1/9/RNBAKABNR b,-0.012932254,110
r1bakabnr/9/1cn4c1/p1p1p1p1p/9/9/P1P1P1P1P/4C2C1/9/RNBAKABNR w,0.011422182,7445
r1bakabnr/9/1cn4c1/p1p1p1p1p/9/9/P1P1P1P1P/2N1C2C1/9/R1BAKABNR b,-0.012428113,3012
r1baka1nr/9/1cn1b2c1/p1p1p1p1p/9/9/P1P1P1P1P/2N1C2C1/9/R1BAKABNR w,0.028042147,7372
r1baka1nr/9/1cn1b2c1/p1p1p1p1p/9/9/P1P1P1P1P/2N1C2C1/9/1RBAKABNR b,-0.02165522,1
1rbaka1nr/9/1cn1b2c1/p1p1p1p1p/9/9/P1P1P1P1P/2N1C2C1/9/1RBAKABNR w,0.018024392,5087
1rbaka1nr/9/1cn1b2c1/p1p1p1p1p/9/9/P1P1P1P1P/2N1CC3/9/1RBAKABNR b,-0.012428113,2648
1rbaka2r/9/1cn1b1nc1/p1p1p1p1p/9/9/P1P1P1P1P/2N1CC3/9/1RBAKABNR w,0.019055555,5451
1rbaka2r/9/1cn1b1nc1/p1p1p1p1p/9/9/P1P1P1P1P/2N1CCN2/9/1RBAKAB1R b,-0.017510546,1765
1rbaka2r/9/1cn1b1nc1/p1p1p3p/6p2/9/P1P1P1P1P/2N1CCN2/9/1RBAKAB1R w,0.019572936,8098
1rbaka2r/9/1cn1b1nc1/p1p1p3p/6p2/9/P1P1P1P1P/2N1CCN2/9/1RBAKABR1 b,-0.014449762,727
1rbaka1r1/9/1cn1b1nc1/p1p1p3p/6p2/9/P1P1P1P1P/2N1CCN2/9/1RBAKABR1 w,0.016997816,7408
1rbaka1r1/9/1cn1b1nc1/p1p1p3p/6p2/2P6/P3P1P1P/2N1CCN2/9/1RBAKABR1 b,-0.008420906,1765
1rbaka1r1/9/2n1b1nc1/p1p1p3p/6p2/2P6/Pc2P1P1P/2N1CCN2/9/1RBAKABR1 w,0.012932254,7954
1rbaka1r1/9/2n1b1nc1/p1p1p3p/6p2/2PN5/Pc2P1P1P/4CCN2/9/1RBAKABR1 b,0.0014816026,2311
1rbaka1r1/9/2n1b1n2/p1p1p3p/6p2/2PN5/Pc2P1PcP/4CCN2/9/1RBAKABR1 w,-0.011924766,7816
1rbaka1r1/9/2n1bCn2/p1p1p3p/6p2/2PN5/Pc2P1PcP/4C1N2/9/1RBAKABR1 b,0.02535331,5548
1rbakabr1/9/2n2Cn2/p1p1p3p/6p2/2PN5/Pc2P1PcP/4C1N2/9/1RBAKABR1 w,0.04585602,6061
1rbakabr1/9/2n2Cn2/p1p1N3p/6p2/2P6/Pc2P1PcP/4C1N2/9/1RBAKABR1 b,-0.025618432,1831
1rbakabr1/9/5Cn2/p1p1n3p/6p2/2P6/Pc2P1PcP/4C1N2/9/1RBAKABR1 w,0.007799667,6061
1rbakabr1/9/5Cn2/p1p1C3p/6p2/2P6/Pc2P1PcP/6N2/9/1RBAKABR1 b,-0.014534511,109
2bakabr1/9/1r3Cn2/p1p1C3p/6p2/2P6/Pc2P1PcP/6N2/9/1RBAKABR1 w,-0.00084206735,2839
2bakabr1/9/1r3Cn2/p1p5p/6p2/2P1C4/Pc2P1PcP/6N2/9/1RBAKABR1 b,-0.019456778,1733
2bakabr1/9/5rn2/p1p5p/6p2/2P1C4/Pc2P1PcP/6N2/9/1RBAKABR1 w,0,7435
2bakabr1/9/5rn2/p1p5p/6p2/2P1C4/PR2P1PcP/6N2/9/2BAKABR1 b,0.0010268611,3831
2bakabr1/9/5r3/p1p5p/5np2/2P1C4/PR2P1PcP/6N2/9/2BAKABR1 w,0.00619123,4987
2bakabr1/9/5r3/p1p5p/1R3np2/2P1C4/P3P1PcP/6N2/9/2BAKABR1 b,-0.004460755,3750
2bakabr1/9/5r3/p1p5p/1R4p2/2P1C4/P3P1ncP/6N2/9/2BAKABR1 w,0.0050324383,3372
2bakabr1/9/5r3/p1p5p/6R2/2P1C4/P3P1ncP/6N2/9/2BAKABR1 b,-0.00657011,5449
2bakabr1/9/5r3/p1p5p/6R2/2P1n4/P3P2cP/6N2/9/2BAKABR1 w,0.004916287,5269
2bakabr1/9/5r3/p1p5p/6R2/2P1P4/P6cP/6N2/9/2BAKABR1 b,-0.0045435224,2129
2bakabr1/9/5r3/p1p5p/6R2/2P1P4/P7P/6Nc1/9/2BAKABR1 w,0.008180164,3831
2bakabr1/9/5r3/p1p5p/6R2/2P1P4/P7P/6Nc1/7R1/2BAKAB2 b,-0.0040337103,2129
2bakabr1/9/9/p1p5p/6R2/2P1P4/P7P/5rNc1/7R1/2BAKAB2 w,0.012272201,3831
2bakabr1/9/9/p1p3R1p/9/2P1P4/P7P/5rNc1/7R1/2BAKAB2 b,-0.007651792,6179
2bakab2/9/9/p1p3R1p/9/2P1P4/P6rP/5rNc1/7R1/2BAKAB2 w,0.049776442,2976
2bakaR2/9/9/p1p5p/9/2P1P4/P6rP/5rNc1/7R1/2BAKAB2 b,-0.05478155,2648
2bakaR2/9/9/p1p5p/9/2P1P4/P3r3P/5rNc1/7R1/2BAKAB2 w,0.49902156,7816
2bakaR2/9/9/p1p5p/9/2P1P4/P3r3P/5rNc1/4A2R1/2BAK1B2 b,-0.49075776,5269
2bakaR2/9/9/p1p5p/9/2P1P4/P3r3P/5rN1c/4A2R1/2BAK1B2 w,0.591632,7897
2baka3/9/9/p1p5p/9/2P1P1R2/P3r3P/5rN1c/4A2R1/2BAK1B2 b,-0.49351206,2648
3aka3/9/4b4/p1p5p/9/2P1P1R2/P3r3P/5rN1c/4A2R1/2BAK1B2 w,0.59429115,7897
3aka3/9/4b2R1/p1p5p/9/2P1P1R2/P3r3P/5rN1c/4A4/2BAK1B2 b,-0.49902156,6479
3aka3/9/4b2R1/p1p5p/9/2P1P1R2/P3r3P/5rN2/4A4/2BAK1B1c w,0.6511527,7897
3aka3/9/4b2R1/p1p5p/9/2P1P1R2/P3r3P/4BrN2/4A4/2BAK3c b,-0.60487115,6189
3aka3/9/4b2R1/p1p5p/9/2P1P1R2/P3r3P/4BrN2/4A4/2BAK1c2 w,0.7640324,6117
3aka3/9/4b2R1/p1p5p/9/2P1PNR2/P3r3P/4Br3/4A4/2BAK1c2 b,-0.13730426,6197
3aka3/9/4b2R1/p1p5p/9/2P1PNR2/P3rr2P/4B4/4A4/2BAK1c2 w,0.69474685,2272
3aka3/9/4R4/p1p5p/9/2P1PNR2/P3rr2P/4B4/4A4/2BAK1c2 b,-0.73756564,283
4ka3/4a4/4R4/p1p5p/9/2P1PNR2/P3rr2P/4B4/4A4/2BAK1c2 w,0.73538804,6117
4ka3/4a4/4R4/p1p5p/9/2P1PNR2/P3rr2P/9/4A4/2BAK1B2 b,-0.7139659,5370
4ka3/4a4/4R4/p1p5p/9/2P1PNR2/P3r2rP/9/4A4/2BAK1B2 w,0.80627525,2011
4ka3/4a4/4R4/p1p5p/4P4/2P2NR2/P3r2rP/9/4A4/2BAK1B2 b,-0.7460017,5269
4ka3/4a4/4R4/p1p5p/4P4/2P1rNR2/P6rP/9/4A4/2BAK1B2 w,0.777593,1993
4ka3/4a4/9/p1p1R3p/4P4/2P1rNR2/P6rP/9/4A4/2BAK1B2 b,-0.5484134,5549
4ka3/4a4/9/p1p1R3p/4P4/2P1rNR2/P4r2P/9/4A4/2BAK1B2 w,0.49917436,2822
4ka3/4a4/9/p1p1R3p/4P4/2P1rN1R1/P4r2P/9/4A4/2BAK1B2 b,-0.31888756,5360
4ka3/4a4/9/p1p1R3p/4P4/2P1rr1R1/P7P/9/4A4/2BAK1B2 w,0.2796044,4730
4ka3/4a4/9/p1p1R3p/4P4/2P1rR3/P7P/9/4A4/2BAK1B2 b,-0.26574787,4460
4ka3/4a4/9/p1p1R3p/4P4/2P2r3/P7P/9/4A4/2BAK1B2 w,0.34689143,2819
4ka3/4a4/9/p1R5p/4P4/2P2r3/P7P/9/4A4/2BAK1B2 b,-0.36541706,2466
4ka3/4a4/9/2R5p/p3P4/2P2r3/P7P/9/4A4/2BAK1B2 w,0.41902992,2648
4ka3/4a4/9/2R1P3p/p8/2P2r3/P7P/9/4A4/2BAK1B2 b,-0.26510605,4559
4ka3/4a4/9/2R1P3p/p8/2P6/P4r2P/9/4A4/2BAK1B2 w,0.2296781,5633
4ka3/4a4/9/2R1P3p/p1P6/9/P4r2P/9/4A4/2BAK1B2 b,-0.16921459,5364
4ka3/4a4/9/2R1P3p/p1P6/9/P7r/9/4A4/2BAK1B2 w,0.15749057,2638
4ka3/4a4/4P4/2R5p/p1P6/9/P7r/9/4A4/2BAK1B2 b,-0.083865754,5636
4ka3/4a4/4P4/2R5p/p1P6/9/P3r4/9/4A4/2BAK1B2 w,0.15987314,1993
4ka3/4a4/2R1P4/8p/p1P6/9/P3r4/9/4A4/2BAK1B2 b,-0.10516975,5274
4ka3/4a4/2R1P4/8p/p1P1r4/9/P8/9/4A4/2BAK1B2 w,0.21984956,3449
4ka3/4a4/2R1P4/2P5p/p3r4/9/P8/9/4A4/2BAK1B2 b,-0.16472574,3638
4ka3/4a4/2R1P4/2P1r3p/p8/9/P8/9/4A4/2BAK1B2 w,0.33679435,1802
4ka3/4a4/2R1P4/2P1r3p/p8/9/P8/4B4/4A4/2BAK4 b,-0.27624723,3194
3aka3/9/2R1P4/2P1r3p/p8/9/P8/4B4/4A4/2BAK4 w,0.2944389,2001
3aka3/9/2RP5/2P1r3p/p8/9/P8/4B4/4A4/2BAK4 b,-0.32103974,463
3aka3/9/2RP5/2P5p/p3r4/9/P8/4B4/4A4/2BAK4 w,0.36938813,1902
3aka3/3P5/2R6/2P5p/p3r4/9/P8/4B4/4A4/2BAK4 b,-0.36111337,463
3ak4/3Pa4/2R6/2P5p/p3r4/9/P8/4B4/4A4/2BAK4 w,0.48229694,1824
3ak4/3Pa4/6R2/2P5p/p3r4/9/P8/4B4/4A4/2BAK4 b,-0.5001357,1175
3ak4/3Pa4/6R2/2P5p/p2r5/9/P8/4B4/4A4/2BAK4 w,0.36938813,1083
3ak4/2P1a4/6R2/2P5p/p2r5/9/P8/4B4/4A4/2BAK4 b,-0.24531242,3194
3ak4/2P1a4/6R2/2P5p/p1r6/9/P8/4B4/4A4/2BAK4 w,0.3529202,2193
3ak4/2P1a4/2P3R2/8p/p1r6/9/P8/4B4/4A4/2BAK4 b,-0.3407921,3459
3a1k3/2P1a4/2P3R2/8p/p1r6/9/P8/4B4/4A4/2BAK4 w,0.5490543,992
3a1k3/3Pa4/2P3R2/8p/p1r6/9/P8/4B4/4A4/2BAK4 b,-0.5578751,3194
3a1k3/3Pa4/2P3R2/8p/p6r1/9/P8/4B4/4A4/2BAK4 w,0.513517,2211
3a1k3/3Pa4/2P3R2/8p/p6r1/9/P8/9/4A4/2BAK1B2 b,-0.49121353,3909
3a1k3/3Pa4/2P3R2/8p/p8/9/P8/9/4A4/2BAK1Br1 w,0.744846,2166
3a1k3/4P4/2P3R2/8p/p8/9/P8/9/4A4/2BAK1Br1 b,-0.86268944,283
5k3/4a4/2P3R2/8p/p8/9/P8/9/4A4/2BAK1Br1 w,0.597148,2166
5kR2/4a4/2P6/8p/p8/9/P8/9/4A4/2BAK1Br1 b,-0.7929038,464
6R2/4ak3/2P6/8p/p8/9/P8/9/4A4/2BAK1Br1 w,0.811706,555
9/4akR2/2P6/8p/p8/9/P8/9/4A4/2BAK1Br1 b,-0.9030982,1265
5k3/4a1R2/2P6/8p/p8/9/P8/9/4A4/2BAK1Br1 w,0.8478883,1363
5k3/4R4/2P6/8p/p8/9/P8/9/4A4/2BAK1Br1 b,-0.9414339,8007
5k3/4R4/2P6/8p/p8/9/P8/9/4A4/2BAK1r2 w,0.9725973,6926
5k3/4R4/2P6/8p/p8/9/P8/9/9/2BAKAr2 b,-0.96513677,7916
5k3/4R4/2P6/8p/p8/9/P8/9/9/2BAKr3 w,0.9867257,7726
5k3/4R4/2P6/8p/p8/9/P8/9/4K4/2BA1r3 b,-0.99407333,7817
5k3/4R4/2P6/8p/p8/9/P8/9/4Kr3/2BA5 w,0.9929942,6925
5k3/4R4/2P6/8p/p8/9/P8/9/5r3/2BAK4 b,-0.993374,6953
5k3/4R4/2P6/8p/p8/9/P8/5r3/9/2BAK4 w,0.99889416,1174
5k3/9/2P6/8p/p3R4/9/P8/5r3/9/2BAK4 b,-0.99587744,6206
5k3/9/2P6/8p/p3R4/9/P8/9/9/2BAKr3 w,0.99958557,7726
5k3/9/2P6/8p/p3R4/9/P8/9/4K4/2BA1r3 b,-0.9989545,7817
5k3/9/2P2r3/8p/p3R4/9/P8/9/4K4/2BA5 w,0.99816877,1821
5k3/2P6/5r3/8p/p3R4/9/P8/9/4K4/2BA5 b,-0.997709,2147
9/2P2k3/5r3/8p/p3R4/9/P8/9/4K4/2BA5 w,0.9998952,3613
9/3P1k3/5r3/8p/p3R4/9/P8/9/4K4/2BA5 b,-0.99999976,2147
9/3P1k3/9/5r2p/p3R4/9/P8/9/4K4/2BA5 w,1,3604
9/3P1k3/4R4/5r2p/p8/9/P8/9/4K4/2BA5 b,-1,2957
9/3P1k3/4R4/8p/p4r3/9/P8/9/4K4/2BA5 w,0.9999997,1993
9/4Pk3/4R4/8p/p4r3/9/P8/9/4K4/2BA5 b,-0.9999607,1265
5k3/4P4/4R4/8p/p4r3/9/P8/9/4K4/2BA5 w,0.9999402,1182
5k3/4P4/4R4/8p/p4r3/9/P8/4B4/4K4/3A5 b,-1,3767
5k3/4P4/4R4/9/p4r2p/9/P8/4B4/4K4/3A5 w,1,2005
5k3/4P4/6R2/9/p4r2p/9/P8/4B4/4K4/3A5 b,-1,3767
5k3/4P4/6R2/9/p7p/9/P8/4B4/4Kr3/3A5 w,1,6925
5k3/4P4/6R2/9/p7p/9/P8/4B4/5r3/3AK4 b,-1,7016
5k3/4P4/6R2/9/p7p/9/P8/4B4/9/3AKr3 w,1,7726
5k3/4P4/6R2/9/p7p/9/P8/4B4/4K4/3A1r3 b,-1,7817
5k3/4P4/6R2/9/8p/p8/P8/4B4/4K4/3A1r3 w,1,2166
rnbakabnr/9/1c5c1/p1p1p1p1p/9/9/P1P1P1P1P/1C5C1/9/RNBAKABNR w,0.014449762,5087
rnbakabnr/9/1c5c1/p1p1p1p1p/9/9/P1P1P1P1P/4C2C1/9/RNBAKABNR b,-0.012932254,110
r1bakabnr/9/1cn4c1/p1p1p1p1p/9/9/P1P1P1P1P/4C2C1/9/RNBAKABNR w,0.011422182,7445
r1bakabnr/9/1cn4c1/p1p1p1p1p/9/9/P1P1P1P1P/2N1C2C1/9/R1BAKABNR b,-0.012428113,3012
r1baka1nr/9/1cn1b2c1/p1p1p1p1p/9/9/P1P1P1P1P/2N1C2C1/9/R1BAKABNR w,0.028042147,7372
r1baka1nr/9/1cn1b2c1/p1p1p1p1p/9/9/P1P1P1P1P/2N1C2C1/9/1RBAKABNR b,-0.02165522,1
1rbaka1nr/9/1cn1b2c1/p1p1p1p1p/9/9/P1P1P1P1P/2N1C2C1/9/1RBAKABNR w,0.018024392,5087
1rbaka1nr/9/1cn1b2c1/p1p1p1p1p/9/9/P1P1P1P1P/2N1CC3/9/1RBAKABNR b,-0.012428113,2648
1rbaka2r/9/1cn1b1nc1/p1p1p1p1p/9/9/P1P1P1P1P/2N1CC3/9/1RBAKABNR w,0.019055555,5451
1rbaka2r/9/1cn1b1nc1/p1p1p1p1p/9/9/P1P1P1P1P/2N1CCN2/9/1RBAKAB1R b,-0.017510546,1765
1rbaka2r/9/1cn1b1nc1/p1p1p3p/6p2/9/P1P1P1P1P/2N1CCN2/9/1RBAKAB1R w,0.019572936,8098
1rbaka2r/9/1cn1b1nc1/p1p1p3p/6p2/9/P1P1P1P1P/2N1CCN2/9/1RBAKABR1 b,-0.014449762,727
1rbaka1r1/9/1cn1b1nc1/p1p1p3p/6p2/9/P1P1P1P1P/2N1CCN2/9/1RBAKABR1 w,0.016997816,7408
1rbaka1r1/9/1cn1b1nc1/p1p1p3p/6p2/2P6/P3P1P1P/2N1CCN2/9/1RBAKABR1 b,-0.008420906,1765
1rbaka1r1/9/2n1b1nc1/p1p1p3p/6p2/2P6/Pc2P1P1P/2N1CCN2/9/1RBAKABR1 w,0.012932254,7954
1rbaka1r1/9/2n1b1nc1/p1p1p3p/6p2/2PN5/Pc2P1P1P/4CCN2/9/1RBAKABR1 b,0.0014816026,2311
1rbaka1r1/9/2n1b1n2/p1p1p3p/6p2/2PN5/Pc2P1PcP/4CCN2/9/1RBAKABR1 w,-0.011924766,7816
1rbaka1r1/9/2n1bCn2/p1p1p3p/6p2/2PN5/Pc2P1PcP/4C1N2/9/1RBAKABR1 b,0.02535331,5548
1rbakabr1/9/2n2Cn2/p1p1p3p/6p2/2PN5/Pc2P1PcP/4C1N2/9/1RBAKABR1 w,0.04585602,6061
1rbakabr1/9/2n2Cn2/p1p1N3p/6p2/2P6/Pc2P1PcP/4C1N2/9/1RBAKABR1 b,-0.025618432,1831
1rbakabr1/9/5Cn2/p1p1n3p/6p2/2P6/Pc2P1PcP/4C1N2/9/1RBAKABR1 w,0.007799667,6061
1rbakabr1/9/5Cn2/p1p1C3p/6p2/2P6/Pc2P1PcP/6N2/9/1RBAKABR1 b,-0.014534511,109
2bakabr1/9/1r3Cn2/p1p1C3p/6p2/2P6/Pc2P1PcP/6N2/9/1RBAKABR1 w,-0.00084206735,2839
2bakabr1/9/1r3Cn2/p1p5p/6p2/2P1C4/Pc2P1PcP/6N2/9/1RBAKABR1 b,-0.019456778,1733
2bakabr1/9/5rn2/p1p5p/6p2/2P1C4/Pc2P1PcP/6N2/9/1RBAKABR1 w,0,7435
2bakabr1/9/5rn2/p1p5p/6p2/2P1C4/PR2P1PcP/6N2/9/2BAKABR1 b,0.0010268611,3831
2bakabr1/9/5r3/p1p5p/5np2/2P1C4/PR2P1PcP/6N2/9/2BAKABR1 w,0.00619123,4987
2bakabr1/9/5r3/p1p5p/1R3np2/2P1C4/P3P1PcP/6N2/9/2BAKABR1 b,-0.004460755,3750
2bakabr1/9/5r3/p1p5p/1R4p2/2P1C4/P3P1ncP/6N2/9/2BAKABR1 w,0.0050324383,3372
2bakabr1/9/5r3/p1p5p/6R2/2P1C4/P3P1ncP/6N2/9/2BAKABR1 b,-0.00657011,5449
2bakabr1/9/5r3/p1p5p/6R2/2P1n4/P3P2cP/6N2/9/2BAKABR1 w,0.004916287,5269
2bakabr1/9/5r3/p1p5p/6R2/2P1P4/P6cP/6N2/9/2BAKABR1 b,-0.0045435224,2129
2bakabr1/9/5r3/p1p5p/6R2/2P1P4/P7P/6Nc1/9/2BAKABR1 w,0.008180164,3831
2bakabr1/9/5r3/p1p5p/6R2/2P1P4/P7P/6Nc1/7R1/2BAKAB2 b,-0.0040337103,2129
2bakabr1/9/9/p1p5p/6R2/2P1P4/P7P/5rNc1/7R1/2BAKAB2 w,0.012272201,3831
2bakabr1/9/9/p1p5p/6R2/2P1P4/P7P/4BrNc1/7R1/2BAKA3 b,-0.008445668,6179
2baka1r1/9/4b4/p1p5p/6R2/2P1P4/P7P/4BrNc1/7R1/2BAKA3 w,0.016663142,3840
2baka1r1/9/4b4/p1p5p/9/2P1P4/P5R1P/4BrNc1/7R1/2BAKA3 b,-0.015159991,673
2baka1r1/9/4b4/p1p5p/9/2P1Pr3/P5R1P/4B1Nc1/7R1/2BAKA3 w,0.024572568,4450
2baka1r1/9/4b4/p1p5p/9/2P1Pr3/P3R3P/4B1Nc1/7R1/2BAKA3 b,-0.017897664,4568
2baka1r1/9/4b4/p1p5p/5r3/2P1P4/P3R3P/4B1Nc1/7R1/2BAKA3 w,0.025292547,4450
2baka1r1/9/4b4/p1p5p/4Pr3/2P6/P3R3P/4B1Nc1/7R1/2BAKA3 b,-0.023862964,3713
2baka1r1/9/4b4/p1p5p/4P4/2P6/P3R3P/4BrNc1/7R1/2BAKA3 w,0.021457007,5280
2baka1r1/9/4b4/p1p5p/4P4/2P6/P5R1P/4BrNc1/7R1/2BAKA3 b,-0.021793598,283
2baka1r1/9/4b4/p7p/2p1P4/2P6/P5R1P/4BrNc1/7R1/2BAKA3 w,0.021793598,4268
2baka1r1/9/4b4/p7p/2P1P4/9/P5R1P/4BrNc1/7R1/2BAKA3 b,-0.02322546,2018
2baka1r1/9/9/p7p/2b1P4/9/P5R1P/4BrNc1/7R1/2BAKA3 w,0.015753772,7198
2baka1r1/9/9/p7p/2b1P4/9/P5R1P/4BrNc1/4A2R1/2B1KA3 b,-0.001659065,6189
2baka1r1/9/9/p7p/2b1P4/5r3/P5R1P/4B1Nc1/4A2R1/2B1KA3 w,0.036542807,6268
2baka1r1/9/9/p7p/2b1P4/5r3/P3N1R1P/4B2c1/4A2R1/2B1KA3 b,-0.030630268,283
2baka1r1/9/4b4/p7p/4P4/5r3/P3N1R1P/4B2c1/4A2R1/2B1KA3 w,0.044229116,5271
2baka1r1/9/4b4/p7p/4P4/5rN2/P5R1P/4B2c1/4A2R1/2B1KA3 b,-0.034350716,2022
2bak2r1/4a4/4b4/p7p/4P4/5rN2/P5R1P/4B2c1/4A2R1/2B1KA3 w,0.038830876,3631
2bak2r1/4a4/4b4/p7p/4P4/5rN2/P3R3P/4B2c1/4A2R1/2B1KA3 b,-0.0018966057,4551
2bak2r1/4a4/4b4/p7p/4P4/5rNc1/P3R3P/4B4/4A2R1/2B1KA3 w,0.44423363,5281
2bak2r1/4a4/4b4/p3P3p/9/5rNc1/P3R3P/4B4/4A2R1/2B1KA3 b,-0.119742125,4523
2bak2r1/4a4/9/p3P3p/6b2/5rNc1/P3R3P/4B4/4A2R1/2B1KA3 w,0.29507172,5281
2bak2r1/4a4/9/p3P3p/6b2/5rNc1/P3R2RP/4B4/4A4/2B1KA3 b,-0.068242036,4723
2bak2r1/4a4/9/4P3p/p5b2/5rNc1/P3R2RP/4B4/4A4/2B1KA3 w,0.22179605,5260
2bak2r1/4a4/9/4P3p/p3R1b2/5rNc1/P6RP/4B4/4A4/2B1KA3 b,-0.19462582,673
2bak2r1/4a4/9/4P3p/4R1b2/p4rNc1/P6RP/4B4/4A4/2B1KA3 w,0.37543598,3642
2bak2r1/4a4/9/4P3p/6R2/p4rNc1/P6RP/4B4/4A4/2B1KA3 b,-0.34593612,4104
2bak2r1/4a4/9/4P3p/6R2/5rNc1/p6RP/4B4/4A4/2B1KA3 w,0.3818512,3818
2bak2r1/4a4/9/4P3p/2R6/5rNc1/p6RP/4B4/4A4/2B1KA3 b,-0.46383303,198
2bak2r1/4a4/9/4P3p/2R6/5rNc1/1p5RP/4B4/4A4/2B1KA3 w,0.41684264,3422
2bak2r1/4a4/9/4PN2p/2R6/5r1c1/1p5RP/4B4/4A4/2B1KA3 b,-0.30605656,202
3ak2r1/4a4/b8/4PN2p/2R6/5r1c1/1p5RP/4B4/4A4/2B1KA3 w,0.29659608,3457
3ak2r1/4a4/b1R6/4PN2p/9/5r1c1/1p5RP/4B4/4A4/2B1KA3 b,-0.2850106,5014
3akr3/4a4/b1R6/4PN2p/9/5r1c1/1p5RP/4B4/4A4/2B1KA3 w,0.5086636,1825
3akr3/4a4/R8/4PN2p/9/5r1c1/1p5RP/4B4/4A4/2B1KA3 b,-0.33184657,4687
3akr3/4a4/R8/4PN2p/9/5r1c1/7RP/1p2B4/4A4/2B1KA3 w,0.65736514,1645
3akr3/4a4/6R2/4PN2p/9/5r1c1/7RP/1p2B4/4A4/2B1KA3 b,-0.37634882,4687
3ak4/4a4/5rR2/4PN2p/9/5r1c1/7RP/1p2B4/4A4/2B1KA3 w,0.5283193,2193
3ak4/4a4/5r3/4PN2p/9/5r1c1/6RRP/1p2B4/4A4/2B1KA3 b,-0.35509315,1175
3ak4/4a4/5r3/4PN2p/9/5r1c1/6RRP/2p1B4/4A4/2B1KA3 w,0.531172,6081
3ak4/4a4/5r3/4PN2p/9/5rRc1/7RP/2p1B4/4A4/2B1KA3 b,-0.50544626,4551
3ak4/4a4/5r3/4PN2p/9/6rc1/7RP/2p1B4/4A4/2B1KA3 w,0.5217757,6081
3ak4/4a4/5r3/4PN2p/9/6Bc1/7RP/2p6/4A4/2B1KA3 b,-0.5836168,4705
3ak4/4a4/5r3/4PN2p/9/6Bc1/7RP/9/2p1A4/2B1KA3 w,0.6677027,5542
3ak4/4a4/5r3/4PN2p/9/6BR1/8P/9/2p1A4/2B1KA3 b,-0.7436839,1175
3ak4/4a4/5r3/4PN2p/9/6BR1/8P/9/3pA4/2B1KA3 w,0.7120175,4714
3ak2R1/4a4/5r3/4PN2p/9/6B2/8P/9/3pA4/2B1KA3 b,-0.7217589,1175
3akr1R1/4a4/9/4PN2p/9/6B2/8P/9/3pA4/2B1KA3 w,1,2895
3akR3/4a4/9/4PN2p/9/6B2/8P/9/3pA4/2B1KA3 b,-0.6803875,365
3aka3/9/9/4PN2p/9/6B2/8P/9/3pA4/2B1KA3 w,0.99978346,5633
3aka3/6N2/9/4P3p/9/6B2/8P/9/3pA4/2B1KA3 b,-0.99960625,373
3a1a3/4k1N2/9/4P3p/9/6B2/8P/9/3pA4/2B1KA3 w,0.9997724,7533
3a1a3/4k1N2/4P4/8p/9/6B2/8P/9/3pA4/2B1KA3 b,-0.9993188,1182
3a1a3/5kN2/4P4/8p/9/6B2/8P/9/3pA4/2B1KA3 w,0.9999802,1376
3a1a3/5kN2/4P4/8p/9/9/8P/8B/3pA4/2B1KA3 b,-0.999949,463
3a5/4akN2/4P4/8p/9/9/8P/8B/3pA4/2B1KA3 w,0.9999377,1376
3a5/4akN2/4P4/8p/9/9/8P/8B/3p5/2BAKA3 b,-0.9999436,1265
3a5/4akN2/4P4/8p/9/9/8P/8B/9/2BpKA3 w,1,7734
3a5/4akN2/4P4/8p/9/9/8P/8B/4K4/2Bp1A3 b,-1,7643
3a5/4akN2/4P4/8p/9/9/8P/8B/4K4/2p2A3 w,1,1376
3a5/4ak3/4P3N/8p/9/9/8P/8B/4K4/2p2A3 b,-1,1265
3a5/4ak3/4P3N/8p/9/9/8P/8B/4K4/1p3A3 w,1,2373
3a5/4ak3/4P4/6N1p/9/9/8P/8B/4K4/1p3A3 b,-1,1265
3a1k3/4a4/4P4/6N1p/9/9/8P/8B/4K4/1p3A3 w,1,2986
3a1k3/4a2N1/4P4/8p/9/9/8P/8B/4K4/1p3A3 b,-1,454
3ak4/4a2N1/4P4/8p/9/9/8P/8B/4K4/1p3A3 w,1,5633
3ak4/4a4/4P4/8N/9/9/8P/8B/4K4/1p3A3 b,-1,1175
3ak4/4a4/4P4/8N/9/9/8P/8B/4K4/2p2A3 w,1,2003
3ak4/4a4/4P4/9/6N2/9/8P/8B/4K4/2p2A3 b,-1,365
3a1k3/4a4/4P4/9/6N2/9/8P/8B/4K4/2p2A3 w,1,6907
3a1k3/4a4/4P4/9/6N2/8P/9/8B/4K4/2p2A3 b,-1,464
3ak4/4a4/4P4/9/6N2/8P/9/8B/4K4/2p2A3 w,1,6907
3ak4/4a4/4P4/9/6N1P/9/9/8B/4K4/2p2A3 b,-1,365
3ak4/4a4/4P4/9/6N1P/9/9/8B/4K4/1p3A3 w,1,4003
3ak4/4a4/4P4/8P/6N2/9/9/8B/4K4/1p3A3 b,-1,7463
3ak4/4a4/4P4/8P/6N2/9/9/8B/4K4/2p2A3 w,1,3184
3ak4/4a4/4P4/7P1/6N2/9/9/8B/4K4/2p2A3 b,-1,7552
3a1k3/4a4/4P4/7P1/6N2/9/9/8B/4K4/2p2A3 w,1,3093
3a1k3/4a4/4P2P1/9/6N2/9/9/8B/4K4/2p2A3 b,-1,454
3ak4/4a4/4P2P1/9/6N2/9/9/8B/4K4/2p2A3 w,1,6917
3ak4/4a2P1/4P4/9/6N2/9/9/8B/4K4/2p2A3 b,-1,1191
3a1k3/4a2P1/4P4/9/6N2/9/9/8B/4K4/2p2A3 w,1,1455
3a1k3/4a1P2/4P4/9/6N2/9/9/8B/4K4/2p2A3 b,-1,7552
3ak4/4a1P2/4P4/9/6N2/9/9/8B/4K4/2p2A3 w,1,2003
3ak4/4aP3/4P4/9/6N2/9/9/8B/4K4/2p2A3 b,-1,7552
3aka3/5P3/4P4/9/6N2/9/9/8B/4K4/2p2A3 w,1,3803
3aka3/5P3/4PN3/9/9/9/9/8B/4K4/2p2A3 b,-1,283
4ka3/4aP3/4PN3/9/9/9/9/8B/4K4/2p2A3 w,1,1993
4ka3/4PP3/5N3/9/9/9/9/8B/4K4/2p2A3 b,-1,463
4k4/4aP3/5N3/9/9/9/9/8B/4K4/2p2A3 w,1,1273
4k4/4P4/5N3/9/9/9/9/8B/4K4/2p2A3 b,-1,363
5k3/4P4/5N3/9/9/9/9/8B/4K4/2p2A3 w,1,2086
rnbakabnr/9/1c5c1/p1p1p1p1p/9/9/P1P1P1P1P/1C5C1/9/RNBAKABNR w,0.014449762,5087
rnbakabnr/9/1c5c1/p1p1p1p1p/9/9/P1P1P1P1P/4C2C1/9/RNBAKABNR b,-0.012932254,110
r1bakabnr/9/1cn4c1/p1p1p1p1p/9/9/P1P1P1P1P/4C2C1/9/RNBAKABNR w,0.011422182,7445
r1bakabnr/9/1cn4c1/p1p1p1p1p/9/9/P1P1P1P1P/2N1C2C1/9/R1BAKABNR b,-0.012428113,3012
r1baka1nr/9/1cn1b2c1/p1p1p1p1p/9/9/P1P1P1P1P/2N1C2C1/9/R1BAKABNR w,0.028042147,7372
r1baka1nr/9/1cn1b2c1/p1p1p1p1p/9/9/P1P1P1P1P/2N1C2C1/9/1RBAKABNR b,-0.02165522,1
1rbaka1nr/9/1cn1b2c1/p1p1p1p1p/9/9/P1P1P1P1P/2N1C2C1/9/1RBAKABNR w,0.018024392,5087
1rbaka1nr/9/1cn1b2c1/p1p1p1p1p/9/9/P1P1P1P1P/2N1CC3/9/1RBAKABNR b,-0.012428113,2648
1rbaka2r/9/1cn1b1nc1/p1p1p1p1p/9/9/P1P1P1P1P/2N1CC3/9/1RBAKABNR w,0.019055555,5451
1rbaka2r/9/1cn1b1nc1/p1p1p1p1p/9/9/P1P1P1P1P/2N1CCN2/9/1RBAKAB1R b,-0.017510546,1765
1rbaka2r/9/1cn1b1nc1/p1p1p3p/6p2/9/P1P1P1P1P/2N1CCN2/9/1RBAKAB1R w,0.019572936,8098
1rbaka2r/9/1cn1b1nc1/p1p1p3p/6p2/9/P1P1P1P1P/2N1CCN2/9/1RBAKABR1 b,-0.014449762,727
1rbaka1r1/9/1cn1b1nc1/p1p1p3p/6p2/9/P1P1P1P1P/2N1CCN2/9/1RBAKABR1 w,0.016997816,7408
1rbaka1r1/9/1cn1b1nc1/p1p1p3p/6p2/2P6/P3P1P1P/2N1CCN2/9/1RBAKABR1 b,-0.008420906,1765
1rbaka1r1/9/2n1b1nc1/p1p1p3p/6p2/2P6/Pc2P1P1P/2N1CCN2/9/1RBAKABR1 w,0.012932254,7954
1rbaka1r1/9/2n1b1nc1/p1p1p3p/6p2/2PN5/Pc2P1P1P/4CCN2/9/1RBAKABR1 b,0.0014816026,2311
1rbaka1r1/9/2n1b1n2/p1p1p3p/6p2/2PN5/Pc2P1PcP/4CCN2/9/1RBAKABR1 w,-0.011924766,7816
1rbaka1r1/9/2n1bCn2/p1p1p3p/6p2/2PN5/Pc2P1PcP/4C1N2/9/1RBAKABR1 b,0.02535331,5548
1rbakabr1/9/2n2Cn2/p1p1p3p/6p2/2PN5/Pc2P1PcP/4C1N2/9/1RBAKABR1 w,0.04585602,6061
1rbakabr1/9/2n2Cn2/p1p1N3p/6p2/2P6/Pc2P1PcP/4C1N2/9/1RBAKABR1 b,-0.025618432,1831
1rbakabr1/9/5Cn2/p1p1n3p/6p2/2P6/Pc2P1PcP/4C1N2/9/1RBAKABR1 w,0.007799667,6061
1rbakabr1/9/5Cn2/p1p1C3p/6p2/2P6/Pc2P1PcP/6N2/9/1RBAKABR1 b,-0.014534511,109
2bakabr1/9/1r3Cn2/p1p1C3p/6p2/2P6/Pc2P1PcP/6N2/9/1RBAKABR1 w,-0.00084206735,2839
2bakabr1/9/1r3Cn2/p1p5p/6p2/2P1C4/Pc2P1PcP/6N2/9/1RBAKABR1 b,-0.019456778,1733
2bakabr1/9/5rn2/p1p5p/6p2/2P1C4/Pc2P1PcP/6N2/9/1RBAKABR1 w,0,7435
2bakabr1/9/5rn2/p1p5p/6p2/2P1C4/PR2P1PcP/6N2/9/2BAKABR1 b,0.0010268611,3831
2bakabr1/9/5r3/p1p5p/5np2/2P1C4/PR2P1PcP/6N2/9/2BAKABR1 w,0.00619123,4987
2bakabr1/9/5r3/p1p5p/1R3np2/2P1C4/P3P1PcP/6N2/9/2BAKABR1 b,-0.004460755,3750
2bakabr1/9/5r3/p1p5p/1R4p2/2P1C4/P3P1ncP/6N2/9/2BAKABR1 w,0.0050324383,3372
2bakabr1/9/5r3/p1p5p/6R2/2P1C4/P3P1ncP/6N2/9/2BAKABR1 b,-0.00657011,5449
2bakabr1/9/5r3/p1p5p/6R2/2P1n4/P3P2cP/6N2/9/2BAKABR1 w,0.004916287,5269
2bakabr1/9/5r3/p1p5p/6R2/2P1P4/P6cP/6N2/9/2BAKABR1 b,-0.0045435224,2129
2bakabr1/9/5r3/p1p5p/6R2/2P1P4/P7P/6Nc1/9/2BAKABR1 w,0.008180164,3831
2bakabr1/9/5r3/p1p3R1p/9/2P1P4/P7P/6Nc1/9/2BAKABR1 b,-0.0060857316,2092
2bakabr1/9/9/p1p3R1p/9/2P1P4/P7P/5rNc1/9/2BAKABR1 w,0.0092478,4450
2bakabr1/9/9/p1p3R1p/9/2P1P4/P7P/5rNc1/4A4/2BAK1BR1 b,-0.006865401,6179
2bakabr1/9/9/p1p3R1p/9/2P1P4/P4r2P/6Nc1/4A4/2BAK1BR1 w,0.008180164,4450
2bakabr1/9/9/p1p3R1p/9/2P1P2N1/P4r2P/7c1/4A4/2BAK1BR1 b,0.19345215,682
2bakab2/9/9/p1p3R1p/9/2P1P2r1/P4r2P/7c1/4A4/2BAK1BR1 w,-0.19131343,7897
2bakaR2/9/9/p1p5p/9/2P1P2r1/P4r2P/7c1/4A4/2BAK1BR1 b,0.55544156,6367
2bakaR2/9/9/p1p5p/9/2P1P2r1/P4r1cP/9/4A4/2BAK1BR1 w,-0.13853809,7897
2baka3/9/9/p1p3R1p/9/2P1P2r1/P4r1cP/9/4A4/2BAK1BR1 b,0.233575,4729
2baka3/9/9/p1p3R1p/9/2P1r4/P4r1cP/9/4A4/2BAK1BR1 w,-0.23896012,4905
2baka3/9/9/p1p3R1p/9/2P1r4/P4r1cP/4B4/4A4/2BAK2R1 b,0.23896012,5544
2baka3/9/9/p1p3R1p/9/2P1r4/c4r2P/4B4/4A4/2BAK2R1 w,-0.27566633,8006
2baka3/9/9/p1R5p/9/2P1r4/c4r2P/4B4/4A4/2BAK2R1 b,0.23547219,2466
2baka3/9/9/p1R5p/9/2P1r4/c7r/4B4/4A4/2BAK2R1 w,-0.24125883,2637
2baka3/9/9/R7p/9/2P1r4/c7r/4B4/4A4/2BAK2R1 b,0.19646561,4918
2baka3/9/9/R7p/9/2P1r4/4c3r/4B4/4A4/2BAK2R1 w,-0.21581113,2464
2baka3/9/9/5R2p/9/2P1r4/4c3r/4B4/4A4/2BAK2R1 b,0.2407892,283
2baka3/9/9/5R2p/9/2r6/4c3r/4B4/4A4/2BAK2R1 w,0.004699254,7736
2baka3/9/9/4R3p/9/2r6/4c3r/4B4/4A4/2BAK2R1 b,0.00015899843,283
2b1ka3/4a4/9/4R3p/9/2r6/4c3r/4B4/4A4/2BAK2R1 w,-0.00047708186,2848
2b1ka3/4a4/9/8p/9/2r6/4R3r/4B4/4A4/2BAK2R1 b,0.0005189123,5638
2b1ka3/4a4/9/8p/9/2r6/4r4/4B4/4A4/2BAK2R1 w,-0.00037613715,6077
2b1ka3/4a4/9/8p/9/2B6/4r4/9/4A4/2BAK2R1 b,0.00019609848,5282
2b1ka3/4a4/9/8p/9/2B6/3r5/9/4A4/2BAK2R1 w,0.000027938488,8009
2b1ka3/4a4/9/7Rp/9/2B6/3r5/9/4A4/2BAK4 b,0.00011184838,5192
2b1ka3/4a4/9/7Rp/9/2B6/8r/9/4A4/2BAK4 w,-0.000055886416,3088
2b1ka3/4a4/9/2R5p/9/2B6/8r/9/4A4/2BAK4 b,0.00011184838,5624
2baka3/9/9/2R5p/9/2B6/8r/9/4A4/2BAK4 w,-0.0002525807,2641
2baka3/9/9/4R3p/9/2B6/8r/9/4A4/2BAK4 b,0.000055886416,463
2bak4/4a4/9/4R3p/9/2B6/8r/9/4A4/2BAK4 w,0.000055886416,6926
2bak4/4a4/9/4R3p/9/9/8r/4B4/4A4/2BAK4 b,0.00008385323,3194
2bak4/4a4/9/4R3p/9/9/9/4B4/4A4/2BAK3r w,-0.000027938488,6926
2bak4/4a4/9/4R3p/9/9/9/4B4/9/2BAKA2r b,0.00008385323,8072
2bak4/4a4/9/4R3p/9/9/9/4B4/8r/2BAKA3 w,0.000055886416,7636
2bak4/4a4/9/4R3p/9/9/9/4B4/4A3r/2B1KA3 b,0.000055886416,7262
2bak4/4a4/9/4R3p/9/9/8r/4B4/4A4/2B1KA3 w,0,2823
2bak4/4a4/9/7Rp/9/9/8r/4B4/4A4/2B1KA3 b,0.000027938488,202
2bak4/4a4/9/7Rp/9/8r/9/4B4/4A4/2B1KA3 w,0.000027938488,3085
2bak2R1/4a4/9/8p/9/8r/9/4B4/4A4/2B1KA3 b,0.000027938488,1175
2baka1R1/9/9/8p/9/8r/9/4B4/4A4/2B1KA3 w,-0.000027938488,691
2baka3/9/9/7Rp/9/8r/9/4B4/4A4/2B1KA3 b,0.000055886416,4814
2baka3/9/9/7Rp/9/4r4/9/4B4/4A4/2B1KA3 w,0.00013988132,3095
2baka3/9/9/8R/9/4r4/9/4B4/4A4/2B1KA3 b,-0.000024006413,4432
2baka3/9/9/8R/9/9/4r4/4B4/4A4/2B1KA3 w,0.00016853193,3221
2baka3/9/9/2R6/9/9/4r4/4B4/4A4/2B1KA3 b,0,5277
2baka3/9/9/2R6/4r4/9/9/4B4/4A4/2B1KA3 w,0.0001443428,2638
2Raka3/9/9/9/4r4/9/9/4B4/4A4/2B1KA3 b,-0.000027362854,3636
2Raka3/4r4/9/9/9/9/9/4B4/4A4/2B1KA3 w,0.00013782062,209
3aka3/4r4/2R6/9/9/9/9/4B4/4A4/2B1KA3 b,-0.000013678289,1219
3aka3/7r1/2R6/9/9/9/9/4B4/4A4/2B1KA3 w,0.00022314458,1802
3aka3/7r1/2R6/9/9/9/9/9/4A4/2B1KAB2 b,-0.00004105997,1452
3aka3/3r5/2R6/9/9/9/9/9/4A4/2B1KAB2 w,0.00026710008,1829
3aka3/3r5/4R4/9/9/9/9/9/4A4/2B1KAB2 b,-0.00004105997,1093
3aka3/4r4/4R4/9/9/9/9/9/4A4/2B1KAB2 w,0.00013782062,2004
3aka3/4r4/1R7/9/9/9/9/9/4A4/2B1KAB2 b,-0.000013678289,1182
3aka3/2r6/1R7/9/9/9/9/9/4A4/2B1KAB2 w,0.00012385899,7537
3aka3/2r6/4R4/9/9/9/9/9/4A4/2B1KAB2 b,-0.000013678289,1003
3ak4/2r1a4/4R4/9/9/9/9/9/4A4/2B1KAB2 w,0.00012385899,7537
3ak4/2r1a4/6R2/9/9/9/9/9/4A4/2B1KAB2 b,-0.00025233472,1175
3ak4/4a4/6R2/2r6/9/9/9/9/4A4/2B1KAB2 w,0.00025233472,2202
3ak4/4a4/9/2r6/9/9/9/6R2/4A4/2B1KAB2 b,-0.00013782062,1175
3aka3/9/9/2r6/9/9/9/6R2/4A4/2B1KAB2 w,0.00012385899,7897
3aka3/9/9/2r6/9/9/9/4B1R2/4A4/2B1KA3 b,-0.000027362854,2641
3aka3/9/9/9/9/9/2r6/4B1R2/4A4/2B1KA3 w,0.00010995418,6243
3aka3/9/9/9/9/6R2/2r6/4B4/4A4/2B1KA3 b,-0.000027362854,5097
3aka3/9/2r6/9/9/6R2/9/4B4/4A4/2B1KA3 w,0.00026710008,4677
3aka3/9/2r6/9/9/4R4/9/4B4/4A4/2B1KA3 b,-0.00004105997,463
3ak4/4a4/2r6/9/9/4R4/9/4B4/4A4/2B1KA3 w,0.00012385899,4463
3ak4/4a4/2r6/9/9/9/4R4/4B4/4A4/2B1KA3 b,-0.00004105997,1826
3ak4/4a4/r8/9/9/9/4R4/4B4/4A4/2B1KA3 w,0.000096099815,5251
3ak4/4a4/r8/9/9/9/4R4/4B4/9/2BAKA3 b,-0.000027362854,1656
3a1k3/4a4/r8/9/9/9/4R4/4B4/9/2BAKA3 w,0.00022314458,5269
3a1k3/4a4/r8/9/9/9/5R3/4B4/9/2BAKA3 b,-0.000068517016,1643
3ak4/4a4/r8/9/9/9/5R3/4B4/9/2BAKA3 w,0.00013782062,5368
3ak4/4a4/r8/9/9/9/7R1/4B4/9/2BAKA3 b,-0.00019436395,1644
3aka3/9/r8/9/9/9/7R1/4B4/9/2BAKA3 w,0.00013782062,5548
3aka3/9/r8/9/9/9/4R4/4B4/9/2BAKA3 b,-0.00004105997,283
3ak4/4a4/r8/9/9/9/4R4/4B4/9/2BAKA3 w,0.00015184548,5251
3ak4/4a4/r8/9/9/9/6R2/4B4/9/2BAKA3 b,-0.00013782062,1645
3aka3/9/r8/9/9/9/6R2/4B4/9/2BAKA3 w,0.00019436395,5406
rnbakabnr/9/1c5c1/p1p1p1p1p/9/9/P1P1P1P1P/1C5C1/9/RNBAKABNR w,0.014449762,5087
rnbakabnr/9/1c5c1/p1p1p1p1p/9/9/P1P1P1P1P/4C2C1/9/RNBAKABNR b,-0.012932254,110
r1bakabnr/9/1cn4c1/p1p1p1p1p/9/9/P1P1P1P1P/4C2C1/9/RNBAKABNR w,0.011422182,7445
r1bakabnr/9/1cn4c1/p1p1p1p1p/9/9/P1P1P1P1P/2N1C2C1/9/R1BAKABNR b,-0.012428113,3012
r1baka1nr/9/1cn1b2c1/p1p1p1p1p/9/9/P1P1P1P1P/2N1C2C1/9/R1BAKABNR w,0.028042147,7372
r1baka1nr/9/1cn1b2c1/p1p1p1p1p/9/9/P1P1P1P1P/2N1C2C1/9/1RBAKABNR b,-0.02165522,1
1rbaka1nr/9/1cn1b2c1/p1p1p1p1p/9/9/P1P1P1P1P/2N1C2C1/9/1RBAKABNR w,0.018024392,5087
1rbaka1nr/9/1cn1b2c1/p1p1p1p1p/9/9/P1P1P1P1P/2N1CC3/9/1RBAKABNR b,-0.012428113,2648
1rbaka2r/9/1cn1b1nc1/p1p1p1p1p/9/9/P1P1P1P1P/2N1CC3/9/1RBAKABNR w,0.019055555,5451
1rbaka2r/9/1cn1b1nc1/p1p1p1p1p/9/9/P1P1P1P1P/2N1CCN2/9/1RBAKAB1R b,-0.017510546,1765
1rbaka2r/9/1cn1b1nc1/p1p1p3p/6p2/9/P1P1P1P1P/2N1CCN2/9/1RBAKAB1R w,0.019572936,8098
1rbaka2r/9/1cn1b1nc1/p1p1p3p/6p2/9/P1P1P1P1P/2N1CCN2/9/1RBAKABR1 b,-0.014449762,727
1rbaka1r1/9/1cn1b1nc1/p1p1p3p/6p2/9/P1P1P1P1P/2N1CCN2/9/1RBAKABR1 w,0.016997816,7408
1rbaka1r1/9/1cn1b1nc1/p1p1p3p/6p2/2P6/P3P1P1P/2N1CCN2/9/1RBAKABR1 b,-0.008420906,1765
1rbaka1r1/9/2n1b1nc1/p1p1p3p/6p2/2P6/Pc2P1P1P/2N1CCN2/9/1RBAKABR1 w,0.012932254,7954
1rbaka1r1/9/2n1b1nc1/p1p1p3p/6p2/2PN5/Pc2P1P1P/4CCN2/9/1RBAKABR1 b,0.0014816026,2311
1rbaka1r1/9/2n1b1n2/p1p1p3p/6p2/2PN5/Pc2P1PcP/4CCN2/9/1RBAKABR1 w,-0.011924766,7816
1rbaka1r1/9/2n1bCn2/p1p1p3p/6p2/2PN5/Pc2P1PcP/4C1N2/9/1RBAKABR1 b,0.02535331,5548
1rbakabr1/9/2n2Cn2/p1p1p3p/6p2/2PN5/Pc2P1PcP/4C1N2/9/1RBAKABR1 w,0.04585602,6061
1rbakabr1/9/2n2Cn2/p1p1N3p/6p2/2P6/Pc2P1PcP/4C1N2/9/1RBAKABR1 b,-0.025618432,1831
1rbakabr1/9/5Cn2/p1p1n3p/6p2/2P6/Pc2P1PcP/4C1N2/9/1RBAKABR1 w,0.007799667,6061
1rbakabr1/9/5Cn2/p1p1C3p/6p2/2P6/Pc2P1PcP/6N2/9/1RBAKABR1 b,-0.014534511,109
2bakabr1/9/1r3Cn2/p1p1C3p/6p2/2P6/Pc2P1PcP/6N2/9/1RBAKABR1 w,-0.00084206735,2839
2bakabr1/9/1r3Cn2/p1p5p/6p2/2P1C4/Pc2P1PcP/6N2/9/1RBAKABR1 b,-0.019456778,1733
2bakabr1/9/5rn2/p1p5p/6p2/2P1C4/Pc2P1PcP/6N2/9/1RBAKABR1 w,0,7435
2bakabr1/9/5rn2/p1p5p/6p2/2P1C4/PR2P1PcP/6N2/9/2BAKABR1 b,0.0010268611,3831
2bakabr1/9/5r3/p1p5p/5np2/2P1C4/PR2P1PcP/6N2/9/2BAKABR1 w,0.00619123,4987
2bakabr1/9/5r3/p1p5p/1R3np2/2P1C4/P3P1PcP/6N2/9/2BAKABR1 b,-0.004460755,3750
2bakabr1/9/5r3/p1p5p/1R4p2/2P1C4/P3P1ncP/6N2/9/2BAKABR1 w,0.0050324383,3372
2bakabr1/9/5r3/p1p5p/6R2/2P1C4/P3P1ncP/6N2/9/2BAKABR1 b,-0.00657011,5449
2bakabr1/9/5r3/p1p5p/6R2/2P1n4/P3P2cP/6N2/9/2BAKABR1 w,0.004916287,5269
2bakabr1/9/5r3/p1p5p/6R2/2P1P4/P6cP/6N2/9/2BAKABR1 b,-0.0045435224,2129
2bakabr1/9/5r3/p1p5p/6R2/2P1P4/P7P/6Nc1/9/2BAKABR1 w,0.008180164,3831
2bakabr1/9/5r3/p1p5p/6R2/2P1P4/P7P/6Nc1/7R1/2BAKAB2 b,-0.0040337103,2129
2bakabr1/9/9/p1p5p/6R2/2P1P4/P7P/5rNc1/7R1/2BAKAB2 w,0.012272201,3831
2bakabr1/9/9/p1p3R1p/9/2P1P4/P7P/5rNc1/7R1/2BAKAB2 b,-0.007651792,6179
3akabr1/9/4b4/p1p3R1p/9/2P1P4/P7P/5rNc1/7R1/2BAKAB2 w,0.013123236,4450
3akabr1/9/4b4/p1p3R1p/9/2P1P4/P7P/5rNc1/4A2R1/2BAK1B2 b,-0.002261765,6185
3akabr1/9/4b4/p1p3R1p/9/2P1P4/P4r2P/6Nc1/4A2R1/2BAK1B2 w,0.0050553153,4450
3akabr1/9/4b4/p1R5p/9/2P1P4/P4r2P/6Nc1/4A2R1/2BAK1B2 b,-0.001952873,5372
3akabr1/9/4b4/p1R5p/9/2P1P4/P7r/6Nc1/4A2R1/2BAK1B2 w,0.0009474528,2643
3akabr1/9/4b4/p1R5p/9/2P1PN3/P7r/7c1/4A2R1/2BAK1B2 b,0.06897468,6367
3akabr1/9/4b4/p1R5p/9/2P1PN3/P8/7c1/4A2R1/2BAK1B1r w,0.001659065,7537
3akabr1/9/4b4/p1R5p/9/2P1PN3/P8/7c1/7R1/2BAKAB1r b,0.00023679681,8097
3akabr1/9/4b4/p1R5p/9/2P1PN3/P8/7c1/7R1/2BAKAr2 w,0.0002162334,2643
3akabr1/9/4b4/p1R5p/9/2P1PN3/P8/4B2c1/7R1/3AKAr2 b,0.0012982865,7890
3akabr1/9/4b4/p1R5p/9/2P1PN3/P5r2/4B2c1/7R1/3AKA3 w,0,2645
3akabr1/9/4b4/R7p/9/2P1PN3/P5r2/4B2c1/7R1/3AKA3 b,0.00083845656,3194
3akabr1/9/4b4/R7p/9/2P1PN3/P4r3/4B2c1/7R1/3AKA3 w,-0.0012581829,2462
3akabr1/9/4b4/R5N1p/9/2P1P4/P4r3/4B2c1/7R1/3AKA3 b,0.0004191287,6361
3akabr1/9/4b4/R5N1p/9/2P1P4/P8/4Br1c1/7R1/3AKA3 w,0.00020955189,3010
3akabr1/9/4b4/R5N1p/9/2P1P4/P8/5r1c1/7R1/3AKAB2 b,0.02106374,691
3akab2/9/4b4/R5N1p/9/2P1P4/P6r1/5r1c1/7R1/3AKAB2 w,-0.006842183,3010
3akab2/9/4b4/R5N1p/9/2P1P4/P6r1/5r1c1/4A2R1/4KAB2 b,0.0971301,6183
3akab2/9/4b4/R5N1p/9/2P1P4/P4r1r1/7c1/4A2R1/4KAB2 w,-0.0004191287,7897
3akab2/9/4b4/R7p/4N4/2P1P4/P4r1r1/7c1/4A2R1/4KAB2 b,0.0004191287,463
3ak1b2/4a4/4b4/R7p/4N4/2P1P4/P4r1r1/7c1/4A2R1/4KAB2 w,-0.0014682579,7897
3ak1b2/4a4/4b4/8R/4N4/2P1P4/P4r1r1/7c1/4A2R1/4KAB2 b,0.04957691,6367
3ak1b2/4a4/4b4/8R/4N4/2P1P4/P4r1r1/4c4/4A2R1/4KAB2 w,-0.053668603,7897
3ak1b2/4a4/4b4/8R/4N4/2P1P4/P4r1r1/4B4/4A2R1/4KA3 b,0.042870972,5569
3ak1b2/4a4/4b4/8R/4N4/2P1P4/P4r3/4B4/4A2r1/4KA3 w,-0.03491299,3651
3ak1b2/4a4/4b4/6R2/4N4/2P1P4/P4r3/4B4/4A2r1/4KA3 b,0.14313439,7180
3ak1b2/4a4/4b4/6R2/4N4/2P1P4/r8/4B4/4A2r1/4KA3 w,-0.05215207,3039
3ak1b2/4a4/4b4/6R2/4N4/2P1P4/r8/9/4A2r1/2B1KA3 b,0.14765361,4916
3ak1b2/4a4/4b4/6R2/4N4/2P1P4/r6r1/9/4A4/2B1KA3 w,-0.14116107,3651
3ak1b2/4a4/4b4/6R2/9/2P1P1N2/r6r1/9/4A4/2B1KA3 b,0.118905306,5546
3ak1b2/4a4/4b4/6R2/9/2P1P1N2/7r1/9/4A4/r1B1KA3 w,-0.14276157,6924
3ak1b2/4a4/4b4/6RN1/9/2P1P4/7r1/9/4A4/r1B1KA3 b,0.16861224,7373
3ak1b2/4a4/4b4/6RN1/9/2P1P4/7r1/9/4A4/2r1KA3 w,-0.1730077,6924
3ak1b2/4a4/4b4/6RN1/9/2P1P4/7r1/9/9/2rAKA3 b,0.14215407,1193
3ak1b2/4a4/4b4/6RN1/9/2P1P4/5r3/9/9/2rAKA3 w,-0.114621185,3075
3ak1b2/4a4/4b4/6RN1/9/2P1P4/5r3/9/4A4/2rAK4 b,0.118864425,7517
3ak1b2/4a4/4b4/6RN1/9/2P1P4/2r2r3/9/4A4/3AK4 w,-0.118864425,4450
3ak1b2/4a1N2/4b4/6R2/9/2P1P4/2r2r3/9/4A4/3AK4 b,0.120308645,365
3ak1b2/4arN2/4b4/6R2/9/2P1P4/2r6/9/4A4/3AK4 w,-0.10141474,4450
3ak1b2/4ar3/4b4/6RN1/9/2P1P4/2r6/9/4A4/3AK4 b,0.1542642,5102
3ak1b2/4ar3/4b4/6RN1/9/2P1P4/8r/9/4A4/3AK4 w,-0.11743517,2976
3ak1b2/4ar3/4b4/7N1/9/2P1P4/8r/9/4A4/3AK1R2 b,0.12623723,5641
3ak1b2/4ar3/4b4/7N1/9/2P1P4/7r1/9/4A4/3AK1R2 w,-0.1091684,3111
3ak1b2/4ar3/4b4/9/9/2P1P1N2/7r1/9/4A4/3AK1R2 b,0.1292939,1175
3ak1b2/4a4/4b4/9/9/2P1PrN2/7r1/9/4A4/3AK1R2 w,-0.1091684,4268
3ak1b2/4a4/4b4/9/4P4/2P2rN2/7r1/9/4A4/3AK1R2 b,0.14553104,5548
3ak1b2/4a4/4b4/9/4P2r1/2P2rN2/9/9/4A4/3AK1R2 w,-0.14049017,3631
3ak1b2/4a4/4b4/4P4/7r1/2P2rN2/9/9/4A4/3AK1R2 b,0.120308645,4559
3ak1b2/4a4/4b4/4P4/4r4/2P2rN2/9/9/4A4/3AK1R2 w,-0.11186587,2820
3ak1b2/4a4/4P4/9/4r4/2P2rN2/9/9/4A4/3AK1R2 b,0.20855026,562
3ak1b2/4a4/4r4/9/9/2P2rN2/9/9/4A4/3AK1R2 w,-0.14104585,4652
3ak1b2/4a4/4r4/7N1/9/2P2r3/9/9/4A4/3AK1R2 b,0.21788573,365
3ak1b2/4a4/7r1/7N1/9/2P2r3/9/9/4A4/3AK1R2 w,-0.17407846,7881
3ak1R2/4a4/7r1/7N1/9/2P2r3/9/9/4A4/3AK4 b,0.20788167,1175
3akaR2/9/7r1/7N1/9/2P2r3/9/9/4A4/3AK4 w,-0.21570933,573
3aka3/9/7r1/6RN1/9/2P2r3/9/9/4A4/3AK4 b,0.23199837,4547
3aka3/9/7r1/6RN1/9/2P4r1/9/9/4A4/3AK4 w,-0.20531946,3001
3aka3/9/7r1/4R2N1/9/2P4r1/9/9/4A4/3AK4 b,0.19530529,283
4ka3/4a4/7r1/4R2N1/9/2P4r1/9/9/4A4/3AK4 w,-0.12145828,3101
4ka3/4a4/7r1/4R4/5N3/2P4r1/9/9/4A4/3AK4 b,0.20026548,4730
4ka3/4a4/7r1/4R4/5N3/2P2r3/9/9/4A4/3AK4 w,-0.21836555,3724
4ka3/4a4/7r1/4R2N1/9/2P2r3/9/9/4A4/3AK4 b,0.258001,4552
4ka3/4a4/7r1/4R2N1/9/2r6/9/9/4A4/3AK4 w,-0.197995,3101
4ka3/4a4/7r1/4R4/5N3/2r6/9/9/4A4/3AK4 b,0.63857836,2338
4ka3/4a4/9/4R4/5N3/2r6/9/9/4A4/3AK2r1 w,-0.7217589,6926
4ka3/4a4/9/4R4/5N3/2r6/9/9/9/3AKA1r1 b,0.65321463,4280
4ka3/4a4/9/4R4/5N3/5r3/9/9/9/3AKA1r1 w,-0.63487744,7636
4ka3/4a4/9/3NR4/9/5r3/9/9/9/3AKA1r1 b,0.99816203,4586
4ka3/4a4/9/3NR4/9/9/9/9/9/3AKr1r1 w,-0.99872,7726
4ka3/4a4/9/3NR4/9/9/9/9/4K4/3A1r1r1 b,0.99843377,7825
4ka3/4a4/9/3NR4/9/9/9/9/4K2r1/3A1r3 w,-0.9528009,6907
4ka3/4a4/9/3NR4/9/9/9/4K4/7r1/3A1r3 b,0.97050035,7825
4ka3/4a4/9/3NR4/9/9/9/4K4/7r1/3Ar4 w,-1,6096
4ka3/4a4/9/3NR4/9/9/9/3K5/7r1/3Ar4 b,0.99788034,7734
4ka3/4a4/9/3NR4/9/9/9/3K5/7r1/3r5 w,-0.98433965,6007
4ka3/4a4/9/3NR4/9/9/9/4K4/7r1/3r5 b,0.99676067,363
3k1a3/4a4/9/3NR4/9/9/9/4K4/7r1/3r5 w,-1,2749
3k1a3/4a4/9/4R4/9/2N6/9/4K4/7r1/3r5 b,1,7645
3k1a3/4a4/9/4R4/9/2N6/9/4K4/9/3r3r1 w,-0.6225144,2820
3k1a3/4a4/9/R8/9/2N6/9/4K4/9/3r3r1 b,1,7645
3k1a3/4a4/9/R8/9/2N6/9/4K2r1/9/3r5 w,-1,6106
3k1a3/4a4/9/R8/9/2N6/9/7r1/4K4/3r5 b,1,7635
3k1a3/4a4/9/R8/9/2N6/9/7r1/3rK4/9 w,-1,6925
3k1a3/4a4/9/R8/9/2N6/9/7r1/3r5/4K4 b,1,6388
rnbakabnr/9/1c5c1/p1p1p1p1p/9/9/P1P1P1P1P/1C5C1/9/RNBAKABNR w,0.014449762,5087
rnbakabnr/9/1c5c1/p1p1p1p1p/9/9/P1P1P1P1P/4C2C1/9/RNBAKABNR b,-0.012932254,110
r1bakabnr/9/1cn4c1/p1p1p1p1p/9/9/P1P1P1P1P/4C2C1/9/RNBAKABNR w,0.011422182,7445
r1bakabnr/9/1cn4c1/p1p1p1p1p/9/9/P1P1P1P1P/2N1C2C1/9/R1BAKABNR b,-0.012428113,3012
r1baka1nr/9/1cn1b2c1/p1p1p1p1p/9/9/P1P1P1P1P/2N1C2C1/9/R1BAKABNR w,0.028042147,7372
r1baka1nr/9/1cn1b2c1/p1p1p1p1p/9/9/P1P1P1P1P/2N1C2C1/9/1RBAKABNR b,-0.02165522,1
1rbaka1nr/9/1cn1b2c1/p1p1p1p1p/9/9/P1P1P1P1P/2N1C2C1/9/1RBAKABNR w,0.018024392,5087
1rbaka1nr/9/1cn1b2c1/p1p1p1p1p/9/9/P1P1P1P1P/2N1CC3/9/1RBAKABNR b,-0.012428113,2648
1rbaka2r/9/1cn1b1nc1/p1p1p1p1p/9/9/P1P1P1P1P/2N1CC3/9/1RBAKABNR w,0.019055555,5451
1rbaka2r/9/1cn1b1nc1/p1p1p1p1p/9/9/P1P1P1P1P/2N1CCN2/9/1RBAKAB1R b,-0.017510546,1765
1rbaka2r/9/1cn1b1nc1/p1p1p3p/6p2/9/P1P1P1P1P/2N1CCN2/9/1RBAKAB1R w,0.019572936,8098
1rbaka2r/9/1cn1b1nc1/p1p1p3p/6p2/9/P1P1P1P1P/2N1CCN2/9/1RBAKABR1 b,-0.014449762,727
1rbaka1r1/9/1cn1b1nc1/p1p1p3p/6p2/9/P1P1P1P1P/2N1CCN2/9/1RBAKABR1 w,0.016997816,7408
1rbaka1r1/9/1cn1b1nc1/p1p1p3p/6p2/2P6/P3P1P1P/2N1CCN2/9/1RBAKABR1 b,-0.008420906,1765
1rbaka1r1/9/2n1b1nc1/p1p1p3p/6p2/2P6/Pc2P1P1P/2N1CCN2/9/1RBAKABR1 w,0.012932254,7954
1rbaka1r1/9/2n1b1nc1/p1p1p3p/6p2/2PN5/Pc2P1P1P/4CCN2/9/1RBAKABR1 b,0.0014816026,2311
1rbaka1r1/9/2n1b1n2/p1p1p3p/6p2/2PN5/Pc2P1PcP/4CCN2/9/1RBAKABR1 w,-0.011924766,7816
1rbaka1r1/9/2n1bCn2/p1p1p3p/6p2/2PN5/Pc2P1PcP/4C1N2/9/1RBAKABR1 b,0.02535331,5548
1rbakabr1/9/2n2Cn2/p1p1p3p/6p2/2PN5/Pc2P1PcP/4C1N2/9/1RBAKABR1 w,0.04585602,6061
1rbakabr1/9/2n2Cn2/p1p1N3p/6p2/2P6/Pc2P1PcP/4C1N2/9/1RBAKABR1 b,-0.025618432,1831
1rbakabr1/9/5Cn2/p1p1n3p/6p2/2P6/Pc2P1PcP/4C1N2/9/1RBAKABR1 w,0.007799667,6061
1rbakabr1/9/5Cn2/p1p1C3p/6p2/2P6/Pc2P1PcP/6N2/9/1RBAKABR1 b,-0.014534511,109
2bakabr1/9/1r3Cn2/p1p1C3p/6p2/2P6/Pc2P1PcP/6N2/9/1RBAKABR1 w,-0.00084206735,2839
2bakabr1/9/1r3Cn2/p1p5p/6p2/2P1C4/Pc2P1PcP/6N2/9/1RBAKABR1 b,-0.019456778,1733
2bakabr1/9/5rn2/p1p5p/6p2/2P1C4/Pc2P1PcP/6N2/9/1RBAKABR1 w,0,7435
2bakabr1/9/5rn2/p1p5p/6p2/2P1C4/PR2P1PcP/6N2/9/2BAKABR1 b,0.0010268611,3831
2bakabr1/9/5r3/p1p5p/5np2/2P1C4/PR2P1PcP/6N2/9/2BAKABR1 w,0.00619123,4987
2bakabr1/9/5r3/p1p5p/1R3np2/2P1C4/P3P1PcP/6N2/9/2BAKABR1 b,-0.004460755,3750
2bakabr1/9/5r3/p1p5p/1R4p2/2P1C4/P3P1ncP/6N2/9/2BAKABR1 w,0.0050324383,3372
2bakabr1/9/5r3/p1p5p/6R2/2P1C4/P3P1ncP/6N2/9/2BAKABR1 b,-0.00657011,5449
2bakabr1/9/5r3/p1p5p/6R2/2P1n4/P3P2cP/6N2/9/2BAKABR1 w,0.004916287,5269
2bakabr1/9/5r3/p1p5p/6R2/2P1P4/P6cP/6N2/9/2BAKABR1 b,-0.0045435224,2129
2bakabr1/9/5r3/p1p5p/6R2/2P1P4/P7P/6Nc1/9/2BAKABR1 w,0.008180164,3831
2bakabr1/9/5r3/p1p5p/6R2/2P1P4/P7P/6Nc1/7R1/2BAKAB2 b,-0.0040337103,2129
2bakabr1/9/9/p1p5p/6R2/2P1P4/P7P/5rNc1/7R1/2BAKAB2 w,0.012272201,3831
2bakabr1/9/9/p1p5p/6R2/2P1P3P/P8/5rNc1/7R1/2BAKAB2 b,-0.0047991574,562
2baka1r1/9/4b4/p1p5p/6R2/2P1P3P/P8/5rNc1/7R1/2BAKAB2 w,0.005827204,3831
2baka1r1/9/4b4/p1p3R1p/9/2P1P3P/P8/5rNc1/7R1/2BAKAB2 b,-0.0047991574,673
2baka3/9/4b4/p1p3R1p/9/2P1P3P/P6r1/5rNc1/7R1/2BAKAB2 w,0.006865401,4450
2baka3/9/4b4/p1p3R1p/4P4/2P5P/P6r1/5rNc1/7R1/2BAKAB2 b,-0.006604802,5533
2b1ka3/4a4/4b4/p1p3R1p/4P4/2P5P/P6r1/5rNc1/7R1/2BAKAB2 w,0.007915547,3631
2b1ka3/4a4/4b4/p1p1P1R1p/9/2P5P/P6r1/5rNc1/7R1/2BAKAB2 b,-0.0092478,5533
2b1ka3/4a4/4b4/p1p1P1R1p/9/2P5P/P3r4/5rNc1/7R1/2BAKAB2 w,0.32946312,7816
2b1ka3/4a4/4b4/p1p1P1R1p/9/2P5P/P3r4/5rNc1/4R4/2BAKAB2 b,-0.008445668,5296
2b1ka3/4a4/4b4/p1p1P1R1p/9/2P5P/P8/5rNc1/4r4/2BAKAB2 w,0.0056147645,7636
2b1ka3/4a4/4b4/p1p1P1R1p/9/2P5P/P8/5rNc1/4A4/2B1KAB2 b,-0.0032803216,6179
2b1ka3/4a4/4b4/p1p1P1R1p/9/2P5P/P8/2r3Nc1/4A4/2B1KAB2 w,0.014705429,2812
2b1ka3/4a4/4P4/p1p3R1p/9/2P5P/P8/2r3Nc1/4A4/2B1KAB2 b,-0.039420463,202
4ka3/4a4/4b4/p1p3R1p/9/2P5P/P8/2r3Nc1/4A4/2B1KAB2 w,0.02527845,7537
4ka3/4a4/4b4/p1p3R1p/9/2P5P/P8/2r1B1Nc1/4A4/4KAB2 b,-0.046919905,6325
4ka3/4a4/4b4/p1p3R1p/9/2P5P/P1r6/4B1Nc1/4A4/4KAB2 w,0.059000283,6260
4ka3/4a4/4b4/p1p3R1p/9/2P2N2P/P1r6/4B2c1/4A4/4KAB2 b,-0.02969754,5094
4ka3/4a4/4b4/p1p3R1p/9/2P2N2P/r8/4B2c1/4A4/4KAB2 w,0.05247229,3004
4ka3/4a4/4b4/p1p3R1p/3N5/2P5P/r8/4B2c1/4A4/4KAB2 b,-0.03687691,1986
2b1ka3/4a4/9/p1p3R1p/3N5/2P5P/r8/4B2c1/4A4/4KAB2 w,0.07876787,2999
2b1ka3/4a4/9/p1R5p/3N5/2P5P/r8/4B2c1/4A4/4KAB2 b,-0.059581045,198
4ka3/4a4/b8/p1R5p/3N5/2P5P/r8/4B2c1/4A4/4KAB2 w,0.07898089,3532
4ka3/4a4/b8/p6Rp/3N5/2P5P/r8/4B2c1/4A4/4KAB2 b,-0.018887836,6361
4ka3/4a4/b8/p6Rp/3N5/2P5P/r6c1/4B4/4A4/4KAB2 w,0.017332442,3538
4ka3/4a4/b8/pN5Rp/9/2P5P/r6c1/4B4/4A4/4KAB2 b,-0.02534467,4917
4ka3/4a4/b8/pN5Rp/9/2P5P/r2c5/4B4/4A4/4KAB2 w,0.18509215,2531
4ka3/2N1a4/b8/p6Rp/9/2P5P/r2c5/4B4/4A4/4KAB2 b,-0.18509215,5142
4ka3/2Nca4/b8/p6Rp/9/2P5P/r8/4B4/4A4/4KAB2 w,0.18716836,3090
4ka3/2Nca4/b8/p2R4p/9/2P5P/r8/4B4/4A4/4KAB2 b,-0.16530298,363
3k1a3/2Nca4/b8/p2R4p/9/2P5P/r8/4B4/4A4/4KAB2 w,0.2089167,1008
3k1a3/3ca4/N8/p2R4p/9/2P5P/r8/4B4/4A4/4KAB2 b,-0.19015974,4915
3k1a3/3ca4/N8/p2R4p/9/2P5P/1r7/4B4/4A4/4KAB2 w,0.2038331,1631
3k1a3/3ca4/9/p1NR4p/9/2P5P/1r7/4B4/4A4/4KAB2 b,-0.18144047,1101
3k1a3/4a4/3c5/p1NR4p/9/2P5P/1r7/4B4/4A4/4KAB2 w,0.17719883,4268
3k1a3/4a4/3c5/p1NR4p/2P6/8P/1r7/4B4/4A4/4KAB2 b,-0.20150445,2466
4ka3/4a4/3c5/p1NR4p/2P6/8P/1r7/4B4/4A4/4KAB2 w,0.20150445,2735
4ka3/4a4/3c5/p1N4Rp/2P6/8P/1r7/4B4/4A4/4KAB2 b,-0.1571525,4978
4ka3/4a4/3c5/p1N4Rp/2P6/8P/2r6/4B4/4A4/4KAB2 w,0.20855026,3459
4ka3/4a4/3c5/p1N4Rp/1P7/8P/2r6/4B4/4A4/4KAB2 b,-0.14784053,5095
3cka3/4a4/9/p1N4Rp/1P7/8P/2r6/4B4/4A4/4KAB2 w,0.19015974,2632
3cka3/4a4/4N4/p6Rp/1P7/8P/2r6/4B4/4A4/4KAB2 b,-0.19015974,1193
3cka3/4a4/4N4/p6Rp/1P7/8P/6r2/4B4/4A4/4KAB2 w,0.27707016,1991
3cka3/2N1a4/9/p6Rp/1P7/8P/6r2/4B4/4A4/4KAB2 b,-0.30990812,282
4ka3/2Nca4/9/p6Rp/1P7/8P/6r2/4B4/4A4/4KAB2 w,0.31299794,3090
4ka3/2Nca4/9/p2R4p/1P7/8P/6r2/4B4/4A4/4KAB2 b,-0.32236677,363
3k1a3/2Nca4/9/p2R4p/1P7/8P/6r2/4B4/4A4/4KAB2 w,0.29771933,2727
3k1a3/2Nca4/9/R7p/1P7/8P/6r2/4B4/4A4/4KAB2 b,-0.27201703,1101
4ka3/2Nca4/9/R7p/1P7/8P/6r2/4B4/4A4/4KAB2 w,0.2808252,2460
4ka3/2Nca4/9/3R4p/1P7/8P/6r2/4B4/4A4/4KAB2 b,-0.29588488,363
3k1a3/2Nca4/9/3R4p/1P7/8P/6r2/4B4/4A4/4KAB2 w,0.30514175,2735
3k1a3/3ca4/N8/3R4p/1P7/8P/6r2/4B4/4A4/4KAB2 b,-0.28379956,5454
3k1a3/4a4/N2c5/3R4p/1P7/8P/6r2/4B4/4A4/4KAB2 w,0.32092327,2729
3k1a3/4a4/N2c5/3R4p/2P6/8P/6r2/4B4/4A4/4KAB2 b,-0.27201703,5442
3k1a3/4a4/N2c5/3R4p/2P6/8P/1r7/4B4/4A4/4KAB2 w,0.3082632,1631
3k1a3/2N1a4/3c5/3R4p/2P6/8P/1r7/4B4/4A4/4KAB2 b,-0.33059552,1902
3k1a3/2N1a4/3c5/3R4p/2P6/8P/2r6/4B4/4A4/4KAB2 w,0.40905708,1012
3k1a3/2N1a4/3c5/8p/2PR5/8P/2r6/4B4/4A4/4KAB2 b,-0.22293092,1902
3k1a3/2Nca4/9/8p/2PR5/8P/2r6/4B4/4A4/4KAB2 w,0.2129234,6924
3k1a3/3ca4/N8/8p/2PR5/8P/2r6/4B4/4A4/4KAB2 b,-0.14283447,1191
3k1a3/4a4/N2c5/8p/2PR5/8P/2r6/4B4/4A4/4KAB2 w,0.3177325,3449
3k1a3/4a4/N2c5/2P5p/3R5/8P/2r6/4B4/4A4/4KAB2 b,-0.23856182,1902
4ka3/4a4/N2c5/2P5p/3R5/8P/2r6/4B4/4A4/4KAB2 w,0.3177325,1631
4ka3/2N1a4/3c5/2P5p/3R5/8P/2r6/4B4/4A4/4KAB2 b,-0.36384907,363
3k1a3/2N1a4/3c5/2P5p/3R5/8P/2r6/4B4/4A4/4KAB2 w,0.43771747,1012
3k1a3/4a4/3cN4/2P5p/3R5/8P/2r6/4B4/4A4/4KAB2 b,-0.44133356,282
5a3/3ka4/3cN4/2P5p/3R5/8P/2r6/4B4/4A4/4KAB2 w,0.3570811,3540
5a3/3ka4/3cN4/2PR4p/9/8P/2r6/4B4/4A4/4KAB2 b,-0.43050545,5098
3k1a3/4a4/3cN4/2PR4p/9/8P/2r6/4B4/4A4/4KAB2 w,1,2721
3k1a3/4a4/2PcN4/3R4p/9/8P/2r6/4B4/4A4/4KAB2 b,-0.030140068,5060
3k1a3/4a4/2rcN4/3R4p/9/8P/9/4B4/4A4/4KAB2 w,0.025675667,2735
3k1a3/4a4/2rcN4/1R6p/9/8P/9/4B4/4A4/4KAB2 b,-0.012798427,1838
3k1a3/4a4/3cN4/1R6p/2r6/8P/9/4B4/4A4/4KAB2 w,0.018486476,2555
1R1k1a3/4a4/3cN4/8p/2r6/8P/9/4B4/4A4/4KAB2 b,-0.001661007,282
1R3a3/3ka4/3cN4/8p/2r6/8P/9/4B4/4A4/4KAB2 w,0.001661007,100
5a3/1R1ka4/3cN4/8p/2r6/8P/9/4B4/4A4/4KAB2 b,-0.002450873,1083
3k1a3/1R2a4/3cN4/8p/2r6/8P/9/4B4/4A4/4KAB2 w,0.002229861,919
3k1a3/4a4/1R1cN4/8p/2r6/8P/9/4B4/4A4/4KAB2 b,-0.002450873,282
5a3/3ka4/1R1cN4/8p/2r6/8P/9/4B4/4A4/4KAB2 w,0.002525604,2013
rnbakabnr/9/1c5c1/p1p1p1p1p/9/9/P1P1P1P1P/1C5C1/9/RNBAKABNR w,0.014449762,5087
rnbakabnr/9/1c5c1/p1p1p1p1p/9/9/P1P1P1P1P/4C2C1/9/RNBAKABNR b,-0.012932254,110
r1bakabnr/9/1cn4c1/p1p1p1p1p/9/9/P1P1P1P1P/4C2C1/9/RNBAKABNR w,0.011422182,7445
r1bakabnr/9/1cn4c1/p1p1p1p1p/9/9/P1P1P1P1P/2N1C2C1/9/R1BAKABNR b,-0.012428113,3012
r1baka1nr/9/1cn1b2c1/p1p1p1p1p/9/9/P1P1P1P1P/2N1C2C1/9/R1BAKABNR w,0.028042147,7372
r1baka1nr/9/1cn1b2c1/p1p1p1p1p/9/9/P1P1P1P1P/2N1C2C1/9/1RBAKABNR b,-0.02165522,1
1rbaka1nr/9/1cn1b2c1/p1p1p1p1p/9/9/P1P1P1P1P/2N1C2C1/9/1RBAKABNR w,0.018024392,5087
1rbaka1nr/9/1cn1b2c1/p1p1p1p1p/9/9/P1P1P1P1P/2N1CC3/9/1RBAKABNR b,-0.012428113,2648
1rbaka2r/9/1cn1b1nc1/p1p1p1p1p/9/9/P1P1P1P1P/2N1CC3/9/1RBAKABNR w,0.019055555,5451
1rbaka2r/9/1cn1b1nc1/p1p1p1p1p/9/9/P1P1P1P1P/2N1CCN2/9/1RBAKAB1R b,-0.017510546,1765
1rbaka2r/9/1cn1b1nc1/p1p1p3p/6p2/9/P1P1P1P1P/2N1CCN2/9/1RBAKAB1R w,0.019572936,8098
1rbaka2r/9/1cn1b1nc1/p1p1p3p/6p2/9/P1P1P1P1P/2N1CCN2/9/1RBAKABR1 b,-0.014449762,727
1rbaka1r1/9/1cn1b1nc1/p1p1p3p/6p2/9/P1P1P1P1P/2N1CCN2/9/1RBAKABR1 w,0.016997816,7408
1rbaka1r1/9/1cn1b1nc1/p1p1p3p/6p2/2P6/P3P1P1P/2N1CCN2/9/1RBAKABR1 b,-0.008420906,1765
1rbaka1r1/9/2n1b1nc1/p1p1p3p/6p2/2P6/Pc2P1P1P/2N1CCN2/9/1RBAKABR1 w,0.012932254,7954
1rbaka1r1/9/2n1b1nc1/p1p1p3p/6p2/2PN5/Pc2P1P1P/4CCN2/9/1RBAKABR1 b,0.0014816026,2311
1rbaka1r1/9/2n1b1n2/p1p1p3p/6p2/2PN5/Pc2P1PcP/4CCN2/9/1RBAKABR1 w,-0.011924766,7816
1rbaka1r1/9/2n1bCn2/p1p1p3p/6p2/2PN5/Pc2P1PcP/4C1N2/9/1RBAKABR1 b,0.02535331,5548
1rbakabr1/9/2n2Cn2/p1p1p3p/6p2/2PN5/Pc2P1PcP/4C1N2/9/1RBAKABR1 w,0.04585602,6061
1rbakabr1/9/2n2Cn2/p1p1N3p/6p2/2P6/Pc2P1PcP/4C1N2/9/1RBAKABR1 b,-0.025618432,1831
1rbakabr1/9/5Cn2/p1p1n3p/6p2/2P6/Pc2P1PcP/4C1N2/9/1RBAKABR1 w,0.007799667,6061
1rbakabr1/9/5Cn2/p1p1C3p/6p2/2P6/Pc2P1PcP/6N2/9/1RBAKABR1 b,-0.014534511,109
2bakabr1/9/1r3Cn2/p1p1C3p/6p2/2P6/Pc2P1PcP/6N2/9/1RBAKABR1 w,-0.00084206735,2839
2bakabr1/9/1r3Cn2/p1p5p/6p2/2P1C4/Pc2P1PcP/6N2/9/1RBAKABR1 b,-0.019456778,1733
2bakabr1/9/5rn2/p1p5p/6p2/2P1C4/Pc2P1PcP/6N2/9/1RBAKABR1 w,0,7435
2bakabr1/9/5rn2/p1p5p/6p2/2P1C4/PR2P1PcP/6N2/9/2BAKABR1 b,0.0010268611,3831
2bakabr1/9/5r3/p1p5p/5np2/2P1C4/PR2P1PcP/6N2/9/2BAKABR1 w,0.00619123,4987
2bakabr1/9/5r3/p1p5p/1R3np2/2P1C4/P3P1PcP/6N2/9/2BAKABR1 b,-0.004460755,3750
2bakabr1/9/5r3/p1p5p/1R4p2/2P1C4/P3P1ncP/6N2/9/2BAKABR1 w,0.0050324383,3372
2bakabr1/9/5r3/p1p5p/6R2/2P1C4/P3P1ncP/6N2/9/2BAKABR1 b,-0.00657011,5449
2bakabr1/9/5r3/p1p5p/6R2/2P1n4/P3P2cP/6N2/9/2BAKABR1 w,0.004916287,5269
2bakabr1/9/5r3/p1p5p/6R2/2P1P4/P6cP/6N2/9/2BAKABR1 b,-0.0045435224,2129
2bakabr1/9/5r3/p1p5p/6R2/2P1P4/P7P/6Nc1/9/2BAKABR1 w,0.008180164,3831
2bakabr1/9/5r3/p1p5p/6R2/2P1P4/P7P/6Nc1/7R1/2BAKAB2 b,-0.0040337103,2129
2bakabr1/9/9/p1p5p/6R2/2P1P4/P7P/5rNc1/7R1/2BAKAB2 w,0.012272201,3831
2bakabr1/9/9/p1p3R1p/9/2P1P4/P7P/5rNc1/7R1/2BAKAB2 b,-0.007651792,6179
2bakab2/9/9/p1p3R1p/9/2P1P4/P6rP/5rNc1/7R1/2BAKAB2 w,0.049776442,2976
2bakaR2/9/9/p1p5p/9/2P1P4/P6rP/5rNc1/7R1/2BAKAB2 b,-0.05478155,2648
2bakaR2/9/9/p1p5p/9/2P1P4/P3r3P/5rNc1/7R1/2BAKAB2 w,0.49902156,7816
2bakaR2/9/9/p1p5p/9/2P1P4/P3r3P/5rNc1/4A2R1/2B1KAB2 b,-0.23431782,6361
2bakaR2/9/9/p1p5p/9/2P1P4/P3r2cP/5rN2/4A2R1/2B1KAB2 w,0.364695,7897
2bakaR2/9/9/p1p5p/9/2P1P4/P3r2RP/5rN2/4A4/2B1KAB2 b,-0.23767887,6189
2bakaR2/9/9/p1p5p/9/2P1P4/P6rP/5rN2/4A4/2B1KAB2 w,0.44417596,6908
2bakaR2/9/9/p1p5p/9/2P1P4/P6rP/5AN2/9/2B1KAB2 b,-0.5109103,5548
2bakaR2/9/9/p1p5p/9/2P1P4/r7P/5AN2/9/2B1KAB2 w,0.4907645,591
2bakaR2/9/9/p1p5p/9/2P1PN3/r7P/5A3/9/2B1KAB2 b,-0.27707016,4918
2bakaR2/9/9/p1p5p/9/2P1PN3/8r/5A3/9/2B1KAB2 w,0.36384907,4543
2bakaR2/9/9/p1p5p/7N1/2P1P4/8r/5A3/9/2B1KAB2 b,-0.4667995,5638
2bakaR2/9/9/p1p5p/7N1/2P1P4/4r4/5A3/9/2B1KAB2 w,0.51078606,7537
2bakaR2/9/9/p1p5p/7N1/2P1P4/4r4/9/4A4/2B1KAB2 b,-0.42691028,5269
2bakaR2/9/9/p1p5p/7N1/2P1r4/9/9/4A4/2B1KAB2 w,0.3601034,3902
2bakaR2/9/9/p1p2N2p/9/2P1r4/9/9/4A4/2B1KAB2 b,-0.52095103,4457
2bakaR2/9/9/p1p2N2p/9/2r6/9/9/4A4/2B1KAB2 w,0.48633474,7533
2bakaR2/9/9/p1p2N2p/9/2r6/9/4B4/4A4/2B1KA3 b,-0.43322468,4280
2bakaR2/9/9/p1p2N2p/9/5r3/9/4B4/4A4/2B1KA3 w,0.4825165,2901
2bakaR2/9/3N5/p1p5p/9/5r3/9/4B4/4A4/2B1KA3 b,-0.39248574,373
2ba1aR2/4k4/3N5/p1p5p/9/5r3/9/4B4/4A4/2B1KA3 w,0.44829687,555
2ba1a3/4k1R2/3N5/p1p5p/9/5r3/9/4B4/4A4/2B1KA3 b,-0.4445188,1192
2ba1a3/6R2/3Nk4/p1p5p/9/5r3/9/4B4/4A4/2B1KA3 w,0.40715888,1892
2ba1a3/6R2/4k4/p1p5p/4N4/5r3/9/4B4/4A4/2B1KA3 b,-0.29630625,4532
2ba1a3/6R2/4k4/p1p2r2p/4N4/9/9/4B4/4A4/2B1KA3 w,0.28061903,1361
2ba1a3/6R2/4k4/p1p2r2p/4N4/9/9/9/4A4/2B1KAB2 b,-0.22054987,2911
2ba1a3/6R2/4k4/p1p1r3p/4N4/9/9/9/4A4/2B1KAB2 w,0.22585152,3659
2ba1a3/6R2/4k4/p1p1r3p/9/9/5N3/9/4A4/2B1KAB2 b,-0.22853598,2822
2ba1a3/6R2/4k4/p1p5p/9/9/4rN3/9/4A4/2B1KAB2 w,0.3257759,5362
2ba1a3/6R2/4k4/p1p5p/6N2/9/4r4/9/4A4/2B1KAB2 b,-0.21276578,5280
2ba1a3/6R2/4k4/p1p5p/4r1N2/9/9/9/4A4/2B1KAB2 w,0.23397194,3839
2ba1a3/9/4k1R2/p1p5p/4r1N2/9/9/9/4A4/2B1KAB2 b,-0.26247847,1993
2ba1a3/4k4/6R2/p1p5p/4r1N2/9/9/9/4A4/2B1KAB2 w,0.23397194,2175
2ba1a3/4k4/5NR2/p1p5p/4r4/9/9/9/4A4/2B1KAB2 b,-0.23124279,3631
2ba1a3/4k4/5NR2/p1p1r3p/9/9/9/9/4A4/2B1KAB2 w,0.28371572,2175
2ba1a3/4k4/5N3/p1p1r3p/9/9/9/6R2/4A4/2B1KAB2 b,-0.1440128,2822
2ba1a3/4k4/5N3/p1p2r2p/9/9/9/6R2/4A4/2B1KAB2 w,0.17687172,6225
2ba1a3/4k2N1/9/p1p2r2p/9/9/9/6R2/4A4/2B1KAB2 b,-0.0033712762,1174
2baka3/7N1/9/p1p2r2p/9/9/9/6R2/4A4/2B1KAB2 w,0.0068651466,6234
2baka3/7N1/9/p1p2r2p/9/9/9/B5R2/4A4/4KAB2 b,-0.0015344841,283
2bak4/4a2N1/9/p1p2r2p/9/9/9/B5R2/4A4/4KAB2 w,0.002476347,6216
2bak1R2/4a2N1/9/p1p2r2p/9/9/9/B8/4A4/4KAB2 b,-0.002476347,1175
2bakaR2/7N1/9/p1p2r2p/9/9/9/B8/4A4/4KAB2 w,0.0034504782,564
2bakNR2/9/9/p1p2r2p/9/9/9/B8/4A4/4KAB2 b,0.00025113768,2885
2bakrR2/9/9/p1p5p/9/9/9/B8/4A4/4KAB2 w,-0.000027938488,573
2bakR3/9/9/p1p5p/9/9/9/B8/4A4/4KAB2 b,0.021951295,365
2ba1k3/9/9/p1p5p/9/9/9/B8/4A4/4KAB2 w,-0.7123526,7734
2ba1k3/9/9/p1p5p/9/9/9/9/4A4/2B1KAB2 b,0.8203588,464
2ba1k3/9/9/p7p/2p6/9/9/9/4A4/2B1KAB2 w,-0.4213953,7897
2ba1k3/9/9/p7p/2p6/9/9/5A3/9/2B1KAB2 b,0.52271277,3467
3a1k3/9/b8/p7p/2p6/9/9/5A3/9/2B1KAB2 w,-0.47176325,7533
3a1k3/9/b8/p7p/2p6/9/9/4BA3/9/2B1KA3 b,0.20801158,2466
5k3/4a4/b8/p7p/2p6/9/9/4BA3/9/2B1KA3 w,-0.573194,7816
5k3/4a4/b8/p7p/2p6/9/9/4BA3/4A4/2B1K4 b,0.7883152,2466
5k3/9/b4a3/p7p/2p6/9/9/4BA3/4A4/2B1K4 w,-0.47176325,6926
5k3/9/b4a3/p7p/2p6/9/9/3ABA3/9/2B1K4 b,0.52271277,3194
5k3/9/b4a3/p8/2p5p/9/9/3ABA3/9/2B1K4 w,-0.4213953,7726
5k3/9/b4a3/p8/2p5p/9/9/3ABA3/9/2B2K3 b,0.62219507,464
5k3/9/b4a3/9/p1p5p/9/9/3ABA3/9/2B2K3 w,-0.9394978,7533
5k3/9/b4a3/9/p1p5p/9/9/3ABA3/9/2B1K4 b,0.8728884,464
5k3/9/b4a3/9/2p5p/p8/9/3ABA3/9/2B1K4 w,-0.47176325,7726
5k3/9/b4a3/9/2p5p/p5B2/9/3A1A3/9/2B1K4 b,0.97730315,4104
5k3/9/b4a3/9/2p5p/6B2/p8/3A1A3/9/2B1K4 w,-0.8203588,4657
5k3/9/b4a3/9/2p5p/9/p8/3A1A2B/9/2B1K4 b,0.9501048,4915
5k3/9/b4a3/9/2p5p/9/1p7/3A1A2B/9/2B1K4 w,-0.9501048,6477
5k3/9/b4a3/9/2p5p/6B2/1p7/3A1A3/9/2B1K4 b,0.9969887,5006
5k3/9/b4a3/9/2p5p/6B2/2p6/3A1A3/9/2B1K4 w,-0.97730315,4657
5k3/9/b4a3/9/2p5p/6B2/2p6/5A3/4A4/2B1K4 b,0.9501048,454
5k3/9/b4a3/9/2p6/6B1p/2p6/5A3/4A4/2B1K4 w,-0.9501048,6926
5k3/9/b4a3/9/2p6/8p/2p6/4BA3/4A4/2B1K4 b,0.92680967,5097
5k3/9/b4a3/9/2p6/8p/3p5/4BA3/4A4/2B1K4 w,-0.9589335,7533
5k3/9/b4a3/9/2p6/8p/3p5/5A3/4A4/2B1K1B2 b,0.9898341,454
5k3/9/b4a3/9/9/2p5p/3p5/5A3/4A4/2B1K1B2 w,-0.84848416,7734
5k3/9/b4a3/9/9/2p5p/3p5/4BA3/4A4/4K1B2 b,0.9589335,2083
5k3/9/b4a3/9/9/3p4p/3p5/4BA3/4A4/4K1B2 w,-0.91171074,6113
5k3/9/b4a3/9/9/3p2B1p/3p5/5A3/4A4/4K1B2 b,0.99911255,5188
5k3/9/b4a3/9/9/3p2Bp1/3p5/5A3/4A4/4K1B2 w,-0.9969887,4661
5k3/9/b4a3/9/9/3p3p1/3p5/4BA3/4A4/4K1B2 b,0.9996073,4741
5k3/9/b4a3/9/9/3p3p1/4p4/4BA3/4A4/4K1B2 w,-0.9954787,6926
5k3/9/b4a3/9/9/3p3p1/4p4/4BA3/4A4/3K2B2 b,1,5279
4k4/9/b4a3/9/9/3p3p1/4p4/4BA3/4A4/3K2B2 w,-0.9963099,6926
4k4/9/b4a3/9/9/3p3p1/4p4/4BA3/4A4/4K1B2 b,0.999985,5279
4k4/9/b4a3/9/9/3p5/4p2p1/4BA3/4A4/4K1B2 w,-0.9995185,6926
4k4/9/b4a3/9/9/2Bp5/4p2p1/5A3/4A4/4K1B2 b,1,4367
4k4/9/b4a3/9/9/2p6/4p2p1/5A3/4A4/4K1B2 w,-1,6926
4k4/9/b4a3/9/9/2p6/4p2p1/5A2B/4A4/4K4 b,1,5560
4k4/9/b4a3/9/9/3p5/4p2p1/5A2B/4A4/4K4 w,-1,7734
4k4/9/b4a3/9/9/3p5/4p2p1/5A3/4A4/4K1B2 b,1,5560
4k4/9/b4a3/9/9/3p5/4p1p2/5A3/4A4/4K1B2 w,-1,6906
4k4/9/b4a3/9/9/3p5/4p1p2/5A2B/4A4/4K4 b,1,5469
4k4/9/b4a3/9/9/3p5/4pp3/5A2B/4A4/4K4 w,-1,6477
4k4/9/b4a3/9/9/3p5/4pp3/5A2B/4A4/5K3 b,1,5287
4k4/9/b4a3/9/9/3p5/5p3/4pA2B/4A4/5K3 w,-1,6441
4k4/9/b4a3/9/9/3p2B2/5p3/4pA3/4A4/5K3 b,1,5378
4k4/9/b4a3/9/9/3p2B2/9/4pp3/4A4/5K3 w,-1,6924
4k4/9/b4a3/9/9/3p2B2/9/4pA3/9/5K3 b,1,6098
4k4/9/b4a3/9/9/3p2B2/9/5p3/9/5K3 w,-1,4661
4k4/9/b4a3/9/9/3p5/9/5p2B/9/5K3 b,1,373
4k4/9/b4a3/9/9/9/3p5/5p2B/9/5K3 w,-1,6477
4k4/9/b4a3/9/9/6B2/3p5/5p3/9/5K3 b,1,5196
4k4/9/b4a3/9/9/6B2/4p4/5p3/9/5K3 w,-1,7825
4k4/9/b4a3/9/9/6B2/4p4/5p3/9/4K4 b,1,5287
9/4k4/b4a3/9/9/6B2/4p4/5p3/9/4K4 w,-1,7726
9/4k4/b4a3/9/9/9/4p4/5p2B/9/4K4 b,1,1182
9/3k5/b4a3/9/9/9/4p4/5p2B/9/4K4 w,-1,6477
9/3k5/b4a3/9/9/9/4p4/5p2B/4K4/9 b,1,5287
9/3k5/b4a3/9/9/9/9/4pp2B/4K4/9 w,-1,6925
9/3k5/b4a3/9/9/9/9/4pp2B/9/4K4 b,1,6197
9/3k5/b4a3/9/9/9/9/4p3B/5p3/4K4 w,-1,6441
9/3k5/b4a3/9/9/6B2/9/4p4/5p3/4K4 b,1,6106
rnbakabnr/9/1c5c1/p1p1p1p1p/9/9/P1P1P1P1P/1C5C1/9/RNBAKABNR w,0.014449762,5087
rnbakabnr/9/1c5c1/p1p1p1p1p/9/9/P1P1P1P1P/4C2C1/9/RNBAKABNR b,-0.012932254,110
r1bakabnr/9/1cn4c1/p1p1p1p1p/9/9/P1P1P1P1P/4C2C1/9/RNBAKABNR w,0.011422182,7445
r1bakabnr/9/1cn4c1/p1p1p1p1p/9/9/P1P1P1P1P/2N1C2C1/9/R1BAKABNR b,-0.012428113,3012
r1baka1nr/9/1cn1b2c1/p1p1p1p1p/9/9/P1P1P1P1P/2N1C2C1/9/R1BAKABNR w,0.028042147,7372
r1baka1nr/9/1cn1b2c1/p1p1p1p1p/9/9/P1P1P1P1P/2N1C2C1/9/1RBAKABNR b,-0.02165522,1
1rbaka1nr/9/1cn1b2c1/p1p1p1p1p/9/9/P1P1P1P1P/2N1C2C1/9/1RBAKABNR w,0.018024392,5087
1rbaka1nr/9/1cn1b2c1/p1p1p1p1p/9/9/P1P1P1P1P/2N1CC3/9/1RBAKABNR b,-0.012428113,2648
1rbaka2r/9/1cn1b1nc1/p1p1p1p1p/9/9/P1P1P1P1P/2N1CC3/9/1RBAKABNR w,0.019055555,5451
1rbaka2r/9/1cn1b1nc1/p1p1p1p1p/9/9/P1P1P1P1P/2N1CCN2/9/1RBAKAB1R b,-0.017510546,1765
1rbaka2r/9/1cn1b1nc1/p1p1p3p/6p2/9/P1P1P1P1P/2N1CCN2/9/1RBAKAB1R w,0.019572936,8098
1rbaka2r/9/1cn1b1nc1/p1p1p3p/6p2/9/P1P1P1P1P/2N1CCN2/9/1RBAKABR1 b,-0.014449762,727
1rbaka1r1/9/1cn1b1nc1/p1p1p3p/6p2/9/P1P1P1P1P/2N1CCN2/9/1RBAKABR1 w,0.016997816,7408
1rbaka1r1/9/1cn1b1nc1/p1p1p3p/6p2/2P6/P3P1P1P/2N1CCN2/9/1RBAKABR1 b,-0.008420906,1765
1rbaka1r1/9/2n1b1nc1/p1p1p3p/6p2/2P6/Pc2P1P1P/2N1CCN2/9/1RBAKABR1 w,0.012932254,7954
1rbaka1r1/9/2n1b1nc1/p1p1p3p/6p2/2PN5/Pc2P1P1P/4CCN2/9/1RBAKABR1 b,0.0014816026,2311
1rbaka1r1/9/2n1b1n2/p1p1p3p/6p2/2PN5/Pc2P1PcP/4CCN2/9/1RBAKABR1 w,-0.011924766,7816
1rbaka1r1/9/2n1bCn2/p1p1p3p/6p2/2PN5/Pc2P1PcP/4C1N2/9/1RBAKABR1 b,0.02535331,5548
1rbakabr1/9/2n2Cn2/p1p1p3p/6p2/2PN5/Pc2P1PcP/4C1N2/9/1RBAKABR1 w,0.04585602,6061
1rbakabr1/9/2n2Cn2/p1p1N3p/6p2/2P6/Pc2P1PcP/4C1N2/9/1RBAKABR1 b,-0.025618432,1831
1rbakabr1/9/5Cn2/p1p1n3p/6p2/2P6/Pc2P1PcP/4C1N2/9/1RBAKABR1 w,0.007799667,6061
1rbakabr1/9/5Cn2/p1p1C3p/6p2/2P6/Pc2P1PcP/6N2/9/1RBAKABR1 b,-0.014534511,109
2bakabr1/9/1r3Cn2/p1p1C3p/6p2/2P6/Pc2P1PcP/6N2/9/1RBAKABR1 w,-0.00084206735,2839
2bakabr1/9/1r3Cn2/p1p5p/6p2/2P1C4/Pc2P1PcP/6N2/9/1RBAKABR1 b,-0.019456778,1733
2bakabr1/9/5rn2/p1p5p/6p2/2P1C4/Pc2P1PcP/6N2/9/1RBAKABR1 w,0,7435
2bakabr1/9/5rn2/p1p5p/6p2/2P1C4/PR2P1PcP/6N2/9/2BAKABR1 b,0.0010268611,3831
2bakabr1/9/5r3/p1p5p/5np2/2P1C4/PR2P1PcP/6N2/9/2BAKABR1 w,0.00619123,4987
2bakabr1/9/5r3/p1p5p/1R3np2/2P1C4/P3P1PcP/6N2/9/2BAKABR1 b,-0.004460755,3750
2bakabr1/9/5r3/p1p5p/1R4p2/2P1C4/P3P1ncP/6N2/9/2BAKABR1 w,0.0050324383,3372
2bakabr1/9/5r3/p1p5p/6R2/2P1C4/P3P1ncP/6N2/9/2BAKABR1 b,-0.00657011,5449
2bakabr1/9/5r3/p1p5p/6R2/2P1n4/P3P2cP/6N2/9/2BAKABR1 w,0.004916287,5269
2bakabr1/9/5r3/p1p5p/6R2/2P1P4/P6cP/6N2/9/2BAKABR1 b,-0.0045435224,2129
2bakabr1/9/5r3/p1p5p/6R2/2P1P4/P7P/6Nc1/9/2BAKABR1 w,0.008180164,3831
2bakabr1/9/5r3/p1p5p/6R2/2P1P4/P7P/6Nc1/7R1/2BAKAB2 b,-0.0040337103,2129
2bakabr1/9/9/p1p5p/6R2/2P1P4/P7P/5rNc1/7R1/2BAKAB2 w,0.012272201,3831
2bakabr1/9/9/p1p3R1p/9/2P1P4/P7P/5rNc1/7R1/2BAKAB2 b,-0.007651792,6179
2bakabr1/9/9/p1p3R1p/9/2P1P4/P6cP/5rN2/7R1/2BAKAB2 w,0.008180164,4450
2bakabr1/9/9/p1p5p/9/2P1P1R2/P6cP/5rN2/7R1/2BAKAB2 b,-0.0035256562,562
2bakabr1/9/9/p1p5p/9/2P1P1R2/P4r1cP/6N2/7R1/2BAKAB2 w,0.0060857316,4905
2bakabr1/9/9/p1p5p/9/2P1PNR2/P4r1cP/9/7R1/2BAKAB2 b,0.00251394,655
2baka1r1/9/4b4/p1p5p/9/2P1PNR2/P4r1cP/9/7R1/2BAKAB2 w,0.002261765,4643
2baka1r1/9/4b4/p1p5p/4P4/2P2NR2/P4r1cP/9/7R1/2BAKAB2 b,0.0005019115,673
2baka3/9/4b4/p1p5p/4P2r1/2P2NR2/P4r1cP/9/7R1/2BAKAB2 w,0.0005019115,4533
2baka3/9/4b4/p1p3N1p/4P2r1/2P3R2/P4r1cP/9/7R1/2BAKAB2 b,0,5342
2bak4/4a4/4b4/p1p3N1p/4P2r1/2P3R2/P4r1cP/9/7R1/2BAKAB2 w,0.0060857316,3631
2bak4/4a4/4b4/p1p1P1N1p/7r1/2P3R2/P4r1cP/9/7R1/2BAKAB2 b,-0.0063449214,3912
2bak1b2/4a4/9/p1p1P1N1p/7r1/2P3R2/P4r1cP/9/7R1/2BAKAB2 w,0.0092478,7897
2bak1b2/4a4/9/p1p1P1N1p/7r1/2P6/P4r1cP/9/6RR1/2BAKAB2 b,-0.0047991574,2648
2bak1b2/4a4/9/p1p1P1N1p/5r3/2P6/P4r1cP/9/6RR1/2BAKAB2 w,0.0060857316,7816
2bak1b2/4a4/9/p1p1P1N1p/5r3/2P6/P4r1cP/9/4A1RR1/2BAK1B2 b,-0.010605144,5367
2bak1b2/4a4/9/p1p1P1N1p/5r3/2P6/r6cP/9/4A1RR1/2BAK1B2 w,0.014741804,7897
2bak1b2/4a4/9/p1p1P3p/5r3/2P4N1/r6cP/9/4A1RR1/2BAK1B2 b,-0.010576017,3733
2bakrb2/4a4/9/p1p1P3p/9/2P4N1/r6cP/9/4A1RR1/2BAK1B2 w,0.013318031,4715
2bakrb2/4a4/9/p1p1P3N/9/2P6/r6cP/9/4A1RR1/2BAK1B2 b,-0.013769735,5548
2bakr3/4a4/8b/p1p1P3N/9/2P6/r6cP/9/4A1RR1/2BAK1B2 w,0.02030621,3174
2bakr3/4a4/6N1b/p1p1P4/9/2P6/r6cP/9/4A1RR1/2BAK1B2 b,-0.018738646,473
2bak4/4a4/5rN1b/p1p1P4/9/2P6/r6cP/9/4A1RR1/2BAK1B2 w,0.02030621,7897
2bak4/4a4/5r2b/p1p1P4/7N1/2P6/r6cP/9/4A1RR1/2BAK1B2 b,-0.008225777,5548
2bak4/4a4/5r2b/p1p1P4/7N1/2P6/r3c3P/9/4A1RR1/2BAK1B2 w,0.01186046,7897
2bak4/4a4/5r2b/p1p1P4/7N1/2P6/r3c3P/3A5/6RR1/2BAK1B2 b,0.001659065,5260
2bak4/4a4/5r2b/p1p1P4/4c2N1/2P6/r7P/3A5/6RR1/2BAK1B2 w,-0.00261061,3902
2bak4/4a4/5r2b/p1p1PN3/4c4/2P6/r7P/3A5/6RR1/2BAK1B2 b,0.001659065,4918
2bak4/4a4/5r2b/p1p1PN3/4c4/2P6/8r/3A5/6RR1/2BAK1B2 w,0.0013800461,2931
2bak2R1/4a4/5r2b/p1p1PN3/4c4/2P6/8r/3A5/6R2/2BAK1B2 b,0.0041627605,1175
2baka1R1/9/5r2b/p1p1PN3/4c4/2P6/8r/3A5/6R2/2BAK1B2 w,-0.0039288965,673
2baka1R1/9/5r2b/p1p1PN3/4c4/2P6/8r/3A5/5R3/2BAK1B2 b,0.008232609,5638
2baka1R1/9/5r2b/p1p1PN3/4c4/2P6/6r2/3A5/5R3/2BAK1B2 w,0.008974955,2812
2baka1R1/9/5r2b/p1p1PN3/4c4/2P6/6r2/3A4B/5R3/2BAK4 b,0.007255731,5458
2b1ka1R1/4a4/5r2b/p1p1PN3/4c4/2P6/6r2/3A4B/5R3/2BAK4 w,0.0020718346,6971
2b1ka3/4a4/5r2b/p1p1PN3/4c2R1/2P6/6r2/3A4B/5R3/2BAK4 b,0.00022985517,5458
2b1ka3/4a4/5r3/p1p1PN3/4c1bR1/2P6/6r2/3A4B/5R3/2BAK4 w,0,3940
2b1ka3/4a4/5r3/p1p1PN1R1/4c1b2/2P6/6r2/3A4B/5R3/2BAK4 b,0.0013800461,5458
2b1ka3/4a4/5r3/p1p1PN1R1/4c1b2/2P6/9/3A2r1B/5R3/2BAK4 w,0.021971853,2812
2b1ka3/4a4/5r3/p1p1PN1R1/4cRb2/2P6/9/3A2r1B/9/2BAK4 b,-0.005814537,6277
2b1ka3/4a4/5r3/p1p1PN1R1/5Rb2/2P1c4/9/3A2r1B/9/2BAK4 w,0.015873678,3112
2b1ka3/4a4/5r3/p1p1PN1R1/4R1b2/2P1c4/9/3A2r1B/9/2BAK4 b,0.013647605,6277
2b1ka3/4a4/5r3/p1p1PN1R1/4R1b2/2P5c/9/3A2r1B/9/2BAK4 w,0.009474882,4268
2b1ka3/4a4/4Pr3/p1p2N1R1/4R1b2/2P5c/9/3A2r1B/9/2BAK4 b,0.0011497987,202
4ka3/4a4/4br3/p1p2N1R1/4R1b2/2P5c/9/3A2r1B/9/2BAK4 w,-0.00089226075,3667
4ka3/4a4/4br3/p1p2N1R1/1R4b2/2P5c/9/3A2r1B/9/2BAK4 b,0.0061055874,6276
4ka3/4a4/4br3/p1p2N1R1/1R4b2/2P5c/9/3r4B/9/2BAK4 w,-0.009343452,2929
1R2ka3/4a4/4br3/p1p2N1R1/6b2/2P5c/9/3r4B/9/2BAK4 b,0.03042357,1173
1R1rka3/4a4/4br3/p1p2N1R1/6b2/2P5c/9/8B/9/2BAK4 w,-0.0014682579,93
3Rka3/4a4/4br3/p1p2N1R1/6b2/2P5c/9/8B/9/2BAK4 b,0.001919698,363
3k1a3/4a4/4br3/p1p2N1R1/6b2/2P5c/9/8B/9/2BAK4 w,-0.00063771656,2919
3k1a3/4a4/4br3/p1p4R1/3N2b2/2P5c/9/8B/9/2BAK4 b,0.00063771656,2111
3k1a3/4a4/4b4/p1p4R1/3N1rb2/2P5c/9/8B/9/2BAK4 w,-0.0009124475,3090
3k1a3/4a4/2N1b4/p1p4R1/5rb2/2P5c/9/8B/9/2BAK4 b,0.0027065026,274
4ka3/4a4/2N1b4/p1p4R1/5rb2/2P5c/9/8B/9/2BAK4 w,-0.0019361998,3089
4ka3/4a4/2N1b4/p1R6/5rb2/2P5c/9/8B/9/2BAK4 b,0.0021837081,3730
4ka3/4a4/2N1b3c/p1R6/5rb2/2P6/9/8B/9/2BAK4 w,-0.00077276264,1827
4ka3/4a4/4b3c/N1R6/5rb2/2P6/9/8B/9/2BAK4 b,0.0012145324,3730
4ka3/4a4/4b3c/N1R6/4r1b2/2P6/9/8B/9/2BAK4 w,-0.0011324884,7636
4ka3/4a4/4b3c/N1R6/4r1b2/2P6/9/8B/4A4/2B1K4 b,0.00080638094,3649
4ka3/4a4/4b3c/N1R6/r5b2/2P6/9/8B/4A4/2B1K4 w,-0.00032166508,7537
4ka3/4a4/4b3c/N1R6/r1P3b2/9/9/8B/4A4/2B1K4 b,0.00072529097,3285
4ka3/4a4/8c/N1R6/r1b3b2/9/9/8B/4A4/2B1K4 w,-0.0006026187,2468
4ka3/4a4/8c/2R6/r1N3b2/9/9/8B/4A4/2B1K4 b,0.0006622772,2362
4ka3/4a4/4b3c/2R6/r1N6/9/9/8B/4A4/2B1K4 w,-0.00011987348,3477
4ka3/4a4/4b3c/2R6/r8/4N4/9/8B/4A4/2B1K4 b,0.000059929822,3280
4ka3/4a4/4b3c/2R6/4r4/4N4/9/8B/4A4/2B1K4 w,0,4478
4ka3/4a4/4b3c/9/4r4/2R1N4/9/8B/4A4/2B1K4 b,0.00023985772,2018
4ka3/4a4/4b3c/4r4/9/2R1N4/9/8B/4A4/2B1K4 w,-0.00011987348,6477
4ka3/4a4/4b3c/4r4/9/1R2N4/9/8B/4A4/2B1K4 b,0.000845329,1982
2b1ka3/4a4/8c/4r4/9/1R2N4/9/8B/4A4/2B1K4 w,-0.00054103084,7537
2b1ka3/4a4/8c/4r4/9/2R1N4/9/8B/4A4/2B1K4 b,0.00042028428,1173
rnbakabnr/9/1c5c1/p1p1p1p1p/9/9/P1P1P1P1P/1C5C1/9/RNBAKABNR w,0.014449762,5087
rnbakabnr/9/1c5c1/p1p1p1p1p/9/9/P1P1P1P1P/4C2C1/9/RNBAKABNR b,-0.012932254,110
r1bakabnr/9/1cn4c1/p1p1p1p1p/9/9/P1P1P1P1P/4C2C1/9/RNBAKABNR w,0.011422182,7445
r1bakabnr/9/1cn4c1/p1p1p1p1p/9/9/P1P1P1P1P/2N1C2C1/9/R1BAKABNR b,-0.012428113,3012
r1baka1nr/9/1cn1b2c1/p1p1p1p1p/9/9/P1P1P1P1P/2N1C2C1/9/R1BAKABNR w,0.028042147,7372
r1baka1nr/9/1cn1b2c1/p1p1p1p1p/9/9/P1P1P1P1P/2N1C2C1/9/1RBAKABNR b,-0.02165522,1
1rbaka1nr/9/1cn1b2c1/p1p1p1p1p/9/9/P1P1P1P1P/2N1C2C1/9/1RBAKABNR w,0.018024392,5087
1rbaka1nr/9/1cn1b2c1/p1p1p1p1p/9/9/P1P1P1P1P/2N1CC3/9/1RBAKABNR b,-0.012428113,2648
1rbaka2r/9/1cn1b1nc1/p1p1p1p1p/9/9/P1P1P1P1P/2N1CC3/9/1RBAKABNR w,0.019055555,5451
1rbaka2r/9/1cn1b1nc1/p1p1p1p1p/9/9/P1P1P1P1P/2N1CCN2/9/1RBAKAB1R b,-0.017510546,1765
1rbaka2r/9/1cn1b1nc1/p1p1p3p/6p2/9/P1P1P1P1P/2N1CCN2/9/1RBAKAB1R w,0.019572936,8098
1rbaka2r/9/1cn1b1nc1/p1p1p3p/6p2/9/P1P1P1P1P/2N1CCN2/9/1RBAKABR1 b,-0.014449762,727
1rbaka1r1/9/1cn1b1nc1/p1p1p3p/6p2/9/P1P1P1P1P/2N1CCN2/9/1RBAKABR1 w,0.016997816,7408
1rbaka1r1/9/1cn1b1nc1/p1p1p3p/6p2/2P6/P3P1P1P/2N1CCN2/9/1RBAKABR1 b,-0.008420906,1765
1rbaka1r1/9/2n1b1nc1/p1p1p3p/6p2/2P6/Pc2P1P1P/2N1CCN2/9/1RBAKABR1 w,0.012932254,7954
1rbaka1r1/9/2n1b1nc1/p1p1p3p/6p2/2PN5/Pc2P1P1P/4CCN2/9/1RBAKABR1 b,0.0014816026,2311
1rbaka1r1/9/2n1b1n2/p1p1p3p/6p2/2PN5/Pc2P1PcP/4CCN2/9/1RBAKABR1 w,-0.011924766,7816
1rbaka1r1/9/2n1bCn2/p1p1p3p/6p2/2PN5/Pc2P1PcP/4C1N2/9/1RBAKABR1 b,0.02535331,5548
1rbakabr1/9/2n2Cn2/p1p1p3p/6p2/2PN5/Pc2P1PcP/4C1N2/9/1RBAKABR1 w,0.04585602,6061
1rbakabr1/9/2n2Cn2/p1p1N3p/6p2/2P6/Pc2P1PcP/4C1N2/9/1RBAKABR1 b,-0.025618432,1831
1rbakabr1/9/5Cn2/p1p1n3p/6p2/2P6/Pc2P1PcP/4C1N2/9/1RBAKABR1 w,0.007799667,6061
1rbakabr1/9/5Cn2/p1p1C3p/6p2/2P6/Pc2P1PcP/6N2/9/1RBAKABR1 b,-0.014534511,109
2bakabr1/9/1r3Cn2/p1p1C3p/6p2/2P6/Pc2P1PcP/6N2/9/1RBAKABR1 w,-0.00084206735,2839
2bakabr1/9/1r3Cn2/p1p5p/6p2/2P1C4/Pc2P1PcP/6N2/9/1RBAKABR1 b,-0.019456778,1733
2bakabr1/9/5rn2/p1p5p/6p2/2P1C4/Pc2P1PcP/6N2/9/1RBAKABR1 w,0,7435
2bakabr1/9/5rn2/p1p5p/6p2/2P1C4/PR2P1PcP/6N2/9/2BAKABR1 b,0.0010268611,3831
2bakabr1/9/6n2/p1p5p/6p2/2P1C4/PR2PrPcP/6N2/9/2BAKABR1 w,0.39088708,4969
2bakabr1/9/6n2/p1p5p/1R4p2/2P1C4/P3PrPcP/6N2/9/2BAKABR1 b,-0.1593855,3831
2bakabr1/9/9/p1p5p/1R3np2/2P1C4/P3PrPcP/6N2/9/2BAKABR1 w,0.6604994,3370
2bakabr1/9/9/p1p5p/1R3np2/2P1C4/P3PrPcP/6N2/4A4/2BAK1BR1 b,-0.15526117,2648
2bakabr1/9/9/p1p5p/1R4p2/2P1C4/P3nrPcP/6N2/4A4/2BAK1BR1 w,0.54247665,3370
2bakabr1/9/9/p1p5p/1R4p2/2P1C4/P3nrPcP/4B1N2/4A4/2BAK2R1 b,-0.003012657,5360
2bakabr1/9/9/p1p5p/1R4p2/2P1C4/P3n1rcP/4B1N2/4A4/2BAK2R1 w,0.28532687,3370
2bakabr1/9/9/p1p5p/4R1p2/2P1C4/P3n1rcP/4B1N2/4A4/2BAK2R1 b,-0.7030103,562
2baka1r1/9/4b4/p1p5p/4R1p2/2P1C4/P3n1rcP/4B1N2/4A4/2BAK2R1 w,0.764984,3622
2baka1r1/9/4b4/p1p5p/4R1p2/2P1C4/P3N1rcP/4B4/4A4/2BAK2R1 b,-0.27723405,283
2baka1r1/9/4b4/p1p5p/4R1p2/2P1C4/P3r2cP/4B4/4A4/2BAK2R1 w,0.60003525,3622
2baka1r1/9/4R4/p1p5p/6p2/2P1C4/P3r2cP/4B4/4A4/2BAK2R1 b,-0.48800403,283
2bak2r1/4a4/4R4/p1p5p/6p2/2P1C4/P3r2cP/4B4/4A4/2BAK2R1 w,0.73295736,2005
2bak2r1/4a4/7R1/p1p5p/6p2/2P1C4/P3r2cP/4B4/4A4/2BAK2R1 b,-0.69939923,1175
2baka1r1/9/7R1/p1p5p/6p2/2P1C4/P3r2cP/4B4/4A4/2BAK2R1 w,0.6757428,2257
2baka1R1/9/9/p1p5p/6p2/2P1C4/P3r2cP/4B4/4A4/2BAK2R1 b,-0.6824469,5269
2baka1R1/9/9/p1p5p/6p2/2P1C4/c3r3P/4B4/4A4/2BAK2R1 w,0.94413877,8006
2baka1R1/9/9/p1p5p/6p2/2P2C3/c3r3P/4B4/4A4/2BAK2R1 b,-0.6430792,4941
2baka1R1/9/9/p1p5p/9/2P2Cp2/c3r3P/4B4/4A4/2BAK2R1 w,0.65930617,4532
2baka1R1/9/9/p1p5p/9/2P2CB2/c3r3P/9/4A4/2BAK2R1 b,-0.53049904,5282
2baka1R1/9/9/p1p5p/9/2P2CB2/4r3P/9/4A4/c1BAK2R1 w,0.5691407,7990
2baka3/9/9/p1p4Rp/9/2P2CB2/4r3P/9/4A4/c1BAK2R1 b,-0.24903263,5296
2baka3/9/9/p1p4Rp/9/2P2CB2/8P/9/4r4/c1BAK2R1 w,0.39117795,7736
2baka3/9/9/p1p4Rp/9/2P2CB2/8P/9/4r4/c1BA1K1R1 b,-0.32113007,6889
2baka3/9/9/p1p4Rp/9/2P2CB2/4r3P/9/9/c1BA1K1R1 w,0.60810894,7981
2baka3/9/9/p1p4Rp/9/2P3B2/4r3P/5C3/9/c1BA1K1R1 b,-0.39117795,5277
2baka3/9/9/p1p4Rp/9/2P3B2/3r4P/5C3/9/c1BA1K1R1 w,0.108100526,3091
2baka3/9/9/p1p1R3p/9/2P3B2/3r4P/5C3/9/c1BA1K1R1 b,-0.27997229,202
2b1ka3/4a4/9/p1p1R3p/9/2P3B2/3r4P/5C3/9/c1BA1K1R1 w,0.23113099,6186
2b1ka1R1/4a4/9/p1p1R3p/9/2P3B2/3r4P/5C3/9/c1BA1K3 b,-0.007160933,5214
2b1ka1R1/4a4/9/p1p1R3p/9/2P3B2/8P/5C3/9/c1Br1K3 w,0.009703188,7817
2b1ka1R1/4a4/9/p1p1R3p/9/2P3B2/8P/5C3/5K3/c1Br5 b,-0.006899965,7635
2b1ka1R1/4a4/9/p1p1R3p/9/2P3B2/8P/5C3/3r1K3/c1B6 w,0.0065921536,2866
2b1ka1R1/4a4/9/p1p5p/9/2P3B2/8P/5C3/3rRK3/c1B6 b,-0.0106020635,7362
2b1ka1R1/4a4/9/p1p5p/9/2P3B2/8P/5C3/c2rRK3/2B6 w,0.009353989,6187
2b1ka1R1/4a4/9/p1p5p/9/2P3B2/8P/5C3/c2rR4/2B2K3 b,0.00156177,6556
2b1ka1R1/4a4/9/p1p5p/9/2P3B2/8P/5C3/c3r4/2B2K3 w,0.00030081754,664
2b1ka1R1/4a4/9/p1p5p/9/2P3B2/8P/4C4/c3r4/2B2K3 b,0.0008302083,1193
2bk1a1R1/4a4/9/p1p5p/9/2P3B2/8P/4C4/c3r4/2B2K3 w,0.0007541962,664
2bk1a3/4a4/9/p1p4Rp/9/2P3B2/8P/4C4/c3r4/2B2K3 b,-0.0008302083,6915
2bk1a3/4a4/9/p1p4Rp/9/2P3B2/8P/4C4/c2r5/2B2K3 w,0.0010593245,3089
2bk1a3/4a4/9/p1R5p/9/2P3B2/8P/4C4/c2r5/2B2K3 b,-0.00056138873,6561
2bk1a3/4a4/9/p1R5p/9/2P3B2/8P/4C4/c8/2Br1K3 w,0.0015668462,7817
2bk1a3/4a4/9/p1R5p/9/2P3B2/8P/4C4/c4K3/2Br5 b,-0.0007734663,7635
2bk1a3/4a4/9/p1R5p/9/2P3B2/8P/4C4/c2r1K3/2B6 w,0,6998
2bk1a3/4a4/9/p1R5p/9/2P3B2/8P/4C4/c2r5/2B2K3 b,-0.00056138873,6561
2bk1a3/4a4/9/p1R6/8p/2P3B2/8P/4C4/c2r5/2B2K3 w,0.016018191,2612
2bk1a3/4a4/9/R8/8p/2P3B2/8P/4C4/c2r5/2B2K3 b,-0.005514089,6834
2bk1a3/4a4/9/R8/8p/2P3B2/8P/4C4/1c1r5/2B2K3 w,0.0073566437,4268
R1bk1a3/4a4/9/9/8p/2P3B2/8P/4C4/1c1r5/2B2K3 b,-0.008425705,6644
R1bk1a3/4a4/9/9/8p/2P3B2/8P/4C4/1c7/2Br1K3 w,0.005006405,7817
R1bk1a3/4a4/9/9/8p/2P3B2/8P/4C4/1c3K3/2Br5 b,-0.011108001,7635
R1bk1a3/4a4/9/9/8p/2P3B2/8P/4C4/1c3K3/2r6 w,0.012642561,2
2Rk1a3/4a4/9/9/8p/2P3B2/8P/4C4/1c3K3/2r6 b,-0.007118441,282
2R2a3/3ka4/9/9/8p/2P3B2/8P/4C4/1c3K3/2r6 w,0.0072471113,191
1R3a3/3ka4/9/9/8p/2P3B2/8P/4C4/1c3K3/2r6 b,-0.0022085286,6642
1R3a3/3ka4/9/9/8p/2r3B2/8P/4C4/1c3K3/9 w,0.0069703455,163
5a3/3ka4/9/9/8p/2r3B2/8P/4C4/1R3K3/9 b,-0.0029243499,4281
5a3/3ka4/9/9/8p/6r2/8P/4C4/1R3K3/9 w,0.0017872795,6645
5a3/1R1ka4/9/9/8p/6r2/8P/4C4/5K3/9 b,-0.0004764896,1101
3k1a3/1R2a4/9/9/8p/6r2/8P/4C4/5K3/9 w,0.0060394173,937
1R1k1a3/4a4/9/9/8p/6r2/8P/4C4/5K3/9 b,-0.001079396,282
1R3a3/3ka4/9/9/8p/6r2/8P/4C4/5K3/9 w,0.0007332701,100
1R3a3/3ka4/9/9/8p/6r2/8P/3C5/5K3/9 b,-0.00027714562,4013
1R3a3/3ka4/9/9/8p/9/6r1P/3C5/5K3/9 w,0.00097462296,127
5a3/3ka4/9/9/1R6p/9/6r1P/3C5/5K3/9 b,-0.0011648964,5459
3k1a3/4a4/9/9/1R6p/9/6r1P/3C5/5K3/9 w,0.043512706,3374
3k1a3/4a4/9/9/R7p/9/6r1P/3C5/5K3/9 b,-0.00014819318,5462
4ka3/4a4/9/9/R7p/9/6r1P/3C5/5K3/9 w,0.15141939,7006
4ka3/4a4/9/9/R7p/9/6r1P/4C4/5K3/9 b,-0.07455883,1191
4ka3/9/3a5/9/R7p/9/6r1P/4C4/5K3/9 w,0.11440151,3284
4ka3/9/3a5/9/R7p/9/6r1P/4C4/4K4/9 b,-0.00027714562,5462
4ka3/9/3a5/9/R7p/9/8r/4C4/4K4/9 w,0.00044881096,3280
4ka3/9/3a5/9/R7p/9/8r/4C4/3K5/9 b,-0.0000128868605,5637
4ka3/9/3a5/9/R7p/9/3r5/4C4/3K5/9 w,-0.000008586281,6826
4ka3/9/3a5/9/R7p/9/3r5/4C4/4K4/9 b,-0.000004291653,4013
3k1a3/9/3a5/9/R7p/9/3r5/4C4/4K4/9 w,0.00015414588,3240
R2k1a3/9/3a5/9/8p/9/3r5/4C4/4K4/9 b,-0.00004786529,282
R4a3/3k5/3a5/9/8p/9/3r5/4C4/4K4/9 w,0.00007540958,9
5R3/3k5/3a5/9/8p/9/3r5/4C4/4K4/9 b,0,4013
5R3/3ka4/9/9/8p/9/3r5/4C4/4K4/9 w,0.000025166946,491
4R4/3ka4/9/9/8p/9/3r5/4C4/4K4/9 b,0.000012309329,5205
4R4/3ka4/9/9/9/8p/3r5/4C4/4K4/9 w,-0.0000105302215,360
4R4/3ka4/9/9/9/8p/3r5/6C2/4K4/9 b,0.000025166946,5188
4R4/3ka4/9/9/9/8p/4r4/6C2/4K4/9 w,-0.0000105302215,6277
4R4/3ka4/9/9/9/8p/4r4/6C2/5K3/9 b,0.000035002184,4832
4R4/3ka4/9/9/9/8p/6r2/6C2/5K3/9 w,-0.000025166946,7006
4R4/3ka4/9/9/9/8p/6r2/3C5/5K3/9 b,0.000050158706,5478
4R4/3ka4/9/9/9/8p/5r3/3C5/5K3/9 w,-0.000012309329,7006
4R4/3ka4/9/9/9/8p/5r3/3C5/4K4/9 b,0.000014099584,5368
4R4/3ka4/9/9/9/8p/4r4/3C5/4K4/9 w,-0.0000052437254,6007
4R4/3ka4/9/9/9/8p/4r4/3C5/5K3/9 b,0.000039145554,5305
4R4/3ka4/9/9/9/7p1/4r4/3C5/5K3/9 w,-0.000030985648,367
4R4/3ka4/9/9/9/7p1/4r4/3C5/9/5K3 b,0.00008176307,5287
4R4/3ka4/9/9/9/9/4r2p1/3C5/9/5K3 w,-0.00003297898,367
4R4/3ka4/9/9/9/9/4r2p1/9/9/3C1K3 b,0.0005689326,1101
4R4/3ka4/9/9/9/9/4r1p2/9/9/3C1K3 w,-0.000062309635,366
6R2/3ka4/9/9/9/9/4r1p2/9/9/3C1K3 b,0.000078782825,5279
6R2/3k5/5a3/9/9/9/4r1p2/9/9/3C1K3 w,-0.00006754931,7635
9/3k5/5aR2/9/9/9/4r1p2/9/9/3C1K3 b,0.002890467,1093
9/4k4/5aR2/9/9/9/4r1p2/9/9/3C1K3 w,-0.03505419,7635
9/4k4/5R3/9/9/9/4r1p2/9/9/3C1K3 b,0.9658754,5305
9/4k4/5R3/9/9/9/4r4/6p2/9/3C1K3 w,-0.99999857,2084
9/4kR3/9/9/9/9/4r4/6p2/9/3C1K3 b,0.99999887,1192
4k4/5R3/9/9/9/9/4r4/6p2/9/3C1K3 w,-0.9999983,1265
4kR3/9/9/9/9/9/4r4/6p2/9/3C1K3 b,0.99999523,373
5R3/4k4/9/9/9/9/4r4/6p2/9/3C1K3 w,-0.9999987,464
5R3/4k4/9/9/9/9/4r4/3C2p2/9/5K3 b,1,5305
5R3/4k4/9/9/9/9/4r4/3C5/6p2/5K3 w,-1,464
9/4kR3/9/9/9/9/4r4/3C5/6p2/5K3 b,0.99999976,1192
4k4/5R3/9/9/9/9/4r4/3C5/6p2/5K3 w,-1,1265
4kR3/9/9/9/9/9/4r4/3C5/6p2/5K3 b,0.99999964,373
5R3/4k4/9/9/9/9/4r4/3C5/6p2/5K3 w,-1,464
5R3/4k4/9/9/9/9/4r4/4C4/6p2/5K3 b,1,5287
5R3/4k4/9/9/9/9/9/4r4/6p2/5K3 w,-1,464
9/4kR3/9/9/9/9/9/4r4/6p2/5K3 b,1,1174
4k4/5R3/9/9/9/9/9/4r4/6p2/5K3 w,-1,1265
4kR3/9/9/9/9/9/9/4r4/6p2/5K3 b,1,373
5R3/4k4/9/9/9/9/9/4r4/6p2/5K3 w,-1,464
4R4/4k4/9/9/9/9/9/4r4/6p2/5K3 b,1,1174
rnbakabnr/9/1c5c1/p1p1p1p1p/9/9/P1P1P1P1P/1C5C1/9/RNBAKABNR w,0.014449762,5087
rnbakabnr/9/1c5c1/p1p1p1p1p/9/9/P1P1P1P1P/4C2C1/9/RNBAKABNR b,-0.012932254,110
r1bakabnr/9/1cn4c1/p1p1p1p1p/9/9/P1P1P1P1P/4C2C1/9/RNBAKABNR w,0.011422182,7445
r1bakabnr/9/1cn4c1/p1p1p1p1p/9/9/P1P1P1P1P/2N1C2C1/9/R1BAKABNR b,-0.012428113,3012
r1baka1nr/9/1cn1b2c1/p1p1p1p1p/9/9/P1P1P1P1P/2N1C2C1/9/R1BAKABNR w,0.028042147,7372
r1baka1nr/9/1cn1b2c1/p1p1p1p1p/9/9/P1P1P1P1P/2N1C2C1/9/1RBAKABNR b,-0.02165522,1
1rbaka1nr/9/1cn1b2c1/p1p1p1p1p/9/9/P1P1P1P1P/2N1C2C1/9/1RBAKABNR w,0.018024392,5087
1rbaka1nr/9/1cn1b2c1/p1p1p1p1p/9/9/P1P1P1P1P/2N1CC3/9/1RBAKABNR b,-0.012428113,2648
1rbaka2r/9/1cn1b1nc1/p1p1p1p1p/9/9/P1P1P1P1P/2N1CC3/9/1RBAKABNR w,0.019055555,5451
1rbaka2r/9/1cn1b1nc1/p1p1p1p1p/9/9/P1P1P1P1P/2N1CCN2/9/1RBAKAB1R b,-0.017510546,1765
1rbaka2r/9/1cn1b1nc1/p1p1p3p/6p2/9/P1P1P1P1P/2N1CCN2/9/1RBAKAB1R w,0.019572936,8098
1rbaka2r/9/1cn1b1nc1/p1p1p3p/6p2/9/P1P1P1P1P/2N1CCN2/9/1RBAKABR1 b,-0.014449762,727
1rbaka1r1/9/1cn1b1nc1/p1p1p3p/6p2/9/P1P1P1P1P/2N1CCN2/9/1RBAKABR1 w,0.016997816,7408
1rbaka1r1/9/1cn1b1nc1/p1p1p3p/6p2/2P6/P3P1P1P/2N1CCN2/9/1RBAKABR1 b,-0.008420906,1765
1rbaka1r1/9/2n1b1nc1/p1p1p3p/6p2/2P6/Pc2P1P1P/2N1CCN2/9/1RBAKABR1 w,0.012932254,7954
1rbaka1r1/9/2n1b1nc1/p1p1p3p/6p2/2PN5/Pc2P1P1P/4CCN2/9/1RBAKABR1 b,0.0014816026,2311
1rbaka1r1/9/2n1b1n2/p1p1p3p/6p2/2PN5/Pc2P1PcP/4CCN2/9/1RBAKABR1 w,-0.011924766,7816
1rbaka1r1/9/2n1bCn2/p1p1p3p/6p2/2PN5/Pc2P1PcP/4C1N2/9/1RBAKABR1 b,0.02535331,5548
1rbakabr1/9/2n2Cn2/p1p1p3p/6p2/2PN5/Pc2P1PcP/4C1N2/9/1RBAKABR1 w,0.04585602,6061
1rbakabr1/9/2n2Cn2/p1p1N3p/6p2/2P6/Pc2P1PcP/4C1N2/9/1RBAKABR1 b,-0.025618432,1831
1rbakabr1/9/5Cn2/p1p1n3p/6p2/2P6/Pc2P1PcP/4C1N2/9/1RBAKABR1 w,0.007799667,6061
1rbakabr1/9/5Cn2/p1p1C3p/6p2/2P6/Pc2P1PcP/6N2/9/1RBAKABR1 b,-0.014534511,109
2bakabr1/9/1r3Cn2/p1p1C3p/6p2/2P6/Pc2P1PcP/6N2/9/1RBAKABR1 w,-0.00084206735,2839
2bakabr1/9/1r3Cn2/p1p5p/6p2/2P1C4/Pc2P1PcP/6N2/9/1RBAKABR1 b,-0.019456778,1733
2bakabr1/9/5rn2/p1p5p/6p2/2P1C4/Pc2P1PcP/6N2/9/1RBAKABR1 w,0,7435
2bakabr1/9/5rn2/p1p5p/6p2/2P1C4/PR2P1PcP/6N2/9/2BAKABR1 b,0.0010268611,3831
2bakabr1/9/6n2/p1p5p/6p2/2P1C4/PR2P1PcP/5rN2/9/2BAKABR1 w,0.091511466,4969
2bakabr1/9/6n2/p1p5p/6p2/2P1C4/PR2P1PcP/5r3/8N/2BAKABR1 b,-0.023718612,5542
2bakabr1/9/6n2/p1p5p/6p2/2P1C4/PR2P1P1P/5r3/7cN/2BAKABR1 w,0.05298353,4969
2bakabr1/9/6n2/p1p5p/6p2/2P1C4/PR2P1P1P/4Br3/7cN/2BAKA1R1 b,-0.004805894,6179
2bakabr1/9/6n2/p1p5p/6p2/2P1C4/PR2PrP1P/4B4/7cN/2BAKA1R1 w,0.012932266,7636
2bakabr1/9/6n2/p1p5p/6p2/2P1C4/PR2PrP1P/4B4/4A2cN/2BAK2R1 b,-0.0027406274,5370
2bakabr1/9/6n2/p1p5p/6p2/2P1C4/PR2P1r1P/4B4/4A2cN/2BAK2R1 w,0.0087845875,5007
2bakabr1/9/6n2/p1p5p/6p2/2P1C4/P2RP1r1P/4B4/4A2cN/2BAK2R1 b,-0.00033431983,682
2bakabr1/9/6n2/p1p5p/6p2/2P1C4/P2RP3r/4B4/4A2cN/2BAK2R1 w,0.038490813,8006
2bakabr1/9/6n2/p1p5p/6p2/2P1C4/P2RP3r/4B4/4A2cN/2BAK1R2 b,-0.04741884,673
2bakabr1/9/6n2/p1p5p/6p2/2P1C4/P2RP4/4B4/4A2cr/2BAK1R2 w,0.12588014,7872
2bakabr1/9/6n2/p1p5p/6R2/2P1C4/P2RP4/4B4/4A2cr/2BAK4 b,-0.14233291,7289
2bakabr1/9/6n2/p1p5p/6R2/2P1C4/P2RP4/4B4/4A2c1/2BAK3r w,0.24360281,6926
2bakabr1/9/6n2/p1p5p/6R2/2P1C4/P2RP4/9/4A2c1/2BAK1B1r b,-0.0133654205,691
2bakabr1/9/6n2/p1p5p/6R2/2P1C4/P2RP4/9/4A4/2BAK1Bcr w,0.1463183,6926
2bakabr1/9/6n2/p1p5p/6R2/2P1C4/P2RP4/9/9/2BAKABcr b,-0.16024782,8006
2bakabr1/9/6n2/p1p5p/6R2/2P1C4/P2RP4/9/9/2BAKcB1r w,0.21321371,7736
2bakabr1/9/6n2/p1p5p/6R2/2P1C4/P2RP4/9/9/2BA1KB1r b,-0.124632806,2201
2bakab2/9/6n2/p1p5p/6R2/2P1C4/P2RP4/9/9/2BA1KBrr w,0.37756103,7537
2bakab2/9/6n2/p1p5p/6R2/2P1C4/P2RP4/4B4/9/3A1KBrr b,-0.5320353,7999
2bakab2/9/9/p1p5p/6Rn1/2P1C4/P2RP4/4B4/9/3A1KBrr w,0.4441524,5169
2bakab2/9/9/p1p5p/6Rn1/2P1C4/P2RP4/4B4/4A4/5KBrr b,-0.57287526,8063
2bakab2/9/9/p1p5p/6Rn1/2P1C4/P2RP4/4B4/4A3r/5KBr1 w,0.7498488,3820
2bakab2/9/9/p1p5p/6Rn1/2P1C4/P2RP4/4B4/4A3r/4K1Br1 b,-0.8311084,7278
2bakab2/9/9/p1p5p/6Rn1/2P1C4/P2RP4/4B4/4Ar3/4K1Br1 w,0.77765024,3820
2bakab2/9/9/p1p5p/6Rn1/2P1C4/P2RP4/4B4/4Ar3/3K2Br1 b,-0.9715882,8007
2bakab2/9/9/p1p6/6Rnp/2P1C4/P2RP4/4B4/4Ar3/3K2Br1 w,0.9666541,5133
2bRkab2/9/9/p1p6/6Rnp/2P1C4/P3P4/4B4/4Ar3/3K2Br1 b,-1,373
2bR1ab2/4k4/9/p1p6/6Rnp/2P1C4/P3P4/4B4/4Ar3/3K2Br1 w,0.9572911,272
2b2ab2/3Rk4/9/p1p6/6Rnp/2P1C4/P3P4/4B4/4Ar3/3K2Br1 b,-0.9994423,1192
2b2ab2/3R5/4k4/p1p6/6Rnp/2P1C4/P3P4/4B4/4Ar3/3K2Br1 w,0.96515995,1101
2b2ab2/3R5/4k4/p1p6/6Rnp/2P1C4/P3P4/4B4/3KAr3/6Br1 b,-0.87052685,463
2b2a3/3R5/4k3b/p1p6/6Rnp/2P1C4/P3P4/4B4/3KAr3/6Br1 w,1,1101
2b2a3/3R5/4k3b/p1p6/3R3np/2P1C4/P3P4/4B4/3KAr3/6Br1 b,-0.8357443,463
2b2a3/3R5/4k3b/p1p2n3/3R4p/2P1C4/P3P4/4B4/3KAr3/6Br1 w,0.8717783,3547
2b2a3/3R5/4k3b/p1p2n3/4R3p/2P1C4/P3P4/4B4/3KAr3/6Br1 b,-0.5081005,2003
2b2a3/3R5/5k2b/p1p2n3/4R3p/2P1C4/P3P4/4B4/3KAr3/6Br1 w,0.8387824,3637
2b2a3/3R5/5k2b/p1p2n3/8R/2P1C4/P3P4/4B4/3KAr3/6Br1 b,-0.08049022,2923
2b2a3/3R5/5k2b/p1p6/7nR/2P1C4/P3P4/4B4/3KAr3/6Br1 w,0.29659608,1119
2b2a3/3R5/5k2b/p1p5R/7n1/2P1C4/P3P4/4B4/3KAr3/6Br1 b,-0.058824442,7999
2b2a3/3R5/5k2b/p1p5R/7n1/2P1C4/P3P4/4B4/3KAr3/6r2 w,0.89144874,3179
2b2a3/3R5/5k2b/p1R6/7n1/2P1C4/P3P4/4B4/3KAr3/6r2 b,-0.94887334,2382
2b2ab2/3R5/5k3/p1R6/7n1/2P1C4/P3P4/4B4/3KAr3/6r2 w,0.93147725,2621
2b2ab2/3R5/5k3/p6R1/7n1/2P1C4/P3P4/4B4/3KAr3/6r2 b,-0.6747706,3902
2b2ab2/3R5/5k3/p4n1R1/9/2P1C4/P3P4/4B4/3KAr3/6r2 w,0.64896923,4460
2b2ab2/9/5k3/p2R1n1R1/9/2P1C4/P3P4/4B4/3KAr3/6r2 b,-0.27566633,2929
2b2ab2/9/5k3/p2R3R1/9/2P1n4/P3P4/4B4/3KAr3/6r2 w,0.2512884,5269
2b2ab2/9/5k3/p2R3R1/9/2P1P4/P8/4B4/3KAr3/6r2 b,-0.250092,7912
2b2ab2/9/5k3/p2R3R1/9/2P1P4/P8/4B4/3KAr3/1r7 w,0.544672,2721
2b2ab2/9/5k3/p2R2R2/9/2P1P4/P8/4B4/3KAr3/1r7 b,-0.08992835,7453
2b2ab2/9/5k3/p2R2R2/9/2P1P4/P8/4B4/1r1KAr3/9 w,0.10088235,6834
2b2ab2/9/5k3/p2R2R2/9/2P1P4/P8/3KB4/1r2Ar3/9 b,-0.063157484,6634
2b2ab2/9/5k3/p2R2R2/9/2P1P4/P8/3KB4/4rr3/9 w,0.06775888,3002
2b2ab2/9/5k3/p2R1R3/9/2P1P4/P8/3KB4/4rr3/9 b,-0.058498766,6962
2b2ab2/9/5k3/p2R1r3/9/2P1P4/P8/3KB4/4r4/9 w,0.041287392,2732
2b2ab2/9/5k3/p4R3/9/2P1P4/P8/3KB4/4r4/9 b,-0.037110172,2092
2b2ab2/9/4k4/p4R3/9/2P1P4/P8/3KB4/4r4/9 w,0.06794528,2885
2b2Rb2/9/4k4/p8/9/2P1P4/P8/3KB4/4r4/9 b,-0.042067155,1993
2b2Rb2/4k4/9/p8/9/2P1P4/P8/3KB4/4r4/9 w,0.06997454,456
2b3R2/4k4/9/p8/9/2P1P4/P8/3KB4/4r4/9 b,-0.052934613,6912
6R2/4k4/4b4/p8/9/2P1P4/P8/3KB4/4r4/9 w,0.55553234,555
9/4k1R2/4b4/p8/9/2P1P4/P8/3KB4/4r4/9 b,-0.40549466,1174
4k4/6R2/4b4/p8/9/2P1P4/P8/3KB4/4r4/9 w,0.50967747,1374
4k4/9/4b1R2/p8/9/2P1P4/P8/3KB4/4r4/9 b,-0.6192544,1982
9/4k4/4b1R2/p8/9/2P1P4/P8/3KB4/4r4/9 w,0.43111882,4450
9/4k4/4bR3/p8/9/2P1P4/P8/3KB4/4r4/9 b,-0.00009477566,6925
9/4k4/4bR3/p8/9/2P1P4/P8/3KB4/9/4r4 w,0.00008497481,6015
9/4k4/4bR3/p8/9/2P1P4/P8/4B4/3K5/4r4 b,-0.00008016441,7717
9/4k4/4bR3/p8/9/2P1P4/P8/4r4/3K5/9 w,0.0000119655,2120
9/4k4/4bR3/p8/2P6/4P4/P8/4r4/3K5/9 b,0.00000786607,2018
9/4k4/5R3/p8/2b6/4P4/P8/4r4/3K5/9 w,-0.000006405989,2120
9/4k4/9/p8/2b6/4PR3/P8/4r4/3K5/9 b,0.000006405989,2466
9/4k4/9/p8/2b6/4PR3/P3r4/9/3K5/9 w,0.0000009522436,4905
9/4k4/9/p8/2b6/4P3R/P3r4/9/3K5/9 b,0.000010940377,5274
9/4k4/9/p8/2b6/4P3R/r8/9/3K5/9 w,-0.000004573669,4787
9/4k4/9/p7R/2b6/4P4/r8/9/3K5/9 b,0.992038,4917
9/4k4/9/p7R/2b6/4P4/4r4/9/3K5/9 w,0,3181
9/4k4/9/p3R4/2b6/4P4/4r4/9/3K5/9 b,0.0000020009995,3442
9/4k4/4b4/p3R4/9/4P4/4r4/9/3K5/9 w,0,2817
9/4k4/4b4/R8/9/4P4/4r4/9/3K5/9 b,0.000001593893,5269
9/4k4/4b4/R8/9/4r4/9/9/3K5/9 w,0.00000004157963,6816
9/R3k4/4b4/9/9/4r4/9/9/3K5/9 b,0.000000027662455,1174
4k4/R8/4b4/9/9/4r4/9/9/3K5/9 w,-0.00000022697863,873
4k4/3R5/4b4/9/9/4r4/9/9/3K5/9 b,0.000000069758954,4457
4k1b2/3R5/9/9/9/4r4/9/9/3K5/9 w,0.00000004157963,1083
4k1b2/9/3R5/9/9/4r4/9/9/3K5/9 b,0.000000055600175,566
4k1b2/9/3R5/9/9/r8/9/9/3K5/9 w,-0.00000004157963,6816
3Rk1b2/9/9/9/9/r8/9/9/3K5/9 b,0.000000027662455,373
3R2b2/4k4/9/9/9/r8/9/9/3K5/9 w,0.000000027662455,336
6b2/4k4/9/9/3R5/r8/9/9/3K5/9 b,0.00000008409116,4059
6b2/4k4/9/9/3R5/9/9/9/r2K5/9 w,-0.00000004157963,6834
6b2/4k4/9/9/3R5/9/9/9/r8/3K5 b,0.000000027662455,6498
6b2/4k4/9/9/3R5/9/r8/9/9/3K5 w,-0.000000013814056,3550
6b2/4k4/9/9/4R4/9/r8/9/9/3K5 b,-0.000000027662455,562
9/4k4/4b4/9/4R4/9/r8/9/9/3K5 w,0.000000013814056,3631
9/4k4/4b4/9/4R4/9/r8/9/9/4K4 b,0,4941
9/4k4/4b4/9/4R4/9/5r3/9/9/4K4 w,0.00000011341893,3649
9/4k4/4b4/9/4R4/9/5r3/9/4K4/9 b,0.000000013814056,1184
9/4k4/4br3/9/4R4/9/9/9/4K4/9 w,0.000000055600175,3644
9/4k4/4br3/4R4/9/9/9/9/4K4/9 b,0.000000013814056,1184
9/5k3/4br3/4R4/9/9/9/9/4K4/9 w,0.000000013814056,2830
9/5k3/4br3/4R4/9/9/9/9/3K5/9 b,0,1982
9/5k3/4b4/4R4/9/9/9/9/3K1r3/9 w,-0.000000013814056,6816
9/5k3/4b4/4R4/9/9/9/9/5r3/3K5 b,0.00000022697863,7008
9/5k3/4b4/4R4/9/9/9/9/9/3K1r3 w,-0.00000020940041,7635
9/5k3/4b4/4R4/9/9/9/9/3K5/5r3 b,0.000000098632434,7817
9/9/4bk3/4R4/9/9/9/9/3K5/5r3 w,-0.000000027662455,2824
9/9/4bk3/4R4/9/9/9/9/4K4/5r3 b,0,2022
6b2/9/5k3/4R4/9/9/9/9/4K4/5r3 w,0.000000098632434,2823
6b2/9/5k3/6R2/9/9/9/9/4K4/5r3 b,0,566
9/9/4bk3/6R2/9/9/9/9/4K4/5r3 w,0.000000069758954,3021
9/9/4bk3/6R2/9/9/9/4K4/9/5r3 b,0.0000001284874,7825
6b2/9/5k3/6R2/9/9/9/4K4/9/5r3 w,0.00000011341893,2994
rnbakabnr/9/1c5c1/p1p1p1p1p/9/9/P1P1P1P1P/1C5C1/9/RNBAKABNR w,0.014449762,5087
rnbakabnr/9/1c5c1/p1p1p1p1p/9/9/P1P1P1P1P/4C2C1/9/RNBAKABNR b,-0.012932254,110
r1bakabnr/9/1cn4c1/p1p1p1p1p/9/9/P1P1P1P1P/4C2C1/9/RNBAKABNR w,0.011422182,7445
r1bakabnr/9/1cn4c1/p1p1p1p1p/9/9/P1P1P1P1P/2N1C2C1/9/R1BAKABNR b,-0.012428113,3012
r1baka1nr/9/1cn1b2c1/p1p1p1p1p/9/9/P1P1P1P1P/2N1C2C1/9/R1BAKABNR w,0.028042147,7372
r1baka1nr/9/1cn1b2c1/p1p1p1p1p/9/9/P1P1P1P1P/2N1C2C1/9/1RBAKABNR b,-0.02165522,1
1rbaka1nr/9/1cn1b2c1/p1p1p1p1p/9/9/P1P1P1P1P/2N1C2C1/9/1RBAKABNR w,0.018024392,5087
1rbaka1nr/9/1cn1b2c1/p1p1p1p1p/9/9/P1P1P1P1P/2N1CC3/9/1RBAKABNR b,-0.012428113,2648
1rbaka2r/9/1cn1b1nc1/p1p1p1p1p/9/9/P1P1P1P1P/2N1CC3/9/1RBAKABNR w,0.019055555,5451
1rbaka2r/9/1cn1b1nc1/p1p1p1p1p/9/9/P1P1P1P1P/2N1CCN2/9/1RBAKAB1R b,-0.017510546,1765
1rbaka2r/9/1cn1b1nc1/p1p1p3p/6p2/9/P1P1P1P1P/2N1CCN2/9/1RBAKAB1R w,0.019572936,8098
1rbaka2r/9/1cn1b1nc1/p1p1p3p/6p2/9/P1P1P1P1P/2N1CCN2/9/1RBAKABR1 b,-0.014449762,727
1rbaka1r1/9/1cn1b1nc1/p1p1p3p/6p2/9/P1P1P1P1P/2N1CCN2/9/1RBAKABR1 w,0.016997816,7408
1rbaka1r1/9/1cn1b1nc1/p1p1p3p/6p2/2P6/P3P1P1P/2N1CCN2/9/1RBAKABR1 b,-0.008420906,1765
1rbaka1r1/9/2n1b1nc1/p1p1p3p/6p2/2P6/Pc2P1P1P/2N1CCN2/9/1RBAKABR1 w,0.012932254,7954
1rbaka1r1/9/2n1b1nc1/p1p1p3p/6p2/2PN5/Pc2P1P1P/4CCN2/9/1RBAKABR1 b,0.0014816026,2311
1rbaka1r1/9/2n1b1n2/p1p1p3p/6p2/2PN5/Pc2P1PcP/4CCN2/9/1RBAKABR1 w,-0.011924766,7816
1rbaka1r1/9/2n1bCn2/p1p1p3p/6p2/2PN5/Pc2P1PcP/4C1N2/9/1RBAKABR1 b,0.02535331,5548
1rbakabr1/9/2n2Cn2/p1p1p3p/6p2/2PN5/Pc2P1PcP/4C1N2/9/1RBAKABR1 w,0.04585602,6061
1rbakabr1/9/2n2Cn2/p1p1N3p/6p2/2P6/Pc2P1PcP/4C1N2/9/1RBAKABR1 b,-0.025618432,1831
1rbakabr1/9/5Cn2/p1p1n3p/6p2/2P6/Pc2P1PcP/4C1N2/9/1RBAKABR1 w,0.007799667,6061
1rbakabr1/9/5Cn2/p1p1C3p/6p2/2P6/Pc2P1PcP/6N2/9/1RBAKABR1 b,-0.014534511,109
2bakabr1/9/1r3Cn2/p1p1C3p/6p2/2P6/Pc2P1PcP/6N2/9/1RBAKABR1 w,-0.00084206735,2839
2bakabr1/9/1r3Cn2/p1p5p/4C1p2/2P6/Pc2P1PcP/6N2/9/1RBAKABR1 b,-0.0012631848,1733
2bakabr1/9/5rn2/p1p5p/4C1p2/2P6/Pc2P1PcP/6N2/9/1RBAKABR1 w,0.0019109191,7435
2bakabr1/9/5rn2/p1p5p/4C1p2/2P6/PR2P1PcP/6N2/9/2BAKABR1 b,-0.0037716855,2111
2bakabr1/9/6n2/p1p5p/4Crp2/2P6/PR2P1PcP/6N2/9/2BAKABR1 w,0.0065389182,3649
2bakabr1/9/6n2/p1p5p/5rp2/2P1C4/PR2P1PcP/6N2/9/2BAKABR1 b,-0.0010268611,3831
2bakabr1/9/6n2/p1p5p/5r3/2P1C1p2/PR2P1PcP/6N2/9/2BAKABR1 w,0.014398729,4969
2bakabr1/9/1R4n2/p1p5p/5r3/2P1C1p2/P3P1PcP/6N2/9/2BAKABR1 b,-0.004805894,4640
2bakabr1/9/1R4n2/p1p5p/5r3/2P1C4/P3P1pcP/6N2/9/2BAKABR1 w,0.2272569,1734
2bakabr1/9/6R2/p1p5p/5r3/2P1C4/P3P1pcP/6N2/9/2BAKABR1 b,-0.45611694,5469
2bakabr1/9/6R2/p1p5p/5r3/2P1C4/P3P2cP/6p2/9/2BAKABR1 w,0.40006286,2182
2bakabr1/9/9/p1p5p/5r3/2P1C4/P3P2cP/6R2/9/2BAKABR1 b,0.00251394,3749
2bakabr1/9/9/p1p5p/9/2P1C4/P3Pr1cP/6R2/9/2BAKABR1 w,-0.0010040421,6261
2bakabr1/9/9/p1p5p/9/2P1C4/P3Pr1cP/6RR1/9/2BAKAB2 b,0.0017581279,682
2bakabr1/9/9/p1p5p/9/2P1C4/P3r2cP/6RR1/9/2BAKAB2 w,0.0012196689,6277
2bakabr1/9/9/p1p5p/9/2P1C4/P3r2cP/4R2R1/9/2BAKAB2 b,-0.0017082917,5287
2bakabr1/9/9/p1p5p/9/2P1C4/P6cP/4r2R1/9/2BAKAB2 w,0.0014209797,6367
2bakabr1/9/9/p1p5p/9/2P1C4/P6cP/4R4/9/2BAKAB2 b,-0.0007108112,682
2bakab2/9/9/p1p5p/9/2P1C2r1/P6cP/4R4/9/2BAKAB2 w,0.0010674889,4905
2bakab2/9/9/p1p5p/9/2P1C2r1/P3R2cP/9/9/2BAKAB2 b,-0.00059216993,5544
2bakab2/9/9/p1p5p/9/2P1C2r1/P3R3P/9/9/2BAKABc1 w,0.0016656017,7537
2bakab2/9/9/p1p1C3p/9/2P4r1/P3R3P/9/9/2BAKABc1 b,-0.0013060918,4727
2bakab2/9/9/p1p1C3p/9/2r6/P3R3P/9/9/2BAKABc1 w,0.0010172162,2817
2bakab2/9/9/C1p5p/9/2r6/P3R3P/9/9/2BAKABc1 b,-0.00085950876,283
2baka3/9/4b4/C1p5p/9/2r6/P3R3P/9/9/2BAKABc1 w,0.0011837092,2465
2baka3/9/4b4/2p5C/9/2r6/P3R3P/9/9/2BAKABc1 b,-0.0010206193,7927
2baka3/9/4b4/2p5C/9/5r3/P3R3P/9/9/2BAKABc1 w,0.0011233598,3158
2baka2C/9/4b4/2p6/9/5r3/P3R3P/9/9/2BAKABc1 b,-0.00091805536,7927
2bak3C/4a4/4b4/2p6/9/5r3/P3R3P/9/9/2BAKABc1 w,0.025971245,5281
2bak3C/4a4/4b4/2p6/9/5r3/P6RP/9/9/2BAKABc1 b,-0.03915285,4586
2bak3C/4a4/4b4/2p6/9/5r3/P6RP/9/9/2BAKcB2 w,0.4925254,5497
2bak3C/4a4/4b4/2p6/9/5r3/P5R1P/9/9/2BAKcB2 b,0,365
2bak3C/4a4/4b4/2p6/9/5r3/P5R1P/9/9/2BcK1B2 w,0.19554318,5406
2bak3C/4a4/4b4/2p6/9/5r3/P5R1P/9/9/2BK2B2 b,-0.011484971,4586
2bak3C/4a4/4b4/9/2p6/5r3/P5R1P/9/9/2BK2B2 w,0.7354374,5406
2bak3C/4a4/4b4/9/2p6/5r3/P6RP/9/9/2BK2B2 b,-0.009286671,4586
2ba1k2C/4a4/4b4/9/2p6/5r3/P6RP/9/9/2BK2B2 w,0.06786423,7537
2ba1k2C/4a4/4b4/9/2p6/5r3/P6RP/4B4/9/3K2B2 b,-0.06786423,4586
2ba1k2C/4a4/4b4/9/9/2p2r3/P6RP/4B4/9/3K2B2 w,0.09053812,6077
2ba1k2C/4a4/4b4/9/9/2B2r3/P6RP/9/9/3K2B2 b,-0.10880323,4547
2ba1k2C/4a4/4b4/9/9/2r6/P6RP/9/9/3K2B2 w,0.11847597,7897
2ba1k1RC/4a4/4b4/9/9/2r6/P7P/9/9/3K2B2 b,-0.033047136,464
2ba3RC/4ak3/4b4/9/9/2r6/P7P/9/9/3K2B2 w,0.03841758,646
2ba4C/4ak1R1/4b4/9/9/2r6/P7P/9/9/3K2B2 b,-0.03841758,1265
2ba1k2C/4a2R1/4b4/9/9/2r6/P7P/9/9/3K2B2 w,0.055272482,1447
2bC1k3/4a2R1/4b4/9/9/2r6/P7P/9/9/3K2B2 b,-0.0002525807,4278
2ba1k3/7R1/4b4/9/9/2r6/P7P/9/9/3K2B2 w,0.0001999866,1447
2ba1k3/3R5/4b4/9/9/2r6/P7P/9/9/3K2B2 b,-0.000054185806,283
2ba1k3/3R5/4b4/9/9/9/P1r5P/9/9/3K2B2 w,0.00021174471,1083
2bR1k3/9/4b4/9/9/9/P1r5P/9/9/3K2B2 b,-0.00009371758,464
2bR5/5k3/4b4/9/9/9/P1r5P/9/9/3K2B2 w,0.00010690725,5633
2b6/3R1k3/4b4/9/9/9/P1r5P/9/9/3K2B2 b,-0.00010028148,1265
2b2k3/3R5/4b4/9/9/9/P1r5P/9/9/3K2B2 w,0.000120360826,1083
2b2k3/9/4b4/3R5/9/9/P1r5P/9/9/3K2B2 b,-0.000024462543,5102
2b2k3/9/4b4/3R5/9/9/r7P/9/9/3K2B2 w,0.000030208419,5633
2b2k3/9/4b4/4R4/9/9/r7P/9/9/3K2B2 b,0.00005688051,4922
2b2k3/9/4b4/4R4/9/9/3r4P/9/9/3K2B2 w,-0.000008586281,7645
2b2k3/9/4b4/4R4/9/9/3r4P/9/9/4K1B2 b,-0.000004291653,5192
2b2k3/9/4b4/4R4/9/9/5r2P/9/9/4K1B2 w,0.000038982806,5633
2b2k3/9/4b4/8R/9/9/5r2P/9/9/4K1B2 b,-0.000017196373,454
2b2kb2/9/9/8R/9/9/5r2P/9/9/4K1B2 w,0.00005688051,3179
2b2kb2/9/9/4R4/9/9/5r2P/9/9/4K1B2 b,-0.00004786529,5396
2b2kb2/9/9/4R4/9/9/8P/5r3/9/4K1B2 w,0.000052354757,2794
2b1Rkb2/9/9/9/9/9/8P/5r3/9/4K1B2 b,-0.000066053464,464
2b1R1b2/5k3/9/9/9/9/8P/5r3/9/4K1B2 w,0.00008016441,366
2b3R2/5k3/9/9/9/9/8P/5r3/9/4K1B2 b,-0.00001092439,6179
6R2/5k3/4b4/9/9/9/8P/5r3/9/4K1B2 w,0.00057035504,555
9/5kR2/4b4/9/9/9/8P/5r3/9/4K1B2 b,-0.0018989989,1265
5k3/6R2/4b4/9/9/9/8P/5r3/9/4K1B2 w,0.00087062526,1374
5k3/9/4b1R2/9/9/9/8P/5r3/9/4K1B2 b,-0.001058159,2018
5k3/9/4b1R2/9/9/9/8P/9/9/4KrB2 w,0.0022336738,7726
5k3/9/4b1R2/9/9/9/8P/9/4K4/5rB2 b,-0.0009915499,7817
2b2k3/9/6R2/9/9/9/8P/9/4K4/5rB2 w,0.20016031,2180
2b2k3/9/2R6/9/9/9/8P/9/4K4/5rB2 b,-0.72246265,7817
2b2k3/9/2R6/9/9/9/5r2P/9/4K4/6B2 w,0.73531646,1802
2R2k3/9/9/9/9/9/5r2P/9/4K4/6B2 b,-0.98844415,464
2R6/5k3/9/9/9/9/5r2P/9/4K4/6B2 w,0.98940253,245
2R6/5k3/9/9/9/8P/5r3/9/4K4/6B2 b,-0.644938,5368
2R6/5k3/9/9/9/8P/4r4/9/4K4/6B2 w,0.11171627,6915
2R6/5k3/9/9/9/8P/4r4/4B4/4K4/9 b,-0.0000029941273,1273
2R6/4k4/9/9/9/8P/4r4/4B4/4K4/9 w,0.00000064365264,191
2R6/4k4/9/9/8P/9/4r4/4B4/4K4/9 b,0.00000018760245,5287
2R6/4k4/9/9/8P/9/9/4r4/4K4/9 w,-0.00000000024961958,6915
2R6/4k4/9/9/8P/9/9/4r4/5K3/9 b,-0.00000000051035376,6070
2R6/4k4/9/9/4r3P/9/9/9/5K3/9 w,0,245
5R3/4k4/9/9/4r3P/9/9/9/5K3/9 b,0.00000000042150647,3644
5R3/4k4/9/9/8r/9/9/9/5K3/9 w,0,464
9/4kR3/9/9/8r/9/9/9/5K3/9 b,0.0000000000019827564,1192
4k4/5R3/9/9/8r/9/9/9/5K3/9 w,0,1265
4kR3/9/9/9/8r/9/9/9/5K3/9 b,0.0000000000056794114,373
5R3/4k4/9/9/8r/9/9/9/5K3/9 w,0,464
9/4k4/9/9/8r/9/5R3/9/5K3/9 b,0,4000
9/4k4/9/9/4r4/9/5R3/9/5K3/9 w,-0.0000000000013131367,5324
9/4kR3/9/9/4r4/9/9/9/5K3/9 b,0.0000000000019827564,1174
4k4/5R3/9/9/4r4/9/9/9/5K3/9 w,-0.00000000000065396636,1265
4kR3/9/9/9/4r4/9/9/9/5K3/9 b,0.0000000000019827564,373
5R3/4k4/9/9/4r4/9/9/9/5K3/9 w,0,7016
9/4k4/9/9/4r4/9/9/5R3/5K3/9 b,0.0000000000033747837,3676
9/4k4/9/9/9/9/9/5R3/5K3/4r4 w,0.00000000000065396636,6152
9/4k4/9/5R3/9/9/9/9/5K3/4r4 b,0.0000000000019827564,7726
9/4k4/9/5R3/9/9/9/9/4rK3/9 w,-0.00000000000065396636,7016
9/4k4/9/5R3/9/9/9/9/4r4/5K3 b,0.0000000000026681541,6862
9/9/4k4/5R3/9/9/9/9/4r4/5K3 w,-0.00000000000065396636,2903
9/9/4kR3/9/9/9/9/9/4r4/5K3 b,0.000000000009420994,1993
9/4k4/5R3/9/9/9/9/9/4r4/5K3 w,0,2102
9/4kR3/9/9/9/9/9/9/4r4/5K3 b,0.0000000000019827564,1192
4k4/5R3/9/9/9/9/9/9/4r4/5K3 w,-0.00000000000065396636,1310
4kR3/9/9/9/9/9/9/9/4r4/5K3 b,0.000000000009420994,373
5R3/4k4/9/9/9/9/9/9/4r4/5K3 w,-0.0000000000056794114,464
rnbakabnr/9/1c5c1/p1p1p1p1p/9/9/P1P1P1P1P/1C5C1/9/RNBAKABNR w,0.014449762,5087
rnbakabnr/9/1c5c1/p1p1p1p1p/9/9/P1P1P1P1P/4C2C1/9/RNBAKABNR b,-0.012932254,110
r1bakabnr/9/1cn4c1/p1p1p1p1p/9/9/P1P1P1P1P/4C2C1/9/RNBAKABNR w,0.011422182,7445
r1bakabnr/9/1cn4c1/p1p1p1p1p/9/9/P1P1P1P1P/2N1C2C1/9/R1BAKABNR b,-0.012428113,3012
r1baka1nr/9/1cn1b2c1/p1p1p1p1p/9/9/P1P1P1P1P/2N1C2C1/9/R1BAKABNR w,0.028042147,7372
r1baka1nr/9/1cn1b2c1/p1p1p1p1p/9/9/P1P1P1P1P/2N1C2C1/9/1RBAKABNR b,-0.02165522,1
1rbaka1nr/9/1cn1b2c1/p1p1p1p1p/9/9/P1P1P1P1P/2N1C2C1/9/1RBAKABNR w,0.018024392,5087
1rbaka1nr/9/1cn1b2c1/p1p1p1p1p/9/9/P1P1P1P1P/2N1CC3/9/1RBAKABNR b,-0.012428113,2648
1rbaka2r/9/1cn1b1nc1/p1p1p1p1p/9/9/P1P1P1P1P/2N1CC3/9/1RBAKABNR w,0.019055555,5451
1rbaka2r/9/1cn1b1nc1/p1p1p1p1p/9/9/P1P1P1P1P/2N1CCN2/9/1RBAKAB1R b,-0.017510546,1765
1rbaka2r/9/1cn1b1nc1/p1p1p3p/6p2/9/P1P1P1P1P/2N1CCN2/9/1RBAKAB1R w,0.019572936,8098
1rbaka2r/9/1cn1b1nc1/p1p1p3p/6p2/9/P1P1P1P1P/2N1CCN2/9/1RBAKABR1 b,-0.014449762,727
1rbaka1r1/9/1cn1b1nc1/p1p1p3p/6p2/9/P1P1P1P1P/2N1CCN2/9/1RBAKABR1 w,0.016997816,7408
1rbaka1r1/9/1cn1b1nc1/p1p1p3p/6p2/2P6/P3P1P1P/2N1CCN2/9/1RBAKABR1 b,-0.008420906,1765
1rbaka1r1/9/2n1b1nc1/p1p1p3p/6p2/2P6/Pc2P1P1P/2N1CCN2/9/1RBAKABR1 w,0.012932254,7954
1rbaka1r1/9/2n1b1nc1/p1p1p3p/6p2/2PN5/Pc2P1P1P/4CCN2/9/1RBAKABR1 b,0.0014816026,2311
1rbaka1r1/9/2n1b1n2/p1p1p3p/6p2/2PN5/Pc2P1PcP/4CCN2/9/1RBAKABR1 w,-0.011924766,7816
1rbaka1r1/9/2n1bCn2/p1p1p3p/6p2/2PN5/Pc2P1PcP/4C1N2/9/1RBAKABR1 b,0.02535331,5548
1rbakabr1/9/2n2Cn2/p1p1p3p/6p2/2PN5/Pc2P1PcP/4C1N2/9/1RBAKABR1 w,0.04585602,6061
1rbakabr1/9/2n2Cn2/p1p1N3p/6p2/2P6/Pc2P1PcP/4C1N2/9/1RBAKABR1 b,-0.025618432,1831
1rbakabr1/9/5Cn2/p1p1n3p/6p2/2P6/Pc2P1PcP/4C1N2/9/1RBAKABR1 w,0.007799667,6061
1rbakabr1/9/5Cn2/p1p1C3p/6p2/2P6/Pc2P1PcP/6N2/9/1RBAKABR1 b,-0.014534511,109
2bakabr1/9/1r3Cn2/p1p1C3p/6p2/2P6/Pc2P1PcP/6N2/9/1RBAKABR1 w,-0.00084206735,2839
2bakabr1/9/1r3Cn2/p1p5p/6p2/2P1C4/Pc2P1PcP/6N2/9/1RBAKABR1 b,-0.019456778,1733
2bakabr1/9/5rn2/p1p5p/6p2/2P1C4/Pc2P1PcP/6N2/9/1RBAKABR1 w,0,7435
2bakabr1/9/5rn2/p1p5p/6p2/2P1C4/PR2P1PcP/6N2/9/2BAKABR1 b,0.0010268611,3831
2bakabr1/9/5r3/p1p5p/5np2/2P1C4/PR2P1PcP/6N2/9/2BAKABR1 w,0.00619123,4987
2bakabr1/9/5r3/p1p5p/1R3np2/2P1C4/P3P1PcP/6N2/9/2BAKABR1 b,-0.004460755,3750
2bakabr1/9/5r3/p1p5p/1R4p2/2P1C4/P3P1ncP/6N2/9/2BAKABR1 w,0.0050324383,3372
2bakabr1/9/5r3/p1p5p/6R2/2P1C4/P3P1ncP/6N2/9/2BAKABR1 b,-0.00657011,5449
2bakabr1/9/5r3/p1p5p/6R2/2P1n4/P3P2cP/6N2/9/2BAKABR1 w,0.004916287,5269
2bakabr1/9/5r3/p1p5p/6R2/2P1P4/P6cP/6N2/9/2BAKABR1 b,-0.0045435224,2129
2bakabr1/9/5r3/p1p5p/6R2/2P1P4/P7P/6Nc1/9/2BAKABR1 w,0.008180164,3831
2bakabr1/9/5r3/p1p5p/6R2/2P1P4/P7P/6Nc1/7R1/2BAKAB2 b,-0.0040337103,2129
2bakabr1/9/9/p1p5p/6R2/2P1P4/P7P/5rNc1/7R1/2BAKAB2 w,0.012272201,3831
2bakabr1/9/9/p1p3R1p/9/2P1P4/P7P/5rNc1/7R1/2BAKAB2 b,-0.007651792,6179
2bakab2/9/9/p1p3R1p/9/2P1P4/P6rP/5rNc1/7R1/2BAKAB2 w,0.049776442,2976
2bakaR2/9/9/p1p5p/9/2P1P4/P6rP/5rNc1/7R1/2BAKAB2 b,-0.05478155,2648
2bakaR2/9/9/p1p5p/9/2P1P4/P3r3P/5rNc1/7R1/2BAKAB2 w,0.49902156,7816
2bakaR2/9/9/p1p5p/9/2P1P4/P3r3P/5rNc1/4A2R1/2BAK1B2 b,-0.49075776,5269
2bakaR2/9/9/p1p5p/9/2P1P4/P3r3P/5rN1c/4A2R1/2BAK1B2 w,0.591632,7897
2baka3/6R2/9/p1p5p/9/2P1P4/P3r3P/5rN1c/4A2R1/2BAK1B2 b,-0.35201827,5269
2baka3/6R2/9/p1p5p/9/2P1r4/P7P/5rN1c/4A2R1/2BAK1B2 w,0.3667992,7198
2baka1R1/6R2/9/p1p5p/9/2P1r4/P7P/5rN1c/4A4/2BAK1B2 b,-0.2622585,6479
2baka1R1/6R2/9/p1p5p/9/2P1r4/P7P/5rN2/4A4/2BAK1B1c w,0.2957271,718
2baka1R1/6R2/9/p1p5p/9/2P1r4/P7P/4BrN2/4A4/2BAK3c b,0.00022300087,6197
2baka1R1/6R2/9/p1p5p/9/2P1r4/P4r2P/4B1N2/4A4/2BAK3c w,0.0038120353,709
2bakaRR1/9/9/p1p5p/9/2P1r4/P4r2P/4B1N2/4A4/2BAK3c b,0.03339001,4432
2b1kaRR1/4a4/9/p1p5p/9/2P1r4/P4r2P/4B1N2/4A4/2BAK3c w,0.02103843,709
2b1ka1R1/4a4/6R2/p1p5p/9/2P1r4/P4r2P/4B1N2/4A4/2BAK3c b,0.09914598,4441
4ka1R1/4a4/4b1R2/p1p5p/9/2P1r4/P4r2P/4B1N2/4A4/2BAK3c w,0.02714807,709
4ka3/4a4/4b1R2/p1p4Rp/9/2P1r4/P4r2P/4B1N2/4A4/2BAK3c b,-0.0006691055,5387
4ka3/4a4/4b1R2/p1p4Rp/9/2P1r4/P2r4P/4B1N2/4A4/2BAK3c w,0.0022342554,3139
4ka3/4a4/4b4/p1p3RRp/9/2P1r4/P2r4P/4B1N2/4A4/2BAK3c b,-0.00044602746,4457
4ka3/4a4/4b4/p1p3RRp/9/2r6/P2r4P/4B1N2/4A4/2BAK3c w,0.001731994,3000
4ka3/4a4/4b1R2/p1p4Rp/9/2r6/P2r4P/4B1N2/4A4/2BAK3c b,0.0030387952,4268
4ka3/4a4/4b1R2/p1p4Rp/9/4r4/P2r4P/4B1N2/4A4/2BAK3c w,-0.0012982865,2211
4ka3/4a4/4b4/p1p3RRp/9/4r4/P2r4P/4B1N2/4A4/2BAK3c b,0.0021665124,2648
4ka3/4a4/4b4/p1p3RRp/9/4r4/P7P/4B1N2/3rA4/2BAK3c w,0.0021665124,3000
4ka3/4a4/4b4/p1R4Rp/9/4r4/P7P/4B1N2/3rA4/2BAK3c b,0.008192116,4477
4ka3/4a4/4b4/p1R4Rp/9/9/P7P/4r1N2/3rA4/2BAK3c w,-0.0032495055,2684
4ka3/4a4/4b4/p1R4Rp/9/5N3/P7P/4r4/3rA4/2BAK3c b,0.010220611,6079
4ka3/4a4/4b4/p1R4Rp/9/5N3/P3r3P/9/3rA4/2BAK3c w,-0.001331394,3090
4ka3/4a4/4b4/p1R5p/9/5N3/P3r2RP/9/3rA4/2BAK3c b,0.013457501,5269
4ka3/4a4/4b4/p1R5p/9/5N3/P6rP/9/3rA4/2BAK3c w,-0.0011694687,4561
4ka3/4a4/4b4/p1R5p/9/9/P6NP/9/3rA4/2BAK3c b,0.0005270223,6789
4ka3/4a4/4b4/p1R5p/9/9/P2r3NP/9/4A4/2BAK3c w,-0.00045153362,5568
4ka3/4a4/4b4/p1R5p/9/9/P2r4P/5N3/4A4/2BAK3c b,0.0006026187,5184
4ka3/4a4/4b4/p1R5p/9/9/P5r1P/5N3/4A4/2BAK3c w,-0.00037613715,2630
4ka3/4a4/4b4/R7p/9/9/P5r1P/5N3/4A4/2BAK3c b,0.7391033,5487
4ka3/9/4ba3/R7p/9/9/P5r1P/5N3/4A4/2BAK3c w,0.00063194206,7736
4ka3/9/4ba3/4R3p/9/9/P5r1P/5N3/4A4/2BAK3c b,0.7867644,5487
4ka3/4a4/4b4/4R3p/9/9/P5r1P/5N3/4A4/2BAK3c w,0.0004909546,2839
4ka3/4a4/4R4/8p/9/9/P5r1P/5N3/4A4/2BAK3c b,0.79929084,5487
4ka3/4a4/4R4/8p/9/9/P7P/5Nr2/4A4/2BAK3c w,0.0011757158,7736
4ka3/4a4/4R4/8p/9/4N4/P7P/6r2/4A4/2BAK3c b,0.5866935,6297
4ka3/4a4/4R4/8p/9/4N4/P7P/9/4A4/2BAK1r1c w,-0.81391394,6926
4ka3/4a4/4R4/8p/9/4N4/P7P/9/9/2BAKAr1c b,0.818602,7854
4ka3/4a4/4R1r2/8p/9/4N4/P7P/9/9/2BAKA2c w,-0.7890735,7816
4ka3/4a4/4R1r2/8p/9/4N4/P7P/9/4A4/2BAK3c b,0.78382385,2182
4ka3/4a4/4r4/8p/9/4N4/P7P/9/4A4/2BAK3c w,-0.9676732,4440
4ka3/4a4/4r4/3N4p/9/9/P7P/9/4A4/2BAK3c b,0.97958124,2005
4ka3/4a4/3r5/3N4p/9/9/P7P/9/4A4/2BAK3c w,-0.9676732,2749
4ka3/4a4/3r5/8p/9/4N4/P7P/9/4A4/2BAK3c b,0.97779346,3194
4ka3/4a4/5r3/8p/9/4N4/P7P/9/4A4/2BAK3c w,-0.9626343,7533
4ka3/4a4/5r3/3N4p/9/9/P7P/9/4A4/2BAK3c b,0.9763531,2091
4ka3/4a4/9/3N1r2p/9/9/P7P/9/4A4/2BAK3c w,-0.96962583,2711
4ka3/4a4/1N7/5r2p/9/9/P7P/9/4A4/2BAK3c b,0.97482175,2909
4ka3/4a4/1N7/7rp/9/9/P7P/9/4A4/2BAK3c w,-0.95772165,1710
2N1ka3/4a4/9/7rp/9/9/P7P/9/4A4/2BAK3c b,0.97825426,3089
2Naka3/9/9/7rp/9/9/P7P/9/4A4/2BAK3c w,-0.9708636,201
3aka3/9/3N5/7rp/9/9/P7P/9/4A4/2BAK3c b,0.9886932,373
3a1a3/4k4/3N5/7rp/9/9/P7P/9/4A4/2BAK3c w,-0.9886932,7736
3a1a3/4k4/3N5/7rp/9/9/P7P/9/4A4/2BA1K2c b,0.9808288,8098
3a1a3/4k4/3N5/3r4p/9/9/P7P/9/4A4/2BA1K2c w,-0.982744,6906
3a1a3/1N2k4/9/3r4p/9/9/P7P/9/4A4/2BA1K2c b,0.987161,2732
3a1a3/1N2k4/9/5r2p/9/9/P7P/9/4A4/2BA1K2c w,-0.98511297,7825
3a1a3/1N2k4/9/5r2p/9/9/P7P/9/4A4/2BAK3c b,0.9904583,2914
3a1a3/1N2k4/9/7rp/9/9/P7P/9/4A4/2BAK3c w,-0.98602736,7736
3a1a3/1N2k4/9/7rp/9/9/P7P/9/4A4/2BA1K2c b,0.987161,3092
3a1a3/1N2k4/9/8p/9/9/P7P/9/4A4/2BA1K1rc w,-0.97319394,7817
3a1a3/1N2k4/9/8p/9/9/P7P/9/4AK3/2BA3rc b,0.97684306,7981
3a1a3/1N2k4/9/8p/9/9/P6rP/9/4AK3/2BA4c w,-0.98237664,7016
3a1a3/1N2k4/9/8p/9/9/P6rP/4B4/4AK3/3A4c b,0.98200154,8097
3a1a3/1N2k4/9/8p/9/9/P4r2P/4B4/4AK3/3A4c w,-0.9841397,6908
3a1a3/1N2k4/9/8p/9/9/P4r2P/4BA3/5K3/3A4c b,0.97779346,5367
3a1a3/1N2k4/9/8p/9/9/P3r3P/4BA3/5K3/3A4c w,-0.97319394,921
3N1a3/4k4/9/8p/9/9/P3r3P/4BA3/5K3/3A4c b,0.987084,5274
3Nka3/9/9/8p/9/9/P3r3P/4BA3/5K3/3A4c w,-0.9906792,4905
4ka3/9/2N6/8p/9/9/P3r3P/4BA3/5K3/3A4c b,0.99468344,5282
4ka3/9/2N6/8p/9/9/P7P/4rA3/5K3/3A4c w,-0.99587744,1837
4ka3/9/2N6/8p/9/9/P7P/4rA3/4AK3/8c b,0.9979517,8097
4ka3/9/2N6/8p/9/9/P3r3P/5A3/4AK3/8c w,-0.99539,1837
4ka3/9/2N6/8p/9/P8/4r3P/5A3/4AK3/8c b,0.9984521,8092
4ka3/9/2N6/8p/9/P8/4r3P/5A3/4AK3/2c6 w,-0.9989834,5633
4ka3/9/9/8p/3N5/P8/4r3P/5A3/4AK3/2c6 b,0.9994957,5281
4ka3/9/9/8p/3N5/P8/8r/5A3/4AK3/2c6 w,-0.9996549,3542
4ka3/9/9/8p/P2N5/9/8r/5A3/4AK3/2c6 b,0.99982727,5641
4ka3/9/9/8p/P2N5/9/8r/5A3/2c1AK3/9 w,-0.99982727,6906
4ka3/9/9/8p/P2N5/9/8r/3A1A3/2c2K3/9 b,0.9998324,5660
4ka3/9/9/8p/P2N5/9/3r5/3A1A3/2c2K3/9 w,-0.99959886,3532
4ka3/9/9/5N2p/P8/9/3r5/3A1A3/2c2K3/9 b,0.9998324,5191
4ka3/2c6/9/5N2p/P8/9/3r5/3A1A3/5K3/9 w,-0.99979305,2893
4ka3/2c3N2/9/8p/P8/9/3r5/3A1A3/5K3/9 b,0.9999616,1004
4ka3/5cN2/9/8p/P8/9/3r5/3A1A3/5K3/9 w,-0.99995404,6196
4ka3/5cN2/9/8p/P8/9/3r5/3A5/4AK3/9 b,0.9999025,5189
4ka3/5cN2/9/8p/P8/9/5r3/3A5/4AK3/9 w,-0.99987596,6908
4ka3/5cN2/9/8p/P8/9/5r3/3A1A3/5K3/9 b,0.99986005,5370
4ka3/5cN2/9/8p/P8/9/6r2/3A1A3/5K3/9 w,-0.99989,6196
4ka3/5cN2/9/8p/P8/9/6r2/3A5/4AK3/9 b,0.99989325,5415
4ka3/5cr2/9/8p/P8/9/9/3A5/4AK3/9 w,-1,3277
4ka3/5cr2/9/8p/P8/9/9/3A5/4A4/5K3 b,1,1419
4ka3/5c3/9/8p/P8/9/9/3A5/4A4/5Kr2 w,-1,7817
4ka3/5c3/9/8p/P8/9/9/3A5/4AK3/6r2 b,1,7872
4ka3/5c3/9/8p/P8/9/9/3A5/4AKr2/9 w,-1,7016
4ka3/5c3/9/8p/P8/9/9/3A5/4A1r2/5K3 b,1,7053
4ka3/5c3/9/8p/P8/9/6r2/3A5/4A4/5K3 w,-1,3267
4ka3/5c3/9/P7p/9/9/6r2/3A5/4A4/5K3 b,1,5487
4ka3/5c3/9/P7p/9/9/5r3/3A5/4A4/5K3 w,-1,7825
4ka3/5c3/9/P7p/9/9/5r3/3A5/4A4/4K4 b,1,5371
4ka3/5c3/9/P7p/9/9/r8/3A5/4A4/4K4 w,-1,7736
4ka3/5c3/9/1P6p/9/9/r8/3A5/4A4/4K4 b,1,4941
rnbakabnr/9/1c5c1/p1p1p1p1p/9/9/P1P1P1P1P/1C5C1/9/RNBAKABNR w,0.014449762,5087
rnbakabnr/9/1c5c1/p1p1p1p1p/9/9/P1P1P1P1P/4C2C1/9/RNBAKABNR b,-0.012932254,110
r1bakabnr/9/1cn4c1/p1p1p1p1p/9/9/P1P1P1P1P/4C2C1/9/RNBAKABNR w,0.011422182,7445
r1bakabnr/9/1cn4c1/p1p1p1p1p/9/9/P1P1P1P1P/2N1C2C1/9/R1BAKABNR b,-0.012428113,3012
r1baka1nr/9/1cn1b2c1/p1p1p1p1p/9/9/P1P1P1P1P/2N1C2C1/9/R1BAKABNR w,0.028042147,7372
r1baka1nr/9/1cn1b2c1/p1p1p1p1p/9/9/P1P1P1P1P/2N1C2C1/9/1RBAKABNR b,-0.02165522,1
1rbaka1nr/9/1cn1b2c1/p1p1p1p1p/9/9/P1P1P1P1P/2N1C2C1/9/1RBAKABNR w,0.018024392,5087
1rbaka1nr/9/1cn1b2c1/p1p1p1p1p/9/9/P1P1P1P1P/2N1CC3/9/1RBAKABNR b,-0.012428113,2648
1rbaka2r/9/1cn1b1nc1/p1p1p1p1p/9/9/P1P1P1P1P/2N1CC3/9/1RBAKABNR w,0.019055555,5451
1rbaka2r/9/1cn1b1nc1/p1p1p1p1p/9/9/P1P1P1P1P/2N1CCN2/9/1RBAKAB1R b,-0.017510546,1765
1rbaka2r/9/1cn1b1nc1/p1p1p3p/6p2/9/P1P1P1P1P/2N1CCN2/9/1RBAKAB1R w,0.019572936,8098
1rbaka2r/9/1cn1b1nc1/p1p1p3p/6p2/9/P1P1P1P1P/2N1CCN2/9/1RBAKABR1 b,-0.014449762,727
1rbaka1r1/9/1cn1b1nc1/p1p1p3p/6p2/9/P1P1P1P1P/2N1CCN2/9/1RBAKABR1 w,0.016997816,7408
1rbaka1r1/9/1cn1b1nc1/p1p1p3p/6p2/2P6/P3P1P1P/2N1CCN2/9/1RBAKABR1 b,-0.008420906,1765
1rbaka1r1/9/2n1b1nc1/p1p1p3p/6p2/2P6/Pc2P1P1P/2N1CCN2/9/1RBAKABR1 w,0.012932254,7954
1rbaka1r1/9/2n1b1nc1/p1p1p3p/6p2/2PN5/Pc2P1P1P/4CCN2/9/1RBAKABR1 b,0.0014816026,2311
1rbaka1r1/9/2n1b1n2/p1p1p3p/6p2/2PN5/Pc2P1PcP/4CCN2/9/1RBAKABR1 w,-0.011924766,7816
1rbaka1r1/9/2n1bCn2/p1p1p3p/6p2/2PN5/Pc2P1PcP/4C1N2/9/1RBAKABR1 b,0.02535331,5548
1rbakabr1/9/2n2Cn2/p1p1p3p/6p2/2PN5/Pc2P1PcP/4C1N2/9/1RBAKABR1 w,0.04585602,6061
1rbakabr1/9/2n2Cn2/p1p1N3p/6p2/2P6/Pc2P1PcP/4C1N2/9/1RBAKABR1 b,-0.025618432,1831
1rbakabr1/9/5Cn2/p1p1n3p/6p2/2P6/Pc2P1PcP/4C1N2/9/1RBAKABR1 w,0.007799667,6061
1rbakabr1/9/5Cn2/p1p1C3p/6p2/2P6/Pc2P1PcP/6N2/9/1RBAKABR1 b,-0.014534511,109
2bakabr1/9/1r3Cn2/p1p1C3p/6p2/2P6/Pc2P1PcP/6N2/9/1RBAKABR1 w,-0.00084206735,2839
2bakabr1/9/1r3Cn2/p1p5p/6p2/2P1C4/Pc2P1PcP/6N2/9/1RBAKABR1 b,-0.019456778,1733
2bakabr1/9/5rn2/p1p5p/6p2/2P1C4/Pc2P1PcP/6N2/9/1RBAKABR1 w,0,7435
2bakabr1/9/5rn2/p1p5p/6p2/2P1C4/PR2P1PcP/6N2/9/2BAKABR1 b,0.0010268611,3831
2bakabr1/9/5r3/p1p5p/5np2/2P1C4/PR2P1PcP/6N2/9/2BAKABR1 w,0.00619123,4987
2bakabr1/9/5r3/p1p5p/1R3np2/2P1C4/P3P1PcP/6N2/9/2BAKABR1 b,-0.004460755,3750
2bakabr1/9/5r3/p1p5p/1R4p2/2P1C4/P3P1ncP/6N2/9/2BAKABR1 w,0.0050324383,3372
2bakabr1/9/5r3/p1p5p/6R2/2P1C4/P3P1ncP/6N2/9/2BAKABR1 b,-0.00657011,5449
2bakabr1/9/5r3/p1p5p/6R2/2P1n4/P3P2cP/6N2/9/2BAKABR1 w,0.004916287,5269
2bakabr1/9/5r3/p1p5p/6R2/2P1P4/P6cP/6N2/9/2BAKABR1 b,-0.0045435224,2129
2bakabr1/9/5r3/p1p5p/6R2/2P1P4/P7P/6Nc1/9/2BAKABR1 w,0.008180164,3831
2bakabr1/9/5r3/p1p5p/6R2/2P1P4/P7P/6Nc1/7R1/2BAKAB2 b,-0.0040337103,2129
2bakabr1/9/9/p1p5p/6R2/2P1P4/P7P/5rNc1/7R1/2BAKAB2 w,0.012272201,3831
2bakabr1/9/9/p1p5p/6R2/2P1P4/P7P/4BrNc1/7R1/2BAKA3 b,-0.008445668,6179
2baka1r1/9/4b4/p1p5p/6R2/2P1P4/P7P/4BrNc1/7R1/2BAKA3 w,0.016663142,3840
2baka1r1/9/4b4/p1p5p/9/2P1P4/P5R1P/4BrNc1/7R1/2BAKA3 b,-0.015159991,673
2baka1r1/9/4b4/p1p5p/9/2P1Pr3/P5R1P/4B1Nc1/7R1/2BAKA3 w,0.024572568,4450
2baka1r1/9/4b4/p1p5p/9/2P1Pr3/P3R3P/4B1Nc1/7R1/2BAKA3 b,-0.017897664,4568
2baka1r1/9/4b4/p1p5p/5r3/2P1P4/P3R3P/4B1Nc1/7R1/2BAKA3 w,0.025292547,4450
2baka1r1/9/4b4/p1p5p/4Pr3/2P6/P3R3P/4B1Nc1/7R1/2BAKA3 b,-0.023862964,3713
2baka1r1/9/4b4/p1p5p/4P4/2P6/P3R3P/4BrNc1/7R1/2BAKA3 w,0.021457007,5280
2baka1r1/9/4b4/p1p5p/4P4/2P6/P5R1P/4BrNc1/7R1/2BAKA3 b,-0.021793598,283
2baka1r1/9/4b4/p7p/2p1P4/2P6/P5R1P/4BrNc1/7R1/2BAKA3 w,0.021793598,4268
2baka1r1/9/4b4/p7p/2P1P4/9/P5R1P/4BrNc1/7R1/2BAKA3 b,-0.02322546,2018
2baka1r1/9/9/p7p/2b1P4/9/P5R1P/4BrNc1/7R1/2BAKA3 w,0.015753772,7198
2baka1r1/9/9/p7p/2b1P4/6R2/P7P/4BrNc1/7R1/2BAKA3 b,-0.0062346207,691
2baka1r1/9/9/p7p/2b1P4/6R2/P6cP/4BrN2/7R1/2BAKA3 w,0.011327255,7816
2baka1r1/9/9/p7p/2b1P4/6R2/P6cP/5rN2/7R1/2BAKAB2 b,-0.0033272482,673
2baka3/9/9/p7p/2b1P2r1/6R2/P6cP/5rN2/7R1/2BAKAB2 w,0.0042881104,4650
2baka3/9/9/p7p/2b1P2r1/5NR2/P6cP/5r3/7R1/2BAKAB2 b,0.0018966057,6179
2baka3/9/9/p7p/2b1P2r1/5NR2/P4r1cP/9/7R1/2BAKAB2 w,-0.00047362017,4533
2baka3/9/9/p5N1p/2b1P2r1/6R2/P4r1cP/9/7R1/2BAKAB2 b,0.00047362017,5364
2baka3/9/4b4/p5N1p/4P2r1/6R2/P4r1cP/9/7R1/2BAKAB2 w,0.0038068264,7897
2baka3/9/4b4/p3P1N1p/7r1/6R2/P4r1cP/9/7R1/2BAKAB2 b,0.0014217104,3911
2baka3/9/4b4/p3P1N1p/7r1/6R2/P3r2cP/9/7R1/2BAKAB2 w,0.004047242,7186
2baka3/9/4b4/p3P1N1p/7r1/6R2/P3r2cP/9/4R4/2BAKAB2 b,-0.0033272482,5296
2baka3/9/4b4/p3P1N1p/7r1/6R2/P6cP/9/4r4/2BAKAB2 w,0.0020606157,7636
2baka3/9/4b4/p3P1N1p/7r1/6R2/P6cP/9/4A4/2B1KAB2 b,-0.0018170038,3912
2baka3/9/4b4/p3P1N1p/7r1/6R2/P3c3P/9/4A4/2B1KAB2 w,0.0015872903,6906
2baka3/9/4b4/p3P1N1p/7r1/6R2/P3c3P/3A5/9/2B1KAB2 b,-0.0017020081,3912
2baka3/9/4b4/p3P1N1p/6r2/6R2/P3c3P/3A5/9/2B1KAB2 w,0.0019322962,4632
2baka3/9/4b4/p3P1N1p/6R2/9/P3c3P/3A5/9/2B1KAB2 b,-0.0009067179,2022
2baka3/9/9/p3P1N1p/6b2/9/P3c3P/3A5/9/2B1KAB2 w,0.00027444094,2986
2baka3/7N1/9/p3P3p/6b2/9/P3c3P/3A5/9/2B1KAB2 b,-0.00022163254,3802
2b1ka3/4a2N1/9/p3P3p/6b2/9/P3c3P/3A5/9/2B1KAB2 w,0.00034650735,1475
2b1ka3/4a4/9/p3P3N/6b2/9/P3c3P/3A5/9/2B1KAB2 b,-0.00028198794,3806
2b1ka3/4a4/4b4/p3P3N/9/9/P3c3P/3A5/9/2B1KAB2 w,0.00035850625,3202
2b1ka3/4a4/4b1N2/p3P4/9/9/P3c3P/3A5/9/2B1KAB2 b,-0.0003274553,5275
2b1ka3/4a4/4b1N2/p3P4/4c4/9/P7P/3A5/9/2B1KAB2 w,0.00037427482,2201
2b1ka3/4a4/4b4/p3P4/4c2N1/9/P7P/3A5/9/2B1KAB2 b,-0.00020870639,3637
2b1ka3/4a4/9/p3P4/4c1bN1/9/P7P/3A5/9/2B1KAB2 w,0.00037427482,3930
2b1ka3/4a4/9/p3P4/4c1b2/9/P5N1P/3A5/9/2B1KAB2 b,-0.00035850625,2466
2b1ka3/4a4/4b4/p3P4/4c4/9/P5N1P/3A5/9/2B1KAB2 w,0.00042263977,5441
2b1ka3/4a4/4b4/p3P4/4c4/P8/6N1P/3A5/9/2B1KAB2 b,-0.00025233472,2018
2b1ka3/4a4/4b4/p3P4/6c2/P8/6N1P/3A5/9/2B1KAB2 w,0.0006748461,5449
2b1ka3/4a4/4b4/p3P4/5Nc2/P8/8P/3A5/9/2B1KAB2 b,-0.00023768513,2466
2b1kab2/4a4/9/p3P4/5Nc2/P8/8P/3A5/9/2B1KAB2 w,0.0008908667,3720
2b1kab2/4a4/9/p2NP4/6c2/P8/8P/3A5/9/2B1KAB2 b,-0.0014575996,3795
2b1kab2/4a1c2/9/p2NP4/9/P8/8P/3A5/9/2B1KAB2 w,0.0010926463,5633
2b1kab2/4a1c2/1N7/p3P4/9/P8/8P/3A5/9/2B1KAB2 b,-0.0007359717,1367
4kab2/4a1c2/1N2b4/p3P4/9/P8/8P/3A5/9/2B1KAB2 w,0.00050722767,5633
4kab2/4a1c2/1N2b4/p3P4/9/P7P/9/3A5/9/2B1KAB2 b,-0.00082224177,1193
4kab2/4a3c/1N2b4/p3P4/9/P7P/9/3A5/9/2B1KAB2 w,0.001119995,4814
4kab2/4a3c/1N2P4/p8/9/P7P/9/3A5/9/2B1KAB2 b,-0.000068000256,562
4ka3/4a3c/1N2b4/p8/9/P7P/9/3A5/9/2B1KAB2 w,0.000066053464,7901
4ka3/4a3c/4b4/p2N5/9/P7P/9/3A5/9/2B1KAB2 b,-0.00007540958,1986
4ka3/4ac3/4b4/p2N5/9/P7P/9/3A5/9/2B1KAB2 w,0.00007540958,2737
4ka3/4ac3/4b4/p2N5/8P/P8/9/3A5/9/2B1KAB2 b,-0.000066053464,1191
4ka3/4a3c/4b4/p2N5/8P/P8/9/3A5/9/2B1KAB2 w,0.00008497481,2737
4ka3/4a3c/4b4/p2N5/7P1/P8/9/3A5/9/2B1KAB2 b,-0.00009477566,1545
4ka3/4ac3/4b4/p2N5/7P1/P8/9/3A5/9/2B1KAB2 w,0.0000898441,2737
4ka3/4ac3/4b4/p2N3P1/9/P8/9/3A5/9/2B1KAB2 b,-0.000066053464,1173
3k1a3/4ac3/4b4/p2N3P1/9/P8/9/3A5/9/2B1KAB2 w,0.00017866913,2737
3k1a3/4ac3/4b4/p2N2P2/9/P8/9/3A5/9/2B1KAB2 b,-0.00014829254,274
3k1a3/4a3c/4b4/p2N2P2/9/P8/9/3A5/9/2B1KAB2 w,0.0001983471,2737
3k1a3/4a3c/4b4/p5P2/5N3/P8/9/3A5/9/2B1KAB2 b,-0.00007540958,2018
3k1a3/4a3c/9/p5P2/5Nb2/P8/9/3A5/9/2B1KAB2 w,0.00009477566,3738
3k1a3/4a3c/6N2/p5P2/6b2/P8/9/3A5/9/2B1KAB2 b,-0.00007070702,1574
3k1a3/4a4/6N1c/p5P2/6b2/P8/9/3A5/9/2B1KAB2 w,0.00007070702,6016
3k1a3/4a4/6N1c/p4P3/6b2/P8/9/3A5/9/2B1KAB2 b,-0.000066053464,2384
3k1a3/4a4/6Nc1/p4P3/6b2/P8/9/3A5/9/2B1KAB2 w,0.00008016441,7533
3k1a3/4a4/7c1/p3NP3/6b2/P8/9/3A5/9/2B1KAB2 b,-0.00007540958,2268
3k1a3/4a4/9/p3NP1c1/6b2/P8/9/3A5/9/2B1KAB2 w,0.00024154625,2810
3k1a3/4a4/9/p4P1c1/2N3b2/P8/9/3A5/9/2B1KAB2 b,-0.0001983471,3095
3k1a3/4a4/7c1/p4P3/2N3b2/P8/9/3A5/9/2B1KAB2 w,0.00035750598,3447
3k1a3/4a4/7c1/N4P3/6b2/P8/9/3A5/9/2B1KAB2 b,-0.000247846,3806
4ka3/4a4/7c1/N4P3/6b2/P8/9/3A5/9/2B1KAB2 w,0.00026326676,2440
4ka3/4a4/7c1/5P3/2N3b2/P8/9/3A5/9/2B1KAB2 b,-0.00023320553,2272
3k1a3/4a4/7c1/5P3/2N3b2/P8/9/3A5/9/2B1KAB2 w,0.00031470877,7537
3k1a3/4a4/7c1/5P3/P1N3b2/9/9/3A5/9/2B1KAB2 b,-0.00021929924,2293
3k1a3/4a4/9/5P3/P1N3bc1/9/9/3A5/9/2B1KAB2 w,0.00021929924,3439
3k1a3/4a4/9/4NP3/P5bc1/9/9/3A5/9/2B1KAB2 b,-0.000034752775,3906
3k1a3/4a4/9/4NP3/c5b2/9/9/3A5/9/2B1KAB2 w,0.0000270814,2810
3k1a3/4a4/2N6/5P3/c5b2/9/9/3A5/9/2B1KAB2 b,-0.00002140471,274
4ka3/4a4/2N6/5P3/c5b2/9/9/3A5/9/2B1KAB2 w,0.0000270814,7816
4ka3/N3a4/9/5P3/c5b2/9/9/3A5/9/2B1KAB2 b,-0.00001772004,3321
3k1a3/N3a4/9/5P3/c5b2/9/9/3A5/9/2B1KAB2 w,0.000025166946,7816
rnbakabnr/9/1c5c1/p1p1p1p1p/9/9/P1P1P1P1P/1C5C1/9/RNBAKABNR w,0.014449762,5087
rnbakabnr/9/1c5c1/p1p1p1p1p/9/9/P1P1P1P1P/4C2C1/9/RNBAKABNR b,-0.012932254,110
r1bakabnr/9/1cn4c1/p1p1p1p1p/9/9/P1P1P1P1P/4C2C1/9/RNBAKABNR w,0.011422182,7445
r1bakabnr/9/1cn4c1/p1p1p1p1p/9/9/P1P1P1P1P/2N1C2C1/9/R1BAKABNR b,-0.012428113,3012
r1baka1nr/9/1cn1b2c1/p1p1p1p1p/9/9/P1P1P1P1P/2N1C2C1/9/R1BAKABNR w,0.028042147,7372
r1baka1nr/9/1cn1b2c1/p1p1p1p1p/9/9/P1P1P1P1P/2N1C2C1/9/1RBAKABNR b,-0.02165522,1
1rbaka1nr/9/1cn1b2c1/p1p1p1p1p/9/9/P1P1P1P1P/2N1C2C1/9/1RBAKABNR w,0.018024392,5087
1rbaka1nr/9/1cn1b2c1/p1p1p1p1p/9/9/P1P1P1P1P/2N1CC3/9/1RBAKABNR b,-0.012428113,2648
1rbaka2r/9/1cn1b1nc1/p1p1p1p1p/9/9/P1P1P1P1P/2N1CC3/9/1RBAKABNR w,0.019055555,5451
1rbaka2r/9/1cn1b1nc1/p1p1p1p1p/9/9/P1P1P1P1P/2N1CCN2/9/1RBAKAB1R b,-0.017510546,1765
1rbaka2r/9/1cn1b1nc1/p1p1p3p/6p2/9/P1P1P1P1P/2N1CCN2/9/1RBAKAB1R w,0.019572936,8098
1rbaka2r/9/1cn1b1nc1/p1p1p3p/6p2/9/P1P1P1P1P/2N1CCN2/9/1RBAKABR1 b,-0.014449762,727
1rbaka1r1/9/1cn1b1nc1/p1p1p3p/6p2/9/P1P1P1P1P/2N1CCN2/9/1RBAKABR1 w,0.016997816,7408
1rbaka1r1/9/1cn1b1nc1/p1p1p3p/6p2/2P6/P3P1P1P/2N1CCN2/9/1RBAKABR1 b,-0.008420906,1765
1rbaka1r1/9/2n1b1nc1/p1p1p3p/6p2/2P6/Pc2P1P1P/2N1CCN2/9/1RBAKABR1 w,0.012932254,7954
1rbaka1r1/9/2n1b1nc1/p1p1p3p/6p2/2PN5/Pc2P1P1P/4CCN2/9/1RBAKABR1 b,0.0014816026,2311
1rbaka1r1/9/2n1b1n2/p1p1p3p/6p2/2PN5/Pc2P1PcP/4CCN2/9/1RBAKABR1 w,-0.011924766,7816
1rbaka1r1/9/2n1bCn2/p1p1p3p/6p2/2PN5/Pc2P1PcP/4C1N2/9/1RBAKABR1 b,0.02535331,5548
1rbakabr1/9/2n2Cn2/p1p1p3p/6p2/2PN5/Pc2P1PcP/4C1N2/9/1RBAKABR1 w,0.04585602,6061
1rbakabr1/9/2n2Cn2/p1p1N3p/6p2/2P6/Pc2P1PcP/4C1N2/9/1RBAKABR1 b,-0.025618432,1831
1rbakabr1/9/5Cn2/p1p1n3p/6p2/2P6/Pc2P1PcP/4C1N2/9/1RBAKABR1 w,0.007799667,6061
1rbakabr1/9/5Cn2/p1p1C3p/6p2/2P6/Pc2P1PcP/6N2/9/1RBAKABR1 b,-0.014534511,109
2bakabr1/9/1r3Cn2/p1p1C3p/6p2/2P6/Pc2P1PcP/6N2/9/1RBAKABR1 w,-0.00084206735,2839
2bakabr1/9/1r3Cn2/p1p1C3p/6p2/2P6/Pc2P1PcP/4B1N2/9/1RBAKA1R1 b,0.18854776,1733
2bakabr1/9/1r3Cn2/p1p1C3p/6p2/2P6/Pc2c1P1P/4B1N2/9/1RBAKA1R1 w,-0.054971237,7816
2bakabr1/9/1r3Cn2/p1p1C3p/6p2/2P6/Pc2c1P1P/4B1N2/4A4/1RBAK2R1 b,0.07225533,718
2bakab2/9/1r3Cn2/p1p1C3p/6p2/2P6/Pc2c1P1P/4B1N2/4A4/1RBAK2r1 w,-0.11545502,6298
2bakab2/9/1r3Cn2/p1p1C3p/6p2/2P6/Pc2c1P1P/4B4/4A4/1RBAK2N1 b,0.041879807,5282
2bakab2/9/1r3Cn2/p1p1C3p/6p2/2P6/Pc4P1c/4B4/4A4/1RBAK2N1 w,-0.038936064,5451
2bakab2/9/1r3Cn2/p1p1C3p/6p2/2P6/Pc4P1c/4B1N2/4A4/1RBAK4 b,0.36132276,1733
2bakab2/9/5rn2/p1p1C3p/6p2/2P6/Pc4P1c/4B1N2/4A4/1RBAK4 w,-0.34846565,4268
2bakab2/9/5rn2/p1p1C3p/6p2/2P6/Pc4P1N/4B4/4A4/1RBAK4 b,0.37922278,5012
2bakab2/9/5rn2/p1p1C3p/6p2/2P6/P5P1c/4B4/4A4/1RBAK4 w,-0.36012465,7381
2bakab2/9/5rn2/C1p5p/6p2/2P6/P5P1c/4B4/4A4/1RBAK4 b,0.35280812,2201
2bakab2/9/5r3/C1p5p/6pn1/2P6/P5P1c/4B4/4A4/1RBAK4 w,-0.3445436,7417
2bakab2/9/5r3/C1p5p/1R4pn1/2P6/P5P1c/4B4/4A4/2BAK4 b,0.3445436,562
2bakab2/9/5r3/C1p5p/1R4p2/2P6/P5n1c/4B4/4A4/2BAK4 w,-0.2824488,3372
2bakab2/9/5r3/C1p5p/6R2/2P6/P5n1c/4B4/4A4/2BAK4 b,0.19978996,5477
2bakab2/9/5r3/C1p5p/6R2/2P6/P7c/4B3n/4A4/2BAK4 w,-0.035470832,6117
2bakaR2/9/5r3/C1p5p/9/2P6/P7c/4B3n/4A4/2BAK4 b,0.42220023,5640
2bakaR2/9/5r3/C7p/2p6/2P6/P7c/4B3n/4A4/2BAK4 w,-0.086006165,6117
2bakaR2/9/5r3/C7p/2P6/9/P7c/4B3n/4A4/2BAK4 b,0.30357188,5640
2bakaR2/9/5r3/C7p/2P6/9/P3c4/4B3n/4A4/2BAK4 w,-0.07928187,609
2baka3/9/5r3/C7p/2P6/9/P3c4/4B3n/4A4/2BAK1R2 b,0.120877266,2095
2baka3/9/9/C7p/2P6/9/P3c4/4B3n/4Ar3/2BAK1R2 w,-0.120877266,7899
2baka3/9/9/4C3p/2P6/9/P3c4/4B3n/4Ar3/2BAK1R2 b,0.5577003,6468
2baka3/9/9/4C3p/2P6/9/P3c4/4B4/4Arn2/2BAK1R2 w,-0.4770214,2823
2baka3/9/9/6C1p/2P6/9/P3c4/4B4/4Arn2/2BAK1R2 b,0.61111987,7006
2baka3/9/9/6C1p/2P6/9/P3c4/4B4/4r1n2/2BAK1R2 w,-0.6547128,7736
2baka3/9/9/6C1p/2P6/9/P3c4/4B4/4r1n2/2BA1KR2 b,0.62405795,6915
2baka3/9/9/6C1p/2P6/9/P3c4/4B4/3r2n2/2BA1KR2 w,-0.7386285,7636
2baka3/9/9/6C1p/2P6/9/P3c4/4B4/3r2R2/2BA1K3 b,0.813935,6834
2baka3/9/9/6C1p/2P6/9/P3c4/4B4/6R2/2Br1K3 w,-0.8314577,7817
2baka3/9/9/6C1p/2P6/9/P3c4/4B4/5KR2/2Br5 b,0.8314577,7635
2baka3/9/9/6C1p/2P6/9/P3c4/4B4/3r1KR2/2B6 w,-0.8514108,6998
2baka3/9/9/6C1p/2P6/9/P3c4/4BK3/3r2R2/2B6 b,0.9050589,6828
2baka3/9/9/6C1p/2P6/9/P3c4/4BK3/6r2/2B6 w,-0.974313,3021
2baka3/9/9/2C5p/2P6/9/P3c4/4BK3/6r2/2B6 b,1,7053
2baka3/9/9/2C5p/2P6/9/P3c1r2/4BK3/9/2B6 w,-0.9766742,6077
2baka3/9/9/2C5p/2P6/2B6/P3c1r2/5K3/9/2B6 b,0.9884138,5277
2baka3/9/9/2C5p/2P6/2B6/P3cr3/5K3/9/2B6 w,-0.96765816,6187
2baka3/9/9/2C5p/2P6/2B6/P3cr3/4K4/9/2B6 b,0.97922903,5269
2baka3/9/4c4/2C5p/2P6/2B6/P4r3/4K4/9/2B6 w,-0.9727862,4905
2baka3/9/4c4/2C5p/2P6/2B6/P4r3/9/4K4/2B6 b,0.9796273,463
2baka3/9/4c4/2C5p/2P2r3/2B6/P8/9/4K4/2B6 w,-0.961602,2644
2baka3/9/4c4/2C5p/2P2r3/2B6/P8/9/3K5/2B6 b,0.9711713,2029
2baka3/9/4c4/2C5p/2r6/2B6/P8/9/3K5/2B6 w,-0.9809059,2641
2baka3/9/4c4/4C3p/2r6/2B6/P8/9/3K5/2B6 b,0.9752013,2000
2bak4/4a4/4c4/4C3p/2r6/2B6/P8/9/3K5/2B6 w,-0.97801566,2875
2bak4/4a4/4c4/8p/2r6/2B6/P8/4C4/3K5/2B6 b,0.9869995,3459
2bak4/4a4/4c4/8p/9/2r6/P8/4C4/3K5/2B6 w,-0.9958923,6098
2bak4/4a4/4c4/8p/9/2r6/P8/C8/3K5/2B6 b,0.9986389,365
2bak4/4a4/4c4/8p/9/9/P8/C8/2rK5/2B6 w,-0.9958923,6834
2bak4/4a4/4c4/8p/9/9/P8/C2K5/2r6/2B6 b,0.99857336,1193
2bak4/4a4/4c4/8p/9/9/P8/C2K5/9/2r6 w,-0.9999756,6015
2bak4/4a4/4c4/8p/9/9/P8/3K5/C8/2r6 b,0.9999312,7535
2bak4/4a4/4c4/8p/9/9/P8/2rK5/C8/9 w,-0.9999857,6015
2bak4/4a4/4c4/8p/9/9/P8/2r6/C2K5/9 b,0.9998358,5924
2bak4/4a4/4c4/8p/9/9/P8/9/C1rK5/9 w,-1,6816
2bak4/4a4/4c4/8p/9/9/P8/9/C1r6/3K5 b,0.99996775,6732
2bak4/4a4/4c4/8p/9/9/P1r6/9/C8/3K5 w,-0.99968696,6559
2bak4/4a4/4c4/8p/9/9/P1r6/C8/9/3K5 b,0.9999114,1193
2bak4/4a4/4c4/8p/9/9/P2r5/C8/9/3K5 w,-0.99986124,7645
2bak4/4a4/4c4/8p/9/9/P2r5/C8/9/4K4 b,0.9998794,5196
2bak4/4a4/9/8p/9/9/P2rc4/C8/9/4K4 w,-0.99962956,5739
2bak4/4a4/9/8p/9/9/P2rc4/5C3/9/4K4 b,0.9998688,5196
2bak4/4a4/9/8p/9/9/P3c4/3r1C3/9/4K4 w,-0.9997826,6170
2bak4/4a4/9/5C2p/9/9/P3c4/3r5/9/4K4 b,0.99990094,6007
2bak4/4a4/9/5C2p/9/9/P3c4/4r4/9/4K4 w,-0.99989223,7734
2bak4/4a4/9/5C2p/9/9/P3c4/4r4/9/3K5 b,0.99992085,5277
2bak4/4a4/4c4/5C2p/9/9/P8/4r4/9/3K5 w,-0.99976355,4905
2bak4/4a4/4c4/3C4p/9/9/P8/4r4/9/3K5 b,0.9999548,6096
2bak4/4a4/4c4/3Cr3p/9/9/P8/9/9/3K5 w,-0.9998981,2712
2bak4/4a4/4c4/4r3p/9/9/P8/3C5/9/3K5 b,0.99994946,2866
2bak4/4a4/4c4/3r4p/9/9/P8/3C5/9/3K5 w,-0.9999089,6015
2bak4/4a4/4c4/3r4p/9/9/P8/3C5/3K5/9 b,0.9999186,2001
2bak4/4a4/4c4/3r5/8p/9/P8/3C5/3K5/9 w,-0.99986124,4905
2bak4/4a4/4c4/3r5/8p/P8/9/3C5/3K5/9 b,0.99964976,1193
2bak4/4a4/4c4/3r5/9/P7p/9/3C5/3K5/9 w,-0.99925315,6826
2bak4/4a4/4c4/3r5/P8/8p/9/3C5/3K5/9 b,0.99957377,1193
2bak4/4a4/4c4/3r5/P8/7p1/9/3C5/3K5/9 w,-0.9990912,6826
2bak4/4a4/4c4/3r5/1P7/7p1/9/3C5/3K5/9 b,0.99911636,4733
2bak4/4a4/4c4/3r5/1P7/9/7p1/3C5/3K5/9 w,-0.99911636,3368
2bak4/4a4/4c4/3r5/2P6/9/7p1/3C5/3K5/9 b,0.9990912,1191
2bak4/4a4/4c4/9/2P6/3r5/7p1/3C5/3K5/9 w,-0.99806327,6826
2bak4/4a4/4c4/2P6/9/3r5/7p1/3C5/3K5/9 b,0.99995357,2001
2bak4/4a4/4c4/2P6/9/3r5/9/3C3p1/3K5/9 w,-0.99857694,2638
2bak4/4a4/2P1c4/9/9/3r5/9/3C3p1/3K5/9 b,0.99962956,1175
2bak4/4a4/2P1c4/9/9/3r5/9/3C2p2/3K5/9 w,-0.99982136,6826
2bak4/4a4/2P1c4/9/9/3r5/9/3C2p2/4K4/9 b,0.99981105,1193
2bak4/4a4/2P1c4/9/9/9/9/3r2p2/4K4/9 w,-1,1811
2bak4/2P1a4/4c4/9/9/9/9/3r2p2/4K4/9 b,1,365
2bak4/2P1a4/c8/9/9/9/9/3r2p2/4K4/9 w,-1,992
2Pak4/4a4/c8/9/9/9/9/3r2p2/4K4/9 b,1,365
2Pak4/4a4/c2r5/9/9/9/9/6p2/4K4/9 w,-1,181
2Pak4/4a4/c2r5/9/9/9/9/6p2/5K3/9 b,1,1912
2Pak4/4a4/c4r3/9/9/9/9/6p2/5K3/9 w,-1,7006
2Pak4/4a4/c4r3/9/9/9/9/6p2/4K4/9 b,1,1629
2Pak4/4a4/4cr3/9/9/9/9/6p2/4K4/9 w,-1,181
2Pak4/4a4/4cr3/9/9/9/9/6p2/9/4K4 b,1,2038
2Pak4/4a4/4cr3/9/9/9/9/5p3/9/4K4 w,-1,7726
2Pak4/4a4/4cr3/9/9/9/9/5p3/4K4/9 b,1,6197
2Pak4/4a4/4cr3/9/9/9/9/9/4Kp3/9 w,-1,6915
2Pak4/4a4/4cr3/9/9/9/9/9/5p3/4K4 b,1,2038
2Pa1k3/4a4/4cr3/9/9/9/9/9/5p3/4K4 w,-1,7734
3P1k3/4a4/4cr3/9/9/9/9/9/5p3/4K4 b,1,2120
3a1k3/9/4cr3/9/9/9/9/9/5p3/4K4 w,-1,7734
3a1k3/9/4cr3/9/9/9/9/9/5p3/3K5 b,1,7006
rnbakabnr/9/1c5c1/p1p1p1p1p/9/9/P1P1P1P1P/1C5C1/9/RNBAKABNR w,0.014449762,5087
rnbakabnr/9/1c5c1/p1p1p1p1p/9/9/P1P1P1P1P/4C2C1/9/RNBAKABNR b,-0.012932254,110
r1bakabnr/9/1cn4c1/p1p1p1p1p/9/9/P1P1P1P1P/4C2C1/9/RNBAKABNR w,0.011422182,7445
r1bakabnr/9/1cn4c1/p1p1p1p1p/9/9/P1P1P1P1P/2N1C2C1/9/R1BAKABNR b,-0.012428113,3012
r1baka1nr/9/1cn1b2c1/p1p1p1p1p/9/9/P1P1P1P1P/2N1C2C1/9/R1BAKABNR w,0.028042147,7372
r1baka1nr/9/1cn1b2c1/p1p1p1p1p/9/9/P1P1P1P1P/2N1C2C1/9/1RBAKABNR b,-0.02165522,1
1rbaka1nr/9/1cn1b2c1/p1p1p1p1p/9/9/P1P1P1P1P/2N1C2C1/9/1RBAKABNR w,0.018024392,5087
1rbaka1nr/9/1cn1b2c1/p1p1p1p1p/9/9/P1P1P1P1P/2N1CC3/9/1RBAKABNR b,-0.012428113,2648
1rbaka2r/9/1cn1b1nc1/p1p1p1p1p/9/9/P1P1P1P1P/2N1CC3/9/1RBAKABNR w,0.019055555,5451
1rbaka2r/9/1cn1b1nc1/p1p1p1p1p/9/9/P1P1P1P1P/2N1CCN2/9/1RBAKAB1R b,-0.017510546,1765
1rbaka2r/9/1cn1b1nc1/p1p1p3p/6p2/9/P1P1P1P1P/2N1CCN2/9/1RBAKAB1R w,0.019572936,8098
1rbaka2r/9/1cn1b1nc1/p1p1p3p/6p2/9/P1P1P1P1P/2N1CCN2/9/1RBAKABR1 b,-0.014449762,727
1rbaka1r1/9/1cn1b1nc1/p1p1p3p/6p2/9/P1P1P1P1P/2N1CCN2/9/1RBAKABR1 w,0.016997816,7408
1rbaka1r1/9/1cn1b1nc1/p1p1p3p/6p2/2P6/P3P1P1P/2N1CCN2/9/1RBAKABR1 b,-0.008420906,1765
1rbaka1r1/9/2n1b1nc1/p1p1p3p/6p2/2P6/Pc2P1P1P/2N1CCN2/9/1RBAKABR1 w,0.012932254,7954
1rbaka1r1/9/2n1b1nc1/p1p1p3p/6p2/2PN5/Pc2P1P1P/4CCN2/9/1RBAKABR1 b,0.0014816026,2311
1rbaka1r1/9/2n1b1n2/p1p1p3p/6p2/2PN5/Pc2P1PcP/4CCN2/9/1RBAKABR1 w,-0.011924766,7816
1rbaka1r1/9/2n1bCn2/p1p1p3p/6p2/2PN5/Pc2P1PcP/4C1N2/9/1RBAKABR1 b,0.02535331,5548
1rbakabr1/9/2n2Cn2/p1p1p3p/6p2/2PN5/Pc2P1PcP/4C1N2/9/1RBAKABR1 w,0.04585602,6061
1rbakabr1/9/2n2Cn2/p1p1N3p/6p2/2P6/Pc2P1PcP/4C1N2/9/1RBAKABR1 b,-0.025618432,1831
1rbakabr1/9/5Cn2/p1p1n3p/6p2/2P6/Pc2P1PcP/4C1N2/9/1RBAKABR1 w,0.007799667,6061
1rbakabr1/9/5Cn2/p1p1C3p/6p2/2P6/Pc2P1PcP/6N2/9/1RBAKABR1 b,-0.014534511,109
2bakabr1/9/1r3Cn2/p1p1C3p/6p2/2P6/Pc2P1PcP/6N2/9/1RBAKABR1 w,-0.00084206735,2839
2bakabr1/9/1r3Cn2/p1p5p/6p2/2P1C4/Pc2P1PcP/6N2/9/1RBAKABR1 b,-0.019456778,1733
2bakabr1/9/5rn2/p1p5p/6p2/2P1C4/Pc2P1PcP/6N2/9/1RBAKABR1 w,0,7435
2bakabr1/9/5rn2/p1p5p/6p2/2P1C4/PR2P1PcP/6N2/9/2BAKABR1 b,0.0010268611,3831
2bakabr1/9/6n2/p1p5p/6p2/2P1C4/PR2PrPcP/6N2/9/2BAKABR1 w,0.39088708,4969
2bakabr1/9/6n2/p1p5p/1R4p2/2P1C4/P3PrPcP/6N2/9/2BAKABR1 b,-0.1593855,3831
2bakabr1/9/9/p1p5p/1R3np2/2P1C4/P3PrPcP/6N2/9/2BAKABR1 w,0.6604994,3370
2bakabr1/9/9/p1p5p/1R3np2/2P1C4/P3PrPcP/4B1N2/9/2BAKA1R1 b,-0.17672673,373
2bakabr1/9/9/p1p5p/1R4p2/2P1C4/P3nrPcP/4B1N2/9/2BAKA1R1 w,0.64090973,3370
2bakabr1/9/9/p1p5p/1R4p2/2P1C4/P3nrPcP/4B1N2/4A4/2BAK2R1 b,-0.003012657,5360
2bakabr1/9/9/p1p5p/1R4p2/2P1C4/P3n1rcP/4B1N2/4A4/2BAK2R1 w,0.28532687,3370
2bakabr1/9/9/p1p5p/4R1p2/2P1C4/P3n1rcP/4B1N2/4A4/2BAK2R1 b,-0.7030103,562
2baka1r1/9/4b4/p1p5p/4R1p2/2P1C4/P3n1rcP/4B1N2/4A4/2BAK2R1 w,0.764984,3622
2baka1r1/9/4b4/p1p5p/4R1p2/2P1C4/P3N1rcP/4B4/4A4/2BAK2R1 b,-0.27723405,283
2baka1r1/9/4b4/p1p5p/4R1p2/2P1C4/P3r2cP/4B4/4A4/2BAK2R1 w,0.60003525,3622
2baka1r1/9/4R4/p1p5p/6p2/2P1C4/P3r2cP/4B4/4A4/2BAK2R1 b,-0.48800403,283
2bak2r1/4a4/4R4/p1p5p/6p2/2P1C4/P3r2cP/4B4/4A4/2BAK2R1 w,0.73295736,2005
2bak2r1/4a4/7R1/p1p5p/6p2/2P1C4/P3r2cP/4B4/4A4/2BAK2R1 b,-0.69939923,1175
2baka1r1/9/7R1/p1p5p/6p2/2P1C4/P3r2cP/4B4/4A4/2BAK2R1 w,0.6757428,2257
2baka1R1/9/9/p1p5p/6p2/2P1C4/P3r2cP/4B4/4A4/2BAK2R1 b,-0.6824469,5269
2baka1R1/9/9/p1p5p/6p2/2P1r4/P6cP/4B4/4A4/2BAK2R1 w,0.70871454,7981
2baka3/9/9/p1p5p/6p2/2P1r4/P6RP/4B4/4A4/2BAK2R1 b,-0.6771151,4450
2b1ka3/4a4/9/p1p5p/6p2/2P1r4/P6RP/4B4/4A4/2BAK2R1 w,0.78442174,5524
2b1ka3/4a4/9/p1p4Rp/6p2/2P1r4/P7P/4B4/4A4/2BAK2R1 b,-0.7684851,2648
2b1ka3/4a4/9/p1p4Rp/6p2/2P6/P3r3P/4B4/4A4/2BAK2R1 w,0.7566081,3089
2b1ka3/4a4/9/p1R5p/6p2/2P6/P3r3P/4B4/4A4/2BAK2R1 b,-0.7932741,202
4ka3/4a4/4b4/p1R5p/6p2/2P6/P3r3P/4B4/4A4/2BAK2R1 w,0.8425465,4905
4ka3/4a4/4b4/R7p/6p2/2P6/P3r3P/4B4/4A4/2BAK2R1 b,-0.78933316,3194
4ka3/4a4/4b4/R7p/6p2/2P6/P7r/4B4/4A4/2BAK2R1 w,0.8078139,7945
R3ka3/4a4/4b4/8p/6p2/2P6/P7r/4B4/4A4/2BAK2R1 b,-0.79022443,1173
R2aka3/9/4b4/8p/6p2/2P6/P7r/4B4/4A4/2BAK2R1 w,0.8056782,7954
3aka3/9/R3b4/8p/6p2/2P6/P7r/4B4/4A4/2BAK2R1 b,-0.71408755,1982
3aka3/9/R3b4/8p/6p2/2P6/P3r4/4B4/4A4/2BAK2R1 w,0.8182239,7945
3aka3/9/4b4/R7p/6p2/2P6/P3r4/4B4/4A4/2BAK2R1 b,-0.76167697,3194
3aka3/9/4b4/R8/6p1p/2P6/P3r4/4B4/4A4/2BAK2R1 w,0.7714805,7954
3aka1R1/9/4b4/R8/6p1p/2P6/P3r4/4B4/4A4/2BAK4 b,-0.7490219,5269
2baka1R1/9/9/R8/6p1p/2P6/P3r4/4B4/4A4/2BAK4 w,0.76167697,636
2bakaR2/9/9/R8/6p1p/2P6/P3r4/4B4/4A4/2BAK4 b,-0.74121755,5242
3akaR2/9/4b4/R8/6p1p/2P6/P3r4/4B4/4A4/2BAK4 w,0.77388656,564
3aka3/9/4b1R2/R8/6p1p/2P6/P3r4/4B4/4A4/2BAK4 b,-0.7515882,4013
3aka3/9/4b1R2/R8/6p1p/2P1r4/P8/4B4/4A4/2BAK4 w,0.7566681,2448
3aka3/9/4b3R/R8/6p1p/2P1r4/P8/4B4/4A4/2BAK4 b,-0.7690565,3831
3akab2/9/8R/R8/6p1p/2P1r4/P8/4B4/4A4/2BAK4 w,0.79695565,2364
3akab1R/9/9/R8/6p1p/2P1r4/P8/4B4/4A4/2BAK4 b,-0.76167697,562
3aka2R/9/4b4/R8/6p1p/2P1r4/P8/4B4/4A4/2BAK4 w,0.76661456,746
3aka3/9/4b4/R8/6p1R/2P1r4/P8/4B4/4A4/2BAK4 b,-0.75504905,4460
3aka3/9/4b4/R8/6p1R/2P4r1/P8/4B4/4A4/2BAK4 w,0.7983891,2461
3aka3/9/4b4/4R4/6p1R/2P4r1/P8/4B4/4A4/2BAK4 b,-0.7846116,4705
3aka3/9/4b2r1/4R4/6p1R/2P6/P8/4B4/4A4/2BAK4 w,0.8072018,4905
3aka3/9/4b2r1/4R4/6p1R/2P6/P8/9/4A4/2BAK1B2 b,-0.75504905,283
3aka3/9/4b2r1/4R4/8R/2P3p2/P8/9/4A4/2BAK1B2 w,0.7822501,2848
3aka3/9/4b2r1/4R4/2P5R/6p2/P8/9/4A4/2BAK1B2 b,-0.77747124,2274
3aka3/9/4b2r1/4R4/2P5R/5p3/P8/9/4A4/2BAK1B2 w,0.8028326,4001
3aka3/9/4b2r1/4R4/2P2R3/5p3/P8/9/4A4/2BAK1B2 b,-0.8136168,463
3aka3/9/4b4/4R4/2P2R3/5p3/P8/9/4A4/2BAK1Br1 w,0.90960217,2812
3aka3/9/4R4/9/2P2R3/5p3/P8/9/4A4/2BAK1Br1 b,-0.9173167,463
4ka3/4a4/4R4/9/2P2R3/5p3/P8/9/4A4/2BAK1Br1 w,0.9495434,3740
4ka3/4a4/4R4/9/2P2R3/5p3/P8/4B4/4A4/3AK1Br1 b,-0.9150626,7954
4ka3/4a4/4R4/9/2P2R3/5p1r1/P8/4B4/4A4/3AK1B2 w,0.9216623,3449
4ka3/4a4/R8/9/2P2R3/5p1r1/P8/4B4/4A4/3AK1B2 b,-0.9428248,1173
4ka3/4a4/R8/9/2P2R3/4p2r1/P8/4B4/4A4/3AK1B2 w,0.9979616,3730
4ka3/4a4/R8/9/2P1R4/4p2r1/P8/4B4/4A4/3AK1B2 b,-0.99994946,363
3k1a3/4a4/R8/9/2P1R4/4p2r1/P8/4B4/4A4/3AK1B2 w,0.99760526,3639
R2k1a3/4a4/9/9/2P1R4/4p2r1/P8/4B4/4A4/3AK1B2 b,-0.99787,282
R4a3/3ka4/9/9/2P1R4/4p2r1/P8/4B4/4A4/3AK1B2 w,1,3639
5a3/R2ka4/9/9/2P1R4/4p2r1/P8/4B4/4A4/3AK1B2 b,-1,1101
3k1a3/R3a4/9/9/2P1R4/4p2r1/P8/4B4/4A4/3AK1B2 w,0.998187,810
3k1a3/4a4/R8/9/2P1R4/4p2r1/P8/4B4/4A4/3AK1B2 b,-0.9938957,4687
3k1a3/4a4/R8/7r1/2P1R4/4p4/P8/4B4/4A4/3AK1B2 w,0.99956286,3639
R2k1a3/4a4/9/7r1/2P1R4/4p4/P8/4B4/4A4/3AK1B2 b,-0.99971014,282
R4a3/3ka4/9/7r1/2P1R4/4p4/P8/4B4/4A4/3AK1B2 w,0.9994632,3639
5a3/R2ka4/9/7r1/2P1R4/4p4/P8/4B4/4A4/3AK1B2 b,-0.9969286,1083
3k1a3/R3a4/9/7r1/2P1R4/4p4/P8/4B4/4A4/3AK1B2 w,0.99847937,3639
3k1a3/4a4/9/7r1/2P1R4/R3p4/P8/4B4/4A4/3AK1B2 b,-0.96919006,3090
3k1a3/4a4/9/3r5/2P1R4/R3p4/P8/4B4/4A4/3AK1B2 w,0.97994435,4050
3k1a3/4a4/9/3r5/2P1R4/4R4/P8/4B4/4A4/3AK1B2 b,-0.91250193,2727
3k1a3/4a4/3r5/9/2P1R4/4R4/P8/4B4/4A4/3AK1B2 w,0.9684012,3639
3k1a3/4a4/3r5/2P6/4R4/4R4/P8/4B4/4A4/3AK1B2 b,-0.94068676,1908
3k1a3/4a4/r8/2P6/4R4/4R4/P8/4B4/4A4/3AK1B2 w,0.94472826,4905
3k1a3/4a4/r8/2P6/4R4/3R5/P8/4B4/4A4/3AK1B2 b,-0.93456215,274
4ka3/4a4/r8/2P6/4R4/3R5/P8/4B4/4A4/3AK1B2 w,0.94472826,4905
4ka3/4a4/r8/2P6/4R4/1R7/P8/4B4/4A4/3AK1B2 b,-0.9506594,1620
4ka3/4a4/3r5/2P6/4R4/1R7/P8/4B4/4A4/3AK1B2 w,0.9718677,4141
4ka3/4a4/3r5/2P6/4R4/PR7/9/4B4/4A4/3AK1B2 b,-0.9590283,1893
3rka3/4a4/9/2P6/4R4/PR7/9/4B4/4A4/3AK1B2 w,0.9607572,4086
3rka3/4a4/2P6/9/4R4/PR7/9/4B4/4A4/3AK1B2 b,-0.99990916,309
2r1ka3/4a4/2P6/9/4R4/PR7/9/4B4/4A4/3AK1B2 w,0.9789943,1811
2r1ka3/4a4/2P6/9/4R4/P1R6/9/4B4/4A4/3AK1B2 b,-0.93456215,180
3rka3/4a4/2P6/9/4R4/P1R6/9/4B4/4A4/3AK1B2 w,0.9372559,4279
3rka3/2P1a4/9/9/4R4/P1R6/9/4B4/4A4/3AK1B2 b,-0.95843595,291
4ka3/2P1a4/3r5/9/4R4/P1R6/9/4B4/4A4/3AK1B2 w,0.9789943,4276
4ka3/2P1a4/3r5/9/P3R4/2R6/9/4B4/4A4/3AK1B2 b,-0.95783544,1947
3rka3/2P1a4/9/9/P3R4/2R6/9/4B4/4A4/3AK1B2 w,0.9533938,4279
3rka3/2P1a4/9/9/1P2R4/2R6/9/4B4/4A4/3AK1B2 b,-0.96747196,291
4ka3/2P1a4/9/3r5/1P2R4/2R6/9/4B4/4A4/3AK1B2 w,0.96885616,3649
4ka3/2P1a4/9/3r5/2P1R4/2R6/9/4B4/4A4/3AK1B2 b,-0.9770653,2721
4ka3/2P1a4/3r5/9/2P1R4/2R6/9/4B4/4A4/3AK1B2 w,0.9995494,4276
4ka3/2P1a4/3r5/2P6/4R4/2R6/9/4B4/4A4/3AK1B2 b,-0.97836965,1947
4ka3/2P1a4/1r7/2P6/4R4/2R6/9/4B4/4A4/3AK1B2 w,0.9990478,2640
4ka3/2P1a4/1r7/2P6/R8/2R6/9/4B4/4A4/3AK1B2 b,-0.97145545,1173
3aka3/2P6/1r7/2P6/R8/2R6/9/4B4/4A4/3AK1B2 w,0.97307,1002
R2aka3/2P6/1r7/2P6/9/2R6/9/4B4/4A4/3AK1B2 b,-0.9669975,463
R2aka3/2P6/3r5/2P6/9/2R6/9/4B4/4A4/3AK1B2 w,0.95722663,4279
R2aka3/2P6/2Pr5/9/9/2R6/9/4B4/4A4/3AK1B2 b,-0.962416,1920
R2aka3/2P6/2r6/9/9/2R6/9/4B4/4A4/3AK1B2 w,0.99974966,4250
R2aka3/2P6/2R6/9/9/9/9/4B4/4A4/3AK1B2 b,-1,463
R2ak4/2P1a4/2R6/9/9/9/9/4B4/4A4/3AK1B2 w,0.99999994,27
R2ak4/2P1a4/9/9/9/9/9/4B4/2R1A4/3AK1B2 b,-1,365
R2a1k3/2P1a4/9/9/9/9/9/4B4/2R1A4/3AK1B2 w,0.9999994,6698
R2a1k3/3Pa4/9/9/9/9/9/4B4/2R1A4/3AK1B2 b,-1,454
R2a5/3Pak3/9/9/9/9/9/4B4/2R1A4/3AK1B2 w,1,6716
R2a5/3Pak3/9/9/2R6/9/9/4B4/4A4/3AK1B2 b,-1,1193
R2a5/3Pa4/5k3/9/2R6/9/9/4B4/4A4/3AK1B2 w,1,3461
3a5/3Pa4/R4k3/9/2R6/9/9/4B4/4A4/3AK1B2 b,-1,2084
3a5/3Pak3/R8/9/2R6/9/9/4B4/4A4/3AK1B2 w,1,3461
3a5/3Pak3/R8/9/5R3/9/9/4B4/4A4/3AK1B2 b,-1,1193
3a5/3P1k3/R4a3/9/5R3/9/9/4B4/4A4/3AK1B2 w,1,3713
rnbakabnr/9/1c5c1/p1p1p1p1p/9/9/P1P1P1P1P/1C5C1/9/RNBAKABNR w,0.014449762,5087
rnbakabnr/9/1c5c1/p1p1p1p1p/9/9/P1P1P1P1P/4C2C1/9/RNBAKABNR b,-0.012932254,110
r1bakabnr/9/1cn4c1/p1p1p1p1p/9/9/P1P1P1P1P/4C2C1/9/RNBAKABNR w,0.011422182,7445
r1bakabnr/9/1cn4c1/p1p1p1p1p/9/9/P1P1P1P1P/2N1C2C1/9/R1BAKABNR b,-0.012428113,3012
r1baka1nr/9/1cn1b2c1/p1p1p1p1p/9/9/P1P1P1P1P/2N1C2C1/9/R1BAKABNR w,0.028042147,7372
r1baka1nr/9/1cn1b2c1/p1p1p1p1p/9/9/P1P1P1P1P/2N1C2C1/9/1RBAKABNR b,-0.02165522,1
1rbaka1nr/9/1cn1b2c1/p1p1p1p1p/9/9/P1P1P1P1P/2N1C2C1/9/1RBAKABNR w,0.018024392,5087
1rbaka1nr/9/1cn1b2c1/p1p1p1p1p/9/9/P1P1P1P1P/2N1CC3/9/1RBAKABNR b,-0.012428113,2648
1rbaka2r/9/1cn1b1nc1/p1p1p1p1p/9/9/P1P1P1P1P/2N1CC3/9/1RBAKABNR w,0.019055555,5451
1rbaka2r/9/1cn1b1nc1/p1p1p1p1p/9/9/P1P1P1P1P/2N1CCN2/9/1RBAKAB1R b,-0.017510546,1765
1rbaka2r/9/1cn1b1nc1/p1p1p3p/6p2/9/P1P1P1P1P/2N1CCN2/9/1RBAKAB1R w,0.019572936,8098
1rbaka2r/9/1cn1b1nc1/p1p1p3p/6p2/9/P1P1P1P1P/2N1CCN2/9/1RBAKABR1 b,-0.014449762,727
1rbaka1r1/9/1cn1b1nc1/p1p1p3p/6p2/9/P1P1P1P1P/2N1CCN2/9/1RBAKABR1 w,0.016997816,7408
1rbaka1r1/9/1cn1b1nc1/p1p1p3p/6p2/2P6/P3P1P1P/2N1CCN2/9/1RBAKABR1 b,-0.008420906,1765
1rbaka1r1/9/2n1b1nc1/p1p1p3p/6p2/2P6/Pc2P1P1P/2N1CCN2/9/1RBAKABR1 w,0.012932254,7954
1rbaka1r1/9/2n1b1nc1/p1p1p3p/6p2/2PN5/Pc2P1P1P/4CCN2/9/1RBAKABR1 b,0.0014816026,2311
1rbaka1r1/9/2n1b1n2/p1p1p3p/6p2/2PN5/Pc2P1PcP/4CCN2/9/1RBAKABR1 w,-0.011924766,7816
1rbaka1r1/9/2n1bCn2/p1p1p3p/6p2/2PN5/Pc2P1PcP/4C1N2/9/1RBAKABR1 b,0.02535331,5548
1rbakabr1/9/2n2Cn2/p1p1p3p/6p2/2PN5/Pc2P1PcP/4C1N2/9/1RBAKABR1 w,0.04585602,6061
1rbakabr1/9/2n2Cn2/p1p1N3p/6p2/2P6/Pc2P1PcP/4C1N2/9/1RBAKABR1 b,-0.025618432,1831
1rbakabr1/9/5Cn2/p1p1n3p/6p2/2P6/Pc2P1PcP/4C1N2/9/1RBAKABR1 w,0.007799667,6061
1rbakabr1/9/5Cn2/p1p1C3p/6p2/2P6/Pc2P1PcP/6N2/9/1RBAKABR1 b,-0.014534511,109
2bakabr1/9/1r3Cn2/p1p1C3p/6p2/2P6/Pc2P1PcP/6N2/9/1RBAKABR1 w,-0.00084206735,2839
2bakabr1/9/1r3Cn2/p1p5p/6p2/2P1C4/Pc2P1PcP/6N2/9/1RBAKABR1 b,-0.019456778,1733
2bakabr1/9/5rn2/p1p5p/6p2/2P1C4/Pc2P1PcP/6N2/9/1RBAKABR1 w,0,7435
2bakabr1/9/5rn2/p1p5p/6p2/2P1C4/PR2P1PcP/6N2/9/2BAKABR1 b,0.0010268611,3831
2bakabr1/9/6n2/p1p5p/6p2/2P1C4/PR2PrPcP/6N2/9/2BAKABR1 w,0.39088708,4969
2bakabr1/9/6n2/p1p5p/1R4p2/2P1C4/P3PrPcP/6N2/9/2BAKABR1 b,-0.1593855,3831
2bakabr1/9/9/p1p5p/1R3np2/2P1C4/P3PrPcP/6N2/9/2BAKABR1 w,0.6604994,3370
2bakabr1/9/9/p1p5p/1R3np2/2P1C4/P3PrPcP/4B1N2/9/2BAKA1R1 b,-0.17672673,373
2bakabr1/9/9/p1p5p/1R4p2/2P1C4/P3nrPcP/4B1N2/9/2BAKA1R1 w,0.64090973,3370
2bakabr1/9/9/p1p5p/1R4p2/2P1C4/P3nrPcP/4B1N2/4A4/2BAK2R1 b,-0.003012657,5360
2bakabr1/9/9/p1p5p/1R4p2/2P1C4/P3n1rcP/4B1N2/4A4/2BAK2R1 w,0.28532687,3370
2bakabr1/9/9/p1p5p/4R1p2/2P1C4/P3n1rcP/4B1N2/4A4/2BAK2R1 b,-0.7030103,562
2baka1r1/9/4b4/p1p5p/4R1p2/2P1C4/P3n1rcP/4B1N2/4A4/2BAK2R1 w,0.764984,3622
2baka1r1/9/4b4/p1p5p/4R1p2/2P1C4/P3N1rcP/4B4/4A4/2BAK2R1 b,-0.27723405,283
2baka1r1/9/4b4/p1p5p/4R1p2/2P1C4/P3r2cP/4B4/4A4/2BAK2R1 w,0.60003525,3622
2baka1r1/9/4R4/p1p5p/6p2/2P1C4/P3r2cP/4B4/4A4/2BAK2R1 b,-0.48800403,283
2bak2r1/4a4/4R4/p1p5p/6p2/2P1C4/P3r2cP/4B4/4A4/2BAK2R1 w,0.73295736,2005
2bak2r1/4a4/7R1/p1p5p/6p2/2P1C4/P3r2cP/4B4/4A4/2BAK2R1 b,-0.69939923,1175
2baka1r1/9/7R1/p1p5p/6p2/2P1C4/P3r2cP/4B4/4A4/2BAK2R1 w,0.6757428,2257
2baka1R1/9/9/p1p5p/6p2/2P1C4/P3r2cP/4B4/4A4/2BAK2R1 b,-0.6824469,5269
2baka1R1/9/9/p1p5p/6p2/2P1C4/c3r3P/4B4/4A4/2BAK2R1 w,0.94413877,8006
2baka1R1/9/9/p1p5p/6p2/2P2C3/c3r3P/4B4/4A4/2BAK2R1 b,-0.6430792,4941
2baka1R1/9/9/p1p5p/9/2P2Cp2/c3r3P/4B4/4A4/2BAK2R1 w,0.65930617,4532
2baka1R1/9/9/p1p5p/9/2P2CB2/c3r3P/9/4A4/2BAK2R1 b,-0.53049904,5282
2baka1R1/9/9/p1p5p/9/2P2CB2/4r3P/9/4A4/c1BAK2R1 w,0.5691407,7990
2baka1R1/9/9/p1p5p/9/2P3B2/4r3P/5C3/4A4/c1BAK2R1 b,-0.0018421893,5296
2baka1R1/9/9/p1p5p/9/2P3B2/8P/5C3/4r4/c1BAK2R1 w,0.0021298146,7736
2baka1R1/9/9/p1p5p/9/2P3B2/8P/5C3/4r4/c1BA1K1R1 b,-0.0029972596,6915
2baka1R1/9/9/p1p5p/9/2P3B2/8P/5C3/3r5/c1BA1K1R1 w,0.00388031,6187
2baka1R1/9/9/p1p5p/9/2P3B2/8P/4C4/3r5/c1BA1K1R1 b,0,6834
2baka1R1/9/9/p1p5p/9/2P3B2/8P/4C4/9/c1Br1K1R1 w,0.0027535947,7817
2baka1R1/9/9/p1p5p/9/2P3B2/8P/4C4/5K3/c1Br3R1 b,-0.0010390822,7635
2baka1R1/9/9/p1p5p/9/2P3B2/8P/4C4/5K3/c1B4r1 w,0.0028268073,635
2baka3/9/9/p1p5p/9/2P3B2/8P/4C4/5K3/c1B4R1 b,0.00013988132,7378
2baka3/9/9/p1p5p/9/2P3B2/8P/4C4/5K3/2B4c1 w,-0.0000105302215,6101
2baka3/9/9/p1p5p/9/2P3B2/8P/4C4/4K4/2B4c1 b,0.00008176307,7972
2baka3/9/9/p1p5p/9/2P3Bc1/8P/4C4/4K4/2B6 w,-0.000045631416,7533
2baka3/9/9/p1p5p/9/2P3Bc1/8P/B3C4/4K4/9 b,0.000059775615,4750
2ba1a3/4k4/9/p1p5p/9/2P3Bc1/8P/B3C4/4K4/9 w,-0.000023275288,6917
2ba1a3/4k4/9/p1p5p/9/2P3Bc1/8P/B3C4/9/4K4 b,0.000043430777,4705
2ba1a3/4k4/9/p1p6/8p/2P3Bc1/8P/B3C4/9/4K4 w,-0.000030985648,6106
2ba1a3/4k4/9/p1p6/8p/2P3Bc1/8P/B8/4C4/4K4 b,0.000030985648,4687
2ba1a3/4k4/9/2p6/p7p/2P3Bc1/8P/B8/4C4/4K4 w,-0.00002140471,4657
2ba1a3/4k4/9/2p6/p7p/2P4c1/8P/B3B4/4C4/4K4 b,0.00001590261,1184
2ba1a3/3k5/9/2p6/p7p/2P4c1/8P/B3B4/4C4/4K4 w,-0.000014099584,6920
2ba1a3/3k5/9/2p6/p7p/2P4c1/8P/B3B4/4C4/5K3 b,0.000035002184,4705
2ba1a3/3k5/9/2p6/8p/p1P4c1/8P/B3B4/4C4/5K3 w,-0.00002140471,6920
2ba1a3/3k5/9/2p6/8p/p1P4c1/8P/B3B4/C8/5K3 b,0.000025166946,4096
2ba1a3/3k5/9/2p6/8p/p1P1c4/8P/B3B4/C8/5K3 w,-0.00001955352,6560
2ba1a3/3k5/9/2p6/8p/p1P1c1B2/8P/B8/C8/5K3 b,0.0000270814,283
2ba1a3/3k5/9/2p6/9/p1P1c1B1p/8P/B8/C8/5K3 w,-0.000008760653,5633
2ba1a3/3k5/9/2p6/9/p1P1c1B1P/9/B8/C8/5K3 b,0.0000048827064,4463
2ba1a3/3k5/9/2p6/9/p1P3B1c/9/B8/C8/5K3 w,-0.0000019092836,6525
2ba1a3/3k5/9/2p6/9/C1P3B1c/9/B8/9/5K3 b,0.0000005865931,463
2ba1a3/3k5/8c/2p6/9/C1P3B2/9/B8/9/5K3 w,0.0000001951324,4104
2ba1a3/3k5/8c/2p6/C8/2P3B2/9/B8/9/5K3 b,0.00000039056366,2360
2ba1a3/3k5/5c3/2p6/C8/2P3B2/9/B8/9/5K3 w,0,5753
2ba1a3/3k5/5c3/2p6/8C/2P3B2/9/B8/9/5K3 b,0.0000001951324,2090
2ba1a3/3k5/1c7/2p6/8C/2P3B2/9/B8/9/5K3 w,0.0000001951324,4040
2ba1a3/3k5/1c7/2p6/9/2P3B2/9/B7C/9/5K3 b,0,1730
2ba1a3/3k5/5c3/2p6/9/2P3B2/9/B7C/9/5K3 w,0.0000017922667,6455
2ba1a3/3k5/5c3/2p6/9/2P3B2/9/B7C/9/4K4 b,0,2090
2ba1a3/3k5/4c4/2p6/9/2P3B2/9/B7C/9/4K4 w,0.00000078352093,6455
2ba1a3/3k5/4c4/2p6/9/2P3B2/9/B5C2/9/4K4 b,-0.0000001951324,2000
2ba1a3/4k4/4c4/2p6/9/2P3B2/9/B5C2/9/4K4 w,0.0000017922667,6275
2ba1a3/4k4/4c4/2p6/9/2P3B2/9/B5C2/9/3K5 b,0,2000
2ba1a3/4k4/c8/2p6/9/2P3B2/9/B5C2/9/3K5 w,0.0000015862789,6275
2ba1a3/4k4/c8/2p6/9/2P3B2/9/B1C6/9/3K5 b,-0.00000078352093,1640
3a1a3/4k4/c3b4/2p6/9/2P3B2/9/B1C6/9/3K5 w,0.0000020009995,5879
3a1a3/4k4/c3b4/2C6/9/2P3B2/9/B8/9/3K5 b,-0.00000064365264,1184
3a1a3/4k4/3cb4/2C6/9/2P3B2/9/B8/9/3K5 w,0.00000078314525,7645
3a1a3/4k4/3cb4/4C4/9/2P3B2/9/B8/9/3K5 b,-0.00000064365264,1184
3a1a3/3k5/3cb4/4C4/9/2P3B2/9/B8/9/3K5 w,0.0000008550753,7635
3a1a3/3k5/3cb4/1C7/9/2P3B2/9/B8/9/3K5 b,-0.00000064365264,283
3a1a3/4k4/3cb4/1C7/9/2P3B2/9/B8/9/3K5 w,0.00000071271603,4657
3a1a3/4k4/3cb4/9/9/2P3B2/9/B8/1C7/3K5 b,-0.00000064365264,1184
3aka3/9/3cb4/9/9/2P3B2/9/B8/1C7/3K5 w,0.0000008550753,7645
3aka3/9/3cb4/9/9/2P3B2/9/B8/4C4/3K5 b,-0.0000010039925,463
3ak4/4a4/3cb4/9/9/2P3B2/9/B8/4C4/3K5 w,0.00000071271603,7645
3ak4/4a4/3cb4/9/9/2P3B2/9/B8/4C4/4K4 b,-0.00000064365264,365
3a1k3/4a4/3cb4/9/9/2P3B2/9/B8/4C4/4K4 w,0.00000071271603,4657
3a1k3/4a4/3cb4/9/9/2P3B2/9/9/4C4/2B1K4 b,-0.00000064365264,1910
3a1k3/4a4/c3b4/9/9/2P3B2/9/9/4C4/2B1K4 w,0.00000078314525,7533
3a1k3/4a4/c3b4/9/2P6/6B2/9/9/4C4/2B1K4 b,-0.00000012486892,2018
3a1k3/4a4/c8/9/2b6/6B2/9/9/4C4/2B1K4 w,0.00000004157963,6919
3a1k3/4a4/c8/9/2b6/6B2/9/B8/4C4/4K4 b,0.000000013814056,3442
3a1k3/4a4/4c4/9/2b6/6B2/9/B8/4C4/4K4 w,0.00000004157963,6913
3a1k3/4a4/4c4/9/2b6/6B2/9/B8/3C5/4K4 b,0.000000013814056,1999
3a1k3/4a4/b3c4/9/9/6B2/9/B8/3C5/4K4 w,0.000000013814056,6822
3a1k3/4a4/b3c4/9/9/2B3B2/9/9/3C5/4K4 b,0.000000013814056,2005
3a1k3/4a4/4c4/9/2b6/2B3B2/9/9/3C5/4K4 w,0.000000069758954,6830
3a1k3/4a4/4c4/9/2b6/2B3B2/9/3C5/9/4K4 b,0,464
3a1k3/4a4/b3c4/9/9/2B3B2/9/3C5/9/4K4 w,0.000000013814056,6004
3a1k3/4a4/b3c4/9/9/2B3B2/9/5C3/9/4K4 b,0.000000013814056,2001
2ba1k3/4a4/4c4/9/9/2B3B2/9/5C3/9/4K4 w,0.000000027662455,6185
2ba1k3/4a4/4c4/9/9/2B3B2/9/C8/9/4K4 b,0.000000013814056,1999
2bak4/4a4/4c4/9/9/2B3B2/9/C8/9/4K4 w,0.000000013814056,5735
2bak4/4a4/4c4/9/9/2B3B2/9/2C6/9/4K4 b,-0.00000004157963,198
3ak4/4a4/b3c4/9/9/2B3B2/9/2C6/9/4K4 w,0.000000013814056,5914
3ak4/4a4/b3c4/9/9/2B3B2/9/C8/9/4K4 b,-0.000000027662455,2001
3a1k3/4a4/b3c4/9/9/2B3B2/9/C8/9/4K4 w,0.000000013814056,5738
3a1k3/4a4/b3c4/9/9/2B3B2/9/C8/4K4/9 b,0.000000013814056,2038
2ba1k3/4a4/4c4/9/9/2B3B2/9/C8/4K4/9 w,0,5734
2ba1k3/4a4/4c4/9/9/2B3B2/9/2C6/4K4/9 b,0.000000013814056,2020
3a1k3/4a4/b3c4/9/9/2B3B2/9/2C6/4K4/9 w,0,5914
rnbakabnr/9/1c5c1/p1p1p1p1p/9/9/P1P1P1P1P/1C5C1/9/RNBAKABNR w,0.014449762,5087
rnbakabnr/9/1c5c1/p1p1p1p1p/9/9/P1P1P1P1P/4C2C1/9/RNBAKABNR b,-0.012932254,110
r1bakabnr/9/1cn4c1/p1p1p1p1p/9/9/P1P1P1P1P/4C2C1/9/RNBAKABNR w,0.011422182,7445
r1bakabnr/9/1cn4c1/p1p1p1p1p/9/9/P1P1P1P1P/2N1C2C1/9/R1BAKABNR b,-0.012428113,3012
r1baka1nr/9/1cn1b2c1/p1p1p1p1p/9/9/P1P1P1P1P/2N1C2C1/9/R1BAKABNR w,0.028042147,7372
r1baka1nr/9/1cn1b2c1/p1p1p1p1p/9/9/P1P1P1P1P/2N1C2C1/9/1RBAKABNR b,-0.02165522,1
1rbaka1nr/9/1cn1b2c1/p1p1p1p1p/9/9/P1P1P1P1P/2N1C2C1/9/1RBAKABNR w,0.018024392,5087
1rbaka1nr/9/1cn1b2c1/p1p1p1p1p/9/9/P1P1P1P1P/2N1CC3/9/1RBAKABNR b,-0.012428113,2648
1rbaka2r/9/1cn1b1nc1/p1p1p1p1p/9/9/P1P1P1P1P/2N1CC3/9/1RBAKABNR w,0.019055555,5451
1rbaka2r/9/1cn1b1nc1/p1p1p1p1p/9/9/P1P1P1P1P/2N1CCN2/9/1RBAKAB1R b,-0.017510546,1765
1rbaka2r/9/1cn1b1nc1/p1p1p3p/6p2/9/P1P1P1P1P/2N1CCN2/9/1RBAKAB1R w,0.019572936,8098
1rbaka2r/9/1cn1b1nc1/p1p1p3p/6p2/9/P1P1P1P1P/2N1CCN2/9/1RBAKABR1 b,-0.014449762,727
1rbaka1r1/9/1cn1b1nc1/p1p1p3p/6p2/9/P1P1P1P1P/2N1CCN2/9/1RBAKABR1 w,0.016997816,7408
1rbaka1r1/9/1cn1b1nc1/p1p1p3p/6p2/2P6/P3P1P1P/2N1CCN2/9/1RBAKABR1 b,-0.008420906,1765
1rbaka1r1/9/2n1b1nc1/p1p1p3p/6p2/2P6/Pc2P1P1P/2N1CCN2/9/1RBAKABR1 w,0.012932254,7954
1rbaka1r1/9/2n1b1nc1/p1p1p3p/6p2/2PN5/Pc2P1P1P/4CCN2/9/1RBAKABR1 b,0.0014816026,2311
1rbaka1r1/9/2n1b1n2/p1p1p3p/6p2/2PN5/Pc2P1PcP/4CCN2/9/1RBAKABR1 w,-0.011924766,7816
1rbaka1r1/9/2n1bCn2/p1p1p3p/6p2/2PN5/Pc2P1PcP/4C1N2/9/1RBAKABR1 b,0.02535331,5548
1rbakabr1/9/2n2Cn2/p1p1p3p/6p2/2PN5/Pc2P1PcP/4C1N2/9/1RBAKABR1 w,0.04585602,6061
1rbakabr1/9/2n2Cn2/p1p1N3p/6p2/2P6/Pc2P1PcP/4C1N2/9/1RBAKABR1 b,-0.025618432,1831
1rbakabr1/9/5Cn2/p1p1n3p/6p2/2P6/Pc2P1PcP/4C1N2/9/1RBAKABR1 w,0.007799667,6061
1rbakabr1/9/5Cn2/p1p1C3p/6p2/2P6/Pc2P1PcP/6N2/9/1RBAKABR1 b,-0.014534511,109
2bakabr1/9/1r3Cn2/p1p1C3p/6p2/2P6/Pc2P1PcP/6N2/9/1RBAKABR1 w,-0.00084206735,2839
2bakabr1/9/1r3Cn2/p1p5p/6p2/2P1C4/Pc2P1PcP/6N2/9/1RBAKABR1 b,-0.019456778,1733
2bakabr1/9/5rn2/p1p5p/6p2/2P1C4/Pc2P1PcP/6N2/9/1RBAKABR1 w,0,7435
2bakabr1/9/5rn2/p1p5p/6p2/2P1C4/PR2P1PcP/6N2/9/2BAKABR1 b,0.0010268611,3831
2bakabr1/9/5r3/p1p5p/5np2/2P1C4/PR2P1PcP/6N2/9/2BAKABR1 w,0.00619123,4987
2bakabr1/9/5r3/p1p5p/1R3np2/2P1C4/P3P1PcP/6N2/9/2BAKABR1 b,-0.004460755,3750
2bakabr1/9/5r3/p1p5p/1R4p2/2P1C4/P3P1ncP/6N2/9/2BAKABR1 w,0.0050324383,3372
2bakabr1/9/5r3/p1p5p/6R2/2P1C4/P3P1ncP/6N2/9/2BAKABR1 b,-0.00657011,5449
2bakabr1/9/5r3/p1p5p/6R2/2P1n4/P3P2cP/6N2/9/2BAKABR1 w,0.004916287,5269
2bakabr1/9/5r3/p1p5p/6R2/2P1P4/P6cP/6N2/9/2BAKABR1 b,-0.0045435224,2129
2bakabr1/9/5r3/p1p5p/6R2/2P1P4/P7P/6Nc1/9/2BAKABR1 w,0.008180164,3831
2bakabr1/9/5r3/p1p5p/6R2/2P1P4/P7P/6Nc1/7R1/2BAKAB2 b,-0.0040337103,2129
2bakabr1/9/9/p1p5p/6R2/2P1P4/P7P/5rNc1/7R1/2BAKAB2 w,0.012272201,3831
2bakabr1/9/9/p1p3R1p/9/2P1P4/P7P/5rNc1/7R1/2BAKAB2 b,-0.007651792,6179
2bakab2/9/9/p1p3R1p/9/2P1P4/P6rP/5rNc1/7R1/2BAKAB2 w,0.049776442,2976
2bakaR2/9/9/p1p5p/9/2P1P4/P6rP/5rNc1/7R1/2BAKAB2 b,-0.05478155,2648
2bakaR2/9/9/p1p5p/9/2P1P4/P3r3P/5rNc1/7R1/2BAKAB2 w,0.49902156,7816
2bakaR2/9/9/p1p5p/9/2P1P4/P3r3P/5rNc1/4A2R1/2BAK1B2 b,-0.49075776,5269
2bakaR2/9/9/p1p5p/9/2P1P4/P3r3P/5rN1c/4A2R1/2BAK1B2 w,0.591632,7897
2baka3/9/9/p1p5p/9/2P1P1R2/P3r3P/5rN1c/4A2R1/2BAK1B2 b,-0.49351206,2648
3aka3/9/4b4/p1p5p/9/2P1P1R2/P3r3P/5rN1c/4A2R1/2BAK1B2 w,0.59429115,7897
3aka1R1/9/4b4/p1p5p/9/2P1P1R2/P3r3P/5rN1c/4A4/2BAK1B2 b,-0.56747484,6479
3aka1R1/9/4b4/p1p5p/9/2P1P1R2/P3r3P/5rN2/4A4/2BAK1B1c w,0.50453126,718
3aka1R1/9/4b4/p1p5p/9/2P1P1R2/P3r3P/4BrN2/4A4/2BAK3c b,-0.5620583,6189
3aka1R1/9/4b4/p1p5p/9/2P1P1R2/P3r3P/4BrN2/4A4/2BAK1c2 w,0.6829419,6117
3aka1R1/9/4b4/p1p5p/9/2P1P1R2/P3r3P/5rN2/4A4/2BAK1B2 b,-0.66063946,2648
4ka1R1/4a4/4b4/p1p5p/9/2P1P1R2/P3r3P/5rN2/4A4/2BAK1B2 w,0.6880927,664
4ka3/4a4/4b4/p1p4Rp/9/2P1P1R2/P3r3P/5rN2/4A4/2BAK1B2 b,-0.69052774,2648
4ka3/4a4/4b4/2p4Rp/p8/2P1P1R2/P3r3P/5rN2/4A4/2BAK1B2 w,0.74563503,7537
4ka3/4a4/4b4/2p4Rp/p8/2P1P1R2/P3r3P/4BrN2/4A4/2BAK4 b,-0.7499237,6189
4ka3/4a4/4b4/2p4Rp/p8/2P1P1R2/P3r3P/4B1r2/4A4/2BAK4 w,0.7449816,4659
4ka3/4a4/4b4/2p4Rp/p8/2P1P4/P3r3P/4B1R2/4A4/2BAK4 b,-0.7995475,1193
4ka3/4a4/4b4/2p4Rp/p8/2P1r4/P7P/4B1R2/4A4/2BAK4 w,0.7821552,6234
4ka3/4a4/4b4/2R5p/p8/2P1r4/P7P/4B1R2/4A4/2BAK4 b,-0.80672306,1173
4ka3/4a4/4b4/2R5p/p8/2P6/P3r3P/4B1R2/4A4/2BAK4 w,0.8024804,6234
4ka3/4a4/4b4/2R5p/p8/2P6/P3r3P/6R2/4A4/2BAK1B2 b,-0.77555555,1193
4ka3/4a4/4b4/2R5p/p8/2P6/P7r/6R2/4A4/2BAK1B2 w,0.8847911,6277
4ka3/4a4/4b4/4R3p/p8/2P6/P7r/6R2/4A4/2BAK1B2 b,-0.7879446,5633
4ka3/4a4/4b4/4R3p/p8/2P6/r8/6R2/4A4/2BAK1B2 w,0.81780136,6274
4ka3/4a4/4R4/8p/p8/2P6/r8/6R2/4A4/2BAK1B2 b,-0.85143405,3285
4ka3/4a4/4R4/8p/p8/2P6/2r6/6R2/4A4/2BAK1B2 w,0.8963115,6274
4ka3/4a4/4R4/8p/p8/2P6/2r6/1R7/4A4/2BAK1B2 b,-0.8976678,5097
3k1a3/4a4/4R4/8p/p8/2P6/2r6/1R7/4A4/2BAK1B2 w,0.99858683,5761
1R1k1a3/4a4/4R4/8p/p8/2P6/2r6/9/4A4/2BAK1B2 b,-1,282
1R3a3/3ka4/4R4/8p/p8/2P6/2r6/9/4A4/2BAK1B2 w,1,2000
5a3/1R1ka4/4R4/8p/p8/2P6/2r6/9/4A4/2BAK1B2 b,-1,1083
3k1a3/1R2a4/4R4/8p/p8/2P6/2r6/9/4A4/2BAK1B2 w,1,901
3k1a3/4a4/4R4/8p/pR7/2P6/2r6/9/4A4/2BAK1B2 b,-0.8707221,5087
3k1a3/4a4/4R4/8p/pR7/2r6/9/9/4A4/2BAK1B2 w,0.88392854,3331
1R1k1a3/4a4/4R4/8p/p8/2r6/9/9/4A4/2BAK1B2 b,-0.8997868,282
1R3a3/3ka4/4R4/8p/p8/2r6/9/9/4A4/2BAK1B2 w,0.8808209,1999
5a3/1R1ka4/4R4/8p/p8/2r6/9/9/4A4/2BAK1B2 b,-0.86766326,1083
3k1a3/1R2a4/4R4/8p/p8/2r6/9/9/4A4/2BAK1B2 w,0.8913909,901
3k1a3/1R2a4/9/4R3p/p8/2r6/9/9/4A4/2BAK1B2 b,-0.8207056,4232
3k1a3/1R2a4/2r6/4R3p/p8/9/9/9/4A4/2BAK1B2 w,0.89705426,901
1R1k1a3/4a4/2r6/4R3p/p8/9/9/9/4A4/2BAK1B2 b,-0.88993293,282
1R3a3/3ka4/2r6/4R3p/p8/9/9/9/4A4/2BAK1B2 w,0.90884876,100
1R3a3/3ka4/2r6/4R3p/p8/9/9/9/4A4/2BA1KB2 b,-0.8588288,1823
1R3a3/3ka4/5r3/4R3p/p8/9/9/9/4A4/2BA1KB2 w,0.8760247,7825
1R3a3/3ka4/5r3/4R3p/p8/9/9/5A3/9/2BA1KB2 b,-0.8743895,2090
1R3a3/3ka4/9/4R3p/p8/9/9/5r3/9/2BA1KB2 w,0.96293867,7825
1R3a3/3ka4/9/4R3p/p8/9/9/5r3/9/2BAK1B2 b,-0.9521984,6143
1R3a3/3ka4/9/4R3p/p8/9/9/3r5/9/2BAK1B2 w,0.9962648,2819
R4a3/3ka4/9/4R3p/p8/9/9/3r5/9/2BAK1B2 b,-0.8605057,6024
R4a3/3ka4/9/4R3p/p8/9/9/9/9/2BrK1B2 w,0.96072507,7726
R4a3/3ka4/9/4R3p/p8/9/9/9/4K4/2Br2B2 b,-0.90140504,7635
R4a3/3ka4/9/4R3p/p2r5/9/9/9/4K4/2B3B2 w,1,2818
5a3/R2ka4/9/4R3p/p2r5/9/9/9/4K4/2B3B2 b,-1,1083
3k1a3/R3a4/9/4R3p/p2r5/9/9/9/4K4/2B3B2 w,0.96538776,810
3k1a3/4a4/9/R3R3p/p2r5/9/9/9/4K4/2B3B2 b,-0.8755,3585
3k1a3/4a4/9/R3R4/p2r4p/9/9/9/4K4/2B3B2 w,0.9137699,2819
R2k1a3/4a4/9/4R4/p2r4p/9/9/9/4K4/2B3B2 b,-1,282
R4a3/3ka4/9/4R4/p2r4p/9/9/9/4K4/2B3B2 w,0.9958359,2819
5a3/R2ka4/9/4R4/p2r4p/9/9/9/4K4/2B3B2 b,-0.9124687,1083
3k1a3/R3a4/9/4R4/p2r4p/9/9/9/4K4/2B3B2 w,0.8700365,810
3k1a3/4a4/9/R3R4/p2r4p/9/9/9/4K4/2B3B2 b,-0.8482384,3585
3k1a3/4a4/9/R3R4/p7p/9/9/9/3rK4/2B3B2 w,0.8807654,6925
3k1a3/4a4/9/R3R4/p7p/9/9/9/3r5/2B1K1B2 b,-0.8624359,6834
3k1a3/4a4/9/R3R4/p2r4p/9/9/9/9/2B1K1B2 w,0.92915595,2430
3k1a3/4a4/9/3RR4/p2r4p/9/9/9/9/2B1K1B2 b,-0.93827885,3540
3k1a3/4a4/9/3rR4/p7p/9/9/9/9/2B1K1B2 w,0.97642475,2820
3k1a3/4a4/9/3R5/p7p/9/9/9/9/2B1K1B2 b,-1,274
4ka3/4a4/9/3R5/p7p/9/9/9/9/2B1K1B2 w,1,2727
4ka3/4a4/9/9/p2R4p/9/9/9/9/2B1K1B2 b,-0.99999994,4013
4ka3/4a4/9/9/3R4p/p8/9/9/9/2B1K1B2 w,1,3554
4ka3/4a4/9/9/R7p/p8/9/9/9/2B1K1B2 b,-1,363
3k1a3/4a4/9/9/R7p/p8/9/9/9/2B1K1B2 w,1,3285
3k1a3/4a4/9/9/8p/R8/9/9/9/2B1K1B2 b,-1,282
5a3/3ka4/9/9/8p/R8/9/9/9/2B1K1B2 w,1,4098
5a3/R2ka4/9/9/8p/9/9/9/9/2B1K1B2 b,-1,1083
3k1a3/R3a4/9/9/8p/9/9/9/9/2B1K1B2 w,1,810
R2k1a3/4a4/9/9/8p/9/9/9/9/2B1K1B2 b,-1,282
R4a3/3ka4/9/9/8p/9/9/9/9/2B1K1B2 w,1,36
R4a3/3ka4/9/9/8p/9/9/9/9/2B2KB2 b,-1,4013
R4a3/3ka4/9/9/9/8p/9/9/9/2B2KB2 w,1,1
5a3/R2ka4/9/9/9/8p/9/9/9/2B2KB2 b,-1,1083
5a3/R3a4/3k5/9/9/8p/9/9/9/2B2KB2 w,1,846
5a3/4a4/3k5/9/9/R7p/9/9/9/2B2KB2 b,-1,1902
5a3/4a4/3k5/9/9/R8/8p/9/9/2B2KB2 w,1,4086
5a3/4a4/3k5/9/9/R8/8p/9/9/2B1K1B2 b,-1,1902
5a3/3ka4/9/9/9/R8/8p/9/9/2B1K1B2 w,1,4098
5a3/3ka4/9/9/9/3R5/8p/9/9/2B1K1B2 b,-1,1191
5a3/3k5/3a5/9/9/3R5/8p/9/9/2B1K1B2 w,1,7734
5a3/3k5/3a5/9/9/9/3R4p/9/9/2B1K1B2 b,-1,5651
9/3ka4/3a5/9/9/9/3R4p/9/9/2B1K1B2 w,1,5192
9/3ka4/3a5/9/9/9/3R4p/B8/9/4K1B2 b,-1,5651
9/3ka4/3a5/9/9/9/3R3p1/B8/9/4K1B2 w,1,5191
9/3ka4/3a5/9/9/9/7R1/B8/9/4K1B2 b,-1,1173
5a3/3k5/3a5/9/9/9/7R1/B8/9/4K1B2 w,1,7734
5a3/3k5/3a5/9/9/9/7R1/B8/4K4/6B2 b,-1,1903
9/3ka4/3a5/9/9/9/7R1/B8/4K4/6B2 w,1,6915
9/3ka4/3a5/9/9/2B6/7R1/9/4K4/6B2 b,-1,1193
3a5/3k5/3a5/9/9/2B6/7R1/9/4K4/6B2 w,1,6915
3a5/3k3R1/3a5/9/9/2B6/9/9/4K4/6B2 b,-1,1903
9/3ka2R1/3a5/9/9/2B6/9/9/4K4/6B2 w,1,6915
9/3kaR3/3a5/9/9/2B6/9/9/4K4/6B2 b,-1,1083
3k5/4aR3/3a5/9/9/2B6/9/9/4K4/6B2 w,1,1275
3k5/4aR3/3a5/9/9/2B6/9/8B/4K4/9 b,-1,274
4k4/4aR3/3a5/9/9/2B6/9/8B/4K4/9 w,1,1319
4k4/4a4/3a5/9/5R3/2B6/9/8B/4K4/9 b,-1,363
3k5/4a4/3a5/9/5R3/2B6/9/8B/4K4/9 w,1,3726
3k5/4a4/3a5/9/R8/2B6/9/8B/4K4/9 b,-1,1193
3k5/9/3a1a3/9/R8/2B6/9/8B/4K4/9 w,1,3240
3k5/9/3a1a3/9/3R5/2B6/9/8B/4K4/9 b,-1,282
9/3k5/3a1a3/9/3R5/2B6/9/8B/4K4/9 w,1,6915
9/3k5/3a1a3/9/9/2B6/9/8B/4K4/3R5 b,-1,2083
9/3ka4/3a5/9/9/2B6/9/8B/4K4/3R5 w,1,7617
9/3ka4/3a5/9/9/2B6/3R5/8B/4K4/9 b,-1,1083
3k5/4a4/3a5/9/9/2B6/3R5/8B/4K4/9 w,1,5184
3k5/4a4/3a5/9/9/2B6/1R7/8B/4K4/9 b,-1,282
3k5/9/3a1a3/9/9/2B6/1R7/8B/4K4/9 w,1,4960
1R1k5/9/3a1a3/9/9/2B6/9/8B/4K4/9 b,-1,282
1R7/3k5/3a1a3/9/9/2B6/9/8B/4K4/9 w,1,6915
8R/3k5/3a1a3/9/9/2B6/9/8B/4K4/9 b,-1,1903
8R/3ka4/5a3/9/9/2B6/9/8B/4K4/9 w,1,720
4R4/3ka4/5a3/9/9/2B6/9/8B/4K4/9 b,-1,1101
4R4/4a4/3k1a3/9/9/2B6/9/8B/4K4/9 w,1,361
4R4/4a4/3k1a3/9/9/2B3B2/9/9/4K4/9 b,-1,1902
4R4/3ka4/5a3/9/9/2B3B2/9/9/4K4/9 w,1,4661
4R4/3ka4/5a3/9/9/2B3B2/9/9/9/4K4 b,-1,1173
4R4/3k5/3a1a3/9/9/2B3B2/9/9/9/4K4 w,1,7734
9/3k5/3a1a3/9/9/2B3B2/4R4/9/9/4K4 b,-1,1903
9/3ka4/3a5/9/9/2B3B2/4R4/9/9/4K4 w,1,7734
9/3ka4/3a5/9/9/2B3B2/3R5/9/9/4K4 b,-1,1193
3k5/4a4/3a5/9/9/2B3B2/3R5/9/9/4K4 w,1,7726
3k5/4a4/3a5/9/9/2B3B2/3R5/9/4K4/9 b,-1,282
4k4/4a4/3a5/9/9/2B3B2/3R5/9/4K4/9 w,1,5151
4k4/4a4/3R5/9/9/2B3B2/9/9/4K4/9 b,-1,365
5k3/4a4/3R5/9/9/2B3B2/9/9/4K4/9 w,1,1916
5k3/4a4/8R/9/9/2B3B2/9/9/4K4/9 b,-1,464
9/4ak3/8R/9/9/2B3B2/9/9/4K4/9 w,1,6907
9/4ak2R/9/9/9/2B3B2/9/9/4K4/9 b,-1,1265
9/4a3R/5k3/9/9/2B3B2/9/9/4K4/9 w,1,1543
rnbakabnr/9/1c5c1/p1p1p1p1p/9/9/P1P1P1P1P/1C5C1/9/RNBAKABNR w,0.014449762,5087
rnbakabnr/9/1c5c1/p1p1p1p1p/9/9/P1P1P1P1P/4C2C1/9/RNBAKABNR b,-0.012932254,110
r1bakabnr/9/1cn4c1/p1p1p1p1p/9/9/P1P1P1P1P/4C2C1/9/RNBAKABNR w,0.011422182,7445
r1bakabnr/9/1cn4c1/p1p1p1p1p/9/9/P1P1P1P1P/2N1C2C1/9/R1BAKABNR b,-0.012428113,3012
r1baka1nr/9/1cn1b2c1/p1p1p1p1p/9/9/P1P1P1P1P/2N1C2C1/9/R1BAKABNR w,0.028042147,7372
r1baka1nr/9/1cn1b2c1/p1p1p1p1p/9/9/P1P1P1P1P/2N1C2C1/9/1RBAKABNR b,-0.02165522,1
1rbaka1nr/9/1cn1b2c1/p1p1p1p1p/9/9/P1P1P1P1P/2N1C2C1/9/1RBAKABNR w,0.018024392,5087
1rbaka1nr/9/1cn1b2c1/p1p1p1p1p/9/9/P1P1P1P1P/2N1CC3/9/1RBAKABNR b,-0.012428113,2648
1rbaka2r/9/1cn1b1nc1/p1p1p1p1p/9/9/P1P1P1P1P/2N1CC3/9/1RBAKABNR w,0.019055555,5451
1rbaka2r/9/1cn1b1nc1/p1p1p1p1p/9/9/P1P1P1P1P/2N1CCN2/9/1RBAKAB1R b,-0.017510546,1765
1rbaka2r/9/1cn1b1nc1/p1p1p3p/6p2/9/P1P1P1P1P/2N1CCN2/9/1RBAKAB1R w,0.019572936,8098
1rbaka2r/9/1cn1b1nc1/p1p1p3p/6p2/9/P1P1P1P1P/2N1CCN2/9/1RBAKABR1 b,-0.014449762,727
1rbaka1r1/9/1cn1b1nc1/p1p1p3p/6p2/9/P1P1P1P1P/2N1CCN2/9/1RBAKABR1 w,0.016997816,7408
1rbaka1r1/9/1cn1b1nc1/p1p1p3p/6p2/2P6/P3P1P1P/2N1CCN2/9/1RBAKABR1 b,-0.008420906,1765
1rbaka1r1/9/2n1b1nc1/p1p1p3p/6p2/2P6/Pc2P1P1P/2N1CCN2/9/1RBAKABR1 w,0.012932254,7954
1rbaka1r1/9/2n1b1nc1/p1p1p3p/6p2/2PN5/Pc2P1P1P/4CCN2/9/1RBAKABR1 b,0.0014816026,2311
1rbaka1r1/9/2n1b1n2/p1p1p3p/6p2/2PN5/Pc2P1PcP/4CCN2/9/1RBAKABR1 w,-0.011924766,7816
1rbaka1r1/9/2n1bCn2/p1p1p3p/6p2/2PN5/Pc2P1PcP/4C1N2/9/1RBAKABR1 b,0.02535331,5548
1rbakabr1/9/2n2Cn2/p1p1p3p/6p2/2PN5/Pc2P1PcP/4C1N2/9/1RBAKABR1 w,0.04585602,6061
1rbakabr1/9/2n2Cn2/p1p1N3p/6p2/2P6/Pc2P1PcP/4C1N2/9/1RBAKABR1 b,-0.025618432,1831
1rbakabr1/9/5Cn2/p1p1n3p/6p2/2P6/Pc2P1PcP/4C1N2/9/1RBAKABR1 w,0.007799667,6061
1rbakabr1/9/5Cn2/p1p1C3p/6p2/2P6/Pc2P1PcP/6N2/9/1RBAKABR1 b,-0.014534511,109
2bakabr1/9/1r3Cn2/p1p1C3p/6p2/2P6/Pc2P1PcP/6N2/9/1RBAKABR1 w,-0.00084206735,2839
2bakabr1/9/1r3Cn2/p1p5p/6p2/2P1C4/Pc2P1PcP/6N2/9/1RBAKABR1 b,-0.019456778,1733
2bakabr1/9/5rn2/p1p5p/6p2/2P1C4/Pc2P1PcP/6N2/9/1RBAKABR1 w,0,7435
2bakabr1/9/5rn2/p1p5p/6p2/2P1C4/PR2P1PcP/6N2/9/2BAKABR1 b,0.0010268611,3831
2bakabr1/9/5r3/p1p5p/5np2/2P1C4/PR2P1PcP/6N2/9/2BAKABR1 w,0.00619123,4987
2bakabr1/9/5r3/p1p5p/1R3np2/2P1C4/P3P1PcP/6N2/9/2BAKABR1 b,-0.004460755,3750
2bakabr1/9/5r3/p1p5p/1R4p2/2P1C4/P3P1ncP/6N2/9/2BAKABR1 w,0.0050324383,3372
2bakabr1/9/5r3/p1p5p/6R2/2P1C4/P3P1ncP/6N2/9/2BAKABR1 b,-0.00657011,5449
2bakabr1/9/5r3/p1p5p/6R2/2P1n4/P3P2cP/6N2/9/2BAKABR1 w,0.004916287,5269
2bakabr1/9/5r3/p1p5p/6R2/2P1P4/P6cP/6N2/9/2BAKABR1 b,-0.0045435224,2129
2bakabr1/9/5r3/p1p5p/6R2/2P1P4/P7P/6Nc1/9/2BAKABR1 w,0.008180164,3831
2bakabr1/9/5r3/p1p5p/6R2/2P1P4/P7P/6Nc1/7R1/2BAKAB2 b,-0.0040337103,2129
2bakabr1/9/9/p1p5p/6R2/2P1P4/P7P/5rNc1/7R1/2BAKAB2 w,0.012272201,3831
2bakabr1/9/9/p1p3R1p/9/2P1P4/P7P/5rNc1/7R1/2BAKAB2 b,-0.007651792,6179
2bakab2/9/9/p1p3R1p/9/2P1P4/P6rP/5rNc1/7R1/2BAKAB2 w,0.049776442,2976
2bakaR2/9/9/p1p5p/9/2P1P4/P6rP/5rNc1/7R1/2BAKAB2 b,-0.05478155,2648
2bakaR2/9/9/p1p5p/9/2P1P4/P3r3P/5rNc1/7R1/2BAKAB2 w,0.49902156,7816
2bakaR2/9/9/p1p5p/9/2P1P4/P3r3P/5rNc1/4A2R1/2BAK1B2 b,-0.49075776,5269
2bakaR2/9/9/p1p5p/9/2P1P4/P3r3P/5rN1c/4A2R1/2BAK1B2 w,0.591632,7897
2bakaR2/9/9/p1p5p/9/2P1P2N1/P3r3P/5r2c/4A2R1/2BAK1B2 b,-0.017321702,6479
2b1kaR2/4a4/9/p1p5p/9/2P1P2N1/P3r3P/5r2c/4A2R1/2BAK1B2 w,0.35201827,7897
2b1kaR2/4a4/9/p1p3N1p/9/2P1P4/P3r3P/5r2c/4A2R1/2BAK1B2 b,0.019431008,6189
2b1kaR2/4a4/9/p1p3N1p/9/2P1P4/P3r3P/5r3/4A2R1/2BAK1B1c w,0.008726529,7198
2b1kaR2/4a4/9/p1p3N1p/9/2P1P4/P3r3P/4Br3/4A2R1/2BAK3c b,0.29423046,6189
2b1kaR2/4a4/9/p1p3N1p/9/2P1P4/P3r3P/4B1r2/4A2R1/2BAK3c w,-0.2806696,7187
2b1kaRR1/4a4/9/p1p3N1p/9/2P1P4/P3r3P/4B1r2/4A4/2BAK3c b,0.5484546,6297
2b1kaRR1/4a4/9/p1p3N1p/9/2P1P4/P3r3P/4B4/4A4/2BAK1r1c w,-0.64864606,6926
2b1kaRR1/4a4/9/p1p3N1p/9/2P1P4/P3r3P/4B4/9/2BAKAr1c b,0.6970781,7863
2b1kaRR1/4a4/9/p1p3r1p/9/2P1P4/P3r3P/4B4/9/2BAKA2c w,-0.31714237,7816
2b1kaRR1/4a4/9/p1p3r1p/9/2P1P4/P3r3P/4B4/4A4/2BAK3c b,0.66063946,3057
2b1karR1/4a4/9/p1p5p/9/2P1P4/P3r3P/4B4/4A4/2BAK3c w,-0.12103364,636
2b1kaR2/4a4/9/p1p5p/9/2P1P4/P3r3P/4B4/4A4/2BAK3c b,0.08711322,5269
2b1kaR2/4a4/9/p1p5p/9/2P1P4/P6rP/4B4/4A4/2BAK3c w,-0.067924485,6906
2b1ka3/4a4/9/p1p3R1p/9/2P1P4/P6rP/4B4/4A4/2BAK3c b,0.09291896,5578
2b1ka3/4a4/9/p1p3R1p/9/2P1P4/P7P/4B4/4A4/2BAK2rc w,-0.07850158,6926
2b1ka3/4a4/9/p1p3R1p/9/2P1P4/P7P/4B4/9/2BAKA1rc b,0.08939525,2466
2b1ka3/4a4/9/p1p3Rrp/9/2P1P4/P7P/4B4/9/2BAKA2c w,-0.022965547,3057
2b1ka3/4a4/9/p1p4rp/9/2P1P4/P7P/4B4/9/2BAKAR1c b,0.021078382,8090
2b1ka3/4a4/9/p1p4rp/9/2P1P4/P7P/4B4/8c/2BAKAR2 w,-0.02838568,7908
2b1ka3/4a4/9/p1p4rp/9/2P1P4/P7P/4B4/4A3c/2BAK1R2 b,0.051291734,2466
2b1ka3/4a4/9/p1p4rp/9/2P1P4/P7P/4B4/4Ac3/2BAK1R2 w,-0.03174163,4905
2b1ka3/4a4/9/p1p4rp/9/2P1P4/P7P/4B4/4AcR2/2BAK4 b,0.046020914,6953
2b1ka3/4a4/5c3/p1p4rp/9/2P1P4/P7P/4B4/4A1R2/2BAK4 w,-0.043579973,4450
2b1ka3/4a4/5c3/p1p4rp/9/2P1P4/P5R1P/4B4/4A4/2BAK4 b,0.042405546,2088
2b1ka3/4a4/4c4/p1p4rp/9/2P1P4/P5R1P/4B4/4A4/2BAK4 w,-0.04126086,4450
2b1ka3/4a4/4c4/p1p4rp/4P4/2P6/P5R1P/4B4/4A4/2BAK4 b,0.032636777,2466
2b1ka3/4a4/4c4/p1p5p/4P4/2P6/P5R1P/4B4/4A4/2BAK2r1 w,-0.036459494,6926
2b1ka3/4a4/4c4/p1p5p/4P4/2P6/P5R1P/9/4A4/2BAK1Br1 b,0.044178564,2466
2b1ka3/4a4/4c4/p1p5p/4P2r1/2P6/P5R1P/9/4A4/2BAK1B2 w,-0.032636777,3631
2b1ka3/4a4/4c4/p1p1P3p/7r1/2P6/P5R1P/9/4A4/2BAK1B2 b,0.03546628,2006
2b1ka3/4a4/7c1/p1p1P3p/7r1/2P6/P5R1P/9/4A4/2BAK1B2 w,-0.0062121805,5424
2b1ka3/4a4/7c1/p1p1P3p/7r1/2P6/PR6P/9/4A4/2BAK1B2 b,0.030441914,3912
2b1ka3/4a4/7c1/p1p1P3p/6r2/2P6/PR6P/9/4A4/2BAK1B2 w,-0.028786251,7897
2b1ka3/4a4/7c1/p1p1P3p/6r2/2P6/PR6P/4B4/4A4/3AK1B2 b,0.06356386,3813
2b1ka3/4a4/9/p1p1P3p/6r2/2P6/PR6P/4B4/4A4/3AK1Bc1 w,-0.023294726,6926
2b1ka3/4a4/9/p1p1P3p/6r2/2P6/PR6P/4B3B/4A4/3AK2c1 b,0.7512346,3867
2b1ka3/4a4/9/p1p1P3p/6r2/2P6/PR6P/4B3B/4A4/3AK3c w,-0.03174163,6441
1Rb1ka3/4a4/9/p1p1P3p/6r2/2P6/P7P/4B3B/4A4/3AK3c b,0.055609293,3867
1Rb1ka3/4a4/9/p1p1P3p/7r1/2P6/P7P/4B3B/4A4/3AK3c w,-0.0058622435,92
2R1ka3/4a4/9/p1p1P3p/7r1/2P6/P7P/4B3B/4A4/3AK3c b,0.0059418897,1173
2Raka3/9/9/p1p1P3p/7r1/2P6/P7P/4B3B/4A4/3AK3c w,-0.0073566437,209
2Raka3/9/4P4/p1p5p/7r1/2P6/P7P/4B3B/4A4/3AK3c b,0.029751228,3958
2Raka3/9/4P4/p1p5p/9/2P6/P7P/4B2rB/4A4/3AK3c w,-0.00471517,6908
2Raka3/9/4P4/p1p5p/9/2P3B2/P7P/7rB/4A4/3AK3c b,0.061974887,6388
2Raka3/9/4P4/p1p5p/9/2P3B2/P7P/8B/4A4/3AK2rc w,-0.06836838,6926
2Raka3/9/4P4/p1p5p/9/2P3B2/P7P/8B/9/3AKA1rc b,0.08301276,7972
2Raka3/9/4P2r1/p1p5p/9/2P3B2/P7P/8B/9/3AKA2c w,-0.061974887,7816
2Raka3/9/4P2r1/p1p5p/9/2P3B2/P7P/8B/4A4/3AK3c b,0.06741912,2338
2Raka3/9/4r4/p1p5p/9/2P3B2/P7P/8B/4A4/3AK3c w,-0.0464303,209
3aka3/9/4r4/p1R5p/9/2P3B2/P7P/8B/4A4/3AK3c b,0.03688425,3194
3aka3/9/7r1/p1R5p/9/2P3B2/P7P/8B/4A4/3AK3c w,-0.0105901975,2641
3aka3/9/7r1/p3R3p/9/2P3B2/P7P/8B/4A4/3AK3c b,0.007721058,283
3ak4/4a4/7r1/p3R3p/9/2P3B2/P7P/8B/4A4/3AK3c w,-0.0051232814,6906
3ak4/4a4/7r1/p3R3p/9/2P3B2/P7P/3A4B/9/3AK3c b,0.0051232814,3194
3ak4/4a4/9/p3R3p/9/2P3B2/P7P/3A4B/9/3AK2rc w,-0.0026819347,7726
3ak4/4a4/9/p3R3p/9/2P3B2/P7P/3A4B/4K4/3A3rc b,0.0027512645,7999
3ak4/4a4/9/p3R3p/9/2P3B2/P7P/3A4B/4K2r1/3A4c w,-0.002545198,6925
3ak4/4a4/9/p3R3p/9/2P3B2/P7P/3A4B/7r1/3AK3c b,0.002545198,7198
3ak4/4a4/9/p3R3p/9/2P3B2/P6rP/3A4B/9/3AK3c w,-0.0023446553,2825
3ak4/4a4/9/p3R3p/9/P1P3B2/7rP/3A4B/9/3AK3c b,0.02480718,5552
3ak4/4a4/9/p3R3p/9/P1P3B2/8r/3A4B/9/3AK3c w,-0.031760104,2817
3ak4/4a4/9/p3R3p/2P6/P5B2/8r/3A4B/9/3AK3c b,0.031269416,3194
3ak4/4a4/9/p3R3p/2P6/P5B2/7r1/3A4B/9/3AK3c w,-0.017449204,2817
3ak4/4a4/9/p1P1R3p/9/P5B2/7r1/3A4B/9/3AK3c b,0.01146243,3194
3ak4/4a4/9/p1P1R3p/9/P5B2/9/3A4B/9/3AK2rc w,-0.013490921,7726
3ak4/4a4/9/p1P1R3p/9/P5B2/9/3A4B/4K4/3A3rc b,0.01663198,7981
3ak4/4a4/9/p1P1R4/8p/P5B2/9/3A4B/4K4/3A3rc w,-0.0031968157,2823
3ak4/4a4/9/p1P5R/8p/P5B2/9/3A4B/4K4/3A3rc b,0.0025844355,7999
3ak2r1/4a4/9/p1P5R/8p/P5B2/9/3A4B/4K4/3A4c w,-0.003640642,2630
3ak2r1/4a4/2P6/p7R/8p/P5B2/9/3A4B/4K4/3A4c b,0.0029860507,4013
3ak2r1/4a4/2P6/p7R/8p/P5B2/9/3A4B/4K3c/3A5 w,-0.0006057651,1811
3ak2r1/2P1a4/9/p7R/8p/P5B2/9/3A4B/4K3c/3A5 b,0.0008634226,709
3ak4/2P1a4/9/p7R/8p/P5B2/9/3A4B/4K2rc/3A5 w,-0.00065693737,6925
3ak4/2P1a4/9/p7R/8p/P5B2/9/3A4B/7rc/3AK4 b,0.00035194936,7198
3ak2r1/2P1a4/9/p7R/8p/P5B2/9/3A4B/8c/3AK4 w,-0.0006057651,1002
3ak2r1/3Pa4/9/p7R/8p/P5B2/9/3A4B/8c/3AK4 b,0.0008115058,7272
3ak2r1/3Pa4/9/p7R/8p/P5B2/9/3A4B/9/3AK3c w,0.00070827623,1083
3ak2r1/3Pa4/9/R8/8p/P5B2/9/3A4B/9/3AK3c b,-0.00050265103,646
3ak4/3Pa4/9/R8/8p/P5B2/9/3A4B/9/3AK2rc w,0.00027314038,7726
3ak4/3Pa4/9/R8/8p/P5B2/9/3A4B/4K4/3A3rc b,-0.00027314038,7936
3ak4/3Pa4/9/R8/8p/P5B2/9/3A4B/4K2r1/3A4c w,0.00050265103,6925
3ak4/3Pa4/9/R8/8p/P5B2/9/3A4B/7r1/3AK3c b,-0.00082994794,7126
3ak4/3Pa4/9/R8/9/P5B1p/9/3A4B/7r1/3AK3c w,1,1093
3ak4/3Pa4/9/6R2/9/P5B1p/9/3A4B/7r1/3AK3c b,0,7187
3ak4/3Pa4/9/6R2/9/P5B1p/9/3A4B/5r3/3AK3c w,0,2976
3ak1R2/3Pa4/9/9/9/P5B1p/9/3A4B/5r3/3AK3c b,0,6935
3akrR2/3Pa4/9/9/9/P5B1p/9/3A4B/9/3AK3c w,0,555
3akr3/3Pa4/6R2/9/9/P5B1p/9/3A4B/9/3AK3c b,0,482
3akr3/3Pa4/6R2/9/9/P5B2/8p/3A4B/9/3AK3c w,0.00054890633,1093
3akr3/3Pa4/4R4/9/9/P5B2/8p/3A4B/9/3AK3c b,0.0005953081,518
3akr3/3Pa4/4R4/9/9/P5B2/7p1/3A4B/9/3AK3c w,0.004242468,1093
3akr3/3Pa4/4R4/9/P8/6B2/7p1/3A4B/9/3AK3c b,0.0015735388,482
3ak4/3Pa4/4R4/9/P4r3/6B2/7p1/3A4B/9/3AK3c w,-0.0010215703,2005
3ak4/3Pa4/7R1/9/P4r3/6B2/7p1/3A4B/9/3AK3c b,0.0010215703,3730
3ak4/3Pa4/7R1/9/P3r4/6B2/7p1/3A4B/9/3AK3c w,-0.0011189647,7736
3ak4/3Pa4/7R1/9/P3r4/6B2/7p1/3A4B/9/3A1K2c b,0.0025335015,1175
3aka3/3P5/7R1/9/P3r4/6B2/7p1/3A4B/9/3A1K2c w,-0.0024119345,1083
3aka3/3P5/5R3/9/P3r4/6B2/7p1/3A4B/9/3A1K2c b,0.0013174395,283
3ak4/3Pa4/5R3/9/P3r4/6B2/7p1/3A4B/9/3A1K2c w,-0.00087748974,2095
3ak4/3Pa4/6R2/9/P3r4/6B2/7p1/3A4B/9/3A1K2c b,0.0069649587,3641
3aka3/3P5/6R2/9/P3r4/6B2/7p1/3A4B/9/3A1K2c w,0,2183
rnbakabnr/9/1c5c1/p1p1p1p1p/9/9/P1P1P1P1P/1C5C1/9/RNBAKABNR w,0.014449762,5087
rnbakabnr/9/1c5c1/p1p1p1p1p/9/9/P1P1P1P1P/4C2C1/9/RNBAKABNR b,-0.012932254,110
r1bakabnr/9/1cn4c1/p1p1p1p1p/9/9/P1P1P1P1P/4C2C1/9/RNBAKABNR w,0.011422182,7445
r1bakabnr/9/1cn4c1/p1p1p1p1p/9/9/P1P1P1P1P/2N1C2C1/9/R1BAKABNR b,-0.012428113,3012
r1baka1nr/9/1cn1b2c1/p1p1p1p1p/9/9/P1P1P1P1P/2N1C2C1/9/R1BAKABNR w,0.028042147,7372
r1baka1nr/9/1cn1b2c1/p1p1p1p1p/9/9/P1P1P1P1P/2N1C2C1/9/1RBAKABNR b,-0.02165522,1
1rbaka1nr/9/1cn1b2c1/p1p1p1p1p/9/9/P1P1P1P1P/2N1C2C1/9/1RBAKABNR w,0.018024392,5087
1rbaka1nr/9/1cn1b2c1/p1p1p1p1p/9/9/P1P1P1P1P/2N1CC3/9/1RBAKABNR b,-0.012428113,2648
1rbaka2r/9/1cn1b1nc1/p1p1p1p1p/9/9/P1P1P1P1P/2N1CC3/9/1RBAKABNR w,0.019055555,5451
1rbaka2r/9/1cn1b1nc1/p1p1p1p1p/9/9/P1P1P1P1P/2N1CCN2/9/1RBAKAB1R b,-0.017510546,1765
1rbaka2r/9/1cn1b1nc1/p1p1p3p/6p2/9/P1P1P1P1P/2N1CCN2/9/1RBAKAB1R w,0.019572936,8098
1rbaka2r/9/1cn1b1nc1/p1p1p3p/6p2/9/P1P1P1P1P/2N1CCN2/9/1RBAKABR1 b,-0.014449762,727
1rbaka1r1/9/1cn1b1nc1/p1p1p3p/6p2/9/P1P1P1P1P/2N1CCN2/9/1RBAKABR1 w,0.016997816,7408
1rbaka1r1/9/1cn1b1nc1/p1p1p3p/6p2/2P6/P3P1P1P/2N1CCN2/9/1RBAKABR1 b,-0.008420906,1765
1rbaka1r1/9/2n1b1nc1/p1p1p3p/6p2/2P6/Pc2P1P1P/2N1CCN2/9/1RBAKABR1 w,0.012932254,7954
1rbaka1r1/9/2n1b1nc1/p1p1p3p/6p2/2PN5/Pc2P1P1P/4CCN2/9/1RBAKABR1 b,0.0014816026,2311
1rbaka1r1/9/2n1b1n2/p1p1p3p/6p2/2PN5/Pc2P1PcP/4CCN2/9/1RBAKABR1 w,-0.011924766,7816
1rbaka1r1/9/2n1bCn2/p1p1p3p/6p2/2PN5/Pc2P1PcP/4C1N2/9/1RBAKABR1 b,0.02535331,5548
1rbakabr1/9/2n2Cn2/p1p1p3p/6p2/2PN5/Pc2P1PcP/4C1N2/9/1RBAKABR1 w,0.04585602,6061
1rbakabr1/9/2n2Cn2/p1p1N3p/6p2/2P6/Pc2P1PcP/4C1N2/9/1RBAKABR1 b,-0.025618432,1831
1rbakabr1/9/5Cn2/p1p1n3p/6p2/2P6/Pc2P1PcP/4C1N2/9/1RBAKABR1 w,0.007799667,6061
1rbakabr1/9/5Cn2/p1p1C3p/6p2/2P6/Pc2P1PcP/6N2/9/1RBAKABR1 b,-0.014534511,109
2bakabr1/9/1r3Cn2/p1p1C3p/6p2/2P6/Pc2P1PcP/6N2/9/1RBAKABR1 w,-0.00084206735,2839
2bakabr1/9/1r3Cn2/p1p5p/6p2/2P1C4/Pc2P1PcP/6N2/9/1RBAKABR1 b,-0.019456778,1733
2bakabr1/9/5rn2/p1p5p/6p2/2P1C4/Pc2P1PcP/6N2/9/1RBAKABR1 w,0,7435
2bakabr1/9/5rn2/p1p5p/6p2/2P1C4/PR2P1PcP/6N2/9/2BAKABR1 b,0.0010268611,3831
2bakabr1/9/6n2/p1p5p/6p2/2P1C4/PR2P1PcP/5rN2/9/2BAKABR1 w,0.091511466,4969
2bakabr1/9/6n2/p1p5p/6p2/2P1C4/PR2P1PcP/5r3/8N/2BAKABR1 b,-0.023718612,5542
2bakabr1/9/6n2/p1p5p/6p2/2P1C4/PR2P1P1P/5r3/7cN/2BAKABR1 w,0.05298353,4969
2bakabr1/9/6n2/p1p5p/6p2/2P1C4/PR2P1P1P/4Br3/7cN/2BAKA1R1 b,-0.004805894,6179
2bakabr1/9/9/p1p5p/5np2/2P1C4/PR2P1P1P/4Br3/7cN/2BAKA1R1 w,0.10182003,4987
2bakabr1/9/9/p1p5p/5np2/2P1C4/PR2P1P1P/4Br3/4A2cN/2BAK2R1 b,-0.00034224466,6197
2bakabr1/9/9/p1p5p/5np2/2P1C4/PR2PrP1P/4B4/4A2cN/2BAK2R1 w,0.027507184,4969
2bakabr1/9/9/p1p5p/5np2/2P1C4/P2RPrP1P/4B4/4A2cN/2BAK2R1 b,0.013297011,3750
2bakabr1/9/9/p1p5p/6p2/2P1C4/P2RPrn1P/4B4/4A2cN/2BAK2R1 w,-0.014432056,5160
2bakabr1/9/9/p1p5p/6p2/2P1C4/P2RPrn1P/4B4/4A2cN/2BAK1R2 b,0.28382245,7198
2bakabr1/9/9/p1p5p/6p2/2P1C4/P2RPrn1P/4B4/4A3N/2BAK1Rc1 w,-0.25355548,7908
2bakabr1/9/9/p1p5p/6p2/2P1C4/P2RPrn1P/4B1R2/4A3N/2BAK2c1 b,0.313914,8009
2bakabr1/9/9/p1p5p/6p2/2P1C4/P2RPrn1P/4B1R2/4A3N/2BAK3c w,-0.24968141,6908
2bakabr1/9/9/p1p5p/6p2/2P1C4/P2RPrn1P/4BR3/4A3N/2BAK3c b,0.93792117,718
2bakabr1/9/9/p1p5p/6p2/2P1C4/P2RP1n1P/4Br3/4A3N/2BAK3c w,-0.40524915,6908
2bakabr1/9/9/p1p5p/6p2/2P1C4/P2RP1n1P/4BA3/8N/2BAK3c b,0.40911767,718
2bakab2/9/9/p1p5p/6p2/2P1C4/P2RP1n1P/4BA3/8N/2BAK2rc w,-0.32931083,7726
2bakab2/9/9/p1p5p/6p2/2P1C4/P2RP1n1P/4BA3/4K3N/2BA3rc b,0.35772112,7999
2bakab2/9/9/p1p5p/6p2/2P1C4/P2RP1n1P/4BA3/4K2rN/2BA4c w,-0.3630026,6925
2bakab2/9/9/p1p5p/6p2/2P1C4/P2RP1n1P/4BA3/7rN/2BAK3c b,0.44836918,7190
2bakab2/9/9/p1p5p/6p2/2P1C4/P2RP3P/4BA3/5n1rN/2BAK3c w,-0.29727986,5160
2bakab2/9/9/p1p5p/6p2/2P1C4/P2RP3P/4BA3/4An1rN/2B1K3c b,0.31926748,7018
2bakab2/9/9/p1p5p/6p2/2P1C4/P2RP3P/4BA3/4An2r/2B1K3c w,-0.18297897,5169
2bakab2/9/9/p1pR4p/6p2/2P1C4/P3P3P/4BA3/4An2r/2B1K3c b,0.3244731,7018
2bakab2/9/9/p1pR4p/6p2/2P1C4/P3P3r/4BA3/4An3/2B1K3c w,0.30677935,2731
2bakab2/9/9/p1p1R3p/6p2/2P1C4/P3P3r/4BA3/4An3/2B1K3c b,-0.44366157,463
2bak1b2/4a4/9/p1p1R3p/6p2/2P1C4/P3P3r/4BA3/4An3/2B1K3c w,0.46749994,2825
2bak1b2/4a4/9/p1p5R/6p2/2P1C4/P3P3r/4BA3/4An3/2B1K3c b,-0.48477778,202
3ak1b2/4a4/4b4/p1p5R/6p2/2P1C4/P3P3r/4BA3/4An3/2B1K3c w,0.45457822,3212
3ak1b2/4a4/4b4/p1p6/6p2/2P1C4/P3P3R/4BA3/4An3/2B1K3c b,-0.48567918,8097
3ak1b2/4a4/4b4/p1p6/6p2/2P1C4/P3P3R/4BA1n1/4A4/2B1K3c w,0.6202617,5651
3ak1b2/4a4/4b4/p1p6/6p2/2P1C4/P3P4/4BA1nR/4A4/2B1K3c b,-0.6362566,6387
3ak1b2/4a4/4b4/p1p6/6p2/2P1C4/P3P4/4BA2R/4A4/2B1K1n1c w,0.6642835,6479
3ak1b2/4a4/4b4/p1p6/6p2/2P1C4/P3P4/4BA3/4A4/2B1K1n1R b,-0.7275359,365
3ak1b2/4a4/4b4/p1p6/6p2/2P1C4/P3P4/4BA1n1/4A4/2B1K3R w,0.8314577,8018
3ak1b1R/4a4/4b4/p1p6/6p2/2P1C4/P3P4/4BA1n1/4A4/2B1K4 b,-0.82934916,365
3a1kb1R/4a4/4b4/p1p6/6p2/2P1C4/P3P4/4BA1n1/4A4/2B1K4 w,0.83765846,4268
3a1kb2/4a4/4b4/p1p5R/6p2/2P1C4/P3P4/4BA1n1/4A4/2B1K4 b,-0.7616626,3831
3a1kb2/4a4/4b4/p1p5R/9/2P1C1p2/P3P4/4BA1n1/4A4/2B1K4 w,0.8207056,4450
3a1kb2/4a4/4b4/p1p2R3/9/2P1C1p2/P3P4/4BA1n1/4A4/2B1K4 b,-0.8117236,454
3ak1b2/4a4/4b4/p1p2R3/9/2P1C1p2/P3P4/4BA1n1/4A4/2B1K4 w,0.8551592,2909
3ak1b2/4a4/4b4/p1R6/9/2P1C1p2/P3P4/4BA1n1/4A4/2B1K4 b,-0.815987,6359
3ak1b2/4a4/4b4/p1R6/9/2P1Cp3/P3P4/4BA1n1/4A4/2B1K4 w,0.80900055,4441
3ak1b2/4a4/4b4/p1R6/4C4/2P2p3/P3P4/4BA1n1/4A4/2B1K4 b,-0.70000196,6351
3ak1b2/4a4/4b4/p1R6/4C4/2P2p3/P3Pn3/4BA3/4A4/2B1K4 w,0.88175696,3639
3ak1b2/4a4/4b4/p4R3/4C4/2P2p3/P3Pn3/4BA3/4A4/2B1K4 b,-0.8357557,4549
3ak1b2/4a4/4b4/p4R3/4C4/2P2p1n1/P3P4/4BA3/4A4/2B1K4 w,0.8556794,2930
3ak1b2/4a4/4b4/p8/4C4/2P2R1n1/P3P4/4BA3/4A4/2B1K4 b,-0.85283077,4751
3ak1b2/4a4/4b4/p5n2/4C4/2P2R3/P3P4/4BA3/4A4/2B1K4 w,0.8831579,4532
3ak1b2/4a4/4b4/p4Rn2/4C4/2P6/P3P4/4BA3/4A4/2B1K4 b,-0.848864,3022
3ak1b2/4a4/4b4/p4R3/4C3n/2P6/P3P4/4BA3/4A4/2B1K4 w,0.8831579,2914
3ak1b2/4a4/4b4/p3CR3/8n/2P6/P3P4/4BA3/4A4/2B1K4 b,-0.8547816,4021
3ak1b2/4a4/4b4/p3CR3/9/2P6/P3P2n1/4BA3/4A4/2B1K4 w,0.8847611,7734
3ak1b2/4a4/4b4/p3C4/5R3/2P6/P3P2n1/4BA3/4A4/2B1K4 b,-0.8385625,5568
3ak1b2/4a4/4b4/p3C4/5R3/2P6/P3P4/4BA3/4A1n2/2B1K4 w,0.7890735,7734
3ak1b2/4a4/4b4/p3C4/5R3/2P6/P3P4/4BA3/4A1n2/2B2K3 b,-0.8385625,7109
3ak1b2/4a4/4b4/p3C4/5R3/2P6/P3P4/4BA2n/4A4/2B2K3 w,0.87655056,3713
3ak1b2/4a4/4b4/p3C4/9/2P6/P3PR3/4BA2n/4A4/2B2K3 b,-0.8017865,6468
3ak1b2/4a4/4b4/p3C4/9/2P4n1/P3PR3/4BA3/4A4/2B2K3 w,0.8385625,5370
3ak1b2/4a4/4b4/p3C4/9/2P4n1/P3P1R2/4BA3/4A4/2B2K3 b,-0.8042587,566
3ak4/4a4/4b3b/p3C4/9/2P4n1/P3P1R2/4BA3/4A4/2B2K3 w,0.8831579,7825
3ak4/4a4/4b1R1b/p3C4/9/2P4n1/P3P4/4BA3/4A4/2B2K3 b,-0.848864,365
3ak4/4a4/4b1R1b/p3C4/5n3/2P6/P3P4/4BA3/4A4/2B2K3 w,0.8696247,2186
3ak4/4a4/4b3R/p3C4/5n3/2P6/P3P4/4BA3/4A4/2B2K3 b,-0.9205076,365
3a1k3/4a4/4b3R/p3C4/5n3/2P6/P3P4/4BA3/4A4/2B2K3 w,0.90440583,2365
3a1k3/4a4/4b2R1/p3C4/5n3/2P6/P3P4/4BA3/4A4/2B2K3 b,-0.8802231,464
2ba1k3/4a4/7R1/p3C4/5n3/2P6/P3P4/4BA3/4A4/2B2K3 w,0.90727854,2257
2ba1k1R1/4a4/9/p3C4/5n3/2P6/P3P4/4BA3/4A4/2B2K3 b,-0.89530545,464
2ba3R1/4ak3/9/p3C4/5n3/2P6/P3P4/4BA3/4A4/2B2K3 w,0.8766262,646
2ba5/4ak3/9/p3C4/5n1R1/2P6/P3P4/4BA3/4A4/2B2K3 b,-0.89210594,3750
2ba5/4ak3/9/p3C4/7R1/2P6/P3n4/4BA3/4A4/2B2K3 w,0.94123584,3907
2ba5/4ak3/9/p8/7R1/2P1C4/P3n4/4BA3/4A4/2B2K3 b,-0.9162617,5289
2ba5/4ak3/9/p8/7R1/2P1C4/P8/4BAn2/4A4/2B2K3 w,0.90793526,7825
2ba5/4ak3/9/p8/7R1/2P1C4/P8/4BAn2/4A4/2B1K4 b,-0.9188816,198
2ba1k3/4a4/9/p8/7R1/2P1C4/P8/4BAn2/4A4/2B1K4 w,0.95173186,3904
2ba1k3/4a4/9/p8/5R3/2P1C4/P8/4BAn2/4A4/2B1K4 b,-0.9341598,1193
2ba1k3/9/5a3/p8/5R3/2P1C4/P8/4BAn2/4A4/2B1K4 w,0.93521714,3730
2ba1k3/9/5R3/p8/9/2P1C4/P8/4BAn2/4A4/2B1K4 b,-0.9502665,454
2bak4/9/5R3/p8/9/2P1C4/P8/4BAn2/4A4/2B1K4 w,0.9552382,4268
2bak4/9/4R4/p8/9/2P1C4/P8/4BAn2/4A4/2B1K4 b,-0.94666576,283
2ba1k3/9/4R4/p8/9/2P1C4/P8/4BAn2/4A4/2B1K4 w,0.94666576,2003
2ba1k3/9/2R6/p8/9/2P1C4/P8/4BAn2/4A4/2B1K4 b,-0.9166247,283
2ba1k3/9/2R6/p8/9/2P1Cn3/P8/4BA3/4A4/2B1K4 w,0.96443284,1823
2Ra1k3/9/9/p8/9/2P1Cn3/P8/4BA3/4A4/2B1K4 b,-0.96848184,464
2Ra5/5k3/9/p8/9/2P1Cn3/P8/4BA3/4A4/2B1K4 w,0.9741873,209
3R5/5k3/9/p8/9/2P1Cn3/P8/4BA3/4A4/2B1K4 b,-0.9890346,4543
3R5/5k3/9/p8/9/2P1C4/P6n1/4BA3/4A4/2B1K4 w,0.98853713,4268
9/5k3/9/p8/9/2P1C4/P2R3n1/4BA3/4A4/2B1K4 b,-0.9928127,5532
9/5k3/9/p8/9/2P1C4/P2R5/4BA3/4A1n2/2B1K4 w,0.9863146,7734
9/5k3/9/p8/9/2P1C4/P2R5/4BA3/4A1n2/2B2K3 b,-0.9916008,7091
5k3/9/9/p8/9/2P1C4/P2R5/4BA3/4A1n2/2B2K3 w,0.98537576,4905
5k3/9/9/p8/9/2P2C3/P2R5/4BA3/4A1n2/2B2K3 b,-0.97047263,7091
9/5k3/9/p8/9/2P2C3/P2R5/4BA3/4A1n2/2B2K3 w,0.99121875,5142
9/5k3/9/p8/9/2P2C3/P5R2/4BA3/4A1n2/2B2K3 b,-0.9836682,7109
9/5k3/9/p8/9/2P2C3/P5R2/4BA2n/4A4/2B2K3 w,0.97574,5433
9/5k3/9/p8/9/2P2C3/P4R3/4BA2n/4A4/2B2K3 b,-0.97293824,1283
9/5k3/9/p8/9/2P2C1n1/P4R3/4BA3/4A4/2B2K3 w,0.98437357,5371
9/5k3/9/p8/9/2P2C1n1/P6R1/4BA3/4A4/2B2K3 b,-0.9942487,4713
9/5k3/9/p5n2/9/2P2C3/P6R1/4BA3/4A4/2B2K3 w,0.9917856,5524
9/5k3/9/p5n2/9/2P6/P4C1R1/4BA3/4A4/2B2K3 b,-0.992971,2992
9/5k3/9/p8/4n4/2P6/P4C1R1/4BA3/4A4/2B2K3 w,0.9926508,5524
9/5k3/9/p8/4n4/2P2C3/P6R1/4BA3/4A4/2B2K3 b,-0.9899663,2466
9/5k3/9/p8/9/2n2C3/P6R1/4BA3/4A4/2B2K3 w,0.99992484,6077
9/5k3/9/p8/9/2n2C3/P4R3/4BA3/4A4/2B2K3 b,-0.9844466,4294
9/5k3/9/p8/4n4/5C3/P4R3/4BA3/4A4/2B2K3 w,0.9992079,4549
9/5k3/9/p8/4n4/4C4/P4R3/4BA3/4A4/2B2K3 b,-1,3623
9/5k3/5n3/p8/9/4C4/P4R3/4BA3/4A4/2B2K3 w,0.9999916,4468
9/5k3/5n3/p4R3/9/4C4/P8/4BA3/4A4/2B2K3 b,-1,2466
5k3/9/5n3/p4R3/9/4C4/P8/4BA3/4A4/2B2K3 w,0.9997054,2903
5k3/9/5n3/p4R3/9/P3C4/9/4BA3/4A4/2B2K3 b,-0.9991697,464
4k4/9/5n3/p4R3/9/P3C4/9/4BA3/4A4/2B2K3 w,0.9995054,2903
4k4/9/5R3/p8/9/P3C4/9/4BA3/4A4/2B2K3 b,-1,363
9/4k4/5R3/p8/9/P3C4/9/4BA3/4A4/2B2K3 w,0.9999978,7825
9/4k4/9/p4R3/9/P3C4/9/4BA3/4A4/2B2K3 b,-0.9999978,2466
9/4k4/9/5R3/p8/P3C4/9/4BA3/4A4/2B2K3 w,0.99999934,2911
9/4k4/9/5R3/P8/4C4/9/4BA3/4A4/2B2K3 b,-0.9999999,1192
4k4/9/9/5R3/P8/4C4/9/4BA3/4A4/2B2K3 w,1,2911
4k4/9/9/9/P8/4C4/5R3/4BA3/4A4/2B2K3 b,-0.99999976,373
9/4k4/9/9/P8/4C4/5R3/4BA3/4A4/2B2K3 w,1,5333
9/4k4/9/9/P8/4C4/5R3/3ABA3/9/2B2K3 b,-1,1192
4k4/9/9/9/P8/4C4/5R3/3ABA3/9/2B2K3 w,1,6196
4k4/9/9/9/1P7/4C4/5R3/3ABA3/9/2B2K3 b,-0.99999994,373
9/4k4/9/9/1P7/4C4/5R3/3ABA3/9/2B2K3 w,1,5351
9/4k4/9/9/2P6/4C4/5R3/3ABA3/9/2B2K3 b,-1,1192
4k4/9/9/9/2P6/4C4/5R3/3ABA3/9/2B2K3 w,1,5324
4k4/9/9/9/3P5/4C4/5R3/3ABA3/9/2B2K3 b,-1,363
9/4k4/9/9/3P5/4C4/5R3/3ABA3/9/2B2K3 w,1,3550
9/4k4/9/9/4P4/4C4/5R3/3ABA3/9/2B2K3 b,-1,1182
9/3k5/9/9/4P4/4C4/5R3/3ABA3/9/2B2K3 w,1,5367
rnbakabnr/9/1c5c1/p1p1p1p1p/9/9/P1P1P1P1P/1C5C1/9/RNBAKABNR w,0.014449762,5087
rnbakabnr/9/1c5c1/p1p1p1p1p/9/9/P1P1P1P1P/4C2C1/9/RNBAKABNR b,-0.012932254,110
r1bakabnr/9/1cn4c1/p1p1p1p1p/9/9/P1P1P1P1P/4C2C1/9/RNBAKABNR w,0.011422182,7445
r1bakabnr/9/1cn4c1/p1p1p1p1p/9/9/P1P1P1P1P/2N1C2C1/9/R1BAKABNR b,-0.012428113,3012
r1baka1nr/9/1cn1b2c1/p1p1p1p1p/9/9/P1P1P1P1P/2N1C2C1/9/R1BAKABNR w,0.028042147,7372
r1baka1nr/9/1cn1b2c1/p1p1p1p1p/9/9/P1P1P1P1P/2N1C2C1/9/1RBAKABNR b,-0.02165522,1
1rbaka1nr/9/1cn1b2c1/p1p1p1p1p/9/9/P1P1P1P1P/2N1C2C1/9/1RBAKABNR w,0.018024392,5087
1rbaka1nr/9/1cn1b2c1/p1p1p1p1p/9/9/P1P1P1P1P/2N1CC3/9/1RBAKABNR b,-0.012428113,2648
1rbaka2r/9/1cn1b1nc1/p1p1p1p1p/9/9/P1P1P1P1P/2N1CC3/9/1RBAKABNR w,0.019055555,5451
1rbaka2r/9/1cn1b1nc1/p1p1p1p1p/9/9/P1P1P1P1P/2N1CCN2/9/1RBAKAB1R b,-0.017510546,1765
1rbaka2r/9/1cn1b1nc1/p1p1p3p/6p2/9/P1P1P1P1P/2N1CCN2/9/1RBAKAB1R w,0.019572936,8098
1rbaka2r/9/1cn1b1nc1/p1p1p3p/6p2/9/P1P1P1P1P/2N1CCN2/9/1RBAKABR1 b,-0.014449762,727
1rbaka1r1/9/1cn1b1nc1/p1p1p3p/6p2/9/P1P1P1P1P/2N1CCN2/9/1RBAKABR1 w,0.016997816,7408
1rbaka1r1/9/1cn1b1nc1/p1p1p3p/6p2/2P6/P3P1P1P/2N1CCN2/9/1RBAKABR1 b,-0.008420906,1765
1rbaka1r1/9/2n1b1nc1/p1p1p3p/6p2/2P6/Pc2P1P1P/2N1CCN2/9/1RBAKABR1 w,0.012932254,7954
1rbaka1r1/9/2n1b1nc1/p1p1p3p/6p2/2PN5/Pc2P1P1P/4CCN2/9/1RBAKABR1 b,0.0014816026,2311
1rbaka1r1/9/2n1b1n2/p1p1p3p/6p2/2PN5/Pc2P1PcP/4CCN2/9/1RBAKABR1 w,-0.011924766,7816
1rbaka1r1/9/2n1bCn2/p1p1p3p/6p2/2PN5/Pc2P1PcP/4C1N2/9/1RBAKABR1 b,0.02535331,5548
1rbakabr1/9/2n2Cn2/p1p1p3p/6p2/2PN5/Pc2P1PcP/4C1N2/9/1RBAKABR1 w,0.04585602,6061
1rbakabr1/9/2n2Cn2/p1p1N3p/6p2/2P6/Pc2P1PcP/4C1N2/9/1RBAKABR1 b,-0.025618432,1831
1rbakabr1/9/5Cn2/p1p1n3p/6p2/2P6/Pc2P1PcP/4C1N2/9/1RBAKABR1 w,0.007799667,6061
1rbakabr1/9/5Cn2/p1p1C3p/6p2/2P6/Pc2P1PcP/6N2/9/1RBAKABR1 b,-0.014534511,109
2bakabr1/9/1r3Cn2/p1p1C3p/6p2/2P6/Pc2P1PcP/6N2/9/1RBAKABR1 w,-0.00084206735,2839
2bakabr1/9/1r3Cn2/p1p5p/6p2/2P1C4/Pc2P1PcP/6N2/9/1RBAKABR1 b,-0.019456778,1733
2bakabr1/9/5rn2/p1p5p/6p2/2P1C4/Pc2P1PcP/6N2/9/1RBAKABR1 w,0,7435
2bakabr1/9/5rn2/p1p5p/6p2/2P1C4/PR2P1PcP/6N2/9/2BAKABR1 b,0.0010268611,3831
2bakabr1/9/5r3/p1p5p/5np2/2P1C4/PR2P1PcP/6N2/9/2BAKABR1 w,0.00619123,4987
2bakabr1/9/5r3/p1p5p/1R3np2/2P1C4/P3P1PcP/6N2/9/2BAKABR1 b,-0.004460755,3750
2bakabr1/9/5r3/p1p5p/1R4p2/2P1C4/P3P1ncP/6N2/9/2BAKABR1 w,0.0050324383,3372
2bakabr1/9/5r3/p1p5p/6R2/2P1C4/P3P1ncP/6N2/9/2BAKABR1 b,-0.00657011,5449
2bakabr1/9/5r3/p1p5p/6R2/2P1n4/P3P2cP/6N2/9/2BAKABR1 w,0.004916287,5269
2bakabr1/9/5r3/p1p5p/6R2/2P1P4/P6cP/6N2/9/2BAKABR1 b,-0.0045435224,2129
2bakabr1/9/5r3/p1p5p/6R2/2P1P4/P7P/6Nc1/9/2BAKABR1 w,0.008180164,3831
2bakabr1/9/5r3/p1p5p/6R2/2P1P4/P7P/6Nc1/7R1/2BAKAB2 b,-0.0040337103,2129
2bakabr1/9/9/p1p5p/6R2/2P1P4/P7P/5rNc1/7R1/2BAKAB2 w,0.012272201,3831
2bakabr1/9/9/p1p5p/6R2/2P1P4/P7P/5rNc1/3R5/2BAKAB2 b,-0.0007529357,562
2baka1r1/9/4b4/p1p5p/6R2/2P1P4/P7P/5rNc1/3R5/2BAKAB2 w,0.001255258,3795
2baka1r1/9/4b4/p1p3R1p/9/2P1P4/P7P/5rNc1/3R5/2BAKAB2 b,0.002766389,6343
2baka3/9/4b4/p1p3R1p/9/2P1P4/P6rP/5rNc1/3R5/2BAKAB2 w,0.0037794772,6829
2baka3/9/4b4/p1pR2R1p/9/2P1P4/P6rP/5rNc1/9/2BAKAB2 b,0.0005019115,283
2baka3/9/4b4/p1pR2R1p/9/2P1P4/r7P/5rNc1/9/2BAKAB2 w,0.0017082917,2729
2baka3/9/4b4/p1pR2R1p/2P6/4P4/r7P/5rNc1/9/2BAKAB2 b,0.0056627016,2648
2baka3/9/4b4/p2R2R1p/2p6/4P4/r7P/5rNc1/9/2BAKAB2 w,-0.0042881104,2732
2baka3/9/4b4/p2R2R1p/2p1P4/9/r7P/5rNc1/9/2BAKAB2 b,0.0030880314,6179
2bak4/4a4/4b4/p2R2R1p/2p1P4/9/r7P/5rNc1/9/2BAKAB2 w,-0.0014217104,3631
2bak4/4a4/4b4/p2R2R1p/2p1P4/9/r7P/5rNc1/4A4/2BAK1B2 b,0.0030880314,6179
2bak4/4a4/4b4/p2R2R1p/2p1P4/9/r7P/6Nc1/4Ar3/2BAK1B2 w,-0.00452946,3004
2bak4/4a4/4b4/p2R3Rp/2p1P4/9/r7P/6Nc1/4Ar3/2BAK1B2 b,0.0042881104,6379
2bak4/4a4/4b4/p2R3Rp/2p1P4/9/r7P/6Nc1/4A1r2/2BAK1B2 w,0.0914182,3130
2bak4/4a4/4b4/p2R4p/2p1P4/9/r7P/6NR1/4A1r2/2BAK1B2 b,-0.08301167,7107
2bak4/4a4/4b4/p2R4p/2p1P4/9/6r1P/6NR1/4A1r2/2BAK1B2 w,0.09513408,2766
2bak4/4a4/4b4/p2R4p/2p1P4/9/6r1P/4B1NR1/4A1r2/2BAK4 b,-0.00020295515,7089
2bak4/4a4/4b4/p2R4p/2p1P4/9/8P/4B1rR1/4A1r2/2BAK4 w,0.00068495487,6369
2bak2R1/4a4/4b4/p2R4p/2p1P4/9/8P/4B1r2/4A1r2/2BAK4 b,0,1986
2bak1rR1/4a4/4b4/p2R4p/2p1P4/9/8P/4B4/4A1r2/2BAK4 w,0.00068495487,718
2bak1R2/4a4/4b4/p2R4p/2p1P4/9/8P/4B4/4A1r2/2BAK4 b,-0.00011277824,7026
2bak1b2/4a4/9/p2R4p/2p1P4/9/8P/4B4/4A1r2/2BAK4 w,0.00017984484,2735
2bak1b2/4a4/9/R7p/2p1P4/9/8P/4B4/4A1r2/2BAK4 b,0,7062
2bak1b2/4a4/9/R7p/2p1P1r2/9/8P/4B4/4A4/2BAK4 w,0.00005500647,3631
2bak1b2/4a4/9/8R/2p1P1r2/9/8P/4B4/4A4/2BAK4 b,0.000050176626,3820
2bak1b2/4a4/9/8R/2p1r4/9/8P/4B4/4A4/2BAK4 w,0.000090917376,3183
2bak1b2/4a4/9/6R2/2p1r4/9/8P/4B4/4A4/2BAK4 b,0.000090917376,202
2bak4/4a4/4b4/6R2/2p1r4/9/8P/4B4/4A4/2BAK4 w,0,3021
2bak4/4a4/4b4/9/2p1r4/6R2/8P/4B4/4A4/2BAK4 b,-0.000045452623,1175
2bak4/4a4/4b4/9/2p4r1/6R2/8P/4B4/4A4/2BAK4 w,0.000045452623,6926
2bak4/4a4/4b4/9/2p4r1/6R2/8P/9/4A4/2BAK1B2 b,0,3931
2bak4/4a4/4b4/9/2p3r2/6R2/8P/9/4A4/2BAK1B2 w,0.000090917376,4632
2bak4/4a4/4b4/9/2p3R2/9/8P/9/4A4/2BAK1B2 b,-0.000016574251,2022
2bak4/4a4/9/9/2p3b2/9/8P/9/4A4/2BAK1B2 w,0.000000005205608,7736
2bak4/4a4/9/9/2p3b2/8P/9/9/4A4/2BAK1B2 b,0.0000000017274003,3802
2bak4/4a4/9/9/6b2/2p5P/9/9/4A4/2BAK1B2 w,0.0000000017274003,7736
2bak4/4a4/9/9/6b1P/2p6/9/9/4A4/2BAK1B2 b,0,365
2bak4/4a4/9/9/6b1P/9/2p6/9/4A4/2BAK1B2 w,0.0000000017274003,4003
2bak4/4a4/9/9/6b1P/9/2p6/9/9/2BAKAB2 b,0,365
2bak4/4a4/4b4/9/8P/9/2p6/9/9/2BAKAB2 w,0,7636
2bak4/4a4/4b4/9/7P1/9/2p6/9/9/2BAKAB2 b,0,5095
2bak4/4a4/4b4/9/7P1/9/3p5/9/9/2BAKAB2 w,0,7816
2bak4/4a4/4b4/9/7P1/9/3p5/4B4/9/3AKAB2 b,0,5186
2bak4/9/4ba3/9/7P1/9/3p5/4B4/9/3AKAB2 w,0.0000000017274003,7901
2bak4/9/4ba3/9/7P1/9/3p5/4B4/4A4/3AK1B2 b,0,5188
2bak4/4a4/4b4/9/7P1/9/3p5/4B4/4A4/3AK1B2 w,0.0000000017274003,6926
2bak4/4a4/4b4/7P1/9/9/3p5/4B4/4A4/3AK1B2 b,0.0000000017274003,365
2bak4/4a4/9/7P1/6b2/9/3p5/4B4/4A4/3AK1B2 w,0.0000000017274003,7736
2bak4/4a4/9/6P2/6b2/9/3p5/4B4/4A4/3AK1B2 b,0,365
2bak4/9/5a3/6P2/6b2/9/3p5/4B4/4A4/3AK1B2 w,0.0000000017274003,7736
2bak4/9/5a3/5P3/6b2/9/3p5/4B4/4A4/3AK1B2 b,0,2083
2bak4/4a4/9/5P3/6b2/9/3p5/4B4/4A4/3AK1B2 w,0,7736
2bak4/4a4/9/5P3/6b2/9/3p5/9/4A4/2BAK1B2 b,0,5196
2bak4/4a4/8b/5P3/9/9/3p5/9/4A4/2BAK1B2 w,0.0000000017274003,7736
2bak4/4a4/8b/5P3/9/9/3p5/4B4/4A4/2BAK4 b,0,365
2bak1b2/4a4/9/5P3/9/9/3p5/4B4/4A4/2BAK4 w,0.0000000017274003,6906
2bak1b2/4a4/9/6P2/9/9/3p5/4B4/4A4/2BAK4 b,0.0000000017274003,1191
3ak1b2/4a4/4b4/6P2/9/9/3p5/4B4/4A4/2BAK4 w,0.0000000017274003,7736
3ak1b2/4a4/4b4/6P2/9/9/3p5/4B4/4A4/2BA1K3 b,0,5196
3ak1b2/4a4/4b4/6P2/9/9/4p4/4B4/4A4/2BA1K3 w,0.0000000017274003,7817
3ak1b2/4a4/4b4/6P2/9/6B2/4p4/9/4A4/2BA1K3 b,0,5279
3akab2/9/4b4/6P2/9/6B2/4p4/9/4A4/2BA1K3 w,0.0000000017274003,4661
3akab2/9/4b4/6P2/9/6B2/4p4/B8/4A4/3A1K3 b,0,463
3akab2/9/4b4/6P2/9/6B2/5p3/B8/4A4/3A1K3 w,0,5753
3akab2/9/4b4/6P2/9/6B2/5p3/9/4A4/2BA1K3 b,0.0000000017274003,373
3akab2/9/4b4/6P2/9/6B2/6p2/9/4A4/2BA1K3 w,0.0000000017274003,3004
3akab2/9/4b4/6P2/9/9/6p2/4B4/4A4/2BA1K3 b,0,373
3aka3/9/4b3b/6P2/9/9/6p2/4B4/4A4/2BA1K3 w,0.0000000034606473,7817
3aka3/9/4b3b/6P2/9/9/6p2/4B4/4A4/2BAK4 b,0,463
3akab2/9/4b4/6P2/9/9/6p2/4B4/4A4/2BAK4 w,0.0000000034606473,7736
3akab2/9/4b4/5P3/9/9/6p2/4B4/4A4/2BAK4 b,0,373
3akab2/9/4b4/5P3/9/9/7p1/4B4/4A4/2BAK4 w,0.0000000017274003,7736
3akab2/9/4b4/5P3/9/9/7p1/3AB4/9/2BAK4 b,0,283
3ak1b2/4a4/4b4/5P3/9/9/7p1/3AB4/9/2BAK4 w,0,7726
3ak1b2/4a4/4b4/5P3/9/9/7p1/3AB4/4A4/2B1K4 b,0,365
3ak1b2/4a4/4b4/5P3/9/9/6p2/3AB4/4A4/2B1K4 w,0,7734
3ak1b2/4a4/4b4/6P2/9/9/6p2/3AB4/4A4/2B1K4 b,0,365
3ak1b2/4a4/4b4/6P2/9/9/5p3/3AB4/4A4/2B1K4 w,0,7734
3ak1b2/4a4/4b1P2/9/9/9/5p3/3AB4/4A4/2B1K4 b,0,566
3ak1b2/4a4/4b1P2/9/9/9/4p4/3AB4/4A4/2B1K4 w,0.0000000017274003,6908
3ak1b2/4a1P2/4b4/9/9/9/4p4/3AB4/4A4/2B1K4 b,0,1175
3ak4/4a1P2/4b3b/9/9/9/4p4/3AB4/4A4/2B1K4 w,0.0000000017274003,1366
3ak4/4aP3/4b3b/9/9/9/4p4/3AB4/4A4/2B1K4 b,0,2022
3ak4/4aP3/4b4/9/6b2/9/4p4/3AB4/4A4/2B1K4 w,0.0000000017274003,6924
3ak4/4aP3/4b4/9/6b2/9/4p4/B2AB4/4A4/4K4 b,0,3806
3ak4/5P3/4ba3/9/6b2/9/4p4/B2AB4/4A4/4K4 w,0,5753
3ak4/5P3/4ba3/9/6b2/2B6/4p4/B2A5/4A4/4K4 b,0,3806
4k4/4aP3/4ba3/9/6b2/2B6/4p4/B2A5/4A4/4K4 w,0,7734
4k4/4aP3/4ba3/9/6b2/2B6/4p4/3A5/4A4/2B1K4 b,0,1982
3k5/4aP3/4ba3/9/6b2/2B6/4p4/3A5/4A4/2B1K4 w,0,1275
3k5/4a1P2/4ba3/9/6b2/2B6/4p4/3A5/4A4/2B1K4 b,0.0000000017274003,5277
3k5/4a1P2/4ba3/9/6b2/2B6/3p5/3A5/4A4/2B1K4 w,0,7736
3k5/4a1P2/4ba3/9/6b2/2B6/3p5/B2A5/4A4/4K4 b,0.0000000017274003,282
4k4/4a1P2/4ba3/9/6b2/2B6/3p5/B2A5/4A4/4K4 w,0,7734
4k4/4aP3/4ba3/9/6b2/2B6/3p5/B2A5/4A4/4K4 b,0.0000000017274003,3806
4k4/4aP3/4ba2b/9/9/2B6/3p5/B2A5/4A4/4K4 w,0,7734
4k4/4aP3/4ba2b/9/9/2B6/3p5/B2A5/4A4/5K3 b,0.0000000017274003,5186
4k4/4aP3/4ba3/9/6b2/2B6/3p5/B2A5/4A4/5K3 w,0,7825
4k4/4aP3/4ba3/9/6b2/2B6/3p5/3A5/4A4/2B2K3 b,0.0000000017274003,2018
4k4/4aP3/4ba3/9/6b2/2B6/4p4/3A5/4A4/2B2K3 w,0,7825
4k4/4aP3/4ba3/9/6b2/2B6/4p4/B2A5/4A4/5K3 b,0.0000000017274003,5277
rnbakabnr/9/1c5c1/p1p1p1p1p/9/9/P1P1P1P1P/1C5C1/9/RNBAKABNR w,0.014449762,5087
rnbakabnr/9/1c5c1/p1p1p1p1p/9/9/P1P1P1P1P/4C2C1/9/RNBAKABNR b,-0.012932254,110
r1bakabnr/9/1cn4c1/p1p1p1p1p/9/9/P1P1P1P1P/4C2C1/9/RNBAKABNR w,0.011422182,7445
r1bakabnr/9/1cn4c1/p1p1p1p1p/9/9/P1P1P1P1P/2N1C2C1/9/R1BAKABNR b,-0.012428113,3012
r1baka1nr/9/1cn1b2c1/p1p1p1p1p/9/9/P1P1P1P1P/2N1C2C1/9/R1BAKABNR w,0.028042147,7372
r1baka1nr/9/1cn1b2c1/p1p1p1p1p/9/9/P1P1P1P1P/2N1C2C1/9/1RBAKABNR b,-0.02165522,1
1rbaka1nr/9/1cn1b2c1/p1p1p1p1p/9/9/P1P1P1P1P/2N1C2C1/9/1RBAKABNR w,0.018024392,5087
1rbaka1nr/9/1cn1b2c1/p1p1p1p1p/9/9/P1P1P1P1P/2N1CC3/9/1RBAKABNR b,-0.012428113,2648
1rbaka2r/9/1cn1b1nc1/p1p1p1p1p/9/9/P1P1P1P1P/2N1CC3/9/1RBAKABNR w,0.019055555,5451
1rbaka2r/9/1cn1b1nc1/p1p1p1p1p/9/9/P1P1P1P1P/2N1CCN2/9/1RBAKAB1R b,-0.017510546,1765
1rbaka2r/9/1cn1b1nc1/p1p1p3p/6p2/9/P1P1P1P1P/2N1CCN2/9/1RBAKAB1R w,0.019572936,8098
1rbaka2r/9/1cn1b1nc1/p1p1p3p/6p2/9/P1P1P1P1P/2N1CCN2/9/1RBAKABR1 b,-0.014449762,727
1rbaka1r1/9/1cn1b1nc1/p1p1p3p/6p2/9/P1P1P1P1P/2N1CCN2/9/1RBAKABR1 w,0.016997816,7408
1rbaka1r1/9/1cn1b1nc1/p1p1p3p/6p2/2P6/P3P1P1P/2N1CCN2/9/1RBAKABR1 b,-0.008420906,1765
1rbaka1r1/9/2n1b1nc1/p1p1p3p/6p2/2P6/Pc2P1P1P/2N1CCN2/9/1RBAKABR1 w,0.012932254,7954
1rbaka1r1/9/2n1b1nc1/p1p1p3p/6p2/2PN5/Pc2P1P1P/4CCN2/9/1RBAKABR1 b,0.0014816026,2311
1rbaka1r1/9/2n1b1n2/p1p1p3p/6p2/2PN5/Pc2P1PcP/4CCN2/9/1RBAKABR1 w,-0.011924766,7816
1rbaka1r1/9/2n1bCn2/p1p1p3p/6p2/2PN5/Pc2P1PcP/4C1N2/9/1RBAKABR1 b,0.02535331,5548
1rbakabr1/9/2n2Cn2/p1p1p3p/6p2/2PN5/Pc2P1PcP/4C1N2/9/1RBAKABR1 w,0.04585602,6061
1rbakabr1/9/2n2Cn2/p1p1N3p/6p2/2P6/Pc2P1PcP/4C1N2/9/1RBAKABR1 b,-0.025618432,1831
1rbakabr1/9/5Cn2/p1p1n3p/6p2/2P6/Pc2P1PcP/4C1N2/9/1RBAKABR1 w,0.007799667,6061
1rbakabr1/9/5Cn2/p1p1C3p/6p2/2P6/Pc2P1PcP/6N2/9/1RBAKABR1 b,-0.014534511,109
2bakabr1/9/1r3Cn2/p1p1C3p/6p2/2P6/Pc2P1PcP/6N2/9/1RBAKABR1 w,-0.00084206735,2839
2bakabr1/9/1r3Cn2/p1p5p/6p2/2P1C4/Pc2P1PcP/6N2/9/1RBAKABR1 b,-0.019456778,1733
2bakabr1/9/5rn2/p1p5p/6p2/2P1C4/Pc2P1PcP/6N2/9/1RBAKABR1 w,0,7435
2bakabr1/9/5rn2/p1p5p/6p2/2P1C4/PR2P1PcP/6N2/9/2BAKABR1 b,0.0010268611,3831
2bakabr1/9/6n2/p1p5p/6p2/2P1C4/PR2P1PcP/5rN2/9/2BAKABR1 w,0.091511466,4969
2bakabr1/9/6n2/p1p5p/6p2/2P1C4/PR2P1PcP/5r3/8N/2BAKABR1 b,-0.023718612,5542
2bakabr1/9/6n2/p1p5p/6p2/2P1C4/PR2P1P1P/5r3/7cN/2BAKABR1 w,0.05298353,4969
2bakabr1/9/6n2/p1p5p/6p2/2P1C4/PR2P1P1P/5r3/4A2cN/2BAK1BR1 b,-0.0023974925,6179
2bakabr1/9/6n2/p1p5p/6p2/2P1C4/PR2P1P1P/9/4Ar1cN/2BAK1BR1 w,0.022092305,4987
2bakabr1/9/6n2/p1p5p/6p2/2P1C1P2/PR2P3P/9/4Ar1cN/2BAK1BR1 b,0.004116029,7186
2bakabr1/9/6n2/p1p5p/9/2P1C1p2/PR2P3P/9/4Ar1cN/2BAK1BR1 w,-0.0020070209,4969
2bakabr1/9/6n2/p1p5p/9/2P1C1p2/PR2P3P/4B4/4Ar1cN/3AK1BR1 b,0.04618828,4640
2bakabr1/9/9/p1p5p/5n3/2P1C1p2/PR2P3P/4B4/4Ar1cN/3AK1BR1 w,-0.032620274,4987
2bakabr1/9/9/p1p5p/5n3/2P1C1B2/PR2P3P/9/4Ar1cN/3AK1BR1 b,0.017342364,373
2bakabr1/9/9/p1p5p/9/2P1C1B2/PR2P1n1P/9/4Ar1cN/3AK1BR1 w,-0.019956892,5014
2bakabr1/9/9/p1p5p/9/2P1C4/PR2P1n1P/4B4/4Ar1cN/3AK1BR1 b,0.079864725,7180
2bakab2/7r1/9/p1p5p/9/2P1C4/PR2P1n1P/4B4/4Ar1cN/3AK1BR1 w,-0.049113754,4978
2bakab2/7r1/9/p1p5p/1R7/2P1C4/P3P1n1P/4B4/4Ar1cN/3AK1BR1 b,0.041517016,5449
2bakab2/7r1/9/p1p5p/1R7/2P1n4/P3P3P/4B4/4Ar1cN/3AK1BR1 w,-0.04089488,3370
2bakab2/7r1/9/p1p5p/1R7/2P1P4/P7P/4B4/4Ar1cN/3AK1BR1 b,0.07923899,7180
2bakab2/9/9/p1p5p/1R7/2P1P2r1/P7P/4B4/4Ar1cN/3AK1BR1 w,-0.00871209,3385
2bakab2/9/9/p1p5p/1R2P4/2P4r1/P7P/4B4/4Ar1cN/3AK1BR1 b,0.0800644,7180
2bakab2/9/9/p1p5p/1R2P4/2P6/P7P/4B2r1/4Ar1cN/3AK1BR1 w,-0.028668623,6081
2bakab2/9/9/p1p5p/1R2P4/2P3B2/P7P/7r1/4Ar1cN/3AK1BR1 b,0.035288244,6989
2bakab2/9/9/p1p5p/1R2P4/2P3B2/P7P/6r2/4Ar1cN/3AK1BR1 w,-0.017897664,7261
2bakab2/9/9/p1p5p/1R2P4/2P3B2/P6NP/6r2/4Ar1c1/3AK1BR1 b,0.030647403,6270
2bakab2/9/9/p1p5p/1R2P4/2P3B2/P5rNP/9/4Ar1c1/3AK1BR1 w,-0.026023192,5532
2bakab2/9/9/p1p5p/1R2P1N2/2P3B2/P5r1P/9/4Ar1c1/3AK1BR1 b,0.03228759,202
2bakab2/9/9/p1p5p/1R2P1N2/2P3r2/P7P/9/4Ar1c1/3AK1BR1 w,-0.033451602,3631
2bakab2/9/9/p1p5p/1R3PN2/2P3r2/P7P/9/4Ar1c1/3AK1BR1 b,0.029427553,463
2bak1b2/4a4/9/p1p5p/1R3PN2/2P3r2/P7P/9/4Ar1c1/3AK1BR1 w,-0.040654648,3815
2bak1b2/4a4/9/p1p5p/4RPN2/2P3r2/P7P/9/4Ar1c1/3AK1BR1 b,0.04212167,202
2bak4/4a4/4b4/p1p5p/4RPN2/2P3r2/P7P/9/4Ar1c1/3AK1BR1 w,-0.01204329,3722
2bak4/4a4/4b4/p1p5N/4RP3/2P3r2/P7P/9/4Ar1c1/3AK1BR1 b,0.02199812,4623
2bak4/4a4/4b4/p1p3r1N/4RP3/2P6/P7P/9/4Ar1c1/3AK1BR1 w,-0.01888022,3202
2bak4/4a4/4b4/p1p3r2/4RP3/2P4N1/P7P/9/4Ar1c1/3AK1BR1 b,0.026785098,3030
2bak4/4a4/4b4/p1p6/4RP3/2P3rN1/P7P/9/4Ar1c1/3AK1BR1 w,-0.011183082,4715
2bak4/4a4/4b4/p1p5N/4RP3/2P3r2/P7P/9/4Ar1c1/3AK1BR1 b,0.02199812,4623
2baka3/9/4b4/p1p5N/4RP3/2P3r2/P7P/9/4Ar1c1/3AK1BR1 w,-0.010180369,3732
2baka3/9/4b4/p1p6/4RPN2/2P3r2/P7P/9/4Ar1c1/3AK1BR1 b,0.012206258,283
2b1ka3/4a4/4b4/p1p6/4RPN2/2P3r2/P7P/9/4Ar1c1/3AK1BR1 w,-0.022322897,3805
2b1ka3/4a4/4b2N1/p1p6/4RP3/2P3r2/P7P/9/4Ar1c1/3AK1BR1 b,0.03094918,7180
2b1ka3/4a4/4b1rN1/p1p6/4RP3/2P6/P7P/9/4Ar1c1/3AK1BR1 w,-0.019791739,2294
2b1ka2N/4a4/4b1r2/p1p6/4RP3/2P6/P7P/9/4Ar1c1/3AK1BR1 b,0.027883058,6989
2b1kab1N/4a4/6r2/p1p6/4RP3/2P6/P7P/9/4Ar1c1/3AK1BR1 w,-0.014592785,3732
2b1kab1N/4a4/6r2/p1p6/4R1P2/2P6/P7P/9/4Ar1c1/3AK1BR1 b,0.014865854,562
2b1kab1N/4a4/6r2/p1p6/4R1P2/2P6/P7P/9/4A1rc1/3AK1BR1 w,-0.011948446,7897
2b1kab1N/4a4/6r2/p1p6/4R1P2/2P6/P7P/4B4/4A1rc1/3AK2R1 b,0.010429228,7190
2b1kab1N/4a4/6r2/p1p6/4R1P2/2P6/P7P/4B4/4A1r1c/3AK2R1 w,-0.008953,745
2b1kab1N/4a4/6r2/p1p1R4/6P2/2P6/P7P/4B4/4A1r1c/3AK2R1 b,0.2843002,7208
2b1kab1N/4a4/6r2/p1p1R4/6r2/2P6/P7P/4B4/4A3c/3AK2R1 w,-0.0481714,745
2b1kab1N/4a4/6r2/p1R6/6r2/2P6/P7P/4B4/4A3c/3AK2R1 b,0.1919852,7208
2b1kab1c/4a4/6r2/p1R6/6r2/2P6/P7P/4B4/4A4/3AK2R1 w,-0.23130752,2612
2R1kab1c/4a4/6r2/p8/6r2/2P6/P7P/4B4/4A4/3AK2R1 b,0.24041499,1173
2Rakab1c/9/6r2/p8/6r2/2P6/P7P/4B4/4A4/3AK2R1 w,-0.22759496,218
3akab1c/9/6r2/p8/2R3r2/2P6/P7P/4B4/4A4/3AK2R1 b,0.27455965,3840
3akab2/8c/6r2/p8/2R3r2/2P6/P7P/4B4/4A4/3AK2R1 w,-0.14691484,3462
3akab2/8c/6r2/p8/6R2/2P6/P7P/4B4/4A4/3AK2R1 b,0.10896413,2202
3akab2/8c/9/p8/6r2/2P6/P7P/4B4/4A4/3AK2R1 w,-0.19048244,8007
3akab2/7Rc/9/p8/6r2/2P6/P7P/4B4/4A4/3AK4 b,0.2629207,1556
3akab2/7R1/8c/p8/6r2/2P6/P7P/4B4/4A4/3AK4 w,-0.30516282,7736
3akab2/9/7Rc/p8/6r2/2P6/P7P/4B4/4A4/3AK4 b,0.22743416,2466
3akab2/9/7Rc/p8/9/2P6/P7P/4B1r2/4A4/3AK4 w,-0.31199032,2284
3akab2/9/8c/p8/9/2P6/P6RP/4B1r2/4A4/3AK4 b,0.38064295,6277
3akab2/9/8c/p8/9/2P6/P6RP/4r4/4A4/3AK4 w,-0.44024876,5549
3akab2/9/8c/p8/2P6/9/P6RP/4r4/4A4/3AK4 b,0.45309085,6070
3akab2/9/8c/p8/2P1r4/9/P6RP/9/4A4/3AK4 w,-0.5135721,3449
3akab2/9/8c/p1P6/4r4/9/P6RP/9/4A4/3AK4 b,0.6235497,2362
3akab2/9/4c4/p1P6/4r4/9/P6RP/9/4A4/3AK4 w,-0.61127627,5547
3akab2/9/4c4/p2P5/4r4/9/P6RP/9/4A4/3AK4 b,0.9049984,3643
3akab2/9/4c4/p2P5/3r5/9/P6RP/9/4A4/3AK4 w,-0.3224666,2731
3akab2/9/4c4/p3P4/3r5/9/P6RP/9/4A4/3AK4 b,0.35742214,1998
3akab2/4c4/9/p3P4/3r5/9/P6RP/9/4A4/3AK4 w,-0.2617452,5506
3akab2/4c4/9/p3P4/3r5/9/P4R2P/9/4A4/3AK4 b,0.33008134,1180
3akab2/1c7/9/p3P4/3r5/9/P4R2P/9/4A4/3AK4 w,-0.30751914,7736
3akab2/1c7/9/p3P4/3r5/9/PR6P/9/4A4/3AK4 b,0.36944285,911
3akab2/2c6/9/p3P4/3r5/9/PR6P/9/4A4/3AK4 w,-0.3734869,5006
3akab2/2c6/9/p3P4/3r5/9/P1R5P/9/4A4/3AK4 b,0.3534539,1000
3akab2/1c7/9/p3P4/3r5/9/P1R5P/9/4A4/3AK4 w,-0.28584108,5095
3akab2/1cR6/9/p3P4/3r5/9/P7P/9/4A4/3AK4 b,0.40643576,982
3akab2/2R6/9/p3P4/3r5/9/P7P/9/4A4/1c1AK4 w,-0.3734869,1073
3akab2/9/9/p3P4/3r5/9/P7P/9/4A4/1cRAK4 b,0.3734869,7435
3akab2/9/9/p3P4/3r5/9/Pc6P/9/4A4/2RAK4 w,-0.35742214,7526
3akab2/9/9/p3P4/3r5/9/Pc6P/9/4A4/1R1AK4 b,0.36944285,5008
3akab2/9/9/p3P4/3r5/9/P3c3P/9/4A4/1R1AK4 w,-0.4359849,6926
3akab2/9/9/p3P4/3r5/9/P3c3P/5A3/9/1R1AK4 b,0.39810643,3550
3akab2/9/9/p3P4/4r4/9/P3c3P/5A3/9/1R1AK4 w,-0.3534539,2822
3akab2/9/9/p2P5/4r4/9/P3c3P/5A3/9/1R1AK4 b,0.49625465,5279
3ak1b2/4a4/9/p2P5/4r4/9/P3c3P/5A3/9/1R1AK4 w,-0.2358646,7408
3ak1b2/4a4/9/p2P5/4r4/1R7/P3c3P/5A3/9/3AK4 b,0.34557816,5279
3ak1b2/4a4/4r4/p2P5/9/1R7/P3c3P/5A3/9/3AK4 w,-0.1221425,4191
3ak1b2/4a4/4r4/p2P5/9/6R2/P3c3P/5A3/9/3AK4 b,0.14408758,566
3ak4/4a4/4r3b/p2P5/9/6R2/P3c3P/5A3/9/3AK4 w,-0.12590626,5633
3ak4/4a4/4r3b/p2P5/9/7R1/P3c3P/5A3/9/3AK4 b,0.18433134,5275
3aka3/9/4r3b/p2P5/9/7R1/P3c3P/5A3/9/3AK4 w,-0.03841758,2721
3aka3/9/3Pr3b/p8/9/7R1/P3c3P/5A3/9/3AK4 b,0.03778189,2011
3aka3/9/3P4b/p3r4/9/7R1/P3c3P/5A3/9/3AK4 w,-0.034751736,1902
3aka3/3P5/8b/p3r4/9/7R1/P3c3P/5A3/9/3AK4 b,0.036540605,5279
3akab2/3P5/9/p3r4/9/7R1/P3c3P/5A3/9/3AK4 w,-0.028402649,5633
3akab2/3P5/9/p3r4/9/3R5/P3c3P/5A3/9/3AK4 b,0.033606205,463
3ak1b2/3Pa4/9/p3r4/9/3R5/P3c3P/5A3/9/3AK4 w,-0.034174357,5633
3ak1b2/3Pa4/9/p3r4/9/6R2/P3c3P/5A3/9/3AK4 b,0.034751736,566
3ak4/3Pa4/8b/p3r4/9/6R2/P3c3P/5A3/9/3AK4 w,-0.04175251,4614
3ak4/3Pa4/8b/p3r4/9/7R1/P3c3P/5A3/9/3AK4 b,0.1063854,5279
3aka3/3P5/8b/p3r4/9/7R1/P3c3P/5A3/9/3AK4 w,-0.019218972,5633
3aka3/3P5/8b/p3r4/9/3R5/P3c3P/5A3/9/3AK4 b,0.018893272,463
3ak4/3Pa4/8b/p3r4/9/3R5/P3c3P/5A3/9/3AK4 w,-0.021656096,5633
rnbakabnr/9/1c5c1/p1p1p1p1p/9/9/P1P1P1P1P/1C5C1/9/RNBAKABNR w,0.014449762,5087
rnbakabnr/9/1c5c1/p1p1p1p1p/9/9/P1P1P1P1P/4C2C1/9/RNBAKABNR b,-0.012932254,110
r1bakabnr/9/1cn4c1/p1p1p1p1p/9/9/P1P1P1P1P/4C2C1/9/RNBAKABNR w,0.011422182,7445
r1bakabnr/9/1cn4c1/p1p1p1p1p/9/9/P1P1P1P1P/2N1C2C1/9/R1BAKABNR b,-0.012428113,3012
r1baka1nr/9/1cn1b2c1/p1p1p1p1p/9/9/P1P1P1P1P/2N1C2C1/9/R1BAKABNR w,0.028042147,7372
r1baka1nr/9/1cn1b2c1/p1p1p1p1p/9/9/P1P1P1P1P/2N1C2C1/9/1RBAKABNR b,-0.02165522,1
1rbaka1nr/9/1cn1b2c1/p1p1p1p1p/9/9/P1P1P1P1P/2N1C2C1/9/1RBAKABNR w,0.018024392,5087
1rbaka1nr/9/1cn1b2c1/p1p1p1p1p/9/9/P1P1P1P1P/2N1CC3/9/1RBAKABNR b,-0.012428113,2648
1rbaka2r/9/1cn1b1nc1/p1p1p1p1p/9/9/P1P1P1P1P/2N1CC3/9/1RBAKABNR w,0.019055555,5451
1rbaka2r/9/1cn1b1nc1/p1p1p1p1p/9/9/P1P1P1P1P/2N1CCN2/9/1RBAKAB1R b,-0.017510546,1765
1rbaka2r/9/1cn1b1nc1/p1p1p3p/6p2/9/P1P1P1P1P/2N1CCN2/9/1RBAKAB1R w,0.019572936,8098
1rbaka2r/9/1cn1b1nc1/p1p1p3p/6p2/9/P1P1P1P1P/2N1CCN2/9/1RBAKABR1 b,-0.014449762,727
1rbaka1r1/9/1cn1b1nc1/p1p1p3p/6p2/9/P1P1P1P1P/2N1CCN2/9/1RBAKABR1 w,0.016997816,7408
1rbaka1r1/9/1cn1b1nc1/p1p1p3p/6p2/2P6/P3P1P1P/2N1CCN2/9/1RBAKABR1 b,-0.008420906,1765
1rbaka1r1/9/2n1b1nc1/p1p1p3p/6p2/2P6/Pc2P1P1P/2N1CCN2/9/1RBAKABR1 w,0.012932254,7954
1rbaka1r1/9/2n1b1nc1/p1p1p3p/6p2/2PN5/Pc2P1P1P/4CCN2/9/1RBAKABR1 b,0.0014816026,2311
1rbaka1r1/9/2n1b1n2/p1p1p3p/6p2/2PN5/Pc2P1PcP/4CCN2/9/1RBAKABR1 w,-0.011924766,7816
1rbaka1r1/9/2n1bCn2/p1p1p3p/6p2/2PN5/Pc2P1PcP/4C1N2/9/1RBAKABR1 b,0.02535331,5548
1rbakabr1/9/2n2Cn2/p1p1p3p/6p2/2PN5/Pc2P1PcP/4C1N2/9/1RBAKABR1 w,0.04585602,6061
1rbakabr1/9/2n2Cn2/p1p1N3p/6p2/2P6/Pc2P1PcP/4C1N2/9/1RBAKABR1 b,-0.025618432,1831
1rbakabr1/9/5Cn2/p1p1n3p/6p2/2P6/Pc2P1PcP/4C1N2/9/1RBAKABR1 w,0.007799667,6061
1rbakabr1/9/5Cn2/p1p1C3p/6p2/2P6/Pc2P1PcP/6N2/9/1RBAKABR1 b,-0.014534511,109
2bakabr1/9/1r3Cn2/p1p1C3p/6p2/2P6/Pc2P1PcP/6N2/9/1RBAKABR1 w,-0.00084206735,2839
2bakabr1/9/1r3Cn2/p1p5p/6p2/2P1C4/Pc2P1PcP/6N2/9/1RBAKABR1 b,-0.019456778,1733
2bakabr1/9/5rn2/p1p5p/6p2/2P1C4/Pc2P1PcP/6N2/9/1RBAKABR1 w,0,7435
2bakabr1/9/5rn2/p1p5p/6p2/2P1C4/PR2P1PcP/6N2/9/2BAKABR1 b,0.0010268611,3831
2bakabr1/9/5r3/p1p5p/5np2/2P1C4/PR2P1PcP/6N2/9/2BAKABR1 w,0.00619123,4987
2bakabr1/9/5r3/p1p5p/1R3np2/2P1C4/P3P1PcP/6N2/9/2BAKABR1 b,-0.004460755,3750
2bakabr1/9/5r3/p1p5p/1R4p2/2P1C4/P3P1ncP/6N2/9/2BAKABR1 w,0.0050324383,3372
2bakabr1/9/5r3/p1p5p/6R2/2P1C4/P3P1ncP/6N2/9/2BAKABR1 b,-0.00657011,5449
2bakabr1/9/5r3/p1p5p/6R2/2P1n4/P3P2cP/6N2/9/2BAKABR1 w,0.004916287,5269
2bakabr1/9/5r3/p1p5p/6R2/2P1P4/P6cP/6N2/9/2BAKABR1 b,-0.0045435224,2129
2bakabr1/9/5r3/p1p5p/6R2/2P1P4/P7P/6Nc1/9/2BAKABR1 w,0.008180164,3831
2bakabr1/9/5r3/p1p5p/6R2/2P1P4/P7P/6Nc1/7R1/2BAKAB2 b,-0.0040337103,2129
2bakabr1/9/9/p1p5p/6R2/2P1P4/P7P/5rNc1/7R1/2BAKAB2 w,0.012272201,3831
2bakabr1/9/9/p1p5p/6R2/2P1P4/P7P/5rNc1/3R5/2BAKAB2 b,-0.0007529357,562
2baka1r1/9/4b4/p1p5p/6R2/2P1P4/P7P/5rNc1/3R5/2BAKAB2 w,0.001255258,3795
2baka1r1/9/4b4/p1p3R1p/9/2P1P4/P7P/5rNc1/3R5/2BAKAB2 b,0.002766389,6343
2baka3/9/4b4/p1p3R1p/9/2P1P4/P6rP/5rNc1/3R5/2BAKAB2 w,0.0037794772,6829
2baka3/9/4b4/p1pR2R1p/9/2P1P4/P6rP/5rNc1/9/2BAKAB2 b,0.0005019115,283
2baka3/9/4b4/p1pR2R1p/9/2P1P4/r7P/5rNc1/9/2BAKAB2 w,0.0017082917,2729
2baka3/9/4b4/p1pR2R1p/9/2P1P4/r7P/5rNc1/4A4/2BAK1B2 b,0.0076929135,6197
2baka3/9/4b4/p1pR2R1p/9/2P1P4/r7P/6Nc1/4Ar3/2BAK1B2 w,-0.007180834,3004
2baka3/9/4b4/p1pR3Rp/9/2P1P4/r7P/6Nc1/4Ar3/2BAK1B2 b,0.0064185816,6379
2baka3/9/4b4/p1pR3Rp/9/2P1P4/r6cP/6N2/4Ar3/2BAK1B2 w,-0.0041670725,2733
2baka1R1/9/4b4/p1pR4p/9/2P1P4/r6cP/6N2/4Ar3/2BAK1B2 b,0.046944324,7008
2baka1R1/9/4b4/p1pR4p/9/2P1P4/6rcP/6N2/4Ar3/2BAK1B2 w,-0.019906878,7901
2baka1R1/9/4b4/p1p5p/9/2P1P4/6rcP/3R2N2/4Ar3/2BAK1B2 b,0.01084451,7008
2baka1R1/9/4b4/p1p5p/9/2P1P4/6r1P/3R2Nc1/4Ar3/2BAK1B2 w,0.24037895,700
2baka3/9/4b4/p1p5p/9/2P1P4/6r1P/3R2NR1/4Ar3/2BAK1B2 b,-0.21571672,5462
2baka3/9/4b4/p1p5p/9/2P1Pr3/6r1P/3R2NR1/4A4/2BAK1B2 w,0.32793868,6007
2baka3/9/4b4/p1pR4p/9/2P1Pr3/6r1P/6NR1/4A4/2BAK1B2 b,-0.058176577,4549
2baka3/9/4b4/p1pR4p/9/2P1r4/6r1P/6NR1/4A4/2BAK1B2 w,0.054888394,2735
2baka3/9/4b4/p1R5p/9/2P1r4/6r1P/6NR1/4A4/2BAK1B2 b,-0.038215384,5462
2baka3/9/4b4/2R5p/p8/2P1r4/6r1P/6NR1/4A4/2BAK1B2 w,0.098149545,2645
2baka3/9/4b4/5R2p/p8/2P1r4/6r1P/6NR1/4A4/2BAK1B2 b,-0.01839621,4461
2baka3/9/4b4/5R2p/p8/2r6/6r1P/6NR1/4A4/2BAK1B2 w,0.08112619,7537
2baka3/9/4b4/5R2p/p8/2r6/6r1P/4B1NR1/4A4/2BAK4 b,-0.068202004,4286
2baka3/9/4b4/5R2p/p8/9/2r3r1P/4B1NR1/4A4/2BAK4 w,0.09217279,5633
2baka3/9/4b4/5R2p/p8/9/2r3r1P/4B2R1/4A4/2BAKN3 b,-0.0058071665,5462
2b1ka3/4a4/4b4/5R2p/p8/9/2r3r1P/4B2R1/4A4/2BAKN3 w,0.069712326,5633
2b1ka3/4a4/4b4/5R2p/p8/9/2r3r1P/4B2R1/4A2N1/2BAK4 b,-0.004026733,5461
2b1ka3/4a4/4b4/5R2p/p8/9/2r5r/4B2R1/4A2N1/2BAK4 w,0.005809326,7178
2b1ka3/4a4/4b4/5R2p/p8/7R1/2r5r/4B4/4A2N1/2BAK4 b,-0.0029543545,5641
2b1ka3/4a4/4b4/5R2p/p8/7R1/2r6/4B4/4A2N1/2BAK3r w,0.0069929566,6926
2b1ka3/4a4/4b4/5R2p/p8/7R1/2r6/4B4/4A4/2BAKN2r b,-0.0046521043,5114
2b1ka3/4a4/4b4/5R2p/p8/7R1/2r6/4B4/4A3r/2BAKN3 w,0.011198598,4729
2b1ka3/4a4/4b4/5R2p/p8/7R1/2r6/4B1N2/4A3r/2BAK4 b,-0.0042713247,7289
2b1ka3/4a4/4b4/5R2p/p8/7R1/2r6/4B1N1r/4A4/2BAK4 w,0.007193169,6296
2b1ka3/4a4/4b4/5R2p/p8/5N1R1/2r6/4B3r/4A4/2BAK4 b,-0.0042713247,5099
2b1ka3/4a4/4b4/5R2p/p8/5N1R1/2r6/4B4/4A4/2BAK3r w,0.0069929566,6926
2b1ka3/4a4/4b4/5R2p/p8/5N1R1/2r6/4B4/9/2BAKA2r b,-0.0048433645,5099
2b1ka3/4a4/4b4/5R2p/p8/5N1R1/5r3/4B4/9/2BAKA2r w,0.0052277436,7636
2b1ka3/4a4/4b4/5R2p/p2N5/7R1/5r3/4B4/9/2BAKA2r b,0.0056147645,8096
2b1ka3/4a4/4b4/5R2p/p2N5/7R1/5r3/4B4/9/2BAKr3 w,-0.004338128,7726
2b1ka3/4a4/4b4/5R2p/p2N5/7R1/5r3/4B4/4K4/2BA1r3 b,0.0050558555,7817
2b1ka3/4a4/4b4/5r2p/p2N5/7R1/9/4B4/4K4/2BA1r3 w,-0.0032255065,3542
2b1ka3/4a4/4b4/5N2p/p8/7R1/9/4B4/4K4/2BA1r3 b,0.0019272151,7772
2b1ka3/4a4/4b4/5r2p/p8/7R1/9/4B4/4K4/2BA5 w,-0.0010182321,6925
2b1ka3/4a4/4b4/5r2p/p6R1/9/9/4B4/4K4/2BA5 b,0.0010996637,2907
2b1ka3/4a4/4b4/5r2p/7R1/p8/9/4B4/4K4/2BA5 w,-0.0007036924,3922
2b1ka3/4a4/4b4/5r2p/7R1/p8/9/4B4/9/2BAK4 b,0.015916761,4096
2b1ka3/4a4/4b4/6r1p/7R1/p8/9/4B4/9/2BAK4 w,-0.0007421545,3922
2b1ka3/4a4/4b4/6r1p/9/p8/7R1/4B4/9/2BAK4 b,0.014603955,4096
2b1ka3/4a4/4b4/6r1p/9/1p7/7R1/4B4/9/2BAK4 w,-0.014354243,5552
2b1ka3/4a4/4b4/6r1p/9/1p7/R8/4B4/9/2BAK4 b,0.018893272,3012
2b1ka3/4a4/4b4/7rp/9/1p7/R8/4B4/9/2BAK4 w,-0.017048452,6117
2b1ka3/4a4/4b4/7rp/9/1p7/R8/4B4/4A4/2B1K4 b,0.017343314,3088
2b1ka3/4a4/4b4/7r1/8p/1p7/R8/4B4/4A4/2B1K4 w,-0.019886767,4896
2b1ka3/4a4/4b4/7r1/8p/1p7/R8/9/4A4/2B1K1B2 b,0.015116015,3103
2b1ka3/4a4/4b4/7r1/9/1p6p/R8/9/4A4/2B1K1B2 w,-0.02398108,4918
2b1ka3/4a4/4b4/7r1/9/1p6p/R8/4B4/4A4/4K1B2 b,0.0397198,4822
2b1ka3/4a4/4b4/7r1/9/1p5p1/R8/4B4/4A4/4K1B2 w,-0.031955723,4919
2b1ka3/4a4/4b4/7r1/9/1p5p1/2R6/4B4/4A4/4K1B2 b,0.039063502,3103
2b1ka3/4a4/4b4/7r1/9/1p7/2R4p1/4B4/4A4/4K1B2 w,-0.057110723,6081
2b1ka3/4a4/4b4/7r1/9/1p7/3R3p1/4B4/4A4/4K1B2 b,0.04611928,3112
2b1ka3/4a4/4b4/7r1/9/1p7/3R5/4B2p1/4A4/4K1B2 w,-0.045362502,5189
2b1ka3/4a4/4b4/7r1/9/1p1R5/9/4B2p1/4A4/4K1B2 b,0.035934716,4195
2b1ka3/4a4/4b4/7r1/9/3R5/1p7/4B2p1/4A4/4K1B2 w,-0.04106415,4377
2b1ka3/4a4/4b4/7r1/9/9/1p1R5/4B2p1/4A4/4K1B2 b,0.033047136,5014
2b1ka3/4a4/4b4/7r1/9/9/3R5/1p2B2p1/4A4/4K1B2 w,-0.0693964,5178
2b1ka3/4a4/4b4/7r1/9/9/9/1p1RB2p1/4A4/4K1B2 b,0.088176996,3088
2b1ka3/4a4/4b4/7r1/9/9/9/3RB2p1/1p2A4/4K1B2 w,-0.0043252306,6015
2b1ka3/4a4/4b4/7r1/9/9/9/1R2B2p1/1p2A4/4K1B2 b,0.33392268,6644
2b1ka3/4a4/4b4/7r1/9/9/9/1R2B2p1/2p1A4/4K1B2 w,-0.4232524,5825
2b1ka3/4a4/4b4/7r1/9/9/9/2R1B2p1/2p1A4/4K1B2 b,0.30019167,6735
2b1ka3/4a4/4b4/7r1/9/9/9/2R1B2p1/3pA4/4K1B2 w,-0.38983566,5916
2b1ka3/4a4/4b4/7r1/9/9/9/3RB2p1/3pA4/4K1B2 b,0.44024876,6826
2b1ka3/4a4/4b4/7r1/9/9/9/3RB2p1/4p4/4K1B2 w,-0.4867443,7726
2b1ka3/4a4/4b4/7r1/9/9/9/3RB2p1/4K4/6B2 b,0.38945192,6369
2b1ka3/4a4/4b4/7r1/9/9/9/3RB4/4K2p1/6B2 w,-0.36262518,5997
2b1ka3/4a4/4b4/7r1/9/2B6/9/3R5/4K2p1/6B2 b,0.46865016,3103
2b1ka3/4a4/4b4/7r1/9/2B6/9/3R5/4K1p2/6B2 w,-0.37594342,7897
2b1ka3/4a4/4b4/7r1/9/2B6/9/3R4B/4K1p2/9 b,0.53526694,3092
2b1ka3/4a4/4b4/9/9/2B6/9/3R4B/4K1pr1/9 w,-0.45443928,6008
2b1ka3/4a4/4b4/9/9/2B6/9/3R4B/3K2pr1/9 b,0.6453789,7097
2b1ka3/4a4/4b4/9/9/2B6/9/3R4B/3K1p1r1/9 w,-0.6232764,6009
2b1ka3/4a4/4b4/9/9/2B6/9/4R3B/3K1p1r1/9 b,0.67945814,7171
2b1ka3/4a4/4b4/9/9/2B4r1/9/4R3B/3K1p3/9 w,-0.7897034,6096
2b1ka3/4a4/4b4/9/9/2B4r1/9/5R2B/3K1p3/9 b,0.956723,4727
2b1ka3/4a4/4b4/9/9/2r6/9/5R2B/3K1p3/9 w,-0.9854241,6197
2b1ka3/4a4/4b4/9/9/2r6/9/5R3/3K1p3/6B2 b,0.9999081,4304
2b1ka3/4a4/4b4/9/9/2r6/9/5R3/3K2p2/6B2 w,-0.73061746,6152
2b1ka3/4a4/4b4/9/9/2r6/9/3R5/3K2p2/6B2 b,0.9929149,4304
2b1ka3/4a4/4b4/9/9/9/9/3R5/2rK2p2/6B2 w,-0.98511297,6834
2b1ka3/4a4/4b4/9/9/9/9/3R5/2r3p2/3K2B2 b,0.994962,7097
2b1ka3/4a4/4b4/9/9/9/9/3R5/2r2p3/3K2B2 w,-0.986606,6007
2b1ka3/4a4/4b4/9/3R5/9/9/9/2r2p3/3K2B2 b,1,7006
2b1ka3/4a4/4b4/9/3R5/9/9/9/2r1p4/3K2B2 w,-1,7897
2b1ka3/4a4/4b4/9/3R5/9/9/4B4/2r1p4/3K5 b,1,6915
2b1ka3/4a4/4b4/9/3R5/9/9/2r1B4/4p4/3K5 w,-1,3567
2b1ka3/4a4/4b4/9/9/9/3R5/2r1B4/4p4/3K5 b,1,5917
2b1ka3/4a4/4b4/9/9/9/3R5/4r4/4p4/3K5 w,-1,5160
2b1ka3/4a4/4b4/9/9/9/9/4r4/3Rp4/3K5 b,1,6925
rnbakabnr/9/1c5c1/p1p1p1p1p/9/9/P1P1P1P1P/1C5C1/9/RNBAKABNR w,0.014449762,5087
rnbakabnr/9/1c5c1/p1p1p1p1p/9/9/P1P1P1P1P/4C2C1/9/RNBAKABNR b,-0.012932254,110
r1bakabnr/9/1cn4c1/p1p1p1p1p/9/9/P1P1P1P1P/4C2C1/9/RNBAKABNR w,0.011422182,7445
r1bakabnr/9/1cn4c1/p1p1p1p1p/9/9/P1P1P1P1P/2N1C2C1/9/R1BAKABNR b,-0.012428113,3012
r1baka1nr/9/1cn1b2c1/p1p1p1p1p/9/9/P1P1P1P1P/2N1C2C1/9/R1BAKABNR w,0.028042147,7372
r1baka1nr/9/1cn1b2c1/p1p1p1p1p/9/9/P1P1P1P1P/2N1C2C1/9/1RBAKABNR b,-0.02165522,1
1rbaka1nr/9/1cn1b2c1/p1p1p1p1p/9/9/P1P1P1P1P/2N1C2C1/9/1RBAKABNR w,0.018024392,5087
1rbaka1nr/9/1cn1b2c1/p1p1p1p1p/9/9/P1P1P1P1P/2N1CC3/9/1RBAKABNR b,-0.012428113,2648
1rbaka2r/9/1cn1b1nc1/p1p1p1p1p/9/9/P1P1P1P1P/2N1CC3/9/1RBAKABNR w,0.019055555,5451
1rbaka2r/9/1cn1b1nc1/p1p1p1p1p/9/9/P1P1P1P1P/2N1CCN2/9/1RBAKAB1R b,-0.017510546,1765
1rbaka2r/9/1cn1b1nc1/p1p1p3p/6p2/9/P1P1P1P1P/2N1CCN2/9/1RBAKAB1R w,0.019572936,8098
1rbaka2r/9/1cn1b1nc1/p1p1p3p/6p2/9/P1P1P1P1P/2N1CCN2/9/1RBAKABR1 b,-0.014449762,727
1rbaka1r1/9/1cn1b1nc1/p1p1p3p/6p2/9/P1P1P1P1P/2N1CCN2/9/1RBAKABR1 w,0.016997816,7408
1rbaka1r1/9/1cn1b1nc1/p1p1p3p/6p2/2P6/P3P1P1P/2N1CCN2/9/1RBAKABR1 b,-0.008420906,1765
1rbaka1r1/9/2n1b1nc1/p1p1p3p/6p2/2P6/Pc2P1P1P/2N1CCN2/9/1RBAKABR1 w,0.012932254,7954
1rbaka1r1/9/2n1b1nc1/p1p1p3p/6p2/2PN5/Pc2P1P1P/4CCN2/9/1RBAKABR1 b,0.0014816026,2311
1rbaka1r1/9/2n1b1n2/p1p1p3p/6p2/2PN5/Pc2P1PcP/4CCN2/9/1RBAKABR1 w,-0.011924766,7816
1rbaka1r1/9/2n1bCn2/p1p1p3p/6p2/2PN5/Pc2P1PcP/4C1N2/9/1RBAKABR1 b,0.02535331,5548
1rbakabr1/9/2n2Cn2/p1p1p3p/6p2/2PN5/Pc2P1PcP/4C1N2/9/1RBAKABR1 w,0.04585602,6061
1rbakabr1/9/2n2Cn2/p1p1N3p/6p2/2P6/Pc2P1PcP/4C1N2/9/1RBAKABR1 b,-0.025618432,1831
1rbakabr1/9/5Cn2/p1p1n3p/6p2/2P6/Pc2P1PcP/4C1N2/9/1RBAKABR1 w,0.007799667,6061
1rbakabr1/9/5Cn2/p1p1C3p/6p2/2P6/Pc2P1PcP/6N2/9/1RBAKABR1 b,-0.014534511,109
2bakabr1/9/1r3Cn2/p1p1C3p/6p2/2P6/Pc2P1PcP/6N2/9/1RBAKABR1 w,-0.00084206735,2839
2bakabr1/9/1r3Cn2/p1p5p/6p2/2P1C4/Pc2P1PcP/6N2/9/1RBAKABR1 b,-0.019456778,1733
2bakabr1/9/5rn2/p1p5p/6p2/2P1C4/Pc2P1PcP/6N2/9/1RBAKABR1 w,0,7435
2bakabr1/9/5rn2/p1p5p/6p2/2P1C4/PR2P1PcP/6N2/9/2BAKABR1 b,0.0010268611,3831
2bakabr1/9/6n2/p1p5p/6p2/2P1C4/PR2P1PcP/5rN2/9/2BAKABR1 w,0.091511466,4969
2bakabr1/9/6n2/p1p5p/6p2/2P1C4/PR2P1PcP/5r3/8N/2BAKABR1 b,-0.023718612,5542
2bakabr1/9/6n2/p1p5p/6p2/2P1C4/PR2P1P1P/5r3/7cN/2BAKABR1 w,0.05298353,4969
2bakabr1/9/6n2/p1p5p/6p2/2P1C4/PR2P1P1P/4Br3/7cN/2BAKA1R1 b,-0.004805894,6179
2bakabr1/9/6n2/p1p5p/6p2/2P1C4/PR2PrP1P/4B4/7cN/2BAKA1R1 w,0.012932266,7636
2bakabr1/9/6n2/p1p5p/6p2/2P1C4/PR2PrP1P/4B4/4A2cN/2BAK2R1 b,-0.0027406274,5370
2bakabr1/9/6n2/p1p5p/6p2/2P1C4/PR2P1r1P/4B4/4A2cN/2BAK2R1 w,0.0087845875,5007
2bakabr1/9/6n2/p1p5p/6p2/2P1C4/P2RP1r1P/4B4/4A2cN/2BAK2R1 b,-0.00033431983,682
2bakabr1/9/6n2/p1p5p/6p2/2P1C4/P2RP3r/4B4/4A2cN/2BAK2R1 w,0.038490813,8006
2bakabr1/9/6n2/p1p5p/6p2/2P1C4/P2RP3r/4B4/4A2cN/2BAK1R2 b,-0.04741884,673
2bakabr1/9/6n2/p1p5p/6p2/2P1C4/P2RP4/4B4/4A2cr/2BAK1R2 w,0.12588014,7872
2bakabr1/9/6n2/p1p5p/6R2/2P1C4/P2RP4/4B4/4A2cr/2BAK4 b,-0.14233291,7289
2bakabr1/9/6n2/p1p5p/6R2/2P1C4/P2RP4/4B4/4A2c1/2BAK3r w,0.24360281,6926
2bakabr1/9/6n2/p1p5p/6R2/2P1C4/P2RP4/9/4A2c1/2BAK1B1r b,-0.0133654205,691
2bakab2/9/6n2/p1p5p/6Rr1/2P1C4/P2RP4/9/4A2c1/2BAK1B1r w,0.6303277,3820
2bakab2/9/6R2/p1p5p/7r1/2P1C4/P2RP4/9/4A2c1/2BAK1B1r b,-0.35072502,3922
2bakab2/9/6R2/p1p5p/7r1/2P1C4/P2RP2c1/9/4A4/2BAK1B1r w,0.42030212,5160
2bakab2/9/6R2/p1p5p/7r1/2P1C4/P3P2c1/3R5/4A4/2BAK1B1r b,-0.1219918,3911
2bakab2/9/6R2/p1p5p/9/2P1C2r1/P3P2c1/3R5/4A4/2BAK1B1r w,0.29140908,6926
2bakaR2/9/9/p1p5p/9/2P1C2r1/P3P2c1/3R5/4A4/2BAK1B1r b,-0.056521636,4730
2bakaR2/9/9/p1p5p/9/2P1Cr3/P3P2c1/3R5/4A4/2BAK1B1r w,0.1498895,6926
2baka3/9/9/p1p3R1p/9/2P1Cr3/P3P2c1/3R5/4A4/2BAK1B1r b,0.0006691055,5578
2baka3/9/9/p1p3R1p/9/2P1C4/P3Pr1c1/3R5/4A4/2BAK1B1r w,0.5600071,3001
2baka3/9/9/p1p3R1p/9/2P1C4/P2RPr1c1/9/4A4/2BAK1B1r b,-0.0068061478,5578
2baka3/9/9/p1p3R1p/9/2P1C4/P2RPr1c1/9/4A3r/2BAK1B2 w,0.7144778,3001
2baka3/9/9/p1p4Rp/9/2P1C4/P2RPr1c1/9/4A3r/2BAK1B2 b,-0.020410497,7277
2baka3/9/9/p1p4Rp/9/2P1C4/P2Rcr3/9/4A3r/2BAK1B2 w,0.062964864,6908
2baka3/9/9/p1p4Rp/9/2P1C4/P2Rcr3/9/8r/2BAKAB2 b,-0.0012982865,7277
2baka3/9/9/p1p4Rp/9/2P1C4/P2Rcr3/9/5r3/2BAKAB2 w,0.002820255,3091
2baka3/9/9/p1p1R3p/9/2P1C4/P2Rcr3/9/5r3/2BAKAB2 b,-0.0010816733,463
2bak4/4a4/9/p1p1R3p/9/2P1C4/P2Rcr3/9/5r3/2BAKAB2 w,0.0030387952,2822
2bak4/4a4/9/p1p2R2p/9/2P1C4/P2Rcr3/9/5r3/2BAKAB2 b,-0.0015150516,202
2bak4/9/3a5/p1p2R2p/9/2P1C4/P2Rcr3/9/5r3/2BAKAB2 w,0.005247978,2939
2bak4/9/3a5/p1p5p/9/2P1C4/P2RcR3/9/5r3/2BAKAB2 b,-0.0046862713,6989
2bak4/9/3a5/p1p5p/9/2P1C4/P2Rcr3/9/9/2BAKAB2 w,0.0031774682,7726
2bak4/9/3R5/p1p5p/9/2P1C4/P3cr3/9/9/2BAKAB2 b,-0.00085914164,5360
2bak4/9/3R5/p1p5p/9/2P1Cr3/P3c4/9/9/2BAKAB2 w,0.0015574397,4441
2bak4/9/3R5/p1p5p/4C4/2P2r3/P3c4/9/9/2BAKAB2 b,0.000085645224,4547
2bak4/9/3R5/p1p5p/4C4/2P1r4/P3c4/9/9/2BAKAB2 w,0.0012064556,3658
2bak4/9/3R5/p1p5p/9/2P1r4/P3C4/9/9/2BAKAB2 b,-0.0009067179,4468
2bak4/9/3R5/p1p5p/9/2P6/P3r4/9/9/2BAKAB2 w,0.00055182737,7897
2bak4/9/3R5/p1p5p/9/2P6/P3r4/4B4/9/3AKAB2 b,-0.00058951875,5242
2bak4/9/3R5/p1p5p/9/2P6/r8/4B4/9/3AKAB2 w,0.00055354484,1910
2bak4/9/9/p1pR4p/9/2P6/r8/4B4/9/3AKAB2 b,-0.00035502718,4918
2bak4/9/9/p1pR4p/9/2P6/4r4/4B4/9/3AKAB2 w,0.0005200818,2729
2bak4/9/9/p1R5p/9/2P6/4r4/4B4/9/3AKAB2 b,-0.0004534624,202
2bak4/9/9/p1R6/8p/2P6/4r4/4B4/9/3AKAB2 w,0.0010466367,2612
2Rak4/9/9/p8/8p/2P6/4r4/4B4/9/3AKAB2 b,-0.0004981559,5260
2Rak4/9/9/p8/9/2P5p/4r4/4B4/9/3AKAB2 w,0.0010798111,218
3ak4/9/9/p1R6/9/2P5p/4r4/4B4/9/3AKAB2 b,-0.00092055235,2466
3ak4/9/9/p1R6/9/2P4p1/4r4/4B4/9/3AKAB2 w,0.0008954293,2637
3ak4/9/9/R8/9/2P4p1/4r4/4B4/9/3AKAB2 b,-0.00086759764,4741
3ak4/9/9/R8/9/2P6/4r2p1/4B4/9/3AKAB2 w,0.0011762438,4268
3ak4/9/9/3R5/9/2P6/4r2p1/4B4/9/3AKAB2 b,-0.000757009,283
3ak4/9/9/3R5/9/2P6/4r1p2/4B4/9/3AKAB2 w,0.000757009,7816
3ak4/9/9/3R5/2P6/9/4r1p2/4B4/9/3AKAB2 b,-0.00084472616,283
3ak4/9/9/3R5/2P6/9/4r4/4B1p2/9/3AKAB2 w,0.01802169,2733
3ak4/9/9/6R2/2P6/9/4r4/4B1p2/9/3AKAB2 b,-0.07458089,283
3ak4/9/9/6R2/2P6/9/4r4/4Bp3/9/3AKAB2 w,0.1745722,2976
3ak1R2/9/9/9/2P6/9/4r4/4Bp3/9/3AKAB2 b,-0.08904107,373
3a2R2/4k4/9/9/2P6/9/4r4/4Bp3/9/3AKAB2 w,0.16549708,543
3R5/4k4/9/9/2P6/9/4r4/4Bp3/9/3AKAB2 b,-0.23986492,6187
3R5/4k4/9/9/2P6/9/4r4/4B4/5p3/3AKAB2 w,0.20719643,336
9/4k4/9/9/2P6/9/4r4/3RB4/5p3/3AKAB2 b,-0.24856165,5276
9/4k4/4r4/9/2P6/9/9/3RB4/5p3/3AKAB2 w,0.27120978,7901
9/4k4/4r4/2P6/9/9/9/3RB4/5p3/3AKAB2 b,-0.27120978,1999
9/5k3/4r4/2P6/9/9/9/3RB4/5p3/3AKAB2 w,0.42428073,7636
9/5k3/4r4/2P6/9/9/9/3RB4/4Ap3/4KAB2 b,-0.44163185,1998
9/5k3/5r3/2P6/9/9/9/3RB4/4Ap3/4KAB2 w,0.58198357,5979
9/3R1k3/5r3/2P6/9/9/9/4B4/4Ap3/4KAB2 b,-0.48260325,1265
5k3/3R5/5r3/2P6/9/9/9/4B4/4Ap3/4KAB2 w,0.62148315,7734
5k3/9/5r3/2P6/3R5/9/9/4B4/4Ap3/4KAB2 b,-0.52968323,2088
5k3/9/9/2P2r3/3R5/9/9/4B4/4Ap3/4KAB2 w,0.6699363,2630
5k3/9/2P6/5r3/3R5/9/9/4B4/4Ap3/4KAB2 b,-0.6325031,2907
5k3/9/2P2r3/9/3R5/9/9/4B4/4Ap3/4KAB2 w,0.70533293,1811
5k3/9/3P1r3/9/3R5/9/9/4B4/4Ap3/4KAB2 b,-0.77726513,454
9/5k3/3P1r3/9/3R5/9/9/4B4/4Ap3/4KAB2 w,0.78926194,1902
9/5k3/3P1r3/9/3R5/9/9/4B4/4Ap3/3K1AB2 b,-0.70533293,1265
9/5k3/3P1r3/9/3R5/9/9/4B4/4A1p2/3K1AB2 w,0.8007782,1902
9/3P1k3/5r3/9/3R5/9/9/4B4/4A1p2/3K1AB2 b,-0.7292121,7097
9/3P1k3/5r3/9/3R5/9/9/4B4/4Ap3/3K1AB2 w,0.8081893,7645
9/3P1k3/5r3/9/3R5/9/9/4B3B/4Ap3/3K1A3 b,-0.6594345,2089
9/3P1k3/1r7/9/3R5/9/9/4B3B/4Ap3/3K1A3 w,0.99504447,3551
9/3P1k3/1r7/9/3R5/9/9/8B/4Ap3/2BK1A3 b,-0.72453463,1283
9/3P1k3/5r3/9/3R5/9/9/8B/4Ap3/2BK1A3 w,0.79699284,7645
9/3P1k3/5r3/3R5/9/9/9/8B/4Ap3/2BK1A3 b,-0.7338393,7016
9/3P1k3/1r7/3R5/9/9/9/8B/4Ap3/2BK1A3 w,0.9958923,2732
9/3P1k3/1r7/3R5/9/9/9/4B3B/4Ap3/3K1A3 b,-0.59907305,1283
9/3P1k3/5r3/3R5/9/9/9/4B3B/4Ap3/3K1A3 w,0.8118152,6441
9/3P1k3/5r3/3R5/9/6B2/9/8B/4Ap3/3K1A3 b,-0.6751251,2120
9/3P1k3/1r7/3R5/9/6B2/9/8B/4Ap3/3K1A3 w,0.9971117,2732
9/3P1k3/1r7/4R4/9/6B2/9/8B/4Ap3/3K1A3 b,-0.00020957137,1731
9/3P1k3/3r5/4R4/9/6B2/9/8B/4Ap3/3K1A3 w,0.00010938279,6906
9/3P1k3/3r5/4R4/9/6B2/9/3A4B/5p3/3K1A3 b,-0.000033185275,1902
9/3r1k3/9/4R4/9/6B2/9/3A4B/5p3/3K1A3 w,0.00003060647,2822
9/3r1k3/9/4R4/9/6B2/9/3A4B/5p3/4KA3 b,-0.000006106213,1101
9/5k3/3r5/4R4/9/6B2/9/3A4B/5p3/4KA3 w,0.000006106213,7816
9/5k3/3r5/9/9/6B2/4R4/3A4B/5p3/4KA3 b,0.000012216194,7008
9/5k3/5r3/9/9/6B2/4R4/3A4B/5p3/4KA3 w,0.000006106213,7816
9/5k3/5r3/9/9/6B2/7R1/3A4B/5p3/4KA3 b,-0.000006106213,1265
9/5k3/5r3/9/9/6B2/7R1/3A4B/9/4Kp3 w,-0.0000028424365,7726
9/5k3/5r3/9/9/6B2/7R1/3A4B/4K4/5p3 b,0.000008536263,2147
9/5k3/4r4/9/9/6B2/7R1/3A4B/4K4/5p3 w,-0.000005687111,6915
9/5k3/4r4/9/9/6B2/7R1/3A4B/3K5/5p3 b,0.000011392135,2000
9/5k3/5r3/9/9/6B2/7R1/3A4B/3K5/5p3 w,0.0000028424365,5506
9/5k3/5r3/9/9/6B2/7R1/8B/3KA4/5p3 b,0.000011392135,2091
9/5k3/3r5/9/9/6B2/7R1/8B/3KA4/5p3 w,0.000014256975,6906
9/5k3/3r5/9/9/6B2/7R1/3A4B/3K5/5p3 b,0,1909
rnbakabnr/9/1c5c1/p1p1p1p1p/9/9/P1P1P1P1P/1C5C1/9/RNBAKABNR w,0.014449762,5087
rnbakabnr/9/1c5c1/p1p1p1p1p/9/9/P1P1P1P1P/4C2C1/9/RNBAKABNR b,-0.012932254,110
r1bakabnr/9/1cn4c1/p1p1p1p1p/9/9/P1P1P1P1P/4C2C1/9/RNBAKABNR w,0.011422182,7445
r1bakabnr/9/1cn4c1/p1p1p1p1p/9/9/P1P1P1P1P/2N1C2C1/9/R1BAKABNR b,-0.012428113,3012
r1baka1nr/9/1cn1b2c1/p1p1p1p1p/9/9/P1P1P1P1P/2N1C2C1/9/R1BAKABNR w,0.028042147,7372
r1baka1nr/9/1cn1b2c1/p1p1p1p1p/9/9/P1P1P1P1P/2N1C2C1/9/1RBAKABNR b,-0.02165522,1
1rbaka1nr/9/1cn1b2c1/p1p1p1p1p/9/9/P1P1P1P1P/2N1C2C1/9/1RBAKABNR w,0.018024392,5087
1rbaka1nr/9/1cn1b2c1/p1p1p1p1p/9/9/P1P1P1P1P/2N1CC3/9/1RBAKABNR b,-0.012428113,2648
1rbaka2r/9/1cn1b1nc1/p1p1p1p1p/9/9/P1P1P1P1P/2N1CC3/9/1RBAKABNR w,0.019055555,5451
1rbaka2r/9/1cn1b1nc1/p1p1p1p1p/9/9/P1P1P1P1P/2N1CCN2/9/1RBAKAB1R b,-0.017510546,1765
1rbaka2r/9/1cn1b1nc1/p1p1p3p/6p2/9/P1P1P1P1P/2N1CCN2/9/1RBAKAB1R w,0.019572936,8098
1rbaka2r/9/1cn1b1nc1/p1p1p3p/6p2/9/P1P1P1P1P/2N1CCN2/9/1RBAKABR1 b,-0.014449762,727
1rbaka1r1/9/1cn1b1nc1/p1p1p3p/6p2/9/P1P1P1P1P/2N1CCN2/9/1RBAKABR1 w,0.016997816,7408
1rbaka1r1/9/1cn1b1nc1/p1p1p3p/6p2/2P6/P3P1P1P/2N1CCN2/9/1RBAKABR1 b,-0.008420906,1765
1rbaka1r1/9/2n1b1nc1/p1p1p3p/6p2/2P6/Pc2P1P1P/2N1CCN2/9/1RBAKABR1 w,0.012932254,7954
1rbaka1r1/9/2n1b1nc1/p1p1p3p/6p2/2PN5/Pc2P1P1P/4CCN2/9/1RBAKABR1 b,0.0014816026,2311
1rbaka1r1/9/2n1b1n2/p1p1p3p/6p2/2PN5/Pc2P1PcP/4CCN2/9/1RBAKABR1 w,-0.011924766,7816
1rbaka1r1/9/2n1bCn2/p1p1p3p/6p2/2PN5/Pc2P1PcP/4C1N2/9/1RBAKABR1 b,0.02535331,5548
1rbakabr1/9/2n2Cn2/p1p1p3p/6p2/2PN5/Pc2P1PcP/4C1N2/9/1RBAKABR1 w,0.04585602,6061
1rbakabr1/9/2n2Cn2/p1p1N3p/6p2/2P6/Pc2P1PcP/4C1N2/9/1RBAKABR1 b,-0.025618432,1831
1rbakabr1/9/5Cn2/p1p1n3p/6p2/2P6/Pc2P1PcP/4C1N2/9/1RBAKABR1 w,0.007799667,6061
1rbakabr1/9/5Cn2/p1p1C3p/6p2/2P6/Pc2P1PcP/6N2/9/1RBAKABR1 b,-0.014534511,109
2bakabr1/9/1r3Cn2/p1p1C3p/6p2/2P6/Pc2P1PcP/6N2/9/1RBAKABR1 w,-0.00084206735,2839
2bakabr1/9/1r3Cn2/p1p5p/6p2/2P1C4/Pc2P1PcP/6N2/9/1RBAKABR1 b,-0.019456778,1733
2bakabr1/9/5rn2/p1p5p/6p2/2P1C4/Pc2P1PcP/6N2/9/1RBAKABR1 w,0,7435
2bakabr1/9/5rn2/p1p5p/6p2/2P1C4/PR2P1PcP/6N2/9/2BAKABR1 b,0.0010268611,3831
2bakabr1/9/6n2/p1p5p/6p2/2P1C4/PR2PrPcP/6N2/9/2BAKABR1 w,0.39088708,4969
2bakabr1/9/6n2/p1p5p/1R4p2/2P1C4/P3PrPcP/6N2/9/2BAKABR1 b,-0.1593855,3831
2bakabr1/9/9/p1p5p/1R3np2/2P1C4/P3PrPcP/6N2/9/2BAKABR1 w,0.6604994,3370
2bakabr1/9/9/p1p5p/1R3np2/2P1C4/P3PrPcP/9/4N4/2BAKABR1 b,-0.00034224466,5368
2bakabr1/9/9/p1p5p/1R3np2/2P1C4/P3r1PcP/9/4N4/2BAKABR1 w,-0.00066867116,3371
2bakabr1/9/9/p1p5p/5Rp2/2P1C4/P3r1PcP/9/4N4/2BAKABR1 b,0.0008862718,5269
2bakabr1/9/9/p1p5p/5Rp2/2P1r4/P5PcP/9/4N4/2BAKABR1 w,0,7897
2bakabr1/9/9/p1p5p/6R2/2P1r4/P5PcP/9/4N4/2BAKABR1 b,0.0005019115,4457
2bakabr1/9/9/p1p5p/6R2/2r6/P5PcP/9/4N4/2BAKABR1 w,0,7897
2bakabr1/9/9/p1p5p/3R5/2r6/P5PcP/9/4N4/2BAKABR1 b,0.0029336282,4282
2bakabr1/9/9/p1p5p/3R5/9/P1r3PcP/9/4N4/2BAKABR1 w,-0.0029336282,7897
2bakabr1/9/9/p1p5p/5R3/9/P1r3PcP/9/4N4/2BAKABR1 b,0.00795021,5100
2bakabr1/9/9/p1p5p/5R3/9/P1r3P1P/9/4N2c1/2BAKABR1 w,-0.0029336282,7897
2bakabr1/9/9/p1p5p/5R3/9/P1r3P1P/4B4/4N2c1/2BAKA1R1 b,0.0026880207,5100
2bakabr1/9/9/p1p5p/5R3/9/P5r1P/4B4/4N2c1/2BAKA1R1 w,-0.0014217104,6927
2bakabr1/9/9/p1p5p/5R3/9/P5r1P/2N1B4/7c1/2BAKA1R1 b,0.0033272482,283
2bakabr1/9/9/p1p5p/5R3/9/P1r5P/2N1B4/7c1/2BAKA1R1 w,-0.001659065,3730
2bakabr1/9/9/p1p5p/5R3/9/P1r5P/4B4/4N2c1/2BAKA1R1 b,0.006480786,7171
2bakab2/9/9/p1p4rp/5R3/9/P1r5P/4B4/4N2c1/2BAKA1R1 w,-0.0033272482,6927
2bakab2/9/9/p1p4rp/5R3/9/P1r5P/4B4/7c1/2BAKANR1 b,0.0033272482,7171
2bakab2/9/9/p1p4rp/5R3/9/P7r/4B4/7c1/2BAKANR1 w,0.0020718346,7816
2bakab2/9/9/p1p4rp/5R3/9/P7r/4BN3/7c1/2BAKA1R1 b,0.00045973648,5624
2bakab2/9/9/p1p4rp/5R2r/9/P8/4BN3/7c1/2BAKA1R1 w,0,3734
2bakab2/9/9/p1p4rp/8R/9/P8/4BN3/7c1/2BAKA1R1 b,0.00016505542,3194
2bakab2/9/9/p1p4r1/8p/9/P8/4BN3/7c1/2BAKA1R1 w,0.00010724939,7999
2bakab2/9/9/p1p4r1/8p/9/P8/4BN3/7R1/2BAKA3 b,0,3139
2bakab2/9/9/p1p6/8p/9/P8/4BN3/7r1/2BAKA3 w,0.00009625555,6199
2bakab2/9/9/p1p6/8p/9/P8/4B4/7N1/2BAKA3 b,-0.000008536263,2648
2bakab2/9/9/p8/2p5p/9/P8/4B4/7N1/2BAKA3 w,0.000017133041,7816
2bakab2/9/9/p8/2p5p/9/P8/4BN3/9/2BAKA3 b,0.000028794995,3467
2bakab2/9/9/p8/8p/2p6/P8/4BN3/9/2BAKA3 w,-0.000025851277,6171
2bakab2/9/9/p8/8p/2p1N4/P8/4B4/9/2BAKA3 b,0.000034752775,4276
2bakab2/9/9/p8/8p/3pN4/P8/4B4/9/2BAKA3 w,0.000008536263,4440
2bakab2/9/9/p2N5/8p/3p5/P8/4B4/9/2BAKA3 b,-0.000014256975,2466
2bakab2/9/9/p2N5/8p/9/P2p5/4B4/9/2BAKA3 w,0.000034752775,2723
2bakab2/2N6/9/p8/8p/9/P2p5/4B4/9/2BAKA3 b,-0.000028794995,373
2ba1ab2/2N1k4/9/p8/8p/9/P2p5/4B4/9/2BAKA3 w,0.000028794995,4905
2ba1ab2/4k4/9/p2N5/8p/9/P2p5/4B4/9/2BAKA3 b,-0.00002292791,1182
2bakab2/9/9/p2N5/8p/9/P2p5/4B4/9/2BAKA3 w,0.000034752775,2723
2bakab2/9/1N7/p8/8p/9/P2p5/4B4/9/2BAKA3 b,-0.000014256975,202
3akab2/9/1N2b4/p8/8p/9/P2p5/4B4/9/2BAKA3 w,0.000020022593,6117
3akab2/9/4b4/p2N5/8p/9/P2p5/4B4/9/2BAKA3 b,-0.000014256975,2466
4kab2/4a4/4b4/p2N5/8p/9/P2p5/4B4/9/2BAKA3 w,0.00002292791,4905
4kab2/2N1a4/4b4/p8/8p/9/P2p5/4B4/9/2BAKA3 b,-0.000017133041,363
3k1ab2/2N1a4/4b4/p8/8p/9/P2p5/4B4/9/2BAKA3 w,0.000017133041,4905
3k1ab2/4a4/4b4/pN7/8p/9/P2p5/4B4/9/2BAKA3 b,-0.000011392135,2466
3k1ab2/4a4/4b4/pN7/9/8p/P2p5/4B4/9/2BAKA3 w,0.000028794995,4905
3k1ab2/4a4/4b4/pN7/9/8p/P2p5/9/9/2BAKAB2 b,-0.000011392135,2466
3k1ab2/4a4/4b4/pN7/9/7p1/P2p5/9/9/2BAKAB2 w,0.000034752775,4905
3k1ab2/N3a4/4b4/p8/9/7p1/P2p5/9/9/2BAKAB2 b,0.0000028424365,2466
4kab2/N3a4/4b4/p8/9/7p1/P2p5/9/9/2BAKAB2 w,0.000025851277,4905
4kab2/4a4/4b4/pN7/9/7p1/P2p5/9/9/2BAKAB2 b,-0.000011392135,2466
4kab2/4a4/4b4/pN7/9/9/P2p3p1/9/9/2BAKAB2 w,0.000034752775,4905
4kab2/2N1a4/4b4/p8/9/9/P2p3p1/9/9/2BAKAB2 b,-0.000025851277,363
3k1ab2/2N1a4/4b4/p8/9/9/P2p3p1/9/9/2BAKAB2 w,0.000025851277,4905
3k1ab2/4a4/4b4/p2N5/9/9/P2p3p1/9/9/2BAKAB2 b,-0.000014256975,2466
3k1ab2/4a4/4b4/p2N5/9/9/P2p2p2/9/9/2BAKAB2 w,0.000034752775,4905
3k1ab2/4a4/4b4/p8/5N3/9/P2p2p2/9/9/2BAKAB2 b,0.000020022593,2466
3k1ab2/4a4/4b4/p8/5N3/9/P2p1p3/9/9/2BAKAB2 w,0.000028794995,4905
3k1ab2/4a4/4b4/p2N5/9/9/P2p1p3/9/9/2BAKAB2 b,-0.000008536263,2466
3k1ab2/4a4/4b4/p2N5/9/9/P3pp3/9/9/2BAKAB2 w,0.000031761385,7537
3k1ab2/4a4/4b4/p8/1N7/9/P3pp3/9/9/2BAKAB2 b,-0.000008536263,2466
3k1ab2/4a4/9/p8/1Nb6/9/P3pp3/9/9/2BAKAB2 w,0.000025851277,4905
3k1ab2/4a4/2N6/p8/2b6/9/P3pp3/9/9/2BAKAB2 b,-0.000020022593,274
4kab2/4a4/2N6/p8/2b6/9/P3pp3/9/9/2BAKAB2 w,0.000025851277,1809
4kab2/4a4/9/N8/2b6/9/P3pp3/9/9/2BAKAB2 b,-0.000014099584,3442
4kab2/4a4/b8/N8/9/9/P3pp3/9/9/2BAKAB2 w,0.00002140471,7901
4kab2/4a4/b8/9/9/1N7/P3pp3/9/9/2BAKAB2 b,-0.000012309329,562
4ka3/4a4/b7b/9/9/1N7/P3pp3/9/9/2BAKAB2 w,0.00001772004,7901
4ka3/4a4/b7b/9/9/PN7/4pp3/9/9/2BAKAB2 b,-0.00001590261,2346
4ka3/9/b4a2b/9/9/PN7/4pp3/9/9/2BAKAB2 w,0.00001955352,4169
4ka3/9/b4a2b/9/3N5/P8/4pp3/9/9/2BAKAB2 b,-0.00001772004,1622
4ka3/9/5a2b/9/2bN5/P8/4pp3/9/9/2BAKAB2 w,0.0000270814,7636
4ka3/9/5a2b/9/P1bN5/9/4pp3/9/9/2BAKAB2 b,-0.00001772004,2346
4k4/4a4/5a2b/9/P1bN5/9/4pp3/9/9/2BAKAB2 w,0.0000270814,3277
4k4/4a4/5a2b/9/1PbN5/9/4pp3/9/9/2BAKAB2 b,-0.00001955352,3438
4k4/4a4/b4a2b/9/1P1N5/9/4pp3/9/9/2BAKAB2 w,0.000023275288,7901
4k4/4a4/b4a2b/9/1P1N5/9/4pp3/8B/9/2BAKA3 b,-0.00001590261,1622
4k1b2/4a4/b4a3/9/1P1N5/9/4pp3/8B/9/2BAKA3 w,0.000025166946,6477
4k1b2/4a4/b4a3/1P7/3N5/9/4pp3/8B/9/2BAKA3 b,-0.0000105302215,1175
4k1b2/4a4/b4a3/1P7/3N5/9/3p1p3/8B/9/2BAKA3 w,0.000014099584,2539
4k1b2/4a4/b4a3/1P7/3N5/9/3p1p3/8B/4A4/2BAK4 b,-0.000014099584,5368
4k4/4a4/b4a2b/1P7/3N5/9/3p1p3/8B/4A4/2BAK4 w,0.00001772004,7537
4k4/4a4/b4a2b/1P7/9/5N3/3p1p3/8B/4A4/2BAK4 b,-0.00001590261,5368
4k4/4a4/b4a2b/1P7/9/5N3/4pp3/8B/4A4/2BAK4 w,0.00001955352,6926
4k4/4a4/b4a2b/1P4N2/9/9/4pp3/8B/4A4/2BAK4 b,-0.000014099584,2382
4k1b2/4a4/b4a3/1P4N2/9/9/4pp3/8B/4A4/2BAK4 w,0.00002140471,2549
4k1b2/4a4/b4a3/1P7/4N4/9/4pp3/8B/4A4/2BAK4 b,-0.00001590261,562
4k4/4a4/b3ba3/1P7/4N4/9/4pp3/8B/4A4/2BAK4 w,0.00001955352,6906
4k4/4a4/b3ba3/1P7/4N4/6B2/4pp3/9/4A4/2BAK4 b,-0.0000105302215,1622
2b1k4/4a4/4ba3/1P7/4N4/6B2/4pp3/9/4A4/2BAK4 w,0.00002140471,2549
2b1k4/4a4/4ba3/2P6/4N4/6B2/4pp3/9/4A4/2BAK4 b,-0.000014099584,198
2b1k4/4a4/5a3/2P6/4N1b2/6B2/4pp3/9/4A4/2BAK4 w,0.00002140471,2638
2b1k4/4a4/5a3/3P5/4N1b2/6B2/4pp3/9/4A4/2BAK4 b,-0.000014099584,365
4k4/4a4/4ba3/3P5/4N1b2/6B2/4pp3/9/4A4/2BAK4 w,0.000025166946,2731
4k4/4a4/4ba3/3P5/6b2/2N3B2/4pp3/9/4A4/2BAK4 b,-0.00001772004,5277
4k1b2/4a4/5a3/3P5/6b2/2N3B2/4pp3/9/4A4/2BAK4 w,0.000023275288,4661
4k1b2/4a4/5a3/3P5/6b2/2N3B2/4pp3/B8/4A4/3AK4 b,-0.000014099584,3802
4k4/4a4/4ba3/3P5/6b2/2N3B2/4pp3/B8/4A4/3AK4 w,0.00001955352,4661
4k4/4a4/4ba3/3P5/6b2/6B2/4pp3/B2N5/4A4/3AK4 b,-0.000012309329,3806
4k4/4a4/4ba3/3P5/6b2/6B2/4p1p2/B2N5/4A4/3AK4 w,0.00001590261,4657
4k4/4a4/4ba3/3P5/6b2/2N3B2/4p1p2/B8/4A4/3AK4 b,-0.00001772004,5279
rnbakabnr/9/1c5c1/p1p1p1p1p/9/9/P1P1P1P1P/1C5C1/9/RNBAKABNR w,0.014449762,5087
rnbakabnr/9/1c5c1/p1p1p1p1p/9/9/P1P1P1P1P/4C2C1/9/RNBAKABNR b,-0.012932254,110
r1bakabnr/9/1cn4c1/p1p1p1p1p/9/9/P1P1P1P1P/4C2C1/9/RNBAKABNR w,0.011422182,7445
r1bakabnr/9/1cn4c1/p1p1p1p1p/9/9/P1P1P1P1P/2N1C2C1/9/R1BAKABNR b,-0.012428113,3012
r1baka1nr/9/1cn1b2c1/p1p1p1p1p/9/9/P1P1P1P1P/2N1C2C1/9/R1BAKABNR w,0.028042147,7372
r1baka1nr/9/1cn1b2c1/p1p1p1p1p/9/9/P1P1P1P1P/2N1C2C1/9/1RBAKABNR b,-0.02165522,1
1rbaka1nr/9/1cn1b2c1/p1p1p1p1p/9/9/P1P1P1P1P/2N1C2C1/9/1RBAKABNR w,0.018024392,5087
1rbaka1nr/9/1cn1b2c1/p1p1p1p1p/9/9/P1P1P1P1P/2N1CC3/9/1RBAKABNR b,-0.012428113,2648
1rbaka2r/9/1cn1b1nc1/p1p1p1p1p/9/9/P1P1P1P1P/2N1CC3/9/1RBAKABNR w,0.019055555,5451
1rbaka2r/9/1cn1b1nc1/p1p1p1p1p/9/9/P1P1P1P1P/2N1CCN2/9/1RBAKAB1R b,-0.017510546,1765
1rbaka2r/9/1cn1b1nc1/p1p1p3p/6p2/9/P1P1P1P1P/2N1CCN2/9/1RBAKAB1R w,0.019572936,8098
1rbaka2r/9/1cn1b1nc1/p1p1p3p/6p2/9/P1P1P1P1P/2N1CCN2/9/1RBAKABR1 b,-0.014449762,727
1rbaka1r1/9/1cn1b1nc1/p1p1p3p/6p2/9/P1P1P1P1P/2N1CCN2/9/1RBAKABR1 w,0.016997816,7408
1rbaka1r1/9/1cn1b1nc1/p1p1p3p/6p2/2P6/P3P1P1P/2N1CCN2/9/1RBAKABR1 b,-0.008420906,1765
1rbaka1r1/9/2n1b1nc1/p1p1p3p/6p2/2P6/Pc2P1P1P/2N1CCN2/9/1RBAKABR1 w,0.012932254,7954
1rbaka1r1/9/2n1b1nc1/p1p1p3p/6p2/2PN5/Pc2P1P1P/4CCN2/9/1RBAKABR1 b,0.0014816026,2311
1rbaka1r1/9/2n1b1n2/p1p1p3p/6p2/2PN5/Pc2P1PcP/4CCN2/9/1RBAKABR1 w,-0.011924766,7816
1rbaka1r1/9/2n1bCn2/p1p1p3p/6p2/2PN5/Pc2P1PcP/4C1N2/9/1RBAKABR1 b,0.02535331,5548
1rbakabr1/9/2n2Cn2/p1p1p3p/6p2/2PN5/Pc2P1PcP/4C1N2/9/1RBAKABR1 w,0.04585602,6061
1rbakabr1/9/2n2Cn2/p1p1N3p/6p2/2P6/Pc2P1PcP/4C1N2/9/1RBAKABR1 b,-0.025618432,1831
1rbakabr1/9/5Cn2/p1p1n3p/6p2/2P6/Pc2P1PcP/4C1N2/9/1RBAKABR1 w,0.007799667,6061
1rbakabr1/9/5Cn2/p1p1C3p/6p2/2P6/Pc2P1PcP/6N2/9/1RBAKABR1 b,-0.014534511,109
2bakabr1/9/1r3Cn2/p1p1C3p/6p2/2P6/Pc2P1PcP/6N2/9/1RBAKABR1 w,-0.00084206735,2839
2bakabr1/9/1r3Cn2/p1p5p/6p2/2P1C4/Pc2P1PcP/6N2/9/1RBAKABR1 b,-0.019456778,1733
2bakabr1/9/5rn2/p1p5p/6p2/2P1C4/Pc2P1PcP/6N2/9/1RBAKABR1 w,0,7435
2bakabr1/9/5rn2/p1p5p/6p2/2P1C4/PR2P1PcP/6N2/9/2BAKABR1 b,0.0010268611,3831
2bakabr1/9/6n2/p1p5p/6p2/2P1C4/PR2PrPcP/6N2/9/2BAKABR1 w,0.39088708,4969
2bakabr1/9/6n2/p1p5p/1R4p2/2P1C4/P3PrPcP/6N2/9/2BAKABR1 b,-0.1593855,3831
2bakabr1/9/9/p1p5p/1R3np2/2P1C4/P3PrPcP/6N2/9/2BAKABR1 w,0.6604994,3370
2bakabr1/9/9/p1p5p/1R3np2/2P1C4/P3PrPcP/4B1N2/9/3AKABR1 b,-0.17975014,373
2bakabr1/9/9/p1p5p/1R4p2/2P1C4/P3nrPcP/4B1N2/9/3AKABR1 w,0.57523906,3370
2bakabr1/9/9/p1p5p/1R4p2/2P1C4/P3NrPcP/4B4/9/3AKABR1 b,0.0011818346,5368
2bakabr1/9/9/p1p5p/1R4p2/2P1C4/P3r1PcP/4B4/9/3AKABR1 w,-0.001032856,3370
2bakabr1/9/9/p1p5p/4R1p2/2P1C4/P3r1PcP/4B4/9/3AKABR1 b,0.0007745447,283
2baka1r1/9/4b4/p1p5p/4R1p2/2P1C4/P3r1PcP/4B4/9/3AKABR1 w,0.27133697,3622
2baka1r1/9/4b4/p1p5p/4R1p2/2P1C1P2/P3r2cP/4B4/9/3AKABR1 b,-0.0007745447,664
2baka1r1/9/4b4/p1p5p/4R4/2P1C1p2/P3r2cP/4B4/9/3AKABR1 w,0.15439269,3622
2baka1r1/9/4b4/p1p5p/4R4/2P1C1p2/P3r2cP/4B4/4A4/3AK1BR1 b,-0.00025094207,4642
2baka1r1/9/4b4/p1p5p/4R4/2P1Cp3/P3r2cP/4B4/4A4/3AK1BR1 w,-0.0005019115,3643
2baka1r1/9/4b4/p1p5p/7R1/2P1Cp3/P3r2cP/4B4/4A4/3AK1BR1 b,-0.0045435224,4549
2baka1r1/9/4b4/p1p5p/7R1/2P1p4/P3r2cP/4B4/4A4/3AK1BR1 w,0.0032576907,3877
2baka1R1/9/4b4/p1p5p/9/2P1p4/P3r2cP/4B4/4A4/3AK1BR1 b,-0.0026185173,5544
2baka1R1/9/4b4/p1p5p/9/2P1p4/c3r3P/4B4/4A4/3AK1BR1 w,0.003120966,7963
2baka1R1/9/4b4/p1p5p/9/2P1p4/c3r3P/9/4A4/2BAK1BR1 b,-0.002217961,5282
2baka1R1/9/4b4/p1p5p/9/2P1p4/c7r/9/4A4/2BAK1BR1 w,0.0011315051,7897
2baka3/9/4b4/p1p4Rp/9/2P1p4/c7r/9/4A4/2BAK1BR1 b,-0.0008480561,4916
2baka3/9/4b4/p1p4Rp/9/2P1p4/4c3r/9/4A4/2BAK1BR1 w,0.0021298146,7897
2baka3/9/4b4/p1p4Rp/9/2P1p4/4c3r/3A5/9/2BAK1BR1 b,-0.001415609,5276
2baka3/9/4b4/p1p4Rp/9/2P1p4/4c1r2/3A5/9/2BAK1BR1 w,0.0025618698,3089
2baka3/9/4b4/p1R5p/9/2P1p4/4c1r2/3A5/9/2BAK1BR1 b,-0.0019050408,5478
2baka3/9/4b4/p1R5p/9/2P1p4/4c4/3A5/6r2/2BAK1BR1 w,0.0045897225,7972
2baka3/9/4b4/p7R/9/2P1p4/4c4/3A5/6r2/2BAK1BR1 b,-0.0030225108,7094
2baka3/9/4b4/8R/p8/2P1p4/4c4/3A5/6r2/2BAK1BR1 w,0.0041181017,3203
2baka3/9/4b4/3R5/p8/2P1p4/4c4/3A5/6r2/2BAK1BR1 b,-0.0023532943,7094
2baka3/9/4b4/3R5/9/p1P1p4/4c4/3A5/6r2/2BAK1BR1 w,0.0065921536,4268
2baka3/9/4b4/3R5/2P6/p3p4/4c4/3A5/6r2/2BAK1BR1 b,-0.0028878343,7094
2baka3/9/4b4/3R5/2P6/p3p4/4c4/3A2r2/9/2BAK1BR1 w,0.007849066,3449
2baka3/9/4b4/3R5/2P6/p3p2R1/4c4/3A2r2/9/2BAK1B2 b,-0.004965356,6297
2baka3/9/4b4/3R5/2P6/p3p2R1/4c4/3A5/9/2BAK1r2 w,0.005096864,7726
2baka3/9/4b4/3R5/2P6/p3p2R1/4c4/3A5/4K4/2BA2r2 b,-0.0049670716,7908
2baka3/9/4b4/3R5/2P6/p3p2R1/4c4/3A5/4K1r2/2BA5 w,0.0054913014,6925
2baka3/9/4b4/3R5/2P6/p3p2R1/4c4/3A5/6r2/2BAK4 b,-0.0049670716,7094
2b1ka3/4a4/4b4/3R5/2P6/p3p2R1/4c4/3A5/6r2/2BAK4 w,0.0078956885,4729
2b1ka3/4a4/4b4/3R5/2P6/p3R4/4c4/3A5/6r2/2BAK4 b,-0.008576414,5282
2b1ka3/4a4/4b4/3R5/2P6/p3R4/8c/3A5/6r2/2BAK4 w,0.009528237,7537
2b1ka3/4a4/4b4/3R5/2P6/R8/8c/3A5/6r2/2BAK4 b,-0.008317909,7094
2b1ka3/4a4/4b4/3R5/2P6/R8/8c/3A5/9/2BAK1r2 w,0.008771873,7726
2b1ka3/4a4/4b4/3R5/2P6/R8/8c/3A5/4K4/2BA2r2 b,-0.008467775,7908
2b1ka3/4a4/4b4/3R5/2P6/R8/8c/3A5/4K1r2/2BA5 w,0.0074477103,6925
2b1ka3/4a4/4b4/3R5/2P6/R8/8c/3A5/6r2/2BAK4 b,-0.008317909,7094
2b1ka3/4a4/4b4/3R5/2P3r2/R8/8c/3A5/9/2BAK4 w,0.009398254,3449
2b1ka3/4a4/4b4/2PR5/6r2/R8/8c/3A5/9/2BAK4 b,-0.009884777,5597
2b1ka3/4a4/4b4/2PR5/7r1/R8/8c/3A5/9/2BAK4 w,0.012367938,2731
2b1ka3/4a4/2P1b4/3R5/7r1/R8/8c/3A5/9/2BAK4 b,-0.005713211,3908
2b1ka3/4a4/2P1b4/3R5/9/R8/8c/3A5/9/2BAK2r1 w,0.006358038,7726
2b1ka3/4a4/2P1b4/3R5/9/R8/8c/3A5/4K4/2BA3r1 b,-0.0060969875,7999
2b1ka3/4a4/2P1b4/3R5/9/R8/9/3A5/4K3c/2BA3r1 w,0.022980923,2735
2b1ka3/2P1a4/4b4/3R5/9/R8/9/3A5/4K3c/2BA3r1 b,-0.011620217,7999
2b1ka3/2P1a4/4b4/3R5/9/R8/9/3A5/4K2rc/2BA5 w,0.011804115,6925
2b1ka3/2P1a4/4b4/3R5/9/R8/9/3A5/7rc/2BAK4 b,-0.011804115,7217
2b1ka3/2P1a4/4b4/3R5/9/R8/9/3A5/8c/2BAK2r1 w,0.009884777,7726
2b1ka3/2P1a4/4b4/3R5/9/R8/9/3A5/4K3c/2BA3r1 b,-0.011620217,7999
2b1ka3/2P1a4/4b4/3R5/9/R8/9/3A5/4K3c/2Br5 w,0.20000151,4097
2b1ka3/3Pa4/4b4/3R5/9/R8/9/3A5/4K3c/2Br5 b,-0.14049017,7643
2b1ka3/3Pa4/4b4/3R5/9/R8/9/3A5/4K3c/2r6 w,0.18359073,4103
R1b1ka3/3Pa4/4b4/3R5/9/9/9/3A5/4K3c/2r6 b,-0.0030854533,7217
R1b1ka3/3Pa3c/4b4/3R5/9/9/9/3A5/4K4/2r6 w,0.0021611897,9
R1b1ka3/3Pa3c/4b4/9/3R5/9/9/3A5/4K4/2r6 b,-0.0025733486,1542
R1b1ka3/3Pa3c/2r1b4/9/3R5/9/9/3A5/4K4/9 w,0.0027417678,3540
1Rb1ka3/3Pa3c/2r1b4/9/3R5/9/9/3A5/4K4/9 b,-0.0027417678,1542
1Rb1ka3/3Pac3/2r1b4/9/3R5/9/9/3A5/4K4/9 w,0.002657287,118
1Rb1ka3/3Pac3/2r1b4/3R5/9/9/9/3A5/4K4/9 b,-0.0028268073,1272
1Rb1ka3/3Pac3/4b4/3R5/9/9/9/3A5/2r1K4/9 w,0.0024899347,6907
1Rb1ka3/3Pac3/4b4/3R5/9/9/9/3A5/2r6/4K4 b,-0.0024899347,1272
1Rb1ka3/3Pac3/2r1b4/3R5/9/9/9/3A5/9/4K4 w,0.003439202,7726
1Rb1ka3/3Pac3/2r1b4/3R5/9/9/9/9/4A4/4K4 b,-0.003260999,1272
1Rb1ka3/3Pac3/4b4/3R5/9/9/9/9/4A4/2r1K4 w,0.0031729029,6924
1Rb1ka3/3Pac3/4b4/3R5/9/9/9/9/9/2rAK4 b,-0.0031729029,1272
1Rb1ka3/3Pac3/2r1b4/3R5/9/9/9/9/9/3AK4 w,0.0037118064,100
1Rb1ka3/3Pac3/2r1b4/9/3R5/9/9/9/9/3AK4 b,-0.003439202,1272
1Rb1ka3/3ca4/2r1b4/9/3R5/9/9/9/9/3AK4 w,0.003641265,3522
1Rb1ka3/3Ra4/2r1b4/9/9/9/9/9/9/3AK4 b,-0.0018401266,2018
1Rbaka3/3R5/2r1b4/9/9/9/9/9/9/3AK4 w,0.0024119345,1137
1Rbaka3/9/2r1b4/9/9/9/3R5/9/9/3AK4 b,-0.0018948574,283
1Rbak4/4a4/2r1b4/9/9/9/3R5/9/9/3AK4 w,0.0029149074,5196
2bak4/4a4/2r1b4/1R7/9/9/3R5/9/9/3AK4 b,-0.002784855,1821
2bak4/4a4/4b4/1R7/2r6/9/3R5/9/9/3AK4 w,0.0028495025,5142
2bak4/4a4/4b4/8R/2r6/9/3R5/9/9/3AK4 b,-0.0020621368,1175
2baka3/9/4b4/8R/2r6/9/3R5/9/9/3AK4 w,0.0018401266,3181
2baka3/9/4b4/3R4R/2r6/9/9/9/9/3AK4 b,-0.0026577644,3460
2baka3/9/4b4/3R4R/4r4/9/9/9/9/3AK4 w,0.0025335015,7736
2baka3/9/4b4/3R4R/4r4/9/9/9/4A4/4K4 b,-0.0018401266,3638
2b1ka3/4a4/4b4/3R4R/4r4/9/9/9/4A4/4K4 w,0.002784855,2766
2b1ka3/4a4/4b4/3R5/4r4/9/9/8R/4A4/4K4 b,-0.002118975,3638
2b1ka3/4a4/4b4/3R5/2r6/9/9/8R/4A4/4K4 w,0.002784855,6924
2b1ka3/4a4/4b4/9/2r6/9/9/3R4R/4A4/4K4 b,-0.0020621368,3503
2b1ka3/4a4/4b4/9/9/9/9/3R4R/4A4/2r1K4 w,0.0025335015,6924
2b1ka3/4a4/4b4/9/9/9/9/8R/4A4/2rRK4 b,-0.00073551585,7554
2b1ka3/4a4/4b4/9/2r6/9/9/8R/4A4/3RK4 w,0.002784855,7572
2b1ka3/4a4/4b4/9/2r6/9/3R5/8R/4A4/4K4 b,-0.0022343588,3503
2b1ka3/4a4/4b4/9/9/9/3R5/8R/4A4/2r1K4 w,0.0025952877,6924
2b1ka3/4a4/4b4/9/9/9/3R5/8R/9/2rAK4 b,-0.0022929353,7490
2b1ka3/4a4/4b4/9/9/2r6/3R5/8R/9/3AK4 w,0.0020058479,5142
2b1ka3/4a4/4b4/9/9/2r6/3R5/3R5/9/3AK4 b,-0.0020621368,4259
2b1ka3/4a4/4b4/9/9/4r4/3R5/3R5/9/3AK4 w,0.0030480595,7636
2b1ka3/4a4/4b4/9/9/4r4/3R5/3R5/4A4/4K4 b,-0.001950093,4457
2b1ka3/4a4/4b4/9/9/8r/3R5/3R5/4A4/4K4 w,0.002352122,6005
2b1ka3/4a4/4b4/9/9/8r/3R5/3R5/4A4/3K5 b,-0.0010701248,4859
2b1ka3/4a4/4b4/9/9/2r6/3R5/3R5/4A4/3K5 w,0.002118975,7645
2b1ka3/4a4/4b4/9/9/2r6/3R5/3R5/4A4/4K4 b,-0.0022343588,4313
rnbakabnr/9/1c5c1/p1p1p1p1p/9/9/P1P1P1P1P/1C5C1/9/RNBAKABNR w,0.014449762,5087
rnbakabnr/9/1c5c1/p1p1p1p1p/9/9/P1P1P1P1P/4C2C1/9/RNBAKABNR b,-0.012932254,110
r1bakabnr/9/1cn4c1/p1p1p1p1p/9/9/P1P1P1P1P/4C2C1/9/RNBAKABNR w,0.011422182,7445
r1bakabnr/9/1cn4c1/p1p1p1p1p/9/9/P1P1P1P1P/2N1C2C1/9/R1BAKABNR b,-0.012428113,3012
r1baka1nr/9/1cn1b2c1/p1p1p1p1p/9/9/P1P1P1P1P/2N1C2C1/9/R1BAKABNR w,0.028042147,7372
r1baka1nr/9/1cn1b2c1/p1p1p1p1p/9/9/P1P1P1P1P/2N1C2C1/9/1RBAKABNR b,-0.02165522,1
1rbaka1nr/9/1cn1b2c1/p1p1p1p1p/9/9/P1P1P1P1P/2N1C2C1/9/1RBAKABNR w,0.018024392,5087
1rbaka1nr/9/1cn1b2c1/p1p1p1p1p/9/9/P1P1P1P1P/2N1CC3/9/1RBAKABNR b,-0.012428113,2648
1rbaka2r/9/1cn1b1nc1/p1p1p1p1p/9/9/P1P1P1P1P/2N1CC3/9/1RBAKABNR w,0.019055555,5451
1rbaka2r/9/1cn1b1nc1/p1p1p1p1p/9/9/P1P1P1P1P/2N1CCN2/9/1RBAKAB1R b,-0.017510546,1765
1rbaka2r/9/1cn1b1nc1/p1p1p3p/6p2/9/P1P1P1P1P/2N1CCN2/9/1RBAKAB1R w,0.019572936,8098
1rbaka2r/9/1cn1b1nc1/p1p1p3p/6p2/9/P1P1P1P1P/2N1CCN2/9/1RBAKABR1 b,-0.014449762,727
1rbaka1r1/9/1cn1b1nc1/p1p1p3p/6p2/9/P1P1P1P1P/2N1CCN2/9/1RBAKABR1 w,0.016997816,7408
1rbaka1r1/9/1cn1b1nc1/p1p1p3p/6p2/2P6/P3P1P1P/2N1CCN2/9/1RBAKABR1 b,-0.008420906,1765
1rbaka1r1/9/2n1b1nc1/p1p1p3p/6p2/2P6/Pc2P1P1P/2N1CCN2/9/1RBAKABR1 w,0.012932254,7954
1rbaka1r1/9/2n1b1nc1/p1p1p3p/6p2/2PN5/Pc2P1P1P/4CCN2/9/1RBAKABR1 b,0.0014816026,2311
1rbaka1r1/9/2n1b1n2/p1p1p3p/6p2/2PN5/Pc2P1PcP/4CCN2/9/1RBAKABR1 w,-0.011924766,7816
1rbaka1r1/9/2n1bCn2/p1p1p3p/6p2/2PN5/Pc2P1PcP/4C1N2/9/1RBAKABR1 b,0.02535331,5548
1rbakabr1/9/2n2Cn2/p1p1p3p/6p2/2PN5/Pc2P1PcP/4C1N2/9/1RBAKABR1 w,0.04585602,6061
1rbakabr1/9/2n2Cn2/p1p1N3p/6p2/2P6/Pc2P1PcP/4C1N2/9/1RBAKABR1 b,-0.025618432,1831
1rbakabr1/9/5Cn2/p1p1n3p/6p2/2P6/Pc2P1PcP/4C1N2/9/1RBAKABR1 w,0.007799667,6061
1rbakabr1/9/5Cn2/p1p1C3p/6p2/2P6/Pc2P1PcP/6N2/9/1RBAKABR1 b,-0.014534511,109
2bakabr1/9/1r3Cn2/p1p1C3p/6p2/2P6/Pc2P1PcP/6N2/9/1RBAKABR1 w,-0.00084206735,2839
2bakabr1/9/1r3Cn2/p1p5p/6p2/2P1C4/Pc2P1PcP/6N2/9/1RBAKABR1 b,-0.019456778,1733
2bakabr1/9/5rn2/p1p5p/6p2/2P1C4/Pc2P1PcP/6N2/9/1RBAKABR1 w,0,7435
2bakabr1/9/5rn2/p1p5p/6p2/2P1C4/PR2P1PcP/6N2/9/2BAKABR1 b,0.0010268611,3831
2bakabr1/9/6n2/p1p5p/6p2/2P1C4/PR2PrPcP/6N2/9/2BAKABR1 w,0.39088708,4969
2bakabr1/9/6n2/p1p5p/1R4p2/2P1C4/P3PrPcP/6N2/9/2BAKABR1 b,-0.1593855,3831
2bakabr1/9/9/p1p5p/1R3np2/2P1C4/P3PrPcP/6N2/9/2BAKABR1 w,0.6604994,3370
2bakabr1/9/9/p1p5p/1R3np2/2P1C4/P3PrPcP/4B1N2/9/3AKABR1 b,-0.17975014,373
2bakabr1/9/9/p1p5p/1R3np2/2P1C4/P3P1PcP/4BrN2/9/3AKABR1 w,0.6278859,3370
2bakabr1/9/9/p1p5p/1R3np2/2P1C4/P3P1PcP/4BrN2/4A4/4KABR1 b,-0.39088708,6189
2bakabr1/9/9/p1p5p/1R3np2/2P1C4/P3PrPcP/4B1N2/4A4/4KABR1 w,0.6513201,3370
2bakabr1/9/9/p1p5p/1R3np2/2P1C4/P3PrPcP/4B1N2/4A2R1/4KAB2 b,-0.27814525,3750
2bakabr1/9/9/p1p5p/1R4p2/2P1C4/P3nrPcP/4B1N2/4A2R1/4KAB2 w,0.54247665,3370
2bakabr1/9/9/p1p5p/6R2/2P1C4/P3nrPcP/4B1N2/4A2R1/4KAB2 b,-0.29596296,373
2bakabr1/9/9/p1p5p/6R2/2P1C4/P4rPcP/2n1B1N2/4A2R1/4KAB2 w,0.5558813,3820
2bakabr1/9/9/p1p3R1p/9/2P1C4/P4rPcP/2n1B1N2/4A2R1/4KAB2 b,-0.07746045,5365
2bakabr1/9/9/p1p3R1p/9/2P1Cr3/P5PcP/2n1B1N2/4A2R1/4KAB2 w,0.31789404,3001
2bakabr1/9/9/p1p3R1p/9/2P2r3/P3C1PcP/2n1B1N2/4A2R1/4KAB2 b,-0.031008486,5908
2bakabr1/9/9/p1p3R1p/9/2P2r3/P3C1P1P/2n1B1Nc1/4A2R1/4KAB2 w,0.5457072,3001
2bakabr1/9/9/p1p3R1p/4C4/2P2r3/P5P1P/2n1B1Nc1/4A2R1/4KAB2 b,-0.14557861,373
2bakabr1/9/9/p1p3R1p/4C4/2P2r3/P5P1P/2n1c1N2/4A2R1/4KAB2 w,0.124301866,7897
2bakabr1/9/9/p1p3R1p/4C4/2P2r3/P5P1P/2n1B1N2/4A2R1/4KA3 b,-0.14150716,709
2bakab2/9/9/p1p3R1p/4C4/2P2r3/P5P1P/2n1B1N2/4A2r1/4KA3 w,0.07371886,3001
2bakab2/9/9/p1p1R3p/4C4/2P2r3/P5P1P/2n1B1N2/4A2r1/4KA3 b,-0.11806474,202
2bak1b2/4a4/9/p1p1R3p/4C4/2P2r3/P5P1P/2n1B1N2/4A2r1/4KA3 w,0.13053899,2822
2bak1b2/4a4/9/p1p2R2p/4C4/2P2r3/P5P1P/2n1B1N2/4A2r1/4KA3 b,-0.1713646,202
2bak1b2/9/5a3/p1p2R2p/4C4/2P2r3/P5P1P/2n1B1N2/4A2r1/4KA3 w,0.200687,2930
2bak1b2/9/5a3/p1p5p/4C4/2P2R3/P5P1P/2n1B1N2/4A2r1/4KA3 b,-0.23335093,7180
2bak1b2/9/5a3/p1p5p/4C4/2P2R3/P5P1P/2n1B1Nr1/4A4/4KA3 w,0.21610042,4568
2bak1b2/9/5a3/p1p5p/4C4/2P6/P5P1P/2n1BRNr1/4A4/4KA3 b,-0.23114337,5904
2bak1b2/9/5a3/p1p5p/4C4/2P6/n5P1P/4BRNr1/4A4/4KA3 w,0.28377923,5451
2bak1b2/9/5a3/p1p5p/4C4/2P3P2/n7P/4BRNr1/4A4/4KA3 b,-0.20772846,6343
2bak1b2/9/5a3/p1p5p/4C4/2P3P2/8P/2n1BRNr1/4A4/4KA3 w,0.39221087,6260
2bak1b2/9/5a3/p1p5p/4C4/2P2NP2/8P/2n1BR1r1/4A4/4KA3 b,-0.42544183,6368
2bak1b2/9/5a3/p1p5p/4C4/2P2NP2/8P/2n1Br3/4A4/4KA3 w,0.46202224,6908
2bak1b2/9/5a3/p1p5p/4C4/2P2NP2/8P/2n1BA3/9/4KA3 b,-0.6687077,5898
2bak1b2/9/5a3/p1p5p/4C4/2Pn1NP2/8P/4BA3/9/4KA3 w,0.67681956,4632
2bak1b2/9/5a3/p1p5p/9/2PnCNP2/8P/4BA3/9/4KA3 b,-0.626705,365
2ba1kb2/9/5a3/p1p5p/9/2PnCNP2/8P/4BA3/9/4KA3 w,0.6479925,6113
2ba1kb2/9/5a3/p1p5p/9/2PnCNP2/8P/5A3/9/4KAB2 b,-0.6437786,3194
3a1kb2/9/4ba3/p1p5p/9/2PnCNP2/8P/5A3/9/4KAB2 w,0.66049445,4533
3a1kb2/9/4ba3/p1p3N1p/9/2PnC1P2/8P/5A3/9/4KAB2 b,-0.63528436,283
3a1kb2/4a4/4b4/p1p3N1p/9/2PnC1P2/8P/5A3/9/4KAB2 w,0.67681956,2986
3a1kb2/4a2N1/4b4/p1p5p/9/2PnC1P2/8P/5A3/9/4KAB2 b,-0.708185,464
3ak1b2/4a2N1/4b4/p1p5p/9/2PnC1P2/8P/5A3/9/4KAB2 w,0.7231781,1463
3ak1b2/4a2N1/4b4/p1p5p/6P2/2PnC4/8P/5A3/9/4KAB2 b,-0.7304937,4351
3ak1b2/4a2N1/4b4/p1p1n3p/6P2/2P1C4/8P/5A3/9/4KAB2 w,0.7482402,3821
3ak1b2/4a2N1/4b4/p1p1n3p/5P3/2P1C4/8P/5A3/9/4KAB2 b,-0.62238485,2814
3ak1b2/4a2N1/4b4/p1p5p/5P3/2P1Cn3/8P/5A3/9/4KAB2 w,0.9974563,4441
3ak1b2/4a4/4bN3/p1p5p/5P3/2P1Cn3/8P/5A3/9/4KAB2 b,-0.9901288,365
3a1kb2/4a4/4bN3/p1p5p/5P3/2P1Cn3/8P/5A3/9/4KAB2 w,0.9988882,2086
3a1kb2/4a4/4b4/p1p4Np/5P3/2P1Cn3/8P/5A3/9/4KAB2 b,-0.6395424,2466
3a1kb2/4a4/4b4/p1p4Np/5P3/2P1C4/7nP/5A3/9/4KAB2 w,0.66461354,4486
3a1kb2/4a4/4b4/p1p4Np/5P3/2P1C4/7nP/5A3/9/3K1AB2 b,-0.62238485,2648
3a1kb2/4a4/4b4/p6Np/2p2P3/2P1C4/7nP/5A3/9/3K1AB2 w,0.66461354,4268
3a1kb2/4a4/4b4/p6Np/2P2P3/4C4/7nP/5A3/9/3K1AB2 b,-0.7632614,2018
3a1kb2/4a4/9/p6Np/2b2P3/4C4/7nP/5A3/9/3K1AB2 w,0.7002079,4450
3a1kb2/4a4/9/p3C2Np/2b2P3/9/7nP/5A3/9/3K1AB2 b,-0.65714467,3194
3a1kb2/4a4/9/p3C2Np/2b2P3/9/8P/5n3/9/3K1AB2 w,0.7926201,2825
3a1kb2/4a4/9/p6NC/2b2P3/9/8P/5n3/9/3K1AB2 b,-0.816957,562
3a1kb2/4a4/9/p6NC/2b2P3/9/8P/9/9/3K1An2 w,0.9520323,3177
3a1kb2/4a4/9/p6N1/2b2P3/8C/8P/9/9/3K1An2 b,-0.97391784,1191
3ak1b2/4a4/9/p6N1/2b2P3/8C/8P/9/9/3K1An2 w,1,3722
3ak1b2/4a4/9/p6N1/2b2P3/5C3/8P/9/9/3K1An2 b,-0.97391784,1191
3akab2/9/9/p6N1/2b2P3/5C3/8P/9/9/3K1An2 w,0.97764456,3722
3akab2/6N2/9/p8/2b2P3/5C3/8P/9/9/3K1An2 b,-1,373
3a1ab2/4k1N2/9/p8/2b2P3/5C3/8P/9/9/3K1An2 w,1,4552
3a1Cb2/4k1N2/9/p8/2b2P3/9/8P/9/9/3K1An2 b,-0.023281517,1184
3a1Cb2/5kN2/9/p8/2b2P3/9/8P/9/9/3K1An2 w,0.045464125,454
3aC1b2/5kN2/9/p8/2b2P3/9/8P/9/9/3K1An2 b,-0.013676688,3442
3aC1b2/4k1N2/9/p8/2b2P3/9/8P/9/9/3K1An2 w,0.33254012,3722
3aC1b2/4k1N2/9/p4P3/2b6/9/8P/9/9/3K1An2 b,-0.4095927,7910
3aC1b2/4k1N2/9/p4P3/2b6/9/8P/9/8n/3K1A3 w,0.17228228,5633
3aC1b2/4k1N2/9/p4P3/2b6/8P/9/9/8n/3K1A3 b,-0.13348271,7261
3aC1b2/4k1N2/9/p4P3/2b6/8P/7n1/9/9/3K1A3 w,0.20442607,2911
3aC1b2/4k1N2/9/p4P3/2b6/8P/7n1/9/4A4/3K5 b,-0.67873126,5532
3aC4/4k1N2/8b/p4P3/2b6/8P/7n1/9/4A4/3K5 w,0.9999998,367
3a3C1/4k1N2/8b/p4P3/2b6/8P/7n1/9/4A4/3K5 b,-0.99901104,1184
3a3C1/5kN2/8b/p4P3/2b6/8P/7n1/9/4A4/3K5 w,0.99835145,646
3a3C1/5k3/8N/p4P3/2b6/8P/7n1/9/4A4/3K5 b,-0.9999702,5532
3a3C1/5k3/8N/p4P3/2b6/5n2P/9/9/4A4/3K5 w,0.99997455,4814
3a5/5k3/8N/p4P1C1/2b6/5n2P/9/9/4A4/3K5 b,-0.99995416,2466
3a5/5k3/8N/5P1C1/p1b6/5n2P/9/9/4A4/3K5 w,0.9999524,3148
3a5/5k3/9/5PNC1/p1b6/5n2P/9/9/4A4/3K5 b,-0.9946025,4533
3a5/5k3/9/5PnC1/p1b6/8P/9/9/4A4/3K5 w,1,2913
3a5/5k3/9/6PC1/p1b6/8P/9/9/4A4/3K5 b,-1,3285
3a5/5k3/9/6PC1/2b6/p7P/9/9/4A4/3K5 w,1,3002
3a5/5k3/9/6P2/2b6/p6CP/9/9/4A4/3K5 b,-1,4104
3a5/5k3/9/6P2/2b6/7CP/p8/9/4A4/3K5 w,1,4730
3a5/5k3/9/6P2/2b5P/7C1/p8/9/4A4/3K5 b,-1,1265
3a5/5k3/9/6P2/2b5P/7C1/1p7/9/4A4/3K5 w,1,4003
3a5/5k3/6P2/9/2b5P/7C1/1p7/9/4A4/3K5 b,-1,5006
9/4ak3/6P2/9/2b5P/7C1/1p7/9/4A4/3K5 w,1,4714
9/4ak3/6P2/9/2b5P/5C3/1p7/9/4A4/3K5 b,-1,1265
5k3/4a4/6P2/9/2b5P/5C3/1p7/9/4A4/3K5 w,1,7635
5k3/4a4/6P2/9/2b4P1/5C3/1p7/9/4A4/3K5 b,-1,5006
4k4/4a4/6P2/9/2b4P1/5C3/1p7/9/4A4/3K5 w,1,7635
4k4/4a4/6P2/9/2b4P1/4C4/1p7/9/4A4/3K5 b,-1,1191
4ka3/9/6P2/9/2b4P1/4C4/1p7/9/4A4/3K5 w,1,3912
4ka3/9/6P2/7P1/2b6/4C4/1p7/9/4A4/3K5 b,-1,5006
4ka3/9/6P2/7P1/2b6/4C4/2p6/9/4A4/3K5 w,1,4450
4ka3/9/6P2/6P2/2b6/4C4/2p6/9/4A4/3K5 b,-1,5097
4ka3/9/6P2/6P2/2b6/4C4/3p5/9/4A4/3K5 w,1,3002
4ka3/9/5P3/6P2/2b6/4C4/3p5/9/4A4/3K5 b,-1,363
3k1a3/9/5P3/6P2/2b6/4C4/3p5/9/4A4/3K5 w,1,3002
3k1a3/9/5P3/6P2/2b6/4C4/3p5/9/4A4/4K4 b,-1,5188
3k5/4a4/5P3/6P2/2b6/4C4/3p5/9/4A4/4K4 w,1,2084
3k5/4aP3/9/6P2/2b6/4C4/3p5/9/4A4/4K4 b,-1,282
9/3kaP3/9/6P2/2b6/4C4/3p5/9/4A4/4K4 w,1,3002
9/3kaP3/9/5P3/2b6/4C4/3p5/9/4A4/4K4 b,-1,1175
9/3kaP3/9/5P3/2b6/4C4/4p4/9/4A4/4K4 w,1,2911
9/3kaP3/9/4P4/2b6/4C4/4p4/9/4A4/4K4 b,-1,1193
9/3k1P3/3a5/4P4/2b6/4C4/4p4/9/4A4/4K4 w,1,4458
9/3k1P3/3a5/4P4/2b6/4C4/4p4/9/4A4/3K5 b,-1,1083
9/3k1P3/3a5/4P4/2b6/4C4/3p5/9/4A4/3K5 w,1,4458
9/3k1P3/3a5/4P4/2b6/3C5/3p5/9/4A4/3K5 b,-1,1903
9/3kaP3/9/4P4/2b6/3C5/3p5/9/4A4/3K5 w,1,2820
9/3kaP3/9/4P4/2bC5/9/3p5/9/4A4/3K5 b,-1,1101
9/3kaP3/b8/4P4/3C5/9/3p5/9/4A4/3K5 w,1,2820
9/3kaP3/b3P4/9/3C5/9/3p5/9/4A4/3K5 b,-1,1175
3a5/3k1P3/b3P4/9/3C5/9/3p5/9/4A4/3K5 w,1,3554
3a5/3k1P3/b3P4/9/6C2/9/3p5/9/4A4/3K5 b,-1,5196
9/3kaP3/b3P4/9/6C2/9/3p5/9/4A4/3K5 w,1,1273
9/3kP4/b3P4/9/6C2/9/3p5/9/4A4/3K5 b,-1,1083
3k5/4P4/b3P4/9/6C2/9/3p5/9/4A4/3K5 w,1,2001
3k5/4P4/b2P5/9/6C2/9/3p5/9/4A4/3K5 b,-1,5188
2bk5/4P4/3P5/9/6C2/9/3p5/9/4A4/3K5 w,1,1902
rnbakabnr/9/1c5c1/p1p1p1p1p/9/9/P1P1P1P1P/1C5C1/9/RNBAKABNR w,0.014449762,5087
rnbakabnr/9/1c5c1/p1p1p1p1p/9/9/P1P1P1P1P/4C2C1/9/RNBAKABNR b,-0.012932254,110
r1bakabnr/9/1cn4c1/p1p1p1p1p/9/9/P1P1P1P1P/4C2C1/9/RNBAKABNR w,0.011422182,7445
r1bakabnr/9/1cn4c1/p1p1p1p1p/9/9/P1P1P1P1P/2N1C2C1/9/R1BAKABNR b,-0.012428113,3012
r1baka1nr/9/1cn1b2c1/p1p1p1p1p/9/9/P1P1P1P1P/2N1C2C1/9/R1BAKABNR w,0.028042147,7372
r1baka1nr/9/1cn1b2c1/p1p1p1p1p/9/9/P1P1P1P1P/2N1C2C1/9/1RBAKABNR b,-0.02165522,1
1rbaka1nr/9/1cn1b2c1/p1p1p1p1p/9/9/P1P1P1P1P/2N1C2C1/9/1RBAKABNR w,0.018024392,5087
1rbaka1nr/9/1cn1b2c1/p1p1p1p1p/9/9/P1P1P1P1P/2N1CC3/9/1RBAKABNR b,-0.012428113,2648
1rbaka2r/9/1cn1b1nc1/p1p1p1p1p/9/9/P1P1P1P1P/2N1CC3/9/1RBAKABNR w,0.019055555,5451
1rbaka2r/9/1cn1b1nc1/p1p1p1p1p/9/9/P1P1P1P1P/2N1CCN2/9/1RBAKAB1R b,-0.017510546,1765
1rbaka2r/9/1cn1b1nc1/p1p1p3p/6p2/9/P1P1P1P1P/2N1CCN2/9/1RBAKAB1R w,0.019572936,8098
1rbaka2r/9/1cn1b1nc1/p1p1p3p/6p2/9/P1P1P1P1P/2N1CCN2/9/1RBAKABR1 b,-0.014449762,727
1rbaka1r1/9/1cn1b1nc1/p1p1p3p/6p2/9/P1P1P1P1P/2N1CCN2/9/1RBAKABR1 w,0.016997816,7408
1rbaka1r1/9/1cn1b1nc1/p1p1p3p/6p2/2P6/P3P1P1P/2N1CCN2/9/1RBAKABR1 b,-0.008420906,1765
1rbaka1r1/9/2n1b1nc1/p1p1p3p/6p2/2P6/Pc2P1P1P/2N1CCN2/9/1RBAKABR1 w,0.012932254,7954
1rbaka1r1/9/2n1b1nc1/p1p1p3p/6p2/2PN5/Pc2P1P1P/4CCN2/9/1RBAKABR1 b,0.0014816026,2311
1rbaka1r1/9/2n1b1n2/p1p1p3p/6p2/2PN5/Pc2P1PcP/4CCN2/9/1RBAKABR1 w,-0.011924766,7816
1rbaka1r1/9/2n1bCn2/p1p1p3p/6p2/2PN5/Pc2P1PcP/4C1N2/9/1RBAKABR1 b,0.02535331,5548
1rbakabr1/9/2n2Cn2/p1p1p3p/6p2/2PN5/Pc2P1PcP/4C1N2/9/1RBAKABR1 w,0.04585602,6061
1rbakabr1/9/2n2Cn2/p1p1N3p/6p2/2P6/Pc2P1PcP/4C1N2/9/1RBAKABR1 b,-0.025618432,1831
1rbakabr1/9/5Cn2/p1p1n3p/6p2/2P6/Pc2P1PcP/4C1N2/9/1RBAKABR1 w,0.007799667,6061
1rbakabr1/9/5Cn2/p1p1C3p/6p2/2P6/Pc2P1PcP/6N2/9/1RBAKABR1 b,-0.014534511,109
2bakabr1/9/1r3Cn2/p1p1C3p/6p2/2P6/Pc2P1PcP/6N2/9/1RBAKABR1 w,-0.00084206735,2839
2bakabr1/9/1r3Cn2/p1p5p/4C1p2/2P6/Pc2P1PcP/6N2/9/1RBAKABR1 b,-0.0012631848,1733
2bakabr1/9/5rn2/p1p5p/4C1p2/2P6/Pc2P1PcP/6N2/9/1RBAKABR1 w,0.0019109191,7435
2bakabr1/9/5rn2/p1p5p/4C1p2/2P6/PR2P1PcP/6N2/9/2BAKABR1 b,-0.0037716855,2111
2bakabr1/9/6n2/p1p5p/4Crp2/2P6/PR2P1PcP/6N2/9/2BAKABR1 w,0.0065389182,3649
2bakabr1/9/6n2/p1p5p/5rp2/2P1C4/PR2P1PcP/6N2/9/2BAKABR1 b,-0.0010268611,3831
2bakabr1/9/6n2/p1p5p/5r3/2P1C1p2/PR2P1PcP/6N2/9/2BAKABR1 w,0.014398729,4969
2bakabr1/9/6n2/p1p5p/5r3/2P1C1p2/PR2P1PcP/9/8N/2BAKABR1 b,0.011484877,5542
2bakabr1/9/6n2/p1p5p/5r3/2P1C1p2/PR2P1P1P/9/7cN/2BAKABR1 w,0.05481633,5451
2bakabr1/9/6n2/p1p5p/5r3/2P1C1p2/PR2P1P1P/4B4/7cN/2BAKA1R1 b,0.02580018,4640
2bakabr1/9/6n2/p1p5p/5r3/2P1C4/PR2P1p1P/4B4/7cN/2BAKA1R1 w,0.08727873,4969
2bakabr1/9/1R4n2/p1p5p/5r3/2P1C4/P3P1p1P/4B4/7cN/2BAKA1R1 b,-0.08136801,7185
2bakabr1/8n/1R7/p1p5p/5r3/2P1C4/P3P1p1P/4B4/7cN/2BAKA1R1 w,0.6995374,1732
2bakabr1/8n/3R5/p1p5p/5r3/2P1C4/P3P1p1P/4B4/7cN/2BAKA1R1 b,-0.04786238,373
2bakabr1/8n/3R5/p1p5p/9/2P1C4/P3P1p1P/4B4/5r1cN/2BAKA1R1 w,0.71643937,1912
2bakabr1/8n/3R5/p1p5p/9/2P1C4/P3P1p1P/4B4/4Ar1cN/2B1KA1R1 b,-0.010870536,664
2bakabr1/8n/3R5/p1p5p/9/2P1C4/P3P3P/4B1p2/4Ar1cN/2B1KA1R1 w,0.64090973,1912
2bakabr1/8n/3R5/p1p5p/9/2P1C4/P3P3P/4B1p2/4Ar1cN/2BK1A1R1 b,-0.09170139,700
2bakab2/8n/3R5/p1p5p/7r1/2P1C4/P3P3P/4B1p2/4Ar1cN/2BK1A1R1 w,0.46591055,1912
2bRkab2/8n/9/p1p5p/7r1/2P1C4/P3P3P/4B1p2/4Ar1cN/2BK1A1R1 b,-0.072908565,373
2bR1ab2/4k3n/9/p1p5p/7r1/2P1C4/P3P3P/4B1p2/4Ar1cN/2BK1A1R1 w,0.049206544,282
2b2ab2/3Rk3n/9/p1p5p/7r1/2P1C4/P3P3P/4B1p2/4Ar1cN/2BK1A1R1 b,-0.06775697,1174
2b1kab2/3R4n/9/p1p5p/7r1/2P1C4/P3P3P/4B1p2/4Ar1cN/2BK1A1R1 w,0.05270734,1110
2b1kab2/8R/9/p1p5p/7r1/2P1C4/P3P3P/4B1p2/4Ar1cN/2BK1A1R1 b,-0.030074783,3909
2b1kab2/8R/9/p1p5p/3r5/2P1C4/P3P3P/4B1p2/4Ar1cN/2BK1A1R1 w,0.01720897,7645
2b1kab2/8R/9/p1p5p/3r5/2P1C4/P3P3P/4B1p2/4Ar1cN/2B1KA1R1 b,0.008832146,7186
2bk1ab2/8R/9/p1p5p/3r5/2P1C4/P3P3P/4B1p2/4Ar1cN/2B1KA1R1 w,0.010915976,1541
2bk1ab2/6R2/9/p1p5p/3r5/2P1C4/P3P3P/4B1p2/4Ar1cN/2B1KA1R1 b,0.042422503,3585
3k1ab2/6R2/4b4/p1p5p/3r5/2P1C4/P3P3P/4B1p2/4Ar1cN/2B1KA1R1 w,0.010615164,4268
3k1ab2/9/4b4/p1p5p/3r5/2P1C4/P3P3P/4B1R2/4Ar1cN/2B1KA1R1 b,-0.019061916,7186
3k1ab2/9/4b4/p1p5p/9/2P1C4/P3P3P/4B1R2/3rAr1cN/2B1KA1R1 w,0.30395925,6278
3k1ab2/9/4b4/p1p5p/9/2P1C4/P3P3P/4BR3/3rAr1cN/2B1KA1R1 b,-0.3781146,6998
3k1ab2/9/4b4/p1p5p/9/2P1C4/P3P3P/4Br3/3rA2cN/2B1KA1R1 w,0.3554165,6908
3k1ab2/9/4b4/p1p5p/9/2P1C4/P3P3P/4BA3/3r3cN/2B1KA1R1 b,-0.3652622,6834
3k1ab2/9/4b4/p1p5p/9/2P1C4/P3P3P/4BA3/7cN/2BrKA1R1 w,0.30792573,7726
3k1ab2/9/4b4/p1p5p/9/2P1C4/P3P3P/4BA3/4K2cN/2Br1A1R1 b,-0.30272904,7617
3k1ab2/9/4b4/p1p5p/9/2P1C4/P3P3P/4BA3/3rK2cN/2B2A1R1 w,0.31581247,6925
3k1ab2/9/4b4/p1p5p/9/2P1C4/P3P3P/4BA3/3r3cN/2B1KA1R1 b,-0.3652622,6834
3k1ab2/9/4b4/p1p5p/9/2P1C4/P3P3P/4BA3/3r2c1N/2B1KA1R1 w,0.5635759,6196
3k1ab2/9/4b4/p1p4Rp/9/2P1C4/P3P3P/4BA3/3r2c1N/2B1KA3 b,-0.38826495,6834
3k1ab2/9/4b4/p1p4Rp/9/2P1C4/P3P1c1P/4BA3/3r4N/2B1KA3 w,0.48127043,7269
3k1ab2/9/4b4/p1p4Rp/9/2P1C4/P3P1c1P/4B4/3rA3N/2B1KA3 b,-0.4417262,5454
3k1ab2/9/4b4/p1p4Rp/9/2P1C4/c3P3P/4B4/3rA3N/2B1KA3 w,0.37257805,7533
3k1ab2/9/4b4/p1p4Rp/9/2P1C4/c3P3P/B3B4/3rA3N/4KA3 b,-0.53973705,2648
3k1ab2/9/4b4/2p4Rp/p8/2P1C4/c3P3P/B3B4/3rA3N/4KA3 w,0.6002966,3089
3k1ab2/9/4b4/2p4Rp/p8/2P1C4/c3P3P/B3B1N2/3rA4/4KA3 b,-0.53973705,2648
3k1ab2/9/4b4/2p4Rp/p8/c1P1C4/4P3P/B3B1N2/3rA4/4KA3 w,0.58236194,6262
3k1ab2/9/4b4/2p4Rp/p8/c1P1CN3/4P3P/B3B4/3rA4/4KA3 b,-0.5611624,4099
3k1ab2/9/4b4/2p4Rp/p8/2P1cN3/4P3P/B3B4/3rA4/4KA3 w,0.57628685,5269
3k1ab2/9/4b4/2p4Rp/p8/2P1PN3/8P/B3B4/3rA4/4KA3 b,-0.6414143,463
4kab2/9/4b4/2p4Rp/p8/2P1PN3/8P/B3B4/3rA4/4KA3 w,0.7094877,4543
4kab2/9/4b4/2R5p/p8/2P1PN3/8P/B3B4/3rA4/4KA3 b,-0.66127896,6798
4kab2/9/4b4/2R5p/p8/2P1PN3/8P/B3B4/1r2A4/4KA3 w,0.7637302,4450
4kab2/9/4b4/2R5p/p6N1/2P1P4/8P/B3B4/1r2A4/4KA3 b,-0.750486,6652
4kab2/9/4b4/2R5p/p6N1/2P1P4/8P/B3B4/4A4/1r2KA3 w,0.73675525,6113
4kab2/9/4b4/2R5p/p6N1/2P1P4/8P/4B4/4A4/1rB1KA3 b,-0.716735,7463
4kab2/9/4b4/2R5p/pr5N1/2P1P4/8P/4B4/4A4/2B1KA3 w,0.80730045,3902
4kab2/9/4b4/2R2N2p/pr7/2P1P4/8P/4B4/4A4/2B1KA3 b,-0.8518915,3371
4kab2/9/4b4/2R2N2p/p4r3/2P1P4/8P/4B4/4A4/2B1KA3 w,0.816107,2895
4kab2/9/3Nb4/2R5p/p4r3/2P1P4/8P/4B4/4A4/2B1KA3 b,-0.793495,363
3k1ab2/9/3Nb4/2R5p/p4r3/2P1P4/8P/4B4/4A4/2B1KA3 w,0.79584575,2644
3k1ab2/9/3Nb4/3R4p/p4r3/2P1P4/8P/4B4/4A4/2B1KA3 b,-0.750486,3722
3k2b2/4a4/3Nb4/3R4p/p4r3/2P1P4/8P/4B4/4A4/2B1KA3 w,0.89322275,1918
3k2b2/4a4/4b4/1N1R4p/p4r3/2P1P4/8P/4B4/4A4/2B1KA3 b,-0.8861553,274
4k1b2/4a4/4b4/1N1R4p/p4r3/2P1P4/8P/4B4/4A4/2B1KA3 w,0.8444721,4450
4k1b2/2N1a4/4b4/3R4p/p4r3/2P1P4/8P/4B4/4A4/2B1KA3 b,-0.85370004,365
5kb2/2N1a4/4b4/3R4p/p4r3/2P1P4/8P/4B4/4A4/2B1KA3 w,0.8675164,2735
5kb2/2N1a4/4b4/3R4p/p3Pr3/2P6/8P/4B4/4A4/2B1KA3 b,-0.8607518,3776
5kb2/2N1a4/4b4/3R4p/p3P4/2P6/5r2P/4B4/4A4/2B1KA3 w,0.90372753,2735
5kb2/2N1a4/4b4/3RP3p/p8/2P6/5r2P/4B4/4A4/2B1KA3 b,-0.8846938,1982
2b2kb2/2N1a4/9/3RP3p/p8/2P6/5r2P/4B4/4A4/2B1KA3 w,0.88760066,2739
2b2kb2/2N1a4/9/4P3p/p2R5/2P6/5r2P/4B4/4A4/2B1KA3 b,-0.8500645,562
2b2kb2/2N1ar3/9/4P3p/p2R5/2P6/8P/4B4/4A4/2B1KA3 w,0.9279953,4268
2b2kb2/2N1ar3/9/4P3p/p5R2/2P6/8P/4B4/4A4/2B1KA3 b,-0.8675164,566
2b2k3/2N1ar3/8b/4P3p/p5R2/2P6/8P/4B4/4A4/2B1KA3 w,0.87079304,3823
2b2k3/2N1ar3/6R1b/4P3p/p8/2P6/8P/4B4/4A4/2B1KA3 b,-0.7637302,1283
2b2k3/2N1a4/5rR1b/4P3p/p8/2P6/8P/4B4/4A4/2B1KA3 w,0.80953175,2238
2b2k3/2N1a1R2/5r2b/4P3p/p8/2P6/8P/4B4/4A4/2B1KA3 b,-0.8387107,2090
2b2k3/2N1arR2/8b/4P3p/p8/2P6/8P/4B4/4A4/2B1KA3 w,0.880211,1437
2b2k3/2N1aR3/8b/4P3p/p8/2P6/8P/4B4/4A4/2B1KA3 b,-0.66049445,464
2b6/2N1ak3/8b/4P3p/p8/2P6/8P/4B4/4A4/2B1KA3 w,0.98620176,4268
2b6/4ak3/8b/3NP3p/p8/2P6/8P/4B4/4A4/2B1KA3 b,-0.97358835,2382
2b6/4ak3/8b/3NP3p/9/p1P6/8P/4B4/4A4/2B1KA3 w,0.99436015,4268
2b6/4ak3/8b/3NP3p/2P6/p8/8P/4B4/4A4/2B1KA3 b,-0.9923946,3194
2b6/4ak3/8b/3NP3p/2P6/1p7/8P/4B4/4A4/2B1KA3 w,0.99452645,5633
2b6/4ak3/8b/3N1P2p/2P6/1p7/8P/4B4/4A4/2B1KA3 b,-0.99005204,3194
2b6/4ak3/8b/3N1P2p/2P6/9/1p6P/4B4/4A4/2B1KA3 w,0.9973344,5633
2b6/4ak3/8b/3N1P2p/3P5/9/1p6P/4B4/4A4/2B1KA3 b,-0.9884552,3194
2b6/4ak3/8b/3N1P3/3P4p/9/1p6P/4B4/4A4/2B1KA3 w,0.9884552,2913
2b6/4ak3/8b/3N1P3/4P3p/9/1p6P/4B4/4A4/2B1KA3 b,-0.9866054,5006
2b6/5k3/3a4b/3N1P3/4P3p/9/1p6P/4B4/4A4/2B1KA3 w,0.99062777,6081
2b6/5k3/3a1P2b/3N5/4P3p/9/1p6P/4B4/4A4/2B1KA3 b,-0.9866054,1265
2b6/4k4/3a1P2b/3N5/4P3p/9/1p6P/4B4/4A4/2B1KA3 w,0.9991743,2719
2b6/4k4/3a1P2b/3NP4/8p/9/1p6P/4B4/4A4/2B1KA3 b,-0.9992679,1174
2b1k4/9/3a1P2b/3NP4/8p/9/1p6P/4B4/4A4/2B1KA3 w,0.99885064,2719
2b1k4/9/1N1a1P2b/4P4/8p/9/1p6P/4B4/4A4/2B1KA3 b,-0.9986642,1903
2b1k4/4a4/1N3P2b/4P4/8p/9/1p6P/4B4/4A4/2B1KA3 w,0.9985382,2084
2b1k4/4aP3/1N6b/4P4/8p/9/1p6P/4B4/4A4/2B1KA3 b,-0.99894977,1175
4k4/4aP3/bN6b/4P4/8p/9/1p6P/4B4/4A4/2B1KA3 w,0.999987,1710
N3k4/4aP3/b7b/4P4/8p/9/1p6P/4B4/4A4/2B1KA3 b,-1,4013
N3ka3/5P3/b7b/4P4/8p/9/1p6P/4B4/4A4/2B1KA3 w,1,7734
4ka3/2N2P3/b7b/4P4/8p/9/1p6P/4B4/4A4/2B1KA3 b,-1,363
3k1a3/2N2P3/b7b/4P4/8p/9/1p6P/4B4/4A4/2B1KA3 w,0.99999547,1012
3k1a3/5P3/N7b/4P4/8p/9/1p6P/4B4/4A4/2B1KA3 b,-1,5014
3k1a3/5P3/N7b/4P4/8p/9/2p5P/4B4/4A4/2B1KA3 w,1,1621
3k1P3/9/N7b/4P4/8p/9/2p5P/4B4/4A4/2B1KA3 b,-1,2346
5P3/3k5/N7b/4P4/8p/9/2p5P/4B4/4A4/2B1KA3 w,1,2812
5P3/3k5/8b/2N1P4/8p/9/2p5P/4B4/4A4/2B1KA3 b,-1,1093
5P3/4k4/8b/2N1P4/8p/9/2p5P/4B4/4A4/2B1KA3 w,1,2812
5P3/4k4/4P3b/2N6/8p/9/2p5P/4B4/4A4/2B1KA3 b,-1,1184
5P3/5k3/4P3b/2N6/8p/9/2p5P/4B4/4A4/2B1KA3 w,1,2650
5P3/3N1k3/4P3b/9/8p/9/2p5P/4B4/4A4/2B1KA3 b,-1,5097
5P3/3N1k3/4P4/9/6b1p/9/2p5P/4B4/4A4/2B1KA3 w,1,2003
5P3/3N1k3/5P3/9/6b1p/9/2p5P/4B4/4A4/2B1KA3 b,-1,1273
5P3/3Nk4/5P3/9/6b1p/9/2p5P/4B4/4A4/2B1KA3 w,1,1111
5P3/4k4/5P3/4N4/6b1p/9/2p5P/4B4/4A4/2B1KA3 b,-1,5097
5P3/4k4/5P2b/4N4/8p/9/2p5P/4B4/4A4/2B1KA3 w,1,7734
5P3/4k4/2N2P2b/9/8p/9/2p5P/4B4/4A4/2B1KA3 b,-0.99999994,1182
5P3/3k5/2N2P2b/9/8p/9/2p5P/4B4/4A4/2B1KA3 w,1,2092
5P3/3k5/5P2b/9/1N6p/9/2p5P/4B4/4A4/2B1KA3 b,-0.9999993,5097
5P3/3k5/5P2b/9/1N6p/9/8P/2p1B4/4A4/2B1KA3 w,1,3350
5P3/3k5/5P2b/3N5/8p/9/8P/2p1B4/4A4/2B1KA3 b,-1,1101
5P3/3k5/5P2b/3N5/8p/9/8P/4B4/2p1A4/2B1KA3 w,1,2092
5P3/3k5/1N3P2b/9/8p/9/8P/4B4/2p1A4/2B1KA3 b,-1,1083
5P3/9/1N1k1P2b/9/8p/9/8P/4B4/2p1A4/2B1KA3 w,1,1712
2N2P3/9/3k1P2b/9/8p/9/8P/4B4/2p1A4/2B1KA3 b,-1,1902
2N2P3/3k5/5P2b/9/8p/9/8P/4B4/2p1A4/2B1KA3 w,1,2084
2N2P3/3k5/4P3b/9/8p/9/8P/4B4/2p1A4/2B1KA3 b,-1,1083
2Nk1P3/9/4P3b/9/8p/9/8P/4B4/2p1A4/2B1KA3 w,1,1993
2Nk1P3/9/3P4b/9/8p/9/8P/4B4/2p1A4/2B1KA3 b,-1,6743
2Nk1P3/9/3P4b/9/8p/9/8P/4B4/3pA4/2B1KA3 w,1,199
3k1P3/9/1N1P4b/9/8p/9/8P/4B4/3pA4/2B1KA3 b,-1,6826
3k1P3/9/1N1P5/9/6b1p/9/8P/4B4/3pA4/2B1KA3 w,1,1902
rnbakabnr/9/1c5c1/p1p1p1p1p/9/9/P1P1P1P1P/1C5C1/9/RNBAKABNR w,0.014449762,5087
rnbakabnr/9/1c5c1/p1p1p1p1p/9/9/P1P1P1P1P/4C2C1/9/RNBAKABNR b,-0.012932254,110
r1bakabnr/9/1cn4c1/p1p1p1p1p/9/9/P1P1P1P1P/4C2C1/9/RNBAKABNR w,0.011422182,7445
r1bakabnr/9/1cn4c1/p1p1p1p1p/9/9/P1P1P1P1P/2N1C2C1/9/R1BAKABNR b,-0.012428113,3012
r1baka1nr/9/1cn1b2c1/p1p1p1p1p/9/9/P1P1P1P1P/2N1C2C1/9/R1BAKABNR w,0.028042147,7372
r1baka1nr/9/1cn1b2c1/p1p1p1p1p/9/9/P1P1P1P1P/2N1C2C1/9/1RBAKABNR b,-0.02165522,1
1rbaka1nr/9/1cn1b2c1/p1p1p1p1p/9/9/P1P1P1P1P/2N1C2C1/9/1RBAKABNR w,0.018024392,5087
1rbaka1nr/9/1cn1b2c1/p1p1p1p1p/9/9/P1P1P1P1P/2N1CC3/9/1RBAKABNR b,-0.012428113,2648
1rbaka2r/9/1cn1b1nc1/p1p1p1p1p/9/9/P1P1P1P1P/2N1CC3/9/1RBAKABNR w,0.019055555,5451
1rbaka2r/9/1cn1b1nc1/p1p1p1p1p/9/9/P1P1P1P1P/2N1CCN2/9/1RBAKAB1R b,-0.017510546,1765
1rbaka2r/9/1cn1b1nc1/p1p1p3p/6p2/9/P1P1P1P1P/2N1CCN2/9/1RBAKAB1R w,0.019572936,8098
1rbaka2r/9/1cn1b1nc1/p1p1p3p/6p2/9/P1P1P1P1P/2N1CCN2/9/1RBAKABR1 b,-0.014449762,727
1rbaka1r1/9/1cn1b1nc1/p1p1p3p/6p2/9/P1P1P1P1P/2N1CCN2/9/1RBAKABR1 w,0.016997816,7408
1rbaka1r1/9/1cn1b1nc1/p1p1p3p/6p2/2P6/P3P1P1P/2N1CCN2/9/1RBAKABR1 b,-0.008420906,1765
1rbaka1r1/9/2n1b1nc1/p1p1p3p/6p2/2P6/Pc2P1P1P/2N1CCN2/9/1RBAKABR1 w,0.012932254,7954
1rbaka1r1/9/2n1b1nc1/p1p1p3p/6p2/2PN5/Pc2P1P1P/4CCN2/9/1RBAKABR1 b,0.0014816026,2311
1rbaka1r1/9/2n1b1n2/p1p1p3p/6p2/2PN5/Pc2P1PcP/4CCN2/9/1RBAKABR1 w,-0.011924766,7816
1rbaka1r1/9/2n1bCn2/p1p1p3p/6p2/2PN5/Pc2P1PcP/4C1N2/9/1RBAKABR1 b,0.02535331,5548
1rbakabr1/9/2n2Cn2/p1p1p3p/6p2/2PN5/Pc2P1PcP/4C1N2/9/1RBAKABR1 w,0.04585602,6061
1rbakabr1/9/2n2Cn2/p1p1N3p/6p2/2P6/Pc2P1PcP/4C1N2/9/1RBAKABR1 b,-0.025618432,1831
1rbakabr1/9/5Cn2/p1p1n3p/6p2/2P6/Pc2P1PcP/4C1N2/9/1RBAKABR1 w,0.007799667,6061
1rbakabr1/9/5Cn2/p1p1C3p/6p2/2P6/Pc2P1PcP/6N2/9/1RBAKABR1 b,-0.014534511,109
2bakabr1/9/1r3Cn2/p1p1C3p/6p2/2P6/Pc2P1PcP/6N2/9/1RBAKABR1 w,-0.00084206735,2839
2bakabr1/9/1r3Cn2/p1p5p/6p2/2P1C4/Pc2P1PcP/6N2/9/1RBAKABR1 b,-0.019456778,1733
2bakabr1/9/5rn2/p1p5p/6p2/2P1C4/Pc2P1PcP/6N2/9/1RBAKABR1 w,0,7435
2bakabr1/9/5rn2/p1p5p/6p2/2P1C4/PR2P1PcP/6N2/9/2BAKABR1 b,0.0010268611,3831
2bakabr1/9/6n2/p1p5p/6p2/2P1C4/PR2P1PcP/5rN2/9/2BAKABR1 w,0.091511466,4969
2bakabr1/9/6n2/p1p5p/6p2/2P1C4/PR2P1PcP/5r3/8N/2BAKABR1 b,-0.023718612,5542
2bakabr1/9/6n2/p1p5p/6p2/2P1C4/PR2P1P1P/5r3/7cN/2BAKABR1 w,0.05298353,4969
2bakabr1/9/6n2/p1p5p/6p2/2P1C4/PR2P1P1P/4Br3/7cN/2BAKA1R1 b,-0.004805894,6179
2bakabr1/9/6n2/p1p5p/6p2/2P1C4/PR2PrP1P/4B4/7cN/2BAKA1R1 w,0.012932266,7636
2bakabr1/9/6n2/p1p5p/6p2/2P1C4/PR2PrP1P/4B4/4A2cN/2BAK2R1 b,-0.0027406274,5370
2bakabr1/9/6n2/p1p5p/6p2/2P1C4/PR2P1r1P/4B4/4A2cN/2BAK2R1 w,0.0087845875,5007
2bakabr1/9/6n2/p1p5p/6p2/2P1C4/P2RP1r1P/4B4/4A2cN/2BAK2R1 b,-0.00033431983,682
2bakabr1/9/6n2/p1p5p/6p2/2P1C4/P2RP3r/4B4/4A2cN/2BAK2R1 w,0.038490813,8006
2bakabr1/9/6n2/p1p5p/6p2/2P1C4/P2RP3r/4B4/4A2cN/2BAK1R2 b,-0.04741884,673
2bakabr1/9/6n2/p1p5p/6p2/2P1C4/P2RP4/4B4/4A2cr/2BAK1R2 w,0.12588014,7872
2bakabr1/9/6n2/p1p5p/6R2/2P1C4/P2RP4/4B4/4A2cr/2BAK4 b,-0.14233291,7289
2bakabr1/9/6n2/p1p5p/6R2/2P1C4/P2RP4/4B4/4A2c1/2BAK3r w,0.24360281,6926
2bakabr1/9/6n2/p1p5p/6R2/2P1C4/P2RP4/9/4A2c1/2BAK1B1r b,-0.0133654205,691
2bakabr1/9/6n2/p1p5p/6R2/2P1C4/P2RP4/9/4A4/2BAK1Bcr w,0.1463183,6926
2bakabr1/9/6n2/p1p5p/6R2/2P1C4/P2RP4/9/9/2BAKABcr b,-0.16024782,8006
2bakabr1/9/6n2/p1p5p/6R2/2P1C4/P2RP4/9/9/2BAKcB1r w,0.21321371,7736
2bakabr1/9/6n2/p1p5p/6R2/2P1C4/P2RP4/9/9/2BA1KB1r b,-0.124632806,2201
2bakab2/9/6n2/p1p5p/6R2/2P1C4/P2RP4/9/9/2BA1KBrr w,0.37756103,7537
2bakab2/9/6n2/p1p5p/6R2/2P1C4/P2RP4/4B4/9/3A1KBrr b,-0.5320353,7999
2bakab2/9/9/p1p5p/6Rn1/2P1C4/P2RP4/4B4/9/3A1KBrr w,0.4441524,5169
2bakab2/9/9/p1p5p/6Rn1/2P1C4/P2RP4/4B4/4A4/5KBrr b,-0.57287526,8063
2baka3/9/8b/p1p5p/6Rn1/2P1C4/P2RP4/4B4/4A4/5KBrr w,0.67089653,3820
2baka3/9/8b/p1p5p/5R1n1/2P1C4/P2RP4/4B4/4A4/5KBrr b,1,8007
2baka3/9/8b/p1p5p/5R1n1/2P1C4/P2RP4/4B4/4A2r1/5KB1r w,0.950704,3695
2baka3/3R5/8b/p1p5p/5R1n1/2P1C4/P3P4/4B4/4A2r1/5KB1r b,-0.35201827,7187
2baka3/3R5/8b/p1p5p/5R1n1/2P1C4/P3P4/4B4/4Ar3/5KB1r w,0.021001767,7817
2baka3/3R5/8b/p1p5p/5R1n1/2P1C4/P3P4/4B4/4AK3/6B1r b,-0.32935196,3930
2baka3/3R5/8b/p1p5p/5R3/2P1C4/P3P1n2/4B4/4AK3/6B1r w,0.046914205,6998
2baka3/3R5/8b/p1p5p/5R3/2P1C4/P3P1n2/4B4/4A4/5KB1r b,-0.31643844,5441
2baka3/3R5/8b/p1p5p/5n3/2P1C4/P3P4/4B4/4A4/5KB1r w,0.24306259,1119
2baka3/3R5/8b/p1p5p/5n3/2P1C4/P3P4/4B4/4A4/4K1B1r b,0,8072
2baka3/3R5/8b/p1p5p/9/2P1C4/P3P1n2/4B4/4A4/4K1B1r w,0.0035310264,7734
2baka3/9/8b/p1pR4p/9/2P1C4/P3P1n2/4B4/4A4/4K1B1r b,-0.0006441269,5449
2baka3/9/8b/p1pR4p/9/2P1n4/P3P4/4B4/4A4/4K1B1r w,0.0004022001,5269
2baka3/9/8b/p1pR4p/9/2P1P4/P8/4B4/4A4/4K1B1r b,-0.00033050432,8072
2baka3/9/8b/p1pR4p/9/2P1P3r/P8/4B4/4A4/4K1B2 w,0.00044116937,4450
2baka3/9/8b/p1R5p/9/2P1P3r/P8/4B4/4A4/4K1B2 b,0,4819
2baka3/9/8b/p1R5p/9/2P1r4/P8/4B4/4A4/4K1B2 w,0.00036464052,2645
2Raka3/9/8b/p7p/9/2P1r4/P8/4B4/4A4/4K1B2 b,0,3194
2Raka3/9/8b/p7p/4r4/2P6/P8/4B4/4A4/4K1B2 w,0.000064153435,209
3aka3/9/8b/p7p/2R1r4/2P6/P8/4B4/4A4/4K1B2 b,0,3631
3aka3/9/8b/p3r3p/2R6/2P6/P8/4B4/4A4/4K1B2 w,0.000064153435,4905
3aka3/9/8b/p3r3p/5R3/2P6/P8/4B4/4A4/4K1B2 b,0,2848
4ka3/4a4/8b/p3r3p/5R3/2P6/P8/4B4/4A4/4K1B2 w,0,4268
4ka3/4a4/8b/p3r3p/1R7/2P6/P8/4B4/4A4/4K1B2 b,-0.000064153435,2848
4ka3/9/5a2b/p3r3p/1R7/2P6/P8/4B4/4A4/4K1B2 w,0.0019630203,3331
1R2ka3/9/5a2b/p3r3p/9/2P6/P8/4B4/4A4/4K1B2 b,-0.0026374226,373
1R3a3/4k4/5a2b/p3r3p/9/2P6/P8/4B4/4A4/4K1B2 w,0.0013938883,100
5R3/4k4/5a2b/p3r3p/9/2P6/P8/4B4/4A4/4K1B2 b,-0.0016923335,2830
5R3/4k4/5a2b/p4r2p/9/2P6/P8/4B4/4A4/4K1B2 w,0.011264335,4268
5R3/4k4/5a2b/p4r2p/2P6/9/P8/4B4/4A4/4K1B2 b,-0.010844926,2382
5R3/4k4/5a2b/p7p/2P2r3/9/P8/4B4/4A4/4K1B2 w,0.015826179,3449
5R3/4k4/5a2b/p1P5p/5r3/9/P8/4B4/4A4/4K1B2 b,-0.015826179,2466
5R3/4k4/5a2b/p1P5p/2r6/9/P8/4B4/4A4/4K1B2 w,0.037945427,2640
5R3/4k4/5a2b/p2P4p/2r6/9/P8/4B4/4A4/4K1B2 b,-0.029312951,3461
5R3/4k4/2r2a2b/p2P4p/9/9/P8/4B4/4A4/4K1B2 w,0.15847896,450
5R3/4k4/2r2a2b/p3P3p/9/9/P8/4B4/4A4/4K1B2 b,-0.000024006413,1829
5R3/4k4/5a2b/p1r1P3p/9/9/P8/4B4/4A4/4K1B2 w,0.0001443428,473
5R3/4k4/4Pa2b/p1r5p/9/9/P8/4B4/4A4/4K1B2 b,0.000024006413,1192
5R3/9/4ka2b/p1r5p/9/9/P8/4B4/4A4/4K1B2 w,0,454
4R4/9/4ka2b/p1r5p/9/9/P8/4B4/4A4/4K1B2 b,0.00002030096,2001
4R4/4a4/4k3b/p1r5p/9/9/P8/4B4/4A4/4K1B2 w,0,6924
7R1/4a4/4k3b/p1r5p/9/9/P8/4B4/4A4/4K1B2 b,0.00002030096,2666
7R1/4a4/4k3b/pr6p/9/9/P8/4B4/4A4/4K1B2 w,0.00002030096,682
9/4a4/4k2Rb/pr6p/9/9/P8/4B4/4A4/4K1B2 b,-0.00004060983,1193
9/9/4ka1Rb/pr6p/9/9/P8/4B4/4A4/4K1B2 w,-0.000060934522,2276
9/9/4ka2R/pr6p/9/9/P8/4B4/4A4/4K1B2 b,0.000043316002,2549
9/9/4ka2R/p7p/9/9/P8/4B4/4A4/1r2K1B2 w,0.000010815408,6924
9/9/4ka2R/p7p/9/9/P8/4B4/9/1r1AK1B2 b,0,7408
9/9/4ka2R/p7p/9/9/Pr7/4B4/9/3AK1B2 w,0.000021636251,2375
9/9/4ka3/p7R/9/9/Pr7/4B4/9/3AK1B2 b,-0.000033185275,5004
9/4k4/5a3/p7R/9/9/Pr7/4B4/9/3AK1B2 w,0.00044656015,3177
9/4k4/5a3/R8/9/9/Pr7/4B4/9/3AK1B2 b,-0.00028643323,4987
9/4k4/5a3/R8/9/9/P8/4B4/1r7/3AK1B2 w,0.004487717,4905
9/4k4/5a3/4R4/9/9/P8/4B4/1r7/3AK1B2 b,-0.0008138223,1184
9/3k5/5a3/4R4/9/9/P8/4B4/1r7/3AK1B2 w,0.1070632,6077
9/3k5/4Ra3/9/9/9/P8/4B4/1r7/3AK1B2 b,-0.00050371885,6625
9/3k5/4Ra3/9/9/9/P8/4B4/5r3/3AK1B2 w,0.1070632,6077
9/3k5/4Ra3/9/9/9/P8/4B4/4Ar3/4K1B2 b,-0.00023316097,6989
9/3k5/4Ra3/5r3/9/9/P8/4B4/4A4/4K1B2 w,0.000356728,1998
9/3k5/4Ra3/5r3/9/P8/9/4B4/4A4/4K1B2 b,-0.00024164903,2907
9/3k5/4Ra3/r8/9/P8/9/4B4/4A4/4K1B2 w,0.00019277654,2029
9/3k5/5R3/r8/9/P8/9/4B4/4A4/4K1B2 b,-0.000020022593,2475
9/3k5/5R3/9/9/r8/9/4B4/4A4/4K1B2 w,0.00004787338,2084
9/3k1R3/9/9/9/r8/9/4B4/4A4/4K1B2 b,-0.00001590261,1101
3k5/5R3/9/9/9/r8/9/4B4/4A4/4K1B2 w,0.000039145554,1271
3k5/9/9/9/9/r8/5R3/4B4/4A4/4K1B2 b,-0.0000069990197,4131
9/3k5/9/9/9/r8/5R3/4B4/4A4/4K1B2 w,0.000043430777,5324
9/3k5/9/9/9/r8/5R3/9/4A4/2B1K1B2 b,-0.0000270814,4099
9/3k5/9/9/9/6r2/5R3/9/4A4/2B1K1B2 w,0.000052489457,7537
9/3k5/9/9/9/6r2/5R3/4B4/4A4/2B1K4 b,-0.000030985648,4643
9/3k5/9/9/9/7r1/5R3/4B4/4A4/2B1K4 w,0.00003297898,5367
9/3k5/9/9/9/7r1/5R3/4B4/4A4/2B2K3 b,-0.0000034931804,4705
9/3k5/9/9/9/9/5R3/4B4/4A4/2B2K1r1 w,0.00001590261,7817
9/3k5/9/9/9/9/5R3/4B4/4AK3/2B4r1 b,0,8009
9/3k5/9/9/9/9/5R3/4B4/4AK1r1/2B6 w,0.00002140471,7016
9/3k5/9/9/9/9/5R3/4B4/4A2r1/2B2K3 b,-0.0000069990197,7198
9/3k5/9/9/9/9/5R3/4B4/4r4/2B2K3 w,0.00001033316,5372
9/3k5/9/9/9/9/3R5/4B4/4r4/2B2K3 b,-0.0000014298636,1093
9/4k4/9/9/9/9/3R5/4B4/4r4/2B2K3 w,0.000007477452,5186
9/4k4/9/9/9/9/6R2/4B4/4r4/2B2K3 b,-0.0000023911068,1182
9/4k4/9/9/9/9/6R2/4B4/3r5/2B2K3 w,0.000004354626,5461
9/4k4/9/9/9/9/4R4/4B4/3r5/2B2K3 b,-0.0000009522436,1182
9/3k5/9/9/9/9/4R4/4B4/3r5/2B2K3 w,0.0000019092836,5275
9/3k5/9/9/9/9/4R4/4B4/3r5/2B1K4 b,0.0000014298636,6834
9/3k5/9/9/9/9/4R4/4B4/9/2BrK4 w,0.000007477452,7726
9/3k5/9/9/9/9/4R4/4B4/4K4/2Br5 b,0,1083
9/3k5/9/3r5/9/9/4R4/4B4/4K4/2B6 w,0.000010940377,6117
9/3k5/9/3r5/9/9/4R4/9/4K4/2B3B2 b,-0.0000023911068,2775
9/3k5/9/9/9/9/4R4/9/3rK4/2B3B2 w,0.0000048576517,6925
9/3k5/9/9/9/9/4R4/9/3r5/2B1K1B2 b,0,6834
9/3k5/9/9/9/9/4R4/9/9/2BrK1B2 w,0.000006937354,7726
9/3k5/9/9/9/9/4R4/9/4K4/2Br2B2 b,0.00000047582233,7635
9/3k5/3r5/9/9/9/4R4/9/4K4/2B3B2 w,0.000006405989,7901
9/3k5/3r5/4R4/9/9/9/9/4K4/2B3B2 b,-0.000003857082,1965
9/3k5/9/4R4/9/9/9/9/3rK4/2B3B2 w,0.000005882688,6925
9/3k5/9/4R4/9/9/9/9/3r5/2B1K1B2 b,-0.00000047582233,6834
9/3k5/9/4R4/9/9/9/9/9/2BrK1B2 w,0.000005882688,7726
9/3k5/9/4R4/9/9/9/9/4K4/2Br2B2 b,-0.00000047582233,7608
9/3k5/3r5/4R4/9/9/9/9/4K4/2B3B2 w,0.000006937354,2839
9/3k5/3r5/9/4R4/9/9/9/4K4/2B3B2 b,-0.0000019092836,1914
9/3k5/9/9/4R4/9/9/9/3rK4/2B3B2 w,0.000006405989,6925
9/3k5/9/9/4R4/9/9/9/3r5/2B1K1B2 b,-0.0000014298636,6834
9/3k5/9/9/4R4/9/9/9/9/2BrK1B2 w,0.000006937354,7726
9/3k5/9/9/4R4/9/9/9/4K4/2Br2B2 b,0,7590
9/3k5/3r5/9/4R4/9/9/9/4K4/2B3B2 w,0.0000033643935,3641
9/3kR4/3r5/9/9/9/9/9/4K4/2B3B2 b,-0.0000033643935,1083
3k5/4R4/3r5/9/9/9/9/9/4K4/2B3B2 w,0.000006405989,1219
3k5/9/3r5/9/9/9/9/4R4/4K4/2B3B2 b,-0.0000019092836,1929
9/3k5/3r5/9/9/9/9/4R4/4K4/2B3B2 w,0.000006405989,6925
9/3k5/3r5/9/9/9/9/4R4/9/2B1K1B2 b,-0.0000019092836,1938
9/3k5/9/9/9/9/9/4R4/9/2BrK1B2 w,0.000005882688,7726
9/3k5/9/9/9/9/9/4R4/4K4/2Br2B2 b,-0.00000047582233,7590
rnbakabnr/9/1c5c1/p1p1p1p1p/9/9/P1P1P1P1P/1C5C1/9/RNBAKABNR w,0.014449762,5087
rnbakabnr/9/1c5c1/p1p1p1p1p/9/9/P1P1P1P1P/4C2C1/9/RNBAKABNR b,-0.012932254,110
r1bakabnr/9/1cn4c1/p1p1p1p1p/9/9/P1P1P1P1P/4C2C1/9/RNBAKABNR w,0.011422182,7445
r1bakabnr/9/1cn4c1/p1p1p1p1p/9/9/P1P1P1P1P/2N1C2C1/9/R1BAKABNR b,-0.012428113,3012
r1baka1nr/9/1cn1b2c1/p1p1p1p1p/9/9/P1P1P1P1P/2N1C2C1/9/R1BAKABNR w,0.028042147,7372
r1baka1nr/9/1cn1b2c1/p1p1p1p1p/9/9/P1P1P1P1P/2N1C2C1/9/1RBAKABNR b,-0.02165522,1
1rbaka1nr/9/1cn1b2c1/p1p1p1p1p/9/9/P1P1P1P1P/2N1C2C1/9/1RBAKABNR w,0.018024392,5087
1rbaka1nr/9/1cn1b2c1/p1p1p1p1p/9/9/P1P1P1P1P/2N1CC3/9/1RBAKABNR b,-0.012428113,2648
1rbaka2r/9/1cn1b1nc1/p1p1p1p1p/9/9/P1P1P1P1P/2N1CC3/9/1RBAKABNR w,0.019055555,5451
1rbaka2r/9/1cn1b1nc1/p1p1p1p1p/9/9/P1P1P1P1P/2N1CCN2/9/1RBAKAB1R b,-0.017510546,1765
1rbaka2r/9/1cn1b1nc1/p1p1p3p/6p2/9/P1P1P1P1P/2N1CCN2/9/1RBAKAB1R w,0.019572936,8098
1rbaka2r/9/1cn1b1nc1/p1p1p3p/6p2/9/P1P1P1P1P/2N1CCN2/9/1RBAKABR1 b,-0.014449762,727
1rbaka1r1/9/1cn1b1nc1/p1p1p3p/6p2/9/P1P1P1P1P/2N1CCN2/9/1RBAKABR1 w,0.016997816,7408
1rbaka1r1/9/1cn1b1nc1/p1p1p3p/6p2/2P6/P3P1P1P/2N1CCN2/9/1RBAKABR1 b,-0.008420906,1765
1rbaka1r1/9/2n1b1nc1/p1p1p3p/6p2/2P6/Pc2P1P1P/2N1CCN2/9/1RBAKABR1 w,0.012932254,7954
1rbaka1r1/9/2n1b1nc1/p1p1p3p/6p2/2PN5/Pc2P1P1P/4CCN2/9/1RBAKABR1 b,0.0014816026,2311
1rbaka1r1/9/2n1b1n2/p1p1p3p/6p2/2PN5/Pc2P1PcP/4CCN2/9/1RBAKABR1 w,-0.011924766,7816
1rbaka1r1/9/2n1bCn2/p1p1p3p/6p2/2PN5/Pc2P1PcP/4C1N2/9/1RBAKABR1 b,0.02535331,5548
1rbakabr1/9/2n2Cn2/p1p1p3p/6p2/2PN5/Pc2P1PcP/4C1N2/9/1RBAKABR1 w,0.04585602,6061
1rbakabr1/9/2n2Cn2/p1p1N3p/6p2/2P6/Pc2P1PcP/4C1N2/9/1RBAKABR1 b,-0.025618432,1831
1rbakabr1/9/5Cn2/p1p1n3p/6p2/2P6/Pc2P1PcP/4C1N2/9/1RBAKABR1 w,0.007799667,6061
1rbakabr1/9/5Cn2/p1p1C3p/6p2/2P6/Pc2P1PcP/6N2/9/1RBAKABR1 b,-0.014534511,109
2bakabr1/9/1r3Cn2/p1p1C3p/6p2/2P6/Pc2P1PcP/6N2/9/1RBAKABR1 w,-0.00084206735,2839
2bakabr1/9/1r3Cn2/p1p5p/6p2/2P1C4/Pc2P1PcP/6N2/9/1RBAKABR1 b,-0.019456778,1733
2bakabr1/9/5rn2/p1p5p/6p2/2P1C4/Pc2P1PcP/6N2/9/1RBAKABR1 w,0,7435
2bakabr1/9/5rn2/p1p5p/6p2/2P1C4/PR2P1PcP/6N2/9/2BAKABR1 b,0.0010268611,3831
2bakabr1/9/5r3/p1p5p/5np2/2P1C4/PR2P1PcP/6N2/9/2BAKABR1 w,0.00619123,4987
2bakabr1/9/5r3/p1p5p/1R3np2/2P1C4/P3P1PcP/6N2/9/2BAKABR1 b,-0.004460755,3750
2bakabr1/9/5r3/p1p5p/1R4p2/2P1C4/P3P1ncP/6N2/9/2BAKABR1 w,0.0050324383,3372
2bakabr1/9/5r3/p1p5p/6R2/2P1C4/P3P1ncP/6N2/9/2BAKABR1 b,-0.00657011,5449
2bakabr1/9/5r3/p1p5p/6R2/2P1n4/P3P2cP/6N2/9/2BAKABR1 w,0.004916287,5269
2bakabr1/9/5r3/p1p5p/6R2/2P1P4/P6cP/6N2/9/2BAKABR1 b,-0.0045435224,2129
2bakabr1/9/5r3/p1p5p/6R2/2P1P4/P7P/6Nc1/9/2BAKABR1 w,0.008180164,3831
2bakabr1/9/5r3/p1p5p/6R2/2P1P4/P7P/6Nc1/7R1/2BAKAB2 b,-0.0040337103,2129
2bakabr1/9/9/p1p5p/6R2/2P1P4/P7P/5rNc1/7R1/2BAKAB2 w,0.012272201,3831
2bakabr1/9/9/p1p5p/4P1R2/2P6/P7P/5rNc1/7R1/2BAKAB2 b,-0.009787525,6179
2baka1r1/9/4b4/p1p5p/4P1R2/2P6/P7P/5rNc1/7R1/2BAKAB2 w,0.016663142,3840
2baka1r1/9/4b4/p1p3R1p/4P4/2P6/P7P/5rNc1/7R1/2BAKAB2 b,-0.0092478,2648
2baka3/9/4b4/p1p3R1p/4P4/2P6/P6rP/5rNc1/7R1/2BAKAB2 w,0.015159991,3631
2baka3/9/4b4/p1p1P1R1p/9/2P6/P6rP/5rNc1/7R1/2BAKAB2 b,-0.015756138,283
2b1ka3/4a4/4b4/p1p1P1R1p/9/2P6/P6rP/5rNc1/7R1/2BAKAB2 w,0.021457007,2820
2b1ka3/4a4/4P4/p1p3R1p/9/2P6/P6rP/5rNc1/7R1/2BAKAB2 b,-0.011780822,202
4ka3/4a4/4b4/p1p3R1p/9/2P6/P6rP/5rNc1/7R1/2BAKAB2 w,0.010679281,7186
4ka3/4a4/4b4/p1p3R1p/9/2P6/P6rP/5rNc1/4R4/2BAKAB2 b,-0.010679281,5515
4ka3/4a4/4b2r1/p1p3R1p/9/2P6/P7P/5rNc1/4R4/2BAKAB2 w,0.015140612,6871
4ka3/4a4/4b2r1/p1p3R1p/9/2P5P/P8/5rNc1/4R4/2BAKAB2 b,-0.0061055874,6343
4ka3/4a4/4br3/p1p3R1p/9/2P5P/P8/5rNc1/4R4/2BAKAB2 w,0.012465464,6898
4ka3/4a1R2/4br3/p1p5p/9/2P5P/P8/5rNc1/4R4/2BAKAB2 b,0,6388
4ka3/4a1R2/4br3/p1p6/8p/2P5P/P8/5rNc1/4R4/2BAKAB2 w,0.0033594347,6919
4ka3/4a1R2/4br3/p1p6/8P/2P6/P8/5rNc1/4R4/2BAKAB2 b,-0.002820255,6325
4ka3/4a1R2/4br3/p8/2p5P/2P6/P8/5rNc1/4R4/2BAKAB2 w,0.0061473693,6889
4ka3/4a1R2/4br3/p8/2P5P/9/P8/5rNc1/4R4/2BAKAB2 b,-0.0061785057,6325
4ka3/4a1R2/5r3/p8/2b5P/9/P8/5rNc1/4R4/2BAKAB2 w,0.008381306,1383
4ka3/4a4/5r3/p5R2/2b5P/9/P8/5rNc1/4R4/2BAKAB2 b,-0.0101981545,6325
4ka3/4a4/4br3/p5R2/8P/9/P8/5rNc1/4R4/2BAKAB2 w,0.014080508,6871
4ka3/4a4/4br3/p5R1P/9/9/P8/5rNc1/4R4/2BAKAB2 b,-0.005985528,6343
4ka3/4a4/4br3/p5R1P/7c1/9/P8/5rN2/4R4/2BAKAB2 w,0.0049274024,6907
4ka3/4a4/4br3/p5R1P/4R2c1/9/P8/5rN2/9/2BAKAB2 b,0.006844838,3912
4ka3/4a4/4br3/p5R1P/4R4/9/P8/5rNc1/9/2BAKAB2 w,0.22052097,3643
4ka3/4a4/4br3/p5R1P/4R4/9/P8/5rNc1/4A4/2B1KAB2 b,-0.041670784,6161
4ka3/4a4/4br3/p5R1P/4Rr3/9/P8/6Nc1/4A4/2B1KAB2 w,0.045221154,3641
4ka3/4a4/4br3/p5R1P/5R3/9/P8/6Nc1/4A4/2B1KAB2 b,-0.023079654,2111
4ka3/4a4/4b4/p5R1P/5r3/9/P8/6Nc1/4A4/2B1KAB2 w,0.020240355,2997
4ka3/4a4/4b4/p5R1P/5r3/9/P3N4/7c1/4A4/2B1KAB2 b,-0.017532479,3732
4ka3/4a4/4b4/p5R1P/2r6/9/P3N4/7c1/4A4/2B1KAB2 w,0.02142376,7537
4ka3/4a4/4b4/p5R1P/2r6/9/P3N4/4B2c1/4A4/4KAB2 b,-0.020240355,6325
4ka3/4a4/4b4/p5R1P/2r4c1/9/P3N4/4B4/4A4/4KAB2 w,0.04153593,2997
4ka3/4a4/4b4/R7P/2r4c1/9/P3N4/4B4/4A4/4KAB2 b,-0.03959809,1982
2b1ka3/4a4/9/R7P/2r4c1/9/P3N4/4B4/4A4/4KAB2 w,0.049923528,3184
2b1ka3/4a4/9/R7P/2r4c1/6N2/P8/4B4/4A4/4KAB2 b,-0.00348001,3910
2b1ka3/4a4/9/R7P/2r1c4/6N2/P8/4B4/4A4/4KAB2 w,0.0031091715,4630
2b1ka3/4a4/9/3R4P/2r1c4/6N2/P8/4B4/4A4/4KAB2 b,-0.003861783,3503
2b1ka3/4a4/9/3R4P/2r3c2/6N2/P8/4B4/4A4/4KAB2 w,0.048589498,4905
2b1ka3/4a4/9/3R3P1/2r3c2/6N2/P8/4B4/4A4/4KAB2 b,-0.022003457,3456
2b1ka3/4a4/9/3R3P1/1r4c2/6N2/P8/4B4/4A4/4KAB2 w,0.04126086,2729
2b1ka3/4a4/9/2R4P1/1r4c2/6N2/P8/4B4/4A4/4KAB2 b,-0.050603308,202
4ka3/4a4/4b4/2R4P1/1r4c2/6N2/P8/4B4/4A4/4KAB2 w,0.04728888,4648
4ka3/4a4/4b4/2R3P2/1r4c2/6N2/P8/4B4/4A4/4KAB2 b,-0.012003246,3820
4ka3/4a4/4b4/2R3P2/6c2/6N2/P8/4B4/4A4/1r2KAB2 w,0.083788484,6924
4ka3/4a4/4b4/2R3P2/6c2/6N2/P8/4B4/9/1r1AKAB2 b,-0.09173081,7399
4ka3/4a4/4b4/2R3P2/6c2/6N2/Pr7/4B4/9/3AKAB2 w,0.0882476,4905
4ka3/4a4/4b4/4R1P2/6c2/6N2/Pr7/4B4/9/3AKAB2 b,-0.085991986,1986
4ka3/4a4/4b4/4R1P2/6c2/6N2/r8/4B4/9/3AKAB2 w,0.0985848,2812
4ka3/4a4/4R4/6P2/6c2/6N2/r8/4B4/9/3AKAB2 b,-0.09348427,4887
4ka3/4a4/4R4/6P2/6c2/r5N2/9/4B4/9/3AKAB2 w,0.11024522,4630
4ka3/4a4/9/6P2/4R1c2/r5N2/9/4B4/9/3AKAB2 b,-0.0014703554,3867
4ka3/4a4/9/6P2/4R4/r5N2/9/4B4/9/3AKAc2 w,0.00097328814,7816
4ka3/4a4/9/6P2/4R4/r5N2/9/9/9/3AKAB2 b,-0.00044058452,4101
4ka3/4a4/9/6P2/4R4/6r2/9/9/9/3AKAB2 w,0.00022909603,3636
4ka3/4a4/9/5P3/4R4/6r2/9/9/9/3AKAB2 b,-0.00019998604,4638
4ka3/4a4/9/5P3/4R4/9/9/9/9/3AKAr2 w,0.000047015823,2903
4ka3/4a4/9/5P3/2R6/9/9/9/9/3AKAr2 b,-0.000059871665,363
3k1a3/4a4/9/5P3/2R6/9/9/9/9/3AKAr2 w,0.000088019544,3459
3k1a3/4a4/9/5P3/3R5/9/9/9/9/3AKAr2 b,-0.0001077743,274
4ka3/4a4/9/5P3/3R5/9/9/9/9/3AKAr2 w,0.000088019544,3546
4ka3/4a4/9/5P3/1R7/9/9/9/9/3AKAr2 b,-0.000099640136,363
3k1a3/4a4/9/5P3/1R7/9/9/9/9/3AKAr2 w,0.000095692296,3369
3k1a3/4a4/5P3/9/1R7/9/9/9/9/3AKAr2 b,-0.000056593413,7881
3k1a3/4a4/5P3/6r2/1R7/9/9/9/9/3AKA3 w,0.000053359712,3331
3k1a3/4a4/5P3/6r2/9/1R7/9/9/9/3AKA3 b,-0.000053359712,3000
3k1a3/4a4/5P3/4r4/9/1R7/9/9/9/3AKA3 w,0.000017133041,7636
3k1a3/4a4/5P3/4r4/9/1R7/9/9/4A4/3AK4 b,-0.000017133041,1193
3k1a3/9/5a3/4r4/9/1R7/9/9/4A4/3AK4 w,0.000025166946,4141
1R1k1a3/9/5a3/4r4/9/9/9/9/4A4/3AK4 b,-0.00001590261,282
1R3a3/3k5/5a3/4r4/9/9/9/9/4A4/3AK4 w,0.000014099584,127
5R3/3k5/5a3/4r4/9/9/9/9/4A4/3AK4 b,0.000007477452,1093
5R3/3ka4/9/4r4/9/9/9/9/4A4/3AK4 w,0.00000973895,458
9/3ka4/9/4r4/9/5R3/9/9/4A4/3AK4 b,-0.0000033643935,1191
9/3ka4/9/6r2/9/5R3/9/9/4A4/3AK4 w,0.0000048576517,4553
9/3ka4/9/6r2/9/3R5/9/9/4A4/3AK4 b,-0.0000019092836,1191
9/3k5/3a5/6r2/9/3R5/9/9/4A4/3AK4 w,0.0000033643935,4366
9/3k5/3a5/6r2/9/3R5/9/5A3/9/3AK4 b,0.00000047582233,2994
9/3k5/3a5/4r4/9/3R5/9/5A3/9/3AK4 w,0,6196
9/3k5/3a5/4r4/9/3R5/9/5A3/4A4/4K4 b,0.00000047582233,2848
9/3k5/3ar4/9/9/3R5/9/5A3/4A4/4K4 w,0.000003857082,4365
9/3k5/3ar4/9/9/3R5/9/5A3/4A4/3K5 b,-0.00000047582233,1083
9/4k4/3ar4/9/9/3R5/9/5A3/4A4/3K5 w,0.0000019092836,4386
9/4k4/3ar4/9/9/3R5/9/5A3/3KA4/9 b,-0.0000019092836,2020
9/4k4/3a4r/9/9/3R5/9/5A3/3KA4/9 w,0.000005366792,4371
9/4k4/3a4r/9/9/4R4/9/5A3/3KA4/9 b,-0.0000014298636,2362
9/5k3/3a4r/9/9/4R4/9/5A3/3KA4/9 w,0.000005882688,4460
9/5k3/3a4r/9/9/4R4/9/5A3/3K5/5A3 b,-0.000005882688,2348
9/5k3/3a1r3/9/9/4R4/9/5A3/3K5/5A3 w,0.0000019092836,4461
9/5k3/3a1r3/9/9/4R4/9/9/3KA4/5A3 b,-0.00000047582233,1903
9/5k3/3a5/9/9/4R4/5r3/9/3KA4/5A3 w,0.0000019092836,4455
9/5k3/3a5/9/9/4R4/5r3/3A5/3K5/5A3 b,-0.00000047582233,5396
9/5k3/3a5/9/9/4R4/9/3A5/3K5/5r3 w,0.00000031426902,6826
9/5k3/3a5/9/9/4R4/9/3A5/4K4/5r3 b,0,7817
9/5k3/3a5/9/5r3/4R4/9/3A5/4K4/9 w,0.00000018760245,4468
9/5k3/3aR4/9/5r3/9/9/3A5/4K4/9 b,0,3758
9/4ak3/4R4/9/5r3/9/9/3A5/4K4/9 w,0.0000002506955,1993
9/4Rk3/9/9/5r3/9/9/3A5/4K4/9 b,-0.000000005205608,1265
5k3/4R4/9/9/5r3/9/9/3A5/4K4/9 w,0.000000014315337,1219
5k3/9/9/9/5r3/4R4/9/3A5/4K4/9 b,-0.000000008754353,3722
9/5k3/9/9/5r3/4R4/9/3A5/4K4/9 w,0.000000012421721,4423
9/5k3/9/9/5r3/4R4/9/3A5/9/4K4 b,-0.000000010570148,3776
9/5k3/9/9/9/4R4/9/3A5/9/4Kr3 w,0.000000008754353,7726
9/5k3/9/9/9/4R4/9/3A5/4K4/5r3 b,-0.0000000069681874,7799
rnbakabnr/9/1c5c1/p1p1p1p1p/9/9/P1P1P1P1P/1C5C1/9/RNBAKABNR w,0.014449762,5087
rnbakabnr/9/1c5c1/p1p1p1p1p/9/9/P1P1P1P1P/4C2C1/9/RNBAKABNR b,-0.012932254,110
r1bakabnr/9/1cn4c1/p1p1p1p1p/9/9/P1P1P1P1P/4C2C1/9/RNBAKABNR w,0.011422182,7445
r1bakabnr/9/1cn4c1/p1p1p1p1p/9/9/P1P1P1P1P/2N1C2C1/9/R1BAKABNR b,-0.012428113,3012
r1baka1nr/9/1cn1b2c1/p1p1p1p1p/9/9/P1P1P1P1P/2N1C2C1/9/R1BAKABNR w,0.028042147,7372
r1baka1nr/9/1cn1b2c1/p1p1p1p1p/9/9/P1P1P1P1P/2N1C2C1/9/1RBAKABNR b,-0.02165522,1
1rbaka1nr/9/1cn1b2c1/p1p1p1p1p/9/9/P1P1P1P1P/2N1C2C1/9/1RBAKABNR w,0.018024392,5087
1rbaka1nr/9/1cn1b2c1/p1p1p1p1p/9/9/P1P1P1P1P/2N1CC3/9/1RBAKABNR b,-0.012428113,2648
1rbaka2r/9/1cn1b1nc1/p1p1p1p1p/9/9/P1P1P1P1P/2N1CC3/9/1RBAKABNR w,0.019055555,5451
1rbaka2r/9/1cn1b1nc1/p1p1p1p1p/9/9/P1P1P1P1P/2N1CCN2/9/1RBAKAB1R b,-0.017510546,1765
1rbaka2r/9/1cn1b1nc1/p1p1p3p/6p2/9/P1P1P1P1P/2N1CCN2/9/1RBAKAB1R w,0.019572936,8098
1rbaka2r/9/1cn1b1nc1/p1p1p3p/6p2/9/P1P1P1P1P/2N1CCN2/9/1RBAKABR1 b,-0.014449762,727
1rbaka1r1/9/1cn1b1nc1/p1p1p3p/6p2/9/P1P1P1P1P/2N1CCN2/9/1RBAKABR1 w,0.016997816,7408
1rbaka1r1/9/1cn1b1nc1/p1p1p3p/6p2/2P6/P3P1P1P/2N1CCN2/9/1RBAKABR1 b,-0.008420906,1765
1rbaka1r1/9/2n1b1nc1/p1p1p3p/6p2/2P6/Pc2P1P1P/2N1CCN2/9/1RBAKABR1 w,0.012932254,7954
1rbaka1r1/9/2n1b1nc1/p1p1p3p/6p2/2PN5/Pc2P1P1P/4CCN2/9/1RBAKABR1 b,0.0014816026,2311
1rbaka1r1/9/2n1b1n2/p1p1p3p/6p2/2PN5/Pc2P1PcP/4CCN2/9/1RBAKABR1 w,-0.011924766,7816
1rbaka1r1/9/2n1bCn2/p1p1p3p/6p2/2PN5/Pc2P1PcP/4C1N2/9/1RBAKABR1 b,0.02535331,5548
1rbakabr1/9/2n2Cn2/p1p1p3p/6p2/2PN5/Pc2P1PcP/4C1N2/9/1RBAKABR1 w,0.04585602,6061
1rbakabr1/9/2n2Cn2/p1p1N3p/6p2/2P6/Pc2P1PcP/4C1N2/9/1RBAKABR1 b,-0.025618432,1831
1rbakabr1/9/5Cn2/p1p1n3p/6p2/2P6/Pc2P1PcP/4C1N2/9/1RBAKABR1 w,0.007799667,6061
1rbakabr1/9/5Cn2/p1p1C3p/6p2/2P6/Pc2P1PcP/6N2/9/1RBAKABR1 b,-0.014534511,109
2bakabr1/9/1r3Cn2/p1p1C3p/6p2/2P6/Pc2P1PcP/6N2/9/1RBAKABR1 w,-0.00084206735,2839
2bakabr1/9/1r3Cn2/p1p5p/6p2/2P1C4/Pc2P1PcP/6N2/9/1RBAKABR1 b,-0.019456778,1733
2bakabr1/9/5rn2/p1p5p/6p2/2P1C4/Pc2P1PcP/6N2/9/1RBAKABR1 w,0,7435
2bakabr1/9/5rn2/p1p5p/6p2/2P1C4/PR2P1PcP/6N2/9/2BAKABR1 b,0.0010268611,3831
2bakabr1/9/5r3/p1p5p/5np2/2P1C4/PR2P1PcP/6N2/9/2BAKABR1 w,0.00619123,4987
2bakabr1/9/5r3/p1p5p/1R3np2/2P1C4/P3P1PcP/6N2/9/2BAKABR1 b,-0.004460755,3750
2bakabr1/9/5r3/p1p5p/1R4p2/2P1C4/P3P1ncP/6N2/9/2BAKABR1 w,0.0050324383,3372
2bakabr1/9/5r3/p1p5p/6R2/2P1C4/P3P1ncP/6N2/9/2BAKABR1 b,-0.00657011,5449
2bakabr1/9/5r3/p1p5p/6R2/2P1n4/P3P2cP/6N2/9/2BAKABR1 w,0.004916287,5269
2bakabr1/9/5r3/p1p5p/6R2/2P1P4/P6cP/6N2/9/2BAKABR1 b,-0.0045435224,2129
2bakabr1/9/5r3/p1p5p/6R2/2P1P4/P7P/6Nc1/9/2BAKABR1 w,0.008180164,3831
2bakabr1/9/5r3/p1p5p/6R2/2P1P4/P7P/6Nc1/7R1/2BAKAB2 b,-0.0040337103,2129
2bakabr1/9/9/p1p5p/6R2/2P1P4/P7P/5rNc1/7R1/2BAKAB2 w,0.012272201,3831
2bakabr1/9/9/p1p3R1p/9/2P1P4/P7P/5rNc1/7R1/2BAKAB2 b,-0.007651792,6179
2bakabr1/9/9/p1p3R1p/9/2P1P4/P6cP/5rN2/7R1/2BAKAB2 w,0.008180164,4450
2bakabr1/9/9/p1p3R1p/9/2P1P4/P6cP/5r3/7RN/2BAKAB2 b,-0.005827204,6179
2bakabr1/9/9/p1p3R1p/9/2P1P4/P7P/5r1c1/7RN/2BAKAB2 w,0.007651792,3030
2bakabr1/9/9/p1R5p/9/2P1P4/P7P/5r1c1/7RN/2BAKAB2 b,-0.005412028,562
2bakab2/9/9/p1R5p/9/2P1P2r1/P7P/5r1c1/7RN/2BAKAB2 w,0.017105108,2612
2Rakab2/9/9/p7p/9/2P1P2r1/P7P/5r1c1/7RN/2BAKAB2 b,-0.015417089,4729
2Rakab2/9/9/p7p/9/2P1r4/P7P/5r1c1/7RN/2BAKAB2 w,0.015509039,7897
2Rakab2/9/9/p7p/9/2P1r4/P7P/5r1c1/4R3N/2BAKAB2 b,-0.0019491392,4486
2Rakab2/9/9/p7p/9/2P6/P7P/5r1c1/4r3N/2BAKAB2 w,0.0010722536,7636
2Rakab2/9/9/p7p/9/2P6/P7P/5r1c1/4A3N/2BAK1B2 b,0.022371281,6388
2Rakab2/9/9/p7p/9/2P6/P4r2P/7c1/4A3N/2BAK1B2 w,0.0000963443,209
3akab2/9/9/p1R5p/9/2P6/P4r2P/7c1/4A3N/2BAK1B2 b,0.00057866675,6388
3akab2/9/9/p1R5p/9/2P6/P4r2P/9/4A3N/2BAK1Bc1 w,0,7897
3akab2/9/9/p1R5p/9/2P6/P4r2P/4B4/4A3N/2BAK2c1 b,0,5370
3akab2/9/9/p1R5p/9/2P6/P4r2P/4B4/4A3N/2BAK3c w,0.0051821554,2643
3akab2/9/9/p1R5p/9/2P6/P4r2P/4B1N2/4A4/2BAK3c b,0.014800926,5370
3akab2/9/9/p1R5p/9/2P6/P5r1P/4B1N2/4A4/2BAK3c w,-0.012934936,2637
3akab2/9/9/p3R3p/9/2P6/P5r1P/4B1N2/4A4/2BAK3c b,0.014157133,283
3ak1b2/4a4/9/p3R3p/9/2P6/P5r1P/4B1N2/4A4/2BAK3c w,-0.012934936,2817
3ak1b2/4a4/9/p3R3p/9/2P6/P3N1r1P/4B4/4A4/2BAK3c b,0.75119936,5487
3ak1b2/4a4/9/p3R3p/9/2P6/P3N2rP/4B4/4A4/2BAK3c w,0.0318562,6906
3ak1b2/4a4/9/p3R3p/3N5/2P6/P6rP/4B4/4A4/2BAK3c b,0.7031077,5578
3ak1b2/4a4/9/p3R3p/3N5/2P6/P7P/4B4/4A4/2BAK2rc w,-0.6917189,6926
3ak1b2/4a4/9/p3R3p/3N5/2P6/P7P/9/4A4/2BAK1Brc b,0.63141704,7954
3ak1b2/4a4/9/p3R2rp/3N5/2P6/P7P/9/4A4/2BAK1B1c w,-0.7114877,7897
3ak1b2/4a4/9/p3R2rp/3N5/2P6/P7P/9/9/2BAKAB1c b,0.8363413,3091
3ak1b2/4a4/9/p3r3p/3N5/2P6/P7P/9/9/2BAKAB1c w,-0.9312852,7636
3ak1b2/4a4/9/p3r3p/3N5/2P6/P7P/9/4A4/2B1KAB1c b,0.9302281,1193
3ak1b2/4a4/9/p5r1p/3N5/2P6/P7P/9/4A4/2B1KAB1c w,-0.8584973,7537
3ak1b2/4a4/9/p5r1p/3N5/2P6/P7P/4B4/4A4/4KAB1c b,0.86437035,2999
3ak1b2/4a4/9/p7p/3N5/2P6/P5r1P/4B4/4A4/4KAB1c w,-0.8036394,3542
3ak1b2/4a4/9/p4N2p/9/2P6/P5r1P/4B4/4A4/4KAB1c b,0.8584973,5461
3ak1b2/4a4/6r2/p4N2p/9/2P6/P7P/4B4/4A4/4KAB1c w,-0.8235258,2929
3ak1b2/4a4/6r2/p7p/9/2P3N2/P7P/4B4/4A4/4KAB1c b,0.8010381,2466
3ak1b2/4a4/4r4/p7p/9/2P3N2/P7P/4B4/4A4/4KAB1c w,-0.7435952,4660
3ak1b2/4a4/4r4/p7p/9/2P3N2/P7P/9/4A4/2B1KAB1c b,0.89071983,1193
3ak1b2/4a4/4r4/p7p/9/2P3N2/P7P/9/4A4/2B1KABc1 w,-0.7764626,4905
3ak1b2/4a4/4r4/p7p/2P6/6N2/P7P/9/4A4/2B1KABc1 b,0.9175691,1193
3ak1b2/4a4/6r2/p7p/2P6/6N2/P7P/9/4A4/2B1KABc1 w,-0.8373766,5633
3ak1b2/4a4/6r2/p7p/2P6/6N2/P7P/4B4/4A4/4KABc1 b,0.87188,365
3ak1b2/4a4/9/p5r1p/2P6/6N2/P7P/4B4/4A4/4KABc1 w,-0.8439669,4634
3ak1b2/4a4/9/p5r1p/3P5/6N2/P7P/4B4/4A4/4KABc1 b,0.87727696,2999
3ak1b2/4a4/7c1/p5r1p/3P5/6N2/P7P/4B4/4A4/4KAB2 w,-0.8010381,4905
3ak1b2/4a4/7c1/p5r1p/3P5/P5N2/8P/4B4/4A4/4KAB2 b,0.82824296,2329
3ak1b2/4a4/7c1/p7p/3P2r2/P5N2/8P/4B4/4A4/4KAB2 w,-0.8087647,4086
3ak1b2/4a4/7c1/p7p/3PN1r2/P8/8P/4B4/4A4/4KAB2 b,0.825897,3840
3ak1b2/4a4/4c4/p7p/3PN1r2/P8/8P/4B4/4A4/4KAB2 w,-0.7848873,3659
3ak1b2/4a4/4c4/p7p/3PN1r2/P7P/9/4B4/4A4/4KAB2 b,0.8737011,3840
3ak1b2/4a4/4c4/p7p/3PNr3/P7P/9/4B4/4A4/4KAB2 w,-0.7736027,6113
3ak1b2/4a4/4c4/p7p/3PNr3/P7P/9/9/4A4/2B1KAB2 b,0.8351306,3767
3a1kb2/4a4/4c4/p7p/3PNr3/P7P/9/9/4A4/2B1KAB2 w,-0.79307914,7537
3a1kb2/4a4/4c4/p7p/3PNr3/P7P/9/4B4/4A4/4KAB2 b,0.8211293,3740
3a1kb2/4a4/8c/p7p/3PNr3/P7P/9/4B4/4A4/4KAB2 w,-0.770717,4814
3a1kb2/4a4/8c/p7p/3P1r3/P7P/3N5/4B4/4A4/4KAB2 b,0.8351306,3749
3a1kb2/4a4/8c/p7p/3r5/P7P/3N5/4B4/4A4/4KAB2 w,-0.8376539,5180
3a1kb2/4a4/8c/p7p/3r5/P4N2P/9/4B4/4A4/4KAB2 b,0.82097745,3551
3a1kb2/4a4/8c/p7p/5r3/P4N2P/9/4B4/4A4/4KAB2 w,-0.86527514,4557
3a1kb2/4a4/8c/p7p/5r3/P7P/9/4B1N2/4A4/4KAB2 b,0.8691536,562
3a1kb2/4a4/9/p7p/5r3/P7c/9/4B1N2/4A4/4KAB2 w,-0.85217184,6262
3a1kb2/4a4/9/p7p/5r3/P7c/4N4/4B4/4A4/4KAB2 b,0.93308645,4819
3a1kb2/4a4/9/p7p/5r3/P3c4/4N4/4B4/4A4/4KAB2 w,-0.9251071,7734
3a1kb2/4a4/9/p7p/5r3/P1N1c4/9/4B4/4A4/4KAB2 b,1,3776
3a1kb2/4a4/9/p7p/1r7/P1N1c4/9/4B4/4A4/4KAB2 w,-0.9049984,4288
3a1kb2/4a4/9/p7p/1r7/P1N1c4/9/4B4/4A4/3K1AB2 b,0.9201633,4462
3a1kb2/4a4/9/p7p/1r7/c1N6/9/4B4/4A4/3K1AB2 w,-0.8769237,4284
3a1kb2/4a4/9/p7p/1r7/c1N6/9/4B4/4A4/4KAB2 b,0.939848,3412
3a1kb2/4a4/9/p7p/9/c1N6/9/4B4/4A4/1r2KAB2 w,-0.93568337,6924
3a1kb2/4a4/9/p7p/9/c1N6/9/4B4/9/1r1AKAB2 b,0.9418344,562
3a1kb2/4a4/9/p7p/9/2N6/9/4B4/9/cr1AKAB2 w,-0.9189089,4266
3a1kb2/4a4/9/p7p/9/2N6/9/4B4/4A4/cr1AK1B2 b,0.9711459,562
3a1kb2/4a4/9/p7p/9/1rN6/9/4B4/4A4/c2AK1B2 w,-0.95087415,6113
3a1kb2/4a4/9/p7p/9/1rN6/9/9/4A4/c1BAK1B2 b,0.94375914,4159
3a1kb2/4a4/9/p7p/9/2r6/9/9/4A4/c1BAK1B2 w,-0.9946291,6908
3a1kb2/4a4/9/p7p/9/2r6/9/4B4/4A4/c1BAK4 b,0.986606,4279
3a1kb2/4a4/9/p7p/9/9/2r6/4B4/4A4/c1BAK4 w,-0.9863197,6926
3a1kb2/4a4/9/p7p/9/9/2r6/9/4A4/c1BAK1B2 b,0.99751055,5123
3a1kb2/4a4/9/p8/8p/9/2r6/9/4A4/c1BAK1B2 w,-0.97534263,6908
3a1kb2/4a4/9/p8/8p/9/2r6/4B4/4A4/c1BAK4 b,0.988451,5105
3a1kb2/4a4/9/p8/9/8p/2r6/4B4/4A4/c1BAK4 w,-0.9585813,6906
3a1kb2/4a4/9/p8/9/8p/2r6/9/4A4/c1BAK1B2 b,0.9926068,5123
3a1kb2/4a4/9/p8/9/8p/9/9/4A4/c1rAK1B2 w,-0.99807906,6926
3a1kb2/4a4/9/p8/9/8p/9/9/9/c1rAKAB2 b,0.998967,7374
3a1kb2/4a4/9/p8/9/8p/9/9/9/2rcKAB2 w,-0.99982136,7897
3a1kb2/4a4/9/p8/9/8p/9/4B4/9/2rcKA3 b,0.9996956,7646
3a1kb2/4a4/9/p8/9/8p/9/4B4/9/r2cKA3 w,-0.9996956,7816
3a1kb2/4a4/9/p8/9/2B5p/9/9/9/r2cKA3 b,0.999948,7608
3a1kb2/4a4/9/p8/9/2B5p/9/3c5/9/r3KA3 w,-1,7726
3a1kb2/4a4/9/p8/9/2B5p/9/3c5/4K4/r4A3 b,0.9999385,7376
3a1kb2/4a4/9/p8/9/2B5p/9/3c5/4K4/2r2A3 w,-0.9999114,4297
3a1kb2/4a4/9/p8/9/8p/9/B2c5/4K4/2r2A3 b,0.99992514,7551
3a1kb2/4a4/9/p8/9/8p/9/B2c5/2r1K4/5A3 w,-0.9997945,6925
3a1kb2/4a4/9/p8/9/8p/9/B2cK4/2r6/5A3 b,0.99997884,5970
3a1kb2/4a4/9/p8/9/8p/9/B1c1K4/2r6/5A3 w,-0.99994504,7816
3a1kb2/4a4/9/p8/9/2B5p/9/2c1K4/2r6/5A3 b,0.99993676,5914
3a1kb2/4a4/9/9/p8/2B5p/9/2c1K4/2r6/5A3 w,-0.99992305,4293
3a1kb2/4a4/9/9/p8/8p/9/B1c1K4/2r6/5A3 b,0.99992925,5906
3a1kb2/9/3a5/9/p8/8p/9/B1c1K4/2r6/5A3 w,-1,7816
3a1kb2/9/3a5/9/p8/2B5p/9/2c1K4/2r6/5A3 b,0.99992925,5916
3a1kb2/9/3a5/9/9/p1B5p/9/2c1K4/2r6/5A3 w,-0.99992305,7816
3a1kb2/9/3a5/9/9/p1B5p/9/2c1K4/2r1A4/9 b,0.9999911,5914
3a1kb2/9/3a5/9/9/1pB5p/9/2c1K4/2r1A4/9 w,-0.99992085,4293
3a1kb2/9/3a5/9/9/1p6p/9/B1c1K4/2r1A4/9 b,0.9999826,5861
3a1kb2/9/3a5/9/9/1p6p/9/B1c1K4/1r2A4/9 w,-1,6924
3a1kb2/9/3a5/9/9/1p6p/9/B1c1K4/1r7/5A3 b,0.99999994,5861
3a1kb2/9/3a5/9/9/1p6p/9/Brc1K4/9/5A3 w,-1,5717
3a1kb2/9/3a5/9/9/1pB5p/9/1rc1K4/9/5A3 b,1,4187
3a1kb2/9/3a5/9/9/1pB5p/1r7/2c1K4/9/5A3 w,-1,7816
3a1kb2/9/3a5/9/9/1pB5p/1r7/2c6/4K4/5A3 b,1,4187
3a1kb2/9/3a5/9/9/1pB5p/4r4/2c6/4K4/5A3 w,-1,6915
3a1kb2/9/3a5/9/9/1p6p/4r4/2c1B4/4K4/5A3 b,1,5861
3a1kb2/4r4/3a5/9/9/1p6p/9/2c1B4/4K4/5A3 w,-1,6915
3a1kb2/4r4/3a5/9/9/1p6p/9/2c1B4/3K5/5A3 b,0.9999561,1237
3a1kb2/4r4/3a5/9/9/8p/1p7/2c1B4/3K5/5A3 w,-1,6077
3a1kb2/4r4/3a5/9/9/8p/1p7/2c6/3K5/5AB2 b,0.9999978,1255
3a1kb2/4r4/3a5/9/9/8p/1pc6/9/3K5/5AB2 w,-1,7816
3a1kb2/4r4/3a5/9/9/8p/1pc6/8B/3K5/5A3 b,0.9999948,1219
3a1kb2/9/3a5/9/9/8p/1pc1r4/8B/3K5/5A3 w,-1,7816
3a1kb2/9/3a5/9/9/8p/1pc1r4/9/3K5/5AB2 b,1,454
3ak1b2/9/3a5/9/9/8p/1pc1r4/9/3K5/5AB2 w,-1,7816
3ak1b2/9/3a5/9/9/8p/1pc1r4/4B4/3K5/5A3 b,1,5287
3ak1b2/9/3a5/9/9/8p/1pc6/4r4/3K5/5A3 w,-1,7816
3ak1b2/9/3a5/9/9/8p/1pc6/4r4/9/3K1A3 b,1,6096
rnbakabnr/9/1c5c1/p1p1p1p1p/9/9/P1P1P1P1P/1C5C1/9/RNBAKABNR w,0.014449762,5087
rnbakabnr/9/1c5c1/p1p1p1p1p/9/9/P1P1P1P1P/4C2C1/9/RNBAKABNR b,-0.012932254,110
r1bakabnr/9/1cn4c1/p1p1p1p1p/9/9/P1P1P1P1P/4C2C1/9/RNBAKABNR w,0.011422182,7445
r1bakabnr/9/1cn4c1/p1p1p1p1p/9/9/P1P1P1P1P/2N1C2C1/9/R1BAKABNR b,-0.012428113,3012
r1baka1nr/9/1cn1b2c1/p1p1p1p1p/9/9/P1P1P1P1P/2N1C2C1/9/R1BAKABNR w,0.028042147,7372
r1baka1nr/9/1cn1b2c1/p1p1p1p1p/9/9/P1P1P1P1P/2N1C2C1/9/1RBAKABNR b,-0.02165522,1
1rbaka1nr/9/1cn1b2c1/p1p1p1p1p/9/9/P1P1P1P1P/2N1C2C1/9/1RBAKABNR w,0.018024392,5087
1rbaka1nr/9/1cn1b2c1/p1p1p1p1p/9/9/P1P1P1P1P/2N1CC3/9/1RBAKABNR b,-0.012428113,2648
1rbaka2r/9/1cn1b1nc1/p1p1p1p1p/9/9/P1P1P1P1P/2N1CC3/9/1RBAKABNR w,0.019055555,5451
1rbaka2r/9/1cn1b1nc1/p1p1p1p1p/9/9/P1P1P1P1P/2N1CCN2/9/1RBAKAB1R b,-0.017510546,1765
1rbaka2r/9/1cn1b1nc1/p1p1p3p/6p2/9/P1P1P1P1P/2N1CCN2/9/1RBAKAB1R w,0.019572936,8098
1rbaka2r/9/1cn1b1nc1/p1p1p3p/6p2/9/P1P1P1P1P/2N1CCN2/9/1RBAKABR1 b,-0.014449762,727
1rbaka1r1/9/1cn1b1nc1/p1p1p3p/6p2/9/P1P1P1P1P/2N1CCN2/9/1RBAKABR1 w,0.016997816,7408
1rbaka1r1/9/1cn1b1nc1/p1p1p3p/6p2/2P6/P3P1P1P/2N1CCN2/9/1RBAKABR1 b,-0.008420906,1765
1rbaka1r1/9/2n1b1nc1/p1p1p3p/6p2/2P6/Pc2P1P1P/2N1CCN2/9/1RBAKABR1 w,0.012932254,7954
1rbaka1r1/9/2n1b1nc1/p1p1p3p/6p2/2PN5/Pc2P1P1P/4CCN2/9/1RBAKABR1 b,0.0014816026,2311
1rbaka1r1/9/2n1b1n2/p1p1p3p/6p2/2PN5/Pc2P1PcP/4CCN2/9/1RBAKABR1 w,-0.011924766,7816
1rbaka1r1/9/2n1bCn2/p1p1p3p/6p2/2PN5/Pc2P1PcP/4C1N2/9/1RBAKABR1 b,0.02535331,5548
1rbakabr1/9/2n2Cn2/p1p1p3p/6p2/2PN5/Pc2P1PcP/4C1N2/9/1RBAKABR1 w,0.04585602,6061
1rbakabr1/9/2n2Cn2/p1p1N3p/6p2/2P6/Pc2P1PcP/4C1N2/9/1RBAKABR1 b,-0.025618432,1831
1rbakabr1/9/5Cn2/p1p1n3p/6p2/2P6/Pc2P1PcP/4C1N2/9/1RBAKABR1 w,0.007799667,6061
1rbakabr1/9/5Cn2/p1p1C3p/6p2/2P6/Pc2P1PcP/6N2/9/1RBAKABR1 b,-0.014534511,109
2bakabr1/9/1r3Cn2/p1p1C3p/6p2/2P6/Pc2P1PcP/6N2/9/1RBAKABR1 w,-0.00084206735,2839
2bakabr1/9/1r3Cn2/p1p5p/6p2/2P1C4/Pc2P1PcP/6N2/9/1RBAKABR1 b,-0.019456778,1733
2bakabr1/9/5rn2/p1p5p/6p2/2P1C4/Pc2P1PcP/6N2/9/1RBAKABR1 w,0,7435
2bakabr1/9/5rn2/p1p5p/6p2/2P1C4/PR2P1PcP/6N2/9/2BAKABR1 b,0.0010268611,3831
2bakabr1/9/5r3/p1p5p/5np2/2P1C4/PR2P1PcP/6N2/9/2BAKABR1 w,0.00619123,4987
2bakabr1/9/5r3/p1p5p/1R3np2/2P1C4/P3P1PcP/6N2/9/2BAKABR1 b,-0.004460755,3750
2bakabr1/9/5r3/p1p5p/1R4p2/2P1C4/P3P1ncP/6N2/9/2BAKABR1 w,0.0050324383,3372
2bakabr1/9/5r3/p1p5p/6R2/2P1C4/P3P1ncP/6N2/9/2BAKABR1 b,-0.00657011,5449
2bakabr1/9/5r3/p1p5p/6R2/2P1n4/P3P2cP/6N2/9/2BAKABR1 w,0.004916287,5269
2bakabr1/9/5r3/p1p5p/6R2/2P1P4/P6cP/6N2/9/2BAKABR1 b,-0.0045435224,2129
2bakabr1/9/5r3/p1p5p/6R2/2P1P4/P7P/6Nc1/9/2BAKABR1 w,0.008180164,3831
2bakabr1/9/5r3/p1p3R1p/9/2P1P4/P7P/6Nc1/9/2BAKABR1 b,-0.0060857316,2092
2bakabr1/9/9/p1p3R1p/9/2P1P4/P7P/5rNc1/9/2BAKABR1 w,0.0092478,4450
2bakabr1/9/9/p1p3R1p/9/2P1P4/P7P/5rNc1/4A4/2BAK1BR1 b,-0.006865401,6179
2bakabr1/9/9/p1p3R1p/9/2P1P4/P4r2P/6Nc1/4A4/2BAK1BR1 w,0.008180164,4450
2bakabr1/9/9/p1p3R1p/9/2P1P2N1/P4r2P/7c1/4A4/2BAK1BR1 b,0.19345215,682
2bakab2/9/9/p1p3R1p/9/2P1P2r1/P4r2P/7c1/4A4/2BAK1BR1 w,-0.19131343,7897
2bakaR2/9/9/p1p5p/9/2P1P2r1/P4r2P/7c1/4A4/2BAK1BR1 b,0.55544156,6367
2bakaR2/9/9/p1p5p/9/2P1P2r1/P4r1cP/9/4A4/2BAK1BR1 w,-0.13853809,7897
2baka3/9/9/p1p3R1p/9/2P1P2r1/P4r1cP/9/4A4/2BAK1BR1 b,0.233575,4729
2baka3/9/9/p1p3R1p/9/2P1r4/P4r1cP/9/4A4/2BAK1BR1 w,-0.23896012,4905
2baka3/9/9/p1p3R1p/9/2P1r4/P4r1cP/4B4/4A4/2BAK2R1 b,0.23896012,5544
2baka3/9/9/p1p3R1p/9/2P1r4/c4r2P/4B4/4A4/2BAK2R1 w,-0.27566633,8006
2baka3/9/9/p1R5p/9/2P1r4/c4r2P/4B4/4A4/2BAK2R1 b,0.23547219,2466
2baka3/9/9/p1R5p/9/2P1r4/4cr2P/4B4/4A4/2BAK2R1 w,-0.15573779,2645
2baka3/9/9/R7p/9/2P1r4/4cr2P/4B4/4A4/2BAK2R1 b,0.2009424,5372
2baka3/9/9/R7p/9/2r6/4cr2P/4B4/4A4/2BAK2R1 w,-0.0006604421,2461
2baka3/9/9/4R3p/9/2r6/4cr2P/4B4/4A4/2BAK2R1 b,0.00033013287,283
2b1ka3/4a4/9/4R3p/9/2r6/4cr2P/4B4/4A4/2BAK2R1 w,-0.000825718,2848
2b1ka3/4a4/9/8p/9/2r6/4Rr2P/4B4/4A4/2BAK2R1 b,0.00013542217,5368
2b1ka3/4a4/9/8p/9/2r6/4r3P/4B4/4A4/2BAK2R1 w,-0.0004022001,6077
2b1ka3/4a4/9/8p/9/2B6/4r3P/9/4A4/2BAK2R1 b,0.00028986533,5282
2b1ka3/4a4/9/8p/9/2B6/8r/9/4A4/2BAK2R1 w,-0.00011184838,7945
2b1ka3/4a4/9/8p/9/9/8r/4B4/4A4/2BAK2R1 b,0.00013988132,5633
2b1ka3/4a4/9/8p/9/8r/9/4B4/4A4/2BAK2R1 w,-0.000027938488,7981
2b1ka3/4a4/9/8p/9/8r/9/9/4A4/2BAK1BR1 b,0.00013988132,202
2b1ka3/4a4/9/8p/9/6r2/9/9/4A4/2BAK1BR1 w,0,7537
2b1ka3/4a4/9/8p/9/6r2/9/4B4/4A4/2BAK2R1 b,0.00013988132,4623
2b1ka3/4a4/9/8p/6r2/9/9/4B4/4A4/2BAK2R1 w,-0.000027938488,7954
2b1ka3/4a4/9/7Rp/6r2/9/9/4B4/4A4/2BAK4 b,0.00008385323,3194
2b1ka3/4a4/9/7R1/6r1p/9/9/4B4/4A4/2BAK4 w,0,3095
2b1ka3/4a4/9/2R6/6r1p/9/9/4B4/4A4/2BAK4 b,0.00016796152,198
4ka3/4a4/4b4/2R6/6r1p/9/9/4B4/4A4/2BAK4 w,0,2644
4ka3/4a4/2R1b4/9/6r1p/9/9/4B4/4A4/2BAK4 b,0.00011184838,3804
4ka3/4a4/2R6/9/2b3r1p/9/9/4B4/4A4/2BAK4 w,-0.000027938488,1819
2R1ka3/4a4/9/9/2b3r1p/9/9/4B4/4A4/2BAK4 b,0.00013988132,1173
2Raka3/9/9/9/2b3r1p/9/9/4B4/4A4/2BAK4 w,-0.00008385323,209
3aka3/9/9/2R6/2b3r1p/9/9/4B4/4A4/2BAK4 b,0.00011184838,463
3aka3/9/4b4/2R6/6r1p/9/9/4B4/4A4/2BAK4 w,0,2641
3aka3/9/2R1b4/9/6r1p/9/9/4B4/4A4/2BAK4 b,0.00008385323,3820
3aka3/9/2R1b4/9/4r3p/9/9/4B4/4A4/2BAK4 w,-0.000027938488,1829
3aka3/9/3Rb4/9/4r3p/9/9/4B4/4A4/2BAK4 b,0.000055886416,3643
3aka3/9/3Rb4/9/8p/9/4r4/4B4/4A4/2BAK4 w,-0.000055886416,1938
3aka3/9/4b4/9/3R4p/9/4r4/4B4/4A4/2BAK4 b,0.00016796152,5282
3aka3/9/4b4/9/3R5/8p/4r4/4B4/4A4/2BAK4 w,-0.00011184838,3540
3aka3/9/4b4/9/9/3R4p/4r4/4B4/4A4/2BAK4 b,0.00011184838,4832
3aka3/9/4b4/9/9/3R5/4r3p/4B4/4A4/2BAK4 w,-0.00011184838,4366
3aka3/9/3Rb4/9/9/9/4r3p/4B4/4A4/2BAK4 b,0.00016796152,5641
2baka3/9/3R5/9/9/9/4r3p/4B4/4A4/2BAK4 w,-0.000055886416,1910
2baka3/9/9/9/9/3R5/4r3p/4B4/4A4/2BAK4 b,0.00016796152,202
2baka3/9/9/9/9/3R5/7rp/4B4/4A4/2BAK4 w,-0.00013988132,4366
2baka3/9/9/9/9/6R2/7rp/4B4/4A4/2BAK4 b,0.00016796152,5548
2baka3/9/9/9/9/6R2/8p/4B4/4A4/2BAK2r1 w,-0.00008385323,6926
2baka3/9/9/9/9/6R2/8p/9/4A4/2BAK1Br1 b,0.00013988132,7981
2baka3/9/9/9/9/6R2/9/8p/4A4/2BAK1Br1 w,-0.000055886416,4639
2baka3/9/9/9/9/9/9/6R1p/4A4/2BAK1Br1 b,0.00013988132,6470
2baka3/9/9/9/9/9/9/6Rp1/4A4/2BAK1Br1 w,-0.00008385323,6252
2baka3/9/9/9/9/9/9/4R2p1/4A4/2BAK1Br1 b,0.00011184838,202
2bak4/4a4/9/9/9/9/9/4R2p1/4A4/2BAK1Br1 w,0.00008385323,6926
2bak4/4a4/9/9/9/9/9/5R1p1/4A4/2BAK1Br1 b,0.000027938488,1191
2bak4/4a4/9/9/9/9/9/5R1p1/4A4/2BAK1r2 w,-0.000033705266,6926
2bak4/4a4/9/9/9/9/9/5R1p1/9/2BAKAr2 b,-0.000050575658,7918
2bak4/4a4/9/9/9/9/9/5R3/7p1/2BAKAr2 w,0.00008438753,6190
2bak4/4a4/9/9/9/9/9/7R1/7p1/2BAKAr2 b,-0.00011834172,202
2bak4/4a4/9/9/9/9/9/7R1/7p1/2BAKr3 w,0.8202879,7736
2bak4/4a4/9/9/9/9/9/7R1/7p1/2BA1K3 b,-0.99999994,198
2bak4/4a4/9/9/9/9/9/7R1/6p2/2BA1K3 w,0.9999999,6307
2bak4/4a4/9/9/9/9/9/7R1/6p2/2BAK4 b,-0.9999934,202
3ak4/4a4/4b4/9/9/9/9/7R1/6p2/2BAK4 w,0.9999117,6307
3ak4/4a4/4b4/9/9/9/9/7R1/4A1p2/2B1K4 b,-0.99928397,2022
3ak4/4a4/4b4/9/9/9/9/7R1/4Ap3/2B1K4 w,0.99989223,6926
3ak4/4a4/4b4/9/9/9/9/5R3/4Ap3/2B1K4 b,-0.9991686,1191
3ak4/4a4/4b4/9/9/9/9/5R3/4A1p2/2B1K4 w,0.9996931,6906
3ak4/4a4/4b4/9/9/9/9/5R3/4A1p2/2BK5 b,-0.99329084,1191
3ak4/4a4/4b4/9/9/9/9/5R3/4A2p1/2BK5 w,0.99848866,6190
3ak4/4a4/4b4/9/9/9/9/7R1/4A2p1/2BK5 b,-0.99935186,1982
3ak4/4a4/4b4/9/9/9/9/7R1/4A1p2/2BK5 w,0.99591404,6307
3ak2R1/4a4/4b4/9/9/9/9/9/4A1p2/2BK5 b,-0.99665034,1175
3aka1R1/9/4b4/9/9/9/9/9/4A1p2/2BK5 w,0.99774957,655
3aka3/9/4b2R1/9/9/9/9/9/4A1p2/2BK5 b,-0.9971143,2018
3akab2/9/7R1/9/9/9/9/9/4A1p2/2BK5 w,0.9993834,2273
3akab2/9/6R2/9/9/9/9/9/4A1p2/2BK5 b,-0.9993834,7097
3akab2/9/6R2/9/9/9/9/9/4Ap3/2BK5 w,0.9996254,2166
3akaR2/9/9/9/9/9/9/9/4Ap3/2BK5 b,-1,283
3akaR2/9/9/9/9/9/9/9/4p4/2BK5 w,1,618
3aka3/9/9/9/9/9/9/9/4p1R2/2BK5 b,-1,6925
3aka3/9/9/9/9/9/9/9/6R2/2BKp4 w,1,7635
3aka3/9/9/9/9/9/9/9/3K2R2/2B1p4 b,-1,7736
4ka3/4a4/9/9/9/9/9/9/3K2R2/2B1p4 w,1,7096
4ka3/4a4/9/9/9/9/9/9/3KR4/2B1p4 b,-1,7736
4ka3/4a4/9/9/9/9/9/9/3KR4/2B2p3 w,1,6889
4ka3/4a4/4R4/9/9/9/9/9/3K5/2B2p3 b,-1,7827
4ka3/4a4/4R4/9/9/9/9/9/3K5/2B3p2 w,1,2065
4ka3/4a4/4R4/9/9/9/9/9/4K4/2B3p2 b,-1,363
4ka3/4a4/4R4/9/9/9/9/9/4K4/2B4p1 w,1,2001
4ka3/4a4/1R7/9/9/9/9/9/4K4/2B4p1 b,-1,363
3k1a3/4a4/1R7/9/9/9/9/9/4K4/2B4p1 w,1,1720
1R1k1a3/4a4/9/9/9/9/9/9/4K4/2B4p1 b,-1,282
1R3a3/3ka4/9/9/9/9/9/9/4K4/2B4p1 w,1,100
5a3/3ka4/9/9/9/9/9/1R7/4K4/2B4p1 b,-1,1083
3k1a3/4a4/9/9/9/9/9/1R7/4K4/2B4p1 w,1,5797
3k1a3/4a4/9/9/9/9/9/BR7/4K4/7p1 b,-1,8009
5a3/3ka4/9/9/9/9/9/BR7/4K4/7p1 w,1,5842
5a3/3ka4/9/9/9/9/9/B2R5/4K4/7p1 b,-1,1191
5a3/3k5/3a5/9/9/9/9/B2R5/4K4/7p1 w,1,6915
5a3/3k5/3a5/3R5/9/9/9/B8/4K4/7p1 b,-1,463
9/3ka4/3a5/3R5/9/9/9/B8/4K4/7p1 w,1,2728
9/3ka4/3a5/3R5/9/2B6/9/9/4K4/7p1 b,-1,1083
9/3ka4/3a5/3R5/9/2B6/9/9/4K4/6p2 w,1,2727
9/3ka4/3a5/3R5/9/2B6/9/9/3K5/6p2 b,-1,1083
3k5/4a4/3a5/3R5/9/2B6/9/9/3K5/6p2 w,1,2727
3k5/4a4/3a5/R8/9/2B6/9/9/3K5/6p2 b,-1,274
4k4/4a4/3a5/R8/9/2B6/9/9/3K5/6p2 w,1,6826
R3k4/4a4/3a5/9/9/2B6/9/9/3K5/6p2 b,-1,1173
R2ak4/9/3a5/9/9/2B6/9/9/3K5/6p2 w,1,27
3ak4/9/3a5/9/R8/2B6/9/9/3K5/6p2 b,-1,7916
3ak4/4a4/9/9/R8/2B6/9/9/3K5/6p2 w,1,6826
3ak4/4a4/9/9/R8/2B6/9/9/4K4/6p2 b,-1,365
3ak4/4a4/9/9/R8/2B6/9/9/4K4/5p3 w,1,3321
3ak4/4a4/9/9/9/2B6/9/R8/4K4/5p3 b,-1,7827
3ak4/4a4/9/9/9/2B6/9/R8/4K4/6p2 w,1,5739
3ak4/4a4/9/9/9/2B6/9/6R2/4K4/6p2 b,-1,365
3a1k3/4a4/9/9/9/2B6/9/6R2/4K4/6p2 w,1,6297
3a1k3/4a4/9/9/9/2B6/9/9/4K4/6R2 b,-1,464
3a1k3/9/5a3/9/9/2B6/9/9/4K4/6R2 w,1,7836
3a1kR2/9/5a3/9/9/2B6/9/9/4K4/9 b,-1,464
3a2R2/5k3/5a3/9/9/2B6/9/9/4K4/9 w,1,543
3R5/5k3/5a3/9/9/2B6/9/9/4K4/9 b,-1,2083
3R5/4ak3/9/9/9/2B6/9/9/4K4/9 w,1,278
2R6/4ak3/9/9/9/2B6/9/9/4K4/9 b,-1,1191
2R6/4a4/5k3/9/9/2B6/9/9/4K4/9 w,1,209
6R2/4a4/5k3/9/9/2B6/9/9/4K4/9 b,-1,2084
6R2/4ak3/9/9/9/2B6/9/9/4K4/9 w,1,4293
9/4akR2/9/9/9/2B6/9/9/4K4/9 b,-1,1265
5k3/4a1R2/9/9/9/2B6/9/9/4K4/9 w,1,1363
rnbakabnr/9/1c5c1/p1p1p1p1p/9/9/P1P1P1P1P/1C5C1/9/RNBAKABNR w,0.014449762,5087
rnbakabnr/9/1c5c1/p1p1p1p1p/9/9/P1P1P1P1P/4C2C1/9/RNBAKABNR b,-0.012932254,110
r1bakabnr/9/1cn4c1/p1p1p1p1p/9/9/P1P1P1P1P/4C2C1/9/RNBAKABNR w,0.011422182,7445
r1bakabnr/9/1cn4c1/p1p1p1p1p/9/9/P1P1P1P1P/2N1C2C1/9/R1BAKABNR b,-0.012428113,3012
r1baka1nr/9/1cn1b2c1/p1p1p1p1p/9/9/P1P1P1P1P/2N1C2C1/9/R1BAKABNR w,0.028042147,7372
r1baka1nr/9/1cn1b2c1/p1p1p1p1p/9/9/P1P1P1P1P/2N1C2C1/9/1RBAKABNR b,-0.02165522,1
1rbaka1nr/9/1cn1b2c1/p1p1p1p1p/9/9/P1P1P1P1P/2N1C2C1/9/1RBAKABNR w,0.018024392,5087
1rbaka1nr/9/1cn1b2c1/p1p1p1p1p/9/9/P1P1P1P1P/2N1CC3/9/1RBAKABNR b,-0.012428113,2648
1rbaka2r/9/1cn1b1nc1/p1p1p1p1p/9/9/P1P1P1P1P/2N1CC3/9/1RBAKABNR w,0.019055555,5451
1rbaka2r/9/1cn1b1nc1/p1p1p1p1p/9/9/P1P1P1P1P/2N1CCN2/9/1RBAKAB1R b,-0.017510546,1765
1rbaka2r/9/1cn1b1nc1/p1p1p3p/6p2/9/P1P1P1P1P/2N1CCN2/9/1RBAKAB1R w,0.019572936,8098
1rbaka2r/9/1cn1b1nc1/p1p1p3p/6p2/9/P1P1P1P1P/2N1CCN2/9/1RBAKABR1 b,-0.014449762,727
1rbaka1r1/9/1cn1b1nc1/p1p1p3p/6p2/9/P1P1P1P1P/2N1CCN2/9/1RBAKABR1 w,0.016997816,7408
1rbaka1r1/9/1cn1b1nc1/p1p1p3p/6p2/2P6/P3P1P1P/2N1CCN2/9/1RBAKABR1 b,-0.008420906,1765
1rbaka1r1/9/2n1b1nc1/p1p1p3p/6p2/2P6/Pc2P1P1P/2N1CCN2/9/1RBAKABR1 w,0.012932254,7954
1rbaka1r1/9/2n1b1nc1/p1p1p3p/6p2/2PN5/Pc2P1P1P/4CCN2/9/1RBAKABR1 b,0.0014816026,2311
1rbaka1r1/9/2n1b1n2/p1p1p3p/6p2/2PN5/Pc2P1PcP/4CCN2/9/1RBAKABR1 w,-0.011924766,7816
1rbaka1r1/9/2n1bCn2/p1p1p3p/6p2/2PN5/Pc2P1PcP/4C1N2/9/1RBAKABR1 b,0.02535331,5548
1rbakabr1/9/2n2Cn2/p1p1p3p/6p2/2PN5/Pc2P1PcP/4C1N2/9/1RBAKABR1 w,0.04585602,6061
1rbakabr1/9/2n2Cn2/p1p1N3p/6p2/2P6/Pc2P1PcP/4C1N2/9/1RBAKABR1 b,-0.025618432,1831
1rbakabr1/9/5Cn2/p1p1n3p/6p2/2P6/Pc2P1PcP/4C1N2/9/1RBAKABR1 w,0.007799667,6061
1rbakabr1/9/5Cn2/p1p1C3p/6p2/2P6/Pc2P1PcP/6N2/9/1RBAKABR1 b,-0.014534511,109
2bakabr1/9/1r3Cn2/p1p1C3p/6p2/2P6/Pc2P1PcP/6N2/9/1RBAKABR1 w,-0.00084206735,2839
2bakabr1/9/1r3Cn2/p1p5p/6p2/2P1C4/Pc2P1PcP/6N2/9/1RBAKABR1 b,-0.019456778,1733
2bakabr1/9/5rn2/p1p5p/6p2/2P1C4/Pc2P1PcP/6N2/9/1RBAKABR1 w,0,7435
2bakabr1/9/5rn2/p1p5p/6p2/2P1C4/PR2P1PcP/6N2/9/2BAKABR1 b,0.0010268611,3831
2bakabr1/9/6n2/p1p5p/6p2/2P1C4/PR2P1PcP/5rN2/9/2BAKABR1 w,0.091511466,4969
2bakabr1/9/6n2/p1p5p/6p2/2P1C4/PR2P1PcP/5r3/8N/2BAKABR1 b,-0.023718612,5542
2bakabr1/9/6n2/p1p5p/6p2/2P1C4/PR2P1P1P/5r3/7cN/2BAKABR1 w,0.05298353,4969
2bakabr1/9/6n2/p1p5p/6p2/2P1C4/PR2P1P1P/4Br3/7cN/2BAKA1R1 b,-0.004805894,6179
2bakabr1/9/9/p1p5p/5np2/2P1C4/PR2P1P1P/4Br3/7cN/2BAKA1R1 w,0.10182003,4987
2bakabr1/9/9/p1p5p/5np2/2P1C4/PR2P1P1P/4Br3/4A2cN/2BAK2R1 b,-0.00034224466,6197
2bakabr1/9/9/p1p5p/5np2/2P1C4/PR2P1P1P/4B4/4Ar1cN/2BAK2R1 w,0.007585749,4987
2bakabr1/9/9/p1p5p/1R3np2/2P1C4/P3P1P1P/4B4/4Ar1cN/2BAK2R1 b,-0.0030840165,3750
2bakabr1/9/9/p1p5p/1R4p2/2P1C4/P3n1P1P/4B4/4Ar1cN/2BAK2R1 w,0.64560163,3370
2bakabr1/9/9/p1p5p/1R4p2/2P1C4/P3n1P1P/4B4/4Ar1cN/2BAKR3 b,-0.00033431983,7016
2bakabr1/9/9/p1p5p/1R4p2/2P1C4/P3n1P1P/4B4/4A2cN/2BAKr3 w,-0.0038877425,6926
2bakabr1/9/9/p1p5p/1R4p2/2P1C4/P3n1P1P/4B4/4A2cN/2BA1K3 b,0.069712326,5289
2bakabr1/9/9/p1p5p/1R4p2/2P1C4/P5P1P/4B1n2/4A2cN/2BA1K3 w,-0.0539782,7825
2bakabr1/9/9/p1p5p/1R4p2/2P1C4/P5P1P/4B1n2/4AK1cN/2BA5 b,0.20907685,6290
2bakab2/9/9/p1p5p/1R4p2/2P1C2r1/P5P1P/4B1n2/4AK1cN/2BA5 w,-0.018384626,5451
2bakab2/9/9/p1p5p/1R4p2/2P1C1Pr1/P7P/4B1n2/4AK1cN/2BA5 b,0.04138308,4714
2bakab2/9/9/p1p4rp/1R4p2/2P1C1P2/P7P/4B1n2/4AK1cN/2BA5 w,-0.044403076,3370
2bakab2/9/9/p1p4rp/1R4P2/2P1C4/P7P/4B1n2/4AK1cN/2BA5 b,0.103489205,6290
2bakab2/9/9/p1p5p/1R4P2/2P1C2r1/P7P/4B1n2/4AK1cN/2BA5 w,-0.103489205,3370
2bakab2/9/9/p1p5p/1R4P2/2P3Cr1/P7P/4B1n2/4AK1cN/2BA5 b,0.1759687,562
2baka3/9/4b4/p1p5p/1R4P2/2P3Cr1/P7P/4B1n2/4AK1cN/2BA5 w,-0.08105951,3371
2baka3/9/4b4/p1p5p/5RP2/2P3Cr1/P7P/4B1n2/4AK1cN/2BA5 b,0.1551959,6290
2b1ka3/4a4/4b4/p1p5p/5RP2/2P3Cr1/P7P/4B1n2/4AK1cN/2BA5 w,-0.019763473,3758
2b1ka3/4a4/4b4/p1p5p/5RP2/2P4r1/P5C1P/4B1n2/4AK1cN/2BA5 b,0.29930454,6290
2b1ka3/4a4/9/p1p5p/5Rb2/2P4r1/P5C1P/4B1n2/4AK1cN/2BA5 w,-0.018315544,3758
2b1ka3/4a4/9/p1p5p/5Rb2/2P4r1/P6CP/4B1n2/4AK1cN/2BA5 b,0.35523465,6290
4ka3/4a4/4b4/p1p5p/5Rb2/2P4r1/P6CP/4B1n2/4AK1cN/2BA5 w,-0.2822481,3758
4ka3/4a4/4b4/p1p5p/5Rb2/2P4r1/PC6P/4B1n2/4AK1cN/2BA5 b,0.36326292,6290
4ka3/4a4/4b4/p1p4rp/5Rb2/2P6/PC6P/4B1n2/4AK1cN/2BA5 w,-0.017775767,3758
4ka3/4a4/4b4/p1p4rp/1C3Rb2/2P6/P7P/4B1n2/4AK1cN/2BA5 b,0.46147877,6290
4ka3/4a4/4b4/p1p4rp/1C3Rb2/2P6/P7P/4B4/4AK1cn/2BA5 w,-0.47872195,3749
4ka3/4a4/4b4/p1p4rp/4CRb2/2P6/P7P/4B4/4AK1cn/2BA5 b,0.48780748,3091
3k1a3/4a4/4b4/p1p4rp/4CRb2/2P6/P7P/4B4/4AK1cn/2BA5 w,-0.3838388,3658
3k1a3/4a4/4b4/p1p4rp/5Rb2/2P1C4/P7P/4B4/4AK1cn/2BA5 b,0.39537653,1986
3k1a3/4a4/4b4/p1p4rp/5Rb2/2P1C4/P7P/4B4/4AK2n/2BA3c1 w,-0.5090278,3729
3k1a3/4a4/4b4/p1p4rp/3R2b2/2P1C4/P7P/4B4/4AK2n/2BA3c1 b,0.42174736,274
4ka3/4a4/4b4/p1p4rp/3R2b2/2P1C4/P7P/4B4/4AK2n/2BA3c1 w,-0.55728596,3551
4ka3/4a4/4b4/p1p4rp/1R4b2/2P1C4/P7P/4B4/4AK2n/2BA3c1 b,0.62459,3091
4ka3/4a4/4b4/p1p1r3p/1R4b2/2P1C4/P7P/4B4/4AK2n/2BA3c1 w,-0.6414901,4450
4ka3/4a4/4b4/p1p1r3p/1R4b2/2P4C1/P7P/4B4/4AK2n/2BA3c1 b,0.72023654,2822
4ka3/4a4/4b4/p1p1r3p/1R4b2/2P4C1/P7P/4B1n2/4AK3/2BA3c1 w,-0.18718082,4687
4ka1C1/4a4/4b4/p1p1r3p/1R4b2/2P6/P7P/4B1n2/4AK3/2BA3c1 b,0.19090502,1986
4kabC1/4a4/9/p1p1r3p/1R4b2/2P6/P7P/4B1n2/4AK3/2BA3c1 w,-0.20835973,3372
4kabC1/4a4/9/p1p1r3p/6R2/2P6/P7P/4B1n2/4AK3/2BA3c1 b,0.17668699,2822
4kabC1/4a4/9/p1p2r2p/6R2/2P6/P7P/4B1n2/4AK3/2BA3c1 w,-0.1695186,6908
4kabC1/4a4/9/p1p2r2p/6R2/2P6/P7P/4BAn2/5K3/2BA3c1 b,0.17307357,2914
4kabC1/4a4/9/p1p4rp/6R2/2P6/P7P/4BAn2/5K3/2BA3c1 w,-0.17487296,3849
4kabC1/4a4/9/p1p4rp/9/2P6/P7P/4BAR2/5K3/2BA3c1 b,0.15774718,3067
4kabr1/4a4/9/p1p5p/9/2P6/P7P/4BAR2/5K3/2BA3c1 w,-0.19238895,6243
4kabr1/4a4/9/p1p5p/9/2P6/P5R1P/4BA3/5K3/2BA3c1 b,0.2887614,709
4kab2/4a4/9/p1p5p/9/2P6/P5R1P/4BA3/5K1r1/2BA3c1 w,-0.26849583,7016
4kab2/4a4/9/p1p5p/9/2P6/P5R1P/4BA3/7r1/2BA1K1c1 b,0.26849583,8004
4kab2/4a4/9/p1p5p/9/2P6/P5R1P/4BA3/7r1/2Bc1K3 w,-0.26133,5406
4kab2/4a4/9/p1p5p/9/2P6/P2R4P/4BA3/7r1/2Bc1K3 b,0.32308906,7635
4kab2/4a4/9/p1p5p/9/2P6/P2R4P/4BA3/3c3r1/2B2K3 w,-0.30693784,5160
4kab2/4a4/9/p1p5p/9/2P6/P2R4P/4BA3/3c3r1/2B1K4 b,0.39885908,7198
4kab2/4a4/9/p1p5p/9/2P6/P2R4P/4BA3/5c1r1/2B1K4 w,-0.2671519,7726
4kab2/4a4/9/p1p5p/9/2P6/PR6P/4BA3/5c1r1/2B1K4 b,0.31657502,7005
4kab2/4a4/9/p1p5p/9/2P6/PR6P/4BA3/5c3/2B1K2r1 w,-0.26423067,7726
4kab2/4a4/9/p1p5p/9/2P6/PR6P/4BA3/4Kc3/2B4r1 b,0.26423067,7010
4kab2/4a4/9/p1p5p/9/2P6/PR6P/4BA3/4K3c/2B4r1 w,-0.28510392,6081
4kab2/4a4/9/p1p5p/9/2P6/PR6P/5A3/4K3c/2B3Br1 b,0.303762,7999
4kab2/4a4/9/p1p5p/9/2P6/PR6P/5A3/4K2rc/2B3B2 w,-0.2730555,6925
4kab2/4a4/9/p1p5p/9/2P6/PR6P/5A3/7rc/2B1K1B2 b,0.32308906,562
4kab2/4a4/9/p1p5p/9/2P6/PR6P/5A3/7r1/2B1K1B1c w,-0.28510392,7897
4kab2/4a4/9/p1p5p/9/2P6/PR6P/4BA3/7r1/2B1K3c b,0.28510392,2466
4kab2/4a4/9/p1p5p/9/2P6/PR6P/4BA3/5r3/2B1K3c w,-0.30060476,4978
4kab2/4a4/9/p1p5p/9/2P3B2/PR6P/5A3/5r3/2B1K3c b,0.27009353,562
4ka3/4a4/4b4/p1p5p/9/2P3B2/PR6P/5A3/5r3/2B1K3c w,-0.23347352,4951
4ka3/4a4/4b4/p1p5p/9/2P6/PR6P/4BA3/5r3/2B1K3c b,0.367032,6998
4ka3/4a4/4b4/p1p5p/9/2P6/PR6P/4Br3/9/2B1K3c w,-0.36805144,4951
4ka3/4a4/4b4/p1p5p/9/2P6/PR6P/4Br3/4K4/2B5c b,0.44324884,8094
2b1ka3/4a4/9/p1p5p/9/2P6/PR6P/4Br3/4K4/2B5c w,-0.2826529,4951
2b1ka3/4a4/9/pRp5p/9/2P6/P7P/4Br3/4K4/2B5c b,0.34652132,6179
2b1ka3/4a4/9/pRp2r2p/9/2P6/P7P/4B4/4K4/2B5c w,-0.31539053,2547
2b1ka3/4a4/9/pRp2r2p/2P6/9/P7P/4B4/4K4/2B5c b,0.31202543,2939
2b1ka3/4a4/9/pRp1r3p/2P6/9/P7P/4B4/4K4/2B5c w,-0.2237484,2547
2b1ka3/4a4/9/p1R1r3p/2P6/9/P7P/4B4/4K4/2B5c b,0.24474305,2848
2b1ka3/4a4/9/p1r5p/2P6/9/P7P/4B4/4K4/2B5c w,-0.23617847,3449
2b1ka3/4a4/9/p1P5p/9/9/P7P/4B4/4K4/2B5c b,0.9209172,2466
2b1ka3/4a4/9/2P5p/p8/9/P7P/4B4/4K4/2B5c w,-0.97814,2638
2b1ka3/4a4/9/3P4p/p8/9/P7P/4B4/4K4/2B5c b,0.97074056,8098
2b1ka3/4a4/9/3P5/p7p/9/P7P/4B4/4K4/2B5c w,-0.9570166,6081
2b1ka3/4a4/9/4P4/p7p/9/P7P/4B4/4K4/2B5c b,0.9895313,8098
2b1ka3/4a4/9/4P4/p7p/9/P7P/4B4/4K4/2B4c1 w,-0.99361503,6117
2b1ka3/4a4/9/4P4/p7p/9/P7P/B3B4/4K4/7c1 b,0.99051535,7945
2b1ka3/4a4/7c1/4P4/p7p/9/P7P/B3B4/4K4/9 w,-0.99051535,6117
2b1ka3/4a4/7c1/5P3/p7p/9/P7P/B3B4/4K4/9 b,0.99421746,2276
2b1ka3/4a4/c8/5P3/p7p/9/P7P/B3B4/4K4/9 w,-0.9878628,6915
2b1ka3/4a4/c8/5P3/p7p/9/P7P/4B4/4K4/2B6 b,0.9954876,1646
2b1ka3/4a4/9/5P3/p7p/9/c7P/4B4/4K4/2B6 w,-0.99705213,7533
2b1ka3/4a4/9/5P3/p7p/9/c7P/B3B4/4K4/9 b,0.99835014,3285
2b1ka3/4a4/9/5P3/8p/p8/c7P/B3B4/4K4/9 w,-0.99922484,6117
2b1ka3/4a4/9/5P3/8p/p1B6/c7P/4B4/4K4/9 b,0.9993489,4096
2b1ka3/4a4/9/5P3/8p/1pB6/c7P/4B4/4K4/9 w,-0.99990445,6915
2b1ka3/4a4/9/5P3/8p/1p7/c7P/B3B4/4K4/9 b,0.9998564,4195
2b1ka3/4a4/9/5P3/8p/9/cp6P/B3B4/4K4/9 w,-0.9999718,2911
2b1ka3/4a4/9/5P3/8p/6B2/cp6P/B8/4K4/9 b,0.9999645,4922
2b1ka3/4a4/9/5P3/8p/6B2/1p6c/B8/4K4/9 w,-0.99999887,5753
2b1ka3/4a4/9/5P3/8p/6B2/1p6c/9/4K4/2B6 b,0.99999875,4013
2b1ka3/4a4/9/5P3/9/6B1p/1p6c/9/4K4/2B6 w,-0.999999,4661
2b1ka3/4a4/9/5P3/9/8p/1p6c/4B4/4K4/2B6 b,0.9999994,5014
2b1ka3/4a4/9/5P3/9/7p1/1p6c/4B4/4K4/2B6 w,-0.99999946,2911
2b1ka3/4a4/9/6P2/9/7p1/1p6c/4B4/4K4/2B6 b,0.99999976,1191
2b1ka3/4a4/9/6P2/9/7p1/8c/1p2B4/4K4/2B6 w,-0.99999946,6117
2b1ka3/4a4/9/6P2/9/2B4p1/8c/1p7/4K4/2B6 b,0.9999999,5825
2b1ka3/4a4/9/6P2/9/2B6/7pc/1p7/4K4/2B6 w,-0.99999964,3002
2b1ka3/4a4/9/6P2/9/2B6/7pc/1p2B4/4K4/9 b,0.99999994,1191
2b1ka3/4a4/9/6P2/9/2B6/7pc/2p1B4/4K4/9 w,-0.99999976,6113
2b1ka3/4a4/9/6P2/9/2B6/7pc/2p1B4/9/4K4 b,1,5550
2b1ka3/4a4/9/6P2/9/2B6/7pc/3pB4/9/4K4 w,-1,7736
2b1ka3/4a4/9/6P2/9/2B6/7pc/3pB4/9/3K5 b,1,5550
2b1ka3/4a4/9/6P2/9/2B6/8c/3pB2p1/9/3K5 w,-1,7645
2b1ka3/4a4/9/6P2/9/2B6/8c/3pB2p1/9/4K4 b,1,6015
2b1ka3/4a4/9/6P2/9/2B6/8c/4B2p1/3p5/4K4 w,-1,7736
2b1ka3/4a4/9/6P2/9/2B6/8c/4B2p1/3p5/5K3 b,1,6826
2b1ka3/4a4/9/6P2/9/2B6/8c/4B2p1/4p4/5K3 w,-1,6081
2b1ka3/4a4/9/6P2/9/2B3B2/8c/7p1/4p4/5K3 b,1,6379
2b1ka3/4a4/9/6P2/9/2B3B2/8c/6p2/4p4/5K3 w,-1,4297
2b1ka3/4a4/9/6P2/9/6B2/8c/4B1p2/4p4/5K3 b,1,6278
2b1ka3/4a4/9/6P2/9/6B2/8c/4Bp3/4p4/5K3 w,-1,2994
2b1ka3/4a4/6P2/9/9/6B2/8c/4Bp3/4p4/5K3 b,1,6197
rnbakabnr/9/1c5c1/p1p1p1p1p/9/9/P1P1P1P1P/1C5C1/9/RNBAKABNR w,0.014449762,5087
rnbakabnr/9/1c5c1/p1p1p1p1p/9/9/P1P1P1P1P/4C2C1/9/RNBAKABNR b,-0.012932254,110
r1bakabnr/9/1cn4c1/p1p1p1p1p/9/9/P1P1P1P1P/4C2C1/9/RNBAKABNR w,0.011422182,7445
r1bakabnr/9/1cn4c1/p1p1p1p1p/9/9/P1P1P1P1P/2N1C2C1/9/R1BAKABNR b,-0.012428113,3012
r1baka1nr/9/1cn1b2c1/p1p1p1p1p/9/9/P1P1P1P1P/2N1C2C1/9/R1BAKABNR w,0.028042147,7372
r1baka1nr/9/1cn1b2c1/p1p1p1p1p/9/9/P1P1P1P1P/2N1C2C1/9/1RBAKABNR b,-0.02165522,1
1rbaka1nr/9/1cn1b2c1/p1p1p1p1p/9/9/P1P1P1P1P/2N1C2C1/9/1RBAKABNR w,0.018024392,5087
1rbaka1nr/9/1cn1b2c1/p1p1p1p1p/9/9/P1P1P1P1P/2N1CC3/9/1RBAKABNR b,-0.012428113,2648
1rbaka2r/9/1cn1b1nc1/p1p1p1p1p/9/9/P1P1P1P1P/2N1CC3/9/1RBAKABNR w,0.019055555,5451
1rbaka2r/9/1cn1b1nc1/p1p1p1p1p/9/9/P1P1P1P1P/2N1CCN2/9/1RBAKAB1R b,-0.017510546,1765
1rbaka2r/9/1cn1b1nc1/p1p1p3p/6p2/9/P1P1P1P1P/2N1CCN2/9/1RBAKAB1R w,0.019572936,8098
1rbaka2r/9/1cn1b1nc1/p1p1p3p/6p2/9/P1P1P1P1P/2N1CCN2/9/1RBAKABR1 b,-0.014449762,727
1rbaka1r1/9/1cn1b1nc1/p1p1p3p/6p2/9/P1P1P1P1P/2N1CCN2/9/1RBAKABR1 w,0.016997816,7408
1rbaka1r1/9/1cn1b1nc1/p1p1p3p/6p2/2P6/P3P1P1P/2N1CCN2/9/1RBAKABR1 b,-0.008420906,1765
1rbaka1r1/9/2n1b1nc1/p1p1p3p/6p2/2P6/Pc2P1P1P/2N1CCN2/9/1RBAKABR1 w,0.012932254,7954
1rbaka1r1/9/2n1b1nc1/p1p1p3p/6p2/2PN5/Pc2P1P1P/4CCN2/9/1RBAKABR1 b,0.0014816026,2311
1rbaka1r1/9/2n1b1n2/p1p1p3p/6p2/2PN5/Pc2P1PcP/4CCN2/9/1RBAKABR1 w,-0.011924766,7816
1rbaka1r1/9/2n1bCn2/p1p1p3p/6p2/2PN5/Pc2P1PcP/4C1N2/9/1RBAKABR1 b,0.02535331,5548
1rbakabr1/9/2n2Cn2/p1p1p3p/6p2/2PN5/Pc2P1PcP/4C1N2/9/1RBAKABR1 w,0.04585602,6061
1rbakabr1/9/2n2Cn2/p1p1N3p/6p2/2P6/Pc2P1PcP/4C1N2/9/1RBAKABR1 b,-0.025618432,1831
1rbakabr1/9/5Cn2/p1p1n3p/6p2/2P6/Pc2P1PcP/4C1N2/9/1RBAKABR1 w,0.007799667,6061
1rbakabr1/9/5Cn2/p1p1C3p/6p2/2P6/Pc2P1PcP/6N2/9/1RBAKABR1 b,-0.014534511,109
2bakabr1/9/1r3Cn2/p1p1C3p/6p2/2P6/Pc2P1PcP/6N2/9/1RBAKABR1 w,-0.00084206735,2839
2bakabr1/9/1r3Cn2/p1p5p/4C1p2/2P6/Pc2P1PcP/6N2/9/1RBAKABR1 b,-0.0012631848,1733
2bakabr1/9/5rn2/p1p5p/4C1p2/2P6/Pc2P1PcP/6N2/9/1RBAKABR1 w,0.0019109191,7435
2bakabr1/9/5rn2/p1p5p/4C1p2/2P6/PR2P1PcP/6N2/9/2BAKABR1 b,-0.0037716855,2111
2bakabr1/9/6n2/p1p5p/4Crp2/2P6/PR2P1PcP/6N2/9/2BAKABR1 w,0.0065389182,3649
2bakabr1/9/6n2/p1p5p/5rp2/2P1C4/PR2P1PcP/6N2/9/2BAKABR1 b,-0.0010268611,3831
2bakabr1/9/6n2/p1p5p/5r3/2P1C1p2/PR2P1PcP/6N2/9/2BAKABR1 w,0.014398729,4969
2bakabr1/9/6n2/p1p5p/5r3/2P1C1p2/PR2P1PcP/9/8N/2BAKABR1 b,0.011484877,5542
2bakabr1/9/6n2/p1p5p/5r3/2P1C1p2/PR2P1P1P/9/7cN/2BAKABR1 w,0.05481633,5451
2bakabr1/9/6n2/p1p5p/5r3/2P1C1p2/PR2P1P1P/4B4/7cN/2BAKA1R1 b,0.02580018,4640
2bakabr1/9/6n2/p1p5p/5r3/2P1C4/PR2P1p1P/4B4/7cN/2BAKA1R1 w,0.08727873,4969
2bakabr1/9/1R4n2/p1p5p/5r3/2P1C4/P3P1p1P/4B4/7cN/2BAKA1R1 b,-0.08136801,7185
2bakabr1/8n/1R7/p1p5p/5r3/2P1C4/P3P1p1P/4B4/7cN/2BAKA1R1 w,0.6995374,1732
2bakabr1/8n/2R6/p1p5p/5r3/2P1C4/P3P1p1P/4B4/7cN/2BAKA1R1 b,-0.07046966,664
2bakab2/8n/2R6/p1p4rp/5r3/2P1C4/P3P1p1P/4B4/7cN/2BAKA1R1 w,0.058733776,1822
2Rakab2/8n/9/p1p4rp/5r3/2P1C4/P3P1p1P/4B4/7cN/2BAKA1R1 b,0.011426375,3749
2Rakab2/8n/9/p1p4rp/9/2P1C4/P3Prp1P/4B4/7cN/2BAKA1R1 w,-0.007849206,200
2Rakab2/8n/9/p1p4rp/9/2P1C4/P3PrpNP/4B4/7c1/2BAKA1R1 b,0.13987787,3121
2Rakab2/8n/9/p1p5p/9/2P1C4/P3PrprP/4B4/7c1/2BAKA1R1 w,-0.16353545,4268
3akab2/8n/9/p1R5p/9/2P1C4/P3PrprP/4B4/7c1/2BAKA1R1 b,0.22991963,5368
3akab2/8n/9/p1R5p/9/2P1C4/P3r1prP/4B4/7c1/2BAKA1R1 w,-0.20673709,2641
3akab2/8n/9/p3R3p/9/2P1C4/P3r1prP/4B4/7c1/2BAKA1R1 b,0.23852964,283
3ak1b2/4a3n/9/p3R3p/9/2P1C4/P3r1prP/4B4/7c1/2BAKA1R1 w,-0.08262365,4450
3ak1b2/4a3n/9/p3R3p/9/2P1C4/P3r1prP/4B4/4A2c1/2BAK2R1 b,0.27347776,1554
3ak1b2/4a3n/9/p3R3p/9/2P1C4/P3r2rP/4B1p2/4A2c1/2BAK2R1 w,-0.048165083,4450
3ak1b2/4a3n/9/p6Rp/9/2P1C4/P3r2rP/4B1p2/4A2c1/2BAK2R1 b,0.1115859,1175
3ak4/4a3n/4b4/p6Rp/9/2P1C4/P3r2rP/4B1p2/4A2c1/2BAK2R1 w,-0.07218551,3091
3ak4/4a3n/4b4/p7p/9/2P1C4/P3r2RP/4B1p2/4A2c1/2BAK2R1 b,0.24527377,5281
3ak4/4a3n/4b4/p7p/9/2P1C4/P6rP/4B1p2/4A2c1/2BAK2R1 w,-0.2614635,4458
3ak4/4a3n/4b4/p7p/2P6/4C4/P6rP/4B1p2/4A2c1/2BAK2R1 b,0.26632357,1554
3ak4/4a4/4b4/p6np/2P6/4C4/P6rP/4B1p2/4A2c1/2BAK2R1 w,-0.2812437,3459
3ak4/4a4/4b4/p6np/2P6/1C7/P6rP/4B1p2/4A2c1/2BAK2R1 b,0.20161687,1193
3ak4/4a4/4b4/p7p/2P2n3/1C7/P6rP/4B1p2/4A2c1/2BAK2R1 w,-0.27872205,3459
3ak4/4a4/4b4/p7p/2P2n3/9/P6rP/4B1p2/1C2A2c1/2BAK2R1 b,0.404197,7180
3ak4/4a4/4b4/p7p/2P2n3/9/P6rP/4B2p1/1C2A2c1/2BAK2R1 w,-0.30987343,6571
3ak4/4a4/4b4/p7p/2P2n3/9/P6rP/4B2p1/4A2C1/2BAK2R1 b,0.57622343,6379
3ak4/4a4/4b4/p7p/2P2n3/9/P6rP/4B4/4A2p1/2BAK2R1 w,-0.5303458,8006
3ak4/4a4/4b4/p7p/2P2n3/9/P6rP/4B4/4A2p1/2BAKR3 b,0.48716447,3738
3ak4/4a4/4b4/p7p/2P6/3n5/P6rP/4B4/4A2p1/2BAKR3 w,-0.46919167,7817
3ak4/4a4/4b4/p7p/2P6/3n1R3/P6rP/4B4/4A2p1/2BAK4 b,0.6282997,4379
3ak4/4a4/4b4/p7p/2P6/5R3/Pn5rP/4B4/4A2p1/2BAK4 w,-0.46560517,4577
3ak4/4a4/4b4/p7p/2P6/9/Pn5rP/4B4/4AR1p1/2BAK4 b,0.48356575,4988
3ak4/4a4/4b4/p7p/2P6/9/P6rP/4B4/2n1AR1p1/2BAK4 w,-0.44061953,7736
3ak4/4a4/4b4/p7p/2P6/9/P6rP/4B4/2n1AR1p1/2BA1K3 b,0.47278133,2018
3ak4/4a4/9/p7p/2b6/9/P6rP/4B4/2n1AR1p1/2BA1K3 w,-0.45585647,6908
3ak4/4a4/9/p7p/2b6/8P/P6r1/4B4/2n1AR1p1/2BA1K3 b,0.49610877,6717
3ak4/4a4/4b4/p7p/9/8P/P6r1/4B4/2n1AR1p1/2BA1K3 w,-0.48510385,6906
3ak4/4a4/4b4/p7p/9/P7P/7r1/4B4/2n1AR1p1/2BA1K3 b,0.5509772,6715
2bak4/4a4/9/p7p/9/P7P/7r1/4B4/2n1AR1p1/2BA1K3 w,-0.5034482,6906
2bak4/4a4/9/p7p/9/P7P/7r1/3AB4/2n2R1p1/2BA1K3 b,0.5364114,6715
2bak4/4a4/9/p7p/9/P7P/1n5r1/3AB4/5R1p1/2BA1K3 w,-0.5327592,7636
2bak4/4a4/9/p7p/9/P7P/1n5r1/3AB4/4AR1p1/2B2K3 b,0.5034482,202
2bak4/4a4/9/p7p/9/P6rP/1n7/3AB4/4AR1p1/2B2K3 w,-0.52544475,7825
2bak4/4a4/9/p7p/9/P6rP/1n7/3AB4/4AR1p1/2B1K4 b,0.49610877,4733
2bak4/4a4/9/p7p/9/P6rP/9/3AB4/2n1AR1p1/2B1K4 w,-0.4924395,7734
2bak4/4a4/9/p7p/9/P6rP/9/3AB4/2n1AR1p1/2BK5 b,0.4814382,6715
2bak4/9/5a3/p7p/9/P6rP/9/3AB4/2n1AR1p1/2BK5 w,-0.3177325,6989
2bak4/9/5R3/p7p/9/P6rP/9/3AB4/2n1A2p1/2BK5 b,0.3744164,7188
2bak4/9/5R3/p7p/9/P6rP/9/3AB4/2n1A1p2/2BK5 w,-0.36728248,2129
2bak4/9/9/p4R2p/9/P6rP/9/3AB4/2n1A1p2/2BK5 b,0.4445188,6717
2bak4/9/9/p4R2p/9/P7P/9/3AB4/2n1A1p2/2BK3r1 w,-0.38884646,2966
2bak4/9/9/p4R2p/9/P7P/9/3AB4/2n3p2/2BK1A1r1 b,0.44074714,202
2b1k4/4a4/9/p4R2p/9/P7P/9/3AB4/2n3p2/2BK1A1r1 w,-0.45208094,2939
2b1k4/4a4/9/p7p/9/P4R2P/9/3AB4/2n3p2/2BK1A1r1 b,0.4710757,6715
2b1k4/4a4/9/p7p/9/P4R2P/1n7/3AB4/6p2/2BK1A1r1 w,-0.52834266,7635
2b1k4/4a4/9/p7p/9/P4R2P/1n7/4B4/4A1p2/2BK1A1r1 b,0.4901546,7981
2b1k4/4a4/9/p7p/9/P4R2P/1n5r1/4B4/4A1p2/2BK1A3 w,-0.59596336,4547
2b1k4/4a4/9/p7p/9/P1R5P/1n5r1/4B4/4A1p2/2BK1A3 b,0.5774306,202
4k4/4a4/4b4/p7p/9/P1R5P/1n5r1/4B4/4A1p2/2BK1A3 w,-0.5586772,4295
4k4/4a4/4b4/p1R5p/9/P7P/1n5r1/4B4/4A1p2/2BK1A3 b,0.7816596,5547
4k4/4a4/4b4/p1R5p/9/P7P/1n5r1/4B4/4Ap3/2BK1A3 w,-0.60695654,2675
4k4/4a4/4b4/p2R4p/9/P7P/1n5r1/4B4/4Ap3/2BK1A3 b,0.69678175,5549
4k4/4a4/4b4/p2R4p/9/P7P/7r1/4B4/2n1Ap3/2BK1A3 w,-0.50926214,2766
4k4/4a4/4b4/p7p/9/P7P/7r1/4B4/2nRAp3/2BK1A3 b,0.6635471,7006
4k4/4a4/4b4/p7p/9/P7P/2r6/4B4/2nRAp3/2BK1A3 w,-0.6033036,7645
4k4/4a4/4b4/p7p/9/P2R4P/2r6/4B4/2n1Ap3/2BK1A3 b,0.60695654,6715
4k4/4a4/9/p7p/6b2/P2R4P/2r6/4B4/2n1Ap3/2BK1A3 w,-0.6392539,4395
4k4/4a4/9/p2R4p/6b2/P7P/2r6/4B4/2n1Ap3/2BK1A3 b,0.63572097,6715
4k4/4a4/9/p2R4p/6b2/P7P/1r7/4B4/2n1Ap3/2BK1A3 w,-0.57369596,2775
4k4/4a4/9/p2R4p/6b2/P7P/1r7/3AB4/2n2p3/2BK1A3 b,0.60695654,7016
4k4/4a4/9/p2R4p/6b2/P7P/3r5/3AB4/2n2p3/2BK1A3 w,-0.4108543,2757
4k4/4a4/9/p7p/6b2/P7P/3R5/3AB4/2n2p3/2BK1A3 b,0.5994697,6717
4k4/4a4/9/p7p/6b2/P7P/3n5/3AB4/5p3/2BK1A3 w,-0.9960476,6081
4k4/4a4/9/p7p/6b2/P7P/3n5/3AB4/4Ap3/2BK5 b,0.99661833,5194
4k4/4a4/9/p7p/6b2/P7P/3n5/3AB4/4p4/2BK5 w,-0.9991261,6016
4k4/4a4/9/p7p/6b2/P7P/3n5/4B4/4A4/2BK5 b,0.99989873,5206
4k4/4a4/9/p7p/6b2/P7P/9/4B4/4n4/2BK5 w,-1,7645
4k4/4a4/9/p7p/6b2/P7P/9/4B4/4n4/2B1K4 b,0.99999994,6905
4k4/4a4/9/p7p/6b2/P7P/9/4B1n2/9/2B1K4 w,-0.9999999,6077
4k4/4a4/9/p7p/6b2/P7P/9/6n2/9/2B1K1B2 b,1,6272
4k4/4a4/9/p7p/6b2/P4n2P/9/9/9/2B1K1B2 w,-0.99999994,7537
4k4/4a4/9/p7p/6b2/P4n2P/9/8B/9/2B1K4 b,1,4557
4k4/4a4/9/p7p/6b2/P7P/3n5/8B/9/2B1K4 w,-1,7537
4k4/4a4/9/p7p/6b2/P7P/3n5/8B/9/2B2K3 b,1,1191
4k4/4a4/9/p7p/6b2/P7P/9/5n2B/9/2B2K3 w,-1,7537
4k4/4a4/9/p7p/6b2/P7P/9/5n2B/5K3/2B6 b,1,6199
4k4/4a4/9/p7p/6b2/P3n3P/9/8B/5K3/2B6 w,-1,7006
4k4/4a4/9/p7p/6b2/P3n1B1P/9/9/5K3/2B6 b,1,4470
4k4/4a4/9/p7p/6b2/P5B1P/6n2/9/5K3/2B6 w,-1,7006
4k4/4a4/9/p7p/6b2/P5B1P/6n2/9/9/2B2K3 b,1,5479
4k4/4a4/9/p7p/6b2/P5B1n/9/9/9/2B2K3 w,-1,7825
4k4/4a4/9/p7p/6b2/P5B1n/9/9/9/2B1K4 b,1,4840
4k4/4a4/9/p7p/6b2/P5B2/6n2/9/9/2B1K4 w,-1,7537
4k4/4a4/9/p7p/6b2/P5B2/6n2/4B4/9/4K4 b,1,1191
4k4/4a4/9/p8/6b1p/P5B2/6n2/4B4/9/4K4 w,-1,7734
4k4/4a4/9/p8/6b1p/P5B2/6n2/9/9/4K1B2 b,1,4013
4k4/4a4/9/p8/6b2/P5B1p/6n2/9/9/4K1B2 w,-1,7726
4k4/4a4/9/p8/6b2/P5B1p/6n2/4B4/9/4K4 b,1,4822
4k4/4a4/9/p8/6b2/P5Bp1/6n2/4B4/9/4K4 w,-1,7726
4k4/4a4/9/p8/6b2/P5Bp1/6n2/4B4/4K4/9 b,1,5449
5k3/4a4/9/p8/6b2/P5Bp1/6n2/4B4/4K4/9 w,-1,6925
5k3/4a4/9/p8/6b2/P5Bp1/6n2/4B4/9/4K4 b,1,5449
5k3/4a4/9/p8/6b2/P3n1Bp1/9/4B4/9/4K4 w,-1,4661
5k3/4a4/9/p8/6b2/P3n1Bp1/9/4B4/4K4/9 b,1,4466
5k3/4a4/9/p8/2n3b2/P5Bp1/9/4B4/4K4/9 w,-1,4661
5k3/4a4/9/p8/2n3b2/P1B3Bp1/9/9/4K4/9 b,1,4731
5k3/4a4/9/p8/2n3b2/P1B3p2/9/9/4K4/9 w,-1,4297
5k3/4a4/9/p8/2n3b2/P1B3p2/9/9/9/4K4 b,1,3465
5k3/4a4/9/p8/6b2/n1B3p2/9/9/9/4K4 w,-1,4297
5k3/4a4/9/p8/6b2/n5p2/9/4B4/9/4K4 b,1,4640
5k3/4a4/9/p8/6b2/n8/6p2/4B4/9/4K4 w,-1,6117
5k3/4a4/9/p8/6b2/n5B2/6p2/9/9/4K4 b,1,4106
5k3/4a4/9/p8/6b2/6B2/2n3p2/9/9/4K4 w,-1,7726
5k3/4a4/9/p8/6b2/9/2n3p2/8B/9/4K4 b,1,5469
5k3/4a4/9/p8/6b2/4n4/6p2/8B/9/4K4 w,-1,6441
5k3/4a4/9/p8/6b2/4n4/6p2/9/9/4K1B2 b,1,5469
5k3/4a4/9/9/p5b2/4n4/6p2/9/9/4K1B2 w,-1,7734
5k3/4a4/9/9/p5b2/4n4/6p2/9/4K4/6B2 b,1,3285
5k3/4a4/9/9/6b2/p3n4/6p2/9/4K4/6B2 w,-1,7901
5k3/4a4/9/9/6b2/p3n4/6p2/4B4/4K4/9 b,1,4466
5k3/4a4/9/9/6b2/1p2n4/6p2/4B4/4K4/9 w,-1,6081
5k3/4a4/9/9/6b2/1p2n4/6p2/4B4/9/4K4 b,1,4195
5k3/4a4/9/9/6b2/1p2n4/9/4B1p2/9/4K4 w,-1,7726
5k3/4a4/9/9/6b2/1p2n4/9/4B1p2/4K4/9 b,1,6278
5k3/4a4/9/9/6b2/1p2n4/9/4Bp3/4K4/9 w,-1,6081
5k3/4a4/9/9/6b2/1p2n1B2/9/5p3/4K4/9 b,1,4466
5k3/4a4/9/9/6b2/2p1n1B2/9/5p3/4K4/9 w,-1,6925
5k3/4a4/9/9/6b2/2p1n1B2/9/5p3/9/4K4 b,1,4286
5k3/4a4/9/9/6b2/2p3B2/9/3n1p3/9/4K4 w,-1,7734
5k3/4a4/9/9/6b2/2p3B2/9/3n1p3/9/3K5 b,1,6197
5k3/4a4/9/9/6b2/2p3B2/9/3n5/5p3/3K5 w,-1,4657
5k3/4a4/9/9/6b2/2p3B2/9/3n5/3K1p3/9 b,1,5999
5k3/4a4/9/9/6b2/2p1n1B2/9/9/3K1p3/9 w,-1,4657
5k3/4a4/9/9/6b2/2p1n4/9/4B4/3K1p3/9 b,1,4278
5k3/4a4/9/9/6b2/4n4/2p6/4B4/3K1p3/9 w,-1,6077
5k3/4a4/9/9/6b2/4n4/2p6/4B4/5p3/3K5 b,1,5097
5k3/4a4/9/9/6b2/4n4/9/2p1B4/5p3/3K5 w,-1,6081
5k3/4a4/9/9/6b2/4n1B2/9/2p6/5p3/3K5 b,1,5916
5k3/4a4/9/9/6b2/4n1B2/9/3p5/5p3/3K5 w,-1,4661
5k3/4a4/9/9/6b2/4n1B2/9/3p5/5p3/4K4 b,1,6015
5k3/4a4/9/9/6b2/6B2/9/3p1n3/5p3/4K4 w,-1,4661
5k3/4a4/9/9/6b2/9/9/3p1n2B/5p3/4K4 b,1,6015
5k3/4a4/9/9/6b2/9/9/5n2B/3p1p3/4K4 w,-1,6477
5k3/4a4/9/9/6b2/9/9/5n3/3p1p3/4K1B2 b,1,6199
rnbakabnr/9/1c5c1/p1p1p1p1p/9/9/P1P1P1P1P/1C5C1/9/RNBAKABNR w,0.014449762,5087
rnbakabnr/9/1c5c1/p1p1p1p1p/9/9/P1P1P1P1P/4C2C1/9/RNBAKABNR b,-0.012932254,110
r1bakabnr/9/1cn4c1/p1p1p1p1p/9/9/P1P1P1P1P/4C2C1/9/RNBAKABNR w,0.011422182,7445
r1bakabnr/9/1cn4c1/p1p1p1p1p/9/9/P1P1P1P1P/2N1C2C1/9/R1BAKABNR b,-0.012428113,3012
r1baka1nr/9/1cn1b2c1/p1p1p1p1p/9/9/P1P1P1P1P/2N1C2C1/9/R1BAKABNR w,0.028042147,7372
r1baka1nr/9/1cn1b2c1/p1p1p1p1p/9/9/P1P1P1P1P/2N1C2C1/9/1RBAKABNR b,-0.02165522,1
1rbaka1nr/9/1cn1b2c1/p1p1p1p1p/9/9/P1P1P1P1P/2N1C2C1/9/1RBAKABNR w,0.018024392,5087
1rbaka1nr/9/1cn1b2c1/p1p1p1p1p/9/9/P1P1P1P1P/2N1CC3/9/1RBAKABNR b,-0.012428113,2648
1rbaka2r/9/1cn1b1nc1/p1p1p1p1p/9/9/P1P1P1P1P/2N1CC3/9/1RBAKABNR w,0.019055555,5451
1rbaka2r/9/1cn1b1nc1/p1p1p1p1p/9/9/P1P1P1P1P/2N1CCN2/9/1RBAKAB1R b,-0.017510546,1765
1rbaka2r/9/1cn1b1nc1/p1p1p3p/6p2/9/P1P1P1P1P/2N1CCN2/9/1RBAKAB1R w,0.019572936,8098
1rbaka2r/9/1cn1b1nc1/p1p1p3p/6p2/9/P1P1P1P1P/2N1CCN2/9/1RBAKABR1 b,-0.014449762,727
1rbaka1r1/9/1cn1b1nc1/p1p1p3p/6p2/9/P1P1P1P1P/2N1CCN2/9/1RBAKABR1 w,0.016997816,7408
1rbaka1r1/9/1cn1b1nc1/p1p1p3p/6p2/2P6/P3P1P1P/2N1CCN2/9/1RBAKABR1 b,-0.008420906,1765
1rbaka1r1/9/2n1b1nc1/p1p1p3p/6p2/2P6/Pc2P1P1P/2N1CCN2/9/1RBAKABR1 w,0.012932254,7954
1rbaka1r1/9/2n1b1nc1/p1p1p3p/6p2/2PN5/Pc2P1P1P/4CCN2/9/1RBAKABR1 b,0.0014816026,2311
1rbaka1r1/9/2n1b1n2/p1p1p3p/6p2/2PN5/Pc2P1PcP/4CCN2/9/1RBAKABR1 w,-0.011924766,7816
1rbaka1r1/9/2n1bCn2/p1p1p3p/6p2/2PN5/Pc2P1PcP/4C1N2/9/1RBAKABR1 b,0.02535331,5548
1rbakabr1/9/2n2Cn2/p1p1p3p/6p2/2PN5/Pc2P1PcP/4C1N2/9/1RBAKABR1 w,0.04585602,6061
1rbakabr1/9/2n2Cn2/p1p1N3p/6p2/2P6/Pc2P1PcP/4C1N2/9/1RBAKABR1 b,-0.025618432,1831
1rbakabr1/9/5Cn2/p1p1n3p/6p2/2P6/Pc2P1PcP/4C1N2/9/1RBAKABR1 w,0.007799667,6061
1rbakabr1/9/5Cn2/p1p1C3p/6p2/2P6/Pc2P1PcP/6N2/9/1RBAKABR1 b,-0.014534511,109
2bakabr1/9/1r3Cn2/p1p1C3p/6p2/2P6/Pc2P1PcP/6N2/9/1RBAKABR1 w,-0.00084206735,2839
2bakabr1/9/1r3Cn2/p1p5p/6p2/2P1C4/Pc2P1PcP/6N2/9/1RBAKABR1 b,-0.019456778,1733
2bakabr1/9/5rn2/p1p5p/6p2/2P1C4/Pc2P1PcP/6N2/9/1RBAKABR1 w,0,7435
2bakabr1/9/5rn2/p1p5p/6p2/2P1C4/PR2P1PcP/6N2/9/2BAKABR1 b,0.0010268611,3831
2bakabr1/9/5r3/p1p5p/5np2/2P1C4/PR2P1PcP/6N2/9/2BAKABR1 w,0.00619123,4987
2bakabr1/9/5r3/p1p5p/1R3np2/2P1C4/P3P1PcP/6N2/9/2BAKABR1 b,-0.004460755,3750
2bakabr1/9/5r3/p1p5p/1R4p2/2P1C4/P3P1ncP/6N2/9/2BAKABR1 w,0.0050324383,3372
2bakabr1/9/5r3/p1p5p/6R2/2P1C4/P3P1ncP/6N2/9/2BAKABR1 b,-0.00657011,5449
2bakabr1/9/5r3/p1p5p/6R2/2P1n4/P3P2cP/6N2/9/2BAKABR1 w,0.004916287,5269
2bakabr1/9/5r3/p1p5p/6R2/2P1P4/P6cP/6N2/9/2BAKABR1 b,-0.0045435224,2129
2bakabr1/9/5r3/p1p5p/6R2/2P1P4/P7P/6Nc1/9/2BAKABR1 w,0.008180164,3831
2bakabr1/9/5r3/p1p5p/6R2/2P1P4/P7P/6Nc1/7R1/2BAKAB2 b,-0.0040337103,2129
2bakabr1/9/9/p1p5p/6R2/2P1P4/P7P/5rNc1/7R1/2BAKAB2 w,0.012272201,3831
2bakabr1/9/9/p1p3R1p/9/2P1P4/P7P/5rNc1/7R1/2BAKAB2 b,-0.007651792,6179
2bakab2/9/9/p1p3R1p/9/2P1P4/P6rP/5rNc1/7R1/2BAKAB2 w,0.049776442,2976
2bakaR2/9/9/p1p5p/9/2P1P4/P6rP/5rNc1/7R1/2BAKAB2 b,-0.05478155,2648
2bakaR2/9/9/p1p5p/9/2P1P4/P3r3P/5rNc1/7R1/2BAKAB2 w,0.49902156,7816
2bakaR2/9/9/p1p5p/9/2P1P4/P3r3P/5rNc1/4A2R1/2BAK1B2 b,-0.49075776,5269
2bakaR2/9/9/p1p5p/9/2P1P4/P3r3P/5rN1c/4A2R1/2BAK1B2 w,0.591632,7897
2bakaR2/9/9/p1p5p/9/2P1P2N1/P3r3P/5r2c/4A2R1/2BAK1B2 b,-0.017321702,6479
2b1kaR2/4a4/9/p1p5p/9/2P1P2N1/P3r3P/5r2c/4A2R1/2BAK1B2 w,0.35201827,7897
2b1kaR2/4a4/9/p1p3N1p/9/2P1P4/P3r3P/5r2c/4A2R1/2BAK1B2 b,0.019431008,6189
2b1kaR2/4a4/9/p1p3N1p/9/2P1P4/P3r3P/5r3/4A2R1/2BAK1B1c w,0.008726529,7198
2b1kaR2/4a4/9/p1p3N1p/9/2P1P4/P3r3P/4Br3/4A2R1/2BAK3c b,0.29423046,6189
2b1kaR2/4a4/9/p1p3N1p/9/2P1P4/P3r3P/4B1r2/4A2R1/2BAK3c w,-0.2806696,7187
2b1kaRR1/4a4/9/p1p3N1p/9/2P1P4/P3r3P/4B1r2/4A4/2BAK3c b,0.5484546,6297
2b1kaRR1/4a4/9/p1p3N1p/9/2P1P4/P3r3P/4B4/4A4/2BAK1r1c w,-0.64864606,6926
2b1kaRR1/4a4/9/p1p3N1p/9/2P1P4/P3r3P/4B4/9/2BAKAr1c b,0.6970781,7863
2b1kaRR1/4a4/9/p1p3r1p/9/2P1P4/P3r3P/4B4/9/2BAKA2c w,-0.31714237,7816
2b1kaRR1/4a4/9/p1p3r1p/9/2P1P4/P3r3P/4B4/4A4/2BAK3c b,0.66063946,3057
2b1karR1/4a4/9/p1p5p/9/2P1P4/P3r3P/4B4/4A4/2BAK3c w,-0.12103364,636
2b1kaR2/4a4/9/p1p5p/9/2P1P4/P3r3P/4B4/4A4/2BAK3c b,0.08711322,5269
2b1kaR2/4a4/9/p1p5p/9/2P1P4/P6rP/4B4/4A4/2BAK3c w,-0.067924485,6906
2b1ka3/4a4/9/p1p3R1p/9/2P1P4/P6rP/4B4/4A4/2BAK3c b,0.09291896,5578
2b1ka3/4a4/9/p1p3R1p/9/2P1P4/P7P/4B4/4A4/2BAK2rc w,-0.07850158,6926
2b1ka3/4a4/9/p1p3R1p/9/2P1P4/P7P/4B4/9/2BAKA1rc b,0.08939525,2466
2b1ka3/4a4/9/p1p3R1p/9/2P1P4/P7P/4B4/9/2BAKc1r1 w,-0.06453957,2999
2b1ka3/4a4/9/p1R5p/9/2P1P4/P7P/4B4/9/2BAKc1r1 b,0.052291956,7799
2b1ka3/4a4/9/p1R5p/9/2P1P4/P7P/4B4/9/2BcK2r1 w,-0.025582159,7726
2b1ka3/4a4/9/p1R5p/9/2P1P4/P7P/4B4/4K4/2Bc3r1 b,0.03419413,7981
2b1ka3/4a4/9/p1R5p/9/2P1P4/P7P/4B4/4K2r1/2Bc5 w,-0.025582159,6925
2b1ka3/4a4/9/p1R5p/9/2P1P4/P7P/4B4/7r1/2BcK4 b,0.026788136,7198
2b1ka3/4a4/3c5/p1R5p/9/2P1P4/P7P/4B4/7r1/2B1K4 w,-0.00649227,2612
2R1ka3/4a4/3c5/p7p/9/2P1P4/P7P/4B4/7r1/2B1K4 b,0.0068673403,1893
2Rcka3/4a4/9/p7p/9/2P1P4/P7P/4B4/7r1/2B1K4 w,-0.009900643,209
2Rcka3/4a4/9/p7p/2P6/4P4/P7P/4B4/7r1/2B1K4 b,0.010602699,7198
2Rcka3/4a4/9/p7p/2P6/4P4/P7P/4B4/9/2B1K2r1 w,-0.011744091,7726
2Rcka3/4a4/9/p7p/2P6/4P4/P7P/4B4/4K4/2B4r1 b,0.008928386,7999
2Rcka3/4a4/9/p7p/2P6/4P4/P7P/4B4/4K2r1/2B6 w,-0.0104229385,6925
2Rcka3/4a4/9/p7p/2P6/4P4/P7P/4B4/7r1/2B1K4 b,0.010602699,7198
2Rcka3/4a4/9/p7p/2P6/4P4/P7P/4B4/5r3/2B1K4 w,-0.0027608061,209
3cka3/4a4/9/p1R5p/2P6/4P4/P7P/4B4/5r3/2B1K4 b,0.0030140986,6971
4ka3/4a4/9/p1R5p/2P6/4P4/P2c4P/4B4/5r3/2B1K4 w,-0.0017592895,2645
4ka3/4a4/9/p1R5p/2P1P4/9/P2c4P/4B4/5r3/2B1K4 b,0.0030140986,3194
4ka3/4a4/9/p1R5p/2P1P4/9/P5c1P/4B4/5r3/2B1K4 w,-0.0005771323,2645
4ka3/4a4/9/R7p/2P1P4/9/P5c1P/4B4/5r3/2B1K4 b,0.00081975374,3194
4ka3/4a4/9/R7p/2P1P4/9/Pc6P/4B4/5r3/2B1K4 w,0.00058951875,7734
4ka3/4a4/9/1R6p/2P1P4/9/Pc6P/4B4/5r3/2B1K4 b,-0.00025528352,5008
4ka3/4a4/9/1R6p/2P1P4/9/P6cP/4B4/5r3/2B1K4 w,0.0020028867,2575
4ka3/4a4/9/1R6p/3PP4/9/P6cP/4B4/5r3/2B1K4 b,-0.00025528352,5548
4ka3/4a4/9/1R6p/3PP4/9/P7P/4B4/5r3/2B1K2c1 w,0.0028313345,2554
4ka3/4a4/9/4R3p/3PP4/9/P7P/4B4/5r3/2B1K2c1 b,-0.00032874328,6989
4ka3/4a4/9/4R3p/3PP4/9/P7P/4B4/5r3/2B1K3c w,0.00093801407,3540
4ka3/4a4/9/1R6p/3PP4/9/P7P/4B4/5r3/2B1K3c b,-0.00007277534,6989
3k1a3/4a4/9/1R6p/3PP4/9/P7P/4B4/5r3/2B1K3c w,0.012717937,2521
1R1k1a3/4a4/9/8p/3PP4/9/P7P/4B4/5r3/2B1K3c b,-0.008968089,282
1R3a3/3ka4/9/8p/3PP4/9/P7P/4B4/5r3/2B1K3c w,0.011459415,100
R4a3/3ka4/9/8p/3PP4/9/P7P/4B4/5r3/2B1K3c b,-0.0022085286,6989
R4a3/3ka4/9/8p/3PP4/9/P4r2P/4B4/9/2B1K3c w,0.0019037003,27
5a3/R2ka4/9/8p/3PP4/9/P4r2P/4B4/9/2B1K3c b,-0.0018067791,1083
3k1a3/R3a4/9/8p/3PP4/9/P4r2P/4B4/9/2B1K3c w,0.0011408647,810
3k1a3/R3a4/9/3P4p/4P4/9/P4r2P/4B4/9/2B1K3c b,-0.0013956432,5368
3k1a3/R3a4/9/3P4p/4P4/9/P6rP/4B4/9/2B1K3c w,0.010320458,810
R2k1a3/4a4/9/3P4p/4P4/9/P6rP/4B4/9/2B1K3c b,-0.008065095,282
R4a3/3ka4/9/3P4p/4P4/9/P6rP/4B4/9/2B1K3c w,0.008356208,3631
5a3/3ka4/R8/3P4p/4P4/9/P6rP/4B4/9/2B1K3c b,-0.003849906,5548
5a3/3ka4/R8/3P4p/4P4/9/P6rP/4B4/8c/2B1K4 w,0.006744817,3631
5a3/3ka4/9/3P4p/4P4/R8/P6rP/4B4/8c/2B1K4 b,-0.0010182321,7272
5a3/3ka4/9/3P4p/4P4/R8/P6rP/4B4/9/2B1K3c w,0.02987609,2729
5a3/3ka4/9/3P4p/4P4/R7P/P6r1/4B4/9/2B1K3c b,-0.0060501373,5548
5a3/3ka4/9/3P4p/4P4/R7P/P7r/4B4/9/2B1K3c w,0.030383421,2729
5a3/3ka4/9/3PP3p/9/R7P/P7r/4B4/9/2B1K3c b,-0.0065056975,5638
5a3/3ka4/9/3PP3p/9/R7P/P2r5/4B4/9/2B1K3c w,0.03249702,2729
5a3/R2ka4/9/3PP3p/9/8P/P2r5/4B4/9/2B1K3c b,-0.0073779062,1083
3k1a3/R3a4/9/3PP3p/9/8P/P2r5/4B4/9/2B1K3c w,0.0118650375,810
R2k1a3/4a4/9/3PP3p/9/8P/P2r5/4B4/9/2B1K3c b,-0.008505407,282
R4a3/3ka4/9/3PP3p/9/8P/P2r5/4B4/9/2B1K3c w,0.011660539,36
R4a3/3ka4/9/3PP3p/9/P7P/3r5/4B4/9/2B1K3c b,-0.007783422,8072
R4a3/3ka4/9/3PP3p/9/P7P/3r4c/4B4/9/2B1K4 w,0.007118441,36
R4a3/3ka4/9/3PP3p/P8/8P/3r4c/4B4/9/2B1K4 b,-0.0030818202,5178
R4a3/3ka4/9/3PP3p/P8/8P/3rc4/4B4/9/2B1K4 w,0.0007808378,6081
R4a3/3ka4/9/3PP3p/P8/8P/3rc4/9/9/2B1K1B2 b,-0.00081975374,5169
R4a3/3ka4/9/3PP3p/P8/4c3P/3r5/9/9/2B1K1B2 w,0.026999477,3277
5a3/R2ka4/9/3PP3p/P8/4c3P/3r5/9/9/2B1K1B2 b,-0.020930791,1083
3k1a3/R3a4/9/3PP3p/P8/4c3P/3r5/9/9/2B1K1B2 w,0.024808448,810
3k1a3/2R1a4/9/3PP3p/P8/4c3P/3r5/9/9/2B1K1B2 b,-0.00912749,5169
3k1a3/2R1a4/9/3PP3p/P8/4c3P/4r4/9/9/2B1K1B2 w,0.012284389,7736
3k1a3/2R1a4/9/3PP3p/P8/4c3P/4r4/9/9/2BK2B2 b,-0.0011824055,4462
4ka3/2R1a4/9/3PP3p/P8/4c3P/4r4/9/9/2BK2B2 w,0.016473208,1037
2R1ka3/4a4/9/3PP3p/P8/4c3P/4r4/9/9/2BK2B2 b,-0.008209451,1173
2Raka3/9/9/3PP3p/P8/4c3P/4r4/9/9/2BK2B2 w,0.007923099,227
2Raka3/9/3P5/4P3p/P8/4c3P/4r4/9/9/2BK2B2 b,0.00025528352,5277
2Raka3/9/3P5/4P3p/P8/4c3P/6r2/9/9/2BK2B2 w,0.008657091,227
2Raka3/9/3P5/4P3p/P8/4c3P/6r2/8B/9/2BK5 b,0.00036561466,4455
2Raka3/9/3P5/4P3p/P8/4c3P/3r5/8B/9/2BK5 w,-0.00058951875,7645
2Raka3/9/3P5/4P3p/P8/4c3P/3r5/8B/9/2B1K4 b,0.00062738586,5151
2Raka3/9/3r5/4P3p/P8/4c3P/9/8B/9/2B1K4 w,-0.00032239518,227
3aka3/9/3r5/4P3p/P8/2R1c3P/9/8B/9/2B1K4 b,0.00035502718,4458
3aka3/9/3r5/4P3p/P3c4/2R5P/9/8B/9/2B1K4 w,-0.000064153435,4268
3aka3/9/3r5/4P3p/P1R1c4/8P/9/8B/9/2B1K4 b,-0.00009625555,3636
3aka3/9/3r5/4P3p/P1R6/4c3P/9/8B/9/2B1K4 w,0.00035502718,3460
3aka3/9/3r5/4P3p/P3R4/4c3P/9/8B/9/2B1K4 b,-0.00016056144,1938
3aka3/9/9/4P3p/P3R4/3rc3P/9/8B/9/2B1K4 w,0.00032239518,2822
3aka3/9/4P4/8p/P3R4/3rc3P/9/8B/9/2B1K4 b,0.000064153435,4432
4ka3/4a4/4P4/8p/P3R4/3rc3P/9/8B/9/2B1K4 w,0.0008284622,2003
4ka3/4a4/4P4/8p/1P2R4/3rc3P/9/8B/9/2B1K4 b,0.00003207164,4432
4ka3/4a4/4c4/8p/1P2R4/3r4P/9/8B/9/2B1K4 w,-0.00011184838,3622
4ka3/4a4/4R4/8p/1P7/3r4P/9/8B/9/2B1K4 b,0.000010815408,4373
4ka3/4a4/4R4/8p/1P7/8r/9/8B/9/2B1K4 w,0.000058251408,2020
4ka3/4a4/2R6/8p/1P7/8r/9/8B/9/2B1K4 b,0.0001357033,4819
4ka3/4a4/2R6/8p/1P7/4r4/9/8B/9/2B1K4 w,-0.00017187439,7736
4ka3/4a4/2R6/8p/1P7/4r4/9/8B/9/2B2K3 b,0.00014462078,3194
4ka3/9/2Ra5/8p/1P7/4r4/9/8B/9/2B2K3 w,0.0001357033,1802
2R1ka3/9/3a5/8p/1P7/4r4/9/8B/9/2B2K3 b,-0.000033185275,373
2R2a3/4k4/3a5/8p/1P7/4r4/9/8B/9/2B2K3 w,0.00009214716,185
5R3/4k4/3a5/8p/1P7/4r4/9/8B/9/2B2K3 b,-0.000017196373,4495
5R3/4k4/3a5/9/1P6p/4r4/9/8B/9/2B2K3 w,0.0001983471,3358
5R3/4k4/3a5/1P7/8p/4r4/9/8B/9/2B2K3 b,-0.00021214542,4456
5R3/4k4/3a5/1P7/9/4r3p/9/8B/9/2B2K3 w,0.0023628513,2539
5R3/4k4/1P1a5/9/9/4r3p/9/8B/9/2B2K3 b,-0.0015492635,4495
5R3/4k4/1P1a5/9/9/4r4/8p/8B/9/2B2K3 w,0.41185832,1730
5R3/4k4/2Pa5/9/9/4r4/8p/8B/9/2B2K3 b,-0.9047137,4495
5R3/4k4/2Pa5/9/9/3r5/8p/8B/9/2B2K3 w,0.9369323,473
5R3/4k4/2Pa5/9/9/3r5/8p/9/9/2B2KB2 b,-0.63159186,5641
5R3/4k4/2Pa5/9/9/3r5/7p1/9/9/2B2KB2 w,0.48992985,509
9/4k4/2Pa5/5R3/9/3r5/7p1/9/9/2B2KB2 b,-0.52939487,1174
9/4k4/2Pa5/5R3/9/3r5/6p2/9/9/2B2KB2 w,0.99932945,2911
9/2P1k4/3a5/5R3/9/3r5/6p2/9/9/2B2KB2 b,-0.77730983,4369
9/2P1k4/3a5/5R3/9/4r4/6p2/9/9/2B2KB2 w,0.9091582,2894
9/2P1kR3/3a5/9/9/4r4/6p2/9/9/2B2KB2 b,-0.9836023,1192
4k4/2P2R3/3a5/9/9/4r4/6p2/9/9/2B2KB2 w,0.99970347,1002
4k4/3P1R3/3a5/9/9/4r4/6p2/9/9/2B2KB2 b,-1,4495
4k4/3P1R3/3a5/9/9/9/6p2/9/9/2B1rKB2 w,0.99997634,7817
4k4/3P1R3/3a5/9/9/9/6p2/9/5K3/2B1r1B2 b,-1,7726
4k4/3P1R3/3a5/9/9/9/6p2/9/4rK3/2B3B2 w,0.9999303,7016
4k4/3P1R3/3a5/9/9/9/6p2/9/4r4/2B2KB2 b,-1,6925
4k4/3P1R3/3a5/9/9/9/5p3/9/4r4/2B2KB2 w,0.9999675,1319
4k4/3P5/3a5/9/9/9/5R3/9/4r4/2B2KB2 b,-1,6925
4k4/3Pa4/9/9/9/9/5R3/9/4r4/2B2KB2 w,1,5365
4k4/3PaR3/9/9/9/9/9/9/4r4/2B2KB2 b,-1,1193
4k4/3P1R3/5a3/9/9/9/9/9/4r4/2B2KB2 w,1,1283
4k4/3P5/5R3/9/9/9/9/9/4r4/2B2KB2 b,-1,6925
4k4/3P5/5R3/9/9/9/9/9/9/2B1rKB2 w,1,7817
4k4/3P5/5R3/9/9/9/9/9/5K3/2B1r1B2 b,-1,7726
4k4/3P5/5R3/9/9/9/9/9/4rK3/2B3B2 w,1,7016
4k4/3P5/5R3/9/9/9/9/9/4r4/2B2KB2 b,-1,6925
rnbakabnr/9/1c5c1/p1p1p1p1p/9/9/P1P1P1P1P/1C5C1/9/RNBAKABNR w,0.014449762,5087
rnbakabnr/9/1c5c1/p1p1p1p1p/9/9/P1P1P1P1P/4C2C1/9/RNBAKABNR b,-0.012932254,110
r1bakabnr/9/1cn4c1/p1p1p1p1p/9/9/P1P1P1P1P/4C2C1/9/RNBAKABNR w,0.011422182,7445
r1bakabnr/9/1cn4c1/p1p1p1p1p/9/9/P1P1P1P1P/2N1C2C1/9/R1BAKABNR b,-0.012428113,3012
r1baka1nr/9/1cn1b2c1/p1p1p1p1p/9/9/P1P1P1P1P/2N1C2C1/9/R1BAKABNR w,0.028042147,7372
r1baka1nr/9/1cn1b2c1/p1p1p1p1p/9/9/P1P1P1P1P/2N1C2C1/9/1RBAKABNR b,-0.02165522,1
1rbaka1nr/9/1cn1b2c1/p1p1p1p1p/9/9/P1P1P1P1P/2N1C2C1/9/1RBAKABNR w,0.018024392,5087
1rbaka1nr/9/1cn1b2c1/p1p1p1p1p/9/9/P1P1P1P1P/2N1CC3/9/1RBAKABNR b,-0.012428113,2648
1rbaka2r/9/1cn1b1nc1/p1p1p1p1p/9/9/P1P1P1P1P/2N1CC3/9/1RBAKABNR w,0.019055555,5451
1rbaka2r/9/1cn1b1nc1/p1p1p1p1p/9/9/P1P1P1P1P/2N1CCN2/9/1RBAKAB1R b,-0.017510546,1765
1rbaka2r/9/1cn1b1nc1/p1p1p3p/6p2/9/P1P1P1P1P/2N1CCN2/9/1RBAKAB1R w,0.019572936,8098
1rbaka2r/9/1cn1b1nc1/p1p1p3p/6p2/9/P1P1P1P1P/2N1CCN2/9/1RBAKABR1 b,-0.014449762,727
1rbaka1r1/9/1cn1b1nc1/p1p1p3p/6p2/9/P1P1P1P1P/2N1CCN2/9/1RBAKABR1 w,0.016997816,7408
1rbaka1r1/9/1cn1b1nc1/p1p1p3p/6p2/2P6/P3P1P1P/2N1CCN2/9/1RBAKABR1 b,-0.008420906,1765
1rbaka1r1/9/2n1b1nc1/p1p1p3p/6p2/2P6/Pc2P1P1P/2N1CCN2/9/1RBAKABR1 w,0.012932254,7954
1rbaka1r1/9/2n1b1nc1/p1p1p3p/6p2/2PN5/Pc2P1P1P/4CCN2/9/1RBAKABR1 b,0.0014816026,2311
1rbaka1r1/9/2n1b1n2/p1p1p3p/6p2/2PN5/Pc2P1PcP/4CCN2/9/1RBAKABR1 w,-0.011924766,7816
1rbaka1r1/9/2n1bCn2/p1p1p3p/6p2/2PN5/Pc2P1PcP/4C1N2/9/1RBAKABR1 b,0.02535331,5548
1rbakabr1/9/2n2Cn2/p1p1p3p/6p2/2PN5/Pc2P1PcP/4C1N2/9/1RBAKABR1 w,0.04585602,6061
1rbakabr1/9/2n2Cn2/p1p1N3p/6p2/2P6/Pc2P1PcP/4C1N2/9/1RBAKABR1 b,-0.025618432,1831
1rbakabr1/9/5Cn2/p1p1n3p/6p2/2P6/Pc2P1PcP/4C1N2/9/1RBAKABR1 w,0.007799667,6061
1rbakabr1/9/5Cn2/p1p1C3p/6p2/2P6/Pc2P1PcP/6N2/9/1RBAKABR1 b,-0.014534511,109
2bakabr1/9/1r3Cn2/p1p1C3p/6p2/2P6/Pc2P1PcP/6N2/9/1RBAKABR1 w,-0.00084206735,2839
2bakabr1/9/1r3Cn2/p1p5p/6p2/2P1C4/Pc2P1PcP/6N2/9/1RBAKABR1 b,-0.019456778,1733
2bakabr1/9/5rn2/p1p5p/6p2/2P1C4/Pc2P1PcP/6N2/9/1RBAKABR1 w,0,7435
2bakabr1/9/5rn2/p1p5p/6p2/2P1C4/PR2P1PcP/6N2/9/2BAKABR1 b,0.0010268611,3831
2bakabr1/9/5r3/p1p5p/5np2/2P1C4/PR2P1PcP/6N2/9/2BAKABR1 w,0.00619123,4987
2bakabr1/9/5r3/p1p5p/1R3np2/2P1C4/P3P1PcP/6N2/9/2BAKABR1 b,-0.004460755,3750
2bakabr1/9/5r3/p1p5p/1R4p2/2P1C4/P3P1ncP/6N2/9/2BAKABR1 w,0.0050324383,3372
2bakabr1/9/5r3/p1p5p/6R2/2P1C4/P3P1ncP/6N2/9/2BAKABR1 b,-0.00657011,5449
2bakabr1/9/5r3/p1p5p/6R2/2P1n4/P3P2cP/6N2/9/2BAKABR1 w,0.004916287,5269
2bakabr1/9/5r3/p1p5p/6R2/2P1P4/P6cP/6N2/9/2BAKABR1 b,-0.0045435224,2129
2bakabr1/9/5r3/p1p5p/6R2/2P1P4/P7P/6Nc1/9/2BAKABR1 w,0.008180164,3831
2bakabr1/9/5r3/p1p5p/6R2/2P1P4/P7P/6Nc1/7R1/2BAKAB2 b,-0.0040337103,2129
2bakabr1/9/9/p1p5p/6R2/2P1P4/P7P/5rNc1/7R1/2BAKAB2 w,0.012272201,3831
2bakabr1/9/9/p1p5p/6R2/2P1P4/P7P/4BrNc1/7R1/2BAKA3 b,-0.008445668,6179
2baka1r1/9/4b4/p1p5p/6R2/2P1P4/P7P/4BrNc1/7R1/2BAKA3 w,0.016663142,3840
2baka1r1/9/4b4/p1p5p/9/2P1P4/P5R1P/4BrNc1/7R1/2BAKA3 b,-0.015159991,673
2baka1r1/9/4b4/p1p5p/9/2P1Pr3/P5R1P/4B1Nc1/7R1/2BAKA3 w,0.024572568,4450
2bakaRr1/9/4b4/p1p5p/9/2P1Pr3/P7P/4B1Nc1/7R1/2BAKA3 b,-0.0055693104,636
2bakar2/9/4b4/p1p5p/9/2P1Pr3/P7P/4B1Nc1/7R1/2BAKA3 w,0.0037041456,6260
2bakar2/9/4b4/p1p5p/9/2P1PN3/P7P/4B2c1/7R1/2BAKA3 b,-0.0028908907,6371
2bakar2/9/4b4/p1p5p/9/2P1PN3/P7P/4B3c/7R1/2BAKA3 w,0.002505492,4450
2bakar2/9/4b4/p1p5p/4P4/2P2N3/P7P/4B3c/7R1/2BAKA3 b,-0.0023778288,582
2bakar2/9/4b4/p1p5p/4P4/2P2N3/P7P/4B4/7R1/2BAKA2c w,0.005167056,7198
2bakar2/9/4b4/p1p5p/4P4/2P2N3/P7P/4B4/9/2BAKA1Rc b,-0.0044782516,8090
2bakar2/9/4b4/p1p5p/4P4/2P2N3/P7P/4B4/8c/2BAKA1R1 w,0.0043426533,7999
2bakar2/9/4b4/p1p1P3p/9/2P2N3/P7P/4B4/8c/2BAKA1R1 b,-0.0034111214,582
2baka3/9/4b1r2/p1p1P3p/9/2P2N3/P7P/4B4/8c/2BAKA1R1 w,0.009644108,2820
2baka3/9/4b1r2/p1p1P3p/3N5/2P6/P7P/4B4/8c/2BAKA1R1 b,-0.0048892875,2648
2baka3/9/4b4/p1p1P1r1p/3N5/2P6/P7P/4B4/8c/2BAKA1R1 w,0.071149275,3538
2baka3/9/4b4/pNp1P1r1p/9/2P6/P7P/4B4/8c/2BAKA1R1 b,-0.08290285,283
2baka3/6r2/4b4/pNp1P3p/9/2P6/P7P/4B4/8c/2BAKA1R1 w,0.095266186,2820
2baka3/6r2/4P4/pNp5p/9/2P6/P7P/4B4/8c/2BAKA1R1 b,0,1360
2baka3/1r7/4P4/pNp5p/9/2P6/P7P/4B4/8c/2BAKA1R1 w,0,2565
2baka3/1r7/4P4/pNp4Rp/9/2P6/P7P/4B4/8c/2BAKA3 b,0.0038835467,928
2baka3/9/4P4/prp4Rp/9/2P6/P7P/4B4/8c/2BAKA3 w,-0.0025708878,2001
2baka3/9/3P5/prp4Rp/9/2P6/P7P/4B4/8c/2BAKA3 b,0.0029274893,2539
2baka3/9/3P5/prp4Rp/9/2P6/P7P/4B4/9/2BAKA2c w,-0.002050809,3148
2baka3/9/3P5/prp4Rp/9/2P6/P7P/4B4/4A4/2BAK3c b,0.0023956893,2530
2baka3/9/3P5/p1p4Rp/9/2P6/Pr6P/4B4/4A4/2BAK3c w,-0.0014621638,1902
2baka3/3P5/9/p1p4Rp/9/2P6/Pr6P/4B4/4A4/2BAK3c b,0.0017964445,5004
2baka3/3P5/9/p1p4Rp/9/2P6/P2r4P/4B4/4A4/2BAK3c w,0.0005635236,1083
2baka3/2P6/9/p1p4Rp/9/2P6/P2r4P/4B4/4A4/2BAK3c b,0.003018034,5184
2baka3/2P6/9/p1p4Rp/9/2P6/P7r/4B4/4A4/2BAK3c w,-0.0025733486,1002
2baka3/2P6/9/p1p1R3p/9/2P6/P7r/4B4/4A4/2BAK3c b,0.0038972902,202
2bak4/2P1a4/9/p1p1R3p/9/2P6/P7r/4B4/4A4/2BAK3c w,-0.0019193201,992
2bak4/2P1a4/9/p1p4Rp/9/2P6/P7r/4B4/4A4/2BAK3c b,0.006416133,202
2bak4/2P1a4/9/p1p4Rp/9/2P6/P5r2/4B4/4A4/2BAK3c w,-0.0011361084,3095
2Pak4/4a4/9/p1p4Rp/9/2P6/P5r2/4B4/4A4/2BAK3c b,0.0032151819,5487
2Pak4/4a4/9/p1p4Rp/9/2P6/P8/4B4/4A4/2BAK1r1c w,-0.0020615198,6926
2Pak4/4a4/9/p1p4Rp/9/2P6/P8/4B4/9/2BAKAr1c b,0.0027641018,7863
2Pak4/4a4/9/p1p3rRp/9/2P6/P8/4B4/9/2BAKA2c w,-0.0018607373,3148
2Pak4/4a4/9/p1p3r1p/9/2P6/P8/4B4/9/2BAKA1Rc b,0.0029117335,8063
2Pak4/4a4/9/p1p3r1p/9/2P6/P7c/4B4/9/2BAKA1R1 w,-0.0024058758,7981
1P1ak4/4a4/9/p1p3r1p/9/2P6/P7c/4B4/9/2BAKA1R1 b,0.024501177,1175
1P1ak4/4a4/9/p1p3r1p/9/2P6/P3c4/4B4/9/2BAKA1R1 w,-0.016731583,7636
1P1ak4/4a4/9/p1p3r1p/9/2P6/P3c4/4B4/4A4/2BAK2R1 b,0.06957652,3194
1P1ak4/4a4/9/p1p2r2p/9/2P6/P3c4/4B4/4A4/2BAK2R1 w,-0.0124360435,7927
1P1ak2R1/4a4/9/p1p2r2p/9/2P6/P3c4/4B4/4A4/2BAK4 b,0.018921124,1175
1P1aka1R1/9/9/p1p2r2p/9/2P6/P3c4/4B4/4A4/2BAK4 w,-0.03069113,92
1P1aka3/9/9/p1p2r2p/9/2P6/P3c2R1/4B4/4A4/2BAK4 b,0.020736834,5251
1P1aka3/9/4c4/p1p2r2p/9/2P6/P6R1/4B4/4A4/2BAK4 w,-0.017255584,5548
1P1aka3/9/4c4/p1p2r2p/9/2P6/P3R4/4B4/4A4/2BAK4 b,0.02203736,2011
1P1aka3/4c4/9/p1p2r2p/9/2P6/P3R4/4B4/4A4/2BAK4 w,-0.004933856,5242
2Paka3/4c4/9/p1p2r2p/9/2P6/P3R4/4B4/4A4/2BAK4 b,0.005427831,1201
2Paka3/4c4/9/p1p4rp/9/2P6/P3R4/4B4/4A4/2BAK4 w,-0.005738955,5242
1P1aka3/4c4/9/p1p4rp/9/2P6/P3R4/4B4/4A4/2BAK4 b,0.049223285,1201
1P1aka3/4c4/9/2p4rp/p8/2P6/P3R4/4B4/4A4/2BAK4 w,-0.008148276,92
2Paka3/4c4/9/2p4rp/p8/2P6/P3R4/4B4/4A4/2BAK4 b,0.010431019,3148
2Paka3/4c4/9/2p5p/p8/2P6/P3R4/4B4/4A4/2BAK2r1 w,-0.015973281,6926
2Paka3/4c4/9/2p5p/p8/2P6/P3R4/4B4/9/2BAKA1r1 b,0.013455924,7981
2Paka3/4c4/9/2p5p/p6r1/2P6/P3R4/4B4/9/2BAKA3 w,-0.008286294,5251
2Paka3/4c4/9/2p5p/p6r1/2P6/P3R4/4B4/4A4/2B1KA3 b,0.010263653,3909
2Paka3/4c4/9/2p5p/p2r5/2P6/P3R4/4B4/4A4/2B1KA3 w,-0.008012112,5251
2Paka3/4c4/9/2p1R3p/p2r5/2P6/P8/4B4/4A4/2B1KA3 b,0.0062840907,2648
2Paka3/4c4/9/2p1R4/p2r4p/2P6/P8/4B4/4A4/2B1KA3 w,-0.0018607373,2819
2Paka3/4c4/9/2R6/p2r4p/2P6/P8/4B4/4A4/2B1KA3 b,0.0034071207,1210
2Paka3/4c4/9/2R6/p2r5/2P5p/P8/4B4/4A4/2B1KA3 w,-0.0008325618,4268
2Paka3/4c4/9/4R4/p2r5/2P5p/P8/4B4/4A4/2B1KA3 b,0.009919651,4832
2Paka3/4c4/3r5/4R4/p8/2P5p/P8/4B4/4A4/2B1KA3 w,-0.0011178944,4268
2Paka3/4c4/3r5/4R4/p1P6/8p/P8/4B4/4A4/2B1KA3 b,0.0021492029,1192
2Paka3/4c4/2r6/4R4/p1P6/8p/P8/4B4/4A4/2B1KA3 w,-0.0009459953,183
2Paka3/4c4/2r6/2P1R4/p8/8p/P8/4B4/4A4/2B1KA3 b,0.015797226,1802
2raka3/4c4/9/2P1R4/p8/8p/P8/4B4/4A4/2B1KA3 w,-0.01663198,7734
2raka3/4c4/9/3PR4/p8/8p/P8/4B4/4A4/2B1KA3 b,0.048159137,236
3aka3/4c4/2r6/3PR4/p8/8p/P8/4B4/4A4/2B1KA3 w,-0.028032446,2848
3aka3/4c4/2r6/3P5/p3R4/8p/P8/4B4/4A4/2B1KA3 b,0.028032446,4832
3aka3/4c4/r8/3P5/p3R4/8p/P8/4B4/4A4/2B1KA3 w,-0.012039137,3639
3aka3/4c4/r8/3P5/p2R5/8p/P8/4B4/4A4/2B1KA3 b,0.011275915,4822
3aka3/3c5/r8/3P5/p2R5/8p/P8/4B4/4A4/2B1KA3 w,-0.010732915,3554
3aka3/3c5/r8/3P5/p3R4/8p/P8/4B4/4A4/2B1KA3 b,0.008075789,283
4ka3/3ca4/r8/3P5/p3R4/8p/P8/4B4/4A4/2B1KA3 w,-0.008497411,2731
4ka3/3ca4/r8/3P5/pR7/8p/P8/4B4/4A4/2B1KA3 b,0.066150405,1647
3cka3/4a4/r8/3P5/pR7/8p/P8/4B4/4A4/2B1KA3 w,-0.013934768,3374
3cka3/4a4/r8/2P6/pR7/8p/P8/4B4/4A4/2B1KA3 b,0.036520623,4832
3cka3/4a4/r8/2P6/1R7/p7p/P8/4B4/4A4/2B1KA3 w,-0.010045912,4905
3cka3/4a4/r8/2P6/1R7/P7p/9/4B4/4A4/2B1KA3 b,0.0056232275,1665
3cka3/4a4/9/2P6/1R7/r7p/9/4B4/4A4/2B1KA3 w,-0.010602699,2630
3cka3/4a4/2P6/9/1R7/r7p/9/4B4/4A4/2B1KA3 b,0.008330048,327
3cka3/4a4/2P6/9/1R7/3r4p/9/4B4/4A4/2B1KA3 w,-0.0044229818,1811
3cka3/2P1a4/9/9/1R7/3r4p/9/4B4/4A4/2B1KA3 b,0.0047714105,4377
3cka3/2P1a4/3r5/9/1R7/8p/9/4B4/4A4/2B1KA3 w,-0.00070385437,3376
3cka3/2P1a4/3r5/1R7/9/8p/9/4B4/4A4/2B1KA3 b,0.0055338405,1947
3cka3/2P1a4/3r5/1R7/9/7p1/9/4B4/4A4/2B1KA3 w,-0.0008756476,2566
3cka3/2P1a4/3r5/2R6/9/7p1/9/4B4/4A4/2B1KA3 b,0.0077685467,270
3cka3/2P1a4/3r5/2R6/9/9/7p1/4B4/4A4/2B1KA3 w,-0.006169691,2644
3cka3/3Pa4/3r5/2R6/9/9/7p1/4B4/4A4/2B1KA3 b,0.11775906,1902
3cka3/3ra4/9/2R6/9/9/7p1/4B4/4A4/2B1KA3 w,-0.14408758,2666
3cka3/3ra4/9/9/9/9/2R4p1/4B4/4A4/2B1KA3 b,0.14841306,5560
3cka3/3ra4/9/9/9/9/2R6/4B2p1/4A4/2B1KA3 w,-0.13373171,5101
3cka3/3ra4/9/2R6/9/9/9/4B2p1/4A4/2B1KA3 b,0.20608285,1137
3cka3/4a4/9/2R6/9/3r5/9/4B2p1/4A4/2B1KA3 w,-0.12782508,2644
3cka3/4a4/9/9/9/3r5/2R6/4B2p1/4A4/2B1KA3 b,0.17166369,291
3cka3/4a4/9/3r5/9/9/2R6/4B2p1/4A4/2B1KA3 w,-0.13986742,5101
3cka3/4a4/9/3r5/9/9/7R1/4B2p1/4A4/2B1KA3 b,0.18433134,6369
3cka3/4a4/9/3r5/9/9/7R1/4B1p2/4A4/2B1KA3 w,-0.16439998,5544
3cka3/4a4/9/3r5/9/9/6R2/4B1p2/4A4/2B1KA3 b,0.16439998,6280
3cka3/4a4/9/3r5/9/9/6R2/4B2p1/4A4/2B1KA3 w,-0.17414078,5461
3cka3/4a4/9/3r5/9/9/1R7/4B2p1/4A4/2B1KA3 b,0.20608285,2734
3cka3/4a4/9/3r5/9/9/1R7/4B4/4A2p1/2B1KA3 w,-0.19497737,6081
3cka3/4a4/9/3r5/9/9/7R1/4B4/4A2p1/2B1KA3 b,0.19497737,7188
3cka3/4a4/9/3r5/9/9/7R1/4B4/4A1p2/2B1KA3 w,-0.2089313,5550
3cka3/4a4/9/3r5/9/9/4R4/4B4/4A1p2/2B1KA3 b,0.39810643,291
3cka3/4a4/9/3r5/9/9/4R4/4B4/4Ap3/2B1KA3 w,-0.20608285,5279
3cka3/4a4/9/3r5/9/9/5R3/4B4/4Ap3/2B1KA3 b,0.2617452,7008
3cka3/4a4/9/3r5/9/9/5R3/4B4/4A1p2/2B1KA3 w,-0.19227292,5372
rnbakabnr/9/1c5c1/p1p1p1p1p/9/9/P1P1P1P1P/1C5C1/9/RNBAKABNR w,0.014449762,5087
rnbakabnr/9/1c5c1/p1p1p1p1p/9/9/P1P1P1P1P/4C2C1/9/RNBAKABNR b,-0.012932254,110
r1bakabnr/9/1cn4c1/p1p1p1p1p/9/9/P1P1P1P1P/4C2C1/9/RNBAKABNR w,0.011422182,7445
r1bakabnr/9/1cn4c1/p1p1p1p1p/9/9/P1P1P1P1P/2N1C2C1/9/R1BAKABNR b,-0.012428113,3012
r1baka1nr/9/1cn1b2c1/p1p1p1p1p/9/9/P1P1P1P1P/2N1C2C1/9/R1BAKABNR w,0.028042147,7372
r1baka1nr/9/1cn1b2c1/p1p1p1p1p/9/9/P1P1P1P1P/2N1C2C1/9/1RBAKABNR b,-0.02165522,1
1rbaka1nr/9/1cn1b2c1/p1p1p1p1p/9/9/P1P1P1P1P/2N1C2C1/9/1RBAKABNR w,0.018024392,5087
1rbaka1nr/9/1cn1b2c1/p1p1p1p1p/9/9/P1P1P1P1P/2N1CC3/9/1RBAKABNR b,-0.012428113,2648
1rbaka2r/9/1cn1b1nc1/p1p1p1p1p/9/9/P1P1P1P1P/2N1CC3/9/1RBAKABNR w,0.019055555,5451
1rbaka2r/9/1cn1b1nc1/p1p1p1p1p/9/9/P1P1P1P1P/2N1CCN2/9/1RBAKAB1R b,-0.017510546,1765
1rbaka2r/9/1cn1b1nc1/p1p1p3p/6p2/9/P1P1P1P1P/2N1CCN2/9/1RBAKAB1R w,0.019572936,8098
1rbaka2r/9/1cn1b1nc1/p1p1p3p/6p2/9/P1P1P1P1P/2N1CCN2/9/1RBAKABR1 b,-0.014449762,727
1rbaka1r1/9/1cn1b1nc1/p1p1p3p/6p2/9/P1P1P1P1P/2N1CCN2/9/1RBAKABR1 w,0.016997816,7408
1rbaka1r1/9/1cn1b1nc1/p1p1p3p/6p2/2P6/P3P1P1P/2N1CCN2/9/1RBAKABR1 b,-0.008420906,1765
1rbaka1r1/9/2n1b1nc1/p1p1p3p/6p2/2P6/Pc2P1P1P/2N1CCN2/9/1RBAKABR1 w,0.012932254,7954
1rbaka1r1/9/2n1b1nc1/p1p1p3p/6p2/2PN5/Pc2P1P1P/4CCN2/9/1RBAKABR1 b,0.0014816026,2311
1rbaka1r1/9/2n1b1n2/p1p1p3p/6p2/2PN5/Pc2P1PcP/4CCN2/9/1RBAKABR1 w,-0.011924766,7816
1rbaka1r1/9/2n1bCn2/p1p1p3p/6p2/2PN5/Pc2P1PcP/4C1N2/9/1RBAKABR1 b,0.02535331,5548
1rbakabr1/9/2n2Cn2/p1p1p3p/6p2/2PN5/Pc2P1PcP/4C1N2/9/1RBAKABR1 w,0.04585602,6061
1rbakabr1/9/2n2Cn2/p1p1N3p/6p2/2P6/Pc2P1PcP/4C1N2/9/1RBAKABR1 b,-0.025618432,1831
1rbakabr1/9/5Cn2/p1p1n3p/6p2/2P6/Pc2P1PcP/4C1N2/9/1RBAKABR1 w,0.007799667,6061
1rbakabr1/9/5Cn2/p1p1C3p/6p2/2P6/Pc2P1PcP/6N2/9/1RBAKABR1 b,-0.014534511,109
2bakabr1/9/1r3Cn2/p1p1C3p/6p2/2P6/Pc2P1PcP/6N2/9/1RBAKABR1 w,-0.00084206735,2839
2bakabr1/9/1r3Cn2/p1p5p/6p2/2P1C4/Pc2P1PcP/6N2/9/1RBAKABR1 b,-0.019456778,1733
2bakabr1/9/5rn2/p1p5p/6p2/2P1C4/Pc2P1PcP/6N2/9/1RBAKABR1 w,0,7435
2bakabr1/9/5rn2/p1p5p/6p2/2P1C4/PR2P1PcP/6N2/9/2BAKABR1 b,0.0010268611,3831
2bakabr1/9/5r3/p1p5p/5np2/2P1C4/PR2P1PcP/6N2/9/2BAKABR1 w,0.00619123,4987
2bakabr1/9/5r3/p1p5p/1R3np2/2P1C4/P3P1PcP/6N2/9/2BAKABR1 b,-0.004460755,3750
2bakabr1/9/5r3/p1p5p/1R4p2/2P1C4/P3P1ncP/6N2/9/2BAKABR1 w,0.0050324383,3372
2bakabr1/9/5r3/p1p5p/6R2/2P1C4/P3P1ncP/6N2/9/2BAKABR1 b,-0.00657011,5449
2bakabr1/9/5r3/p1p5p/6R2/2P1n4/P3P2cP/6N2/9/2BAKABR1 w,0.004916287,5269
2bakabr1/9/5r3/p1p5p/6R2/2P1P4/P6cP/6N2/9/2BAKABR1 b,-0.0045435224,2129
2bakabr1/9/5r3/p1p5p/6R2/2P1P4/P7P/6Nc1/9/2BAKABR1 w,0.008180164,3831
2bakabr1/9/5r3/p1p5p/6R2/2P1P4/P7P/6Nc1/7R1/2BAKAB2 b,-0.0040337103,2129
2bakabr1/9/9/p1p5p/6R2/2P1P4/P7P/5rNc1/7R1/2BAKAB2 w,0.012272201,3831
2bakabr1/9/9/p1p3R1p/9/2P1P4/P7P/5rNc1/7R1/2BAKAB2 b,-0.007651792,6179
2bakab2/9/9/p1p3R1p/9/2P1P4/P6rP/5rNc1/7R1/2BAKAB2 w,0.049776442,2976
2bakaR2/9/9/p1p5p/9/2P1P4/P6rP/5rNc1/7R1/2BAKAB2 b,-0.05478155,2648
2bakaR2/9/9/p1p5p/9/2P1P4/P3r3P/5rNc1/7R1/2BAKAB2 w,0.49902156,7816
2bakaR2/9/9/p1p5p/9/2P1P4/P3r3P/5rNc1/4A2R1/2BAK1B2 b,-0.49075776,5269
2bakaR2/9/9/p1p5p/9/2P1P4/P3r3P/5rN1c/4A2R1/2BAK1B2 w,0.591632,7897
2bakaR2/9/9/p1p5p/9/2P1P4/P3r3P/5rN1c/4A4/2BAK1BR1 b,-0.41713402,5269
2bakaR2/9/9/p1p5p/9/2P1P4/P3r3P/5rN2/4A4/2BAK1BRc w,0.5210479,8009
2baka3/6R2/9/p1p5p/9/2P1P4/P3r3P/5rN2/4A4/2BAK1BRc b,-0.42250365,5269
2baka3/6R2/9/p1p5p/9/2P1r4/P7P/5rN2/4A4/2BAK1BRc w,0.41157866,8009
2baka3/9/9/p1p3R1p/9/2P1r4/P7P/5rN2/4A4/2BAK1BRc b,-0.30270866,6185
2baka3/9/9/p1p3R1p/9/2P1r4/P7P/2r3N2/4A4/2BAK1BRc w,0.35148326,8009
2baka3/9/9/p1p3R1p/9/2P1r4/P7P/2r3N2/4A4/2BAK1B1R b,-0.35509315,5933
2baka3/9/9/p1p3R1p/9/2P1r4/P7P/6N2/4A4/2rAK1B1R w,0.33433753,2999
2baka3/9/9/p1p3R1p/9/2P1r4/P7P/6N2/4A4/2rAK1BR1 b,-0.31380683,7517
2baka3/9/9/p5R1p/2p6/2P1r4/P7P/6N2/4A4/2rAK1BR1 w,0.41365916,4268
2baka3/9/9/p5RRp/2p6/2P1r4/P7P/6N2/4A4/2rAK1B2 b,-0.33173466,3467
2baka3/9/9/p5RRp/9/2p1r4/P7P/6N2/4A4/2rAK1B2 w,0.34519288,3112
2baka3/9/9/p3R2Rp/9/2p1r4/P7P/6N2/4A4/2rAK1B2 b,-0.31899947,4441
2baka3/9/9/p3r2Rp/9/2p6/P7P/6N2/4A4/2rAK1B2 w,0.26036352,3091
2baka3/9/9/p3R3p/9/2p6/P7P/6N2/4A4/2rAK1B2 b,-0.3500691,283
2bak4/4a4/9/p3R3p/9/2p6/P7P/6N2/4A4/2rAK1B2 w,0.4278799,2825
2bak4/4a4/9/p3R3p/9/2p6/P3N3P/9/4A4/2rAK1B2 b,-0.39012057,7526
2bak4/4a4/9/p3R3p/9/2p6/P1r1N3P/9/4A4/3AK1B2 w,0.34299052,5271
2bak4/4a4/9/p3R3p/3N5/2p6/P1r5P/9/4A4/3AK1B2 b,-0.31539053,5102
2bak4/4a4/9/p3R3p/3N5/2p6/P7r/9/4A4/3AK1B2 w,0.33296016,3538
2bak4/4a4/9/pN2R3p/9/2p6/P7r/9/4A4/3AK1B2 b,-0.34370533,5637
2bak4/4a4/9/pN2R3p/9/2p6/P4r3/9/4A4/3AK1B2 w,0.35095954,2567
2bak4/2N1a4/9/p3R3p/9/2p6/P4r3/9/4A4/3AK1B2 b,-0.18802717,365
2ba1k3/2N1a4/9/p3R3p/9/2p6/P4r3/9/4A4/3AK1B2 w,0.197995,2817
2ba1k3/2N1a4/9/p7R/9/2p6/P4r3/9/4A4/3AK1B2 b,-0.11058812,4276
2ba1k3/2N1a4/9/p7R/9/9/P1p2r3/9/4A4/3AK1B2 w,0.21186791,3177
2ba1k2R/2N1a4/9/p8/9/9/P1p2r3/9/4A4/3AK1B2 b,-0.11385717,464
2ba4R/2N1ak3/9/p8/9/9/P1p2r3/9/4A4/3AK1B2 w,0.099786125,1020
2ba5/2N1ak2R/9/p8/9/9/P1p2r3/9/4A4/3AK1B2 b,-0.10740148,1265
2ba1k3/2N1a3R/9/p8/9/9/P1p2r3/9/4A4/3AK1B2 w,0.11058812,1018
2ba1k3/2N1a4/8R/p8/9/9/P1p2r3/9/4A4/3AK1B2 b,-0.07062948,5095
2ba1k3/2N1a4/8R/p4r3/9/9/P1p6/9/4A4/3AK1B2 w,0.11221225,2402
2ba1k3/2N1a4/6R2/p4r3/9/9/P1p6/9/4A4/3AK1B2 b,-0.03082721,5095
2ba1k3/2N1a4/6R2/p1r6/9/9/P1p6/9/4A4/3AK1B2 w,0.03850576,990
2ba1kR2/2N1a4/9/p1r6/9/9/P1p6/9/4A4/3AK1B2 b,-0.018107649,464
2ba2R2/2N1ak3/9/p1r6/9/9/P1p6/9/4A4/3AK1B2 w,0.021300137,990
2ba5/2N1akR2/9/p1r6/9/9/P1p6/9/4A4/3AK1B2 b,-0.019641686,1265
2ba1k3/2N1a1R2/9/p1r6/9/9/P1p6/9/4A4/3AK1B2 w,0.023092814,990
N1ba1k3/4a1R2/9/p1r6/9/9/P1p6/9/4A4/3AK1B2 b,-0.019325228,202
N1ba1k3/4a1R2/2r6/p8/9/9/P1p6/9/4A4/3AK1B2 w,0.0323376,1356
N1ba1kR2/4a4/2r6/p8/9/9/P1p6/9/4A4/3AK1B2 b,-0.019641686,464
N1ba2R2/4ak3/2r6/p8/9/9/P1p6/9/4A4/3AK1B2 w,0.022723047,555
N1ba5/4ak3/2r6/p8/9/9/P1p6/6R2/4A4/3AK1B2 b,-0.023468368,2466
N1ba5/4ak3/2r6/p8/9/9/P8/2p3R2/4A4/3AK1B2 w,0.029858166,6225
N1ba5/4ak3/2r6/p8/9/9/P8/2p2R3/4A4/3AK1B2 b,-0.026266739,1193
N1ba5/4ak3/5r3/p8/9/9/P8/2p2R3/4A4/3AK1B2 w,0.14721371,6185
N1ba5/4ak3/5r3/p8/9/9/P8/2R6/4A4/3AK1B2 b,-0.099829346,2094
N2a5/4ak3/b4r3/p8/9/9/P8/2R6/4A4/3AK1B2 w,0.19930854,11
3a5/2N1ak3/b4r3/p8/9/9/P8/2R6/4A4/3AK1B2 b,-0.22168344,2094
3a1k3/2N1a4/b4r3/p8/9/9/P8/2R6/4A4/3AK1B2 w,0.29908168,7897
3a1k3/2N1a4/b4r3/p8/9/9/P1R6/9/4A4/3AK1B2 b,-0.2520966,2094
2ba1k3/2N1a4/5r3/p8/9/9/P1R6/9/4A4/3AK1B2 w,0.27833697,5069
2ba1k3/4a4/5r3/p2N5/9/9/P1R6/9/4A4/3AK1B2 b,-0.26174173,2102
2ba1k3/4a4/9/p2N1r3/9/9/P1R6/9/4A4/3AK1B2 w,0.22754979,2737
2ba1k3/4a4/1N7/p4r3/9/9/P1R6/9/4A4/3AK1B2 b,-0.23960799,198
3a1k3/4a4/1N2b4/p4r3/9/9/P1R6/9/4A4/3AK1B2 w,0.21592604,5105
3a1k3/4a4/1N2b4/p4r3/9/9/P3R4/9/4A4/3AK1B2 b,-0.21879111,2913
3a1kb2/4a4/1N7/p4r3/9/9/P3R4/9/4A4/3AK1B2 w,0.22754979,5260
3a1kb2/3Na4/9/p4r3/9/9/P3R4/9/4A4/3AK1B2 b,-0.18620895,566
3a1kb2/3Na4/9/p5r2/9/9/P3R4/9/4A4/3AK1B2 w,0.17137825,7897
3a1kb2/3Na4/9/p5r2/9/9/P3R4/8B/4A4/3AK4 b,-0.17867325,566
3a1kb2/3Na4/9/p4r3/9/9/P3R4/8B/4A4/3AK4 w,0.23052374,1111
3a1kb2/3Na4/9/p3Rr3/9/9/P8/8B/4A4/3AK4 b,-0.09537874,2911
3a1kb2/3Na4/9/p3r4/9/9/P8/8B/4A4/3AK4 w,0.2017125,1111
3a1kb2/4a4/9/p3N4/9/9/P8/8B/4A4/3AK4 b,-0.9866341,562
3a1kb2/4a4/9/4N4/p8/9/P8/8B/4A4/3AK4 w,0.9797738,2838
3a1kb2/4a4/6N2/9/p8/9/P8/8B/4A4/3AK4 b,-0.989145,464
3ak1b2/4a4/6N2/9/p8/9/P8/8B/4A4/3AK4 w,0.98987347,6926
3ak1b2/4a4/9/9/p4N3/9/P8/8B/4A4/3AK4 b,-0.951091,3285
3ak1b2/9/3a5/9/p4N3/9/P8/8B/4A4/3AK4 w,0.9811193,3720
3ak1b2/9/3a5/9/p4N3/9/P8/8B/4A4/3A1K3 b,-0.8933245,283
4k1b2/4a4/3a5/9/p4N3/9/P8/8B/4A4/3A1K3 w,0.8791859,7825
4k1b2/4a4/3a5/7N1/p8/9/P8/8B/4A4/3A1K3 b,-0.9273315,363
3k2b2/4a4/3a5/7N1/p8/9/P8/8B/4A4/3A1K3 w,0.6728293,3101
3k2b2/4a4/3a5/7N1/p8/9/P8/3A4B/9/3A1K3 b,-0.85496944,282
3k5/4a4/3ab4/7N1/p8/9/P8/3A4B/9/3A1K3 w,0.6412042,7825
3k5/4a4/3ab4/9/p4N3/9/P8/3A4B/9/3A1K3 b,-0.8460452,1986
3k5/4a4/3a5/9/p4Nb2/9/P8/3A4B/9/3A1K3 w,0.8998326,3720
3k5/4a4/3a5/9/p5b2/3N5/P8/3A4B/9/3A1K3 b,-0.9059854,3806
4k4/4a4/3a5/9/p5b2/3N5/P8/3A4B/9/3A1K3 w,0.9059854,4349
4k4/4a4/3a5/2N6/p5b2/9/P8/3A4B/9/3A1K3 b,-0.9273315,3285
4k4/9/3a1a3/2N6/p5b2/9/P8/3A4B/9/3A1K3 w,0.9172828,2620
4k4/9/3a1a3/9/N5b2/9/P8/3A4B/9/3A1K3 b,-0.9154093,3806
4k4/4a4/3a5/9/N5b2/9/P8/3A4B/9/3A1K3 w,0.9892471,6016
4k4/4a4/3a5/2N6/6b2/9/P8/3A4B/9/3A1K3 b,-0.9947023,3806
4k4/9/3a1a3/2N6/6b2/9/P8/3A4B/9/3A1K3 w,0.994211,2650
4k4/9/3a1a3/2N6/6b2/9/P8/3A4B/4A4/5K3 b,-0.9392463,3806
4k4/4a4/3a5/2N6/6b2/9/P8/3A4B/4A4/5K3 w,0.9833062,2650
4k4/4a4/3a5/2N6/6b2/P8/9/3A4B/4A4/5K3 b,-0.994211,1193
4k4/9/3a1a3/2N6/6b2/P8/9/3A4B/4A4/5K3 w,0.9959408,2650
4k4/9/3a1a3/2N6/6b2/P8/9/3A1A2B/9/5K3 b,-0.9936745,3806
4k4/4a4/3a5/2N6/6b2/P8/9/3A1A2B/9/5K3 w,0.99918205,7825
4k4/4a4/3a5/2N6/P5b2/9/9/3A1A2B/9/5K3 b,-0.9901554,3806
4ka3/9/3a5/2N6/P5b2/9/9/3A1A2B/9/5K3 w,0.99976516,2650
4ka3/9/3a5/9/P3N1b2/9/9/3A1A2B/9/5K3 b,-0.99931556,463
4k4/4a4/3a5/9/P3N1b2/9/9/3A1A2B/9/5K3 w,0.9999698,3633
4k4/4a4/3a5/P8/4N1b2/9/9/3A1A2B/9/5K3 b,-0.9892471,365
4k4/4a4/3ab4/P8/4N4/9/9/3A1A2B/9/5K3 w,0.9976188,7825
4k4/4a4/3ab4/1P7/4N4/9/9/3A1A2B/9/5K3 b,-0.9947023,365
4k4/4a4/3a5/1P7/4N1b2/9/9/3A1A2B/9/5K3 w,0.9994273,3633
4k4/4a4/3a5/2P6/4N1b2/9/9/3A1A2B/9/5K3 b,-0.99918205,3802
4k4/4a4/3ab4/2P6/4N4/9/9/3A1A2B/9/5K3 w,0.9993739,6196
4k4/4a4/3ab4/3P5/4N4/9/9/3A1A2B/9/5K3 b,-0.998007,365
5k3/4a4/3ab4/3P5/4N4/9/9/3A1A2B/9/5K3 w,0.99847406,6441
5k3/4a4/3ab4/3P5/4N4/6B2/9/3A1A3/9/5K3 b,-0.9959408,1982
4k4/4a4/3ab4/3P5/4N4/6B2/9/3A1A3/9/5K3 w,0.9998035,6196
4k4/4a4/3Pb4/9/4N4/6B2/9/3A1A3/9/5K3 b,-0.000000000000000000000018723271,1191
4k4/9/3ab4/9/4N4/6B2/9/3A1A3/9/5K3 w,0,3621
4k4/9/3Nb4/9/9/6B2/9/3A1A3/9/5K3 b,-0,373
3k5/9/3Nb4/9/9/6B2/9/3A1A3/9/5K3 w,0,7817
3k5/9/3Nb4/9/9/9/9/3A1A2B/9/5K3 b,-0,2022
9/3k5/3Nb4/9/9/9/9/3A1A2B/9/5K3 w,0,1930
9/3k5/4b4/9/4N4/9/9/3A1A2B/9/5K3 b,-0,1093
9/4k4/4b4/9/4N4/9/9/3A1A2B/9/5K3 w,0,6477
9/4k4/4b4/9/4N4/9/9/3A4B/4A4/5K3 b,-0,1986
9/4k4/9/9/2b1N4/9/9/3A4B/4A4/5K3 w,0,6441
9/4k4/3N5/9/2b6/9/9/3A4B/4A4/5K3 b,-0,3442
9/4k4/3Nb4/9/9/9/9/3A4B/4A4/5K3 w,0,1930
9/4k4/4b4/1N7/9/9/9/3A4B/4A4/5K3 b,-0,1182
9/4k4/9/1N7/6b2/9/9/3A4B/4A4/5K3 w,0,6908
9/4k4/9/9/3N2b2/9/9/3A4B/4A4/5K3 b,-0,1174
4k4/9/9/9/3N2b2/9/9/3A4B/4A4/5K3 w,0,6908
4k4/9/9/5N3/6b2/9/9/3A4B/4A4/5K3 b,-0,363
3k5/9/9/5N3/6b2/9/9/3A4B/4A4/5K3 w,0,7825
3k5/9/3N5/9/6b2/9/9/3A4B/4A4/5K3 b,-0,3806
3k5/9/3Nb4/9/9/9/9/3A4B/4A4/5K3 w,0,6441
3k5/1N7/4b4/9/9/9/9/3A4B/4A4/5K3 b,-0,274
4k4/1N7/4b4/9/9/9/9/3A4B/4A4/5K3 w,0,6441
4k4/1N7/4b4/9/9/9/9/3A4B/4AK3/9 b,-0,1986
4k4/1N7/9/9/6b2/9/9/3A4B/4AK3/9 w,0,7016
4k4/9/9/2N6/6b2/9/9/3A4B/4AK3/9 b,-0,363
9/4k4/9/2N6/6b2/9/9/3A4B/4AK3/9 w,0,6908
9/4k4/9/2N6/6b2/9/9/3A1A2B/5K3/9 b,-0,1174
9/4k4/4b4/2N6/9/9/9/3A1A2B/5K3/9 w,1,7006
9/4k4/4b4/2N6/9/9/9/3A1A2B/4K4/9 b,-1,1174
9/5k3/4b4/2N6/9/9/9/3A1A2B/4K4/9 w,1,2632
9/5k3/4N4/9/9/9/9/3A1A2B/4K4/9 b,-1,1273
9/4k4/4N4/9/9/9/9/3A1A2B/4K4/9 w,1,6441
9/4k4/4N4/9/9/9/9/3A1A2B/9/4K4 b,-1,1174
4k4/9/4N4/9/9/9/9/3A1A2B/9/4K4 w,1,7726
4k4/9/4N4/9/9/9/9/3A1A2B/9/5K3 b,-1,373
9/4k4/4N4/9/9/9/9/3A1A2B/9/5K3 w,1,2021
9/4k4/9/9/5N3/9/9/3A1A2B/9/5K3 b,-1,1174
9/3k5/9/9/5N3/9/9/3A1A2B/9/5K3 w,1,3720
9/3k5/9/3N5/9/9/9/3A1A2B/9/5K3 b,-1,1083
9/9/3k5/3N5/9/9/9/3A1A2B/9/5K3 w,1,7825
9/9/3k5/3N5/9/9/9/3A1A2B/9/4K4 b,-1,1902
9/3k5/9/3N5/9/9/9/3A1A2B/9/4K4 w,1,2719
9/3k5/9/3N5/9/6B2/9/3A1A3/9/4K4 b,-1,1083
9/9/3k5/3N5/9/6B2/9/3A1A3/9/4K4 w,1,2719
rnbakabnr/9/1c5c1/p1p1p1p1p/9/9/P1P1P1P1P/1C5C1/9/RNBAKABNR w,0.014449762,5087
rnbakabnr/9/1c5c1/p1p1p1p1p/9/9/P1P1P1P1P/4C2C1/9/RNBAKABNR b,-0.012932254,110
r1bakabnr/9/1cn4c1/p1p1p1p1p/9/9/P1P1P1P1P/4C2C1/9/RNBAKABNR w,0.011422182,7445
r1bakabnr/9/1cn4c1/p1p1p1p1p/9/9/P1P1P1P1P/2N1C2C1/9/R1BAKABNR b,-0.012428113,3012
r1baka1nr/9/1cn1b2c1/p1p1p1p1p/9/9/P1P1P1P1P/2N1C2C1/9/R1BAKABNR w,0.028042147,7372
r1baka1nr/9/1cn1b2c1/p1p1p1p1p/9/9/P1P1P1P1P/2N1C2C1/9/1RBAKABNR b,-0.02165522,1
1rbaka1nr/9/1cn1b2c1/p1p1p1p1p/9/9/P1P1P1P1P/2N1C2C1/9/1RBAKABNR w,0.018024392,5087
1rbaka1nr/9/1cn1b2c1/p1p1p1p1p/9/9/P1P1P1P1P/2N1CC3/9/1RBAKABNR b,-0.012428113,2648
1rbaka2r/9/1cn1b1nc1/p1p1p1p1p/9/9/P1P1P1P1P/2N1CC3/9/1RBAKABNR w,0.019055555,5451
1rbaka2r/9/1cn1b1nc1/p1p1p1p1p/9/9/P1P1P1P1P/2N1CCN2/9/1RBAKAB1R b,-0.017510546,1765
1rbaka2r/9/1cn1b1nc1/p1p1p3p/6p2/9/P1P1P1P1P/2N1CCN2/9/1RBAKAB1R w,0.019572936,8098
1rbaka2r/9/1cn1b1nc1/p1p1p3p/6p2/9/P1P1P1P1P/2N1CCN2/9/1RBAKABR1 b,-0.014449762,727
1rbaka1r1/9/1cn1b1nc1/p1p1p3p/6p2/9/P1P1P1P1P/2N1CCN2/9/1RBAKABR1 w,0.016997816,7408
1rbaka1r1/9/1cn1b1nc1/p1p1p3p/6p2/2P6/P3P1P1P/2N1CCN2/9/1RBAKABR1 b,-0.008420906,1765
1rbaka1r1/9/2n1b1nc1/p1p1p3p/6p2/2P6/Pc2P1P1P/2N1CCN2/9/1RBAKABR1 w,0.012932254,7954
1rbaka1r1/9/2n1b1nc1/p1p1p3p/6p2/2PN5/Pc2P1P1P/4CCN2/9/1RBAKABR1 b,0.0014816026,2311
1rbaka1r1/9/2n1b1n2/p1p1p3p/6p2/2PN5/Pc2P1PcP/4CCN2/9/1RBAKABR1 w,-0.011924766,7816
1rbaka1r1/9/2n1bCn2/p1p1p3p/6p2/2PN5/Pc2P1PcP/4C1N2/9/1RBAKABR1 b,0.02535331,5548
1rbakabr1/9/2n2Cn2/p1p1p3p/6p2/2PN5/Pc2P1PcP/4C1N2/9/1RBAKABR1 w,0.04585602,6061
1rbakabr1/9/2n2Cn2/p1p1N3p/6p2/2P6/Pc2P1PcP/4C1N2/9/1RBAKABR1 b,-0.025618432,1831
1rbakabr1/9/5Cn2/p1p1n3p/6p2/2P6/Pc2P1PcP/4C1N2/9/1RBAKABR1 w,0.007799667,6061
1rbakabr1/9/5Cn2/p1p1C3p/6p2/2P6/Pc2P1PcP/6N2/9/1RBAKABR1 b,-0.014534511,109
2bakabr1/9/1r3Cn2/p1p1C3p/6p2/2P6/Pc2P1PcP/6N2/9/1RBAKABR1 w,-0.00084206735,2839
2bakabr1/9/1r3Cn2/p1p5p/6p2/2P1C4/Pc2P1PcP/6N2/9/1RBAKABR1 b,-0.019456778,1733
2bakabr1/9/5rn2/p1p5p/6p2/2P1C4/Pc2P1PcP/6N2/9/1RBAKABR1 w,0,7435
2bakabr1/9/5rn2/p1p5p/6p2/2P1C4/PR2P1PcP/6N2/9/2BAKABR1 b,0.0010268611,3831
2bakabr1/9/5r3/p1p5p/5np2/2P1C4/PR2P1PcP/6N2/9/2BAKABR1 w,0.00619123,4987
2bakabr1/9/5r3/p1p5p/1R3np2/2P1C4/P3P1PcP/6N2/9/2BAKABR1 b,-0.004460755,3750
2bakabr1/9/5r3/p1p5p/1R4p2/2P1C4/P3P1ncP/6N2/9/2BAKABR1 w,0.0050324383,3372
2bakabr1/9/5r3/p1p5p/6R2/2P1C4/P3P1ncP/6N2/9/2BAKABR1 b,-0.00657011,5449
2bakabr1/9/5r3/p1p5p/6R2/2P1n4/P3P2cP/6N2/9/2BAKABR1 w,0.004916287,5269
2bakabr1/9/5r3/p1p5p/6R2/2P1P4/P6cP/6N2/9/2BAKABR1 b,-0.0045435224,2129
2bakabr1/9/5r3/p1p5p/6R2/2P1P4/P7P/6Nc1/9/2BAKABR1 w,0.008180164,3831
2bakabr1/9/5r3/p1p5p/6R2/2P1P4/P7P/6Nc1/7R1/2BAKAB2 b,-0.0040337103,2129
2bakabr1/9/9/p1p5p/6R2/2P1P4/P7P/5rNc1/7R1/2BAKAB2 w,0.012272201,3831
2bakabr1/9/9/p1p5p/6R2/2P1P4/P7P/4BrNc1/7R1/2BAKA3 b,-0.008445668,6179
2baka1r1/9/4b4/p1p5p/6R2/2P1P4/P7P/4BrNc1/7R1/2BAKA3 w,0.016663142,3840
2baka1r1/9/4b4/p1p5p/9/2P1P4/P5R1P/4BrNc1/7R1/2BAKA3 b,-0.015159991,673
2baka1r1/9/4b4/p1p5p/9/2P1Pr3/P5R1P/4B1Nc1/7R1/2BAKA3 w,0.024572568,4450
2baka1r1/9/4b4/p1p5p/9/2P1Pr3/P3R3P/4B1Nc1/7R1/2BAKA3 b,-0.017897664,4568
2baka1r1/9/4b4/p1p5p/5r3/2P1P4/P3R3P/4B1Nc1/7R1/2BAKA3 w,0.025292547,4450
2baka1r1/9/4b4/p1p5p/4Pr3/2P6/P3R3P/4B1Nc1/7R1/2BAKA3 b,-0.023862964,3713
2baka1r1/9/4b4/p1p5p/4P4/2P6/P3R3P/4BrNc1/7R1/2BAKA3 w,0.021457007,5280
2baka1r1/9/4b4/p1p5p/4P4/2P6/P5R1P/4BrNc1/7R1/2BAKA3 b,-0.021793598,283
2baka1r1/9/4b4/p1p6/4P3p/2P6/P5R1P/4BrNc1/7R1/2BAKA3 w,0.024572568,7198
2baka1r1/9/4b4/p1p6/4P3p/2P6/P5R1P/4BrNc1/4A2R1/2BAK4 b,-0.0010040421,6189
2baka1r1/9/4b4/p1p6/4P3p/2P2r3/P5R1P/4B1Nc1/4A2R1/2BAK4 w,0.05091504,6268
2baka1r1/9/4b4/p1p6/4P3p/2P2r3/P3N1R1P/4B2c1/4A2R1/2BAK4 b,-0.04810525,4013
2baka1r1/9/4b4/p8/2p1P3p/2P2r3/P3N1R1P/4B2c1/4A2R1/2BAK4 w,0.05384996,4268
2baka1r1/9/4b4/p8/2p1P3p/2P2rN2/P5R1P/4B2c1/4A2R1/2BAK4 b,-0.021457007,3467
2baka1r1/9/4b4/p8/4P3p/2p2rN2/P5R1P/4B2c1/4A2R1/2BAK4 w,0.022882959,3631
2baka1r1/9/4b4/p8/4P3p/2p2rN2/P3R3P/4B2c1/4A2R1/2BAK4 b,-0.0014638994,4551
2baka1r1/9/4b4/p8/4P3p/2p2rNc1/P3R3P/4B4/4A2R1/2BAK4 w,0.027539957,7171
2baka1r1/9/4b4/p3P4/8p/2p2rNc1/P3R3P/4B4/4A2R1/2BAK4 b,-0.033959597,4278
2baka1r1/9/9/p3P4/6b1p/2p2rNc1/P3R3P/4B4/4A2R1/2BAK4 w,0.054371152,5260
2baka1r1/9/9/p3P4/6b1p/2p2rNc1/P3R2RP/4B4/4A4/2BAK4 b,-0.053769104,4723
2bak2r1/4a4/9/p3P4/6b1p/2p2rNc1/P3R2RP/4B4/4A4/2BAK4 w,0.04913957,5260
2bak2r1/4a4/9/p3P4/4R1b1p/2p2rNc1/P6RP/4B4/4A4/2BAK4 b,-0.06832879,673
2bak4/4a4/9/p3P4/4R1brp/2p2rNc1/P6RP/4B4/4A4/2BAK4 w,0.07515149,3638
2bak4/4a4/9/p3P4/4R1brp/2p2r1c1/P6RP/4BN3/4A4/2BAK4 b,-0.022542914,4278
2bak4/4a4/9/p3P4/4R1brp/3p1r1c1/P6RP/4BN3/4A4/2BAK4 w,0.022205293,3639
2bak4/4a4/9/p3P4/4R1brp/3p1r1c1/P6RP/5N3/4A4/2BAK1B2 b,-0.008727468,4523
2bakr3/4a4/9/p3P4/4R1brp/3p3c1/P6RP/5N3/4A4/2BAK1B2 w,0.014453955,7537
2bakr3/4a4/9/p2P5/4R1brp/3p3c1/P6RP/5N3/4A4/2BAK1B2 b,0.0024427103,4729
2bakr3/4a4/9/p2P5/4R1brp/3pc4/P6RP/5N3/4A4/2BAK1B2 w,-0.001952873,7537
2bakr3/4a4/9/p2P5/4R1brp/3pc4/P6RP/4BN3/4A4/3AK1B2 b,0.0021976703,3931
2bakr3/4a4/9/p2P5/4R1b1p/3pc4/P6rP/4BN3/4A4/3AK1B2 w,-0.0010650946,6181
2bakr3/4a4/9/p2P5/4R1b1p/3pc4/P6NP/4B4/4A4/3AK1B2 b,0.00094845175,3806
2bakr3/4a4/9/p2P5/4R1b1p/3p3c1/P6NP/4B4/4A4/3AK1B2 w,0.00023673612,3642
2bakr3/4a4/9/p2P5/6R1p/3p3c1/P6NP/4B4/4A4/3AK1B2 b,0,509
2bakr3/4a4/9/p2P5/6R1p/3pc4/P6NP/4B4/4A4/3AK1B2 w,0.003915578,5534
2bakr3/4a4/9/p2P5/3R4p/3pc4/P6NP/4B4/4A4/3AK1B2 b,-0.00091805536,509
2bakr3/4a4/9/p2P5/3R4p/3p5/P3c2NP/4B4/4A4/3AK1B2 w,0.0018489761,5534
2bakr3/4a4/9/p2P5/8p/3R5/P3c2NP/4B4/4A4/3AK1B2 b,-0.0015532057,5282
2bakr3/4a4/9/p2P5/8p/3R5/P6Nc/4B4/4A4/3AK1B2 w,0.0022219133,5540
2bakr3/4a4/9/p2P5/8N/3R5/P7c/4B4/4A4/3AK1B2 b,0.008180269,5669
2bakr3/4a4/9/p2P5/8N/3R5/P8/4B4/4A4/3AK1B1c w,-0.0053990455,7901
2bakr3/4a4/9/p2P5/8N/3R5/P8/4B4/9/3AKAB1c b,0.097124785,536
2bakr3/4a4/9/p2P5/8N/3R5/P8/4B4/9/3AKcB2 w,0.017894763,4367
2bakr3/4a4/9/p2P2N2/9/3R5/P8/4B4/9/3AKcB2 b,-0.003439202,7799
2bakr3/4a4/9/p2P2N2/9/3R5/P8/4B4/5c3/3AK1B2 w,0.010169687,3010
2bakr3/4a4/9/p2P2N2/9/5R3/P8/4B4/5c3/3AK1B2 b,-0.0009827568,500
2bakr3/4a4/9/p2P2N2/9/5R3/P8/4B4/8c/3AK1B2 w,0.008636842,4553
2bakR3/4a4/9/p2P2N2/9/9/P8/4B4/8c/3AK1B2 b,-0.00048269445,365
2baka3/9/9/p2P2N2/9/9/P8/4B4/8c/3AK1B2 w,0.000041269475,7636
2baka3/5N3/9/p2P5/9/9/P8/4B4/8c/3AK1B2 b,-0.000029020382,463
2baka3/5N3/9/p2P5/9/9/P8/4B4/9/3AK1B1c w,0.000052489457,7901
2baka3/5N3/9/p2P5/9/9/P8/4B3B/9/3AK3c b,-0.00006490008,463
2bak4/4aN3/9/p2P5/9/9/P8/4B3B/9/3AK3c w,0.00007303375,4905
2bak4/4a4/9/p2P2N2/9/9/P8/4B3B/9/3AK3c b,-0.000030985648,8090
2bak4/4a4/9/p2P2N2/9/9/P8/4B3B/9/3AK2c1 w,0.0000270814,3022
2bak4/4a4/9/p2P5/4N4/9/P8/4B3B/9/3AK2c1 b,-0.00003297898,7945
2bak4/4a4/9/p2P5/4N4/9/P6c1/4B3B/9/3AK4 w,0.000045631416,7736
2bak4/4a4/9/p2P5/9/2N6/P6c1/4B3B/9/3AK4 b,-0.000035002184,5515
3ak4/4a4/4b4/p2P5/9/2N6/P6c1/4B3B/9/3AK4 w,0.00008481736,2729
3ak4/4a4/4b4/p2P5/9/2N6/P6c1/4B3B/9/3A1K3 b,-0.00006490008,1175
3ak4/4a4/4b4/p2P5/9/2N6/P4c3/4B3B/9/3A1K3 w,0.00008481736,2729
3ak4/4a4/4b4/p2P5/9/2N6/P4c3/4B3B/4A4/5K3 b,-0.000041269475,5324
3ak4/4ac3/4b4/p2P5/9/2N6/P8/4B3B/4A4/5K3 w,0.000050158706,7825
3ak4/4ac3/4b4/p2P5/9/2N6/P8/4B3B/4A4/4K4 b,-0.000054867753,1193
3ak4/5c3/4ba3/p2P5/9/2N6/P8/4B3B/4A4/4K4 w,0.000039145554,4905
3ak4/5c3/4ba3/p2P5/4N4/9/P8/4B3B/4A4/4K4 b,-0.000041269475,1269
4k4/4ac3/4ba3/p2P5/4N4/9/P8/4B3B/4A4/4K4 w,0.0200942,3633
4k4/4ac3/4ba3/p2P2N2/9/9/P8/4B3B/4A4/4K4 b,-0.071574844,1277
4k4/4a3c/4ba3/p2P2N2/9/9/P8/4B3B/4A4/4K4 w,0.0132765705,2992
4k4/4a3c/4Na3/p2P5/9/9/P8/4B3B/4A4/4K4 b,-0.0023431513,1191
4k4/4ac3/4Na3/p2P5/9/9/P8/4B3B/4A4/4K4 w,0.07102374,4905
4k4/4ac3/4Na3/p2P5/9/P8/9/4B3B/4A4/4K4 b,-0.13853149,1175
4k4/4a3c/4Na3/p2P5/9/P8/9/4B3B/4A4/4K4 w,0.387488,2019
4k4/4a3c/5a3/p2P5/5N3/P8/9/4B3B/4A4/4K4 b,-0.0014101551,1175
4k4/4ac3/5a3/p2P5/5N3/P8/9/4B3B/4A4/4K4 w,0.14326805,3724
4k4/4ac3/5a3/p2P3N1/9/P8/9/4B3B/4A4/4K4 b,-0.15828976,365
3k5/4ac3/5a3/p2P3N1/9/P8/9/4B3B/4A4/4K4 w,0.18613182,2729
3k5/4ac3/5a3/p3P2N1/9/P8/9/4B3B/4A4/4K4 b,-0.000005117719,1265
3k1c3/4a4/5a3/p3P2N1/9/P8/9/4B3B/4A4/4K4 w,0.0000040576488,3111
3k1c3/4a4/5a3/p3P2N1/9/P1B6/9/8B/4A4/4K4 b,-0.0000040576488,282
3k3c1/4a4/5a3/p3P2N1/9/P1B6/9/8B/4A4/4K4 w,0.1015848,3101
3k3c1/4a4/5a3/p2P3N1/9/P1B6/9/8B/4A4/4K4 b,-0.0000033292995,282
3k1c3/4a4/5a3/p2P3N1/9/P1B6/9/8B/4A4/4K4 w,0.0000030972017,3111
3k1c3/4a1N2/5a3/p2P5/9/P1B6/9/8B/4A4/4K4 b,-0.000008770476,282
3k5/4acN2/5a3/p2P5/9/P1B6/9/8B/4A4/4K4 w,0.0049157473,2729
3k5/4ac3/5a2N/p2P5/9/P1B6/9/8B/4A4/4K4 b,-0.000005693134,1175
3k1c3/4a4/5a2N/p2P5/9/P1B6/9/8B/4A4/4K4 w,0.0000033292995,2355
3k1c3/4a4/5a3/p2P2N2/9/P1B6/9/8B/4A4/4K4 b,-0.000008382311,282
3kc4/4a4/5a3/p2P2N2/9/P1B6/9/8B/4A4/4K4 w,0.11678788,2729
3kc4/4a4/5a3/p2P2N2/9/P1B6/9/8B/4A4/3K5 b,-0.0000033292995,282
4c4/3ka4/5a3/p2P2N2/9/P1B6/9/8B/4A4/3K5 w,0.0000033292995,7645
4c4/3ka4/5a3/p2P2N2/9/P1B6/9/3A4B/9/3K5 b,-0.0000038091557,360
3kc4/4a4/5a3/p2P2N2/9/P1B6/9/3A4B/9/3K5 w,0.12945266,3020
3kc4/4a4/5a3/p2P5/9/P1B2N3/9/3A4B/9/3K5 b,-0.46385837,365
4c4/3ka4/5a3/p2P5/9/P1B2N3/9/3A4B/9/3K5 w,0.291451,4531
4c4/3ka4/5a3/p2P5/9/P1B2N3/9/8B/4A4/3K5 b,-0.0000033292995,360
3kc4/4a4/5a3/p2P5/9/P1B2N3/9/8B/4A4/3K5 w,0.11678788,6906
3kc4/4a4/5a3/p2P5/3N5/P1B6/9/8B/4A4/3K5 b,-0.18613182,282
3k1c3/4a4/5a3/p2P5/3N5/P1B6/9/8B/4A4/3K5 w,0.70529485,3556
3k1c3/4a4/5a3/p2P5/9/PNB6/9/8B/4A4/3K5 b,-0.765972,2466
4kc3/4a4/5a3/p2P5/9/PNB6/9/8B/4A4/3K5 w,0.8396063,2731
4kc3/4a4/5a3/N2P5/9/P1B6/9/8B/4A4/3K5 b,-0.89777213,458
4k4/4ac3/5a3/N2P5/9/P1B6/9/8B/4A4/3K5 w,0.916183,2731
4k4/4ac3/2N2a3/3P5/9/P1B6/9/8B/4A4/3K5 b,-0.8325286,1275
4k4/4a3c/2N2a3/3P5/9/P1B6/9/8B/4A4/3K5 w,0.931531,1837
4k4/4a3c/2N2a3/4P4/9/P1B6/9/8B/4A4/3K5 b,-0.85554236,1556
4k4/8c/2Na1a3/4P4/9/P1B6/9/8B/4A4/3K5 w,0.9257318,6906
4k4/8c/2Na1a3/5P3/9/P1B6/9/8B/4A4/3K5 b,-0.92266554,1542
4k4/4a3c/2Na5/5P3/9/P1B6/9/8B/4A4/3K5 w,0.952773,1839
4k4/4a3c/2Na5/5P3/P8/2B6/9/8B/4A4/3K5 b,-0.9092105,1574
4k4/4ac3/2Na5/5P3/P8/2B6/9/8B/4A4/3K5 w,0.9507638,6906
4k4/4ac3/2Na5/P4P3/9/2B6/9/8B/4A4/3K5 b,-0.8936842,1277
4k4/4a3c/2Na5/P4P3/9/2B6/9/8B/4A4/3K5 w,0.9127597,1839
4k4/4a3c/2Na5/P5P2/9/2B6/9/8B/4A4/3K5 b,-0.85004777,1173
4k4/8c/2Na1a3/P5P2/9/2B6/9/8B/4A4/3K5 w,0.88507485,2458
4k4/8c/2Na1aP2/P8/9/2B6/9/8B/4A4/3K5 b,-0.83854324,1542
4k4/3c5/2Na1aP2/P8/9/2B6/9/8B/4A4/3K5 w,0.88507485,7645
4k4/3c5/2Na1aP2/P8/9/2B6/9/3A4B/9/3K5 b,-0.89777213,2083
4k4/3ca4/2Na2P2/P8/9/2B6/9/3A4B/9/3K5 w,0.88507485,2458
4k4/3ca4/P1Na2P2/9/9/2B6/9/3A4B/9/3K5 b,-0.58278584,365
4k4/2c1a4/P1Na2P2/9/9/2B6/9/3A4B/9/3K5 w,0.79265654,1839
4k4/2c1a4/1PNa2P2/9/9/2B6/9/3A4B/9/3K5 b,-0.7461857,1002
4k4/3ca4/1PNa2P2/9/9/2B6/9/3A4B/9/3K5 w,0.77789927,1837
4k4/3ca4/1PNa2P2/9/9/2B6/9/3A4B/9/4K4 b,-0.85004777,365
4k4/2c1a4/1PNa2P2/9/9/2B6/9/3A4B/9/4K4 w,0.98844415,1839
rnbakabnr/9/1c5c1/p1p1p1p1p/9/9/P1P1P1P1P/1C5C1/9/RNBAKABNR w,0.014449762,5087
rnbakabnr/9/1c5c1/p1p1p1p1p/9/9/P1P1P1P1P/4C2C1/9/RNBAKABNR b,-0.012932254,110
r1bakabnr/9/1cn4c1/p1p1p1p1p/9/9/P1P1P1P1P/4C2C1/9/RNBAKABNR w,0.011422182,7445
r1bakabnr/9/1cn4c1/p1p1p1p1p/9/9/P1P1P1P1P/2N1C2C1/9/R1BAKABNR b,-0.012428113,3012
r1baka1nr/9/1cn1b2c1/p1p1p1p1p/9/9/P1P1P1P1P/2N1C2C1/9/R1BAKABNR w,0.028042147,7372
r1baka1nr/9/1cn1b2c1/p1p1p1p1p/9/9/P1P1P1P1P/2N1C2C1/9/1RBAKABNR b,-0.02165522,1
1rbaka1nr/9/1cn1b2c1/p1p1p1p1p/9/9/P1P1P1P1P/2N1C2C1/9/1RBAKABNR w,0.018024392,5087
1rbaka1nr/9/1cn1b2c1/p1p1p1p1p/9/9/P1P1P1P1P/2N1CC3/9/1RBAKABNR b,-0.012428113,2648
1rbaka2r/9/1cn1b1nc1/p1p1p1p1p/9/9/P1P1P1P1P/2N1CC3/9/1RBAKABNR w,0.019055555,5451
1rbaka2r/9/1cn1b1nc1/p1p1p1p1p/9/9/P1P1P1P1P/2N1CCN2/9/1RBAKAB1R b,-0.017510546,1765
1rbaka2r/9/1cn1b1nc1/p1p1p3p/6p2/9/P1P1P1P1P/2N1CCN2/9/1RBAKAB1R w,0.019572936,8098
1rbaka2r/9/1cn1b1nc1/p1p1p3p/6p2/9/P1P1P1P1P/2N1CCN2/9/1RBAKABR1 b,-0.014449762,727
1rbaka1r1/9/1cn1b1nc1/p1p1p3p/6p2/9/P1P1P1P1P/2N1CCN2/9/1RBAKABR1 w,0.016997816,7408
1rbaka1r1/9/1cn1b1nc1/p1p1p3p/6p2/2P6/P3P1P1P/2N1CCN2/9/1RBAKABR1 b,-0.008420906,1765
1rbaka1r1/9/2n1b1nc1/p1p1p3p/6p2/2P6/Pc2P1P1P/2N1CCN2/9/1RBAKABR1 w,0.012932254,7954
1rbaka1r1/9/2n1b1nc1/p1p1p3p/6p2/2PN5/Pc2P1P1P/4CCN2/9/1RBAKABR1 b,0.0014816026,2311
1rbaka1r1/9/2n1b1n2/p1p1p3p/6p2/2PN5/Pc2P1PcP/4CCN2/9/1RBAKABR1 w,-0.011924766,7816
1rbaka1r1/9/2n1bCn2/p1p1p3p/6p2/2PN5/Pc2P1PcP/4C1N2/9/1RBAKABR1 b,0.02535331,5548
1rbakabr1/9/2n2Cn2/p1p1p3p/6p2/2PN5/Pc2P1PcP/4C1N2/9/1RBAKABR1 w,0.04585602,6061
1rbakabr1/9/2n2Cn2/p1p1N3p/6p2/2P6/Pc2P1PcP/4C1N2/9/1RBAKABR1 b,-0.025618432,1831
1rbakabr1/9/5Cn2/p1p1n3p/6p2/2P6/Pc2P1PcP/4C1N2/9/1RBAKABR1 w,0.007799667,6061
1rbakabr1/9/5Cn2/p1p1C3p/6p2/2P6/Pc2P1PcP/6N2/9/1RBAKABR1 b,-0.014534511,109
2bakabr1/9/1r3Cn2/p1p1C3p/6p2/2P6/Pc2P1PcP/6N2/9/1RBAKABR1 w,-0.00084206735,2839
2bakabr1/9/1r3Cn2/p1p5p/6p2/2P1C4/Pc2P1PcP/6N2/9/1RBAKABR1 b,-0.019456778,1733
2bakabr1/9/5rn2/p1p5p/6p2/2P1C4/Pc2P1PcP/6N2/9/1RBAKABR1 w,0,7435
2bakabr1/9/5rn2/p1p5p/6p2/2P1C4/PR2P1PcP/6N2/9/2BAKABR1 b,0.0010268611,3831
2bakabr1/9/5r3/p1p5p/5np2/2P1C4/PR2P1PcP/6N2/9/2BAKABR1 w,0.00619123,4987
2bakabr1/9/5r3/p1p5p/1R3np2/2P1C4/P3P1PcP/6N2/9/2BAKABR1 b,-0.004460755,3750
2bakabr1/9/5r3/p1p5p/1R4p2/2P1C4/P3P1ncP/6N2/9/2BAKABR1 w,0.0050324383,3372
2bakabr1/9/5r3/p1p5p/6R2/2P1C4/P3P1ncP/6N2/9/2BAKABR1 b,-0.00657011,5449
2bakabr1/9/5r3/p1p5p/6R2/2P1n4/P3P2cP/6N2/9/2BAKABR1 w,0.004916287,5269
2bakabr1/9/5r3/p1p5p/6R2/2P1P4/P6cP/6N2/9/2BAKABR1 b,-0.0045435224,2129
2bakabr1/9/5r3/p1p5p/6R2/2P1P4/P7P/6Nc1/9/2BAKABR1 w,0.008180164,3831
2bakabr1/9/5r3/p1p5p/6R2/2P1P4/P7P/6Nc1/7R1/2BAKAB2 b,-0.0040337103,2129
2bakabr1/9/9/p1p5p/6R2/2P1P4/P7P/5rNc1/7R1/2BAKAB2 w,0.012272201,3831
2bakabr1/9/9/p1p3R1p/9/2P1P4/P7P/5rNc1/7R1/2BAKAB2 b,-0.007651792,6179
2baka1r1/9/4b4/p1p3R1p/9/2P1P4/P7P/5rNc1/7R1/2BAKAB2 w,0.012554512,4450
2baka1r1/9/4b4/p1p3R1p/4P4/2P6/P7P/5rNc1/7R1/2BAKAB2 b,-0.0092478,2648
2baka3/9/4b4/p1p3R1p/4P4/2P6/P6rP/5rNc1/7R1/2BAKAB2 w,0.015159991,3631
2baka3/9/4b4/p1p1P1R1p/9/2P6/P6rP/5rNc1/7R1/2BAKAB2 b,-0.015756138,283
2baka3/9/4b4/p1p1P1R1p/9/2P6/P3r3P/5rNc1/7R1/2BAKAB2 w,0.28783435,7816
2baka3/9/4b4/p1p1P1R1p/9/2P6/P3r3P/5rNc1/4R4/2BAKAB2 b,-0.016056737,5296
2baka3/9/4b4/p1p1P1R1p/9/2P6/P7P/5rNc1/4r4/2BAKAB2 w,0.01700851,7636
2baka3/9/4b4/p1p1P1R1p/9/2P6/P7P/5rNc1/4A4/2B1KAB2 b,-0.006311807,6179
2baka3/9/4b4/p1p1P1R1p/9/2P6/P7P/2r3Nc1/4A4/2B1KAB2 w,0.038215354,7537
2baka3/9/4b4/p1p1P1R1p/9/2P6/P3N3P/2r4c1/4A4/2B1KAB2 b,-0.0040734517,5933
2baka3/9/4b4/p1p1P1R1p/9/2P6/P3N3P/7c1/4A4/2r1KAB2 w,0.0021690156,6924
2baka3/9/4b4/p1p1P1R1p/9/2P6/P3N3P/7c1/9/2rAKAB2 b,-0.00412178,6364
2baka3/9/4b4/p1p1P1R1p/9/2P6/P1r1N3P/7c1/9/3AKAB2 w,0.00842291,5259
2baka3/9/4b4/p1p1P1R1p/3N5/2P6/P1r5P/7c1/9/3AKAB2 b,-0.007530411,5097
2baka3/9/4b4/p1p1P1R1p/3N5/2P6/P2r4P/7c1/9/3AKAB2 w,0.011243866,3542
2baka3/9/4b4/pNp1P1R1p/9/2P6/P2r4P/7c1/9/3AKAB2 b,-0.008120075,6316
2baka3/7c1/4b4/pNp1P1R1p/9/2P6/P2r4P/9/9/3AKAB2 w,0.007970695,5633
2baka3/6Rc1/4b4/pNp1P3p/9/2P6/P2r4P/9/9/3AKAB2 b,-0.0007517547,5185
2baka3/6Rc1/4b4/pNp1P3p/9/2P6/Pr6P/9/9/3AKAB2 w,0.0004291777,1366
2baka3/6Rc1/4P4/pNp5p/9/2P6/Pr6P/9/9/3AKAB2 b,0,4978
3aka3/6Rc1/4b4/pNp5p/9/2P6/Pr6P/9/9/3AKAB2 w,0.000085645224,1366
3aka3/7R1/4b4/pNp5p/9/2P6/Pr6P/9/9/3AKAB2 b,-0.00023985772,4978
3aka3/7R1/4b4/prp5p/9/2P6/P7P/9/9/3AKAB2 w,0.00018212823,1474
3aka3/9/4b4/prp4Rp/9/2P6/P7P/9/9/3AKAB2 b,0,3194
3aka3/9/4b4/p1p4Rp/1r7/2P6/P7P/9/9/3AKAB2 w,0.00025528352,3095
3aka3/9/4b4/p1p1R3p/1r7/2P6/P7P/9/9/3AKAB2 b,-0.00014563747,3385
3aka3/9/1r2b4/p1p1R3p/9/2P6/P7P/9/9/3AKAB2 w,0.00032874328,2825
3aka3/9/1r2b4/p1R5p/9/2P6/P7P/9/9/3AKAB2 b,-0.00022507079,1765
3aka3/9/4b4/p1R5p/9/2P6/Pr6P/9/9/3AKAB2 w,0.00028986533,2637
3aka3/9/4b4/p3R3p/9/2P6/Pr6P/9/9/3AKAB2 b,-0.00016056144,5004
3aka3/9/4b4/p3R3p/9/2P6/P7r/9/9/3AKAB2 w,0.00019609848,4905
3aka3/9/4R4/p7p/9/2P6/P7r/9/9/3AKAB2 b,-0.00016966517,463
3ak4/4a4/4R4/p7p/9/2P6/P7r/9/9/3AKAB2 w,0.00029226518,4905
3ak4/4a4/6R2/p7p/9/2P6/P7r/9/9/3AKAB2 b,-0.00013539006,5638
3ak4/4a4/6R2/p7p/9/2P6/P3r4/9/9/3AKAB2 w,0.000050575658,7816
3ak4/4a4/6R2/p7p/9/2P6/P3r4/9/4A4/4KAB2 b,0.000050575658,5274
3ak4/4a4/6R2/p7p/9/2P6/r8/9/4A4/4KAB2 w,0.00004105997,2193
3ak4/4a4/6R2/p7p/9/2P6/r8/9/9/3AKAB2 b,0.000013678289,4918
3ak4/4a4/6R2/p7p/9/2P6/4r4/9/9/3AKAB2 w,0,7816
3ak4/4a4/6R2/p7p/9/2P6/4r4/9/4A4/4KAB2 b,0.00004105997,5269
3ak4/4a4/6R2/p3r3p/9/2P6/9/9/4A4/4KAB2 w,-0.000013678289,2166
3ak1R2/4a4/9/p3r3p/9/2P6/9/9/4A4/4KAB2 b,0.000054775926,1175
3akaR2/9/9/p3r3p/9/2P6/9/9/4A4/4KAB2 w,0.000027362854,609
3aka3/9/9/p3r3p/9/2P6/6R2/9/4A4/4KAB2 b,0.000068517016,3194
3aka3/9/9/pr6p/9/2P6/6R2/9/4A4/4KAB2 w,0,5458
3aka3/9/9/pr6p/9/2P6/4R4/9/4A4/4KAB2 b,0.00008228954,283
3ak4/4a4/9/pr6p/9/2P6/4R4/9/4A4/4KAB2 w,0.000013678289,5269
3ak4/4a4/9/pr6p/2P6/9/4R4/9/4A4/4KAB2 b,0.000054775926,2466
3ak4/4a4/9/p7p/2P6/9/4R4/9/4A4/1r2KAB2 w,0.00008228954,6924
3ak4/4a4/9/p7p/2P6/9/4R4/9/9/1r1AKAB2 b,-0.000068517016,7408
3ak4/4a4/9/pr6p/2P6/9/4R4/9/9/3AKAB2 w,0.00004105997,5274
3ak4/4a4/9/pr6p/2P6/9/6R2/9/9/3AKAB2 b,-0.000013678289,2551
3ak4/4a4/9/p3r3p/2P6/9/6R2/9/9/3AKAB2 w,0,7816
3ak4/4a4/9/p3r3p/2P6/9/6R2/9/4A4/4KAB2 b,0.000054775926,2466
3aka3/9/9/p3r3p/2P6/9/6R2/9/4A4/4KAB2 w,-0.000054775926,5424
3aka3/9/9/p3r3p/3P5/9/6R2/9/4A4/4KAB2 b,0.000096099815,283
3aka3/9/9/p1r5p/3P5/9/6R2/9/4A4/4KAB2 w,-0.00004105997,5458
3aka3/9/9/p1r5p/3P5/9/4R4/9/4A4/4KAB2 b,0.000013678289,283
3ak4/4a4/9/p1r5p/3P5/9/4R4/9/4A4/4KAB2 w,0.000013678289,5260
3ak4/4a4/9/p1r5p/3P5/9/6R2/9/4A4/4KAB2 b,0.00013782062,2641
3ak4/9/5a3/p1r5p/3P5/9/6R2/9/4A4/4KAB2 w,-0.000013678289,5406
3ak4/9/5a3/p1r5p/3P5/9/6R2/4B4/4A4/4KA3 b,0,2083
3ak4/9/5a3/p3r3p/3P5/9/6R2/4B4/4A4/4KA3 w,0.0010135535,5406
3ak1R2/9/5a3/p3r3p/3P5/9/9/4B4/4A4/4KA3 b,-0.001636574,373
3a2R2/4k4/5a3/p3r3p/3P5/9/9/4B4/4A4/4KA3 w,0.0009145438,543
3R5/4k4/5a3/p3r3p/3P5/9/9/4B4/4A4/4KA3 b,-0.00062726403,2857
3R5/5k3/5a3/p3r3p/3P5/9/9/4B4/4A4/4KA3 w,0.0035671096,278
3R5/5k3/5a3/p2Pr3p/9/9/9/4B4/4A4/4KA3 b,0,2083
3R5/5k3/5a3/p2P4p/9/9/9/4r4/4A4/4KA3 w,0.0011059137,270
3R5/5k3/3P1a3/p7p/9/9/9/4r4/4A4/4KA3 b,-0.00007348238,2083
3R5/4ak3/3P5/p7p/9/9/9/4r4/4A4/4KA3 w,0.00007348238,274
9/3Rak3/3P5/p7p/9/9/9/4r4/4A4/4KA3 b,-0.000037771526,6070
9/3Rak3/3P5/p7p/4r4/9/9/9/4A4/4KA3 w,0.000040820014,1089
9/1R2ak3/3P5/p7p/4r4/9/9/9/4A4/4KA3 b,-0.000056593413,2466
9/1R2ak3/3P5/8p/p3r4/9/9/9/4A4/4KA3 w,0.000069999725,1902
9/1R1Pak3/9/8p/p3r4/9/9/9/4A4/4KA3 b,-0.000047015823,3631
9/1R1P1k3/5a3/8p/p3r4/9/9/9/4A4/4KA3 w,0.000050168022,928
9/3P1k3/1R3a3/8p/p3r4/9/9/9/4A4/4KA3 b,-0.000020022593,3639
9/3P1k3/1R3a3/8p/p2r5/9/9/9/4A4/4KA3 w,0.000025851277,1720
9/2P2k3/1R3a3/8p/p2r5/9/9/9/4A4/4KA3 b,0.0000028424365,3548
9/2P2k3/1R3a3/8p/p1r6/9/9/9/4A4/4KA3 w,0.000008536263,1002
9/3P1k3/1R3a3/8p/p1r6/9/9/9/4A4/4KA3 b,-0.00004390064,3459
9/3Pak3/1R7/8p/p1r6/9/9/9/4A4/4KA3 w,0.000080624,1738
9/3Pak3/4R4/8p/p1r6/9/9/9/4A4/4KA3 b,-0.000050168022,1193
3a5/3P1k3/4R4/8p/p1r6/9/9/9/4A4/4KA3 w,0.887317,1984
3a5/3P1k3/9/4R3p/p1r6/9/9/9/4A4/4KA3 b,-0.887317,3503
3a5/3P1k3/9/4R3p/p4r3/9/9/9/4A4/4KA3 w,0.8628458,2794
3a5/3P1k3/9/8R/p4r3/9/9/9/4A4/4KA3 b,-0.9236909,3740
3a5/3P1k3/9/8R/5r3/p8/9/9/4A4/4KA3 w,0.9147605,3167
3a5/3P1k2R/9/9/5r3/p8/9/9/4A4/4KA3 b,-0.8508338,1265
3a5/3P4R/5k3/9/5r3/p8/9/9/4A4/4KA3 w,0.9257855,1538
3a4R/3P5/5k3/9/5r3/p8/9/9/4A4/4KA3 b,-0.9147605,2084
3a4R/3P1k3/9/9/5r3/p8/9/9/4A4/4KA3 w,0.8756467,723
3R5/3P1k3/9/9/5r3/p8/9/9/4A4/4KA3 b,-0.99058247,3730
3R5/3P1k3/9/9/3r5/p8/9/9/4A4/4KA3 w,0.9999995,1093
7R1/3P1k3/9/9/3r5/p8/9/9/4A4/4KA3 b,-0.99500513,3550
7R1/3P1k3/9/9/3r5/9/p8/9/4A4/4KA3 w,0.99992096,664
9/3P1k1R1/9/9/3r5/9/p8/9/4A4/4KA3 b,-0.9999795,1283
9/3P3R1/5k3/9/3r5/9/p8/9/4A4/4KA3 w,0.9999552,1465
9/3P3R1/5k3/9/3r5/9/p8/3A5/9/4KA3 b,-0.9933766,3550
9/3P3R1/5k3/9/4r4/9/p8/3A5/9/4KA3 w,0.9933766,7816
9/3P3R1/5k3/9/4r4/9/p8/3A5/4A4/4K4 b,-0.99181825,3658
9/3P3R1/5k3/9/4r4/9/1p7/3A5/4A4/4K4 w,0.9969545,1465
9/3P5/5k1R1/9/4r4/9/1p7/3A5/4A4/4K4 b,-0.9933766,2084
9/3P1k3/7R1/9/4r4/9/1p7/3A5/4A4/4K4 w,0.99482566,2311
9/3P1k3/9/7R1/4r4/9/1p7/3A5/4A4/4K4 b,-0.9944473,1283
9/3P1k3/9/7R1/5r3/9/1p7/3A5/4A4/4K4 w,0.99999404,3076
9/3P1k3/9/1R7/5r3/9/1p7/3A5/4A4/4K4 b,-1,5004
9/3P1k3/9/1R7/5r3/9/2p6/3A5/4A4/4K4 w,0.99999315,2551
9/3P1k3/9/2R6/5r3/9/2p6/3A5/4A4/4K4 b,-1,5095
9/3P1k3/9/2R6/5r3/9/3p5/3A5/4A4/4K4 w,0.999149,2641
9/3P1k3/9/3R5/5r3/9/3p5/3A5/4A4/4K4 b,-0.9966136,3749
9/3P1k3/9/3R5/5r3/9/2p6/3A5/4A4/4K4 w,0.9999936,2731
9/3P1k3/9/3R5/5r3/9/2p6/3A5/4A4/3K5 b,-0.9851457,3740
9/3P1k3/9/3R5/5r3/9/9/2pA5/4A4/3K5 w,0.9621879,2729
9/3P1k3/9/2R6/5r3/9/9/2pA5/4A4/3K5 b,-0.9766443,5924
9/3P1k3/9/2R6/5r3/9/9/1p1A5/4A4/3K5 w,0.99905354,7645
9/3P1k3/9/2R6/5r3/9/9/1p1A5/4A4/4K4 b,-0.9962347,5833
9/3P1k3/5r3/2R6/9/9/9/1p1A5/4A4/4K4 w,0.9999998,2641
9/2RP1k3/5r3/9/9/9/9/1p1A5/4A4/4K4 b,-0.9999314,2089
9/2RP1k3/4r4/9/9/9/9/1p1A5/4A4/4K4 w,0.99997175,1019
9/2RP1k3/4r4/9/9/9/9/1p1A5/4A4/3K5 b,-0.9870856,1283
9/2RP1k3/4r4/9/9/9/9/3A5/1p2A4/3K5 w,0.9963655,1019
9/2RP1k3/4r4/9/9/9/9/3A5/1p1KA4/9 b,-0.77726257,1283
9/2RP1k3/3r5/9/9/9/9/3A5/1p1KA4/9 w,0.91290385,1093
9/2R1Pk3/3r5/9/9/9/9/3A5/1p1KA4/9 b,-0.97744,1283
9/2R1P4/3r1k3/9/9/9/9/3A5/1p1KA4/9 w,0.9933766,1028
2R6/4P4/3r1k3/9/9/9/9/3A5/1p1KA4/9 b,-0.9740892,1909
2R6/4P4/r4k3/9/9/9/9/3A5/1p1KA4/9 w,0.8685727,227
2R6/4P4/r4k3/9/9/9/9/3A1A3/1p1K5/9 b,-0.9861491,6644
2R6/4P4/3r1k3/9/9/9/9/3A1A3/1p1K5/9 w,0.99994254,187
2R6/4P4/3r1k3/9/9/9/9/3A1A3/1p2K4/9 b,-0.000004354626,1912
2R6/4P4/4rk3/9/9/9/9/3A1A3/1p2K4/9 w,0.000007477452,6917
2R6/4P4/4rk3/9/9/9/9/3A1A3/1p3K3/9 b,-0.0000033643935,1993
2R6/4r4/5k3/9/9/9/9/3A1A3/1p3K3/9 w,0.0000013827207,236
3R5/4r4/5k3/9/9/9/9/3A1A3/1p3K3/9 b,0,1181
3R5/9/5k3/9/9/9/9/3ArA3/1p3K3/9 w,0.9999977,275
3R5/9/5k3/9/9/9/9/4rA3/1p2AK3/9 b,-0.0000009816488,6093
3R5/5k3/9/9/9/9/9/4rA3/1p2AK3/9 w,0.0000009816488,345
9/3R1k3/9/9/9/9/9/4rA3/1p2AK3/9 b,-0.00000039056366,1283
5k3/3R5/9/9/9/9/9/4rA3/1p2AK3/9 w,0.0000015862789,1083
5k3/9/3R5/9/9/9/9/4rA3/1p2AK3/9 b,-0.00000078352093,6088
9/5k3/3R5/9/9/9/9/4rA3/1p2AK3/9 w,0.00000039056366,1929
rnbakabnr/9/1c5c1/p1p1p1p1p/9/9/P1P1P1P1P/1C5C1/9/RNBAKABNR w,0.014449762,5087
rnbakabnr/9/1c5c1/p1p1p1p1p/9/9/P1P1P1P1P/4C2C1/9/RNBAKABNR b,-0.012932254,110
r1bakabnr/9/1cn4c1/p1p1p1p1p/9/9/P1P1P1P1P/4C2C1/9/RNBAKABNR w,0.011422182,7445
r1bakabnr/9/1cn4c1/p1p1p1p1p/9/9/P1P1P1P1P/2N1C2C1/9/R1BAKABNR b,-0.012428113,3012
r1baka1nr/9/1cn1b2c1/p1p1p1p1p/9/9/P1P1P1P1P/2N1C2C1/9/R1BAKABNR w,0.028042147,7372
r1baka1nr/9/1cn1b2c1/p1p1p1p1p/9/9/P1P1P1P1P/2N1C2C1/9/1RBAKABNR b,-0.02165522,1
1rbaka1nr/9/1cn1b2c1/p1p1p1p1p/9/9/P1P1P1P1P/2N1C2C1/9/1RBAKABNR w,0.018024392,5087
1rbaka1nr/9/1cn1b2c1/p1p1p1p1p/9/9/P1P1P1P1P/2N1CC3/9/1RBAKABNR b,-0.012428113,2648
1rbaka2r/9/1cn1b1nc1/p1p1p1p1p/9/9/P1P1P1P1P/2N1CC3/9/1RBAKABNR w,0.019055555,5451
1rbaka2r/9/1cn1b1nc1/p1p1p1p1p/9/9/P1P1P1P1P/2N1CCN2/9/1RBAKAB1R b,-0.017510546,1765
1rbaka2r/9/1cn1b1nc1/p1p1p3p/6p2/9/P1P1P1P1P/2N1CCN2/9/1RBAKAB1R w,0.019572936,8098
1rbaka2r/9/1cn1b1nc1/p1p1p3p/6p2/9/P1P1P1P1P/2N1CCN2/9/1RBAKABR1 b,-0.014449762,727
1rbaka1r1/9/1cn1b1nc1/p1p1p3p/6p2/9/P1P1P1P1P/2N1CCN2/9/1RBAKABR1 w,0.016997816,7408
1rbaka1r1/9/1cn1b1nc1/p1p1p3p/6p2/2P6/P3P1P1P/2N1CCN2/9/1RBAKABR1 b,-0.008420906,1765
1rbaka1r1/9/2n1b1nc1/p1p1p3p/6p2/2P6/Pc2P1P1P/2N1CCN2/9/1RBAKABR1 w,0.012932254,7954
1rbaka1r1/9/2n1b1nc1/p1p1p3p/6p2/2PN5/Pc2P1P1P/4CCN2/9/1RBAKABR1 b,0.0014816026,2311
1rbaka1r1/9/2n1b1n2/p1p1p3p/6p2/2PN5/Pc2P1PcP/4CCN2/9/1RBAKABR1 w,-0.011924766,7816
1rbaka1r1/9/2n1bCn2/p1p1p3p/6p2/2PN5/Pc2P1PcP/4C1N2/9/1RBAKABR1 b,0.02535331,5548
1rbakabr1/9/2n2Cn2/p1p1p3p/6p2/2PN5/Pc2P1PcP/4C1N2/9/1RBAKABR1 w,0.04585602,6061
1rbakabr1/9/2n2Cn2/p1p1N3p/6p2/2P6/Pc2P1PcP/4C1N2/9/1RBAKABR1 b,-0.025618432,1831
1rbakabr1/9/5Cn2/p1p1n3p/6p2/2P6/Pc2P1PcP/4C1N2/9/1RBAKABR1 w,0.007799667,6061
1rbakabr1/9/5Cn2/p1p1C3p/6p2/2P6/Pc2P1PcP/6N2/9/1RBAKABR1 b,-0.014534511,109
2bakabr1/9/1r3Cn2/p1p1C3p/6p2/2P6/Pc2P1PcP/6N2/9/1RBAKABR1 w,-0.00084206735,2839
2bakabr1/9/1r3Cn2/p1p5p/4C1p2/2P6/Pc2P1PcP/6N2/9/1RBAKABR1 b,-0.0012631848,1733
2bakabr1/9/5rn2/p1p5p/4C1p2/2P6/Pc2P1PcP/6N2/9/1RBAKABR1 w,0.0019109191,7435
2bakabr1/9/5rn2/p1p5p/4C1p2/2P6/PR2P1PcP/6N2/9/2BAKABR1 b,-0.0037716855,2111
2bakabr1/9/6n2/p1p5p/4Crp2/2P6/PR2P1PcP/6N2/9/2BAKABR1 w,0.0065389182,3649
2bakabr1/9/6n2/p1p5p/5rp2/2P1C4/PR2P1PcP/6N2/9/2BAKABR1 b,-0.0010268611,3831
2bakabr1/9/6n2/p1p5p/5r3/2P1C1p2/PR2P1PcP/6N2/9/2BAKABR1 w,0.014398729,4969
2bakabr1/9/6n2/p1p5p/5r3/2P1C1p2/PR2P1PcP/9/8N/2BAKABR1 b,0.011484877,5542
2bakabr1/9/6n2/p1p5p/5r3/2P1C1p2/PR2P1P1P/9/7cN/2BAKABR1 w,0.05481633,5451
2bakabr1/9/6n2/p1p5p/5r3/2P1C1p2/PR2P1P1P/4B4/7cN/2BAKA1R1 b,0.02580018,4640
2bakabr1/9/6n2/p1p5p/5r3/2P1C4/PR2P1p1P/4B4/7cN/2BAKA1R1 w,0.08727873,4969
2bakabr1/9/1R4n2/p1p5p/5r3/2P1C4/P3P1p1P/4B4/7cN/2BAKA1R1 b,-0.08136801,7185
2bakabr1/8n/1R7/p1p5p/5r3/2P1C4/P3P1p1P/4B4/7cN/2BAKA1R1 w,0.6995374,1732
2bakabr1/8n/2R6/p1p5p/5r3/2P1C4/P3P1p1P/4B4/7cN/2BAKA1R1 b,-0.07046966,664
2bakab2/8n/2R6/p1p4rp/5r3/2P1C4/P3P1p1P/4B4/7cN/2BAKA1R1 w,0.058733776,1822
2Rakab2/8n/9/p1p4rp/5r3/2P1C4/P3P1p1P/4B4/7cN/2BAKA1R1 b,0.011426375,3749
2Rakab2/8n/9/p1p4rp/9/2P1C4/P3Prp1P/4B4/7cN/2BAKA1R1 w,-0.007849206,200
2Rakab2/8n/9/p1p4rp/9/2P1C4/P3PrpNP/4B4/7c1/2BAKA1R1 b,0.13987787,3121
2Rakab2/8n/9/p1p5p/9/2P1C4/P3PrprP/4B4/7c1/2BAKA1R1 w,-0.16353545,4268
3akab2/8n/9/p1R5p/9/2P1C4/P3PrprP/4B4/7c1/2BAKA1R1 b,0.22991963,5368
3akab2/8n/9/p1R5p/9/2P1C4/P3r1prP/4B4/7c1/2BAKA1R1 w,-0.20673709,2641
3akab2/8n/9/p3R3p/9/2P1C4/P3r1prP/4B4/7c1/2BAKA1R1 b,0.23852964,283
3ak1b2/4a3n/9/p3R3p/9/2P1C4/P3r1prP/4B4/7c1/2BAKA1R1 w,-0.08262365,4450
3ak1b2/4a3n/9/p3R3p/9/2P1C4/P3r1prP/4B4/4A2c1/2BAK2R1 b,0.27347776,1554
3ak1b2/4a3n/9/p3R3p/9/2P1C4/P3r2rP/4B1p2/4A2c1/2BAK2R1 w,-0.048165083,4450
3ak1b2/4a3n/9/p6Rp/9/2P1C4/P3r2rP/4B1p2/4A2c1/2BAK2R1 b,0.1115859,1175
3ak1b2/8n/3a5/p6Rp/9/2P1C4/P3r2rP/4B1p2/4A2c1/2BAK2R1 w,-0.12652567,3091
3ak1b2/8n/3a5/p7p/9/2P1C4/P3r2RP/4B1p2/4A2c1/2BAK2R1 b,0.21482763,5281
3ak1b2/8n/3a5/p7p/9/2P1C4/P6rP/4B1p2/4A2c1/2BAK2R1 w,-0.22687414,4458
3ak1b2/8n/3a5/p7p/2P6/4C4/P6rP/4B1p2/4A2c1/2BAK2R1 b,0.33166724,1554
3ak1b2/9/3a5/p6np/2P6/4C4/P6rP/4B1p2/4A2c1/2BAK2R1 w,-0.26632357,3459
3ak1b2/9/3a5/p6np/2P6/1C7/P6rP/4B1p2/4A2c1/2BAK2R1 b,0.37447616,3101
3ak1b2/9/3a5/p6np/2P6/1C7/P6rP/4B2p1/4A2c1/2BAK2R1 w,-0.11762081,8006
3ak1b2/9/3a5/p6np/2P6/1C7/P6rP/4B2p1/4A2c1/2BAK1R2 b,0.15753141,3083
3ak1b2/9/3a5/p6np/2P6/1C7/P7r/4B2p1/4A2c1/2BAK1R2 w,-0.037738595,7836
3ak1b2/9/3a5/p5Rnp/2P6/1C7/P7r/4B2p1/4A2c1/2BAK4 b,0.08098789,5669
3ak1b2/9/3a5/p5Rnp/2P6/1C7/P8/4B2p1/4A2c1/2BAK3r w,-0.30045453,3057
3ak1b2/9/3a5/p5Rnp/2P6/1C7/P8/7p1/4A2c1/2BAK1B1r b,0.12774485,562
3ak1b2/9/3a5/p5Rnp/2P6/1C7/P8/7p1/4Ac3/2BAK1B1r w,0.0007446238,4141
3ak1b2/9/3a5/p5Rnp/2P6/1C7/P8/4B2p1/4Ac3/3AK1B1r b,0.014486337,7009
3ak1b2/9/3a5/p5R1p/2P6/1C6n/P8/4B2p1/4Ac3/3AK1B1r w,0,2976
3ak1R2/9/3a5/p7p/2P6/1C6n/P8/4B2p1/4Ac3/3AK1B1r b,0,6935
3a2R2/4k4/3a5/p7p/2P6/1C6n/P8/4B2p1/4Ac3/3AK1B1r w,0.009857865,591
3a5/4k1R2/3a5/p7p/2P6/1C6n/P8/4B2p1/4Ac3/3AK1B1r b,-0.0006441269,1174
3ak4/6R2/3a5/p7p/2P6/1C6n/P8/4B2p1/4Ac3/3AK1B1r w,0,1356
3ak4/9/3a5/p5R1p/2P6/1C6n/P8/4B2p1/4Ac3/3AK1B1r b,0.0049783937,8072
3ak4/9/3a5/p5R1p/2P6/1C6n/P8/4B2p1/4Ac2r/3AK1B2 w,0.0023915025,3449
3ak4/9/3a5/p3R3p/2P6/1C6n/P8/4B2p1/4Ac2r/3AK1B2 b,0.006140742,283
4k4/4a4/3a5/p3R3p/2P6/1C6n/P8/4B2p1/4Ac2r/3AK1B2 w,-0.002955069,2825
4k4/4a4/3a5/p5R1p/2P6/1C6n/P8/4B2p1/4Ac2r/3AK1B2 b,0.005875825,6369
4k4/4a4/3a5/p5R1p/2P6/1C6n/P8/4B2p1/4Ac3/3AK1B1r w,0.00782264,3449
4k4/4a4/3a5/p5R1p/2P6/1C6n/P8/4B2p1/5c3/3AKAB1r b,0.006140742,3194
4ka3/9/3a5/p5R1p/2P6/1C6n/P8/4B2p1/5c3/3AKAB1r w,0.0025033383,3001
4ka3/9/3a5/p5R1p/2P6/1C6n/P8/4B2p1/4Ac3/4KAB1r b,0.0030691929,3194
4ka3/9/3a5/p5R1p/2P6/1C6n/P7r/4B2p1/4Ac3/4KAB2 w,0.0021690156,3001
4ka3/9/3a5/p4R2p/2P6/1C6n/P7r/4B2p1/4Ac3/4KAB2 b,0.068575405,5635
4ka3/9/3a5/p4R2p/2P6/1C6n/Pr7/4B2p1/4Ac3/4KAB2 w,-0.08538453,4191
4ka3/9/3a5/p7p/2P6/1C6n/Pr7/4B2p1/4AR3/4KAB2 b,0.24393386,4996
4ka3/9/3a5/p7p/2P6/1r6n/P8/4B2p1/4AR3/4KAB2 w,-0.29225668,7008
4ka3/9/3a5/p7p/2P6/1r6n/P4R3/4B2p1/4A4/4KAB2 b,0.35721433,1903
4ka3/9/3a5/p7p/2P3n2/1r7/P4R3/4B2p1/4A4/4KAB2 w,-0.3290431,5351
4ka3/9/3a5/p7p/2P3n2/1r7/P3R4/4B2p1/4A4/4KAB2 b,0.34652132,1903
4k4/4a4/3a5/p7p/2P3n2/1r7/P3R4/4B2p1/4A4/4KAB2 w,-0.2826529,3449
4k4/4a4/3a5/p1P5p/6n2/1r7/P3R4/4B2p1/4A4/4KAB2 b,0.24621405,6379
4k4/4a4/3a5/p1P5p/6n2/1r7/P3R4/4B4/4A2p1/4KAB2 w,-0.25206187,2630
4k4/4a4/3a5/p1P5p/6n2/1r7/P5R2/4B4/4A2p1/4KAB2 b,0.40133262,3829
4k4/4a4/3a1n3/p1P5p/9/1r7/P5R2/4B4/4A2p1/4KAB2 w,-0.15278634,2630
4k4/4a4/3a1n3/p1P5p/9/1r7/P6R1/4B4/4A2p1/4KAB2 b,0.25502005,7188
4k4/4a4/3a1n3/p1P5p/9/1r7/P6R1/4B4/4A1p2/4KAB2 w,-0.2763577,5550
4k2R1/4a4/3a1n3/p1P5p/9/1r7/P8/4B4/4A1p2/4KAB2 b,0.35721433,1175
4ka1R1/9/3a1n3/p1P5p/9/1r7/P8/4B4/4A1p2/4KAB2 w,-0.35721433,691
4ka3/9/3a1n3/p1P5p/7R1/1r7/P8/4B4/4A1p2/4KAB2 b,0.49770752,7107
4ka3/9/3a1n3/p1P5p/7R1/9/P8/4B4/4A1p2/1r2KAB2 w,-0.38640824,6924
4ka3/9/3a1n3/p1P5p/7R1/9/P8/4B4/6p2/1r1AKAB2 b,0.2955002,1903
4ka3/9/3a1n3/p1P5p/7R1/9/Pr7/4B4/6p2/3AKAB2 w,-0.37902343,3911
4ka3/9/3a1n3/p1P5p/3R5/9/Pr7/4B4/6p2/3AKAB2 b,0.39384568,1903
4ka3/9/3a1n3/p1P5p/3R5/9/P1r6/4B4/6p2/3AKAB2 w,-0.226475,3531
4ka3/9/3a1n3/p2P4p/3R5/9/P1r6/4B4/6p2/3AKAB2 b,0.34652132,1903
4k4/4a4/3a1n3/p2P4p/3R5/9/P1r6/4B4/6p2/3AKAB2 w,-0.18098477,2731
4k4/4a4/3a1n3/p2P4p/3R5/P8/2r6/4B4/6p2/3AKAB2 b,0.3753517,5098
4k4/4a4/3a1n3/p2P4p/3R5/P8/2r6/4B4/5p3/3AKAB2 w,-0.2130766,2721
4k4/4a4/3a1n3/p2P4p/5R3/P8/2r6/4B4/5p3/3AKAB2 b,0.31539053,7016
4k4/4a4/3a1n3/p2P4p/5R3/P8/2r6/4B4/9/3AKpB2 w,-0.29508644,7736
4k4/4a4/3a1n3/p2P4p/9/P8/2r6/4B4/9/3AKRB2 b,0.3819791,2110
4k4/4a4/3a5/p2n4p/9/P8/2r6/4B4/9/3AKRB2 w,-0.34950575,7790
4k4/4a4/3a5/p2n4p/9/P4R3/2r6/4B4/9/3AK1B2 b,0.36541706,5094
4k4/4a4/3a5/p2n5/8p/P4R3/2r6/4B4/9/3AK1B2 w,-0.31121993,4552
4k4/4a4/3a5/p2n1R3/8p/P8/2r6/4B4/9/3AK1B2 b,0.6235497,2749
4k4/4a4/3a5/p4R3/8p/P3n4/2r6/4B4/9/3AK1B2 w,-0.5821084,2957
4k4/4a4/3a5/p8/8p/P3nR3/2r6/4B4/9/3AK1B2 b,0.70078903,4476
4k4/4a4/3a5/p8/8p/P4R3/2r6/3nB4/9/3AK1B2 w,-0.6476139,7736
4k4/4a4/3a5/p8/8p/P4R3/2r6/3nB4/9/3A1KB2 b,0.6515565,5995
4k4/4a4/3a5/p8/9/P4R2p/2r6/3nB4/9/3A1KB2 w,-0.69714457,7636
4k4/4a4/3a5/p8/9/P4R2p/2r6/3nB4/4A4/5KB2 b,0.6194753,5995
4k4/4a4/3a5/p8/9/P4R2p/1nr6/4B4/4A4/5KB2 w,-0.6515565,4553
4k4/4a4/3a5/p8/P8/5R2p/1nr6/4B4/4A4/5KB2 b,0.7324218,2466
4k4/4a4/3a5/9/p8/5R2p/1nr6/4B4/4A4/5KB2 w,-0.7803346,4547
4k4/4a4/3a5/9/p8/8R/1nr6/4B4/4A4/5KB2 b,0.8677806,5099
4k4/4a4/3a5/9/p8/8R/1n3r3/4B4/4A4/5KB2 w,-0.9123022,6908
4k4/4a4/3a5/9/p8/8R/1n3r3/4BA3/9/5KB2 b,0.87799686,5378
4k4/4a4/3a5/9/p8/8R/1n7/4Br3/9/5KB2 w,-0.9145513,7825
4k4/4a4/3a5/9/p8/8R/1n7/4Br3/9/4K1B2 b,0.9385645,365
4k4/4a4/3a5/9/p8/8R/9/4Br3/2n6/4K1B2 w,-0.9190735,7726
4k4/4a4/3a5/9/p8/8R/9/4Br3/2n1K4/6B2 b,0.895954,6717
4k4/4a4/3a5/9/p8/8R/9/4B4/2n1K4/5rB2 w,-0.8823289,4832
4k4/4a4/3a5/9/p8/2R6/9/4B4/2n1K4/5rB2 b,0.9408052,365
4k4/4a4/3a5/9/p8/2R6/3n5/4B4/4K4/5rB2 w,-0.87816143,6915
4k4/4a4/3a5/9/p8/2R6/3n5/4B4/3K5/5rB2 b,0.8671841,5204
4k4/4a4/3a5/9/p8/2R6/3n5/4B4/3K5/4r1B2 w,-0.6436606,4232
2R1k4/4a4/3a5/9/p8/9/3n5/4B4/3K5/4r1B2 b,0.7043413,1173
2Rak4/9/3a5/9/p8/9/3n5/4B4/3K5/4r1B2 w,-0.4356614,236
3ak4/9/3a5/9/p8/9/2Rn5/4B4/3K5/4r1B2 b,0.78963876,7726
3ak4/9/3a5/9/p8/5n3/2R6/4B4/3K5/4r1B2 w,-0.76925933,5098
3ak4/9/3a5/9/p8/5n3/5R3/4B4/3K5/4r1B2 b,0.8553806,4539
3ak4/9/3a5/9/p2n5/9/5R3/4B4/3K5/4r1B2 w,-0.8716722,5371
3ak4/9/3a5/9/p2n5/9/3R5/4B4/3K5/4r1B2 b,0.8625637,3556
3ak4/9/3a5/9/p8/5n3/3R5/4B4/3K5/4r1B2 w,-0.6526768,5151
3ak4/9/3R5/9/p8/5n3/9/4B4/3K5/4r1B2 b,0.68177074,7736
4k4/4a4/3R5/9/p8/5n3/9/4B4/3K5/4r1B2 w,-0.6483613,1910
4k4/4a4/9/9/p8/3R1n3/9/4B4/3K5/4r1B2 b,0.84899056,7736
4k4/4a4/9/9/p8/3R5/7n1/4B4/3K5/4r1B2 w,-0.6434579,4377
4k4/4a4/9/9/p8/1R7/7n1/4B4/3K5/4r1B2 b,0.5189541,7731
4k4/4a4/9/9/p8/1R7/9/4Bn3/3K5/4r1B2 w,-0.01131612,4141
1R2k4/4a4/9/9/p8/9/9/4Bn3/3K5/4r1B2 b,0.00084472616,1173
1R1ak4/9/9/9/p8/9/9/4Bn3/3K5/4r1B2 w,-0.001636574,93
3Rk4/9/9/9/p8/9/9/4Bn3/3K5/4r1B2 b,0.00032389796,373
3R5/4k4/9/9/p8/9/9/4Bn3/3K5/4r1B2 w,-0.0007354555,309
9/3Rk4/9/9/p8/9/9/4Bn3/3K5/4r1B2 b,0.0005021622,1174
4k4/3R5/9/9/p8/9/9/4Bn3/3K5/4r1B2 w,-0.00054675905,1119
4k4/9/9/9/p2R5/9/9/4Bn3/3K5/4r1B2 b,0.0005940834,6207
4k4/9/9/9/p2R5/9/9/4Bn3/3K5/6r2 w,-0.00012508752,3550
4k4/9/9/9/p4R3/9/9/4Bn3/3K5/6r2 b,0.64666533,7899
4k4/9/9/9/p4R3/9/9/4Bnr2/3K5/9 w,-0.7136325,3730
4k4/9/9/9/R8/9/9/4Bnr2/3K5/9 b,0.86894256,6205
4k4/9/9/9/R8/9/9/4Bn3/3K2r2/9 w,-0.5139243,6834
4k4/9/9/9/R8/9/9/4Bn3/6r2/3K5 b,0.521439,6199
4k4/9/9/9/R8/9/9/4Bn3/4r4/3K5 w,-0.0000017457996,3280
4k4/9/9/9/4R4/9/9/4Bn3/4r4/3K5 b,0.000008760653,365
5k3/9/9/9/4R4/9/9/4Bn3/4r4/3K5 w,-0.0000017457996,3641
5k3/9/9/9/5R3/9/9/4Bn3/4r4/3K5 b,0.0000105302215,454
4k4/9/9/9/5R3/9/9/4Bn3/4r4/3K5 w,0,3758
4k4/9/9/9/9/9/9/4BR3/4r4/3K5 b,0.000000013814056,373
9/4k4/9/9/9/9/9/4BR3/4r4/3K5 w,0.000000027662455,6189
9/4k4/9/9/9/9/9/4B3R/4r4/3K5 b,0,6917
9/4k4/9/9/9/9/9/4B3R/5r3/3K5 w,0.00000008409116,6407
9/4k4/9/9/9/9/9/4B1R2/5r3/3K5 b,0.000000027662455,6953
9/4k4/9/9/9/9/5r3/4B1R2/9/3K5 w,0.000000027662455,7645
9/4k1R2/9/9/9/9/5r3/4B4/9/3K5 b,0.000000027662455,1174
4k4/6R2/9/9/9/9/5r3/4B4/9/3K5 w,0,1356
4k1R2/9/9/9/9/9/5r3/4B4/9/3K5 b,0.000000013814056,373
6R2/4k4/9/9/9/9/5r3/4B4/9/3K5 w,-0.000000027662455,627
3R5/4k4/9/9/9/9/5r3/4B4/9/3K5 b,0.00000004157963,5396
3R5/4k4/9/9/9/9/4r4/4B4/9/3K5 w,0.000000027662455,282
9/3Rk4/9/9/9/9/4r4/4B4/9/3K5 b,-0.000000013814056,1174
4k4/3R5/9/9/9/9/4r4/4B4/9/3K5 w,0.000000069758954,1083
4k4/9/9/9/9/9/4r4/3RB4/9/3K5 b,0.00000004157963,5274
9/4k4/9/9/9/9/4r4/3RB4/9/3K5 w,0.000000013814056,5952
rnbakabnr/9/1c5c1/p1p1p1p1p/9/9/P1P1P1P1P/1C5C1/9/RNBAKABNR w,0.014449762,5087
rnbakabnr/9/1c5c1/p1p1p1p1p/9/9/P1P1P1P1P/4C2C1/9/RNBAKABNR b,-0.012932254,110
r1bakabnr/9/1cn4c1/p1p1p1p1p/9/9/P1P1P1P1P/4C2C1/9/RNBAKABNR w,0.011422182,7445
r1bakabnr/9/1cn4c1/p1p1p1p1p/9/9/P1P1P1P1P/2N1C2C1/9/R1BAKABNR b,-0.012428113,3012
r1baka1nr/9/1cn1b2c1/p1p1p1p1p/9/9/P1P1P1P1P/2N1C2C1/9/R1BAKABNR w,0.028042147,7372
r1baka1nr/9/1cn1b2c1/p1p1p1p1p/9/9/P1P1P1P1P/2N1C2C1/9/1RBAKABNR b,-0.02165522,1
1rbaka1nr/9/1cn1b2c1/p1p1p1p1p/9/9/P1P1P1P1P/2N1C2C1/9/1RBAKABNR w,0.018024392,5087
1rbaka1nr/9/1cn1b2c1/p1p1p1p1p/9/9/P1P1P1P1P/2N1CC3/9/1RBAKABNR b,-0.012428113,2648
1rbaka2r/9/1cn1b1nc1/p1p1p1p1p/9/9/P1P1P1P1P/2N1CC3/9/1RBAKABNR w,0.019055555,5451
1rbaka2r/9/1cn1b1nc1/p1p1p1p1p/9/9/P1P1P1P1P/2N1CCN2/9/1RBAKAB1R b,-0.017510546,1765
1rbaka2r/9/1cn1b1nc1/p1p1p3p/6p2/9/P1P1P1P1P/2N1CCN2/9/1RBAKAB1R w,0.019572936,8098
1rbaka2r/9/1cn1b1nc1/p1p1p3p/6p2/9/P1P1P1P1P/2N1CCN2/9/1RBAKABR1 b,-0.014449762,727
1rbaka1r1/9/1cn1b1nc1/p1p1p3p/6p2/9/P1P1P1P1P/2N1CCN2/9/1RBAKABR1 w,0.016997816,7408
1rbaka1r1/9/1cn1b1nc1/p1p1p3p/6p2/2P6/P3P1P1P/2N1CCN2/9/1RBAKABR1 b,-0.008420906,1765
1rbaka1r1/9/2n1b1nc1/p1p1p3p/6p2/2P6/Pc2P1P1P/2N1CCN2/9/1RBAKABR1 w,0.012932254,7954
1rbaka1r1/9/2n1b1nc1/p1p1p3p/6p2/2PN5/Pc2P1P1P/4CCN2/9/1RBAKABR1 b,0.0014816026,2311
1rbaka1r1/9/2n1b1n2/p1p1p3p/6p2/2PN5/Pc2P1PcP/4CCN2/9/1RBAKABR1 w,-0.011924766,7816
1rbaka1r1/9/2n1bCn2/p1p1p3p/6p2/2PN5/Pc2P1PcP/4C1N2/9/1RBAKABR1 b,0.02535331,5548
1rbaka1r1/9/2n1bCn2/p1p1p3p/6p2/2PN5/Pc2c1P1P/4C1N2/9/1RBAKABR1 w,-0.008822096,6268
1rbaka1r1/9/2n1bCn2/p1p1p3p/6p2/2PN5/Pc2c1P1P/4C1N2/4A4/1RB1KABR1 b,0.046037715,718
1rbaka3/9/2n1bCn2/p1p1p3p/6p2/2PN5/Pc2c1P1P/4C1N2/4A4/1RB1KABr1 w,-0.050204065,6298
1rbaka3/9/2n1bCn2/p1p1p3p/6p2/2PN5/Pc2c1P1P/4C4/4A4/1RB1KABN1 b,0.03380946,5010
1rbaka3/9/2n1bCn2/p1p1p3p/6p2/2PN5/P3c1c1P/4C4/4A4/1RB1KABN1 w,-0.029047232,7381
1Rbaka3/9/2n1bCn2/p1p1p3p/6p2/2PN5/P3c1c1P/4C4/4A4/2B1KABN1 b,0.02379079,1801
1nbaka3/9/4bCn2/p1p1p3p/6p2/2PN5/P3c1c1P/4C4/4A4/2B1KABN1 w,-0.019230746,7901
1nbaka3/9/4bCn2/p1p1p3p/6p2/2PN5/P3c1c1P/4C3N/4A4/2B1KAB2 b,0.044403076,5454
1nbaka3/9/4bCn2/p1p1p3p/6p2/2PN2c2/P3c3P/4C3N/4A4/2B1KAB2 w,-0.03716849,7734
1nbaka3/9/4bCn2/p1p1N3p/6p2/2P3c2/P3c3P/4C3N/4A4/2B1KAB2 b,0.26880363,463
1nbak4/4a4/4bCn2/p1p1N3p/6p2/2P3c2/P3c3P/4C3N/4A4/2B1KAB2 w,-0.29930454,2810
1nbak4/4a4/4bCn2/p1p5p/6p2/2PN2c2/P3c3P/4C3N/4A4/2B1KAB2 b,0.4348471,1193
1nbak4/9/4ban2/p1p5p/6p2/2PN2c2/P3c3P/4C3N/4A4/2B1KAB2 w,-0.4585373,7734
1nbak4/9/4ban2/p1N5p/6p2/2P3c2/P3c3P/4C3N/4A4/2B1KAB2 b,0.4817492,108
1nbak4/9/4ba3/p1N5p/5np2/2P3c2/P3c3P/4C3N/4A4/2B1KAB2 w,-0.49690104,7734
1nbak4/3N5/4ba3/p7p/5np2/2P3c2/P3c3P/4C3N/4A4/2B1KAB2 b,0.7553831,3750
2bak4/3N5/2n1ba3/p7p/5np2/2P3c2/P3c3P/4C3N/4A4/2B1KAB2 w,-0.52416945,1103
2bak4/9/2n1bN3/p7p/5np2/2P3c2/P3c3P/4C3N/4A4/2B1KAB2 b,0.5672458,373
2ba5/4k4/2n1bN3/p7p/5np2/2P3c2/P3c3P/4C3N/4A4/2B1KAB2 w,-0.6062181,4268
2ba5/4k4/2n1bN3/p7p/2P2np2/6c2/P3c3P/4C3N/4A4/2B1KAB2 b,0.79158,3750
2ba5/5k3/2n1bN3/p7p/2P2np2/6c2/P3c3P/4C3N/4A4/2B1KAB2 w,-0.5274224,2104
2ba5/5k3/2n1b4/p7p/2P1Nnp2/6c2/P3c3P/4C3N/4A4/2B1KAB2 b,0.53973705,2018
2ba5/5k3/2n6/p7p/2b1Nnp2/6c2/P3c3P/4C3N/4A4/2B1KAB2 w,-0.574374,5633
2ba5/5k3/2n6/p7p/2b1Nnp2/6c1P/P3c4/4C3N/4A4/2B1KAB2 b,0.5435603,1837
2ba5/5k3/9/p7p/2bnNnp2/6c1P/P3c4/4C3N/4A4/2B1KAB2 w,-0.4936561,6442
2ba5/5k3/9/p7p/2bnNnp2/6cNP/P3c4/4C4/4A4/2B1KAB2 b,0.5124091,5269
2ba5/5k3/9/p7p/2bnN1p2/6cNP/P3c1n2/4C4/4A4/2B1KAB2 w,-0.37155142,4713
2ba5/5k3/9/p7p/2bn2p2/6NNP/P3c1n2/4C4/4A4/2B1KAB2 b,0.43094844,3831
2ba5/5k3/9/p7p/2bn5/6pNP/P3c1n2/4C4/4A4/2B1KAB2 w,-0.41593096,4713
2ba5/5k3/9/p7N/2bn5/6p1P/P3c1n2/4C4/4A4/2B1KAB2 b,0.74192387,3566
2ba5/5k3/9/p7N/2bn5/6p1P/P3c4/4n4/4A4/2B1KAB2 w,-0.483242,7537
2ba5/5k3/9/p7N/2bn5/6p1P/P3c4/4B4/4A4/4KAB2 b,0.5822268,202
2ba5/5k3/9/p7N/2b6/5np1P/P3c4/4B4/4A4/4KAB2 w,-0.32816774,7734
2ba5/5k3/9/p8/2b3N2/5np1P/P3c4/4B4/4A4/4KAB2 b,0.45443928,4539
2ba5/5k3/9/p8/2b3N2/6p1P/P2nc4/4B4/4A4/4KAB2 w,-0.36262518,3811
2ba5/5k3/9/p8/2b3N2/6p1P/P2nc4/4B4/4A4/3K1AB2 b,0.44030225,4650
2ba5/5k3/4b4/p8/6N2/6p1P/P2nc4/4B4/4A4/3K1AB2 w,-0.31981814,3805
2ba5/5k3/4b2N1/p8/9/6p1P/P2nc4/4B4/4A4/3K1AB2 b,0.31158245,1265
2ba1k3/9/4b2N1/p8/9/6p1P/P2nc4/4B4/4A4/3K1AB2 w,-0.26846716,6081
2ba1k3/9/4b2N1/p8/9/6B1P/P2nc4/9/4A4/3K1AB2 b,0.29491392,5269
2ba1k3/9/4b2N1/p8/9/6B1P/c2n5/9/4A4/3K1AB2 w,-0.29927874,7897
2ba1k3/9/4b4/p4N3/9/6B1P/c2n5/9/4A4/3K1AB2 b,0.339456,4905
2ba1k3/9/4b4/5N3/p8/6B1P/c2n5/9/4A4/3K1AB2 w,-0.33029878,2923
2ba1k3/9/4b4/5N3/p7P/6B2/c2n5/9/4A4/3K1AB2 b,0.29072836,2018
2ba1k3/9/4b4/5N3/p7P/c5B2/3n5/9/4A4/3K1AB2 w,-0.34873483,7645
2ba1k3/9/4b4/9/p2N4P/c5B2/3n5/9/4A4/3K1AB2 b,0.37242705,4098
2ba1k3/9/4b4/9/p2N4P/3c2B2/3n5/9/4A4/3K1AB2 w,-0.3869509,7645
2ba1k3/9/4b4/9/p2N4P/3c2B2/3n5/9/4A4/4KAB2 b,0.367635,2018
2ba1k3/9/4b4/9/p2N4P/4c1B2/3n5/9/4A4/4KAB2 w,-0.30360755,7897
2ba1k3/9/4b4/9/p2N4P/4c1B2/3n5/9/4A4/3K1AB2 b,0.3869509,2018
2ba1k3/9/4b4/4c4/p2N4P/6B2/3n5/9/4A4/3K1AB2 w,-0.28650764,6906
2ba1k3/9/4b4/1N2c4/p7P/6B2/3n5/9/4A4/3K1AB2 b,0.34873483,2820
2ba1k3/9/4b4/1N1c5/p7P/6B2/3n5/9/4A4/3K1AB2 w,-0.32126847,7645
2ba1k3/9/4b4/1N1c5/p7P/6B2/3n5/9/4A4/4KAB2 b,0.34873483,198
2ba1k3/9/4b4/1N1c5/p7P/6B2/9/9/2n1A4/4KAB2 w,-0.34873483,7734
2ba1k3/9/4b4/1N1c5/p7P/6B2/9/9/2n1A4/3K1AB2 b,0.3918387,2712
2ba1k3/3c5/4b4/1N7/p7P/6B2/9/9/2n1A4/3K1AB2 w,-0.40167868,7901
2ba1k3/3c5/4b4/1N7/p7P/9/9/4B4/2n1A4/3K1AB2 b,0.47235963,283
2ba1k3/3c5/9/1N7/p5b1P/9/9/4B4/2n1A4/3K1AB2 w,-0.41159856,6908
2ba1k3/3c5/9/1N7/p5b1P/2B6/9/9/2n1A4/3K1AB2 b,0.48261705,6717
2ba1k3/3c5/9/1N7/p5b1P/2B6/1n7/9/4A4/3K1AB2 w,-0.4621255,4297
2ba1k3/3c5/9/1N7/p5bP1/2B6/1n7/9/4A4/3K1AB2 b,0.4519232,5016
2ba1k3/3c5/9/1N7/p5bP1/2B6/9/3n5/4A4/3K1AB2 w,-0.49288914,2559
2ba1k3/3c5/3N5/9/p5bP1/2B6/9/3n5/4A4/3K1AB2 b,0.54416627,5987
2ba1k3/3c5/3N5/9/p5bP1/2n6/9/9/4A4/3K1AB2 w,-0.6325031,7645
2ba1k3/3c5/3N5/9/p5bP1/2n6/9/9/4A4/4KAB2 b,0.6751251,1093
2ba1k3/3c5/3Nb4/9/p6P1/2n6/9/9/4A4/4KAB2 w,-0.5877041,7897
2ba1k3/3c5/3Nb4/9/p6P1/2n6/9/4B4/4A4/4KA3 b,0.62700963,4260
