3k5/4R4/3aN4/p1p6/2b3r1p/9/9/4B4/4A4/3K1AB2 b,-0.006268573,3442
3k5/4R4/3ab4/p1p6/6r1p/9/9/4B4/4A4/3K1AB2 w,0.009461976,1192
3k5/9/3aR4/p1p6/6r1p/9/9/4B4/4A4/3K1AB2 b,-0.004186082,3819
3k5/9/3aR4/p1p6/3r4p/9/9/4B4/4A4/3K1AB2 w,0.0047205687,7645
3k5/9/3aR4/p1p6/3r4p/9/9/4B4/4A4/4KAB2 b,0.000346756,2466
3k5/9/3aR4/2p6/p2r4p/9/9/4B4/4A4/4KAB2 w,0.0032247305,2038
3k5/9/3a5/2p6/p2r4p/9/4R4/4B4/4A4/4KAB2 b,-0.00016132594,282
9/3k5/3a5/2p6/p2r4p/9/4R4/4B4/4A4/4KAB2 w,0.0028770447,5242
9/3k5/3aR4/2p6/p2r4p/9/9/4B4/4A4/4KAB2 b,0.001867199,3285
9/3k5/3aR4/2p6/3r4p/p8/9/4B4/4A4/4KAB2 w,0.0039944886,2029
9/3k5/3a5/2p6/3r4p/p3R4/9/4B4/4A4/4KAB2 b,0.00016586781,4104
9/3k5/3a5/2p6/3r4p/4R4/p8/4B4/4A4/4KAB2 w,0.00043034554,4455
9/3k5/3a5/2p6/3r4p/R8/p8/4B4/4A4/4KAB2 b,0.0043421984,4915
9/3k5/3a5/2p6/3r4p/R8/1p7/4B4/4A4/4KAB2 w,-0.008442926,4059
9/R2k5/3a5/2p6/3r4p/9/1p7/4B4/4A4/4KAB2 b,0.00560987,1083
3k5/R8/3a5/2p6/3r4p/9/1p7/4B4/4A4/4KAB2 w,-0.016637433,810
R2k5/9/3a5/2p6/3r4p/9/1p7/4B4/4A4/4KAB2 b,0.009843397,282
R8/3k5/3a5/2p6/3r4p/9/1p7/4B4/4A4/4KAB2 w,-0.0021232725,27
9/3k5/3a5/R1p6/3r4p/9/1p7/4B4/4A4/4KAB2 b,0.009211875,5014
9/3k5/3a5/R1p6/3r4p/9/9/1p2B4/4A4/4KAB2 w,-0.004012251,2459
9/3k5/3a5/2R6/3r4p/9/9/1p2B4/4A4/4KAB2 b,0.0022361993,5833
9/3k5/3a5/2R6/3r4p/9/9/4B4/1p2A4/4KAB2 w,-0.0025729418,2638
9/3k5/3a5/1R7/3r4p/9/9/4B4/1p2A4/4KAB2 b,0.0051210644,6644
9/3k5/3a5/1R7/3r4p/9/9/4B4/2p1A4/4KAB2 w,-0.010567975,2530
9/1R1k5/3a5/9/3r4p/9/9/4B4/2p1A4/4KAB2 b,0.0046660425,1083
3k5/1R7/3a5/9/3r4p/9/9/4B4/2p1A4/4KAB2 w,-0.016626751,901
1R1k5/9/3a5/9/3r4p/9/9/4B4/2p1A4/4KAB2 b,0.0114676235,282
1R7/3k5/3a5/9/3r4p/9/9/4B4/2p1A4/4KAB2 w,-0.0014849544,95
5R3/3k5/3a5/9/3r4p/9/9/4B4/2p1A4/4KAB2 b,0.00488863,6735
5R3/3k5/3a5/9/3r4p/9/9/4B4/3pA4/4KAB2 w,-0.0063975337,464
9/3k1R3/3a5/9/3r4p/9/9/4B4/3pA4/4KAB2 b,0.0051364186,1903
9/3kaR3/9/9/3r4p/9/9/4B4/3pA4/4KAB2 w,-0.0014046192,1319
9/3ka4/9/9/3r4p/9/5R3/4B4/3pA4/4KAB2 b,0.0053185225,4013
9/3ka4/9/9/3r5/8p/5R3/4B4/3pA4/4KAB2 w,-0.0043607834,5365
9/3ka4/9/9/3r5/8p/1R7/4B4/3pA4/4KAB2 b,0.006863785,4822
9/3ka4/9/9/3r5/7p1/1R7/4B4/3pA4/4KAB2 w,-0.004656398,4960
9/1R1ka4/9/9/3r5/7p1/9/4B4/3pA4/4KAB2 b,0.006256938,1083
3k5/1R2a4/9/9/3r5/7p1/9/4B4/3pA4/4KAB2 w,-0.0052892803,913
3k5/4R4/9/9/3r5/7p1/9/4B4/3pA4/4KAB2 b,0.08192577,3547
3k5/4R4/9/9/1r7/7p1/9/4B4/3pA4/4KAB2 w,-0.065769866,1174
3kR4/9/9/9/1r7/7p1/9/4B4/3pA4/4KAB2 b,0.13273858,274
4k4/9/9/9/1r7/7p1/9/4B4/3pA4/4KAB2 w,-0.13314116,6924
4k4/9/9/9/1r7/7p1/9/4B4/3p5/3AKAB2 b,0.14507334,3412
4k4/9/9/9/9/7p1/9/4B4/3p5/1r1AKAB2 w,-0.15163702,7816
4k4/9/9/9/9/7p1/9/4B4/3pA4/1r1AK1B2 b,0.15213595,4741
4k4/9/9/9/9/9/7p1/4B4/3pA4/1r1AK1B2 w,-0.1479094,7901
4k4/9/9/9/9/9/7p1/4B3B/3pA4/1r1AK4 b,0.15716295,373
9/4k4/9/9/9/9/7p1/4B3B/3pA4/1r1AK4 w,-0.15145816,6477
9/4k4/9/9/9/9/7p1/4B4/3pA4/1r1AK1B2 b,0.15904875,5550
9/4k4/9/9/9/9/6p2/4B4/3pA4/1r1AK1B2 w,-0.14649135,7901
9/4k4/9/9/9/9/6p2/4B3B/3pA4/1r1AK4 b,0.15629815,5459
9/4k4/9/9/9/9/5p3/4B3B/3pA4/1r1AK4 w,-0.15482545,6477
9/4k4/9/9/9/9/5p3/4B4/3pA4/1r1AK1B2 b,0.16232987,5368
9/4k4/9/9/9/9/4p4/4B4/3pA4/1r1AK1B2 w,-0.14462824,6081
9/4k4/9/9/9/6B2/4p4/9/3pA4/1r1AK1B2 b,0.16042495,5279
9/4k4/9/9/9/6B2/5p3/9/3pA4/1r1AK1B2 w,-0.1452308,7897
9/4k4/9/9/9/6B2/5p3/4B4/3pA4/1r1AK4 b,0.15669227,7461
9/4k4/9/9/9/6B2/5p3/4B4/3pA4/r2AK4 w,-0.13785733,4661
9/4k4/9/9/9/9/5p3/4B3B/3pA4/r2AK4 b,0.14129065,7353
9/4k4/9/9/9/9/5p3/r3B3B/3pA4/3AK4 w,-0.13651371,6477
9/4k4/9/9/9/9/5p3/r3B4/3pA4/3AK1B2 b,0.14138947,5368
9/4k4/9/9/9/9/4p4/r3B4/3pA4/3AK1B2 w,-0.14447816,7736
9/4k4/9/9/9/9/4p4/r3B4/3pA4/3A1KB2 b,0.15208697,5742
9/4k4/9/9/9/9/4p4/4B4/r2pA4/3A1KB2 w,-0.13838422,6081
9/4k4/9/9/9/6B2/4p4/9/r2pA4/3A1KB2 b,0.14504114,6561
9/4k4/9/9/9/6B2/4p4/9/3pA4/r2A1KB2 w,-0.15909599,7817
9/4k4/9/9/9/6B2/4p4/9/3pAK3/r2A2B2 b,0.17058006,7373
9/4k4/9/9/9/6B2/4p4/9/3pAK3/2rA2B2 w,-0.15149899,6998
9/4k4/9/9/9/6B2/4p4/5K3/3pA4/2rA2B2 b,0.1711659,7517
9/4k4/9/9/9/2r3B2/4p4/5K3/3pA4/3A2B2 w,-0.16681708,6197
9/4k4/9/9/9/2r3B2/4p4/9/3pAK3/3A2B2 b,0.16879712,4281
9/4k4/9/9/9/6r2/4p4/9/3pAK3/3A2B2 w,-0.16825266,7016
9/4k4/9/9/9/6r2/4p4/9/3pA4/3A1KB2 b,0.17869554,4677
9/4k4/9/9/9/9/4p4/9/3pA4/3A1Kr2 w,-0.18165208,7817
9/4k4/9/9/9/9/4p4/9/3pAK3/3A2r2 b,0.19048476,5287
9/4k4/9/9/9/9/9/4p4/3pAK3/3A2r2 w,-0.19207726,6906
9/4k4/9/9/9/9/9/3Ap4/3p1K3/3A2r2 b,0.187077,7908
9/4k4/9/9/9/9/9/3Ap4/3p1Kr2/3A5 w,-0.19146894,7016
9/4k4/9/9/9/9/9/3Ap4/3p2r2/3A1K3 b,0.19882078,6096
9/4k4/9/9/9/9/9/3p5/3p2r2/3A1K3 w,-0.19752769,7636
9/4k4/9/9/9/9/9/3p5/3pA1r2/5K3 b,0.2,6826
rnbakabnr/9/1c5c1/p1p1p1p1p/9/9/P1P1P1P1P/1C5C1/9/RNBAKABNR w,-0.7981823,5827
rnbakabnr/9/1c5c1/p1p1p1p1p/9/9/P1P1P1P1P/4C2C1/9/RNBAKABNR b,0.7982332,110
r1bakabnr/9/1cn4c1/p1p1p1p1p/9/9/P1P1P1P1P/4C2C1/9/RNBAKABNR w,-0.79817456,7445
r1bakabnr/9/1cn4c1/p1p1p1p1p/9/9/P1P1P1P1P/2N1C2C1/9/R1BAKABNR b,0.79817593,562
r1baka1nr/9/1cn1b2c1/p1p1p1p1p/9/9/P1P1P1P1P/2N1C2C1/9/R1BAKABNR w,-0.7980365,7372
r1baka1nr/9/1cn1b2c1/p1p1p1p1p/9/9/P1P1P1P1P/2N1C2C1/9/1RBAKABNR b,0.7982337,1
1rbaka1nr/9/1cn1b2c1/p1p1p1p1p/9/9/P1P1P1P1P/2N1C2C1/9/1RBAKABNR w,-0.79831344,6368
1rbaka1nr/9/1cn1b2c1/p1p1p1p1p/9/9/P1P1P1P1P/2N1CC3/9/1RBAKABNR b,0.79872113,654
1rbaka2r/9/1cn1b1nc1/p1p1p1p1p/9/9/P1P1P1P1P/2N1CC3/9/1RBAKABNR w,-0.79842234,7989
1rbaka2r/9/1cn1b1nc1/p1p1p1p1p/9/9/P1P1P1P1P/2N1CCN2/9/1RBAKAB1R b,0.7986161,3012
1rbaka2r/9/1cn1b1nc1/p1p1p3p/6p2/9/P1P1P1P1P/2N1CCN2/9/1RBAKAB1R w,-0.7981277,8098
1rbaka2r/9/1cn1b1nc1/p1p1p3p/6p2/9/P1P1P1P1P/2N1CCN2/9/1RBAKABR1 b,0.7979736,727
1rbaka1r1/9/1cn1b1nc1/p1p1p3p/6p2/9/P1P1P1P1P/2N1CCN2/9/1RBAKABR1 w,-0.7974455,5087
1rbaka1r1/9/1cn1b1nc1/p1p1p3p/6p2/2P6/P3P1P1P/2N1CCN2/9/1RBAKABR1 b,0.7979389,1765
1rbaka1r1/9/2n1b1nc1/p1p1p3p/6p2/2P6/Pc2P1P1P/2N1CCN2/9/1RBAKABR1 w,-0.7949186,5898
1rbaka1r1/9/2n1b1nc1/p1p1p3p/6p2/2PN5/Pc2P1P1P/4CCN2/9/1RBAKABR1 b,0.7934622,2311
1rbaka1r1/9/2n1b1n2/p1p1p3p/6p2/2PN5/Pc2P1PcP/4CCN2/9/1RBAKABR1 w,-0.79214615,6143
1rbaka1r1/9/2n1bCn2/p1p1p3p/6p2/2PN5/Pc2P1PcP/4C1N2/9/1RBAKABR1 b,0.7915428,1986
1rbakabr1/9/2n2Cn2/p1p1p3p/6p2/2PN5/Pc2P1PcP/4C1N2/9/1RBAKABR1 w,-0.7818543,4351
1rbakabr1/9/2n2Cn2/p1p1N3p/6p2/2P6/Pc2P1PcP/4C1N2/9/1RBAKABR1 b,0.795234,1831
1rbakabr1/9/5Cn2/p1p1n3p/6p2/2P6/Pc2P1PcP/4C1N2/9/1RBAKABR1 w,-0.795019,6061
1rbakabr1/9/5Cn2/p1p1C3p/6p2/2P6/Pc2P1PcP/6N2/9/1RBAKABR1 b,0.8090971,109
2bakabr1/9/1r3Cn2/p1p1C3p/6p2/2P6/Pc2P1PcP/6N2/9/1RBAKABR1 w,-0.79812026,2839
2bakabr1/9/1r3Cn2/p1p5p/6p2/2P1C4/Pc2P1PcP/6N2/9/1RBAKABR1 b,0.8016352,1733
2bakabr1/9/5rn2/p1p5p/6p2/2P1C4/Pc2P1PcP/6N2/9/1RBAKABR1 w,-0.79030806,7435
2bakabr1/9/5rn2/p1p5p/6p2/2P1C4/PR2P1PcP/6N2/9/2BAKABR1 b,0.79264474,2129
2bakabr1/9/6n2/p1p5p/6p2/2P1C4/PR2PrPcP/6N2/9/2BAKABR1 w,-0.7850741,4987
2bakabr1/9/6n2/p1p5p/1R4p2/2P1C4/P3PrPcP/6N2/9/2BAKABR1 b,0.7955032,2201
2bakabr1/9/9/p1p5p/1R3np2/2P1C4/P3PrPcP/6N2/9/2BAKABR1 w,-0.7819282,7636
2bakabr1/9/9/p1p5p/1R3np2/2P1C4/P3PrPcP/6N2/4A4/2B1KABR1 b,0.7960946,3748
2bakabr1/9/9/p1p5p/1R4p2/2P1C4/P3nrPcP/6N2/4A4/2B1KABR1 w,-0.7814842,7897
2bakabr1/9/9/p1p5p/1R4p2/2P1C4/P3nrPcP/4B1N2/4A4/2B1KA1R1 b,0.7947049,5267
2bakabr1/9/9/p1p5p/1R4p2/2n1C4/P4rPcP/4B1N2/4A4/2B1KA1R1 w,-0.7804105,6077
2bakabr1/9/9/p1p5p/1R4p2/2B1C4/P4rPcP/6N2/4A4/2B1KA1R1 b,0.78968245,5370
2bakabr1/9/9/p1p5p/1R4p2/2B1C4/P5rcP/6N2/4A4/2B1KA1R1 w,-0.7900531,3370
2bakabr1/9/9/p1p5p/4R1p2/2B1C4/P5rcP/6N2/4A4/2B1KA1R1 b,0.78996783,202
3akabr1/9/4b4/p1p5p/4R1p2/2B1C4/P5rcP/6N2/4A4/2B1KA1R1 w,-0.7806144,4297
3akabr1/9/4b4/p1p5p/4R1p2/4C4/P5rcP/4B1N2/4A4/2B1KA1R1 b,0.7946343,463
3ak1br1/4a4/4b4/p1p5p/4R1p2/4C4/P5rcP/4B1N2/4A4/2B1KA1R1 w,-0.78820866,6290
3ak1br1/4a4/4b4/p1p5p/4R1p2/4C4/P5rcP/4B4/4A3N/2B1KA1R1 b,0.80227304,5569
3ak1br1/4a4/4b4/p1p5p/4R1p2/4C4/P5r1P/4B4/4A2cN/2B1KA1R1 w,-0.80245507,4456
3ak1br1/4a4/4b4/p1p5p/4R1p2/1C7/P5r1P/4B4/4A2cN/2B1KA1R1 b,0.80739194,5455
3ak1br1/4a4/4b4/p1p5p/4R1p2/1C7/Pr6P/4B4/4A2cN/2B1KA1R1 w,-0.7998303,3649
3ak1br1/4a4/4b4/p1p5p/6p2/1C2R4/Pr6P/4B4/4A2cN/2B1KA1R1 b,0.8053344,1982
2bak1br1/4a4/9/p1p5p/6p2/1C2R4/Pr6P/4B4/4A2cN/2B1KA1R1 w,-0.79911757,4187
2bak1br1/4a4/9/p1p5p/6p2/2C1R4/Pr6P/4B4/4A2cN/2B1KA1R1 b,0.80227286,202
3ak1br1/4a4/4b4/p1p5p/6p2/2C1R4/Pr6P/4B4/4A2cN/2B1KA1R1 w,-0.7919081,4304
3ak1br1/4a4/4b4/p1p5p/6p2/4R4/Pr6P/4B4/2C1A2cN/2B1KA1R1 b,0.7956611,7180
3ak1br1/4a4/4b4/p1p5p/6p2/4R4/Pr6P/4B2c1/2C1A3N/2B1KA1R1 w,-0.79171294,7287
3ak1br1/4a4/4b4/p1p5p/6p2/4R4/Pr6P/4B2c1/2C1A4/2B1KANR1 b,0.7931262,6361
3ak1br1/4a4/4b4/p1p5p/6p2/4R4/Pr5cP/4B4/2C1A4/2B1KANR1 w,-0.78327316,7898
3ak1br1/4a4/4b4/p1p5p/6p2/4R4/Pr5cP/4BN3/2C1A4/2B1KA1R1 b,0.7901616,5560
3ak1br1/4a4/4b4/p1p5p/6p2/4R4/Pr6P/4BN1c1/2C1A4/2B1KA1R1 w,-0.783474,4441
3ak1br1/4a4/4b4/p1p1R3p/6p2/9/Pr6P/4BN1c1/2C1A4/2B1KA1R1 b,0.78748965,5006
3ak1br1/4a4/4b4/p1p1R3p/6p2/9/P1r5P/4BN1c1/2C1A4/2B1KA1R1 w,-0.77135146,6689
3ak1br1/4a4/4b4/p1C1R3p/6p2/9/P1r5P/4BN1c1/4A4/2B1KA1R1 b,0.81845707,6367
3ak1br1/4a4/4b4/p1C1R3p/6p2/9/P1r5P/4cN3/4A4/2B1KA1R1 w,-0.8020912,7537
3ak1br1/4a4/4b4/p1C1R3p/6p2/9/P1r5P/4BN3/4A4/4KA1R1 b,0.8052625,718
3ak1b2/4a4/4b4/p1C1R3p/6p2/9/P1r5P/4BN3/4A4/4KA1r1 w,-0.7978904,2645
3ak1b2/4a4/4b4/p3R3C/6p2/9/P1r5P/4BN3/4A4/4KA1r1 b,0.80566454,5102
3ak1b2/4a4/4b4/p3R3C/6p2/9/P7r/4BN3/4A4/4KA1r1 w,-0.80130124,3177
3ak1b2/4a4/4b4/C3R4/6p2/9/P7r/4BN3/4A4/4KA1r1 b,0.8103848,5634
3ak1b2/4a4/4b4/C3R4/6p2/9/r8/4BN3/4A4/4KA1r1 w,-0.8064173,2459
3ak1b2/4a4/4b4/2C1R4/6p2/9/r8/4BN3/4A4/4KA1r1 b,0.8144727,4941
3ak1b2/4a4/4b4/2C1R4/6p2/9/9/4BN3/4A4/r3KA1r1 w,-0.8090253,2693
3ak1b2/4a4/4b4/4R4/6p2/9/9/4BN3/4A4/r1C1KA1r1 b,0.81513965,7990
3ak1b2/4a4/4b4/4R4/6p2/9/9/4BN1r1/4A4/r1C1KA3 w,-0.80570084,2848
3ak1b2/4a4/4b4/9/6p2/9/4R4/4BN1r1/4A4/r1C1KA3 b,0.8090667,7372
3ak1b2/4a4/4b4/9/6p2/9/4R4/4BN1r1/4A4/1rC1KA3 w,-0.80503917,6169
3ak1b2/4a4/4b4/9/6p2/4N4/4R4/4B2r1/4A4/1rC1KA3 b,0.81256145,7408
3ak1b2/4a4/4b4/1r7/6p2/4N4/4R4/4B2r1/4A4/2C1KA3 w,-0.8083323,6117
3ak1b2/4a4/4b4/1r7/6p2/4N4/4R4/7r1/4A4/2C1KAB2 b,0.8194455,6365
3ak1b2/4a4/4b4/1r7/6p2/4N4/4R4/2r6/4A4/2C1KAB2 w,-0.8084455,7554
3ak1b2/4a4/4b4/1r7/6p2/4N4/4R4/2r6/4A4/3CKAB2 b,0.8137003,2551
3ak1b2/4a4/4b4/4r4/6p2/4N4/4R4/2r6/4A4/3CKAB2 w,-0.8069484,7897
3ak1b2/4a4/4b4/4r4/6p2/4N4/4R4/2r1B4/4A4/3CKA3 b,0.8186047,566
3ak4/4a4/4b3b/4r4/6p2/4N4/4R4/2r1B4/4A4/3CKA3 w,-0.8145859,7626
3ak4/4a4/4b3b/4r4/6p2/4N4/4R4/2rCB4/4A4/4KA3 b,0.8209656,2830
3ak4/4a4/4b3b/9/4r1p2/4N4/4R4/2rCB4/4A4/4KA3 w,-0.81434,7734
3ak4/4a4/4b3b/9/4r1p2/4N4/4R4/2rCB4/4A4/3K1A3 b,0.8328292,3637
3ak4/4a4/4b3b/9/1r4p2/4N4/4R4/2rCB4/4A4/3K1A3 w,-0.8077129,7645
3ak4/4a4/4b3b/9/1r4p2/4N4/4R4/2rCB4/4A4/4KA3 b,0.8106592,3412
3ak4/4a4/4b3b/9/6p2/4N4/4R4/2rCB4/4A4/1r2KA3 w,-0.800661,6024
3ak4/4a4/4b3b/9/6p2/4N4/4R4/2r1B4/4A4/1r1CKA3 b,0.80799836,7408
3ak4/4a4/4b3b/1r7/6p2/4N4/4R4/2r1B4/4A4/3CKA3 w,-0.81392807,6906
3ak4/4a4/4b3b/1r7/6p2/4N4/4R4/2rAB4/9/3CKA3 b,0.8156642,5916
3ak4/4a4/4b3b/1r7/6p2/4N4/4R4/3rB4/9/3CKA3 w,-0.813658,7816
3ak4/4a4/4b3b/1r7/6p2/4N4/4R4/3rB4/4A4/3CK4 b,0.82384664,5988
3ak4/4a4/4b3b/1r7/6p2/3rN4/4R4/4B4/4A4/3CK4 w,-0.8208985,4470
3ak4/4a4/4b3b/1r7/6p2/3r5/4R1N2/4B4/4A4/3CK4 b,0.8248218,2346
3ak1b2/4a4/4b4/1r7/6p2/3r5/4R1N2/4B4/4A4/3CK4 w,-0.8142272,5269
3ak1b2/4a4/4b4/1r7/6p2/3rR4/6N2/4B4/4A4/3CK4 b,0.8142608,4369
3ak1b2/4a4/4b4/1r7/6p2/4r4/6N2/4B4/4A4/3CK4 w,-0.8141759,5449
3ak1b2/4a4/4b4/1r7/6p2/4N4/9/4B4/4A4/3CK4 b,0.81627977,2551
3ak1b2/4a4/4b4/4r4/6p2/4N4/9/4B4/4A4/3CK4 w,-0.8085399,4466
3ak1b2/4a4/4b4/4r4/6p2/9/2N6/4B4/4A4/3CK4 b,0.8169786,2848
3ak1b2/4a4/4b4/9/6p2/9/2N1r4/4B4/4A4/3CK4 w,-0.8179247,5079
3ak1b2/4a4/4b4/9/3N2p2/9/4r4/4B4/4A4/3CK4 b,0.82491,5287
3ak1b2/4a4/4b4/9/3N2p2/9/9/4r4/4A4/3CK4 w,-0.8201756,3538
3ak1b2/4a4/4b4/1N7/6p2/9/9/4r4/4A4/3CK4 b,0.82570416,1193
3ak1b2/9/4ba3/1N7/6p2/9/9/4r4/4A4/3CK4 w,-0.82006097,2531
3ak1b2/2N6/4ba3/9/6p2/9/9/4r4/4A4/3CK4 b,0.8206809,365
3a1kb2/2N6/4ba3/9/6p2/9/9/4r4/4A4/3CK4 w,-0.81720763,1020
3a1kb2/9/4ba3/3N5/6p2/9/9/4r4/4A4/3CK4 b,0.81682736,6061
3a1kb2/9/4ba3/3Nr4/6p2/9/9/9/4A4/3CK4 w,-0.81773746,2747
3a1kb2/9/4ba3/4r4/6p2/2N6/9/9/4A4/3CK4 b,0.82264477,3831
3a1kb2/9/4ba3/4r4/9/2N3p2/9/9/4A4/3CK4 w,-0.82047313,7626
3a1kb2/9/4ba3/4r4/9/2N3p2/9/3C5/4A4/4K4 b,0.82661647,4640
3a1kb2/9/4ba3/4r4/9/2N2p3/9/3C5/4A4/4K4 w,-0.8242699,6024
3a1kb2/9/4ba3/4r4/9/2N2p3/9/9/4A4/3CK4 b,0.8349131,4559
3a1kb2/9/4ba3/4r4/9/2N6/5p3/9/4A4/3CK4 w,-0.83122116,7626
3a1kb2/9/4ba3/4r4/9/2N6/5p3/3C5/4A4/4K4 b,0.8504716,2018
3a1kb2/9/5a3/4r4/2b6/2N6/5p3/3C5/4A4/4K4 w,-0.8490824,6024
3a1kb2/9/5a3/4r4/2b6/2N6/5p3/9/4A4/3CK4 b,0.8777541,5378
3a1kb2/9/5a3/4r4/2b6/2N6/9/5p3/4A4/3CK4 w,-0.8694904,4294
3a1kb2/9/5a3/4r4/2b6/9/9/1N3p3/4A4/3CK4 b,0.91835815,6197
3a1kb2/9/5a3/4r4/2b6/9/9/1N7/4Ap3/3CK4 w,-0.92512524,7635
3a1kb2/9/5a3/4r4/2b6/9/9/1N7/3CAp3/4K4 b,0.9587471,7006
3a1kb2/9/5a3/4r4/2b6/9/9/1N7/3Cp4/4K4 w,-0.95528084,7734
3a1kb2/9/5a3/4r4/2b6/9/9/1N7/3Cp4/3K5 b,0.97022456,2822
3a1kb2/9/5a3/5r3/2b6/9/9/1N7/3Cp4/3K5 w,-0.9972238,6816
3a1kb2/9/5a3/5r3/2b6/9/9/1N1C5/4p4/3K5 b,1,2966
rnbakabnr/9/1c5c1/p1p1p1p1p/9/9/P1P1P1P1P/1C5C1/9/RNBAKABNR w,0.0018177032,5827
rnbakabnr/9/1c5c1/p1p1p1p1p/9/9/P1P1P1P1P/4C2C1/9/RNBAKABNR b,-0.0017668129,110
r1bakabnr/9/1cn4c1/p1p1p1p1p/9/9/P1P1P1P1P/4C2C1/9/RNBAKABNR w,0.0018248558,7445
r1bakabnr/9/1cn4c1/p1p1p1p1p/9/9/P1P1P1P1P/2N1C2C1/9/R1BAKABNR b,-0.0018119812,562
r1baka1nr/9/1cn1b2c1/p1p1p1p1p/9/9/P1P1P1P1P/2N1C2C1/9/R1BAKABNR w,0.0019635202,7372
r1baka1nr/9/1cn1b2c1/p1p1p1p1p/9/9/P1P1P1P1P/2N1C2C1/9/1RBAKABNR b,-0.0017663479,1
1rbaka1nr/9/1cn1b2c1/p1p1p1p1p/9/9/P1P1P1P1P/2N1C2C1/9/1RBAKABNR w,0.0017125607,6368
1rbaka1nr/9/1cn1b2c1/p1p1p1p1p/9/9/P1P1P1P1P/2N1CC3/9/1RBAKABNR b,-0.0012718678,654
1rbaka2r/9/1cn1b1nc1/p1p1p1p1p/9/9/P1P1P1P1P/2N1CC3/9/1RBAKABNR w,0.0016003847,7989
1rbaka2r/9/1cn1b1nc1/p1p1p1p1p/9/9/P1P1P1P1P/2N1CCN2/9/1RBAKAB1R b,-0.001368165,3012
1rbaka2r/9/1cn1b1nc1/p1p1p3p/6p2/9/P1P1P1P1P/2N1CCN2/9/1RBAKAB1R w,0.0019109726,8098
1rbaka2r/9/1cn1b1nc1/p1p1p3p/6p2/9/P1P1P1P1P/2N1CCN2/9/1RBAKABR1 b,-0.0020068765,727
1rbaka1r1/9/1cn1b1nc1/p1p1p3p/6p2/9/P1P1P1P1P/2N1CCN2/9/1RBAKABR1 w,0.0027746677,5087
1rbaka1r1/9/1cn1b1nc1/p1p1p3p/6p2/2P6/P3P1P1P/2N1CCN2/9/1RBAKABR1 b,-0.002183795,1765
1rbaka1r1/9/2n1b1nc1/p1p1p3p/6p2/2P6/Pc2P1P1P/2N1CCN2/9/1RBAKABR1 w,0.0051244977,5898
1rbaka1r1/9/2n1b1nc1/p1p1p3p/6p2/2PN5/Pc2P1P1P/4CCN2/9/1RBAKABR1 b,-0.0063818814,2311
1rbaka1r1/9/2n1b1n2/p1p1p3p/6p2/2PN5/Pc2P1PcP/4CCN2/9/1RBAKABR1 w,0.007929206,6143
1rbaka1r1/9/2n1bCn2/p1p1p3p/6p2/2PN5/Pc2P1PcP/4C1N2/9/1RBAKABR1 b,-0.008049953,1986
1rbakabr1/9/2n2Cn2/p1p1p3p/6p2/2PN5/Pc2P1PcP/4C1N2/9/1RBAKABR1 w,0.01805811,4351
1rbakabr1/9/2n2Cn2/p1p1N3p/6p2/2P6/Pc2P1PcP/4C1N2/9/1RBAKABR1 b,-0.0048104883,1831
1rbakabr1/9/5Cn2/p1p1n3p/6p2/2P6/Pc2P1PcP/4C1N2/9/1RBAKABR1 w,0.005071378,6061
1rbakabr1/9/5Cn2/p1p1C3p/6p2/2P6/Pc2P1PcP/6N2/9/1RBAKABR1 b,0.009508371,109
2bakabr1/9/1r3Cn2/p1p1C3p/6p2/2P6/Pc2P1PcP/6N2/9/1RBAKABR1 w,0.0018720865,2839
2bakabr1/9/1r3Cn2/p1p5p/6p2/2P1C4/Pc2P1PcP/6N2/9/1RBAKABR1 b,0.0016352177,1733
2bakabr1/9/5rn2/p1p5p/6p2/2P1C4/Pc2P1PcP/6N2/9/1RBAKABR1 w,0.009656143,7435
2bakabr1/9/5rn2/p1p5p/6p2/2P1C4/PR2P1PcP/6N2/9/2BAKABR1 b,-0.007027888,2201
2bakabr1/9/5r3/p1p5p/5np2/2P1C4/PR2P1PcP/6N2/9/2BAKABR1 w,0.013429142,4987
2bakabr1/9/5r3/p1p5p/1R3np2/2P1C4/P3P1PcP/6N2/9/2BAKABR1 b,-0.008007574,3750
2bakabr1/9/5r3/p1p5p/1R4p2/2P1C4/P3P1ncP/6N2/9/2BAKABR1 w,0.018293595,3372
2bakabr1/9/5r3/p1p5p/6R2/2P1C4/P3P1ncP/6N2/9/2BAKABR1 b,-0.0053570988,5449
2bakabr1/9/5r3/p1p5p/6R2/2P1n4/P3P2cP/6N2/9/2BAKABR1 w,0.0057560443,5269
2bakabr1/9/5r3/p1p5p/6R2/2P1P4/P6cP/6N2/9/2BAKABR1 b,0.00068066124,5560
2bakabr1/9/5r3/p1p5p/6R2/2P1P4/P7P/6Nc1/9/2BAKABR1 w,0.0091265915,7999
2bakabr1/9/5r3/p1p5p/6R2/2P1P4/P7P/6Nc1/7R1/2BAKAB2 b,0.0015275956,2138
2bakabr1/9/9/p1p5p/6R2/2P1P4/P7P/5rNc1/7R1/2BAKAB2 w,0.005639744,7185
2bakabr1/9/9/p1p5p/6R2/2P1P4/P7P/5rNc1/3R5/2BAKAB2 b,0.0062448503,562
2baka1r1/9/4b4/p1p5p/6R2/2P1P4/P7P/5rNc1/3R5/2BAKAB2 w,0.003016162,3813
2baka1r1/9/4b4/p1p3R1p/9/2P1P4/P7P/5rNc1/3R5/2BAKAB2 b,0.00526309,691
2baka3/9/4b4/p1p3R1p/9/2P1P4/P6rP/5rNc1/3R5/2BAKAB2 w,0.0038224221,6780
2baka3/9/4b4/p1pR2R1p/9/2P1P4/P6rP/5rNc1/9/2BAKAB2 b,0.0111871725,5544
2baka3/9/4b4/p1pR2R1p/9/2P1P4/r7P/5rNc1/9/2BAKAB2 w,0.0028787614,2729
2baka3/9/4b4/p1R3R1p/9/2P1P4/r7P/5rNc1/9/2BAKAB2 b,0.0001905203,4918
2baka3/9/4b4/p1R3R1p/9/2P1P4/4r3P/5rNc1/9/2BAKAB2 w,0.005784345,7636
2baka3/9/4b4/p1R3R1p/9/2P1P4/4r3P/5rNc1/4A4/2B1KAB2 b,0.0040782928,5269
2baka3/9/4b4/p1R3R1p/9/2P1r4/8P/5rNc1/4A4/2B1KAB2 w,0.0065673115,7537
2baka3/9/4b4/p1R3R1p/9/2P1r4/8P/4BrNc1/4A4/4KAB2 b,0.0042975666,6197
2baka3/9/4b4/p1R3R1p/9/2P1r4/8P/4B1Nc1/4Ar3/4KAB2 w,0.007704592,6113
2baka3/9/4b4/p1R3R1p/9/2P1r4/8P/6Nc1/4Ar3/2B1KAB2 b,0.0033730508,6989
2baka3/9/4b4/p1R3R1p/9/2P1r4/5r2P/6Nc1/4A4/2B1KAB2 w,0.001207447,3004
2baka3/9/4b4/p1R4Rp/9/2P1r4/5r2P/6Nc1/4A4/2B1KAB2 b,0.026857544,5366
2baka3/9/4b4/p1R4Rp/9/2P1r4/2r5P/6Nc1/4A4/2B1KAB2 w,0.0013490439,2640
2baka3/9/4b4/p2R3Rp/9/2P1r4/2r5P/6Nc1/4A4/2B1KAB2 b,-0.000641942,5123
2baka3/9/4b4/p2R3Rp/9/2P1r4/8P/6Nc1/4A4/2r1KAB2 w,0.0009301663,2784
2baka3/9/4b4/p6Rp/9/2P1r4/8P/6Nc1/4A4/2rRKAB2 b,-0.0015280247,7544
2baka3/9/4b4/p6Rp/9/2P1r4/8P/6Nc1/2r1A4/3RKAB2 w,0.008376503,3130
2baka3/9/4b4/p7p/9/2P1r4/8P/6NR1/2r1A4/3RKAB2 b,-0.007948101,6707
2baka3/9/4b4/p7p/9/2r1r4/8P/6NR1/4A4/3RKAB2 w,0.00978787,6361
2baka3/9/4b4/p7p/9/2r1r4/7RP/6N2/4A4/3RKAB2 b,-0.004139161,2466
2baka3/9/4b4/8p/p8/2r1r4/7RP/6N2/4A4/3RKAB2 w,0.017819976,5542
2baka3/9/4b4/8p/p8/2r1r2R1/8P/6N2/4A4/3RKAB2 b,0.0069383145,4462
2baka3/9/4b4/8p/p8/2r4r1/8P/6N2/4A4/3RKAB2 w,-0.004244161,6262
2baka3/9/4b4/8p/p8/2r4N1/8P/9/4A4/3RKAB2 b,0.0061949254,4282
2baka3/9/4b4/8p/p8/7r1/8P/9/4A4/3RKAB2 w,-0.005059123,7641
2baka3/9/4b4/8p/p8/7r1/8P/9/4A4/R3KAB2 b,0.007970548,3285
2baka3/9/4b4/8p/9/p6r1/8P/9/4A4/R3KAB2 w,-0.005910635,7374
2baka3/9/4b4/8p/9/p6r1/8P/9/4A4/3RKAB2 b,0.007747698,4714
2baka3/9/4b4/7rp/9/p8/8P/9/4A4/3RKAB2 w,-0.0082886815,5633
2baka3/9/4b4/7rp/9/p7P/9/9/4A4/3RKAB2 b,0.009068489,463
2bak4/4a4/4b4/7rp/9/p7P/9/9/4A4/3RKAB2 w,-0.008337057,7608
2bak4/4a4/4b4/7rp/9/p2R4P/9/9/4A4/4KAB2 b,0.008977485,4104
2bak4/4a4/4b4/7rp/9/3R4P/p8/9/4A4/4KAB2 w,-0.010621465,4365
2bak4/4a4/4b4/7rp/9/R7P/p8/9/4A4/4KAB2 b,0.013536311,4915
2bak4/4a4/4b4/7rp/9/R7P/1p7/9/4A4/4KAB2 w,-0.013395095,4096
2bak4/4a4/4b4/7rp/9/1R6P/1p7/9/4A4/4KAB2 b,0.012042261,5006
2bak4/4a4/4b4/7rp/9/1R6P/2p6/9/4A4/4KAB2 w,-0.009282303,4185
2bak4/4a4/4b4/7rp/9/R7P/2p6/9/4A4/4KAB2 b,0.010692454,5105
2bak4/4a4/4b4/7rp/9/R7P/9/2p6/4A4/4KAB2 w,-0.011529016,4097
2bak4/4a4/4b4/7rp/9/2R5P/9/2p6/4A4/4KAB2 b,0.0135977985,5914
2bak4/4a4/4b4/7rp/9/2R5P/9/1p7/4A4/4KAB2 w,-0.009823657,7897
2bak4/4a4/4b4/7rp/9/2R5P/9/1p2B4/4A4/4KA3 b,0.011324453,5833
2bak4/4a4/4b4/7rp/9/2R5P/9/4B4/1p2A4/4KA3 w,-0.014871228,4276
2bak4/4a4/4b4/7rp/9/1R6P/9/4B4/1p2A4/4KA3 b,0.014609456,6644
2bak4/4a4/4b4/7rp/9/1R6P/9/4B4/2p1A4/4KA3 w,-0.009218502,4188
2bak4/4a4/4b4/7rp/9/3R4P/9/4B4/2p1A4/4KA3 b,0.0105217695,3130
2bak4/4a4/4b4/8p/9/3R4P/9/4B2r1/2p1A4/4KA3 w,-0.009054745,6077
2bak4/4a4/4b4/8p/9/2BR4P/9/7r1/2p1A4/4KA3 b,0.016840791,6365
2bak4/4a4/4b4/8p/9/2BR4P/9/2r6/2p1A4/4KA3 w,-0.012503326,4370
2bak4/4a4/4b4/8p/9/2B2R2P/9/2r6/2p1A4/4KA3 b,0.01304884,6735
2bak4/4a4/4b4/8p/9/2B2R2P/9/2r6/3pA4/4KA3 w,-0.010976291,6924
2bak4/4a4/4b4/8p/9/2B2R2P/9/2r6/3p5/3AKA3 b,0.012620402,5906
2bak4/4a4/4b4/8p/9/2B2R2P/2r6/9/3p5/3AKA3 w,-0.011106181,7816
2bak4/4a4/4b4/8p/9/2B2R2P/2r6/9/3pA4/3AK4 b,0.012522126,5102
2bak4/4a4/4b4/8p/9/2B2R2P/8r/9/3pA4/3AK4 w,-0.006903887,7736
2bak4/4a4/4b4/8p/9/2B2R2P/8r/9/3pA4/3A1K3 b,0.0044447184,5669
2bak4/4a4/4b4/8p/9/2B2R2P/9/9/3pA4/3A1K2r w,-0.00752064,7817
2bak4/4a4/4b4/8p/9/2B2R2P/9/9/3pAK3/3A4r b,0.004117203,8090
2bak4/4a4/4b4/8p/9/2B2R2P/9/9/3pAK2r/3A5 w,-0.010350073,7016
2bak4/4a4/4b4/8p/9/2B2R2P/9/9/3pA3r/3A1K3 b,0.024030615,6826
2bak4/4a4/4b4/8p/9/2B2R2P/9/9/4p3r/3A1K3 w,-0.015019536,7636
2bak4/4a4/4b4/8p/9/2B2R2P/9/9/4A3r/5K3 b,0.01826687,7276
2bak4/4a4/4b4/8p/9/2B2R2P/9/9/4r4/5K3 w,-0.012416995,4552
2bak4/4a4/4b4/8p/9/2B4RP/9/9/4r4/5K3 b,0.025493765,1193
2bak4/9/4ba3/8p/9/2B4RP/9/9/4r4/5K3 w,-0.019551158,4730
2bak4/9/4ba3/8p/9/2B2R2P/9/9/4r4/5K3 b,0.023558164,283
2b1k4/4a4/4ba3/8p/9/2B2R2P/9/9/4r4/5K3 w,-0.013759351,4552
2b1k4/4a4/4ba3/8p/9/2B4RP/9/9/4r4/5K3 b,0.020292712,6898
2b1k4/4a4/4ba3/8p/9/2B4RP/4r4/9/9/5K3 w,-0.013966441,4730
2b1k4/4a4/4ba3/8p/9/2B2R2P/4r4/9/9/5K3 b,0.009005904,5282
2b1k4/4a4/4ba3/8p/9/2B2R2P/8r/9/9/5K3 w,-0.011623204,4297
2b1k4/4a4/4ba3/8p/9/5R2P/8r/4B4/9/5K3 b,0.027542949,5651
2b1k4/4a4/4ba3/8p/9/5R2P/9/4B3r/9/5K3 w,-0.010963297,6077
2b1k4/4a4/4ba3/8p/9/2B2R2P/9/8r/9/5K3 b,0.0046448945,6479
2b1k4/4a4/4ba3/8p/9/2B2R2P/9/9/9/5K2r w,-0.008747721,7817
2b1k4/4a4/4ba3/8p/9/2B2R2P/9/9/5K3/8r b,-0.0013743639,8090
2b1k4/4a4/4ba3/8p/9/2B2R2P/9/9/5K2r/9 w,-0.0015864254,7016
2b1k4/4a4/4ba3/8p/9/2B2R2P/9/9/8r/5K3 b,0.019060517,7275
2b1k4/4a4/4ba3/8p/9/2B2R2P/9/9/3r5/5K3 w,-0.017813075,4297
2b1k4/4a4/4ba3/8p/9/5R2P/9/4B4/3r5/5K3 b,0.031641483,6780
2b1k4/4a4/4ba3/3r4p/9/5R2P/9/4B4/9/5K3 w,-0.026354779,4559
2b1k4/4a4/4ba3/3r4p/9/8P/5R3/4B4/9/5K3 b,0.024942517,363
2bk5/4a4/4ba3/3r4p/9/8P/5R3/4B4/9/5K3 w,-0.022795046,5378
2bk5/4a4/4ba3/3r4p/9/8P/9/4BR3/9/5K3 b,0.018168021,2784
2bk5/4a4/4ba3/8p/9/8P/9/4BR3/9/3r1K3 w,-0.02013551,7817
2bk5/4a4/4ba3/8p/9/8P/9/4BR3/5K3/3r5 b,0.010071754,7635
2bk5/4a4/4ba3/8p/9/8P/9/4BR3/3r1K3/9 w,-0.016361415,7016
2bk5/4a4/4ba3/8p/9/8P/9/4BR3/3r5/5K3 b,0.029621363,6780
2bk5/4a4/4ba3/3r4p/9/8P/9/4BR3/9/5K3 w,-0.02952901,7825
2bk5/4a4/4ba3/3r4p/9/8P/9/4BR3/9/4K4 b,0.01600163,2784
2bk5/4a4/4ba3/8p/9/8P/9/4BR3/9/3rK4 w,-0.020635081,7726
2bk5/4a4/4ba3/8p/9/8P/9/4BR3/4K4/3r5 b,0.014921856,7635
2bk5/4a4/4ba3/8p/9/8P/9/4BR3/3rK4/9 w,-0.019064022,6925
2bk5/4a4/4ba3/8p/9/8P/9/4BR3/3r5/4K4 b,0.023352241,6816
2bk5/4a4/4ba3/8p/9/8P/9/3rBR3/9/4K4 w,-0.010417605,7736
2bk5/4a4/4ba3/8p/9/8P/9/3rBR3/9/5K3 b,0,6024
rnbakabnr/9/1c5c1/p1p1p1p1p/9/9/P1P1P1P1P/1C5C1/9/RNBAKABNR w,-0.7981823,5827
rnbakabnr/9/1c5c1/p1p1p1p1p/9/9/P1P1P1P1P/4C2C1/9/RNBAKABNR b,0.79821646,110
r1bakabnr/9/1cn4c1/p1p1p1p1p/9/9/P1P1P1P1P/4C2C1/9/RNBAKABNR w,-0.79817986,7445
r1bakabnr/9/1cn4c1/p1p1p1p1p/9/9/P1P1P1P1P/2N1C2C1/9/R1BAKABNR b,0.7981495,562
r1baka1nr/9/1cn1b2c1/p1p1p1p1p/9/9/P1P1P1P1P/2N1C2C1/9/R1BAKABNR w,-0.7980508,7372
r1baka1nr/9/1cn1b2c1/p1p1p1p1p/9/9/P1P1P1P1P/2N1C2C1/9/1RBAKABNR b,0.7982348,1
1rbaka1nr/9/1cn1b2c1/p1p1p1p1p/9/9/P1P1P1P1P/2N1C2C1/9/1RBAKABNR w,-0.7982961,6368
1rbaka1nr/9/1cn1b2c1/p1p1p1p1p/9/9/P1P1P1P1P/2N1CC3/9/1RBAKABNR b,0.7987333,654
1rbaka2r/9/1cn1b1nc1/p1p1p1p1p/9/9/P1P1P1P1P/2N1CC3/9/1RBAKABNR w,-0.7984668,7989
1rbaka2r/9/1cn1b1nc1/p1p1p1p1p/9/9/P1P1P1P1P/2N1CCN2/9/1RBAKAB1R b,0.79863185,3012
1rbaka2r/9/1cn1b1nc1/p1p1p3p/6p2/9/P1P1P1P1P/2N1CCN2/9/1RBAKAB1R w,-0.7981277,8098
1rbaka2r/9/1cn1b1nc1/p1p1p3p/6p2/9/P1P1P1P1P/2N1CCN2/9/1RBAKABR1 b,0.7979972,727
1rbaka1r1/9/1cn1b1nc1/p1p1p3p/6p2/9/P1P1P1P1P/2N1CCN2/9/1RBAKABR1 w,-0.79748696,5087
1rbaka1r1/9/1cn1b1nc1/p1p1p3p/6p2/2P6/P3P1P1P/2N1CCN2/9/1RBAKABR1 b,0.7978451,1765
1rbaka1r1/9/2n1b1nc1/p1p1p3p/6p2/2P6/Pc2P1P1P/2N1CCN2/9/1RBAKABR1 w,-0.795294,5898
1rbaka1r1/9/2n1b1nc1/p1p1p3p/6p2/2PN5/Pc2P1P1P/4CCN2/9/1RBAKABR1 b,0.7935508,2311
1rbaka1r1/9/2n1b1n2/p1p1p3p/6p2/2PN5/Pc2P1PcP/4CCN2/9/1RBAKABR1 w,-0.7921129,6143
1rbaka1r1/9/2n1bCn2/p1p1p3p/6p2/2PN5/Pc2P1PcP/4C1N2/9/1RBAKABR1 b,0.79095626,1986
1rbakabr1/9/2n2Cn2/p1p1p3p/6p2/2PN5/Pc2P1PcP/4C1N2/9/1RBAKABR1 w,-0.7818543,4351
1rbakabr1/9/2n2Cn2/p1p1N3p/6p2/2P6/Pc2P1PcP/4C1N2/9/1RBAKABR1 b,0.7952187,1831
1rbakabr1/9/5Cn2/p1p1n3p/6p2/2P6/Pc2P1PcP/4C1N2/9/1RBAKABR1 w,-0.7947391,6061
1rbakabr1/9/5Cn2/p1p1C3p/6p2/2P6/Pc2P1PcP/6N2/9/1RBAKABR1 b,0.80902,109
2bakabr1/9/1r3Cn2/p1p1C3p/6p2/2P6/Pc2P1PcP/6N2/9/1RBAKABR1 w,-0.7977138,2839
2bakabr1/9/1r3Cn2/p1p5p/6p2/2P1C4/Pc2P1PcP/6N2/9/1RBAKABR1 b,0.80120313,1733
2bakabr1/9/5rn2/p1p5p/6p2/2P1C4/Pc2P1PcP/6N2/9/1RBAKABR1 w,-0.7903685,7435
2bakabr1/9/5rn2/p1p5p/6p2/2P1C4/PR2P1PcP/6N2/9/2BAKABR1 b,0.79297215,2201
2bakabr1/9/5r3/p1p5p/5np2/2P1C4/PR2P1PcP/6N2/9/2BAKABR1 w,-0.78591913,4987
2bakabr1/9/5r3/p1p5p/1R3np2/2P1C4/P3P1PcP/6N2/9/2BAKABR1 b,0.7916348,3750
2bakabr1/9/5r3/p1p5p/1R4p2/2P1C4/P3P1ncP/6N2/9/2BAKABR1 w,-0.78007823,3372
2bakabr1/9/5r3/p1p5p/6R2/2P1C4/P3P1ncP/6N2/9/2BAKABR1 b,0.79452896,5449
2bakabr1/9/5r3/p1p5p/6R2/2P1n4/P3P2cP/6N2/9/2BAKABR1 w,-0.7941656,5269
2bakabr1/9/5r3/p1p5p/6R2/2P1P4/P6cP/6N2/9/2BAKABR1 b,0.8005826,5560
2bakabr1/9/5r3/p1p5p/6R2/2P1P4/P7P/6Nc1/9/2BAKABR1 w,-0.79073244,7999
2bakabr1/9/5r3/p1p5p/6R2/2P1P4/P7P/6Nc1/7R1/2BAKAB2 b,0.8015276,2138
2bakabr1/9/9/p1p5p/6R2/2P1P4/P7P/5rNc1/7R1/2BAKAB2 w,-0.7890598,3795
2bakabr1/6R2/9/p1p5p/9/2P1P4/P7P/5rNc1/7R1/2BAKAB2 b,0.8071299,562
2baka1r1/6R2/4b4/p1p5p/9/2P1P4/P7P/5rNc1/7R1/2BAKAB2 w,-0.78241223,7816
2baka1r1/6R2/4b4/p1p5p/9/2P1P4/P7P/5rNc1/4A2R1/2BAK1B2 b,0.79817307,6179
2baka1r1/6R2/4b4/p1p5p/9/2P1P4/P4r2P/6Nc1/4A2R1/2BAK1B2 w,-0.7949497,1383
2baka1r1/9/4b4/p1p3R1p/9/2P1P4/P4r2P/6Nc1/4A2R1/2BAK1B2 b,0.7948119,5372
2baka1r1/9/4b4/p1p3R1p/9/2P1P4/P7r/6Nc1/4A2R1/2BAK1B2 w,-0.78815496,6260
2baka1r1/9/4b4/p1p3R1p/9/2P1PN3/P7r/7c1/4A2R1/2BAK1B2 b,0.78865314,5669
2baka1r1/9/4b4/p1p3R1p/9/2P1PN3/P8/7c1/4A2R1/2BAK1B1r w,-0.78413826,6926
2baka1r1/9/4b4/p1p3R1p/9/2P1PN3/P8/7c1/7R1/2BAKAB1r b,0.80014944,682
2baka3/9/4b4/p1p3R1p/9/2P1PN1r1/P8/7c1/7R1/2BAKAB1r w,-0.7875741,4567
2baka3/9/4b4/p1p3R1p/9/2P1P2r1/P8/4N2c1/7R1/2BAKAB1r b,0.79482114,6361
2baka3/9/4b4/p1p3R1p/9/2P1P2r1/P6c1/4N4/7R1/2BAKAB1r w,-0.7809355,3030
2baka3/9/4b4/p1p5p/9/2P1P2r1/P5Rc1/4N4/7R1/2BAKAB1r b,0.7916421,5560
2baka3/9/4b4/p1p5p/9/2P1P2r1/P5R2/4N2c1/7R1/2BAKAB1r w,-0.7797151,4450
2baka3/9/4b4/p1p5p/4P4/2P4r1/P5R2/4N2c1/7R1/2BAKAB1r b,0.7955276,8054
2baka3/9/4b4/p1p5p/4P3r/2P4r1/P5R2/4N2c1/7R1/2BAKAB2 w,-0.78602123,3631
2baka3/9/4b4/p1p1P3p/8r/2P4r1/P5R2/4N2c1/7R1/2BAKAB2 b,0.7957106,4000
2baka3/9/4b4/p1p1P3p/4r4/2P4r1/P5R2/4N2c1/7R1/2BAKAB2 w,-0.7899988,2812
2baka3/9/4P4/p1p5p/4r4/2P4r1/P5R2/4N2c1/7R1/2BAKAB2 b,0.8000551,202
3aka3/9/4b4/p1p5p/4r4/2P4r1/P5R2/4N2c1/7R1/2BAKAB2 w,-0.79130346,5462
3aka3/9/4b4/p1p5p/4r4/2P4r1/P7R/4N2c1/7R1/2BAKAB2 b,0.803627,4714
3aka3/9/4b4/p1p4rp/4r4/2P6/P7R/4N2c1/7R1/2BAKAB2 w,-0.79925406,5640
3aka3/9/4b4/p1p4rp/4r4/2P6/P5R2/4N2c1/7R1/2BAKAB2 b,0.8030152,3194
3aka3/9/4b4/p1p4r1/4r3p/2P6/P5R2/4N2c1/7R1/2BAKAB2 w,-0.8004227,7187
3aka3/9/4b4/p1p4r1/4r3p/2P6/P5R2/4N2c1/5R3/2BAKAB2 b,0.8018276,3112
3aka3/9/4b4/p1p6/4r3p/2P4r1/P5R2/4N2c1/5R3/2BAKAB2 w,-0.794703,6962
3aka3/9/4b4/p1p2R3/4r3p/2P4r1/P5R2/4N2c1/9/2BAKAB2 b,0.8008198,6388
3aka3/9/4b4/p1p2R3/4r3p/2P4r1/P5R2/4N4/9/2BAKABc1 w,-0.7947432,2909
3aka3/9/4b4/p1R6/4r3p/2P4r1/P5R2/4N4/9/2BAKABc1 b,0.8050367,4729
3aka3/9/4b4/p1R6/4r3p/2P1r4/P5R2/4N4/9/2BAKABc1 w,-0.7897311,2637
3aka3/9/4b4/R8/4r3p/2P1r4/P5R2/4N4/9/2BAKABc1 b,0.8038976,4457
3aka3/9/4b4/R8/4r3p/2r6/P5R2/4N4/9/2BAKABc1 w,-0.7963787,2464
3aka3/9/4b4/7R1/4r3p/2r6/P5R2/4N4/9/2BAKABc1 b,0.8018771,8009
3aka3/9/4b4/7R1/4r3p/2r6/P5R2/4N4/9/2BAKAB1c w,-0.79496574,5462
3aka3/9/4b4/7R1/4r3p/2r6/P7R/4N4/9/2BAKAB1c b,0.80495894,4313
3aka3/9/4b4/7R1/4r3p/9/P7R/4N4/9/2rAKAB1c w,-0.79001445,5669
3aka3/9/4b4/7R1/4r3p/9/P8/4N4/9/2rAKAB1R b,0.79591936,7535
3aka3/9/4b4/7R1/4r3p/9/P8/2r1N4/9/3AKAB1R w,-0.77538246,8081
3aka3/9/4b4/7R1/4r3p/9/P8/2r1N3R/9/3AKAB2 b,0.78213334,5913
3aka3/9/4b4/7R1/4r3p/9/P8/r3N3R/9/3AKAB2 w,-0.76700336,3087
3aka3/9/4b4/R8/4r3p/9/P8/r3N3R/9/3AKAB2 b,0.7724391,5742
3aka3/9/4b4/R8/4r3p/9/P8/4N3R/r8/3AKAB2 w,-0.76690745,2475
3aka3/9/4b4/9/4r3p/R8/P8/4N3R/r8/3AKAB2 b,0.77867424,6561
3aka3/9/4b4/9/4r3p/R8/P8/4N3R/9/r2AKAB2 w,-0.7816707,4098
3aka3/9/4b4/9/4r3p/3R5/P8/4N3R/9/r2AKAB2 b,0.78977174,7344
3aka3/9/4b4/9/4r3p/3R5/r8/4N3R/9/3AKAB2 w,-0.7866357,6458
3aka3/9/4b4/9/4r3p/3R5/r8/4NR3/9/3AKAB2 b,0.7870741,4918
3aka3/9/4b4/9/4r3p/3R5/4r4/4NR3/9/3AKAB2 w,-0.7865794,7636
3aka3/9/4b4/9/4r3p/3R5/4r4/4NR3/4A4/4KAB2 b,0.79209137,3642
3aka3/9/4b4/9/6r1p/3R5/4r4/4NR3/4A4/4KAB2 w,-0.7912151,7901
3aka3/9/4b4/9/6r1p/3R5/4r4/4NR2B/4A4/4KA3 b,0.7916174,463
3ak4/4a4/4b4/9/6r1p/3R5/4r4/4NR2B/4A4/4KA3 w,-0.7904822,6477
3ak4/4a4/4b4/9/6r1p/3R5/4r4/4NR3/4A4/4KAB2 b,0.793801,3867
3ak4/4a4/4b4/9/8p/3R5/4r4/4NR3/4A4/4KAr2 w,-0.7910363,7734
3ak4/4a4/4b4/9/8p/3R5/4r4/4NR3/4A4/3K1Ar2 b,0.7970738,7872
3ak4/4a4/4b4/9/6r1p/3R5/4r4/4NR3/4A4/3K1A3 w,-0.7969839,7645
3ak4/4a4/4b4/9/6r1p/3R5/4r4/4NR3/4A4/4KA3 b,0.796109,3817
3ak4/4a4/4b4/9/1r6p/3R5/4r4/4NR3/4A4/4KA3 w,-0.79755765,4372
3ak4/4a4/4b4/9/1r6p/7R1/4r4/4NR3/4A4/4KA3 b,0.80158365,1175
3aka3/9/4b4/9/1r6p/7R1/4r4/4NR3/4A4/4KA3 w,-0.7994421,6924
3aka3/9/4b4/9/1r6p/7R1/4r4/4NR3/9/3AKA3 b,0.7990885,283
4ka3/4a4/4b4/9/1r6p/7R1/4r4/4NR3/9/3AKA3 w,-0.7998442,7816
4ka3/4a4/4b4/9/1r6p/7R1/4r4/4NR3/4A4/3AK4 b,0.80259985,3372
4ka3/4a4/4b4/9/6r1p/7R1/4r4/4NR3/4A4/3AK4 w,-0.79908144,4727
4ka3/4a4/4b4/9/6r1p/2R6/4r4/4NR3/4A4/3AK4 b,0.8011566,3867
4ka3/4a4/4b4/9/8p/2R6/4r4/4NR3/4A4/3AK1r2 w,-0.7967363,6926
4ka3/4a4/4b4/9/8p/2R6/4r4/4NR3/9/3AKAr2 b,0.7994013,7872
4ka3/4a4/4b4/9/6r1p/2R6/4r4/4NR3/9/3AKA3 w,-0.7985565,7636
4ka3/4a4/4b4/9/6r1p/2R6/4r4/4NR3/4A4/4KA3 b,0.8019613,3817
4ka3/4a4/4b4/9/1r6p/2R6/4r4/4NR3/4A4/4KA3 w,-0.7990355,4286
4ka3/4a4/4b4/9/1r6p/9/2R1r4/4NR3/4A4/4KA3 b,0.8018888,5269
4ka3/4a4/4b4/9/1r6p/4r4/2R6/4NR3/4A4/4KA3 w,-0.79792494,6924
4ka3/4a4/4b4/9/1r6p/4r4/2R6/4NR3/9/3AKA3 b,0.797073,3372
4ka3/4a4/4b4/9/6r1p/4r4/2R6/4NR3/9/3AKA3 w,-0.7964177,5094
4ka3/4a4/4b4/9/6r1p/4r4/R8/4NR3/9/3AKA3 b,0.80365545,4013
4ka3/4a4/4b4/9/6r2/4r3p/R8/4NR3/9/3AKA3 w,-0.8011319,7636
4ka3/4a4/4b4/9/6r2/4r3p/R8/4NR3/4A4/4KA3 b,0.8083489,3817
4ka3/4a4/4b4/9/1r7/4r3p/R8/4NR3/4A4/4KA3 w,-0.7917058,7734
4ka3/4a4/4b4/9/1r7/4r3p/R8/4NR3/4A4/3K1A3 b,0.79390126,3412
4ka3/4a4/4b4/9/9/4r3p/R8/4NR3/4A4/1r1K1A3 w,-0.79476196,7635
4ka3/4a4/4b4/9/9/4r3p/R8/4NR3/3KA4/1r3A3 b,0.80218595,1982
2b1ka3/4a4/9/9/9/4r3p/R8/4NR3/3KA4/1r3A3 w,-0.7992171,4916
2b1ka3/4a4/9/9/9/4r3p/2R6/4NR3/3KA4/1r3A3 b,0.79375774,202
4ka3/4a4/4b4/9/9/4r3p/2R6/4NR3/3KA4/1r3A3 w,-0.79156375,6080
4ka3/4a4/4b4/9/9/4rN2p/2R6/5R3/3KA4/1r3A3 b,0.78559923,7453
4ka3/4a4/4b4/9/9/4rN2p/2R6/5R3/1r1KA4/5A3 w,-0.7983356,6834
4ka3/4a4/4b4/9/9/4rN2p/2R6/5R3/1r2A4/3K1A3 b,0.8114312,4458
4ka3/4a4/4b4/9/9/3r1N2p/2R6/5R3/1r2A4/3K1A3 w,-0.79768085,6906
4ka3/4a4/4b4/9/9/3r1N2p/2R6/3A1R3/1r7/3K1A3 b,0.79002255,6652
4ka3/4a4/4b4/9/9/3r1N2p/2R6/3A1R3/9/1r1K1A3 w,-0.81055534,7635
4ka3/4a4/4b4/9/9/3r1N2p/2R6/3A1R3/3K5/1r3A3 b,0.8215615,4365
4ka3/4a4/4b4/9/9/r4N2p/2R6/3A1R3/3K5/1r3A3 w,-0.8113464,6826
4ka3/4a4/4b4/9/9/r4N2p/2R6/3A1R3/4K4/1r3A3 b,0.946121,7453
4ka3/4a4/4b4/9/9/r4N2p/2R6/3A1R3/1r2K4/5A3 w,-0.96670973,6925
4ka3/4a4/4b4/9/9/r4N2p/2R6/3A1R3/1r7/4KA3 b,0.9983728,4131
4ka3/4a4/4b4/9/9/5N2p/2R6/3A1R3/1r7/r3KA3 w,-0.9985416,5123
4ka3/4a4/4b4/9/9/5N2p/9/3A1R3/1r7/r1R1KA3 b,1,7373
rnbakabnr/9/1c5c1/p1p1p1p1p/9/9/P1P1P1P1P/1C5C1/9/RNBAKABNR w,0.8018177,5827
rnbakabnr/9/1c5c1/p1p1p1p1p/9/9/P1P1P1P1P/4C2C1/9/RNBAKABNR b,-0.8017682,110
r1bakabnr/9/1cn4c1/p1p1p1p1p/9/9/P1P1P1P1P/4C2C1/9/RNBAKABNR w,0.80182046,7445
r1bakabnr/9/1cn4c1/p1p1p1p1p/9/9/P1P1P1P1P/2N1C2C1/9/R1BAKABNR b,-0.801848,562
r1baka1nr/9/1cn1b2c1/p1p1p1p1p/9/9/P1P1P1P1P/2N1C2C1/9/R1BAKABNR w,0.8019384,7372
r1baka1nr/9/1cn1b2c1/p1p1p1p1p/9/9/P1P1P1P1P/2N1C2C1/9/1RBAKABNR b,-0.8017674,1
1rbaka1nr/9/1cn1b2c1/p1p1p1p1p/9/9/P1P1P1P1P/2N1C2C1/9/1RBAKABNR w,0.8016867,6368
1rbaka1nr/9/1cn1b2c1/p1p1p1p1p/9/9/P1P1P1P1P/2N1CC3/9/1RBAKABNR b,-0.8012688,654
1rbaka2r/9/1cn1b1nc1/p1p1p1p1p/9/9/P1P1P1P1P/2N1CC3/9/1RBAKABNR w,0.8015947,7989
1rbaka2r/9/1cn1b1nc1/p1p1p1p1p/9/9/P1P1P1P1P/2N1CCN2/9/1RBAKAB1R b,-0.80137295,3012
1rbaka2r/9/1cn1b1nc1/p1p1p3p/6p2/9/P1P1P1P1P/2N1CCN2/9/1RBAKAB1R w,0.8019323,8098
1rbaka2r/9/1cn1b1nc1/p1p1p3p/6p2/9/P1P1P1P1P/2N1CCN2/9/1RBAKABR1 b,-0.8019926,727
1rbaka1r1/9/1cn1b1nc1/p1p1p3p/6p2/9/P1P1P1P1P/2N1CCN2/9/1RBAKABR1 w,0.80255455,5087
1rbaka1r1/9/1cn1b1nc1/p1p1p3p/6p2/2P6/P3P1P1P/2N1CCN2/9/1RBAKABR1 b,-0.8022066,1765
1rbaka1r1/9/2n1b1nc1/p1p1p3p/6p2/2P6/Pc2P1P1P/2N1CCN2/9/1RBAKABR1 w,0.8047839,5898
1rbaka1r1/9/2n1b1nc1/p1p1p3p/6p2/2PN5/Pc2P1P1P/4CCN2/9/1RBAKABR1 b,-0.8063935,2311
1rbaka1r1/9/2n1b1n2/p1p1p3p/6p2/2PN5/Pc2P1PcP/4CCN2/9/1RBAKABR1 w,0.8079292,6143
1rbaka1r1/9/2n1bCn2/p1p1p3p/6p2/2PN5/Pc2P1PcP/4C1N2/9/1RBAKABR1 b,-0.8082944,1986
1rbakabr1/9/2n2Cn2/p1p1p3p/6p2/2PN5/Pc2P1PcP/4C1N2/9/1RBAKABR1 w,0.81814575,4351
1rbakabr1/9/2n2Cn2/p1p1N3p/6p2/2P6/Pc2P1PcP/4C1N2/9/1RBAKABR1 b,-0.80481404,1831
1rbakabr1/9/5Cn2/p1p1n3p/6p2/2P6/Pc2P1PcP/4C1N2/9/1RBAKABR1 w,0.80503064,6061
1rbakabr1/9/5Cn2/p1p1C3p/6p2/2P6/Pc2P1PcP/6N2/9/1RBAKABR1 b,-0.790517,109
2bakabr1/9/1r3Cn2/p1p1C3p/6p2/2P6/Pc2P1PcP/6N2/9/1RBAKABR1 w,0.8018721,2839
2bakabr1/9/1r3Cn2/p1p5p/6p2/2P1C4/Pc2P1PcP/6N2/9/1RBAKABR1 b,-0.79828125,1733
2bakabr1/9/5rn2/p1p5p/6p2/2P1C4/Pc2P1PcP/6N2/9/1RBAKABR1 w,0.80966914,7435
2bakabr1/9/5rn2/p1p5p/6p2/2P1C4/PR2P1PcP/6N2/9/2BAKABR1 b,-0.8055281,2201
2bakabr1/9/5r3/p1p5p/5np2/2P1C4/PR2P1PcP/6N2/9/2BAKABR1 w,0.81331176,4987
2bakabr1/9/5r3/p1p5p/1R3np2/2P1C4/P3P1PcP/6N2/9/2BAKABR1 b,-0.8080281,3750
2bakabr1/9/5r3/p1p5p/1R4p2/2P1C4/P3P1ncP/6N2/9/2BAKABR1 w,0.81796676,3372
2bakabr1/9/5r3/p1p5p/6R2/2P1C4/P3P1ncP/6N2/9/2BAKABR1 b,-0.80544937,5449
2bakabr1/9/5r3/p1p5p/6R2/2P1n4/P3P2cP/6N2/9/2BAKABR1 w,0.8059793,5269
2bakabr1/9/5r3/p1p5p/6R2/2P1P4/P6cP/6N2/9/2BAKABR1 b,-0.7993737,5560
2bakabr1/9/5r3/p1p5p/6R2/2P1P4/P7P/6Nc1/9/2BAKABR1 w,0.80888844,7999
2bakabr1/9/5r3/p1p5p/6R2/2P1P4/P7P/6Nc1/7R1/2BAKAB2 b,-0.79817176,2138
2bakabr1/9/9/p1p5p/6R2/2P1P4/P7P/5rNc1/7R1/2BAKAB2 w,0.80050504,3813
2bakabr1/9/9/p1p3R1p/9/2P1P4/P7P/5rNc1/7R1/2BAKAB2 b,-0.80019426,691
2bakab2/9/9/p1p3R1p/9/2P1P4/P6rP/5rNc1/7R1/2BAKAB2 w,0.81435186,2976
2bakaR2/9/9/p1p5p/9/2P1P4/P6rP/5rNc1/7R1/2BAKAB2 b,-0.8037907,5548
2bakaR2/9/9/p1p5p/9/2P1P4/P3r3P/5rNc1/7R1/2BAKAB2 w,0.8274393,7636
2bakaR2/9/9/p1p5p/9/2P1P4/P3r3P/5rNc1/4A2R1/2B1KAB2 b,-0.81541157,6361
2bakaR2/9/9/p1p5p/9/2P1P4/P3r2cP/5rN2/4A2R1/2B1KAB2 w,0.8675752,7171
2bakaR2/9/9/p1p5p/9/2P1P4/P3r2RP/5rN2/4A4/2B1KAB2 b,-0.8533573,5281
2bakaR2/9/9/p1p5p/9/2P1P4/P6rP/5rN2/4A4/2B1KAB2 w,0.86062753,6908
2bakaR2/9/9/p1p5p/9/2P1P4/P6rP/5AN2/9/2B1KAB2 b,-0.8505887,5544
2bakaR2/9/9/p1p5p/9/2P1P4/r7P/5AN2/9/2B1KAB2 w,0.8530516,573
2baka3/9/9/p1p3R1p/9/2P1P4/r7P/5AN2/9/2B1KAB2 b,-0.85094726,4941
2baka3/9/9/p1p3R1p/9/2P1P4/8P/5AN2/9/r1B1KAB2 w,0.87397057,7897
2baka3/9/9/p1p3R1p/9/2P1P4/8P/4BAN2/9/r1B1KA3 b,-0.8683303,7344
2baka3/9/9/p1p3R1p/9/2P1P4/r7P/4BAN2/9/2B1KA3 w,0.8749452,6262
2baka3/9/9/p1p3R1p/9/2P1P2N1/r7P/4BA3/9/2B1KA3 b,-0.87535733,4922
2baka3/9/9/p1p3R1p/9/2P1P2N1/8r/4BA3/9/2B1KA3 w,0.8807763,4721
2baka3/9/9/p1p3R1p/5N3/2P1P4/8r/4BA3/9/2B1KA3 b,-0.88099,5639
2baka3/9/9/p1p3R1p/5N3/2P1P4/5r3/4BA3/9/2B1KA3 w,0.8855167,3720
2baka3/9/9/p1pN2R1p/9/2P1P4/5r3/4BA3/9/2B1KA3 b,-0.8775083,5367
2baka3/9/9/p1pN2R1p/9/2P1P4/3r5/4BA3/9/2B1KA3 w,0.9099196,2723
2baka3/9/5N3/p1p3R1p/9/2P1P4/3r5/4BA3/9/2B1KA3 b,-0.9103574,373
2ba1a3/4k4/5N3/p1p3R1p/9/2P1P4/3r5/4BA3/9/2B1KA3 w,0.9182349,4450
2ba1a3/4k4/5N3/p1p3R1p/4P4/2P6/3r5/4BA3/9/2B1KA3 b,-0.905144,5151
2ba1a3/4k4/3r1N3/p1p3R1p/4P4/2P6/9/4BA3/9/2B1KA3 w,0.9110442,2086
2ba1a3/4k2N1/3r5/p1p3R1p/4P4/2P6/9/4BA3/9/2B1KA3 b,-0.88645864,1174
2baka3/7N1/3r5/p1p3R1p/4P4/2P6/9/4BA3/9/2B1KA3 w,0.8926177,2999
2baka3/7N1/3r5/p1R5p/4P4/2P6/9/4BA3/9/2B1KA3 b,-0.8764859,463
2bak4/4a2N1/3r5/p1R5p/4P4/2P6/9/4BA3/9/2B1KA3 w,0.8988978,2643
2bak4/4a2N1/3r5/p5R1p/4P4/2P6/9/4BA3/9/2B1KA3 b,-0.90131754,1915
2bak4/4a2N1/7r1/p5R1p/4P4/2P6/9/4BA3/9/2B1KA3 w,0.9101996,2976
2bak1R2/4a2N1/7r1/p7p/4P4/2P6/9/4BA3/9/2B1KA3 b,-0.91149145,1175
2bakaR2/7N1/7r1/p7p/4P4/2P6/9/4BA3/9/2B1KA3 w,0.91351354,545
2bakR3/7N1/7r1/p7p/4P4/2P6/9/4BA3/9/2B1KA3 b,-0.91487813,373
2ba1R3/4k2N1/7r1/p7p/4P4/2P6/9/4BA3/9/2B1KA3 w,0.925307,1463
2ba1R3/4k4/5N1r1/p7p/4P4/2P6/9/4BA3/9/2B1KA3 b,-0.91448873,202
3a1R3/4k4/4bN1r1/p7p/4P4/2P6/9/4BA3/9/2B1KA3 w,0.9089692,454
3aR4/4k4/4bN1r1/p7p/4P4/2P6/9/4BA3/9/2B1KA3 b,-0.8898886,1184
3aR4/5k3/4bN1r1/p7p/4P4/2P6/9/4BA3/9/2B1KA3 w,0.8988093,382
3a5/5k3/4RN1r1/p7p/4P4/2P6/9/4BA3/9/2B1KA3 b,-0.88002807,2273
3a5/5k3/4Rr3/p7p/4P4/2P6/9/4BA3/9/2B1KA3 w,0.8918914,2003
3a5/5k3/5R3/p7p/4P4/2P6/9/4BA3/9/2B1KA3 b,-0.87715966,1283
3a5/9/5k3/p7p/4P4/2P6/9/4BA3/9/2B1KA3 w,0.8761708,4268
3a5/9/5k3/p7p/2P1P4/9/9/4BA3/9/2B1KA3 b,-0.8737769,2084
3a5/5k3/9/p7p/2P1P4/9/9/4BA3/9/2B1KA3 w,0.882202,7734
3a5/5k3/9/p7p/2P1P4/9/9/4BA3/9/2BK1A3 b,-0.8770996,2466
3a5/5k3/9/8p/p1P1P4/9/9/4BA3/9/2BK1A3 w,0.889625,6117
3a5/5k3/9/8p/p1P1P4/9/9/5A3/9/2BK1AB2 b,-0.8856092,3285
3a5/5k3/9/8p/2P1P4/p8/9/5A3/9/2BK1AB2 w,0.8928696,3449
3a5/5k3/9/2P5p/4P4/p8/9/5A3/9/2BK1AB2 b,-0.8831024,283
9/4ak3/9/2P5p/4P4/p8/9/5A3/9/2BK1AB2 w,0.89260346,2640
9/4ak3/9/3P4p/4P4/p8/9/5A3/9/2BK1AB2 b,-0.8858689,4104
9/4ak3/9/3P4p/4P4/9/p8/5A3/9/2BK1AB2 w,0.89124715,2731
9/4ak3/9/4P3p/4P4/9/p8/5A3/9/2BK1AB2 b,-0.8852875,4915
9/4ak3/9/4P3p/4P4/9/1p7/5A3/9/2BK1AB2 w,0.89041835,2812
9/4ak3/4P4/8p/4P4/9/1p7/5A3/9/2BK1AB2 b,-0.87981176,5006
9/4ak3/4P4/8p/4P4/9/2p6/5A3/9/2BK1AB2 w,0.8897032,3631
9/4ak3/4P4/4P3p/9/9/2p6/5A3/9/2BK1AB2 b,-0.8834917,5097
9/4ak3/4P4/4P3p/9/9/3p5/5A3/9/2BK1AB2 w,0.8923413,7635
9/4ak3/4P4/4P3p/9/9/3p5/5A3/3K5/2B2AB2 b,-0.881379,5188
9/4ak3/4P4/4P3p/9/9/4p4/5A3/3K5/2B2AB2 w,0.88512003,6826
9/4ak3/4P4/4P3p/9/9/4p4/5A3/4K4/2B2AB2 b,-0.88080955,5279
9/4ak3/4P4/4P3p/9/9/5p3/5A3/4K4/2B2AB2 w,0.8935782,2822
9/4ak3/4P4/5P2p/9/9/5p3/5A3/4K4/2B2AB2 b,-0.89125466,5368
9/4ak3/4P4/5P2p/9/9/4p4/5A3/4K4/2B2AB2 w,0.9051938,2913
9/4ak3/4P4/6P1p/9/9/4p4/5A3/4K4/2B2AB2 b,-0.8973946,3194
9/4ak3/4P4/6P2/8p/9/4p4/5A3/4K4/2B2AB2 w,0.9084929,2994
9/4ak3/4P1P2/9/8p/9/4p4/5A3/4K4/2B2AB2 b,-0.89004374,1173
3a5/5k3/4P1P2/9/8p/9/4p4/5A3/4K4/2B2AB2 w,0.88721746,2183
3a5/5k3/4PP3/9/8p/9/4p4/5A3/4K4/2B2AB2 b,-0.8872825,1265
3a1k3/9/4PP3/9/8p/9/4p4/5A3/4K4/2B2AB2 w,0.8891718,6925
3a1k3/9/4PP3/9/8p/9/4p4/5A3/9/2B1KAB2 b,-0.88466114,454
3ak4/9/4PP3/9/8p/9/4p4/5A3/9/2B1KAB2 w,0.8840175,2084
3ak4/5P3/4P4/9/8p/9/4p4/5A3/9/2B1KAB2 b,-0.88242596,4013
3ak4/5P3/4P4/9/9/8p/4p4/5A3/9/2B1KAB2 w,0.90093535,7537
3ak4/5P3/4P4/9/9/8p/4p4/4BA3/9/4KAB2 b,-0.89657503,5279
3ak4/5P3/4P4/9/9/8p/5p3/4BA3/9/4KAB2 w,0.90633136,7734
3ak4/5P3/4P4/9/9/8p/5p3/4BA3/9/3K1AB2 b,-0.8943866,4822
3ak4/5P3/4P4/9/9/7p1/5p3/4BA3/9/3K1AB2 w,0.89579844,6196
3ak4/5P3/4P4/9/9/7p1/5p3/4B4/4A4/3K1AB2 b,-0.899116,4741
3ak4/5P3/4P4/9/9/9/5p1p1/4B4/4A4/3K1AB2 w,0.909625,6077
3ak4/5P3/4P4/9/9/2B6/5p1p1/9/4A4/3K1AB2 b,-0.89508194,5368
3ak4/5P3/4P4/9/9/2B6/4p2p1/9/4A4/3K1AB2 w,0.8958135,4297
3ak4/5P3/4P4/9/9/9/4p2p1/4B4/4A4/3K1AB2 b,-0.89397424,5277
3ak4/5P3/4P4/9/9/9/3p3p1/4B4/4A4/3K1AB2 w,0.8979368,6113
3ak4/5P3/4P4/9/9/9/3p3p1/9/4A4/2BK1AB2 b,-0.896958,5560
3ak4/5P3/4P4/9/9/9/3p5/7p1/4A4/2BK1AB2 w,0.9042148,7645
3ak4/5P3/4P4/9/9/9/3p5/7p1/4A4/2B1KAB2 b,-0.8957037,5188
3ak4/5P3/4P4/9/9/9/4p4/7p1/4A4/2B1KAB2 w,0.9036586,7734
3ak4/5P3/4P4/9/9/9/4p4/7p1/4A4/2BK1AB2 b,-0.8947739,5279
3ak4/5P3/4P4/9/9/9/5p3/7p1/4A4/2BK1AB2 w,0.90104574,7537
3ak4/5P3/4P4/9/9/9/5p3/4B2p1/4A4/3K1AB2 b,-0.89018303,5368
3ak4/5P3/4P4/9/9/9/4p4/4B2p1/4A4/3K1AB2 w,0.8951369,6081
3ak4/5P3/4P4/9/9/6B2/4p4/7p1/4A4/3K1AB2 b,-0.8863912,5277
3ak4/5P3/4P4/9/9/6B2/3p5/7p1/4A4/3K1AB2 w,0.8936128,7645
3ak4/5P3/4P4/9/9/6B2/3p5/7p1/4A4/4KAB2 b,-0.8821737,5188
3ak4/5P3/4P4/9/9/6B2/4p4/7p1/4A4/4KAB2 w,0.89543504,7897
3ak4/5P3/4P4/9/9/6B2/4p4/4B2p1/4A4/4KA3 b,-0.8922252,5279
3ak4/5P3/4P4/9/9/6B2/5p3/4B2p1/4A4/4KA3 w,0.90256006,6113
3ak4/5P3/4P4/9/9/6B2/5p3/7p1/4A4/2B1KA3 b,-0.8903423,5368
3ak4/5P3/4P4/9/9/6B2/4p4/7p1/4A4/2B1KA3 w,0.89827013,4657
3ak4/5P3/4P4/9/9/9/4p4/4B2p1/4A4/2B1KA3 b,-0.8844612,6371
3ak4/5P3/4P4/9/9/9/4p4/4B3p/4A4/2B1KA3 w,0.8899143,7734
3ak4/5P3/4P4/9/9/9/4p4/4B3p/4A4/2BK1A3 b,-0.88719934,5277
3ak4/5P3/4P4/9/9/9/3p5/4B3p/4A4/2BK1A3 w,0.8963282,6908
3ak4/5P3/4P4/9/9/9/3p5/4BA2p/9/2BK1A3 b,-0.89123285,6460
3ak4/5P3/4P4/9/9/9/3p5/4BA1p1/9/2BK1A3 w,0.89458984,6081
3ak4/5P3/4P4/9/9/6B2/3p5/5A1p1/9/2BK1A3 b,-0.8871306,5186
3ak4/5P3/4P4/9/9/6B2/2p6/5A1p1/9/2BK1A3 w,0.8986816,7816
3ak4/5P3/4P4/9/9/6B2/2p6/5A1p1/4A4/2BK5 b,-0.89092946,5097
3ak4/5P3/4P4/9/9/6B2/3p5/5A1p1/4A4/2BK5 w,0.8927148,4657
3ak4/5P3/4P4/9/9/9/3p5/4BA1p1/4A4/2BK5 b,-0.8872518,5188
3ak4/5P3/4P4/9/9/9/4p4/4BA1p1/4A4/2BK5 w,0.893367,7645
3ak4/5P3/4P4/9/9/9/4p4/4BA1p1/4A4/2B1K4 b,-0.89080673,5279
3ak4/5P3/4P4/9/9/9/5p3/4BA1p1/4A4/2B1K4 w,0.9022665,7734
3ak4/5P3/4P4/9/9/9/5p3/4BA1p1/4A4/2BK5 b,-0.8829489,6371
3ak4/5P3/4P4/9/9/9/5p3/4BA2p/4A4/2BK5 w,0.8978696,7533
3ak4/5P3/4P4/9/9/9/5p3/B3BA2p/4A4/3K5 b,-0.89052397,6460
3ak4/5P3/4P4/9/9/9/5p3/B3BA1p1/4A4/3K5 w,0.89832884,6113
3ak4/5P3/4P4/9/9/9/5p3/B4A1p1/4A4/2BK5 b,-0.87912345,6371
3ak4/5P3/4P4/9/9/9/5p3/B4A2p/4A4/2BK5 w,0.88711536,7645
3ak4/5P3/4P4/9/9/9/5p3/B4A2p/4A4/2B1K4 b,-0.88129765,6460
3ak4/5P3/4P4/9/9/9/5p3/B4A1p1/4A4/2B1K4 w,0.8785891,5717
3ak4/5P3/4P4/9/9/2B6/5p3/5A1p1/4A4/2B1K4 b,-0.8655664,5370
3ak4/5P3/4P4/9/9/2B6/6p2/5A1p1/4A4/2B1K4 w,0.8880626,7734
3ak4/5P3/4P4/9/9/2B6/6p2/5A1p1/4A4/2BK5 b,-0.8763517,5459
3ak4/5P3/4P4/9/9/2B6/5p3/5A1p1/4A4/2BK5 w,0.8982882,7537
3ak4/5P3/4P4/9/9/2B6/5p3/4BA1p1/4A4/3K5 b,-0.88108283,6371
3ak4/5P3/4P4/9/9/2B6/5p3/4BA2p/4A4/3K5 w,0.8959847,6117
3ak4/5P3/4P4/9/9/2B6/5p3/5A2p/4A4/3K2B2 b,-0.89348453,6460
3ak4/5P3/4P4/9/9/2B6/5p3/5A1p1/4A4/3K2B2 w,0.90109724,4297
3ak4/5P3/4P4/9/9/9/5p3/4BA1p1/4A4/3K2B2 b,-0.89054567,5370
3ak4/5P3/4P4/9/9/9/6p2/4BA1p1/4A4/3K2B2 w,0.9002719,6081
3ak4/5P3/4P4/9/9/6B2/6p2/5A1p1/4A4/3K2B2 b,-0.8899037,5459
3ak4/5P3/4P4/9/9/6B2/5p3/5A1p1/4A4/3K2B2 w,0.89901894,7897
3ak4/5P3/4P4/9/9/6B2/5p3/4BA1p1/4A4/3K5 b,-0.88415354,5370
3ak4/5P3/4P4/9/9/6B2/6p2/4BA1p1/4A4/3K5 w,0.8901712,6113
3ak4/5P3/4P4/9/9/6B2/6p2/5A1p1/4A4/2BK5 b,-0.88734573,5461
3ak4/5P3/4P4/9/9/6B2/7p1/5A1p1/4A4/2BK5 w,0.9059848,6926
3ak4/5P3/4P4/9/9/6B2/7p1/5A1p1/9/2BK1A3 b,-0.89282364,5550
3ak4/5P3/4P4/9/9/6B2/6p2/5A1p1/9/2BK1A3 w,0.9051171,4657
3ak4/5P3/4P4/9/9/9/6p2/4BA1p1/9/2BK1A3 b,-0.8899357,5459
3ak4/5P3/4P4/9/9/9/5p3/4BA1p1/9/2BK1A3 w,0.893493,6196
3ak4/5P3/4P4/9/9/9/5p3/4B2p1/4A4/2BK1A3 b,-0.8836307,5368
3ak4/5P3/4P4/9/9/9/4p4/4B2p1/4A4/2BK1A3 w,0.8954247,6077
3ak4/5P3/4P4/9/9/2B6/4p4/7p1/4A4/2BK1A3 b,-0.8861312,6369
3ak4/5P3/4P4/9/9/2B6/4p4/6p2/4A4/2BK1A3 w,0.8974813,4293
3ak4/5P3/4P4/9/9/9/4p4/B5p2/4A4/2BK1A3 b,-0.8863353,5279
3ak4/5P3/4P4/9/9/9/5p3/B5p2/4A4/2BK1A3 w,0.9019781,7537
3ak4/5P3/4P4/9/9/9/5p3/B3B1p2/4A4/3K1A3 b,-0.8939005,5368
3ak4/5P3/4P4/9/9/9/4p4/B3B1p2/4A4/3K1A3 w,0.9021261,6081
3ak4/5P3/4P4/9/9/6B2/4p4/B5p2/4A4/3K1A3 b,-0.8977554,5277
3ak4/5P3/4P4/9/9/6B2/3p5/B5p2/4A4/3K1A3 w,0.9027451,4661
3ak4/5P3/4P4/9/9/9/3p5/B5p1B/4A4/3K1A3 b,-0.9208752,283
4k4/4aP3/4P4/9/9/9/3p5/B5p1B/4A4/3K1A3 w,0.9547485,1273
4k4/4P4/4P4/9/9/9/3p5/B5p1B/4A4/3K1A3 b,-0.9620509,365
5k3/4P4/4P4/9/9/9/3p5/B5p1B/4A4/3K1A3 w,0.9845055,2003
5k3/4P4/5P3/9/9/9/3p5/B5p1B/4A4/3K1A3 b,-0.9837996,6280
5k3/4P4/5P3/9/9/9/3p5/B6pB/4A4/3K1A3 w,1,2084
rnbakabnr/9/1c5c1/p1p1p1p1p/9/9/P1P1P1P1P/1C5C1/9/RNBAKABNR w,-0.79817486,5827
rnbakabnr/9/1c5c1/p1p1p1p1p/9/9/P1P1P1P1P/4C2C1/9/RNBAKABNR b,0.79820585,110
r1bakabnr/9/1cn4c1/p1p1p1p1p/9/9/P1P1P1P1P/4C2C1/9/RNBAKABNR w,-0.7981747,7445
r1bakabnr/9/1cn4c1/p1p1p1p1p/9/9/P1P1P1P1P/2N1C2C1/9/R1BAKABNR b,0.79816216,562
r1baka1nr/9/1cn1b2c1/p1p1p1p1p/9/9/P1P1P1P1P/2N1C2C1/9/R1BAKABNR w,-0.7980648,7372
r1baka1nr/9/1cn1b2c1/p1p1p1p1p/9/9/P1P1P1P1P/2N1C2C1/9/1RBAKABNR b,0.7982303,1
1rbaka1nr/9/1cn1b2c1/p1p1p1p1p/9/9/P1P1P1P1P/2N1C2C1/9/1RBAKABNR w,-0.798301,6368
1rbaka1nr/9/1cn1b2c1/p1p1p1p1p/9/9/P1P1P1P1P/2N1CC3/9/1RBAKABNR b,0.7987143,654
1rbaka2r/9/1cn1b1nc1/p1p1p1p1p/9/9/P1P1P1P1P/2N1CC3/9/1RBAKABNR w,-0.79839426,7989
1rbaka2r/9/1cn1b1nc1/p1p1p1p1p/9/9/P1P1P1P1P/2N1CCN2/9/1RBAKAB1R b,0.7986271,3012
1rbaka2r/9/1cn1b1nc1/p1p1p3p/6p2/9/P1P1P1P1P/2N1CCN2/9/1RBAKAB1R w,-0.7981264,8098
1rbaka2r/9/1cn1b1nc1/p1p1p3p/6p2/9/P1P1P1P1P/2N1CCN2/9/1RBAKABR1 b,0.7980907,727
1rbaka1r1/9/1cn1b1nc1/p1p1p3p/6p2/9/P1P1P1P1P/2N1CCN2/9/1RBAKABR1 w,-0.79748696,5087
1rbaka1r1/9/1cn1b1nc1/p1p1p3p/6p2/2P6/P3P1P1P/2N1CCN2/9/1RBAKABR1 b,0.7977844,1765
1rbaka1r1/9/2n1b1nc1/p1p1p3p/6p2/2P6/Pc2P1P1P/2N1CCN2/9/1RBAKABR1 w,-0.7952885,5898
1rbaka1r1/9/2n1b1nc1/p1p1p3p/6p2/2PN5/Pc2P1P1P/4CCN2/9/1RBAKABR1 b,0.79349846,2311
1rbaka1r1/9/2n1b1n2/p1p1p3p/6p2/2PN5/Pc2P1PcP/4CCN2/9/1RBAKABR1 w,-0.7921139,6143
1rbaka1r1/9/2n1bCn2/p1p1p3p/6p2/2PN5/Pc2P1PcP/4C1N2/9/1RBAKABR1 b,0.7910976,1986
1rbakabr1/9/2n2Cn2/p1p1p3p/6p2/2PN5/Pc2P1PcP/4C1N2/9/1RBAKABR1 w,-0.7818543,4351
1rbakabr1/9/2n2Cn2/p1p1N3p/6p2/2P6/Pc2P1PcP/4C1N2/9/1RBAKABR1 b,0.7951895,1831
1rbakabr1/9/5Cn2/p1p1n3p/6p2/2P6/Pc2P1PcP/4C1N2/9/1RBAKABR1 w,-0.79494256,6061
1rbakabr1/9/5Cn2/p1p1C3p/6p2/2P6/Pc2P1PcP/6N2/9/1RBAKABR1 b,0.8091318,109
2bakabr1/9/1r3Cn2/p1p1C3p/6p2/2P6/Pc2P1PcP/6N2/9/1RBAKABR1 w,-0.79812795,2839
2bakabr1/9/1r3Cn2/p1p5p/6p2/2P1C4/Pc2P1PcP/6N2/9/1RBAKABR1 b,0.80152273,1733
2bakabr1/9/5rn2/p1p5p/6p2/2P1C4/Pc2P1PcP/6N2/9/1RBAKABR1 w,-0.79038835,7435
2bakabr1/9/5rn2/p1p5p/6p2/2P1C4/PR2P1PcP/6N2/9/2BAKABR1 b,0.7924427,2138
2bakabr1/9/6n2/p1p5p/6p2/2P1C4/PR2P1PcP/5rN2/9/2BAKABR1 w,-0.7838882,6290
2bakabr1/9/6n2/p1p5p/6p2/2P1C4/PR2P1PcP/5r3/8N/2BAKABR1 b,0.7949532,5569
2bakabr1/9/6n2/p1p5p/6p2/2P1C4/PR2P1P1P/5r3/7cN/2BAKABR1 w,-0.7856604,7897
2bakabr1/9/6n2/p1p5p/6p2/2P1C4/PR2P1P1P/4Br3/7cN/2BAKA1R1 b,0.79725474,2201
2bakabr1/9/9/p1p5p/5np2/2P1C4/PR2P1P1P/4Br3/7cN/2BAKA1R1 w,-0.79000264,7816
2bakabr1/9/9/p1p5p/5np2/2P1C4/PR2P1P1P/4Br3/4A2cN/2BAK2R1 b,0.7983055,6197
2bakabr1/9/9/p1p5p/5np2/2P1C4/PR2P1P1P/4B4/4Ar1cN/2BAK2R1 w,-0.7926191,4987
2bakabr1/9/9/p1p5p/1R3np2/2P1C4/P3P1P1P/4B4/4Ar1cN/2BAK2R1 b,0.8131128,3748
2bakabr1/9/9/p1p5p/1R4p2/2P1C4/P3n1P1P/4B4/4Ar1cN/2BAK2R1 w,-0.7935085,8006
2bakabr1/9/9/p1p5p/1R4p2/2P1C4/P3n1P1P/4B4/4Ar1cN/2BAKR3 b,0.80135345,7016
2bakabr1/9/9/p1p5p/1R4p2/2P1C4/P3n1P1P/4B4/4A2cN/2BAKr3 w,-0.7993486,6926
2bakabr1/9/9/p1p5p/1R4p2/2P1C4/P3n1P1P/4B4/7cN/2BAKA3 b,0.8065056,5289
2bakabr1/9/9/p1p5p/1R4p2/2P1C4/P5P1P/4B1n2/7cN/2BAKA3 w,-0.80378395,7261
2bakabr1/9/9/p1p5p/1R4p2/2P1C4/P5PNP/4B1n2/7c1/2BAKA3 b,0.82928145,691
2bakab2/9/9/p1p5p/1R4p2/2P1C4/P5PrP/4B1n2/7c1/2BAKA3 w,-0.8241451,3372
2bakab2/9/9/p1p5p/6R2/2P1C4/P5PrP/4B1n2/7c1/2BAKA3 b,0.84079736,5542
2bakab2/9/9/p1p5p/6R2/2P1C2r1/P5P1P/4B1n2/7c1/2BAKA3 w,-0.8207532,4461
2bakab2/9/9/p1p5p/6R2/2P3Cr1/P5P1P/4B1n2/7c1/2BAKA3 b,0.8289631,562
2baka3/9/4b4/p1p5p/6R2/2P3Cr1/P5P1P/4B1n2/7c1/2BAKA3 w,-0.81289566,3821
2baka3/9/4b4/p1p5p/5R3/2P3Cr1/P5P1P/4B1n2/7c1/2BAKA3 b,0.83672804,7198
2baka3/9/4b4/p1p5p/5R3/2P3Cr1/P5P1P/4B1n2/9/2BAKA1c1 w,-0.8384627,6117
2baka3/9/4b4/p1p5p/5R3/2P3Cr1/P5P1P/6n2/9/2BAKABc1 b,0.8497059,6268
2baka3/9/4b4/p1p5p/5R3/2P3Cr1/P3n1P1P/9/9/2BAKABc1 w,-0.838301,3758
2baka3/9/4b4/p1p5p/9/2P3Cr1/P3n1P1P/5R3/9/2BAKABc1 b,0.8512724,5267
2baka3/9/4b4/p1p5p/9/2n3Cr1/P5P1P/5R3/9/2BAKABc1 w,-0.8389991,7636
2baka3/9/4b4/p1p5p/9/2n3Cr1/P5P1P/5R3/4A4/2B1KABc1 b,0.8519587,4270
2baka3/9/4b4/p1p5p/4n4/6Cr1/P5P1P/5R3/4A4/2B1KABc1 w,-0.8423776,7537
2baka3/9/4b4/p1p5p/4n4/6Cr1/P5P1P/4BR3/4A4/4KABc1 b,0.86837554,3657
2baka3/9/4b4/p1p5p/9/6Cr1/P2n2P1P/4BR3/4A4/4KABc1 w,-0.86218023,6179
2baka3/9/4b4/p1p5p/9/6Cr1/P2n1RP1P/4B4/4A4/4KABc1 b,0.8735221,5204
2baka3/9/4b4/p1p5p/9/6Cr1/P4RP1P/4B4/2n1A4/4KABc1 w,-0.87525,7734
2baka3/9/4b4/p1p5p/9/6Cr1/P4RP1P/4B4/2n1A4/3K1ABc1 b,0.8805781,6727
2baka3/9/4b4/p1p5p/9/6Cr1/P4RP1P/4n4/4A4/3K1ABc1 w,-0.8622827,5368
2baka3/9/4b4/p1p5p/9/6Cr1/P3R1P1P/4n4/4A4/3K1ABc1 b,0.8731649,6104
2baka3/9/4b4/p1p5p/9/6Cr1/P3R1P1P/9/2n1A4/3K1ABc1 w,-0.85826284,5276
2baka3/9/4b4/p1p5p/9/6Cr1/P1R3P1P/9/2n1A4/3K1ABc1 b,0.8674016,6723
2baka3/9/4b4/p1p5p/9/6Cr1/P1R3P1P/n8/4A4/3K1ABc1 w,-0.855605,5069
2baka3/9/4b4/p1R5p/9/6Cr1/P5P1P/n8/4A4/3K1ABc1 b,0.8686557,4750
2baka3/9/4b4/p1R5p/9/6C2/P5P1P/n6r1/4A4/3K1ABc1 w,-0.86110073,4639
2baka3/9/4b4/p1R5p/9/4C4/P5P1P/n6r1/4A4/3K1ABc1 b,0.85875505,463
2bak4/4a4/4b4/p1R5p/9/4C4/P5P1P/n6r1/4A4/3K1ABc1 w,-0.83510226,2643
2bak4/4a4/4b4/p5R1p/9/4C4/P5P1P/n6r1/4A4/3K1ABc1 b,0.8749515,6307
2bak2r1/4a4/4b4/p5R1p/9/4C4/P5P1P/n8/4A4/3K1ABc1 w,-0.8601479,2999
2bak2r1/4a4/4b4/p1R5p/9/4C4/P5P1P/n8/4A4/3K1ABc1 b,0.8759747,682
2bak4/4a4/4b4/p1R5p/9/4C2r1/P5P1P/n8/4A4/3K1ABc1 w,-0.86745965,4477
2bak4/4a4/4b4/p1R5p/9/7r1/P5P1P/n3C4/4A4/3K1ABc1 b,0.86811,4728
2bak4/4a4/4b4/p1R5p/9/3r5/P5P1P/n3C4/4A4/3K1ABc1 w,-0.85967547,7645
2bak4/4a4/4b4/p1R5p/9/3r5/P5P1P/n3C4/4A4/4KABc1 b,0.87170726,4377
2bak4/4a4/4b4/p1R5p/9/9/P2r2P1P/n3C4/4A4/4KABc1 w,-0.8660426,6094
2bak4/4a4/4b4/p1R5p/9/9/P2r2P1P/nC7/4A4/4KABc1 b,0.8702158,5752
2bak4/4a4/4b4/p1R5p/9/9/P2r2P1P/1C7/4A4/1n2KABc1 w,-0.87189114,2644
2bak4/4a4/4b4/p6Rp/9/9/P2r2P1P/1C7/4A4/1n2KABc1 b,0.8585623,8009
2bak4/4a4/4b4/p6Rp/9/9/P2r2P1P/1C7/4A4/1n2KAB1c w,-0.845519,5827
2bak4/4a4/4b4/p6Rp/9/9/P2r2P1P/4C4/4A4/1n2KAB1c b,0.8765605,5188
2bak4/4a4/4b4/p6Rp/9/9/P3r1P1P/4C4/4A4/1n2KAB1c w,-0.86407065,3130
2bak4/4a4/4b4/p7p/9/9/P3r1P1P/4C2R1/4A4/1n2KAB1c b,0.8752238,1986
2bak1b2/4a4/9/p7p/9/9/P3r1P1P/4C2R1/4A4/1n2KAB1c w,-0.8506415,5633
2bak1b2/4a4/9/p7p/9/8P/P3r1P2/4C2R1/4A4/1n2KAB1c b,0.86360806,7445
2bak1b2/4a4/9/p7p/9/8P/P3r1P2/2n1C2R1/4A4/4KAB1c w,-0.85722625,4905
2bak1b2/4a4/9/p7p/9/P7P/4r1P2/2n1C2R1/4A4/4KAB1c b,0.8755787,5898
2bak1b2/4a4/9/p7p/9/P2n4P/4r1P2/4C2R1/4A4/4KAB1c w,-0.8697967,6099
2bak1b2/4a4/9/p7p/9/P2n4P/4r1P2/6CR1/4A4/4KAB1c b,0.89114714,5280
2bak1b2/4a4/9/p7p/9/P2n4P/6r2/6CR1/4A4/4KAB1c w,-0.88260037,4086
2bak1b2/4a4/9/p7p/P8/3n4P/6r2/6CR1/4A4/4KAB1c b,0.8944767,5424
2bak1b2/4a4/6r2/p7p/P8/3n4P/9/6CR1/4A4/4KAB1c w,-0.8850999,6277
2bak1b2/4a4/6r2/p7p/P8/3n4P/9/4C2R1/4A4/4KAB1c b,0.9118126,4387
2bak1b2/4a4/6r2/p7p/P8/8P/9/4n2R1/4A4/4KAB1c w,-0.90110934,6367
2bak1b2/4a4/6r2/p7p/P8/8P/9/4R4/4A4/4KAB1c b,0.906517,2247
2bak1b2/4a4/9/p7p/P8/8P/9/4R4/4A4/4KAr1c w,-0.90599406,6101
2bak1b2/4a4/9/p7p/P8/8P/9/8R/4A4/4KAr1c b,0.9037556,2466
2bak1b2/4a4/9/8p/p8/8P/9/8R/4A4/4KAr1c w,-0.89711785,7734
2bak1b2/4a4/9/8p/p8/8P/9/8R/4A4/3K1Ar1c b,0.8990671,3285
2bak1b2/4a4/9/8p/9/p7P/9/8R/4A4/3K1Ar1c w,-0.89886,7635
2bak1b2/4a4/9/8p/9/p7P/9/8R/3KA4/5Ar1c b,0.9074353,1191
2bak1b2/9/3a5/8p/9/p7P/9/8R/3KA4/5Ar1c w,-0.9030962,4814
2bak1b2/9/3a5/8p/8P/p8/9/8R/3KA4/5Ar1c b,0.9021009,3194
2bak1b2/9/3a5/9/8p/p8/9/8R/3KA4/5Ar1c w,-0.899946,6434
2bak1b2/9/3a5/9/8R/p8/9/9/3KA4/5Ar1c b,0.90384823,8098
2bak1b2/9/3a5/9/8R/p8/9/9/3KA4/5Arc1 w,-0.9044385,4003
2bak1b2/9/3a5/9/7R1/p8/9/9/3KA4/5Arc1 b,0.8986884,8009
2bak1b2/9/3a5/9/7R1/p8/9/9/3KA4/5Ar1c w,-0.8922189,3914
2bak1b2/9/3a5/9/8R/p8/9/9/3KA4/5Ar1c b,0.9026797,4104
2bak1b2/9/3a5/9/8R/9/p8/9/3KA4/5Ar1c w,-0.89863473,3968
2bak1b1R/9/3a5/9/9/9/p8/9/3KA4/5Ar1c b,0.90584797,4915
2bak1b1R/9/3a5/9/9/9/1p7/9/3KA4/5Ar1c w,-0.9057021,791
2bak1b2/9/3a5/9/9/9/1p7/8R/3KA4/5Ar1c b,0.9071252,8096
2bak1b2/9/3a5/9/9/9/1p7/8R/3KA4/5cr2 w,-0.88162905,6926
2bak1b2/9/3a5/9/9/9/1p7/8R/3K5/5Ar2 b,0.8875127,7916
2bak1b2/9/3a5/9/9/9/1p7/8R/3K5/5r3 w,-0.88425875,6456
2bak1b2/9/3a5/9/9/9/1p7/3R5/3K5/5r3 b,0.8993501,5006
2bak1b2/9/3a5/9/9/9/2p6/3R5/3K5/5r3 w,-0.8952202,6007
2bak1b2/9/3a5/9/9/9/2p6/4R4/3K5/5r3 b,0.8890985,562
2bak4/9/3ab4/9/9/9/2p6/4R4/3K5/5r3 w,-0.88260376,6826
2bak4/9/3ab4/9/9/9/2p6/4R4/4K4/5r3 b,0.90079796,5097
2bak4/9/3ab4/9/9/9/3p5/4R4/4K4/5r3 w,-0.89214784,6915
2bak4/9/3ab4/9/9/9/3p5/4R4/3K5/5r3 b,0.8913689,7790
2bak4/9/3ab4/9/9/5r3/3p5/4R4/3K5/9 w,-0.8903816,6826
2bak4/9/3ab4/9/9/5r3/3p5/4R4/4K4/9 b,0.8918233,365
2ba1k3/9/3ab4/9/9/5r3/3p5/4R4/4K4/9 w,-0.89854866,6094
2ba1k3/9/3ab4/9/9/5r3/3p5/1R7/4K4/9 b,0.8904484,4549
2ba1k3/9/3ab4/9/9/4r4/3p5/1R7/4K4/9 w,-0.89078695,5827
2ba1k3/9/3ab4/9/9/4r4/3p5/4R4/4K4/9 b,0.8900566,5188
2ba1k3/9/3ab4/9/9/4r4/4p4/4R4/4K4/9 w,-0.88740325,6093
2ba1k3/9/3ab4/9/9/4r4/4p4/R8/4K4/9 b,0.9045816,1986
2ba1kb2/9/3a5/9/9/4r4/4p4/R8/4K4/9 w,-0.9019984,5736
2ba1kb2/9/3a5/9/9/4r4/4p4/3R5/4K4/9 b,0.90702134,454
2bak1b2/9/3a5/9/9/4r4/4p4/3R5/4K4/9 w,-0.8973174,6005
2bak1b2/9/3a5/9/9/4r4/4p4/2R6/4K4/9 b,0.9125116,4423
2bak1b2/4r4/3a5/9/9/9/4p4/2R6/4K4/9 w,-0.8947842,6915
2bak1b2/4r4/3a5/9/9/9/4p4/2R6/3K5/9 b,0.9083392,5287
2bak1b2/4r4/3a5/9/9/9/9/2R1p4/3K5/9 w,-0.9035646,5852
2Rak1b2/4r4/3a5/9/9/9/9/4p4/3K5/9 b,0.9287464,1228
2Rak1b2/9/3a5/9/9/9/4r4/4p4/3K5/9 w,-0.90939075,6834
2Rak1b2/9/3a5/9/9/9/4r4/4p4/9/3K5 b,0.90897346,1903
2Rak1b2/4a4/9/9/9/9/4r4/4p4/9/3K5 w,-0.89730173,245
3ak1b2/4a4/9/9/9/9/4r4/2R1p4/9/3K5 b,0.9177852,1175
3akab2/9/9/9/9/9/4r4/2R1p4/9/3K5 w,-0.895889,5897
3akab2/9/9/9/9/2R6/4r4/4p4/9/3K5 b,0.9021662,6096
3akab2/9/9/9/9/2R6/4r4/3p5/9/3K5 w,-0.90238065,4278
3akab2/9/9/9/9/3R5/4r4/3p5/9/3K5 b,1,5305
rnbakabnr/9/1c5c1/p1p1p1p1p/9/9/P1P1P1P1P/1C5C1/9/RNBAKABNR w,0.0017991782,5827
rnbakabnr/9/1c5c1/p1p1p1p1p/9/9/P1P1P1P1P/4C2C1/9/RNBAKABNR b,-0.0017677665,110
r1bakabnr/9/1cn4c1/p1p1p1p1p/9/9/P1P1P1P1P/4C2C1/9/RNBAKABNR w,0.0018301487,7445
r1bakabnr/9/1cn4c1/p1p1p1p1p/9/9/P1P1P1P1P/2N1C2C1/9/R1BAKABNR b,-0.0018405796,562
r1baka1nr/9/1cn1b2c1/p1p1p1p1p/9/9/P1P1P1P1P/2N1C2C1/9/R1BAKABNR w,0.001935196,7372
r1baka1nr/9/1cn1b2c1/p1p1p1p1p/9/9/P1P1P1P1P/2N1C2C1/9/1RBAKABNR b,-0.0017736912,1
1rbaka1nr/9/1cn1b2c1/p1p1p1p1p/9/9/P1P1P1P1P/2N1C2C1/9/1RBAKABNR w,0.0017163992,6368
1rbaka1nr/9/1cn1b2c1/p1p1p1p1p/9/9/P1P1P1P1P/2N1CC3/9/1RBAKABNR b,-0.0012789011,654
1rbaka2r/9/1cn1b1nc1/p1p1p1p1p/9/9/P1P1P1P1P/2N1CC3/9/1RBAKABNR w,0.0015946865,7989
1rbaka2r/9/1cn1b1nc1/p1p1p1p1p/9/9/P1P1P1P1P/2N1CCN2/9/1RBAKAB1R b,-0.0013483524,3012
1rbaka2r/9/1cn1b1nc1/p1p1p3p/6p2/9/P1P1P1P1P/2N1CCN2/9/1RBAKAB1R w,0.0019045115,8098
1rbaka2r/9/1cn1b1nc1/p1p1p3p/6p2/9/P1P1P1P1P/2N1CCN2/9/1RBAKABR1 b,-0.0020107627,727
1rbaka1r1/9/1cn1b1nc1/p1p1p3p/6p2/9/P1P1P1P1P/2N1CCN2/9/1RBAKABR1 w,0.002513051,5087
1rbaka1r1/9/1cn1b1nc1/p1p1p3p/6p2/2P6/P3P1P1P/2N1CCN2/9/1RBAKABR1 b,-0.0021549107,1765
1rbaka1r1/9/2n1b1nc1/p1p1p3p/6p2/2P6/Pc2P1P1P/2N1CCN2/9/1RBAKABR1 w,0.0047115325,5898
1rbaka1r1/9/2n1b1nc1/p1p1p3p/6p2/2PN5/Pc2P1P1P/4CCN2/9/1RBAKABR1 b,-0.006410396,2311
1rbaka1r1/9/2n1b1n2/p1p1p3p/6p2/2PN5/Pc2P1PcP/4CCN2/9/1RBAKABR1 w,0.007896758,6143
1rbaka1r1/9/2n1bCn2/p1p1p3p/6p2/2PN5/Pc2P1PcP/4C1N2/9/1RBAKABR1 b,-0.0090389615,1986
1rbakabr1/9/2n2Cn2/p1p1p3p/6p2/2PN5/Pc2P1PcP/4C1N2/9/1RBAKABR1 w,0.017766332,4351
1rbakabr1/9/2n2Cn2/p1p1N3p/6p2/2P6/Pc2P1PcP/4C1N2/9/1RBAKABR1 b,-0.0048104883,1831
1rbakabr1/9/5Cn2/p1p1n3p/6p2/2P6/Pc2P1PcP/4C1N2/9/1RBAKABR1 w,0.0050278665,6061
1rbakabr1/9/5Cn2/p1p1C3p/6p2/2P6/Pc2P1PcP/6N2/9/1RBAKABR1 b,0.0090671545,109
2bakabr1/9/1r3Cn2/p1p1C3p/6p2/2P6/Pc2P1PcP/6N2/9/1RBAKABR1 w,0.0022472858,2839
2bakabr1/9/1r3Cn2/p1p5p/6p2/2P1C4/Pc2P1PcP/6N2/9/1RBAKABR1 b,0.0017854453,1733
2bakabr1/9/5rn2/p1p5p/6p2/2P1C4/Pc2P1PcP/6N2/9/1RBAKABR1 w,0.009669137,7435
2bakabr1/9/5rn2/p1p5p/6p2/2P1C4/PR2P1PcP/6N2/9/2BAKABR1 b,-0.0074192765,2129
2bakabr1/9/6n2/p1p5p/6p2/2P1C4/PR2PrPcP/6N2/9/2BAKABR1 w,0.01507392,4987
2bakabr1/9/6n2/p1p5p/1R4p2/2P1C4/P3PrPcP/6N2/9/2BAKABR1 b,-0.004410875,2201
2bakabr1/9/9/p1p5p/1R3np2/2P1C4/P3PrPcP/6N2/9/2BAKABR1 w,0.02197342,7897
2bakabr1/9/9/p1p5p/1R3np2/2P1C4/P3PrPcP/4B1N2/9/2BAKA1R1 b,-0.009876681,3748
2bakabr1/9/9/p1p5p/1R4p2/2P1C4/P3nrPcP/4B1N2/9/2BAKA1R1 w,0.026210833,7816
2bakabr1/9/9/p1p5p/1R4p2/2P1C4/P3nrPcP/4B1N2/4A4/2BAK2R1 b,-0.01012218,5370
2bakabr1/9/9/p1p5p/1R4p2/2P1C4/P3n1rcP/4B1N2/4A4/2BAK2R1 w,0.012631011,3370
2bakabr1/9/9/p1p5p/4R1p2/2P1C4/P3n1rcP/4B1N2/4A4/2BAK2R1 b,-0.009145403,562
2baka1r1/9/4b4/p1p5p/4R1p2/2P1C4/P3n1rcP/4B1N2/4A4/2BAK2R1 w,0.01412282,6268
2baka1r1/9/4b4/p1p5p/4R1p2/2P1C4/P3N1rcP/4B4/4A4/2BAK2R1 b,-0.005817592,5458
2baka1r1/9/4b4/p1p5p/4R1p2/2P1C4/P3r2cP/4B4/4A4/2BAK2R1 w,0.018274618,3622
2baka1r1/9/4R4/p1p5p/6p2/2P1C4/P3r2cP/4B4/4A4/2BAK2R1 b,-0.029359614,463
2bak2r1/4a4/4R4/p1p5p/6p2/2P1C4/P3r2cP/4B4/4A4/2BAK2R1 w,0.1190578,2005
2bak2r1/4a4/7R1/p1p5p/6p2/2P1C4/P3r2cP/4B4/4A4/2BAK2R1 b,-0.11663058,1175
2baka1r1/9/7R1/p1p5p/6p2/2P1C4/P3r2cP/4B4/4A4/2BAK2R1 w,0.116102934,2257
2baka1R1/9/9/p1p5p/6p2/2P1C4/P3r2cP/4B4/4A4/2BAK2R1 b,-0.1091099,5544
2baka1R1/9/9/p1p5p/6p2/2P1C4/c3r3P/4B4/4A4/2BAK2R1 w,0.119748786,4460
2baka1R1/9/9/p1p5p/6p2/2P2C3/c3r3P/4B4/4A4/2BAK2R1 b,-0.11000202,3831
2baka1R1/9/9/p1p5p/9/2P2Cp2/c3r3P/4B4/4A4/2BAK2R1 w,0.11786695,6081
2baka1R1/9/9/p1p5p/9/2P2CB2/c3r3P/9/4A4/2BAK2R1 b,-0.10532161,4941
2baka1R1/9/9/p1p5p/9/2P2CB2/4r3P/9/4A4/c1BAK2R1 w,0.10284934,664
2baka3/9/9/p1p4Rp/9/2P2CB2/4r3P/9/4A4/c1BAK2R1 b,-0.040640976,5296
2baka3/9/9/p1p4Rp/9/2P2CB2/8P/9/4r4/c1BAK2R1 w,0.044801928,7736
2baka3/9/9/p1p4Rp/9/2P2CB2/8P/9/4r4/c1BA1K1R1 b,-0.031229436,6898
2baka3/9/9/p1p4Rp/9/2P2CB2/4r3P/9/9/c1BA1K1R1 w,0.09722831,7981
2baka3/9/9/p1p4Rp/9/2P2CB2/4r2RP/9/9/c1BA1K3 b,-0.087473325,5269
2baka3/9/9/p1p4Rp/9/2P1rCB2/7RP/9/9/c1BA1K3 w,0.10807276,3092
2baka3/9/9/p1p2R2p/9/2P1rCB2/7RP/9/9/c1BA1K3 b,-0.09462339,4457
2baka3/9/9/p1p2R2p/9/2r2CB2/7RP/9/9/c1BA1K3 w,0.109057285,4505
2bakC3/9/9/p1p2R2p/9/2r3B2/7RP/9/9/c1BA1K3 b,-0.100613974,4313
2bakC3/9/9/p1p2R2p/9/6B2/7RP/9/9/c1rA1K3 w,0.11518943,453
2bCk4/9/9/p1p2R2p/9/6B2/7RP/9/9/c1rA1K3 b,-0.039786913,7526
2bCk4/9/9/p1p2R2p/9/6B2/2r4RP/9/9/c2A1K3 w,0.022719884,7817
2bCk4/9/9/p1p2R2p/9/6B2/2r4RP/9/5K3/c2A5 b,-0.003510487,5101
2bCk4/9/9/p1p2R2p/9/6B2/7rP/9/5K3/c2A5 w,0.0106140375,336
2b1k4/9/9/p1p2R2p/9/6B2/7rP/3C5/5K3/c2A5 b,-0.00077872275,5569
2b1k4/9/9/p1p2R2p/9/6B2/8P/3C5/5K1r1/c2A5 w,-0.00521878,6998
2b1k4/9/9/p1p2R2p/9/6B2/8P/3C1K3/7r1/c2A5 b,0.013607335,7353
2b1k4/9/9/p1p2R2p/9/6B2/8P/c2C1K3/7r1/3A5 w,-0.004880047,5988
2b1k4/9/9/p1p2R2p/9/3C2B2/8P/c4K3/7r1/3A5 b,0.01995492,7171
2b1k4/9/9/p1p2R2p/9/3C2B2/7rP/c4K3/9/3A5 w,-0.0044186,4369
2b1k4/9/9/p1p2R2p/9/4C1B2/7rP/c4K3/9/3A5 b,0.025225569,5548
2b1k4/9/9/p1p2R2p/9/4C1B2/4r3P/c4K3/9/3A5 w,-0.007822955,4441
2b1k4/9/9/p1p1CR2p/9/6B2/4r3P/c4K3/9/3A5 b,0.013656593,2648
2b1k4/9/9/p3CR2p/2p6/6B2/4r3P/c4K3/9/3A5 w,0.0071622133,2825
2b1k4/9/9/p4R2C/2p6/6B2/4r3P/c4K3/9/3A5 b,0.008593536,373
2b6/4k4/9/p4R2C/2p6/6B2/4r3P/c4K3/9/3A5 w,0.00847323,6197
2b6/4k4/9/p4R2C/2p6/6B2/4r3P/c8/5K3/3A5 b,0.0041881087,5724
2b6/4k4/9/p4R2C/2p6/6B2/c3r3P/9/5K3/3A5 w,0.013357735,5633
2b6/4k4/9/p4R2C/2p6/6B1P/c3r4/9/5K3/3A5 b,0.0040023564,1174
2b1k4/9/9/p4R2C/2p6/6B1P/c3r4/9/5K3/3A5 w,0.017455412,3177
2b1k4/9/9/C4R3/2p6/6B1P/c3r4/9/5K3/3A5 b,-0.00038981438,373
2b6/4k4/9/C4R3/2p6/6B1P/c3r4/9/5K3/3A5 w,0.02401848,2430
C1b6/4k4/9/5R3/2p6/6B1P/c3r4/9/5K3/3A5 b,-0.00116992,202
C8/4k4/4b4/5R3/2p6/6B1P/c3r4/9/5K3/3A5 w,0.010663867,9
9/C3k4/4b4/5R3/2p6/6B1P/c3r4/9/5K3/3A5 b,0.010493207,5277
9/C3k4/4b4/5R3/2p6/6B1P/c2r5/9/5K3/3A5 w,-0.0018790722,2885
5R3/C3k4/4b4/9/2p6/6B1P/c2r5/9/5K3/3A5 b,0.019752575,5214
5R3/C3k4/4b4/9/2p6/6B1P/c8/9/5K3/3r5 w,-0.012472308,464
9/C3kR3/4b4/9/2p6/6B1P/c8/9/5K3/3r5 b,0.0048222067,1174
4k4/C4R3/4b4/9/2p6/6B1P/c8/9/5K3/3r5 w,0.008680344,1270
4k4/CR7/4b4/9/2p6/6B1P/c8/9/5K3/3r5 b,-0.0115279555,7635
4k4/CR7/4b4/9/2p6/6B1P/c8/9/3r1K3/9 w,-0.0011961937,7016
4k4/CR7/4b4/9/2p6/6B1P/c8/9/3r5/5K3 b,0.012263918,6807
4k4/CR7/4b4/9/2p6/6B1P/c2r5/9/9/5K3 w,-0.0042685033,919
4k4/C8/1R2b4/9/2p6/6B1P/c2r5/9/9/5K3 b,0.02342925,3467
4k4/C8/1R2b4/9/9/2p3B1P/c2r5/9/9/5K3 w,-0.01543771,1732
4k4/C8/4R4/9/9/2p3B1P/c2r5/9/9/5K3 b,0.010949254,363
3k5/C8/4R4/9/9/2p3B1P/c2r5/9/9/5K3 w,-0.002318287,2000
3k5/C8/2R6/9/9/2p3B1P/c2r5/9/9/5K3 b,0.013594794,4286
3k5/C8/2R6/9/9/6B1P/c1pr5/9/9/5K3 w,-0.00611527,7825
3k5/C8/2R6/9/9/6B1P/c1pr5/9/9/4K4 b,0.024605632,4905
3k5/C8/2R6/9/9/c5B1P/2pr5/9/9/4K4 w,-0.001199305,4814
3k5/C8/2R6/9/8P/c5B2/2pr5/9/9/4K4 b,0.019460177,4096
3k5/C8/2R6/9/8P/1c4B2/2pr5/9/9/4K4 w,0.0032122135,1811
3k5/C1R6/9/9/8P/1c4B2/2pr5/9/9/4K4 b,0.020220447,4185
3k5/C1R6/9/9/8P/c5B2/2pr5/9/9/4K4 w,0.0070642713,3995
3k5/C1R6/9/8P/9/c5B2/2pr5/9/9/4K4 b,-0.015950501,5188
3k5/C1R6/9/8P/9/c5B2/2p1r4/9/9/4K4 w,0.0022672177,7736
3k5/C1R6/9/8P/9/c5B2/2p1r4/9/9/5K3 b,-0.009958279,5279
3k5/C1R6/9/8P/9/c5B2/2p2r3/9/9/5K3 w,0.017007781,7825
3k5/C1R6/9/8P/9/c5B2/2p2r3/9/9/4K4 b,0.00094940665,5367
3k5/C1R6/9/8P/9/c5B2/2pr5/9/9/4K4 w,0.01548574,3176
3k5/C1R6/8P/9/9/c5B2/2pr5/9/9/4K4 b,-0.021563029,5188
3k5/C1R6/8P/9/9/c5B2/2p1r4/9/9/4K4 w,0.008815432,7736
3k5/C1R6/8P/9/9/c5B2/2p1r4/9/9/5K3 b,-0.024692034,5279
3k5/C1R6/8P/9/9/c5B2/2p2r3/9/9/5K3 w,0.016317248,7825
3k5/C1R6/8P/9/9/c5B2/2p2r3/9/9/4K4 b,0.0005017519,5371
3k5/C1R6/8P/9/9/c5B2/2p4r1/9/9/4K4 w,0.0123550175,1037
3k5/C8/8P/9/9/c1R3B2/2p4r1/9/9/4K4 b,-0.005572927,5548
3k5/C8/8P/9/9/c1R3B2/2p1r4/9/9/4K4 w,0.0060282946,7736
3k5/C8/8P/9/9/c1R3B2/2p1r4/9/9/5K3 b,-0.0030255318,4131
3k5/C8/8P/9/9/2R3B2/2p1r4/9/9/c4K3 w,0.014318562,2365
3k5/C8/7P1/9/9/2R3B2/2p1r4/9/9/c4K3 b,0.004487324,5097
3k5/C8/7P1/9/9/2R3B2/3pr4/9/9/c4K3 w,0.008395028,826
3k5/7C1/7P1/9/9/2R3B2/3pr4/9/9/c4K3 b,0.009110356,5196
3k5/7C1/7P1/9/9/2R3B2/4r4/3p5/9/c4K3 w,0.004875779,4280
3k5/7C1/7P1/9/9/5RB2/4r4/3p5/9/c4K3 b,0.0055012703,5276
3k5/7C1/7P1/9/9/5RB2/2r6/3p5/9/c4K3 w,0.0059650424,4505
3k1R3/7C1/7P1/9/9/6B2/2r6/3p5/9/c4K3 b,-0.0077958344,282
5R3/3k3C1/7P1/9/9/6B2/2r6/3p5/9/c4K3 w,-0.004418218,464
9/3k1R1C1/7P1/9/9/6B2/2r6/3p5/9/c4K3 b,-0.010431051,1083
3k5/5R1C1/7P1/9/9/6B2/2r6/3p5/9/c4K3 w,0.022336436,2274
3k5/5R1C1/6P2/9/9/6B2/2r6/3p5/9/c4K3 b,-0.028718067,5123
3k5/5R1C1/6P2/9/9/6B2/9/3p5/9/c1r2K3 w,0.030315304,7817
3k5/5R1C1/6P2/9/9/6B2/9/3p5/5K3/c1r6 b,-0.031114627,7544
3k5/5R1C1/6P2/9/9/6B2/9/3p5/2r2K3/c8 w,0.03475082,7016
3k5/5R1C1/6P2/9/9/6B2/9/3p5/2r6/c4K3 b,-0.020009017,274
4k4/5R1C1/6P2/9/9/6B2/9/3p5/2r6/c4K3 w,0.066285186,2175
4k4/5RPC1/9/9/9/6B2/9/3p5/2r6/c4K3 b,-0.043170966,7290
c3k4/5RPC1/9/9/9/6B2/9/3p5/2r6/5K3 w,0.06004951,1272
c3k4/3R2PC1/9/9/9/6B2/9/3p5/2r6/5K3 b,-0.06946101,6743
c3k4/3R2PC1/9/9/9/6B2/9/3p5/9/2r2K3 w,0.049515344,7817
c3k4/3R2PC1/9/9/9/6B2/9/3p5/5K3/2r6 b,-0.034384906,6015
c3k4/3R2PC1/9/9/9/6B2/9/9/3p1K3/2r6 w,0.043032218,1155
c3k4/6PC1/9/9/9/6B2/9/9/3R1K3/2r6 b,-0.027151072,7526
c3k4/6PC1/9/9/9/6B2/2r6/9/3R1K3/9 w,0.08137255,6826
c3k4/6PC1/9/9/9/6B2/2r6/9/4RK3/9 b,-0.081881784,363
c2k5/6PC1/9/9/9/6B2/2r6/9/4RK3/9 w,0.09152992,6871
c2k5/6PC1/9/4R4/9/6B2/2r6/9/5K3/9 b,-0.07710645,2
2ck5/6PC1/9/4R4/9/6B2/2r6/9/5K3/9 w,0.09801679,7006
2ck5/6PC1/9/4R4/9/6B2/2r6/9/4K4/9 b,-0.08170479,5097
2ck5/6PC1/9/4R4/9/6B2/3r5/9/4K4/9 w,0.091924004,2803
2ck5/4R1PC1/9/9/9/6B2/3r5/9/4K4/9 b,-0.085440576,5205
2ck5/4R1PC1/9/9/9/6B2/9/9/3rK4/9 w,0.07904303,6925
2ck5/4R1PC1/9/9/9/6B2/9/9/3r5/4K4 b,-0.06867533,6798
2ck5/4R1PC1/9/9/9/3r2B2/9/9/9/4K4 w,0.08493002,1201
2ck5/6PC1/9/4R4/9/3r2B2/9/9/9/4K4 b,-0.019435216,4404
2ck5/6PC1/9/4R4/9/6B2/9/9/9/3rK4 w,0.016596342,7726
2ck5/6PC1/9/4R4/9/6B2/9/9/4K4/3r5 b,0,7617
rnbakabnr/9/1c5c1/p1p1p1p1p/9/9/P1P1P1P1P/1C5C1/9/RNBAKABNR w,-0.7981728,5827
rnbakabnr/9/1c5c1/p1p1p1p1p/9/9/P1P1P1P1P/4C2C1/9/RNBAKABNR b,0.79823637,110
r1bakabnr/9/1cn4c1/p1p1p1p1p/9/9/P1P1P1P1P/4C2C1/9/RNBAKABNR w,-0.79817986,7445
r1bakabnr/9/1cn4c1/p1p1p1p1p/9/9/P1P1P1P1P/2N1C2C1/9/R1BAKABNR b,0.7981648,562
r1baka1nr/9/1cn1b2c1/p1p1p1p1p/9/9/P1P1P1P1P/2N1C2C1/9/R1BAKABNR w,-0.79805344,7372
r1baka1nr/9/1cn1b2c1/p1p1p1p1p/9/9/P1P1P1P1P/2N1C2C1/9/1RBAKABNR b,0.79822814,1
1rbaka1nr/9/1cn1b2c1/p1p1p1p1p/9/9/P1P1P1P1P/2N1C2C1/9/1RBAKABNR w,-0.798301,6368
1rbaka1nr/9/1cn1b2c1/p1p1p1p1p/9/9/P1P1P1P1P/2N1CC3/9/1RBAKABNR b,0.79872113,654
1rbaka2r/9/1cn1b1nc1/p1p1p1p1p/9/9/P1P1P1P1P/2N1CC3/9/1RBAKABNR w,-0.7983996,7989
1rbaka2r/9/1cn1b1nc1/p1p1p1p1p/9/9/P1P1P1P1P/2N1CCN2/9/1RBAKAB1R b,0.7986177,3012
1rbaka2r/9/1cn1b1nc1/p1p1p3p/6p2/9/P1P1P1P1P/2N1CCN2/9/1RBAKAB1R w,-0.7981138,8098
1rbaka2r/9/1cn1b1nc1/p1p1p3p/6p2/9/P1P1P1P1P/2N1CCN2/9/1RBAKABR1 b,0.7979816,727
1rbaka1r1/9/1cn1b1nc1/p1p1p3p/6p2/9/P1P1P1P1P/2N1CCN2/9/1RBAKABR1 w,-0.79748696,5087
1rbaka1r1/9/1cn1b1nc1/p1p1p3p/6p2/2P6/P3P1P1P/2N1CCN2/9/1RBAKABR1 b,0.7977745,1765
1rbaka1r1/9/2n1b1nc1/p1p1p3p/6p2/2P6/Pc2P1P1P/2N1CCN2/9/1RBAKABR1 w,-0.7952885,5898
1rbaka1r1/9/2n1b1nc1/p1p1p3p/6p2/2PN5/Pc2P1P1P/4CCN2/9/1RBAKABR1 b,0.7935914,2311
1rbaka1r1/9/2n1b1n2/p1p1p3p/6p2/2PN5/Pc2P1PcP/4CCN2/9/1RBAKABR1 w,-0.7920583,6143
1rbaka1r1/9/2n1bCn2/p1p1p3p/6p2/2PN5/Pc2P1PcP/4C1N2/9/1RBAKABR1 b,0.7910976,1986
1rbakabr1/9/2n2Cn2/p1p1p3p/6p2/2PN5/Pc2P1PcP/4C1N2/9/1RBAKABR1 w,-0.78150064,4351
1rbakabr1/9/2n2Cn2/p1p1N3p/6p2/2P6/Pc2P1PcP/4C1N2/9/1RBAKABR1 b,0.7952488,1831
1rbakabr1/9/5Cn2/p1p1n3p/6p2/2P6/Pc2P1PcP/4C1N2/9/1RBAKABR1 w,-0.7945985,6061
1rbakabr1/9/5Cn2/p1p1C3p/6p2/2P6/Pc2P1PcP/6N2/9/1RBAKABR1 b,0.80948305,109
2bakabr1/9/1r3Cn2/p1p1C3p/6p2/2P6/Pc2P1PcP/6N2/9/1RBAKABR1 w,-0.79794323,2839
2bakabr1/9/1r3Cn2/p1p5p/6p2/2P1C4/Pc2P1PcP/6N2/9/1RBAKABR1 b,0.80177534,1733
2bakabr1/9/5rn2/p1p5p/6p2/2P1C4/Pc2P1PcP/6N2/9/1RBAKABR1 w,-0.7903902,7435
2bakabr1/9/5rn2/p1p5p/6p2/2P1C4/PR2P1PcP/6N2/9/2BAKABR1 b,0.7924131,2138
2bakabr1/9/6n2/p1p5p/6p2/2P1C4/PR2P1PcP/5rN2/9/2BAKABR1 w,-0.784172,6290
2bakabr1/9/6n2/p1p5p/6p2/2P1C4/PR2P1PcP/5r3/8N/2BAKABR1 b,0.795109,5569
2bakabr1/9/6n2/p1p5p/6p2/2P1C4/PR2P1P1P/5r3/7cN/2BAKABR1 w,-0.7858046,7897
2bakabr1/9/6n2/p1p5p/6p2/2P1C4/PR2P1P1P/4Br3/7cN/2BAKA1R1 b,0.79404587,6197
2bakabr1/9/6n2/p1p5p/6p2/2P1C4/PR2P1P1P/4B4/5r1cN/2BAKA1R1 w,-0.7859303,7816
2bakabr1/9/6n2/p1p5p/6p2/2P1C4/PR2P1P1P/4B4/4Ar1cN/2BAK2R1 b,0.7983904,2201
2bakabr1/9/9/p1p5p/5np2/2P1C4/PR2P1P1P/4B4/4Ar1cN/2BAK2R1 w,-0.7922511,4987
2bakabr1/9/9/p1p5p/1R3np2/2P1C4/P3P1P1P/4B4/4Ar1cN/2BAK2R1 b,0.81342465,3748
2bakabr1/9/9/p1p5p/1R4p2/2P1C4/P3n1P1P/4B4/4Ar1cN/2BAK2R1 w,-0.79286253,8006
2bakabr1/9/9/p1p5p/1R4p2/2P1C4/P3n1P1P/4B4/4Ar1cN/2BAKR3 b,0.801415,7016
2bakabr1/9/9/p1p5p/1R4p2/2P1C4/P3n1P1P/4B4/4A2cN/2BAKr3 w,-0.80697006,7736
2bakabr1/9/9/p1p5p/1R4p2/2P1C4/P3n1P1P/4B4/4A2cN/2BA1K3 b,0.8211699,5289
2bakabr1/9/9/p1p5p/1R4p2/2P1C4/P5P1P/4B1n2/4A2cN/2BA1K3 w,-0.81537455,7825
2bakabr1/9/9/p1p5p/1R4p2/2P1C4/P5P1P/4B1n2/4A2cN/2BAK4 b,0.82433015,6290
2bakabr1/9/9/p1p5p/1R4p2/2P1C4/P5P1P/4B4/4A2cn/2BAK4 w,-0.82409143,3370
2bakabr1/9/9/p1p5p/4R1p2/2P1C4/P5P1P/4B4/4A2cn/2BAK4 b,0.8267822,463
2bak1br1/4a4/9/p1p5p/4R1p2/2P1C4/P5P1P/4B4/4A2cn/2BAK4 w,-0.81456435,3641
2bak1br1/4a4/9/p1p5p/5Rp2/2P1C4/P5P1P/4B4/4A2cn/2BAK4 b,0.8169187,1175
2bakabr1/9/9/p1p5p/5Rp2/2P1C4/P5P1P/4B4/4A2cn/2BAK4 w,-0.801152,3767
2bakabr1/9/9/p1p5p/6p2/2P1C4/P5P1P/4B4/4AR1cn/2BAK4 b,0.815004,664
2bakab2/9/9/p1p4rp/6p2/2P1C4/P5P1P/4B4/4AR1cn/2BAK4 w,-0.8084126,5451
2bakab2/9/9/p1p4rp/6p2/2P1C1P2/P7P/4B4/4AR1cn/2BAK4 b,0.8159743,3831
2bakab2/9/9/p1p4rp/9/2P1C1p2/P7P/4B4/4AR1cn/2BAK4 w,-0.80863976,6081
2bakab2/9/9/p1p4rp/9/2P1C1B2/P7P/9/4AR1cn/2BAK4 b,0.84000003,7162
2bakab2/9/9/p1p4rp/9/2P1C1Bc1/P7P/9/4AR2n/2BAK4 w,-0.8165598,4657
2bakab2/9/9/p1p4rp/9/2P1C2c1/P7P/4B4/4AR2n/2BAK4 b,0.82775164,7261
2bakab2/9/9/p1p4rp/9/2P1C2c1/P6nP/4B4/4AR3/2BAK4 w,-0.81769633,4468
2bakab2/9/9/p1p4rp/9/2P4c1/P3C2nP/4B4/4AR3/2BAK4 b,0.8364856,3093
2bakab2/9/9/p1p3r1p/9/2P4c1/P3C2nP/4B4/4AR3/2BAK4 w,-0.8367306,6989
2bakab2/9/9/p1p3r1p/9/2P4c1/P3CR1nP/4B4/4A4/2BAK4 b,0.8857586,5568
2bakab2/9/9/p1p3r1p/9/2P4c1/P3CR2P/4B4/4A1n2/2BAK4 w,-0.8861161,5387
2bakab2/9/9/p1p3r1p/9/2P4c1/P3C3P/4B4/4ARn2/2BAK4 b,0.90031004,4759
2bakab2/9/9/p1p3r1p/9/2P6/P3C3P/4B4/4ARnc1/2BAK4 w,-0.891982,7008
2bakab2/9/9/p1p3r1p/9/2P6/P3C3P/4B4/4A1Rc1/2BAK4 b,0.8947425,3048
2bakab2/9/9/p1p5p/9/2P6/P3C3P/4B4/4A1rc1/2BAK4 w,-0.88970464,5251
2bakab2/9/9/p1p1C3p/9/2P6/P7P/4B4/4A1rc1/2BAK4 b,0.88537836,7198
2bakab2/9/9/p1p1C3p/9/2P6/P7P/4B4/4A1r2/2BAK2c1 w,-0.8775128,2817
2bakab2/9/9/C1p5p/9/2P6/P7P/4B4/4A1r2/2BAK2c1 b,0.88102996,8009
2bakab2/9/9/C1p5p/9/2P6/P7P/4B4/4A1r2/2BAK3c w,-0.8881855,2475
2bakab2/9/9/2p5p/9/C1P6/P7P/4B4/4A1r2/2BAK3c b,0.8899896,7107
2bakab2/9/9/2p5p/9/C1P6/P7P/4B4/4A4/2BAK1r1c w,-0.8980575,6926
2bakab2/9/9/2p5p/9/C1P6/P7P/4B4/9/2BAKAr1c b,0.90666854,7890
2bakab2/9/9/2p5p/9/C1P6/P5r1P/4B4/9/2BAKA2c w,-0.9007053,7816
2bakab2/9/9/2p5p/9/C1P6/P5r1P/4B4/4A4/2BAK3c b,0.9029843,5461
2bakab2/9/9/2p5p/9/C1P6/P6rP/4B4/4A4/2BAK3c w,-0.89739555,5633
2bakab2/9/9/2p5p/9/C1P5P/P6r1/4B4/4A4/2BAK3c b,0.90022326,5544
2bakab2/9/9/2p5p/9/C1P5P/r8/4B4/4A4/2BAK3c w,-0.89825827,4096
2bakab2/9/9/2p5p/9/1CP5P/r8/4B4/4A4/2BAK3c b,0.89144653,4921
2bakab2/9/9/2p5p/9/1CP5P/7r1/4B4/4A4/2BAK3c w,-0.89645714,6908
2bakab2/9/9/2p5p/9/1CP5P/7r1/4BA3/9/2BAK3c b,0.9035705,5578
2bakab2/9/9/2p5p/9/1CP5P/9/4BA3/9/2BAK2rc w,-0.8960956,7726
2bakab2/9/9/2p5p/9/1CP5P/9/4BA3/4K4/2BA3rc b,0.8970189,7999
2bakab2/9/9/2p5p/9/1CP5P/9/4BA3/4K2r1/2BA4c w,-0.89197934,6925
2bakab2/9/9/2p5p/9/1CP5P/9/4BA3/7r1/2BAK3c b,0.8967608,7171
2bakab2/9/9/2p5p/9/1CP5P/7r1/4BA3/9/2BAK3c w,-0.8963617,4204
2bakab2/9/9/2p5p/9/2P5P/7r1/1C2BA3/9/2BAK3c b,0.9008748,5578
2bakab2/9/9/2p5p/9/2P5P/9/1C2BA3/9/2BAK2rc w,-0.89673966,7726
2bakab2/9/9/2p5p/9/2P5P/9/1C2BA3/4K4/2BA3rc b,0.9092945,8094
2bakab2/9/9/2p5p/9/2P5P/9/1C2BA3/4K4/2Bc3r1 w,-0.9015539,6915
2bakab2/9/9/2p5p/9/2P5P/9/1C2BA3/3K5/2Bc3r1 b,0.8982108,7645
2bakab2/9/9/2p5p/9/2P5P/9/1C2BA3/3K5/2B1c2r1 w,-0.89141595,6826
2bakab2/9/9/2p5p/9/2P5P/9/1C2BA3/4K4/2B1c2r1 b,0.9033897,7736
2bakab2/9/9/2p5p/9/2P5P/9/1C2BA3/4K4/2B2c1r1 w,-0.89338785,5833
2bakab2/9/9/2p5p/9/2P5P/9/4BA3/1C2K4/2B2c1r1 b,0.9110524,7827
2bakab2/9/9/2p5p/9/2P5P/9/4BA3/1C2K4/2B3cr1 w,-0.90202075,6644
2bakab2/9/9/2p5p/9/2P5P/9/4BA3/2C1K4/2B3cr1 b,0.90271443,7854
2bakab2/9/6c2/2p5p/9/2P5P/9/4BA3/2C1K4/2B4r1 w,-0.90564823,6689
2bakab2/9/6c2/2C5p/9/2P5P/9/4BA3/4K4/2B4r1 b,0.91619146,2182
2bakab2/9/4c4/2C5p/9/2P5P/9/4BA3/4K4/2B4r1 w,-0.907107,6917
2bakab2/9/4c4/2C5p/9/2P5P/9/4BA3/5K3/2B4r1 b,0.9107284,7954
2bakab2/9/4c4/2C4rp/9/2P5P/9/4BA3/5K3/2B6 w,-0.91576576,4268
2bakab2/9/4c4/2C4rp/2P6/8P/9/4BA3/5K3/2B6 b,0.93230134,198
3akab2/9/b3c4/2C4rp/2P6/8P/9/4BA3/5K3/2B6 w,-0.9330759,6196
3akab2/9/b3c4/2C4rp/2P6/8P/9/4B4/4AK3/2B6 b,0.92574847,3092
3akab2/9/b3c4/2C2r2p/2P6/8P/9/4B4/4AK3/2B6 w,-0.92853767,6908
3akab2/9/b3c4/2C2r2p/2P6/8P/9/4BA3/5K3/2B6 b,0.9264565,1658
3akab2/9/4c4/2C2r2p/2b6/8P/9/4BA3/5K3/2B6 w,-0.92711014,2612
2Cakab2/9/4c4/5r2p/2b6/8P/9/4BA3/5K3/2B6 b,0.9302486,283
2C1kab2/4a4/4c4/5r2p/2b6/8P/9/4BA3/5K3/2B6 w,-0.9252666,180
C3kab2/4a4/4c4/5r2p/2b6/8P/9/4BA3/5K3/2B6 b,0.92216223,2907
C3kab2/4a4/4c4/r7p/2b6/8P/9/4BA3/5K3/2B6 w,-0.92672944,1
1C2kab2/4a4/4c4/r7p/2b6/8P/9/4BA3/5K3/2B6 b,0.9206876,2458
1C2kab2/4a4/4c4/1r6p/2b6/8P/9/4BA3/5K3/2B6 w,-0.9281706,90
C3kab2/4a4/4c4/1r6p/2b6/8P/9/4BA3/5K3/2B6 b,0.93870735,2593
C3kab2/4a4/4c4/8p/2b6/8P/9/4BA3/1r3K3/2B6 w,-0.93967557,7016
C3kab2/4a4/4c4/8p/2b6/8P/9/4BA3/1r7/2B2K3 b,0.950079,1998
C3kab2/4a4/c8/8p/2b6/8P/9/4BA3/1r7/2B2K3 w,-0.95261455,6196
C3kab2/4a4/c8/8p/2b6/8P/9/4B4/1r2A4/2B2K3 b,0.9617016,6646
C3kab2/4a4/c8/8p/2b6/8P/9/4B4/4r4/2B2K3 w,-0.9510167,9
4kab2/C3a4/c8/8p/2b6/8P/9/4B4/4r4/2B2K3 b,0.9588777,6913
4kab2/C3a4/c8/8p/2b6/8P/9/4B4/1r7/2B2K3 w,-0.9473711,6077
4kab2/C3a4/c8/8p/2b6/2B5P/9/9/1r7/2B2K3 b,0.9524919,6652
4kab2/C3a4/c8/8p/2b6/2B5P/9/9/9/1rB2K3 w,-0.9513484,4293
4kab2/C3a4/c8/8p/2b6/8P/9/B8/9/1rB2K3 b,0.95831114,7426
4kab2/C3a4/c8/8p/2b6/1r6P/9/B8/9/2B2K3 w,-0.9559728,821
4kab2/2C1a4/c8/8p/2b6/1r6P/9/B8/9/2B2K3 b,0.95286965,4193
4kab2/2C1a4/c8/8p/2b6/8r/9/B8/9/2B2K3 w,-0.9419972,999
4kab2/C3a4/c8/8p/2b6/8r/9/B8/9/2B2K3 b,0.9606302,4816
4kab2/C3a4/c8/8p/2b6/1r7/9/B8/9/2B2K3 w,-0.9398576,821
4kab2/2C1a4/c8/8p/2b6/1r7/9/B8/9/2B2K3 b,0.9623256,4188
4kab2/2C1a4/c8/8p/2b6/3r5/9/B8/9/2B2K3 w,-0.95645404,999
4kab2/C3a4/c8/8p/2b6/3r5/9/B8/9/2B2K3 b,0.9664998,1643
4kab2/C3a4/5c3/8p/2b6/3r5/9/B8/9/2B2K3 w,-0.9511251,846
4kab2/4a4/5c3/8p/C1b6/3r5/9/B8/9/2B2K3 b,0.9610426,4371
4kab2/4a4/5c3/8p/C1b6/6r2/9/B8/9/2B2K3 w,-0.94086045,7825
4kab2/4a4/5c3/8p/C1b6/6r2/9/B8/9/2B1K4 b,0.9485684,4639
4kab2/4a4/5c3/8p/C1b6/4r4/9/B8/9/2B1K4 w,-0.93588823,7736
4kab2/4a4/5c3/8p/C1b6/4r4/9/B8/9/2B2K3 b,0.92748463,4460
4kab2/4a4/5c3/8p/C1b6/5r3/9/B8/9/2B2K3 w,-0.9432167,7825
4kab2/4a4/5c3/8p/C1b6/5r3/9/B8/9/2B1K4 b,0.95934784,2094
4kab2/4a4/6c2/8p/C1b6/5r3/9/B8/9/2B1K4 w,-0.953147,7537
4kab2/4a4/6c2/8p/C1b6/5r3/9/B3B4/9/4K4 b,0.9531157,2182
4kab2/4a4/4c4/8p/C1b6/5r3/9/B3B4/9/4K4 w,-0.93415856,6077
4kab2/4a4/4c4/8p/C1b6/2B2r3/9/B8/9/4K4 b,0.9525522,1998
4kab2/4a4/c8/8p/C1b6/2B2r3/9/B8/9/4K4 w,-0.9283187,3277
4kab2/4a4/c8/8p/1Cb6/2B2r3/9/B8/9/4K4 b,0.9608501,4532
4kab2/4a4/c8/5r2p/1Cb6/2B6/9/B8/9/4K4 w,-0.9535014,3403
4kab2/4a4/c8/5r2p/2b6/2B6/9/B8/1C7/4K4 b,0.9599073,2908
4kab2/4a4/c8/1r6p/2b6/2B6/9/B8/1C7/4K4 w,-0.94782126,6644
4kab2/4a4/c8/1r6p/2b6/2B6/9/B8/2C6/4K4 b,0.93672633,1642
4kab2/4a4/4c4/1r6p/2b6/2B6/9/B8/2C6/4K4 w,-0.9425198,6698
4kab2/4a4/4c4/1r6p/2C6/2B6/9/B8/9/4K4 b,0.94151723,2602
4kab2/4a4/4c4/8p/2C6/2B6/9/B8/9/1r2K4 w,-0.9435585,7726
4kab2/4a4/4c4/8p/2C6/2B6/9/B8/4K4/1r7 b,0.9465733,7417
4kab2/4a4/4c4/8p/1rC6/2B6/9/B8/4K4/9 w,-0.9428742,3449
4kab2/4a4/4c4/2C5p/1r7/2B6/9/B8/4K4/9 b,0.94455844,3403
4kab2/4a4/4c4/2C5p/9/2B6/9/B8/1r2K4/9 w,-0.9381601,6925
4kab2/4a4/4c4/2C5p/9/2B6/9/B8/1r7/4K4 b,0.9389963,6652
4kab2/4a4/4c4/2C5p/9/2B6/9/B8/9/1r2K4 w,-0.93599385,7726
4kab2/4a4/4c4/2C5p/9/2B6/9/B8/4K4/1r7 b,0.95618033,7464
4kab2/4a4/4c4/2C5p/9/2B6/9/B8/4K4/3r5 w,-0.94096833,6917
4kab2/4a4/4c4/2C5p/9/2B6/9/B8/5K3/3r5 b,0.9653698,7617
4kab2/4a4/4c4/2C5p/9/2B6/3r5/B8/5K3/9 w,-0.9827125,2641
4kab2/4a4/4c4/4C3p/9/2B6/3r5/B8/5K3/9 b,1,5189
rnbakabnr/9/1c5c1/p1p1p1p1p/9/9/P1P1P1P1P/1C5C1/9/RNBAKABNR w,-0.7981823,5827
rnbakabnr/9/1c5c1/p1p1p1p1p/9/9/P1P1P1P1P/4C2C1/9/RNBAKABNR b,0.79822016,110
r1bakabnr/9/1cn4c1/p1p1p1p1p/9/9/P1P1P1P1P/4C2C1/9/RNBAKABNR w,-0.79817563,7445
r1bakabnr/9/1cn4c1/p1p1p1p1p/9/9/P1P1P1P1P/2N1C2C1/9/R1BAKABNR b,0.79818803,562
r1baka1nr/9/1cn1b2c1/p1p1p1p1p/9/9/P1P1P1P1P/2N1C2C1/9/R1BAKABNR w,-0.7980508,7372
r1baka1nr/9/1cn1b2c1/p1p1p1p1p/9/9/P1P1P1P1P/2N1C2C1/9/1RBAKABNR b,0.7982337,1
1rbaka1nr/9/1cn1b2c1/p1p1p1p1p/9/9/P1P1P1P1P/2N1C2C1/9/1RBAKABNR w,-0.798301,6368
1rbaka1nr/9/1cn1b2c1/p1p1p1p1p/9/9/P1P1P1P1P/2N1CC3/9/1RBAKABNR b,0.79872113,654
1rbaka2r/9/1cn1b1nc1/p1p1p1p1p/9/9/P1P1P1P1P/2N1CC3/9/1RBAKABNR w,-0.7984511,7989
1rbaka2r/9/1cn1b1nc1/p1p1p1p1p/9/9/P1P1P1P1P/2N1CCN2/9/1RBAKAB1R b,0.7986177,3012
1rbaka2r/9/1cn1b1nc1/p1p1p3p/6p2/9/P1P1P1P1P/2N1CCN2/9/1RBAKAB1R w,-0.79813725,8098
1rbaka2r/9/1cn1b1nc1/p1p1p3p/6p2/9/P1P1P1P1P/2N1CCN2/9/1RBAKABR1 b,0.7979931,727
1rbaka1r1/9/1cn1b1nc1/p1p1p3p/6p2/9/P1P1P1P1P/2N1CCN2/9/1RBAKABR1 w,-0.79748696,5087
1rbaka1r1/9/1cn1b1nc1/p1p1p3p/6p2/2P6/P3P1P1P/2N1CCN2/9/1RBAKABR1 b,0.79777384,1765
1rbaka1r1/9/2n1b1nc1/p1p1p3p/6p2/2P6/Pc2P1P1P/2N1CCN2/9/1RBAKABR1 w,-0.795294,5898
1rbaka1r1/9/2n1b1nc1/p1p1p3p/6p2/2PN5/Pc2P1P1P/4CCN2/9/1RBAKABR1 b,0.79361176,2311
1rbaka1r1/9/2n1b1n2/p1p1p3p/6p2/2PN5/Pc2P1PcP/4CCN2/9/1RBAKABR1 w,-0.79214644,6143
1rbaka1r1/9/2n1bCn2/p1p1p3p/6p2/2PN5/Pc2P1PcP/4C1N2/9/1RBAKABR1 b,0.7915428,1986
1rbakabr1/9/2n2Cn2/p1p1p3p/6p2/2PN5/Pc2P1PcP/4C1N2/9/1RBAKABR1 w,-0.78223366,4351
1rbakabr1/9/2n2Cn2/p1p1N3p/6p2/2P6/Pc2P1PcP/4C1N2/9/1RBAKABR1 b,0.79539496,1831
1rbakabr1/9/5Cn2/p1p1n3p/6p2/2P6/Pc2P1PcP/4C1N2/9/1RBAKABR1 w,-0.7949694,6061
1rbakabr1/9/5Cn2/p1p1C3p/6p2/2P6/Pc2P1PcP/6N2/9/1RBAKABR1 b,0.8092765,109
2bakabr1/9/1r3Cn2/p1p1C3p/6p2/2P6/Pc2P1PcP/6N2/9/1RBAKABR1 w,-0.7977138,2839
2bakabr1/9/1r3Cn2/p1p5p/6p2/2P1C4/Pc2P1PcP/6N2/9/1RBAKABR1 b,0.80120313,1733
2bakabr1/9/5rn2/p1p5p/6p2/2P1C4/Pc2P1PcP/6N2/9/1RBAKABR1 w,-0.79037094,7435
2bakabr1/9/5rn2/p1p5p/6p2/2P1C4/PR2P1PcP/6N2/9/2BAKABR1 b,0.793541,2201
2bakabr1/9/5r3/p1p5p/5np2/2P1C4/PR2P1PcP/6N2/9/2BAKABR1 w,-0.78639144,4987
2bakabr1/9/5r3/p1p5p/1R3np2/2P1C4/P3P1PcP/6N2/9/2BAKABR1 b,0.7915646,3750
2bakabr1/9/5r3/p1p5p/1R4p2/2P1C4/P3P1ncP/6N2/9/2BAKABR1 w,-0.78203326,3372
2bakabr1/9/5r3/p1p5p/6R2/2P1C4/P3P1ncP/6N2/9/2BAKABR1 b,0.7945504,5449
2bakabr1/9/5r3/p1p5p/6R2/2P1n4/P3P2cP/6N2/9/2BAKABR1 w,-0.7941932,5269
2bakabr1/9/5r3/p1p5p/6R2/2P1P4/P6cP/6N2/9/2BAKABR1 b,0.80047536,5560
2bakabr1/9/5r3/p1p5p/6R2/2P1P4/P7P/6Nc1/9/2BAKABR1 w,-0.79079527,7999
2bakabr1/9/5r3/p1p5p/6R2/2P1P4/P7P/6Nc1/7R1/2BAKAB2 b,0.80193526,2138
2bakabr1/9/9/p1p5p/6R2/2P1P4/P7P/5rNc1/7R1/2BAKAB2 w,-0.7996133,3813
2bakabr1/9/9/p1p3R1p/9/2P1P4/P7P/5rNc1/7R1/2BAKAB2 b,0.79668033,6361
2bakabr1/9/9/p1p3R1p/9/2P1P4/P6cP/5rN2/7R1/2BAKAB2 w,-0.78092617,3021
2bakabr1/9/9/p1p5p/9/2P1P1R2/P6cP/5rN2/7R1/2BAKAB2 b,0.7939379,6179
2bakabr1/9/9/p1p5p/9/2P1P1R2/P4r1cP/6N2/7R1/2BAKAB2 w,-0.7923742,6260
2bakabr1/9/9/p1p5p/9/2P1PNR2/P4r1cP/9/7R1/2BAKAB2 b,0.79986703,562
2baka1r1/9/4b4/p1p5p/9/2P1PNR2/P4r1cP/9/7R1/2BAKAB2 w,-0.78715086,4450
2baka1r1/9/4b4/p1p5p/4P4/2P2NR2/P4r1cP/9/7R1/2BAKAB2 b,0.8006589,673
2baka3/9/4b4/p1p5p/4P2r1/2P2NR2/P4r1cP/9/7R1/2BAKAB2 w,-0.782637,4533
2baka3/9/4b4/p1p3N1p/4P2r1/2P3R2/P4r1cP/9/7R1/2BAKAB2 b,0.7913071,5560
2baka3/9/4b4/p1p3N1p/4P2r1/2P3R2/P4r2P/7c1/7R1/2BAKAB2 w,-0.7608818,3631
2baka3/9/4b4/p1p1P1N1p/7r1/2P3R2/P4r2P/7c1/7R1/2BAKAB2 b,0.7768825,1986
2bakab2/9/9/p1p1P1N1p/7r1/2P3R2/P4r2P/7c1/7R1/2BAKAB2 w,-0.7711307,4639
2bakab2/9/9/p1p1P1N1p/7r1/2P1R4/P4r2P/7c1/7R1/2BAKAB2 b,0.7883277,3912
2bakab2/9/9/p1p1P1N1p/6r2/2P1R4/P4r2P/7c1/7R1/2BAKAB2 w,-0.76593536,2984
2bakab2/5N3/9/p1p1P3p/6r2/2P1R4/P4r2P/7c1/7R1/2BAKAB2 b,0.7918177,5324
2bakab2/5r3/9/p1p1P3p/6r2/2P1R4/P7P/7c1/7R1/2BAKAB2 w,-0.79056424,7180
2bakab2/5r3/9/p1p1P3p/6r2/2P1R4/P7P/7R1/9/2BAKAB2 b,0.80106723,1319
2bakab2/9/9/p1p1P3p/6r2/2P1R4/P4r2P/7R1/9/2BAKAB2 w,-0.7842938,7636
2bakab2/9/9/p1p1P3p/6r2/2P1R4/P4r2P/7R1/4A4/2B1KAB2 b,0.78990746,3867
2bakab2/9/9/p1p1P3p/9/2P1R4/P4r2P/7R1/4A4/2B1KAr2 w,-0.7865018,6367
2bakab2/9/9/p1p1P3p/9/2P1R4/P4r2P/4R4/4A4/2B1KAr2 b,0.7988321,7890
2bakab2/9/9/p1p1P3p/9/2P1R4/P4rr1P/4R4/4A4/2B1KA3 w,-0.7945357,4458
2bakab2/9/9/p1p1P3p/9/2PR5/P4rr1P/4R4/4A4/2B1KA3 b,0.789394,5366
2bakab2/9/9/p1p1P3p/9/2PR5/P1r3r1P/4R4/4A4/2B1KA3 w,-0.79132277,7533
2bakab2/9/9/p1p1P3p/9/2PR5/P1r3r1P/B3R4/4A4/4KA3 b,0.7933488,5097
2bakab2/9/9/p1p1P3p/9/2PR5/P2r2r1P/B3R4/4A4/4KA3 w,-0.79002756,4377
2bakab2/9/9/p1p1P3p/9/2P6/P2R2r1P/B3R4/4A4/4KA3 b,0.79769206,5457
2bakab2/9/9/p1p1P3p/9/2P6/P2r4P/B3R4/4A4/4KA3 w,-0.79972935,6095
2bakab2/9/9/p1p1P3p/9/2P6/P2r4P/B1R6/4A4/4KA3 b,0.80000275,5192
2bakab2/9/9/p1p1P3p/9/2P6/P7r/B1R6/4A4/4KA3 w,-0.7981235,4268
2bakab2/9/9/p1p1P3p/2P6/9/P7r/B1R6/4A4/4KA3 b,0.80217063,5638
2bakab2/9/9/p1p1P3p/2P6/9/P3r4/B1R6/4A4/4KA3 w,-0.7957377,3449
2bakab2/9/9/p1P1P3p/9/9/P3r4/B1R6/4A4/4KA3 b,0.8019225,5251
2bakab2/9/9/p1P1r3p/9/9/P8/B1R6/4A4/4KA3 w,-0.79968995,2630
2bakab2/9/2P6/p3r3p/9/9/P8/B1R6/4A4/4KA3 b,0.8018372,202
3akab2/9/2P1b4/p3r3p/9/9/P8/B1R6/4A4/4KA3 w,-0.80095744,1811
3akab2/2P6/4b4/p3r3p/9/9/P8/B1R6/4A4/4KA3 b,0.80267054,2818
3akab2/2P6/4b4/pr6p/9/9/P8/B1R6/4A4/4KA3 w,-0.8018382,5753
3akab2/2P6/4b4/pr6p/9/9/P8/2R6/4A4/2B1KA3 b,0.8006173,2557
3akab2/2P6/4b4/p7p/1r7/9/P8/2R6/4A4/2B1KA3 w,-0.79902226,5906
3akab2/2P6/4b4/p7p/1r7/9/P1R6/9/4A4/2B1KA3 b,0.8043273,3368
3akab2/2P6/4b4/p7p/2r6/9/P1R6/9/4A4/2B1KA3 w,-0.7974059,5078
3akab2/2P6/4b4/p7p/2R6/9/P8/9/4A4/2B1KA3 b,0.8010891,2018
3akab2/2P6/9/p7p/2b6/9/P8/9/4A4/2B1KA3 w,-0.8010755,1002
3akab2/3P5/9/p7p/2b6/9/P8/9/4A4/2B1KA3 b,0.8016009,3194
3akab2/3P5/9/p8/2b5p/9/P8/9/4A4/2B1KA3 w,-0.8004017,7734
3akab2/3P5/9/p8/2b5p/9/P8/9/4A4/2BK1A3 b,0.8019352,463
3ak1b2/3Pa4/9/p8/2b5p/9/P8/9/4A4/2BK1A3 w,-0.80060995,7635
3ak1b2/3Pa4/9/p8/2b5p/9/P8/9/3KA4/2B2A3 b,0.80292016,2466
3ak1b2/3Pa4/9/9/p1b5p/9/P8/9/3KA4/2B2A3 w,-0.8010143,6834
3ak1b2/3Pa4/9/9/p1b5p/9/P8/9/4A4/2BK1A3 b,0.80182195,3442
3ak1b2/3Pa4/4b4/9/p7p/9/P8/9/4A4/2BK1A3 w,-0.8018571,7533
3ak1b2/3Pa4/4b4/9/p7p/9/P8/B8/4A4/3K1A3 b,0.8018219,4013
3ak1b2/3Pa4/4b4/9/p8/8p/P8/B8/4A4/3K1A3 w,-0.8025074,6906
3ak1b2/3Pa4/4b4/9/p8/8p/P8/B2A5/9/3K1A3 b,0.8027282,4822
3ak1b2/3Pa4/4b4/9/p8/7p1/P8/B2A5/9/3K1A3 w,-0.80306596,7816
3ak1b2/3Pa4/4b4/9/p8/7p1/P8/B2A5/4A4/3K5 b,0.8037355,4741
3ak1b2/3Pa4/4b4/9/p8/9/P6p1/B2A5/4A4/3K5 w,-0.80369055,7645
3ak1b2/3Pa4/4b4/9/p8/9/P6p1/B2A5/4A4/4K4 b,0.80360717,5550
3ak1b2/3Pa4/4b4/9/p8/9/P5p2/B2A5/4A4/4K4 w,-0.8031147,7734
3ak1b2/3Pa4/4b4/9/p8/9/P5p2/B2A5/4A4/3K5 b,0.804411,1191
3ak1b2/3P5/3ab4/9/p8/9/P5p2/B2A5/4A4/3K5 w,-0.8031867,5717
3ak1b2/3P5/3ab4/9/p8/2B6/P5p2/3A5/4A4/3K5 b,0.80245286,1903
3ak1b2/3Pa4/4b4/9/p8/2B6/P5p2/3A5/4A4/3K5 w,-0.80275416,4297
3ak1b2/3Pa4/4b4/9/p8/9/P5p2/3AB4/4A4/3K5 b,0.80284697,5459
3ak1b2/3Pa4/4b4/9/p8/9/P4p3/3AB4/4A4/3K5 w,-0.80239195,7645
3ak1b2/3Pa4/4b4/9/p8/9/P4p3/3AB4/4A4/4K4 b,0.8031838,5368
3ak1b2/3Pa4/4b4/9/p8/9/P3p4/3AB4/4A4/4K4 w,-0.8012906,6113
3ak1b2/3Pa4/4b4/9/p8/9/P3p4/3A5/4A4/2B1K4 b,0.80288786,5279
3ak1b2/3Pa4/4b4/9/p8/9/P4p3/3A5/4A4/2B1K4 w,-0.80272794,7533
3ak1b2/3Pa4/4b4/9/p8/9/P4p3/B2A5/4A4/4K4 b,0.8030035,5368
3ak1b2/3Pa4/4b4/9/p8/9/P3p4/B2A5/4A4/4K4 w,-0.8029628,7736
3ak1b2/3Pa4/4b4/9/p8/9/P3p4/B2A5/4A4/5K3 b,0.80283463,5277
3ak1b2/3Pa4/4b4/9/p8/9/P2p5/B2A5/4A4/5K3 w,-0.8064724,4905
3ak1b2/3Pa4/4b4/9/p8/P8/3p5/B2A5/4A4/5K3 b,0.8068098,3285
3ak1b2/3Pa4/4b4/9/9/p8/3p5/B2A5/4A4/5K3 w,-0.80656636,5753
3ak1b2/3Pa4/4b4/9/9/p8/3p5/3A5/4A4/2B2K3 b,0.8077688,4096
3ak1b2/3Pa4/4b4/9/9/1p7/3p5/3A5/4A4/2B2K3 w,-0.8078885,7533
3ak1b2/3Pa4/4b4/9/9/1p7/3p5/B2A5/4A4/5K3 b,0.8097207,4195
3ak1b2/3Pa4/4b4/9/9/9/1p1p5/B2A5/4A4/5K3 w,-0.80972755,5753
3ak1b2/3Pa4/4b4/9/9/9/1p1p5/3A5/4A4/2B2K3 b,0.80969054,5006
3ak1b2/3Pa4/4b4/9/9/9/2pp5/3A5/4A4/2B2K3 w,-0.81031615,7825
3ak1b2/3Pa4/4b4/9/9/9/2pp5/3A5/4A4/2B1K4 b,0.81085974,2022
3ak1b2/3Pa4/9/9/6b2/9/2pp5/3A5/4A4/2B1K4 w,-0.80807525,7736
3ak1b2/3Pa4/9/9/6b2/9/2pp5/3A5/4A4/2B2K3 b,0.80998695,562
3ak4/3Pa4/4b4/9/6b2/9/2pp5/3A5/4A4/2B2K3 w,-0.8081935,7825
3ak4/3Pa4/4b4/9/6b2/9/2pp5/3A5/4A4/2B1K4 b,0.81055534,2018
3ak4/3Pa4/9/9/2b3b2/9/2pp5/3A5/4A4/2B1K4 w,-0.80858296,7736
3ak4/3Pa4/9/9/2b3b2/9/2pp5/3A5/4A4/2B2K3 b,0.8129105,1191
3ak4/3P5/3a5/9/2b3b2/9/2pp5/3A5/4A4/2B2K3 w,-0.81001323,1091
3ak4/2P6/3a5/9/2b3b2/9/2pp5/3A5/4A4/2B2K3 b,0.8115938,283
4k4/2P1a4/3a5/9/2b3b2/9/2pp5/3A5/4A4/2B2K3 w,-0.8125862,6924
4k4/2P1a4/3a5/9/2b3b2/9/2pp5/3A5/9/2BA1K3 b,0.82732385,5196
4k4/2P1a4/3a5/9/2b3b2/9/2p6/3p5/9/2BA1K3 w,-0.8260004,7825
4k4/2P1a4/3a5/9/2b3b2/9/2p6/3p5/9/2BAK4 b,0.8316006,6015
4k4/2P1a4/3a5/9/2b3b2/9/2p6/9/3p5/2BAK4 w,-0.8346809,7533
4k4/2P1a4/3a5/9/2b3b2/9/2p6/B8/3p5/3AK4 b,0.8421886,5105
4k4/2P1a4/3a5/9/2b3b2/9/9/B1p6/3p5/3AK4 w,-0.8437105,7636
4k4/2P1a4/3a5/9/2b3b2/9/9/B1p6/3pA4/4K4 b,0.8615876,1193
4k4/2P6/3a1a3/9/2b3b2/9/9/B1p6/3pA4/4K4 w,-0.8610023,1002
4k4/3P5/3a1a3/9/2b3b2/9/9/B1p6/3pA4/4K4 b,0.8663348,5924
4k4/3P5/3a1a3/9/2b3b2/9/9/B8/2ppA4/4K4 w,-0.8589743,5717
4k4/3P5/3a1a3/9/2b3b2/2B6/9/9/2ppA4/4K4 b,0.9154174,6826
4k4/3P5/3a1a3/9/2b3b2/2B6/9/9/2p1p4/4K4 w,-0.89870244,7736
4k4/3P5/3a1a3/9/2b3b2/2B6/9/9/2p1p4/5K3 b,0.8985215,6735
4k4/3P5/3a1a3/9/2b3b2/2B6/9/9/3pp4/5K3 w,-0.89497817,4297
4k4/3P5/3a1a3/9/2b3b2/9/9/4B4/3pp4/5K3 b,0.90170103,3438
4k4/3P5/b2a1a3/9/6b2/9/9/4B4/3pp4/5K3 w,-0.8991354,6077
4k4/3P5/b2a1a3/9/6b2/2B6/9/9/3pp4/5K3 b,0.90230674,3806
4k4/3P5/b2a1a2b/9/9/2B6/9/9/3pp4/5K3 w,-0.89939576,4297
4k4/3P5/b2a1a2b/9/9/9/9/4B4/3pp4/5K3 b,0.9060034,2346
4k1b2/3P5/b2a1a3/9/9/9/9/4B4/3pp4/5K3 w,-0.9011124,6077
4k1b2/3P5/b2a1a3/9/9/2B6/9/9/3pp4/5K3 b,0.90179014,1658
4k1b2/3P5/3a1a3/9/2b6/2B6/9/9/3pp4/5K3 w,-0.89499664,4297
4k1b2/3P5/3a1a3/9/2b6/9/9/4B4/3pp4/5K3 b,0.90355253,3442
4k1b2/3P5/3aba3/9/9/9/9/4B4/3pp4/5K3 w,-0.9010392,6077
4k1b2/3P5/3aba3/9/9/2B6/9/9/3pp4/5K3 b,0.902126,566
4k4/3P5/3aba2b/9/9/2B6/9/9/3pp4/5K3 w,-0.89759153,4297
4k4/3P5/3aba2b/9/9/9/9/4B4/3pp4/5K3 b,0.8985946,365
5k3/3P5/3aba2b/9/9/9/9/4B4/3pp4/5K3 w,-0.89337635,6077
5k3/3P5/3aba2b/9/9/2B6/9/9/3pp4/5K3 b,0.90072197,2018
5k3/3P5/3a1a2b/9/2b6/2B6/9/9/3pp4/5K3 w,-0.8905089,4297
5k3/3P5/3a1a2b/9/2b6/9/9/4B4/3pp4/5K3 b,0.89570063,3438
5k3/3P5/b2a1a2b/9/9/9/9/4B4/3pp4/5K3 w,-0.88819396,6077
5k3/3P5/b2a1a2b/9/9/2B6/9/9/3pp4/5K3 b,0.89074785,2382
5k3/3P5/b2a1a3/9/6b2/2B6/9/9/3pp4/5K3 w,-0.89319897,4297
5k3/3P5/b2a1a3/9/6b2/9/9/4B4/3pp4/5K3 b,0.90155524,3802
5k3/3P5/b2aba3/9/9/9/9/4B4/3pp4/5K3 w,-0.89657134,6117
5k3/3P5/b2aba3/9/9/9/9/9/3pp4/5KB2 b,0.90028846,1622
2b2k3/3P5/3aba3/9/9/9/9/9/3pp4/5KB2 w,-0.89847547,7897
2b2k3/3P5/3aba3/9/9/9/9/4B4/3pp4/5K3 b,0.90791196,2018
2b2k3/3P5/3a1a3/9/2b6/9/9/4B4/3pp4/5K3 w,-0.90205044,6077
2b2k3/3P5/3a1a3/9/2b6/2B6/9/9/3pp4/5K3 b,0.900002,464
2b6/3P1k3/3a1a3/9/2b6/2B6/9/9/3pp4/5K3 w,-0.89244395,4297
2b6/3P1k3/3a1a3/9/2b6/9/9/4B4/3pp4/5K3 b,0.89604145,198
9/3P1k3/b2a1a3/9/2b6/9/9/4B4/3pp4/5K3 w,-0.88321626,6117
9/3P1k3/b2a1a3/9/2b6/9/9/9/3pp4/5KB2 b,0.90005654,1903
9/3Pak3/b4a3/9/2b6/9/9/9/3pp4/5KB2 w,-0.89714164,7901
9/3Pak3/b4a3/9/2b6/9/9/8B/3pp4/5K3 b,0.9015551,1265
5k3/3Pa4/b4a3/9/2b6/9/9/8B/3pp4/5K3 w,-0.89769393,6477
5k3/3Pa4/b4a3/9/2b6/9/9/9/3pp4/5KB2 b,0.9023382,1173
3a1k3/3P5/b4a3/9/2b6/9/9/9/3pp4/5KB2 w,-0.90290475,7897
3a1k3/3P5/b4a3/9/2b6/9/9/4B4/3pp4/5K3 b,0.90630335,454
3ak4/3P5/b4a3/9/2b6/9/9/4B4/3pp4/5K3 w,-0.9030954,6077
3ak4/3P5/b4a3/9/2b6/2B6/9/9/3pp4/5K3 b,0.9056775,1622
2bak4/3P5/5a3/9/2b6/2B6/9/9/3pp4/5K3 w,-0.8995515,4297
2bak4/3P5/5a3/9/2b6/9/9/4B4/3pp4/5K3 b,0.90564764,3442
2bak4/3P5/4ba3/9/9/9/9/4B4/3pp4/5K3 w,-0.904924,6077
2bak4/3P5/4ba3/9/9/2B6/9/9/3pp4/5K3 b,0.9067356,2022
2bak4/3P5/5a3/9/6b2/2B6/9/9/3pp4/5K3 w,-0.90074503,4297
2bak4/3P5/5a3/9/6b2/9/9/4B4/3pp4/5K3 b,0.9057323,3806
2bak4/3P5/5a2b/9/9/9/9/4B4/3pp4/5K3 w,-0.9030407,6077
2bak4/3P5/5a2b/9/9/2B6/9/9/3pp4/5K3 b,0.90578717,198
3ak4/3P5/b4a2b/9/9/2B6/9/9/3pp4/5K3 w,-0.8980088,4297
3ak4/3P5/b4a2b/9/9/9/9/4B4/3pp4/5K3 b,0.902164,2083
3ak4/3Pa4/b7b/9/9/9/9/4B4/3pp4/5K3 w,-0.8986634,6077
3ak4/3Pa4/b7b/9/9/2B6/9/9/3pp4/5K3 b,0.8977872,1658
3ak4/3Pa4/8b/9/2b6/2B6/9/9/3pp4/5K3 w,-0.89095,4297
3ak4/3Pa4/8b/9/2b6/9/9/4B4/3pp4/5K3 b,0.906557,1191
3ak4/3P5/3a4b/9/2b6/9/9/4B4/3pp4/5K3 w,-0.8987082,6077
3ak4/3P5/3a4b/9/2b6/2B6/9/9/3pp4/5K3 b,0.97312623,6834
3ak4/3P5/3a4b/9/2b6/2B6/9/9/4p4/3p1K3 w,-0.9884384,1091
3ak4/2P6/3a4b/9/2b6/2B6/9/9/4p4/3p1K3 b,1,7645
rnbakabnr/9/1c5c1/p1p1p1p1p/9/9/P1P1P1P1P/1C5C1/9/RNBAKABNR w,0.0018166065,5827
rnbakabnr/9/1c5c1/p1p1p1p1p/9/9/P1P1P1P1P/4C2C1/9/RNBAKABNR b,-0.0017786383,110
r1bakabnr/9/1cn4c1/p1p1p1p1p/9/9/P1P1P1P1P/4C2C1/9/RNBAKABNR w,0.0018357992,7445
r1bakabnr/9/1cn4c1/p1p1p1p1p/9/9/P1P1P1P1P/2N1C2C1/9/R1BAKABNR b,-0.0018089175,562
r1baka1nr/9/1cn1b2c1/p1p1p1p1p/9/9/P1P1P1P1P/2N1C2C1/9/R1BAKABNR w,0.001905489,7372
r1baka1nr/9/1cn1b2c1/p1p1p1p1p/9/9/P1P1P1P1P/2N1C2C1/9/1RBAKABNR b,-0.0017674089,1
1rbaka1nr/9/1cn1b2c1/p1p1p1p1p/9/9/P1P1P1P1P/2N1C2C1/9/1RBAKABNR w,0.001694131,6368
1rbaka1nr/9/1cn1b2c1/p1p1p1p1p/9/9/P1P1P1P1P/2N1CC3/9/1RBAKABNR b,-0.0012760878,654
1rbaka2r/9/1cn1b1nc1/p1p1p1p1p/9/9/P1P1P1P1P/2N1CC3/9/1RBAKABNR w,0.0016003847,7989
1rbaka2r/9/1cn1b1nc1/p1p1p1p1p/9/9/P1P1P1P1P/2N1CCN2/9/1RBAKAB1R b,-0.0013823033,3012
1rbaka2r/9/1cn1b1nc1/p1p1p3p/6p2/9/P1P1P1P1P/2N1CCN2/9/1RBAKAB1R w,0.0018723011,8098
1rbaka2r/9/1cn1b1nc1/p1p1p3p/6p2/9/P1P1P1P1P/2N1CCN2/9/1RBAKABR1 b,-0.0020183683,727
1rbaka1r1/9/1cn1b1nc1/p1p1p3p/6p2/9/P1P1P1P1P/2N1CCN2/9/1RBAKABR1 w,0.0025545598,5087
1rbaka1r1/9/1cn1b1nc1/p1p1p3p/6p2/2P6/P3P1P1P/2N1CCN2/9/1RBAKABR1 b,-0.0022156478,1765
1rbaka1r1/9/2n1b1nc1/p1p1p3p/6p2/2P6/Pc2P1P1P/2N1CCN2/9/1RBAKABR1 w,0.005146313,5898
1rbaka1r1/9/2n1b1nc1/p1p1p3p/6p2/2PN5/Pc2P1P1P/4CCN2/9/1RBAKABR1 b,-0.0063818814,2311
1rbaka1r1/9/2n1b1n2/p1p1p3p/6p2/2PN5/Pc2P1PcP/4CCN2/9/1RBAKABR1 w,0.007830143,6143
1rbaka1r1/9/2n1bCn2/p1p1p3p/6p2/2PN5/Pc2P1PcP/4C1N2/9/1RBAKABR1 b,-0.008902455,1986
1rbakabr1/9/2n2Cn2/p1p1p3p/6p2/2PN5/Pc2P1PcP/4C1N2/9/1RBAKABR1 w,0.018145729,4351
1rbakabr1/9/2n2Cn2/p1p1N3p/6p2/2P6/Pc2P1PcP/4C1N2/9/1RBAKABR1 b,-0.0047813295,1831
1rbakabr1/9/5Cn2/p1p1n3p/6p2/2P6/Pc2P1PcP/4C1N2/9/1RBAKABR1 w,0.0050328495,6061
1rbakabr1/9/5Cn2/p1p1C3p/6p2/2P6/Pc2P1PcP/6N2/9/1RBAKABR1 b,0.009117961,109
2bakabr1/9/1r3Cn2/p1p1C3p/6p2/2P6/Pc2P1PcP/6N2/9/1RBAKABR1 w,0.0022862197,2839
2bakabr1/9/1r3Cn2/p1p5p/6p2/2P1C4/Pc2P1PcP/6N2/9/1RBAKABR1 b,0.0012031317,1733
2bakabr1/9/5rn2/p1p5p/6p2/2P1C4/Pc2P1PcP/6N2/9/1RBAKABR1 w,0.009629083,7435
2bakabr1/9/5rn2/p1p5p/6p2/2P1C4/PR2P1PcP/6N2/9/2BAKABR1 b,-0.007027888,2201
2bakabr1/9/5r3/p1p5p/5np2/2P1C4/PR2P1PcP/6N2/9/2BAKABR1 w,0.013821912,4987
2bakabr1/9/5r3/p1p5p/1R3np2/2P1C4/P3P1PcP/6N2/9/2BAKABR1 b,-0.008365214,3750
2bakabr1/9/5r3/p1p5p/1R4p2/2P1C4/P3P1ncP/6N2/9/2BAKABR1 w,0.019344807,3372
2bakabr1/9/5r3/p1p5p/6R2/2P1C4/P3P1ncP/6N2/9/2BAKABR1 b,-0.0054523586,5449
2bakabr1/9/5r3/p1p5p/6R2/2P1n4/P3P2cP/6N2/9/2BAKABR1 w,0.0058267596,5269
2bakabr1/9/5r3/p1p5p/6R2/2P1P4/P6cP/6N2/9/2BAKABR1 b,0.00068066124,5560
2bakabr1/9/5r3/p1p5p/6R2/2P1P4/P7P/6Nc1/9/2BAKABR1 w,0.009604359,7999
2bakabr1/9/5r3/p1p5p/6R2/2P1P4/P7P/6Nc1/7R1/2BAKAB2 b,0.0013684988,2138
2bakabr1/9/9/p1p5p/6R2/2P1P4/P7P/5rNc1/7R1/2BAKAB2 w,0.0004370928,3813
2bakabr1/9/9/p1p3R1p/9/2P1P4/P7P/5rNc1/7R1/2BAKAB2 b,-0.0019693614,691
2bakab2/9/9/p1p3R1p/9/2P1P4/P6rP/5rNc1/7R1/2BAKAB2 w,0.0144135,2976
2bakaR2/9/9/p1p5p/9/2P1P4/P6rP/5rNc1/7R1/2BAKAB2 b,-0.0037906528,5548
2bakaR2/9/9/p1p5p/9/2P1P4/P3r3P/5rNc1/7R1/2BAKAB2 w,0.02729683,7636
2bakaR2/9/9/p1p5p/9/2P1P4/P3r3P/5rNc1/4A2R1/2B1KAB2 b,-0.014095402,6361
2bakaR2/9/9/p1p5p/9/2P1P4/P3r2cP/5rN2/4A2R1/2B1KAB2 w,0.06277495,7171
2bakaR2/9/9/p1p5p/9/2P1P4/P3r2RP/5rN2/4A4/2B1KAB2 b,-0.053357303,5281
2bakaR2/9/9/p1p5p/9/2P1P4/P6rP/5rN2/4A4/2B1KAB2 w,0.060736515,6908
2bakaR2/9/9/p1p5p/9/2P1P4/P6rP/5AN2/9/2B1KAB2 b,-0.050977565,5544
2bakaR2/9/9/p1p5p/9/2P1P4/r7P/5AN2/9/2B1KAB2 w,0.061969828,6260
2bakaR2/9/9/p1p5p/9/2P1PN3/r7P/5A3/9/2B1KAB2 b,-0.057776906,4922
2bakaR2/9/9/p1p5p/9/2P1PN3/8r/5A3/9/2B1KAB2 w,0.06796958,4543
2bakaR2/9/9/p1p5p/7N1/2P1P4/8r/5A3/9/2B1KAB2 b,-0.05710881,5638
2bakaR2/9/9/p1p5p/7N1/2P1P4/4r4/5A3/9/2B1KAB2 w,0.05617118,6196
2bakaR2/9/9/p1p5p/7N1/2P1P4/4r4/9/4A4/2B1KAB2 b,-0.042427897,5269
2bakaR2/9/9/p1p5p/7N1/2P1r4/9/9/4A4/2B1KAB2 w,0.044302847,3902
2bakaR2/9/9/p1p2N2p/9/2P1r4/9/9/4A4/2B1KAB2 b,-0.048680186,4457
2bakaR2/9/9/p1p2N2p/9/2r6/9/9/4A4/2B1KAB2 w,0.067941405,7897
2bakaR2/9/9/p1p2N2p/9/2r6/9/4B4/4A4/2B1KA3 b,-0.06669872,4280
2bakaR2/9/9/p1p2N2p/9/5r3/9/4B4/4A4/2B1KA3 w,0.0644361,2901
2bakaR2/9/3N5/p1p5p/9/5r3/9/4B4/4A4/2B1KA3 b,-0.064811125,373
2ba1aR2/4k4/3N5/p1p5p/9/5r3/9/4B4/4A4/2B1KA3 w,0.06637015,555
2ba1a3/4k1R2/3N5/p1p5p/9/5r3/9/4B4/4A4/2B1KA3 b,-0.064741686,1192
2ba1a3/6R2/3Nk4/p1p5p/9/5r3/9/4B4/4A4/2B1KA3 w,0.07584274,1930
2ba1a3/6R2/4k4/p1p5p/4N4/5r3/9/4B4/4A4/2B1KA3 b,-0.05918908,4532
2ba1a3/6R2/4k4/p1p2r2p/4N4/9/9/4B4/4A4/2B1KA3 w,0.0678634,6117
2ba1a3/6R2/4k4/p1p2r2p/4N4/9/9/9/4A4/2B1KAB2 b,-0.03839766,2911
2ba1a3/6R2/4k4/p1p1r3p/4N4/9/9/9/4A4/2B1KAB2 w,0.048439648,3659
2ba1a3/6R2/4k4/p1p1r3p/9/9/5N3/9/4A4/2B1KAB2 b,-0.04379792,2820
2ba1a3/6R2/4k4/p1pr4p/9/9/5N3/9/4A4/2B1KAB2 w,0.055455446,1361
2ba1a3/2R6/4k4/p1pr4p/9/9/5N3/9/4A4/2B1KAB2 b,-0.05191324,2003
2ba1a3/2R6/5k3/p1pr4p/9/9/5N3/9/4A4/2B1KAB2 w,0.06903696,992
2Ra1a3/9/5k3/p1pr4p/9/9/5N3/9/4A4/2B1KAB2 b,-0.057303965,2084
2Ra1a3/5k3/9/p1pr4p/9/9/5N3/9/4A4/2B1KAB2 w,0.049125314,191
3a1a3/2R2k3/9/p1pr4p/9/9/5N3/9/4A4/2B1KAB2 b,-0.04779282,463
3a5/2R1ak3/9/p1pr4p/9/9/5N3/9/4A4/2B1KAB2 w,0.054637145,1010
3a5/4ak3/2R6/p1pr4p/9/9/5N3/9/4A4/2B1KAB2 b,-0.04682803,1265
3a1k3/4a4/2R6/p1pr4p/9/9/5N3/9/4A4/2B1KAB2 w,0.057852864,1824
3a1k3/4a4/6R2/p1pr4p/9/9/5N3/9/4A4/2B1KAB2 b,-0.046007466,454
3ak4/4a4/6R2/p1pr4p/9/9/5N3/9/4A4/2B1KAB2 w,0.044795275,5350
3ak4/4a4/6R2/p1pr4p/4N4/9/9/9/4A4/2B1KAB2 b,-0.035468437,2731
3ak4/4a4/6R2/p1p1r3p/4N4/9/9/9/4A4/2B1KAB2 w,0.033481576,3647
3ak4/4a4/6R2/p1p1r3p/9/2N6/9/9/4A4/2B1KAB2 b,-0.024888827,2648
3ak4/4a4/6R2/p3r3p/2p6/2N6/9/9/4A4/2B1KAB2 w,0.028183365,4296
3ak4/4a4/6R2/p3r3p/2p6/9/9/3N5/4A4/2B1KAB2 b,-0.020774556,1175
3aka3/9/6R2/p3r3p/2p6/9/9/3N5/4A4/2B1KAB2 w,0.0388139,5999
3aka3/9/6R2/p3r3p/2p6/9/5N3/9/4A4/2B1KAB2 b,-0.038150825,463
3ak4/4a4/6R2/p3r3p/2p6/9/5N3/9/4A4/2B1KAB2 w,0.061189175,5352
3ak4/4a4/6R2/p3r3p/2p3N2/9/9/9/4A4/2B1KAB2 b,-0.046625234,2822
3ak4/4a4/6R2/p4r2p/2p3N2/9/9/9/4A4/2B1KAB2 w,0.05534668,3829
3ak4/4a4/6R2/p4r2p/2p6/4N4/9/9/4A4/2B1KAB2 b,-0.04208083,2911
3ak4/4a4/6R2/p3r3p/2p6/4N4/9/9/4A4/2B1KAB2 w,0.0526248,4448
3ak4/4a4/6R2/p3r3p/2N6/9/9/9/4A4/2B1KAB2 b,-0.047360707,2819
3ak4/4a4/6R2/p1r5p/2N6/9/9/9/4A4/2B1KAB2 w,0.051772118,3477
3ak4/4a4/6R2/p1r5p/9/9/3N5/9/4A4/2B1KAB2 b,-0.034430206,2641
3ak4/4a4/6R2/p3r3p/9/9/3N5/9/4A4/2B1KAB2 w,0.054359723,2238
3ak4/4a4/9/p3r3p/9/9/3N5/9/4A1R2/2B1KAB2 b,-0.04201583,2466
3ak4/4a4/9/4r3p/p8/9/3N5/9/4A1R2/2B1KAB2 w,0.0431283,7026
3ak1R2/4a4/9/4r3p/p8/9/3N5/9/4A4/2B1KAB2 b,-0.04444573,1175
3akaR2/9/9/4r3p/p8/9/3N5/9/4A4/2B1KAB2 w,0.05049925,5168
3akaR2/9/9/4r3p/p1N6/9/9/9/4A4/2B1KAB2 b,-0.0358691,2819
3akaR2/9/9/2r5p/p1N6/9/9/9/4A4/2B1KAB2 w,0.03537364,582
3aka3/9/9/2r5p/p1N3R2/9/9/9/4A4/2B1KAB2 b,-0.039897826,283
4ka3/4a4/9/2r5p/p1N3R2/9/9/9/4A4/2B1KAB2 w,0.04387462,3477
4ka3/4a4/9/2r5p/p5R2/9/3N5/9/4A4/2B1KAB2 b,-0.0442106,2693
4ka3/4a4/9/8p/p5R2/9/3N5/9/4A4/2r1KAB2 w,0.045066,6924
4ka3/4a4/9/8p/p5R2/9/3N5/9/9/2rAKAB2 b,-0.037683915,7526
4ka3/4a4/9/8p/p5R2/9/2rN5/9/9/3AKAB2 w,0.04205649,5180
4ka3/4a4/9/8p/p5R2/5N3/2r6/9/9/3AKAB2 b,-0.040537547,5098
4ka3/4a4/9/8p/p5R2/5N3/4r4/9/9/3AKAB2 w,0.038547825,7636
4ka3/4a4/9/8p/p5R2/5N3/4r4/9/4A4/4KAB2 b,-0.03470068,5269
4ka3/4a4/9/8p/p5R2/4rN3/9/9/4A4/4KAB2 w,0.04240339,4543
4ka3/4a4/9/8p/p5RN1/4r4/9/9/4A4/4KAB2 b,-0.033424914,3285
4ka3/4a4/9/8p/6RN1/p3r4/9/9/4A4/4KAB2 w,0.050954487,3840
4ka3/4a4/9/8p/7N1/p3r4/6R2/9/4A4/4KAB2 b,-0.04367311,4441
4ka3/4a4/9/4r3p/7N1/p8/6R2/9/4A4/4KAB2 w,0.05495999,3896
4ka3/4a4/8N/4r3p/9/p8/6R2/9/4A4/4KAB2 b,-0.027042722,2820
4ka3/4a4/8N/3r4p/9/p8/6R2/9/4A4/4KAB2 w,0.035244465,2355
4ka3/4a1N2/9/3r4p/9/p8/6R2/9/4A4/4KAB2 b,-0.03565234,363
3k1a3/4a1N2/9/3r4p/9/p8/6R2/9/4A4/4KAB2 w,0.0384202,1372
3k1a3/4a4/4N4/3r4p/9/p8/6R2/9/4A4/4KAB2 b,-0.03449112,2721
3k1a3/4a4/3rN4/8p/9/p8/6R2/9/4A4/4KAB2 w,0.040678214,2021
3k1a3/4a4/3r5/8p/5N3/p8/6R2/9/4A4/4KAB2 b,-0.03322644,4096
3k1a3/4a4/3r5/8p/5N3/1p7/6R2/9/4A4/4KAB2 w,0.03800242,5456
3k1a3/4a4/3r5/8p/5N3/1p7/2R6/9/4A4/4KAB2 b,-0.030893505,3194
3k1a3/4a4/3r5/9/5N2p/1p7/2R6/9/4A4/4KAB2 w,0.025945116,5042
2Rk1a3/4a4/3r5/9/5N2p/1p7/9/9/4A4/4KAB2 b,-0.03158268,282
2R2a3/3ka4/3r5/9/5N2p/1p7/9/9/4A4/4KAB2 w,0.053349473,6924
2R2a3/3ka4/3r5/9/5N2p/1p7/9/9/9/3AKAB2 b,-0.03554224,4195
2R2a3/3ka4/3r5/9/5N2p/9/1p7/9/9/3AKAB2 w,0.03703923,7816
2R2a3/3ka4/3r5/9/5N2p/9/1p7/9/4A4/3AK1B2 b,-0.025664901,4013
2R2a3/3ka4/3r5/9/5N3/8p/1p7/9/4A4/3AK1B2 w,0.016444517,191
5a3/2Rka4/3r5/9/5N3/8p/1p7/9/4A4/3AK1B2 b,-0.02517252,1083
3k1a3/2R1a4/3r5/9/5N3/8p/1p7/9/4A4/3AK1B2 w,0.023881674,992
2Rk1a3/4a4/3r5/9/5N3/8p/1p7/9/4A4/3AK1B2 b,-0.027755916,282
2R2a3/3ka4/3r5/9/5N3/8p/1p7/9/4A4/3AK1B2 w,0.039614726,181
1R3a3/3ka4/3r5/9/5N3/8p/1p7/9/4A4/3AK1B2 b,-0.030949403,5006
1R3a3/3ka4/3r5/9/5N3/8p/2p6/9/4A4/3AK1B2 w,0.0385185,118
5a3/3ka4/3r5/1R7/5N3/8p/2p6/9/4A4/3AK1B2 b,-0.016555859,1083
3k1a3/4a4/3r5/1R7/5N3/8p/2p6/9/4A4/3AK1B2 w,0.025971532,2549
3k1a3/4a4/3r5/2R6/5N3/8p/2p6/9/4A4/3AK1B2 b,-0.020501113,5097
3k1a3/4a4/3r5/2R6/5N3/8p/3p5/9/4A4/3AK1B2 w,0.032969404,2637
3k1a3/4a4/3r5/R8/5N3/8p/3p5/9/4A4/3AK1B2 b,-0.02802968,274
4ka3/4a4/3r5/R8/5N3/8p/3p5/9/4A4/3AK1B2 w,0.032081533,2466
4ka3/4a4/3r5/9/R4N3/8p/3p5/9/4A4/3AK1B2 b,-0.023411358,4832
4ka3/4a4/3r5/9/R4N3/9/3p4p/9/4A4/3AK1B2 w,0.025107909,3240
R3ka3/4a4/3r5/9/5N3/9/3p4p/9/4A4/3AK1B2 b,-0.024499966,1173
R2aka3/9/3r5/9/5N3/9/3p4p/9/4A4/3AK1B2 w,0.03340466,45
3aka3/9/3r5/9/5N3/R8/3p4p/9/4A4/3AK1B2 b,-0.03997452,1929
3aka3/9/9/9/3r1N3/R8/3p4p/9/4A4/3AK1B2 w,0.053776313,3712
3aka3/9/4N4/9/3r5/R8/3p4p/9/4A4/3AK1B2 b,-0.032981325,3552
3aka3/9/4N4/9/6r2/R8/3p4p/9/4A4/3AK1B2 w,0.05665939,4100
3aka3/9/4N4/9/6r2/5R3/3p4p/9/4A4/3AK1B2 b,-0.029853094,373
3a1a3/4k4/4N4/9/6r2/5R3/3p4p/9/4A4/3AK1B2 w,0.030484129,1991
3a1a3/2N1k4/9/9/6r2/5R3/3p4p/9/4A4/3AK1B2 b,-0.022577787,3867
3a1a3/2N1k4/9/9/9/5R3/3p4p/9/4A4/3AK1r2 w,0.019330025,4586
3a1a3/2N1k4/9/9/9/9/3p4p/9/4A4/3AKRr2 b,-0.009382248,7916
3a1a3/2N1k4/9/9/9/9/3p4p/9/4A4/3AKr3 w,0.01276021,7736
3a1a3/2N1k4/9/9/9/9/3p4p/9/4A4/3A1K3 b,-0.007528746,5641
3a1a3/2N1k4/9/9/9/9/3p3p1/9/4A4/3A1K3 w,0.0075297835,1020
3a1a3/4k4/9/3N5/9/9/3p3p1/9/4A4/3A1K3 b,-0.008454514,1174
3aka3/9/9/3N5/9/9/3p3p1/9/4A4/3A1K3 w,0.004514456,2723
3aka3/9/5N3/9/9/9/3p3p1/9/4A4/3A1K3 b,-0.008040798,373
3a1a3/4k4/5N3/9/9/9/3p3p1/9/4A4/3A1K3 w,0.01916945,2112
3a1a3/4k4/9/9/6N2/9/3p3p1/9/4A4/3A1K3 b,-0.014852178,5550
3a1a3/4k4/9/9/6N2/9/3p2p2/9/4A4/3A1K3 w,0.016716575,3811
3a1a3/4k4/9/4N4/9/9/3p2p2/9/4A4/3A1K3 b,-0.0110778455,1174
3aka3/9/9/4N4/9/9/3p2p2/9/4A4/3A1K3 w,0.012737465,2832
3aka3/9/9/9/6N2/9/3p2p2/9/4A4/3A1K3 b,-0.0135092735,283
4ka3/4a4/9/9/6N2/9/3p2p2/9/4A4/3A1K3 w,0.009413147,3829
4ka3/4a4/9/9/9/4N4/3p2p2/9/4A4/3A1K3 b,-0.008097184,5459
4ka3/4a4/9/9/9/4N4/3p1p3/9/4A4/3A1K3 w,0.01007793,4440
4ka3/4a4/9/3N5/9/9/3p1p3/9/4A4/3A1K3 b,-0.00060566666,1173
3aka3/9/9/3N5/9/9/3p1p3/9/4A4/3A1K3 w,-0.0031660558,2723
3aka3/9/5N3/9/9/9/3p1p3/9/4A4/3A1K3 b,-0.006118286,373
3a1a3/4k4/5N3/9/9/9/3p1p3/9/4A4/3A1K3 w,0.016519833,2110
3a1a3/4k4/9/9/4N4/9/3p1p3/9/4A4/3A1K3 b,-0.009738529,5188
3a1a3/4k4/9/9/4N4/9/4pp3/9/4A4/3A1K3 w,0.0049839974,3647
3a1a3/4k4/9/9/9/2N6/4pp3/9/4A4/3A1K3 b,-0.010204363,1174
3aka3/9/9/9/9/2N6/4pp3/9/4A4/3A1K3 w,0.011885476,4270
3aka3/9/9/9/4N4/9/4pp3/9/4A4/3A1K3 b,-0.010792101,283
4ka3/4a4/9/9/4N4/9/4pp3/9/4A4/3A1K3 w,0.011350703,7825
4ka3/4a4/9/9/4N4/9/4pp3/9/4A4/3AK4 b,-0.009966481,5370
4ka3/4a4/9/9/4N4/9/4p1p2/9/4A4/3AK4 w,0.010144854,3651
4ka3/4a4/9/9/9/6N2/4p1p2/9/4A4/3AK4 b,-0.007889605,5279
4ka3/4a4/9/9/9/6N2/5pp2/9/4A4/3AK4 w,0.009669185,4630
4ka3/4a4/9/9/4N4/9/5pp2/9/4A4/3AK4 b,0,5368
rnbakabnr/9/1c5c1/p1p1p1p1p/9/9/P1P1P1P1P/1C5C1/9/RNBAKABNR w,0.8017655,5827
rnbakabnr/9/1c5c1/p1p1p1p1p/9/9/P1P1P1P1P/4C2C1/9/RNBAKABNR b,-0.8017787,110
r1bakabnr/9/1cn4c1/p1p1p1p1p/9/9/P1P1P1P1P/4C2C1/9/RNBAKABNR w,0.80182016,7445
r1bakabnr/9/1cn4c1/p1p1p1p1p/9/9/P1P1P1P1P/2N1C2C1/9/R1BAKABNR b,-0.80183524,562
r1baka1nr/9/1cn1b2c1/p1p1p1p1p/9/9/P1P1P1P1P/2N1C2C1/9/R1BAKABNR w,0.8019492,7372
r1baka1nr/9/1cn1b2c1/p1p1p1p1p/9/9/P1P1P1P1P/2N1C2C1/9/1RBAKABNR b,-0.8017725,1
1rbaka1nr/9/1cn1b2c1/p1p1p1p1p/9/9/P1P1P1P1P/2N1C2C1/9/1RBAKABNR w,0.8017164,6368
1rbaka1nr/9/1cn1b2c1/p1p1p1p1p/9/9/P1P1P1P1P/2N1CC3/9/1RBAKABNR b,-0.80128574,654
1rbaka2r/9/1cn1b1nc1/p1p1p1p1p/9/9/P1P1P1P1P/2N1CC3/9/1RBAKABNR w,0.80158687,7989
1rbaka2r/9/1cn1b1nc1/p1p1p1p1p/9/9/P1P1P1P1P/2N1CCN2/9/1RBAKAB1R b,-0.8013682,3012
1rbaka2r/9/1cn1b1nc1/p1p1p3p/6p2/9/P1P1P1P1P/2N1CCN2/9/1RBAKAB1R w,0.8018736,8098
1rbaka2r/9/1cn1b1nc1/p1p1p3p/6p2/9/P1P1P1P1P/2N1CCN2/9/1RBAKABR1 b,-0.8020184,727
1rbaka1r1/9/1cn1b1nc1/p1p1p3p/6p2/9/P1P1P1P1P/2N1CCN2/9/1RBAKABR1 w,0.8027618,5087
1rbaka1r1/9/1cn1b1nc1/p1p1p3p/6p2/2P6/P3P1P1P/2N1CCN2/9/1RBAKABR1 b,-0.80222553,1765
1rbaka1r1/9/2n1b1nc1/p1p1p3p/6p2/2P6/Pc2P1P1P/2N1CCN2/9/1RBAKABR1 w,0.8047115,5898
1rbaka1r1/9/2n1b1nc1/p1p1p3p/6p2/2PN5/Pc2P1P1P/4CCN2/9/1RBAKABR1 b,-0.8065378,2311
1rbaka1r1/9/2n1b1n2/p1p1p3p/6p2/2PN5/Pc2P1PcP/4CCN2/9/1RBAKABR1 w,0.8079075,6143
1rbaka1r1/9/2n1bCn2/p1p1p3p/6p2/2PN5/Pc2P1PcP/4C1N2/9/1RBAKABR1 b,-0.80890244,1986
1rbakabr1/9/2n2Cn2/p1p1p3p/6p2/2PN5/Pc2P1PcP/4C1N2/9/1RBAKABR1 w,0.81814575,4351
1rbakabr1/9/2n2Cn2/p1p1N3p/6p2/2P6/Pc2P1PcP/4C1N2/9/1RBAKABR1 b,-0.80477434,1831
1rbakabr1/9/5Cn2/p1p1n3p/6p2/2P6/Pc2P1PcP/4C1N2/9/1RBAKABR1 w,0.8051059,6061
1rbakabr1/9/5Cn2/p1p1C3p/6p2/2P6/Pc2P1PcP/6N2/9/1RBAKABR1 b,-0.79064125,109
2bakabr1/9/1r3Cn2/p1p1C3p/6p2/2P6/Pc2P1PcP/6N2/9/1RBAKABR1 w,0.8019639,2839
2bakabr1/9/1r3Cn2/p1p5p/6p2/2P1C4/Pc2P1PcP/6N2/9/1RBAKABR1 b,-0.7987529,1733
2bakabr1/9/5rn2/p1p5p/6p2/2P1C4/Pc2P1PcP/6N2/9/1RBAKABR1 w,0.8096306,7435
2bakabr1/9/5rn2/p1p5p/6p2/2P1C4/PR2P1PcP/6N2/9/2BAKABR1 b,-0.8070279,2201
2bakabr1/9/5r3/p1p5p/5np2/2P1C4/PR2P1PcP/6N2/9/2BAKABR1 w,0.8134917,4987
2bakabr1/9/5r3/p1p5p/1R3np2/2P1C4/P3P1PcP/6N2/9/2BAKABR1 b,-0.8080281,3750
2bakabr1/9/5r3/p1p5p/1R4p2/2P1C4/P3P1ncP/6N2/9/2BAKABR1 w,0.8192808,3372
2bakabr1/9/5r3/p1p5p/6R2/2P1C4/P3P1ncP/6N2/9/2BAKABR1 b,-0.8054496,5449
2bakabr1/9/5r3/p1p5p/6R2/2P1n4/P3P2cP/6N2/9/2BAKABR1 w,0.8059191,5269
2bakabr1/9/5r3/p1p5p/6R2/2P1P4/P6cP/6N2/9/2BAKABR1 b,-0.79952466,5560
2bakabr1/9/5r3/p1p5p/6R2/2P1P4/P7P/6Nc1/9/2BAKABR1 w,0.8084994,7999
2bakabr1/9/5r3/p1p5p/6R2/2P1P4/P7P/6Nc1/7R1/2BAKAB2 b,-0.7982415,2138
2bakabr1/9/9/p1p5p/6R2/2P1P4/P7P/5rNc1/7R1/2BAKAB2 w,0.8053891,5633
2bakabr1/9/9/p1p5p/6R2/2P1P3P/P8/5rNc1/7R1/2BAKAB2 b,-0.7959232,691
2bakab2/9/9/p1p5p/6R2/2P1P3P/P6r1/5rNc1/7R1/2BAKAB2 w,0.8165885,3786
2bakaR2/9/9/p1p5p/9/2P1P3P/P6r1/5rNc1/7R1/2BAKAB2 b,-0.80937093,5548
2bakaR2/9/9/p1p5p/9/2P1P3P/P3r4/5rNc1/7R1/2BAKAB2 w,0.81713575,7186
2bakaR2/9/9/p1p5p/9/2P1P3P/P3r4/5rNc1/4R4/2BAKAB2 b,-0.821861,5296
2bakaR2/9/9/p1p5p/9/2P1P3P/P8/5rNc1/4r4/2BAKAB2 w,0.8205845,7636
2bakaR2/9/9/p1p5p/9/2P1P3P/P8/5rNc1/4A4/2B1KAB2 b,-0.80902404,6179
2bakaR2/9/9/p1p5p/9/2P1P3P/P4r3/6Nc1/4A4/2B1KAB2 w,0.82339114,547
2baka1R1/9/9/p1p5p/9/2P1P3P/P4r3/6Nc1/4A4/2B1KAB2 b,-0.80310476,6361
2baka1R1/9/9/p1p5p/9/2P1P3P/P4r1c1/6N2/4A4/2B1KAB2 w,0.809465,664
2baka3/9/9/p1p4Rp/9/2P1P3P/P4r1c1/6N2/4A4/2B1KAB2 b,-0.7993079,5550
2baka3/9/9/p1p4Rp/9/2P1P3P/P4rc2/6N2/4A4/2B1KAB2 w,0.81324315,7537
2baka3/9/9/p1p4Rp/9/2P1P3P/P4rc2/4B1N2/4A4/4KAB2 b,-0.8066191,5364
2baka3/9/9/p1p4Rp/9/2P1P3P/r5c2/4B1N2/4A4/4KAB2 w,0.80936295,3093
2baka3/9/9/p1p3R1p/9/2P1P3P/r5c2/4B1N2/4A4/4KAB2 b,-0.8052304,5461
2baka3/9/9/p1p3R1p/9/2P1P3P/r6c1/4B1N2/4A4/4KAB2 w,0.81145215,6924
2baka3/9/9/p1p3R1p/9/2P1P3P/r6c1/4B1N2/9/3AKAB2 b,-0.8109608,5560
2baka3/9/9/p1p3R1p/9/2P1P3P/r8/4B1Nc1/9/3AKAB2 w,0.8258584,3004
2baka3/9/9/p1p4Rp/9/2P1P3P/r8/4B1Nc1/9/3AKAB2 b,-0.81289256,6361
2baka3/9/9/p1p4Rp/9/2P1P3P/r6c1/4B1N2/9/3AKAB2 w,0.81772166,6260
2baka3/9/9/p1p4Rp/9/2P1PN2P/r6c1/4B4/9/3AKAB2 b,-0.8056901,5548
2baka3/9/9/p1p4Rp/9/2P1PN2P/r3c4/4B4/9/3AKAB2 w,0.8077156,7816
2baka3/9/9/p1p4Rp/9/2P1PN2P/r3c4/4B4/4A4/3AK1B2 b,-0.80680245,4941
2baka3/9/9/p1p4Rp/9/2P1PN2P/4c4/4B4/4A4/r2AK1B2 w,0.82407445,3121
2baka3/9/9/p1p5p/9/2P1PN2P/4c2R1/4B4/4A4/r2AK1B2 b,-0.81414276,7344
2baka3/9/9/p1p5p/9/2P1PN2P/r3c2R1/4B4/4A4/3AK1B2 w,0.8294187,4450
2baka3/9/9/p1p5p/4P4/2P2N2P/r3c2R1/4B4/4A4/3AK1B2 b,-0.8291518,4915
2baka3/9/9/p1p5p/4P4/2P2N2P/1r2c2R1/4B4/4A4/3AK1B2 w,0.85254663,4539
2baka3/9/9/p1p5p/3NP4/2P5P/1r2c2R1/4B4/4A4/3AK1B2 b,-0.8346664,5280
2baka3/9/9/p1p5p/3NP4/2P5P/1r4cR1/4B4/4A4/3AK1B2 w,0.8450365,3631
2baka3/9/9/p1p1P3p/3N5/2P5P/1r4cR1/4B4/4A4/3AK1B2 b,-0.8343765,5007
2baka3/9/9/p1p1P3p/3N5/2P5P/3r2cR1/4B4/4A4/3AK1B2 w,0.84093845,3538
2baka3/9/9/pNp1P3p/9/2P5P/3r2cR1/4B4/4A4/3AK1B2 b,-0.82566375,283
2b1ka3/4a4/9/pNp1P3p/9/2P5P/3r2cR1/4B4/4A4/3AK1B2 w,0.82973844,4268
2b1ka3/4a4/9/pNp1P3p/2P6/8P/3r2cR1/4B4/4A4/3AK1B2 b,-0.810941,2648
2b1ka3/4a4/9/pN2P3p/2p6/8P/3r2cR1/4B4/4A4/3AK1B2 w,0.81990886,5552
2b1ka3/4a4/9/pN2P3p/2p6/8P/3r2c1R/4B4/4A4/3AK1B2 b,-0.8016258,5461
2b1ka3/4a4/9/pN2P3p/2p6/8P/3r3cR/4B4/4A4/3AK1B2 w,0.80314255,2531
2b1ka3/2N1a4/9/p3P3p/2p6/8P/3r3cR/4B4/4A4/3AK1B2 b,-0.79631335,363
2bk1a3/2N1a4/9/p3P3p/2p6/8P/3r3cR/4B4/4A4/3AK1B2 w,0.8014699,5651
2bk1a3/2N1a4/9/p3P3p/2p6/8P/3r3c1/4B3R/4A4/3AK1B2 b,-0.79479986,5578
2bk1a3/2N1a4/9/p3P3p/2p6/8P/3r5/4B3R/4A4/3AK1Bc1 w,0.7939226,6926
2bk1a3/2N1a4/9/p3P3p/2p6/8P/3r5/4B3R/9/3AKABc1 b,-0.7882429,5214
2bk1a3/2N1a4/9/p3P3p/2p6/8P/9/4B3R/9/3rKABc1 w,0.78697795,7726
2bk1a3/2N1a4/9/p3P3p/2p6/8P/9/4B3R/4K4/3r1ABc1 b,-0.7760138,8006
2bk1a3/2N1a4/9/p3P3p/2p6/8P/9/4B3R/4K4/3r1cB2 w,0.795509,6452
2bk1a3/2N1a4/9/p3P3p/2p6/8P/8R/4B4/4K4/3r1cB2 b,-0.78985304,7635
2bk1a3/2N1a4/9/p3P3p/2p6/8P/8R/4B4/3rK4/5cB2 w,0.7946599,6925
2bk1a3/2N1a4/9/p3P3p/2p6/8P/8R/4B4/3r5/4KcB2 b,-0.7877152,7790
2bk1a3/2N1a4/9/p3P3p/2p6/5c2P/8R/4B4/3r5/4K1B2 w,0.80179226,5636
2bk1a3/2N1a4/9/p3P3p/2p6/5c2P/2R6/4B4/3r5/4K1B2 b,-0.8075572,6834
2bk1a3/2N1a4/9/p3P3p/2p6/5c2P/2R6/4B4/9/3rK1B2 w,0.80654275,7726
2bk1a3/2N1a4/9/p3P3p/2p6/5c2P/2R6/4B4/4K4/3r2B2 b,-0.7941081,7599
2bk1a3/2N1a4/9/p3P3p/2pr5/5c2P/2R6/4B4/4K4/6B2 w,0.8125351,1018
2bk1a3/4a4/9/pN2P3p/2pr5/5c2P/2R6/4B4/4K4/6B2 b,-0.8089852,3585
2bk1a3/4a4/9/pN2P3p/2p6/5c2P/2R6/4B4/3rK4/6B2 w,0.80836886,6925
2bk1a3/4a4/9/pN2P3p/2p6/5c2P/2R6/4B4/3r5/4K1B2 b,-0.8095591,4549
2bk1a3/4a4/9/pN2P3p/2p6/4c3P/2R6/4B4/3r5/4K1B2 w,0.81782556,7736
2bk1a3/4a4/9/pN2P3p/2p6/4c3P/2R6/4B4/3r5/5KB2 b,-0.8251249,6834
2bk1a3/4a4/9/pN2P3p/2p6/4c3P/2R6/4B4/9/3r1KB2 w,0.8212453,7817
2bk1a3/4a4/9/pN2P3p/2p6/4c3P/2R6/4B4/5K3/3r2B2 b,-0.8069296,4457
2bk1a3/4a4/9/pN2P3p/2p6/2c5P/2R6/4B4/5K3/3r2B2 w,0.8347787,6077
2bk1a3/4a4/9/pN2P3p/2p6/2B5P/2R6/9/5K3/3r2B2 b,-0.8329836,7635
2bk1a3/4a4/9/pN2P3p/2p6/2B5P/2R6/9/3r1K3/6B2 w,0.83704764,7016
2bk1a3/4a4/9/pN2P3p/2p6/2B5P/2R6/9/3r5/5KB2 b,-0.8401125,6834
2bk1a3/4a4/9/pN2P3p/2p6/2B5P/2R6/9/9/3r1KB2 w,0.84394616,7817
2bk1a3/4a4/9/pN2P3p/2p6/2B5P/2R6/9/5K3/3r2B2 b,-0.83204746,7608
2bk1a3/4a4/9/pN2P3p/2p6/2Br4P/2R6/9/5K3/6B2 w,0.84624064,4297
2bk1a3/4a4/9/pN2P3p/2p6/3r4P/2R6/4B4/5K3/6B2 b,-0.85044056,4370
2bk1a3/4a4/9/pN2P3p/2p6/5r2P/2R6/4B4/5K3/6B2 w,0.8724579,7006
2bk1a3/4a4/9/pN2P3p/2p6/5r2P/2R6/4B4/4K4/6B2 b,-0.8715616,4548
2bk1a3/4a4/9/pN2P3p/2p6/3r4P/2R6/4B4/4K4/6B2 w,0.8775694,5078
2bk1a3/4a4/9/pN2P3p/2R6/3r4P/9/4B4/4K4/6B2 b,-0.8763123,198
3k1a3/4a4/b8/pN2P3p/2R6/3r4P/9/4B4/4K4/6B2 w,0.88435864,3459
3k1a3/4a4/b8/pN2P3p/3R5/3r4P/9/4B4/4K4/6B2 b,-0.8836779,4359
3k1a3/4a4/b8/pN2P3p/3r5/8P/9/4B4/4K4/6B2 w,0.8836602,2559
3k1a3/4a4/b8/p3P3p/3N5/8P/9/4B4/4K4/6B2 b,-0.88282454,2466
3k1a3/4a4/b8/4P3p/p2N5/8P/9/4B4/4K4/6B2 w,0.88103,3530
3k1a3/4a4/b1N6/4P3p/p8/8P/9/4B4/4K4/6B2 b,-0.8799658,274
4ka3/4a4/b1N6/4P3p/p8/8P/9/4B4/4K4/6B2 w,0.88764936,6077
4ka3/4a4/b1N6/4P3p/p8/2B5P/9/9/4K4/6B2 b,-0.882938,3285
4ka3/4a4/b1N6/4P3p/9/p1B5P/9/9/4K4/6B2 w,0.88177764,1839
4ka3/4a4/b8/4P3p/3N5/p1B5P/9/9/4K4/6B2 b,-0.8833502,1658
4ka3/4a4/9/4P3p/2bN5/p1B5P/9/9/4K4/6B2 w,0.8830696,3542
4ka3/4a4/9/4PN2p/2b6/p1B5P/9/9/4K4/6B2 b,-0.8777203,4096
4ka3/4a4/9/4PN2p/2b6/1pB5P/9/9/4K4/6B2 w,0.878788,4293
4ka3/4a4/9/4PN2p/2b6/1p6P/9/B8/4K4/6B2 b,-0.87252134,363
3k1a3/4a4/9/4PN2p/2b6/1p6P/9/B8/4K4/6B2 w,0.870068,2923
3k1a3/4a4/9/4P3p/2b4N1/1p6P/9/B8/4K4/6B2 b,-0.866708,4195
3k1a3/4a4/9/4P3p/2b4N1/8P/1p7/B8/4K4/6B2 w,0.87125266,3894
3k1a3/4a4/6N2/4P3p/2b6/8P/1p7/B8/4K4/6B2 b,-0.86150485,5014
3k1a3/4a4/6N2/4P3p/2b6/8P/9/Bp7/4K4/6B2 w,0.8620574,2195
3k1a3/4a4/9/4P3N/2b6/8P/9/Bp7/4K4/6B2 b,-0.86951,5823
3k1a3/4a4/9/4P3N/2b6/8P/9/p8/4K4/6B2 w,0.8739993,3174
3k1a3/4a4/6N2/4P4/2b6/8P/9/p8/4K4/6B2 b,-0.87097406,5734
3k1a3/4a4/6N2/4P4/2b6/8P/9/1p7/4K4/6B2 w,0.87253165,4814
3k1a3/4a4/6N2/4P4/2b5P/9/9/1p7/4K4/6B2 b,-0.865426,5825
3k1a3/4a4/6N2/4P4/2b5P/9/9/2p6/4K4/6B2 w,0.8661938,4003
3k1a3/4a4/6N2/4P4/2b4P1/9/9/2p6/4K4/6B2 b,-0.86106163,5916
3k1a3/4a4/6N2/4P4/2b4P1/9/9/3p5/4K4/6B2 w,0.87523466,2820
3k1a3/4a4/6N2/3P5/2b4P1/9/9/3p5/4K4/6B2 b,-0.8701319,3438
3k1a3/4a4/b5N2/3P5/7P1/9/9/3p5/4K4/6B2 w,0.8734912,2201
3k1a3/4a4/b8/3P5/5N1P1/9/9/3p5/4K4/6B2 b,-0.8700864,1622
2bk1a3/4a4/9/3P5/5N1P1/9/9/3p5/4K4/6B2 w,0.8711652,3738
2bk1a3/4a4/9/3P5/7P1/3N5/9/3p5/4K4/6B2 b,-0.8702637,198
3k1a3/4a4/b8/3P5/7P1/3N5/9/3p5/4K4/6B2 w,0.8809128,4379
3k1a3/4a4/b8/3P5/7P1/9/5N3/3p5/4K4/6B2 b,-0.8667876,6005
3k1a3/4a4/b8/3P5/7P1/9/5N3/2p6/4K4/6B2 w,0.87524503,3904
3k1a3/4a4/b8/3P3P1/9/9/5N3/2p6/4K4/6B2 b,-0.874994,1622
2bk1a3/4a4/9/3P3P1/9/9/5N3/2p6/4K4/6B2 w,0.88101774,3085
2bk1a3/4a4/7P1/3P5/9/9/5N3/2p6/4K4/6B2 b,-0.87653077,5924
2bk1a3/4a4/7P1/3P5/9/9/5N3/9/2p1K4/6B2 w,0.8811281,7901
2bk1a3/4a4/7P1/3P5/9/9/5N3/8B/2p1K4/9 b,-0.8804547,198
3k1a3/4a4/b6P1/3P5/9/9/5N3/8B/2p1K4/9 w,0.88513666,5358
3k1a3/4a4/b6P1/3P5/9/3N5/9/8B/2p1K4/9 b,-0.8814885,1622
2bk1a3/4a4/7P1/3P5/9/3N5/9/8B/2p1K4/9 w,0.88121,2274
2bk1a3/4a4/6P2/3P5/9/3N5/9/8B/2p1K4/9 b,-0.8761367,198
3k1a3/4a4/b5P2/3P5/9/3N5/9/8B/2p1K4/9 w,0.8884569,2175
3k1a3/4a1P2/b8/3P5/9/3N5/9/8B/2p1K4/9 b,-0.8869721,1622
2bk1a3/4a1P2/9/3P5/9/3N5/9/8B/2p1K4/9 w,0.8904964,1364
2bk1a3/4aP3/9/3P5/9/3N5/9/8B/2p1K4/9 b,-0.8871184,198
3k1a3/4aP3/b8/3P5/9/3N5/9/8B/2p1K4/9 w,0.899192,4375
3k1a3/4aP3/b8/3P5/9/9/1N7/8B/2p1K4/9 b,-0.8916459,6733
3k1a3/4aP3/b8/3P5/9/9/1N7/8B/1p2K4/9 w,0.8986046,4986
3k1a3/4aP3/b8/3P5/N8/9/9/8B/1p2K4/9 b,-0.8898982,1658
3k1a3/4aP3/9/3P5/N1b6/9/9/8B/1p2K4/9 w,0.8900772,3259
3k1a3/4aP3/1N7/3P5/2b6/9/9/8B/1p2K4/9 b,-0.8874516,3438
3k1a3/4aP3/bN7/3P5/9/9/9/8B/1p2K4/9 w,0.90073305,2731
3k1a3/4aP3/bN7/4P4/9/9/9/8B/1p2K4/9 b,-0.8998331,6644
3k1a3/4aP3/bN7/4P4/9/9/9/8B/2p1K4/9 w,0.920728,2812
3k1a3/4aP3/bN2P4/9/9/9/9/8B/2p1K4/9 b,-0.9208117,6735
3k1a3/4aP3/bN2P4/9/9/9/9/8B/3pK4/9 w,0.92199624,6907
3k1a3/4aP3/bN2P4/9/9/9/9/4K3B/3p5/9 b,-0.91642886,274
4ka3/4aP3/bN2P4/9/9/9/9/4K3B/3p5/9 w,0.9209374,1740
4ka3/4aP3/b3P4/3N5/9/9/9/4K3B/3p5/9 b,-0.9224525,363
3k1a3/4aP3/b3P4/3N5/9/9/9/4K3B/3p5/9 w,0.9236767,1993
3k1a3/4PP3/b8/3N5/9/9/9/4K3B/3p5/9 b,-0.92683315,463
3k5/4aP3/b8/3N5/9/9/9/4K3B/3p5/9 w,0.9372856,1273
3k5/4P4/b8/3N5/9/9/9/4K3B/3p5/9 b,-0.9396085,1658
3k5/4P4/9/3N5/2b6/9/9/4K3B/3p5/9 w,0.99477106,2737
3k5/4P4/9/9/1Nb6/9/9/4K3B/3p5/9 b,-0.99527526,6834
3k5/4P4/9/9/1Nb6/9/9/4K3B/9/3p5 w,1,3350
rnbakabnr/9/1c5c1/p1p1p1p1p/9/9/P1P1P1P1P/1C5C1/9/RNBAKABNR w,0.80180866,5827
rnbakabnr/9/1c5c1/p1p1p1p1p/9/9/P1P1P1P1P/4C2C1/9/RNBAKABNR b,-0.80177987,110
r1bakabnr/9/1cn4c1/p1p1p1p1p/9/9/P1P1P1P1P/4C2C1/9/RNBAKABNR w,0.80183583,7445
r1bakabnr/9/1cn4c1/p1p1p1p1p/9/9/P1P1P1P1P/2N1C2C1/9/R1BAKABNR b,-0.80180717,562
r1baka1nr/9/1cn1b2c1/p1p1p1p1p/9/9/P1P1P1P1P/2N1C2C1/9/R1BAKABNR w,0.8019055,7372
r1baka1nr/9/1cn1b2c1/p1p1p1p1p/9/9/P1P1P1P1P/2N1C2C1/9/1RBAKABNR b,-0.80176973,1
1rbaka1nr/9/1cn1b2c1/p1p1p1p1p/9/9/P1P1P1P1P/2N1C2C1/9/1RBAKABNR w,0.801681,6368
1rbaka1nr/9/1cn1b2c1/p1p1p1p1p/9/9/P1P1P1P1P/2N1CC3/9/1RBAKABNR b,-0.8013083,654
1rbaka2r/9/1cn1b1nc1/p1p1p1p1p/9/9/P1P1P1P1P/2N1CC3/9/1RBAKABNR w,0.8016004,7989
1rbaka2r/9/1cn1b1nc1/p1p1p1p1p/9/9/P1P1P1P1P/2N1CCN2/9/1RBAKAB1R b,-0.8013682,3012
1rbaka2r/9/1cn1b1nc1/p1p1p3p/6p2/9/P1P1P1P1P/2N1CCN2/9/1RBAKAB1R w,0.8019323,8098
1rbaka2r/9/1cn1b1nc1/p1p1p3p/6p2/9/P1P1P1P1P/2N1CCN2/9/1RBAKABR1 b,-0.8019093,727
1rbaka1r1/9/1cn1b1nc1/p1p1p3p/6p2/9/P1P1P1P1P/2N1CCN2/9/1RBAKABR1 w,0.80251306,5087
1rbaka1r1/9/1cn1b1nc1/p1p1p3p/6p2/2P6/P3P1P1P/2N1CCN2/9/1RBAKABR1 b,-0.8022262,1765
1rbaka1r1/9/2n1b1nc1/p1p1p3p/6p2/2P6/Pc2P1P1P/2N1CCN2/9/1RBAKABR1 w,0.8050908,5898
1rbaka1r1/9/2n1b1nc1/p1p1p3p/6p2/2PN5/Pc2P1P1P/4CCN2/9/1RBAKABR1 b,-0.80638826,2311
1rbaka1r1/9/2n1b1n2/p1p1p3p/6p2/2PN5/Pc2P1PcP/4CCN2/9/1RBAKABR1 w,0.8078539,6143
1rbaka1r1/9/2n1bCn2/p1p1p3p/6p2/2PN5/Pc2P1PcP/4C1N2/9/1RBAKABR1 b,-0.8082944,1986
1rbakabr1/9/2n2Cn2/p1p1p3p/6p2/2PN5/Pc2P1PcP/4C1N2/9/1RBAKABR1 w,0.81814575,4351
1rbakabr1/9/2n2Cn2/p1p1N3p/6p2/2P6/Pc2P1PcP/4C1N2/9/1RBAKABR1 b,-0.8047562,1831
1rbakabr1/9/5Cn2/p1p1n3p/6p2/2P6/Pc2P1PcP/4C1N2/9/1RBAKABR1 w,0.805063,6061
1rbakabr1/9/5Cn2/p1p1C3p/6p2/2P6/Pc2P1PcP/6N2/9/1RBAKABR1 b,-0.79098004,109
2bakabr1/9/1r3Cn2/p1p1C3p/6p2/2P6/Pc2P1PcP/6N2/9/1RBAKABR1 w,0.8020789,7897
2bakabr1/9/1r3Cn2/p1p1C3p/6p2/2P6/Pc2P1PcP/4B1N2/9/1RBAKA1R1 b,-0.77518696,5548
2bakabr1/9/1r3Cn2/p1p1C3p/6p2/2P6/Pc2c1P1P/4B1N2/9/1RBAKA1R1 w,0.79554695,7816
2bakabr1/9/1r3Cn2/p1p1C3p/6p2/2P6/Pc2c1P1P/4B1N2/4A4/1RBAK2R1 b,-0.7912659,718
2bakab2/9/1r3Cn2/p1p1C3p/6p2/2P6/Pc2c1P1P/4B1N2/4A4/1RBAK2r1 w,0.79202026,6298
2bakab2/9/1r3Cn2/p1p1C3p/6p2/2P6/Pc2c1P1P/4B4/4A4/1RBAK2N1 b,-0.7798148,5282
2bakab2/9/1r3Cn2/p1p1C3p/6p2/2P6/Pc4P1c/4B4/4A4/1RBAK2N1 w,0.7920573,5451
2bakab2/9/1r3Cn2/p1p1C3p/6p2/2P3P2/Pc6c/4B4/4A4/1RBAK2N1 b,-0.7723301,3831
2bakab2/9/1r3Cn2/p1p1C3p/9/2P3p2/Pc6c/4B4/4A4/1RBAK2N1 w,0.7868023,7989
2bakab2/9/1r3Cn2/p1p1C3p/9/2P3p2/Pc6c/4B1N2/4A4/1RBAK4 b,-0.77142835,5639
2bakab2/9/1r3Cn2/p1p1C3p/9/2P3p2/Pc3c3/4B1N2/4A4/1RBAK4 w,0.7975045,2839
2bakab2/9/1r3Cn2/p1p5p/9/2P1C1p2/Pc3c3/4B1N2/4A4/1RBAK4 b,-0.79350877,1733
2bakab2/9/5rn2/p1p5p/9/2P1C1p2/Pc3c3/4B1N2/4A4/1RBAK4 w,0.79788274,7435
2bakab2/9/5rn2/p1p5p/9/2P1C1p2/PR3c3/4B1N2/4A4/2BAK4 b,-0.78672403,4640
2bakab2/9/5rn2/p1p5p/9/2P1Cp3/PR3c3/4B1N2/4A4/2BAK4 w,0.79808795,4441
2bakab2/9/5rn2/p1p1C3p/9/2P2p3/PR3c3/4B1N2/4A4/2BAK4 b,-0.7960983,2102
2bakab2/9/6n2/p1p1Cr2p/9/2P2p3/PR3c3/4B1N2/4A4/2BAK4 w,0.80019194,2817
2bakab2/9/6n2/C1p2r2p/9/2P2p3/PR3c3/4B1N2/4A4/2BAK4 b,-0.79901665,2648
2bakab2/9/6n2/C4r2p/2p6/2P2p3/PR3c3/4B1N2/4A4/2BAK4 w,0.8007472,2430
C1bakab2/9/6n2/5r2p/2p6/2P2p3/PR3c3/4B1N2/4A4/2BAK4 b,-0.7924642,3467
C1bakab2/9/6n2/5r2p/9/2p2p3/PR3c3/4B1N2/4A4/2BAK4 w,0.802807,4951
CRbakab2/9/6n2/5r2p/9/2p2p3/P4c3/4B1N2/4A4/2BAK4 b,-0.7881647,562
CRbaka3/9/4b1n2/5r2p/9/2p2p3/P4c3/4B1N2/4A4/2BAK4 w,0.78625906,100
C1baka3/1R7/4b1n2/5r2p/9/2p2p3/P4c3/4B1N2/4A4/2BAK4 b,-0.7738805,463
C1bak4/1R2a4/4b1n2/5r2p/9/2p2p3/P4c3/4B1N2/4A4/2BAK4 w,0.78529704,6268
C1bak4/1R2a4/4b1n2/5r2p/9/2p2p3/P3Nc3/4B4/4A4/2BAK4 b,-0.7686493,4278
C1bak4/1R2a4/4b1n2/5r2p/9/3p1p3/P3Nc3/4B4/4A4/2BAK4 w,0.7823351,5259
C1bak4/1R2a4/4b1n2/5r2p/3N5/3p1p3/P4c3/4B4/4A4/2BAK4 b,-0.77429664,2910
C1bak4/1R2a4/4b1n2/3r4p/3N5/3p1p3/P4c3/4B4/4A4/2BAK4 w,0.7760177,3538
C1bak4/1R2a4/4b1n2/1N1r4p/9/3p1p3/P4c3/4B4/4A4/2BAK4 b,-0.77079767,2201
C1bak4/1R2a4/4b4/1N1r4p/5n3/3p1p3/P4c3/4B4/4A4/2BAK4 w,0.79423726,27
2bak4/1R2a4/4b4/CN1r4p/5n3/3p1p3/P4c3/4B4/4A4/2BAK4 b,-0.7852793,2728
2bak4/1R2a4/4b4/Cr6p/5n3/3p1p3/P4c3/4B4/4A4/2BAK4 w,0.80236816,928
2bak4/4a4/4b4/CR6p/5n3/3p1p3/P4c3/4B4/4A4/2BAK4 b,-0.7993343,3742
2bak4/4a4/4b4/CR6p/9/3p1p1n1/P4c3/4B4/4A4/2BAK4 w,0.802261,2475
2bak4/4a4/4b4/1R6p/9/C2p1p1n1/P4c3/4B4/4A4/2BAK4 b,-0.80084914,4751
2bak4/4a4/4b4/1R6p/9/C2p1p3/P4c3/4B3n/4A4/2BAK4 w,0.8070125,2553
2bak4/4a4/4b4/6R1p/9/C2p1p3/P4c3/4B3n/4A4/2BAK4 b,-0.80129045,4369
2bak4/4a4/4b4/6R1p/9/C3pp3/P4c3/4B3n/4A4/2BAK4 w,0.81539404,3039
2bak4/4a4/4b4/8p/9/C3pp3/P4c3/4B1R1n/4A4/2BAK4 b,-0.812972,6442
2bak4/4a4/4b4/8p/9/C3pp1n1/P4c3/4B1R2/4A4/2BAK4 w,0.8079995,6280
2bak4/4a4/4b4/8p/9/C3pp1n1/P4c3/4B2R1/4A4/2BAK4 b,-0.80422133,4713
2bak4/4a4/4b4/6n1p/9/C3pp3/P4c3/4B2R1/4A4/2BAK4 w,0.80436486,6307
2bak2R1/4a4/4b4/6n1p/9/C3pp3/P4c3/4B4/4A4/2BAK4 b,-0.8033982,1175
2baka1R1/9/4b4/6n1p/9/C3pp3/P4c3/4B4/4A4/2BAK4 w,0.8070814,664
2baka3/9/4b4/6nRp/9/C3pp3/P4c3/4B4/4A4/2BAK4 b,-0.8040665,3010
2baka3/9/4b4/7Rp/4n4/C3pp3/P4c3/4B4/4A4/2BAK4 w,0.8090048,3095
2baka3/9/4b4/8R/4n4/C3pp3/P4c3/4B4/4A4/2BAK4 b,-0.8033796,3621
2baka3/9/3nb4/8R/9/C3pp3/P4c3/4B4/4A4/2BAK4 w,0.806913,3203
2baka3/9/3nb4/9/9/C3pp2R/P4c3/4B4/4A4/2BAK4 b,-0.8013525,1928
2baka3/9/4b4/9/2n6/C3pp2R/P4c3/4B4/4A4/2BAK4 w,0.8063095,4100
2baka3/9/4b4/9/2n6/4pC2R/P4c3/4B4/4A4/2BAK4 b,-0.80460954,3477
2baka3/9/4b4/9/9/4pC2R/P2n1c3/4B4/4A4/2BAK4 w,0.81769085,4532
2baka3/9/4b4/5C3/9/4p3R/P2n1c3/4B4/4A4/2BAK4 b,-0.8154984,5204
2baka3/9/4b4/5C3/9/4p3R/P4c3/4B4/2n1A4/2BAK4 w,0.81523854,7736
2baka3/9/4b4/5C3/9/4p3R/P4c3/4B4/2n1A4/2BA1K3 b,-0.80598307,6717
2baka3/9/4b4/5C3/9/4p3R/P2n1c3/4B4/4A4/2BA1K3 w,0.82591,4832
2baka3/9/4b4/5C3/9/4p4/P2n1c2R/4B4/4A4/2BA1K3 b,-0.8135475,5368
2baka3/9/4b4/5C3/9/4p4/P2nc3R/4B4/4A4/2BA1K3 w,0.819431,2914
2baka3/9/4b4/7C1/9/4p4/P2nc3R/4B4/4A4/2BA1K3 b,-0.81354225,5168
2baka3/9/4b4/7C1/2n6/4p4/P3c3R/4B4/4A4/2BA1K3 w,0.8148788,3067
2baka1C1/9/4b4/9/2n6/4p4/P3c3R/4B4/4A4/2BA1K3 b,-0.8147524,463
2bak2C1/4a4/4b4/9/2n6/4p4/P3c3R/4B4/4A4/2BA1K3 w,0.8177476,638
2bak3C/4a4/4b4/9/2n6/4p4/P3c3R/4B4/4A4/2BA1K3 b,-0.81371844,198
3ak3C/4a4/b3b4/9/2n6/4p4/P3c3R/4B4/4A4/2BA1K3 w,0.8179703,5641
3ak3C/4a4/b3b4/9/2n6/4p4/P3c2R1/4B4/4A4/2BA1K3 b,-0.81992424,1193
3ak3C/9/b3ba3/9/2n6/4p4/P3c2R1/4B4/4A4/2BA1K3 w,0.81288224,5497
3ak2RC/9/b3ba3/9/2n6/4p4/P3c4/4B4/4A4/2BA1K3 b,-0.81552464,373
3a3RC/4k4/b3ba3/9/2n6/4p4/P3c4/4B4/4A4/2BA1K3 w,0.8127753,646
3a4C/4k2R1/b3ba3/9/2n6/4p4/P3c4/4B4/4A4/2BA1K3 b,-0.8137463,1174
3ak3C/7R1/b3ba3/9/2n6/4p4/P3c4/4B4/4A4/2BA1K3 w,0.82050323,1465
3ak3C/9/b3ba1R1/9/2n6/4p4/P3c4/4B4/4A4/2BA1K3 b,-0.8170034,1622
2bak3C/9/4ba1R1/9/2n6/4p4/P3c4/4B4/4A4/2BA1K3 w,0.8141746,2257
2bak2RC/9/4ba3/9/2n6/4p4/P3c4/4B4/4A4/2BA1K3 b,-0.8128936,373
2ba3RC/4k4/4ba3/9/2n6/4p4/P3c4/4B4/4A4/2BA1K3 w,0.80892223,646
2ba4C/4k2R1/4ba3/9/2n6/4p4/P3c4/4B4/4A4/2BA1K3 b,-0.80937356,1174
2bak3C/7R1/4ba3/9/2n6/4p4/P3c4/4B4/4A4/2BA1K3 w,0.8183868,1501
2bak3C/9/4ba3/9/2n6/4p4/P3c2R1/4B4/4A4/2BA1K3 b,-0.8043993,3447
2bak3C/9/4ba3/n8/9/4p4/P3c2R1/4B4/4A4/2BA1K3 w,0.80058354,5497
2bak2RC/9/4ba3/n8/9/4p4/P3c4/4B4/4A4/2BA1K3 b,-0.8071975,373
2ba3RC/4k4/4ba3/n8/9/4p4/P3c4/4B4/4A4/2BA1K3 w,0.81991327,635
2ba1R2C/4k4/4ba3/n8/9/4p4/P3c4/4B4/4A4/2BA1K3 b,-0.82211477,2468
2ba1R2C/4k4/4ba3/9/2n6/4p4/P3c4/4B4/4A4/2BA1K3 w,0.82811564,473
2ba4C/4k4/4bR3/9/2n6/4p4/P3c4/4B4/4A4/2BA1K3 b,-0.82182306,3475
2ba4C/4k4/4bR3/9/9/4p4/Pn2c4/4B4/4A4/2BA1K3 w,0.83753604,782
2ba5/4k4/4bR3/9/9/4p4/Pn2c3C/4B4/4A4/2BA1K3 b,-0.8166192,5274
2ba5/4k4/4bR3/9/9/4p4/cn6C/4B4/4A4/2BA1K3 w,0.8155803,2084
2ba5/4kR3/4b4/9/9/4p4/cn6C/4B4/4A4/2BA1K3 b,-0.8356182,1174
2bak4/5R3/4b4/9/9/4p4/cn6C/4B4/4A4/2BA1K3 w,0.81870097,1265
2bakR3/9/4b4/9/9/4p4/cn6C/4B4/4A4/2BA1K3 b,-0.81924826,373
2ba1R3/4k4/4b4/9/9/4p4/cn6C/4B4/4A4/2BA1K3 w,0.8257212,453
2bR5/4k4/4b4/9/9/4p4/cn6C/4B4/4A4/2BA1K3 b,-0.8085169,4922
2bR5/4k4/4b4/9/9/4p4/1n6c/4B4/4A4/2BA1K3 w,0.8158261,327
2b6/4k4/4b4/9/9/4p4/1n1R4c/4B4/4A4/2BA1K3 b,-0.81680644,4988
2b6/4k4/4b4/9/2n6/4p4/3R4c/4B4/4A4/2BA1K3 w,0.82050365,5192
2b6/4k4/4b4/9/2n6/4p4/8R/4B4/4A4/2BA1K3 b,-0.8196155,3451
2b6/4k4/4b4/4n4/9/4p4/8R/4B4/4A4/2BA1K3 w,0.81695676,5597
2b6/4k3R/4b4/4n4/9/4p4/9/4B4/4A4/2BA1K3 b,-0.8154243,1174
2b1k4/8R/4b4/4n4/9/4p4/9/4B4/4A4/2BA1K3 w,0.8015035,1538
2b1k3R/9/4b4/4n4/9/4p4/9/4B4/4A4/2BA1K3 b,-0.8110379,373
2b5R/4k4/4b4/4n4/9/4p4/9/4B4/4A4/2BA1K3 w,0.81678015,773
2b6/4k4/4b4/4n4/9/4p3R/9/4B4/4A4/2BA1K3 b,-0.8191361,2832
2b6/4k4/4b4/9/6n2/4p3R/9/4B4/4A4/2BA1K3 w,0.8229162,4821
2b6/4k4/4b4/9/6n2/4p1R2/9/4B4/4A4/2BA1K3 b,-0.8195851,1174
2b1k4/9/4b4/9/6n2/4p1R2/9/4B4/4A4/2BA1K3 w,0.824266,7825
2b1k4/9/4b4/9/6n2/4p1R2/9/4B4/4A4/2BAK4 b,-0.81810313,365
2b2k3/9/4b4/9/6n2/4p1R2/9/4B4/4A4/2BAK4 w,0.82229656,4650
2b2k3/9/4b4/9/6n2/4p4/6R2/4B4/4A4/2BAK4 b,-0.8180693,4460
2b2k3/9/4b4/9/6n2/5p3/6R2/4B4/4A4/2BAK4 w,0.82790136,6117
2b2k3/9/4b4/9/6n2/5p3/6R2/9/4A4/2BAK1B2 b,-0.82984436,4559
2b2k3/9/4b4/9/6n2/9/5pR2/9/4A4/2BAK1B2 w,0.82703465,5451
2b2k3/9/4b4/9/6n2/6R2/5p3/9/4A4/2BAK1B2 b,-0.82886356,454
2b1k4/9/4b4/9/6n2/6R2/5p3/9/4A4/2BAK1B2 w,0.83149093,7897
2b1k4/9/4b4/9/6n2/6R2/5p3/4B4/4A4/2BAK4 b,-0.8199078,363
2bk5/9/4b4/9/6n2/6R2/5p3/4B4/4A4/2BAK4 w,0.82528543,4640
2bk5/9/4b4/9/6n2/5R3/5p3/4B4/4A4/2BAK4 b,-0.82109237,274
2b1k4/9/4b4/9/6n2/5R3/5p3/4B4/4A4/2BAK4 w,0.8343533,6117
2b1k4/9/4b4/9/6n2/5R3/5p3/9/4A4/2BAK1B2 b,-0.8317442,198
4k4/9/b3b4/9/6n2/5R3/5p3/9/4A4/2BAK1B2 w,0.84119195,7901
4k4/9/b3b4/9/6n2/5R3/5p3/8B/4A4/2BAK4 b,-0.8305273,1622
2b1k4/9/4b4/9/6n2/5R3/5p3/8B/4A4/2BAK4 w,0.83493245,6926
2b1k4/9/4b4/9/6n2/5R3/5p3/8B/9/2BAKA3 b,-0.82517034,5368
2b1k4/9/4b4/9/6n2/5R3/4p4/8B/9/2BAKA3 w,0.8264896,4551
2b1k4/9/4b4/9/6n2/6R2/4p4/8B/9/2BAKA3 b,-0.8282469,5277
2b1k4/9/4b4/9/6n2/6R2/3p5/8B/9/2BAKA3 w,0.9009883,4632
2b1k4/9/4b4/9/6R2/9/3p5/8B/9/2BAKA3 b,-0.898831,5196
2b1k4/9/4b4/9/6R2/9/9/3p4B/9/2BAKA3 w,0.8992439,3819
2b1k4/9/4b4/9/3R5/9/9/3p4B/9/2BAKA3 b,-0.8912773,6005
2b1k4/9/4b4/9/3R5/9/9/2p5B/9/2BAKA3 w,0.9001173,3531
2b1k4/9/3Rb4/9/9/9/9/2p5B/9/2BAKA3 b,-0.90039593,5924
2b1k4/9/3Rb4/9/9/9/9/8B/2p6/2BAKA3 w,0.9066161,1910
2b1k4/9/2R1b4/9/9/9/9/8B/2p6/2BAKA3 b,-0.91045576,6735
2b1k4/9/2R1b4/9/9/9/9/8B/3p5/2BAKA3 w,0.9220637,1802
2R1k4/9/4b4/9/9/9/9/8B/3p5/2BAKA3 b,-0.9221773,373
2R6/4k4/4b4/9/9/9/9/8B/3p5/2BAKA3 w,0.92078424,191
9/2R1k4/4b4/9/9/9/9/8B/3p5/2BAKA3 b,-0.92029923,1174
4k4/2R6/4b4/9/9/9/9/8B/3p5/2BAKA3 w,0.918361,1010
4k4/9/2R1b4/9/9/9/9/8B/3p5/2BAKA3 b,-0.92085046,373
9/4k4/2R1b4/9/9/9/9/8B/3p5/2BAKA3 w,0.9280738,6477
9/4k4/2R1b4/9/9/9/9/9/3p5/2BAKAB2 b,-0.9248893,6834
9/4k4/2R1b4/9/9/9/9/9/9/2BpKAB2 w,0.92851233,7726
9/4k4/2R1b4/9/9/9/9/9/4K4/2Bp1AB2 b,-0.92031854,7643
9/4k4/2R1b4/9/9/9/9/9/4K4/2p2AB2 w,0.93900126,1811
9/2R1k4/4b4/9/9/9/9/9/4K4/2p2AB2 b,-0.95449924,1174
4k4/2R6/4b4/9/9/9/9/9/4K4/2p2AB2 w,0.9653278,1073
4k4/9/4b4/9/9/9/9/9/4K4/2R2AB2 b,-0.9708385,365
5k3/9/4b4/9/9/9/9/9/4K4/2R2AB2 w,0.98962164,7490
5k3/9/2R1b4/9/9/9/9/9/4K4/5AB2 b,-0.98639303,464
9/5k3/2R1b4/9/9/9/9/9/4K4/5AB2 w,0.99251854,1822
9/5k3/4R4/9/9/9/9/9/4K4/5AB2 b,-0.9915466,1265
5k3/9/4R4/9/9/9/9/9/4K4/5AB2 w,1,2003
rnbakabnr/9/1c5c1/p1p1p1p1p/9/9/P1P1P1P1P/1C5C1/9/RNBAKABNR w,-0.7981823,5827
rnbakabnr/9/1c5c1/p1p1p1p1p/9/9/P1P1P1P1P/4C2C1/9/RNBAKABNR b,0.79823184,110
r1bakabnr/9/1cn4c1/p1p1p1p1p/9/9/P1P1P1P1P/4C2C1/9/RNBAKABNR w,-0.7981739,7445
r1bakabnr/9/1cn4c1/p1p1p1p1p/9/9/P1P1P1P1P/2N1C2C1/9/R1BAKABNR b,0.7981536,562
r1baka1nr/9/1cn1b2c1/p1p1p1p1p/9/9/P1P1P1P1P/2N1C2C1/9/R1BAKABNR w,-0.7980648,7372
r1baka1nr/9/1cn1b2c1/p1p1p1p1p/9/9/P1P1P1P1P/2N1C2C1/9/1RBAKABNR b,0.79822814,1
1rbaka1nr/9/1cn1b2c1/p1p1p1p1p/9/9/P1P1P1P1P/2N1C2C1/9/1RBAKABNR w,-0.798301,6368
1rbaka1nr/9/1cn1b2c1/p1p1p1p1p/9/9/P1P1P1P1P/2N1CC3/9/1RBAKABNR b,0.7987111,654
1rbaka2r/9/1cn1b1nc1/p1p1p1p1p/9/9/P1P1P1P1P/2N1CC3/9/1RBAKABNR w,-0.7983996,7989
1rbaka2r/9/1cn1b1nc1/p1p1p1p1p/9/9/P1P1P1P1P/2N1CCN2/9/1RBAKAB1R b,0.7986314,3012
1rbaka2r/9/1cn1b1nc1/p1p1p3p/6p2/9/P1P1P1P1P/2N1CCN2/9/1RBAKAB1R w,-0.7981244,8098
1rbaka2r/9/1cn1b1nc1/p1p1p3p/6p2/9/P1P1P1P1P/2N1CCN2/9/1RBAKABR1 b,0.7980907,727
1rbaka1r1/9/1cn1b1nc1/p1p1p3p/6p2/9/P1P1P1P1P/2N1CCN2/9/1RBAKABR1 w,-0.7974455,5087
1rbaka1r1/9/1cn1b1nc1/p1p1p3p/6p2/2P6/P3P1P1P/2N1CCN2/9/1RBAKABR1 b,0.79784644,1765
1rbaka1r1/9/2n1b1nc1/p1p1p3p/6p2/2P6/Pc2P1P1P/2N1CCN2/9/1RBAKABR1 w,-0.79490924,5898
1rbaka1r1/9/2n1b1nc1/p1p1p3p/6p2/2PN5/Pc2P1P1P/4CCN2/9/1RBAKABR1 b,0.7936755,2311
1rbaka1r1/9/2n1b1n2/p1p1p3p/6p2/2PN5/Pc2P1PcP/4CCN2/9/1RBAKABR1 w,-0.7921139,6143
1rbaka1r1/9/2n1bCn2/p1p1p3p/6p2/2PN5/Pc2P1PcP/4C1N2/9/1RBAKABR1 b,0.7910976,1986
1rbakabr1/9/2n2Cn2/p1p1p3p/6p2/2PN5/Pc2P1PcP/4C1N2/9/1RBAKABR1 w,-0.7818543,4351
1rbakabr1/9/2n2Cn2/p1p1N3p/6p2/2P6/Pc2P1PcP/4C1N2/9/1RBAKABR1 b,0.79521334,1831
1rbakabr1/9/5Cn2/p1p1n3p/6p2/2P6/Pc2P1PcP/4C1N2/9/1RBAKABR1 w,-0.794875,6061
1rbakabr1/9/5Cn2/p1p1C3p/6p2/2P6/Pc2P1PcP/6N2/9/1RBAKABR1 b,0.8092104,109
2bakabr1/9/1r3Cn2/p1p1C3p/6p2/2P6/Pc2P1PcP/6N2/9/1RBAKABR1 w,-0.79812795,2839
2bakabr1/9/1r3Cn2/p1p5p/6p2/2P1C4/Pc2P1PcP/6N2/9/1RBAKABR1 b,0.80124754,1733
2bakabr1/9/5rn2/p1p5p/6p2/2P1C4/Pc2P1PcP/6N2/9/1RBAKABR1 w,-0.7903604,7435
2bakabr1/9/5rn2/p1p5p/6p2/2P1C4/PR2P1PcP/6N2/9/2BAKABR1 b,0.7934782,2201
2bakabr1/9/5r3/p1p5p/5np2/2P1C4/PR2P1PcP/6N2/9/2BAKABR1 w,-0.78591913,4987
2bakabr1/9/5r3/p1p5p/1R3np2/2P1C4/P3P1PcP/6N2/9/2BAKABR1 b,0.7918026,3750
2bakabr1/9/5r3/p1p5p/1R4p2/2P1C4/P3P1ncP/6N2/9/2BAKABR1 w,-0.78214246,3372
2bakabr1/9/5r3/p1p5p/6R2/2P1C4/P3P1ncP/6N2/9/2BAKABR1 b,0.7945477,5449
2bakabr1/9/5r3/p1p5p/6R2/2P1n4/P3P2cP/6N2/9/2BAKABR1 w,-0.7941606,5269
2bakabr1/9/5r3/p1p5p/6R2/2P1P4/P6cP/6N2/9/2BAKABR1 b,0.8005826,5560
2bakabr1/9/5r3/p1p5p/6R2/2P1P4/P7P/6Nc1/9/2BAKABR1 w,-0.7908734,7999
2bakabr1/9/5r3/p1p5p/6R2/2P1P4/P7P/6Nc1/7R1/2BAKAB2 b,0.8015276,2138
2bakabr1/9/9/p1p5p/6R2/2P1P4/P7P/5rNc1/7R1/2BAKAB2 w,-0.78768605,7897
2bakabr1/9/9/p1p5p/6R2/2P1P4/P7P/4BrNc1/7R1/2BAKA3 b,0.7962614,562
2baka1r1/9/4b4/p1p5p/6R2/2P1P4/P7P/4BrNc1/7R1/2BAKA3 w,-0.7849113,3840
2baka1r1/9/4b4/p1p5p/9/2P1P4/P5R1P/4BrNc1/7R1/2BAKA3 b,0.7941123,6170
2baka1r1/9/4b4/p1p5p/9/2P1Pr3/P5R1P/4B1Nc1/7R1/2BAKA3 w,-0.77768666,5458
2baka1r1/9/4b4/p1p5p/9/2P1Pr3/P3R3P/4B1Nc1/7R1/2BAKA3 b,0.78866816,4541
2baka1r1/9/4b4/p1p5p/5r3/2P1P4/P3R3P/4B1Nc1/7R1/2BAKA3 w,-0.77928984,4450
2baka1r1/9/4b4/p1p5p/4Pr3/2P6/P3R3P/4B1Nc1/7R1/2BAKA3 b,0.79589254,3758
2baka1r1/9/4b4/p1p5p/4P4/2P6/P3R3P/4BrNc1/7R1/2BAKA3 w,-0.78088814,5280
2baka1r1/9/4b4/p1p5p/4P4/2P6/P5R1P/4BrNc1/7R1/2BAKA3 b,0.79481214,682
2baka3/9/4b4/p1p5p/4P4/2P4r1/P5R1P/4BrNc1/7R1/2BAKA3 w,-0.7662383,7816
2baka3/9/4b4/p1p5p/4P4/2P4r1/P5R1P/4BrNc1/4A2R1/2BAK4 b,0.77966946,6152
2baka3/9/4b4/p1p2r2p/4P4/2P4r1/P5R1P/4B1Nc1/4A2R1/2BAK4 w,-0.77095866,6268
2baka3/9/4b4/p1p2r2p/4P4/2P4r1/P3N1R1P/4B2c1/4A2R1/2BAK4 b,0.77752167,4696
2baka3/7r1/4b4/p1p2r2p/4P4/2P6/P3N1R1P/4B2c1/4A2R1/2BAK4 w,-0.7584208,5271
2baka3/7r1/4b4/p1p2r2p/4P4/2P3N2/P5R1P/4B2c1/4A2R1/2BAK4 b,0.76490796,2913
2baka3/7r1/4b4/p1p3r1p/4P4/2P3N2/P5R1P/4B2c1/4A2R1/2BAK4 w,-0.75246996,5458
2baka3/7r1/4b4/p1p3r1p/4P4/2P3N2/P3R3P/4B2c1/4A2R1/2BAK4 b,0.76639336,6334
2baka3/7r1/4b4/p1p3rcp/4P4/2P3N2/P3R3P/4B4/4A2R1/2BAK4 w,-0.7197978,3631
2baka3/7r1/4b4/p1p1P1rcp/9/2P3N2/P3R3P/4B4/4A2R1/2BAK4 b,0.731436,1465
2baka3/9/4b2r1/p1p1P1rcp/9/2P3N2/P3R3P/4B4/4A2R1/2BAK4 w,-0.7409864,2812
2baka3/9/4P2r1/p1p3rcp/9/2P3N2/P3R3P/4B4/4A2R1/2BAK4 b,0.7567554,202
3aka3/9/4b2r1/p1p3rcp/9/2P3N2/P3R3P/4B4/4A2R1/2BAK4 w,-0.7453488,7153
3aka3/9/4b2r1/p1p3rcp/7R1/2P3N2/P3R3P/4B4/4A4/2BAK4 b,0.7643306,463
3ak4/4a4/4b2r1/p1p3rcp/7R1/2P3N2/P3R3P/4B4/4A4/2BAK4 w,-0.7491647,5260
3ak4/4a4/4b2r1/p1p3rcp/4R2R1/2P3N2/P7P/4B4/4A4/2BAK4 b,0.7690076,1982
2bak4/4a4/7r1/p1p3rcp/4R2R1/2P3N2/P7P/4B4/4A4/2BAK4 w,-0.7535477,3649
2bak4/4a4/7r1/p1p3rcp/7R1/2P1R1N2/P7P/4B4/4A4/2BAK4 b,0.7699159,202
3ak4/4a4/4b2r1/p1p3rcp/7R1/2P1R1N2/P7P/4B4/4A4/2BAK4 w,-0.7531168,4468
3ak4/4a4/4b2r1/p1p3rcp/7R1/2P3N2/P3R3P/4B4/4A4/2BAK4 b,0.76485217,1191
3ak4/9/3ab2r1/p1p3rcp/7R1/2P3N2/P3R3P/4B4/4A4/2BAK4 w,-0.7483763,4630
3ak4/9/3ab2r1/p1p3rcp/4N2R1/2P6/P3R3P/4B4/4A4/2BAK4 b,0.77726924,3001
3ak4/9/3ab2r1/p1p1r2cp/4N2R1/2P6/P3R3P/4B4/4A4/2BAK4 w,-0.753987,5277
3ak4/9/3ab2r1/p1p1r2cp/4N2R1/2P6/P2R4P/4B4/4A4/2BAK4 b,0.76036525,1903
3ak4/4a4/4b2r1/p1p1r2cp/4N2R1/2P6/P2R4P/4B4/4A4/2BAK4 w,-0.75504005,3651
3ak4/4a4/4b2r1/p1p1r2cp/7R1/2P3N2/P2R4P/4B4/4A4/2BAK4 b,0.76822823,2823
3ak4/4a4/4b2r1/p1p3rcp/7R1/2P3N2/P2R4P/4B4/4A4/2BAK4 w,-0.7531027,5169
3ak4/4a4/4b2r1/p1p3rcp/3R3R1/2P3N2/P7P/4B4/4A4/2BAK4 b,0.76652294,1982
2bak4/4a4/7r1/p1p3rcp/3R3R1/2P3N2/P7P/4B4/4A4/2BAK4 w,-0.7496136,5633
2bak4/4a4/7r1/p1p3rcp/3R3R1/2P3N1P/P8/4B4/4A4/2BAK4 b,0.7624468,202
3ak4/4a4/4b2r1/p1p3rcp/3R3R1/2P3N1P/P8/4B4/4A4/2BAK4 w,-0.751409,3550
3ak4/4a4/4b2r1/p1p3rcp/4R2R1/2P3N1P/P8/4B4/4A4/2BAK4 b,0.7608816,3000
3ak4/4a4/4b2r1/p1pr3cp/4R2R1/2P3N1P/P8/4B4/4A4/2BAK4 w,-0.7487896,4268
3ak4/4a4/4b2r1/p1pr3cp/2P1R2R1/6N1P/P8/4B4/4A4/2BAK4 b,0.7705608,2648
3ak4/4a4/4b2r1/p2r3cp/2p1R2R1/6N1P/P8/4B4/4A4/2BAK4 w,-0.76112807,3638
3ak4/4a4/4b2r1/p2r3cp/2R4R1/6N1P/P8/4B4/4A4/2BAK4 b,0.7725892,2731
3ak4/4a4/4b2r1/p3r2cp/2R4R1/6N1P/P8/4B4/4A4/2BAK4 w,-0.7567517,3461
3ak4/4a4/4b2r1/p3r2cp/5R1R1/6N1P/P8/4B4/4A4/2BAK4 b,0.76300436,2823
3ak4/4a4/4b2r1/p5rcp/5R1R1/6N1P/P8/4B4/4A4/2BAK4 w,-0.75756055,3730
3ak4/4a4/4b2r1/p5rcp/4R2R1/6N1P/P8/4B4/4A4/2BAK4 b,0.7735617,2998
3ak4/4a4/4b2r1/pr5cp/4R2R1/6N1P/P8/4B4/4A4/2BAK4 w,-0.75581527,3658
3ak4/4a4/4b2r1/pr5cp/7R1/6N1P/P3R4/4B4/4A4/2BAK4 b,0.7723044,2553
3ak4/4a4/4b2r1/p5rcp/7R1/6N1P/P3R4/4B4/4A4/2BAK4 w,-0.76498276,5269
3ak4/4a4/4b2r1/p5rcp/7R1/4R1N1P/P8/4B4/4A4/2BAK4 b,0.77042586,3012
3ak4/4a4/4b2r1/p6cp/6rR1/4R1N1P/P8/4B4/4A4/2BAK4 w,-0.7697764,3912
3ak4/4a4/4b2r1/p6cp/6R2/4R1N1P/P8/4B4/4A4/2BAK4 b,0.78986675,2022
3ak4/4a4/7r1/p6cp/6b2/4R1N1P/P8/4B4/4A4/2BAK4 w,-0.7891221,4441
3ak4/4a4/7r1/p3R2cp/6b2/6N1P/P8/4B4/4A4/2BAK4 b,0.7959363,3148
3ak4/4a4/7r1/p3R3p/6b2/6N1P/P8/4B4/4A4/2BAK2c1 w,-0.78690416,6906
3ak4/4a4/7r1/p3R3p/6b2/6N1P/P8/3AB4/9/2BAK2c1 b,0.7887664,8009
3ak4/4a4/7r1/p3R3p/6b2/6N1P/P8/3AB4/9/2BAK3c w,-0.79071796,2825
3ak4/4a4/7r1/p7R/6b2/6N1P/P8/3AB4/9/2BAK3c b,0.78938776,2338
3ak4/4a4/9/p7R/6b2/6N1P/P8/3AB4/9/2BAK2rc w,-0.78750145,7726
3ak4/4a4/9/p7R/6b2/6N1P/P8/3AB4/4K4/2BA3rc b,0.8964292,8045
3ak4/4a4/9/p7c/6b2/6N1P/P8/3AB4/4K4/2BA3r1 w,-0.8975999,4814
3ak4/4a4/9/p7c/6b1P/6N2/P8/3AB4/4K4/2BA3r1 b,0.90337527,3181
3ak4/4a4/9/p3c4/6b1P/6N2/P8/3AB4/4K4/2BA3r1 w,-0.89792335,6915
3ak4/4a4/9/p3c4/6b1P/6N2/P8/3AB4/3K5/2BA3r1 b,0.9059207,7999
3ak4/4a4/9/p3c4/6b1P/6N2/P8/3AB4/3K3r1/2BA5 w,-0.89768165,6016
3ak4/4a4/9/p3c4/6b1P/6N2/P8/4B4/3KA2r1/2BA5 b,0.90417176,7171
3ak4/4a4/9/p3c4/6b1P/6N2/P6r1/4B4/3KA4/2BA5 w,-0.8986811,4905
3ak4/4a4/9/p3c4/6b1P/P5N2/7r1/4B4/3KA4/2BA5 b,0.8994373,5547
3ak4/4a4/9/p3c4/6b1P/P5N2/3r5/4B4/3KA4/2BA5 w,-0.89484257,6906
3ak4/4a4/9/p3c4/6b1P/P5N2/3r5/3AB4/3K5/2BA5 b,0.897535,5178
3ak4/4a4/9/p3c4/6b1P/P2r2N2/9/3AB4/3K5/2BA5 w,-0.8925132,7636
3ak4/4a4/9/p3c4/6b1P/P2r2N2/9/3AB4/3KA4/2B6 b,0.90090114,4369
3ak4/4a4/9/p3c4/6b1P/P3r1N2/9/3AB4/3KA4/2B6 w,-0.86811066,6834
3ak4/4a4/9/p3c4/6b1P/P3r1N2/9/3AB4/4A4/2BK5 b,0.8694314,4455
3ak4/4a4/9/p3c4/6b1P/r5N2/9/3AB4/4A4/2BK5 w,-0.8598289,4003
3ak4/4a4/9/p3c4/6bP1/r5N2/9/3AB4/4A4/2BK5 b,0.87114185,4098
3ak4/4a4/9/p3c4/6bP1/3r2N2/9/3AB4/4A4/2BK5 w,-0.8615947,3912
3ak4/4a4/9/p3c4/6P2/3r2N2/9/3AB4/4A4/2BK5 b,0.90005463,2866
3ak4/4a4/9/p8/6P2/3r2N2/9/3AB4/4c4/2BK5 w,-0.8946166,7635
3ak4/4a4/9/p8/6P2/3r2N2/9/3AB4/3Kc4/2B6 b,0.8961406,6918
3ak4/4a4/9/p8/6P2/3r2N2/9/3AB4/3K2c2/2B6 w,-0.8908546,3821
3ak4/4a4/9/p8/5P3/3r2N2/9/3AB4/3K2c2/2B6 b,0.8979137,2466
3ak4/4a4/9/9/p4P3/3r2N2/9/3AB4/3K2c2/2B6 w,-0.8960771,4624
3ak4/4a4/9/7N1/p4P3/3r5/9/3AB4/3K2c2/2B6 b,0.9027543,3285
3ak4/4a4/9/7N1/5P3/p2r5/9/3AB4/3K2c2/2B6 w,-0.9016332,3075
3ak4/4a1N2/9/9/5P3/p2r5/9/3AB4/3K2c2/2B6 b,0.9072217,365
3a1k3/4a1N2/9/9/5P3/p2r5/9/3AB4/3K2c2/2B6 w,-0.9052915,1372
3a1k3/4a4/4N4/9/5P3/p2r5/9/3AB4/3K2c2/2B6 b,0.91751665,4369
3a1k3/4a4/4N4/9/5P3/p3r4/9/3AB4/3K2c2/2B6 w,-0.91902816,2013
3a1k3/4a4/9/6N2/5P3/p3r4/9/3AB4/3K2c2/2B6 b,0.9274211,4477
3a1k3/4a4/9/6N2/5P3/p8/9/3Ar4/3K2c2/2B6 w,-0.92096466,3020
3a1k3/4a4/9/9/5P3/p4N3/9/3Ar4/3K2c2/2B6 b,0.9250034,6098
3a1k3/4a4/9/9/5P3/p4N3/9/3A1r3/3K2c2/2B6 w,-0.9214249,4561
3a1k3/4a4/9/9/5P3/p8/7N1/3A1r3/3K2c2/2B6 b,0.93416536,7080
3a1k3/4a4/9/9/5P3/p8/6cN1/3A1r3/3K5/2B6 w,-0.92967546,3730
3a1k3/4a4/9/9/4P4/p8/6cN1/3A1r3/3K5/2B6 b,0.9244943,6197
3a1k3/4a4/9/9/4P4/p8/6cN1/3A5/3K1r3/2B6 w,-0.92491454,6834
3a1k3/4a4/9/9/4P4/p8/6cN1/3A5/5r3/2BK5 b,0.9368329,5457
3a1k3/4a4/9/9/4P4/p8/3c3N1/3A5/5r3/2BK5 w,-0.9292002,7645
3a1k3/4a4/9/9/4P4/p8/3c3N1/3A5/5r3/2B1K4 b,0.9362179,6989
3a1k3/4a4/9/9/4P4/p8/3c1r1N1/3A5/9/2B1K4 w,-0.9275867,5534
3a1k3/4a4/9/9/4P3N/p8/3c1r3/3A5/9/2B1K4 b,0.92578137,5188
3a1k3/4a4/9/9/4P3N/p8/4cr3/3A5/9/2B1K4 w,-0.9268437,3993
3a1k3/4a4/9/6N2/4P4/p8/4cr3/3A5/9/2B1K4 b,0.9224624,5370
3a1k3/4a4/9/6N2/4P4/p8/4c1r2/3A5/9/2B1K4 w,-0.91853565,2986
3a1k3/4a2N1/9/9/4P4/p8/4c1r2/3A5/9/2B1K4 b,0.9275812,454
3ak4/4a2N1/9/9/4P4/p8/4c1r2/3A5/9/2B1K4 w,-0.92707795,3631
3ak4/4a2N1/9/4P4/9/p8/4c1r2/3A5/9/2B1K4 b,0.9324158,5275
3ak4/4a2N1/9/4P4/9/p8/1c4r2/3A5/9/2B1K4 w,-0.92166793,7533
3ak4/4a2N1/9/4P4/9/p8/1c4r2/B2A5/9/4K4 b,0.94070065,5458
3ak4/4a2N1/9/4P4/9/p8/1c2r4/B2A5/9/4K4 w,-0.94065344,7736
3ak4/4a2N1/9/4P4/9/p8/1c2r4/B2A5/9/5K3 b,0.95651865,5251
3ak4/4a2N1/9/4r4/9/p8/1c7/B2A5/9/5K3 w,-0.9499189,1473
3ak4/4a4/9/4r1N2/9/p8/1c7/B2A5/9/5K3 b,0.97071147,1193
3ak4/9/5a3/4r1N2/9/p8/1c7/B2A5/9/5K3 w,-0.96318007,2992
3ak4/9/4Na3/4r4/9/p8/1c7/B2A5/9/5K3 b,0.98677266,373
3a5/4k4/4Na3/4r4/9/p8/1c7/B2A5/9/5K3 w,-0.9640873,6016
3a5/4k4/4Na3/4r4/9/p8/1c7/B8/4A4/5K3 b,0.97189224,2822
3a5/4k4/4Na3/5r3/9/p8/1c7/B8/4A4/5K3 w,-0.9625819,7825
3a5/4k4/4Na3/5r3/9/p8/1c7/B8/4A4/4K4 b,0.97214955,1192
3a5/9/4ka3/5r3/9/p8/1c7/B8/4A4/4K4 w,-0.969352,5753
3a5/9/4ka3/5r3/9/p8/1c7/9/4A4/2B1K4 b,0.97291875,4096
3a5/9/4ka3/5r3/9/1p7/1c7/9/4A4/2B1K4 w,-0.9709874,7537
3a5/9/4ka3/5r3/9/1p7/1c7/4B4/4A4/4K4 b,0.9703729,1993
3a5/4k4/5a3/5r3/9/1p7/1c7/4B4/4A4/4K4 w,-0.9701281,6117
3a5/4k4/5a3/5r3/9/1p7/1c7/9/4A4/4K1B2 b,0.9550944,5008
3a5/4k4/5a3/5r3/9/1p7/4c4/9/4A4/4K1B2 w,-0.96253765,6906
3a5/4k4/5a3/5r3/9/1p7/4c4/3A5/9/4K1B2 b,0.95298433,2948
3a5/4k4/5a3/9/9/1p7/4c4/3A1r3/9/4K1B2 w,-0.9635185,7726
3a5/4k4/5a3/9/9/1p7/4c4/3A1r3/4K4/6B2 b,0.974844,6161
3a5/4k4/5a3/9/5r3/1p7/4c4/3A5/4K4/6B2 w,-0.9710503,6915
3a5/4k4/5a3/9/5r3/1p7/4c4/3A5/3K5/6B2 b,0.97580904,5277
3a5/4k4/5a3/9/5r3/1p7/3c5/3A5/3K5/6B2 w,-0.97447294,6016
3a5/4k4/5a3/9/5r3/1p7/3c5/9/3KA4/6B2 b,0.98074275,5142
3a5/3ck4/5a3/9/5r3/1p7/9/9/3KA4/6B2 w,-0.97475725,6834
3a5/3ck4/5a3/9/5r3/1p7/9/9/4A4/3K2B2 b,0.97937596,3730
3a5/3ck4/5a3/9/4r4/1p7/9/9/4A4/3K2B2 w,-0.968536,7645
3a5/3ck4/5a3/9/4r4/1p7/9/9/4A4/4K1B2 b,0.98043823,1089
3a5/c3k4/5a3/9/4r4/1p7/9/9/4A4/4K1B2 w,-0.9886426,7734
3a5/c3k4/5a3/9/4r4/1p7/9/9/4A4/3K2B2 b,0.9913227,3676
3a5/c3k4/5a3/9/9/1p7/9/9/4r4/3K2B2 w,-0.98798406,7897
3a5/c3k4/5a3/9/9/1p7/9/4B4/4r4/3K5 b,0.9960869,6907
3a5/c3k4/5a3/9/9/1p7/9/4r4/9/3K5 w,-0.9969651,7635
3a5/c3k4/5a3/9/9/1p7/9/4r4/3K5/9 b,0.99463725,6106
3a5/c3k4/5a3/9/9/1p7/9/9/3Kr4/9 w,-0.99578524,6834
3a5/c3k4/5a3/9/9/1p7/9/9/4r4/3K5 b,0.99771714,6898
3a5/c3k4/5a3/9/9/1p7/4r4/9/9/3K5 w,-0.997039,7635
3a5/c3k4/5a3/9/9/1p7/4r4/9/3K5/9 b,1,5277
rnbakabnr/9/1c5c1/p1p1p1p1p/9/9/P1P1P1P1P/1C5C1/9/RNBAKABNR w,0.001792574,5827
rnbakabnr/9/1c5c1/p1p1p1p1p/9/9/P1P1P1P1P/4C2C1/9/RNBAKABNR b,-0.0017786383,110
r1bakabnr/9/1cn4c1/p1p1p1p1p/9/9/P1P1P1P1P/4C2C1/9/RNBAKABNR w,0.001820159,7445
r1bakabnr/9/1cn4c1/p1p1p1p1p/9/9/P1P1P1P1P/2N1C2C1/9/R1BAKABNR b,-0.0018352151,562
r1baka1nr/9/1cn1b2c1/p1p1p1p1p/9/9/P1P1P1P1P/2N1C2C1/9/R1BAKABNR w,0.0019419909,7372
r1baka1nr/9/1cn1b2c1/p1p1p1p1p/9/9/P1P1P1P1P/2N1C2C1/9/1RBAKABNR b,-0.0017697454,1
1rbaka1nr/9/1cn1b2c1/p1p1p1p1p/9/9/P1P1P1P1P/2N1C2C1/9/1RBAKABNR w,0.0016990424,6368
1rbaka1nr/9/1cn1b2c1/p1p1p1p1p/9/9/P1P1P1P1P/2N1CC3/9/1RBAKABNR b,-0.0012760878,654
1rbaka2r/9/1cn1b1nc1/p1p1p1p1p/9/9/P1P1P1P1P/2N1CC3/9/1RBAKABNR w,0.0015865564,7989
1rbaka2r/9/1cn1b1nc1/p1p1p1p1p/9/9/P1P1P1P1P/2N1CCN2/9/1RBAKAB1R b,-0.0013876081,3012
1rbaka2r/9/1cn1b1nc1/p1p1p3p/6p2/9/P1P1P1P1P/2N1CCN2/9/1RBAKAB1R w,0.0018735885,8098
1rbaka2r/9/1cn1b1nc1/p1p1p3p/6p2/9/P1P1P1P1P/2N1CCN2/9/1RBAKABR1 b,-0.0020183683,727
1rbaka1r1/9/1cn1b1nc1/p1p1p3p/6p2/9/P1P1P1P1P/2N1CCN2/9/1RBAKABR1 w,0.002513051,5087
1rbaka1r1/9/1cn1b1nc1/p1p1p3p/6p2/2P6/P3P1P1P/2N1CCN2/9/1RBAKABR1 b,-0.0021298886,1765
1rbaka1r1/9/2n1b1nc1/p1p1p3p/6p2/2P6/Pc2P1P1P/2N1CCN2/9/1RBAKABR1 w,0.004753709,5898
1rbaka1r1/9/2n1b1nc1/p1p1p3p/6p2/2PN5/Pc2P1P1P/4CCN2/9/1RBAKABR1 b,-0.0063934685,2311
1rbaka1r1/9/2n1b1n2/p1p1p3p/6p2/2PN5/Pc2P1PcP/4CCN2/9/1RBAKABR1 w,0.007931757,6143
1rbaka1r1/9/2n1bCn2/p1p1p3p/6p2/2PN5/Pc2P1PcP/4C1N2/9/1RBAKABR1 b,-0.008902455,1986
1rbakabr1/9/2n2Cn2/p1p1p3p/6p2/2PN5/Pc2P1PcP/4C1N2/9/1RBAKABR1 w,0.018145729,4351
1rbakabr1/9/2n2Cn2/p1p1N3p/6p2/2P6/Pc2P1PcP/4C1N2/9/1RBAKABR1 b,-0.0047743083,1831
1rbakabr1/9/5Cn2/p1p1n3p/6p2/2P6/Pc2P1PcP/4C1N2/9/1RBAKABR1 w,0.005105925,6061
1rbakabr1/9/5Cn2/p1p1C3p/6p2/2P6/Pc2P1PcP/6N2/9/1RBAKABR1 b,0.009039665,109
2bakabr1/9/1r3Cn2/p1p1C3p/6p2/2P6/Pc2P1PcP/6N2/9/1RBAKABR1 w,0.0020567894,2839
2bakabr1/9/1r3Cn2/p1p5p/6p2/2P1C4/Pc2P1PcP/6N2/9/1RBAKABR1 b,0.0014547826,1733
2bakabr1/9/5rn2/p1p5p/6p2/2P1C4/Pc2P1PcP/6N2/9/1RBAKABR1 w,0.009648657,7435
2bakabr1/9/5rn2/p1p5p/6p2/2P1C4/PR2P1PcP/6N2/9/2BAKABR1 b,-0.005528116,2201
2bakabr1/9/5r3/p1p5p/5np2/2P1C4/PR2P1PcP/6N2/9/2BAKABR1 w,0.014036894,4987
2bakabr1/9/5r3/p1p5p/1R3np2/2P1C4/P3P1PcP/6N2/9/2BAKABR1 b,-0.008271647,3750
2bakabr1/9/5r3/p1p5p/1R4p2/2P1C4/P3P1ncP/6N2/9/2BAKABR1 w,0.018917514,3372
2bakabr1/9/5r3/p1p5p/6R2/2P1C4/P3P1ncP/6N2/9/2BAKABR1 b,-0.0054848315,5449
2bakabr1/9/5r3/p1p5p/6R2/2P1n4/P3P2cP/6N2/9/2BAKABR1 w,0.0056578876,5269
2bakabr1/9/5r3/p1p5p/6R2/2P1P4/P6cP/6N2/9/2BAKABR1 b,0.00047535897,5560
2bakabr1/9/5r3/p1p5p/6R2/2P1P4/P7P/6Nc1/9/2BAKABR1 w,0.009682941,7999
2bakabr1/9/5r3/p1p5p/6R2/2P1P4/P7P/6Nc1/7R1/2BAKAB2 b,0.0017585278,2138
2bakabr1/9/9/p1p5p/6R2/2P1P4/P7P/5rNc1/7R1/2BAKAB2 w,0.0010414362,6298
2bakabr1/9/9/p1p5p/6R2/2P1P4/P7P/5r1c1/7R1/2BAKABN1 b,0.011521244,691
2bakab2/9/9/p1p5p/6R2/2P1P4/P6rP/5r1c1/7R1/2BAKABN1 w,-0.0044391276,3786
2bakaR2/9/9/p1p5p/9/2P1P4/P6rP/5r1c1/7R1/2BAKABN1 b,0.014271689,5544
2bakaR2/9/9/p1p5p/9/2P1P4/r7P/5r1c1/7R1/2BAKABN1 w,0.014781785,7816
2bakaR2/9/9/p1p5p/9/2P1P4/r7P/5r1c1/4A2R1/2BAK1BN1 b,-0.0053801895,4918
2bakaR2/9/9/p1p5p/9/2P1P4/4r3P/5r1c1/4A2R1/2BAK1BN1 w,0.0075061084,573
2baka3/9/9/p1p3R1p/9/2P1P4/4r3P/5r1c1/4A2R1/2BAK1BN1 b,0.0008896828,5269
2baka3/9/9/p1p3R1p/9/2P1r4/8P/5r1c1/4A2R1/2BAK1BN1 w,0.031202888,7897
2baka3/9/9/p1p3R1p/9/2P1r4/8P/4Br1c1/4A2R1/2BAK2N1 b,-0.02822349,6179
2baka3/9/9/p1p3R1p/9/2P1r4/5r2P/4B2c1/4A2R1/2BAK2N1 w,0.0453264,7180
2baka3/9/9/p1p3R1p/9/2P1r4/5r2P/4B2R1/4A4/2BAK2N1 b,-0.038330473,5372
2baka3/9/9/p1p3R1p/9/2P1r4/8r/4B2R1/4A4/2BAK2N1 w,0.05763178,6334
2baka3/9/9/p1p3RRp/9/2P1r4/8r/4B4/4A4/2BAK2N1 b,-0.053661313,5669
2baka3/9/9/p1p3RRp/9/2P1r4/9/4B4/4A4/2BAK2Nr w,0.0733686,2999
2baka3/9/9/p1R4Rp/9/2P1r4/9/4B4/4A4/2BAK2Nr b,-0.058107924,202
3aka3/9/4b4/p1R4Rp/9/2P1r4/9/4B4/4A4/2BAK2Nr w,0.059027433,2642
3aka3/9/4b4/p4R1Rp/9/2P1r4/9/4B4/4A4/2BAK2Nr b,-0.054285385,4468
3aka3/9/4b4/p4R1Rp/9/2P6/4r4/4B4/4A4/2BAK2Nr w,0.07149229,2913
3aka3/9/4b4/p5RRp/9/2P6/4r4/4B4/4A4/2BAK2Nr b,-0.053545725,3194
3aka3/9/4b4/p5RR1/8p/2P6/4r4/4B4/4A4/2BAK2Nr w,0.056864142,2994
3aka3/9/4b1R2/p6R1/8p/2P6/4r4/4B4/4A4/2BAK2Nr b,-0.03953327,5269
3aka3/9/4b1R2/p6R1/8p/2P1r4/9/4B4/4A4/2BAK2Nr w,0.06077304,2220
3aka3/9/4b4/p6R1/8p/2P1r4/6R2/4B4/4A4/2BAK2Nr b,-0.053572156,8063
3aka3/9/4b4/p6R1/8p/2P1r3r/6R2/4B4/4A4/2BAK2N1 w,0.0732147,7989
3aka3/9/4b4/p6R1/8p/2P1r3r/6R2/4B1N2/4A4/2BAK4 b,-0.07954659,4859
3aka3/9/4b4/p6R1/8p/2P1r4/6R2/4B1N2/4A4/2BAK3r w,0.09505723,6926
3aka3/9/4b4/p6R1/8p/2P1r4/6R2/4B1N2/9/2BAKA2r b,-0.08818453,8063
3aka3/9/4b4/p6R1/8p/2P1r3r/6R2/4B1N2/9/2BAKA3 w,0.091219954,3087
3aka3/9/4b4/R8/8p/2P1r3r/6R2/4B1N2/9/2BAKA3 b,-0.082368374,4822
3aka3/9/4b4/R8/8p/2P1r2r1/6R2/4B1N2/9/2BAKA3 w,0.08329783,2466
3aka3/9/4b4/9/R7p/2P1r2r1/6R2/4B1N2/9/2BAKA3 b,-0.068077974,4013
3aka3/9/4b4/9/R8/2P1r2rp/6R2/4B1N2/9/2BAKA3 w,0.082956076,3267
3aka3/9/4b4/R8/9/2P1r2rp/6R2/4B1N2/9/2BAKA3 b,-0.07466091,4750
3aka3/9/4b4/R8/9/2P1r3p/6R2/4B1Nr1/9/2BAKA3 w,0.07672842,6268
3aka3/9/4b4/R8/9/2P1r3p/4N1R2/4B2r1/9/2BAKA3 b,-0.058122374,4822
3aka3/9/4b4/R8/9/2P1r2p1/4N1R2/4B2r1/9/2BAKA3 w,0.07375818,5285
3aka3/9/4b4/R8/9/2P1r2p1/6R2/2N1B2r1/9/2BAKA3 b,-0.0565688,6371
3aka3/9/4b4/R8/9/2P1r2p1/6R2/2N1B3r/9/2BAKA3 w,0.07906973,7636
3aka3/9/4b4/R8/9/2P1r2p1/6R2/2N1B3r/4A4/2B1KA3 b,-0.0655842,6434
3aka3/9/4b4/R8/8r/2P1r2p1/6R2/2N1B4/4A4/2B1KA3 w,0.079104856,2458
3aka3/9/4b4/1R7/8r/2P1r2p1/6R2/2N1B4/4A4/2B1KA3 b,-0.061592497,4450
3aka3/9/4b4/1R7/4r3r/2P4p1/6R2/2N1B4/4A4/2B1KA3 w,0.072380975,5458
3aka3/9/4b4/1R7/4r3r/2P4p1/4R4/2N1B4/4A4/2B1KA3 b,-0.040303566,3658
3aka3/9/4b4/1R7/8r/2P4p1/4r4/2N1B4/4A4/2B1KA3 w,0.042015243,5908
3aka3/9/4b4/1R7/8r/2P4p1/4N4/4B4/4A4/2B1KA3 b,-0.034265317,4000
3aka3/9/4b4/1R7/4r4/2P4p1/4N4/4B4/4A4/2B1KA3 w,0.040232446,5289
3aka3/9/4b4/1R7/4r4/2P4p1/9/4B1N2/4A4/2B1KA3 b,-0.04399648,4741
3aka3/9/4b4/1R7/4r4/2P6/7p1/4B1N2/4A4/2B1KA3 w,0.0419029,6260
3aka3/9/4b4/1R7/4r4/2P2N3/7p1/4B4/4A4/2B1KA3 b,-0.04325111,3641
3aka3/9/4b4/1R7/5r3/2P2N3/7p1/4B4/4A4/2B1KA3 w,0.048752617,4561
3aka3/9/4b4/1R7/5r3/2P6/7N1/4B4/4A4/2B1KA3 b,-0.047192562,463
3ak4/4a4/4b4/1R7/5r3/2P6/7N1/4B4/4A4/2B1KA3 w,0.050156187,2551
3ak4/4a4/4b4/4R4/5r3/2P6/7N1/4B4/4A4/2B1KA3 b,-0.04396242,3713
3ak4/4a4/4br3/4R4/9/2P6/7N1/4B4/4A4/2B1KA3 w,0.053878307,5558
3ak4/4a4/4br3/4R4/9/2P6/9/4BN3/4A4/2B1KA3 b,-0.045515824,1986
3ak1b2/4a4/5r3/4R4/9/2P6/9/4BN3/4A4/2B1KA3 w,0.052569844,6171
3ak1b2/4a4/5r3/4R4/9/2P3N2/9/4B4/4A4/2B1KA3 b,-0.04507308,562
3ak4/4a4/4br3/4R4/9/2P3N2/9/4B4/4A4/2B1KA3 w,0.06075232,6117
3ak4/4a4/4br3/4R4/9/2P3N2/9/9/4A4/2B1KAB2 b,-0.055054057,2094
3ak4/4a4/4b1r2/4R4/9/2P3N2/9/9/4A4/2B1KAB2 w,0.064938,7901
3ak4/4a4/4b1r2/4R4/9/2P3N2/9/8B/4A4/2B1KA3 b,-0.056462813,2183
3ak4/4a4/4br3/4R4/9/2P3N2/9/8B/4A4/2B1KA3 w,0.061214138,4624
3ak4/4a4/4br3/4R2N1/9/2P6/9/8B/4A4/2B1KA3 b,-0.05901679,2095
3ak4/4a4/4b2r1/4R2N1/9/2P6/9/8B/4A4/2B1KA3 w,0.06830905,3101
3ak4/4a4/4b2r1/4R4/5N3/2P6/9/8B/4A4/2B1KA3 b,-0.07085893,1982
2bak4/4a4/7r1/4R4/5N3/2P6/9/8B/4A4/2B1KA3 w,0.078786805,2825
2bak4/4a4/7r1/8R/5N3/2P6/9/8B/4A4/2B1KA3 b,-0.0746452,1175
2baka3/9/7r1/8R/5N3/2P6/9/8B/4A4/2B1KA3 w,0.078299284,3720
2baka3/9/7r1/3N4R/9/2P6/9/8B/4A4/2B1KA3 b,-0.07450231,2271
2baka3/9/3r5/3N4R/9/2P6/9/8B/4A4/2B1KA3 w,0.07207208,4268
2baka3/9/3r5/3N4R/2P6/9/9/8B/4A4/2B1KA3 b,-0.071731225,283
2b1ka3/4a4/3r5/3N4R/2P6/9/9/8B/4A4/2B1KA3 w,0.07410779,3449
2b1ka3/4a4/3r5/2PN4R/9/9/9/8B/4A4/2B1KA3 b,-0.06592565,1915
2b1ka3/4a4/7r1/2PN4R/9/9/9/8B/4A4/2B1KA3 w,0.06398392,2711
2b1ka3/2N1a4/7r1/2P5R/9/9/9/8B/4A4/2B1KA3 b,-0.07367039,363
2bk1a3/2N1a4/7r1/2P5R/9/9/9/8B/4A4/2B1KA3 w,0.082475565,3203
2bk1a3/2N1a4/7r1/2P6/9/8R/9/8B/4A4/2B1KA3 b,-0.07271967,2271
2bk1a3/2N1a4/3r5/2P6/9/8R/9/8B/4A4/2B1KA3 w,0.08174505,4817
2bk1a3/2N1a4/3r5/2P6/9/2R6/9/8B/4A4/2B1KA3 b,-0.0785852,1902
2bk1a3/2Nra4/9/2P6/9/2R6/9/8B/4A4/2B1KA3 w,0.079319075,1018
2bk1a3/3ra4/9/1NP6/9/2R6/9/8B/4A4/2B1KA3 b,-0.07453642,1090
2bk1a3/1r2a4/9/1NP6/9/2R6/9/8B/4A4/2B1KA3 w,0.07576108,4278
2bk1a3/1r2a4/9/1NP6/9/3R5/9/8B/4A4/2B1KA3 b,-0.06769891,274
2b1ka3/1r2a4/9/1NP6/9/3R5/9/8B/4A4/2B1KA3 w,0.0692261,4350
2b1ka3/1r2a4/9/1NPR5/9/9/9/8B/4A4/2B1KA3 b,-0.070914626,919
2b1ka3/4a4/1r7/1NPR5/9/9/9/8B/4A4/2B1KA3 w,0.072884254,7734
2b1ka3/4a4/1r7/1NPR5/9/9/9/8B/4A4/2BK1A3 b,-0.06836648,1191
2b1ka3/9/1r1a5/1NPR5/9/9/9/8B/4A4/2BK1A3 w,0.08070233,2739
2b1ka3/9/1r1a5/1NP6/3R5/9/9/8B/4A4/2BK1A3 b,-0.077342056,1903
2b1ka3/4a4/1r7/1NP6/3R5/9/9/8B/4A4/2BK1A3 w,0.08452461,7537
2b1ka3/4a4/1r7/1NP6/3R5/9/9/4B3B/4A4/3K1A3 b,-0.061063815,1720
2b1ka3/1r2a4/9/1NP6/3R5/9/9/4B3B/4A4/3K1A3 w,0.077176,6908
2b1ka3/1r2a4/9/1NP6/3R5/9/9/4BA2B/9/3K1A3 b,-0.076728284,919
2b1ka3/4a4/1r7/1NP6/3R5/9/9/4BA2B/9/3K1A3 w,0.08373976,6077
2b1ka3/4a4/1r7/1NP6/3R5/2B6/9/5A2B/9/3K1A3 b,-0.072813295,202
4ka3/4a4/1r2b4/1NP6/3R5/2B6/9/5A2B/9/3K1A3 w,0.086791515,4293
4ka3/4a4/1r2b4/1NP6/3R5/9/9/B4A2B/9/3K1A3 b,-0.071647756,1982
2b1ka3/4a4/1r7/1NP6/3R5/9/9/B4A2B/9/3K1A3 w,0.09059568,5753
2b1ka3/4a4/1r7/1NP6/3R5/9/9/5A2B/9/2BK1A3 b,-0.06778085,1720
2b1ka3/1r2a4/9/1NP6/3R5/9/9/5A2B/9/2BK1A3 w,0.07383909,3540
2b1ka3/1r2a4/9/1NPR5/9/9/9/5A2B/9/2BK1A3 b,-0.07373281,919
2b1ka3/4a4/1r7/1NPR5/9/9/9/5A2B/9/2BK1A3 w,0.08566015,2757
2b1ka3/4a4/1r7/1NP6/9/9/3R5/5A2B/9/2BK1A3 b,-0.07601416,198
4ka3/4a4/br7/1NP6/9/9/3R5/5A2B/9/2BK1A3 w,0.092049,6477
4ka3/4a4/br7/1NP6/9/9/3R5/5A3/9/2BK1AB2 b,-0.07791268,1622
2b1ka3/4a4/1r7/1NP6/9/9/3R5/5A3/9/2BK1AB2 w,0.08524101,7533
2b1ka3/4a4/1r7/1NP6/9/9/3R5/B4A3/9/3K1AB2 b,-0.06941753,1191
2b1ka3/9/1r1a5/1NP6/9/9/3R5/B4A3/9/3K1AB2 w,0.089328624,5190
2b1ka3/9/1r1a5/1NP6/9/9/6R2/B4A3/9/3K1AB2 b,-0.07677972,1903
2b1ka3/4a4/1r7/1NP6/9/9/6R2/B4A3/9/3K1AB2 w,0.08406303,5454
2b1ka3/4a4/1r7/1NP6/9/9/R8/B4A3/9/3K1AB2 b,-0.07455158,1731
2b1ka3/4a4/3r5/1NP6/9/9/R8/B4A3/9/3K1AB2 w,0.07978397,7645
2b1ka3/4a4/3r5/1NP6/9/9/R8/B4A3/9/4KAB2 b,-0.07659588,1909
2b1ka3/4a4/1r7/1NP6/9/9/R8/B4A3/9/4KAB2 w,0.08497863,4860
R1b1ka3/4a4/1r7/1NP6/9/9/9/B4A3/9/4KAB2 b,-0.07157818,1732
R1b1ka3/4a4/4r4/1NP6/9/9/9/B4A3/9/4KAB2 w,0.08276706,6196
R1b1ka3/4a4/4r4/1NP6/9/9/9/B8/4A4/4KAB2 b,-0.078924835,2001
R1b1ka3/4a4/3r5/1NP6/9/9/9/B8/4A4/4KAB2 w,0.10582254,2
2R1ka3/4a4/3r5/1NP6/9/9/9/B8/4A4/4KAB2 b,-0.098095156,1173
2Raka3/9/3r5/1NP6/9/9/9/B8/4A4/4KAB2 w,0.11009436,2630
2Raka3/9/2Pr5/1N7/9/9/9/B8/4A4/4KAB2 b,-0.10717614,1920
2Raka3/9/2P6/1N1r5/9/9/9/B8/4A4/4KAB2 w,0.14031434,2541
2Raka3/9/2PN5/3r5/9/9/9/B8/4A4/4KAB2 b,-0.1396661,373
2Ra1a3/4k4/2PN5/3r5/9/9/9/B8/4A4/4KAB2 w,0.14918728,183
3R1a3/4k4/2PN5/3r5/9/9/9/B8/4A4/4KAB2 b,-0.14185084,2729
3R1a3/4k4/2PN5/2r6/9/9/9/B8/4A4/4KAB2 w,0.14099713,274
4Ra3/4k4/2PN5/2r6/9/9/9/B8/4A4/4KAB2 b,-0.13133518,1182
4Ra3/3k5/2PN5/2r6/9/9/9/B8/4A4/4KAB2 w,0.14222859,365
5R3/3k5/2PN5/2r6/9/9/9/B8/4A4/4KAB2 b,-0.12298037,2630
5R3/3k5/2rN5/9/9/9/9/B8/4A4/4KAB2 w,0.12810946,1930
5R3/3k5/2r6/9/4N4/9/9/B8/4A4/4KAB2 b,-0.12376135,1822
5R3/3k5/4r4/9/4N4/9/9/B8/4A4/4KAB2 w,0.12815614,3629
5R3/3k5/4r4/2N6/9/9/9/B8/4A4/4KAB2 b,-0.1270377,1093
5R3/4k4/4r4/2N6/9/9/9/B8/4A4/4KAB2 w,0.13115156,464
9/4kR3/4r4/2N6/9/9/9/B8/4A4/4KAB2 b,-0.10958898,1184
9/5k3/4r4/2N6/9/9/9/B8/4A4/4KAB2 w,0.11283701,2632
9/5k3/4N4/9/9/9/9/B8/4A4/4KAB2 b,-0.10904967,1273
9/4k4/4N4/9/9/9/9/B8/4A4/4KAB2 w,0.11178632,1991
9/2N1k4/9/9/9/9/9/B8/4A4/4KAB2 b,-0.113361575,1182
9/2Nk5/9/9/9/9/9/B8/4A4/4KAB2 w,0.11715002,1020
9/3k5/9/3N5/9/9/9/B8/4A4/4KAB2 b,-0.111796975,1101
9/9/3k5/3N5/9/9/9/B8/4A4/4KAB2 w,0.109680034,2719
9/9/1N1k5/9/9/9/9/B8/4A4/4KAB2 b,-0.10631291,1912
9/9/1N2k4/9/9/9/9/B8/4A4/4KAB2 w,0.11324606,5753
9/9/1N2k4/9/9/9/9/9/4A4/2B1KAB2 b,-0.11125951,1993
9/4k4/1N7/9/9/9/9/9/4A4/2B1KAB2 w,0.12092056,7734
9/4k4/1N7/9/9/9/9/9/4A4/2BK1AB2 b,-0.106661774,1192
9/9/1N2k4/9/9/9/9/9/4A4/2BK1AB2 w,0.10990176,1740
9/9/4k4/3N5/9/9/9/9/4A4/2BK1AB2 b,-0.10632527,2001
9/9/3k5/3N5/9/9/9/9/4A4/2BK1AB2 w,0.11786268,6908
9/9/3k5/3N5/9/9/9/5A3/9/2BK1AB2 b,-0.10640174,1912
9/9/4k4/3N5/9/9/9/5A3/9/2BK1AB2 w,0.11327686,7533
9/9/4k4/3N5/9/9/9/B4A3/9/3K1AB2 b,-0.13649487,2001
9/9/3k5/3N5/9/9/9/B4A3/9/3K1AB2 w,0.16452137,7645
9/9/3k5/3N5/9/9/9/B4A3/9/4KAB2 b,-0.17618638,1902
9/3k5/9/3N5/9/9/9/B4A3/9/4KAB2 w,0.1907208,5753
9/3k5/9/3N5/9/9/9/5A3/9/2B1KAB2 b,-0.19377206,1101
9/9/3k5/3N5/9/9/9/5A3/9/2B1KAB2 w,0.2,2719
rnbakabnr/9/1c5c1/p1p1p1p1p/9/9/P1P1P1P1P/1C5C1/9/RNBAKABNR w,-0.7981907,5827
rnbakabnr/9/1c5c1/p1p1p1p1p/9/9/P1P1P1P1P/4C2C1/9/RNBAKABNR b,0.79823226,110
r1bakabnr/9/1cn4c1/p1p1p1p1p/9/9/P1P1P1P1P/4C2C1/9/RNBAKABNR w,-0.7981642,7445
r1bakabnr/9/1cn4c1/p1p1p1p1p/9/9/P1P1P1P1P/2N1C2C1/9/R1BAKABNR b,0.7981911,562
r1baka1nr/9/1cn1b2c1/p1p1p1p1p/9/9/P1P1P1P1P/2N1C2C1/9/R1BAKABNR w,-0.79805344,7372
r1baka1nr/9/1cn1b2c1/p1p1p1p1p/9/9/P1P1P1P1P/2N1C2C1/9/1RBAKABNR b,0.79822755,1
1rbaka1nr/9/1cn1b2c1/p1p1p1p1p/9/9/P1P1P1P1P/2N1C2C1/9/1RBAKABNR w,-0.79831344,6368
1rbaka1nr/9/1cn1b2c1/p1p1p1p1p/9/9/P1P1P1P1P/2N1CC3/9/1RBAKABNR b,0.79872805,654
1rbaka2r/9/1cn1b1nc1/p1p1p1p1p/9/9/P1P1P1P1P/2N1CC3/9/1RBAKABNR w,-0.79841346,7989
1rbaka2r/9/1cn1b1nc1/p1p1p1p1p/9/9/P1P1P1P1P/2N1CCN2/9/1RBAKAB1R b,0.79865164,3012
1rbaka2r/9/1cn1b1nc1/p1p1p3p/6p2/9/P1P1P1P1P/2N1CCN2/9/1RBAKAB1R w,-0.7981277,8098
1rbaka2r/9/1cn1b1nc1/p1p1p3p/6p2/9/P1P1P1P1P/2N1CCN2/9/1RBAKABR1 b,0.79799503,727
1rbaka1r1/9/1cn1b1nc1/p1p1p3p/6p2/9/P1P1P1P1P/2N1CCN2/9/1RBAKABR1 w,-0.79748696,5087
1rbaka1r1/9/1cn1b1nc1/p1p1p3p/6p2/2P6/P3P1P1P/2N1CCN2/9/1RBAKABR1 b,0.79784644,1765
1rbaka1r1/9/2n1b1nc1/p1p1p3p/6p2/2P6/Pc2P1P1P/2N1CCN2/9/1RBAKABR1 w,-0.7952885,5898
1rbaka1r1/9/2n1b1nc1/p1p1p3p/6p2/2PN5/Pc2P1P1P/4CCN2/9/1RBAKABR1 b,0.7934622,2311
1rbaka1r1/9/2n1b1n2/p1p1p3p/6p2/2PN5/Pc2P1PcP/4CCN2/9/1RBAKABR1 w,-0.79210323,6143
1rbaka1r1/9/2n1bCn2/p1p1p3p/6p2/2PN5/Pc2P1PcP/4C1N2/9/1RBAKABR1 b,0.79172003,1986
1rbakabr1/9/2n2Cn2/p1p1p3p/6p2/2PN5/Pc2P1PcP/4C1N2/9/1RBAKABR1 w,-0.7818543,4351
1rbakabr1/9/2n2Cn2/p1p1N3p/6p2/2P6/Pc2P1PcP/4C1N2/9/1RBAKABR1 b,0.79521334,1831
1rbakabr1/9/5Cn2/p1p1n3p/6p2/2P6/Pc2P1PcP/4C1N2/9/1RBAKABR1 w,-0.7949919,6061
1rbakabr1/9/5Cn2/p1p1C3p/6p2/2P6/Pc2P1PcP/6N2/9/1RBAKABR1 b,0.8093734,109
2bakabr1/9/1r3Cn2/p1p1C3p/6p2/2P6/Pc2P1PcP/6N2/9/1RBAKABR1 w,-0.79794323,2839
2bakabr1/9/1r3Cn2/p1p5p/6p2/2P1C4/Pc2P1PcP/6N2/9/1RBAKABR1 b,0.8016442,1733
2bakabr1/9/5rn2/p1p5p/6p2/2P1C4/Pc2P1PcP/6N2/9/1RBAKABR1 w,-0.7903902,7435
2bakabr1/9/5rn2/p1p5p/6p2/2P1C4/PR2P1PcP/6N2/9/2BAKABR1 b,0.793643,2201
2bakabr1/9/5r3/p1p5p/5np2/2P1C4/PR2P1PcP/6N2/9/2BAKABR1 w,-0.7862269,4987
2bakabr1/9/5r3/p1p5p/1R3np2/2P1C4/P3P1PcP/6N2/9/2BAKABR1 b,0.7918492,3750
2bakabr1/9/5r3/p1p5p/1R4p2/2P1C4/P3P1ncP/6N2/9/2BAKABR1 w,-0.781301,3372
2bakabr1/9/5r3/p1p5p/6R2/2P1C4/P3P1ncP/6N2/9/2BAKABR1 b,0.79460144,5449
2bakabr1/9/5r3/p1p5p/6R2/2P1n4/P3P2cP/6N2/9/2BAKABR1 w,-0.79414177,5269
2bakabr1/9/5r3/p1p5p/6R2/2P1P4/P6cP/6N2/9/2BAKABR1 b,0.8001554,5560
2bakabr1/9/5r3/p1p5p/6R2/2P1P4/P7P/6Nc1/9/2BAKABR1 w,-0.7901473,7999
2bakabr1/9/5r3/p1p5p/6R2/2P1P4/P7P/6Nc1/7R1/2BAKAB2 b,0.80186826,2138
2bakabr1/9/9/p1p5p/6R2/2P1P4/P7P/5rNc1/7R1/2BAKAB2 w,-0.7986919,3813
2bakabr1/9/9/p1p3R1p/9/2P1P4/P7P/5rNc1/7R1/2BAKAB2 b,0.7993384,691
2bakab2/9/9/p1p3R1p/9/2P1P4/P6rP/5rNc1/7R1/2BAKAB2 w,-0.7855725,2976
2bakaR2/9/9/p1p5p/9/2P1P4/P6rP/5rNc1/7R1/2BAKAB2 b,0.7964047,5548
2bakaR2/9/9/p1p5p/9/2P1P4/P3r3P/5rNc1/7R1/2BAKAB2 w,-0.7671938,7816
2bakaR2/9/9/p1p5p/9/2P1P4/P3r3P/5rNc1/4A2R1/2BAK1B2 b,0.77991444,6371
2bakaR2/9/9/p1p5p/9/2P1P4/P3r3P/5rN1c/4A2R1/2BAK1B2 w,-0.7746534,555
2baka3/6R2/9/p1p5p/9/2P1P4/P3r3P/5rN1c/4A2R1/2BAK1B2 b,0.79359233,5269
2baka3/6R2/9/p1p5p/9/2P1r4/P7P/5rN1c/4A2R1/2BAK1B2 w,-0.7731329,7117
2baka1R1/6R2/9/p1p5p/9/2P1r4/P7P/5rN1c/4A4/2BAK1B2 b,0.77057177,6479
2baka1R1/6R2/9/p1p5p/9/2P1r4/P7P/5rN2/4A4/2BAK1B1c w,-0.76408696,7897
2baka1R1/6R2/9/p1p5p/9/2P1r4/P7P/4BrN2/4A4/2BAK3c b,0.7813818,6179
2baka1R1/6R2/9/p1p5p/9/2P1r4/P4r2P/4B1N2/4A4/2BAK3c w,-0.7814973,1356
2bakaRR1/9/9/p1p5p/9/2P1r4/P4r2P/4B1N2/4A4/2BAK3c b,0.7964959,283
2b1kaRR1/4a4/9/p1p5p/9/2P1r4/P4r2P/4B1N2/4A4/2BAK3c w,-0.78442234,564
2b1ka1R1/4a4/6R2/p1p5p/9/2P1r4/P4r2P/4B1N2/4A4/2BAK3c b,0.80099386,202
4ka1R1/4a4/4b1R2/p1p5p/9/2P1r4/P4r2P/4B1N2/4A4/2BAK3c w,-0.7833906,664
4ka3/4a4/4b1R2/p1p4Rp/9/2P1r4/P4r2P/4B1N2/4A4/2BAK3c b,0.7985569,3194
4ka3/4a4/4b1R2/p1p4R1/8p/2P1r4/P4r2P/4B1N2/4A4/2BAK3c w,-0.78644186,3089
4ka3/4a4/4b1R2/p1R6/8p/2P1r4/P4r2P/4B1N2/4A4/2BAK3c b,0.7969703,4013
4ka3/4a4/4b1R2/p1R6/9/2P1r3p/P4r2P/4B1N2/4A4/2BAK3c w,-0.78807783,2637
4ka3/4a4/4b1R2/R8/9/2P1r3p/P4r2P/4B1N2/4A4/2BAK3c b,0.7997545,4832
4ka3/4a4/4b1R2/R8/9/2P1r4/P4r2p/4B1N2/4A4/2BAK3c w,-0.8027461,2430
R3ka3/4a4/4b1R2/9/9/2P1r4/P4r2p/4B1N2/4A4/2BAK3c b,0.8072786,1173
R2aka3/9/4b1R2/9/9/2P1r4/P4r2p/4B1N2/4A4/2BAK3c w,-0.80046946,9
3aka3/R8/4b1R2/9/9/2P1r4/P4r2p/4B1N2/4A4/2BAK3c b,0.8020333,5371
3aka3/R8/4b1R2/9/9/2P1r4/P6rp/4B1N2/4A4/2BAK3c w,-0.79045695,824
3aka3/5R3/4b1R2/9/9/2P1r4/P6rp/4B1N2/4A4/2BAK3c b,0.8080166,5651
3aka3/5R3/4b1R2/9/9/2P1r4/P6r1/4B1N1p/4A4/2BAK3c w,-0.79721594,1292
3aka3/9/4b1R2/5R3/9/2P1r4/P6r1/4B1N1p/4A4/2BAK3c b,0.81120414,283
4ka3/4a4/4b1R2/5R3/9/2P1r4/P6r1/4B1N1p/4A4/2BAK3c w,-0.7965179,2193
4ka3/4a4/4b4/5RR2/9/2P1r4/P6r1/4B1N1p/4A4/2BAK3c b,0.8113628,6460
4ka3/4a4/4b4/5RR2/9/2P1r4/P6r1/4B1Np1/4A4/2BAK3c w,-0.8009215,6260
4ka3/4a4/4b4/5RR2/9/2P1rN3/P6r1/4B2p1/4A4/2BAK3c b,0.8104725,5549
4ka3/4a4/4b4/5RR2/9/2P1rN3/P4r3/4B2p1/4A4/2BAK3c w,-0.79105425,3005
4ka3/4a4/4b4/5R2R/9/2P1rN3/P4r3/4B2p1/4A4/2BAK3c b,0.80642384,8098
4ka3/4a4/4b4/5R2R/9/2P1rN3/P4r3/4B2p1/4A4/2BAK2c1 w,-0.8020437,3203
4ka3/4a4/4b4/5R3/9/2P1rN2R/P4r3/4B2p1/4A4/2BAK2c1 b,0.81582254,5387
4ka3/4a4/4b4/5R3/9/2P1rN2R/P8/4B2p1/4Ar3/2BAK2c1 w,-0.796918,4805
4ka3/4a4/4b4/5R2R/9/2P1rN3/P8/4B2p1/4Ar3/2BAK2c1 b,0.82118136,4460
4ka3/4a4/4b4/5R2R/9/2P2r3/P8/4B2p1/4Ar3/2BAK2c1 w,-0.8101243,2930
4ka3/4a4/4b4/8R/9/2P2R3/P8/4B2p1/4Ar3/2BAK2c1 b,0.81939226,6980
4ka3/4a4/4b4/8R/9/2P2r3/P8/4B2p1/4A4/2BAK2c1 w,-0.81580687,3239
4ka3/4a4/4b4/9/9/2P2r3/P8/4B2p1/4A4/2BAK2cR b,0.8212933,6379
4ka3/4a4/4b4/9/9/2P2r3/P8/4B4/4A2p1/2BAK2cR w,-0.821065,4268
4ka3/4a4/4b4/9/2P6/5r3/P8/4B4/4A2p1/2BAK2cR b,0.8266559,2018
4ka3/4a4/9/9/2b6/5r3/P8/4B4/4A2p1/2BAK2cR w,-0.8169526,8072
4ka3/4a4/9/9/2b6/5r3/P7R/4B4/4A2p1/2BAK2c1 b,0.8218698,7188
4ka3/4a4/9/9/2b6/5r3/P7R/4B4/4A1p2/2BAK2c1 w,-0.82280856,5669
4ka3/4a4/9/9/2b6/5r3/P8/4B4/4A1p2/2BAK2cR b,0.86528695,7107
4ka3/4a4/9/9/2b6/5r3/P8/4B4/4A4/2BAK1pcR w,-0.8657633,8098
4ka3/4a4/9/9/2b6/5r3/P8/4B4/4A4/2BAK1pR1 b,0.8672552,7918
4ka3/4a4/9/9/2b6/5r3/P8/4B4/4A4/2BAK2p1 w,-0.8609356,6926
4ka3/4a4/9/9/2b6/5r3/P8/4B4/9/2BAKA1p1 b,0.86386585,4548
4ka3/4a4/9/9/2b6/3r5/P8/4B4/9/2BAKA1p1 w,-0.8570316,7636
4ka3/4a4/9/9/2b6/3r5/P8/4B4/4A4/2B1KA1p1 b,0.86816496,4369
4ka3/4a4/9/9/2b6/4r4/P8/4B4/4A4/2B1KA1p1 w,-0.85806334,4905
4ka3/4a4/9/9/2b6/P3r4/9/4B4/4A4/2B1KA1p1 b,0.8679673,4455
4ka3/4a4/9/9/2b6/r8/9/4B4/4A4/2B1KA1p1 w,-0.86545295,6924
4ka3/4a4/9/9/2b6/r8/9/4B4/9/2BAKA1p1 b,0.8657683,8009
4ka3/4a4/9/9/2b6/r8/9/4B4/9/2BAKA2p w,-0.86140233,6117
4ka3/4a4/9/9/2b6/r8/9/9/9/2BAKAB1p b,0.8708476,4068
4ka3/4a4/r8/9/2b6/9/9/9/9/2BAKAB1p w,-0.86265874,7537
4ka3/4a4/r8/9/2b6/9/9/4B4/9/3AKAB1p b,0.86601824,363
3k1a3/4a4/r8/9/2b6/9/9/4B4/9/3AKAB1p w,-0.86490124,7816
3k1a3/4a4/r8/9/2b6/9/9/4B4/4A4/3AK1B1p b,0.8753632,8098
3k1a3/4a4/r8/9/2b6/9/9/4B4/4A4/3AK1Bp1 w,-0.86581683,7901
3k1a3/4a4/r8/9/2b6/9/9/4B3B/4A4/3AK2p1 b,0.86510587,274
4ka3/4a4/r8/9/2b6/9/9/4B3B/4A4/3AK2p1 w,-0.8622026,6441
4ka3/4a4/r8/9/2b6/6B2/9/4B4/4A4/3AK2p1 b,0.8678407,3442
4ka3/4a4/r3b4/9/9/6B2/9/4B4/4A4/3AK2p1 w,-0.8598557,7736
4ka3/4a4/r3b4/9/9/6B2/9/4B4/4A4/3A1K1p1 b,0.8696179,1982
2b1ka3/4a4/r8/9/9/6B2/9/4B4/4A4/3A1K1p1 w,-0.86626136,7825
2b1ka3/4a4/r8/9/9/6B2/9/4B4/4A4/3AK2p1 b,0.87260526,1642
2b1ka3/4a4/4r4/9/9/6B2/9/4B4/4A4/3AK2p1 w,-0.86389744,6908
2b1ka3/4a4/4r4/9/9/6B2/9/4BA3/9/3AK2p1 b,0.8736927,198
4ka3/4a4/b3r4/9/9/6B2/9/4BA3/9/3AK2p1 w,-0.8679075,7636
4ka3/4a4/b3r4/9/9/6B2/9/4BA3/4A4/4K2p1 b,0.8731949,2006
4ka3/4a4/b7r/9/9/6B2/9/4BA3/4A4/4K2p1 w,-0.87133944,6113
4ka3/4a4/b7r/9/9/6B2/9/5A3/4A4/2B1K2p1 b,0.8748088,8009
4ka3/4a4/b7r/9/9/6B2/9/5A3/4A4/2B1K3p w,-0.87033737,7537
4ka3/4a4/b7r/9/9/6B2/9/4BA3/4A4/4K3p b,0.8697257,1622
2b1ka3/4a4/8r/9/9/6B2/9/4BA3/4A4/4K3p w,-0.8676276,6117
2b1ka3/4a4/8r/9/9/6B2/9/5A3/4A4/4K1B1p b,0.8694946,202
4ka3/4a4/4b3r/9/9/6B2/9/5A3/4A4/4K1B1p w,-0.86460286,4661
4ka3/4a4/4b3r/9/9/9/9/5A2B/4A4/4K1B1p b,0.8704608,1986
4kab2/4a4/8r/9/9/9/9/5A2B/4A4/4K1B1p w,-0.86753756,6441
4kab2/4a4/8r/9/9/6B2/9/5A3/4A4/4K1B1p b,0.87629455,2358
4kab2/4a4/r8/9/9/6B2/9/5A3/4A4/4K1B1p w,-0.87430406,4657
4kab2/4a4/r8/9/9/9/9/4BA3/4A4/4K1B1p b,0.8707268,1701
4kab2/4a4/9/9/9/9/9/4BA3/4A4/r3K1B1p w,-0.8699817,6924
4kab2/4a4/9/9/9/9/9/4BA3/9/r2AK1B1p b,0.8726534,363
3k1ab2/4a4/9/9/9/9/9/4BA3/9/r2AK1B1p w,-0.86944205,6196
3k1ab2/4a4/9/9/9/9/9/4B4/4A4/r2AK1B1p b,0.88021845,7308
3k1ab2/4a4/r8/9/9/9/9/4B4/4A4/3AK1B1p w,-0.8775871,6926
3k1ab2/4a4/r8/9/9/9/9/4B4/9/3AKAB1p b,0.8728729,274
4kab2/4a4/r8/9/9/9/9/4B4/9/3AKAB1p w,-0.87298435,7816
4kab2/4a4/r8/9/9/9/9/4B4/4A4/3AK1B1p b,0.88205326,8098
4kab2/4a4/r8/9/9/9/9/4B4/4A4/3AK1Bp1 w,-0.8728559,7901
4kab2/4a4/r8/9/9/9/9/4B3B/4A4/3AK2p1 b,0.8765212,1642
4kab2/4a4/4r4/9/9/9/9/4B3B/4A4/3AK2p1 w,-0.8716385,6441
4kab2/4a4/4r4/9/9/6B2/9/4B4/4A4/3AK2p1 b,0.8743608,2006
4kab2/4a4/8r/9/9/6B2/9/4B4/4A4/3AK2p1 w,-0.8693316,6926
4kab2/4a4/8r/9/9/6B2/9/4B4/9/3AKA1p1 b,0.8730903,8009
4kab2/4a4/8r/9/9/6B2/9/4B4/9/3AKA2p w,-0.87127334,6117
4kab2/4a4/8r/9/9/6B2/9/9/9/3AKAB1p b,0.87997776,2358
4kab2/4a4/r8/9/9/6B2/9/9/9/3AKAB1p w,-0.87172586,4657
4kab2/4a4/r8/9/9/9/9/4B4/9/3AKAB1p b,0.8756728,363
3k1ab2/4a4/r8/9/9/9/9/4B4/9/3AKAB1p w,-0.8736778,6081
3k1ab2/4a4/r8/9/9/6B2/9/9/9/3AKAB1p b,0.88590586,8098
3k1ab2/4a4/r8/9/9/6B2/9/9/9/3AKABp1 w,-0.8731924,7897
3k1ab2/4a4/r8/9/9/6B2/9/4B4/9/3AKA1p1 b,0.87540466,274
4kab2/4a4/r8/9/9/6B2/9/4B4/9/3AKA1p1 w,-0.866438,7816
4kab2/4a4/r8/9/9/6B2/9/4B4/4A4/3AK2p1 b,0.8763139,1642
4kab2/4a4/4r4/9/9/6B2/9/4B4/4A4/3AK2p1 w,-0.8651535,6908
4kab2/4a4/4r4/9/9/6B2/9/4BA3/9/3AK2p1 b,0.8753379,2029
4kab2/4a4/9/9/9/4r1B2/9/4BA3/9/3AK2p1 w,-0.8721122,7636
4kab2/4a4/9/9/9/4r1B2/9/4BA3/4A4/4K2p1 b,0.8764829,4468
4kab2/4a4/9/9/9/6B2/4r4/4BA3/4A4/4K2p1 w,-0.8680977,6906
4kab2/4a4/9/9/9/6B2/4r4/3ABA3/9/4K2p1 b,0.8731952,5281
4kab2/4a4/9/9/9/6B2/7r1/3ABA3/9/4K2p1 w,-0.8723162,6196
4kab2/4a4/9/9/9/6B2/7r1/3AB4/4A4/4K2p1 b,0.86906075,8009
4kab2/4a4/9/9/9/6B2/7r1/3AB4/4A4/4K3p w,-0.8687605,6117
4kab2/4a4/9/9/9/6B2/7r1/3A5/4A4/4K1B1p b,0.8704647,5578
4kab2/4a4/9/9/9/6B2/9/3A5/4A4/4K1Brp w,-0.8632615,4657
4kab2/4a4/9/9/9/9/9/3AB4/4A4/4K1Brp b,0.8653771,1193
4kab2/9/5a3/9/9/9/9/3AB4/4A4/4K1Brp w,-0.86229587,6926
4kab2/9/5a3/9/9/9/9/3AB4/9/4KABrp b,0.86814857,7936
4kab2/7r1/5a3/9/9/9/9/3AB4/9/4KAB1p w,-0.8665143,6016
4kab2/7r1/5a3/9/9/9/9/4B4/4A4/4KAB1p b,0.88322383,1457
4kab2/8r/5a3/9/9/9/9/4B4/4A4/4KAB1p w,-0.8710825,6077
4kab2/8r/5a3/9/9/2B6/9/9/4A4/4KAB1p b,0.8762494,2083
4kab2/4a3r/9/9/9/2B6/9/9/4A4/4KAB1p w,-0.8736155,4297
4kab2/4a3r/9/9/9/9/9/4B4/4A4/4KAB1p b,0.8785965,1191
4kab2/8r/3a5/9/9/9/9/4B4/4A4/4KAB1p w,-0.8719428,6113
4kab2/8r/3a5/9/9/9/9/9/4A4/2B1KAB1p b,0.87726396,1539
4kab2/r8/3a5/9/9/9/9/9/4A4/2B1KAB1p w,-0.8730464,7537
4kab2/r8/3a5/9/9/9/9/4B4/4A4/4KAB1p b,0.8832895,821
4kab2/2r6/3a5/9/9/9/9/4B4/4A4/4KAB1p w,-0.87722856,7734
4kab2/2r6/3a5/9/9/9/9/4B4/4A4/3K1AB1p b,0.8853558,1007
4kab2/8r/3a5/9/9/9/9/4B4/4A4/3K1AB1p w,-0.87535906,6113
4kab2/8r/3a5/9/9/9/9/9/4A4/2BK1AB1p b,0.8820552,1545
4kab2/6r2/3a5/9/9/9/9/9/4A4/2BK1AB1p w,-0.87200046,7537
4kab2/6r2/3a5/9/9/9/9/4B4/4A4/3K1AB1p b,0.876636,1360
4kab2/1r7/3a5/9/9/9/9/4B4/4A4/3K1AB1p w,-0.87630516,6113
4kab2/1r7/3a5/9/9/9/9/9/4A4/2BK1AB1p b,0.88067,982
4kab2/9/3a5/9/9/9/9/9/4A4/1rBK1AB1p w,-0.86998814,7897
4kab2/9/3a5/9/9/9/9/4B4/4A4/1rBK1A2p b,0.88420343,373
5ab2/4k4/3a5/9/9/9/9/4B4/4A4/1rBK1A2p w,-0.87261534,7645
5ab2/4k4/3a5/9/9/9/9/4B4/4A4/1rB1KA2p b,0.8877119,7461
5ab2/4k4/3a5/9/9/9/9/4B4/4A4/r1B1KA2p w,-0.8825681,7734
5ab2/4k4/3a5/9/9/9/9/4B4/4A4/r1BK1A2p b,0.89524263,8098
5ab2/4k4/3a5/9/9/9/9/4B4/4A4/r1BK1A1p1 w,-0.88291997,7645
5ab2/4k4/3a5/9/9/9/9/4B4/4A4/r1B1KA1p1 b,0.90360564,8007
5ab2/4k4/3a5/9/9/9/9/4B4/4A4/r1B1KAp2 w,-0.89152604,6924
5ab2/4k4/3a5/9/9/9/9/4B4/9/r1BAKAp2 b,0.8980666,7916
5ab2/4k4/3a5/9/9/9/9/4B4/9/r1BAKp3 w,-0.89435726,7736
5ab2/4k4/3a5/9/9/9/9/4B4/9/r1BA1K3 b,0.89941293,7362
5ab2/4k4/3a5/9/9/9/9/4B4/r8/2BA1K3 w,-0.88872415,6077
5ab2/4k4/3a5/9/9/2B6/9/9/r8/2BA1K3 b,0.90249395,6555
5ab2/4k4/3a5/9/9/2B6/9/9/3r5/2BA1K3 w,-0.9010599,4297
5ab2/4k4/3a5/9/9/9/9/4B4/3r5/2BA1K3 b,0.90680873,6834
5ab2/4k4/3a5/9/9/9/9/4B4/9/2Br1K3 w,-0.9038319,7817
5ab2/4k4/3a5/9/9/9/9/4B4/5K3/2Br5 b,0.9074093,7635
5ab2/4k4/3a5/9/9/9/9/4B4/3r1K3/2B6 w,-0.9031881,7016
5ab2/4k4/3a5/9/9/9/9/4B4/3r5/2B2K3 b,0.9118188,6824
5ab2/4k4/3a5/9/9/9/9/4B4/2r6/2B2K3 w,-0.9017009,7825
5ab2/4k4/3a5/9/9/9/9/4B4/2r6/2B1K4 b,0.9366549,6743
5ab2/4k4/3a5/9/9/9/9/4B4/9/2r1K4 w,-0.95354456,7726
5ab2/4k4/3a5/9/9/9/9/4B4/4K4/2r6 b,0.96009576,7544
5ab2/4k4/3a5/9/9/9/9/4B4/2r1K4/9 w,-0.96677196,6925
5ab2/4k4/3a5/9/9/9/9/4B4/2r6/4K4 b,0.9739312,6725
5ab2/4k4/3a5/9/9/9/9/2r1B4/9/4K4 w,-0.97973996,7726
5ab2/4k4/3a5/9/9/9/9/2r1B4/4K4/9 b,0.9883966,1174
4kab2/9/3a5/9/9/9/9/2r1B4/4K4/9 w,-0.9912299,6917
4kab2/9/3a5/9/9/9/9/2r1B4/5K3/9 b,0.9952616,5917
4kab2/9/3a5/9/9/9/9/4r4/5K3/9 w,-0.99559504,7016
4kab2/9/3a5/9/9/9/9/4r4/9/5K3 b,1,6098
rnbakabnr/9/1c5c1/p1p1p1p1p/9/9/P1P1P1P1P/1C5C1/9/RNBAKABNR w,0.00182724,5827
rnbakabnr/9/1c5c1/p1p1p1p1p/9/9/P1P1P1P1P/4C2C1/9/RNBAKABNR b,-0.0017677665,110
r1bakabnr/9/1cn4c1/p1p1p1p1p/9/9/P1P1P1P1P/4C2C1/9/RNBAKABNR w,0.0018357992,7445
r1bakabnr/9/1cn4c1/p1p1p1p1p/9/9/P1P1P1P1P/2N1C2C1/9/R1BAKABNR b,-0.0018464566,562
r1baka1nr/9/1cn1b2c1/p1p1p1p1p/9/9/P1P1P1P1P/2N1C2C1/9/R1BAKABNR w,0.0019491911,7372
r1baka1nr/9/1cn1b2c1/p1p1p1p1p/9/9/P1P1P1P1P/2N1C2C1/9/1RBAKABNR b,-0.0017795205,1
1rbaka1nr/9/1cn1b2c1/p1p1p1p1p/9/9/P1P1P1P1P/2N1C2C1/9/1RBAKABNR w,0.0017040253,6368
1rbaka1nr/9/1cn1b2c1/p1p1p1p1p/9/9/P1P1P1P1P/2N1CC3/9/1RBAKABNR b,-0.0012760878,654
1rbaka2r/9/1cn1b1nc1/p1p1p1p1p/9/9/P1P1P1P1P/2N1CC3/9/1RBAKABNR w,0.0015865564,7989
1rbaka2r/9/1cn1b1nc1/p1p1p1p1p/9/9/P1P1P1P1P/2N1CCN2/9/1RBAKAB1R b,-0.0013823033,3012
1rbaka2r/9/1cn1b1nc1/p1p1p3p/6p2/9/P1P1P1P1P/2N1CCN2/9/1RBAKAB1R w,0.001875639,8098
1rbaka2r/9/1cn1b1nc1/p1p1p3p/6p2/9/P1P1P1P1P/2N1CCN2/9/1RBAKABR1 b,-0.002026415,727
1rbaka1r1/9/1cn1b1nc1/p1p1p3p/6p2/9/P1P1P1P1P/2N1CCN2/9/1RBAKABR1 w,0.0025545598,5087
1rbaka1r1/9/1cn1b1nc1/p1p1p3p/6p2/2P6/P3P1P1P/2N1CCN2/9/1RBAKABR1 b,-0.0021833777,1765
1rbaka1r1/9/2n1b1nc1/p1p1p3p/6p2/2P6/Pc2P1P1P/2N1CCN2/9/1RBAKABR1 w,0.0047726394,5898
1rbaka1r1/9/2n1b1nc1/p1p1p3p/6p2/2PN5/Pc2P1P1P/4CCN2/9/1RBAKABR1 b,-0.006537807,2311
1rbaka1r1/9/2n1b1n2/p1p1p3p/6p2/2PN5/Pc2P1PcP/4CCN2/9/1RBAKABR1 w,0.007896758,6143
1rbaka1r1/9/2n1bCn2/p1p1p3p/6p2/2PN5/Pc2P1PcP/4C1N2/9/1RBAKABR1 b,-0.008457172,1986
1rbakabr1/9/2n2Cn2/p1p1p3p/6p2/2PN5/Pc2P1PcP/4C1N2/9/1RBAKABR1 w,0.017766332,4351
1rbakabr1/9/2n2Cn2/p1p1N3p/6p2/2P6/Pc2P1PcP/4C1N2/9/1RBAKABR1 b,-0.004766011,1831
1rbakabr1/9/5Cn2/p1p1n3p/6p2/2P6/Pc2P1PcP/4C1N2/9/1RBAKABR1 w,0.005401492,6061
1rbakabr1/9/5Cn2/p1p1C3p/6p2/2P6/Pc2P1PcP/6N2/9/1RBAKABR1 b,0.008889603,109
2bakabr1/9/1r3Cn2/p1p1C3p/6p2/2P6/Pc2P1PcP/6N2/9/1RBAKABR1 w,0.0020567894,2839
2bakabr1/9/1r3Cn2/p1p5p/6p2/2P1C4/Pc2P1PcP/6N2/9/1RBAKABR1 b,0.0016993046,1733
2bakabr1/9/5rn2/p1p5p/6p2/2P1C4/Pc2P1PcP/6N2/9/1RBAKABR1 w,0.009656143,7435
2bakabr1/9/5rn2/p1p5p/6p2/2P1C4/PR2P1PcP/6N2/9/2BAKABR1 b,-0.007562959,2129
2bakabr1/9/6n2/p1p5p/6p2/2P1C4/PR2PrPcP/6N2/9/2BAKABR1 w,0.014378118,4987
2bakabr1/9/6n2/p1p5p/1R4p2/2P1C4/P3PrPcP/6N2/9/2BAKABR1 b,-0.00422864,2201
2bakabr1/9/9/p1p5p/1R3np2/2P1C4/P3PrPcP/6N2/9/2BAKABR1 w,0.021945,7816
2bakabr1/9/9/p1p5p/1R3np2/2P1C4/P3PrPcP/6N2/4A4/2BAK1BR1 b,-0.009765411,3748
2bakabr1/9/9/p1p5p/1R4p2/2P1C4/P3nrPcP/6N2/4A4/2BAK1BR1 w,0.02389357,7897
2bakabr1/9/9/p1p5p/1R4p2/2P1C4/P3nrPcP/4B1N2/4A4/2BAK2R1 b,-0.010205126,5370
2bakabr1/9/9/p1p5p/1R4p2/2P1C4/P3n1rcP/4B1N2/4A4/2BAK2R1 w,0.012294555,3370
2bakabr1/9/9/p1p5p/4R1p2/2P1C4/P3n1rcP/4B1N2/4A4/2BAK2R1 b,-0.008908666,562
2baka1r1/9/4b4/p1p5p/4R1p2/2P1C4/P3n1rcP/4B1N2/4A4/2BAK2R1 w,0.013931036,6268
2baka1r1/9/4b4/p1p5p/4R1p2/2P1C4/P3N1rcP/4B4/4A4/2BAK2R1 b,-0.005575025,5458
2baka1r1/9/4b4/p1p5p/4R1p2/2P1C4/P3r2cP/4B4/4A4/2BAK2R1 w,0.019005323,3631
2baka1r1/9/4b4/p1p1R3p/6p2/2P1C4/P3r2cP/4B4/4A4/2BAK2R1 b,0.0059681893,682
2baka3/9/4b4/p1p1R3p/6p2/2P1C2r1/P3r2cP/4B4/4A4/2BAK2R1 w,0.0015980959,2812
2baka3/9/4R4/p1p5p/6p2/2P1C2r1/P3r2cP/4B4/4A4/2BAK2R1 b,-0.007587433,463
2bak4/4a4/4R4/p1p5p/6p2/2P1C2r1/P3r2cP/4B4/4A4/2BAK2R1 w,0.021775007,2011
2bak4/4a4/9/p1p1R3p/6p2/2P1C2r1/P3r2cP/4B4/4A4/2BAK2R1 b,-0.013387906,4729
2bak4/4a4/9/p1p1R3p/6p2/2P1r4/P3r2cP/4B4/4A4/2BAK2R1 w,0.014275885,2839
2bak4/4a4/9/p1p5p/6p2/2P1R4/P3r2cP/4B4/4A4/2BAK2R1 b,-0.0053304434,5269
2bak4/4a4/9/p1p5p/6p2/2P1r4/P6cP/4B4/4A4/2BAK2R1 w,0.006279159,7981
2bak4/4a4/9/p1p5p/6p2/2P1r4/P6RP/4B4/4A4/2BAK4 b,-0.0040557506,4450
2bak4/4a4/9/p1p5p/4r1p2/2P6/P6RP/4B4/4A4/2BAK4 w,0.005342388,5497
2bak2R1/4a4/9/p1p5p/4r1p2/2P6/P7P/4B4/4A4/2BAK4 b,-0.0031184794,1175
2baka1R1/9/9/p1p5p/4r1p2/2P6/P7P/4B4/4A4/2BAK4 w,0.0052317143,664
2baka3/9/9/p1p4Rp/4r1p2/2P6/P7P/4B4/4A4/2BAK4 b,-0.004117167,3194
2baka3/9/9/p1p4R1/4r1p1p/2P6/P7P/4B4/4A4/2BAK4 w,0.0061647655,3089
2baka3/9/9/p1R6/4r1p1p/2P6/P7P/4B4/4A4/2BAK4 b,-0.0076476336,2466
2baka3/9/9/2R6/p3r1p1p/2P6/P7P/4B4/4A4/2BAK4 w,0.012969208,2612
2Raka3/9/9/9/p3r1p1p/2P6/P7P/4B4/4A4/2BAK4 b,-0.01002152,3658
2Raka3/9/9/9/p5p1p/2P6/P3r3P/4B4/4A4/2BAK4 w,0.012640691,218
3aka3/9/9/9/p1R3p1p/2P6/P3r3P/4B4/4A4/2BAK4 b,-0.009754705,5282
3aka3/9/9/9/p1R3p1p/2P6/P7r/4B4/4A4/2BAK4 w,0.013145089,3462
3aka3/9/9/9/p5R1p/2P6/P7r/4B4/4A4/2BAK4 b,-0.011019087,5634
3aka3/9/9/9/p5R1p/2P6/r8/4B4/4A4/2BAK4 w,0.013144994,3824
3aka3/9/9/9/p7R/2P6/r8/4B4/4A4/2BAK4 b,-0.010660553,4918
3aka3/9/9/9/p7R/2P6/4r4/4B4/4A4/2BAK4 w,0.013739491,3996
3aka3/9/9/9/R8/2P6/4r4/4B4/4A4/2BAK4 b,-0.011644924,5282
3aka3/9/9/9/R8/2P6/8r/4B4/4A4/2BAK4 w,0.012149835,3280
3aka3/9/9/9/4R4/2P6/8r/4B4/4A4/2BAK4 b,-0.011809361,463
3ak4/4a4/9/9/4R4/2P6/8r/4B4/4A4/2BAK4 w,0.014447642,6117
3ak4/4a4/9/9/4R4/2P6/8r/9/4A4/2BAK1B2 b,-0.013318801,5669
3ak4/4a4/9/9/4R4/2P6/9/9/4A4/2BAK1B1r w,0.015103268,3642
3ak4/4a4/9/9/6R2/2P6/9/9/4A4/2BAK1B1r b,-0.013542759,8072
3ak4/4a4/9/9/6R2/2P6/8r/9/4A4/2BAK1B2 w,0.013132668,3786
3ak1R2/4a4/9/9/9/2P6/8r/9/4A4/2BAK1B2 b,-0.014956844,1175
3akaR2/9/9/9/9/2P6/8r/9/4A4/2BAK1B2 w,0.02429154,609
3aka3/9/9/9/9/2P6/8r/6R2/4A4/2BAK1B2 b,-0.01713661,5638
3aka3/9/9/9/9/2P6/4r4/6R2/4A4/2BAK1B2 w,0.01791413,6277
3aka3/9/9/9/9/2P6/4r4/4R4/4A4/2BAK1B2 b,-0.011410308,5287
3aka3/9/9/9/9/2P6/9/4r4/4A4/2BAK1B2 w,0.011882233,7537
3aka3/9/9/9/9/2P6/9/4B4/4A4/3AK1B2 b,-0.0106930975,463
3ak4/4a4/9/9/9/2P6/9/4B4/4A4/3AK1B2 w,0.012837934,6113
3ak4/4a4/9/9/9/2P6/9/9/4A4/2BAK1B2 b,-0.0137156015,365
3a1k3/4a4/9/9/9/2P6/9/9/4A4/2BAK1B2 w,0.01759317,4268
3a1k3/4a4/9/9/2P6/9/9/9/4A4/2BAK1B2 b,-0.016481472,454
3ak4/4a4/9/9/2P6/9/9/9/4A4/2BAK1B2 w,0.018463803,3459
3ak4/4a4/9/9/3P5/9/9/9/4A4/2BAK1B2 b,-0.018059064,1175
3aka3/9/9/9/3P5/9/9/9/4A4/2BAK1B2 w,0.019039512,3550
3aka3/9/9/9/4P4/9/9/9/4A4/2BAK1B2 b,-0.019364549,463
3ak4/4a4/9/9/4P4/9/9/9/4A4/2BAK1B2 w,0.018000603,7533
3ak4/4a4/9/9/4P4/9/9/B8/4A4/3AK1B2 b,-0.017339636,1175
3aka3/9/9/9/4P4/9/9/B8/4A4/3AK1B2 w,0.018223858,3631
3aka3/9/9/4P4/9/9/9/B8/4A4/3AK1B2 b,-0.02804867,373
3a1a3/4k4/9/4P4/9/9/9/B8/4A4/3AK1B2 w,0.023736883,2822
3a1a3/4k4/9/5P3/9/9/9/B8/4A4/3AK1B2 b,-0.016150212,1174
3aka3/9/9/5P3/9/9/9/B8/4A4/3AK1B2 w,0.017709041,5753
3aka3/9/9/5P3/9/9/9/9/4A4/2BAK1B2 b,-0.016041184,283
4ka3/4a4/9/5P3/9/9/9/9/4A4/2BAK1B2 w,0.021976566,7901
4ka3/4a4/9/5P3/9/9/9/8B/4A4/2BAK4 b,-0.017038418,1191
4ka3/9/3a5/5P3/9/9/9/8B/4A4/2BAK4 w,0.016727138,2913
4ka3/9/3a5/6P2/9/9/9/8B/4A4/2BAK4 b,-0.018923951,373
5a3/4k4/3a5/6P2/9/9/9/8B/4A4/2BAK4 w,0.016921544,6477
5a3/4k4/3a5/6P2/9/9/9/9/4A4/2BAK1B2 b,-0.012828899,1174
4ka3/9/3a5/6P2/9/9/9/9/4A4/2BAK1B2 w,0.016552044,7736
4ka3/9/3a5/6P2/9/9/9/9/4A4/2BA1KB2 b,-0.01650138,463
4k4/4a4/3a5/6P2/9/9/9/9/4A4/2BA1KB2 w,0.011524081,7537
4k4/4a4/3a5/6P2/9/9/9/4B4/4A4/3A1KB2 b,-0.012038434,1193
4k4/9/3a1a3/6P2/9/9/9/4B4/4A4/3A1KB2 w,0.014989043,3002
4k4/9/3a1a3/5P3/9/9/9/4B4/4A4/3A1KB2 b,-0.014686418,2083
4k4/4a4/3a5/5P3/9/9/9/4B4/4A4/3A1KB2 w,0.016688539,7901
4k4/4a4/3a5/5P3/9/9/9/4B3B/4A4/3A1K3 b,-0.01254983,1175
4ka3/9/3a5/5P3/9/9/9/4B3B/4A4/3A1K3 w,0.013528729,2911
4ka3/9/3a5/4P4/9/9/9/4B3B/4A4/3A1K3 b,-0.01563896,463
4k4/4a4/3a5/4P4/9/9/9/4B3B/4A4/3A1K3 w,0.030314231,2812
4k4/4a4/3aP4/9/9/9/9/4B3B/4A4/3A1K3 b,-0.021446753,363
3k5/4a4/3aP4/9/9/9/9/4B3B/4A4/3A1K3 w,0.03171697,6113
3k5/4a4/3aP4/9/9/9/9/8B/4A4/2BA1K3 b,-0.025186121,282
9/3ka4/3aP4/9/9/9/9/8B/4A4/2BA1K3 w,0.028378416,6908
9/3ka4/3aP4/9/9/9/9/5A2B/9/2BA1K3 b,-0.027715338,1083
3k5/4a4/3aP4/9/9/9/9/5A2B/9/2BA1K3 w,0.034982897,7825
3k5/4a4/3aP4/9/9/9/9/5A2B/9/2BAK4 b,-0.025875747,282
9/3ka4/3aP4/9/9/9/9/5A2B/9/2BAK4 w,0.032839965,7726
9/3ka4/3aP4/9/9/9/9/5A2B/4K4/2BA5 b,-0.03306527,1083
3k5/4a4/3aP4/9/9/9/9/5A2B/4K4/2BA5 w,0.04283111,7533
3k5/4a4/3aP4/9/9/9/9/B4A2B/4K4/3A5 b,-0.028471662,282
9/3ka4/3aP4/9/9/9/9/B4A2B/4K4/3A5 w,0.033043575,6477
9/3ka4/3aP4/9/9/9/9/B4A3/4K4/3A2B2 b,-0.030539358,1083
3k5/4a4/3aP4/9/9/9/9/B4A3/4K4/3A2B2 w,0.033062626,6925
3k5/4a4/3aP4/9/9/9/9/B4A3/9/3AK1B2 b,-0.022969222,282
9/3ka4/3aP4/9/9/9/9/B4A3/9/3AK1B2 w,0.026350213,6196
9/3ka4/3aP4/9/9/9/9/B8/4A4/3AK1B2 b,-0.024074137,1083
3k5/4a4/3aP4/9/9/9/9/B8/4A4/3AK1B2 w,0.03147688,6906
3k5/4a4/3aP4/9/9/9/9/B2A5/9/3AK1B2 b,-0.023056531,282
9/3ka4/3aP4/9/9/9/9/B2A5/9/3AK1B2 w,0.026868153,7901
9/3ka4/3aP4/9/9/9/9/B2A4B/9/3AK4 b,-0.02544936,1083
3k5/4a4/3aP4/9/9/9/9/B2A4B/9/3AK4 w,0.027521396,7636
3k5/4a4/3aP4/9/9/9/9/B2A4B/4A4/4K4 b,-0.02438209,274
4k4/4a4/3aP4/9/9/9/9/B2A4B/4A4/4K4 w,0.028871512,6926
4k4/4a4/3aP4/9/9/9/9/B2A4B/9/4KA3 b,-0.02475971,365
5k3/4a4/3aP4/9/9/9/9/B2A4B/9/4KA3 w,0.028569078,6016
5k3/4a4/3aP4/9/9/9/9/B7B/4A4/4KA3 b,-0.025278091,454
4k4/4a4/3aP4/9/9/9/9/B7B/4A4/4KA3 w,0.030507518,6477
4k4/4a4/3aP4/9/9/9/9/B8/4A4/4KAB2 b,-0.025010204,365
5k3/4a4/3aP4/9/9/9/9/B8/4A4/4KAB2 w,0.03344133,6908
5k3/4a4/3aP4/9/9/9/9/B4A3/9/4KAB2 b,-0.025743937,464
9/4ak3/3aP4/9/9/9/9/B4A3/9/4KAB2 w,0.032639313,7726
9/4ak3/3aP4/9/9/9/9/B4A3/4K4/5AB2 b,-0.030343104,1265
5k3/4a4/3aP4/9/9/9/9/B4A3/4K4/5AB2 w,0.03646586,5753
5k3/4a4/3aP4/9/9/9/9/5A3/4K4/2B2AB2 b,-0.025598539,464
9/4ak3/3aP4/9/9/9/9/5A3/4K4/2B2AB2 w,0.024006844,6925
9/4ak3/3aP4/9/9/9/9/5A3/9/2B1KAB2 b,-0.02302649,1265
5k3/4a4/3aP4/9/9/9/9/5A3/9/2B1KAB2 w,0.030571891,7901
5k3/4a4/3aP4/9/9/9/9/5A2B/9/2B1KA3 b,-0.022313166,464
9/4ak3/3aP4/9/9/9/9/5A2B/9/2B1KA3 w,0.019515825,6441
9/4ak3/3aP4/9/9/6B2/9/5A3/9/2B1KA3 b,-0.018118251,1265
5k3/4a4/3aP4/9/9/6B2/9/5A3/9/2B1KA3 w,0.022871066,7533
5k3/4a4/3aP4/9/9/6B2/9/B4A3/9/4KA3 b,-0.017315364,464
9/4ak3/3aP4/9/9/6B2/9/B4A3/9/4KA3 w,0.021924663,4661
9/4ak3/3aP4/9/9/9/9/B4A2B/9/4KA3 b,-0.020705462,1265
5k3/4a4/3aP4/9/9/9/9/B4A2B/9/4KA3 w,0.02637577,7816
5k3/4a4/3aP4/9/9/9/9/B4A2B/4A4/4K4 b,-0.023632575,454
4k4/4a4/3aP4/9/9/9/9/B4A2B/4A4/4K4 w,0.02612381,7734
4k4/4a4/3aP4/9/9/9/9/B4A2B/4A4/3K5 b,-0.018579556,365
5k3/4a4/3aP4/9/9/9/9/B4A2B/4A4/3K5 w,0.028049326,6926
5k3/4a4/3aP4/9/9/9/9/B4A2B/9/3K1A3 b,-0.021762777,464
9/4ak3/3aP4/9/9/9/9/B4A2B/9/3K1A3 w,0.030759191,7635
9/4ak3/3aP4/9/9/9/9/B4A2B/3K5/5A3 b,-0.028607631,1265
5k3/4a4/3aP4/9/9/9/9/B4A2B/3K5/5A3 w,0.03383081,5753
5k3/4a4/3aP4/9/9/9/9/5A2B/3K5/2B2A3 b,-0.024117757,464
9/4ak3/3aP4/9/9/9/9/5A2B/3K5/2B2A3 w,0.02266469,6826
9/4ak3/3aP4/9/9/9/9/5A2B/4K4/2B2A3 b,-0.020454561,1265
5k3/4a4/3aP4/9/9/9/9/5A2B/4K4/2B2A3 w,0.02996595,7533
5k3/4a4/3aP4/9/9/9/9/B4A2B/4K4/5A3 b,-0.018401539,464
9/4ak3/3aP4/9/9/9/9/B4A2B/4K4/5A3 w,0.02595768,5717
9/4ak3/3aP4/9/9/2B6/9/5A2B/4K4/5A3 b,-0.022689044,1265
5k3/4a4/3aP4/9/9/2B6/9/5A2B/4K4/5A3 w,0.029494023,6477
5k3/4a4/3aP4/9/9/2B6/9/5A3/4K4/5AB2 b,-0.017803634,464
9/4ak3/3aP4/9/9/2B6/9/5A3/4K4/5AB2 w,0.019513965,6925
9/4ak3/3aP4/9/9/2B6/9/5A3/9/4KAB2 b,-0.017947054,1265
5k3/4a4/3aP4/9/9/2B6/9/5A3/9/4KAB2 w,0.022054387,7901
5k3/4a4/3aP4/9/9/2B6/9/5A2B/9/4KA3 b,-0.015974736,464
9/4ak3/3aP4/9/9/2B6/9/5A2B/9/4KA3 w,0.01361034,6441
9/4ak3/3aP4/9/9/2B3B2/9/5A3/9/4KA3 b,-0.011999929,1265
5k3/4a4/3aP4/9/9/2B3B2/9/5A3/9/4KA3 w,0.012510419,7816
5k3/4a4/3aP4/9/9/2B3B2/9/5A3/4A4/4K4 b,-0.012268591,464
9/4ak3/3aP4/9/9/2B3B2/9/5A3/4A4/4K4 w,0.012191081,4297
9/4ak3/3aP4/9/9/6B2/9/4BA3/4A4/4K4 b,-0.011842298,1265
5k3/4a4/3aP4/9/9/6B2/9/4BA3/4A4/4K4 w,0.011784792,7734
5k3/4a4/3aP4/9/9/6B2/9/4BA3/4A4/3K5 b,-0.013794827,454
4k4/4a4/3aP4/9/9/6B2/9/4BA3/4A4/3K5 w,0.020069385,4661
4k4/4a4/3aP4/9/9/9/9/4BA2B/4A4/3K5 b,-0.0140027525,365
5k3/4a4/3aP4/9/9/9/9/4BA2B/4A4/3K5 w,0.027574612,6117
5k3/4a4/3aP4/9/9/9/9/5A2B/4A4/3K2B2 b,-0.02158848,464
9/4ak3/3aP4/9/9/9/9/5A2B/4A4/3K2B2 w,0.0334708,6906
9/4ak3/3aP4/9/9/9/9/3A1A2B/9/3K2B2 b,-0.028691603,1265
5k3/4a4/3aP4/9/9/9/9/3A1A2B/9/3K2B2 w,0.03404839,7645
5k3/4a4/3aP4/9/9/9/9/3A1A2B/9/4K1B2 b,-0.022695912,464
9/4ak3/3aP4/9/9/9/9/3A1A2B/9/4K1B2 w,0.029159188,7736
9/4ak3/3aP4/9/9/9/9/3A1A2B/9/5KB2 b,-0.02292111,1265
5k3/4a4/3aP4/9/9/9/9/3A1A2B/9/5KB2 w,0.0240654,6016
5k3/4a4/3aP4/9/9/9/9/5A2B/4A4/5KB2 b,-0.023891628,454
4k4/4a4/3aP4/9/9/9/9/5A2B/4A4/5KB2 w,0.024141956,7825
4k4/4a4/3aP4/9/9/9/9/5A2B/4A4/4K1B2 b,-0.018675124,365
5k3/4a4/3aP4/9/9/9/9/5A2B/4A4/4K1B2 w,0.030743433,6926
5k3/4a4/3aP4/9/9/9/9/5A2B/9/4KAB2 b,-0.021812404,464
9/4ak3/3aP4/9/9/9/9/5A2B/9/4KAB2 w,0.023672104,6196
9/4ak3/3aP4/9/9/9/9/8B/4A4/4KAB2 b,-0.022329856,1265
5k3/4a4/3aP4/9/9/9/9/8B/4A4/4KAB2 w,0.02977345,6906
5k3/4a4/3aP4/9/9/9/9/3A4B/9/4KAB2 b,-0.018663717,464
9/4ak3/3aP4/9/9/9/9/3A4B/9/4KAB2 w,0.017837215,7816
9/4ak3/3aP4/9/9/9/9/3A4B/4A4/4K1B2 b,-0.015968287,1265
5k3/4a4/3aP4/9/9/9/9/3A4B/4A4/4K1B2 w,0.02632532,6924
5k3/4a4/3aP4/9/9/9/9/3A4B/9/3AK1B2 b,-0.016392315,464
9/4ak3/3aP4/9/9/9/9/3A4B/9/3AK1B2 w,0.021669794,6016
9/4ak3/3aP4/9/9/9/9/8B/4A4/3AK1B2 b,-0.019311382,1265
5k3/4a4/3aP4/9/9/9/9/8B/4A4/3AK1B2 w,0.02413938,6908
5k3/4a4/3aP4/9/9/9/9/5A2B/9/3AK1B2 b,-0.014653278,464
9/4ak3/3aP4/9/9/9/9/5A2B/9/3AK1B2 w,0.016982412,6441
9/4ak3/3aP4/9/9/6B2/9/5A3/9/3AK1B2 b,-0.015720535,1265
5k3/4a4/3aP4/9/9/6B2/9/5A3/9/3AK1B2 w,0.01430986,7636
5k3/4a4/3aP4/9/9/6B2/9/5A3/4A4/4K1B2 b,-0.01406101,454
4k4/4a4/3aP4/9/9/6B2/9/5A3/4A4/4K1B2 w,0.019180585,7901
4k4/4a4/3aP4/9/9/6B2/9/5A2B/4A4/4K4 b,-0.01635611,365
5k3/4a4/3aP4/9/9/6B2/9/5A2B/4A4/4K4 w,0.026092052,6906
5k3/4a4/3aP4/9/9/6B2/9/3A1A2B/9/4K4 b,-0.015311611,464
9/4ak3/3aP4/9/9/6B2/9/3A1A2B/9/4K4 w,0.01816733,7736
9/4ak3/3aP4/9/9/6B2/9/3A1A2B/9/5K3 b,-0.017160451,1265
5k3/4a4/3aP4/9/9/6B2/9/3A1A2B/9/5K3 w,0.025617957,7817
5k3/4a4/3aP4/9/9/6B2/9/3A1A2B/5K3/9 b,-0.020474304,464
9/4ak3/3aP4/9/9/6B2/9/3A1A2B/5K3/9 w,0.024813533,7006
9/4ak3/3aP4/9/9/6B2/9/3A1A2B/4K4/9 b,-0.02200134,1265
5k3/4a4/3aP4/9/9/6B2/9/3A1A2B/4K4/9 w,0.027852511,4657
5k3/4a4/3aP4/9/9/9/9/3ABA2B/4K4/9 b,-0.024112642,454
4k4/4a4/3aP4/9/9/9/9/3ABA2B/4K4/9 w,0.033053663,6113
4k4/4a4/3aP4/9/9/9/9/3A1A2B/4K4/2B6 b,-0.035778966,363
3k5/4a4/3aP4/9/9/9/9/3A1A2B/4K4/2B6 w,0.04229269,6477
3k5/4a4/3aP4/9/9/9/9/3A1A3/4K4/2B3B2 b,-0.030116368,282
9/3ka4/3aP4/9/9/9/9/3A1A3/4K4/2B3B2 w,0.032516122,6925
9/3ka4/3aP4/9/9/9/9/3A1A3/9/2B1K1B2 b,-0.031743288,1083
3k5/4a4/3aP4/9/9/9/9/3A1A3/9/2B1K1B2 w,0.03719113,7533
3k5/4a4/3aP4/9/9/9/9/B2A1A3/9/4K1B2 b,-0.024977148,282
9/3ka4/3aP4/9/9/9/9/B2A1A3/9/4K1B2 w,0.028700972,7901
9/3ka4/3aP4/9/9/9/9/B2A1A2B/9/4K4 b,-0.025325919,1083
3k5/4a4/3aP4/9/9/9/9/B2A1A2B/9/4K4 w,0.02802751,6441
3k5/4a4/3aP4/9/9/6B2/9/B2A1A3/9/4K4 b,-0.017611159,282
9/3ka4/3aP4/9/9/6B2/9/B2A1A3/9/4K4 w,0.017796898,6016
9/3ka4/3aP4/9/9/6B2/9/B4A3/4A4/4K4 b,-0.017545164,1083
3k5/4a4/3aP4/9/9/6B2/9/B4A3/4A4/4K4 w,0.030299712,6926
3k5/4a4/3aP4/9/9/6B2/9/B4A3/9/4KA3 b,-0.023171473,282
9/3ka4/3aP4/9/9/6B2/9/B4A3/9/4KA3 w,0.049468804,7734
9/3ka4/3aP4/9/9/6B2/9/B4A3/9/3K1A3 b,-0.042310026,1173
3a5/3k5/3aP4/9/9/6B2/9/B4A3/9/3K1A3 w,0.05561168,2001
3a5/3k5/3P5/9/9/6B2/9/B4A3/9/3K1A3 b,-0.057840873,1093
3a5/4k4/3P5/9/9/6B2/9/B4A3/9/3K1A3 w,0.06788828,4661
3a5/4k4/3P5/9/9/9/9/B4A2B/9/3K1A3 b,-0.067361794,1174
3ak4/9/3P5/9/9/9/9/B4A2B/9/3K1A3 w,0.07111788,1912
3ak4/9/4P4/9/9/9/9/B4A2B/9/3K1A3 b,-0.07202225,365
3a1k3/9/4P4/9/9/9/9/B4A2B/9/3K1A3 w,0.070289634,7645
3a1k3/9/4P4/9/9/9/9/B4A2B/9/4KA3 b,-0.07134243,454
3ak4/9/4P4/9/9/9/9/B4A2B/9/4KA3 w,0.07686088,6477
3ak4/9/4P4/9/9/9/9/B4A3/9/4KAB2 b,-0.067345284,365
3a1k3/9/4P4/9/9/9/9/B4A3/9/4KAB2 w,0.07684679,7726
3a1k3/9/4P4/9/9/9/9/B4A3/4K4/5AB2 b,-0.06820607,454
3ak4/9/4P4/9/9/9/9/B4A3/4K4/5AB2 w,0.073713996,5753
3ak4/9/4P4/9/9/9/9/5A3/4K4/2B2AB2 b,-0.06322878,365
3a1k3/9/4P4/9/9/9/9/5A3/4K4/2B2AB2 w,0.06942933,6915
3a1k3/9/4P4/9/9/9/9/5A3/3K5/2B2AB2 b,-0.06416973,454
3ak4/9/4P4/9/9/9/9/5A3/3K5/2B2AB2 w,0.07538271,7901
3ak4/9/4P4/9/9/9/9/5A2B/3K5/2B2A3 b,-0.07009142,283
4k4/4a4/4P4/9/9/9/9/5A2B/3K5/2B2A3 w,0.0736702,7816
4k4/4a4/4P4/9/9/9/9/5A2B/3KA4/2B6 b,-0.061979365,1175
4ka3/9/4P4/9/9/9/9/5A2B/3KA4/2B6 w,0.07451506,6906
4ka3/9/4P4/9/9/9/9/3A1A2B/3K5/2B6 b,-0.06880357,463
4k4/4a4/4P4/9/9/9/9/3A1A2B/3K5/2B6 w,0.072682,6826
4k4/4a4/4P4/9/9/9/9/3A1A2B/4K4/2B6 b,-0.07100109,1173
3ak4/9/4P4/9/9/9/9/3A1A2B/4K4/2B6 w,0.08054519,6477
3ak4/9/4P4/9/9/9/9/3A1A3/4K4/2B3B2 b,-0.07114452,365
3a1k3/9/4P4/9/9/9/9/3A1A3/4K4/2B3B2 w,0.075397015,6925
3a1k3/9/4P4/9/9/9/9/3A1A3/9/2B1K1B2 b,-0.06339355,454
3ak4/9/4P4/9/9/9/9/3A1A3/9/2B1K1B2 w,0.07295191,7533
3ak4/9/4P4/9/9/9/9/B2A1A3/9/4K1B2 b,-0.06479025,365
3a1k3/9/4P4/9/9/9/9/B2A1A3/9/4K1B2 w,0.06955345,7901
3a1k3/9/4P4/9/9/9/9/B2A1A2B/9/4K4 b,-0.06515614,454
3ak4/9/4P4/9/9/9/9/B2A1A2B/9/4K4 w,0.07195971,7726
3ak4/9/4P4/9/9/9/9/B2A1A2B/4K4/9 b,-0.06327257,365
3a1k3/9/4P4/9/9/9/9/B2A1A2B/4K4/9 w,0.06764076,6441
3a1k3/9/4P4/9/9/6B2/9/B2A1A3/4K4/9 b,-0.06423878,454
3ak4/9/4P4/9/9/6B2/9/B2A1A3/4K4/9 w,0.06517346,5717
3ak4/9/4P4/9/9/2B3B2/9/3A1A3/4K4/9 b,-0.061013795,365
3a1k3/9/4P4/9/9/2B3B2/9/3A1A3/4K4/9 w,0.070026115,4661
3a1k3/9/4P4/9/9/2B6/9/3A1A2B/4K4/9 b,-0.060447622,454
3ak4/9/4P4/9/9/2B6/9/3A1A2B/4K4/9 w,0.069232464,6477
3ak4/9/4P4/9/9/2B6/9/3A1A3/4K4/6B2 b,-0.05553783,365
3a1k3/9/4P4/9/9/2B6/9/3A1A3/4K4/6B2 w,0.05990026,6925
3a1k3/9/4P4/9/9/2B6/9/3A1A3/9/4K1B2 b,-0.055164028,464
3a5/5k3/4P4/9/9/2B6/9/3A1A3/9/4K1B2 w,0.06148329,7901
3a5/5k3/4P4/9/9/2B6/9/3A1A2B/9/4K4 b,-0.055034246,1265
3a1k3/9/4P4/9/9/2B6/9/3A1A2B/9/4K4 w,0.06515038,4297
3a1k3/9/4P4/9/9/9/9/3ABA2B/9/4K4 b,-0.059545256,454
3ak4/9/4P4/9/9/9/9/3ABA2B/9/4K4 w,0.07183802,6117
3ak4/9/4P4/9/9/9/9/3A1A2B/9/4K1B2 b,-0.06124277,365
3a1k3/9/4P4/9/9/9/9/3A1A2B/9/4K1B2 w,0.0701102,7736
3a1k3/9/4P4/9/9/9/9/3A1A2B/9/5KB2 b,-0.06409516,464
3a5/5k3/4P4/9/9/9/9/3A1A2B/9/5KB2 w,0.06458273,6016
3a5/5k3/4P4/9/9/9/9/5A2B/4A4/5KB2 b,-0.06186843,1265
3a1k3/9/4P4/9/9/9/9/5A2B/4A4/5KB2 w,0.057071473,7825
3a1k3/9/4P4/9/9/9/9/5A2B/4A4/4K1B2 b,-0.062411953,464
3a5/5k3/4P4/9/9/9/9/5A2B/4A4/4K1B2 w,0.07331586,6926
3a5/5k3/4P4/9/9/9/9/5A2B/9/4KAB2 b,-0.061119404,1265
3a1k3/9/4P4/9/9/9/9/5A2B/9/4KAB2 w,0.06933317,7734
3a1k3/9/4P4/9/9/9/9/5A2B/9/3K1AB2 b,-0.060383655,464
3a5/5k3/4P4/9/9/9/9/5A2B/9/3K1AB2 w,0.07204211,7635
3a5/5k3/4P4/9/9/9/9/5A2B/3K5/5AB2 b,-0.0632092,1265
3a1k3/9/4P4/9/9/9/9/5A2B/3K5/5AB2 w,0.062500216,6826
3a1k3/9/4P4/9/9/9/9/5A2B/4K4/5AB2 b,-0.05516639,454
3ak4/9/4P4/9/9/9/9/5A2B/4K4/5AB2 w,0.070734955,6907
3ak4/9/4P4/9/9/9/9/4KA2B/9/5AB2 b,-0.06626016,365
3a1k3/9/4P4/9/9/9/9/4KA2B/9/5AB2 w,0.07856474,7816
3a1k3/9/4P4/9/9/9/9/4KA2B/4A4/6B2 b,-0.078683905,464
3a5/5k3/4P4/9/9/9/9/4KA2B/4A4/6B2 w,0.08315706,6924
3a5/5k3/4P4/9/9/9/9/4KA2B/9/3A2B2 b,-0.072311215,1265
3a1k3/9/4P4/9/9/9/9/4KA2B/9/3A2B2 w,0.07852061,6441
3a1k3/9/4P4/9/9/6B2/9/4KA3/9/3A2B2 b,-0.07689281,464
3a5/5k3/4P4/9/9/6B2/9/4KA3/9/3A2B2 w,0.073904134,6106
3a5/5k3/4P4/9/9/6B2/9/5A3/4K4/3A2B2 b,-0.06239686,1265
3a1k3/9/4P4/9/9/6B2/9/5A3/4K4/3A2B2 w,0.06472113,6915
3a1k3/9/4P4/9/9/6B2/9/5A3/3K5/3A2B2 b,-0.067142345,464
3a5/5k3/4P4/9/9/6B2/9/5A3/3K5/3A2B2 w,0.07533536,4661
3a5/5k3/4P4/9/9/9/9/5A2B/3K5/3A2B2 b,-0.06505709,1265
3a1k3/9/4P4/9/9/9/9/5A2B/3K5/3A2B2 w,0.06680181,7636
3a1k3/9/4P4/9/9/9/9/5A2B/3KA4/6B2 b,-0.05445702,454
3ak4/9/4P4/9/9/9/9/5A2B/3KA4/6B2 w,0.06042364,6906
3ak4/9/4P4/9/9/9/9/3A1A2B/3K5/6B2 b,-0.05666541,365
3a1k3/9/4P4/9/9/9/9/3A1A2B/3K5/6B2 w,0.06417971,6441
3a1k3/9/4P4/9/9/6B2/9/3A1A3/3K5/6B2 b,-0.05953392,454
3ak4/9/4P4/9/9/6B2/9/3A1A3/3K5/6B2 w,0.06693125,6826
3ak4/9/4P4/9/9/6B2/9/3A1A3/4K4/6B2 b,-0.054729044,365
3a1k3/9/4P4/9/9/6B2/9/3A1A3/4K4/6B2 w,0.055597093,6925
3a1k3/9/4P4/9/9/6B2/9/3A1A3/9/4K1B2 b,-0.04751705,464
3a5/5k3/4P4/9/9/6B2/9/3A1A3/9/4K1B2 w,0.056872558,7901
3a5/5k3/4P4/9/9/6B2/9/3A1A2B/9/4K4 b,-0.045469906,1265
3a1k3/9/4P4/9/9/6B2/9/3A1A2B/9/4K4 w,0.05841708,7736
3a1k3/9/4P4/9/9/6B2/9/3A1A2B/9/5K3 b,-0.052664876,454
3ak4/9/4P4/9/9/6B2/9/3A1A2B/9/5K3 w,0.05612147,4657
3ak4/9/4P4/9/9/9/9/3ABA2B/9/5K3 b,-0.0569875,365
3a1k3/9/4P4/9/9/9/9/3ABA2B/9/5K3 w,0.067199804,6113
3a1k3/9/4P4/9/9/9/9/3A1A2B/9/2B2K3 b,-0.06290149,464
3a5/5k3/4P4/9/9/9/9/3A1A2B/9/2B2K3 w,0.07062473,7825
3a5/5k3/4P4/9/9/9/9/3A1A2B/9/2B1K4 b,-0.053216126,1265
3a1k3/9/4P4/9/9/9/9/3A1A2B/9/2B1K4 w,0.05602181,6441
3a1k3/9/4P4/9/9/6B2/9/3A1A3/9/2B1K4 b,-0.045124363,454
3ak4/9/4P4/9/9/6B2/9/3A1A3/9/2B1K4 w,0.060170677,7726
3ak4/9/4P4/9/9/6B2/9/3A1A3/4K4/2B6 b,-0.050473094,365
3a1k3/9/4P4/9/9/6B2/9/3A1A3/4K4/2B6 w,0.059230804,4657
3a1k3/9/4P4/9/9/9/9/3ABA3/4K4/2B6 b,-0.055640317,454
3ak4/9/4P4/9/9/9/9/3ABA3/4K4/2B6 w,0.06841309,6077
3ak4/9/4P4/9/9/2B6/9/3A1A3/4K4/2B6 b,-0.0630601,365
3a1k3/9/4P4/9/9/2B6/9/3A1A3/4K4/2B6 w,0.070942044,7533
3a1k3/9/4P4/9/9/2B6/9/B2A1A3/4K4/9 b,-0.06281288,464
3a5/5k3/4P4/9/9/2B6/9/B2A1A3/4K4/9 w,0.06727612,6925
3a5/5k3/4P4/9/9/2B6/9/B2A1A3/9/4K4 b,-0.058252063,1265
3a1k3/9/4P4/9/9/2B6/9/B2A1A3/9/4K4 w,0.06507068,4297
3a1k3/9/4P4/9/9/9/9/B2ABA3/9/4K4 b,-0.053622913,454
3ak4/9/4P4/9/9/9/9/B2ABA3/9/4K4 w,0.065613106,6113
3ak4/9/4P4/9/9/9/9/B2A1A3/9/2B1K4 b,-0.056093883,365
3a1k3/9/4P4/9/9/9/9/B2A1A3/9/2B1K4 w,0.06194062,6016
3a1k3/9/4P4/9/9/9/9/B4A3/4A4/2B1K4 b,-0.06352241,464
3a5/5k3/4P4/9/9/9/9/B4A3/4A4/2B1K4 w,0.06934553,6924
3a5/5k3/4P4/9/9/9/9/B4A3/9/2BAK4 b,-0.0590598,1265
3a1k3/9/4P4/9/9/9/9/B4A3/9/2BAK4 w,0.060097862,5717
3a1k3/9/4P4/9/9/2B6/9/5A3/9/2BAK4 b,-0.052437987,454
3ak4/9/4P4/9/9/2B6/9/5A3/9/2BAK4 w,0.06460755,7726
3ak4/9/4P4/9/9/2B6/9/5A3/4K4/2BA5 b,-0.058655202,365
3a1k3/9/4P4/9/9/2B6/9/5A3/4K4/2BA5 w,0.06781035,4297
3a1k3/9/4P4/9/9/9/9/4BA3/4K4/2BA5 b,-0.0643147,454
3ak4/9/4P4/9/9/9/9/4BA3/4K4/2BA5 w,0.07746973,6117
3ak4/9/4P4/9/9/9/9/5A3/4K4/2BA2B2 b,-0.069623135,365
3a1k3/9/4P4/9/9/9/9/5A3/4K4/2BA2B2 w,0.067427516,6925
3a1k3/9/4P4/9/9/9/9/5A3/9/2BAK1B2 b,-0.057243206,454
3ak4/9/4P4/9/9/9/9/5A3/9/2BAK1B2 w,0.06586068,7901
3ak4/9/4P4/9/9/9/9/5A2B/9/2BAK4 b,-0.058289338,365
3a1k3/9/4P4/9/9/9/9/5A2B/9/2BAK4 w,0.054788567,6441
3a1k3/9/4P4/9/9/6B2/9/5A3/9/2BAK4 b,-0.05478686,464
3a5/5k3/4P4/9/9/6B2/9/5A3/9/2BAK4 w,0.063373804,7726
3a5/5k3/4P4/9/9/6B2/9/5A3/4K4/2BA5 b,-0.060822524,1265
3a1k3/9/4P4/9/9/6B2/9/5A3/4K4/2BA5 w,0.076012544,7533
3a1k3/9/4P4/9/9/6B2/9/B4A3/4K4/3A5 b,-0.06811291,464
3a5/5k3/4P4/9/9/6B2/9/B4A3/4K4/3A5 w,0.07602928,4661
3a5/5k3/4P4/9/9/9/9/B4A2B/4K4/3A5 b,-0.06517988,1265
3a1k3/9/4P4/9/9/9/9/B4A2B/4K4/3A5 w,0.07172539,6915
3a1k3/9/4P4/9/9/9/9/B4A2B/3K5/3A5 b,-0.07088856,464
3a5/5k3/4P4/9/9/9/9/B4A2B/3K5/3A5 w,0.079827145,7636
3a5/5k3/4P4/9/9/9/9/B4A2B/3KA4/9 b,-0.06806395,1265
3a1k3/9/4P4/9/9/9/9/B4A2B/3KA4/9 w,0.07215183,5753
3a1k3/9/4P4/9/9/9/9/5A2B/3KA4/2B6 b,-0.060313046,454
3ak4/9/4P4/9/9/9/9/5A2B/3KA4/2B6 w,0.057370473,6834
3ak4/9/4P4/9/9/9/9/5A2B/4A4/2BK5 b,-0.060184576,283
4k4/4a4/4P4/9/9/9/9/5A2B/4A4/2BK5 w,0.06703591,6926
4k4/4a4/4P4/9/9/9/9/5A2B/9/2BK1A3 b,-0.06301166,1175
4ka3/9/4P4/9/9/9/9/5A2B/9/2BK1A3 w,0.07343977,7645
4ka3/9/4P4/9/9/9/9/5A2B/9/2B1KA3 b,-0.06410301,363
3k1a3/9/4P4/9/9/9/9/5A2B/9/2B1KA3 w,0.068466924,6477
3k1a3/9/4P4/9/9/9/9/5A3/9/2B1KAB2 b,-0.05704255,282
5a3/3k5/4P4/9/9/9/9/5A3/9/2B1KAB2 w,0.06904137,7816
5a3/3k5/4P4/9/9/9/9/5A3/4A4/2B1K1B2 b,-0.06317282,1083
3k1a3/9/4P4/9/9/9/9/5A3/4A4/2B1K1B2 w,0.07117758,6906
rnbakabnr/9/1c5c1/p1p1p1p1p/9/9/P1P1P1P1P/1C5C1/9/RNBAKABNR w,0.8017992,5827
rnbakabnr/9/1c5c1/p1p1p1p1p/9/9/P1P1P1P1P/4C2C1/9/RNBAKABNR b,-0.801796,110
r1bakabnr/9/1cn4c1/p1p1p1p1p/9/9/P1P1P1P1P/4C2C1/9/RNBAKABNR w,0.80181926,7445
r1bakabnr/9/1cn4c1/p1p1p1p1p/9/9/P1P1P1P1P/2N1C2C1/9/R1BAKABNR b,-0.80182236,562
r1baka1nr/9/1cn1b2c1/p1p1p1p1p/9/9/P1P1P1P1P/2N1C2C1/9/R1BAKABNR w,0.8019497,7372
r1baka1nr/9/1cn1b2c1/p1p1p1p1p/9/9/P1P1P1P1P/2N1C2C1/9/1RBAKABNR b,-0.801763,1
1rbaka1nr/9/1cn1b2c1/p1p1p1p1p/9/9/P1P1P1P1P/2N1C2C1/9/1RBAKABNR w,0.80169904,6368
1rbaka1nr/9/1cn1b2c1/p1p1p1p1p/9/9/P1P1P1P1P/2N1CC3/9/1RBAKABNR b,-0.8012789,654
1rbaka2r/9/1cn1b1nc1/p1p1p1p1p/9/9/P1P1P1P1P/2N1CC3/9/1RBAKABNR w,0.8015947,7989
1rbaka2r/9/1cn1b1nc1/p1p1p1p1p/9/9/P1P1P1P1P/2N1CCN2/9/1RBAKAB1R b,-0.8013682,3012
1rbaka2r/9/1cn1b1nc1/p1p1p3p/6p2/9/P1P1P1P1P/2N1CCN2/9/1RBAKAB1R w,0.8018736,8098
1rbaka2r/9/1cn1b1nc1/p1p1p3p/6p2/9/P1P1P1P1P/2N1CCN2/9/1RBAKABR1 b,-0.8019926,727
1rbaka1r1/9/1cn1b1nc1/p1p1p3p/6p2/9/P1P1P1P1P/2N1CCN2/9/1RBAKABR1 w,0.80251306,5087
1rbaka1r1/9/1cn1b1nc1/p1p1p3p/6p2/2P6/P3P1P1P/2N1CCN2/9/1RBAKABR1 b,-0.8021549,1765
1rbaka1r1/9/2n1b1nc1/p1p1p3p/6p2/2P6/Pc2P1P1P/2N1CCN2/9/1RBAKABR1 w,0.80470604,5898
1rbaka1r1/9/2n1b1nc1/p1p1p3p/6p2/2PN5/Pc2P1P1P/4CCN2/9/1RBAKABR1 b,-0.8065378,2311
1rbaka1r1/9/2n1b1n2/p1p1p3p/6p2/2PN5/Pc2P1PcP/4CCN2/9/1RBAKABR1 w,0.80788714,6143
1rbaka1r1/9/2n1bCn2/p1p1p3p/6p2/2PN5/Pc2P1PcP/4C1N2/9/1RBAKABR1 b,-0.80890244,1986
1rbakabr1/9/2n2Cn2/p1p1p3p/6p2/2PN5/Pc2P1PcP/4C1N2/9/1RBAKABR1 w,0.81814575,4351
1rbakabr1/9/2n2Cn2/p1p1N3p/6p2/2P6/Pc2P1PcP/4C1N2/9/1RBAKABR1 b,-0.8048105,1831
1rbakabr1/9/5Cn2/p1p1n3p/6p2/2P6/Pc2P1PcP/4C1N2/9/1RBAKABR1 w,0.80509907,6061
1rbakabr1/9/5Cn2/p1p1C3p/6p2/2P6/Pc2P1PcP/6N2/9/1RBAKABR1 b,-0.7909604,109
2bakabr1/9/1r3Cn2/p1p1C3p/6p2/2P6/Pc2P1PcP/6N2/9/1RBAKABR1 w,0.8018251,2839
2bakabr1/9/1r3Cn2/p1p5p/6p2/2P1C4/Pc2P1PcP/6N2/9/1RBAKABR1 b,-0.7983007,1733
2bakabr1/9/5rn2/p1p5p/6p2/2P1C4/Pc2P1PcP/6N2/9/1RBAKABR1 w,0.80963963,7435
2bakabr1/9/5rn2/p1p5p/6p2/2P1C4/PR2P1PcP/6N2/9/2BAKABR1 b,-0.8074132,2129
2bakabr1/9/6n2/p1p5p/6p2/2P1C4/PR2PrPcP/6N2/9/2BAKABR1 w,0.8199746,7999
2bakabr1/9/6n2/p1p5p/6p2/2P1C4/PR2PrPcP/6N2/7R1/2BAKAB2 b,-0.80970854,2201
2bakabr1/9/9/p1p5p/5np2/2P1C4/PR2PrPcP/6N2/7R1/2BAKAB2 w,0.8179292,4987
2bakabr1/9/9/p1p5p/1R3np2/2P1C4/P3PrPcP/6N2/7R1/2BAKAB2 b,-0.80368257,5378
2bakabr1/9/9/p1p5p/1R3np2/2P1C4/P3P1PcP/5rN2/7R1/2BAKAB2 w,0.81997496,6290
2bakabr1/9/9/p1p5p/1R3np2/2P1C4/P3P1PcP/5r3/7RN/2BAKAB2 b,-0.80654687,5542
2bakabr1/9/9/p1p5p/1R3np2/2P1C2c1/P3P1P1P/5r3/7RN/2BAKAB2 w,0.8325298,7816
2bakabr1/9/9/p1p5p/1R3np2/2P1C2c1/P3P1P1P/5r3/4A2RN/2BAK1B2 b,-0.8115928,6179
2bakabr1/9/9/p1p5p/1R3np2/2P1C2c1/P3PrP1P/9/4A2RN/2BAK1B2 w,0.8191297,7897
2bakabr1/9/9/p1p5p/1R3np2/2P1C2c1/P3PrP1P/4B4/4A2RN/2BAK4 b,-0.81080365,3750
2bakabr1/9/9/p1p5p/1R4p2/2P1C2c1/P3Prn1P/4B4/4A2RN/2BAK4 w,0.81998193,7171
2bakabr1/9/9/p1p5p/1R4p2/2P1C2c1/P3PrnRP/4B4/4A3N/2BAK4 b,-0.81413805,3831
2bakabr1/9/9/p1p5p/1R7/2P1C1pc1/P3PrnRP/4B4/4A3N/2BAK4 w,0.8262586,7269
2bakabr1/9/9/p1p5p/1R7/2P1C1pc1/P3PrnRP/4B1N2/4A4/2BAK4 b,-0.8141286,566
2baka1r1/9/8b/p1p5p/1R7/2P1C1pc1/P3PrnRP/4B1N2/4A4/2BAK4 w,0.8338576,3369
2baka1r1/9/8b/p1p5p/3R5/2P1C1pc1/P3PrnRP/4B1N2/4A4/2BAK4 b,-0.8156205,664
2baka3/9/8b/p1p4rp/3R5/2P1C1pc1/P3PrnRP/4B1N2/4A4/2BAK4 w,0.8368554,3552
2baka3/9/8b/p1p4rp/6R2/2P1C1pc1/P3PrnRP/4B1N2/4A4/2BAK4 b,-0.8237767,3092
2baka3/9/8b/p1p2r2p/6R2/2P1C1pc1/P3PrnRP/4B1N2/4A4/2BAK4 w,0.8281116,3831
2baka3/9/8b/p1p2r2p/9/2P1C1Rc1/P3PrnRP/4B1N2/4A4/2BAK4 b,-0.81971073,4729
2baka3/9/8b/p1p2r2p/9/2P1c1R2/P3PrnRP/4B1N2/4A4/2BAK4 w,0.8366259,5269
2baka3/9/8b/p1p2r2p/9/2P1P1R2/P4rnRP/4B1N2/4A4/2BAK4 b,-0.85661054,5364
2baka3/9/8b/p1p2r2p/9/2P1P1R2/r5nRP/4B1N2/4A4/2BAK4 w,0.8585887,5550
2baka3/9/8b/p1p2r2p/9/2P1P1R2/r5R1P/4B1N2/4A4/2BAK4 b,-0.84902275,4920
2baka3/9/8b/p1p2r2p/9/2P1P1R2/6r1P/4B1N2/4A4/2BAK4 w,0.85054725,4650
2baka3/9/8b/p1p2r2p/9/2P1P4/6R1P/4B1N2/4A4/2BAK4 b,-0.84683925,2466
2baka3/9/8b/2p2r2p/p8/2P1P4/6R1P/4B1N2/4A4/2BAK4 w,0.85944104,4450
2baka3/9/8b/2p2r2p/p3P4/2P6/6R1P/4B1N2/4A4/2BAK4 b,-0.86163247,3285
2baka3/9/8b/2p2r2p/4P4/p1P6/6R1P/4B1N2/4A4/2BAK4 w,0.86507756,5458
2baka3/9/8b/2p2r2p/4P4/p1P6/4R3P/4B1N2/4A4/2BAK4 b,-0.853645,463
2bak4/4a4/8b/2p2r2p/4P4/p1P6/4R3P/4B1N2/4A4/2BAK4 w,0.8603798,3631
2bak4/4a4/8b/2p1Pr2p/9/p1P6/4R3P/4B1N2/4A4/2BAK4 b,-0.8497326,2914
2bak4/4a4/8b/2p1P2rp/9/p1P6/4R3P/4B1N2/4A4/2BAK4 w,0.84976643,6260
2bak4/4a4/8b/2p1P2rp/9/p1P2N3/4R3P/4B4/4A4/2BAK4 b,-0.8581477,3148
2bak4/4a4/8b/2p1P3p/9/p1P2N3/4R3P/4B4/4A4/2BAK2r1 w,0.8685069,6926
2bak4/4a4/8b/2p1P3p/9/p1P2N3/4R3P/4B4/9/2BAKA1r1 b,-0.8708175,7972
2bak4/4a4/8b/2p1P3p/9/p1P2N1r1/4R3P/4B4/9/2BAKA3 w,0.88055587,4539
2bak4/4a4/8b/2p1P3p/3N5/p1P4r1/4R3P/4B4/9/2BAKA3 b,-0.8767218,4714
2bak4/4a4/8b/2p1P2rp/3N5/p1P6/4R3P/4B4/9/2BAKA3 w,0.8792309,3538
2bak4/4a4/8b/1Np1P2rp/9/p1P6/4R3P/4B4/9/2BAKA3 b,-0.8725866,3085
2bak4/4a4/7rb/1Np1P3p/9/p1P6/4R3P/4B4/9/2BAKA3 w,0.8739279,2531
2bak4/2N1a4/7rb/2p1P3p/9/p1P6/4R3P/4B4/9/2BAKA3 b,-0.87319106,365
2ba1k3/2N1a4/7rb/2p1P3p/9/p1P6/4R3P/4B4/9/2BAKA3 w,0.8777477,2812
2ba1k3/2N1a4/4P2rb/2p5p/9/p1P6/4R3P/4B4/9/2BAKA3 b,-0.85402423,202
3a1k3/2N1a4/4b2rb/2p5p/9/p1P6/4R3P/4B4/9/2BAKA3 w,0.861167,1012
3a1k3/4a4/4N2rb/2p5p/9/p1P6/4R3P/4B4/9/2BAKA3 b,-0.857087,2273
3a1k3/4a4/4Nr2b/2p5p/9/p1P6/4R3P/4B4/9/2BAKA3 w,0.8591488,2009
3a1k3/4a4/5r2b/2N5p/9/p1P6/4R3P/4B4/9/2BAKA3 b,-0.8548358,2156
3a1k3/4a4/8b/2N5p/9/p1P6/4R3P/4B4/9/2BAKr3 w,0.8486348,7726
3a1k3/4a4/8b/2N5p/9/p1P6/4R3P/4B4/4K4/2BA1r3 b,-0.8386436,7763
3a1k3/4a4/5r2b/2N5p/9/p1P6/4R3P/4B4/4K4/2BA5 w,0.85714406,4268
3a1k3/4a4/5r2b/2N5p/2P6/p8/4R3P/4B4/4K4/2BA5 b,-0.84816253,2102
3a1k3/4a4/8b/2N2r2p/2P6/p8/4R3P/4B4/4K4/2BA5 w,0.86324507,2632
3a1k3/4a4/4N3b/5r2p/2P6/p8/4R3P/4B4/4K4/2BA5 b,-0.8542409,2903
3a1k3/4a4/4Nr2b/8p/2P6/p8/4R3P/4B4/4K4/2BA5 w,0.85735077,2019
3a1k3/4a4/5r2b/8p/2PN5/p8/4R3P/4B4/4K4/2BA5 b,-0.8452867,4096
3a1k3/4a4/5r2b/8p/2PN5/1p7/4R3P/4B4/4K4/2BA5 w,0.8605342,3449
3a1k3/4a4/5r2b/2P5p/3N5/1p7/4R3P/4B4/4K4/2BA5 b,-0.8548311,2111
3a1k3/4a4/8b/2P5p/3N1r3/1p7/4R3P/4B4/4K4/2BA5 w,0.85463136,3556
3a1k3/4a4/8b/2P5p/5r3/1N7/4R3P/4B4/4K4/2BA5 b,-0.84303033,3194
3a1k3/4a4/8b/2P6/5r2p/1N7/4R3P/4B4/4K4/2BA5 w,0.8551384,6925
3a1k3/4a4/8b/2P6/5r2p/1N7/4R3P/4B4/9/2BAK4 b,-0.8464246,3733
3a1k3/4a4/8b/2P6/7rp/1N7/4R3P/4B4/9/2BAK4 w,0.8510491,5279
3a1k3/4a4/8b/2P6/7rp/1N7/5R2P/4B4/9/2BAK4 b,-0.8545425,454
3ak4/4a4/8b/2P6/7rp/1N7/5R2P/4B4/9/2BAK4 w,0.8623559,7636
3ak4/4a4/8b/2P6/7rp/1N7/5R2P/4B4/4A4/2B1K4 b,-0.8526901,2346
3ak1b2/4a4/9/2P6/7rp/1N7/5R2P/4B4/4A4/2B1K4 w,0.8662664,4197
3ak1b2/4a4/9/2P6/7rp/9/3N1R2P/4B4/4A4/2B1K4 b,-0.8597943,3958
3ak1b2/4a4/9/2P6/8p/9/3N1R2P/4B4/4A4/2B1K2r1 w,0.8610972,6926
3ak1b2/4a4/9/2P6/8p/9/3N1R2P/4B4/9/2B1KA1r1 b,-0.85991645,7963
3ak1b2/4a4/9/2P6/7rp/9/3N1R2P/4B4/9/2B1KA3 w,0.8615292,5370
3ak1b2/4a4/9/2P6/7rp/9/3N2R1P/4B4/9/2B1KA3 b,-0.8613066,562
3ak4/4a4/4b4/2P6/7rp/9/3N2R1P/4B4/9/2B1KA3 w,0.8616881,5180
3ak4/4a4/4b4/2P6/7rp/5N3/6R1P/4B4/9/2B1KA3 b,-0.8497244,3911
3ak4/4a4/4b4/2P6/5r2p/5N3/6R1P/4B4/9/2B1KA3 w,0.8596415,4569
3ak4/4a4/4b4/2P6/5r2p/9/6R1P/4B1N2/9/2B1KA3 b,-0.85517174,3722
3ak4/4a4/4b4/2P2r3/8p/9/6R1P/4B1N2/9/2B1KA3 w,0.85925424,5456
3ak4/4a4/4b4/2P2r3/8p/9/2R5P/4B1N2/9/2B1KA3 b,-0.851996,365
3a1k3/4a4/4b4/2P2r3/8p/9/2R5P/4B1N2/9/2B1KA3 w,0.861715,7816
3a1k3/4a4/4b4/2P2r3/8p/9/2R5P/4B1N2/4A4/2B1K4 b,-0.8651327,2913
3a1k3/4a4/4b4/2P3r2/8p/9/2R5P/4B1N2/4A4/2B1K4 w,0.8711404,6262
3a1k3/4a4/4b4/2P3r2/8p/7N1/2R5P/4B4/4A4/2B1K4 b,-0.87443197,3004
3a1k3/4a4/4b4/2P4r1/8p/7N1/2R5P/4B4/4A4/2B1K4 w,0.8767441,4721
3a1k3/4a4/4b4/2P4r1/5N2p/9/2R5P/4B4/4A4/2B1K4 b,-0.87561446,3092
3a1k3/4a4/4b4/2P2r3/5N2p/9/2R5P/4B4/4A4/2B1K4 w,0.8772934,3720
3a1k3/4a4/4b4/2PN1r3/8p/9/2R5P/4B4/4A4/2B1K4 b,-0.86961687,1191
3a1k3/9/3ab4/2PN1r3/8p/9/2R5P/4B4/4A4/2B1K4 w,0.8790152,5098
3a1k3/9/3ab4/2PN1r3/8p/9/4R3P/4B4/4A4/2B1K4 b,-0.87619126,283
5k3/4a4/3ab4/2PN1r3/8p/9/4R3P/4B4/4A4/2B1K4 w,0.8905417,5242
5k3/4a4/3aR4/2PN1r3/8p/9/8P/4B4/4A4/2B1K4 b,-0.890234,2939
5k3/4a4/3aR4/2PN5/8p/9/5r2P/4B4/4A4/2B1K4 w,0.9058169,2630
5k3/4a4/2PaR4/3N5/8p/9/5r2P/4B4/4A4/2B1K4 b,-0.9027732,5342
5k3/4a4/2PaR4/3N1r3/8p/9/8P/4B4/4A4/2B1K4 w,0.90858126,2747
5k3/4a4/2PaR4/5r3/8p/2N6/8P/4B4/4A4/2B1K4 b,-0.90542644,2939
5k3/4a4/2PaR4/9/8p/2N6/5r2P/4B4/4A4/2B1K4 w,0.93615454,1821
5k3/4a4/3PR4/9/8p/2N6/5r2P/4B4/4A4/2B1K4 b,-0.9238001,1191
5k3/9/3aR4/9/8p/2N6/5r2P/4B4/4A4/2B1K4 w,0.92335165,2001
5k3/9/3R5/9/8p/2N6/5r2P/4B4/4A4/2B1K4 b,-0.9236418,5372
5k3/9/3R5/9/8p/2N6/8r/4B4/4A4/2B1K4 w,0.9240959,1913
5k3/9/5R3/9/8p/2N6/8r/4B4/4A4/2B1K4 b,-0.9254073,454
4k4/9/5R3/9/8p/2N6/8r/4B4/4A4/2B1K4 w,0.92205936,2092
4k4/9/4R4/9/8p/2N6/8r/4B4/4A4/2B1K4 b,-0.92410237,363
3k5/9/4R4/9/8p/2N6/8r/4B4/4A4/2B1K4 w,0.91685647,2001
3k5/9/3R5/9/8p/2N6/8r/4B4/4A4/2B1K4 b,-0.9167258,274
4k4/9/3R5/9/8p/2N6/8r/4B4/4A4/2B1K4 w,0.92693543,4270
4k4/9/3R5/9/4N3p/9/8r/4B4/4A4/2B1K4 b,-0.92236954,5638
4k4/9/3R5/9/4N3p/9/4r4/4B4/4A4/2B1K4 w,0.9262504,3623
4k4/9/3R1N3/9/8p/9/4r4/4B4/4A4/2B1K4 b,-0.92409664,373
9/4k4/3R1N3/9/8p/9/4r4/4B4/4A4/2B1K4 w,0.92449653,1902
9/3Rk4/5N3/9/8p/9/4r4/4B4/4A4/2B1K4 b,-0.92038816,1192
9/3R5/4kN3/9/8p/9/4r4/4B4/4A4/2B1K4 w,0.9222139,2104
9/3R5/4k4/7N1/8p/9/4r4/4B4/4A4/2B1K4 b,-0.91993237,5251
9/3R5/4k4/4r2N1/8p/9/9/4B4/4A4/2B1K4 w,0.9221286,3101
9/3R5/4k4/4r4/5N2p/9/9/4B4/4A4/2B1K4 b,-0.9191939,2822
9/3R5/4k4/5r3/5N2p/9/9/4B4/4A4/2B1K4 w,0.9298469,3748
9/3R5/4k4/5r3/8p/9/4N4/4B4/4A4/2B1K4 b,-0.91877085,2909
9/3R5/4k4/2r6/8p/9/4N4/4B4/4A4/2B1K4 w,0.92674214,1119
9/9/4k4/2r6/3R4p/9/4N4/4B4/4A4/2B1K4 b,-0.9177737,4013
9/9/4k4/2r6/3R5/8p/4N4/4B4/4A4/2B1K4 w,0.936953,3554
9/9/4k4/2r6/8R/8p/4N4/4B4/4A4/2B1K4 b,-0.91579825,1993
9/4k4/9/2r6/8R/8p/4N4/4B4/4A4/2B1K4 w,0.92025256,4013
9/4k4/9/2r6/9/8R/4N4/4B4/4A4/2B1K4 b,-0.91447765,1182
9/3k5/9/2r6/9/8R/4N4/4B4/4A4/2B1K4 w,0.92297214,4818
9/3k5/9/2r6/9/3R5/4N4/4B4/4A4/2B1K4 b,-0.9186926,1093
9/4k4/9/2r6/9/3R5/4N4/4B4/4A4/2B1K4 w,0.9238947,7734
9/4k4/9/2r6/9/3R5/4N4/4B4/4A4/2BK5 b,-0.9124429,1184
9/5k3/9/2r6/9/3R5/4N4/4B4/4A4/2BK5 w,0.9296689,4373
9/5k3/9/2r6/9/8R/4N4/4B4/4A4/2BK5 b,-0.91276896,1273
9/4k4/9/2r6/9/8R/4N4/4B4/4A4/2BK5 w,0.9168719,4819
9/4k4/9/2r6/9/4R4/4N4/4B4/4A4/2BK5 b,-0.9170113,1184
9/5k3/9/2r6/9/4R4/4N4/4B4/4A4/2BK5 w,0.92560303,4458
9/5k3/9/2r6/9/3R5/4N4/4B4/4A4/2BK5 b,-0.9167548,2642
9/5k3/9/5r3/9/3R5/4N4/4B4/4A4/2BK5 w,0.915669,5267
9/5k3/9/5r3/9/2NR5/9/4B4/4A4/2BK5 b,-0.90948266,2957
9/5k3/9/9/9/2NR5/9/4B4/4Ar3/2BK5 w,0.93862057,4260
9/5k3/9/3N5/9/3R5/9/4B4/4Ar3/2BK5 b,-0.9172666,6962
9/5k3/9/3N1r3/9/3R5/9/4B4/4A4/2BK5 w,0.9264531,2719
9/5k3/1N7/5r3/9/3R5/9/4B4/4A4/2BK5 b,-0.9171158,1265
5k3/9/1N7/5r3/9/3R5/9/4B4/4A4/2BK5 w,0.92249334,4323
3R1k3/9/1N7/5r3/9/9/9/4B4/4A4/2BK5 b,-0.9188271,464
3R5/5k3/1N7/5r3/9/9/9/4B4/4A4/2BK5 w,0.8998866,282
9/3R1k3/1N7/5r3/9/9/9/4B4/4A4/2BK5 b,-0.9158738,1265
5k3/3R5/1N7/5r3/9/9/9/4B4/4A4/2BK5 w,0.9340148,1119
5k3/9/1N7/5r3/3R5/9/9/4B4/4A4/2BK5 b,-0.91931593,464
9/5k3/1N7/5r3/3R5/9/9/4B4/4A4/2BK5 w,0.93224674,1722
9/3N1k3/9/5r3/3R5/9/9/4B4/4A4/2BK5 b,-0.9236481,1273
9/3Nk4/9/5r3/3R5/9/9/4B4/4A4/2BK5 w,0.9352019,3585
9/3Nk4/9/5r3/9/9/9/4B4/3RA4/2BK5 b,-0.92299193,2908
9/3Nk4/9/1r7/9/9/9/4B4/3RA4/2BK5 w,0.9402442,6798
9/3Nk4/9/1r7/9/3R5/9/4B4/4A4/2BK5 b,-0.9275326,2555
9/3Nk4/9/8r/9/3R5/9/4B4/4A4/2BK5 w,0.9290321,1099
9/4k4/1N7/8r/9/3R5/9/4B4/4A4/2BK5 b,-0.91891396,3179
9/4k4/1N7/2r6/9/3R5/9/4B4/4A4/2BK5 w,0.92328054,4323
3R5/4k4/1N7/2r6/9/9/9/4B4/4A4/2BK5 b,-0.92275596,2630
3R5/4k4/1Nr6/9/9/9/9/4B4/4A4/2BK5 w,0.91766924,1712
2NR5/4k4/2r6/9/9/9/9/4B4/4A4/2BK5 b,-0.90377885,1802
2rR5/4k4/9/9/9/9/9/4B4/4A4/2BK5 w,0.908875,272
2R6/4k4/9/9/9/9/9/4B4/4A4/2BK5 b,-0.91117316,1184
2R6/5k3/9/9/9/9/9/4B4/4A4/2BK5 w,0.923315,227
9/5k3/9/9/9/2R6/9/4B4/4A4/2BK5 b,-0.9191459,1265
5k3/9/9/9/9/2R6/9/4B4/4A4/2BK5 w,0.92838615,6117
5k3/9/9/9/9/2R6/9/9/4A4/2BK2B2 b,-0.95254666,464
9/5k3/9/9/9/2R6/9/9/4A4/2BK2B2 w,0.9638384,4280
9/5k3/9/9/9/5R3/9/9/4A4/2BK2B2 b,-0.9695771,1273
9/4k4/9/9/9/5R3/9/9/4A4/2BK2B2 w,0.9760783,4549
9/4k4/9/9/9/4R4/9/9/4A4/2BK2B2 b,-0.9754276,1184
9/5k3/9/9/9/4R4/9/9/4A4/2BK2B2 w,0.9858793,7645
9/5k3/9/9/9/4R4/9/9/4A4/2B1K1B2 b,-0.9868129,1283
9/9/5k3/9/9/4R4/9/9/4A4/2B1K1B2 w,0.9917142,6908
9/9/5k3/9/9/4R4/9/5A3/9/2B1K1B2 b,-0.9917392,2084
9/5k3/9/9/9/4R4/9/5A3/9/2B1K1B2 w,1,4460
rnbakabnr/9/1c5c1/p1p1p1p1p/9/9/P1P1P1P1P/1C5C1/9/RNBAKABNR w,0.0017991782,5827
rnbakabnr/9/1c5c1/p1p1p1p1p/9/9/P1P1P1P1P/4C2C1/9/RNBAKABNR b,-0.0017835737,110
r1bakabnr/9/1cn4c1/p1p1p1p1p/9/9/P1P1P1P1P/4C2C1/9/RNBAKABNR w,0.0018314839,7445
r1bakabnr/9/1cn4c1/p1p1p1p1p/9/9/P1P1P1P1P/2N1C2C1/9/R1BAKABNR b,-0.0018071294,562
r1baka1nr/9/1cn1b2c1/p1p1p1p1p/9/9/P1P1P1P1P/2N1C2C1/9/R1BAKABNR w,0.0019465685,7372
r1baka1nr/9/1cn1b2c1/p1p1p1p1p/9/9/P1P1P1P1P/2N1C2C1/9/1RBAKABNR b,-0.0017697454,1
1rbaka1nr/9/1cn1b2c1/p1p1p1p1p/9/9/P1P1P1P1P/2N1C2C1/9/1RBAKABNR w,0.0016990424,6368
1rbaka1nr/9/1cn1b2c1/p1p1p1p1p/9/9/P1P1P1P1P/2N1CC3/9/1RBAKABNR b,-0.0012719751,654
1rbaka2r/9/1cn1b1nc1/p1p1p1p1p/9/9/P1P1P1P1P/2N1CC3/9/1RBAKABNR w,0.0015803337,7989
1rbaka2r/9/1cn1b1nc1/p1p1p1p1p/9/9/P1P1P1P1P/2N1CCN2/9/1RBAKAB1R b,-0.001368165,3012
1rbaka2r/9/1cn1b1nc1/p1p1p3p/6p2/9/P1P1P1P1P/2N1CCN2/9/1RBAKAB1R w,0.0018939496,8098
1rbaka2r/9/1cn1b1nc1/p1p1p3p/6p2/9/P1P1P1P1P/2N1CCN2/9/1RBAKABR1 b,-0.0020286203,727
1rbaka1r1/9/1cn1b1nc1/p1p1p3p/6p2/9/P1P1P1P1P/2N1CCN2/9/1RBAKABR1 w,0.002513051,5087
1rbaka1r1/9/1cn1b1nc1/p1p1p3p/6p2/2P6/P3P1P1P/2N1CCN2/9/1RBAKABR1 b,-0.002095783,1765
1rbaka1r1/9/2n1b1nc1/p1p1p3p/6p2/2P6/Pc2P1P1P/2N1CCN2/9/1RBAKABR1 w,0.0047726394,5898
1rbaka1r1/9/2n1b1nc1/p1p1p3p/6p2/2PN5/Pc2P1P1P/4CCN2/9/1RBAKABR1 b,-0.0065015317,2311
1rbaka1r1/9/2n1b1n2/p1p1p3p/6p2/2PN5/Pc2P1PcP/4CCN2/9/1RBAKABR1 w,0.007931757,6143
1rbaka1r1/9/2n1bCn2/p1p1p3p/6p2/2PN5/Pc2P1PcP/4C1N2/9/1RBAKABR1 b,-0.008166194,1986
1rbakabr1/9/2n2Cn2/p1p1p3p/6p2/2PN5/Pc2P1PcP/4C1N2/9/1RBAKABR1 w,0.017891908,4351
1rbakabr1/9/2n2Cn2/p1p1N3p/6p2/2P6/Pc2P1PcP/4C1N2/9/1RBAKABR1 b,-0.0047813295,1831
1rbakabr1/9/5Cn2/p1p1n3p/6p2/2P6/Pc2P1PcP/4C1N2/9/1RBAKABR1 w,0.005105925,6061
1rbakabr1/9/5Cn2/p1p1C3p/6p2/2P6/Pc2P1PcP/6N2/9/1RBAKABR1 b,0.009039665,109
2bakabr1/9/1r3Cn2/p1p1C3p/6p2/2P6/Pc2P1PcP/6N2/9/1RBAKABR1 w,0.0018251181,2839
2bakabr1/9/1r3Cn2/p1p5p/6p2/2P1C4/Pc2P1PcP/6N2/9/1RBAKABR1 b,0.0017753363,1733
2bakabr1/9/5rn2/p1p5p/6p2/2P1C4/Pc2P1PcP/6N2/9/1RBAKABR1 w,0.009669137,7435
2bakabr1/9/5rn2/p1p5p/6p2/2P1C4/PR2P1PcP/6N2/9/2BAKABR1 b,-0.007027888,2201
2bakabr1/9/5r3/p1p5p/5np2/2P1C4/PR2P1PcP/6N2/9/2BAKABR1 w,0.014036894,4987
2bakabr1/9/5r3/p1p5p/1R3np2/2P1C4/P3P1PcP/6N2/9/2BAKABR1 b,-0.008435405,3750
2bakabr1/9/5r3/p1p5p/1R4p2/2P1C4/P3P1ncP/6N2/9/2BAKABR1 w,0.019320799,3372
2bakabr1/9/5r3/p1p5p/6R2/2P1C4/P3P1ncP/6N2/9/2BAKABR1 b,-0.0054848315,5449
2bakabr1/9/5r3/p1p5p/6R2/2P1n4/P3P2cP/6N2/9/2BAKABR1 w,0.0058344128,5269
2bakabr1/9/5r3/p1p5p/6R2/2P1P4/P6cP/6N2/9/2BAKABR1 b,0.00041036608,5560
2bakabr1/9/5r3/p1p5p/6R2/2P1P4/P7P/6Nc1/9/2BAKABR1 w,0.010041261,7999
2bakabr1/9/5r3/p1p5p/6R2/2P1P4/P7P/6Nc1/7R1/2BAKAB2 b,0.0015880347,2138
2bakabr1/9/9/p1p5p/6R2/2P1P4/P7P/5rNc1/7R1/2BAKAB2 w,0.0013080597,3813
2bakabr1/9/9/p1p3R1p/9/2P1P4/P7P/5rNc1/7R1/2BAKAB2 b,-0.00019423962,691
2bakab2/9/9/p1p3R1p/9/2P1P4/P6rP/5rNc1/7R1/2BAKAB2 w,0.014568019,2976
2bakaR2/9/9/p1p5p/9/2P1P4/P6rP/5rNc1/7R1/2BAKAB2 b,-0.0037205338,5548
2bakaR2/9/9/p1p5p/9/2P1P4/P3r3P/5rNc1/7R1/2BAKAB2 w,0.027007176,7636
2bakaR2/9/9/p1p5p/9/2P1P4/P3r3P/5rNc1/4A2R1/2B1KAB2 b,-0.0154115325,6361
2bakaR2/9/9/p1p5p/9/2P1P4/P3r2cP/5rN2/4A2R1/2B1KAB2 w,0.062306073,7171
2bakaR2/9/9/p1p5p/9/2P1P4/P3r2RP/5rN2/4A4/2B1KAB2 b,-0.05354445,5281
2bakaR2/9/9/p1p5p/9/2P1P4/P6rP/5rN2/4A4/2B1KAB2 w,0.060720682,6908
2bakaR2/9/9/p1p5p/9/2P1P4/P6rP/5AN2/9/2B1KAB2 b,-0.05156963,5544
2bakaR2/9/9/p1p5p/9/2P1P4/r7P/5AN2/9/2B1KAB2 w,0.061621334,6260
2bakaR2/9/9/p1p5p/9/2P1PN3/r7P/5A3/9/2B1KAB2 b,-0.057857204,4922
2bakaR2/9/9/p1p5p/9/2P1PN3/8r/5A3/9/2B1KAB2 w,0.067574166,4543
2bakaR2/9/9/p1p5p/7N1/2P1P4/8r/5A3/9/2B1KAB2 b,-0.056824375,5638
2bakaR2/9/9/p1p5p/7N1/2P1P4/4r4/5A3/9/2B1KAB2 w,0.05430887,6196
2bakaR2/9/9/p1p5p/7N1/2P1P4/4r4/9/4A4/2B1KAB2 b,-0.042427897,5269
2bakaR2/9/9/p1p5p/7N1/2P1r4/9/9/4A4/2B1KAB2 w,0.046578288,3902
2bakaR2/9/9/p1p2N2p/9/2P1r4/9/9/4A4/2B1KAB2 b,-0.047901608,4457
2bakaR2/9/9/p1p2N2p/9/2r6/9/9/4A4/2B1KAB2 w,0.06792364,7897
2bakaR2/9/9/p1p2N2p/9/2r6/9/4B4/4A4/2B1KA3 b,-0.066191114,4280
2bakaR2/9/9/p1p2N2p/9/5r3/9/4B4/4A4/2B1KA3 w,0.06460684,2901
2bakaR2/9/3N5/p1p5p/9/5r3/9/4B4/4A4/2B1KA3 b,-0.064811125,373
2ba1aR2/4k4/3N5/p1p5p/9/5r3/9/4B4/4A4/2B1KA3 w,0.0676507,555
2ba1a3/4k1R2/3N5/p1p5p/9/5r3/9/4B4/4A4/2B1KA3 b,-0.064606406,1192
2ba1a3/6R2/3Nk4/p1p5p/9/5r3/9/4B4/4A4/2B1KA3 w,0.07449856,1930
2ba1a3/6R2/4k4/p1p5p/4N4/5r3/9/4B4/4A4/2B1KA3 b,-0.059925426,4532
2ba1a3/6R2/4k4/p1p2r2p/4N4/9/9/4B4/4A4/2B1KA3 w,0.0747592,6117
2ba1a3/6R2/4k4/p1p2r2p/4N4/9/9/9/4A4/2B1KAB2 b,-0.038511265,2911
2ba1a3/6R2/4k4/p1p1r3p/4N4/9/9/9/4A4/2B1KAB2 w,0.049500443,3659
2ba1a3/6R2/4k4/p1p1r3p/9/9/5N3/9/4A4/2B1KAB2 b,-0.051533964,2648
2ba1a3/6R2/4k4/p3r3p/2p6/9/5N3/9/4A4/2B1KAB2 w,0.06493578,1362
2ba1a3/3R5/4k4/p3r3p/2p6/9/5N3/9/4A4/2B1KAB2 b,-0.050518967,463
2ba5/3Ra4/4k4/p3r3p/2p6/9/5N3/9/4A4/2B1KAB2 w,0.059725594,5358
2ba5/3Ra4/4k4/p3r3p/2p6/3N5/9/9/4A4/2B1KAB2 b,-0.041145872,2839
2ba5/3Ra4/4k4/p7p/2p6/3Nr4/9/9/4A4/2B1KAB2 w,0.053555846,4349
2ba5/3Ra4/4k4/p1N5p/2p6/4r4/9/9/4A4/2B1KAB2 b,-0.052901458,2003
2ba5/3Ra4/5k3/p1N5p/2p6/4r4/9/9/4A4/2B1KAB2 w,0.06300254,1110
2ba5/4a4/5k3/p1NR4p/2p6/4r4/9/9/4A4/2B1KAB2 b,-0.04470694,2084
2ba5/4ak3/9/p1NR4p/2p6/4r4/9/9/4A4/2B1KAB2 w,0.051983096,2735
2ba5/4ak3/9/p1N5R/2p6/4r4/9/9/4A4/2B1KAB2 b,-0.0402275,1265
2ba1k3/4a4/9/p1N5R/2p6/4r4/9/9/4A4/2B1KAB2 w,0.046157625,2622
2ba1k3/3Na4/9/p7R/2p6/4r4/9/9/4A4/2B1KAB2 b,-0.02758093,4432
2ba1k3/3Na4/4r4/p7R/2p6/9/9/9/4A4/2B1KAB2 w,0.038321305,1111
2ba1k3/4a4/4r4/p3N3R/2p6/9/9/9/4A4/2B1KAB2 b,-0.023001028,454
2bak4/4a4/4r4/p3N3R/2p6/9/9/9/4A4/2B1KAB2 w,0.020939589,2828
2bak4/4a4/4r4/p7R/2N6/9/9/9/4A4/2B1KAB2 b,-0.020737696,1175
2baka3/9/4r4/p7R/2N6/9/9/9/4A4/2B1KAB2 w,0.02207315,3177
2baka3/9/4r4/R8/2N6/9/9/9/4A4/2B1KAB2 b,-0.016890002,463
2bak4/4a4/4r4/R8/2N6/9/9/9/4A4/2B1KAB2 w,0.026052905,2484
2bak4/4a4/4r4/9/2N6/9/R8/9/4A4/2B1KAB2 b,-0.016524553,198
3ak4/4a4/b3r4/9/2N6/9/R8/9/4A4/2B1KAB2 w,0.021667624,3465
3ak4/4a4/b3r4/9/9/N8/R8/9/4A4/2B1KAB2 b,-0.01791594,1999
3ak4/4a4/br7/9/9/N8/R8/9/4A4/2B1KAB2 w,0.022968842,4923
3ak4/4a4/br7/9/9/N8/9/R8/4A4/2B1KAB2 b,-0.020264983,1792
3ak4/4a4/b8/9/9/N8/9/R8/4A4/1rB1KAB2 w,0.041309524,5740
3ak4/4a4/b8/9/9/N8/9/7R1/4A4/1rB1KAB2 b,-0.03272755,7435
3ak4/4a4/b8/9/9/N8/1r7/7R1/4A4/2B1KAB2 w,0.05488458,6924
3ak4/4a4/b8/9/9/N8/1r7/7R1/9/2BAKAB2 b,-0.035752725,365
3a1k3/4a4/b8/9/9/N8/1r7/7R1/9/2BAKAB2 w,0.04639542,4114
3a1k3/4a4/b8/9/9/9/1r7/1N5R1/9/2BAKAB2 b,-0.044820692,1658
3a1k3/4a4/9/9/2b6/9/1r7/1N5R1/9/2BAKAB2 w,0.04109917,6368
3a1k3/4a4/9/9/2b6/9/1r7/1N3R3/9/2BAKAB2 b,-0.0392051,454
3ak4/4a4/9/9/2b6/9/1r7/1N3R3/9/2BAKAB2 w,0.04810188,6189
3ak4/4a4/9/9/2b6/9/1r7/1N4R2/9/2BAKAB2 b,-0.03741405,3442
3ak4/4a4/4b4/9/9/9/1r7/1N4R2/9/2BAKAB2 w,0.04253292,5835
3ak4/4a4/4b4/9/9/9/1r7/6R2/3N5/2BAKAB2 b,-0.02676685,5007
3ak4/4a4/4b4/9/9/9/3r5/6R2/3N5/2BAKAB2 w,0.028636694,6818
3ak4/4a4/4b4/9/9/9/3r5/5NR2/9/2BAKAB2 b,-0.025773764,5189
3ak4/4a4/4b4/9/9/9/5r3/5NR2/9/2BAKAB2 w,0.033710983,6281
3ak4/4a4/4b4/9/9/9/5r3/5N2R/9/2BAKAB2 b,-0.032963395,1986
3ak1b2/4a4/9/9/9/9/5r3/5N2R/9/2BAKAB2 w,0.035628177,6195
3ak1b2/4a4/9/9/9/9/5r3/8R/3N5/2BAKAB2 b,-0.030602409,5367
3ak1b2/4a4/9/9/9/9/3r5/8R/3N5/2BAKAB2 w,0.040967893,6814
3ak1b2/4a4/9/9/9/9/3r5/1N6R/9/2BAKAB2 b,-0.032461178,5185
3ak1b2/4a4/9/9/9/9/1r7/1N6R/9/2BAKAB2 w,0.05146525,6398
3ak1b1R/4a4/9/9/9/9/1r7/1N7/9/2BAKAB2 b,-0.027072562,5010
3ak1b1R/4a4/9/9/9/9/6r2/1N7/9/2BAKAB2 w,0.03018713,5807
3ak1b1R/4a4/9/9/9/2N6/6r2/9/9/2BAKAB2 b,-0.01970607,5487
3ak1b1R/4a4/9/9/9/2N6/9/9/9/2BAKAr2 w,0.034032535,755
3ak1b2/4a4/9/8R/9/2N6/9/9/9/2BAKAr2 b,-0.023686076,7854
3ak1b2/4a4/6r2/8R/9/2N6/9/9/9/2BAKA3 w,0.033592176,4260
3ak1b2/4a4/6r2/3N4R/9/9/9/9/9/2BAKA3 b,-0.026817465,2182
3ak1b2/4a4/4r4/3N4R/9/9/9/9/9/2BAKA3 w,0.031231357,7816
3ak1b2/4a4/4r4/3N4R/9/9/9/9/4A4/2BAK4 b,-0.025675619,2001
3ak1b2/4a4/3r5/3N4R/9/9/9/9/4A4/2BAK4 w,0.041947868,3182
3ak1b2/4a4/3r5/3N1R3/9/9/9/9/4A4/2BAK4 b,-0.028410602,562
3ak4/4a4/3rb4/3N1R3/9/9/9/9/4A4/2BAK4 w,0.03717914,7736
3ak4/4a4/3rb4/3N1R3/9/9/9/9/4A4/2BA1K3 b,-0.036352992,1986
3ak1b2/4a4/3r5/3N1R3/9/9/9/9/4A4/2BA1K3 w,0.03737843,7537
3ak1b2/4a4/3r5/3N1R3/9/9/9/4B4/4A4/3A1K3 b,-0.027486587,566
3ak4/4a4/3r4b/3N1R3/9/9/9/4B4/4A4/3A1K3 w,0.04011483,6906
3ak4/4a4/3r4b/3N1R3/9/9/9/3AB4/9/3A1K3 b,-0.034454193,2346
3ak1b2/4a4/3r5/3N1R3/9/9/9/3AB4/9/3A1K3 w,0.040341046,7636
3ak1b2/4a4/3r5/3N1R3/9/9/9/3AB4/4A4/5K3 b,-0.026745439,566
3ak4/4a4/3r4b/3N1R3/9/9/9/3AB4/4A4/5K3 w,0.029362416,7825
3ak4/4a4/3r4b/3N1R3/9/9/9/3AB4/4A4/4K4 b,-0.022651328,2346
3ak1b2/4a4/3r5/3N1R3/9/9/9/3AB4/4A4/4K4 w,0.038093664,6077
3ak1b2/4a4/3r5/3N1R3/9/2B6/9/3A5/4A4/4K4 b,-0.028710056,566
3ak4/4a4/3r4b/3N1R3/9/2B6/9/3A5/4A4/4K4 w,0.039347123,4293
3ak4/4a4/3r4b/3N1R3/9/9/9/B2A5/4A4/4K4 b,-0.03119644,2346
3ak1b2/4a4/3r5/3N1R3/9/9/9/B2A5/4A4/4K4 w,0.039414406,7736
3ak1b2/4a4/3r5/3N1R3/9/9/9/B2A5/4A4/5K3 b,-0.02938745,566
3ak4/4a4/3r4b/3N1R3/9/9/9/B2A5/4A4/5K3 w,0.041471746,6924
3ak4/4a4/3r4b/3N1R3/9/9/9/B2A5/9/3A1K3 b,-0.03614371,2346
3ak1b2/4a4/3r5/3N1R3/9/9/9/B2A5/9/3A1K3 w,0.038546897,5717
3ak1b2/4a4/3r5/3N1R3/9/2B6/9/3A5/9/3A1K3 b,-0.030452227,566
3ak4/4a4/3r4b/3N1R3/9/2B6/9/3A5/9/3A1K3 w,0.04509127,2915
3ak4/4a4/3r4b/3N4R/9/2B6/9/3A5/9/3A1K3 b,-0.019331539,1175
3aka3/9/3r4b/3N4R/9/2B6/9/3A5/9/3A1K3 w,0.021472597,7636
3aka3/9/3r4b/3N4R/9/2B6/9/3A5/4A4/5K3 b,-0.015773654,283
4ka3/4a4/3r4b/3N4R/9/2B6/9/3A5/4A4/5K3 w,0.016342402,4297
4ka3/4a4/3r4b/3N4R/9/9/9/3AB4/4A4/5K3 b,-0.01784264,2382
4ka3/4a4/3r5/3N4R/6b2/9/9/3AB4/4A4/5K3 w,0.02145331,2749
4ka3/4a4/3r5/8R/6b2/4N4/9/3AB4/4A4/5K3 b,-0.014274204,3806
4ka3/4a4/3r4b/8R/9/4N4/9/3AB4/4A4/5K3 w,0.025276184,3178
4ka3/4a4/3r4b/1R7/9/4N4/9/3AB4/4A4/5K3 b,-0.02604003,1913
4ka3/4a4/5r2b/1R7/9/4N4/9/3AB4/4A4/5K3 w,0.02648387,7825
4ka3/4a4/5r2b/1R7/9/4N4/9/3AB4/4A4/4K4 b,-0.018451357,1173
3aka3/9/5r2b/1R7/9/4N4/9/3AB4/4A4/4K4 w,0.019805146,4440
3aka3/9/5r2b/1R1N5/9/9/9/3AB4/4A4/4K4 b,-0.015693976,2091
3aka3/9/3r4b/1R1N5/9/9/9/3AB4/4A4/4K4 w,0.016889429,2747
3aka3/9/3r4b/1R7/9/2N6/9/3AB4/4A4/4K4 b,-0.012927592,463
3ak4/4a4/3r4b/1R7/9/2N6/9/3AB4/4A4/4K4 w,0.0144594675,2554
3ak4/4a4/3r4b/7R1/9/2N6/9/3AB4/4A4/4K4 b,-0.016850054,2346
3ak1b2/4a4/3r5/7R1/9/2N6/9/3AB4/4A4/4K4 w,0.019356538,3093
3ak1b2/4a4/3r5/6R2/9/2N6/9/3AB4/4A4/4K4 b,-0.021089721,566
3ak4/4a4/3r4b/6R2/9/2N6/9/3AB4/4A4/4K4 w,0.028902197,4260
3ak4/4a4/3r4b/3N2R2/9/9/9/3AB4/4A4/4K4 b,-0.025254775,365
3a1k3/4a4/3r4b/3N2R2/9/9/9/3AB4/4A4/4K4 w,0.027032971,3002
3a1k3/4a4/3r4b/3N1R3/9/9/9/3AB4/4A4/4K4 b,-0.026194597,454
3ak4/4a4/3r4b/3N1R3/9/9/9/3AB4/4A4/4K4 w,0.03215723,7736
3ak4/4a4/3r4b/3N1R3/9/9/9/3AB4/4A4/5K3 b,-0.027780963,2346
3ak1b2/4a4/3r5/3N1R3/9/9/9/3AB4/4A4/5K3 w,0.039892484,6077
3ak1b2/4a4/3r5/3N1R3/9/2B6/9/3A5/4A4/5K3 b,-0.030626357,566
3ak4/4a4/3r4b/3N1R3/9/2B6/9/3A5/4A4/5K3 w,0.043213557,2915
3ak4/4a4/3r4b/3N4R/9/2B6/9/3A5/4A4/5K3 b,-0.019290019,1175
3aka3/9/3r4b/3N4R/9/2B6/9/3A5/4A4/5K3 w,0.018462349,4297
3aka3/9/3r4b/3N4R/9/9/9/3AB4/4A4/5K3 b,-0.015812445,283
4ka3/4a4/3r4b/3N4R/9/9/9/3AB4/4A4/5K3 w,0.014864373,2747
4ka3/4a4/3r4b/8R/9/2N6/9/3AB4/4A4/5K3 b,-0.014931309,1913
4ka3/4a4/5r2b/8R/9/2N6/9/3AB4/4A4/5K3 w,0.015659666,7825
4ka3/4a4/5r2b/8R/9/2N6/9/3AB4/4A4/4K4 b,-0.0121205095,2088
4ka3/4a4/r7b/8R/9/2N6/9/3AB4/4A4/4K4 w,0.018529654,4258
4ka3/4a4/r7b/1N6R/9/9/9/3AB4/4A4/4K4 b,-0.017206669,1639
4ka3/4a4/1r6b/1N6R/9/9/9/3AB4/4A4/4K4 w,0.01912272,2559
4ka3/4a4/1r6b/8R/3N5/9/9/3AB4/4A4/4K4 b,-0.013853884,1731
4ka3/4a4/3r4b/8R/3N5/9/9/3AB4/4A4/4K4 w,0.019251753,3542
4ka3/4a4/3r4b/5N2R/9/9/9/3AB4/4A4/4K4 b,-0.01626122,1913
4ka3/4a4/5r2b/5N2R/9/9/9/3AB4/4A4/4K4 w,0.022384215,2931
4ka3/4a4/5r2b/8R/9/6N2/9/3AB4/4A4/4K4 b,-0.02102474,2382
4ka3/4a4/5r3/8R/6b2/6N2/9/3AB4/4A4/4K4 w,0.03181226,3183
4ka3/4a4/5r3/6R2/6b2/6N2/9/3AB4/4A4/4K4 b,-0.01698686,3802
4ka3/4a4/4br3/6R2/9/6N2/9/3AB4/4A4/4K4 w,0.020871878,4622
4ka3/4a4/4br3/5NR2/9/9/9/3AB4/4A4/4K4 b,-0.009413409,1986
4kab2/4a4/5r3/5NR2/9/9/9/3AB4/4A4/4K4 w,0.008545208,2976
4kaR2/4a4/5r3/5N3/9/9/9/3AB4/4A4/4K4 b,-0.0012714028,2102
4kaR2/4a4/9/5r3/9/9/9/3AB4/4A4/4K4 w,0.002380395,564
4ka3/4a4/6R2/5r3/9/9/9/3AB4/4A4/4K4 b,-0.0027710914,2903
4ka3/4a4/5rR2/9/9/9/9/3AB4/4A4/4K4 w,0.00280118,2193
4ka3/4a4/5r3/6R2/9/9/9/3AB4/4A4/4K4 b,-0.0029557229,2095
4ka3/4a4/7r1/6R2/9/9/9/3AB4/4A4/4K4 w,0.003846264,6117
4ka3/4a4/7r1/6R2/9/9/9/3A5/4A4/4K1B2 b,-0.0024220466,2276
4ka3/4a4/8r/6R2/9/9/9/3A5/4A4/4K1B2 w,0.003260541,3048
4ka3/4a4/8r/9/9/9/9/3A5/4A1R2/4K1B2 b,-0.0028554082,2362
4ka3/4a4/4r4/9/9/9/9/3A5/4A1R2/4K1B2 w,0.0039610625,7080
4ka3/4a4/4r4/9/9/9/6R2/3A5/4A4/4K1B2 b,-0.0029698014,1999
4ka3/4a4/1r7/9/9/9/6R2/3A5/4A4/4K1B2 w,0.010949731,5456
4ka3/4a4/1r7/9/9/9/2R6/3A5/4A4/4K1B2 b,0.00015320779,1734
4ka3/4a4/6r2/9/9/9/2R6/3A5/4A4/4K1B2 w,0.015247655,5087
4ka3/4a4/6r2/9/9/2R6/9/3A5/4A4/4K1B2 b,0.0012218237,363
3k1a3/4a4/6r2/9/9/2R6/9/3A5/4A4/4K1B2 w,0.0038878203,7897
3k1a3/4a4/6r2/9/9/2R6/9/3AB4/4A4/4K4 b,0.0016108037,2182
3k1a3/4a4/4r4/9/9/2R6/9/3AB4/4A4/4K4 w,-0.001166153,4232
2Rk1a3/4a4/4r4/9/9/9/9/3AB4/4A4/4K4 b,-0.00096373557,282
2R2a3/3ka4/4r4/9/9/9/9/3AB4/4A4/4K4 w,0.0026654245,245
5a3/3ka4/4r4/9/9/9/9/2RAB4/4A4/4K4 b,0.0034835339,2047
5a3/3ka4/9/9/9/9/9/2RAr4/4A4/4K4 w,-0.00640173,5861
5a3/2Rka4/9/9/9/9/9/3Ar4/4A4/4K4 b,0.0030990602,1083
3k1a3/2R1a4/9/9/9/9/9/3Ar4/4A4/4K4 w,-0.010561824,992
2Rk1a3/4a4/9/9/9/9/9/3Ar4/4A4/4K4 b,0.0041551352,282
2R2a3/3ka4/9/9/9/9/9/3Ar4/4A4/4K4 w,0.0043550255,209
5a3/3ka4/9/2R6/9/9/9/3Ar4/4A4/4K4 b,0.0017233848,6101
5a3/3ka4/9/2R6/9/9/9/3A4r/4A4/4K4 w,-0.00014708043,2640
5a3/3ka4/9/3R5/9/9/9/3A4r/4A4/4K4 b,-0.0010702253,1191
5a3/3k5/3a5/3R5/9/9/9/3A4r/4A4/4K4 w,0.0035561563,2731
5a3/3k5/3a5/4R4/9/9/9/3A4r/4A4/4K4 b,-0.005787838,6479
5a3/3k5/3a5/4R4/9/9/9/3A5/4A4/4K3r w,0.0021173477,6926
5a3/3k5/3a5/4R4/9/9/9/3A5/9/4KA2r b,0.00066251756,8081
5a3/3k5/3a5/4R4/9/9/9/3A4r/9/4KA3 w,0.0058894875,6016
5a3/3k5/3a5/4R4/9/9/9/8r/4A4/4KA3 b,0.00031836034,6455
5a3/3k5/3a5/4R4/9/9/9/2r6/4A4/4KA3 w,0.0053298473,2818
5a3/3k5/3a5/1R7/9/9/9/2r6/4A4/4KA3 b,0.018487548,1093
5a3/4k4/3a5/1R7/9/9/9/2r6/4A4/4KA3 w,-0.00041126015,2551
5a3/4k4/3a5/4R4/9/9/9/2r6/4A4/4KA3 b,0,1182
rnbakabnr/9/1c5c1/p1p1p1p1p/9/9/P1P1P1P1P/1C5C1/9/RNBAKABNR w,0.0017991782,5827
rnbakabnr/9/1c5c1/p1p1p1p1p/9/9/P1P1P1P1P/4C2C1/9/RNBAKABNR b,-0.0017786383,110
r1bakabnr/9/1cn4c1/p1p1p1p1p/9/9/P1P1P1P1P/4C2C1/9/RNBAKABNR w,0.0018176556,7445
r1bakabnr/9/1cn4c1/p1p1p1p1p/9/9/P1P1P1P1P/2N1C2C1/9/R1BAKABNR b,-0.0018352151,562
r1baka1nr/9/1cn1b2c1/p1p1p1p1p/9/9/P1P1P1P1P/2N1C2C1/9/R1BAKABNR w,0.0019383908,7372
r1baka1nr/9/1cn1b2c1/p1p1p1p1p/9/9/P1P1P1P1P/2N1C2C1/9/1RBAKABNR b,-0.0017674089,1
1rbaka1nr/9/1cn1b2c1/p1p1p1p1p/9/9/P1P1P1P1P/2N1C2C1/9/1RBAKABNR w,0.0017163992,6368
1rbaka1nr/9/1cn1b2c1/p1p1p1p1p/9/9/P1P1P1P1P/2N1CC3/9/1RBAKABNR b,-0.0012688041,654
1rbaka2r/9/1cn1b1nc1/p1p1p1p1p/9/9/P1P1P1P1P/2N1CC3/9/1RBAKABNR w,0.0015946865,7989
1rbaka2r/9/1cn1b1nc1/p1p1p1p1p/9/9/P1P1P1P1P/2N1CCN2/9/1RBAKAB1R b,-0.001368165,3012
1rbaka2r/9/1cn1b1nc1/p1p1p3p/6p2/9/P1P1P1P1P/2N1CCN2/9/1RBAKAB1R w,0.0018735885,8098
1rbaka2r/9/1cn1b1nc1/p1p1p3p/6p2/9/P1P1P1P1P/2N1CCN2/9/1RBAKABR1 b,-0.0020106912,727
1rbaka1r1/9/1cn1b1nc1/p1p1p3p/6p2/9/P1P1P1P1P/2N1CCN2/9/1RBAKABR1 w,0.002776146,5087
1rbaka1r1/9/1cn1b1nc1/p1p1p3p/6p2/2P6/P3P1P1P/2N1CCN2/9/1RBAKABR1 b,-0.0021298886,1765
1rbaka1r1/9/2n1b1nc1/p1p1p3p/6p2/2P6/Pc2P1P1P/2N1CCN2/9/1RBAKABR1 w,0.0047115325,5898
1rbaka1r1/9/2n1b1nc1/p1p1p3p/6p2/2PN5/Pc2P1P1P/4CCN2/9/1RBAKABR1 b,-0.0064264177,2311
1rbaka1r1/9/2n1b1n2/p1p1p3p/6p2/2PN5/Pc2P1PcP/4CCN2/9/1RBAKABR1 w,0.00785389,6143
1rbaka1r1/9/2n1bCn2/p1p1p3p/6p2/2PN5/Pc2P1PcP/4C1N2/9/1RBAKABR1 b,-0.008902455,1986
1rbakabr1/9/2n2Cn2/p1p1p3p/6p2/2PN5/Pc2P1PcP/4C1N2/9/1RBAKABR1 w,0.01805811,4351
1rbakabr1/9/2n2Cn2/p1p1N3p/6p2/2P6/Pc2P1PcP/4C1N2/9/1RBAKABR1 b,-0.004786694,1831
1rbakabr1/9/5Cn2/p1p1n3p/6p2/2P6/Pc2P1PcP/4C1N2/9/1RBAKABR1 w,0.004961181,6061
1rbakabr1/9/5Cn2/p1p1C3p/6p2/2P6/Pc2P1PcP/6N2/9/1RBAKABR1 b,0.0090671545,109
2bakabr1/9/1r3Cn2/p1p1C3p/6p2/2P6/Pc2P1PcP/6N2/9/1RBAKABR1 w,0.0022472858,2839
2bakabr1/9/1r3Cn2/p1p5p/6p2/2P1C4/Pc2P1PcP/6N2/9/1RBAKABR1 b,0.0016993046,1733
2bakabr1/9/5rn2/p1p5p/6p2/2P1C4/Pc2P1PcP/6N2/9/1RBAKABR1 w,0.009669137,7435
2bakabr1/9/5rn2/p1p5p/6p2/2P1C4/PR2P1PcP/6N2/9/2BAKABR1 b,-0.007055402,2201
2bakabr1/9/5r3/p1p5p/5np2/2P1C4/PR2P1PcP/6N2/9/2BAKABR1 w,0.013773108,4987
2bakabr1/9/5r3/p1p5p/1R3np2/2P1C4/P3P1PcP/6N2/9/2BAKABR1 b,-0.008284581,3750
2bakabr1/9/5r3/p1p5p/1R4p2/2P1C4/P3P1ncP/6N2/9/2BAKABR1 w,0.019261003,3372
2bakabr1/9/5r3/p1p5p/6R2/2P1C4/P3P1ncP/6N2/9/2BAKABR1 b,-0.005342138,5449
2bakabr1/9/5r3/p1p5p/6R2/2P1n4/P3P2cP/6N2/9/2BAKABR1 w,0.0057498217,5269
2bakabr1/9/5r3/p1p5p/6R2/2P1P4/P6cP/6N2/9/2BAKABR1 b,0.00056004524,5560
2bakabr1/9/5r3/p1p5p/6R2/2P1P4/P7P/6Nc1/9/2BAKABR1 w,0.010041261,7999
2bakabr1/9/5r3/p1p5p/6R2/2P1P4/P7P/6Nc1/7R1/2BAKAB2 b,0.0015275956,2138
2bakabr1/9/9/p1p5p/6R2/2P1P4/P7P/5rNc1/7R1/2BAKAB2 w,0.009263897,7816
2bakabr1/9/9/p1p5p/6R2/2P1P4/P7P/5rNc1/4A2R1/2BAK1B2 b,-0.005174947,6179
2bakabr1/9/9/p1p5p/6R2/2P1P4/P4r2P/6Nc1/4A2R1/2BAK1B2 w,0.009470749,3813
2bakabr1/9/9/p1p3R1p/9/2P1P4/P4r2P/6Nc1/4A2R1/2BAK1B2 b,-0.014177096,5372
2bakabr1/9/9/p1p3R1p/9/2P1P4/P7r/6Nc1/4A2R1/2BAK1B2 w,0.018594623,6260
2bakabr1/9/9/p1p3R1p/9/2P1PN3/P7r/7c1/4A2R1/2BAK1B2 b,-0.020276224,5669
2bakabr1/9/9/p1p3R1p/9/2P1PN3/P8/7c1/4A2R1/2BAK1B1r w,0.020085026,6926
2bakabr1/9/9/p1p3R1p/9/2P1PN3/P8/7c1/7R1/2BAKAB1r b,-0.0033748746,682
2bakab2/9/9/p1p3R1p/9/2P1PN1r1/P8/7c1/7R1/2BAKAB1r w,0.015617251,4531
2bakab2/9/9/p1p1N1R1p/9/2P1P2r1/P8/7c1/7R1/2BAKAB1r b,-0.0057142973,562
2baka3/9/4b4/p1p1N1R1p/9/2P1P2r1/P8/7c1/7R1/2BAKAB1r w,0.01896484,2814
2baka3/9/4b1N2/p1p3R1p/9/2P1P2r1/P8/7c1/7R1/2BAKAB1r b,-0.005962527,283
2b1ka3/4a4/4b1N2/p1p3R1p/9/2P1P2r1/P8/7c1/7R1/2BAKAB1r w,0.022749877,4450
2b1ka3/4a4/4b1N2/p1p3R1p/4P4/2P4r1/P8/7c1/7R1/2BAKAB1r b,-0.009753346,6361
2b1ka3/4a4/4b1N2/p1p3R1p/4P4/2P4r1/P6c1/9/7R1/2BAKAB1r w,0.035501815,3030
2b1ka3/4a4/4b1N2/p1p5p/4P4/2P4r1/P5Rc1/9/7R1/2BAKAB1r b,-0.0299294,5560
2b1ka3/4a4/4b1N2/p1p5p/4P4/2P4r1/P5R2/7c1/7R1/2BAKAB1r w,0.053909253,3631
2b1ka3/4a4/4b1N2/p1p1P3p/9/2P4r1/P5R2/7c1/7R1/2BAKAB1r b,-0.041334774,1986
2b1kab2/4a4/6N2/p1p1P3p/9/2P4r1/P5R2/7c1/7R1/2BAKAB1r w,0.048359584,2201
2b1kab2/4a4/9/p1p1P3p/5N3/2P4r1/P5R2/7c1/7R1/2BAKAB1r b,-0.039998412,4729
2b1kab2/4a4/9/p1p1P3p/5N3/2P1r4/P5R2/7c1/7R1/2BAKAB1r w,0.03354032,7186
2b1kab2/4a4/9/p1p1P3p/5N3/2P1r4/P5R2/7c1/4R4/2BAKAB1r b,-0.03096726,4486
2b1kab2/4a4/9/p1p1P3p/5N3/2P6/P5R2/7c1/4r4/2BAKAB1r w,0.030464316,7636
2b1kab2/4a4/9/p1p1P3p/5N3/2P6/P5R2/7c1/4A4/2B1KAB1r b,-0.019300891,8054
2b1kab2/4a4/9/p1p1P3p/5N2r/2P6/P5R2/7c1/4A4/2B1KAB2 w,0.040386178,3724
2b1kab2/4a4/9/p1p1P2Np/8r/2P6/P5R2/7c1/4A4/2B1KAB2 b,-0.025249792,3999
2b1kab2/4a4/9/p1p1P2Np/3r5/2P6/P5R2/7c1/4A4/2B1KAB2 w,0.028463174,5406
2b1kaR2/4a4/9/p1p1P2Np/3r5/2P6/P8/7c1/4A4/2B1KAB2 b,-0.025715375,3553
2b1kaR2/4a4/9/p1p1P2Np/7r1/2P6/P8/7c1/4A4/2B1KAB2 w,0.07199671,3075
2b1kaR2/4a1N2/9/p1p1P3p/7r1/2P6/P8/7c1/4A4/2B1KAB2 b,-0.073960684,363
2bk1aR2/4a1N2/9/p1p1P3p/7r1/2P6/P8/7c1/4A4/2B1KAB2 w,0.08248053,1382
2bk1aR2/4a4/9/p1p1PN2p/7r1/2P6/P8/7c1/4A4/2B1KAB2 b,-0.071848035,3886
2bk1aR2/4a2r1/9/p1p1PN2p/9/2P6/P8/7c1/4A4/2B1KAB2 w,0.072779156,582
2bk1a3/4a2r1/9/p1p1PN2p/6R2/2P6/P8/7c1/4A4/2B1KAB2 b,-0.05109799,6334
2bk1a3/4a2r1/9/p1p1PN1cp/6R2/2P6/P8/9/4A4/2B1KAB2 w,0.06382053,3819
2bk1a3/4a2r1/9/p1p1PN1cp/3R5/2P6/P8/9/4A4/2B1KAB2 b,-0.05448675,274
2b1ka3/4a2r1/9/p1p1PN1cp/3R5/2P6/P8/9/4A4/2B1KAB2 w,0.06266742,2820
2b1ka3/4a2r1/9/p1pP1N1cp/3R5/2P6/P8/9/4A4/2B1KAB2 b,-0.048089206,1454
2b1ka3/4ar3/9/p1pP1N1cp/3R5/2P6/P8/9/4A4/2B1KAB2 w,0.051143076,2931
2b1ka3/4ar3/9/p1pP3cp/3R5/2P3N2/P8/9/4A4/2B1KAB2 b,-0.038802385,3085
2b1ka3/4ar3/7c1/p1pP4p/3R5/2P3N2/P8/9/4A4/2B1KAB2 w,0.04585383,7537
2b1ka3/4ar3/7c1/p1pP4p/3R5/2P3N2/P8/4B4/4A4/4KAB2 b,-0.03233261,1283
2b1ka3/4a4/5r1c1/p1pP4p/3R5/2P3N2/P8/4B4/4A4/4KAB2 w,0.051561523,3550
2b1ka3/4a4/5r1c1/p1pP4p/4R4/2P3N2/P8/4B4/4A4/4KAB2 b,-0.04202309,2276
2b1ka3/4a4/5r2c/p1pP4p/4R4/2P3N2/P8/4B4/4A4/4KAB2 w,0.04522462,3631
2b1ka3/4a4/5r2c/p1pPR3p/9/2P3N2/P8/4B4/4A4/4KAB2 b,-0.0371022,2089
2b1ka3/4a4/1r6c/p1pPR3p/9/2P3N2/P8/4B4/4A4/4KAB2 w,0.047516823,2721
2b1ka3/4a4/1r1P4c/p1p1R3p/9/2P3N2/P8/4B4/4A4/4KAB2 b,-0.01222291,1731
2b1ka3/4a4/3r4c/p1p1R3p/9/2P3N2/P8/4B4/4A4/4KAB2 w,0.015708853,2819
2b1ka3/4a4/3r4c/p1R5p/9/2P3N2/P8/4B4/4A4/4KAB2 b,-0.0135071995,202
4ka3/4a4/3rb3c/p1R5p/9/2P3N2/P8/4B4/4A4/4KAB2 w,0.03154824,4622
4ka3/4a4/3rb3c/p1R2N2p/9/2P6/P8/4B4/4A4/4KAB2 b,-0.019146562,1909
4ka3/4a4/1r2b3c/p1R2N2p/9/2P6/P8/4B4/4A4/4KAB2 w,0.032940626,2895
4ka3/4a1N2/1r2b3c/p1R5p/9/2P6/P8/4B4/4A4/4KAB2 b,-0.04356947,363
3k1a3/4a1N2/1r2b3c/p1R5p/9/2P6/P8/4B4/4A4/4KAB2 w,0.057221677,1376
3k1a3/4a4/1r2b3N/p1R5p/9/2P6/P8/4B4/4A4/4KAB2 b,-0.05446261,1792
3k1a3/4a4/4b3N/p1R5p/9/2P6/P8/4B4/4A4/1r2KAB2 w,0.05808189,6924
3k1a3/4a4/4b3N/p1R5p/9/2P6/P8/4B4/9/1r1AKAB2 b,-0.056414533,7464
3k1a3/4a4/4b3N/p1R5p/9/2P6/P8/4B4/9/3rKAB2 w,0.055971622,7726
3k1a3/4a4/4b3N/p1R5p/9/2P6/P8/4B4/4K4/3r1AB2 b,-0.065976895,7635
3k1a3/4a4/4b3N/p1R5p/9/2P6/P8/4B4/3rK4/5AB2 w,0.066516116,6925
3k1a3/4a4/4b3N/p1R5p/9/2P6/P8/4B4/3r5/4KAB2 b,-0.053973865,6807
3k1a3/4a4/4b3N/p1R5p/9/2P6/P2r5/4B4/9/4KAB2 w,0.06426511,2355
3k1a3/4a1N2/4b4/p1R5p/9/2P6/P2r5/4B4/9/4KAB2 b,-0.07155861,5214
3k1a3/4a1N2/4b4/p1R5p/9/2P6/P8/4B4/9/3rKAB2 w,0.076143794,7726
3k1a3/4a1N2/4b4/p1R5p/9/2P6/P8/4B4/4K4/3r1AB2 b,-0.06468197,1986
3k1ab2/4a1N2/9/p1R5p/9/2P6/P8/4B4/4K4/3r1AB2 w,0.08031733,4268
3k1ab2/4a1N2/9/p1R5p/2P6/9/P8/4B4/4K4/3r1AB2 b,-0.08613258,7635
3k1ab2/4a1N2/9/p1R5p/2P6/9/P8/4B4/3rK4/5AB2 w,0.080266975,6925
3k1ab2/4a1N2/9/p1R5p/2P6/9/P8/4B4/3r5/4KAB2 b,-0.08203459,6834
3k1ab2/4a1N2/9/p1R5p/2P6/9/P8/4B4/9/3rKAB2 w,0.07957854,7726
3k1ab2/4a1N2/9/p1R5p/2P6/9/P8/4B4/4K4/3r1AB2 b,-0.071760885,3194
3k1ab2/4a1N2/9/p1R6/2P5p/9/P8/4B4/4K4/3r1AB2 w,0.087802984,2637
3k1ab2/4a1N2/9/R8/2P5p/9/P8/4B4/4K4/3r1AB2 b,-0.09024713,7635
3k1ab2/4a1N2/9/R8/2P5p/9/P8/4B4/3rK4/5AB2 w,0.08774727,6925
3k1ab2/4a1N2/9/R8/2P5p/9/P8/4B4/3r5/4KAB2 b,-0.0926167,6834
3k1ab2/4a1N2/9/R8/2P5p/9/P8/4B4/9/3rKAB2 w,0.09522086,7726
3k1ab2/4a1N2/9/R8/2P5p/9/P8/4B4/4K4/3r1AB2 b,-0.080744706,7617
3k1ab2/4a1N2/9/R8/2P5p/9/P2r5/4B4/4K4/5AB2 w,0.08873136,2430
R2k1ab2/4a1N2/9/9/2P5p/9/P2r5/4B4/4K4/5AB2 b,-0.08658852,282
R4ab2/3ka1N2/9/9/2P5p/9/P2r5/4B4/4K4/5AB2 w,0.09010706,3449
R4ab2/3ka1N2/9/2P6/8p/9/P2r5/4B4/4K4/5AB2 b,-0.08239179,5186
R4ab2/3ka1N2/9/2P6/8p/9/P1r6/4B4/4K4/5AB2 w,0.08939409,2640
R4ab2/3ka1N2/9/3P5/8p/9/P1r6/4B4/4K4/5AB2 b,-0.07859538,5095
R4ab2/3ka1N2/9/3P5/8p/9/Pr7/4B4/4K4/5AB2 w,0.08970206,6081
R4ab2/3ka1N2/9/3P5/8p/6B2/Pr7/9/4K4/5AB2 b,-0.046921145,4978
R4ab2/3ka1N2/9/1r1P5/8p/6B2/P8/9/4K4/5AB2 w,0.060138393,2731
R4ab2/3ka1N2/9/1r2P4/8p/6B2/P8/9/4K4/5AB2 b,-0.022445584,2551
R4ab2/3ka1N2/9/4r4/8p/6B2/P8/9/4K4/5AB2 w,0.024601435,7897
R4ab2/3ka1N2/9/4r4/8p/6B2/P8/4B4/4K4/5A3 b,-0.021258963,2818
R4ab2/3ka1N2/9/1r7/8p/6B2/P8/4B4/4K4/5A3 w,0.011448145,9
5ab2/R2ka1N2/9/1r7/8p/6B2/P8/4B4/4K4/5A3 b,-0.019615376,1083
3k1ab2/R3a1N2/9/1r7/8p/6B2/P8/4B4/4K4/5A3 w,0.033014964,846
3k1ab2/4a1N2/9/1r7/R7p/6B2/P8/4B4/4K4/5A3 b,-0.023139155,2550
3k1ab2/4a1N2/9/3r5/R7p/6B2/P8/4B4/4K4/5A3 w,0.03897574,3284
3k1ab2/4a1N2/9/3r5/8R/6B2/P8/4B4/4K4/5A3 b,-0.03243717,2721
3k1ab2/4a1N2/3r5/9/8R/6B2/P8/4B4/4K4/5A3 w,0.043353487,1382
3k1ab2/4a4/3r5/5N3/8R/6B2/P8/4B4/4K4/5A3 b,-0.043318212,1913
3k1ab2/4a4/5r3/5N3/8R/6B2/P8/4B4/4K4/5A3 w,0.05809314,3999
3k1ab2/4a4/5r3/5N3/3R5/6B2/P8/4B4/4K4/5A3 b,-0.051893473,274
4kab2/4a4/5r3/5N3/3R5/6B2/P8/4B4/4K4/5A3 w,0.059875775,3540
4kab2/4a4/5r3/3R1N3/9/6B2/P8/4B4/4K4/5A3 b,-0.054849338,562
4ka3/4a4/4br3/3R1N3/9/6B2/P8/4B4/4K4/5A3 w,0.06409402,4905
4ka3/4a4/4br3/3R1N3/9/P5B2/9/4B4/4K4/5A3 b,-0.063934185,1986
4kab2/4a4/5r3/3R1N3/9/P5B2/9/4B4/4K4/5A3 w,0.074762486,4661
4kab2/4a4/5r3/3R1N3/9/P8/9/4B3B/4K4/5A3 b,-0.06718166,562
4ka3/4a4/4br3/3R1N3/9/P8/9/4B3B/4K4/5A3 w,0.07217524,4086
4ka3/4a4/4br3/3R1N3/P8/9/9/4B3B/4K4/5A3 b,-0.0731369,1986
4kab2/4a4/5r3/3R1N3/P8/9/9/4B3B/4K4/5A3 w,0.07968972,3267
4kab2/4a4/5r3/P2R1N3/9/9/9/4B3B/4K4/5A3 b,-0.06329401,1173
3akab2/9/5r3/P2R1N3/9/9/9/4B3B/4K4/5A3 w,0.06501966,2458
3akab2/9/5r3/1P1R1N3/9/9/9/4B3B/4K4/5A3 b,-0.056902874,463
3ak1b2/4a4/5r3/1P1R1N3/9/9/9/4B3B/4K4/5A3 w,0.063046955,6925
3ak1b2/4a4/5r3/1P1R1N3/9/9/9/4B3B/9/4KA3 b,-0.054181553,365
3a1kb2/4a4/5r3/1P1R1N3/9/9/9/4B3B/9/4KA3 w,0.06364465,7734
3a1kb2/4a4/5r3/1P1R1N3/9/9/9/4B3B/9/3K1A3 b,-0.0616513,454
3ak1b2/4a4/5r3/1P1R1N3/9/9/9/4B3B/9/3K1A3 w,0.07186761,6113
3ak1b2/4a4/5r3/1P1R1N3/9/9/9/8B/9/2BK1A3 b,-0.06488967,365
3a1kb2/4a4/5r3/1P1R1N3/9/9/9/8B/9/2BK1A3 w,0.070212364,7816
3a1kb2/4a4/5r3/1P1R1N3/9/9/9/8B/4A4/2BK5 b,-0.0711081,454
3ak1b2/4a4/5r3/1P1R1N3/9/9/9/8B/4A4/2BK5 w,0.073839,2549
3ak1b2/4a4/5r3/2PR1N3/9/9/9/8B/4A4/2BK5 b,-0.063393846,365
3a1kb2/4a4/5r3/2PR1N3/9/9/9/8B/4A4/2BK5 w,0.07004006,2923
3a1kb2/4a4/5r3/2PR5/7N1/9/9/8B/4A4/2BK5 b,-0.06281509,454
3ak1b2/4a4/5r3/2PR5/7N1/9/9/8B/4A4/2BK5 w,0.0718595,2733
3ak1b2/4a4/5r3/2P3R2/7N1/9/9/8B/4A4/2BK5 b,-0.06786672,562
3ak4/4a4/4br3/2P3R2/7N1/9/9/8B/4A4/2BK5 w,0.07627425,3902
3ak4/4a4/4br3/2P2NR2/9/9/9/8B/4A4/2BK5 b,-0.07070937,365
3a1k3/4a4/4br3/2P2NR2/9/9/9/8B/4A4/2BK5 w,0.08094516,2640
3a1k3/4a4/4br3/3P1NR2/9/9/9/8B/4A4/2BK5 b,-0.07344552,454
3ak4/4a4/4br3/3P1NR2/9/9/9/8B/4A4/2BK5 w,0.07447608,2731
3ak4/4a4/4br3/4PNR2/9/9/9/8B/4A4/2BK5 b,-0.071866706,1982
2bak4/4a4/5r3/4PNR2/9/9/9/8B/4A4/2BK5 w,0.09139059,3030
2bak4/4a4/5r3/4PN3/9/9/6R2/8B/4A4/2BK5 b,-0.08223832,2091
2bak4/4a4/3r5/4PN3/9/9/6R2/8B/4A4/2BK5 w,0.08861535,7645
2bak4/4a4/3r5/4PN3/9/9/6R2/8B/4A4/2B1K4 b,-0.08653106,1913
2bak4/4a4/5r3/4PN3/9/9/6R2/8B/4A4/2B1K4 w,0.09523504,5469
2bak4/4a4/5r3/4PN3/9/9/9/6R1B/4A4/2B1K4 b,-0.080011345,202
3ak4/4a4/4br3/4PN3/9/9/9/6R1B/4A4/2B1K4 w,0.0860013,6288
3ak4/4a4/4br3/4PN3/9/9/9/8B/4A1R2/2B1K4 b,-0.08214285,1982
2bak4/4a4/5r3/4PN3/9/9/9/8B/4A1R2/2B1K4 w,0.0880276,7097
2bak4/4a4/5r3/4PN3/9/9/9/8B/4AR3/2B1K4 b,-0.075561546,2094
2bak4/4a4/6r2/4PN3/9/9/9/8B/4AR3/2B1K4 w,0.08918891,7009
2bak4/4a4/6r2/4PN3/9/9/9/8B/4A2R1/2B1K4 b,-0.07594197,2193
2bak4/4a4/9/4PNr2/9/9/9/8B/4A2R1/2B1K4 w,0.07896405,7117
2bak2R1/4a4/9/4PNr2/9/9/9/8B/4A4/2B1K4 b,-0.082852654,1175
2baka1R1/9/9/4PNr2/9/9/9/8B/4A4/2B1K4 w,0.08876028,655
2baka3/9/7R1/4PNr2/9/9/9/8B/4A4/2B1K4 b,-0.07732053,463
2bak4/4a4/7R1/4PNr2/9/9/9/8B/4A4/2B1K4 w,0.09151597,2320
2bak4/4a4/9/4PNr2/9/9/9/7RB/4A4/2B1K4 b,-0.07949328,1175
2baka3/9/9/4PNr2/9/9/9/7RB/4A4/2B1K4 w,0.09477885,6365
2baka3/9/9/4PNr2/9/9/9/2R5B/4A4/2B1K4 b,-0.07995977,202
3aka3/9/4b4/4PNr2/9/9/9/2R5B/4A4/2B1K4 w,0.08966022,5917
3aka3/9/4b4/4PNr2/9/9/9/4R3B/4A4/2B1K4 b,-0.08047133,1982
2baka3/9/9/4PNr2/9/9/9/4R3B/4A4/2B1K4 w,0.08453598,6088
2baka3/9/9/4PNr2/9/9/4R4/8B/4A4/2B1K4 b,-0.08395065,283
2b1ka3/4a4/9/4PNr2/9/9/4R4/8B/4A4/2B1K4 w,0.09657011,5276
2b1ka3/4a4/9/4PNr2/9/9/2R6/8B/4A4/2B1K4 b,-0.08786666,202
4ka3/4a4/4b4/4PNr2/9/9/2R6/8B/4A4/2B1K4 w,0.106339954,7734
4ka3/4a4/4b4/4PNr2/9/9/2R6/8B/4A4/2BK5 b,-0.08561849,1173
3aka3/9/4b4/4PNr2/9/9/2R6/8B/4A4/2BK5 w,0.08940699,5060
3aka3/9/2R1b4/4PNr2/9/9/9/8B/4A4/2BK5 b,-0.08144128,463
3ak4/4a4/2R1b4/4PNr2/9/9/9/8B/4A4/2BK5 w,0.10307193,1822
3ak4/4a4/4R4/4PNr2/9/9/9/8B/4A4/2BK5 b,-0.09717286,2976
3ak1r2/4a4/4R4/4PN3/9/9/9/8B/4A4/2BK5 w,0.12059853,2006
3ak1r2/4a4/8R/4PN3/9/9/9/8B/4A4/2BK5 b,-0.11007464,573
3ak4/4a4/8R/4PNr2/9/9/9/8B/4A4/2BK5 w,0.10685153,2348
3ak3R/4a4/9/4PNr2/9/9/9/8B/4A4/2BK5 b,-0.101409175,1175
3aka2R/9/9/4PNr2/9/9/9/8B/4A4/2BK5 w,0.10816055,727
3aka1R1/9/9/4PNr2/9/9/9/8B/4A4/2BK5 b,-0.106708504,2994
3aka1R1/9/6r2/4PN3/9/9/9/8B/4A4/2BK5 w,0.108415894,655
3aka3/9/6rR1/4PN3/9/9/9/8B/4A4/2BK5 b,-0.10457865,2193
3aka3/9/7R1/4PNr2/9/9/9/8B/4A4/2BK5 w,0.1094311,2271
3aka3/9/3R5/4PNr2/9/9/9/8B/4A4/2BK5 b,-0.10392075,463
3ak4/4a4/3R5/4PNr2/9/9/9/8B/4A4/2BK5 w,0.11914597,1916
3ak4/4a4/8R/4PNr2/9/9/9/8B/4A4/2BK5 b,-0.09962399,1175
3aka3/9/8R/4PNr2/9/9/9/8B/4A4/2BK5 w,0.10504692,2357
3aka3/8R/9/4PNr2/9/9/9/8B/4A4/2BK5 b,-0.10092481,283
4ka3/4a3R/9/4PNr2/9/9/9/8B/4A4/2BK5 w,0.120020054,1545
4ka3/4a1R2/9/4PNr2/9/9/9/8B/4A4/2BK5 b,-0.10649698,3004
4ka3/4a1R2/9/4PN1r1/9/9/9/8B/4A4/2BK5 w,0.11817155,1401
4ka3/4a4/9/4PN1r1/9/6R2/9/8B/4A4/2BK5 b,-0.10538603,1193
4ka3/9/5a3/4PN1r1/9/6R2/9/8B/4A4/2BK5 w,0.11546617,4637
4ka3/9/5a3/4PN1r1/9/2R6/9/8B/4A4/2BK5 b,-0.112312846,3148
4ka3/9/5a3/4PN3/9/2R6/9/8B/4A4/2BK3r1 w,0.11823814,7635
4ka3/9/5a3/4PN3/9/2R6/9/8B/3KA4/2B4r1 b,-0.11540004,7954
4ka3/9/5a3/4PN1r1/9/2R6/9/8B/3KA4/2B6 w,0.14252591,4232
2R1ka3/9/5a3/4PN1r1/9/9/9/8B/3KA4/2B6 b,-0.14595132,373
2R2a3/4k4/5a3/4PN1r1/9/9/9/8B/3KA4/2B6 w,0.1558404,185
5R3/4k4/5a3/4PN1r1/9/9/9/8B/3KA4/2B6 b,-0.1447904,3139
5R3/4k4/5a3/4PN3/9/9/9/8B/3KA2r1/2B6 w,0.13336454,473
9/4k4/5R3/4PN3/9/9/9/8B/3KA2r1/2B6 b,-0.14346874,7186
9/4k4/5R3/4PN3/9/9/9/8B/3Kr4/2B6 w,0.18967469,6826
9/4k4/5R3/4PN3/9/9/9/8B/4K4/2B6 b,-0.19086182,1182
9/3k5/5R3/4PN3/9/9/9/8B/4K4/2B6 w,0.19056654,2084
9/3k1R3/9/4PN3/9/9/9/8B/4K4/2B6 b,-0.19143203,1083
3k5/5R3/9/4PN3/9/9/9/8B/4K4/2B6 w,0.18565305,1265
3k1R3/9/9/4PN3/9/9/9/8B/4K4/2B6 b,-0.1917463,282
5R3/3k5/9/4PN3/9/9/9/8B/4K4/2B6 w,0.2,2812
rnbakabnr/9/1c5c1/p1p1p1p1p/9/9/P1P1P1P1P/1C5C1/9/RNBAKABNR w,0.001823473,5827
rnbakabnr/9/1c5c1/p1p1p1p1p/9/9/P1P1P1P1P/4C2C1/9/RNBAKABNR b,-0.0017655134,110
r1bakabnr/9/1cn4c1/p1p1p1p1p/9/9/P1P1P1P1P/4C2C1/9/RNBAKABNR w,0.001820159,7445
r1bakabnr/9/1cn4c1/p1p1p1p1p/9/9/P1P1P1P1P/2N1C2C1/9/R1BAKABNR b,-0.0018223763,562
r1baka1nr/9/1cn1b2c1/p1p1p1p1p/9/9/P1P1P1P1P/2N1C2C1/9/R1BAKABNR w,0.0019032955,7372
r1baka1nr/9/1cn1b2c1/p1p1p1p1p/9/9/P1P1P1P1P/2N1C2C1/9/1RBAKABNR b,-0.0017663479,1
1rbaka1nr/9/1cn1b2c1/p1p1p1p1p/9/9/P1P1P1P1P/2N1C2C1/9/1RBAKABNR w,0.0016990424,6368
1rbaka1nr/9/1cn1b2c1/p1p1p1p1p/9/9/P1P1P1P1P/2N1CC3/9/1RBAKABNR b,-0.0012718678,654
1rbaka2r/9/1cn1b1nc1/p1p1p1p1p/9/9/P1P1P1P1P/2N1CC3/9/1RBAKABNR w,0.0015803337,7989
1rbaka2r/9/1cn1b1nc1/p1p1p1p1p/9/9/P1P1P1P1P/2N1CCN2/9/1RBAKAB1R b,-0.0013483524,3012
1rbaka2r/9/1cn1b1nc1/p1p1p3p/6p2/9/P1P1P1P1P/2N1CCN2/9/1RBAKAB1R w,0.0018939496,8098
1rbaka2r/9/1cn1b1nc1/p1p1p3p/6p2/9/P1P1P1P1P/2N1CCN2/9/1RBAKABR1 b,-0.002012527,727
1rbaka1r1/9/1cn1b1nc1/p1p1p3p/6p2/9/P1P1P1P1P/2N1CCN2/9/1RBAKABR1 w,0.0027573109,5087
1rbaka1r1/9/1cn1b1nc1/p1p1p3p/6p2/2P6/P3P1P1P/2N1CCN2/9/1RBAKABR1 b,-0.0022065758,1765
1rbaka1r1/9/2n1b1nc1/p1p1p3p/6p2/2P6/Pc2P1P1P/2N1CCN2/9/1RBAKABR1 w,0.0047726394,5898
1rbaka1r1/9/2n1b1nc1/p1p1p3p/6p2/2PN5/Pc2P1P1P/4CCN2/9/1RBAKABR1 b,-0.0064135552,2311
1rbaka1r1/9/2n1b1n2/p1p1p3p/6p2/2PN5/Pc2P1PcP/4CCN2/9/1RBAKABR1 w,0.007931757,6143
1rbaka1r1/9/2n1bCn2/p1p1p3p/6p2/2PN5/Pc2P1PcP/4C1N2/9/1RBAKABR1 b,-0.008166194,1986
1rbakabr1/9/2n2Cn2/p1p1p3p/6p2/2PN5/Pc2P1PcP/4C1N2/9/1RBAKABR1 w,0.018145729,4351
1rbakabr1/9/2n2Cn2/p1p1N3p/6p2/2P6/Pc2P1PcP/4C1N2/9/1RBAKABR1 b,-0.0049099564,1831
1rbakabr1/9/5Cn2/p1p1n3p/6p2/2P6/Pc2P1PcP/4C1N2/9/1RBAKABR1 w,0.0051249745,6061
1rbakabr1/9/5Cn2/p1p1C3p/6p2/2P6/Pc2P1PcP/6N2/9/1RBAKABR1 b,0.009313822,109
2bakabr1/9/1r3Cn2/p1p1C3p/6p2/2P6/Pc2P1PcP/6N2/9/1RBAKABR1 w,0.0019269943,2839
2bakabr1/9/1r3Cn2/p1p5p/6p2/2P1C4/Pc2P1PcP/6N2/9/1RBAKABR1 b,0.0015896797,1733
2bakabr1/9/5rn2/p1p5p/6p2/2P1C4/Pc2P1PcP/6N2/9/1RBAKABR1 w,0.009615255,7435
2bakabr1/9/5rn2/p1p5p/6p2/2P1C4/PR2P1PcP/6N2/9/2BAKABR1 b,-0.0074599744,2129
2bakabr1/9/6n2/p1p5p/6p2/2P1C4/PR2PrPcP/6N2/9/2BAKABR1 w,0.014925885,4987
2bakabr1/9/6n2/p1p5p/1R4p2/2P1C4/P3PrPcP/6N2/9/2BAKABR1 b,-0.004391372,2201
2bakabr1/9/9/p1p5p/1R3np2/2P1C4/P3PrPcP/6N2/9/2BAKABR1 w,0.02090311,7897
2bakabr1/9/9/p1p5p/1R3np2/2P1C4/P3PrPcP/4B1N2/9/2BAKA1R1 b,-0.009876681,3748
2bakabr1/9/9/p1p5p/1R4p2/2P1C4/P3nrPcP/4B1N2/9/2BAKA1R1 w,0.026053859,7816
2bakabr1/9/9/p1p5p/1R4p2/2P1C4/P3nrPcP/4B1N2/4A4/2BAK2R1 b,-0.009883845,5370
2bakabr1/9/9/p1p5p/1R4p2/2P1C4/P3n1rcP/4B1N2/4A4/2BAK2R1 w,0.012486911,3370
2bakabr1/9/9/p1p5p/4R1p2/2P1C4/P3n1rcP/4B1N2/4A4/2BAK2R1 b,-0.008951676,562
2baka1r1/9/4b4/p1p5p/4R1p2/2P1C4/P3n1rcP/4B1N2/4A4/2BAK2R1 w,0.013994885,6268
2baka1r1/9/4b4/p1p5p/4R1p2/2P1C4/P3N1rcP/4B4/4A4/2BAK2R1 b,-0.004575932,5458
2baka1r1/9/4b4/p1p5p/4R1p2/2P1C4/P3r2cP/4B4/4A4/2BAK2R1 w,0.021117497,3622
2baka1r1/9/4R4/p1p5p/6p2/2P1C4/P3r2cP/4B4/4A4/2BAK2R1 b,-0.02798673,463
2bak2r1/4a4/4R4/p1p5p/6p2/2P1C4/P3r2cP/4B4/4A4/2BAK2R1 w,0.11884897,2005
2bak2r1/4a4/7R1/p1p5p/6p2/2P1C4/P3r2cP/4B4/4A4/2BAK2R1 b,-0.11673949,1175
2baka1r1/9/7R1/p1p5p/6p2/2P1C4/P3r2cP/4B4/4A4/2BAK2R1 w,0.116102934,2257
2baka1R1/9/9/p1p5p/6p2/2P1C4/P3r2cP/4B4/4A4/2BAK2R1 b,-0.10897851,5544
2baka1R1/9/9/p1p5p/6p2/2P1C4/c3r3P/4B4/4A4/2BAK2R1 w,0.11986909,4460
2baka1R1/9/9/p1p5p/6p2/2P2C3/c3r3P/4B4/4A4/2BAK2R1 b,-0.11000202,3831
2baka1R1/9/9/p1p5p/9/2P2Cp2/c3r3P/4B4/4A4/2BAK2R1 w,0.11760884,6081
2baka1R1/9/9/p1p5p/9/2P2CB2/c3r3P/9/4A4/2BAK2R1 b,-0.10469506,4941
2baka1R1/9/9/p1p5p/9/2P2CB2/4r3P/9/4A4/c1BAK2R1 w,0.10412686,4568
2baka1R1/9/9/p1p5p/9/2P3B2/4r3P/5C3/4A4/c1BAK2R1 b,-0.049892247,5296
2baka1R1/9/9/p1p5p/9/2P3B2/8P/5C3/4r4/c1BAK2R1 w,0.054496814,7736
2baka1R1/9/9/p1p5p/9/2P3B2/8P/5C3/4r4/c1BA1K1R1 b,-0.041447617,6915
2baka1R1/9/9/p1p5p/9/2P3B2/8P/5C3/3r5/c1BA1K1R1 w,0.03818984,6187
2baka1R1/9/9/p1p5p/9/2P3B2/8P/4C4/3r5/c1BA1K1R1 b,-0.011339808,6834
2baka1R1/9/9/p1p5p/9/2P3B2/8P/4C4/9/c1Br1K1R1 w,0.016778493,7817
2baka1R1/9/9/p1p5p/9/2P3B2/8P/4C4/5K3/c1Br3R1 b,-0.0049774884,7648
2baka1R1/9/9/p1p5p/9/2P3B2/8P/4C4/5K3/c1B4r1 w,0.021403646,718
2baka3/9/9/p1p5p/9/2P3B2/8P/4C4/5K3/c1B4R1 b,-0.0028755546,7378
2baka3/9/9/p1p5p/9/2P3B2/8P/4C4/5K3/2B4c1 w,0.0039909603,6095
2baka3/9/9/p1p5p/9/2P3B2/8P/2C6/5K3/2B4c1 b,0.007859612,7972
2baka3/9/9/p1p5p/9/2P3Bc1/8P/2C6/5K3/2B6 w,-0.0035739304,5879
2baka3/9/9/p1C5p/9/2P3Bc1/8P/9/5K3/2B6 b,0.005269218,4727
2baka3/9/9/p1C5p/9/2c3B2/8P/9/5K3/2B6 w,-0.0067067863,2641
2baka3/9/9/p3C3p/9/2c3B2/8P/9/5K3/2B6 b,0.0072275163,4241
2baka3/2c6/9/p3C3p/9/6B2/8P/9/5K3/2B6 w,0.000027513504,2824
2baka3/2c6/9/p6Cp/9/6B2/8P/9/5K3/2B6 b,0.010217786,463
2bak4/2c1a4/9/p6Cp/9/6B2/8P/9/5K3/2B6 w,-0.017601896,3091
2bak4/2c1a4/9/p3C3p/9/6B2/8P/9/5K3/2B6 b,0.020079732,1193
2bak4/2c6/5a3/p3C3p/9/6B2/8P/9/5K3/2B6 w,-0.009433187,2830
2bak4/2c6/5a3/p7p/4C4/6B2/8P/9/5K3/2B6 b,0.0235533,999
2bak4/c8/5a3/p7p/4C4/6B2/8P/9/5K3/2B6 w,-0.014555288,3667
2bak4/c8/5a3/p7p/9/6B2/8P/4C4/5K3/2B6 b,0.024459338,822
2bak4/3c5/5a3/p7p/9/6B2/8P/4C4/5K3/2B6 w,-0.018593168,6101
2bak4/3c5/5a3/p7p/9/6B2/8P/8C/5K3/2B6 b,0.030898595,1090
2bak4/1c7/5a3/p7p/9/6B2/8P/8C/5K3/2B6 w,-0.013885165,4657
2bak4/1c7/5a3/p7p/9/9/8P/4B3C/5K3/2B6 b,0.0145094395,914
2bak4/5c3/5a3/p7p/9/9/8P/4B3C/5K3/2B6 w,-0.006285,7006
2bak4/5c3/5a3/p7p/9/9/8P/4B3C/4K4/2B6 b,0.008960224,1277
2bak4/8c/5a3/p7p/9/9/8P/4B3C/4K4/2B6 w,-0.0046533826,6425
2bak4/8c/5a3/p7C/9/9/8P/4B4/4K4/2B6 b,0.0061029196,1592
2bak4/9/5a3/p7C/9/9/8c/4B4/4K4/2B6 w,-0.0049351454,7533
2bak4/9/5a3/p7C/9/9/8c/B3B4/4K4/9 b,0.008412743,2466
2bak4/9/5a3/8C/p8/9/8c/B3B4/4K4/9 w,-0.00785141,5753
2bak4/9/5a3/8C/p8/9/8c/4B4/4K4/2B6 b,0.013410377,5637
2bak4/9/5a3/8C/p8/9/3c5/4B4/4K4/2B6 w,-0.016163493,3181
2bak4/9/5a3/4C4/p8/9/3c5/4B4/4K4/2B6 b,0.018632269,3285
2bak4/9/5a3/4C4/9/p8/3c5/4B4/4K4/2B6 w,-0.01737572,2822
2bak4/9/5a3/5C3/9/p8/3c5/4B4/4K4/2B6 b,0.012338948,4096
2bak4/9/5a3/5C3/9/1p7/3c5/4B4/4K4/2B6 w,-0.014388717,2957
2bak4/9/5a3/9/9/1p7/3c5/4B4/4KC3/2B6 b,0.018305873,4187
2bak4/9/5a3/9/9/2p6/3c5/4B4/4KC3/2B6 w,-0.007948923,6925
2bak4/9/5a3/9/9/2p6/3c5/4B4/5C3/2B1K4 b,0.0154184345,4286
2bak4/9/5a3/9/9/9/2pc5/4B4/5C3/2B1K4 w,-0.011390626,7006
2bak4/9/5a3/9/9/9/2pc5/4B4/4C4/2B1K4 b,0.013843275,202
3ak4/9/4ba3/9/9/9/2pc5/4B4/4C4/2B1K4 w,-0.0069728135,6917
3ak4/9/4ba3/9/9/9/2pc5/4B4/5C3/2B1K4 b,0.0146527765,5105
3ak4/9/4ba3/9/9/9/3c5/2p1B4/5C3/2B1K4 w,-0.014664746,7006
3ak4/9/4ba3/9/9/9/3c5/2p1B4/4C4/2B1K4 b,0.023495173,5916
3ak4/9/4ba3/9/9/9/3c5/3pB4/4C4/2B1K4 w,-0.01879326,6917
3ak4/9/4ba3/9/9/9/3c5/3pB4/5C3/2B1K4 b,0.027404094,6015
3ak4/9/4ba3/9/9/9/3c5/4B4/3p1C3/2B1K4 w,-0.024259115,7533
3ak4/9/4ba3/9/9/9/3c5/B3B4/3p1C3/4K4 b,0.027809357,5188
3ak4/9/4ba3/9/9/9/4c4/B3B4/3p1C3/4K4 w,-0.028118169,6081
3ak4/9/4ba3/9/9/6B2/4c4/B8/3p1C3/4K4 b,0.03762102,1982
2bak4/9/5a3/9/9/6B2/4c4/B8/3p1C3/4K4 w,-0.028648794,5717
2bak4/9/5a3/9/9/2B3B2/4c4/9/3p1C3/4K4 b,0.027054405,5242
2bak4/9/4ca3/9/9/2B3B2/9/9/3p1C3/4K4 w,-0.01963668,7736
2bak4/9/4ca3/9/9/2B3B2/9/9/3p1C3/5K3 b,0.031121016,1998
2bak4/9/c4a3/9/9/2B3B2/9/9/3p1C3/5K3 w,-0.02880894,4657
2bak4/9/c4a3/9/9/2B6/9/4B4/3p1C3/5K3 b,0.03919368,6826
2bak4/9/c4a3/9/9/2B6/9/4B4/4pC3/5K3 w,-0.03789244,6989
2bak4/9/c4a3/9/9/2B6/5C3/4B4/4p4/5K3 b,0.05196767,1629
2bak4/c8/5a3/9/9/2B6/5C3/4B4/4p4/5K3 w,-0.043612745,4293
2bak4/c8/5a3/9/9/9/5C3/B3B4/4p4/5K3 b,0.045449186,822
2bak4/3c5/5a3/9/9/9/5C3/B3B4/4p4/5K3 w,-0.0345425,5717
2bak4/3c5/5a3/9/9/2B6/5C3/4B4/4p4/5K3 b,0.050841164,1095
2bak4/6c2/5a3/9/9/2B6/5C3/4B4/4p4/5K3 w,-0.031184006,5360
2bak4/6c2/5a3/9/9/2B2C3/9/4B4/4p4/5K3 b,0.043073107,1359
2bak4/c8/5a3/9/9/2B2C3/9/4B4/4p4/5K3 w,-0.044612467,4293
2bak4/c8/5a3/9/9/5C3/9/B3B4/4p4/5K3 b,0.047298647,822
2bak4/3c5/5a3/9/9/5C3/9/B3B4/4p4/5K3 w,-0.03277668,5717
2bak4/3c5/5a3/9/9/2B2C3/9/4B4/4p4/5K3 b,0.04186168,1093
2bak4/4c4/5a3/9/9/2B2C3/9/4B4/4p4/5K3 w,-0.03299315,4559
2bak4/4c4/5a3/9/9/2B6/5C3/4B4/4p4/5K3 b,0.052004505,1187
2bak4/8c/5a3/9/9/2B6/5C3/4B4/4p4/5K3 w,-0.03682251,4293
2bak4/8c/5a3/9/9/9/5C3/B3B4/4p4/5K3 b,0.04403646,198
3ak4/8c/b4a3/9/9/9/5C3/B3B4/4p4/5K3 w,-0.041184273,5753
3ak4/8c/b4a3/9/9/9/5C3/4B4/4p4/2B2K3 b,0.056147575,1542
3ak4/3c5/b4a3/9/9/9/5C3/4B4/4p4/2B2K3 w,-0.03944545,7533
3ak4/3c5/b4a3/9/9/9/5C3/B3B4/4p4/5K3 b,0.049186256,1093
3ak4/4c4/b4a3/9/9/9/5C3/B3B4/4p4/5K3 w,-0.038786054,5717
3ak4/4c4/b4a3/9/9/2B6/5C3/4B4/4p4/5K3 b,0.05623529,1187
3ak4/8c/b4a3/9/9/2B6/5C3/4B4/4p4/5K3 w,-0.040018678,5360
3ak4/8c/b4a3/9/9/2B2C3/9/4B4/4p4/5K3 b,0.044608425,1542
3ak4/3c5/b4a3/9/9/2B2C3/9/4B4/4p4/5K3 w,-0.03583051,4559
3ak4/3c5/b4a3/9/9/2B6/5C3/4B4/4p4/5K3 b,0.04753938,1093
3ak4/4c4/b4a3/9/9/2B6/5C3/4B4/4p4/5K3 w,-0.034405995,4293
3ak4/4c4/b4a3/9/9/9/5C3/B3B4/4p4/5K3 b,0.053101588,1228
3ak4/9/b4a3/9/9/9/4cC3/B3B4/4p4/5K3 w,-0.0373765,5717
3ak4/9/b4a3/9/9/2B6/4cC3/4B4/4p4/5K3 b,0.042478275,1622
2bak4/9/5a3/9/9/2B6/4cC3/4B4/4p4/5K3 w,-0.042204928,5378
2bak4/9/5a3/9/9/2B6/4c4/4BC3/4p4/5K3 b,0.03789053,5279
2bak4/9/5a3/9/9/2B6/5c3/4BC3/4p4/5K3 w,-0.038102653,6191
2bak4/9/5a3/9/9/2B6/5c3/4B3C/4p4/5K3 b,0.041456368,5364
2bak4/9/5a3/9/9/2B6/c8/4B3C/4p4/5K3 w,-0.035939563,6452
2bak4/9/5a3/9/9/2B6/c7C/4B4/4p4/5K3 b,0.051329922,4869
2bak4/c8/5a3/9/9/2B6/8C/4B4/4p4/5K3 w,-0.033946812,5639
2bak4/c8/5a3/9/9/2B6/5C3/4B4/4p4/5K3 b,0.04739752,198
3ak4/c8/b4a3/9/9/2B6/5C3/4B4/4p4/5K3 w,-0.03220128,5360
3ak4/c8/b4a3/9/9/2B2C3/9/4B4/4p4/5K3 b,0.039762165,827
3ak4/8c/b4a3/9/9/2B2C3/9/4B4/4p4/5K3 w,-0.027847052,4559
3ak4/8c/b4a3/9/9/2B6/5C3/4B4/4p4/5K3 b,0.0419312,1658
3ak4/8c/5a3/9/2b6/2B6/5C3/4B4/4p4/5K3 w,-0.026638651,5360
3ak4/8c/5a3/9/2b6/2B2C3/9/4B4/4p4/5K3 b,0.037019562,1542
3ak4/3c5/5a3/9/2b6/2B2C3/9/4B4/4p4/5K3 w,-0.03246026,4293
3ak4/3c5/5a3/9/2b6/5C3/9/B3B4/4p4/5K3 b,0.039461948,1093
3ak4/4c4/5a3/9/2b6/5C3/9/B3B4/4p4/5K3 w,-0.029109264,5717
3ak4/4c4/5a3/9/2b6/2B2C3/9/4B4/4p4/5K3 b,0.036313962,1179
3ak4/c8/5a3/9/2b6/2B2C3/9/4B4/4p4/5K3 w,-0.033114802,4293
3ak4/c8/5a3/9/2b6/5C3/9/B3B4/4p4/5K3 b,0.04247985,822
3ak4/3c5/5a3/9/2b6/5C3/9/B3B4/4p4/5K3 w,-0.027785277,5717
3ak4/3c5/5a3/9/2b6/2B2C3/9/4B4/4p4/5K3 b,0.038812496,1093
3ak4/4c4/5a3/9/2b6/2B2C3/9/4B4/4p4/5K3 w,-0.02480023,4559
3ak4/4c4/5a3/9/2b6/2B6/5C3/4B4/4p4/5K3 b,0.040245034,3442
3ak4/4c4/4ba3/9/9/2B6/5C3/4B4/4p4/5K3 w,-0.022324169,5360
3ak4/4c4/4ba3/9/9/2B2C3/9/4B4/4p4/5K3 b,0.03856046,1986
3ak1b2/4c4/5a3/9/9/2B2C3/9/4B4/4p4/5K3 w,-0.023910452,4559
3ak1b2/4c4/5a3/9/9/2B6/5C3/4B4/4p4/5K3 b,0.043527175,1179
3ak1b2/c8/5a3/9/9/2B6/5C3/4B4/4p4/5K3 w,-0.02943368,5360
3ak1b2/c8/5a3/9/9/2B2C3/9/4B4/4p4/5K3 b,0.041806675,822
3ak1b2/3c5/5a3/9/9/2B2C3/9/4B4/4p4/5K3 w,-0.023931885,4559
3ak1b2/3c5/5a3/9/9/2B6/5C3/4B4/4p4/5K3 b,0.04171772,1093
3ak1b2/4c4/5a3/9/9/2B6/5C3/4B4/4p4/5K3 w,-0.03291359,4293
3ak1b2/4c4/5a3/9/9/9/5C3/B3B4/4p4/5K3 b,0.04416902,1179
3ak1b2/c8/5a3/9/9/9/5C3/B3B4/4p4/5K3 w,-0.029918766,5717
3ak1b2/c8/5a3/9/9/2B6/5C3/4B4/4p4/5K3 b,0.04085648,822
3ak1b2/3c5/5a3/9/9/2B6/5C3/4B4/4p4/5K3 w,-0.026434256,5360
3ak1b2/3c5/5a3/9/9/2B2C3/9/4B4/4p4/5K3 b,0.03695512,1095
3ak1b2/6c2/5a3/9/9/2B2C3/9/4B4/4p4/5K3 w,-0.019969499,4559
3ak1b2/6c2/5a3/9/9/2B6/5C3/4B4/4p4/5K3 b,0.036991715,1360
3ak1b2/1c7/5a3/9/9/2B6/5C3/4B4/4p4/5K3 w,-0.024435759,5360
3ak1b2/1c7/5a3/9/9/2B2C3/9/4B4/4p4/5K3 b,0.036918856,911
3ak1b2/2c6/5a3/9/9/2B2C3/9/4B4/4p4/5K3 w,-0.022187734,4559
3ak1b2/2c6/5a3/9/9/2B6/5C3/4B4/4p4/5K3 b,0.033267763,1007
3ak1b2/8c/5a3/9/9/2B6/5C3/4B4/4p4/5K3 w,-0.02035737,5360
3ak1b2/8c/5a3/9/9/2B2C3/9/4B4/4p4/5K3 b,0.03418217,1540
3ak1b2/1c7/5a3/9/9/2B2C3/9/4B4/4p4/5K3 w,-0.020420289,4559
3ak1b2/1c7/5a3/9/9/2B6/5C3/4B4/4p4/5K3 b,0.036322545,911
3ak1b2/2c6/5a3/9/9/2B6/5C3/4B4/4p4/5K3 w,-0.022335172,5360
3ak1b2/2c6/5a3/9/9/2B2C3/9/4B4/4p4/5K3 b,0.030755425,1007
3ak1b2/8c/5a3/9/9/2B2C3/9/4B4/4p4/5K3 w,-0.016875362,4559
3ak1b2/8c/5a3/9/9/2B6/5C3/4B4/4p4/5K3 b,0.04445944,373
3a2b2/4k3c/5a3/9/9/2B6/5C3/4B4/4p4/5K3 w,-0.031059956,5360
3a2b2/4k3c/5a3/9/9/2B2C3/9/4B4/4p4/5K3 b,0.0369756,1544
3a2b2/4kc3/5a3/9/9/2B2C3/9/4B4/4p4/5K3 w,-0.028574193,4514
3a2b2/4kC3/5a3/9/9/2B6/9/4B4/4p4/5K3 b,0.032678127,1184
3a2b2/5k3/5a3/9/9/2B6/9/4B4/4p4/5K3 w,-0.03246106,6117
3a2b2/5k3/5a3/9/9/2B6/9/9/4p4/5KB2 b,0.029564334,1273
3a2b2/4k4/5a3/9/9/2B6/9/9/4p4/5KB2 w,-0.02492336,7901
3a2b2/4k4/5a3/9/9/2B6/9/8B/4p4/5K3 b,0.032273054,566
3a5/4k4/5a2b/9/9/2B6/9/8B/4p4/5K3 w,-0.029623175,6477
3a5/4k4/5a2b/9/9/2B6/9/9/4p4/5KB2 b,0.029116988,1174
3ak4/9/5a2b/9/9/2B6/9/9/4p4/5KB2 w,-0.024221694,4297
3ak4/9/5a2b/9/9/9/9/4B4/4p4/5KB2 b,0.034127545,283
4k4/4a4/5a2b/9/9/9/9/4B4/4p4/5KB2 w,-0.036584962,7901
4k4/4a4/5a2b/9/9/9/9/4B3B/4p4/5K3 b,0.040633082,1191
4k4/9/3a1a2b/9/9/9/9/4B3B/4p4/5K3 w,-0.027437925,6477
4k4/9/3a1a2b/9/9/9/9/4B4/4p4/5KB2 b,0.036047984,363
3k5/9/3a1a2b/9/9/9/9/4B4/4p4/5KB2 w,-0.033103563,6077
3k5/9/3a1a2b/9/9/2B6/9/9/4p4/5KB2 b,0.031884458,1903
3k5/4a4/5a2b/9/9/2B6/9/9/4p4/5KB2 w,-0.028035736,7897
3k5/4a4/5a2b/9/9/2B6/9/4B4/4p4/5K3 b,0.02990532,274
4k4/4a4/5a2b/9/9/2B6/9/4B4/4p4/5K3 w,-0.03011967,6117
4k4/4a4/5a2b/9/9/2B6/9/9/4p4/5KB2 b,0.028937507,2382
4k4/4a4/5a3/9/6b2/2B6/9/9/4p4/5KB2 w,-0.02014085,4297
4k4/4a4/5a3/9/6b2/9/9/4B4/4p4/5KB2 b,0.02709539,365
5k3/4a4/5a3/9/6b2/9/9/4B4/4p4/5KB2 w,-0.027578259,6113
5k3/4a4/5a3/9/6b2/9/9/9/4p4/2B2KB2 b,0.035667565,1191
5k3/9/3a1a3/9/6b2/9/9/9/4p4/2B2KB2 w,-0.031593062,7533
5k3/9/3a1a3/9/6b2/9/9/B8/4p4/5KB2 b,0.030548764,3802
5k3/9/3aba3/9/9/9/9/B8/4p4/5KB2 w,-0.029707242,5753
5k3/9/3aba3/9/9/9/9/9/4p4/2B2KB2 b,0.039560627,2018
5k3/9/3a1a3/9/2b6/9/9/9/4p4/2B2KB2 w,-0.03029175,7897
5k3/9/3a1a3/9/2b6/9/9/4B4/4p4/2B2K3 b,0.03893411,3438
5k3/9/b2a1a3/9/9/9/9/4B4/4p4/2B2K3 w,-0.035137225,6077
5k3/9/b2a1a3/9/9/2B6/9/9/4p4/2B2K3 b,0.042177558,464
9/5k3/b2a1a3/9/9/2B6/9/9/4p4/2B2K3 w,-0.038365483,7533
9/5k3/b2a1a3/9/9/2B6/9/B8/4p4/5K3 b,0.043581963,1273
9/4k4/b2a1a3/9/9/2B6/9/B8/4p4/5K3 w,-0.038345993,4297
9/4k4/b2a1a3/9/9/9/9/B3B4/4p4/5K3 b,0.03347676,1174
4k4/9/b2a1a3/9/9/9/9/B3B4/4p4/5K3 w,-0.028013755,5717
4k4/9/b2a1a3/9/9/2B6/9/4B4/4p4/5K3 b,0.040599942,363
3k5/9/b2a1a3/9/9/2B6/9/4B4/4p4/5K3 w,-0.03832165,6081
3k5/9/b2a1a3/9/9/2B3B2/9/9/4p4/5K3 b,0.03891015,1903
3k5/4a4/b4a3/9/9/2B3B2/9/9/4p4/5K3 w,-0.032360353,4293
3k5/4a4/b4a3/9/9/6B2/9/B8/4p4/5K3 b,0.03326113,1658
3k5/4a4/5a3/9/2b6/6B2/9/B8/4p4/5K3 w,-0.029058313,5717
3k5/4a4/5a3/9/2b6/2B3B2/9/9/4p4/5K3 b,0.033817053,274
4k4/4a4/5a3/9/2b6/2B3B2/9/9/4p4/5K3 w,-0.028597403,4297
4k4/4a4/5a3/9/2b6/6B2/9/4B4/4p4/5K3 b,0.030719329,1191
4k4/9/3a1a3/9/2b6/6B2/9/4B4/4p4/5K3 w,-0.025469495,6077
4k4/9/3a1a3/9/2b6/2B3B2/9/9/4p4/5K3 b,0.031079961,3442
4k4/9/3aba3/9/9/2B3B2/9/9/4p4/5K3 w,-0.023701131,4661
4k4/9/3aba3/9/9/2B6/9/8B/4p4/5K3 b,0.02960434,365
5k3/9/3aba3/9/9/2B6/9/8B/4p4/5K3 w,-0.030006194,6477
5k3/9/3aba3/9/9/2B6/9/9/4p4/5KB2 b,0.032509636,1982
2b2k3/9/3a1a3/9/9/2B6/9/9/4p4/5KB2 w,-0.02942009,4297
2b2k3/9/3a1a3/9/9/9/9/4B4/4p4/5KB2 b,0.034984138,198
5k3/9/b2a1a3/9/9/9/9/4B4/4p4/5KB2 w,-0.029816318,6077
5k3/9/b2a1a3/9/9/2B6/9/9/4p4/5KB2 b,0.038105894,464
9/5k3/b2a1a3/9/9/2B6/9/9/4p4/5KB2 w,-0.035849657,7901
9/5k3/b2a1a3/9/9/2B6/9/8B/4p4/5K3 b,0.038919758,1273
9/4k4/b2a1a3/9/9/2B6/9/8B/4p4/5K3 w,-0.031466126,6441
9/4k4/b2a1a3/9/9/2B3B2/9/9/4p4/5K3 b,0.04076929,1182
9/3k5/b2a1a3/9/9/2B3B2/9/9/4p4/5K3 w,-0.03241637,4657
9/3k5/b2a1a3/9/9/2B6/9/4B4/4p4/5K3 b,0.03450508,1658
9/3k5/3a1a3/9/2b6/2B6/9/4B4/4p4/5K3 w,-0.02485074,6081
9/3k5/3a1a3/9/2b6/2B3B2/9/9/4p4/5K3 b,0.033764746,1903
9/3ka4/5a3/9/2b6/2B3B2/9/9/4p4/5K3 w,-0.027025426,4657
9/3ka4/5a3/9/2b6/2B6/9/4B4/4p4/5K3 b,0.035996556,1175
5a3/3k5/5a3/9/2b6/2B6/9/4B4/4p4/5K3 w,-0.032958772,6113
5a3/3k5/5a3/9/2b6/2B6/9/9/4p4/2B2K3 b,0.033560254,1083
3k1a3/9/5a3/9/2b6/2B6/9/9/4p4/2B2K3 w,-0.026456906,4293
3k1a3/9/5a3/9/2b6/9/9/B8/4p4/2B2K3 b,0.031194234,3438
3k1a3/9/b4a3/9/9/9/9/B8/4p4/2B2K3 w,-0.03233489,5717
3k1a3/9/b4a3/9/9/2B6/9/9/4p4/2B2K3 b,0.036944605,1622
2bk1a3/9/5a3/9/9/2B6/9/9/4p4/2B2K3 w,-0.02344544,7533
2bk1a3/9/5a3/9/9/2B6/9/B8/4p4/5K3 b,0.032833744,463
2bk5/4a4/5a3/9/9/2B6/9/B8/4p4/5K3 w,-0.030291462,5753
2bk5/4a4/5a3/9/9/2B6/9/9/4p4/2B2K3 b,0.031035567,274
2b1k4/4a4/5a3/9/9/2B6/9/9/4p4/2B2K3 w,-0.024156153,4297
2b1k4/4a4/5a3/9/9/9/9/4B4/4p4/2B2K3 b,0.02889998,198
4k4/4a4/b4a3/9/9/9/9/4B4/4p4/2B2K3 w,-0.027030885,6077
4k4/4a4/b4a3/9/9/2B6/9/9/4p4/2B2K3 b,0.029150272,365
5k3/4a4/b4a3/9/9/2B6/9/9/4p4/2B2K3 w,-0.023903942,4297
5k3/4a4/b4a3/9/9/9/9/4B4/4p4/2B2K3 b,0.02702806,1622
2b2k3/4a4/5a3/9/9/9/9/4B4/4p4/2B2K3 w,-0.0209399,6077
2b2k3/4a4/5a3/9/9/2B6/9/9/4p4/2B2K3 b,0.030235672,1191
2b2k3/9/3a1a3/9/9/2B6/9/9/4p4/2B2K3 w,-0.025956655,7533
2b2k3/9/3a1a3/9/9/2B6/9/B8/4p4/5K3 b,0.0344759,464
2b6/5k3/3a1a3/9/9/2B6/9/B8/4p4/5K3 w,-0.027078403,5753
2b6/5k3/3a1a3/9/9/2B6/9/9/4p4/2B2K3 b,0.030129934,1273
2b6/4k4/3a1a3/9/9/2B6/9/9/4p4/2B2K3 w,-0.02582022,4293
2b6/4k4/3a1a3/9/9/9/9/B8/4p4/2B2K3 b,0.026825452,1174
2b1k4/9/3a1a3/9/9/9/9/B8/4p4/2B2K3 w,-0.023853851,5717
2b1k4/9/3a1a3/9/9/2B6/9/9/4p4/2B2K3 b,0.027792191,202
4k4/9/3aba3/9/9/2B6/9/9/4p4/2B2K3 w,-0.019784892,7537
4k4/9/3aba3/9/9/2B6/9/4B4/4p4/5K3 b,0.037036467,363
3k5/9/3aba3/9/9/2B6/9/4B4/4p4/5K3 w,-0.028748943,6117
3k5/9/3aba3/9/9/2B6/9/9/4p4/5KB2 b,0.03229728,1903
3k5/4a4/4ba3/9/9/2B6/9/9/4p4/5KB2 w,-0.021928025,7897
3k5/4a4/4ba3/9/9/2B6/9/4B4/4p4/5K3 b,0.030826617,1986
3k2b2/4a4/5a3/9/9/2B6/9/4B4/4p4/5K3 w,-0.027720202,6117
3k2b2/4a4/5a3/9/9/2B6/9/9/4p4/5KB2 b,0.029488016,274
4k1b2/4a4/5a3/9/9/2B6/9/9/4p4/5KB2 w,-0.02324493,7897
4k1b2/4a4/5a3/9/9/2B6/9/4B4/4p4/5K3 b,0.02815981,1191
4k1b2/9/3a1a3/9/9/2B6/9/4B4/4p4/5K3 w,-0.020951618,6117
4k1b2/9/3a1a3/9/9/2B6/9/9/4p4/5KB2 b,0.02843151,365
5kb2/9/3a1a3/9/9/2B6/9/9/4p4/5KB2 w,-0.022627974,7901
5kb2/9/3a1a3/9/9/2B6/9/8B/4p4/5K3 b,0.03468702,464
6b2/5k3/3a1a3/9/9/2B6/9/8B/4p4/5K3 w,-0.029084241,6477
6b2/5k3/3a1a3/9/9/2B6/9/9/4p4/5KB2 b,0.026898313,1273
6b2/4k4/3a1a3/9/9/2B6/9/9/4p4/5KB2 w,-0.019857788,7897
6b2/4k4/3a1a3/9/9/2B6/9/4B4/4p4/5K3 b,0.03354323,566
9/4k4/3a1a2b/9/9/2B6/9/4B4/4p4/5K3 w,-0.027515447,6117
9/4k4/3a1a2b/9/9/2B6/9/9/4p4/5KB2 b,0.031887937,1184
9/5k3/3a1a2b/9/9/2B6/9/9/4p4/5KB2 w,-0.025937725,7901
9/5k3/3a1a2b/9/9/2B6/9/8B/4p4/5K3 b,0.031938862,2382
9/5k3/3a1a3/9/6b2/2B6/9/8B/4p4/5K3 w,-0.026810039,6441
9/5k3/3a1a3/9/6b2/2B3B2/9/9/4p4/5K3 b,0.02975948,1273
9/4k4/3a1a3/9/6b2/2B3B2/9/9/4p4/5K3 w,-0.024817204,4297
9/4k4/3a1a3/9/6b2/6B2/9/4B4/4p4/5K3 b,0.02483275,1174
4k4/9/3a1a3/9/6b2/6B2/9/4B4/4p4/5K3 w,-0.02081399,6077
4k4/9/3a1a3/9/6b2/2B3B2/9/9/4p4/5K3 b,0.027547622,3806
4k4/9/3a1a2b/9/9/2B3B2/9/9/4p4/5K3 w,-0.015495992,4657
4k4/9/3a1a2b/9/9/2B6/9/4B4/4p4/5K3 b,0.026694203,2083
4k4/4a4/3a4b/9/9/2B6/9/4B4/4p4/5K3 w,-0.022426952,6081
4k4/4a4/3a4b/9/9/2B3B2/9/9/4p4/5K3 b,0.030350257,1175
4ka3/9/3a4b/9/9/2B3B2/9/9/4p4/5K3 w,-0.026408052,4297
4ka3/9/3a4b/9/9/6B2/9/4B4/4p4/5K3 b,0.028673172,2346
4kab2/9/3a5/9/9/6B2/9/4B4/4p4/5K3 w,-0.031283833,6117
4kab2/9/3a5/9/9/6B2/9/9/4p4/5KB2 b,0.026976753,562
4ka3/9/3ab4/9/9/6B2/9/9/4p4/5KB2 w,-0.017772472,7897
4ka3/9/3ab4/9/9/6B2/9/4B4/4p4/5K3 b,0.023118401,2018
4ka3/9/3a5/9/2b6/6B2/9/4B4/4p4/5K3 w,-0.022838175,6117
4ka3/9/3a5/9/2b6/6B2/9/9/4p4/5KB2 b,0.032176305,363
3k1a3/9/3a5/9/2b6/6B2/9/9/4p4/5KB2 w,-0.02588439,4657
3k1a3/9/3a5/9/2b6/9/9/4B4/4p4/5KB2 b,0.03179512,1903
3k1a3/4a4/9/9/2b6/9/9/4B4/4p4/5KB2 w,-0.0301214,6113
3k1a3/4a4/9/9/2b6/9/9/9/4p4/2B2KB2 b,0.035688307,3442
3k1a3/4a4/4b4/9/9/9/9/9/4p4/2B2KB2 w,-0.029059267,7533
3k1a3/4a4/4b4/9/9/9/9/B8/4p4/5KB2 b,0.036299586,1986
3k1ab2/4a4/9/9/9/9/9/B8/4p4/5KB2 w,-0.02960899,5717
3k1ab2/4a4/9/9/9/2B6/9/9/4p4/5KB2 b,0.030454373,274
4kab2/4a4/9/9/9/2B6/9/9/4p4/5KB2 w,-0.02532897,4297
4kab2/4a4/9/9/9/9/9/4B4/4p4/5KB2 b,0.028621007,1193
4kab2/9/5a3/9/9/9/9/4B4/4p4/5KB2 w,-0.024458552,6077
4kab2/9/5a3/9/9/2B6/9/9/4p4/5KB2 b,0.030285502,363
3k1ab2/9/5a3/9/9/2B6/9/9/4p4/5KB2 w,-0.023225952,4297
3k1ab2/9/5a3/9/9/9/9/4B4/4p4/5KB2 b,0.029046012,566
3k1a3/9/5a2b/9/9/9/9/4B4/4p4/5KB2 w,-0.024045337,6077
3k1a3/9/5a2b/9/9/2B6/9/9/4p4/5KB2 b,0.029093862,2382
3k1a3/9/5a3/9/6b2/2B6/9/9/4p4/5KB2 w,-0.021588147,7897
3k1a3/9/5a3/9/6b2/2B6/9/4B4/4p4/5K3 b,0.024433494,3802
3k1a3/9/4ba3/9/9/2B6/9/4B4/4p4/5K3 w,-0.0211514,6117
3k1a3/9/4ba3/9/9/2B6/9/9/4p4/5KB2 b,0.033881713,1982
2bk1a3/9/5a3/9/9/2B6/9/9/4p4/5KB2 w,-0.02146764,7897
2bk1a3/9/5a3/9/9/2B6/9/4B4/4p4/5K3 b,0.027480865,2083
2bk1a3/4a4/9/9/9/2B6/9/4B4/4p4/5K3 w,-0.024605775,6117
2bk1a3/4a4/9/9/9/2B6/9/9/4p4/5KB2 b,0.029970242,274
2b1ka3/4a4/9/9/9/2B6/9/9/4p4/5KB2 w,-0.02213918,4297
2b1ka3/4a4/9/9/9/9/9/4B4/4p4/5KB2 b,0.025311207,1193
2b1ka3/9/5a3/9/9/9/9/4B4/4p4/5KB2 w,-0.023481095,6077
2b1ka3/9/5a3/9/9/2B6/9/9/4p4/5KB2 b,0.030077195,198
4ka3/9/b4a3/9/9/2B6/9/9/4p4/5KB2 w,-0.02299465,4297
4ka3/9/b4a3/9/9/9/9/4B4/4p4/5KB2 b,0.0327796,363
3k1a3/9/b4a3/9/9/9/9/4B4/4p4/5KB2 w,-0.025869405,6077
3k1a3/9/b4a3/9/9/2B6/9/9/4p4/5KB2 b,0.025655126,1658
3k1a3/9/5a3/9/2b6/2B6/9/9/4p4/5KB2 w,-0.016943753,7897
3k1a3/9/5a3/9/2b6/2B6/9/4B4/4p4/5K3 b,0.02672193,2083
3k1a3/4a4/9/9/2b6/2B6/9/4B4/4p4/5K3 w,-0.022002293,6117
3k1a3/4a4/9/9/2b6/2B6/9/9/4p4/5KB2 b,0.030170633,282
5a3/3ka4/9/9/2b6/2B6/9/9/4p4/5KB2 w,-0.02403996,7897
5a3/3ka4/9/9/2b6/2B6/9/4B4/4p4/5K3 b,0.03472228,3438
5a3/3ka4/b8/9/9/2B6/9/4B4/4p4/5K3 w,-0.030650854,6117
5a3/3ka4/b8/9/9/2B6/9/9/4p4/5KB2 b,0.032958962,1193
5a3/3k5/b4a3/9/9/2B6/9/9/4p4/5KB2 w,-0.023982286,7897
5a3/3k5/b4a3/9/9/2B6/9/4B4/4p4/5K3 b,0.029041648,1093
5a3/4k4/b4a3/9/9/2B6/9/4B4/4p4/5K3 w,-0.021946514,6117
5a3/4k4/b4a3/9/9/2B6/9/9/4p4/5KB2 b,0.025351644,1622
2b2a3/4k4/5a3/9/9/2B6/9/9/4p4/5KB2 w,-0.021761859,4297
2b2a3/4k4/5a3/9/9/9/9/4B4/4p4/5KB2 b,0.029788995,1182
2b2a3/3k5/5a3/9/9/9/9/4B4/4p4/5KB2 w,-0.019358648,6077
2b2a3/3k5/5a3/9/9/2B6/9/9/4p4/5KB2 b,0.037852358,463
2b6/3ka4/5a3/9/9/2B6/9/9/4p4/5KB2 w,-0.02859664,7897
2b6/3ka4/5a3/9/9/2B6/9/4B4/4p4/5K3 b,0.034819104,1191
2b6/3k5/3a1a3/9/9/2B6/9/4B4/4p4/5K3 w,-0.028060973,6117
2b6/3k5/3a1a3/9/9/2B6/9/9/4p4/5KB2 b,0.03259027,1093
2b6/4k4/3a1a3/9/9/2B6/9/9/4p4/5KB2 w,-0.015336871,7897
2b6/4k4/3a1a3/9/9/2B6/9/4B4/4p4/5K3 b,0.023051834,1192
2b6/9/3aka3/9/9/2B6/9/4B4/4p4/5K3 w,-0.02467159,4293
2b6/9/3aka3/9/9/9/9/B3B4/4p4/5K3 b,0.035510015,1903
2b6/4a4/4ka3/9/9/9/9/B3B4/4p4/5K3 w,-0.03311322,5753
2b6/4a4/4ka3/9/9/9/9/4B4/4p4/2B2K3 b,0.037368346,1173
2ba5/9/4ka3/9/9/9/9/4B4/4p4/2B2K3 w,-0.03659309,7533
2ba5/9/4ka3/9/9/9/9/B3B4/4p4/5K3 b,0.03324461,1993
2ba5/4k4/5a3/9/9/9/9/B3B4/4p4/5K3 w,-0.03136121,5753
2ba5/4k4/5a3/9/9/9/9/4B4/4p4/2B2K3 b,0.033135843,198
3a5/4k4/b4a3/9/9/9/9/4B4/4p4/2B2K3 w,-0.032957148,7533
3a5/4k4/b4a3/9/9/9/9/B3B4/4p4/5K3 b,0.03897586,1182
3a5/3k5/b4a3/9/9/9/9/B3B4/4p4/5K3 w,-0.035343338,6077
3a5/3k5/b4a3/9/9/2B6/9/B8/4p4/5K3 b,0.030041575,283
9/3ka4/b4a3/9/9/2B6/9/B8/4p4/5K3 w,-0.024896229,5753
9/3ka4/b4a3/9/9/2B6/9/9/4p4/2B2K3 b,0.029159784,1083
3k5/4a4/b4a3/9/9/2B6/9/9/4p4/2B2K3 w,-0.020793736,7533
3k5/4a4/b4a3/9/9/2B6/9/B8/4p4/5K3 b,0.027675344,1658
3k5/4a4/5a3/9/2b6/2B6/9/B8/4p4/5K3 w,-0.026000595,4297
3k5/4a4/5a3/9/2b6/9/9/B3B4/4p4/5K3 b,0.029972482,274
4k4/4a4/5a3/9/2b6/9/9/B3B4/4p4/5K3 w,-0.02220186,6113
4k4/4a4/5a3/9/2b6/9/9/B8/4p4/2B2K3 b,0.02685671,1191
4k4/9/3a1a3/9/2b6/9/9/B8/4p4/2B2K3 w,-0.025527252,5717
4k4/9/3a1a3/9/2b6/2B6/9/9/4p4/2B2K3 b,0.026074862,2083
4k4/4a4/3a5/9/2b6/2B6/9/9/4p4/2B2K3 w,-0.018981969,7533
rnbakabnr/9/1c5c1/p1p1p1p1p/9/9/P1P1P1P1P/1C5C1/9/RNBAKABNR w,0.001823473,5827
rnbakabnr/9/1c5c1/p1p1p1p1p/9/9/P1P1P1P1P/4C2C1/9/RNBAKABNR b,-0.0017636538,110
r1bakabnr/9/1cn4c1/p1p1p1p1p/9/9/P1P1P1P1P/4C2C1/9/RNBAKABNR w,0.0018192291,7445
r1bakabnr/9/1cn4c1/p1p1p1p1p/9/9/P1P1P1P1P/2N1C2C1/9/R1BAKABNR b,-0.0018504619,562
r1baka1nr/9/1cn1b2c1/p1p1p1p1p/9/9/P1P1P1P1P/2N1C2C1/9/R1BAKABNR w,0.0019496679,7372
r1baka1nr/9/1cn1b2c1/p1p1p1p1p/9/9/P1P1P1P1P/2N1C2C1/9/1RBAKABNR b,-0.0017838955,1
1rbaka1nr/9/1cn1b2c1/p1p1p1p1p/9/9/P1P1P1P1P/2N1C2C1/9/1RBAKABNR w,0.0016990424,6368
1rbaka1nr/9/1cn1b2c1/p1p1p1p1p/9/9/P1P1P1P1P/2N1CC3/9/1RBAKABNR b,-0.002284479,2648
1rbaka1nr/9/1cn1b2c1/p3p1p1p/2p6/9/P1P1P1P1P/2N1CC3/9/1RBAKABNR w,0.0025952817,7989
1rbaka1nr/9/1cn1b2c1/p3p1p1p/2p6/9/P1P1P1P1P/2N1CCN2/9/1RBAKAB1R b,-0.002657807,1765
1rbaka1nr/9/2n1b2c1/p3p1p1p/2p6/9/PcP1P1P1P/2N1CCN2/9/1RBAKAB1R w,0.0039583445,8098
1rbaka1nr/9/2n1b2c1/p3p1p1p/2p6/9/PcP1P1P1P/2N1CCN2/9/1RBAKABR1 b,-0.0018260003,644
1rbaka2r/5n3/2n1b2c1/p3p1p1p/2p6/9/PcP1P1P1P/2N1CCN2/9/1RBAKABR1 w,0.0025660514,7972
1rbaka2r/5n3/2n1b2c1/p3p1p1p/2p6/7R1/PcP1P1P1P/2N1CCN2/9/1RBAKAB2 b,-0.0017996073,727
1rbaka1r1/5n3/2n1b2c1/p3p1p1p/2p6/7R1/PcP1P1P1P/2N1CCN2/9/1RBAKAB2 w,0.00625813,4730
1rbaka1r1/5n3/2n1b2c1/p3p1p1p/2p6/5R3/PcP1P1P1P/2N1CCN2/9/1RBAKAB2 b,-0.007859528,1281
1rbaka1r1/9/2nnb2c1/p3p1p1p/2p6/5R3/PcP1P1P1P/2N1CCN2/9/1RBAKAB2 w,0.009029246,6061
1rbaka1r1/9/2nnb2c1/p3C1p1p/2p6/5R3/PcP1P1P1P/2N2CN2/9/1RBAKAB2 b,-0.008294952,463
1rbak2r1/4a4/2nnb2c1/p3C1p1p/2p6/5R3/PcP1P1P1P/2N2CN2/9/1RBAKAB2 w,0.0114910845,4552
1rbak2r1/4a4/2nnb2c1/p3C1p1p/2p6/7R1/PcP1P1P1P/2N2CN2/9/1RBAKAB2 b,-0.00023856164,1930
1rbak2r1/4a4/2n1b2c1/p3C1p1p/2p1n4/7R1/PcP1P1P1P/2N2CN2/9/1RBAKAB2 w,0.006262374,2825
1rbak2r1/4a4/2n1b2c1/p5p1C/2p1n4/7R1/PcP1P1P1P/2N2CN2/9/1RBAKAB2 b,-0.0004117012,3657
1rbak2r1/4a4/2n1b2c1/p5p1C/2p6/7R1/PcPnP1P1P/2N2CN2/9/1RBAKAB2 w,0.008997274,7453
1rbak2r1/4a4/2n1b2c1/p5p1C/2p6/7R1/PcPnP1P1P/2N2CN2/1R7/2BAKAB2 b,0.0010510444,635
1rbakr3/4a4/2n1b2c1/p5p1C/2p6/7R1/PcPnP1P1P/2N2CN2/1R7/2BAKAB2 w,0.0051047327,7636
1rbakr3/4a4/2n1b2c1/p5p1C/2p6/7R1/PcPnP1P1P/2N2CN2/1R2A4/2B1KAB2 b,0.0014628888,2274
1rbakr3/4a4/2n1b1c2/p5p1C/2p6/7R1/PcPnP1P1P/2N2CN2/1R2A4/2B1KAB2 w,-0.0011274815,6645
1rbakr3/4a4/2n1b1c2/p5p1C/2p6/7R1/PcPnP1P1P/2N2CN2/3RA4/2B1KAB2 b,0.02167964,5032
1rbakr3/4a4/2n1b1c2/p5p1C/2p6/7R1/P1PnP1P1P/2N2CN2/3RA4/1cB1KAB2 w,-0.015388477,5932
1rbakr3/4a4/2n1b1c2/p5p1C/2p6/7R1/P1PnP1P1P/5CN2/3RA4/1NB1KAB2 b,0.015245438,172
2bakr3/4a4/2n1b1c2/p5p1C/2p6/7R1/P1PnP1P1P/5CN2/3RA4/1rB1KAB2 w,0.003150797,6807
2bakr3/4a4/2n1b1c2/p5p1C/2p6/7R1/P1PRP1P1P/5CN2/4A4/1rB1KAB2 b,-0.0023356676,7463
2bakr3/4a4/2n1b1c2/p5p1C/2p6/7R1/P1PRP1P1P/5CN2/4A4/2r1KAB2 w,0.008872676,5214
2bakr3/4a4/2n1b1c2/p5p1C/2p6/7R1/P1P1P1P1P/5CN2/4A4/2rRKAB2 b,-0.008154917,7554
2bakr3/4a4/2n1b1c2/p5p1C/2p6/7R1/P1P1P1P1P/5CN2/4A4/3rKAB2 w,0.01811645,7734
2bakr3/4a4/2n1b1c2/p5p1C/2p6/7R1/P1P1P1P1P/5CN2/4A4/3K1AB2 b,-0.009481847,1837
2bakr3/4a4/4b1c2/p5p1C/1np6/7R1/P1P1P1P1P/5CN2/4A4/3K1AB2 w,0.034723904,4726
2bakr3/4a4/4b1c2/p5p1C/1np6/1R7/P1P1P1P1P/5CN2/4A4/3K1AB2 b,-0.035560787,3350
2bakr3/4a4/2n1b1c2/p5p1C/2p6/1R7/P1P1P1P1P/5CN2/4A4/3K1AB2 w,0.04987042,5451
2bakr3/4a4/2n1b1c2/p5p1C/2p6/1R4P2/P1P1P3P/5CN2/4A4/3K1AB2 b,-0.045520186,491
2bak4/4a4/2n1b1c2/p5p1C/2p2r3/1R4P2/P1P1P3P/5CN2/4A4/3K1AB2 w,0.052527,6260
2bak4/4a4/2n1b1c2/p5p1C/2p2r3/1R3NP2/P1P1P3P/5C3/4A4/3K1AB2 b,-0.040215302,3734
2bak4/4a4/2n1b1c2/p5p1C/2p5r/1R3NP2/P1P1P3P/5C3/4A4/3K1AB2 w,0.048449397,3184
2bak4/4a4/2n1b1c2/p5pC1/2p5r/1R3NP2/P1P1P3P/5C3/4A4/3K1AB2 b,-0.04083183,4003
2bak4/4a4/2n1b1c2/p5pC1/2p4r1/1R3NP2/P1P1P3P/5C3/4A4/3K1AB2 w,0.050129678,3095
2bak4/4a4/2n1b1c2/p5p1C/2p4r1/1R3NP2/P1P1P3P/5C3/4A4/3K1AB2 b,-0.04402585,2211
2bak4/4a4/2n1b4/p5p1C/2p4r1/1R3Nc2/P1P1P3P/5C3/4A4/3K1AB2 w,0.058312155,4168
2bak4/4a4/2n1b4/pR4p1C/2p4r1/5Nc2/P1P1P3P/5C3/4A4/3K1AB2 b,-0.054149866,3912
2bak4/4a4/2n1b4/pR4p1C/2p3r2/5Nc2/P1P1P3P/5C3/4A4/3K1AB2 w,0.06717246,7897
2bak4/4a4/2n1b4/pR4p1C/2p3r2/5Nc2/P1P1P3P/4BC3/4A4/3K1A3 b,-0.053927124,4642
2bak4/4a4/2n1b4/pR4p1C/2p3r2/5N1c1/P1P1P3P/4BC3/4A4/3K1A3 w,0.0609262,2549
2bak4/4a4/2n1b4/p1R3p1C/2p3r2/5N1c1/P1P1P3P/4BC3/4A4/3K1A3 b,-0.05893097,4768
2bak4/4a4/2n1b4/p1R3p1C/2p3r2/5N3/P1P1P3P/4BC3/4A4/3K1A1c1 w,0.05947106,7635
2bak4/4a4/2n1b4/p1R3p1C/2p3r2/5N3/P1P1P3P/4BC3/3KA4/5A1c1 b,-0.044492938,1801
1nbak4/4a4/4b4/p1R3p1C/2p3r2/5N3/P1P1P3P/4BC3/3KA4/5A1c1 w,0.06642671,2643
1nbak4/4a4/4b4/p5R1C/2p3r2/5N3/P1P1P3P/4BC3/3KA4/5A1c1 b,-0.052045263,3813
1nbak4/4a4/4b4/p5r1C/2p6/5N3/P1P1P3P/4BC3/3KA4/5A1c1 w,0.064491965,4533
1nbak4/4a4/4b4/p5N1C/2p6/9/P1P1P3P/4BC3/3KA4/5A1c1 b,-0.059889294,110
2bak4/4a4/2n1b4/p5N1C/2p6/9/P1P1P3P/4BC3/3KA4/5A1c1 w,0.07064676,3203
2bak4/4a4/2n1b4/p5N2/2p6/8C/P1P1P3P/4BC3/3KA4/5A1c1 b,-0.05440692,1839
2bak4/4a4/4b4/p5N2/2pn5/8C/P1P1P3P/4BC3/3KA4/5A1c1 w,0.065907955,6179
2bak4/4a4/4b4/p5N2/2pn5/8C/P1P1PC2P/4B4/3KA4/5A1c1 b,-0.06642685,3568
2bak4/4a4/4b4/p5N2/2p6/8C/P1P1nC2P/4B4/3KA4/5A1c1 w,0.078097105,6908
2bak4/4a4/4b4/p5N2/2p6/8C/P1P1nC2P/4BA3/3K5/5A1c1 b,-0.070488095,5261
2bak4/4a4/4b4/p5N2/2p2n3/8C/P1P2C2P/4BA3/3K5/5A1c1 w,0.07288833,3020
2bak4/4a4/4b4/p8/2p2n3/5N2C/P1P2C2P/4BA3/3K5/5A1c1 b,-0.0643185,3742
2bak4/4a4/4b4/p8/2p6/5N1nC/P1P2C2P/4BA3/3K5/5A1c1 w,0.06824165,5370
2bak4/4a4/4b4/p8/2p6/5N1nC/P1P3C1P/4BA3/3K5/5A1c1 b,-0.07209591,7999
2bak4/4a4/4b4/p8/2p6/5N1nC/P1P3C1P/4BA3/3K3c1/5A3 w,0.079431556,5087
2bak4/4a4/4b4/p8/2p6/2P2N1nC/P5C1P/4BA3/3K3c1/5A3 b,-0.055050995,3467
2bak4/4a4/4b4/p8/9/2p2N1nC/P5C1P/4BA3/3K3c1/5A3 w,0.060217645,6077
2bak4/4a4/4b4/p8/9/2B2N1nC/P5C1P/5A3/3K3c1/5A3 b,-0.053448524,4721
2bak4/4a4/4b4/p8/5n3/2B2N2C/P5C1P/5A3/3K3c1/5A3 w,0.06098299,5459
2bak4/4a4/4b4/p8/5n3/2B2N2C/P4C2P/5A3/3K3c1/5A3 b,-0.045992374,3742
2bak4/4a4/4b4/p8/9/2B2N1nC/P4C2P/5A3/3K3c1/5A3 w,0.05605192,5368
2bak4/4a4/4b4/p8/9/2B2N1nC/P3C3P/5A3/3K3c1/5A3 b,-0.042476512,4721
2bak4/4a4/4b4/p8/5n3/2B2N2C/P3C3P/5A3/3K3c1/5A3 w,0.04988606,5280
2bak4/4a4/4b4/p8/5n3/2B2N2C/P5C1P/5A3/3K3c1/5A3 b,-0.019404484,7187
2bak4/4a4/4b4/p8/5n3/2B2N2C/P5C1P/5A3/3K1c3/5A3 w,0.039172556,4543
2bak4/4a4/4b4/p8/5n1N1/2B5C/P5C1P/5A3/3K1c3/5A3 b,-0.039650418,3750
2bak4/4a4/4b4/p8/7N1/2B5C/P5n1P/5A3/3K1c3/5A3 w,0.052266933,3930
2bak4/4a4/4b4/p8/9/2B5C/P5N1P/5A3/3K1c3/5A3 b,-0.048945393,7008
2bak4/4a4/4b4/p8/9/2B5C/P5N1P/5A3/3K2c2/5A3 w,0.0602988,4819
2bak4/4a4/4b4/p8/9/2B1C4/P5N1P/5A3/3K2c2/5A3 b,-0.055023815,7089
2bak4/4a4/4b4/p8/9/2B1C4/P5N1P/5Ac2/3K5/5A3 w,0.05979166,5441
2bak4/4a4/4b4/p8/5N3/2B1C4/P7P/5Ac2/3K5/5A3 b,-0.059033312,6243
2bak4/4a4/4b4/p5c2/5N3/2B1C4/P7P/5A3/3K5/5A3 w,0.06565185,3720
2bak4/4a4/4b4/p2N2c2/9/2B1C4/P7P/5A3/3K5/5A3 b,-0.05895368,3001
2bak4/4a4/4b4/p2Nc4/9/2B1C4/P7P/5A3/3K5/5A3 w,0.066689394,5633
2bak4/4a4/4b4/p2Nc4/9/2B1C3P/P8/5A3/3K5/5A3 b,-0.063574634,1191
2bak4/9/3ab4/p2Nc4/9/2B1C3P/P8/5A3/3K5/5A3 w,0.06894393,4814
2bak4/9/3ab4/p2Nc4/8P/2B1C4/P8/5A3/3K5/5A3 b,-0.067458175,283
2b1k4/4a4/3ab4/p2Nc4/8P/2B1C4/P8/5A3/3K5/5A3 w,0.066778325,3995
2b1k4/4a4/3ab4/p2Nc3P/9/2B1C4/P8/5A3/3K5/5A3 b,-0.06361363,2822
2b1k4/4a4/3ab4/p2N1c2P/9/2B1C4/P8/5A3/3K5/5A3 w,0.063044265,2741
2b1k4/4a4/3ab4/p4c2P/5N3/2B1C4/P8/5A3/3K5/5A3 b,-0.058864452,2466
2b1k4/4a4/3ab4/5c2P/p4N3/2B1C4/P8/5A3/3K5/5A3 w,0.071524955,4441
2b1k4/4a4/3ab4/4Cc2P/p4N3/2B6/P8/5A3/3K5/5A3 b,-0.07338538,198
4k4/4a4/b2ab4/4Cc2P/p4N3/2B6/P8/5A3/3K5/5A3 w,0.07563987,3184
4k4/4a4/b2ab4/4Cc1P1/p4N3/2B6/P8/5A3/3K5/5A3 b,-0.06769478,1658
4k4/4a4/3ab4/4Cc1P1/p1b2N3/2B6/P8/5A3/3K5/5A3 w,0.068181634,3093
4k4/4a4/3ab4/4CcP2/p1b2N3/2B6/P8/5A3/3K5/5A3 b,-0.06819645,2903
4k4/4a4/3abc3/4C1P2/p1b2N3/2B6/P8/5A3/3K5/5A3 w,0.07325907,2994
4k4/4a4/3abcP2/4C4/p1b2N3/2B6/P8/5A3/3K5/5A3 b,-0.076162174,2102
4k4/4a4/3ab1P2/4Cc3/p1b2N3/2B6/P8/5A3/3K5/5A3 w,0.077835225,6826
4k4/4a4/3ab1P2/4Cc3/p1b2N3/2B6/P8/5A3/4K4/5A3 b,-0.06760211,2915
4k4/4a4/3ab1P2/4C3c/p1b2N3/2B6/P8/5A3/4K4/5A3 w,0.08304887,2175
4k4/4a1P2/3ab4/4C3c/p1b2N3/2B6/P8/5A3/4K4/5A3 b,-0.07335515,3182
4k4/4a1P2/3ab4/4Cc3/p1b2N3/2B6/P8/5A3/4K4/5A3 w,0.07940264,1364
4k4/4aP3/3ab4/4Cc3/p1b2N3/2B6/P8/5A3/4K4/5A3 b,-0.07572508,363
3k5/4aP3/3ab4/4Cc3/p1b2N3/2B6/P8/5A3/4K4/5A3 w,0.078246735,2820
3k5/4aP3/3ab4/3C1c3/p1b2N3/2B6/P8/5A3/4K4/5A3 b,-0.07791835,274
4k4/4aP3/3ab4/3C1c3/p1b2N3/2B6/P8/5A3/4K4/5A3 w,0.07749524,2739
4k4/4aP3/3ab4/5c3/p1bC1N3/2B6/P8/5A3/4K4/5A3 b,-0.067523256,2907
4k4/4aP3/3ab4/c8/p1bC1N3/2B6/P8/5A3/4K4/5A3 w,0.059833553,3546
4k4/4aP3/3ab4/c8/C1b2N3/2B6/P8/5A3/4K4/5A3 b,-0.057189524,2484
4k4/4aP3/3ab4/9/C1b2N3/2B6/c8/5A3/4K4/5A3 w,0.062162664,3720
4k4/4aP3/3ab4/3N5/C1b6/2B6/c8/5A3/4K4/5A3 b,-0.06046338,363
3k5/4aP3/3ab4/3N5/C1b6/2B6/c8/5A3/4K4/5A3 w,0.06314454,1273
3k5/4P4/3ab4/3N5/C1b6/2B6/c8/5A3/4K4/5A3 b,-0.05285442,1903
3k5/4a4/4b4/3N5/C1b6/2B6/c8/5A3/4K4/5A3 w,0.06048608,2713
3k5/4N4/4b4/9/C1b6/2B6/c8/5A3/4K4/5A3 b,-0.060011815,282
9/3kN4/4b4/9/C1b6/2B6/c8/5A3/4K4/5A3 w,0.061766624,1194
9/3k5/4b1N2/9/C1b6/2B6/c8/5A3/4K4/5A3 b,-0.053192448,4905
9/3k5/4b1N2/9/C1b6/c1B6/9/5A3/4K4/5A3 w,0.0680541,2201
9/3k5/4b4/9/C1b2N3/c1B6/9/5A3/4K4/5A3 b,-0.06910819,4104
9/3k5/4b4/9/C1b2N3/2B6/c8/5A3/4K4/5A3 w,0.07156914,3720
9/3k5/4b4/3N5/C1b6/2B6/c8/5A3/4K4/5A3 b,-0.059557926,4905
9/3k5/4b4/3N5/C1b6/c1B6/9/5A3/4K4/5A3 w,0.07460051,3277
9/3k5/4b4/3N5/1Cb6/c1B6/9/5A3/4K4/5A3 b,-0.06597234,4096
9/3k5/4b4/3N5/1Cb6/1cB6/9/5A3/4K4/5A3 w,0.06393295,6925
9/3k5/4b4/3N5/1Cb6/1cB6/9/5A3/9/4KA3 b,-0.056110073,1101
9/9/3kb4/3N5/1Cb6/1cB6/9/5A3/9/4KA3 w,0.077232294,3366
9/9/3kb4/3N5/C1b6/1cB6/9/5A3/9/4KA3 b,-0.07177842,1902
9/3k5/4b4/3N5/C1b6/1cB6/9/5A3/9/4KA3 w,0.07880285,3312
9/3k5/4b4/3N5/2b6/1cB6/9/5A3/C8/4KA3 b,-0.074828885,1083
3k5/9/4b4/3N5/2b6/1cB6/9/5A3/C8/4KA3 w,0.06626904,6555
3k5/9/4b4/3N5/2b6/1cB6/9/5A3/3C5/4KA3 b,-0.07559866,274
4k4/9/4b4/3N5/2b6/1cB6/9/5A3/3C5/4KA3 w,0.07357242,2711
4k4/2N6/4b4/9/2b6/1cB6/9/5A3/3C5/4KA3 b,-0.07046651,373
9/2N1k4/4b4/9/2b6/1cB6/9/5A3/3C5/4KA3 w,0.08254228,7734
9/2N1k4/4b4/9/2b6/1cB6/9/5A3/3C5/3K1A3 b,-0.07755225,4195
9/2N1k4/4b4/9/2b6/2B6/1c7/5A3/3C5/3K1A3 w,0.088705756,6826
9/2N1k4/4b4/9/2b6/2B6/1c7/5A3/4C4/3K1A3 b,-0.09019804,1184
9/2N2k3/4b4/9/2b6/2B6/1c7/5A3/4C4/3K1A3 w,0.09710174,1020
9/5k3/4b4/3N5/2b6/2B6/1c7/5A3/4C4/3K1A3 b,-0.08178256,1265
5k3/9/4b4/3N5/2b6/2B6/1c7/5A3/4C4/3K1A3 w,0.09338801,6898
5k3/9/4b4/3N5/2b6/2B6/1c2C4/5A3/9/3K1A3 b,-0.08820548,4960
5k3/1c7/4b4/3N5/2b6/2B6/4C4/5A3/9/3K1A3 w,0.09271908,5276
5k3/1c7/4b4/3N5/2b6/2B6/2C6/5A3/9/3K1A3 b,-0.07481047,912
5k3/3c5/4b4/3N5/2b6/2B6/2C6/5A3/9/3K1A3 w,0.06228111,2719
5k3/3c5/1N2b4/9/2b6/2B6/2C6/5A3/9/3K1A3 b,-0.062494516,1093
5k3/4c4/1N2b4/9/2b6/2B6/2C6/5A3/9/3K1A3 w,0.08189752,4297
5k3/4c4/1N2b4/9/2b6/9/2C6/4BA3/9/3K1A3 b,-0.06477602,1186
5k3/7c1/1N2b4/9/2b6/9/2C6/4BA3/9/3K1A3 w,0.07270706,6081
5k3/7c1/1N2b4/9/2b6/6B2/2C6/5A3/9/3K1A3 b,-0.054221965,464
9/5k1c1/1N2b4/9/2b6/6B2/2C6/5A3/9/3K1A3 w,0.07814775,4661
9/5k1c1/1N2b4/9/2b6/9/2C6/5A2B/9/3K1A3 b,-0.06455976,1455
9/5kc2/1N2b4/9/2b6/9/2C6/5A2B/9/3K1A3 w,0.088653445,5099
9/5kc2/1N2b4/9/2b6/9/5C3/5A2B/9/3K1A3 b,-0.0878567,1374
9/5k3/1N2b1c2/9/2b6/9/5C3/5A2B/9/3K1A3 w,0.09298565,1740
9/5k3/4b1c2/3N5/2b6/9/5C3/5A2B/9/3K1A3 b,-0.09540703,2193
9/5k3/4b4/3N2c2/2b6/9/5C3/5A2B/9/3K1A3 w,0.097366236,2749
9/5k3/4b4/6c2/2b6/4N4/5C3/5A2B/9/3K1A3 b,-0.079476595,1265
5k3/9/4b4/6c2/2b6/4N4/5C3/5A2B/9/3K1A3 w,0.091440514,4442
5k3/9/4b4/5Nc2/2b6/9/5C3/5A2B/9/3K1A3 b,-0.089823596,454
4k4/9/4b4/5Nc2/2b6/9/5C3/5A2B/9/3K1A3 w,0.10990973,7635
4k4/9/4b4/5Nc2/2b6/9/5C3/5A2B/3K5/5A3 b,-0.092055015,3005
4k4/9/4b4/5N2c/2b6/9/5C3/5A2B/3K5/5A3 w,0.09062796,6826
4k4/9/4b4/5N2c/2b6/9/5C3/5A2B/4K4/5A3 b,-0.083747886,3212
4k4/9/4b4/5N3/2b6/9/5C2c/5A2B/4K4/5A3 w,0.08761666,2901
4k4/9/3Nb4/9/2b6/9/5C2c/5A2B/4K4/5A3 b,-0.076651394,373
9/4k4/3Nb4/9/2b6/9/5C2c/5A2B/4K4/5A3 w,0.08582032,1918
9/4k4/4b4/1N7/2b6/9/5C2c/5A2B/4K4/5A3 b,-0.07894051,1174
4k4/9/4b4/1N7/2b6/9/5C2c/5A2B/4K4/5A3 w,0.08872259,2531
4k4/2N6/4b4/9/2b6/9/5C2c/5A2B/4K4/5A3 b,-0.09245906,373
9/2N1k4/4b4/9/2b6/9/5C2c/5A2B/4K4/5A3 w,0.09941268,1020
9/4k4/4b4/3N5/2b6/9/5C2c/5A2B/4K4/5A3 b,-0.089276314,1174
4k4/9/4b4/3N5/2b6/9/5C2c/5A2B/4K4/5A3 w,0.09765985,2741
4k4/9/4b4/9/2b2N3/9/5C2c/5A2B/4K4/5A3 b,-0.077476,5597
4k4/8c/4b4/9/2b2N3/9/5C3/5A2B/4K4/5A3 w,0.08411484,3724
4k4/8c/4b4/7N1/2b6/9/5C3/5A2B/4K4/5A3 b,-0.062102415,1543
4k4/4c4/4b4/7N1/2b6/9/5C3/5A2B/4K4/5A3 w,0.067844205,6917
4k4/4c4/4b4/7N1/2b6/9/5C3/5A2B/5K3/5A3 b,-0.059647907,1184
4k4/5c3/4b4/7N1/2b6/9/5C3/5A2B/5K3/5A3 w,0.07069802,7816
4k4/5c3/4b4/7N1/2b6/9/5C3/5A2B/4AK3/9 b,-0.06455586,1310
4k4/9/4b4/7N1/2b6/5c3/5C3/5A2B/4AK3/9 w,0.07433977,6906
4k4/9/4b4/7N1/2b6/5c3/5C3/3A1A2B/5K3/9 b,-0.070944965,1982
2b1k4/9/9/7N1/2b6/5c3/5C3/3A1A2B/5K3/9 w,0.092123866,7016
2b1k4/9/9/7N1/2b6/5c3/5C3/3A1A2B/9/5K3 b,-0.08351614,202
4k4/9/4b4/7N1/2b6/5c3/5C3/3A1A2B/9/5K3 w,0.09293156,3101
4k4/9/4b4/9/2b2N3/5c3/5C3/3A1A2B/9/5K3 b,-0.080900274,2022
4k4/9/9/9/2b2Nb2/5c3/5C3/3A1A2B/9/5K3 w,0.08511362,3720
4k4/9/9/3N5/2b3b2/5c3/5C3/3A1A2B/9/5K3 b,-0.080476336,4532
4k4/9/9/3N1c3/2b3b2/9/5C3/3A1A2B/9/5K3 w,0.1133327,2749
4k4/9/9/5c3/2b3b2/4N4/5C3/3A1A2B/9/5K3 b,-0.10637926,2930
4k4/9/9/9/2b3b2/4Nc3/5C3/3A1A2B/9/5K3 w,0.11437779,4448
4k4/9/9/9/2N3b2/5c3/5C3/3A1A2B/9/5K3 b,-0.10761318,4523
4k4/9/5c3/9/2N3b2/9/5C3/3A1A2B/9/5K3 w,0.10970702,3451
4k4/9/5c3/4N4/6b2/9/5C3/3A1A2B/9/5K3 b,-0.098184444,3802
4k4/9/4bc3/4N4/9/9/5C3/3A1A2B/9/5K3 w,0.10123148,2814
4k4/9/4bcN2/9/9/9/5C3/3A1A2B/9/5K3 b,-0.0999856,2022
4k4/9/5cN2/9/6b2/9/5C3/3A1A2B/9/5K3 w,0.07188471,2177
4k4/8N/5c3/9/6b2/9/5C3/3A1A2B/9/5K3 b,-0.037776243,3806
4k4/8N/5c2b/9/9/9/5C3/3A1A2B/9/5K3 w,0.061641503,5342
4k4/8N/5c2b/5C3/9/9/9/3A1A2B/9/5K3 b,-0.051143993,373
9/4k3N/5c2b/5C3/9/9/9/3A1A2B/9/5K3 w,0.051130652,1554
9/4k4/5cN1b/5C3/9/9/9/3A1A2B/9/5K3 b,-0.052990556,2382
9/4k4/5cN2/5C3/6b2/9/9/3A1A2B/9/5K3 w,0.0626811,6441
9/4k4/5cN2/5C3/6b2/6B2/9/3A1A3/9/5K3 b,-0.04233128,3806
9/4k4/5cN1b/5C3/9/6B2/9/3A1A3/9/5K3 w,0.046889376,2939
9/4k4/5cN1b/9/9/6B2/5C3/3A1A3/9/5K3 b,-0.038261592,2382
9/4k4/5cN2/9/6b2/6B2/5C3/3A1A3/9/5K3 w,0.05615857,5351
9/4k4/5cN2/9/5Cb2/6B2/9/3A1A3/9/5K3 b,-0.04031663,3806
9/4k4/5cN1b/9/5C3/6B2/9/3A1A3/9/5K3 w,0.04370408,3722
9/4k4/5cN1b/5C3/9/6B2/9/3A1A3/9/5K3 b,-0.04633533,1174
4k4/9/5cN1b/5C3/9/6B2/9/3A1A3/9/5K3 w,0.044052243,2939
4k4/9/5cN1b/9/9/6B2/5C3/3A1A3/9/5K3 b,-0.031233704,2346
4k1b2/9/5cN2/9/9/6B2/5C3/3A1A3/9/5K3 w,0.039616775,2203
4k1b2/9/5c3/9/7N1/6B2/5C3/3A1A3/9/5K3 b,-0.023253394,2084
4k1b2/5c3/9/9/7N1/6B2/5C3/3A1A3/9/5K3 w,0.022112394,3902
4k1b2/5c3/9/5N3/9/6B2/5C3/3A1A3/9/5K3 b,-0.012713611,1319
4k1b2/9/9/5N3/9/6B2/5c3/3A1A3/9/5K3 w,0.011068821,6196
4k1b2/9/9/5N3/9/6B2/5c3/3A5/4A4/5K3 b,-0.0061081885,365
5kb2/9/9/5N3/9/6B2/5c3/3A5/4A4/5K3 w,0.009697819,2905
5kb2/9/7N1/9/9/6B2/5c3/3A5/4A4/5K3 b,-0.0092695,562
5k3/9/4b2N1/9/9/6B2/5c3/3A5/4A4/5K3 w,0.010426593,2282
5k3/9/4b4/5N3/9/6B2/5c3/3A5/4A4/5K3 b,0.00044772626,464
9/5k3/4b4/5N3/9/6B2/5c3/3A5/4A4/5K3 w,-0.009387255,2905
9/5k3/4b2N1/9/9/6B2/5c3/3A5/4A4/5K3 b,0,1265
rnbakabnr/9/1c5c1/p1p1p1p1p/9/9/P1P1P1P1P/1C5C1/9/RNBAKABNR w,0.00182724,5827
rnbakabnr/9/1c5c1/p1p1p1p1p/9/9/P1P1P1P1P/4C2C1/9/RNBAKABNR b,-0.0017786383,110
r1bakabnr/9/1cn4c1/p1p1p1p1p/9/9/P1P1P1P1P/4C2C1/9/RNBAKABNR w,0.0018301487,7445
r1bakabnr/9/1cn4c1/p1p1p1p1p/9/9/P1P1P1P1P/2N1C2C1/9/R1BAKABNR b,-0.0018395424,562
r1baka1nr/9/1cn1b2c1/p1p1p1p1p/9/9/P1P1P1P1P/2N1C2C1/9/R1BAKABNR w,0.0019419909,7372
r1baka1nr/9/1cn1b2c1/p1p1p1p1p/9/9/P1P1P1P1P/2N1C2C1/9/1RBAKABNR b,-0.0017736912,1
1rbaka1nr/9/1cn1b2c1/p1p1p1p1p/9/9/P1P1P1P1P/2N1C2C1/9/1RBAKABNR w,0.001694131,6368
1rbaka1nr/9/1cn1b2c1/p1p1p1p1p/9/9/P1P1P1P1P/2N1CC3/9/1RBAKABNR b,-0.0012760878,654
1rbaka2r/9/1cn1b1nc1/p1p1p1p1p/9/9/P1P1P1P1P/2N1CC3/9/1RBAKABNR w,0.0015868426,7989
1rbaka2r/9/1cn1b1nc1/p1p1p1p1p/9/9/P1P1P1P1P/2N1CCN2/9/1RBAKAB1R b,-0.001368165,3012
1rbaka2r/9/1cn1b1nc1/p1p1p3p/6p2/9/P1P1P1P1P/2N1CCN2/9/1RBAKAB1R w,0.0019045115,8098
1rbaka2r/9/1cn1b1nc1/p1p1p3p/6p2/9/P1P1P1P1P/2N1CCN2/9/1RBAKABR1 b,-0.0020165562,727
1rbaka1r1/9/1cn1b1nc1/p1p1p3p/6p2/9/P1P1P1P1P/2N1CCN2/9/1RBAKABR1 w,0.002513051,5087
1rbaka1r1/9/1cn1b1nc1/p1p1p3p/6p2/2P6/P3P1P1P/2N1CCN2/9/1RBAKABR1 b,-0.0021549107,1765
1rbaka1r1/9/2n1b1nc1/p1p1p3p/6p2/2P6/Pc2P1P1P/2N1CCN2/9/1RBAKABR1 w,0.0047115325,5898
1rbaka1r1/9/2n1b1nc1/p1p1p3p/6p2/2PN5/Pc2P1P1P/4CCN2/9/1RBAKABR1 b,-0.0064264177,2311
1rbaka1r1/9/2n1b1n2/p1p1p3p/6p2/2PN5/Pc2P1PcP/4CCN2/9/1RBAKABR1 w,0.007929206,6143
1rbaka1r1/9/2n1bCn2/p1p1p3p/6p2/2PN5/Pc2P1PcP/4C1N2/9/1RBAKABR1 b,-0.0088823205,1986
1rbakabr1/9/2n2Cn2/p1p1p3p/6p2/2PN5/Pc2P1PcP/4C1N2/9/1RBAKABR1 w,0.018600464,4351
1rbakabr1/9/2n2Cn2/p1p1N3p/6p2/2P6/Pc2P1PcP/4C1N2/9/1RBAKABR1 b,-0.004875338,1831
1rbakabr1/9/5Cn2/p1p1n3p/6p2/2P6/Pc2P1PcP/4C1N2/9/1RBAKABR1 w,0.005057478,6061
1rbakabr1/9/5Cn2/p1p1C3p/6p2/2P6/Pc2P1PcP/6N2/9/1RBAKABR1 b,0.009434938,109
2bakabr1/9/1r3Cn2/p1p1C3p/6p2/2P6/Pc2P1PcP/6N2/9/1RBAKABR1 w,0.0019639253,2839
2bakabr1/9/1r3Cn2/p1p5p/6p2/2P1C4/Pc2P1PcP/6N2/9/1RBAKABR1 b,0.0014690638,1733
2bakabr1/9/5rn2/p1p5p/6p2/2P1C4/Pc2P1PcP/6N2/9/1RBAKABR1 w,0.009878731,7435
2bakabr1/9/5rn2/p1p5p/6p2/2P1C4/PR2P1PcP/6N2/9/2BAKABR1 b,-0.007027888,2201
2bakabr1/9/5r3/p1p5p/5np2/2P1C4/PR2P1PcP/6N2/9/2BAKABR1 w,0.014103747,4987
2bakabr1/9/5r3/p1p5p/1R3np2/2P1C4/P3P1PcP/6N2/9/2BAKABR1 b,-0.007895661,3750
2bakabr1/9/5r3/p1p5p/1R4p2/2P1C4/P3P1ncP/6N2/9/2BAKABR1 w,0.017383147,3372
2bakabr1/9/5r3/p1p5p/6R2/2P1C4/P3P1ncP/6N2/9/2BAKABR1 b,-0.0054254415,5449
2bakabr1/9/5r3/p1p5p/6R2/2P1n4/P3P2cP/6N2/9/2BAKABR1 w,0.0058344128,5269
2bakabr1/9/5r3/p1p5p/6R2/2P1P4/P6cP/6N2/9/2BAKABR1 b,0.00068066124,5560
2bakabr1/9/5r3/p1p5p/6R2/2P1P4/P7P/6Nc1/9/2BAKABR1 w,0.009255672,7999
2bakabr1/9/5r3/p1p5p/6R2/2P1P4/P7P/6Nc1/7R1/2BAKAB2 b,0.0019045353,2138
2bakabr1/9/9/p1p5p/6R2/2P1P4/P7P/5rNc1/7R1/2BAKAB2 w,0.0009598732,3813
2bakabr1/9/9/p1p3R1p/9/2P1P4/P7P/5rNc1/7R1/2BAKAB2 b,-0.0031007647,6361
2bakabr1/9/9/p1p3R1p/9/2P1P4/P6cP/5rN2/7R1/2BAKAB2 w,0.021138025,6290
2bakabr1/9/9/p1p3R1p/9/2P1P4/P6cP/5r3/7RN/2BAKAB2 b,-0.0059624673,5560
2bakabr1/9/9/p1p3R1p/9/2P1P4/P7P/5r1c1/7RN/2BAKAB2 w,0.0124681,2999
2bakabr1/9/9/p1R5p/9/2P1P4/P7P/5r1c1/7RN/2BAKAB2 b,-0.002527964,562
2baka1r1/9/4b4/p1R5p/9/2P1P4/P7P/5r1c1/7RN/2BAKAB2 w,0.011214209,2637
2baka1r1/9/4b4/R7p/9/2P1P4/P7P/5r1c1/7RN/2BAKAB2 b,-0.002817917,6179
2baka1r1/9/4b4/R7p/9/2P1P4/P4r2P/7c1/7RN/2BAKAB2 w,0.01185093,2465
2baka1r1/9/4b4/8R/9/2P1P4/P4r2P/7c1/7RN/2BAKAB2 b,-0.001196742,283
2b1ka1r1/4a4/4b4/8R/9/2P1P4/P4r2P/7c1/7RN/2BAKAB2 w,0.010874606,4268
2b1ka1r1/4a4/4b4/8R/2P6/4P4/P4r2P/7c1/7RN/2BAKAB2 b,-0.0050485255,2018
2b1ka1r1/4a4/9/8R/2b6/4P4/P4r2P/7c1/7RN/2BAKAB2 w,0.014377999,3179
2b1ka1r1/4a4/9/2R6/2b6/4P4/P4r2P/7c1/7RN/2BAKAB2 b,-0.0028069974,3438
2b1ka1r1/4a4/b8/2R6/9/4P4/P4r2P/7c1/7RN/2BAKAB2 w,0.016028572,2675
2b1ka1r1/4a4/b8/9/9/4P4/P4r2P/2R4c1/7RN/2BAKAB2 b,-0.0055318116,6352
2b1ka1r1/4a4/b8/9/9/4P2c1/P4r2P/2R6/7RN/2BAKAB2 w,0.018673897,7171
2b1ka1r1/4a4/b8/9/9/4P2c1/P4r1RP/2R6/8N/2BAKAB2 b,-0.009220171,5371
2b1ka1r1/4a4/b8/9/9/4P2c1/P6rP/2R6/8N/2BAKAB2 w,0.012731338,7261
2b1ka1r1/4a4/b8/9/9/4P2c1/P6NP/2R6/9/2BAKAB2 b,-0.014660263,4705
2b1ka1r1/4a4/b6c1/9/9/4P4/P6NP/2R6/9/2BAKAB2 w,0.013304615,5906
2b1ka1r1/4a4/b6c1/9/9/4P4/P1R4NP/9/9/2BAKAB2 b,-0.010857403,2276
2b1ka1r1/4a4/b7c/9/9/4P4/P1R4NP/9/9/2BAKAB2 w,0.014745617,5558
2b1ka1r1/4a4/b7c/9/9/4P4/P1R5P/5N3/9/2BAKAB2 b,-0.015486217,2375
2b1ka1r1/4a4/b8/8c/9/4P4/P1R5P/5N3/9/2BAKAB2 w,0.021881295,4450
2b1ka1r1/4a4/b8/8c/4P4/9/P1R5P/5N3/9/2BAKAB2 b,-0.016777515,202
4ka1r1/4a4/b3b4/8c/4P4/9/P1R5P/5N3/9/2BAKAB2 w,0.028452873,5060
4ka1r1/4a4/b1R1b4/8c/4P4/9/P7P/5N3/9/2BAKAB2 b,-0.015348041,1622
2b1ka1r1/4a4/2R1b4/8c/4P4/9/P7P/5N3/9/2BAKAB2 w,0.020571088,1829
2b1ka1r1/4a4/4b4/2R5c/4P4/9/P7P/5N3/9/2BAKAB2 b,-0.018234361,3167
2b1ka1r1/4a3c/4b4/2R6/4P4/9/P7P/5N3/9/2BAKAB2 w,0.025571227,2645
2b1ka1r1/4a3c/4b4/8R/4P4/9/P7P/5N3/9/2BAKAB2 b,-0.01509428,1544
2b1ka1r1/4ac3/4b4/8R/4P4/9/P7P/5N3/9/2BAKAB2 w,0.025253464,3167
2b1ka1r1/4ac2R/4b4/9/4P4/9/P7P/5N3/9/2BAKAB2 b,-0.010167837,1319
2b1ka1r1/4a3R/4b4/9/4P4/9/P4c2P/5N3/9/2BAKAB2 w,0.0144186495,1544
2b1ka1r1/4aR3/4b4/9/4P4/9/P4c2P/5N3/9/2BAKAB2 b,-0.0048308256,5333
2b1ka1r1/4aR3/4bc3/9/4P4/9/P7P/5N3/9/2BAKAB2 w,0.011965322,1275
2b1ka1r1/4a1R2/4bc3/9/4P4/9/P7P/5N3/9/2BAKAB2 b,-0.004283464,673
2b1ka3/4a1R2/4bc3/9/4P2r1/9/P7P/5N3/9/2BAKAB2 w,0.007919765,6177
2b1ka3/4a1R2/4bc3/9/4P2r1/9/P2N4P/9/9/2BAKAB2 b,-0.0057518603,3931
2b1ka3/4a1R2/4bc3/9/4P4/9/P2N3rP/9/9/2BAKAB2 w,0.0034012557,5180
2b1ka3/4a1R2/4bc3/9/4P4/5N3/P6rP/9/9/2BAKAB2 b,-0.0011582494,5548
2b1ka3/4a1R2/4bc3/9/4P4/5N3/P3r3P/9/9/2BAKAB2 w,0.0016431094,7636
2b1ka3/4a1R2/4bc3/9/4P4/5N3/P3r3P/9/4A4/2B1KAB2 b,0.0015452862,5260
2b1ka3/4a1R2/4bc3/9/4r4/5N3/P7P/9/4A4/2B1KAB2 w,0.0020066022,1383
2b1ka3/4a4/4bc3/6R2/4r4/5N3/P7P/9/4A4/2B1KAB2 b,-0.0006927848,3649
2b1ka3/4a4/4bc3/6R2/9/4rN3/P7P/9/4A4/2B1KAB2 w,0.0055804015,4543
2b1ka3/4a4/4bc3/6R2/7N1/4r4/P7P/9/4A4/2B1KAB2 b,0.000851202,4462
2b1ka3/4a4/4bc3/6R2/7N1/7r1/P7P/9/4A4/2B1KAB2 w,0.0013510705,3902
2b1ka3/4a4/4bc3/5NR2/9/7r1/P7P/9/4A4/2B1KAB2 b,0.001864028,4728
2b1ka3/4a4/4bc3/5NR2/9/3r5/P7P/9/4A4/2B1KAB2 w,0.0018759012,3021
2b1ka3/4a4/4bc3/5N3/9/3r2R2/P7P/9/4A4/2B1KAB2 b,0.002073884,4350
2b1ka3/4a4/4bc3/3r1N3/9/6R2/P7P/9/4A4/2B1KAB2 w,0.0011471749,2905
2b1ka3/4a4/4bc1N1/3r5/9/6R2/P7P/9/4A4/2B1KAB2 b,0.00047106744,2734
2b1ka3/4a4/4bc1N1/7r1/9/6R2/P7P/9/4A4/2B1KAB2 w,-0.0006953597,2258
2b1ka2N/4a4/4bc3/7r1/9/6R2/P7P/9/4A4/2B1KAB2 b,0.0043269633,3067
2b1ka1rN/4a4/4bc3/9/9/6R2/P7P/9/4A4/2B1KAB2 w,0.0029222488,4643
2b1ka1rN/4a4/4bc3/9/9/8R/P7P/9/4A4/2B1KAB2 b,-0.003428328,2094
2b1ka1rN/4a4/4b1c2/9/9/8R/P7P/9/4A4/2B1KAB2 w,-0.00048048497,4796
2b1ka1rN/4a4/4b1c1R/9/9/9/P7P/9/4A4/2B1KAB2 b,-0.0014468431,2220
2b1ka1rN/4a4/4b3R/9/9/9/P5c1P/9/4A4/2B1KAB2 w,-0.0006422877,5633
2b1ka1rN/4a4/4b3R/9/9/8P/P5c2/9/4A4/2B1KAB2 b,0.019648243,5462
2b1ka1rN/4a4/4b3R/9/9/8P/P7c/9/4A4/2B1KAB2 w,-0.0022714138,2357
2b1ka1rN/4a3R/4b4/9/9/8P/P7c/9/4A4/2B1KAB2 b,0.0008905888,5638
2b1ka1rN/4a3R/4b4/9/9/8P/P3c4/9/4A4/2B1KAB2 w,0.000323081,7537
2b1ka1rN/4a3R/4b4/9/9/8P/P3c4/4B4/4A4/4KAB2 b,-0.0003955126,5269
2b1ka1rN/4a3R/4b4/9/9/4c3P/P8/4B4/4A4/4KAB2 w,-0.00063910487,4814
2b1ka1rN/4a3R/4b4/9/8P/4c4/P8/4B4/4A4/4KAB2 b,0.0009230614,1986
2b1kabrN/4a3R/9/9/8P/4c4/P8/4B4/4A4/4KAB2 w,0.0012501478,4905
2b1kabrN/4a3R/9/9/8P/P3c4/9/4B4/4A4/4KAB2 b,0.0010629892,4432
2b1kabrN/4a3R/4c4/9/8P/P8/9/4B4/4A4/4KAB2 w,0.00012028217,4086
2b1kabrN/4a3R/4c4/9/P7P/9/9/4B4/4A4/4KAB2 b,0.002328515,2006
2b1kabrN/4a3R/8c/9/P7P/9/9/4B4/4A4/4KAB2 w,-0.0029888153,3995
2b1kabrN/4a3R/8c/8P/P8/9/9/4B4/4A4/4KAB2 b,0.013630534,2361
2b1kabrN/4a3R/3c5/8P/P8/9/9/4B4/4A4/4KAB2 w,-0.0035130025,1544
2b1kabrN/4aR3/3c5/8P/P8/9/9/4B4/4A4/4KAB2 b,0.0057027577,638
2b1kab1r/4aR3/3c5/8P/P8/9/9/4B4/4A4/4KAB2 w,-0.006161261,3184
2b1kab1r/4aR3/3c5/7P1/P8/9/9/4B4/4A4/4KAB2 b,0.0046253684,1902
2b1kab1r/3caR3/9/7P1/P8/9/9/4B4/4A4/4KAB2 w,-0.0049155476,1292
2b1kab1r/3ca4/9/5R1P1/P8/9/9/4B4/4A4/4KAB2 b,0.00811429,746
2b1kab2/3ca4/8r/5R1P1/P8/9/9/4B4/4A4/4KAB2 w,-0.008515775,2910
2b1kab2/3ca4/8r/3R3P1/P8/9/9/4B4/4A4/4KAB2 b,0.008873368,1101
2b1kab2/4a4/3c4r/3R3P1/P8/9/9/4B4/4A4/4KAB2 w,-0.0058104875,2729
2b1kab2/4a4/3c4r/2R4P1/P8/9/9/4B4/4A4/4KAB2 b,0.006791163,562
2b1ka3/4a4/3cb3r/2R4P1/P8/9/9/4B4/4A4/4KAB2 w,-0.0071047307,3277
2b1ka3/4a4/3cb3r/2R4P1/1P7/9/9/4B4/4A4/4KAB2 b,0.0068213465,2402
2b1ka3/4a4/3cb4/2R4P1/1P7/9/8r/4B4/4A4/4KAB2 w,-0.007171416,3358
2b1ka3/4a4/3cb4/1PR4P1/9/9/8r/4B4/4A4/4KAB2 b,0.00807631,5634
2b1ka3/4a4/3cb4/1PR4P1/9/9/r8/4B4/4A4/4KAB2 w,-0.0052469014,2539
2b1ka3/4a4/1P1cb4/2R4P1/9/9/r8/4B4/4A4/4KAB2 b,0.0042239428,4915
2b1ka3/4a4/1P1cb4/2R4P1/9/9/1r7/4B4/4A4/4KAB2 w,-0.0037993789,1730
2b1ka3/4a4/2Pcb4/2R4P1/9/9/1r7/4B4/4A4/4KAB2 b,0.0060583353,1929
2b1ka3/4a4/2P1b4/2R4P1/3c5/9/1r7/4B4/4A4/4KAB2 w,-0.0049375654,1811
2b1ka3/2P1a4/4b4/2R4P1/3c5/9/1r7/4B4/4A4/4KAB2 b,0.0061730384,3550
2b1ka3/2P1a4/4b4/2R4P1/4c4/9/1r7/4B4/4A4/4KAB2 w,-0.0048231366,7734
2b1ka3/2P1a4/4b4/2R4P1/4c4/9/1r7/4B4/4A4/3K1AB2 b,0.0067054033,5007
2b1ka3/2P1a4/4b4/2R4P1/4c4/9/3r5/4B4/4A4/3K1AB2 w,-0.0055454853,7645
2b1ka3/2P1a4/4b4/2R4P1/4c4/9/3r5/4B4/4A4/4KAB2 b,0.007633734,5184
2b1ka3/2P1a4/4b4/2R4P1/4c4/9/r8/4B4/4A4/4KAB2 w,-0.00825044,1002
2b1ka3/3Pa4/4b4/2R4P1/4c4/9/r8/4B4/4A4/4KAB2 b,0.008768273,198
4ka3/3Pa4/b3b4/2R4P1/4c4/9/r8/4B4/4A4/4KAB2 w,0.00058696273,2640
4ka3/3Pa4/b3b4/3R3P1/4c4/9/r8/4B4/4A4/4KAB2 b,0.007020378,4941
4ka3/3Pa4/b3b4/3R3P1/4c4/9/9/4B4/4A4/r3KAB2 w,-0.004960954,2784
4ka3/3Pa4/b3b4/7P1/4c4/9/9/4B4/4A4/r2RKAB2 b,0.004529619,7374
4ka3/3Pa4/b3b4/7P1/4c4/9/9/4B4/4A4/3rKAB2 w,-0.004514432,7734
4ka3/3Pa4/b3b4/7P1/4c4/9/9/4B4/4A4/3K1AB2 b,0.0051753046,1191
4ka3/3P5/b2ab4/7P1/4c4/9/9/4B4/4A4/3K1AB2 w,-0.0052219513,3093
4ka3/3P5/b2ab4/6P2/4c4/9/9/4B4/4A4/3K1AB2 b,0.0060635568,463
4k4/3Pa4/b2ab4/6P2/4c4/9/9/4B4/4A4/3K1AB2 w,-0.0065067173,3002
4k4/3Pa4/b2ab4/5P3/4c4/9/9/4B4/4A4/3K1AB2 b,0.0062443973,365
5k3/3Pa4/b2ab4/5P3/4c4/9/9/4B4/4A4/3K1AB2 w,-0.004383707,6113
5k3/3Pa4/b2ab4/5P3/4c4/9/9/9/4A4/2BK1AB2 b,0.006369758,3643
5k3/3Pa4/b2ab4/5P3/7c1/9/9/9/4A4/2BK1AB2 w,-0.0034305453,2913
5k3/3Pa4/b2ab4/6P2/7c1/9/9/9/4A4/2BK1AB2 b,0.006703043,454
4k4/3Pa4/b2ab4/6P2/7c1/9/9/9/4A4/2BK1AB2 w,-0.005556655,2994
4k4/3Pa4/b2ab1P2/9/7c1/9/9/9/4A4/2BK1AB2 b,0.009670067,3909
4k4/3Pa4/b2ab1P2/9/3c5/9/9/9/4A4/2BK1AB2 w,-0.0054024938,1091
4k4/2P1a4/b2ab1P2/9/3c5/9/9/9/4A4/2BK1AB2 b,0.006218505,365
5k3/2P1a4/b2ab1P2/9/3c5/9/9/9/4A4/2BK1AB2 w,-0.0044700983,2175
5k3/2P1a1P2/b2ab4/9/3c5/9/9/9/4A4/2BK1AB2 b,0.006709266,3567
5k3/2P1a1P2/b2ab4/9/9/9/3c5/9/4A4/2BK1AB2 w,-0.00456717,1366
5k3/2P1a2P1/b2ab4/9/9/9/3c5/9/4A4/2BK1AB2 b,0.0043150666,5185
5k3/2P1a2P1/b2ab4/9/9/9/1c7/9/4A4/2BK1AB2 w,-0.0041804793,1455
5k3/2P1a1P2/b2ab4/9/9/9/1c7/9/4A4/2BK1AB2 b,0.004520822,5032
5k3/2P1a1P2/b2ab4/9/9/9/9/9/4A4/1cBK1AB2 w,-0.0037511706,7537
5k3/2P1a1P2/b2ab4/9/9/9/9/4B4/4A4/1c1K1AB2 b,0.0079339985,7408
5k3/2P1a1P2/b2ab4/1c7/9/9/9/4B4/4A4/3K1AB2 w,-0.005791712,1366
5k3/2P1a2P1/b2ab4/1c7/9/9/9/4B4/4A4/3K1AB2 b,0.008110595,2550
5k3/2P1a2P1/b2ab4/3c5/9/9/9/4B4/4A4/3K1AB2 w,-0.005836177,1455
5k3/2P1a1P2/b2ab4/3c5/9/9/9/4B4/4A4/3K1AB2 b,0.0076021436,454
4k4/2P1a1P2/b2ab4/3c5/9/9/9/4B4/4A4/3K1AB2 w,-0.0048088194,1364
4k4/2P1aP3/b2ab4/3c5/9/9/9/4B4/4A4/3K1AB2 b,0.007039261,1193
4k4/2P2P3/b2aba3/3c5/9/9/9/4B4/4A4/3K1AB2 w,-0.0044579147,7645
4k4/2P2P3/b2aba3/3c5/9/9/9/4B4/4A4/4KAB2 b,0.009010673,2733
4k4/2P2P3/b2aba3/6c2/9/9/9/4B4/4A4/4KAB2 w,-0.0036245584,6906
4k4/2P2P3/b2aba3/6c2/9/9/9/3AB4/9/4KAB2 b,0.007925677,3002
4k4/2P2P3/b2aba3/5c3/9/9/9/3AB4/9/4KAB2 w,-0.005644405,1275
4k4/2P3P2/b2aba3/5c3/9/9/9/3AB4/9/4KAB2 b,0.006036377,1658
4k4/2P3P2/3aba3/5c3/2b6/9/9/3AB4/9/4KAB2 w,-0.004810536,1002
4k4/3P2P2/3aba3/5c3/2b6/9/9/3AB4/9/4KAB2 b,0.0069216015,2913
4k4/3P2P2/3aba3/6c2/2b6/9/9/3AB4/9/4KAB2 w,-0.00079946517,1364
4k4/3P1P3/3aba3/6c2/2b6/9/9/3AB4/9/4KAB2 b,0.0043447255,2994
4k4/3P1P3/3abac2/9/2b6/9/9/3AB4/9/4KAB2 w,0.00015292168,6016
4k4/3P1P3/3abac2/9/2b6/9/9/4B4/4A4/4KAB2 b,0.0034490346,2186
4k4/3P1P3/3aba2c/9/2b6/9/9/4B4/4A4/4KAB2 w,-0.010528326,1093
4k4/4PP3/3aba2c/9/2b6/9/9/4B4/4A4/4KAB2 b,0.010338617,2083
4k4/4aP3/3ab3c/9/2b6/9/9/4B4/4A4/4KAB2 w,-0.009748602,6924
4k4/4aP3/3ab3c/9/2b6/9/9/4B4/9/3AKAB2 b,0.012889624,2375
4k4/4aP3/3ab4/8c/2b6/9/9/4B4/9/3AKAB2 w,-0.007340622,6113
4k4/4aP3/3ab4/8c/2b6/9/9/9/9/2BAKAB2 b,0.004535341,3181
4k4/4aP3/3ab4/4c4/2b6/9/9/9/9/2BAKAB2 w,-0.0033026456,7533
4k4/4aP3/3ab4/4c4/2b6/9/9/B8/9/3AKAB2 b,0.0052331924,363
3k5/4aP3/3ab4/4c4/2b6/9/9/B8/9/3AKAB2 w,-0.0026001693,7726
3k5/4aP3/3ab4/4c4/2b6/9/9/B8/4K4/3A1AB2 b,0.004799891,1193
3k5/5P3/3aba3/4c4/2b6/9/9/B8/4K4/3A1AB2 w,-0.0037462711,7901
3k5/5P3/3aba3/4c4/2b6/9/9/B7B/4K4/3A1A3 b,0.007928657,1903
3k5/4aP3/4ba3/4c4/2b6/9/9/B7B/4K4/3A1A3 w,-0.0005739689,1275
3k5/4a1P2/4ba3/4c4/2b6/9/9/B7B/4K4/3A1A3 b,0.007274318,2022
3k5/4a1P2/5a3/4c4/2b3b2/9/9/B7B/4K4/3A1A3 w,-0.0014987588,6917
3k5/4a1P2/5a3/4c4/2b3b2/9/9/B7B/5K3/3A1A3 b,0.010817838,2812
3k5/4a1P2/4ca3/9/2b3b2/9/9/B7B/5K3/3A1A3 w,-0.0048187734,7816
3k5/4a1P2/4ca3/9/2b3b2/9/9/B7B/4AK3/3A5 b,0.0046814205,274
4k4/4a1P2/4ca3/9/2b3b2/9/9/B7B/4AK3/3A5 w,-0.003299725,1364
4k4/4aP3/4ca3/9/2b3b2/9/9/B7B/4AK3/3A5 b,0.0069608213,3806
4k4/4aP3/4ca2b/9/2b6/9/9/B7B/4AK3/3A5 w,-0.003388524,7016
4k4/4aP3/4ca2b/9/2b6/9/9/B7B/4A4/3A1K3 b,0.007430768,1998
4k4/4aP3/c4a2b/9/2b6/9/9/B7B/4A4/3A1K3 w,-0.008344508,7825
4k4/4aP3/c4a2b/9/2b6/9/9/B7B/4A4/3AK4 b,0.009416199,1629
4k4/c3aP3/5a2b/9/2b6/9/9/B7B/4A4/3AK4 w,-0.011436141,6908
4k4/c3aP3/5a2b/9/2b6/9/9/B4A2B/9/3AK4 b,0.012653589,3442
4k4/c3aP3/4ba2b/9/9/9/9/B4A2B/9/3AK4 w,-0.0116338255,1275
4k4/c3a1P2/4ba2b/9/9/9/9/B4A2B/9/3AK4 b,0.013534856,2022
4k4/c3a1P2/5a2b/9/6b2/9/9/B4A2B/9/3AK4 w,-0.00881505,1366
4k4/c3a2P1/5a2b/9/6b2/9/9/B4A2B/9/3AK4 b,0.011639523,3802
4k4/c3a2P1/4ba2b/9/9/9/9/B4A2B/9/3AK4 w,-0.006023145,6477
4k4/c3a2P1/4ba2b/9/9/9/9/B4A3/9/3AK1B2 b,0.01223259,822
4k4/3ca2P1/4ba2b/9/9/9/9/B4A3/9/3AK1B2 w,-0.006307459,5753
4k4/3ca2P1/4ba2b/9/9/9/9/5A3/9/2BAK1B2 b,0.01017561,1986
4k1b2/3ca2P1/5a2b/9/9/9/9/5A3/9/2BAK1B2 w,-0.009581721,7897
4k1b2/3ca2P1/5a2b/9/9/9/9/4BA3/9/2BAK4 b,0.011205244,1191
4k1b2/3c3P1/3a1a2b/9/9/9/9/4BA3/9/2BAK4 w,-0.00797478,7636
4k1b2/3c3P1/3a1a2b/9/9/9/9/4BA3/4A4/2B1K4 b,0.010536671,2382
4k1b2/3c3P1/3a1a3/9/6b2/9/9/4BA3/4A4/2B1K4 w,-0.0062781693,1455
4k1b2/3c2P2/3a1a3/9/6b2/9/9/4BA3/4A4/2B1K4 b,0.008281278,1093
4k1b2/4c1P2/3a1a3/9/6b2/9/9/4BA3/4A4/2B1K4 w,-0.007806301,1364
4k1b2/4cP3/3a1a3/9/6b2/9/9/4BA3/4A4/2B1K4 b,0.013125039,1182
4k1b2/3c1P3/3a1a3/9/6b2/9/9/4BA3/4A4/2B1K4 w,-0.009702206,6926
4k1b2/3c1P3/3a1a3/9/6b2/9/9/4BA3/9/2B1KA3 b,0.010826684,1903
4k1b2/3caP3/5a3/9/6b2/9/9/4BA3/9/2B1KA3 w,-0.009791041,1275
4k1b2/3ca1P2/5a3/9/6b2/9/9/4BA3/9/2B1KA3 b,0.01603408,1095
4k1b2/4a1c2/5a3/9/6b2/9/9/4BA3/9/2B1KA3 w,-0.018576765,6077
4k1b2/4a1c2/5a3/9/6b2/2B6/9/5A3/9/2B1KA3 b,0.015731527,562
4k4/4a1c2/4ba3/9/6b2/2B6/9/5A3/9/2B1KA3 w,-0.012860322,4297
4k4/4a1c2/4ba3/9/6b2/9/9/4BA3/9/2B1KA3 b,0.017890526,1191
4k4/6c2/3aba3/9/6b2/9/9/4BA3/9/2B1KA3 w,-0.015460575,6081
4k4/6c2/3aba3/9/6b2/6B2/9/5A3/9/2B1KA3 b,0.022714425,1366
4k4/7c1/3aba3/9/6b2/6B2/9/5A3/9/2B1KA3 w,-0.012076616,4657
4k4/7c1/3aba3/9/6b2/9/9/4BA3/9/2B1KA3 b,0.011038042,2083
4k4/4a2c1/3ab4/9/6b2/9/9/4BA3/9/2B1KA3 w,-0.006371164,6196
4k4/4a2c1/3ab4/9/6b2/9/9/4B4/4A4/2B1KA3 b,0.014834213,1193
4k4/7c1/3aba3/9/6b2/9/9/4B4/4A4/2B1KA3 w,0,6908
rnbakabnr/9/1c5c1/p1p1p1p1p/9/9/P1P1P1P1P/1C5C1/9/RNBAKABNR w,0.0017991782,5827
rnbakabnr/9/1c5c1/p1p1p1p1p/9/9/P1P1P1P1P/4C2C1/9/RNBAKABNR b,-0.0017655134,110
r1bakabnr/9/1cn4c1/p1p1p1p1p/9/9/P1P1P1P1P/4C2C1/9/RNBAKABNR w,0.0018176556,7445
r1bakabnr/9/1cn4c1/p1p1p1p1p/9/9/P1P1P1P1P/2N1C2C1/9/R1BAKABNR b,-0.0018395424,562
r1baka1nr/9/1cn1b2c1/p1p1p1p1p/9/9/P1P1P1P1P/2N1C2C1/9/R1BAKABNR w,0.0019465685,7372
r1baka1nr/9/1cn1b2c1/p1p1p1p1p/9/9/P1P1P1P1P/2N1C2C1/9/1RBAKABNR b,-0.0017706394,1
1rbaka1nr/9/1cn1b2c1/p1p1p1p1p/9/9/P1P1P1P1P/2N1C2C1/9/1RBAKABNR w,0.0017012835,6368
1rbaka1nr/9/1cn1b2c1/p1p1p1p1p/9/9/P1P1P1P1P/2N1CC3/9/1RBAKABNR b,-0.0012760878,654
1rbaka2r/9/1cn1b1nc1/p1p1p1p1p/9/9/P1P1P1P1P/2N1CC3/9/1RBAKABNR w,0.0015946865,7989
1rbaka2r/9/1cn1b1nc1/p1p1p1p1p/9/9/P1P1P1P1P/2N1CCN2/9/1RBAKAB1R b,-0.0015688658,3012
1rbaka2r/9/1cn1b1nc1/p1p1p3p/6p2/9/P1P1P1P1P/2N1CCN2/9/1RBAKAB1R w,0.0018735885,8098
1rbaka2r/9/1cn1b1nc1/p1p1p3p/6p2/9/P1P1P1P1P/2N1CCN2/9/1RBAKABR1 b,-0.0020106912,727
1rbaka1r1/9/1cn1b1nc1/p1p1p3p/6p2/9/P1P1P1P1P/2N1CCN2/9/1RBAKABR1 w,0.002513051,5087
1rbaka1r1/9/1cn1b1nc1/p1p1p3p/6p2/2P6/P3P1P1P/2N1CCN2/9/1RBAKABR1 b,-0.0021535754,1765
1rbaka1r1/9/2n1b1nc1/p1p1p3p/6p2/2P6/Pc2P1P1P/2N1CCN2/9/1RBAKABR1 w,0.0047060014,5898
1rbaka1r1/9/2n1b1nc1/p1p1p3p/6p2/2PN5/Pc2P1P1P/4CCN2/9/1RBAKABR1 b,-0.006530476,2311
1rbaka1r1/9/2n1b1n2/p1p1p3p/6p2/2PN5/Pc2P1PcP/4CCN2/9/1RBAKABR1 w,0.0079074865,6143
1rbaka1r1/9/2n1bCn2/p1p1p3p/6p2/2PN5/Pc2P1PcP/4C1N2/9/1RBAKABR1 b,-0.007967639,1986
1rbakabr1/9/2n2Cn2/p1p1p3p/6p2/2PN5/Pc2P1PcP/4C1N2/9/1RBAKABR1 w,0.018145729,4351
1rbakabr1/9/2n2Cn2/p1p1N3p/6p2/2P6/Pc2P1PcP/4C1N2/9/1RBAKABR1 b,-0.0047512054,1831
1rbakabr1/9/5Cn2/p1p1n3p/6p2/2P6/Pc2P1PcP/4C1N2/9/1RBAKABR1 w,0.005065441,6061
1rbakabr1/9/5Cn2/p1p1C3p/6p2/2P6/Pc2P1PcP/6N2/9/1RBAKABR1 b,0.009403348,109
2bakabr1/9/1r3Cn2/p1p1C3p/6p2/2P6/Pc2P1PcP/6N2/9/1RBAKABR1 w,0.0022862197,2839
2bakabr1/9/1r3Cn2/p1p5p/6p2/2P1C4/Pc2P1PcP/6N2/9/1RBAKABR1 b,0.0014547826,1733
2bakabr1/9/5rn2/p1p5p/6p2/2P1C4/Pc2P1PcP/6N2/9/1RBAKABR1 w,0.009609818,7435
2bakabr1/9/5rn2/p1p5p/6p2/2P1C4/PR2P1PcP/6N2/9/2BAKABR1 b,-0.006561506,2201
2bakabr1/9/5r3/p1p5p/5np2/2P1C4/PR2P1PcP/6N2/9/2BAKABR1 w,0.013509941,4987
2bakabr1/9/5r3/p1p5p/1R3np2/2P1C4/P3P1PcP/6N2/9/2BAKABR1 b,-0.008880818,3750
2bakabr1/9/5r3/p1p5p/1R4p2/2P1C4/P3P1ncP/6N2/9/2BAKABR1 w,0.0175766,3372
2bakabr1/9/5r3/p1p5p/6R2/2P1C4/P3P1ncP/6N2/9/2BAKABR1 b,-0.005569172,5449
2bakabr1/9/5r3/p1p5p/6R2/2P1n4/P3P2cP/6N2/9/2BAKABR1 w,0.0059191226,5269
2bakabr1/9/5r3/p1p5p/6R2/2P1P4/P6cP/6N2/9/2BAKABR1 b,0.0005825758,5560
2bakabr1/9/5r3/p1p5p/6R2/2P1P4/P7P/6Nc1/9/2BAKABR1 w,0.008826876,7999
2bakabr1/9/5r3/p1p5p/6R2/2P1P4/P7P/6Nc1/7R1/2BAKAB2 b,0.0013684988,2138
2bakabr1/9/9/p1p5p/6R2/2P1P4/P7P/5rNc1/7R1/2BAKAB2 w,0.011035467,7897
2bakabr1/9/9/p1p5p/6R2/2P1P4/P7P/4BrNc1/7R1/2BAKA3 b,-0.0038215758,562
2baka1r1/9/4b4/p1p5p/6R2/2P1P4/P7P/4BrNc1/7R1/2BAKA3 w,0.015005255,3840
2baka1r1/9/4b4/p1p5p/9/2P1P4/P5R1P/4BrNc1/7R1/2BAKA3 b,-0.0058876993,6170
2baka1r1/9/4b4/p1p5p/9/2P1Pr3/P5R1P/4B1Nc1/7R1/2BAKA3 w,0.022136642,5458
2baka1r1/9/4b4/p1p5p/9/2P1Pr3/P3R3P/4B1Nc1/7R1/2BAKA3 b,-0.011042452,4541
2baka1r1/9/4b4/p1p5p/5r3/2P1P4/P3R3P/4B1Nc1/7R1/2BAKA3 w,0.021034742,4450
2baka1r1/9/4b4/p1p5p/4Pr3/2P6/P3R3P/4B1Nc1/7R1/2BAKA3 b,-0.004286814,3758
2baka1r1/9/4b4/p1p5p/4P4/2P6/P3R3P/4BrNc1/7R1/2BAKA3 w,0.018395185,5280
2baka1r1/9/4b4/p1p5p/4P4/2P6/P5R1P/4BrNc1/7R1/2BAKA3 b,-0.005749726,664
2baka3/9/4b4/p1p4rp/4P4/2P6/P5R1P/4BrNc1/7R1/2BAKA3 w,0.032960083,7816
2baka3/9/4b4/p1p4rp/4P4/2P6/P5R1P/4BrNc1/4A2R1/2BAK4 b,-0.02374326,6170
2baka3/9/4b4/p1p4rp/4P4/2P2r3/P5R1P/4B1Nc1/4A2R1/2BAK4 w,0.02912419,6268
2baka3/9/4b4/p1p4rp/4P4/2P2r3/P3N1R1P/4B2c1/4A2R1/2BAK4 b,-0.022807408,6343
2baka3/9/4b4/p1p4rp/4P2c1/2P2r3/P3N1R1P/4B4/4A2R1/2BAK4 w,0.041184854,5271
2baka3/9/4b4/p1p4rp/4P2c1/2P2rN2/P5R1P/4B4/4A2R1/2BAK4 b,-0.035475314,3085
2baka3/9/4b2r1/p1p5p/4P2c1/2P2rN2/P5R1P/4B4/4A2R1/2BAK4 w,0.052922487,5458
2baka3/9/4b2r1/p1p5p/4P2c1/2P2rN2/P3R3P/4B4/4A2R1/2BAK4 b,-0.041094363,463
2bak4/4a4/4b2r1/p1p5p/4P2c1/2P2rN2/P3R3P/4B4/4A2R1/2BAK4 w,0.06980667,3631
2bak4/4a4/4b2r1/p1p1P3p/7c1/2P2rN2/P3R3P/4B4/4A2R1/2BAK4 b,-0.058099758,2022
2bak4/4a4/7r1/p1p1P3p/6bc1/2P2rN2/P3R3P/4B4/4A2R1/2BAK4 w,0.060911275,7198
2bak4/4a4/7r1/p1p1P3p/6bc1/2P2rN2/P3R3P/4B4/4A4/2BAK2R1 b,-0.036922764,3949
2bak4/4a4/7r1/p1p1P3p/6b2/2P2rN2/P3R3P/4B4/4A2c1/2BAK2R1 w,0.04851854,4658
2bak4/4a4/7r1/p1p1P3p/6b2/2P2r3/P3R3P/4BN3/4A2c1/2BAK2R1 b,-0.043996084,4552
2bak4/4a4/7r1/p1p1P3p/6b2/2P4r1/P3R3P/4BN3/4A2c1/2BAK2R1 w,0.0523036,7999
2bak4/4a4/7r1/p1p1P3p/6b2/2P4r1/P3R3P/4BN3/4A2R1/2BAK4 b,-0.018115878,4759
2bak4/4a4/7r1/p1p1P3p/6b2/2P6/P3R3P/4BN3/4A2r1/2BAK4 w,0.020181393,6199
2bak4/4a4/7r1/p1p1P3p/6b2/2P6/P3R3P/4B4/4A2N1/2BAK4 b,-0.01261574,2329
2bak4/4a4/9/p1p1P3p/6b2/2P6/P3R3P/4B4/4A2r1/2BAK4 w,0.014893127,5276
2bak4/4a4/9/p1p1P3p/6b2/2P6/P1R5P/4B4/4A2r1/2BAK4 b,-0.011993647,7198
2bak4/4a4/9/p1p1P3p/6b2/2P6/P1R5P/4B4/4A4/2BAK2r1 w,0.012420321,6926
2bak4/4a4/9/p1p1P3p/6b2/2P6/P1R5P/4B4/9/2BAKA1r1 b,-0.009633697,7954
2bak4/4a4/9/p1p1P2rp/6b2/2P6/P1R5P/4B4/9/2BAKA3 w,0.0112399105,5098
2bak4/4a4/9/p1p1P2rp/6b2/2P6/P3R3P/4B4/9/2BAKA3 b,-0.012673045,3139
2bak4/4a4/9/p1p1P3p/6b2/2P6/P3R3P/4B4/7r1/2BAKA3 w,0.014147568,5260
2bak4/4a4/9/p1p1P3p/4R1b2/2P6/P7P/4B4/7r1/2BAKA3 b,-0.015430713,7171
2bak4/4a4/9/p1p1P3p/4R1b2/2P6/P6rP/4B4/9/2BAKA3 w,0.017785048,3642
2bak4/4a4/9/p1p1P3p/6R2/2P6/P6rP/4B4/9/2BAKA3 b,-0.011720109,5552
2bak4/4a4/9/p1p1P3p/6R2/2P6/P7r/4B4/9/2BAKA3 w,0.009390331,3786
2bak1R2/4a4/9/p1p1P3p/9/2P6/P7r/4B4/9/2BAKA3 b,-0.01146425,1175
2bakaR2/9/9/p1p1P3p/9/2P6/P7r/4B4/9/2BAKA3 w,0.017082596,4905
2bakaR2/9/9/p1p1P3p/9/P1P6/8r/4B4/9/2BAKA3 b,-0.007939542,5638
2bakaR2/9/9/p1p1P3p/9/P1P6/4r4/4B4/9/2BAKA3 w,0.0122510195,573
2baka3/9/9/p1p1P1R1p/9/P1P6/4r4/4B4/9/2BAKA3 b,-0.010822224,3194
2baka3/9/9/p1p1P1R2/8p/P1P6/4r4/4B4/9/2BAKA3 w,0.017778946,2820
2baka3/9/9/p1pP2R2/8p/P1P6/4r4/4B4/9/2BAKA3 b,-0.01335814,5277
2baka3/9/9/p1pP2R2/8p/P1P6/3r5/4B4/9/2BAKA3 w,0.0174603,2729
2baka3/9/9/p1P3R2/8p/P1P6/3r5/4B4/9/2BAKA3 b,-0.016550792,5169
2baka3/9/9/p1P3R2/3r4p/P1P6/9/4B4/9/2BAKA3 w,0.01849239,3000
2baka3/9/9/p1PR5/3r4p/P1P6/9/4B4/9/2BAKA3 b,-0.019147826,3540
2baka3/9/9/p1Pr5/8p/P1P6/9/4B4/9/2BAKA3 w,0.021153498,2640
2baka3/9/9/p2P5/8p/P1P6/9/4B4/9/2BAKA3 b,-0.018925095,198
3aka3/9/b8/p2P5/8p/P1P6/9/4B4/9/2BAKA3 w,0.020946478,2729
3aka3/9/b8/p1P6/8p/P1P6/9/4B4/9/2BAKA3 b,-0.019316554,1622
2baka3/9/9/p1P6/8p/P1P6/9/4B4/9/2BAKA3 w,0.025059272,2638
2baka3/9/9/pP7/8p/P1P6/9/4B4/9/2BAKA3 b,-0.02352879,4013
2baka3/9/9/pP7/9/P1P5p/9/4B4/9/2BAKA3 w,0.026281595,2547
2baka3/9/9/P8/9/P1P5p/9/4B4/9/2BAKA3 b,-0.023124171,4822
2baka3/9/9/P8/9/P1P4p1/9/4B4/9/2BAKA3 w,0.02706623,2458
2baka3/9/9/1P7/9/P1P4p1/9/4B4/9/2BAKA3 b,-0.02371397,202
3aka3/9/4b4/1P7/9/P1P4p1/9/4B4/9/2BAKA3 w,0.030242873,2549
3aka3/9/4b4/2P6/9/P1P4p1/9/4B4/9/2BAKA3 b,-0.022483839,463
3ak4/4a4/4b4/2P6/9/P1P4p1/9/4B4/9/2BAKA3 w,0.024809528,4086
3ak4/4a4/4b4/2P6/P8/2P4p1/9/4B4/9/2BAKA3 b,-0.02228961,365
3a1k3/4a4/4b4/2P6/P8/2P4p1/9/4B4/9/2BAKA3 w,0.023694325,3277
3a1k3/4a4/4b4/2P6/1P7/2P4p1/9/4B4/9/2BAKA3 b,-0.02228613,4741
3a1k3/4a4/4b4/2P6/1P7/2P6/7p1/4B4/9/2BAKA3 w,0.023660112,7636
3a1k3/4a4/4b4/2P6/1P7/2P6/7p1/4B4/4A4/2B1KA3 b,-0.021791602,5550
3a1k3/4a4/4b4/2P6/1P7/2P6/6p2/4B4/4A4/2B1KA3 w,0.021718979,3358
3a1k3/4a4/4b4/1PP6/9/2P6/6p2/4B4/4A4/2B1KA3 b,-0.020406485,5461
3a1k3/4a4/4b4/1PP6/9/2P6/7p1/4B4/4A4/2B1KA3 w,0.023619128,7734
3a1k3/4a4/4b4/1PP6/9/2P6/7p1/4B4/4A4/2BK1A3 b,-0.021929204,5550
3a1k3/4a4/4b4/1PP6/9/2P6/6p2/4B4/4A4/2BK1A3 w,0.019913483,2640
3a1k3/4a4/4b4/1P1P5/9/2P6/6p2/4B4/4A4/2BK1A3 b,-0.025007594,5459
3a1k3/4a4/4b4/1P1P5/9/2P6/5p3/4B4/4A4/2BK1A3 w,0.030210186,4268
3a1k3/4a4/4b4/1P1P5/2P6/9/5p3/4B4/4A4/2BK1A3 b,-0.025378907,5368
3a1k3/4a4/4b4/1P1P5/2P6/9/4p4/4B4/4A4/2BK1A3 w,0.03330462,3449
3a1k3/4a4/4b4/1PPP5/9/9/4p4/4B4/4A4/2BK1A3 b,-0.027722096,5277
3a1k3/4a4/4b4/1PPP5/9/9/3p5/4B4/4A4/2BK1A3 w,0.029428864,2731
3a1k3/4a4/4b4/1PP1P4/9/9/3p5/4B4/4A4/2BK1A3 b,-0.02404802,2022
3a1k3/4a4/9/1PP1P4/6b2/9/3p5/4B4/4A4/2BK1A3 w,0.029423619,2640
3a1k3/4a4/9/1P1PP4/6b2/9/3p5/4B4/4A4/2BK1A3 b,-0.028372407,3806
3a1k3/4a4/8b/1P1PP4/9/9/3p5/4B4/4A4/2BK1A3 w,0.030175924,2549
3a1k3/4a4/8b/2PPP4/9/9/3p5/4B4/4A4/2BK1A3 b,-0.029720807,454
3ak4/4a4/8b/2PPP4/9/9/3p5/4B4/4A4/2BK1A3 w,0.030268287,7645
3ak4/4a4/8b/2PPP4/9/9/3p5/4B4/4A4/2B1KA3 b,-0.028822673,2346
3ak1b2/4a4/9/2PPP4/9/9/3p5/4B4/4A4/2B1KA3 w,0.029637098,7533
3ak1b2/4a4/9/2PPP4/9/9/3p5/B3B4/4A4/4KA3 b,-0.025107408,365
3a1kb2/4a4/9/2PPP4/9/9/3p5/B3B4/4A4/4KA3 w,0.03861239,6117
3a1kb2/4a4/9/2PPP4/9/9/3p5/B8/4A4/4KAB2 b,-0.03806975,454
3ak1b2/4a4/9/2PPP4/9/9/3p5/B8/4A4/4KAB2 w,0.03571978,5753
3ak1b2/4a4/9/2PPP4/9/9/3p5/9/4A4/2B1KAB2 b,-0.032287385,365
3a1kb2/4a4/9/2PPP4/9/9/3p5/9/4A4/2B1KAB2 w,0.0376524,6908
3a1kb2/4a4/9/2PPP4/9/9/3p5/5A3/9/2B1KAB2 b,-0.03686142,454
3ak1b2/4a4/9/2PPP4/9/9/3p5/5A3/9/2B1KAB2 w,0.03922565,7533
3ak1b2/4a4/9/2PPP4/9/9/3p5/B4A3/9/4KAB2 b,-0.03425404,365
3a1kb2/4a4/9/2PPP4/9/9/3p5/B4A3/9/4KAB2 w,0.04509108,2630
3a1kb2/4a4/2P6/3PP4/9/9/3p5/B4A3/9/4KAB2 b,-0.041823994,454
3ak1b2/4a4/2P6/3PP4/9/9/3p5/B4A3/9/4KAB2 w,0.055129956,2721
3ak1b2/4a4/2PP5/4P4/9/9/3p5/B4A3/9/4KAB2 b,-0.053825725,1191
3ak1b2/9/2Pa5/4P4/9/9/3p5/B4A3/9/4KAB2 w,0.05257976,1821
3ak1b2/9/3P5/4P4/9/9/3p5/B4A3/9/4KAB2 b,-0.048952438,283
4k1b2/4a4/3P5/4P4/9/9/3p5/B4A3/9/4KAB2 w,0.051150274,1902
4k1b2/3Pa4/9/4P4/9/9/3p5/B4A3/9/4KAB2 b,-0.048888136,1173
3ak1b2/3P5/9/4P4/9/9/3p5/B4A3/9/4KAB2 w,0.052246977,7901
3ak1b2/3P5/9/4P4/9/9/3p5/B4A2B/9/4KA3 b,-0.053325415,365
3a1kb2/3P5/9/4P4/9/9/3p5/B4A2B/9/4KA3 w,0.06227231,1083
3P1kb2/9/9/4P4/9/9/3p5/B4A2B/9/4KA3 b,-0.060762644,464
3P2b2/5k3/9/4P4/9/9/3p5/B4A2B/9/4KA3 w,0.07093485,2812
3P2b2/5k3/4P4/9/9/9/3p5/B4A2B/9/4KA3 b,-0.062256802,566
3P5/5k3/4P3b/9/9/9/3p5/B4A2B/9/4KA3 w,0.06261306,2001
3P5/5k3/3P4b/9/9/9/3p5/B4A2B/9/4KA3 b,-0.055132985,2382
3P5/5k3/3P5/9/6b2/9/3p5/B4A2B/9/4KA3 w,0.052788425,7734
3P5/5k3/3P5/9/6b2/9/3p5/B4A2B/9/3K1A3 b,-0.05384369,5186
3P5/5k3/3P5/9/6b2/9/2p6/B4A2B/9/3K1A3 w,0.056075074,5717
3P5/5k3/3P5/9/6b2/2B6/2p6/5A2B/9/3K1A3 b,-0.04846362,5097
3P5/5k3/3P5/9/6b2/2B6/3p5/5A2B/9/3K1A3 w,0.051961113,7645
3P5/5k3/3P5/9/6b2/2B6/3p5/5A2B/9/4KA3 b,-0.04901619,5186
3P5/5k3/3P5/9/6b2/2B6/2p6/5A2B/9/4KA3 w,0.05320964,6477
3P5/5k3/3P5/9/6b2/2B6/2p6/5A3/9/4KAB2 b,-0.047263432,5097
3P5/5k3/3P5/9/6b2/2B6/3p5/5A3/9/4KAB2 w,0.04514916,7816
3P5/5k3/3P5/9/6b2/2B6/3p5/5A3/4A4/4K1B2 b,-0.046405744,1273
3P5/4k4/3P5/9/6b2/2B6/3p5/5A3/4A4/4K1B2 w,0.048376467,7901
3P5/4k4/3P5/9/6b2/2B6/3p5/5A2B/4A4/4K4 b,-0.04525392,1184
3P5/5k3/3P5/9/6b2/2B6/3p5/5A2B/4A4/4K4 w,0.05295303,4293
3P5/5k3/3P5/9/6b2/9/3p5/B4A2B/4A4/4K4 b,-0.049453724,5186
3P5/5k3/3P5/9/6b2/9/2p6/B4A2B/4A4/4K4 w,0.049991276,6441
3P5/5k3/3P5/9/6b2/6B2/2p6/B4A3/4A4/4K4 b,-0.050703432,5097
3P5/5k3/3P5/9/6b2/6B2/3p5/B4A3/4A4/4K4 w,0.05001674,5753
3P5/5k3/3P5/9/6b2/6B2/3p5/5A3/4A4/2B1K4 b,-0.04730897,5186
3P5/5k3/3P5/9/6b2/6B2/2p6/5A3/4A4/2B1K4 w,0.044609856,7537
3P5/5k3/3P5/9/6b2/6B2/2p6/4BA3/4A4/4K4 b,-0.04366188,5097
3P5/5k3/3P5/9/6b2/6B2/3p5/4BA3/4A4/4K4 w,0.0455555,6117
3P5/5k3/3P5/9/6b2/6B2/3p5/5A3/4A4/4K1B2 b,-0.042727627,5186
3P5/5k3/3P5/9/6b2/6B2/2p6/5A3/4A4/4K1B2 w,0.051341392,4661
3P5/5k3/3P5/9/6b2/9/2p6/5A2B/4A4/4K1B2 b,-0.043285873,1273
3P5/4k4/3P5/9/6b2/9/2p6/5A2B/4A4/4K1B2 w,0.0468339,7734
3P5/4k4/3P5/9/6b2/9/2p6/5A2B/4A4/3K2B2 b,-0.047943126,1184
3P5/5k3/3P5/9/6b2/9/2p6/5A2B/4A4/3K2B2 w,0.047543358,7897
3P5/5k3/3P5/9/6b2/9/2p6/4BA2B/4A4/3K5 b,-0.04559802,5097
3P5/5k3/3P5/9/6b2/9/3p5/4BA2B/4A4/3K5 w,0.0536016,1902
3P5/3P1k3/9/9/6b2/9/3p5/4BA2B/4A4/3K5 b,-0.047775388,1283
3P5/3P5/5k3/9/6b2/9/3p5/4BA2B/4A4/3K5 w,0.050148297,6117
3P5/3P5/5k3/9/6b2/9/3p5/5A2B/4A4/3K2B2 b,-0.04321138,2092
3P5/3P5/4k4/9/6b2/9/3p5/5A2B/4A4/3K2B2 w,0.0484406,7645
3P5/3P5/4k4/9/6b2/9/3p5/5A2B/4A4/4K1B2 b,-0.044539988,2001
3P5/3P5/3k5/9/6b2/9/3p5/5A2B/4A4/4K1B2 w,0.045296934,1093
3P5/4P4/3k5/9/6b2/9/3p5/5A2B/4A4/4K1B2 b,-0.038987566,3802
3P5/4P4/3kb4/9/9/9/3p5/5A2B/4A4/4K1B2 w,0.048640635,6926
3P5/4P4/3kb4/9/9/9/3p5/5A2B/9/4KAB2 b,-0.039069273,2022
3P5/4P4/3k5/9/6b2/9/3p5/5A2B/9/4KAB2 w,0.042132806,274
4P4/4P4/3k5/9/6b2/9/3p5/5A2B/9/4KAB2 b,-0.037248995,5186
4P4/4P4/3k5/9/6b2/9/2p6/5A2B/9/4KAB2 w,0.045947958,6196
4P4/4P4/3k5/9/6b2/9/2p6/8B/4A4/4KAB2 b,-0.039095998,5105
4P4/4P4/3k5/9/6b2/9/9/2p5B/4A4/4KAB2 w,0.039336253,6924
4P4/4P4/3k5/9/6b2/9/9/2p5B/9/3AKAB2 b,-0.039381683,5924
4P4/4P4/3k5/9/6b2/9/9/8B/2p6/3AKAB2 w,0.04600854,7636
4P4/4P4/3k5/9/6b2/9/9/8B/2p1A4/4KAB2 b,-0.04230057,1912
4P4/4P4/4k4/9/6b2/9/9/8B/2p1A4/4KAB2 w,0.051541686,1182
4P4/3P5/4k4/9/6b2/9/9/8B/2p1A4/4KAB2 b,-0.044855844,6735
4P4/3P5/4k4/9/6b2/9/9/8B/3pA4/4KAB2 w,0.048504498,365
5P3/3P5/4k4/9/6b2/9/9/8B/3pA4/4KAB2 b,-0.044634532,2003
5P3/3P5/5k3/9/6b2/9/9/8B/3pA4/4KAB2 w,0.057029366,6924
5P3/3P5/5k3/9/6b2/9/9/8B/3p5/3AKAB2 b,-0.050572135,2084
5P3/3P1k3/9/9/6b2/9/9/8B/3p5/3AKAB2 w,0.049531985,454
4P4/3P1k3/9/9/6b2/9/9/8B/3p5/3AKAB2 b,-0.045355488,3802
4P4/3P1k3/4b4/9/9/9/9/8B/3p5/3AKAB2 w,0.062678434,363
3P5/3P1k3/4b4/9/9/9/9/8B/3p5/3AKAB2 b,-0.041144636,6824
3P5/3P1k3/4b4/9/9/9/9/8B/2p6/3AKAB2 w,0.050681114,7726
3P5/3P1k3/4b4/9/9/9/9/8B/2p1K4/3A1AB2 b,-0.0389699,6733
3P5/3P1k3/4b4/9/9/9/9/8B/1p2K4/3A1AB2 w,0.035939075,6915
3P5/3P1k3/4b4/9/9/9/9/8B/1p1K5/3A1AB2 b,-0.04708592,6644
3P5/3P1k3/4b4/9/9/9/9/8B/2pK5/3A1AB2 w,0.054718066,6816
3P5/3P1k3/4b4/9/9/9/9/3K4B/2p6/3A1AB2 b,-0.042797863,2022
3P5/3P1k3/9/9/6b2/9/9/3K4B/2p6/3A1AB2 w,0.057253458,7816
3P5/3P1k3/9/9/6b2/9/9/3K4B/2p1A4/3A2B2 b,-0.04197612,6733
3P5/3P1k3/9/9/6b2/9/9/3K4B/1p2A4/3A2B2 w,0.050373983,6007
3P5/3P1k3/9/9/6b2/9/9/4K3B/1p2A4/3A2B2 b,-0.049978293,3802
3P5/3P1k3/4b4/9/9/9/9/4K3B/1p2A4/3A2B2 w,0.056179788,6906
3P5/3P1k3/4b4/9/9/9/9/3AK3B/1p7/3A2B2 b,-0.053131748,6644
3P5/3P1k3/4b4/9/9/9/9/3AK3B/2p6/3A2B2 w,0.06307381,6106
3P5/3P1k3/4b4/9/9/9/9/3A4B/2p1K4/3A2B2 b,-0.050607454,6733
3P5/3P1k3/4b4/9/9/9/9/3A4B/1p2K4/3A2B2 w,0.052719858,274
4P4/3P1k3/4b4/9/9/9/9/3A4B/1p2K4/3A2B2 b,-0.04442606,6644
4P4/3P1k3/4b4/9/9/9/9/3A4B/2p1K4/3A2B2 w,0.04544108,6925
4P4/3P1k3/4b4/9/9/9/9/3A4B/2p6/3AK1B2 b,-0.03907019,6733
4P4/3P1k3/4b4/9/9/9/9/3A4B/1p7/3AK1B2 w,0.03834331,6016
4P4/3P1k3/4b4/9/9/9/9/8B/1p2A4/3AK1B2 b,-0.03442073,6644
4P4/3P1k3/4b4/9/9/9/9/8B/2p1A4/3AK1B2 w,0.047502518,6908
4P4/3P1k3/4b4/9/9/9/9/5A2B/2p6/3AK1B2 b,-0.046699703,6735
4P4/3P1k3/4b4/9/9/9/9/5A2B/3p5/3AK1B2 w,0.061880805,363
3P5/3P1k3/4b4/9/9/9/9/5A2B/3p5/3AK1B2 b,-0.041052677,6824
3P5/3P1k3/4b4/9/9/9/9/5A2B/2p6/3AK1B2 w,0.04766133,272
2P6/3P1k3/4b4/9/9/9/9/5A2B/2p6/3AK1B2 b,-0.033441376,6733
2P6/3P1k3/4b4/9/9/9/9/5A2B/1p7/3AK1B2 w,0.037649464,181
1P7/3P1k3/4b4/9/9/9/9/5A2B/1p7/3AK1B2 b,-0.03638158,6644
1P7/3P1k3/4b4/9/9/9/9/5A2B/2p6/3AK1B2 w,0.03868821,90
P8/3P1k3/4b4/9/9/9/9/5A2B/2p6/3AK1B2 b,-0.03620273,6735
P8/3P1k3/4b4/9/9/9/9/5A2B/3p5/3AK1B2 w,0.04299834,6196
P8/3P1k3/4b4/9/9/9/9/8B/3pA4/3AK1B2 b,-0.028111411,6824
P8/3P1k3/4b4/9/9/9/9/8B/2p1A4/3AK1B2 w,0.038223077,1
1P7/3P1k3/4b4/9/9/9/9/8B/2p1A4/3AK1B2 b,-0.03938947,1283
1P7/3P5/4bk3/9/9/9/9/8B/2p1A4/3AK1B2 w,0.04927049,6906
1P7/3P5/4bk3/9/9/9/9/3A4B/2p6/3AK1B2 b,-0.041910898,2084
1P7/3P1k3/4b4/9/9/9/9/3A4B/2p6/3AK1B2 w,0.044135835,92
2P6/3P1k3/4b4/9/9/9/9/3A4B/2p6/3AK1B2 b,-0.042209413,2022
2P6/3P1k3/9/9/6b2/9/9/3A4B/2p6/3AK1B2 w,0.05140009,1093
2P6/4Pk3/9/9/6b2/9/9/3A4B/2p6/3AK1B2 b,-0.04999546,1283
2P6/4P4/5k3/9/6b2/9/9/3A4B/2p6/3AK1B2 w,0.046978403,181
1P7/4P4/5k3/9/6b2/9/9/3A4B/2p6/3AK1B2 b,-0.03971845,6735
1P7/4P4/5k3/9/6b2/9/9/3A4B/3p5/3AK1B2 w,0.042537715,6016
1P7/4P4/5k3/9/6b2/9/9/8B/3pA4/3AK1B2 b,-0.03574076,2092
1P7/4P4/4k4/9/6b2/9/9/8B/3pA4/3AK1B2 w,0.043244697,1182
1P7/3P5/4k4/9/6b2/9/9/8B/3pA4/3AK1B2 b,-0.03899285,2003
1P7/3P5/5k3/9/6b2/9/9/8B/3pA4/3AK1B2 w,0.041002132,92
2P6/3P5/5k3/9/6b2/9/9/8B/3pA4/3AK1B2 b,-0.037008297,2084
2P6/3P1k3/9/9/6b2/9/9/8B/3pA4/3AK1B2 w,0.043801736,7897
2P6/3P1k3/9/9/6b2/9/9/4B3B/3pA4/3AK4 b,-0.035759665,3802
2P6/3P1k3/4b4/9/9/9/9/4B3B/3pA4/3AK4 w,0.049789786,183
3P5/3P1k3/4b4/9/9/9/9/4B3B/3pA4/3AK4 b,-0.037540782,6824
3P5/3P1k3/4b4/9/9/9/9/4B3B/2p1A4/3AK4 w,0.05119269,6077
3P5/3P1k3/4b4/9/9/2B6/9/8B/2p1A4/3AK4 b,-0.049276233,6735
3P5/3P1k3/4b4/9/9/2B6/9/8B/3pA4/3AK4 w,0.0647429,6908
3P5/3P1k3/4b4/9/9/2B6/9/5A2B/3p5/3AK4 b,-0.045755457,6824
3P5/3P1k3/4b4/9/9/2B6/9/5A2B/2p6/3AK4 w,0.060746577,7726
3P5/3P1k3/4b4/9/9/2B6/9/5A2B/2p1K4/3A5 b,-0.057378244,1283
3P5/3P5/4bk3/9/9/2B6/9/5A2B/2p1K4/3A5 w,0.05891328,1093
3P5/4P4/4bk3/9/9/2B6/9/5A2B/2p1K4/3A5 b,-0.052853193,2022
3P5/4P4/5k3/9/6b2/2B6/9/5A2B/2p1K4/3A5 w,0.053065803,6925
3P5/4P4/5k3/9/6b2/2B6/9/5A2B/2p6/3AK4 b,-0.048008014,6735
3P5/4P4/5k3/9/6b2/2B6/9/5A2B/3p5/3AK4 w,0.054418612,274
4P4/4P4/5k3/9/6b2/2B6/9/5A2B/3p5/3AK4 b,-0.04508649,3802
4P4/4P4/4bk3/9/9/2B6/9/5A2B/3p5/3AK4 w,0.042769052,7636
4P4/4P4/4bk3/9/9/2B6/9/5A2B/3pA4/4K4 b,-0.039100576,2022
4P4/4P4/5k3/9/6b2/2B6/9/5A2B/3pA4/4K4 w,0.041944552,6441
4P4/4P4/5k3/9/6b2/2B3B2/9/5A3/3pA4/4K4 b,-0.037888195,2092
4P4/4P4/4k4/9/6b2/2B3B2/9/5A3/3pA4/4K4 w,0.03679731,1184
4P4/5P3/4k4/9/6b2/2B3B2/9/5A3/3pA4/4K4 b,-0.02811656,3806
4P4/5P3/4k3b/9/9/2B3B2/9/5A3/3pA4/4K4 w,0.03010583,4657
4P4/5P3/4k3b/9/9/2B6/9/4BA3/3pA4/4K4 b,-0.030791307,2382
4P4/5P3/4k4/9/6b2/2B6/9/4BA3/3pA4/4K4 w,0.035026193,4293
4P4/5P3/4k4/9/6b2/9/9/B3BA3/3pA4/4K4 b,-0.024954915,3806
4P4/5P3/4k3b/9/9/9/9/B3BA3/3pA4/4K4 w,0.029720975,6077
4P4/5P3/4k3b/9/9/2B6/9/B4A3/3pA4/4K4 b,-0.03254498,2382
4P4/5P3/4k4/9/6b2/2B6/9/B4A3/3pA4/4K4 w,0.03836372,7736
4P4/5P3/4k4/9/6b2/2B6/9/B4A3/3pA4/5K3 b,-0.030988634,3806
4P4/5P3/4k3b/9/9/2B6/9/B4A3/3pA4/5K3 w,0.036363818,6906
4P4/5P3/4k3b/9/9/2B6/9/B2A1A3/3p5/5K3 b,-0.037453342,2382
4P4/5P3/4k4/9/6b2/2B6/9/B2A1A3/3p5/5K3 w,0.034918975,6196
4P4/5P3/4k4/9/6b2/2B6/9/B2A5/3pA4/5K3 b,-0.0320277,2001
4P4/5P3/3k5/9/6b2/2B6/9/B2A5/3pA4/5K3 w,0.030026747,7817
4P4/5P3/3k5/9/6b2/2B6/9/B2A5/3pAK3/9 b,-0.030725515,1902
4P4/3k1P3/9/9/6b2/2B6/9/B2A5/3pAK3/9 w,0.035559822,4297
4P4/3k1P3/9/9/6b2/9/9/B2AB4/3pAK3/9 b,-0.03339951,3802
4P4/3k1P3/4b4/9/9/9/9/B2AB4/3pAK3/9 w,0.036414053,7016
4P4/3k1P3/4b4/9/9/9/9/B2AB4/3pA4/5K3 b,-0.03250729,2022
4P4/3k1P3/9/9/6b2/9/9/B2AB4/3pA4/5K3 w,0.04778526,365
5P3/3k1P3/9/9/6b2/9/9/B2AB4/3pA4/5K3 b,-0.040166974,1101
5P3/5P3/3k5/9/6b2/9/9/B2AB4/3pA4/5K3 w,0.040417697,6077
5P3/5P3/3k5/9/6b2/2B6/9/B2A5/3pA4/5K3 b,-0.037130475,1912
5P3/5P3/4k4/9/6b2/2B6/9/B2A5/3pA4/5K3 w,0.040730644,5753
5P3/5P3/4k4/9/6b2/2B6/9/3A5/3pA4/2B2K3 b,-0.041814663,2001
5P3/5P3/3k5/9/6b2/2B6/9/3A5/3pA4/2B2K3 w,0.049944926,1273
5P3/4P4/3k5/9/6b2/2B6/9/3A5/3pA4/2B2K3 b,-0.05391207,1912
5P3/4P4/4k4/9/6b2/2B6/9/3A5/3pA4/2B2K3 w,0.049996305,1182
5P3/3P5/4k4/9/6b2/2B6/9/3A5/3pA4/2B2K3 b,-0.036867596,3806
5P3/3P5/4k3b/9/9/2B6/9/3A5/3pA4/2B2K3 w,0.038037207,6908
5P3/3P5/4k3b/9/9/2B6/9/3A1A3/3p5/2B2K3 b,-0.03205316,2003
5P3/3P5/5k2b/9/9/2B6/9/3A1A3/3p5/2B2K3 w,0.033494856,7533
5P3/3P5/5k2b/9/9/2B6/9/B2A1A3/3p5/5K3 b,-0.037914157,2092
5P3/3P5/4k3b/9/9/2B6/9/B2A1A3/3p5/5K3 w,0.04063511,6196
5P3/3P5/4k3b/9/9/2B6/9/B2A5/3pA4/5K3 b,-0.044129636,2001
5P3/3P5/3k4b/9/9/2B6/9/B2A5/3pA4/5K3 w,0.054789044,1093
5P3/4P4/3k4b/9/9/2B6/9/B2A5/3pA4/5K3 b,-0.041195225,6824
5P3/4P4/3k4b/9/9/2B6/9/B2A5/2p1A4/5K3 w,0.04212005,7825
5P3/4P4/3k4b/9/9/2B6/9/B2A5/2p1A4/4K4 b,-0.03345635,1912
5P3/4P4/4k3b/9/9/2B6/9/B2A5/2p1A4/4K4 w,0.035650253,1182
5P3/3P5/4k3b/9/9/2B6/9/B2A5/2p1A4/4K4 b,-0.0254614,6735
5P3/3P5/4k3b/9/9/2B6/9/B2A5/3pA4/4K4 w,0.034508824,454
4P4/3P5/4k3b/9/9/2B6/9/B2A5/3pA4/4K4 b,-0.03226867,2346
4P1b2/3P5/4k4/9/9/2B6/9/B2A5/3pA4/4K4 w,0.04068029,363
3P2b2/3P5/4k4/9/9/2B6/9/B2A5/3pA4/4K4 b,-0.03664446,2003
3P2b2/3P5/5k3/9/9/2B6/9/B2A5/3pA4/4K4 w,0.030875517,1093
3P2b2/4P4/5k3/9/9/2B6/9/B2A5/3pA4/4K4 b,-0.027137518,2092
3P2b2/4P4/4k4/9/9/2B6/9/B2A5/3pA4/4K4 w,0.03771248,1184
3P2b2/5P3/4k4/9/9/2B6/9/B2A5/3pA4/4K4 b,-0.037204504,2001
3P2b2/5P3/3k5/9/9/2B6/9/B2A5/3pA4/4K4 w,0.03815813,274
4P1b2/5P3/3k5/9/9/2B6/9/B2A5/3pA4/4K4 b,-0.030112935,1912
4P1b2/5P3/4k4/9/9/2B6/9/B2A5/3pA4/4K4 w,0.031657197,7736
4P1b2/5P3/4k4/9/9/2B6/9/B2A5/3pA4/5K3 b,-0.028237332,566
4P4/5P3/4k3b/9/9/2B6/9/B2A5/3pA4/5K3 w,0.02400124,7817
4P4/5P3/4k3b/9/9/2B6/9/B2A5/3pAK3/9 b,-0.024496783,2382
4P4/5P3/4k4/9/6b2/2B6/9/B2A5/3pAK3/9 w,0.029378772,4297
4P4/5P3/4k4/9/6b2/9/9/B2AB4/3pAK3/9 b,-0.02750126,3806
4P4/5P3/4k3b/9/9/9/9/B2AB4/3pAK3/9 w,0.031311702,5717
4P4/5P3/4k3b/9/9/2B6/9/3AB4/3pAK3/9 b,-0.033796,2382
4P4/5P3/4k4/9/6b2/2B6/9/3AB4/3pAK3/9 w,0.031239344,7016
4P4/5P3/4k4/9/6b2/2B6/9/3AB4/3pA4/5K3 b,-0.03497119,2001
4P4/5P3/3k5/9/6b2/2B6/9/3AB4/3pA4/5K3 w,0.046935726,1273
4P4/4P4/3k5/9/6b2/2B6/9/3AB4/3pA4/5K3 b,-0.050687063,1912
4P4/4P4/4k4/9/6b2/2B6/9/3AB4/3pA4/5K3 w,0.052100755,1182
4P4/3P5/4k4/9/6b2/2B6/9/3AB4/3pA4/5K3 b,-0.03984219,3806
4P4/3P5/4k3b/9/9/2B6/9/3AB4/3pA4/5K3 w,0.042969204,365
5P3/3P5/4k3b/9/9/2B6/9/3AB4/3pA4/5K3 b,-0.049591877,2001
5P3/3P5/3k4b/9/9/2B6/9/3AB4/3pA4/5K3 w,0.054220844,1093
5P3/4P4/3k4b/9/9/2B6/9/3AB4/3pA4/5K3 b,-0.046449568,6826
5P3/4P4/3k4b/9/9/2B6/9/3AB4/4p4/5K3 w,0.05331805,6016
5P3/4P4/3k4b/9/9/2B6/9/4B4/4A4/5K3 b,-0.059209894,1912
5P3/4P4/4k3b/9/9/2B6/9/4B4/4A4/5K3 w,0.07027393,1182
5P3/3P5/4k3b/9/9/2B6/9/4B4/4A4/5K3 b,-0.07262557,2001
5P3/3P5/3k4b/9/9/2B6/9/4B4/4A4/5K3 w,0.08011844,1093
5P3/4P4/3k4b/9/9/2B6/9/4B4/4A4/5K3 b,-0.06743375,2382
5P3/4P4/3k5/9/6b2/2B6/9/4B4/4A4/5K3 w,0.06670191,6113
5P3/4P4/3k5/9/6b2/2B6/9/9/4A4/2B2K3 b,-0.05767448,3806
5P3/4P4/3k4b/9/9/2B6/9/9/4A4/2B2K3 w,0.07299509,6906
5P3/4P4/3k4b/9/9/2B6/9/3A5/9/2B2K3 b,-0.07301443,1912
5P3/4P4/4k3b/9/9/2B6/9/3A5/9/2B2K3 w,0.08006265,1182
5P3/3P5/4k3b/9/9/2B6/9/3A5/9/2B2K3 b,-0.06617846,2382
5P3/3P5/4k4/9/6b2/2B6/9/3A5/9/2B2K3 w,0.06375797,454
4P4/3P5/4k4/9/6b2/2B6/9/3A5/9/2B2K3 b,-0.059575688,2001
4P4/3P5/3k5/9/6b2/2B6/9/3A5/9/2B2K3 w,0.06578336,1093
4P4/4P4/3k5/9/6b2/2B6/9/3A5/9/2B2K3 b,-0.053571463,3802
4P4/4P4/3kb4/9/9/2B6/9/3A5/9/2B2K3 w,0.05189402,365
5P3/4P4/3kb4/9/9/2B6/9/3A5/9/2B2K3 b,-0.065557025,2018
5P3/4P4/3k5/9/2b6/2B6/9/3A5/9/2B2K3 w,0.06804039,4297
5P3/4P4/3k5/9/2b6/9/9/3AB4/9/2B2K3 b,-0.0500229,3442
5P3/4P4/3kb4/9/9/9/9/3AB4/9/2B2K3 w,0.055771567,6117
5P3/4P4/3kb4/9/9/9/9/3A5/9/2B2KB2 b,-0.061910428,1982
2b2P3/4P4/3k5/9/9/9/9/3A5/9/2B2KB2 w,0.06908076,7537
2b2P3/4P4/3k5/9/9/9/9/3AB4/9/5KB2 b,-0.06573742,1912
2b2P3/4P4/4k4/9/9/9/9/3AB4/9/5KB2 w,0.07322097,1182
2b2P3/3P5/4k4/9/9/9/9/3AB4/9/5KB2 b,-0.058778036,198
5P3/3P5/b3k4/9/9/9/9/3AB4/9/5KB2 w,0.063529015,454
4P4/3P5/b3k4/9/9/9/9/3AB4/9/5KB2 b,-0.060703386,1658
4P4/3P5/4k4/9/2b6/9/9/3AB4/9/5KB2 w,0.06512167,363
3P5/3P5/4k4/9/2b6/9/9/3AB4/9/5KB2 b,-0.061874356,2001
3P5/3P5/3k5/9/2b6/9/9/3AB4/9/5KB2 w,0.062649064,1093
3P5/4P4/3k5/9/2b6/9/9/3AB4/9/5KB2 b,-0.052887965,3442
3P5/4P4/3kb4/9/9/9/9/3AB4/9/5KB2 w,0.06221683,1184
3P5/5P3/3kb4/9/9/9/9/3AB4/9/5KB2 b,-0.06089672,1902
3P5/3k1P3/4b4/9/9/9/9/3AB4/9/5KB2 w,0.060328342,272
2P6/3k1P3/4b4/9/9/9/9/3AB4/9/5KB2 b,-0.056640662,2018
2P6/3k1P3/9/9/2b6/9/9/3AB4/9/5KB2 w,0.058470726,181
1P7/3k1P3/9/9/2b6/9/9/3AB4/9/5KB2 b,-0.0551126,1101
1P7/5P3/3k5/9/2b6/9/9/3AB4/9/5KB2 w,0.059644796,7901
1P7/5P3/3k5/9/2b6/9/9/3AB3B/9/5K3 b,-0.055161107,1912
1P7/5P3/4k4/9/2b6/9/9/3AB3B/9/5K3 w,0.057301667,6077
1P7/5P3/4k4/9/2b6/2B6/9/3A4B/9/5K3 b,-0.057191577,2001
1P7/5P3/3k5/9/2b6/2B6/9/3A4B/9/5K3 w,0.059839178,1273
1P7/4P4/3k5/9/2b6/2B6/9/3A4B/9/5K3 b,-0.065430455,1912
1P7/4P4/4k4/9/2b6/2B6/9/3A4B/9/5K3 w,0.069372416,1182
1P7/3P5/4k4/9/2b6/2B6/9/3A4B/9/5K3 b,-0.057656683,3438
1P7/3P5/b3k4/9/9/2B6/9/3A4B/9/5K3 w,0.05606103,6016
1P7/3P5/b3k4/9/9/2B6/9/8B/4A4/5K3 b,-0.05562346,2001
1P7/3P5/b2k5/9/9/2B6/9/8B/4A4/5K3 w,0.05766144,1091
1P7/2P6/b2k5/9/9/2B6/9/8B/4A4/5K3 b,-0.056329846,1658
1P7/2P6/3k5/9/2b6/2B6/9/8B/4A4/5K3 w,0.0593472,6906
1P7/2P6/3k5/9/2b6/2B6/9/3A4B/9/5K3 b,-0.05502217,1912
1P7/2P6/4k4/9/2b6/2B6/9/3A4B/9/5K3 w,0.0598372,6477
1P7/2P6/4k4/9/2b6/2B6/9/3A5/9/5KB2 b,-0.057077445,1993
1P7/2P1k4/9/9/2b6/2B6/9/3A5/9/5KB2 w,0.05473876,6016
1P7/2P1k4/9/9/2b6/2B6/9/9/4A4/5KB2 b,-0.049215116,1192
1P7/2P6/4k4/9/2b6/2B6/9/9/4A4/5KB2 w,0.04753771,4297
1P7/2P6/4k4/9/2b6/9/9/4B4/4A4/5KB2 b,-0.046650685,1993
1P7/2P1k4/9/9/2b6/9/9/4B4/4A4/5KB2 w,0.051766064,6113
1P7/2P1k4/9/9/2b6/9/9/9/4A4/2B2KB2 b,-0.04847243,1192
1P7/2P6/4k4/9/2b6/9/9/9/4A4/2B2KB2 w,0.046701837,7897
rnbakabnr/9/1c5c1/p1p1p1p1p/9/9/P1P1P1P1P/1C5C1/9/RNBAKABNR w,0.8018093,5827
rnbakabnr/9/1c5c1/p1p1p1p1p/9/9/P1P1P1P1P/4C2C1/9/RNBAKABNR b,-0.8017655,110
r1bakabnr/9/1cn4c1/p1p1p1p1p/9/9/P1P1P1P1P/4C2C1/9/RNBAKABNR w,0.80182797,7445
r1bakabnr/9/1cn4c1/p1p1p1p1p/9/9/P1P1P1P1P/2N1C2C1/9/R1BAKABNR b,-0.80180895,562
r1baka1nr/9/1cn1b2c1/p1p1p1p1p/9/9/P1P1P1P1P/2N1C2C1/9/R1BAKABNR w,0.8019352,7372
r1baka1nr/9/1cn1b2c1/p1p1p1p1p/9/9/P1P1P1P1P/2N1C2C1/9/1RBAKABNR b,-0.80176973,1
1rbaka1nr/9/1cn1b2c1/p1p1p1p1p/9/9/P1P1P1P1P/2N1C2C1/9/1RBAKABNR w,0.8016866,6368
1rbaka1nr/9/1cn1b2c1/p1p1p1p1p/9/9/P1P1P1P1P/2N1CC3/9/1RBAKABNR b,-0.80128574,654
1rbaka2r/9/1cn1b1nc1/p1p1p1p1p/9/9/P1P1P1P1P/2N1CC3/9/1RBAKABNR w,0.8015947,7989
1rbaka2r/9/1cn1b1nc1/p1p1p1p1p/9/9/P1P1P1P1P/2N1CCN2/9/1RBAKAB1R b,-0.8013682,3012
1rbaka2r/9/1cn1b1nc1/p1p1p3p/6p2/9/P1P1P1P1P/2N1CCN2/9/1RBAKAB1R w,0.8018736,8098
1rbaka2r/9/1cn1b1nc1/p1p1p3p/6p2/9/P1P1P1P1P/2N1CCN2/9/1RBAKABR1 b,-0.8018871,727
1rbaka1r1/9/1cn1b1nc1/p1p1p3p/6p2/9/P1P1P1P1P/2N1CCN2/9/1RBAKABR1 w,0.80255455,5087
1rbaka1r1/9/1cn1b1nc1/p1p1p3p/6p2/2P6/P3P1P1P/2N1CCN2/9/1RBAKABR1 b,-0.8021549,1765
1rbaka1r1/9/2n1b1nc1/p1p1p3p/6p2/2P6/Pc2P1P1P/2N1CCN2/9/1RBAKABR1 w,0.8049538,5898
1rbaka1r1/9/2n1b1nc1/p1p1p3p/6p2/2PN5/Pc2P1P1P/4CCN2/9/1RBAKABR1 b,-0.80644923,2311
1rbaka1r1/9/2n1b1n2/p1p1p3p/6p2/2PN5/Pc2P1PcP/4CCN2/9/1RBAKABR1 w,0.8079292,6143
1rbaka1r1/9/2n1bCn2/p1p1p3p/6p2/2PN5/Pc2P1PcP/4C1N2/9/1RBAKABR1 b,-0.8088109,1986
1rbakabr1/9/2n2Cn2/p1p1p3p/6p2/2PN5/Pc2P1PcP/4C1N2/9/1RBAKABR1 w,0.81814575,4351
1rbakabr1/9/2n2Cn2/p1p1N3p/6p2/2P6/Pc2P1PcP/4C1N2/9/1RBAKABR1 b,-0.8047812,1831
1rbakabr1/9/5Cn2/p1p1n3p/6p2/2P6/Pc2P1PcP/4C1N2/9/1RBAKABR1 w,0.8049677,6061
1rbakabr1/9/5Cn2/p1p1C3p/6p2/2P6/Pc2P1PcP/6N2/9/1RBAKABR1 b,-0.7903858,109
2bakabr1/9/1r3Cn2/p1p1C3p/6p2/2P6/Pc2P1PcP/6N2/9/1RBAKABR1 w,0.8022473,2839
2bakabr1/9/1r3Cn2/p1p5p/6p2/2P1C4/Pc2P1PcP/6N2/9/1RBAKABR1 b,-0.79828125,1733
2bakabr1/9/5rn2/p1p5p/6p2/2P1C4/Pc2P1PcP/6N2/9/1RBAKABR1 w,0.80969197,7435
2bakabr1/9/5rn2/p1p5p/6p2/2P1C4/PR2P1PcP/6N2/9/2BAKABR1 b,-0.8055281,2201
2bakabr1/9/5r3/p1p5p/5np2/2P1C4/PR2P1PcP/6N2/9/2BAKABR1 w,0.8137204,4987
2bakabr1/9/5r3/p1p5p/1R3np2/2P1C4/P3P1PcP/6N2/9/2BAKABR1 b,-0.8083117,3750
2bakabr1/9/5r3/p1p5p/1R4p2/2P1C4/P3P1ncP/6N2/9/2BAKABR1 w,0.81837726,3372
2bakabr1/9/5r3/p1p5p/6R2/2P1C4/P3P1ncP/6N2/9/2BAKABR1 b,-0.8054496,5449
2bakabr1/9/5r3/p1p5p/6R2/2P1n4/P3P2cP/6N2/9/2BAKABR1 w,0.80558145,5269
2bakabr1/9/5r3/p1p5p/6R2/2P1P4/P6cP/6N2/9/2BAKABR1 b,-0.79952466,5560
2bakabr1/9/5r3/p1p5p/6R2/2P1P4/P7P/6Nc1/9/2BAKABR1 w,0.8085594,7999
2bakabr1/9/5r3/p1p5p/6R2/2P1P4/P7P/6Nc1/7R1/2BAKAB2 b,-0.79877,2138
2bakabr1/9/9/p1p5p/6R2/2P1P4/P7P/5rNc1/7R1/2BAKAB2 w,0.80117774,3813
2bakabr1/9/9/p1p3R1p/9/2P1P4/P7P/5rNc1/7R1/2BAKAB2 b,-0.8006616,691
2bakab2/9/9/p1p3R1p/9/2P1P4/P6rP/5rNc1/7R1/2BAKAB2 w,0.8148575,2976
2bakaR2/9/9/p1p5p/9/2P1P4/P6rP/5rNc1/7R1/2BAKAB2 b,-0.8037989,5548
2bakaR2/9/9/p1p5p/9/2P1P4/P3r3P/5rNc1/7R1/2BAKAB2 w,0.8142207,7186
2bakaR2/9/9/p1p5p/9/2P1P4/P3r3P/5rNc1/4R4/2BAKAB2 b,-0.8027993,5276
2bakaR2/9/9/p1p5p/9/2P1P4/P1r5P/5rNc1/4R4/2BAKAB2 w,0.81106216,555
2baka3/6R2/9/p1p5p/9/2P1P4/P1r5P/5rNc1/4R4/2BAKAB2 b,-0.79779476,5123
2baka3/6R2/9/p1p5p/9/2P1P4/P7P/5rNc1/4R4/2rAKAB2 w,0.8051065,4450
2baka3/6R2/9/p1p5p/4P4/2P6/P7P/5rNc1/4R4/2rAKAB2 b,-0.7860293,6186
2baka3/6R2/9/p1p5p/4P4/2P6/P7P/3r2Nc1/4R4/2rAKAB2 w,0.93379104,3641
2baka3/6R2/9/p1p5p/5P3/2P6/P7P/3r2Nc1/4R4/2rAKAB2 b,-0.92901146,6007
2baka3/6R2/9/p1p5p/5P3/2P6/P7P/4r1Nc1/4R4/2rAKAB2 w,0.93909496,7897
2baka3/6R2/9/p1p5p/5P3/2P6/P7P/4B1Nc1/4R4/2rAKA3 b,-0.93344355,7526
2baka3/6R2/9/p1p5p/5P3/2P6/P1r5P/4B1Nc1/4R4/3AKA3 w,0.94513917,6117
2baka3/6R2/9/p1p5p/5P3/2P6/P1r5P/6Nc1/4R4/3AKAB2 b,-0.96404696,283
2b1ka3/4a1R2/9/p1p5p/5P3/2P6/P1r5P/6Nc1/4R4/3AKAB2 w,0.9898536,6853
2b1ka3/4R1R2/9/p1p5p/5P3/2P6/P1r5P/6Nc1/9/3AKAB2 b,-0.9926604,463
2b1k4/4a1R2/9/p1p5p/5P3/2P6/P1r5P/6Nc1/9/3AKAB2 w,1,1356
rnbakabnr/9/1c5c1/p1p1p1p1p/9/9/P1P1P1P1P/1C5C1/9/RNBAKABNR w,0.80179256,5827
rnbakabnr/9/1c5c1/p1p1p1p1p/9/9/P1P1P1P1P/4C2C1/9/RNBAKABNR b,-0.8017806,110
r1bakabnr/9/1cn4c1/p1p1p1p1p/9/9/P1P1P1P1P/4C2C1/9/RNBAKABNR w,0.8018315,7445
r1bakabnr/9/1cn4c1/p1p1p1p1p/9/9/P1P1P1P1P/2N1C2C1/9/R1BAKABNR b,-0.80185634,562
r1baka1nr/9/1cn1b2c1/p1p1p1p1p/9/9/P1P1P1P1P/2N1C2C1/9/R1BAKABNR w,0.8019466,7372
r1baka1nr/9/1cn1b2c1/p1p1p1p1p/9/9/P1P1P1P1P/2N1C2C1/9/1RBAKABNR b,-0.8017725,1
1rbaka1nr/9/1cn1b2c1/p1p1p1p1p/9/9/P1P1P1P1P/2N1C2C1/9/1RBAKABNR w,0.80169904,6368
1rbaka1nr/9/1cn1b2c1/p1p1p1p1p/9/9/P1P1P1P1P/2N1CC3/9/1RBAKABNR b,-0.8012761,654
1rbaka2r/9/1cn1b1nc1/p1p1p1p1p/9/9/P1P1P1P1P/2N1CC3/9/1RBAKABNR w,0.8016004,7989
1rbaka2r/9/1cn1b1nc1/p1p1p1p1p/9/9/P1P1P1P1P/2N1CCN2/9/1RBAKAB1R b,-0.8013839,3012
1rbaka2r/9/1cn1b1nc1/p1p1p3p/6p2/9/P1P1P1P1P/2N1CCN2/9/1RBAKAB1R w,0.8018736,8098
1rbaka2r/9/1cn1b1nc1/p1p1p3p/6p2/9/P1P1P1P1P/2N1CCN2/9/1RBAKABR1 b,-0.8020148,727
1rbaka1r1/9/1cn1b1nc1/p1p1p3p/6p2/9/P1P1P1P1P/2N1CCN2/9/1RBAKABR1 w,0.80255455,5087
1rbaka1r1/9/1cn1b1nc1/p1p1p3p/6p2/2P6/P3P1P1P/2N1CCN2/9/1RBAKABR1 b,-0.80212146,1765
1rbaka1r1/9/2n1b1nc1/p1p1p3p/6p2/2P6/Pc2P1P1P/2N1CCN2/9/1RBAKABR1 w,0.8047537,5898
1rbaka1r1/9/2n1b1nc1/p1p1p3p/6p2/2PN5/Pc2P1P1P/4CCN2/9/1RBAKABR1 b,-0.8063935,2311
1rbaka1r1/9/2n1b1n2/p1p1p3p/6p2/2PN5/Pc2P1PcP/4CCN2/9/1RBAKABR1 w,0.80782646,6143
1rbaka1r1/9/2n1bCn2/p1p1p3p/6p2/2PN5/Pc2P1PcP/4C1N2/9/1RBAKABR1 b,-0.8082944,1986
1rbakabr1/9/2n2Cn2/p1p1p3p/6p2/2PN5/Pc2P1PcP/4C1N2/9/1RBAKABR1 w,0.8186005,4351
1rbakabr1/9/2n2Cn2/p1p1N3p/6p2/2P6/Pc2P1PcP/4C1N2/9/1RBAKABR1 b,-0.8048105,1831
1rbakabr1/9/5Cn2/p1p1n3p/6p2/2P6/Pc2P1PcP/4C1N2/9/1RBAKABR1 w,0.8049677,6061
1rbakabr1/9/5Cn2/p1p1C3p/6p2/2P6/Pc2P1PcP/6N2/9/1RBAKABR1 b,-0.79062665,109
2bakabr1/9/1r3Cn2/p1p1C3p/6p2/2P6/Pc2P1PcP/6N2/9/1RBAKABR1 w,0.8020568,2839
2bakabr1/9/1r3Cn2/p1p5p/6p2/2P1C4/Pc2P1PcP/6N2/9/1RBAKABR1 b,-0.7984225,1733
2bakabr1/9/5rn2/p1p5p/6p2/2P1C4/Pc2P1PcP/6N2/9/1RBAKABR1 w,0.80960983,7435
2bakabr1/9/5rn2/p1p5p/6p2/2P1C4/PR2P1PcP/6N2/9/2BAKABR1 b,-0.8070279,2201
2bakabr1/9/5r3/p1p5p/5np2/2P1C4/PR2P1PcP/6N2/9/2BAKABR1 w,0.8140809,4987
2bakabr1/9/5r3/p1p5p/1R3np2/2P1C4/P3P1PcP/6N2/9/2BAKABR1 b,-0.8083652,3750
2bakabr1/9/5r3/p1p5p/1R4p2/2P1C4/P3P1ncP/6N2/9/2BAKABR1 w,0.81738317,3372
2bakabr1/9/5r3/p1p5p/6R2/2P1C4/P3P1ncP/6N2/9/2BAKABR1 b,-0.80548483,5449
2bakabr1/9/5r3/p1p5p/6R2/2P1n4/P3P2cP/6N2/9/2BAKABR1 w,0.8058268,5269
2bakabr1/9/5r3/p1p5p/6R2/2P1P4/P6cP/6N2/9/2BAKABR1 b,-0.79940635,5560
2bakabr1/9/5r3/p1p5p/6R2/2P1P4/P7P/6Nc1/9/2BAKABR1 w,0.8098527,7999
2bakabr1/9/5r3/p1p5p/6R2/2P1P4/P7P/6Nc1/7R1/2BAKAB2 b,-0.7986315,2138
2bakabr1/9/9/p1p5p/6R2/2P1P4/P7P/5rNc1/7R1/2BAKAB2 w,0.80029345,3813
2bakabr1/9/9/p1p3R1p/9/2P1P4/P7P/5rNc1/7R1/2BAKAB2 b,-0.8006616,691
2bakab2/9/9/p1p3R1p/9/2P1P4/P6rP/5rNc1/7R1/2BAKAB2 w,0.81447953,2976
2bakaR2/9/9/p1p5p/9/2P1P4/P6rP/5rNc1/7R1/2BAKAB2 b,-0.8035953,5548
2bakaR2/9/9/p1p5p/9/2P1P4/P3r3P/5rNc1/7R1/2BAKAB2 w,0.81534857,7186
2bakaR2/9/9/p1p5p/9/2P1P4/P3r3P/5rNc1/4R4/2BAKAB2 b,-0.8023658,5276
2bakaR2/9/9/p1p5p/9/2P1P4/P1r5P/5rNc1/4R4/2BAKAB2 w,0.80893105,555
2baka3/6R2/9/p1p5p/9/2P1P4/P1r5P/5rNc1/4R4/2BAKAB2 b,-0.79728067,5123
2baka3/6R2/9/p1p5p/9/2P1P4/P7P/5rNc1/4R4/2rAKAB2 w,0.80778056,4450
2baka3/6R2/9/p1p5p/4P4/2P6/P7P/5rNc1/4R4/2rAKAB2 b,-0.787121,6186
2baka3/6R2/9/p1p5p/4P4/2P6/P7P/3r2Nc1/4R4/2rAKAB2 w,0.93142176,3641
2baka3/6R2/9/p1p5p/5P3/2P6/P7P/3r2Nc1/4R4/2rAKAB2 b,-0.92934674,6007
2baka3/6R2/9/p1p5p/5P3/2P6/P7P/4r1Nc1/4R4/2rAKAB2 w,0.9391776,7897
2baka3/6R2/9/p1p5p/5P3/2P6/P7P/4B1Nc1/4R4/2rAKA3 b,-0.9343721,7526
2baka3/6R2/9/p1p5p/5P3/2P6/P1r5P/4B1Nc1/4R4/3AKA3 w,0.94644463,6117
2baka3/6R2/9/p1p5p/5P3/2P6/P1r5P/6Nc1/4R4/3AKAB2 b,-0.96552444,283
2b1ka3/4a1R2/9/p1p5p/5P3/2P6/P1r5P/6Nc1/4R4/3AKAB2 w,0.990754,6853
2b1ka3/4R1R2/9/p1p5p/5P3/2P6/P1r5P/6Nc1/9/3AKAB2 b,-0.9924205,463
2b1k4/4a1R2/9/p1p5p/5P3/2P6/P1r5P/6Nc1/9/3AKAB2 w,1,1356
rnbakabnr/9/1c5c1/p1p1p1p1p/9/9/P1P1P1P1P/1C5C1/9/RNBAKABNR w,0.80179256,5827
rnbakabnr/9/1c5c1/p1p1p1p1p/9/9/P1P1P1P1P/4C2C1/9/RNBAKABNR b,-0.8017668,110
r1bakabnr/9/1cn4c1/p1p1p1p1p/9/9/P1P1P1P1P/4C2C1/9/RNBAKABNR w,0.80182487,7445
r1bakabnr/9/1cn4c1/p1p1p1p1p/9/9/P1P1P1P1P/2N1C2C1/9/R1BAKABNR b,-0.801812,562
r1baka1nr/9/1cn1b2c1/p1p1p1p1p/9/9/P1P1P1P1P/2N1C2C1/9/R1BAKABNR w,0.8019635,7372
r1baka1nr/9/1cn1b2c1/p1p1p1p1p/9/9/P1P1P1P1P/2N1C2C1/9/1RBAKABNR b,-0.80177355,1
1rbaka1nr/9/1cn1b2c1/p1p1p1p1p/9/9/P1P1P1P1P/2N1C2C1/9/1RBAKABNR w,0.80170393,6368
1rbaka1nr/9/1cn1b2c1/p1p1p1p1p/9/9/P1P1P1P1P/2N1CC3/9/1RBAKABNR b,-0.8012761,654
1rbaka2r/9/1cn1b1nc1/p1p1p1p1p/9/9/P1P1P1P1P/2N1CC3/9/1RBAKABNR w,0.8015947,7989
1rbaka2r/9/1cn1b1nc1/p1p1p1p1p/9/9/P1P1P1P1P/2N1CCN2/9/1RBAKAB1R b,-0.8013686,3012
1rbaka2r/9/1cn1b1nc1/p1p1p3p/6p2/9/P1P1P1P1P/2N1CCN2/9/1RBAKAB1R w,0.80189395,8098
1rbaka2r/9/1cn1b1nc1/p1p1p3p/6p2/9/P1P1P1P1P/2N1CCN2/9/1RBAKABR1 b,-0.80202866,727
1rbaka1r1/9/1cn1b1nc1/p1p1p3p/6p2/9/P1P1P1P1P/2N1CCN2/9/1RBAKABR1 w,0.8027678,5087
1rbaka1r1/9/1cn1b1nc1/p1p1p3p/6p2/2P6/P3P1P1P/2N1CCN2/9/1RBAKABR1 b,-0.8022066,1765
1rbaka1r1/9/2n1b1nc1/p1p1p3p/6p2/2P6/Pc2P1P1P/2N1CCN2/9/1RBAKABR1 w,0.80499184,5898
1rbaka1r1/9/2n1b1nc1/p1p1p3p/6p2/2PN5/Pc2P1P1P/4CCN2/9/1RBAKABR1 b,-0.8065378,2311
1rbaka1r1/9/2n1b1n2/p1p1p3p/6p2/2PN5/Pc2P1PcP/4CCN2/9/1RBAKABR1 w,0.8078539,6143
1rbaka1r1/9/2n1bCn2/p1p1p3p/6p2/2PN5/Pc2P1PcP/4C1N2/9/1RBAKABR1 b,-0.8084572,1986
1rbakabr1/9/2n2Cn2/p1p1p3p/6p2/2PN5/Pc2P1PcP/4C1N2/9/1RBAKABR1 w,0.8165402,4351
1rbakabr1/9/2n2Cn2/p1p1N3p/6p2/2P6/Pc2P1PcP/4C1N2/9/1RBAKABR1 b,-0.804766,1831
1rbakabr1/9/5Cn2/p1p1n3p/6p2/2P6/Pc2P1PcP/4C1N2/9/1RBAKABR1 w,0.8050693,6061
1rbakabr1/9/5Cn2/p1p1C3p/6p2/2P6/Pc2P1PcP/6N2/9/1RBAKABR1 b,-0.7905651,109
2bakabr1/9/1r3Cn2/p1p1C3p/6p2/2P6/Pc2P1PcP/6N2/9/1RBAKABR1 w,0.80192703,2839
2bakabr1/9/1r3Cn2/p1p5p/6p2/2P1C4/Pc2P1PcP/6N2/9/1RBAKABR1 b,-0.79837435,1733
2bakabr1/9/5rn2/p1p5p/6p2/2P1C4/Pc2P1PcP/6N2/9/1RBAKABR1 w,0.80965346,7435
2bakabr1/9/5rn2/p1p5p/6p2/2P1C4/PR2P1PcP/6N2/9/2BAKABR1 b,-0.8070279,2201
2bakabr1/9/5r3/p1p5p/5np2/2P1C4/PR2P1PcP/6N2/9/2BAKABR1 w,0.81305754,4987
2bakabr1/9/5r3/p1p5p/1R3np2/2P1C4/P3P1PcP/6N2/9/2BAKABR1 b,-0.8083652,3750
2bakabr1/9/5r3/p1p5p/1R4p2/2P1C4/P3P1ncP/6N2/9/2BAKABR1 w,0.81738317,3372
2bakabr1/9/5r3/p1p5p/6R2/2P1C4/P3P1ncP/6N2/9/2BAKABR1 b,-0.8054377,5449
2bakabr1/9/5r3/p1p5p/6R2/2P1n4/P3P2cP/6N2/9/2BAKABR1 w,0.8059503,5269
2bakabr1/9/5r3/p1p5p/6R2/2P1P4/P6cP/6N2/9/2BAKABR1 b,-0.79913485,5560
2bakabr1/9/5r3/p1p5p/6R2/2P1P4/P7P/6Nc1/9/2BAKABR1 w,0.80968297,7999
2bakabr1/9/5r3/p1p5p/6R2/2P1P4/P7P/6Nc1/7R1/2BAKAB2 b,-0.7986315,2138
2bakabr1/9/9/p1p5p/6R2/2P1P4/P7P/5rNc1/7R1/2BAKAB2 w,0.8004698,3813
2bakabr1/9/9/p1p3R1p/9/2P1P4/P7P/5rNc1/7R1/2BAKAB2 b,-0.8006616,691
2bakab2/9/9/p1p3R1p/9/2P1P4/P6rP/5rNc1/7R1/2BAKAB2 w,0.8143955,2976
2bakaR2/9/9/p1p5p/9/2P1P4/P6rP/5rNc1/7R1/2BAKAB2 b,-0.8049367,5548
2bakaR2/9/9/p1p5p/9/2P1P4/P3r3P/5rNc1/7R1/2BAKAB2 w,0.8150018,7186
2bakaR2/9/9/p1p5p/9/2P1P4/P3r3P/5rNc1/4R4/2BAKAB2 b,-0.803382,5276
2bakaR2/9/9/p1p5p/9/2P1P4/P1r5P/5rNc1/4R4/2BAKAB2 w,0.81016046,555
2baka3/6R2/9/p1p5p/9/2P1P4/P1r5P/5rNc1/4R4/2BAKAB2 b,-0.79820865,5123
2baka3/6R2/9/p1p5p/9/2P1P4/P7P/5rNc1/4R4/2rAKAB2 w,0.8051065,4450
2baka3/6R2/9/p1p5p/4P4/2P6/P7P/5rNc1/4R4/2rAKAB2 b,-0.787121,6186
2baka3/6R2/9/p1p5p/4P4/2P6/P7P/3r2Nc1/4R4/2rAKAB2 w,0.9308713,3641
2baka3/6R2/9/p1p5p/5P3/2P6/P7P/3r2Nc1/4R4/2rAKAB2 b,-0.93028677,6007
2baka3/6R2/9/p1p5p/5P3/2P6/P7P/4r1Nc1/4R4/2rAKAB2 w,0.9389738,7897
2baka3/6R2/9/p1p5p/5P3/2P6/P7P/4B1Nc1/4R4/2rAKA3 b,-0.9337332,7526
2baka3/6R2/9/p1p5p/5P3/2P6/P1r5P/4B1Nc1/4R4/3AKA3 w,0.9463153,6117
2baka3/6R2/9/p1p5p/5P3/2P6/P1r5P/6Nc1/4R4/3AKAB2 b,-0.9680587,283
2b1ka3/4a1R2/9/p1p5p/5P3/2P6/P1r5P/6Nc1/4R4/3AKAB2 w,0.98953843,6853
2b1ka3/4R1R2/9/p1p5p/5P3/2P6/P1r5P/6Nc1/9/3AKAB2 b,-0.99243253,463
2b1k4/4a1R2/9/p1p5p/5P3/2P6/P1r5P/6Nc1/9/3AKAB2 w,1,1356
rnbakabnr/9/1c5c1/p1p1p1p1p/9/9/P1P1P1P1P/1C5C1/9/RNBAKABNR w,0.8018235,5827
rnbakabnr/9/1c5c1/p1p1p1p1p/9/9/P1P1P1P1P/4C2C1/9/RNBAKABNR b,-0.8017668,110
r1bakabnr/9/1cn4c1/p1p1p1p1p/9/9/P1P1P1P1P/4C2C1/9/RNBAKABNR w,0.8018302,7445
r1bakabnr/9/1cn4c1/p1p1p1p1p/9/9/P1P1P1P1P/2N1C2C1/9/R1BAKABNR b,-0.8018406,562
r1baka1nr/9/1cn1b2c1/p1p1p1p1p/9/9/P1P1P1P1P/2N1C2C1/9/R1BAKABNR w,0.8019352,7372
r1baka1nr/9/1cn1b2c1/p1p1p1p1p/9/9/P1P1P1P1P/2N1C2C1/9/1RBAKABNR b,-0.8017737,1
1rbaka1nr/9/1cn1b2c1/p1p1p1p1p/9/9/P1P1P1P1P/2N1C2C1/9/1RBAKABNR w,0.80169904,6368
1rbaka1nr/9/1cn1b2c1/p1p1p1p1p/9/9/P1P1P1P1P/2N1CC3/9/1RBAKABNR b,-0.8012789,654
1rbaka2r/9/1cn1b1nc1/p1p1p1p1p/9/9/P1P1P1P1P/2N1CC3/9/1RBAKABNR w,0.8015751,7989
1rbaka2r/9/1cn1b1nc1/p1p1p1p1p/9/9/P1P1P1P1P/2N1CCN2/9/1RBAKAB1R b,-0.8013682,3012
1rbaka2r/9/1cn1b1nc1/p1p1p3p/6p2/9/P1P1P1P1P/2N1CCN2/9/1RBAKAB1R w,0.8018474,8098
1rbaka2r/9/1cn1b1nc1/p1p1p3p/6p2/9/P1P1P1P1P/2N1CCN2/9/1RBAKABR1 b,-0.80201733,727
1rbaka1r1/9/1cn1b1nc1/p1p1p3p/6p2/9/P1P1P1P1P/2N1CCN2/9/1RBAKABR1 w,0.80251306,5087
1rbaka1r1/9/1cn1b1nc1/p1p1p3p/6p2/2P6/P3P1P1P/2N1CCN2/9/1RBAKABR1 b,-0.8021549,1765
1rbaka1r1/9/2n1b1nc1/p1p1p3p/6p2/2P6/Pc2P1P1P/2N1CCN2/9/1RBAKABR1 w,0.80524987,5898
1rbaka1r1/9/2n1b1nc1/p1p1p3p/6p2/2PN5/Pc2P1P1P/4CCN2/9/1RBAKABR1 b,-0.80650157,2311
1rbaka1r1/9/2n1b1n2/p1p1p3p/6p2/2PN5/Pc2P1PcP/4CCN2/9/1RBAKABR1 w,0.8079292,6143
1rbaka1r1/9/2n1bCn2/p1p1p3p/6p2/2PN5/Pc2P1PcP/4C1N2/9/1RBAKABR1 b,-0.8084572,1986
1rbakabr1/9/2n2Cn2/p1p1p3p/6p2/2PN5/Pc2P1PcP/4C1N2/9/1RBAKABR1 w,0.81888914,4351
1rbakabr1/9/2n2Cn2/p1p1N3p/6p2/2P6/Pc2P1PcP/4C1N2/9/1RBAKABR1 b,-0.80477434,1831
1rbakabr1/9/5Cn2/p1p1n3p/6p2/2P6/Pc2P1PcP/4C1N2/9/1RBAKABR1 w,0.8052221,6061
1rbakabr1/9/5Cn2/p1p1C3p/6p2/2P6/Pc2P1PcP/6N2/9/1RBAKABR1 b,-0.78978163,109
2bakabr1/9/1r3Cn2/p1p1C3p/6p2/2P6/Pc2P1PcP/6N2/9/1RBAKABR1 w,0.8018213,2839
2bakabr1/9/1r3Cn2/p1p5p/6p2/2P1C4/Pc2P1PcP/6N2/9/1RBAKABR1 b,-0.7983648,1733
2bakabr1/9/5rn2/p1p5p/6p2/2P1C4/Pc2P1PcP/6N2/9/1RBAKABR1 w,0.8096402,7435
2bakabr1/9/5rn2/p1p5p/6p2/2P1C4/PR2P1PcP/6N2/9/2BAKABR1 b,-0.8070279,2201
2bakabr1/9/5r3/p1p5p/5np2/2P1C4/PR2P1PcP/6N2/9/2BAKABR1 w,0.81350994,4987
2bakabr1/9/5r3/p1p5p/1R3np2/2P1C4/P3P1PcP/6N2/9/2BAKABR1 b,-0.8087528,3750
2bakabr1/9/5r3/p1p5p/1R4p2/2P1C4/P3P1ncP/6N2/9/2BAKABR1 w,0.8201045,3372
2bakabr1/9/5r3/p1p5p/6R2/2P1C4/P3P1ncP/6N2/9/2BAKABR1 b,-0.80545235,5449
2bakabr1/9/5r3/p1p5p/6R2/2P1n4/P3P2cP/6N2/9/2BAKABR1 w,0.80564874,5269
2bakabr1/9/5r3/p1p5p/6R2/2P1P4/P6cP/6N2/9/2BAKABR1 b,-0.7997016,5560
2bakabr1/9/5r3/p1p5p/6R2/2P1P4/P7P/6Nc1/9/2BAKABR1 w,0.81004125,7999
2bakabr1/9/5r3/p1p5p/6R2/2P1P4/P7P/6Nc1/7R1/2BAKAB2 b,-0.7984724,2138
2bakabr1/9/9/p1p5p/6R2/2P1P4/P7P/5rNc1/7R1/2BAKAB2 w,0.8004057,3813
2bakabr1/9/9/p1p3R1p/9/2P1P4/P7P/5rNc1/7R1/2BAKAB2 b,-0.80019426,691
2bakab2/9/9/p1p3R1p/9/2P1P4/P6rP/5rNc1/7R1/2BAKAB2 w,0.8147368,2976
2bakaR2/9/9/p1p5p/9/2P1P4/P6rP/5rNc1/7R1/2BAKAB2 b,-0.8049367,5548
2bakaR2/9/9/p1p5p/9/2P1P4/P3r3P/5rNc1/7R1/2BAKAB2 w,0.8140413,7186
2bakaR2/9/9/p1p5p/9/2P1P4/P3r3P/5rNc1/4R4/2BAKAB2 b,-0.803382,5276
2bakaR2/9/9/p1p5p/9/2P1P4/P1r5P/5rNc1/4R4/2BAKAB2 w,0.8106285,555
2baka3/6R2/9/p1p5p/9/2P1P4/P1r5P/5rNc1/4R4/2BAKAB2 b,-0.79978424,5123
2baka3/6R2/9/p1p5p/9/2P1P4/P7P/5rNc1/4R4/2rAKAB2 w,0.80778056,4450
2baka3/6R2/9/p1p5p/4P4/2P6/P7P/5rNc1/4R4/2rAKAB2 b,-0.78799856,6186
2baka3/6R2/9/p1p5p/4P4/2P6/P7P/3r2Nc1/4R4/2rAKAB2 w,0.93350726,3641
2baka3/6R2/9/p1p5p/5P3/2P6/P7P/3r2Nc1/4R4/2rAKAB2 b,-0.9300052,6007
2baka3/6R2/9/p1p5p/5P3/2P6/P7P/4r1Nc1/4R4/2rAKAB2 w,0.9389294,7897
2baka3/6R2/9/p1p5p/5P3/2P6/P7P/4B1Nc1/4R4/2rAKA3 b,-0.9335588,7526
2baka3/6R2/9/p1p5p/5P3/2P6/P1r5P/4B1Nc1/4R4/3AKA3 w,0.94933265,6117
2baka3/6R2/9/p1p5p/5P3/2P6/P1r5P/6Nc1/4R4/3AKAB2 b,-0.96455336,283
2b1ka3/4a1R2/9/p1p5p/5P3/2P6/P1r5P/6Nc1/4R4/3AKAB2 w,0.988673,6853
2b1ka3/4R1R2/9/p1p5p/5P3/2P6/P1r5P/6Nc1/9/3AKAB2 b,-0.99243253,463
2b1k4/4a1R2/9/p1p5p/5P3/2P6/P1r5P/6Nc1/9/3AKAB2 w,1,1356
rnbakabnr/9/1c5c1/p1p1p1p1p/9/9/P1P1P1P1P/1C5C1/9/RNBAKABNR w,0.8018177,5827
rnbakabnr/9/1c5c1/p1p1p1p1p/9/9/P1P1P1P1P/4C2C1/9/RNBAKABNR b,-0.80177623,110
r1bakabnr/9/1cn4c1/p1p1p1p1p/9/9/P1P1P1P1P/4C2C1/9/RNBAKABNR w,0.80182487,7445
r1bakabnr/9/1cn4c1/p1p1p1p1p/9/9/P1P1P1P1P/2N1C2C1/9/R1BAKABNR b,-0.80180895,562
r1baka1nr/9/1cn1b2c1/p1p1p1p1p/9/9/P1P1P1P1P/2N1C2C1/9/R1BAKABNR w,0.8019466,7372
r1baka1nr/9/1cn1b2c1/p1p1p1p1p/9/9/P1P1P1P1P/2N1C2C1/9/1RBAKABNR b,-0.80176973,1
1rbaka1nr/9/1cn1b2c1/p1p1p1p1p/9/9/P1P1P1P1P/2N1C2C1/9/1RBAKABNR w,0.80169904,6368
1rbaka1nr/9/1cn1b2c1/p1p1p1p1p/9/9/P1P1P1P1P/2N1CC3/9/1RBAKABNR b,-0.8012944,654
1rbaka2r/9/1cn1b1nc1/p1p1p1p1p/9/9/P1P1P1P1P/2N1CC3/9/1RBAKABNR w,0.8016004,7989
1rbaka2r/9/1cn1b1nc1/p1p1p1p1p/9/9/P1P1P1P1P/2N1CCN2/9/1RBAKAB1R b,-0.80137295,3012
1rbaka2r/9/1cn1b1nc1/p1p1p3p/6p2/9/P1P1P1P1P/2N1CCN2/9/1RBAKAB1R w,0.8018736,8098
1rbaka2r/9/1cn1b1nc1/p1p1p3p/6p2/9/P1P1P1P1P/2N1CCN2/9/1RBAKABR1 b,-0.80188537,727
1rbaka1r1/9/1cn1b1nc1/p1p1p3p/6p2/9/P1P1P1P1P/2N1CCN2/9/1RBAKABR1 w,0.8027618,5087
1rbaka1r1/9/1cn1b1nc1/p1p1p3p/6p2/2P6/P3P1P1P/2N1CCN2/9/1RBAKABR1 b,-0.80221564,1765
1rbaka1r1/9/2n1b1nc1/p1p1p3p/6p2/2P6/Pc2P1P1P/2N1CCN2/9/1RBAKABR1 w,0.8047839,5898
1rbaka1r1/9/2n1b1nc1/p1p1p3p/6p2/2PN5/Pc2P1P1P/4CCN2/9/1RBAKABR1 b,-0.8064419,2311
1rbaka1r1/9/2n1b1n2/p1p1p3p/6p2/2PN5/Pc2P1PcP/4CCN2/9/1RBAKABR1 w,0.8079075,6143
1rbaka1r1/9/2n1bCn2/p1p1p3p/6p2/2PN5/Pc2P1PcP/4C1N2/9/1RBAKABR1 b,-0.80890244,1986
1rbakabr1/9/2n2Cn2/p1p1p3p/6p2/2PN5/Pc2P1PcP/4C1N2/9/1RBAKABR1 w,0.81814575,4351
1rbakabr1/9/2n2Cn2/p1p1N3p/6p2/2P6/Pc2P1PcP/4C1N2/9/1RBAKABR1 b,-0.8047813,1831
1rbakabr1/9/5Cn2/p1p1n3p/6p2/2P6/Pc2P1PcP/4C1N2/9/1RBAKABR1 w,0.80506545,6061
1rbakabr1/9/5Cn2/p1p1C3p/6p2/2P6/Pc2P1PcP/6N2/9/1RBAKABR1 b,-0.79061073,109
2bakabr1/9/1r3Cn2/p1p1C3p/6p2/2P6/Pc2P1PcP/6N2/9/1RBAKABR1 w,0.8022862,2839
2bakabr1/9/1r3Cn2/p1p5p/6p2/2P1C4/Pc2P1PcP/6N2/9/1RBAKABR1 b,-0.7983648,1733
2bakabr1/9/5rn2/p1p5p/6p2/2P1C4/Pc2P1PcP/6N2/9/1RBAKABR1 w,0.80963963,7435
2bakabr1/9/5rn2/p1p5p/6p2/2P1C4/PR2P1PcP/6N2/9/2BAKABR1 b,-0.8065449,2201
2bakabr1/9/5r3/p1p5p/5np2/2P1C4/PR2P1PcP/6N2/9/2BAKABR1 w,0.8140284,4987
2bakabr1/9/5r3/p1p5p/1R3np2/2P1C4/P3P1PcP/6N2/9/2BAKABR1 b,-0.80843544,3750
2bakabr1/9/5r3/p1p5p/1R4p2/2P1C4/P3P1ncP/6N2/9/2BAKABR1 w,0.8201045,3372
2bakabr1/9/5r3/p1p5p/6R2/2P1C4/P3P1ncP/6N2/9/2BAKABR1 b,-0.80545235,5449
2bakabr1/9/5r3/p1p5p/6R2/2P1n4/P3P2cP/6N2/9/2BAKABR1 w,0.8055786,5269
2bakabr1/9/5r3/p1p5p/6R2/2P1P4/P6cP/6N2/9/2BAKABR1 b,-0.7993737,5560
2bakabr1/9/5r3/p1p5p/6R2/2P1P4/P7P/6Nc1/9/2BAKABR1 w,0.80960435,7999
2bakabr1/9/5r3/p1p5p/6R2/2P1P4/P7P/6Nc1/7R1/2BAKAB2 b,-0.7984724,2138
2bakabr1/9/9/p1p5p/6R2/2P1P4/P7P/5rNc1/7R1/2BAKAB2 w,0.80117774,3813
2bakabr1/9/9/p1p3R1p/9/2P1P4/P7P/5rNc1/7R1/2BAKAB2 b,-0.80019426,691
2bakab2/9/9/p1p3R1p/9/2P1P4/P6rP/5rNc1/7R1/2BAKAB2 w,0.8142796,2976
2bakaR2/9/9/p1p5p/9/2P1P4/P6rP/5rNc1/7R1/2BAKAB2 b,-0.80391103,5548
2bakaR2/9/9/p1p5p/9/2P1P4/P3r3P/5rNc1/7R1/2BAKAB2 w,0.81468004,7186
2bakaR2/9/9/p1p5p/9/2P1P4/P3r3P/5rNc1/4R4/2BAKAB2 b,-0.8031027,5276
2bakaR2/9/9/p1p5p/9/2P1P4/P1r5P/5rNc1/4R4/2BAKAB2 w,0.810602,555
2baka3/6R2/9/p1p5p/9/2P1P4/P1r5P/5rNc1/4R4/2BAKAB2 b,-0.7992917,5123
2baka3/6R2/9/p1p5p/9/2P1P4/P7P/5rNc1/4R4/2rAKAB2 w,0.80778056,4450
2baka3/6R2/9/p1p5p/4P4/2P6/P7P/5rNc1/4R4/2rAKAB2 b,-0.7860293,6186
2baka3/6R2/9/p1p5p/4P4/2P6/P7P/3r2Nc1/4R4/2rAKAB2 w,0.93117595,3641
2baka3/6R2/9/p1p5p/5P3/2P6/P7P/3r2Nc1/4R4/2rAKAB2 b,-0.9301717,6007
2baka3/6R2/9/p1p5p/5P3/2P6/P7P/4r1Nc1/4R4/2rAKAB2 w,0.938887,7897
2baka3/6R2/9/p1p5p/5P3/2P6/P7P/4B1Nc1/4R4/2rAKA3 b,-0.93334234,7526
2baka3/6R2/9/p1p5p/5P3/2P6/P1r5P/4B1Nc1/4R4/3AKA3 w,0.94644463,6117
2baka3/6R2/9/p1p5p/5P3/2P6/P1r5P/6Nc1/4R4/3AKAB2 b,-0.965406,283
2b1ka3/4a1R2/9/p1p5p/5P3/2P6/P1r5P/6Nc1/4R4/3AKAB2 w,0.98755693,6853
2b1ka3/4R1R2/9/p1p5p/5P3/2P6/P1r5P/6Nc1/9/3AKAB2 b,-0.99280477,463
2b1k4/4a1R2/9/p1p5p/5P3/2P6/P1r5P/6Nc1/9/3AKAB2 w,1,1356
rnbakabnr/9/1c5c1/p1p1p1p1p/9/9/P1P1P1P1P/1C5C1/9/RNBAKABNR w,0.8018042,5827
rnbakabnr/9/1c5c1/p1p1p1p1p/9/9/P1P1P1P1P/4C2C1/9/RNBAKABNR b,-0.8017655,110
r1bakabnr/9/1cn4c1/p1p1p1p1p/9/9/P1P1P1P1P/4C2C1/9/RNBAKABNR w,0.80182046,7445
r1bakabnr/9/1cn4c1/p1p1p1p1p/9/9/P1P1P1P1P/2N1C2C1/9/R1BAKABNR b,-0.8018107,562
r1baka1nr/9/1cn1b2c1/p1p1p1p1p/9/9/P1P1P1P1P/2N1C2C1/9/R1BAKABNR w,0.8019635,7372
r1baka1nr/9/1cn1b2c1/p1p1p1p1p/9/9/P1P1P1P1P/2N1C2C1/9/1RBAKABNR b,-0.80177003,1
1rbaka1nr/9/1cn1b2c1/p1p1p1p1p/9/9/P1P1P1P1P/2N1C2C1/9/1RBAKABNR w,0.8017164,6368
1rbaka1nr/9/1cn1b2c1/p1p1p1p1p/9/9/P1P1P1P1P/2N1CC3/9/1RBAKABNR b,-0.8012688,654
1rbaka2r/9/1cn1b1nc1/p1p1p1p1p/9/9/P1P1P1P1P/2N1CC3/9/1RBAKABNR w,0.8015947,7989
1rbaka2r/9/1cn1b1nc1/p1p1p1p1p/9/9/P1P1P1P1P/2N1CCN2/9/1RBAKAB1R b,-0.8015708,3012
1rbaka2r/9/1cn1b1nc1/p1p1p3p/6p2/9/P1P1P1P1P/2N1CCN2/9/1RBAKAB1R w,0.8018723,8098
1rbaka2r/9/1cn1b1nc1/p1p1p3p/6p2/9/P1P1P1P1P/2N1CCN2/9/1RBAKABR1 b,-0.80202645,727
1rbaka1r1/9/1cn1b1nc1/p1p1p3p/6p2/9/P1P1P1P1P/2N1CCN2/9/1RBAKABR1 w,0.80251306,5087
1rbaka1r1/9/1cn1b1nc1/p1p1p3p/6p2/2P6/P3P1P1P/2N1CCN2/9/1RBAKABR1 b,-0.80221564,1765
1rbaka1r1/9/2n1b1nc1/p1p1p3p/6p2/2P6/Pc2P1P1P/2N1CCN2/9/1RBAKABR1 w,0.80470604,5898
1rbaka1r1/9/2n1b1nc1/p1p1p3p/6p2/2PN5/Pc2P1P1P/4CCN2/9/1RBAKABR1 b,-0.8063935,2311
1rbaka1r1/9/2n1b1n2/p1p1p3p/6p2/2PN5/Pc2P1PcP/4CCN2/9/1RBAKABR1 w,0.8078861,6143
1rbaka1r1/9/2n1bCn2/p1p1p3p/6p2/2PN5/Pc2P1PcP/4C1N2/9/1RBAKABR1 b,-0.80890244,1986
1rbakabr1/9/2n2Cn2/p1p1p3p/6p2/2PN5/Pc2P1PcP/4C1N2/9/1RBAKABR1 w,0.81814575,4351
1rbakabr1/9/2n2Cn2/p1p1N3p/6p2/2P6/Pc2P1PcP/4C1N2/9/1RBAKABR1 b,-0.804766,1831
1rbakabr1/9/5Cn2/p1p1n3p/6p2/2P6/Pc2P1PcP/4C1N2/9/1RBAKABR1 w,0.8056455,6061
1rbakabr1/9/5Cn2/p1p1C3p/6p2/2P6/Pc2P1PcP/6N2/9/1RBAKABR1 b,-0.7907896,109
2bakabr1/9/1r3Cn2/p1p1C3p/6p2/2P6/Pc2P1PcP/6N2/9/1RBAKABR1 w,0.80187976,2839
2bakabr1/9/1r3Cn2/p1p5p/6p2/2P1C4/Pc2P1PcP/6N2/9/1RBAKABR1 b,-0.79825854,1733
2bakabr1/9/5rn2/p1p5p/6p2/2P1C4/Pc2P1PcP/6N2/9/1RBAKABR1 w,0.8096487,7435
2bakabr1/9/5rn2/p1p5p/6p2/2P1C4/PR2P1PcP/6N2/9/2BAKABR1 b,-0.8074193,2129
2bakabr1/9/6n2/p1p5p/6p2/2P1C4/PR2PrPcP/6N2/9/2BAKABR1 w,0.81437814,4987
2bakabr1/9/6n2/p1p5p/1R4p2/2P1C4/P3PrPcP/6N2/9/2BAKABR1 b,-0.804734,2201
2bakabr1/9/9/p1p5p/1R3np2/2P1C4/P3PrPcP/6N2/9/2BAKABR1 w,0.82155794,7897
2bakabr1/9/9/p1p5p/1R3np2/2P1C4/P3PrPcP/4B1N2/9/2BAKA1R1 b,-0.80927914,3748
2bakabr1/9/9/p1p5p/1R4p2/2P1C4/P3nrPcP/4B1N2/9/2BAKA1R1 w,0.82706904,7816
2bakabr1/9/9/p1p5p/1R4p2/2P1C4/P3nrPcP/4B1N2/4A4/2BAK2R1 b,-0.8098887,5370
2bakabr1/9/9/p1p5p/1R4p2/2P1C4/P3n1rcP/4B1N2/4A4/2BAK2R1 w,0.8160769,6290
2bakabr1/9/9/p1p5p/1R4p2/2P1C4/P3n1rcP/4B4/4A3N/2BAK2R1 b,-0.79678446,5569
2bakabr1/9/9/p1p5p/1R4p2/2P1C4/P3n1r1P/4B4/4A2cN/2BAK2R1 w,0.7969273,3370
2bakabr1/9/9/p1p5p/4R1p2/2P1C4/P3n1r1P/4B4/4A2cN/2BAK2R1 b,-0.81351304,562
2baka1r1/9/4b4/p1p5p/4R1p2/2P1C4/P3n1r1P/4B4/4A2cN/2BAK2R1 w,0.89762354,3622
2baka1r1/9/4R4/p1p5p/6p2/2P1C4/P3n1r1P/4B4/4A2cN/2BAK2R1 b,-0.89532447,283
2b1ka1r1/4a4/4R4/p1p5p/6p2/2P1C4/P3n1r1P/4B4/4A2cN/2BAK2R1 w,0.9165625,2005
2b1ka1r1/4a4/7R1/p1p5p/6p2/2P1C4/P3n1r1P/4B4/4A2cN/2BAK2R1 b,-0.91311115,363
2bk1a1r1/4a4/7R1/p1p5p/6p2/2P1C4/P3n1r1P/4B4/4A2cN/2BAK2R1 w,0.9369441,2257
2bk1a1R1/4a4/9/p1p5p/6p2/2P1C4/P3n1r1P/4B4/4A2cN/2BAK2R1 b,-0.9259965,7187
2bk1a1R1/4a4/9/p1p5p/6p2/2P1C4/P3n1r1P/4B4/4Ac2N/2BAK2R1 w,0.9422049,664
2bk1a3/4a4/9/p1p4Rp/6p2/2P1C4/P3n1r1P/4B4/4Ac2N/2BAK2R1 b,-0.9345875,5462
2bk1a3/4a4/9/p1p4Rp/6p2/2P1C4/P3n3r/4B4/4Ac2N/2BAK2R1 w,0.9549054,3090
2bk1a3/4a4/9/p1pR4p/6p2/2P1C4/P3n3r/4B4/4Ac2N/2BAK2R1 b,-0.958886,1191
2bk1a3/9/3a5/p1pR4p/6p2/2P1C4/P3n3r/4B4/4Ac2N/2BAK2R1 w,0.96253544,2721
2bk1a3/9/3R5/p1p5p/6p2/2P1C4/P3n3r/4B4/4Ac2N/2BAK2R1 b,-0.96319056,274
2b1ka3/9/3R5/p1p5p/6p2/2P1C4/P3n3r/4B4/4Ac2N/2BAK2R1 w,0.9702625,7261
2b1ka3/9/3R5/p1p5p/6p2/2P1C4/P3n2Nr/4B4/4Ac3/2BAK2R1 b,-0.9714387,5289
2b1ka3/9/3R5/p1p5p/6p2/2P1C4/P6Nr/4B1n2/4Ac3/2BAK2R1 w,0.970013,5532
2b1ka3/9/3R5/p1p5p/6N2/2P1C4/P7r/4B1n2/4Ac3/2BAK2R1 b,-0.98641574,6298
2b1ka3/9/3R5/p1p5p/6N2/2P1C4/P7r/4B4/4Ac3/2BAK2n1 w,0.9901398,3803
2b1ka3/9/3R1N3/p1p5p/9/2P1C4/P7r/4B4/4Ac3/2BAK2n1 b,-0.9908911,373
2b2a3/4k4/3R1N3/p1p5p/9/2P1C4/P7r/4B4/4Ac3/2BAK2n1 w,0.9960613,1902
2b2a3/3Rk4/5N3/p1p5p/9/2P1C4/P7r/4B4/4Ac3/2BAK2n1 b,-0.996445,1192
2b2a3/3R5/4kN3/p1p5p/9/2P1C4/P7r/4B4/4Ac3/2BAK2n1 w,1,2110
rnbakabnr/9/1c5c1/p1p1p1p1p/9/9/P1P1P1P1P/1C5C1/9/RNBAKABNR w,0.8018177,5827
rnbakabnr/9/1c5c1/p1p1p1p1p/9/9/P1P1P1P1P/4C2C1/9/RNBAKABNR b,-0.8017668,110
r1bakabnr/9/1cn4c1/p1p1p1p1p/9/9/P1P1P1P1P/4C2C1/9/RNBAKABNR w,0.80182487,7445
r1bakabnr/9/1cn4c1/p1p1p1p1p/9/9/P1P1P1P1P/2N1C2C1/9/R1BAKABNR b,-0.80180895,562
r1baka1nr/9/1cn1b2c1/p1p1p1p1p/9/9/P1P1P1P1P/2N1C2C1/9/R1BAKABNR w,0.8019466,7372
r1baka1nr/9/1cn1b2c1/p1p1p1p1p/9/9/P1P1P1P1P/2N1C2C1/9/1RBAKABNR b,-0.80176973,1
1rbaka1nr/9/1cn1b2c1/p1p1p1p1p/9/9/P1P1P1P1P/2N1C2C1/9/1RBAKABNR w,0.80168355,6368
1rbaka1nr/9/1cn1b2c1/p1p1p1p1p/9/9/P1P1P1P1P/2N1CC3/9/1RBAKABNR b,-0.8012789,654
1rbaka2r/9/1cn1b1nc1/p1p1p1p1p/9/9/P1P1P1P1P/2N1CC3/9/1RBAKABNR w,0.8015947,7989
1rbaka2r/9/1cn1b1nc1/p1p1p1p1p/9/9/P1P1P1P1P/2N1CCN2/9/1RBAKAB1R b,-0.8013839,3012
1rbaka2r/9/1cn1b1nc1/p1p1p3p/6p2/9/P1P1P1P1P/2N1CCN2/9/1RBAKAB1R w,0.801911,8098
1rbaka2r/9/1cn1b1nc1/p1p1p3p/6p2/9/P1P1P1P1P/2N1CCN2/9/1RBAKABR1 b,-0.80202866,727
1rbaka1r1/9/1cn1b1nc1/p1p1p3p/6p2/9/P1P1P1P1P/2N1CCN2/9/1RBAKABR1 w,0.80255455,5087
1rbaka1r1/9/1cn1b1nc1/p1p1p3p/6p2/2P6/P3P1P1P/2N1CCN2/9/1RBAKABR1 b,-0.80221564,1765
1rbaka1r1/9/2n1b1nc1/p1p1p3p/6p2/2P6/Pc2P1P1P/2N1CCN2/9/1RBAKABR1 w,0.8047115,5898
1rbaka1r1/9/2n1b1nc1/p1p1p3p/6p2/2PN5/Pc2P1P1P/4CCN2/9/1RBAKABR1 b,-0.80640864,2311
1rbaka1r1/9/2n1b1n2/p1p1p3p/6p2/2PN5/Pc2P1PcP/4CCN2/9/1RBAKABR1 w,0.80787426,6143
1rbaka1r1/9/2n1bCn2/p1p1p3p/6p2/2PN5/Pc2P1PcP/4C1N2/9/1RBAKABR1 b,-0.80890244,1986
1rbakabr1/9/2n2Cn2/p1p1p3p/6p2/2PN5/Pc2P1PcP/4C1N2/9/1RBAKABR1 w,0.81814575,4351
1rbakabr1/9/2n2Cn2/p1p1N3p/6p2/2P6/Pc2P1PcP/4C1N2/9/1RBAKABR1 b,-0.8048105,1831
1rbakabr1/9/5Cn2/p1p1n3p/6p2/2P6/Pc2P1PcP/4C1N2/9/1RBAKABR1 w,0.8051059,6061
1rbakabr1/9/5Cn2/p1p1C3p/6p2/2P6/Pc2P1PcP/6N2/9/1RBAKABR1 b,-0.7907896,109
2bakabr1/9/1r3Cn2/p1p1C3p/6p2/2P6/Pc2P1PcP/6N2/9/1RBAKABR1 w,0.8020568,2839
2bakabr1/9/1r3Cn2/p1p5p/6p2/2P1C4/Pc2P1PcP/6N2/9/1RBAKABR1 b,-0.7986601,1733
2bakabr1/9/5rn2/p1p5p/6p2/2P1C4/Pc2P1PcP/6N2/9/1RBAKABR1 w,0.80965835,7435
2bakabr1/9/5rn2/p1p5p/6p2/2P1C4/PR2P1PcP/6N2/9/2BAKABR1 b,-0.8076472,2129
2bakabr1/9/6n2/p1p5p/6p2/2P1C4/PR2PrPcP/6N2/9/2BAKABR1 w,0.81509864,4987
2bakabr1/9/6n2/p1p5p/1R4p2/2P1C4/P3PrPcP/6N2/9/2BAKABR1 b,-0.8042925,2201
2bakabr1/9/9/p1p5p/1R3np2/2P1C4/P3PrPcP/6N2/9/2BAKABR1 w,0.82267284,7816
2bakabr1/9/9/p1p5p/1R3np2/2P1C4/P3PrPcP/6N2/4A4/2BAK1BR1 b,-0.8097654,3748
2bakabr1/9/9/p1p5p/1R4p2/2P1C4/P3nrPcP/6N2/4A4/2BAK1BR1 w,0.8248719,7897
2bakabr1/9/9/p1p5p/1R4p2/2P1C4/P3nrPcP/4B1N2/4A4/2BAK2R1 b,-0.81020516,5370
2bakabr1/9/9/p1p5p/1R4p2/2P1C4/P3n1rcP/4B1N2/4A4/2BAK2R1 w,0.815481,6290
2bakabr1/9/9/p1p5p/1R4p2/2P1C4/P3n1rcP/4B4/4A3N/2BAK2R1 b,-0.7963101,5569
2bakabr1/9/9/p1p5p/1R4p2/2P1C4/P3n1r1P/4B4/4A2cN/2BAK2R1 w,0.7973046,3370
2bakabr1/9/9/p1p5p/4R1p2/2P1C4/P3n1r1P/4B4/4A2cN/2BAK2R1 b,-0.8121348,562
2baka1r1/9/4b4/p1p5p/4R1p2/2P1C4/P3n1r1P/4B4/4A2cN/2BAK2R1 w,0.89712954,3622
2baka1r1/9/4R4/p1p5p/6p2/2P1C4/P3n1r1P/4B4/4A2cN/2BAK2R1 b,-0.8957172,283
2b1ka1r1/4a4/4R4/p1p5p/6p2/2P1C4/P3n1r1P/4B4/4A2cN/2BAK2R1 w,0.91641146,2005
2b1ka1r1/4a4/7R1/p1p5p/6p2/2P1C4/P3n1r1P/4B4/4A2cN/2BAK2R1 b,-0.91354066,363
2bk1a1r1/4a4/7R1/p1p5p/6p2/2P1C4/P3n1r1P/4B4/4A2cN/2BAK2R1 w,0.9369701,2257
2bk1a1R1/4a4/9/p1p5p/6p2/2P1C4/P3n1r1P/4B4/4A2cN/2BAK2R1 b,-0.9268136,7187
2bk1a1R1/4a4/9/p1p5p/6p2/2P1C4/P3n1r1P/4B4/4Ac2N/2BAK2R1 w,0.9412039,664
2bk1a3/4a4/9/p1p4Rp/6p2/2P1C4/P3n1r1P/4B4/4Ac2N/2BAK2R1 b,-0.93455386,5462
2bk1a3/4a4/9/p1p4Rp/6p2/2P1C4/P3n3r/4B4/4Ac2N/2BAK2R1 w,0.95071495,7261
2bk1a3/4a4/9/p1p4Rp/6p2/2P1C4/P3n2Nr/4B4/4Ac3/2BAK2R1 b,-0.93038434,5289
2bk1a3/4a4/9/p1p4Rp/6p2/2P1C4/P6Nr/4B1n2/4Ac3/2BAK2R1 w,0.9607076,3090
2bk1a3/4a4/9/p1pR4p/6p2/2P1C4/P6Nr/4B1n2/4Ac3/2BAK2R1 b,-0.96884614,1191
2bk1a3/9/3a5/p1pR4p/6p2/2P1C4/P6Nr/4B1n2/4Ac3/2BAK2R1 w,0.9667194,2721
2bk1a3/9/3R5/p1p5p/6p2/2P1C4/P6Nr/4B1n2/4Ac3/2BAK2R1 b,-0.9625478,274
2b1ka3/9/3R5/p1p5p/6p2/2P1C4/P6Nr/4B1n2/4Ac3/2BAK2R1 w,0.970013,5532
2b1ka3/9/3R5/p1p5p/6N2/2P1C4/P7r/4B1n2/4Ac3/2BAK2R1 b,-0.98628634,6298
2b1ka3/9/3R5/p1p5p/6N2/2P1C4/P7r/4B4/4Ac3/2BAK2n1 w,0.990114,3803
2b1ka3/9/3R1N3/p1p5p/9/2P1C4/P7r/4B4/4Ac3/2BAK2n1 b,-0.9908911,373
2b2a3/4k4/3R1N3/p1p5p/9/2P1C4/P7r/4B4/4Ac3/2BAK2n1 w,0.99605095,1902
2b2a3/3Rk4/5N3/p1p5p/9/2P1C4/P7r/4B4/4Ac3/2BAK2n1 b,-0.996445,1192
2b2a3/3R5/4kN3/p1p5p/9/2P1C4/P7r/4B4/4Ac3/2BAK2n1 w,1,2110
rnbakabnr/9/1c5c1/p1p1p1p1p/9/9/P1P1P1P1P/1C5C1/9/RNBAKABNR w,0.8017992,5827
rnbakabnr/9/1c5c1/p1p1p1p1p/9/9/P1P1P1P1P/4C2C1/9/RNBAKABNR b,-0.8017668,110
r1bakabnr/9/1cn4c1/p1p1p1p1p/9/9/P1P1P1P1P/4C2C1/9/RNBAKABNR w,0.8018244,7445
r1bakabnr/9/1cn4c1/p1p1p1p1p/9/9/P1P1P1P1P/2N1C2C1/9/R1BAKABNR b,-0.80183524,562
r1baka1nr/9/1cn1b2c1/p1p1p1p1p/9/9/P1P1P1P1P/2N1C2C1/9/R1BAKABNR w,0.8019635,7372
r1baka1nr/9/1cn1b2c1/p1p1p1p1p/9/9/P1P1P1P1P/2N1C2C1/9/1RBAKABNR b,-0.8017674,1
1rbaka1nr/9/1cn1b2c1/p1p1p1p1p/9/9/P1P1P1P1P/2N1C2C1/9/1RBAKABNR w,0.80169904,6368
1rbaka1nr/9/1cn1b2c1/p1p1p1p1p/9/9/P1P1P1P1P/2N1CC3/9/1RBAKABNR b,-0.8012789,654
1rbaka2r/9/1cn1b1nc1/p1p1p1p1p/9/9/P1P1P1P1P/2N1CC3/9/1RBAKABNR w,0.8015947,7989
1rbaka2r/9/1cn1b1nc1/p1p1p1p1p/9/9/P1P1P1P1P/2N1CCN2/9/1RBAKAB1R b,-0.8015008,3012
1rbaka2r/9/1cn1b1nc1/p1p1p3p/6p2/9/P1P1P1P1P/2N1CCN2/9/1RBAKAB1R w,0.8018736,8098
1rbaka2r/9/1cn1b1nc1/p1p1p3p/6p2/9/P1P1P1P1P/2N1CCN2/9/1RBAKABR1 b,-0.8020107,727
1rbaka1r1/9/1cn1b1nc1/p1p1p3p/6p2/9/P1P1P1P1P/2N1CCN2/9/1RBAKABR1 w,0.80251306,5087
1rbaka1r1/9/1cn1b1nc1/p1p1p3p/6p2/2P6/P3P1P1P/2N1CCN2/9/1RBAKABR1 b,-0.8021549,1765
1rbaka1r1/9/2n1b1nc1/p1p1p3p/6p2/2P6/Pc2P1P1P/2N1CCN2/9/1RBAKABR1 w,0.8047115,5898
1rbaka1r1/9/2n1b1nc1/p1p1p3p/6p2/2PN5/Pc2P1P1P/4CCN2/9/1RBAKABR1 b,-0.8065378,2311
1rbaka1r1/9/2n1b1n2/p1p1p3p/6p2/2PN5/Pc2P1PcP/4CCN2/9/1RBAKABR1 w,0.8079318,6143
1rbaka1r1/9/2n1bCn2/p1p1p3p/6p2/2PN5/Pc2P1PcP/4C1N2/9/1RBAKABR1 b,-0.80890244,1986
1rbakabr1/9/2n2Cn2/p1p1p3p/6p2/2PN5/Pc2P1PcP/4C1N2/9/1RBAKABR1 w,0.81814575,4351
1rbakabr1/9/2n2Cn2/p1p1N3p/6p2/2P6/Pc2P1PcP/4C1N2/9/1RBAKABR1 b,-0.8047867,1831
1rbakabr1/9/5Cn2/p1p1n3p/6p2/2P6/Pc2P1PcP/4C1N2/9/1RBAKABR1 w,0.805125,6061
1rbakabr1/9/5Cn2/p1p1C3p/6p2/2P6/Pc2P1PcP/6N2/9/1RBAKABR1 b,-0.7897402,109
2bakabr1/9/1r3Cn2/p1p1C3p/6p2/2P6/Pc2P1PcP/6N2/9/1RBAKABR1 w,0.80187976,2839
2bakabr1/9/1r3Cn2/p1p5p/6p2/2P1C4/Pc2P1PcP/6N2/9/1RBAKABR1 b,-0.79854524,1733
2bakabr1/9/5rn2/p1p5p/6p2/2P1C4/Pc2P1PcP/6N2/9/1RBAKABR1 w,0.8096402,7435
2bakabr1/9/5rn2/p1p5p/6p2/2P1C4/PR2P1PcP/6N2/9/2BAKABR1 b,-0.80705386,2129
2bakabr1/9/6n2/p1p5p/6p2/2P1C4/PR2PrPcP/6N2/9/2BAKABR1 w,0.8152123,4987
2bakabr1/9/6n2/p1p5p/1R4p2/2P1C4/P3PrPcP/6N2/9/2BAKABR1 b,-0.8044979,2201
2bakabr1/9/9/p1p5p/1R3np2/2P1C4/P3PrPcP/6N2/9/2BAKABR1 w,0.8221642,7897
2bakabr1/9/9/p1p5p/1R3np2/2P1C4/P3PrPcP/4B1N2/9/2BAKA1R1 b,-0.8096004,3748
2bakabr1/9/9/p1p5p/1R4p2/2P1C4/P3nrPcP/4B1N2/9/2BAKA1R1 w,0.82621086,7816
2bakabr1/9/9/p1p5p/1R4p2/2P1C4/P3nrPcP/4B1N2/4A4/2BAK2R1 b,-0.80991066,5370
2bakabr1/9/9/p1p5p/1R4p2/2P1C4/P3n1rcP/4B1N2/4A4/2BAK2R1 w,0.8153692,6290
2bakabr1/9/9/p1p5p/1R4p2/2P1C4/P3n1rcP/4B4/4A3N/2BAK2R1 b,-0.79678446,5569
2bakabr1/9/9/p1p5p/1R4p2/2P1C4/P3n1r1P/4B4/4A2cN/2BAK2R1 w,0.79698676,3370
2bakabr1/9/9/p1p5p/4R1p2/2P1C4/P3n1r1P/4B4/4A2cN/2BAK2R1 b,-0.8179284,562
2baka1r1/9/4b4/p1p5p/4R1p2/2P1C4/P3n1r1P/4B4/4A2cN/2BAK2R1 w,0.8969854,3622
2baka1r1/9/4R4/p1p5p/6p2/2P1C4/P3n1r1P/4B4/4A2cN/2BAK2R1 b,-0.89473855,283
2b1ka1r1/4a4/4R4/p1p5p/6p2/2P1C4/P3n1r1P/4B4/4A2cN/2BAK2R1 w,0.9163278,2005
2b1ka1r1/4a4/7R1/p1p5p/6p2/2P1C4/P3n1r1P/4B4/4A2cN/2BAK2R1 b,-0.91311115,363
2bk1a1r1/4a4/7R1/p1p5p/6p2/2P1C4/P3n1r1P/4B4/4A2cN/2BAK2R1 w,0.93698335,2257
2bk1a1R1/4a4/9/p1p5p/6p2/2P1C4/P3n1r1P/4B4/4A2cN/2BAK2R1 b,-0.92583776,7187
2bk1a1R1/4a4/9/p1p5p/6p2/2P1C4/P3n1r1P/4B4/4Ac2N/2BAK2R1 w,0.941505,664
2bk1a3/4a4/9/p1p4Rp/6p2/2P1C4/P3n1r1P/4B4/4Ac2N/2BAK2R1 b,-0.93535066,5462
2bk1a3/4a4/9/p1p4Rp/6p2/2P1C4/P3n3r/4B4/4Ac2N/2BAK2R1 w,0.9508484,7261
2bk1a3/4a4/9/p1p4Rp/6p2/2P1C4/P3n2Nr/4B4/4Ac3/2BAK2R1 b,-0.9299848,5289
2bk1a3/4a4/9/p1p4Rp/6p2/2P1C4/P6Nr/4B1n2/4Ac3/2BAK2R1 w,0.96182334,3090
2bk1a3/4a4/9/p1pR4p/6p2/2P1C4/P6Nr/4B1n2/4Ac3/2BAK2R1 b,-0.96884614,1191
2bk1a3/9/3a5/p1pR4p/6p2/2P1C4/P6Nr/4B1n2/4Ac3/2BAK2R1 w,0.9667194,2721
2bk1a3/9/3R5/p1p5p/6p2/2P1C4/P6Nr/4B1n2/4Ac3/2BAK2R1 b,-0.9625478,274
2b1ka3/9/3R5/p1p5p/6p2/2P1C4/P6Nr/4B1n2/4Ac3/2BAK2R1 w,0.9699253,5532
2b1ka3/9/3R5/p1p5p/6N2/2P1C4/P7r/4B1n2/4Ac3/2BAK2R1 b,-0.9566029,6260
2b1ka3/9/3R5/p1p5p/6N2/2P1Cn3/P7r/4B4/4Ac3/2BAK2R1 w,0.99412704,3811
2b1ka3/9/3R5/p1p1N3p/9/2P1Cn3/P7r/4B4/4Ac3/2BAK2R1 b,-0.9934641,463
2b1k4/4a4/3R5/p1p1N3p/9/2P1Cn3/P7r/4B4/4Ac3/2BAK2R1 w,1,7927
rnbakabnr/9/1c5c1/p1p1p1p1p/9/9/P1P1P1P1P/1C5C1/9/RNBAKABNR w,0.8018093,5827
rnbakabnr/9/1c5c1/p1p1p1p1p/9/9/P1P1P1P1P/4C2C1/9/RNBAKABNR b,-0.8017965,110
r1bakabnr/9/1cn4c1/p1p1p1p1p/9/9/P1P1P1P1P/4C2C1/9/RNBAKABNR w,0.80182016,7445
r1bakabnr/9/1cn4c1/p1p1p1p1p/9/9/P1P1P1P1P/2N1C2C1/9/R1BAKABNR b,-0.80180895,562
r1baka1nr/9/1cn1b2c1/p1p1p1p1p/9/9/P1P1P1P1P/2N1C2C1/9/R1BAKABNR w,0.8019352,7372
r1baka1nr/9/1cn1b2c1/p1p1p1p1p/9/9/P1P1P1P1P/2N1C2C1/9/1RBAKABNR b,-0.8017664,1
1rbaka1nr/9/1cn1b2c1/p1p1p1p1p/9/9/P1P1P1P1P/2N1C2C1/9/1RBAKABNR w,0.80169904,6368
1rbaka1nr/9/1cn1b2c1/p1p1p1p1p/9/9/P1P1P1P1P/2N1CC3/9/1RBAKABNR b,-0.8012761,654
1rbaka2r/9/1cn1b1nc1/p1p1p1p1p/9/9/P1P1P1P1P/2N1CC3/9/1RBAKABNR w,0.8015947,7989
1rbaka2r/9/1cn1b1nc1/p1p1p1p1p/9/9/P1P1P1P1P/2N1CCN2/9/1RBAKAB1R b,-0.80137295,3012
1rbaka2r/9/1cn1b1nc1/p1p1p3p/6p2/9/P1P1P1P1P/2N1CCN2/9/1RBAKAB1R w,0.8018736,8098
1rbaka2r/9/1cn1b1nc1/p1p1p3p/6p2/9/P1P1P1P1P/2N1CCN2/9/1RBAKABR1 b,-0.8020148,727
1rbaka1r1/9/1cn1b1nc1/p1p1p3p/6p2/9/P1P1P1P1P/2N1CCN2/9/1RBAKABR1 w,0.80251306,5087
1rbaka1r1/9/1cn1b1nc1/p1p1p3p/6p2/2P6/P3P1P1P/2N1CCN2/9/1RBAKABR1 b,-0.8021624,1765
1rbaka1r1/9/2n1b1nc1/p1p1p3p/6p2/2P6/Pc2P1P1P/2N1CCN2/9/1RBAKABR1 w,0.8047727,5898
1rbaka1r1/9/2n1b1nc1/p1p1p3p/6p2/2PN5/Pc2P1P1P/4CCN2/9/1RBAKABR1 b,-0.8063819,2311
1rbaka1r1/9/2n1b1n2/p1p1p3p/6p2/2PN5/Pc2P1PcP/4CCN2/9/1RBAKABR1 w,0.8078539,6143
1rbaka1r1/9/2n1bCn2/p1p1p3p/6p2/2PN5/Pc2P1PcP/4C1N2/9/1RBAKABR1 b,-0.80890244,1986
1rbakabr1/9/2n2Cn2/p1p1p3p/6p2/2PN5/Pc2P1PcP/4C1N2/9/1RBAKABR1 w,0.81888914,4351
1rbakabr1/9/2n2Cn2/p1p1N3p/6p2/2P6/Pc2P1PcP/4C1N2/9/1RBAKABR1 b,-0.8048105,1831
1rbakabr1/9/5Cn2/p1p1n3p/6p2/2P6/Pc2P1PcP/4C1N2/9/1RBAKABR1 w,0.8049586,6061
1rbakabr1/9/5Cn2/p1p1C3p/6p2/2P6/Pc2P1PcP/6N2/9/1RBAKABR1 b,-0.79064125,109
2bakabr1/9/1r3Cn2/p1p1C3p/6p2/2P6/Pc2P1PcP/6N2/9/1RBAKABR1 w,0.80192703,2839
2bakabr1/9/1r3Cn2/p1p5p/6p2/2P1C4/Pc2P1PcP/6N2/9/1RBAKABR1 b,-0.7987525,1733
2bakabr1/9/5rn2/p1p5p/6p2/2P1C4/Pc2P1PcP/6N2/9/1RBAKABR1 w,0.8097087,7435
2bakabr1/9/5rn2/p1p5p/6p2/2P1C4/PR2P1PcP/6N2/9/2BAKABR1 b,-0.8074132,2129
2bakabr1/9/6n2/p1p5p/6p2/2P1C4/PR2PrPcP/6N2/9/2BAKABR1 w,0.8149259,4987
2bakabr1/9/6n2/p1p5p/1R4p2/2P1C4/P3PrPcP/6N2/9/2BAKABR1 b,-0.80414426,2201
2bakabr1/9/9/p1p5p/1R3np2/2P1C4/P3PrPcP/6N2/9/2BAKABR1 w,0.82196337,7816
2bakabr1/9/9/p1p5p/1R3np2/2P1C4/P3PrPcP/6N2/4A4/2BAK1BR1 b,-0.8097654,3748
2bakabr1/9/9/p1p5p/1R4p2/2P1C4/P3nrPcP/6N2/4A4/2BAK1BR1 w,0.8237079,7897
2bakabr1/9/9/p1p5p/1R4p2/2P1C4/P3nrPcP/4B1N2/4A4/2BAK2R1 b,-0.80984807,5370
2bakabr1/9/9/p1p5p/1R4p2/2P1C4/P3n1rcP/4B1N2/4A4/2BAK2R1 w,0.81471276,6290
2bakabr1/9/9/p1p5p/1R4p2/2P1C4/P3n1rcP/4B4/4A3N/2BAK2R1 b,-0.7961187,5569
2bakabr1/9/9/p1p5p/1R4p2/2P1C4/P3n1r1P/4B4/4A2cN/2BAK2R1 w,0.7973407,3370
2bakabr1/9/9/p1p5p/4R1p2/2P1C4/P3n1r1P/4B4/4A2cN/2BAK2R1 b,-0.81619066,562
2baka1r1/9/4b4/p1p5p/4R1p2/2P1C4/P3n1r1P/4B4/4A2cN/2BAK2R1 w,0.8973367,3622
2baka1r1/9/4R4/p1p5p/6p2/2P1C4/P3n1r1P/4B4/4A2cN/2BAK2R1 b,-0.89559996,283
2b1ka1r1/4a4/4R4/p1p5p/6p2/2P1C4/P3n1r1P/4B4/4A2cN/2BAK2R1 w,0.9163287,2005
2b1ka1r1/4a4/7R1/p1p5p/6p2/2P1C4/P3n1r1P/4B4/4A2cN/2BAK2R1 b,-0.91726565,363
2bk1a1r1/4a4/7R1/p1p5p/6p2/2P1C4/P3n1r1P/4B4/4A2cN/2BAK2R1 w,0.9369441,2257
2bk1a1R1/4a4/9/p1p5p/6p2/2P1C4/P3n1r1P/4B4/4A2cN/2BAK2R1 b,-0.92632204,7187
2bk1a1R1/4a4/9/p1p5p/6p2/2P1C4/P3n1r1P/4B4/4Ac2N/2BAK2R1 w,0.94078094,664
2bk1a3/4a4/9/p1p4Rp/6p2/2P1C4/P3n1r1P/4B4/4Ac2N/2BAK2R1 b,-0.9345875,5462
2bk1a3/4a4/9/p1p4Rp/6p2/2P1C4/P3n3r/4B4/4Ac2N/2BAK2R1 w,0.9521528,7261
2bk1a3/4a4/9/p1p4Rp/6p2/2P1C4/P3n2Nr/4B4/4Ac3/2BAK2R1 b,-0.93019146,5289
2bk1a3/4a4/9/p1p4Rp/6p2/2P1C4/P6Nr/4B1n2/4Ac3/2BAK2R1 w,0.9619058,3090
2bk1a3/4a4/9/p1pR4p/6p2/2P1C4/P6Nr/4B1n2/4Ac3/2BAK2R1 b,-0.96884614,1191
2bk1a3/9/3a5/p1pR4p/6p2/2P1C4/P6Nr/4B1n2/4Ac3/2BAK2R1 w,0.96602494,2721
2bk1a3/9/3R5/p1p5p/6p2/2P1C4/P6Nr/4B1n2/4Ac3/2BAK2R1 b,-0.9625478,274
2b1ka3/9/3R5/p1p5p/6p2/2P1C4/P6Nr/4B1n2/4Ac3/2BAK2R1 w,0.9700591,5532
2b1ka3/9/3R5/p1p5p/6N2/2P1C4/P7r/4B1n2/4Ac3/2BAK2R1 b,-0.95462155,6260
2b1ka3/9/3R5/p1p5p/6N2/2P1Cn3/P7r/4B4/4Ac3/2BAK2R1 w,0.9635401,1910
2b1ka3/9/2R6/p1p5p/6N2/2P1Cn3/P7r/4B4/4Ac3/2BAK2R1 b,-0.94269705,5669
2b1ka3/9/2R6/p1p5p/6N2/2P1Cn3/P8/4B4/4Ac3/2BAK2Rr w,0.9421537,1802
2R1ka3/9/9/p1p5p/6N2/2P1Cn3/P8/4B4/4Ac3/2BAK2Rr b,-0.9766962,373
2R2a3/4k4/9/p1p5p/6N2/2P1Cn3/P8/4B4/4Ac3/2BAK2Rr w,1,3811
rnbakabnr/9/1c5c1/p1p1p1p1p/9/9/P1P1P1P1P/1C5C1/9/RNBAKABNR w,0.8017992,5827
rnbakabnr/9/1c5c1/p1p1p1p1p/9/9/P1P1P1P1P/4C2C1/9/RNBAKABNR b,-0.8017967,110
r1bakabnr/9/1cn4c1/p1p1p1p1p/9/9/P1P1P1P1P/4C2C1/9/RNBAKABNR w,0.80183583,7445
r1bakabnr/9/1cn4c1/p1p1p1p1p/9/9/P1P1P1P1P/2N1C2C1/9/R1BAKABNR b,-0.801812,562
r1baka1nr/9/1cn1b2c1/p1p1p1p1p/9/9/P1P1P1P1P/2N1C2C1/9/R1BAKABNR w,0.8019635,7372
r1baka1nr/9/1cn1b2c1/p1p1p1p1p/9/9/P1P1P1P1P/2N1C2C1/9/1RBAKABNR b,-0.8017725,1
1rbaka1nr/9/1cn1b2c1/p1p1p1p1p/9/9/P1P1P1P1P/2N1C2C1/9/1RBAKABNR w,0.8017013,6368
1rbaka1nr/9/1cn1b2c1/p1p1p1p1p/9/9/P1P1P1P1P/2N1CC3/9/1RBAKABNR b,-0.80128574,654
1rbaka2r/9/1cn1b1nc1/p1p1p1p1p/9/9/P1P1P1P1P/2N1CC3/9/1RBAKABNR w,0.8015947,7989
1rbaka2r/9/1cn1b1nc1/p1p1p1p1p/9/9/P1P1P1P1P/2N1CCN2/9/1RBAKAB1R b,-0.8013648,3012
1rbaka2r/9/1cn1b1nc1/p1p1p3p/6p2/9/P1P1P1P1P/2N1CCN2/9/1RBAKAB1R w,0.80187565,8098
1rbaka2r/9/1cn1b1nc1/p1p1p3p/6p2/9/P1P1P1P1P/2N1CCN2/9/1RBAKABR1 b,-0.8020065,727
1rbaka1r1/9/1cn1b1nc1/p1p1p3p/6p2/9/P1P1P1P1P/2N1CCN2/9/1RBAKABR1 w,0.8027547,5087
1rbaka1r1/9/1cn1b1nc1/p1p1p3p/6p2/2P6/P3P1P1P/2N1CCN2/9/1RBAKABR1 b,-0.8021549,1765
1rbaka1r1/9/2n1b1nc1/p1p1p3p/6p2/2P6/Pc2P1P1P/2N1CCN2/9/1RBAKABR1 w,0.80470604,5898
1rbaka1r1/9/2n1b1nc1/p1p1p3p/6p2/2PN5/Pc2P1P1P/4CCN2/9/1RBAKABR1 b,-0.8064264,2311
1rbaka1r1/9/2n1b1n2/p1p1p3p/6p2/2PN5/Pc2P1PcP/4CCN2/9/1RBAKABR1 w,0.8079351,6143
1rbaka1r1/9/2n1bCn2/p1p1p3p/6p2/2PN5/Pc2P1PcP/4C1N2/9/1RBAKABR1 b,-0.80888236,1986
1rbakabr1/9/2n2Cn2/p1p1p3p/6p2/2PN5/Pc2P1PcP/4C1N2/9/1RBAKABR1 w,0.81814575,4351
1rbakabr1/9/2n2Cn2/p1p1N3p/6p2/2P6/Pc2P1PcP/4C1N2/9/1RBAKABR1 b,-0.8047813,1831
1rbakabr1/9/5Cn2/p1p1n3p/6p2/2P6/Pc2P1PcP/4C1N2/9/1RBAKABR1 w,0.8051059,6061
1rbakabr1/9/5Cn2/p1p1C3p/6p2/2P6/Pc2P1PcP/6N2/9/1RBAKABR1 b,-0.7909604,109
2bakabr1/9/1r3Cn2/p1p1C3p/6p2/2P6/Pc2P1PcP/6N2/9/1RBAKABR1 w,0.8022862,2839
2bakabr1/9/1r3Cn2/p1p5p/6p2/2P1C4/Pc2P1PcP/6N2/9/1RBAKABR1 b,-0.79826003,1733
2bakabr1/9/5rn2/p1p5p/6p2/2P1C4/Pc2P1PcP/6N2/9/1RBAKABR1 w,0.8096294,7435
2bakabr1/9/5rn2/p1p5p/6p2/2P1C4/PR2P1PcP/6N2/9/2BAKABR1 b,-0.8074193,2129
2bakabr1/9/6n2/p1p5p/6p2/2P1C4/PR2PrPcP/6N2/9/2BAKABR1 w,0.81437814,4987
2bakabr1/9/6n2/p1p5p/1R4p2/2P1C4/P3PrPcP/6N2/9/2BAKABR1 b,-0.8044613,2201
2bakabr1/9/9/p1p5p/1R3np2/2P1C4/P3PrPcP/6N2/9/2BAKABR1 w,0.821211,7897
2bakabr1/9/9/p1p5p/1R3np2/2P1C4/P3PrPcP/4B1N2/9/2BAKA1R1 b,-0.8093217,3748
2bakabr1/9/9/p1p5p/1R4p2/2P1C4/P3nrPcP/4B1N2/9/2BAKA1R1 w,0.82605386,7816
2bakabr1/9/9/p1p5p/1R4p2/2P1C4/P3nrPcP/4B1N2/4A4/2BAK2R1 b,-0.8099637,5370
2bakabr1/9/9/p1p5p/1R4p2/2P1C4/P3n1rcP/4B1N2/4A4/2BAK2R1 w,0.815481,6290
2bakabr1/9/9/p1p5p/1R4p2/2P1C4/P3n1rcP/4B4/4A3N/2BAK2R1 b,-0.79678446,5569
2bakabr1/9/9/p1p5p/1R4p2/2P1C4/P3n1r1P/4B4/4A2cN/2BAK2R1 w,0.7986569,3370
2bakabr1/9/9/p1p5p/4R1p2/2P1C4/P3n1r1P/4B4/4A2cN/2BAK2R1 b,-0.81661636,562
2baka1r1/9/4b4/p1p5p/4R1p2/2P1C4/P3n1r1P/4B4/4A2cN/2BAK2R1 w,0.89801544,3622
2baka1r1/9/4R4/p1p5p/6p2/2P1C4/P3n1r1P/4B4/4A2cN/2BAK2R1 b,-0.8954133,283
2b1ka1r1/4a4/4R4/p1p5p/6p2/2P1C4/P3n1r1P/4B4/4A2cN/2BAK2R1 w,0.91622573,2005
2b1ka1r1/4a4/7R1/p1p5p/6p2/2P1C4/P3n1r1P/4B4/4A2cN/2BAK2R1 b,-0.91148216,363
2bk1a1r1/4a4/7R1/p1p5p/6p2/2P1C4/P3n1r1P/4B4/4A2cN/2BAK2R1 w,0.9369441,2257
2bk1a1R1/4a4/9/p1p5p/6p2/2P1C4/P3n1r1P/4B4/4A2cN/2BAK2R1 b,-0.9260397,7187
2bk1a1R1/4a4/9/p1p5p/6p2/2P1C4/P3n1r1P/4B4/4Ac2N/2BAK2R1 w,0.9384943,664
2bk1a3/4a4/9/p1p4Rp/6p2/2P1C4/P3n1r1P/4B4/4Ac2N/2BAK2R1 b,-0.9347975,5462
2bk1a3/4a4/9/p1p4Rp/6p2/2P1C4/P3n3r/4B4/4Ac2N/2BAK2R1 w,0.9493391,7261
2bk1a3/4a4/9/p1p4Rp/6p2/2P1C4/P3n2Nr/4B4/4Ac3/2BAK2R1 b,-0.93209463,5289
2bk1a3/4a4/9/p1p4Rp/6p2/2P1C4/P6Nr/4B1n2/4Ac3/2BAK2R1 w,0.96273524,3090
2bk1a3/4a4/9/p1pR4p/6p2/2P1C4/P6Nr/4B1n2/4Ac3/2BAK2R1 b,-0.96884614,1191
2bk1a3/9/3a5/p1pR4p/6p2/2P1C4/P6Nr/4B1n2/4Ac3/2BAK2R1 w,0.96644026,2721
2bk1a3/9/3R5/p1p5p/6p2/2P1C4/P6Nr/4B1n2/4Ac3/2BAK2R1 b,-0.9625478,274
2b1ka3/9/3R5/p1p5p/6p2/2P1C4/P6Nr/4B1n2/4Ac3/2BAK2R1 w,0.96997684,5532
2b1ka3/9/3R5/p1p5p/6N2/2P1C4/P7r/4B1n2/4Ac3/2BAK2R1 b,-0.95610756,6260
2b1ka3/9/3R5/p1p5p/6N2/2P1Cn3/P7r/4B4/4Ac3/2BAK2R1 w,0.9648059,1910
2b1ka3/9/2R6/p1p5p/6N2/2P1Cn3/P7r/4B4/4Ac3/2BAK2R1 b,-0.94809514,5669
2b1ka3/9/2R6/p1p5p/6N2/2P1Cn3/P8/4B4/4Ac3/2BAK2Rr w,0.9389027,1802
2R1ka3/9/9/p1p5p/6N2/2P1Cn3/P8/4B4/4Ac3/2BAK2Rr b,-0.9766962,373
2R2a3/4k4/9/p1p5p/6N2/2P1Cn3/P8/4B4/4Ac3/2BAK2Rr w,1,3811
rnbakabnr/9/1c5c1/p1p1p1p1p/9/9/P1P1P1P1P/1C5C1/9/RNBAKABNR w,0.80182725,5827
rnbakabnr/9/1c5c1/p1p1p1p1p/9/9/P1P1P1P1P/4C2C1/9/RNBAKABNR b,-0.80176365,110
r1bakabnr/9/1cn4c1/p1p1p1p1p/9/9/P1P1P1P1P/4C2C1/9/RNBAKABNR w,0.80181485,7445
r1bakabnr/9/1cn4c1/p1p1p1p1p/9/9/P1P1P1P1P/2N1C2C1/9/R1BAKABNR b,-0.8018406,562
r1baka1nr/9/1cn1b2c1/p1p1p1p1p/9/9/P1P1P1P1P/2N1C2C1/9/R1BAKABNR w,0.8019352,7372
r1baka1nr/9/1cn1b2c1/p1p1p1p1p/9/9/P1P1P1P1P/2N1C2C1/9/1RBAKABNR b,-0.8017674,1
1rbaka1nr/9/1cn1b2c1/p1p1p1p1p/9/9/P1P1P1P1P/2N1C2C1/9/1RBAKABNR w,0.80169904,6368
1rbaka1nr/9/1cn1b2c1/p1p1p1p1p/9/9/P1P1P1P1P/2N1CC3/9/1RBAKABNR b,-0.8012889,654
1rbaka2r/9/1cn1b1nc1/p1p1p1p1p/9/9/P1P1P1P1P/2N1CC3/9/1RBAKABNR w,0.8016004,7989
1rbaka2r/9/1cn1b1nc1/p1p1p1p1p/9/9/P1P1P1P1P/2N1CCN2/9/1RBAKAB1R b,-0.8015005,3012
1rbaka2r/9/1cn1b1nc1/p1p1p3p/6p2/9/P1P1P1P1P/2N1CCN2/9/1RBAKAB1R w,0.8018723,8098
1rbaka2r/9/1cn1b1nc1/p1p1p3p/6p2/9/P1P1P1P1P/2N1CCN2/9/1RBAKABR1 b,-0.80202645,727
1rbaka1r1/9/1cn1b1nc1/p1p1p3p/6p2/9/P1P1P1P1P/2N1CCN2/9/1RBAKABR1 w,0.80255455,5087
1rbaka1r1/9/1cn1b1nc1/p1p1p3p/6p2/2P6/P3P1P1P/2N1CCN2/9/1RBAKABR1 b,-0.8021549,1765
1rbaka1r1/9/2n1b1nc1/p1p1p3p/6p2/2P6/Pc2P1P1P/2N1CCN2/9/1RBAKABR1 w,0.8047115,5898
1rbaka1r1/9/2n1b1nc1/p1p1p3p/6p2/2PN5/Pc2P1P1P/4CCN2/9/1RBAKABR1 b,-0.8063935,2311
1rbaka1r1/9/2n1b1n2/p1p1p3p/6p2/2PN5/Pc2P1PcP/4CCN2/9/1RBAKABR1 w,0.8079075,6143
1rbaka1r1/9/2n1bCn2/p1p1p3p/6p2/2PN5/Pc2P1PcP/4C1N2/9/1RBAKABR1 b,-0.80890244,1986
1rbakabr1/9/2n2Cn2/p1p1p3p/6p2/2PN5/Pc2P1PcP/4C1N2/9/1RBAKABR1 w,0.81814575,4351
1rbakabr1/9/2n2Cn2/p1p1N3p/6p2/2P6/Pc2P1PcP/4C1N2/9/1RBAKABR1 b,-0.8048105,1831
1rbakabr1/9/5Cn2/p1p1n3p/6p2/2P6/Pc2P1PcP/4C1N2/9/1RBAKABR1 w,0.80503064,6061
1rbakabr1/9/5Cn2/p1p1C3p/6p2/2P6/Pc2P1PcP/6N2/9/1RBAKABR1 b,-0.7905282,109
2bakabr1/9/1r3Cn2/p1p1C3p/6p2/2P6/Pc2P1PcP/6N2/9/1RBAKABR1 w,0.8020328,2839
2bakabr1/9/1r3Cn2/p1p5p/6p2/2P1C4/Pc2P1PcP/6N2/9/1RBAKABR1 b,-0.7984309,1733
2bakabr1/9/5rn2/p1p5p/6p2/2P1C4/Pc2P1PcP/6N2/9/1RBAKABR1 w,0.80963963,7435
2bakabr1/9/5rn2/p1p5p/6p2/2P1C4/PR2P1PcP/6N2/9/2BAKABR1 b,-0.80789757,2129
2bakabr1/9/6n2/p1p5p/6p2/2P1C4/PR2PrPcP/6N2/9/2BAKABR1 w,0.81509864,4987
2bakabr1/9/6n2/p1p5p/1R4p2/2P1C4/P3PrPcP/6N2/9/2BAKABR1 b,-0.8044979,2201
2bakabr1/9/9/p1p5p/1R3np2/2P1C4/P3PrPcP/6N2/9/2BAKABR1 w,0.821211,7897
2bakabr1/9/9/p1p5p/1R3np2/2P1C4/P3PrPcP/4B1N2/9/2BAKA1R1 b,-0.8098542,3748
2bakabr1/9/9/p1p5p/1R4p2/2P1C4/P3nrPcP/4B1N2/9/2BAKA1R1 w,0.82641643,7816
2bakabr1/9/9/p1p5p/1R4p2/2P1C4/P3nrPcP/4B1N2/4A4/2BAK2R1 b,-0.8099812,5370
2bakabr1/9/9/p1p5p/1R4p2/2P1C4/P3n1rcP/4B1N2/4A4/2BAK2R1 w,0.812631,3370
2bakabr1/9/9/p1p5p/4R1p2/2P1C4/P3n1rcP/4B1N2/4A4/2BAK2R1 b,-0.8105055,562
2baka1r1/9/4b4/p1p5p/4R1p2/2P1C4/P3n1rcP/4B1N2/4A4/2BAK2R1 w,0.8152345,6268
2baka1r1/9/4b4/p1p5p/4R1p2/2P1C4/P3N1rcP/4B4/4A4/2BAK2R1 b,-0.80473614,5458
2baka1r1/9/4b4/p1p5p/4R1p2/2P1C4/P3r2cP/4B4/4A4/2BAK2R1 w,0.8206258,3622
2baka1r1/9/4R4/p1p5p/6p2/2P1C4/P3r2cP/4B4/4A4/2BAK2R1 b,-0.84131014,463
2bak2r1/4a4/4R4/p1p5p/6p2/2P1C4/P3r2cP/4B4/4A4/2BAK2R1 w,0.9221486,2005
2bak2r1/4a4/7R1/p1p5p/6p2/2P1C4/P3r2cP/4B4/4A4/2BAK2R1 b,-0.9172482,1175
2baka1r1/9/7R1/p1p5p/6p2/2P1C4/P3r2cP/4B4/4A4/2BAK2R1 w,0.9159849,2257
2baka1R1/9/9/p1p5p/6p2/2P1C4/P3r2cP/4B4/4A4/2BAK2R1 b,-0.9086371,5544
2baka1R1/9/9/p1p5p/6p2/2P1C4/c3r3P/4B4/4A4/2BAK2R1 w,0.91916233,4460
2baka1R1/9/9/p1p5p/6p2/2P2C3/c3r3P/4B4/4A4/2BAK2R1 b,-0.9104594,3831
2baka1R1/9/9/p1p5p/9/2P2Cp2/c3r3P/4B4/4A4/2BAK2R1 w,0.9175686,6081
2baka1R1/9/9/p1p5p/9/2P2CB2/c3r3P/9/4A4/2BAK2R1 b,-0.90650934,4941
2baka1R1/9/9/p1p5p/9/2P2CB2/4r3P/9/4A4/c1BAK2R1 w,0.9021272,4514
2baka1R1/5C3/9/p1p5p/9/2P3B2/4r3P/9/4A4/c1BAK2R1 b,-0.85733676,5296
2baka1R1/5C3/9/p1p5p/9/2P3B2/8P/9/4r4/c1BAK2R1 w,0.8513176,7736
2baka1R1/5C3/9/p1p5p/9/2P3B2/8P/9/4r4/c1BA1K1R1 b,-0.84686846,6889
2baka1R1/5C3/9/p1p5p/9/2P1r1B2/8P/9/9/c1BA1K1R1 w,0.8806521,635
2bakR3/5C3/9/p1p5p/9/2P1r1B2/8P/9/9/c1BA1K1R1 b,-0.879365,373
2ba1R3/4kC3/9/p1p5p/9/2P1r1B2/8P/9/9/c1BA1K1R1 w,0.9433348,1277
2ba1R3/4k3C/9/p1p5p/9/2P1r1B2/8P/9/9/c1BA1K1R1 b,-0.9310212,1192
2ba1R3/8C/4k4/p1p5p/9/2P1r1B2/8P/9/9/c1BA1K1R1 w,0.9892188,473
2ba5/8C/4kR3/p1p5p/9/2P1r1B2/8P/9/9/c1BA1K1R1 b,-0.98972183,1993
2ba5/4k3C/5R3/p1p5p/9/2P1r1B2/8P/9/9/c1BA1K1R1 w,0.99429554,2084
2ba5/4kR2C/9/p1p5p/9/2P1r1B2/8P/9/9/c1BA1K1R1 b,-0.9966767,1174
2bak4/5R2C/9/p1p5p/9/2P1r1B2/8P/9/9/c1BA1K1R1 w,1,7927
rnbakabnr/9/1c5c1/p1p1p1p1p/9/9/P1P1P1P1P/1C5C1/9/RNBAKABNR w,-0.7981823,5827
rnbakabnr/9/1c5c1/p1p1p1p1p/9/9/P1P1P1P1P/4C2C1/9/RNBAKABNR b,0.7982332,110
r1bakabnr/9/1cn4c1/p1p1p1p1p/9/9/P1P1P1P1P/4C2C1/9/RNBAKABNR w,-0.7981642,7445
r1bakabnr/9/1cn4c1/p1p1p1p1p/9/9/P1P1P1P1P/2N1C2C1/9/R1BAKABNR b,0.7981536,562
r1baka1nr/9/1cn1b2c1/p1p1p1p1p/9/9/P1P1P1P1P/2N1C2C1/9/R1BAKABNR w,-0.79805803,7372
r1baka1nr/9/1cn1b2c1/p1p1p1p1p/9/9/P1P1P1P1P/2N1C2C1/9/1RBAKABNR b,0.798231,1
1rbaka1nr/9/1cn1b2c1/p1p1p1p1p/9/9/P1P1P1P1P/2N1C2C1/9/1RBAKABNR w,-0.798301,6368
1rbaka1nr/9/1cn1b2c1/p1p1p1p1p/9/9/P1P1P1P1P/2N1CC3/9/1RBAKABNR b,0.79872113,654
1rbaka2r/9/1cn1b1nc1/p1p1p1p1p/9/9/P1P1P1P1P/2N1CC3/9/1RBAKABNR w,-0.7984206,7989
1rbaka2r/9/1cn1b1nc1/p1p1p1p1p/9/9/P1P1P1P1P/2N1CCN2/9/1RBAKAB1R b,0.7986177,3012
1rbaka2r/9/1cn1b1nc1/p1p1p3p/6p2/9/P1P1P1P1P/2N1CCN2/9/1RBAKAB1R w,-0.7981277,8098
1rbaka2r/9/1cn1b1nc1/p1p1p3p/6p2/9/P1P1P1P1P/2N1CCN2/9/1RBAKABR1 b,0.7980907,727
1rbaka1r1/9/1cn1b1nc1/p1p1p3p/6p2/9/P1P1P1P1P/2N1CCN2/9/1RBAKABR1 w,-0.79748696,5087
1rbaka1r1/9/1cn1b1nc1/p1p1p3p/6p2/2P6/P3P1P1P/2N1CCN2/9/1RBAKABR1 b,0.7977745,1765
1rbaka1r1/9/2n1b1nc1/p1p1p3p/6p2/2P6/Pc2P1P1P/2N1CCN2/9/1RBAKABR1 w,-0.79522735,5898
1rbaka1r1/9/2n1b1nc1/p1p1p3p/6p2/2PN5/Pc2P1P1P/4CCN2/9/1RBAKABR1 b,0.7935736,2311
1rbaka1r1/9/2n1b1n2/p1p1p3p/6p2/2PN5/Pc2P1PcP/4CCN2/9/1RBAKABR1 w,-0.79217356,6143
1rbaka1r1/9/2n1bCn2/p1p1p3p/6p2/2PN5/Pc2P1PcP/4C1N2/9/1RBAKABR1 b,0.7915428,1986
1rbakabr1/9/2n2Cn2/p1p1p3p/6p2/2PN5/Pc2P1PcP/4C1N2/9/1RBAKABR1 w,-0.78244895,4351
1rbakabr1/9/2n2Cn2/p1p1N3p/6p2/2P6/Pc2P1PcP/4C1N2/9/1RBAKABR1 b,0.79521334,1831
1rbakabr1/9/5Cn2/p1p1n3p/6p2/2P6/Pc2P1PcP/4C1N2/9/1RBAKABR1 w,-0.7949987,6061
1rbakabr1/9/5Cn2/p1p1C3p/6p2/2P6/Pc2P1PcP/6N2/9/1RBAKABR1 b,0.8094429,109
2bakabr1/9/1r3Cn2/p1p1C3p/6p2/2P6/Pc2P1PcP/6N2/9/1RBAKABR1 w,-0.79691356,7897
2bakabr1/9/1r3Cn2/p1p1C3p/6p2/2P6/Pc2P1PcP/4B1N2/9/1RBAKA1R1 b,0.823279,5548
2bakabr1/9/1r3Cn2/p1p1C3p/6p2/2P6/Pc2c1P1P/4B1N2/9/1RBAKA1R1 w,-0.804554,7816
2bakabr1/9/1r3Cn2/p1p1C3p/6p2/2P6/Pc2c1P1P/4B1N2/4A4/1RBAK2R1 b,0.8090261,718
2bakab2/9/1r3Cn2/p1p1C3p/6p2/2P6/Pc2c1P1P/4B1N2/4A4/1RBAK2r1 w,-0.80798006,6298
2bakab2/9/1r3Cn2/p1p1C3p/6p2/2P6/Pc2c1P1P/4B4/4A4/1RBAK2N1 b,0.8056845,1733
2bakab2/9/5rn2/p1p1C3p/6p2/2P6/Pc2c1P1P/4B4/4A4/1RBAK2N1 w,-0.79943377,7435
2bakab2/9/5rn2/p1p1C3p/6p2/2P6/PR2c1P1P/4B4/4A4/2BAK2N1 b,0.80743986,2129
2bakab2/9/6n2/p1p1C3p/6p2/2P6/PR2crP1P/4B4/4A4/2BAK2N1 w,-0.7882421,2823
2bakab2/9/6n2/p1p3C1p/6p2/2P6/PR2crP1P/4B4/4A4/2BAK2N1 b,0.79211473,2191
2bakab2/9/9/p1p1n1C1p/6p2/2P6/PR2crP1P/4B4/4A4/2BAK2N1 w,-0.78837806,7989
2bakab2/9/9/p1p1n1C1p/6p2/2P6/PR2crP1P/4B1N2/4A4/2BAK4 b,0.80230194,5277
2bakab2/9/9/p1p1n1C1p/6p2/2P6/PR1c1rP1P/4B1N2/4A4/2BAK4 w,-0.8012594,2999
2bakab2/9/9/p1C1n3p/6p2/2P6/PR1c1rP1P/4B1N2/4A4/2BAK4 b,0.80969876,5370
2bakab2/9/9/p1C1n3p/6p2/2P6/PR1c2r1P/4B1N2/4A4/2BAK4 w,-0.8051792,2640
2bakab2/9/9/p2Cn3p/6p2/2P6/PR1c2r1P/4B1N2/4A4/2BAK4 b,0.8126731,2840
2bakab2/9/9/p2C4p/6p2/2P2n3/PR1c2r1P/4B1N2/4A4/2BAK4 w,-0.8103097,6296
2bakab2/9/9/p2C4p/6p2/2P2n3/PR1c2r1P/4B4/4A4/2BAKN3 b,0.84184796,4561
2bakab2/9/9/p2C4p/6p2/2P6/PR1c2rnP/4B4/4A4/2BAKN3 w,-0.83634716,7809
2bakab2/9/9/p2C4p/6p2/2P6/PR1c2rnP/4B1N2/4A4/2BAK4 b,0.9890113,5568
2bakab2/9/9/p2C4p/6p2/2P6/PR1c2r1P/4B1N2/4A1n2/2BAK4 w,-0.98944443,7736
2bakab2/9/9/p2C4p/6p2/2P6/PR1c2r1P/4B1N2/4A1n2/2BA1K3 b,0.9986961,5459
2bakab2/9/9/p2C4p/6p2/2P6/PR1c1r2P/4B1N2/4A1n2/2BA1K3 w,-0.9992072,6908
2bakab2/9/9/p2C4p/6p2/2P6/PR1c1r2P/4BAN2/6n2/2BA1K3 b,1,5378
rnbakabnr/9/1c5c1/p1p1p1p1p/9/9/P1P1P1P1P/1C5C1/9/RNBAKABNR w,0.80182725,5827
rnbakabnr/9/1c5c1/p1p1p1p1p/9/9/P1P1P1P1P/4C2C1/9/RNBAKABNR b,-0.80177987,110
r1bakabnr/9/1cn4c1/p1p1p1p1p/9/9/P1P1P1P1P/4C2C1/9/RNBAKABNR w,0.80182016,7445
r1bakabnr/9/1cn4c1/p1p1p1p1p/9/9/P1P1P1P1P/2N1C2C1/9/R1BAKABNR b,-0.8018107,562
r1baka1nr/9/1cn1b2c1/p1p1p1p1p/9/9/P1P1P1P1P/2N1C2C1/9/R1BAKABNR w,0.8019352,7372
r1baka1nr/9/1cn1b2c1/p1p1p1p1p/9/9/P1P1P1P1P/2N1C2C1/9/1RBAKABNR b,-0.80177104,1
1rbaka1nr/9/1cn1b2c1/p1p1p1p1p/9/9/P1P1P1P1P/2N1C2C1/9/1RBAKABNR w,0.80170405,6368
1rbaka1nr/9/1cn1b2c1/p1p1p1p1p/9/9/P1P1P1P1P/2N1CC3/9/1RBAKABNR b,-0.8012789,654
1rbaka2r/9/1cn1b1nc1/p1p1p1p1p/9/9/P1P1P1P1P/2N1CC3/9/1RBAKABNR w,0.80158657,7989
1rbaka2r/9/1cn1b1nc1/p1p1p1p1p/9/9/P1P1P1P1P/2N1CCN2/9/1RBAKAB1R b,-0.8013484,3012
1rbaka2r/9/1cn1b1nc1/p1p1p3p/6p2/9/P1P1P1P1P/2N1CCN2/9/1RBAKAB1R w,0.8018736,8098
1rbaka2r/9/1cn1b1nc1/p1p1p3p/6p2/9/P1P1P1P1P/2N1CCN2/9/1RBAKABR1 b,-0.8019926,727
1rbaka1r1/9/1cn1b1nc1/p1p1p3p/6p2/9/P1P1P1P1P/2N1CCN2/9/1RBAKABR1 w,0.8027355,5087
1rbaka1r1/9/1cn1b1nc1/p1p1p3p/6p2/2P6/P3P1P1P/2N1CCN2/9/1RBAKABR1 b,-0.8021859,1765
1rbaka1r1/9/2n1b1nc1/p1p1p3p/6p2/2P6/Pc2P1P1P/2N1CCN2/9/1RBAKABR1 w,0.8047115,5898
1rbaka1r1/9/2n1b1nc1/p1p1p3p/6p2/2PN5/Pc2P1P1P/4CCN2/9/1RBAKABR1 b,-0.8064264,2311
1rbaka1r1/9/2n1b1n2/p1p1p3p/6p2/2PN5/Pc2P1PcP/4CCN2/9/1RBAKABR1 w,0.8079075,6143
1rbaka1r1/9/2n1bCn2/p1p1p3p/6p2/2PN5/Pc2P1PcP/4C1N2/9/1RBAKABR1 b,-0.8084572,1986
1rbakabr1/9/2n2Cn2/p1p1p3p/6p2/2PN5/Pc2P1PcP/4C1N2/9/1RBAKABR1 w,0.81814575,4351
1rbakabr1/9/2n2Cn2/p1p1N3p/6p2/2P6/Pc2P1PcP/4C1N2/9/1RBAKABR1 b,-0.8047812,1831
1rbakabr1/9/5Cn2/p1p1n3p/6p2/2P6/Pc2P1PcP/4C1N2/9/1RBAKABR1 w,0.80557835,6061
1rbakabr1/9/5Cn2/p1p1C3p/6p2/2P6/Pc2P1PcP/6N2/9/1RBAKABR1 b,-0.7909604,109
2bakabr1/9/1r3Cn2/p1p1C3p/6p2/2P6/Pc2P1PcP/6N2/9/1RBAKABR1 w,0.80192703,2839
2bakabr1/9/1r3Cn2/p1p5p/6p2/2P1C4/Pc2P1PcP/6N2/9/1RBAKABR1 b,-0.7983015,1733
2bakabr1/9/5rn2/p1p5p/6p2/2P1C4/Pc2P1PcP/6N2/9/1RBAKABR1 w,0.8099838,7435
2bakabr1/9/5rn2/p1p5p/6p2/2P1C4/PR2P1PcP/6N2/9/2BAKABR1 b,-0.8075304,2129
2bakabr1/9/6n2/p1p5p/6p2/2P1C4/PR2PrPcP/6N2/9/2BAKABR1 w,0.8147095,4987
2bakabr1/9/6n2/p1p5p/1R4p2/2P1C4/P3PrPcP/6N2/9/2BAKABR1 b,-0.80421466,2201
2bakabr1/9/9/p1p5p/1R3np2/2P1C4/P3PrPcP/6N2/9/2BAKABR1 w,0.8223454,7897
2bakabr1/9/9/p1p5p/1R3np2/2P1C4/P3PrPcP/4B1N2/9/2BAKA1R1 b,-0.8094366,3748
2bakabr1/9/9/p1p5p/1R4p2/2P1C4/P3nrPcP/4B1N2/9/2BAKA1R1 w,0.82641643,7816
2bakabr1/9/9/p1p5p/1R4p2/2P1C4/P3nrPcP/4B1N2/4A4/2BAK2R1 b,-0.8100757,5370
2bakabr1/9/9/p1p5p/1R4p2/2P1C4/P3n1rcP/4B1N2/4A4/2BAK2R1 w,0.81241554,3370
2bakabr1/9/9/p1p5p/4R1p2/2P1C4/P3n1rcP/4B1N2/4A4/2BAK2R1 b,-0.8096836,562
2baka1r1/9/4b4/p1p5p/4R1p2/2P1C4/P3n1rcP/4B1N2/4A4/2BAK2R1 w,0.81412286,6268
2baka1r1/9/4b4/p1p5p/4R1p2/2P1C4/P3N1rcP/4B4/4A4/2BAK2R1 b,-0.80484945,5458
2baka1r1/9/4b4/p1p5p/4R1p2/2P1C4/P3r2cP/4B4/4A4/2BAK2R1 w,0.8184429,3622
2baka1r1/9/4R4/p1p5p/6p2/2P1C4/P3r2cP/4B4/4A4/2BAK2R1 b,-0.8400813,463
2bak2r1/4a4/4R4/p1p5p/6p2/2P1C4/P3r2cP/4B4/4A4/2BAK2R1 w,0.9195935,2005
2bak2r1/4a4/7R1/p1p5p/6p2/2P1C4/P3r2cP/4B4/4A4/2BAK2R1 b,-0.9169382,1175
2baka1r1/9/7R1/p1p5p/6p2/2P1C4/P3r2cP/4B4/4A4/2BAK2R1 w,0.91610295,2257
2baka1R1/9/9/p1p5p/6p2/2P1C4/P3r2cP/4B4/4A4/2BAK2R1 b,-0.9090047,5544
2baka1R1/9/9/p1p5p/6p2/2P1C4/c3r3P/4B4/4A4/2BAK2R1 w,0.91969013,4460
2baka1R1/9/9/p1p5p/6p2/2P2C3/c3r3P/4B4/4A4/2BAK2R1 b,-0.9164955,4941
2baka1R1/9/9/p1p5p/6p2/2P2C3/4r3P/4B4/4A4/c1BAK2R1 w,0.9188605,7954
2baka1R1/9/9/p1p4Rp/6p2/2P2C3/4r3P/4B4/4A4/c1BAK4 b,-0.89365304,5287
2baka1R1/9/9/p1p4Rp/6p2/2P2C3/8P/4r4/4A4/c1BAK4 w,0.9072295,3093
2baka1R1/9/9/p1p3R1p/6p2/2P2C3/8P/4r4/4A4/c1BAK4 b,-0.86752886,6106
2baka1R1/9/9/p1p3R1p/6p2/2P2C3/8P/9/4r4/c1BAK4 w,0.8694892,7736
2baka1R1/9/9/p1p3R1p/6p2/2P2C3/8P/9/4r4/c1BA1K3 b,-0.86090815,6889
2baka1R1/9/9/p1p3R1p/6p2/2P1rC3/8P/9/9/c1BA1K3 w,0.89888585,3002
2baka1R1/9/9/p1p2R2p/6p2/2P1rC3/8P/9/9/c1BA1K3 b,-0.89308447,4457
2baka1R1/9/9/p1p2R2p/6p2/2r2C3/8P/9/9/c1BA1K3 w,0.91711473,4505
2bakC1R1/9/9/p1p2R2p/6p2/2r6/8P/9/9/c1BA1K3 b,-0.9091097,198
3akC1R1/9/b8/p1p2R2p/6p2/2r6/8P/9/9/c1BA1K3 w,0.9986592,2911
3akC1R1/9/b8/p1p1R3p/6p2/2r6/8P/9/9/c1BA1K3 b,-0.9989021,283
4kC1R1/4a4/b8/p1p1R3p/6p2/2r6/8P/9/9/c1BA1K3 w,1,464
rnbakabnr/9/1c5c1/p1p1p1p1p/9/9/P1P1P1P1P/1C5C1/9/RNBAKABNR w,-0.7981907,5827
rnbakabnr/9/1c5c1/p1p1p1p1p/9/9/P1P1P1P1P/4C2C1/9/RNBAKABNR b,0.79821116,110
r1bakabnr/9/1cn4c1/p1p1p1p1p/9/9/P1P1P1P1P/4C2C1/9/RNBAKABNR w,-0.7981642,7445
r1bakabnr/9/1cn4c1/p1p1p1p1p/9/9/P1P1P1P1P/2N1C2C1/9/R1BAKABNR b,0.79817766,562
r1baka1nr/9/1cn1b2c1/p1p1p1p1p/9/9/P1P1P1P1P/2N1C2C1/9/R1BAKABNR w,-0.79805344,7372
r1baka1nr/9/1cn1b2c1/p1p1p1p1p/9/9/P1P1P1P1P/2N1C2C1/9/1RBAKABNR b,0.7982265,1
1rbaka1nr/9/1cn1b2c1/p1p1p1p1p/9/9/P1P1P1P1P/2N1C2C1/9/1RBAKABNR w,-0.79830146,6368
1rbaka1nr/9/1cn1b2c1/p1p1p1p1p/9/9/P1P1P1P1P/2N1CC3/9/1RBAKABNR b,0.7987143,654
1rbaka2r/9/1cn1b1nc1/p1p1p1p1p/9/9/P1P1P1P1P/2N1CC3/9/1RBAKABNR w,-0.7984249,7989
1rbaka2r/9/1cn1b1nc1/p1p1p1p1p/9/9/P1P1P1P1P/2N1CCN2/9/1RBAKAB1R b,0.7986271,3012
1rbaka2r/9/1cn1b1nc1/p1p1p3p/6p2/9/P1P1P1P1P/2N1CCN2/9/1RBAKAB1R w,-0.7981264,8098
1rbaka2r/9/1cn1b1nc1/p1p1p3p/6p2/9/P1P1P1P1P/2N1CCN2/9/1RBAKABR1 b,0.7981072,727
1rbaka1r1/9/1cn1b1nc1/p1p1p3p/6p2/9/P1P1P1P1P/2N1CCN2/9/1RBAKABR1 w,-0.79748696,5087
1rbaka1r1/9/1cn1b1nc1/p1p1p3p/6p2/2P6/P3P1P1P/2N1CCN2/9/1RBAKABR1 b,0.7978376,1765
1rbaka1r1/9/2n1b1nc1/p1p1p3p/6p2/2P6/Pc2P1P1P/2N1CCN2/9/1RBAKABR1 w,-0.7952463,5898
1rbaka1r1/9/2n1b1nc1/p1p1p3p/6p2/2PN5/Pc2P1P1P/4CCN2/9/1RBAKABR1 b,0.7935896,2311
1rbaka1r1/9/2n1b1n2/p1p1p3p/6p2/2PN5/Pc2P1PcP/4CCN2/9/1RBAKABR1 w,-0.7920925,6143
1rbaka1r1/9/2n1bCn2/p1p1p3p/6p2/2PN5/Pc2P1PcP/4C1N2/9/1RBAKABR1 b,0.7915428,1986
1rbakabr1/9/2n2Cn2/p1p1p3p/6p2/2PN5/Pc2P1PcP/4C1N2/9/1RBAKABR1 w,-0.78244895,4351
1rbakabr1/9/2n2Cn2/p1p1N3p/6p2/2P6/Pc2P1PcP/4C1N2/9/1RBAKABR1 b,0.7952187,1831
1rbakabr1/9/5Cn2/p1p1n3p/6p2/2P6/Pc2P1PcP/4C1N2/9/1RBAKABR1 w,-0.7948941,6061
1rbakabr1/9/5Cn2/p1p1C3p/6p2/2P6/Pc2P1PcP/6N2/9/1RBAKABR1 b,0.8088896,109
2bakabr1/9/1r3Cn2/p1p1C3p/6p2/2P6/Pc2P1PcP/6N2/9/1RBAKABR1 w,-0.79812026,2839
2bakabr1/9/1r3Cn2/p1p5p/6p2/2P1C4/Pc2P1PcP/6N2/9/1RBAKABR1 b,0.8015423,1733
2bakabr1/9/5rn2/p1p5p/6p2/2P1C4/Pc2P1PcP/6N2/9/1RBAKABR1 w,-0.79037064,7435
2bakabr1/9/5rn2/p1p5p/6p2/2P1C4/PR2P1PcP/6N2/9/2BAKABR1 b,0.7940752,2201
2bakabr1/9/5r3/p1p5p/5np2/2P1C4/PR2P1PcP/6N2/9/2BAKABR1 w,-0.7859534,4987
2bakabr1/9/5r3/p1p5p/1R3np2/2P1C4/P3P1PcP/6N2/9/2BAKABR1 b,0.7917396,3750
2bakabr1/9/5r3/p1p5p/1R4p2/2P1C4/P3P1ncP/6N2/9/2BAKABR1 w,-0.78041315,3372
2bakabr1/9/5r3/p1p5p/6R2/2P1C4/P3P1ncP/6N2/9/2BAKABR1 b,0.79457456,5449
2bakabr1/9/5r3/p1p5p/6R2/2P1n4/P3P2cP/6N2/9/2BAKABR1 w,-0.7943421,5269
2bakabr1/9/5r3/p1p5p/6R2/2P1P4/P6cP/6N2/9/2BAKABR1 b,0.80094475,2129
2bakabr1/9/9/p1p5p/6R2/2P1P4/P4r1cP/6N2/9/2BAKABR1 w,-0.79761875,3813
2bakabr1/9/9/p1p3R1p/9/2P1P4/P4r1cP/6N2/9/2BAKABR1 b,0.8007509,5378
2bakabr1/9/9/p1p3R1p/9/2P1P4/P6cP/5rN2/9/2BAKABR1 w,-0.783385,7999
2bakabr1/9/9/p1p3R1p/9/2P1P4/P6cP/5rN2/7R1/2BAKAB2 b,0.8026009,673
2bakab2/9/9/p1p3R1p/7r1/2P1P4/P6cP/5rN2/7R1/2BAKAB2 w,-0.77433795,2976
2bakaR2/9/9/p1p5p/7r1/2P1P4/P6cP/5rN2/7R1/2BAKAB2 b,0.78526837,6179
2bakaR2/9/9/p1p5p/7r1/2P1P4/P4r1cP/6N2/7R1/2BAKAB2 w,-0.77583313,573
2baka3/9/9/p1p3R1p/7r1/2P1P4/P4r1cP/6N2/7R1/2BAKAB2 b,0.79267,3909
2baka3/9/9/p1p3R1p/3r5/2P1P4/P4r1cP/6N2/7R1/2BAKAB2 w,-0.7756446,7186
2baka3/9/9/p1p3R1p/3r5/2P1P4/P4r1cP/6N2/4R4/2BAKAB2 b,0.8178306,5367
2baka3/9/9/p1p3R1p/3r5/2P1P4/P2r3cP/6N2/4R4/2BAKAB2 w,-0.81018066,6898
2baka3/9/9/p1p3R1p/3r5/2P1P4/P2rR2cP/6N2/9/2BAKAB2 b,0.8642435,5214
2baka3/9/9/p1p3R1p/3r5/2P1P4/P3R2cP/6N2/9/2BrKAB2 w,-0.8663268,7726
2baka3/9/9/p1p3R1p/3r5/2P1P4/P3R2cP/6N2/4K4/2Br1AB2 b,0.8780326,3585
2baka3/9/9/p1p3R1p/9/2P1P4/P3R2cP/6N2/3rK4/2Br1AB2 w,-0.8804348,6907
2baka3/9/9/p1p3R1p/9/2P1P4/P3R2cP/4K1N2/3r5/2Br1AB2 b,0.87997544,7645
2baka3/9/9/p1p3R1p/9/2P1P4/P3R2cP/4K1N2/3r5/2B1rAB2 w,-0.88283134,6098
2baka3/9/9/p1p3R1p/9/2P1P4/P3R2cP/5KN2/3r5/2B1rAB2 b,0.893766,5560
2baka3/9/9/p1p3R1p/9/2P1P4/P3R3P/5KNc1/3r5/2B1rAB2 w,-0.89482015,6260
2baka3/9/9/p1p3R1p/9/2P1PN3/P3R3P/5K1c1/3r5/2B1rAB2 b,0.89863414,7736
2baka3/9/9/p1p3R1p/9/2P1PN3/P3R3P/5K1c1/3r5/2B2rB2 w,-0.8997151,6187
2baka3/9/9/p1p3R1p/9/2P1PN3/P3R3P/4K2c1/3r5/2B2rB2 b,0.90598077,7790
2baka3/9/9/p1p3R1p/9/2P1Pr3/P3R3P/4K2c1/3r5/2B3B2 w,-0.90010417,5281
2baka3/9/9/p1p3R1p/9/2P1Pr3/P6RP/4K2c1/3r5/2B3B2 b,0.9811583,4549
2baka3/9/9/p1p3R1p/9/2P1r4/P6RP/4K2c1/3r5/2B3B2 w,-0.98412627,6098
2baka3/9/9/p1p3R1p/9/2P1r4/P6RP/5K1c1/3r5/2B3B2 b,0.99508,4460
2baka3/9/9/p1p3R1p/9/2P2r3/P6RP/5K1c1/3r5/2B3B2 w,-0.9952932,5549
2baka3/9/9/p1p3R1p/9/2P2r3/P4R2P/5K1c1/3r5/2B3B2 b,1,4559
rnbakabnr/9/1c5c1/p1p1p1p1p/9/9/P1P1P1P1P/1C5C1/9/RNBAKABNR w,0.0017991782,5827
rnbakabnr/9/1c5c1/p1p1p1p1p/9/9/P1P1P1P1P/4C2C1/9/RNBAKABNR b,-0.0017636538,110
r1bakabnr/9/1cn4c1/p1p1p1p1p/9/9/P1P1P1P1P/4C2C1/9/RNBAKABNR w,0.0018357992,7445
r1bakabnr/9/1cn4c1/p1p1p1p1p/9/9/P1P1P1P1P/2N1C2C1/9/R1BAKABNR b,-0.0018089175,562
r1baka1nr/9/1cn1b2c1/p1p1p1p1p/9/9/P1P1P1P1P/2N1C2C1/9/R1BAKABNR w,0.0019465685,7372
r1baka1nr/9/1cn1b2c1/p1p1p1p1p/9/9/P1P1P1P1P/2N1C2C1/9/1RBAKABNR b,-0.0017700195,1
1rbaka1nr/9/1cn1b2c1/p1p1p1p1p/9/9/P1P1P1P1P/2N1C2C1/9/1RBAKABNR w,0.0016865969,6368
1rbaka1nr/9/1cn1b2c1/p1p1p1p1p/9/9/P1P1P1P1P/2N1CC3/9/1RBAKABNR b,-0.0012889147,654
1rbaka2r/9/1cn1b1nc1/p1p1p1p1p/9/9/P1P1P1P1P/2N1CC3/9/1RBAKABNR w,0.0015865564,7989
1rbaka2r/9/1cn1b1nc1/p1p1p1p1p/9/9/P1P1P1P1P/2N1CCN2/9/1RBAKAB1R b,-0.0013729454,3012
1rbaka2r/9/1cn1b1nc1/p1p1p3p/6p2/9/P1P1P1P1P/2N1CCN2/9/1RBAKAB1R w,0.0018939496,8098
1rbaka2r/9/1cn1b1nc1/p1p1p3p/6p2/9/P1P1P1P1P/2N1CCN2/9/1RBAKABR1 b,-0.0020063282,727
1rbaka1r1/9/1cn1b1nc1/p1p1p3p/6p2/9/P1P1P1P1P/2N1CCN2/9/1RBAKABR1 w,0.002818203,5087
1rbaka1r1/9/1cn1b1nc1/p1p1p3p/6p2/2P6/P3P1P1P/2N1CCN2/9/1RBAKABR1 b,-0.0021623732,1765
1rbaka1r1/9/2n1b1nc1/p1p1p3p/6p2/2P6/Pc2P1P1P/2N1CCN2/9/1RBAKABR1 w,0.004753709,5898
1rbaka1r1/9/2n1b1nc1/p1p1p3p/6p2/2PN5/Pc2P1P1P/4CCN2/9/1RBAKABR1 b,-0.0064703347,2311
1rbaka1r1/9/2n1b1n2/p1p1p3p/6p2/2PN5/Pc2P1PcP/4CCN2/9/1RBAKABR1 w,0.007929206,6143
1rbaka1r1/9/2n1bCn2/p1p1p3p/6p2/2PN5/Pc2P1PcP/4C1N2/9/1RBAKABR1 b,-0.007967639,1986
1rbakabr1/9/2n2Cn2/p1p1p3p/6p2/2PN5/Pc2P1PcP/4C1N2/9/1RBAKABR1 w,0.018145729,4351
1rbakabr1/9/2n2Cn2/p1p1N3p/6p2/2P6/Pc2P1PcP/4C1N2/9/1RBAKABR1 b,-0.0047813295,1831
1rbakabr1/9/5Cn2/p1p1n3p/6p2/2P6/Pc2P1PcP/4C1N2/9/1RBAKABR1 w,0.005001283,6061
1rbakabr1/9/5Cn2/p1p1C3p/6p2/2P6/Pc2P1PcP/6N2/9/1RBAKABR1 b,0.009153224,109
2bakabr1/9/1r3Cn2/p1p1C3p/6p2/2P6/Pc2P1PcP/6N2/9/1RBAKABR1 w,0.0018720865,2839
2bakabr1/9/1r3Cn2/p1p5p/6p2/2P1C4/Pc2P1PcP/6N2/9/1RBAKABR1 b,0.0016442061,1733
2bakabr1/9/5rn2/p1p5p/6p2/2P1C4/Pc2P1PcP/6N2/9/1RBAKABR1 w,0.009653449,7435
2bakabr1/9/5rn2/p1p5p/6p2/2P1C4/PR2P1PcP/6N2/9/2BAKABR1 b,-0.0074599744,2129
2bakabr1/9/6n2/p1p5p/6p2/2P1C4/PR2PrPcP/6N2/9/2BAKABR1 w,0.014599037,4987
2bakabr1/9/6n2/p1p5p/1R4p2/2P1C4/P3PrPcP/6N2/9/2BAKABR1 b,-0.0043162704,2201
2bakabr1/9/9/p1p5p/1R3np2/2P1C4/P3PrPcP/6N2/9/2BAKABR1 w,0.021557951,7897
2bakabr1/9/9/p1p5p/1R3np2/2P1C4/P3PrPcP/4B1N2/9/2BAKA1R1 b,-0.009876681,3748
2bakabr1/9/9/p1p5p/1R4p2/2P1C4/P3nrPcP/4B1N2/9/2BAKA1R1 w,0.026765322,7816
2bakabr1/9/9/p1p5p/1R4p2/2P1C4/P3nrPcP/4B1N2/4A4/2BAK2R1 b,-0.010361719,5370
2bakabr1/9/9/p1p5p/1R4p2/2P1C4/P3n1rcP/4B1N2/4A4/2BAK2R1 w,0.012486911,3370
2bakabr1/9/9/p1p5p/4R1p2/2P1C4/P3n1rcP/4B1N2/4A4/2BAK2R1 b,-0.00802914,562
2baka1r1/9/4b4/p1p5p/4R1p2/2P1C4/P3n1rcP/4B1N2/4A4/2BAK2R1 w,0.01412282,6268
2baka1r1/9/4b4/p1p5p/4R1p2/2P1C4/P3N1rcP/4B4/4A4/2BAK2R1 b,-0.004993892,5458
2baka1r1/9/4b4/p1p5p/4R1p2/2P1C4/P3r2cP/4B4/4A4/2BAK2R1 w,0.018274618,3622
2baka1r1/9/4R4/p1p5p/6p2/2P1C4/P3r2cP/4B4/4A4/2BAK2R1 b,-0.034829285,463
2bak2r1/4a4/4R4/p1p5p/6p2/2P1C4/P3r2cP/4B4/4A4/2BAK2R1 w,0.11864507,2005
2bak2r1/4a4/7R1/p1p5p/6p2/2P1C4/P3r2cP/4B4/4A4/2BAK2R1 b,-0.11615013,1175
2baka1r1/9/7R1/p1p5p/6p2/2P1C4/P3r2cP/4B4/4A4/2BAK2R1 w,0.11599832,2257
2baka1R1/9/9/p1p5p/6p2/2P1C4/P3r2cP/4B4/4A4/2BAK2R1 b,-0.10905864,5544
2baka1R1/9/9/p1p5p/6p2/2P1C4/c3r3P/4B4/4A4/2BAK2R1 w,0.11900387,4460
2baka1R1/9/9/p1p5p/6p2/2P2C3/c3r3P/4B4/4A4/2BAK2R1 b,-0.11000202,3831
2baka1R1/9/9/p1p5p/9/2P2Cp2/c3r3P/4B4/4A4/2BAK2R1 w,0.11756759,6081
2baka1R1/9/9/p1p5p/9/2P2CB2/c3r3P/9/4A4/2BAK2R1 b,-0.11003565,4941
2baka1R1/9/9/p1p5p/9/2P2CB2/4r3P/9/4A4/c1BAK2R1 w,0.10276816,4568
2baka1R1/9/9/p1p5p/9/2P3B2/4r3P/5C3/4A4/c1BAK2R1 b,-0.050108887,5296
2baka1R1/9/9/p1p5p/9/2P3B2/8P/5C3/4r4/c1BAK2R1 w,0.054496814,7736
2baka1R1/9/9/p1p5p/9/2P3B2/8P/5C3/4r4/c1BA1K1R1 b,-0.04298514,6915
2baka1R1/9/9/p1p5p/9/2P3B2/8P/5C3/3r5/c1BA1K1R1 w,0.038591314,6187
2baka1R1/9/9/p1p5p/9/2P3B2/8P/4C4/3r5/c1BA1K1R1 b,-0.011611509,6834
2baka1R1/9/9/p1p5p/9/2P3B2/8P/4C4/9/c1Br1K1R1 w,0.020321107,7817
2baka1R1/9/9/p1p5p/9/2P3B2/8P/4C4/5K3/c1Br3R1 b,-0.0052192807,7648
2baka1R1/9/9/p1p5p/9/2P3B2/8P/4C4/5K3/c1B4r1 w,-0.006296754,635
2bakR3/9/9/p1p5p/9/2P3B2/8P/4C4/5K3/c1B4r1 b,0.0014981509,373
2ba1R3/4k4/9/p1p5p/9/2P3B2/8P/4C4/5K3/c1B4r1 w,0.005134344,491
2ba5/4k4/9/p1p5p/5R3/2P3B2/8P/4C4/5K3/c1B4r1 b,0.011258912,7999
2ba5/4k4/9/p1p5p/5R3/2P3B2/8P/4C4/5K1r1/c1B6 w,-0.011469543,6998
2ba5/4k4/9/p1p5p/5R3/2P3B2/8P/4CK3/7r1/c1B6 b,0.023232508,7198
2ba5/4k4/9/p1p5p/5R3/2P3B2/8P/4CK3/9/c1B4r1 w,0,6197
rnbakabnr/9/1c5c1/p1p1p1p1p/9/9/P1P1P1P1P/1C5C1/9/RNBAKABNR w,0.80180943,5827
rnbakabnr/9/1c5c1/p1p1p1p1p/9/9/P1P1P1P1P/4C2C1/9/RNBAKABNR b,-0.8017806,110
r1bakabnr/9/1cn4c1/p1p1p1p1p/9/9/P1P1P1P1P/4C2C1/9/RNBAKABNR w,0.8018302,7445
r1bakabnr/9/1cn4c1/p1p1p1p1p/9/9/P1P1P1P1P/2N1C2C1/9/R1BAKABNR b,-0.80183953,562
r1baka1nr/9/1cn1b2c1/p1p1p1p1p/9/9/P1P1P1P1P/2N1C2C1/9/R1BAKABNR w,0.8019466,7372
r1baka1nr/9/1cn1b2c1/p1p1p1p1p/9/9/P1P1P1P1P/2N1C2C1/9/1RBAKABNR b,-0.8017659,1
1rbaka1nr/9/1cn1b2c1/p1p1p1p1p/9/9/P1P1P1P1P/2N1C2C1/9/1RBAKABNR w,0.80169904,6368
1rbaka1nr/9/1cn1b2c1/p1p1p1p1p/9/9/P1P1P1P1P/2N1CC3/9/1RBAKABNR b,-0.8012761,654
1rbaka2r/9/1cn1b1nc1/p1p1p1p1p/9/9/P1P1P1P1P/2N1CC3/9/1RBAKABNR w,0.8016004,7989
1rbaka2r/9/1cn1b1nc1/p1p1p1p1p/9/9/P1P1P1P1P/2N1CCN2/9/1RBAKAB1R b,-0.8013648,3012
1rbaka2r/9/1cn1b1nc1/p1p1p3p/6p2/9/P1P1P1P1P/2N1CCN2/9/1RBAKAB1R w,0.80187565,8098
1rbaka2r/9/1cn1b1nc1/p1p1p3p/6p2/9/P1P1P1P1P/2N1CCN2/9/1RBAKABR1 b,-0.8020148,727
1rbaka1r1/9/1cn1b1nc1/p1p1p3p/6p2/9/P1P1P1P1P/2N1CCN2/9/1RBAKABR1 w,0.80251306,5087
1rbaka1r1/9/1cn1b1nc1/p1p1p3p/6p2/2P6/P3P1P1P/2N1CCN2/9/1RBAKABR1 b,-0.8022066,1765
1rbaka1r1/9/2n1b1nc1/p1p1p3p/6p2/2P6/Pc2P1P1P/2N1CCN2/9/1RBAKABR1 w,0.8047727,5898
1rbaka1r1/9/2n1b1nc1/p1p1p3p/6p2/2PN5/Pc2P1P1P/4CCN2/9/1RBAKABR1 b,-0.8064504,2311
1rbaka1r1/9/2n1b1n2/p1p1p3p/6p2/2PN5/Pc2P1PcP/4CCN2/9/1RBAKABR1 w,0.8078968,6143
1rbaka1r1/9/2n1bCn2/p1p1p3p/6p2/2PN5/Pc2P1PcP/4C1N2/9/1RBAKABR1 b,-0.8084572,1986
1rbakabr1/9/2n2Cn2/p1p1p3p/6p2/2PN5/Pc2P1PcP/4C1N2/9/1RBAKABR1 w,0.81814575,4351
1rbakabr1/9/2n2Cn2/p1p1N3p/6p2/2P6/Pc2P1PcP/4C1N2/9/1RBAKABR1 b,-0.804766,1831
1rbakabr1/9/5Cn2/p1p1n3p/6p2/2P6/Pc2P1PcP/4C1N2/9/1RBAKABR1 w,0.80505747,6061
1rbakabr1/9/5Cn2/p1p1C3p/6p2/2P6/Pc2P1PcP/6N2/9/1RBAKABR1 b,-0.79062665,109
2bakabr1/9/1r3Cn2/p1p1C3p/6p2/2P6/Pc2P1PcP/6N2/9/1RBAKABR1 w,0.8020568,2839
2bakabr1/9/1r3Cn2/p1p5p/6p2/2P1C4/Pc2P1PcP/6N2/9/1RBAKABR1 b,-0.7983722,1733
2bakabr1/9/5rn2/p1p5p/6p2/2P1C4/Pc2P1PcP/6N2/9/1RBAKABR1 w,0.8097087,7435
2bakabr1/9/5rn2/p1p5p/6p2/2P1C4/PR2P1PcP/6N2/9/2BAKABR1 b,-0.8070279,2201
2bakabr1/9/5r3/p1p5p/5np2/2P1C4/PR2P1PcP/6N2/9/2BAKABR1 w,0.81418735,4987
2bakabr1/9/5r3/p1p5p/1R3np2/2P1C4/P3P1PcP/6N2/9/2BAKABR1 b,-0.8084692,3750
2bakabr1/9/5r3/p1p5p/1R4p2/2P1C4/P3P1ncP/6N2/9/2BAKABR1 w,0.81916374,3372
2bakabr1/9/5r3/p1p5p/6R2/2P1C4/P3P1ncP/6N2/9/2BAKABR1 b,-0.8054496,5449
2bakabr1/9/5r3/p1p5p/6R2/2P1n4/P3P2cP/6N2/9/2BAKABR1 w,0.80575603,5269
2bakabr1/9/5r3/p1p5p/6R2/2P1P4/P6cP/6N2/9/2BAKABR1 b,-0.79952466,5560
2bakabr1/9/5r3/p1p5p/6R2/2P1P4/P7P/6Nc1/9/2BAKABR1 w,0.8098527,7999
2bakabr1/9/5r3/p1p5p/6R2/2P1P4/P7P/6Nc1/7R1/2BAKAB2 b,-0.7986315,2138
2bakabr1/9/9/p1p5p/6R2/2P1P4/P7P/5rNc1/7R1/2BAKAB2 w,0.8007613,3813
2bakabr1/9/9/p1p3R1p/9/2P1P4/P7P/5rNc1/7R1/2BAKAB2 b,-0.80209416,691
2bakab2/9/9/p1p3R1p/9/2P1P4/P6rP/5rNc1/7R1/2BAKAB2 w,0.81477976,2976
2bakaR2/9/9/p1p5p/9/2P1P4/P6rP/5rNc1/7R1/2BAKAB2 b,-0.8039704,5548
2bakaR2/9/9/p1p5p/9/2P1P4/P3r3P/5rNc1/7R1/2BAKAB2 w,0.813626,7186
2bakaR2/9/9/p1p5p/9/2P1P4/P3r3P/5rNc1/4R4/2BAKAB2 b,-0.8033122,5276
2bakaR2/9/9/p1p5p/9/2P1P4/P1r5P/5rNc1/4R4/2BAKAB2 w,0.80893105,555
2baka3/6R2/9/p1p5p/9/2P1P4/P1r5P/5rNc1/4R4/2BAKAB2 b,-0.7988823,5123
2baka3/6R2/9/p1p5p/9/2P1P4/P7P/5rNc1/4R4/2rAKAB2 w,0.8051065,4450
2baka3/6R2/9/p1p5p/4P4/2P6/P7P/5rNc1/4R4/2rAKAB2 b,-0.7829479,6186
2baka3/6R2/9/p1p5p/4P4/2P6/P7P/3r2Nc1/4R4/2rAKAB2 w,0.93429524,3641
2baka3/6R2/9/p1p5p/5P3/2P6/P7P/3r2Nc1/4R4/2rAKAB2 b,-0.92944,6007
2baka3/6R2/9/p1p5p/5P3/2P6/P7P/4r1Nc1/4R4/2rAKAB2 w,0.9392113,7897
2baka3/6R2/9/p1p5p/5P3/2P6/P7P/4B1Nc1/4R4/2rAKA3 b,-0.93509793,7526
2baka3/6R2/9/p1p5p/5P3/2P6/P1r5P/4B1Nc1/4R4/3AKA3 w,0.93442017,6919
2baka3/6R2/9/p1p5p/5P3/2P6/P1r5P/4B1Nc1/7R1/3AKA3 b,-0.9184074,6367
2baka3/6R2/9/p1p5p/5P3/2P6/P1r5P/4c1N2/7R1/3AKA3 w,0.92158663,6260
2baka3/6R2/9/p1p5p/5P3/2P2N3/P1r5P/4c4/7R1/3AKA3 b,-0.91712004,5099
2baka3/6R2/9/p1p5p/5P3/2P2N3/P4r2P/4c4/7R1/3AKA3 w,0.9339383,4539
2baka3/6R2/9/p1p5p/3N1P3/2P6/P4r2P/4c4/7R1/3AKA3 b,-0.92792153,5351
2baka3/6R2/9/p1p5p/3N1r3/2P6/P7P/4c4/7R1/3AKA3 w,0.9628392,3538
2baka3/6R2/9/pNp5p/5r3/2P6/P7P/4c4/7R1/3AKA3 b,-0.95391655,283
2b1ka3/4a1R2/9/pNp5p/5r3/2P6/P7P/4c4/7R1/3AKA3 w,0.9625704,2531
2b1ka3/2N1a1R2/9/p1p5p/5r3/2P6/P7P/4c4/7R1/3AKA3 b,-0.96553236,363
2bk1a3/2N1a1R2/9/p1p5p/5r3/2P6/P7P/4c4/7R1/3AKA3 w,0.9736147,7185
2bk1a3/2N1a1R2/9/p1p5p/5r3/2P6/P7P/4c4/3R5/3AKA3 b,-0.9685401,6096
2bk1a3/2N1a1R2/9/p1p5p/5r3/2P6/P7P/3c5/3R5/3AKA3 w,0.9873557,6816
2bk1a3/2N1a1R2/9/p1p5p/5r3/2P6/P7P/3R5/9/3AKA3 b,-0.98692,3729
2bk1a3/2N1a1R2/9/p1p5p/3r5/2P6/P7P/3R5/9/3AKA3 w,0.9953563,5979
2bk1a3/2N1a1R2/9/p1p5p/3R5/2P6/P7P/9/9/3AKA3 b,-0.9959597,1191
2bk1a3/2N3R2/3a5/p1p5p/3R5/2P6/P7P/9/9/3AKA3 w,1,3531
rnbakabnr/9/1c5c1/p1p1p1p1p/9/9/P1P1P1P1P/1C5C1/9/RNBAKABNR w,0.8018177,5827
rnbakabnr/9/1c5c1/p1p1p1p1p/9/9/P1P1P1P1P/4C2C1/9/RNBAKABNR b,-0.8017668,110
r1bakabnr/9/1cn4c1/p1p1p1p1p/9/9/P1P1P1P1P/4C2C1/9/RNBAKABNR w,0.80183583,7445
r1bakabnr/9/1cn4c1/p1p1p1p1p/9/9/P1P1P1P1P/2N1C2C1/9/R1BAKABNR b,-0.80183953,562
r1baka1nr/9/1cn1b2c1/p1p1p1p1p/9/9/P1P1P1P1P/2N1C2C1/9/R1BAKABNR w,0.8019352,7372
r1baka1nr/9/1cn1b2c1/p1p1p1p1p/9/9/P1P1P1P1P/2N1C2C1/9/1RBAKABNR b,-0.80177104,1
1rbaka1nr/9/1cn1b2c1/p1p1p1p1p/9/9/P1P1P1P1P/2N1C2C1/9/1RBAKABNR w,0.8017126,6368
1rbaka1nr/9/1cn1b2c1/p1p1p1p1p/9/9/P1P1P1P1P/2N1CC3/9/1RBAKABNR b,-0.8012789,654
1rbaka2r/9/1cn1b1nc1/p1p1p1p1p/9/9/P1P1P1P1P/2N1CC3/9/1RBAKABNR w,0.80158037,7989
1rbaka2r/9/1cn1b1nc1/p1p1p1p1p/9/9/P1P1P1P1P/2N1CCN2/9/1RBAKAB1R b,-0.8013823,3012
1rbaka2r/9/1cn1b1nc1/p1p1p3p/6p2/9/P1P1P1P1P/2N1CCN2/9/1RBAKAB1R w,0.8018862,8098
1rbaka2r/9/1cn1b1nc1/p1p1p3p/6p2/9/P1P1P1P1P/2N1CCN2/9/1RBAKABR1 b,-0.8020148,727
1rbaka1r1/9/1cn1b1nc1/p1p1p3p/6p2/9/P1P1P1P1P/2N1CCN2/9/1RBAKABR1 w,0.80251306,5087
1rbaka1r1/9/1cn1b1nc1/p1p1p3p/6p2/2P6/P3P1P1P/2N1CCN2/9/1RBAKABR1 b,-0.80212146,1765
1rbaka1r1/9/2n1b1nc1/p1p1p3p/6p2/2P6/Pc2P1P1P/2N1CCN2/9/1RBAKABR1 w,0.80514246,5898
1rbaka1r1/9/2n1b1nc1/p1p1p3p/6p2/2PN5/Pc2P1P1P/4CCN2/9/1RBAKABR1 b,-0.80650157,2311
1rbaka1r1/9/2n1b1n2/p1p1p3p/6p2/2PN5/Pc2P1PcP/4CCN2/9/1RBAKABR1 w,0.8079284,6143
1rbaka1r1/9/2n1bCn2/p1p1p3p/6p2/2PN5/Pc2P1PcP/4C1N2/9/1RBAKABR1 b,-0.80890244,1986
1rbakabr1/9/2n2Cn2/p1p1p3p/6p2/2PN5/Pc2P1PcP/4C1N2/9/1RBAKABR1 w,0.8184994,4351
1rbakabr1/9/2n2Cn2/p1p1N3p/6p2/2P6/Pc2P1PcP/4C1N2/9/1RBAKABR1 b,-0.8048105,1831
1rbakabr1/9/5Cn2/p1p1n3p/6p2/2P6/Pc2P1PcP/4C1N2/9/1RBAKABR1 w,0.805036,6061
1rbakabr1/9/5Cn2/p1p1C3p/6p2/2P6/Pc2P1PcP/6N2/9/1RBAKABR1 b,-0.7906941,109
2bakabr1/9/1r3Cn2/p1p1C3p/6p2/2P6/Pc2P1PcP/6N2/9/1RBAKABR1 w,0.8020568,2839
2bakabr1/9/1r3Cn2/p1p5p/6p2/2P1C4/Pc2P1PcP/6N2/9/1RBAKABR1 b,-0.79841036,1733
2bakabr1/9/5rn2/p1p5p/6p2/2P1C4/Pc2P1PcP/6N2/9/1RBAKABR1 w,0.80963963,7435
2bakabr1/9/5rn2/p1p5p/6p2/2P1C4/PR2P1PcP/6N2/9/2BAKABR1 b,-0.8070279,2201
2bakabr1/9/5r3/p1p5p/5np2/2P1C4/PR2P1PcP/6N2/9/2BAKABR1 w,0.8140809,4987
2bakabr1/9/5r3/p1p5p/1R3np2/2P1C4/P3P1PcP/6N2/9/2BAKABR1 b,-0.80842113,3750
2bakabr1/9/5r3/p1p5p/1R4p2/2P1C4/P3P1ncP/6N2/9/2BAKABR1 w,0.8189175,3372
2bakabr1/9/5r3/p1p5p/6R2/2P1C4/P3P1ncP/6N2/9/2BAKABR1 b,-0.80545235,5449
2bakabr1/9/5r3/p1p5p/6R2/2P1n4/P3P2cP/6N2/9/2BAKABR1 w,0.80585355,5269
2bakabr1/9/5r3/p1p5p/6R2/2P1P4/P6cP/6N2/9/2BAKABR1 b,-0.79941744,5560
2bakabr1/9/5r3/p1p5p/6R2/2P1P4/P7P/6Nc1/9/2BAKABR1 w,0.8098527,7999
2bakabr1/9/5r3/p1p5p/6R2/2P1P4/P7P/6Nc1/7R1/2BAKAB2 b,-0.79809546,2138
2bakabr1/9/9/p1p5p/6R2/2P1P4/P7P/5rNc1/7R1/2BAKAB2 w,0.80588245,7186
2bakabr1/9/9/p1p5p/6R2/2P1P4/P7P/5rNc1/4R4/2BAKAB2 b,-0.7996519,562
2baka1r1/9/4b4/p1p5p/6R2/2P1P4/P7P/5rNc1/4R4/2BAKAB2 w,0.81086093,3813
2baka1r1/9/4b4/p1p3R1p/9/2P1P4/P7P/5rNc1/4R4/2BAKAB2 b,-0.7997515,691
2baka3/9/4b4/p1p3R1p/9/2P1P4/P6rP/5rNc1/4R4/2BAKAB2 w,0.81454605,4450
2baka3/9/4b4/p1p3R1p/4P4/2P6/P6rP/5rNc1/4R4/2BAKAB2 b,-0.81147736,5547
2baka3/9/4b4/p1p3R1p/4P4/2P6/P2r4P/5rNc1/4R4/2BAKAB2 w,0.83137757,3631
2baka3/9/4b4/p1p1P1R1p/9/2P6/P2r4P/5rNc1/4R4/2BAKAB2 b,-0.81931376,1986
2bakab2/9/9/p1p1P1R1p/9/2P6/P2r4P/5rNc1/4R4/2BAKAB2 w,0.8470786,2976
2bakaR2/9/9/p1p1P3p/9/2P6/P2r4P/5rNc1/4R4/2BAKAB2 b,-0.8306318,6361
2bakaR2/9/9/p1p1P3p/9/2P6/P2r3cP/5rN2/4R4/2BAKAB2 w,0.8395873,6262
2bakaR2/9/9/p1p1P3p/9/2P4N1/P2r3cP/5r3/4R4/2BAKAB2 b,-0.80927217,5578
2bakaR2/9/9/p1p1P3p/9/2P4N1/P2r4P/5r3/4R4/2BAKABc1 w,0.9453685,2822
2bakaR2/9/9/p1p2P2p/9/2P4N1/P2r4P/5r3/4R4/2BAKABc1 b,-0.93913674,6187
2bakaR2/9/9/p1p2P2p/9/2P4N1/P2r4P/4r4/4R4/2BAKABc1 w,0.99095,6907
2bakaR2/9/9/p1p2P2p/9/2P4N1/P2r4P/4R4/9/2BAKABc1 b,-0.9769392,5188
2bakaR2/9/9/p1p2P2p/9/2P4N1/P3r3P/4R4/9/2BAKABc1 w,0.9919866,6088
2bakaR2/9/9/p1p2P2p/9/2P4N1/P3R3P/9/9/2BAKABc1 b,-0.99214983,283
2b1kaR2/4a4/9/p1p2P2p/9/2P4N1/P3R3P/9/9/2BAKABc1 w,0.99952585,5233
2b1kaR2/4R4/9/p1p2P2p/9/2P4N1/P7P/9/9/2BAKABc1 b,-0.99890834,363
2bk1aR2/4R4/9/p1p2P2p/9/2P4N1/P7P/9/9/2BAKABc1 w,1,545
rnbakabnr/9/1c5c1/p1p1p1p1p/9/9/P1P1P1P1P/1C5C1/9/RNBAKABNR w,0.8018177,5827
rnbakabnr/9/1c5c1/p1p1p1p1p/9/9/P1P1P1P1P/4C2C1/9/RNBAKABNR b,-0.80177623,110
r1bakabnr/9/1cn4c1/p1p1p1p1p/9/9/P1P1P1P1P/4C2C1/9/RNBAKABNR w,0.8018261,7445
r1bakabnr/9/1cn4c1/p1p1p1p1p/9/9/P1P1P1P1P/2N1C2C1/9/R1BAKABNR b,-0.8018449,562
r1baka1nr/9/1cn1b2c1/p1p1p1p1p/9/9/P1P1P1P1P/2N1C2C1/9/R1BAKABNR w,0.801942,7372
r1baka1nr/9/1cn1b2c1/p1p1p1p1p/9/9/P1P1P1P1P/2N1C2C1/9/1RBAKABNR b,-0.80176973,1
1rbaka1nr/9/1cn1b2c1/p1p1p1p1p/9/9/P1P1P1P1P/2N1C2C1/9/1RBAKABNR w,0.801707,6368
1rbaka1nr/9/1cn1b2c1/p1p1p1p1p/9/9/P1P1P1P1P/2N1CC3/9/1RBAKABNR b,-0.8012594,654
1rbaka2r/9/1cn1b1nc1/p1p1p1p1p/9/9/P1P1P1P1P/2N1CC3/9/1RBAKABNR w,0.80158657,7989
1rbaka2r/9/1cn1b1nc1/p1p1p1p1p/9/9/P1P1P1P1P/2N1CCN2/9/1RBAKAB1R b,-0.8013484,3012
1rbaka2r/9/1cn1b1nc1/p1p1p3p/6p2/9/P1P1P1P1P/2N1CCN2/9/1RBAKAB1R w,0.80189395,8098
1rbaka2r/9/1cn1b1nc1/p1p1p3p/6p2/9/P1P1P1P1P/2N1CCN2/9/1RBAKABR1 b,-0.8019926,727
1rbaka1r1/9/1cn1b1nc1/p1p1p3p/6p2/9/P1P1P1P1P/2N1CCN2/9/1RBAKABR1 w,0.80251306,5087
1rbaka1r1/9/1cn1b1nc1/p1p1p3p/6p2/2P6/P3P1P1P/2N1CCN2/9/1RBAKABR1 b,-0.8021536,1765
1rbaka1r1/9/2n1b1nc1/p1p1p3p/6p2/2P6/Pc2P1P1P/2N1CCN2/9/1RBAKABR1 w,0.8047115,5898
1rbaka1r1/9/2n1b1nc1/p1p1p3p/6p2/2PN5/Pc2P1P1P/4CCN2/9/1RBAKABR1 b,-0.8064264,2311
1rbaka1r1/9/2n1b1n2/p1p1p3p/6p2/2PN5/Pc2P1PcP/4CCN2/9/1RBAKABR1 w,0.80788714,6143
1rbaka1r1/9/2n1bCn2/p1p1p3p/6p2/2PN5/Pc2P1PcP/4C1N2/9/1RBAKABR1 b,-0.80890244,1986
1rbakabr1/9/2n2Cn2/p1p1p3p/6p2/2PN5/Pc2P1PcP/4C1N2/9/1RBAKABR1 w,0.8178919,4351
1rbakabr1/9/2n2Cn2/p1p1N3p/6p2/2P6/Pc2P1PcP/4C1N2/9/1RBAKABR1 b,-0.804766,1831
1rbakabr1/9/5Cn2/p1p1n3p/6p2/2P6/Pc2P1PcP/4C1N2/9/1RBAKABR1 w,0.80497974,6061
1rbakabr1/9/5Cn2/p1p1C3p/6p2/2P6/Pc2P1PcP/6N2/9/1RBAKABR1 b,-0.7909029,109
2bakabr1/9/1r3Cn2/p1p1C3p/6p2/2P6/Pc2P1PcP/6N2/9/1RBAKABR1 w,0.8019668,2839
2bakabr1/9/1r3Cn2/p1p5p/6p2/2P1C4/Pc2P1PcP/6N2/9/1RBAKABR1 b,-0.79882264,1733
2bakabr1/9/5rn2/p1p5p/6p2/2P1C4/Pc2P1PcP/6N2/9/1RBAKABR1 w,0.8096117,7435
2bakabr1/9/5rn2/p1p5p/6p2/2P1C4/PR2P1PcP/6N2/9/2BAKABR1 b,-0.8076984,2129
2bakabr1/9/6n2/p1p5p/6p2/2P1C4/PR2PrPcP/6N2/9/2BAKABR1 w,0.81437814,4987
2bakabr1/9/6n2/p1p5p/1R4p2/2P1C4/P3PrPcP/6N2/9/2BAKABR1 b,-0.8045288,2201
2bakabr1/9/9/p1p5p/1R3np2/2P1C4/P3PrPcP/6N2/9/2BAKABR1 w,0.8227255,7897
2bakabr1/9/9/p1p5p/1R3np2/2P1C4/P3PrPcP/4B1N2/9/2BAKA1R1 b,-0.8098081,3748
2bakabr1/9/9/p1p5p/1R4p2/2P1C4/P3nrPcP/4B1N2/9/2BAKA1R1 w,0.82641643,7816
2bakabr1/9/9/p1p5p/1R4p2/2P1C4/P3nrPcP/4B1N2/4A4/2BAK2R1 b,-0.8102469,5370
2bakabr1/9/9/p1p5p/1R4p2/2P1C4/P3n1rcP/4B1N2/4A4/2BAK2R1 w,0.8153692,6290
2bakabr1/9/9/p1p5p/1R4p2/2P1C4/P3n1rcP/4B4/4A3N/2BAK2R1 b,-0.7968003,5569
2bakabr1/9/9/p1p5p/1R4p2/2P1C4/P3n1r1P/4B4/4A2cN/2BAK2R1 w,0.79698676,3370
2bakabr1/9/9/p1p5p/4R1p2/2P1C4/P3n1r1P/4B4/4A2cN/2BAK2R1 b,-0.81899995,562
2baka1r1/9/4b4/p1p5p/4R1p2/2P1C4/P3n1r1P/4B4/4A2cN/2BAK2R1 w,0.89762354,3622
2baka1r1/9/4R4/p1p5p/6p2/2P1C4/P3n1r1P/4B4/4A2cN/2BAK2R1 b,-0.8957172,283
2b1ka1r1/4a4/4R4/p1p5p/6p2/2P1C4/P3n1r1P/4B4/4A2cN/2BAK2R1 w,0.91641146,2005
2b1ka1r1/4a4/7R1/p1p5p/6p2/2P1C4/P3n1r1P/4B4/4A2cN/2BAK2R1 b,-0.91354066,363
2bk1a1r1/4a4/7R1/p1p5p/6p2/2P1C4/P3n1r1P/4B4/4A2cN/2BAK2R1 w,0.9369701,2257
2bk1a1R1/4a4/9/p1p5p/6p2/2P1C4/P3n1r1P/4B4/4A2cN/2BAK2R1 b,-0.92616546,7187
2bk1a1R1/4a4/9/p1p5p/6p2/2P1C4/P3n1r1P/4B4/4Ac2N/2BAK2R1 w,0.9421637,664
2bk1a3/4a4/9/p1p4Rp/6p2/2P1C4/P3n1r1P/4B4/4Ac2N/2BAK2R1 b,-0.9326449,5451
2bk1a3/4a4/9/p1p4Rp/6p2/2P1C1r2/P3n3P/4B4/4Ac2N/2BAK2R1 w,0.96077156,3090
2bk1a3/4a4/9/p1pR4p/6p2/2P1C1r2/P3n3P/4B4/4Ac2N/2BAK2R1 b,-0.9632938,1191
2bk1a3/9/3a5/p1pR4p/6p2/2P1C1r2/P3n3P/4B4/4Ac2N/2BAK2R1 w,0.97676486,6081
2bk1a3/9/3a5/p1pR4p/6p2/2P1C1B2/P3n3P/9/4Ac2N/2BAK2R1 b,-0.96904826,3831
2bk1a3/9/3a5/p1pR4p/9/2P1C1p2/P3n3P/9/4Ac2N/2BAK2R1 w,0.96937317,2721
2bk1a3/9/3R5/p1p5p/9/2P1C1p2/P3n3P/9/4Ac2N/2BAK2R1 b,-0.97679436,274
2b1ka3/9/3R5/p1p5p/9/2P1C1p2/P3n3P/9/4Ac2N/2BAK2R1 w,0.98865557,1947
2b1ka3/9/9/p1p5p/9/2P1C1p2/P2Rn3P/9/4Ac2N/2BAK2R1 b,-0.9811176,6989
2b1ka3/9/9/p1p5p/9/2P1C1p2/P2Rnc2P/9/4A3N/2BAK2R1 w,0.9898645,5188
2b1ka3/9/9/p1p5p/9/2P1C1p2/P3Rc2P/9/4A3N/2BAK2R1 b,-0.9831486,5370
2b1ka3/9/9/p1p5p/9/2P1C1p2/P3R1c1P/9/4A3N/2BAK2R1 w,0.99249125,4458
2b1ka3/9/9/p1p5p/9/2PC2p2/P3R1c1P/9/4A3N/2BAK2R1 b,-0.9974504,463
2b1k4/4a4/9/p1p5p/9/2PC2p2/P3R1c1P/9/4A3N/2BAK2R1 w,1,7927
rnbakabnr/9/1c5c1/p1p1p1p1p/9/9/P1P1P1P1P/1C5C1/9/RNBAKABNR w,-0.7981728,5827
rnbakabnr/9/1c5c1/p1p1p1p1p/9/9/P1P1P1P1P/4C2C1/9/RNBAKABNR b,0.7982035,110
r1bakabnr/9/1cn4c1/p1p1p1p1p/9/9/P1P1P1P1P/4C2C1/9/RNBAKABNR w,-0.79818237,7445
r1bakabnr/9/1cn4c1/p1p1p1p1p/9/9/P1P1P1P1P/2N1C2C1/9/R1BAKABNR b,0.79819286,562
r1baka1nr/9/1cn1b2c1/p1p1p1p1p/9/9/P1P1P1P1P/2N1C2C1/9/R1BAKABNR w,-0.7980648,7372
r1baka1nr/9/1cn1b2c1/p1p1p1p1p/9/9/P1P1P1P1P/2N1C2C1/9/1RBAKABNR b,0.7982235,1
1rbaka1nr/9/1cn1b2c1/p1p1p1p1p/9/9/P1P1P1P1P/2N1C2C1/9/1RBAKABNR w,-0.79828364,6368
1rbaka1nr/9/1cn1b2c1/p1p1p1p1p/9/9/P1P1P1P1P/2N1CC3/9/1RBAKABNR b,0.79872817,654
1rbaka2r/9/1cn1b1nc1/p1p1p1p1p/9/9/P1P1P1P1P/2N1CC3/9/1RBAKABNR w,-0.7983996,7989
1rbaka2r/9/1cn1b1nc1/p1p1p1p1p/9/9/P1P1P1P1P/2N1CCN2/9/1RBAKAB1R b,0.7986271,3012
1rbaka2r/9/1cn1b1nc1/p1p1p3p/6p2/9/P1P1P1P1P/2N1CCN2/9/1RBAKAB1R w,-0.7981264,8098
1rbaka2r/9/1cn1b1nc1/p1p1p3p/6p2/9/P1P1P1P1P/2N1CCN2/9/1RBAKABR1 b,0.7979852,727
1rbaka1r1/9/1cn1b1nc1/p1p1p3p/6p2/9/P1P1P1P1P/2N1CCN2/9/1RBAKABR1 w,-0.7974455,5087
1rbaka1r1/9/1cn1b1nc1/p1p1p3p/6p2/2P6/P3P1P1P/2N1CCN2/9/1RBAKABR1 b,0.79777384,1765
1rbaka1r1/9/2n1b1nc1/p1p1p3p/6p2/2P6/Pc2P1P1P/2N1CCN2/9/1RBAKABR1 w,-0.7952885,5898
1rbaka1r1/9/2n1b1nc1/p1p1p3p/6p2/2PN5/Pc2P1P1P/4CCN2/9/1RBAKABR1 b,0.7935882,2311
1rbaka1r1/9/2n1b1n2/p1p1p3p/6p2/2PN5/Pc2P1PcP/4CCN2/9/1RBAKABR1 w,-0.7921129,6143
1rbaka1r1/9/2n1bCn2/p1p1p3p/6p2/2PN5/Pc2P1PcP/4C1N2/9/1RBAKABR1 b,0.7915428,1986
1rbakabr1/9/2n2Cn2/p1p1p3p/6p2/2PN5/Pc2P1PcP/4C1N2/9/1RBAKABR1 w,-0.7820309,4351
1rbakabr1/9/2n2Cn2/p1p1N3p/6p2/2P6/Pc2P1PcP/4C1N2/9/1RBAKABR1 b,0.7952257,1831
1rbakabr1/9/5Cn2/p1p1n3p/6p2/2P6/Pc2P1PcP/4C1N2/9/1RBAKABR1 w,-0.7949987,6061
1rbakabr1/9/5Cn2/p1p1C3p/6p2/2P6/Pc2P1PcP/6N2/9/1RBAKABR1 b,0.8093059,109
2bakabr1/9/1r3Cn2/p1p1C3p/6p2/2P6/Pc2P1PcP/6N2/9/1RBAKABR1 w,-0.798073,2839
2bakabr1/9/1r3Cn2/p1p5p/6p2/2P1C4/Pc2P1PcP/6N2/9/1RBAKABR1 b,0.8011876,1733
2bakabr1/9/5rn2/p1p5p/6p2/2P1C4/Pc2P1PcP/6N2/9/1RBAKABR1 w,-0.79038477,7435
2bakabr1/9/5rn2/p1p5p/6p2/2P1C4/PR2P1PcP/6N2/9/2BAKABR1 b,0.7924131,2138
2bakabr1/9/6n2/p1p5p/6p2/2P1C4/PR2P1PcP/5rN2/9/2BAKABR1 w,-0.78401625,6290
2bakabr1/9/6n2/p1p5p/6p2/2P1C4/PR2P1PcP/5r3/8N/2BAKABR1 b,0.7944481,5569
2bakabr1/9/6n2/p1p5p/6p2/2P1C4/PR2P1P1P/5r3/7cN/2BAKABR1 w,-0.7909959,7816
2bakabr1/9/6n2/p1p5p/6p2/2P1C4/PR2P1P1P/5r3/4A2cN/2BAK1BR1 b,0.8010982,6197
2bakabr1/9/6n2/p1p5p/6p2/2P1C4/PR2P1P1P/9/4Ar1cN/2BAK1BR1 w,-0.796065,7261
2bakabr1/9/6n2/p1p5p/6p2/2P1C4/PR2P1PNP/9/4Ar1c1/2BAK1BR1 b,0.8095965,691
2bakab2/9/6n2/p1p5p/6p2/2P1C4/PR2P1PrP/9/4Ar1c1/2BAK1BR1 w,-0.80880183,5007
2bakab2/9/6n2/p1p5p/6p2/2P1C4/P2RP1PrP/9/4Ar1c1/2BAK1BR1 b,0.86616784,5550
2bakab2/9/6n2/p1p5p/6p2/2P1C4/P2RP1r1P/9/4Ar1c1/2BAK1BR1 w,-0.8658054,5133
2bRkab2/9/6n2/p1p5p/6p2/2P1C4/P3P1r1P/9/4Ar1c1/2BAK1BR1 b,0.9560786,363
2bk1ab2/9/6n2/p1p5p/6p2/2P1C4/P3P1r1P/9/4Ar1c1/2BAK1BR1 w,-0.9508212,4458
2bk1ab2/9/6n2/p1p5p/6p2/2PC5/P3P1r1P/9/4Ar1c1/2BAK1BR1 b,0.96627325,7171
2bk1ab2/9/6n2/p1p5p/6p2/2PC5/P3P1rcP/9/4Ar3/2BAK1BR1 w,-0.9741642,4395
2bk1ab2/9/6n2/p1p5p/6p2/2P6/P3P1rcP/9/3CAr3/2BAK1BR1 b,0.9871757,5548
2bk1ab2/9/6n2/p1p5p/6p2/2P6/P3c1r1P/9/3CAr3/2BAK1BR1 w,-0.9921591,6906
2bk1ab2/9/6n2/p1p5p/6p2/2P6/P3c1r1P/3A5/3C1r3/2BAK1BR1 b,0.99291295,7005
2bk1ab2/9/6n2/p1p5p/6p2/2P6/P3c1r1P/3A5/3r5/2BAK1BR1 w,-0.9808438,4268
2bk1ab2/9/6n2/p1p5p/2P3p2/9/P3c1r1P/3A5/3r5/2BAK1BR1 b,0.9963903,2648
2bk1ab2/9/6n2/p7p/2p3p2/9/P3c1r1P/3A5/3r5/2BAK1BR1 w,-0.9838623,5633
2bk1ab2/9/6n2/p7p/2p3p2/8P/P3c1r2/3A5/3r5/2BAK1BR1 b,0.9818837,6816
2bk1ab2/9/6n2/p7p/2p3p2/8P/P3c1r2/3r5/9/2BAK1BR1 w,-0.9800658,7954
2bk1ab2/9/6n2/p6Rp/2p3p2/8P/P3c1r2/3r5/9/2BAK1B2 b,0.99441886,6024
2bk1ab2/9/6n2/p6Rp/2p3p2/8P/P3c1r2/9/9/2BrK1B2 w,-0.9943378,7726
2bk1ab2/9/6n2/p6Rp/2p3p2/8P/P3c1r2/9/4K4/2Br2B2 b,0.9985955,7635
2bk1ab2/9/6n2/p6Rp/2p3p2/8P/P3c1r2/9/3rK4/2B3B2 w,-0.99854624,6925
2bk1ab2/9/6n2/p6Rp/2p3p2/8P/P3c1r2/9/3r5/2B1K1B2 b,1,5487
rnbakabnr/9/1c5c1/p1p1p1p1p/9/9/P1P1P1P1P/1C5C1/9/RNBAKABNR w,-0.7981728,5827
rnbakabnr/9/1c5c1/p1p1p1p1p/9/9/P1P1P1P1P/4C2C1/9/RNBAKABNR b,0.7982332,110
r1bakabnr/9/1cn4c1/p1p1p1p1p/9/9/P1P1P1P1P/4C2C1/9/RNBAKABNR w,-0.7981642,7445
r1bakabnr/9/1cn4c1/p1p1p1p1p/9/9/P1P1P1P1P/2N1C2C1/9/R1BAKABNR b,0.79819286,562
r1baka1nr/9/1cn1b2c1/p1p1p1p1p/9/9/P1P1P1P1P/2N1C2C1/9/R1BAKABNR w,-0.7980412,7372
r1baka1nr/9/1cn1b2c1/p1p1p1p1p/9/9/P1P1P1P1P/2N1C2C1/9/1RBAKABNR b,0.7982235,1
1rbaka1nr/9/1cn1b2c1/p1p1p1p1p/9/9/P1P1P1P1P/2N1C2C1/9/1RBAKABNR w,-0.798296,6368
1rbaka1nr/9/1cn1b2c1/p1p1p1p1p/9/9/P1P1P1P1P/2N1CC3/9/1RBAKABNR b,0.79872113,654
1rbaka2r/9/1cn1b1nc1/p1p1p1p1p/9/9/P1P1P1P1P/2N1CC3/9/1RBAKABNR w,-0.7984249,7989
1rbaka2r/9/1cn1b1nc1/p1p1p1p1p/9/9/P1P1P1P1P/2N1CCN2/9/1RBAKAB1R b,0.7986177,3012
1rbaka2r/9/1cn1b1nc1/p1p1p3p/6p2/9/P1P1P1P1P/2N1CCN2/9/1RBAKAB1R w,-0.7981138,8098
1rbaka2r/9/1cn1b1nc1/p1p1p3p/6p2/9/P1P1P1P1P/2N1CCN2/9/1RBAKABR1 b,0.7979827,727
1rbaka1r1/9/1cn1b1nc1/p1p1p3p/6p2/9/P1P1P1P1P/2N1CCN2/9/1RBAKABR1 w,-0.7974394,5087
1rbaka1r1/9/1cn1b1nc1/p1p1p3p/6p2/2P6/P3P1P1P/2N1CCN2/9/1RBAKABR1 b,0.79787856,1765
1rbaka1r1/9/2n1b1nc1/p1p1p3p/6p2/2P6/Pc2P1P1P/2N1CCN2/9/1RBAKABR1 w,-0.7949514,5898
1rbaka1r1/9/2n1b1nc1/p1p1p3p/6p2/2PN5/Pc2P1P1P/4CCN2/9/1RBAKABR1 b,0.7934622,2311
1rbaka1r1/9/2n1b1n2/p1p1p3p/6p2/2PN5/Pc2P1PcP/4CCN2/9/1RBAKABR1 w,-0.7920925,6143
1rbaka1r1/9/2n1bCn2/p1p1p3p/6p2/2PN5/Pc2P1PcP/4C1N2/9/1RBAKABR1 b,0.7910976,1986
1rbakabr1/9/2n2Cn2/p1p1p3p/6p2/2PN5/Pc2P1PcP/4C1N2/9/1RBAKABR1 w,-0.78150064,4351
1rbakabr1/9/2n2Cn2/p1p1N3p/6p2/2P6/Pc2P1PcP/4C1N2/9/1RBAKABR1 b,0.7952187,1831
1rbakabr1/9/5Cn2/p1p1n3p/6p2/2P6/Pc2P1PcP/4C1N2/9/1RBAKABR1 w,-0.794875,6061
1rbakabr1/9/5Cn2/p1p1C3p/6p2/2P6/Pc2P1PcP/6N2/9/1RBAKABR1 b,0.80974823,109
2bakabr1/9/1r3Cn2/p1p1C3p/6p2/2P6/Pc2P1PcP/6N2/9/1RBAKABR1 w,-0.7977138,2839
2bakabr1/9/1r3Cn2/p1p5p/6p2/2P1C4/Pc2P1PcP/6N2/9/1RBAKABR1 b,0.8017188,1733
2bakabr1/9/5rn2/p1p5p/6p2/2P1C4/Pc2P1PcP/6N2/9/1RBAKABR1 w,-0.7903417,7435
2bakabr1/9/5rn2/p1p5p/6p2/2P1C4/PR2P1PcP/6N2/9/2BAKABR1 b,0.79297215,2201
2bakabr1/9/5r3/p1p5p/5np2/2P1C4/PR2P1PcP/6N2/9/2BAKABR1 w,-0.78639144,4987
2bakabr1/9/5r3/p1p5p/1R3np2/2P1C4/P3P1PcP/6N2/9/2BAKABR1 b,0.7915789,3750
2bakabr1/9/5r3/p1p5p/1R4p2/2P1C4/P3P1ncP/6N2/9/2BAKABR1 w,-0.7807274,3372
2bakabr1/9/5r3/p1p5p/6R2/2P1C4/P3P1ncP/6N2/9/2BAKABR1 b,0.7945477,5449
2bakabr1/9/5r3/p1p5p/6R2/2P1n4/P3P2cP/6N2/9/2BAKABR1 w,-0.79389954,5269
2bakabr1/9/5r3/p1p5p/6R2/2P1P4/P6cP/6N2/9/2BAKABR1 b,0.8006807,5560
2bakabr1/9/5r3/p1p5p/6R2/2P1P4/P7P/6Nc1/9/2BAKABR1 w,-0.7903957,7999
2bakabr1/9/5r3/p1p5p/6R2/2P1P4/P7P/6Nc1/7R1/2BAKAB2 b,0.80136853,2138
2bakabr1/9/9/p1p5p/6R2/2P1P4/P7P/5rNc1/7R1/2BAKAB2 w,-0.7995302,3813
2bakabr1/9/9/p1p3R1p/9/2P1P4/P7P/5rNc1/7R1/2BAKAB2 b,0.79835856,691
2bakab2/9/9/p1p3R1p/9/2P1P4/P6rP/5rNc1/7R1/2BAKAB2 w,-0.7860833,2976
2bakaR2/9/9/p1p5p/9/2P1P4/P6rP/5rNc1/7R1/2BAKAB2 b,0.796089,5548
2bakaR2/9/9/p1p5p/9/2P1P4/P3r3P/5rNc1/7R1/2BAKAB2 w,-0.785888,7186
2bakaR2/9/9/p1p5p/9/2P1P4/P3r3P/5rNc1/4R4/2BAKAB2 b,0.7958483,5276
2bakaR2/9/9/p1p5p/9/2P1P4/P1r5P/5rNc1/4R4/2BAKAB2 w,-0.78936124,6262
2bakaR2/9/9/p1p5p/9/2P1P2N1/P1r5P/5r1c1/4R4/2BAKAB2 b,0.8488022,6388
2bakaR2/9/9/p1p5p/9/2P1P2N1/P1r5P/5r3/4R4/2BAKABc1 w,-0.8431014,6919
2bakaR2/9/9/p1p5p/9/2P1P2N1/P1r5P/5r3/7R1/2BAKABc1 b,0.85807604,6206
2bakaR2/9/9/p1p5p/9/2P1P2N1/P1r5P/9/7R1/2BAKrBc1 w,-0.8569536,7726
2bakaR2/9/9/p1p5p/9/2P1P2N1/P1r5P/9/4K2R1/2BA1rBc1 b,0.8565212,7825
2bakaR2/9/9/p1p5p/9/2P1P2N1/P1r5P/9/4K2R1/2BAr1Bc1 w,-0.84906006,6917
2bakaR2/9/9/p1p5p/9/2P1P2N1/P1r5P/9/5K1R1/2BAr1Bc1 b,0.8604726,283
2b1kaR2/4a4/9/p1p5p/9/2P1P2N1/P1r5P/9/5K1R1/2BAr1Bc1 w,-0.8441772,7198
2b1kaR2/4a4/9/p1p5p/9/2P1P2N1/P1r5P/9/5K3/2BAr1BR1 b,0.86093134,7734
2b1kaR2/4a4/9/p1p5p/9/2P1P2N1/P1r5P/9/5K3/2Br2BR1 w,-0.83401704,4713
2b1kaR2/4a4/9/p1p3N1p/9/2P1P4/P1r5P/9/5K3/2Br2BR1 b,0.849753,7635
2b1kaR2/4a4/9/p1p3N1p/9/2P1P4/P1r5P/9/3r1K3/2B3BR1 w,-0.8394679,6998
2b1kaR2/4a4/9/p1p3N1p/9/2P1P4/P1r5P/5K3/3r5/2B3BR1 b,0.8380528,5099
2b1kaR2/4a4/9/p1p3N1p/9/2P1P4/P4r2P/5K3/3r5/2B3BR1 w,-0.8318487,6187
2b1kaR2/4a4/9/p1p3N1p/9/2P1P4/P4r2P/4K4/3r5/2B3BR1 b,0.84027946,5396
2b1kaR2/4a4/9/p1p3N1p/9/2P1P4/P7P/4K4/3r5/2B2rBR1 w,-0.8282072,7927
2b1kaRR1/4a4/9/p1p3N1p/9/2P1P4/P7P/4K4/3r5/2B2rB2 b,0.8367087,7827
2b1kaRR1/4a4/9/p1p3N1p/9/2P1P4/P7P/4K4/3r5/2B3r2 w,-0.8177666,2986
2b1kaRR1/4a2N1/9/p1p5p/9/2P1P4/P7P/4K4/3r5/2B3r2 b,0.8716193,7913
2b1kaRR1/4a2N1/9/p1p5p/9/2P1P4/P7P/4K4/3r5/2r6 w,-0.8858493,545
2b1kR1R1/4a2N1/9/p1p5p/9/2P1P4/P7P/4K4/3r5/2r6 b,0.9000999,1175
2b1ka1R1/7N1/9/p1p5p/9/2P1P4/P7P/4K4/3r5/2r6 w,-0.8973308,1463
2b1ka1R1/9/5N3/p1p5p/9/2P1P4/P7P/4K4/3r5/2r6 b,0.9147565,373
2b2a1R1/4k4/5N3/p1p5p/9/2P1P4/P7P/4K4/3r5/2r6 w,-0.9093615,646
2b2a3/4k2R1/5N3/p1p5p/9/2P1P4/P7P/4K4/3r5/2r6 b,0.91747755,1192
2b2a3/7R1/4kN3/p1p5p/9/2P1P4/P7P/4K4/3r5/2r6 w,-0.89151794,1452
2b2a3/3R5/4kN3/p1p5p/9/2P1P4/P7P/4K4/3r5/2r6 b,0.9901738,7535
2b2a3/3R5/4kN3/p1p5p/9/2P1P4/P7P/2r1K4/3r5/9 w,-0.9911245,1146
2b2a3/9/4kN3/p1p5p/9/2P1P4/P7P/2rRK4/3r5/9 b,1,5916
rnbakabnr/9/1c5c1/p1p1p1p1p/9/9/P1P1P1P1P/1C5C1/9/RNBAKABNR w,-0.7981906,5827
rnbakabnr/9/1c5c1/p1p1p1p1p/9/9/P1P1P1P1P/4C2C1/9/RNBAKABNR b,0.79823226,110
r1bakabnr/9/1cn4c1/p1p1p1p1p/9/9/P1P1P1P1P/4C2C1/9/RNBAKABNR w,-0.79818237,7445
r1bakabnr/9/1cn4c1/p1p1p1p1p/9/9/P1P1P1P1P/2N1C2C1/9/R1BAKABNR b,0.79818934,562
r1baka1nr/9/1cn1b2c1/p1p1p1p1p/9/9/P1P1P1P1P/2N1C2C1/9/R1BAKABNR w,-0.79805803,7372
r1baka1nr/9/1cn1b2c1/p1p1p1p1p/9/9/P1P1P1P1P/2N1C2C1/9/1RBAKABNR b,0.7982303,1
1rbaka1nr/9/1cn1b2c1/p1p1p1p1p/9/9/P1P1P1P1P/2N1C2C1/9/1RBAKABNR w,-0.7983165,6368
1rbaka1nr/9/1cn1b2c1/p1p1p1p1p/9/9/P1P1P1P1P/2N1CC3/9/1RBAKABNR b,0.79872626,654
1rbaka2r/9/1cn1b1nc1/p1p1p1p1p/9/9/P1P1P1P1P/2N1CC3/9/1RBAKABNR w,-0.79841965,7989
1rbaka2r/9/1cn1b1nc1/p1p1p1p1p/9/9/P1P1P1P1P/2N1CCN2/9/1RBAKAB1R b,0.79865164,3012
1rbaka2r/9/1cn1b1nc1/p1p1p3p/6p2/9/P1P1P1P1P/2N1CCN2/9/1RBAKAB1R w,-0.7981277,8098
1rbaka2r/9/1cn1b1nc1/p1p1p3p/6p2/9/P1P1P1P1P/2N1CCN2/9/1RBAKABR1 b,0.79798746,727
1rbaka1r1/9/1cn1b1nc1/p1p1p3p/6p2/9/P1P1P1P1P/2N1CCN2/9/1RBAKABR1 w,-0.7974455,5087
1rbaka1r1/9/1cn1b1nc1/p1p1p3p/6p2/2P6/P3P1P1P/2N1CCN2/9/1RBAKABR1 b,0.79787856,1765
1rbaka1r1/9/2n1b1nc1/p1p1p3p/6p2/2P6/Pc2P1P1P/2N1CCN2/9/1RBAKABR1 w,-0.7952885,5898
1rbaka1r1/9/2n1b1nc1/p1p1p3p/6p2/2PN5/Pc2P1P1P/4CCN2/9/1RBAKABR1 b,0.7936065,2311
1rbaka1r1/9/2n1b1n2/p1p1p3p/6p2/2PN5/Pc2P1PcP/4CCN2/9/1RBAKABR1 w,-0.7920708,6143
1rbaka1r1/9/2n1bCn2/p1p1p3p/6p2/2PN5/Pc2P1PcP/4C1N2/9/1RBAKABR1 b,0.79111767,1986
1rbakabr1/9/2n2Cn2/p1p1p3p/6p2/2PN5/Pc2P1PcP/4C1N2/9/1RBAKABR1 w,-0.7818543,4351
1rbakabr1/9/2n2Cn2/p1p1N3p/6p2/2P6/Pc2P1PcP/4C1N2/9/1RBAKABR1 b,0.7952257,1831
1rbakabr1/9/5Cn2/p1p1n3p/6p2/2P6/Pc2P1PcP/4C1N2/9/1RBAKABR1 w,-0.79499507,6061
1rbakabr1/9/5Cn2/p1p1C3p/6p2/2P6/Pc2P1PcP/6N2/9/1RBAKABR1 b,0.80948305,109
2bakabr1/9/1r3Cn2/p1p1C3p/6p2/2P6/Pc2P1PcP/6N2/9/1RBAKABR1 w,-0.7977138,2839
2bakabr1/9/1r3Cn2/p1p5p/6p2/2P1C4/Pc2P1PcP/6N2/9/1RBAKABR1 b,0.8017188,1733
2bakabr1/9/5rn2/p1p5p/6p2/2P1C4/Pc2P1PcP/6N2/9/1RBAKABR1 w,-0.7902913,7435
2bakabr1/9/5rn2/p1p5p/6p2/2P1C4/PR2P1PcP/6N2/9/2BAKABR1 b,0.79333246,2201
2bakabr1/9/5r3/p1p5p/5np2/2P1C4/PR2P1PcP/6N2/9/2BAKABR1 w,-0.7858102,4987
2bakabr1/9/5r3/p1p5p/1R3np2/2P1C4/P3P1PcP/6N2/9/2BAKABR1 b,0.79181945,3750
2bakabr1/9/5r3/p1p5p/1R4p2/2P1C4/P3P1ncP/6N2/9/2BAKABR1 w,-0.7825671,3372
2bakabr1/9/5r3/p1p5p/6R2/2P1C4/P3P1ncP/6N2/9/2BAKABR1 b,0.7945152,5449
2bakabr1/9/5r3/p1p5p/6R2/2P1n4/P3P2cP/6N2/9/2BAKABR1 w,-0.7941932,5269
2bakabr1/9/5r3/p1p5p/6R2/2P1P4/P6cP/6N2/9/2BAKABR1 b,0.8004104,5560
2bakabr1/9/5r3/p1p5p/6R2/2P1P4/P7P/6Nc1/9/2BAKABR1 w,-0.7915006,7999
2bakabr1/9/5r3/p1p5p/6R2/2P1P4/P7P/6Nc1/7R1/2BAKAB2 b,0.80136853,2138
2bakabr1/9/9/p1p5p/6R2/2P1P4/P7P/5rNc1/7R1/2BAKAB2 w,-0.79956293,3813
2bakabr1/9/9/p1p3R1p/9/2P1P4/P7P/5rNc1/7R1/2BAKAB2 b,0.79980576,691
2bakab2/9/9/p1p3R1p/9/2P1P4/P6rP/5rNc1/7R1/2BAKAB2 w,-0.7852067,2976
2bakaR2/9/9/p1p5p/9/2P1P4/P6rP/5rNc1/7R1/2BAKAB2 b,0.79620934,5548
2bakaR2/9/9/p1p5p/9/2P1P4/P3r3P/5rNc1/7R1/2BAKAB2 w,-0.7862117,7186
2bakaR2/9/9/p1p5p/9/2P1P4/P3r3P/5rNc1/4R4/2BAKAB2 b,0.7967642,5276
2bakaR2/9/9/p1p5p/9/2P1P4/P1r5P/5rNc1/4R4/2BAKAB2 w,-0.78968555,6262
2bakaR2/9/9/p1p5p/9/2P1P2N1/P1r5P/5r1c1/4R4/2BAKAB2 b,0.8488086,6388
2bakaR2/9/9/p1p5p/9/2P1P2N1/P1r5P/5r3/4R4/2BAKABc1 w,-0.84243375,6919
2bakaR2/9/9/p1p5p/9/2P1P2N1/P1r5P/5r3/7R1/2BAKABc1 b,0.8581007,6206
2bakaR2/9/9/p1p5p/9/2P1P2N1/P1r5P/9/7R1/2BAKrBc1 w,-0.8569536,7726
2bakaR2/9/9/p1p5p/9/2P1P2N1/P1r5P/9/4K2R1/2BA1rBc1 b,0.8557815,7825
2bakaR2/9/9/p1p5p/9/2P1P2N1/P1r5P/9/4K2R1/2BAr1Bc1 w,-0.85281986,6917
2bakaR2/9/9/p1p5p/9/2P1P2N1/P1r5P/9/5K1R1/2BAr1Bc1 b,0.861641,283
2b1kaR2/4a4/9/p1p5p/9/2P1P2N1/P1r5P/9/5K1R1/2BAr1Bc1 w,-0.84446794,7198
2b1kaR2/4a4/9/p1p5p/9/2P1P2N1/P1r5P/9/5K3/2BAr1BR1 b,0.8624108,7734
2b1kaR2/4a4/9/p1p5p/9/2P1P2N1/P1r5P/9/5K3/2Br2BR1 w,-0.8304861,4713
2b1kaR2/4a4/9/p1p3N1p/9/2P1P4/P1r5P/9/5K3/2Br2BR1 b,0.8505384,7635
2b1kaR2/4a4/9/p1p3N1p/9/2P1P4/P1r5P/9/3r1K3/2B3BR1 w,-0.83951515,6998
2b1kaR2/4a4/9/p1p3N1p/9/2P1P4/P1r5P/5K3/3r5/2B3BR1 b,0.8380528,5099
2b1kaR2/4a4/9/p1p3N1p/9/2P1P4/P4r2P/5K3/3r5/2B3BR1 w,-0.8318487,6187
2b1kaR2/4a4/9/p1p3N1p/9/2P1P4/P4r2P/4K4/3r5/2B3BR1 b,0.8413827,5396
2b1kaR2/4a4/9/p1p3N1p/9/2P1P4/P7P/4K4/3r5/2B2rBR1 w,-0.83035886,7936
2b1kaR2/4a2R1/9/p1p3N1p/9/2P1P4/P7P/4K4/3r5/2B2rB2 b,0.83271664,7825
2b1kaR2/4a2R1/9/p1p3N1p/9/2P1P4/P7P/4K4/3r5/2B1r1B2 w,-0.8369764,6098
2b1kaR2/4a2R1/9/p1p3N1p/9/2P1P4/P7P/5K3/3r5/2B1r1B2 b,0.84834516,7737
2b1kaR2/4a2R1/9/p1p3N1p/9/2P1P4/P7P/5K3/3r5/2B3r2 w,-0.8199981,3010
2b1kaR2/4a2R1/9/p1p5p/4N4/2P1P4/P7P/5K3/3r5/2B3r2 b,0.84967077,7916
2b1kaR2/4a2R1/9/p1p5p/4N4/2P1P4/P7P/5K3/3r5/2B2r3 w,-0.8728434,6187
2b1kaR2/4a2R1/9/p1p5p/4N4/2P1P4/P7P/4K4/3r5/2B2r3 b,0.88333654,7823
2b1kaR2/4a2R1/9/p1p5p/4N4/2P1P4/P7P/4K4/3r5/2r6 w,-0.8736113,3623
2b1kaR2/4a2R1/5N3/p1p5p/9/2P1P4/P7P/4K4/3r5/2r6 b,0.91210294,1193
2b1kaR2/7R1/5a3/p1p5p/9/2P1P4/P7P/4K4/3r5/2r6 w,-0.8977923,1519
2b1kaR2/9/5a3/p1p5p/9/2P1P4/P7P/4K4/3r3R1/2r6 b,1,7535
rnbakabnr/9/1c5c1/p1p1p1p1p/9/9/P1P1P1P1P/1C5C1/9/RNBAKABNR w,0.8017352,5827
rnbakabnr/9/1c5c1/p1p1p1p1p/9/9/P1P1P1P1P/4C2C1/9/RNBAKABNR b,-0.8017682,110
r1bakabnr/9/1cn4c1/p1p1p1p1p/9/9/P1P1P1P1P/4C2C1/9/RNBAKABNR w,0.80182546,7445
r1bakabnr/9/1cn4c1/p1p1p1p1p/9/9/P1P1P1P1P/2N1C2C1/9/R1BAKABNR b,-0.80183953,562
r1baka1nr/9/1cn1b2c1/p1p1p1p1p/9/9/P1P1P1P1P/2N1C2C1/9/R1BAKABNR w,0.8019635,7372
r1baka1nr/9/1cn1b2c1/p1p1p1p1p/9/9/P1P1P1P1P/2N1C2C1/9/1RBAKABNR b,-0.80177224,1
1rbaka1nr/9/1cn1b2c1/p1p1p1p1p/9/9/P1P1P1P1P/2N1C2C1/9/1RBAKABNR w,0.8016664,6368
1rbaka1nr/9/1cn1b2c1/p1p1p1p1p/9/9/P1P1P1P1P/2N1CC3/9/1RBAKABNR b,-0.8012889,654
1rbaka2r/9/1cn1b1nc1/p1p1p1p1p/9/9/P1P1P1P1P/2N1CC3/9/1RBAKABNR w,0.8015947,7989
1rbaka2r/9/1cn1b1nc1/p1p1p1p1p/9/9/P1P1P1P1P/2N1CCN2/9/1RBAKAB1R b,-0.8013682,3012
1rbaka2r/9/1cn1b1nc1/p1p1p3p/6p2/9/P1P1P1P1P/2N1CCN2/9/1RBAKAB1R w,0.8018723,8098
1rbaka2r/9/1cn1b1nc1/p1p1p3p/6p2/9/P1P1P1P1P/2N1CCN2/9/1RBAKABR1 b,-0.80202866,727
1rbaka1r1/9/1cn1b1nc1/p1p1p3p/6p2/9/P1P1P1P1P/2N1CCN2/9/1RBAKABR1 w,0.80255455,5087
1rbaka1r1/9/1cn1b1nc1/p1p1p3p/6p2/2P6/P3P1P1P/2N1CCN2/9/1RBAKABR1 b,-0.8021481,1765
1rbaka1r1/9/2n1b1nc1/p1p1p3p/6p2/2P6/Pc2P1P1P/2N1CCN2/9/1RBAKABR1 w,0.8050206,5898
1rbaka1r1/9/2n1b1nc1/p1p1p3p/6p2/2PN5/Pc2P1P1P/4CCN2/9/1RBAKABR1 b,-0.8062336,2311
1rbaka1r1/9/2n1b1n2/p1p1p3p/6p2/2PN5/Pc2P1PcP/4CCN2/9/1RBAKABR1 w,0.8079284,6143
1rbaka1r1/9/2n1bCn2/p1p1p3p/6p2/2PN5/Pc2P1PcP/4C1N2/9/1RBAKABR1 b,-0.80890244,1986
1rbakabr1/9/2n2Cn2/p1p1p3p/6p2/2PN5/Pc2P1PcP/4C1N2/9/1RBAKABR1 w,0.81814575,4351
1rbakabr1/9/2n2Cn2/p1p1N3p/6p2/2P6/Pc2P1PcP/4C1N2/9/1RBAKABR1 b,-0.804766,1831
1rbakabr1/9/5Cn2/p1p1n3p/6p2/2P6/Pc2P1PcP/4C1N2/9/1RBAKABR1 w,0.80509907,6061
1rbakabr1/9/5Cn2/p1p1C3p/6p2/2P6/Pc2P1PcP/6N2/9/1RBAKABR1 b,-0.7906862,109
2bakabr1/9/1r3Cn2/p1p1C3p/6p2/2P6/Pc2P1PcP/6N2/9/1RBAKABR1 w,0.80192703,2839
2bakabr1/9/1r3Cn2/p1p5p/6p2/2P1C4/Pc2P1PcP/6N2/9/1RBAKABR1 b,-0.7983722,1733
2bakabr1/9/5rn2/p1p5p/6p2/2P1C4/Pc2P1PcP/6N2/9/1RBAKABR1 w,0.80963963,7435
2bakabr1/9/5rn2/p1p5p/6p2/2P1C4/PR2P1PcP/6N2/9/2BAKABR1 b,-0.8076672,2129
2bakabr1/9/6n2/p1p5p/6p2/2P1C4/PR2PrPcP/6N2/9/2BAKABR1 w,0.8150739,4987
2bakabr1/9/6n2/p1p5p/1R4p2/2P1C4/P3PrPcP/6N2/9/2BAKABR1 b,-0.8046503,2201
2bakabr1/9/9/p1p5p/1R3np2/2P1C4/P3PrPcP/6N2/9/2BAKABR1 w,0.82264674,7897
2bakabr1/9/9/p1p5p/1R3np2/2P1C4/P3PrPcP/4B1N2/9/2BAKA1R1 b,-0.80956084,3748
2bakabr1/9/9/p1p5p/1R4p2/2P1C4/P3nrPcP/4B1N2/9/2BAKA1R1 w,0.82641643,7816
2bakabr1/9/9/p1p5p/1R4p2/2P1C4/P3nrPcP/4B1N2/4A4/2BAK2R1 b,-0.81020516,5370
2bakabr1/9/9/p1p5p/1R4p2/2P1C4/P3n1rcP/4B1N2/4A4/2BAK2R1 w,0.815481,6290
2bakabr1/9/9/p1p5p/1R4p2/2P1C4/P3n1rcP/4B4/4A3N/2BAK2R1 b,-0.7963724,5569
2bakabr1/9/9/p1p5p/1R4p2/2P1C4/P3n1r1P/4B4/4A2cN/2BAK2R1 w,0.79698676,3370
2bakabr1/9/9/p1p5p/4R1p2/2P1C4/P3n1r1P/4B4/4A2cN/2BAK2R1 b,-0.8158234,562
2baka1r1/9/4b4/p1p5p/4R1p2/2P1C4/P3n1r1P/4B4/4A2cN/2BAK2R1 w,0.89740056,3622
2baka1r1/9/4R4/p1p5p/6p2/2P1C4/P3n1r1P/4B4/4A2cN/2BAK2R1 b,-0.8954133,283
2b1ka1r1/4a4/4R4/p1p5p/6p2/2P1C4/P3n1r1P/4B4/4A2cN/2BAK2R1 w,0.9163287,2005
2b1ka1r1/4a4/7R1/p1p5p/6p2/2P1C4/P3n1r1P/4B4/4A2cN/2BAK2R1 b,-0.91148216,363
2bk1a1r1/4a4/7R1/p1p5p/6p2/2P1C4/P3n1r1P/4B4/4A2cN/2BAK2R1 w,0.9369441,2257
2bk1a1R1/4a4/9/p1p5p/6p2/2P1C4/P3n1r1P/4B4/4A2cN/2BAK2R1 b,-0.92616546,7187
2bk1a1R1/4a4/9/p1p5p/6p2/2P1C4/P3n1r1P/4B4/4Ac2N/2BAK2R1 w,0.9419845,664
2bk1a3/4a4/9/p1p4Rp/6p2/2P1C4/P3n1r1P/4B4/4Ac2N/2BAK2R1 b,-0.92935514,3831
2bk1a3/4a4/9/p1p4Rp/9/2P1C1p2/P3n1r1P/4B4/4Ac2N/2BAK2R1 w,0.9450962,3090
2bk1a3/4a4/9/p1pR4p/9/2P1C1p2/P3n1r1P/4B4/4Ac2N/2BAK2R1 b,-0.94660765,1191
2bk1a3/9/3a5/p1pR4p/9/2P1C1p2/P3n1r1P/4B4/4Ac2N/2BAK2R1 w,0.9474549,2721
2bk1a3/9/3R5/p1p5p/9/2P1C1p2/P3n1r1P/4B4/4Ac2N/2BAK2R1 b,-0.94511414,274
2b1ka3/9/3R5/p1p5p/9/2P1C1p2/P3n1r1P/4B4/4Ac2N/2BAK2R1 w,0.9501574,1910
2b1ka3/9/2R6/p1p5p/9/2P1C1p2/P3n1r1P/4B4/4Ac2N/2BAK2R1 b,-0.93617654,5267
2b1ka3/9/2R6/p1p5p/9/2n1C1p2/P5r1P/4B4/4Ac2N/2BAK2R1 w,0.9557057,1802
2R1ka3/9/9/p1p5p/9/2n1C1p2/P5r1P/4B4/4Ac2N/2BAK2R1 b,-0.9697666,373
2R2a3/4k4/9/p1p5p/9/2n1C1p2/P5r1P/4B4/4Ac2N/2BAK2R1 w,0.9785804,7936
2R2a3/4k2R1/9/p1p5p/9/2n1C1p2/P5r1P/4B4/4Ac2N/2BAK4 b,-0.9760592,6944
2R2a3/4kc1R1/9/p1p5p/9/2n1C1p2/P5r1P/4B4/4A3N/2BAK4 w,0.9777764,185
5R3/4kc1R1/9/p1p5p/9/2n1C1p2/P5r1P/4B4/4A3N/2BAK4 b,-0.96158636,1275
5R3/4k1cR1/9/p1p5p/9/2n1C1p2/P5r1P/4B4/4A3N/2BAK4 w,0.9855797,1455
5R3/4k1R2/9/p1p5p/9/2n1C1p2/P5r1P/4B4/4A3N/2BAK4 b,-0.9838779,1192
5R3/6R2/4k4/p1p5p/9/2n1C1p2/P5r1P/4B4/4A3N/2BAK4 w,0.9851941,454
4R4/6R2/4k4/p1p5p/9/2n1C1p2/P5r1P/4B4/4A3N/2BAK4 b,-0.9888794,2003
4R4/6R2/5k3/p1p5p/9/2n1C1p2/P5r1P/4B4/4A3N/2BAK4 w,0.99720395,373
9/4R1R2/5k3/p1p5p/9/2n1C1p2/P5r1P/4B4/4A3N/2BAK4 b,-0.99703765,4296
9/4R1R2/5k3/p1p5p/9/4C1p2/P5r1P/3nB4/4A3N/2BAK4 w,0.9980845,6906
9/4R1R2/5k3/p1p5p/9/4C1p2/P5r1P/3AB4/8N/2BAK4 b,-0.99769235,5478
9/4R1R2/5k3/p1p5p/9/4C1p2/P7P/3AB4/6r1N/2BAK4 w,0.99890935,7261
9/4R1R2/5k3/p1p5p/9/4C1p2/P6NP/3AB4/6r2/2BAK4 b,-0.9989283,7107
9/4R1R2/5k3/p1p5p/9/4C1p2/P6NP/3AB4/9/2BAK1r2 w,0.998741,7726
9/4R1R2/5k3/p1p5p/9/4C1p2/P6NP/3AB4/4K4/2BA2r2 b,-0.9986566,7916
9/4R1R2/5k3/p1p5p/9/4C1p2/P6NP/3AB4/4K4/2BA1r3 w,1,1374
rnbakabnr/9/1c5c1/p1p1p1p1p/9/9/P1P1P1P1P/1C5C1/9/RNBAKABNR w,-0.7981906,5827
rnbakabnr/9/1c5c1/p1p1p1p1p/9/9/P1P1P1P1P/4C2C1/9/RNBAKABNR b,0.79821944,110
r1bakabnr/9/1cn4c1/p1p1p1p1p/9/9/P1P1P1P1P/4C2C1/9/RNBAKABNR w,-0.7981739,7445
r1bakabnr/9/1cn4c1/p1p1p1p1p/9/9/P1P1P1P1P/2N1C2C1/9/R1BAKABNR b,0.79818803,562
r1baka1nr/9/1cn1b2c1/p1p1p1p1p/9/9/P1P1P1P1P/2N1C2C1/9/R1BAKABNR w,-0.7980945,7372
r1baka1nr/9/1cn1b2c1/p1p1p1p1p/9/9/P1P1P1P1P/2N1C2C1/9/1RBAKABNR b,0.7982337,1
1rbaka1nr/9/1cn1b2c1/p1p1p1p1p/9/9/P1P1P1P1P/2N1C2C1/9/1RBAKABNR w,-0.798301,6368
1rbaka1nr/9/1cn1b2c1/p1p1p1p1p/9/9/P1P1P1P1P/2N1CC3/9/1RBAKABNR b,0.7987111,654
1rbaka2r/9/1cn1b1nc1/p1p1p1p1p/9/9/P1P1P1P1P/2N1CC3/9/1RBAKABNR w,-0.7983996,7989
1rbaka2r/9/1cn1b1nc1/p1p1p1p1p/9/9/P1P1P1P1P/2N1CCN2/9/1RBAKAB1R b,0.7986161,3012
1rbaka2r/9/1cn1b1nc1/p1p1p3p/6p2/9/P1P1P1P1P/2N1CCN2/9/1RBAKAB1R w,-0.798089,8098
1rbaka2r/9/1cn1b1nc1/p1p1p3p/6p2/9/P1P1P1P1P/2N1CCN2/9/1RBAKABR1 b,0.7979852,727
1rbaka1r1/9/1cn1b1nc1/p1p1p3p/6p2/9/P1P1P1P1P/2N1CCN2/9/1RBAKABR1 w,-0.7974455,5087
1rbaka1r1/9/1cn1b1nc1/p1p1p3p/6p2/2P6/P3P1P1P/2N1CCN2/9/1RBAKABR1 b,0.7978701,1765
1rbaka1r1/9/2n1b1nc1/p1p1p3p/6p2/2P6/Pc2P1P1P/2N1CCN2/9/1RBAKABR1 w,-0.795294,5898
1rbaka1r1/9/2n1b1nc1/p1p1p3p/6p2/2PN5/Pc2P1P1P/4CCN2/9/1RBAKABR1 b,0.79361814,2311
1rbaka1r1/9/2n1b1n2/p1p1p3p/6p2/2PN5/Pc2P1PcP/4CCN2/9/1RBAKABR1 w,-0.7920708,6143
1rbaka1r1/9/2n1bCn2/p1p1p3p/6p2/2PN5/Pc2P1PcP/4C1N2/9/1RBAKABR1 b,0.7915428,1986
1rbakabr1/9/2n2Cn2/p1p1p3p/6p2/2PN5/Pc2P1PcP/4C1N2/9/1RBAKABR1 w,-0.78231823,4351
1rbakabr1/9/2n2Cn2/p1p1N3p/6p2/2P6/Pc2P1PcP/4C1N2/9/1RBAKABR1 b,0.7951895,1831
1rbakabr1/9/5Cn2/p1p1n3p/6p2/2P6/Pc2P1PcP/4C1N2/9/1RBAKABR1 w,-0.7948941,6061
1rbakabr1/9/5Cn2/p1p1C3p/6p2/2P6/Pc2P1PcP/6N2/9/1RBAKABR1 b,0.8091318,109
2bakabr1/9/1r3Cn2/p1p1C3p/6p2/2P6/Pc2P1PcP/6N2/9/1RBAKABR1 w,-0.7977138,2839
2bakabr1/9/1r3Cn2/p1p5p/6p2/2P1C4/Pc2P1PcP/6N2/9/1RBAKABR1 b,0.8015271,1733
2bakabr1/9/5rn2/p1p5p/6p2/2P1C4/Pc2P1PcP/6N2/9/1RBAKABR1 w,-0.79028755,7435
2bakabr1/9/5rn2/p1p5p/6p2/2P1C4/PR2P1PcP/6N2/9/2BAKABR1 b,0.791605,2138
2bakabr1/9/6n2/p1p5p/6p2/2P1C4/PR2P1PcP/5rN2/9/2BAKABR1 w,-0.78419435,6290
2bakabr1/9/6n2/p1p5p/6p2/2P1C4/PR2P1PcP/5r3/8N/2BAKABR1 b,0.794465,5569
2bakabr1/9/6n2/p1p5p/6p2/2P1C4/PR2P1P1P/5r3/7cN/2BAKABR1 w,-0.790958,7816
2bakabr1/9/6n2/p1p5p/6p2/2P1C4/PR2P1P1P/5r3/4A2cN/2BAK1BR1 b,0.8013639,6197
2bakabr1/9/6n2/p1p5p/6p2/2P1C4/PR2P1P1P/9/4Ar1cN/2BAK1BR1 w,-0.7982363,5007
2bakabr1/9/6n2/p1p5p/6p2/2P1C4/P2RP1P1P/9/4Ar1cN/2BAK1BR1 b,0.80780345,2201
2bakabr1/9/9/p1p5p/5np2/2P1C4/P2RP1P1P/9/4Ar1cN/2BAK1BR1 w,-0.80584556,4450
2bakabr1/9/9/p1p5p/4Cnp2/2P6/P2RP1P1P/9/4Ar1cN/2BAK1BR1 b,0.81054705,3750
2bakabr1/9/9/p1p5p/4C1p2/2P6/P2RP1n1P/9/4Ar1cN/2BAK1BR1 w,-0.80493873,5160
2bakabr1/9/9/p1pR4p/4C1p2/2P6/P3P1n1P/9/4Ar1cN/2BAK1BR1 b,0.82252425,6971
2bakabr1/9/9/p1pR4p/4Crp2/2P6/P3P1n1P/9/4A2cN/2BAK1BR1 w,-0.82030255,5269
2bakabr1/9/9/p1pR4p/4Crp2/2P1P4/P5n1P/9/4A2cN/2BAK1BR1 b,0.8485747,5477
2bakabr1/9/9/p1pR4p/4Crp2/2P1P4/P7P/9/4An1cN/2BAK1BR1 w,-0.8440931,2703
2bRkabr1/9/9/p1p5p/4Crp2/2P1P4/P7P/9/4An1cN/2BAK1BR1 b,0.97064376,363
2bk1abr1/9/9/p1p5p/4Crp2/2P1P4/P7P/9/4An1cN/2BAK1BR1 w,-0.9755906,7999
2bk1abr1/9/9/p1p5p/4Crp2/2P1P4/P7P/9/4An1RN/2BAK1B2 b,0.9777818,709
2bk1ab2/9/9/p1p5p/4Crp2/2P1P4/P7P/9/4An1rN/2BAK1B2 w,-0.9734254,7261
2bk1ab2/9/9/p1p5p/4Crp2/2P1P4/P6NP/9/4An1r1/2BAK1B2 b,0.98142713,7171
2bk1ab2/9/9/p1p5p/4Crp2/2P1P4/P6rP/9/4An3/2BAK1B2 w,-0.98038995,3631
2bk1ab2/9/9/p1p1C3p/5rp2/2P1P4/P6rP/9/4An3/2BAK1B2 b,0.9812168,3831
2bk1ab2/9/9/p1p1C3p/5r3/2P1P1p2/P6rP/9/4An3/2BAK1B2 w,-0.9800996,2817
2bk1ab2/9/9/C1p5p/5r3/2P1P1p2/P6rP/9/4An3/2BAK1B2 b,0.98632765,5578
2bk1ab2/9/9/C1p5p/5r3/2P1P1p2/P7P/9/4An3/2BAK1Br1 w,-0.981614,2430
C1bk1ab2/9/9/2p5p/5r3/2P1P1p2/P7P/9/4An3/2BAK1Br1 b,0.9819846,202
C2k1ab2/9/4b4/2p5p/5r3/2P1P1p2/P7P/9/4An3/2BAK1Br1 w,-0.9838091,9
3k1ab2/C8/4b4/2p5p/5r3/2P1P1p2/P7P/9/4An3/2BAK1Br1 b,0.9870317,8007
3k1ab2/C8/4b4/2p5p/5r3/2P1P1p2/P7P/9/4An3/2BAK1r2 w,-0.98694175,6926
3k1ab2/C8/4b4/2p5p/5r3/2P1P1p2/P7P/9/5n3/2BAKAr2 b,0.9914559,7916
3k1ab2/C8/4b4/2p5p/5r3/2P1P1p2/P7P/9/5n3/2BAKr3 w,-0.9900665,7726
3k1ab2/C8/4b4/2p5p/5r3/2P1P1p2/P7P/9/4Kn3/2BA1r3 b,0.9947133,6988
3k1ab2/C8/4b4/2p5p/5r3/2P1P1p2/P3n3P/9/4K4/2BA1r3 w,-0.9874381,822
3k1ab2/3C5/4b4/2p5p/5r3/2P1P1p2/P3n3P/9/4K4/2BA1r3 b,0.9940005,7824
3k1ab2/3C5/4b4/2p5p/5r3/2P1P1p2/P3n3P/9/4K4/2Br5 w,-0.9861945,1089
3k1ab2/C8/4b4/2p5p/5r3/2P1P1p2/P3n3P/9/4K4/2Br5 b,0.99362934,7635
3k1ab2/C8/4b4/2p5p/5r3/2P1P1p2/P3n3P/9/3rK4/2B6 w,-0.99502265,6925
3k1ab2/C8/4b4/2p5p/5r3/2P1P1p2/P3n3P/9/3r5/2B1K4 b,0.99958754,5285
3k1ab2/C8/4b4/2p5p/5r3/2P1P1p2/P7P/2n6/3r5/2B1K4 w,-0.9983042,810
C2k1ab2/9/4b4/2p5p/5r3/2P1P1p2/P7P/2n6/3r5/2B1K4 b,1,6834
rnbakabnr/9/1c5c1/p1p1p1p1p/9/9/P1P1P1P1P/1C5C1/9/RNBAKABNR w,0.80182725,5827
rnbakabnr/9/1c5c1/p1p1p1p1p/9/9/P1P1P1P1P/4C2C1/9/RNBAKABNR b,-0.8017787,110
r1bakabnr/9/1cn4c1/p1p1p1p1p/9/9/P1P1P1P1P/4C2C1/9/RNBAKABNR w,0.80183583,7445
r1bakabnr/9/1cn4c1/p1p1p1p1p/9/9/P1P1P1P1P/2N1C2C1/9/R1BAKABNR b,-0.80182236,562
r1baka1nr/9/1cn1b2c1/p1p1p1p1p/9/9/P1P1P1P1P/2N1C2C1/9/R1BAKABNR w,0.801942,7372
r1baka1nr/9/1cn1b2c1/p1p1p1p1p/9/9/P1P1P1P1P/2N1C2C1/9/1RBAKABNR b,-0.8017706,1
1rbaka1nr/9/1cn1b2c1/p1p1p1p1p/9/9/P1P1P1P1P/2N1C2C1/9/1RBAKABNR w,0.8016867,6368
1rbaka1nr/9/1cn1b2c1/p1p1p1p1p/9/9/P1P1P1P1P/2N1CC3/9/1RBAKABNR b,-0.8012789,654
1rbaka2r/9/1cn1b1nc1/p1p1p1p1p/9/9/P1P1P1P1P/2N1CC3/9/1RBAKABNR w,0.8016004,7989
1rbaka2r/9/1cn1b1nc1/p1p1p1p1p/9/9/P1P1P1P1P/2N1CCN2/9/1RBAKAB1R b,-0.80137295,3012
1rbaka2r/9/1cn1b1nc1/p1p1p3p/6p2/9/P1P1P1P1P/2N1CCN2/9/1RBAKAB1R w,0.8018723,8098
1rbaka2r/9/1cn1b1nc1/p1p1p3p/6p2/9/P1P1P1P1P/2N1CCN2/9/1RBAKABR1 b,-0.8020107,727
1rbaka1r1/9/1cn1b1nc1/p1p1p3p/6p2/9/P1P1P1P1P/2N1CCN2/9/1RBAKABR1 w,0.80251306,5087
1rbaka1r1/9/1cn1b1nc1/p1p1p3p/6p2/2P6/P3P1P1P/2N1CCN2/9/1RBAKABR1 b,-0.8022274,1765
1rbaka1r1/9/2n1b1nc1/p1p1p3p/6p2/2P6/Pc2P1P1P/2N1CCN2/9/1RBAKABR1 w,0.80470604,5898
1rbaka1r1/9/2n1b1nc1/p1p1p3p/6p2/2PN5/Pc2P1P1P/4CCN2/9/1RBAKABR1 b,-0.8064118,2311
1rbaka1r1/9/2n1b1n2/p1p1p3p/6p2/2PN5/Pc2P1PcP/4CCN2/9/1RBAKABR1 w,0.8079284,6143
1rbaka1r1/9/2n1bCn2/p1p1p3p/6p2/2PN5/Pc2P1PcP/4C1N2/9/1RBAKABR1 b,-0.80890244,1986
1rbakabr1/9/2n2Cn2/p1p1p3p/6p2/2PN5/Pc2P1PcP/4C1N2/9/1RBAKABR1 w,0.81814575,4351
1rbakabr1/9/2n2Cn2/p1p1N3p/6p2/2P6/Pc2P1PcP/4C1N2/9/1RBAKABR1 b,-0.80490994,1831
1rbakabr1/9/5Cn2/p1p1n3p/6p2/2P6/Pc2P1PcP/4C1N2/9/1RBAKABR1 w,0.80505747,6061
1rbakabr1/9/5Cn2/p1p1C3p/6p2/2P6/Pc2P1PcP/6N2/9/1RBAKABR1 b,-0.7909604,109
2bakabr1/9/1r3Cn2/p1p1C3p/6p2/2P6/Pc2P1PcP/6N2/9/1RBAKABR1 w,0.8022473,2839
2bakabr1/9/1r3Cn2/p1p5p/6p2/2P1C4/Pc2P1PcP/6N2/9/1RBAKABR1 b,-0.7983565,1733
2bakabr1/9/5rn2/p1p5p/6p2/2P1C4/Pc2P1PcP/6N2/9/1RBAKABR1 w,0.8096487,7435
2bakabr1/9/5rn2/p1p5p/6p2/2P1C4/PR2P1PcP/6N2/9/2BAKABR1 b,-0.80746,2129
2bakabr1/9/6n2/p1p5p/6p2/2P1C4/PR2PrPcP/6N2/9/2BAKABR1 w,0.8149259,4987
2bakabr1/9/6n2/p1p5p/1R4p2/2P1C4/P3PrPcP/6N2/9/2BAKABR1 b,-0.80414426,2201
2bakabr1/9/9/p1p5p/1R3np2/2P1C4/P3PrPcP/6N2/9/2BAKABR1 w,0.82169133,7897
2bakabr1/9/9/p1p5p/1R3np2/2P1C4/P3PrPcP/4B1N2/9/2BAKA1R1 b,-0.8098767,3748
2bakabr1/9/9/p1p5p/1R4p2/2P1C4/P3nrPcP/4B1N2/9/2BAKA1R1 w,0.82706904,7816
2bakabr1/9/9/p1p5p/1R4p2/2P1C4/P3nrPcP/4B1N2/4A4/2BAK2R1 b,-0.80994433,5370
2bakabr1/9/9/p1p5p/1R4p2/2P1C4/P3n1rcP/4B1N2/4A4/2BAK2R1 w,0.81229454,3370
2bakabr1/9/9/p1p5p/4R1p2/2P1C4/P3n1rcP/4B1N2/4A4/2BAK2R1 b,-0.80947095,562
2baka1r1/9/4b4/p1p5p/4R1p2/2P1C4/P3n1rcP/4B1N2/4A4/2BAK2R1 w,0.81341106,6268
2baka1r1/9/4b4/p1p5p/4R1p2/2P1C4/P3N1rcP/4B4/4A4/2BAK2R1 b,-0.805144,5458
2baka1r1/9/4b4/p1p5p/4R1p2/2P1C4/P3r2cP/4B4/4A4/2BAK2R1 w,0.8182746,3622
2baka1r1/9/4R4/p1p5p/6p2/2P1C4/P3r2cP/4B4/4A4/2BAK2R1 b,-0.8341382,463
2bak2r1/4a4/4R4/p1p5p/6p2/2P1C4/P3r2cP/4B4/4A4/2BAK2R1 w,0.9203164,2005
2bak2r1/4a4/7R1/p1p5p/6p2/2P1C4/P3r2cP/4B4/4A4/2BAK2R1 b,-0.90723115,5269
2bak2r1/4a4/7R1/p1p5p/6p2/2P1r4/P6cP/4B4/4A4/2BAK2R1 w,0.91269463,2257
2bak2R1/4a4/9/p1p5p/6p2/2P1r4/P6cP/4B4/4A4/2BAK2R1 b,-0.91296715,1175
2baka1R1/9/9/p1p5p/6p2/2P1r4/P6cP/4B4/4A4/2BAK2R1 w,0.9165692,691
2baka3/9/9/p1p5p/6p2/2P1r4/P6RP/4B4/4A4/2BAK2R1 b,-0.9174469,4432
2baka3/9/4r4/p1p5p/6p2/2P6/P6RP/4B4/4A4/2BAK2R1 w,0.92161113,5524
2baka3/9/4r4/p1p4Rp/6p2/2P6/P7P/4B4/4A4/2BAK2R1 b,-0.92495036,2038
2baka3/9/9/p1p4Rp/6p2/2P6/P3r3P/4B4/4A4/2BAK2R1 w,0.93269813,3089
2baka3/9/9/p1R5p/6p2/2P6/P3r3P/4B4/4A4/2BAK2R1 b,-0.93083453,5274
2baka3/9/9/p1R5p/6p2/2P6/r7P/4B4/4A4/2BAK2R1 w,0.93718433,2612
2Raka3/9/9/p7p/6p2/2P6/r7P/4B4/4A4/2BAK2R1 b,-0.9288908,4922
2Raka3/9/9/p7p/6p2/2P6/8r/4B4/4A4/2BAK2R1 w,0.9307753,209
3aka3/9/9/p1R5p/6p2/2P6/8r/4B4/4A4/2BAK2R1 b,-0.9199315,5669
3aka3/9/9/p1R5p/6p2/2P6/9/4B4/4A4/2BAK2Rr w,0.9750959,8009
3aka3/9/9/p1R5p/6p2/2P6/9/4B4/4A4/2BAK3R b,-0.9768801,2466
3aka3/9/9/2R5p/p5p2/2P6/9/4B4/4A4/2BAK3R w,0.979564,2641
3aka3/9/9/4R3p/p5p2/2P6/9/4B4/4A4/2BAK3R b,-0.98034286,463
3ak4/4a4/9/4R3p/p5p2/2P6/9/4B4/4A4/2BAK3R w,0.9846863,8045
3ak4/4a4/9/4R3R/p5p2/2P6/9/4B4/4A4/2BAK4 b,-0.97882617,365
3a1k3/4a4/9/4R3R/p5p2/2P6/9/4B4/4A4/2BAK4 w,0.98974323,3182
3a1k3/4a4/9/4RR3/p5p2/2P6/9/4B4/4A4/2BAK4 b,-0.98246115,454
3ak4/4a4/9/4RR3/p5p2/2P6/9/4B4/4A4/2BAK4 w,0.9845755,2913
3ak4/4a4/9/4R1R2/p5p2/2P6/9/4B4/4A4/2BAK4 b,-0.9930409,3285
3ak4/4a4/9/4R1R2/6p2/p1P6/9/4B4/4A4/2BAK4 w,1,2976
rnbakabnr/9/1c5c1/p1p1p1p1p/9/9/P1P1P1P1P/1C5C1/9/RNBAKABNR w,0.80182725,5827
rnbakabnr/9/1c5c1/p1p1p1p1p/9/9/P1P1P1P1P/4C2C1/9/RNBAKABNR b,-0.80176777,110
r1bakabnr/9/1cn4c1/p1p1p1p1p/9/9/P1P1P1P1P/4C2C1/9/RNBAKABNR w,0.8018194,7445
r1bakabnr/9/1cn4c1/p1p1p1p1p/9/9/P1P1P1P1P/2N1C2C1/9/R1BAKABNR b,-0.80182236,562
r1baka1nr/9/1cn1b2c1/p1p1p1p1p/9/9/P1P1P1P1P/2N1C2C1/9/R1BAKABNR w,0.80193824,7372
r1baka1nr/9/1cn1b2c1/p1p1p1p1p/9/9/P1P1P1P1P/2N1C2C1/9/1RBAKABNR b,-0.80176973,1
1rbaka1nr/9/1cn1b2c1/p1p1p1p1p/9/9/P1P1P1P1P/2N1C2C1/9/1RBAKABNR w,0.80169415,6368
1rbaka1nr/9/1cn1b2c1/p1p1p1p1p/9/9/P1P1P1P1P/2N1CC3/9/1RBAKABNR b,-0.8012789,654
1rbaka2r/9/1cn1b1nc1/p1p1p1p1p/9/9/P1P1P1P1P/2N1CC3/9/1RBAKABNR w,0.8016004,7989
1rbaka2r/9/1cn1b1nc1/p1p1p1p1p/9/9/P1P1P1P1P/2N1CCN2/9/1RBAKAB1R b,-0.8014014,3012
1rbaka2r/9/1cn1b1nc1/p1p1p3p/6p2/9/P1P1P1P1P/2N1CCN2/9/1RBAKAB1R w,0.80190086,8098
1rbaka2r/9/1cn1b1nc1/p1p1p3p/6p2/9/P1P1P1P1P/2N1CCN2/9/1RBAKABR1 b,-0.8018871,727
1rbaka1r1/9/1cn1b1nc1/p1p1p3p/6p2/9/P1P1P1P1P/2N1CCN2/9/1RBAKABR1 w,0.80251306,5087
1rbaka1r1/9/1cn1b1nc1/p1p1p3p/6p2/2P6/P3P1P1P/2N1CCN2/9/1RBAKABR1 b,-0.8022262,1765
1rbaka1r1/9/2n1b1nc1/p1p1p3p/6p2/2P6/Pc2P1P1P/2N1CCN2/9/1RBAKABR1 w,0.80514634,5898
1rbaka1r1/9/2n1b1nc1/p1p1p3p/6p2/2PN5/Pc2P1P1P/4CCN2/9/1RBAKABR1 b,-0.80638826,2311
1rbaka1r1/9/2n1b1n2/p1p1p3p/6p2/2PN5/Pc2P1PcP/4CCN2/9/1RBAKABR1 w,0.8078539,6143
1rbaka1r1/9/2n1bCn2/p1p1p3p/6p2/2PN5/Pc2P1PcP/4C1N2/9/1RBAKABR1 b,-0.8084572,1986
1rbakabr1/9/2n2Cn2/p1p1p3p/6p2/2PN5/Pc2P1PcP/4C1N2/9/1RBAKABR1 w,0.81870484,4351
1rbakabr1/9/2n2Cn2/p1p1N3p/6p2/2P6/Pc2P1PcP/4C1N2/9/1RBAKABR1 b,-0.80477434,1831
1rbakabr1/9/5Cn2/p1p1n3p/6p2/2P6/Pc2P1PcP/4C1N2/9/1RBAKABR1 w,0.8050081,6061
1rbakabr1/9/5Cn2/p1p1C3p/6p2/2P6/Pc2P1PcP/6N2/9/1RBAKABR1 b,-0.7909604,109
2bakabr1/9/1r3Cn2/p1p1C3p/6p2/2P6/Pc2P1PcP/6N2/9/1RBAKABR1 w,0.8022862,2839
2bakabr1/9/1r3Cn2/p1p5p/6p2/2P1C4/Pc2P1PcP/6N2/9/1RBAKABR1 b,-0.7983722,1733
2bakabr1/9/5rn2/p1p5p/6p2/2P1C4/Pc2P1PcP/6N2/9/1RBAKABR1 w,0.80986184,7435
2bakabr1/9/5rn2/p1p5p/6p2/2P1C4/PR2P1PcP/6N2/9/2BAKABR1 b,-0.80703294,2201
2bakabr1/9/5r3/p1p5p/5np2/2P1C4/PR2P1PcP/6N2/9/2BAKABR1 w,0.8140284,4987
2bakabr1/9/5r3/p1p5p/1R3np2/2P1C4/P3P1PcP/6N2/9/2BAKABR1 b,-0.8080418,3750
2bakabr1/9/5r3/p1p5p/1R4p2/2P1C4/P3P1ncP/6N2/9/2BAKABR1 w,0.818699,3372
2bakabr1/9/5r3/p1p5p/6R2/2P1C4/P3P1ncP/6N2/9/2BAKABR1 b,-0.8054496,5449
2bakabr1/9/5r3/p1p5p/6R2/2P1n4/P3P2cP/6N2/9/2BAKABR1 w,0.8062551,5269
2bakabr1/9/5r3/p1p5p/6R2/2P1P4/P6cP/6N2/9/2BAKABR1 b,-0.7997824,5560
2bakabr1/9/5r3/p1p5p/6R2/2P1P4/P7P/6Nc1/9/2BAKABR1 w,0.81004125,7999
2bakabr1/9/5r3/p1p5p/6R2/2P1P4/P7P/6Nc1/7R1/2BAKAB2 b,-0.7986552,2138
2bakabr1/9/9/p1p5p/6R2/2P1P4/P7P/5rNc1/7R1/2BAKAB2 w,0.80024886,3813
2bakabr1/9/9/p1p3R1p/9/2P1P4/P7P/5rNc1/7R1/2BAKAB2 b,-0.8004975,691
2bakab2/9/9/p1p3R1p/9/2P1P4/P6rP/5rNc1/7R1/2BAKAB2 w,0.8143955,2976
2bakaR2/9/9/p1p5p/9/2P1P4/P6rP/5rNc1/7R1/2BAKAB2 b,-0.8035922,5548
2bakaR2/9/9/p1p5p/9/2P1P4/P3r3P/5rNc1/7R1/2BAKAB2 w,0.8136863,7186
2bakaR2/9/9/p1p5p/9/2P1P4/P3r3P/5rNc1/4R4/2BAKAB2 b,-0.80255806,5276
2bakaR2/9/9/p1p5p/9/2P1P4/P1r5P/5rNc1/4R4/2BAKAB2 w,0.81043404,555
2baka3/6R2/9/p1p5p/9/2P1P4/P1r5P/5rNc1/4R4/2BAKAB2 b,-0.7992917,5123
2baka3/6R2/9/p1p5p/9/2P1P4/P7P/5rNc1/4R4/2rAKAB2 w,0.80778056,4450
2baka3/6R2/9/p1p5p/4P4/2P6/P7P/5rNc1/4R4/2rAKAB2 b,-0.7840725,6186
2baka3/6R2/9/p1p5p/4P4/2P6/P7P/3r2Nc1/4R4/2rAKAB2 w,0.93142176,3641
2baka3/6R2/9/p1p5p/5P3/2P6/P7P/3r2Nc1/4R4/2rAKAB2 b,-0.9300052,6007
2baka3/6R2/9/p1p5p/5P3/2P6/P7P/4r1Nc1/4R4/2rAKAB2 w,0.9389294,7897
2baka3/6R2/9/p1p5p/5P3/2P6/P7P/4B1Nc1/4R4/2rAKA3 b,-0.93334234,7526
2baka3/6R2/9/p1p5p/5P3/2P6/P1r5P/4B1Nc1/4R4/3AKA3 w,0.9342744,1383
2baka3/9/9/p1p3R1p/5P3/2P6/P1r5P/4B1Nc1/4R4/3AKA3 b,-0.9337908,5099
2baka3/9/9/p1p3R1p/5P3/2P6/P4r2P/4B1Nc1/4R4/3AKA3 w,0.9580296,6117
2baka3/9/9/p1p3R1p/5P3/2P6/P4r2P/6Nc1/4R4/3AKAB2 b,-0.95657593,283
2b1ka3/4a4/9/p1p3R1p/5P3/2P6/P4r2P/6Nc1/4R4/3AKAB2 w,0.9621162,2999
2b1ka3/4a4/9/p1R5p/5P3/2P6/P4r2P/6Nc1/4R4/3AKAB2 b,-0.9492731,198
4ka3/4a4/b8/p1R5p/5P3/2P6/P4r2P/6Nc1/4R4/3AKAB2 w,0.96218896,2644
4ka3/4a4/b8/p6Rp/5P3/2P6/P4r2P/6Nc1/4R4/3AKAB2 b,-0.966866,5378
4ka3/4a4/b8/p6Rp/5P3/2P6/P7P/5rNc1/4R4/3AKAB2 w,0.9669773,3130
4ka3/4a4/b8/p7p/5P3/2P6/P7P/5rNR1/4R4/3AKAB2 b,-0.96346027,1622
2b1ka3/4a4/9/p7p/5P3/2P6/P7P/5rNR1/4R4/3AKAB2 w,0.9665184,6871
2b1ka3/4a4/9/p3R3p/5P3/2P6/P7P/5rNR1/9/3AKAB2 b,-0.96513164,6161
2b1ka3/4a4/9/p3R3p/5r3/2P6/P7P/6NR1/9/3AKAB2 w,0.9667683,6325
2b1ka3/4a4/7R1/p3R3p/5r3/2P6/P7P/6N2/9/3AKAB2 b,-0.9687356,3758
2b1ka3/4a4/7R1/p3R3p/9/2P6/P7P/5rN2/9/3AKAB2 w,0.98490983,2270
2b1ka3/4a4/2R6/p3R3p/9/2P6/P7P/5rN2/9/3AKAB2 b,-0.9994361,6189
2b1ka3/4a4/2R6/p3R3p/9/2P6/P7P/6r2/9/3AKAB2 w,1,1802
rnbakabnr/9/1c5c1/p1p1p1p1p/9/9/P1P1P1P1P/1C5C1/9/RNBAKABNR w,0.8018042,5827
rnbakabnr/9/1c5c1/p1p1p1p1p/9/9/P1P1P1P1P/4C2C1/9/RNBAKABNR b,-0.8017806,110
r1bakabnr/9/1cn4c1/p1p1p1p1p/9/9/P1P1P1P1P/4C2C1/9/RNBAKABNR w,0.80181926,7445
r1bakabnr/9/1cn4c1/p1p1p1p1p/9/9/P1P1P1P1P/2N1C2C1/9/R1BAKABNR b,-0.8018406,562
r1baka1nr/9/1cn1b2c1/p1p1p1p1p/9/9/P1P1P1P1P/2N1C2C1/9/R1BAKABNR w,0.8019307,7372
r1baka1nr/9/1cn1b2c1/p1p1p1p1p/9/9/P1P1P1P1P/2N1C2C1/9/1RBAKABNR b,-0.801769,1
1rbaka1nr/9/1cn1b2c1/p1p1p1p1p/9/9/P1P1P1P1P/2N1C2C1/9/1RBAKABNR w,0.8017126,6368
1rbaka1nr/9/1cn1b2c1/p1p1p1p1p/9/9/P1P1P1P1P/2N1CC3/9/1RBAKABNR b,-0.8012594,654
1rbaka2r/9/1cn1b1nc1/p1p1p1p1p/9/9/P1P1P1P1P/2N1CC3/9/1RBAKABNR w,0.80156916,7989
1rbaka2r/9/1cn1b1nc1/p1p1p1p1p/9/9/P1P1P1P1P/2N1CCN2/9/1RBAKAB1R b,-0.80137295,3012
1rbaka2r/9/1cn1b1nc1/p1p1p3p/6p2/9/P1P1P1P1P/2N1CCN2/9/1RBAKAB1R w,0.80189395,8098
1rbaka2r/9/1cn1b1nc1/p1p1p3p/6p2/9/P1P1P1P1P/2N1CCN2/9/1RBAKABR1 b,-0.80201656,727
1rbaka1r1/9/1cn1b1nc1/p1p1p3p/6p2/9/P1P1P1P1P/2N1CCN2/9/1RBAKABR1 w,0.80255455,5087
1rbaka1r1/9/1cn1b1nc1/p1p1p3p/6p2/2P6/P3P1P1P/2N1CCN2/9/1RBAKABR1 b,-0.80221564,1765
1rbaka1r1/9/2n1b1nc1/p1p1p3p/6p2/2P6/Pc2P1P1P/2N1CCN2/9/1RBAKABR1 w,0.8049814,5898
1rbaka1r1/9/2n1b1nc1/p1p1p3p/6p2/2PN5/Pc2P1P1P/4CCN2/9/1RBAKABR1 b,-0.8064419,2311
1rbaka1r1/9/2n1b1n2/p1p1p3p/6p2/2PN5/Pc2P1PcP/4CCN2/9/1RBAKABR1 w,0.80788714,6143
1rbaka1r1/9/2n1bCn2/p1p1p3p/6p2/2PN5/Pc2P1PcP/4C1N2/9/1RBAKABR1 b,-0.8084572,1986
1rbakabr1/9/2n2Cn2/p1p1p3p/6p2/2PN5/Pc2P1PcP/4C1N2/9/1RBAKABR1 w,0.81909174,4351
1rbakabr1/9/2n2Cn2/p1p1N3p/6p2/2P6/Pc2P1PcP/4C1N2/9/1RBAKABR1 b,-0.8048105,1831
1rbakabr1/9/5Cn2/p1p1n3p/6p2/2P6/Pc2P1PcP/4C1N2/9/1RBAKABR1 w,0.805125,6061
1rbakabr1/9/5Cn2/p1p1C3p/6p2/2P6/Pc2P1PcP/6N2/9/1RBAKABR1 b,-0.79062665,109
2bakabr1/9/1r3Cn2/p1p1C3p/6p2/2P6/Pc2P1PcP/6N2/9/1RBAKABR1 w,0.8022473,2839
2bakabr1/9/1r3Cn2/p1p5p/6p2/2P1C4/Pc2P1PcP/6N2/9/1RBAKABR1 b,-0.7983565,1733
2bakabr1/9/5rn2/p1p5p/6p2/2P1C4/Pc2P1PcP/6N2/9/1RBAKABR1 w,0.80988884,7435
2bakabr1/9/5rn2/p1p5p/6p2/2P1C4/PR2P1PcP/6N2/9/2BAKABR1 b,-0.8074937,2129
2bakabr1/9/6n2/p1p5p/6p2/2P1C4/PR2PrPcP/6N2/9/2BAKABR1 w,0.81437814,4987
2bakabr1/9/6n2/p1p5p/1R4p2/2P1C4/P3PrPcP/6N2/9/2BAKABR1 b,-0.8048518,2201
2bakabr1/9/9/p1p5p/1R3np2/2P1C4/P3PrPcP/6N2/9/2BAKABR1 w,0.8221642,7897
2bakabr1/9/9/p1p5p/1R3np2/2P1C4/P3PrPcP/4B1N2/9/2BAKA1R1 b,-0.8097452,3748
2bakabr1/9/9/p1p5p/1R4p2/2P1C4/P3nrPcP/4B1N2/9/2BAKA1R1 w,0.8261282,7816
2bakabr1/9/9/p1p5p/1R4p2/2P1C4/P3nrPcP/4B1N2/4A4/2BAK2R1 b,-0.8100757,5370
2bakabr1/9/9/p1p5p/1R4p2/2P1C4/P3n1rcP/4B1N2/4A4/2BAK2R1 w,0.81488436,6290
2bakabr1/9/9/p1p5p/1R4p2/2P1C4/P3n1rcP/4B4/4A3N/2BAK2R1 b,-0.7970225,5569
2bakabr1/9/9/p1p5p/1R4p2/2P1C4/P3n1r1P/4B4/4A2cN/2BAK2R1 w,0.79698676,3370
2bakabr1/9/9/p1p5p/4R1p2/2P1C4/P3n1r1P/4B4/4A2cN/2BAK2R1 b,-0.8133497,562
2baka1r1/9/4b4/p1p5p/4R1p2/2P1C4/P3n1r1P/4B4/4A2cN/2BAK2R1 w,0.8969854,3622
2baka1r1/9/4R4/p1p5p/6p2/2P1C4/P3n1r1P/4B4/4A2cN/2BAK2R1 b,-0.8957165,283
2b1ka1r1/4a4/4R4/p1p5p/6p2/2P1C4/P3n1r1P/4B4/4A2cN/2BAK2R1 w,0.9164219,2005
2b1ka1r1/4a4/7R1/p1p5p/6p2/2P1C4/P3n1r1P/4B4/4A2cN/2BAK2R1 b,-0.91517866,363
2bk1a1r1/4a4/7R1/p1p5p/6p2/2P1C4/P3n1r1P/4B4/4A2cN/2BAK2R1 w,0.9369441,2257
2bk1a1R1/4a4/9/p1p5p/6p2/2P1C4/P3n1r1P/4B4/4A2cN/2BAK2R1 b,-0.92632204,7187
2bk1a1R1/4a4/9/p1p5p/6p2/2P1C4/P3n1r1P/4B4/4Ac2N/2BAK2R1 w,0.9418481,664
2bk1a3/4a4/9/p1p4Rp/6p2/2P1C4/P3n1r1P/4B4/4Ac2N/2BAK2R1 b,-0.92866015,5451
2bk1a3/4a4/9/p1p4Rp/6p2/2P1C1r2/P3n3P/4B4/4Ac2N/2BAK2R1 w,0.9630902,3090
2bk1a3/4a4/9/p1pR4p/6p2/2P1C1r2/P3n3P/4B4/4Ac2N/2BAK2R1 b,-0.9632938,1191
2bk1a3/9/3a5/p1pR4p/6p2/2P1C1r2/P3n3P/4B4/4Ac2N/2BAK2R1 w,0.97969216,6081
2bk1a3/9/3a5/p1pR4p/6p2/2P1C1B2/P3n3P/9/4Ac2N/2BAK2R1 b,-0.9682017,3831
2bk1a3/9/3a5/p1pR4p/9/2P1C1p2/P3n3P/9/4Ac2N/2BAK2R1 w,0.969237,2721
2bk1a3/9/3R5/p1p5p/9/2P1C1p2/P3n3P/9/4Ac2N/2BAK2R1 b,-0.97679436,274
2b1ka3/9/3R5/p1p5p/9/2P1C1p2/P3n3P/9/4Ac2N/2BAK2R1 w,0.9710688,7954
2b1ka3/9/3R5/p1p4Rp/9/2P1C1p2/P3n3P/9/4Ac2N/2BAK4 b,-0.96731037,5267
2b1ka3/9/3R5/p1p4Rp/9/2n1C1p2/P7P/9/4Ac2N/2BAK4 w,0.9695593,3089
2b1ka3/9/3R5/p1R5p/9/2n1C1p2/P7P/9/4Ac2N/2BAK4 b,-0.95790434,4288
2b1ka3/9/3R5/p1R5p/9/4C1p2/P3n3P/9/4Ac2N/2BAK4 w,0.97340983,2612
2R1ka3/9/3R5/p7p/9/4C1p2/P3n3P/9/4Ac2N/2BAK4 b,-0.97311896,373
2R2a3/4k4/3R5/p7p/9/4C1p2/P3n3P/9/4Ac2N/2BAK4 w,0.96825075,191
5a3/2R1k4/3R5/p7p/9/4C1p2/P3n3P/9/4Ac2N/2BAK4 b,-0.9733388,1174
4ka3/2R6/3R5/p7p/9/4C1p2/P3n3P/9/4Ac2N/2BAK4 w,0.97814125,7287
4ka3/2R6/3R5/p7p/9/4C1p2/P3n3P/9/4Ac3/2BAK1N2 b,-0.963135,5289
4ka3/2R6/3R5/p7p/9/4C1p2/P7P/6n2/4Ac3/2BAK1N2 w,0.9853242,1908
4ka3/2R6/R8/p7p/9/4C1p2/P7P/6n2/4Ac3/2BAK1N2 b,-0.9800504,7008
4ka3/2R6/R8/p7p/9/4C1p2/P7P/6n2/4A1c2/2BAK1N2 w,1,1620
rnbakabnr/9/1c5c1/p1p1p1p1p/9/9/P1P1P1P1P/1C5C1/9/RNBAKABNR w,-0.7981728,5827
rnbakabnr/9/1c5c1/p1p1p1p1p/9/9/P1P1P1P1P/4C2C1/9/RNBAKABNR b,0.79821944,110
r1bakabnr/9/1cn4c1/p1p1p1p1p/9/9/P1P1P1P1P/4C2C1/9/RNBAKABNR w,-0.79818517,7445
r1bakabnr/9/1cn4c1/p1p1p1p1p/9/9/P1P1P1P1P/2N1C2C1/9/R1BAKABNR b,0.79817766,562
r1baka1nr/9/1cn1b2c1/p1p1p1p1p/9/9/P1P1P1P1P/2N1C2C1/9/R1BAKABNR w,-0.7980545,7372
r1baka1nr/9/1cn1b2c1/p1p1p1p1p/9/9/P1P1P1P1P/2N1C2C1/9/1RBAKABNR b,0.7982294,1
1rbaka1nr/9/1cn1b2c1/p1p1p1p1p/9/9/P1P1P1P1P/2N1C2C1/9/1RBAKABNR w,-0.79828364,6368
1rbaka1nr/9/1cn1b2c1/p1p1p1p1p/9/9/P1P1P1P1P/2N1CC3/9/1RBAKABNR b,0.79872113,654
1rbaka2r/9/1cn1b1nc1/p1p1p1p1p/9/9/P1P1P1P1P/2N1CC3/9/1RBAKABNR w,-0.7984249,7989
1rbaka2r/9/1cn1b1nc1/p1p1p1p1p/9/9/P1P1P1P1P/2N1CCN2/9/1RBAKAB1R b,0.7986271,3012
1rbaka2r/9/1cn1b1nc1/p1p1p3p/6p2/9/P1P1P1P1P/2N1CCN2/9/1RBAKAB1R w,-0.7981277,8098
1rbaka2r/9/1cn1b1nc1/p1p1p3p/6p2/9/P1P1P1P1P/2N1CCN2/9/1RBAKABR1 b,0.7979893,727
1rbaka1r1/9/1cn1b1nc1/p1p1p3p/6p2/9/P1P1P1P1P/2N1CCN2/9/1RBAKABR1 w,-0.79720217,5087
1rbaka1r1/9/1cn1b1nc1/p1p1p3p/6p2/2P6/P3P1P1P/2N1CCN2/9/1RBAKABR1 b,0.79777384,1765
1rbaka1r1/9/2n1b1nc1/p1p1p3p/6p2/2P6/Pc2P1P1P/2N1CCN2/9/1RBAKABR1 w,-0.79479766,5898
1rbaka1r1/9/2n1b1nc1/p1p1p3p/6p2/2PN5/Pc2P1P1P/4CCN2/9/1RBAKABR1 b,0.7936065,2311
1rbaka1r1/9/2n1b1n2/p1p1p3p/6p2/2PN5/Pc2P1PcP/4CCN2/9/1RBAKABR1 w,-0.7921139,6143
1rbaka1r1/9/2n1bCn2/p1p1p3p/6p2/2PN5/Pc2P1PcP/4C1N2/9/1RBAKABR1 b,0.7917056,1986
1rbakabr1/9/2n2Cn2/p1p1p3p/6p2/2PN5/Pc2P1PcP/4C1N2/9/1RBAKABR1 w,-0.7818543,4351
1rbakabr1/9/2n2Cn2/p1p1N3p/6p2/2P6/Pc2P1PcP/4C1N2/9/1RBAKABR1 b,0.79521334,1831
1rbakabr1/9/5Cn2/p1p1n3p/6p2/2P6/Pc2P1PcP/4C1N2/9/1RBAKABR1 w,-0.7949346,6061
1rbakabr1/9/5Cn2/p1p1C3p/6p2/2P6/Pc2P1PcP/6N2/9/1RBAKABR1 b,0.8093833,109
2bakabr1/9/1r3Cn2/p1p1C3p/6p2/2P6/Pc2P1PcP/6N2/9/1RBAKABR1 w,-0.79817873,2839
2bakabr1/9/1r3Cn2/p1p5p/6p2/2P1C4/Pc2P1PcP/6N2/9/1RBAKABR1 b,0.80169934,1733
2bakabr1/9/5rn2/p1p5p/6p2/2P1C4/Pc2P1PcP/6N2/9/1RBAKABR1 w,-0.7903417,7435
2bakabr1/9/5rn2/p1p5p/6p2/2P1C4/PR2P1PcP/6N2/9/2BAKABR1 b,0.79189956,2138
2bakabr1/9/6n2/p1p5p/6p2/2P1C4/PR2P1PcP/5rN2/9/2BAKABR1 w,-0.784172,6290
2bakabr1/9/6n2/p1p5p/6p2/2P1C4/PR2P1PcP/5r3/8N/2BAKABR1 b,0.7949532,5569
2bakabr1/9/6n2/p1p5p/6p2/2P1C4/PR2P1P1P/5r3/7cN/2BAKABR1 w,-0.7909918,7816
2bakabr1/9/6n2/p1p5p/6p2/2P1C4/PR2P1P1P/5r3/4A2cN/2BAK1BR1 b,0.801122,6197
2bakabr1/9/6n2/p1p5p/6p2/2P1C4/PR2P1P1P/9/4Ar1cN/2BAK1BR1 w,-0.7982363,5007
2bakabr1/9/6n2/p1p5p/6p2/2P1C4/P2RP1P1P/9/4Ar1cN/2BAK1BR1 b,0.8076908,2201
2bakabr1/9/9/p1p5p/5np2/2P1C4/P2RP1P1P/9/4Ar1cN/2BAK1BR1 w,-0.80449504,4450
2bakabr1/9/9/p1p5p/4Cnp2/2P6/P2RP1P1P/9/4Ar1cN/2BAK1BR1 b,0.8102643,3750
2bakabr1/9/9/p1p5p/4C1p2/2P6/P2RP1n1P/9/4Ar1cN/2BAK1BR1 w,-0.80655503,5160
2bakabr1/9/9/p1pR4p/4C1p2/2P6/P3P1n1P/9/4Ar1cN/2BAK1BR1 b,0.8237422,6971
2bakabr1/9/9/p1pR4p/4Crp2/2P6/P3P1n1P/9/4A2cN/2BAK1BR1 w,-0.8200986,5269
2bakabr1/9/9/p1pR4p/4Crp2/2P1P4/P5n1P/9/4A2cN/2BAK1BR1 b,0.8515045,5477
2bakabr1/9/9/p1pR4p/4Crp2/2P1P4/P7P/9/4An1cN/2BAK1BR1 w,-0.8440931,2703
2bRkabr1/9/9/p1p5p/4Crp2/2P1P4/P7P/9/4An1cN/2BAK1BR1 b,0.9706638,363
2bk1abr1/9/9/p1p5p/4Crp2/2P1P4/P7P/9/4An1cN/2BAK1BR1 w,-0.975191,7999
2bk1abr1/9/9/p1p5p/4Crp2/2P1P4/P7P/9/4An1RN/2BAK1B2 b,0.9777818,709
2bk1ab2/9/9/p1p5p/4Crp2/2P1P4/P7P/9/4An1rN/2BAK1B2 w,-0.9734254,7261
2bk1ab2/9/9/p1p5p/4Crp2/2P1P4/P6NP/9/4An1r1/2BAK1B2 b,0.98171544,7171
2bk1ab2/9/9/p1p5p/4Crp2/2P1P4/P6rP/9/4An3/2BAK1B2 w,-0.98038995,3631
2bk1ab2/9/9/p1p1C3p/5rp2/2P1P4/P6rP/9/4An3/2BAK1B2 b,0.98133135,3831
2bk1ab2/9/9/p1p1C3p/5r3/2P1P1p2/P6rP/9/4An3/2BAK1B2 w,-0.97975796,2817
2bk1ab2/9/9/C1p5p/5r3/2P1P1p2/P6rP/9/4An3/2BAK1B2 b,0.9858266,5578
2bk1ab2/9/9/C1p5p/5r3/2P1P1p2/P7P/9/4An3/2BAK1Br1 w,-0.9798675,2430
C1bk1ab2/9/9/2p5p/5r3/2P1P1p2/P7P/9/4An3/2BAK1Br1 b,0.9819846,202
C2k1ab2/9/4b4/2p5p/5r3/2P1P1p2/P7P/9/4An3/2BAK1Br1 w,-0.98323095,9
3k1ab2/C8/4b4/2p5p/5r3/2P1P1p2/P7P/9/4An3/2BAK1Br1 b,0.9864593,8007
3k1ab2/C8/4b4/2p5p/5r3/2P1P1p2/P7P/9/4An3/2BAK1r2 w,-0.98694175,6926
3k1ab2/C8/4b4/2p5p/5r3/2P1P1p2/P7P/9/5n3/2BAKAr2 b,0.99113977,7916
3k1ab2/C8/4b4/2p5p/5r3/2P1P1p2/P7P/9/5n3/2BAKr3 w,-0.99110025,7726
3k1ab2/C8/4b4/2p5p/5r3/2P1P1p2/P7P/9/4Kn3/2BA1r3 b,0.99051034,6988
3k1ab2/C8/4b4/2p5p/5r3/2P1P1p2/P3n3P/9/4K4/2BA1r3 w,-0.98535085,822
3k1ab2/3C5/4b4/2p5p/5r3/2P1P1p2/P3n3P/9/4K4/2BA1r3 b,0.994044,7824
3k1ab2/3C5/4b4/2p5p/5r3/2P1P1p2/P3n3P/9/4K4/2Br5 w,-0.98649484,1137
3k1ab2/9/4b4/2p5p/5r3/2P1P1p2/P2Cn3P/9/4K4/2Br5 b,0.9916602,7635
3k1ab2/9/4b4/2p5p/5r3/2P1P1p2/P2Cn3P/9/3rK4/2B6 w,-0.98962533,6925
3k1ab2/9/4b4/2p5p/5r3/2P1P1p2/P2Cn3P/9/3r5/2B1K4 b,0.9924203,3776
3k1ab2/9/4b4/2p5p/9/2P1P1p2/P2Cn3P/9/3r5/2B1Kr3 w,-0.9938909,7736
3k1ab2/9/4b4/2p5p/9/2P1P1p2/P2Cn3P/9/3r5/2B2K3 b,1,6834
rnbakabnr/9/1c5c1/p1p1p1p1p/9/9/P1P1P1P1P/1C5C1/9/RNBAKABNR w,0.8018093,5827
rnbakabnr/9/1c5c1/p1p1p1p1p/9/9/P1P1P1P1P/4C2C1/9/RNBAKABNR b,-0.80176365,110
r1bakabnr/9/1cn4c1/p1p1p1p1p/9/9/P1P1P1P1P/4C2C1/9/RNBAKABNR w,0.80183583,7445
r1bakabnr/9/1cn4c1/p1p1p1p1p/9/9/P1P1P1P1P/2N1C2C1/9/R1BAKABNR b,-0.80182236,562
r1baka1nr/9/1cn1b2c1/p1p1p1p1p/9/9/P1P1P1P1P/2N1C2C1/9/R1BAKABNR w,0.80193686,7372
r1baka1nr/9/1cn1b2c1/p1p1p1p1p/9/9/P1P1P1P1P/2N1C2C1/9/1RBAKABNR b,-0.80177003,1
1rbaka1nr/9/1cn1b2c1/p1p1p1p1p/9/9/P1P1P1P1P/2N1C2C1/9/1RBAKABNR w,0.8017164,6368
1rbaka1nr/9/1cn1b2c1/p1p1p1p1p/9/9/P1P1P1P1P/2N1CC3/9/1RBAKABNR b,-0.8012789,654
1rbaka2r/9/1cn1b1nc1/p1p1p1p1p/9/9/P1P1P1P1P/2N1CC3/9/1RBAKABNR w,0.8015947,7989
1rbaka2r/9/1cn1b1nc1/p1p1p1p1p/9/9/P1P1P1P1P/2N1CCN2/9/1RBAKAB1R b,-0.80137295,3012
1rbaka2r/9/1cn1b1nc1/p1p1p3p/6p2/9/P1P1P1P1P/2N1CCN2/9/1RBAKAB1R w,0.80189806,8098
1rbaka2r/9/1cn1b1nc1/p1p1p3p/6p2/9/P1P1P1P1P/2N1CCN2/9/1RBAKABR1 b,-0.8020108,727
1rbaka1r1/9/1cn1b1nc1/p1p1p3p/6p2/9/P1P1P1P1P/2N1CCN2/9/1RBAKABR1 w,0.80251306,5087
1rbaka1r1/9/1cn1b1nc1/p1p1p3p/6p2/2P6/P3P1P1P/2N1CCN2/9/1RBAKABR1 b,-0.80212146,1765
1rbaka1r1/9/2n1b1nc1/p1p1p3p/6p2/2P6/Pc2P1P1P/2N1CCN2/9/1RBAKABR1 w,0.8047115,5898
1rbaka1r1/9/2n1b1nc1/p1p1p3p/6p2/2PN5/Pc2P1P1P/4CCN2/9/1RBAKABR1 b,-0.8065378,2311
1rbaka1r1/9/2n1b1n2/p1p1p3p/6p2/2PN5/Pc2P1PcP/4CCN2/9/1RBAKABR1 w,0.8078968,6143
1rbaka1r1/9/2n1bCn2/p1p1p3p/6p2/2PN5/Pc2P1PcP/4C1N2/9/1RBAKABR1 b,-0.8084572,1986
1rbakabr1/9/2n2Cn2/p1p1p3p/6p2/2PN5/Pc2P1PcP/4C1N2/9/1RBAKABR1 w,0.81814575,4351
1rbakabr1/9/2n2Cn2/p1p1N3p/6p2/2P6/Pc2P1PcP/4C1N2/9/1RBAKABR1 b,-0.8047867,1831
1rbakabr1/9/5Cn2/p1p1n3p/6p2/2P6/Pc2P1PcP/4C1N2/9/1RBAKABR1 w,0.80498105,6061
1rbakabr1/9/5Cn2/p1p1C3p/6p2/2P6/Pc2P1PcP/6N2/9/1RBAKABR1 b,-0.79084677,109
2bakabr1/9/1r3Cn2/p1p1C3p/6p2/2P6/Pc2P1PcP/6N2/9/1RBAKABR1 w,0.80268395,2830
2bakabr1/9/1r3Cn2/p1p5p/4C1p2/2P6/Pc2P1PcP/6N2/9/1RBAKABR1 b,-0.7973537,1733
2bakabr1/9/5rn2/p1p5p/4C1p2/2P6/Pc2P1PcP/6N2/9/1RBAKABR1 w,0.8029626,7435
2bakabr1/9/5rn2/p1p5p/4C1p2/2P6/PR2P1PcP/6N2/9/2BAKABR1 b,-0.7960587,2111
2bakabr1/9/6n2/p1p5p/4Crp2/2P6/PR2P1PcP/6N2/9/2BAKABR1 w,0.80720335,3649
2bakabr1/9/6n2/p1p5p/5rp2/2P1C4/PR2P1PcP/6N2/9/2BAKABR1 b,-0.79894716,3831
2bakabr1/9/6n2/p1p5p/5r3/2P1C1p2/PR2P1PcP/6N2/9/2BAKABR1 w,0.8130668,6290
2bakabr1/9/6n2/p1p5p/5r3/2P1C1p2/PR2P1PcP/9/8N/2BAKABR1 b,-0.80353695,5569
2bakabr1/9/6n2/p1p5p/5r3/2P1C1p2/PR2P1P1P/9/7cN/2BAKABR1 w,0.8091366,7897
2bakabr1/9/6n2/p1p5p/5r3/2P1C1p2/PR2P1P1P/4B4/7cN/2BAKA1R1 b,-0.7992201,4650
2bakabr1/9/6n2/p1p5p/5r3/2P1C4/PR2P1p1P/4B4/7cN/2BAKA1R1 w,0.8143737,4969
2bakabr1/9/1R4n2/p1p5p/5r3/2P1C4/P3P1p1P/4B4/7cN/2BAKA1R1 b,-0.7983485,2177
2bakabr1/8n/1R7/p1p5p/5r3/2P1C4/P3P1p1P/4B4/7cN/2BAKA1R1 w,0.8408573,1732
2bakabr1/8n/4R4/p1p5p/5r3/2P1C4/P3P1p1P/4B4/7cN/2BAKA1R1 b,-0.86188406,283
2b1kabr1/4a3n/4R4/p1p5p/5r3/2P1C4/P3P1p1P/4B4/7cN/2BAKA1R1 w,0.8989716,2005
2b1kabr1/4a3n/7R1/p1p5p/5r3/2P1C4/P3P1p1P/4B4/7cN/2BAKA1R1 b,-0.8985558,202
4kabr1/4a3n/4b2R1/p1p5p/5r3/2P1C4/P3P1p1P/4B4/7cN/2BAKA1R1 w,0.91018337,2257
4kabR1/4a3n/4b4/p1p5p/5r3/2P1C4/P3P1p1P/4B4/7cN/2BAKA1R1 b,-0.91020924,7188
4kabR1/4a3n/4b4/p1p5p/5r3/2P1C4/P3P1p1P/4B4/6c1N/2BAKA1R1 w,0.9256692,7936
4kabR1/4a2Rn/4b4/p1p5p/5r3/2P1C4/P3P1p1P/4B4/6c1N/2BAKA3 b,-0.9161076,3767
4kabR1/4a2Rn/4b4/p1p5p/9/2P1C4/P3P1p1P/4B4/5rc1N/2BAKA3 w,0.94054216,7816
4kabR1/4a2Rn/4b4/p1p5p/9/2P1C4/P3P1p1P/4B4/4Arc1N/2BAK4 b,-0.92777854,363
3k1abR1/4a2Rn/4b4/p1p5p/9/2P1C4/P3P1p1P/4B4/4Arc1N/2BAK4 w,0.9450456,1457
3k1abR1/4a3R/4b4/p1p5p/9/2P1C4/P3P1p1P/4B4/4Arc1N/2BAK4 b,-0.9460144,7099
3k1abR1/4a3R/4b4/p1p5p/9/2P1C4/P3P1p1P/4B4/4Ar1cN/2BAK4 w,0.9552813,1565
3k1abR1/4a4/4b4/p1p5R/9/2P1C4/P3P1p1P/4B4/4Ar1cN/2BAK4 b,-0.9525806,7198
3k1abR1/4a4/4b4/p1p5R/9/2P1C4/P3P1p1P/4B4/4Ar2N/2BAK2c1 w,0.95691097,673
3k1ab2/4a4/4b4/p1p5R/7R1/2P1C4/P3P1p1P/4B4/4Ar2N/2BAK2c1 b,-0.9537631,7010
3k1ab2/4a4/4b4/p1p5R/7R1/2P1C4/P3P1p1P/4B4/4A3r/2BAK2c1 w,0.9658769,3180
3k1ab2/4a4/4b4/p1pR5/7R1/2P1C4/P3P1p1P/4B4/4A3r/2BAK2c1 b,-0.96691257,274
4kab2/4a4/4b4/p1pR5/7R1/2P1C4/P3P1p1P/4B4/4A3r/2BAK2c1 w,0.98443186,3907
4kab2/4a4/4b4/p1pR5/1R7/2P1C4/P3P1p1P/4B4/4A3r/2BAK2c1 b,-0.996908,7289
4kab2/4a4/4b4/p1pR5/1R7/2P1C4/P3P1p1P/4B4/4A4/2BAK2cr w,1,3331
rnbakabnr/9/1c5c1/p1p1p1p1p/9/9/P1P1P1P1P/1C5C1/9/RNBAKABNR w,0.8018177,5827
rnbakabnr/9/1c5c1/p1p1p1p1p/9/9/P1P1P1P1P/4C2C1/9/RNBAKABNR b,-0.8017668,110
r1bakabnr/9/1cn4c1/p1p1p1p1p/9/9/P1P1P1P1P/4C2C1/9/RNBAKABNR w,0.80181766,7445
r1bakabnr/9/1cn4c1/p1p1p1p1p/9/9/P1P1P1P1P/2N1C2C1/9/R1BAKABNR b,-0.8018505,562
r1baka1nr/9/1cn1b2c1/p1p1p1p1p/9/9/P1P1P1P1P/2N1C2C1/9/R1BAKABNR w,0.8019635,7372
r1baka1nr/9/1cn1b2c1/p1p1p1p1p/9/9/P1P1P1P1P/2N1C2C1/9/1RBAKABNR b,-0.80177104,1
1rbaka1nr/9/1cn1b2c1/p1p1p1p1p/9/9/P1P1P1P1P/2N1C2C1/9/1RBAKABNR w,0.8016866,6368
1rbaka1nr/9/1cn1b2c1/p1p1p1p1p/9/9/P1P1P1P1P/2N1CC3/9/1RBAKABNR b,-0.80127186,654
1rbaka2r/9/1cn1b1nc1/p1p1p1p1p/9/9/P1P1P1P1P/2N1CC3/9/1RBAKABNR w,0.8016004,7989
1rbaka2r/9/1cn1b1nc1/p1p1p1p1p/9/9/P1P1P1P1P/2N1CCN2/9/1RBAKAB1R b,-0.8013682,3012
1rbaka2r/9/1cn1b1nc1/p1p1p3p/6p2/9/P1P1P1P1P/2N1CCN2/9/1RBAKAB1R w,0.8018736,8098
1rbaka2r/9/1cn1b1nc1/p1p1p3p/6p2/9/P1P1P1P1P/2N1CCN2/9/1RBAKABR1 b,-0.8018871,727
1rbaka1r1/9/1cn1b1nc1/p1p1p3p/6p2/9/P1P1P1P1P/2N1CCN2/9/1RBAKABR1 w,0.8025176,5087
1rbaka1r1/9/1cn1b1nc1/p1p1p3p/6p2/2P6/P3P1P1P/2N1CCN2/9/1RBAKABR1 b,-0.80222553,1765
1rbaka1r1/9/2n1b1nc1/p1p1p3p/6p2/2P6/Pc2P1P1P/2N1CCN2/9/1RBAKABR1 w,0.8047115,5898
1rbaka1r1/9/2n1b1nc1/p1p1p3p/6p2/2PN5/Pc2P1P1P/4CCN2/9/1RBAKABR1 b,-0.80644923,2311
1rbaka1r1/9/2n1b1n2/p1p1p3p/6p2/2PN5/Pc2P1PcP/4CCN2/9/1RBAKABR1 w,0.8079292,6143
1rbaka1r1/9/2n1bCn2/p1p1p3p/6p2/2PN5/Pc2P1PcP/4C1N2/9/1RBAKABR1 b,-0.80828,1986
1rbakabr1/9/2n2Cn2/p1p1p3p/6p2/2PN5/Pc2P1PcP/4C1N2/9/1RBAKABR1 w,0.81814575,4351
1rbakabr1/9/2n2Cn2/p1p1N3p/6p2/2P6/Pc2P1PcP/4C1N2/9/1RBAKABR1 b,-0.80481404,1831
1rbakabr1/9/5Cn2/p1p1n3p/6p2/2P6/Pc2P1PcP/4C1N2/9/1RBAKABR1 w,0.80505747,6061
1rbakabr1/9/5Cn2/p1p1C3p/6p2/2P6/Pc2P1PcP/6N2/9/1RBAKABR1 b,-0.7908682,109
2bakabr1/9/1r3Cn2/p1p1C3p/6p2/2P6/Pc2P1PcP/6N2/9/1RBAKABR1 w,0.80187976,2839
2bakabr1/9/1r3Cn2/p1p5p/6p2/2P1C4/Pc2P1PcP/6N2/9/1RBAKABR1 b,-0.7984309,1733
2bakabr1/9/5rn2/p1p5p/6p2/2P1C4/Pc2P1PcP/6N2/9/1RBAKABR1 w,0.8097087,7435
2bakabr1/9/5rn2/p1p5p/6p2/2P1C4/PR2P1PcP/6N2/9/2BAKABR1 b,-0.8070279,2201
2bakabr1/9/5r3/p1p5p/5np2/2P1C4/PR2P1PcP/6N2/9/2BAKABR1 w,0.8134917,4987
2bakabr1/9/5r3/p1p5p/1R3np2/2P1C4/P3P1PcP/6N2/9/2BAKABR1 b,-0.8083117,3750
2bakabr1/9/5r3/p1p5p/1R4p2/2P1C4/P3P1ncP/6N2/9/2BAKABR1 w,0.81916374,3372
2bakabr1/9/5r3/p1p5p/6R2/2P1C4/P3P1ncP/6N2/9/2BAKABR1 b,-0.80547106,5449
2bakabr1/9/5r3/p1p5p/6R2/2P1n4/P3P2cP/6N2/9/2BAKABR1 w,0.8058068,5269
2bakabr1/9/5r3/p1p5p/6R2/2P1P4/P6cP/6N2/9/2BAKABR1 b,-0.79958963,5560
2bakabr1/9/5r3/p1p5p/6R2/2P1P4/P7P/6Nc1/9/2BAKABR1 w,0.8091266,7999
2bakabr1/9/5r3/p1p5p/6R2/2P1P4/P7P/6Nc1/7R1/2BAKAB2 b,-0.7984724,2138
2bakabr1/9/9/p1p5p/6R2/2P1P4/P7P/5rNc1/7R1/2BAKAB2 w,0.8072623,7537
2bakabr1/9/9/p1p5p/6R2/2P1P4/P7P/4BrNc1/7R1/3AKAB2 b,-0.79748976,562
2baka1r1/9/4b4/p1p5p/6R2/2P1P4/P7P/4BrNc1/7R1/3AKAB2 w,0.8110891,3840
2baka1r1/9/4b4/p1p5p/9/2P1P4/P5R1P/4BrNc1/7R1/3AKAB2 b,-0.7981065,682
2baka3/9/4b4/p1p5p/9/2P1P2r1/P5R1P/4BrNc1/7R1/3AKAB2 w,0.82568973,7816
2baka3/9/4b4/p1p5p/9/2P1P2r1/P5R1P/4BrNc1/4A2R1/3AK1B2 b,-0.81362915,6134
2baka3/5r3/4b4/p1p5p/9/2P1P2r1/P5R1P/4B1Nc1/4A2R1/3AK1B2 w,0.8285586,6268
2baka3/5r3/4b4/p1p5p/9/2P1P2r1/P3N1R1P/4B2c1/4A2R1/3AK1B2 b,-0.8251321,1310
2baka3/9/4b4/p1p5p/9/2P1Pr1r1/P3N1R1P/4B2c1/4A2R1/3AK1B2 w,0.83117896,5271
2baka3/9/4b4/p1p5p/9/2P1PrNr1/P5R1P/4B2c1/4A2R1/3AK1B2 b,-0.8246871,4549
2baka3/9/4b4/p1p5p/9/2P1r1Nr1/P5R1P/4B2c1/4A2R1/3AK1B2 w,0.8387134,4622
2baka3/9/4b4/p1p2N2p/9/2P1r2r1/P5R1P/4B2c1/4A2R1/3AK1B2 b,-0.8349251,4441
2baka3/9/4b4/p1p1rN2p/9/2P4r1/P5R1P/4B2c1/4A2R1/3AK1B2 w,0.8579112,2895
2baka3/6N2/4b4/p1p1r3p/9/2P4r1/P5R1P/4B2c1/4A2R1/3AK1B2 b,-0.8623286,373
2ba1a3/4k1N2/4b4/p1p1r3p/9/2P4r1/P5R1P/4B2c1/4A2R1/3AK1B2 w,0.87458,7187
2ba1a3/4k1N2/4b4/p1p1r3p/9/2P4r1/P5R1P/4B2c1/4AR3/3AK1B2 b,-0.8634518,6388
2ba1a3/4k1N2/4b4/p1p1r3p/9/2P4r1/P5R1P/4B4/4AR3/3AK1Bc1 w,0.8631058,7901
2ba1a3/4k1N2/4b4/p1p1r3p/9/2P4r1/P5R1P/4B3B/4AR3/3AK2c1 b,-0.8513715,4687
2ba1a1r1/4k1N2/4b4/p1p1r3p/9/2P6/P5R1P/4B3B/4AR3/3AK2c1 w,0.8669651,6989
2ba1a1r1/4k1N2/4b4/p1p1r3p/9/2P6/P4RR1P/4B3B/4A4/3AK2c1 b,-0.8407832,8009
2ba1a1r1/4k1N2/4b4/p1p1r3p/9/2P6/P4RR1P/4B3B/4A4/3AK3c w,0.8500736,7736
2ba1a1r1/4k1N2/4b4/p1p1r3p/9/2P6/P4RR1P/4B3B/4A4/3A1K2c b,-0.8467418,718
2ba1a3/4k1N2/4b4/p1p1r3p/9/2P6/P4RR1P/4B3B/4A4/3A1K1rc w,0.8499345,7817
2ba1a3/4k1N2/4b4/p1p1r3p/9/2P6/P4RR1P/4B3B/4AK3/3A3rc b,-0.85063267,7999
2ba1a3/4k1N2/4b4/p1p1r3p/9/2P6/P4RR1P/4B3B/4AK1r1/3A4c w,0.8417666,7016
2ba1a3/4k1N2/4b4/p1p1r3p/9/2P6/P4RR1P/4B3B/4A2r1/3A1K2c b,-0.8258379,2857
2ba1a3/4k1N2/4b4/p1p5p/9/2P6/P4RR1P/4r3B/4A2r1/3A1K2c w,0.9565982,1382
2ba1a3/4k4/4b4/p1p2N2p/9/2P6/P4RR1P/4r3B/4A2r1/3A1K2c b,-0.97237426,1174
2baka3/9/4b4/p1p2N2p/9/2P6/P4RR1P/4r3B/4A2r1/3A1K2c w,0.9939416,2901
2baka3/9/3Nb4/p1p5p/9/2P6/P4RR1P/4r3B/4A2r1/3A1K2c b,-0.99481905,373
2ba1a3/4k4/3Nb4/p1p5p/9/2P6/P4RR1P/4r3B/4A2r1/3A1K2c w,1,5415
rnbakabnr/9/1c5c1/p1p1p1p1p/9/9/P1P1P1P1P/1C5C1/9/RNBAKABNR w,0.8017992,5827
rnbakabnr/9/1c5c1/p1p1p1p1p/9/9/P1P1P1P1P/4C2C1/9/RNBAKABNR b,-0.8017806,110
r1bakabnr/9/1cn4c1/p1p1p1p1p/9/9/P1P1P1P1P/4C2C1/9/RNBAKABNR w,0.80183583,7445
r1bakabnr/9/1cn4c1/p1p1p1p1p/9/9/P1P1P1P1P/2N1C2C1/9/R1BAKABNR b,-0.80182236,562
r1baka1nr/9/1cn1b2c1/p1p1p1p1p/9/9/P1P1P1P1P/2N1C2C1/9/R1BAKABNR w,0.8019307,7372
r1baka1nr/9/1cn1b2c1/p1p1p1p1p/9/9/P1P1P1P1P/2N1C2C1/9/1RBAKABNR b,-0.80176973,1
1rbaka1nr/9/1cn1b2c1/p1p1p1p1p/9/9/P1P1P1P1P/2N1C2C1/9/1RBAKABNR w,0.80169904,6368
1rbaka1nr/9/1cn1b2c1/p1p1p1p1p/9/9/P1P1P1P1P/2N1CC3/9/1RBAKABNR b,-0.8012789,654
1rbaka2r/9/1cn1b1nc1/p1p1p1p1p/9/9/P1P1P1P1P/2N1CC3/9/1RBAKABNR w,0.8015444,7989
1rbaka2r/9/1cn1b1nc1/p1p1p1p1p/9/9/P1P1P1P1P/2N1CCN2/9/1RBAKAB1R b,-0.80137295,3012
1rbaka2r/9/1cn1b1nc1/p1p1p3p/6p2/9/P1P1P1P1P/2N1CCN2/9/1RBAKAB1R w,0.8018862,8098
1rbaka2r/9/1cn1b1nc1/p1p1p3p/6p2/9/P1P1P1P1P/2N1CCN2/9/1RBAKABR1 b,-0.80202866,727
1rbaka1r1/9/1cn1b1nc1/p1p1p3p/6p2/9/P1P1P1P1P/2N1CCN2/9/1RBAKABR1 w,0.8027678,5087
1rbaka1r1/9/1cn1b1nc1/p1p1p3p/6p2/2P6/P3P1P1P/2N1CCN2/9/1RBAKABR1 b,-0.8021536,1765
1rbaka1r1/9/2n1b1nc1/p1p1p3p/6p2/2P6/Pc2P1P1P/2N1CCN2/9/1RBAKABR1 w,0.8047727,5898
1rbaka1r1/9/2n1b1nc1/p1p1p3p/6p2/2PN5/Pc2P1P1P/4CCN2/9/1RBAKABR1 b,-0.8065378,2311
1rbaka1r1/9/2n1b1n2/p1p1p3p/6p2/2PN5/Pc2P1PcP/4CCN2/9/1RBAKABR1 w,0.80788714,6143
1rbaka1r1/9/2n1bCn2/p1p1p3p/6p2/2PN5/Pc2P1PcP/4C1N2/9/1RBAKABR1 b,-0.80890244,1986
1rbakabr1/9/2n2Cn2/p1p1p3p/6p2/2PN5/Pc2P1PcP/4C1N2/9/1RBAKABR1 w,0.81814575,4351
1rbakabr1/9/2n2Cn2/p1p1N3p/6p2/2P6/Pc2P1PcP/4C1N2/9/1RBAKABR1 b,-0.80477434,1831
1rbakabr1/9/5Cn2/p1p1n3p/6p2/2P6/Pc2P1PcP/4C1N2/9/1RBAKABR1 w,0.80506545,6061
1rbakabr1/9/5Cn2/p1p1C3p/6p2/2P6/Pc2P1PcP/6N2/9/1RBAKABR1 b,-0.79061073,109
2bakabr1/9/1r3Cn2/p1p1C3p/6p2/2P6/Pc2P1PcP/6N2/9/1RBAKABR1 w,0.8019668,2839
2bakabr1/9/1r3Cn2/p1p5p/6p2/2P1C4/Pc2P1PcP/6N2/9/1RBAKABR1 b,-0.79853094,1733
2bakabr1/9/5rn2/p1p5p/6p2/2P1C4/Pc2P1PcP/6N2/9/1RBAKABR1 w,0.8096315,7435
2bakabr1/9/5rn2/p1p5p/6p2/2P1C4/PR2P1PcP/6N2/9/2BAKABR1 b,-0.8080705,2129
2bakabr1/9/6n2/p1p5p/6p2/2P1C4/PR2PrPcP/6N2/9/2BAKABR1 w,0.81437814,4987
2bakabr1/9/6n2/p1p5p/1R4p2/2P1C4/P3PrPcP/6N2/9/2BAKABR1 b,-0.8043914,2201
2bakabr1/9/9/p1p5p/1R3np2/2P1C4/P3PrPcP/6N2/9/2BAKABR1 w,0.8223454,7897
2bakabr1/9/9/p1p5p/1R3np2/2P1C4/P3PrPcP/4B1N2/9/2BAKA1R1 b,-0.81014955,3748
2bakabr1/9/9/p1p5p/1R4p2/2P1C4/P3nrPcP/4B1N2/9/2BAKA1R1 w,0.8257555,7816
2bakabr1/9/9/p1p5p/1R4p2/2P1C4/P3nrPcP/4B1N2/4A4/2BAK2R1 b,-0.8113733,5370
2bakabr1/9/9/p1p5p/1R4p2/2P1C4/P3n1rcP/4B1N2/4A4/2BAK2R1 w,0.815481,6290
2bakabr1/9/9/p1p5p/1R4p2/2P1C4/P3n1rcP/4B4/4A3N/2BAK2R1 b,-0.7957479,5569
2bakabr1/9/9/p1p5p/1R4p2/2P1C4/P3n1r1P/4B4/4A2cN/2BAK2R1 w,0.7967029,3370
2bakabr1/9/9/p1p5p/4R1p2/2P1C4/P3n1r1P/4B4/4A2cN/2BAK2R1 b,-0.81619066,562
2baka1r1/9/4b4/p1p5p/4R1p2/2P1C4/P3n1r1P/4B4/4A2cN/2BAK2R1 w,0.89862573,3622
2baka1r1/9/4R4/p1p5p/6p2/2P1C4/P3n1r1P/4B4/4A2cN/2BAK2R1 b,-0.8957165,283
2b1ka1r1/4a4/4R4/p1p5p/6p2/2P1C4/P3n1r1P/4B4/4A2cN/2BAK2R1 w,0.9164219,2005
2b1ka1r1/4a4/7R1/p1p5p/6p2/2P1C4/P3n1r1P/4B4/4A2cN/2BAK2R1 b,-0.9240788,202
4ka1r1/4a4/4b2R1/p1p5p/6p2/2P1C4/P3n1r1P/4B4/4A2cN/2BAK2R1 w,0.93988824,2257
4ka1R1/4a4/4b4/p1p5p/6p2/2P1C4/P3n1r1P/4B4/4A2cN/2BAK2R1 b,-0.9340311,5478
4ka1R1/4a4/4b4/p1p5p/6p2/2P1C4/P3n3P/4B4/4A1rcN/2BAK2R1 w,0.9549159,7261
4ka1R1/4a4/4b4/p1p5p/6p2/2P1C4/P3n2NP/4B4/4A1rc1/2BAK2R1 b,-0.9517648,7080
4ka1R1/4a4/4b4/p1p5p/6p2/2P1C4/P3n1rNP/4B4/4A2c1/2BAK2R1 w,0.96354103,7999
4ka1R1/4a4/4b4/p1p5p/6p2/2P1C4/P3n1rNP/4B4/4A2R1/2BAK4 b,-0.9577791,5289
4ka1R1/4a4/4b4/p1p5p/6p2/2P1C4/P5rNP/4B1n2/4A2R1/2BAK4 w,0.96096116,655
4ka3/4a4/4b2R1/p1p5p/6p2/2P1C4/P5rNP/4B1n2/4A2R1/2BAK4 b,-0.9703218,5458
4ka3/4a4/4b2R1/p1p5p/6p2/2P1C4/P3r2NP/4B1n2/4A2R1/2BAK4 w,0.98138726,5532
4ka3/4a4/4b2R1/p1p5p/6N2/2P1C4/P3r3P/4B1n2/4A2R1/2BAK4 b,-0.94940555,5282
4ka3/4a4/4b2R1/p1p5p/6N2/2P1C4/P7r/4B1n2/4A2R1/2BAK4 w,0.9788588,7187
4ka3/4a4/4b2R1/p1p5p/6N2/2P1C4/P7r/4B1n2/4AR3/2BAK4 b,-0.9778948,5669
4ka3/4a4/4b2R1/p1p5p/6N2/2P1C4/P8/4B1n2/4AR3/2BAK3r w,0.9801547,6926
4ka3/4a4/4b2R1/p1p5p/6N2/2P1C4/P8/4B1n2/5R3/2BAKA2r b,-0.97984344,8090
4ka3/4a4/4b2R1/p1p5p/6N2/2P1C4/P8/4B1n2/5R2r/2BAKA3 w,0.98661053,6998
4ka3/4a4/4b2R1/p1p5p/6N2/2P1C4/P8/4BRn2/8r/2BAKA3 b,-0.9790972,7271
4ka3/4a4/4b2R1/p1p5p/6N2/2P1C4/P8/4BRn1r/9/2BAKA3 w,0.9815098,2272
4ka3/4a4/4R4/p1p5p/6N2/2P1C4/P8/4BRn1r/9/2BAKA3 b,-0.9767876,6298
4ka3/4a4/4R4/p1p5p/6N2/2P1C4/P8/4BR2r/9/2BAKA1n1 w,0.99060637,6152
4ka3/4a4/4R4/p1p2R2p/6N2/2P1C4/P8/4B3r/9/2BAKA1n1 b,-0.98169076,363
3k1a3/4a4/4R4/p1p2R2p/6N2/2P1C4/P8/4B3r/9/2BAKA1n1 w,0.99498826,4423
3k1a3/4C4/4R4/p1p2R2p/6N2/2P6/P8/4B3r/9/2BAKA1n1 b,-0.9973899,282
5a3/3kC4/4R4/p1p2R2p/6N2/2P6/P8/4B3r/9/2BAKA1n1 w,1,2910
rnbakabnr/9/1c5c1/p1p1p1p1p/9/9/P1P1P1P1P/1C5C1/9/RNBAKABNR w,0.8018235,5827
rnbakabnr/9/1c5c1/p1p1p1p1p/9/9/P1P1P1P1P/4C2C1/9/RNBAKABNR b,-0.8017682,110
r1bakabnr/9/1cn4c1/p1p1p1p1p/9/9/P1P1P1P1P/4C2C1/9/RNBAKABNR w,0.80182016,7445
r1bakabnr/9/1cn4c1/p1p1p1p1p/9/9/P1P1P1P1P/2N1C2C1/9/R1BAKABNR b,-0.801812,562
r1baka1nr/9/1cn1b2c1/p1p1p1p1p/9/9/P1P1P1P1P/2N1C2C1/9/R1BAKABNR w,0.8019307,7372
r1baka1nr/9/1cn1b2c1/p1p1p1p1p/9/9/P1P1P1P1P/2N1C2C1/9/1RBAKABNR b,-0.80176973,1
1rbaka1nr/9/1cn1b2c1/p1p1p1p1p/9/9/P1P1P1P1P/2N1C2C1/9/1RBAKABNR w,0.80169904,6368
1rbaka1nr/9/1cn1b2c1/p1p1p1p1p/9/9/P1P1P1P1P/2N1CC3/9/1RBAKABNR b,-0.8012761,654
1rbaka2r/9/1cn1b1nc1/p1p1p1p1p/9/9/P1P1P1P1P/2N1CC3/9/1RBAKABNR w,0.8016004,7989
1rbaka2r/9/1cn1b1nc1/p1p1p1p1p/9/9/P1P1P1P1P/2N1CCN2/9/1RBAKAB1R b,-0.8015663,3012
1rbaka2r/9/1cn1b1nc1/p1p1p3p/6p2/9/P1P1P1P1P/2N1CCN2/9/1RBAKAB1R w,0.8018736,8098
1rbaka2r/9/1cn1b1nc1/p1p1p3p/6p2/9/P1P1P1P1P/2N1CCN2/9/1RBAKABR1 b,-0.8019926,727
1rbaka1r1/9/1cn1b1nc1/p1p1p3p/6p2/9/P1P1P1P1P/2N1CCN2/9/1RBAKABR1 w,0.80255455,5087
1rbaka1r1/9/1cn1b1nc1/p1p1p3p/6p2/2P6/P3P1P1P/2N1CCN2/9/1RBAKABR1 b,-0.8022066,1765
1rbaka1r1/9/2n1b1nc1/p1p1p3p/6p2/2P6/Pc2P1P1P/2N1CCN2/9/1RBAKABR1 w,0.80514634,5898
1rbaka1r1/9/2n1b1nc1/p1p1p3p/6p2/2PN5/Pc2P1P1P/4CCN2/9/1RBAKABR1 b,-0.80641043,2311
1rbaka1r1/9/2n1b1n2/p1p1p3p/6p2/2PN5/Pc2P1PcP/4CCN2/9/1RBAKABR1 w,0.80794173,6143
1rbaka1r1/9/2n1bCn2/p1p1p3p/6p2/2PN5/Pc2P1PcP/4C1N2/9/1RBAKABR1 b,-0.8082944,1986
1rbakabr1/9/2n2Cn2/p1p1p3p/6p2/2PN5/Pc2P1PcP/4C1N2/9/1RBAKABR1 w,0.8178919,4351
1rbakabr1/9/2n2Cn2/p1p1N3p/6p2/2P6/Pc2P1PcP/4C1N2/9/1RBAKABR1 b,-0.8047683,1831
1rbakabr1/9/5Cn2/p1p1n3p/6p2/2P6/Pc2P1PcP/4C1N2/9/1RBAKABR1 w,0.80506545,6061
1rbakabr1/9/5Cn2/p1p1C3p/6p2/2P6/Pc2P1PcP/6N2/9/1RBAKABR1 b,-0.7909056,109
2bakabr1/9/1r3Cn2/p1p1C3p/6p2/2P6/Pc2P1PcP/6N2/9/1RBAKABR1 w,0.8018721,2839
2bakabr1/9/1r3Cn2/p1p5p/6p2/2P1C4/Pc2P1PcP/6N2/9/1RBAKABR1 b,-0.7983015,1733
2bakabr1/9/5rn2/p1p5p/6p2/2P1C4/Pc2P1PcP/6N2/9/1RBAKABR1 w,0.80965346,7435
2bakabr1/9/5rn2/p1p5p/6p2/2P1C4/PR2P1PcP/6N2/9/2BAKABR1 b,-0.8070279,2201
2bakabr1/9/5r3/p1p5p/5np2/2P1C4/PR2P1PcP/6N2/9/2BAKABR1 w,0.8132244,4987
2bakabr1/9/5r3/p1p5p/1R3np2/2P1C4/P3P1PcP/6N2/9/2BAKABR1 b,-0.8081806,3750
2bakabr1/9/5r3/p1p5p/1R4p2/2P1C4/P3P1ncP/6N2/9/2BAKABR1 w,0.81916374,3372
2bakabr1/9/5r3/p1p5p/6R2/2P1C4/P3P1ncP/6N2/9/2BAKABR1 b,-0.80545205,5449
2bakabr1/9/5r3/p1p5p/6R2/2P1n4/P3P2cP/6N2/9/2BAKABR1 w,0.8058344,5269
2bakabr1/9/5r3/p1p5p/6R2/2P1P4/P6cP/6N2/9/2BAKABR1 b,-0.79941744,5560
2bakabr1/9/5r3/p1p5p/6R2/2P1P4/P7P/6Nc1/9/2BAKABR1 w,0.80968297,7999
2bakabr1/9/5r3/p1p5p/6R2/2P1P4/P7P/6Nc1/7R1/2BAKAB2 b,-0.7980673,2138
2bakabr1/9/9/p1p5p/6R2/2P1P4/P7P/5rNc1/7R1/2BAKAB2 w,0.80029345,3813
2bakabr1/9/9/p1p3R1p/9/2P1P4/P7P/5rNc1/7R1/2BAKAB2 b,-0.7953673,562
2baka1r1/9/4b4/p1p3R1p/9/2P1P4/P7P/5rNc1/7R1/2BAKAB2 w,0.80682987,3021
2baka1r1/9/4b4/p1p5p/9/2P1P1R2/P7P/5rNc1/7R1/2BAKAB2 b,-0.7933905,691
2baka3/9/4b4/p1p5p/9/2P1P1R2/P6rP/5rNc1/7R1/2BAKAB2 w,0.7964654,6260
2baka3/9/4b4/p1p5p/9/2P1PNR2/P6rP/5r1c1/7R1/2BAKAB2 b,-0.7919993,5548
2baka3/9/4b4/p1p5p/9/2P1PNR2/P3r3P/5r1c1/7R1/2BAKAB2 w,0.79804426,7636
2baka3/9/4b4/p1p5p/9/2P1PNR2/P3r3P/5r1c1/4A2R1/2B1KAB2 b,-0.7854384,6185
2baka3/9/4b4/p1p5p/9/2P1PNR2/P3r3P/2r4c1/4A2R1/2B1KAB2 w,0.8086017,7537
2baka3/9/4b4/p1p5p/9/2P1PNR2/P3r3P/2r1B2c1/4A2R1/4KAB2 b,-0.7979069,6361
2baka3/9/4b4/p1p5p/9/2P1PNR2/P3r2cP/2r1B4/4A2R1/4KAB2 w,0.8090212,4533
2baka3/9/4b4/p1p3N1p/9/2P1P1R2/P3r2cP/2r1B4/4A2R1/4KAB2 b,-0.80229694,5544
2baka3/9/4b4/p1p3N1p/9/2P1P1R2/c3r3P/2r1B4/4A2R1/4KAB2 w,0.81233704,2996
2baka3/9/4b3N/p1p5p/9/2P1P1R2/c3r3P/2r1B4/4A2R1/4KAB2 b,-0.80087316,283
2b1ka3/4a4/4b3N/p1p5p/9/2P1P1R2/c3r3P/2r1B4/4A2R1/4KAB2 w,0.81666344,7153
2b1ka3/4a4/4b3N/p1p5p/7R1/2P1P1R2/c3r3P/2r1B4/4A4/4KAB2 b,-0.7889938,5277
2b1ka3/4a4/4b3N/p1p5p/7R1/2P1P1R2/c2r4P/2r1B4/4A4/4KAB2 w,0.78635156,2355
2b1ka3/4a1N2/4b4/p1p5p/7R1/2P1P1R2/c2r4P/2r1B4/4A4/4KAB2 b,-0.7873575,363
2bk1a3/4a1N2/4b4/p1p5p/7R1/2P1P1R2/c2r4P/2r1B4/4A4/4KAB2 w,0.792228,4450
2bk1a3/4a1N2/4b4/p1p5p/4P2R1/2P3R2/c2r4P/2r1B4/4A4/4KAB2 b,-0.7419401,4941
2bk1a3/4a1N2/4b4/p1p5p/4P2R1/2P3R2/3r4P/2r1B4/4A4/c3KAB2 w,0.75257003,6906
2bk1a3/4a1N2/4b4/p1p5p/4P2R1/2P3R2/3r4P/2rAB4/9/c3KAB2 b,-0.7526522,5196
2bk1a3/4a1N2/4b4/p1p5p/4P2R1/2P3R2/8P/2rrB4/9/c3KAB2 w,0.77215517,3639
2bk1a3/4a1N2/4b4/p1p5p/3P3R1/2P3R2/8P/2rrB4/9/c3KAB2 b,-0.7620376,5924
2bk1a3/4a1N2/4b4/p1p5p/3P3R1/2P3R2/8P/3rB4/2r6/c3KAB2 w,0.79999304,4623
2bk1a3/4a1N2/4b4/p1p3R1p/3P3R1/2P6/8P/3rB4/2r6/c3KAB2 b,-0.7891512,6735
2bk1a3/4a1N2/4b4/p1p3R1p/3P3R1/2P6/8P/3rB4/3r5/c3KAB2 w,0.9924748,3000
2bk1a3/4a1N2/4b4/p1pR4p/3P3R1/2P6/8P/3rB4/3r5/c3KAB2 b,-0.9935607,1191
2bk1a3/6N2/3ab4/p1pR4p/3P3R1/2P6/8P/3rB4/3r5/c3KAB2 w,1,2721
rnbakabnr/9/1c5c1/p1p1p1p1p/9/9/P1P1P1P1P/1C5C1/9/RNBAKABNR w,-0.79819137,5827
rnbakabnr/9/1c5c1/p1p1p1p1p/9/9/P1P1P1P1P/4C2C1/9/RNBAKABNR b,0.79823184,110
r1bakabnr/9/1cn4c1/p1p1p1p1p/9/9/P1P1P1P1P/4C2C1/9/RNBAKABNR w,-0.79818237,7445
r1bakabnr/9/1cn4c1/p1p1p1p1p/9/9/P1P1P1P1P/2N1C2C1/9/R1BAKABNR b,0.7981594,562
r1baka1nr/9/1cn1b2c1/p1p1p1p1p/9/9/P1P1P1P1P/2N1C2C1/9/R1BAKABNR w,-0.79805344,7372
r1baka1nr/9/1cn1b2c1/p1p1p1p1p/9/9/P1P1P1P1P/2N1C2C1/9/1RBAKABNR b,0.79822755,1
1rbaka1nr/9/1cn1b2c1/p1p1p1p1p/9/9/P1P1P1P1P/2N1C2C1/9/1RBAKABNR w,-0.79831344,6368
1rbaka1nr/9/1cn1b2c1/p1p1p1p1p/9/9/P1P1P1P1P/2N1CC3/9/1RBAKABNR b,0.7987312,654
1rbaka2r/9/1cn1b1nc1/p1p1p1p1p/9/9/P1P1P1P1P/2N1CC3/9/1RBAKABNR w,-0.79841346,7989
1rbaka2r/9/1cn1b1nc1/p1p1p1p1p/9/9/P1P1P1P1P/2N1CCN2/9/1RBAKAB1R b,0.79863185,3012
1rbaka2r/9/1cn1b1nc1/p1p1p3p/6p2/9/P1P1P1P1P/2N1CCN2/9/1RBAKAB1R w,-0.7981264,8098
1rbaka2r/9/1cn1b1nc1/p1p1p3p/6p2/9/P1P1P1P1P/2N1CCN2/9/1RBAKABR1 b,0.79797137,727
1rbaka1r1/9/1cn1b1nc1/p1p1p3p/6p2/9/P1P1P1P1P/2N1CCN2/9/1RBAKABR1 w,-0.79748696,5087
1rbaka1r1/9/1cn1b1nc1/p1p1p3p/6p2/2P6/P3P1P1P/2N1CCN2/9/1RBAKABR1 b,0.79777265,1765
1rbaka1r1/9/2n1b1nc1/p1p1p3p/6p2/2P6/Pc2P1P1P/2N1CCN2/9/1RBAKABR1 w,-0.795294,5898
1rbaka1r1/9/2n1b1nc1/p1p1p3p/6p2/2PN5/Pc2P1P1P/4CCN2/9/1RBAKABR1 b,0.7935731,2311
1rbaka1r1/9/2n1b1n2/p1p1p3p/6p2/2PN5/Pc2P1PcP/4CCN2/9/1RBAKABR1 w,-0.7921129,6143
1rbaka1r1/9/2n1bCn2/p1p1p3p/6p2/2PN5/Pc2P1PcP/4C1N2/9/1RBAKABR1 b,0.7915428,1986
1rbakabr1/9/2n2Cn2/p1p1p3p/6p2/2PN5/Pc2P1PcP/4C1N2/9/1RBAKABR1 w,-0.7818543,4351
1rbakabr1/9/2n2Cn2/p1p1N3p/6p2/2P6/Pc2P1PcP/4C1N2/9/1RBAKABR1 b,0.7952257,1831
1rbakabr1/9/5Cn2/p1p1n3p/6p2/2P6/Pc2P1PcP/4C1N2/9/1RBAKABR1 w,-0.79494256,6061
1rbakabr1/9/5Cn2/p1p1C3p/6p2/2P6/Pc2P1PcP/6N2/9/1RBAKABR1 b,0.80917686,109
2bakabr1/9/1r3Cn2/p1p1C3p/6p2/2P6/Pc2P1PcP/6N2/9/1RBAKABR1 w,-0.7977138,2839
2bakabr1/9/1r3Cn2/p1p5p/6p2/2P1C4/Pc2P1PcP/6N2/9/1RBAKABR1 b,0.8011774,1733
2bakabr1/9/5rn2/p1p5p/6p2/2P1C4/Pc2P1PcP/6N2/9/1RBAKABR1 w,-0.79034656,7435
2bakabr1/9/5rn2/p1p5p/6p2/2P1C4/PR2P1PcP/6N2/9/2BAKABR1 b,0.7924131,2138
2bakabr1/9/6n2/p1p5p/6p2/2P1C4/PR2P1PcP/5rN2/9/2BAKABR1 w,-0.78419465,6290
2bakabr1/9/6n2/p1p5p/6p2/2P1C4/PR2P1PcP/5r3/8N/2BAKABR1 b,0.7952681,5569
2bakabr1/9/6n2/p1p5p/6p2/2P1C4/PR2P1P1P/5r3/7cN/2BAKABR1 w,-0.78583324,7897
2bakabr1/9/6n2/p1p5p/6p2/2P1C4/PR2P1P1P/4Br3/7cN/2BAKA1R1 b,0.7883222,6179
2bakabr1/9/6n2/p1p5p/6p2/2P1C4/PR2PrP1P/4B4/7cN/2BAKA1R1 w,-0.7847689,7816
2bakabr1/9/6n2/p1p5p/6p2/2P1C4/PR2PrP1P/4B4/4A2cN/2BAK2R1 b,0.79344463,5370
2bakabr1/9/6n2/p1p5p/6p2/2P1C4/PR2P1r1P/4B4/4A2cN/2BAK2R1 w,-0.7876828,5007
2bakabr1/9/6n2/p1p5p/6p2/2P1C4/P2RP1r1P/4B4/4A2cN/2BAK2R1 b,0.7998761,5462
2bakabr1/9/6n2/p1p5p/6p2/2P1C4/P2RP3r/4B4/4A2cN/2BAK2R1 w,-0.79068357,8007
2bakabr1/9/6n2/p1p5p/6p2/2P1C4/P2RP3r/4B4/4A2cN/2BAK1R2 b,0.79350054,5660
2bakabr1/9/6n2/p1p5p/6p2/2P1C4/P2RP4/4B4/4A2cr/2BAK1R2 w,-0.77711225,7872
2bakabr1/9/6n2/p1p5p/6R2/2P1C4/P2RP4/4B4/4A2cr/2BAK4 b,0.78328633,7289
2bakabr1/9/6n2/p1p5p/6R2/2P1C4/P2RP4/4B4/4A2c1/2BAK3r w,-0.77782196,6117
2bakabr1/9/6n2/p1p5p/6R2/2P1C4/P2RP4/9/4A2c1/2BAK1B1r b,0.7806692,7198
2bakabr1/9/6n2/p1p5p/6R2/2P1C4/P2RP4/9/4A4/2BAK1Bcr w,-0.7753373,6926
2bakabr1/9/6n2/p1p5p/6R2/2P1C4/P2RP4/9/9/2BAKABcr b,0.7841222,8006
2bakabr1/9/6n2/p1p5p/6R2/2P1C4/P2RP4/9/9/2BAKcB1r w,-0.776457,7736
2bakabr1/9/6n2/p1p5p/6R2/2P1C4/P2RP4/9/9/2BA1KB1r b,0.78272617,718
2bakab2/9/6n2/p1p5p/6R2/2P1C4/P2RP4/9/9/2BA1KBrr w,-0.7632164,7537
2bakab2/9/6n2/p1p5p/6R2/2P1C4/P2RP4/4B4/9/3A1KBrr b,0.7744255,2203
2bakab2/9/9/p1p5p/6Rn1/2P1C4/P2RP4/4B4/9/3A1KBrr w,-0.7535464,7636
2bakab2/9/9/p1p5p/6Rn1/2P1C4/P2RP4/4B4/4A4/5KBrr b,0.7574854,8090
2bakab2/9/9/p1p5p/6Rn1/2P1C4/P2RP4/4B4/4A3r/5KBr1 w,-0.7482469,7825
2bakab2/9/9/p1p5p/6Rn1/2P1C4/P2RP4/4B4/4A3r/4K1Br1 b,0.7515538,7277
2bakab2/9/9/p1p5p/6Rn1/2P1C4/P2RP4/4B4/4Ar3/4K1Br1 w,-0.7294031,7734
2bakab2/9/9/p1p5p/6Rn1/2P1C4/P2RP4/4B4/4Ar3/3K2Br1 b,0.729648,3932
2bakab2/9/9/p1p5p/6R2/2P1C4/P2RP3n/4B4/4Ar3/3K2Br1 w,-0.69861513,5133
2bRkab2/9/9/p1p5p/6R2/2P1C4/P3P3n/4B4/4Ar3/3K2Br1 b,0.70065826,373
2bR1ab2/4k4/9/p1p5p/6R2/2P1C4/P3P3n/4B4/4Ar3/3K2Br1 w,-0.6896599,272
2R2ab2/4k4/9/p1p5p/6R2/2P1C4/P3P3n/4B4/4Ar3/3K2Br1 b,0.7087287,1184
2R2ab2/5k3/9/p1p5p/6R2/2P1C4/P3P3n/4B4/4Ar3/3K2Br1 w,-0.6887705,7635
2R2ab2/5k3/9/p1p5p/6R2/2P1C4/P3P3n/4B4/3KAr3/6Br1 b,0.688164,7999
2R2ab2/5k3/9/p1p5p/6R2/2P1C4/P3P3n/4B4/3KAr1r1/6B2 w,-0.6810104,191
5ab2/2R2k3/9/p1p5p/6R2/2P1C4/P3P3n/4B4/3KAr1r1/6B2 b,0.68338466,1283
5ab2/2R6/5k3/p1p5p/6R2/2P1C4/P3P3n/4B4/3KAr1r1/6B2 w,-0.68661827,3786
5aR2/2R6/5k3/p1p5p/9/2P1C4/P3P3n/4B4/3KAr1r1/6B2 b,0.80655104,7006
5aR2/2R6/5k3/p1p5p/9/2P1C4/P3P3n/4B4/3Kr2r1/6B2 w,-0.85386056,6834
5aR2/2R6/5k3/p1p5p/9/2P1C4/P3P3n/4B4/4r2r1/3K2B2 b,0.97084665,6915
5aR2/2R6/5k3/p1p5p/9/2P1C4/P3P3n/4B4/3r3r1/3K2B2 w,-0.9794918,7645
5aR2/2R6/5k3/p1p5p/9/2P1C4/P3P3n/4B4/3r3r1/4K1B2 b,1,7186
rnbakabnr/9/1c5c1/p1p1p1p1p/9/9/P1P1P1P1P/1C5C1/9/RNBAKABNR w,0.0017991782,5827
rnbakabnr/9/1c5c1/p1p1p1p1p/9/9/P1P1P1P1P/4C2C1/9/RNBAKABNR b,-0.0017805815,110
r1bakabnr/9/1cn4c1/p1p1p1p1p/9/9/P1P1P1P1P/4C2C1/9/RNBAKABNR w,0.0018148661,7445
r1bakabnr/9/1cn4c1/p1p1p1p1p/9/9/P1P1P1P1P/2N1C2C1/9/R1BAKABNR b,-0.0018223763,562
r1baka1nr/9/1cn1b2c1/p1p1p1p1p/9/9/P1P1P1P1P/2N1C2C1/9/R1BAKABNR w,0.0019529104,7372
r1baka1nr/9/1cn1b2c1/p1p1p1p1p/9/9/P1P1P1P1P/2N1C2C1/9/1RBAKABNR b,-0.0017710209,1
1rbaka1nr/9/1cn1b2c1/p1p1p1p1p/9/9/P1P1P1P1P/2N1C2C1/9/1RBAKABNR w,0.0017012835,6368
1rbaka1nr/9/1cn1b2c1/p1p1p1p1p/9/9/P1P1P1P1P/2N1CC3/9/1RBAKABNR b,-0.0012780905,654
1rbaka2r/9/1cn1b1nc1/p1p1p1p1p/9/9/P1P1P1P1P/2N1CC3/9/1RBAKABNR w,0.0015946865,7989
1rbaka2r/9/1cn1b1nc1/p1p1p1p1p/9/9/P1P1P1P1P/2N1CCN2/9/1RBAKAB1R b,-0.0013483524,3012
1rbaka2r/9/1cn1b1nc1/p1p1p3p/6p2/9/P1P1P1P1P/2N1CCN2/9/1RBAKAB1R w,0.0018723011,8098
1rbaka2r/9/1cn1b1nc1/p1p1p3p/6p2/9/P1P1P1P1P/2N1CCN2/9/1RBAKABR1 b,-0.0019092917,727
1rbaka1r1/9/1cn1b1nc1/p1p1p3p/6p2/9/P1P1P1P1P/2N1CCN2/9/1RBAKABR1 w,0.0025545598,5087
1rbaka1r1/9/1cn1b1nc1/p1p1p3p/6p2/2P6/P3P1P1P/2N1CCN2/9/1RBAKABR1 b,-0.0021549107,1765
1rbaka1r1/9/2n1b1nc1/p1p1p3p/6p2/2P6/Pc2P1P1P/2N1CCN2/9/1RBAKABR1 w,0.004761744,5898
1rbaka1r1/9/2n1b1nc1/p1p1p3p/6p2/2PN5/Pc2P1P1P/4CCN2/9/1RBAKABR1 b,-0.006537807,2311
1rbaka1r1/9/2n1b1n2/p1p1p3p/6p2/2PN5/Pc2P1PcP/4CCN2/9/1RBAKABR1 w,0.007931757,6143
1rbaka1r1/9/2n1bCn2/p1p1p3p/6p2/2PN5/Pc2P1PcP/4C1N2/9/1RBAKABR1 b,-0.008902455,1986
1rbakabr1/9/2n2Cn2/p1p1p3p/6p2/2PN5/Pc2P1PcP/4C1N2/9/1RBAKABR1 w,0.017766332,4351
1rbakabr1/9/2n2Cn2/p1p1N3p/6p2/2P6/Pc2P1PcP/4C1N2/9/1RBAKABR1 b,-0.0048104883,1831
1rbakabr1/9/5Cn2/p1p1n3p/6p2/2P6/Pc2P1PcP/4C1N2/9/1RBAKABR1 w,0.004831624,6061
1rbakabr1/9/5Cn2/p1p1C3p/6p2/2P6/Pc2P1PcP/6N2/9/1RBAKABR1 b,0.009039665,109
2bakabr1/9/1r3Cn2/p1p1C3p/6p2/2P6/Pc2P1PcP/6N2/9/1RBAKABR1 w,0.0022862197,2839
2bakabr1/9/1r3Cn2/p1p5p/6p2/2P1C4/Pc2P1PcP/6N2/9/1RBAKABR1 b,0.0017187834,1733
2bakabr1/9/5rn2/p1p5p/6p2/2P1C4/Pc2P1PcP/6N2/9/1RBAKABR1 w,0.009629393,7435
2bakabr1/9/5rn2/p1p5p/6p2/2P1C4/PR2P1PcP/6N2/9/2BAKABR1 b,-0.0074192765,2129
2bakabr1/9/6n2/p1p5p/6p2/2P1C4/PR2PrPcP/6N2/9/2BAKABR1 w,0.014925885,4987
2bakabr1/9/6n2/p1p5p/1R4p2/2P1C4/P3PrPcP/6N2/9/2BAKABR1 b,-0.004375017,2201
2bakabr1/9/9/p1p5p/1R3np2/2P1C4/P3PrPcP/6N2/9/2BAKABR1 w,0.02197342,7897
2bakabr1/9/9/p1p5p/1R3np2/2P1C4/P3PrPcP/4B1N2/9/2BAKA1R1 b,-0.010123896,3748
2bakabr1/9/9/p1p5p/1R4p2/2P1C4/P3nrPcP/4B1N2/9/2BAKA1R1 w,0.026765322,7816
2bakabr1/9/9/p1p5p/1R4p2/2P1C4/P3nrPcP/4B1N2/4A4/2BAK2R1 b,-0.009848082,5370
2bakabr1/9/9/p1p5p/1R4p2/2P1C4/P3n1rcP/4B1N2/4A4/2BAK2R1 w,0.012631011,3370
2bakabr1/9/9/p1p5p/4R1p2/2P1C4/P3n1rcP/4B1N2/4A4/2BAK2R1 b,-0.009683609,562
2baka1r1/9/4b4/p1p5p/4R1p2/2P1C4/P3n1rcP/4B1N2/4A4/2BAK2R1 w,0.01494577,6268
2baka1r1/9/4b4/p1p5p/4R1p2/2P1C4/P3N1rcP/4B4/4A4/2BAK2R1 b,-0.004993892,5458
2baka1r1/9/4b4/p1p5p/4R1p2/2P1C4/P3r2cP/4B4/4A4/2BAK2R1 w,0.01857226,3622
2baka1r1/9/4R4/p1p5p/6p2/2P1C4/P3r2cP/4B4/4A4/2BAK2R1 b,-0.030807424,463
2bak2r1/4a4/4R4/p1p5p/6p2/2P1C4/P3r2cP/4B4/4A4/2BAK2R1 w,0.11966214,2005
2bak2r1/4a4/7R1/p1p5p/6p2/2P1C4/P3r2cP/4B4/4A4/2BAK2R1 b,-0.10662005,5269
2bak2r1/4a4/7R1/p1p5p/6p2/2P1r4/P6cP/4B4/4A4/2BAK2R1 w,0.112788916,2257
2bak2R1/4a4/9/p1p5p/6p2/2P1r4/P6cP/4B4/4A4/2BAK2R1 b,-0.11296711,1175
2baka1R1/9/9/p1p5p/6p2/2P1r4/P6cP/4B4/4A4/2BAK2R1 w,0.116468124,691
2baka3/9/9/p1p5p/6p2/2P1r4/P6RP/4B4/4A4/2BAK2R1 b,-0.11747282,3831
2baka3/9/9/p1p5p/9/2P1r1p2/P6RP/4B4/4A4/2BAK2R1 w,0.122949295,6081
2baka3/9/9/p1p5p/9/2P1r1B2/P6RP/9/4A4/2BAK2R1 b,-0.124291256,4461
2baka3/9/9/p1p5p/9/2P3r2/P6RP/9/4A4/2BAK2R1 w,0.13248368,5548
2baka3/9/9/p1p5p/9/2P3r2/P3R3P/9/4A4/2BAK2R1 b,-0.12329546,283
2b1ka3/4a4/9/p1p5p/9/2P3r2/P3R3P/9/4A4/2BAK2R1 w,0.12817259,7537
2b1ka3/4a4/9/p1p5p/9/2P3r2/P3R3P/4B4/4A4/3AK2R1 b,-0.115840316,4623
2b1ka3/4a4/9/p1p3r1p/9/2P6/P3R3P/4B4/4A4/3AK2R1 w,0.14119653,7945
2b1ka3/4a4/7R1/p1p3r1p/9/2P6/P3R3P/4B4/4A4/3AK4 b,-0.14378844,3012
2b1ka3/4a4/7R1/p1p5p/6r2/2P6/P3R3P/4B4/4A4/3AK4 w,0.15628643,2270
2b1ka3/4a4/2R6/p1p5p/6r2/2P6/P3R3P/4B4/4A4/3AK4 b,-0.14663933,202
4ka3/4a4/2R1b4/p1p5p/6r2/2P6/P3R3P/4B4/4A4/3AK4 w,0.15088128,5242
4ka3/4a4/2R1R4/p1p5p/6r2/2P6/P7P/4B4/4A4/3AK4 b,-0.1484894,3819
4ka3/4a4/2R1R4/p1p5p/3r5/2P6/P7P/4B4/4A4/3AK4 w,0.14647952,2011
4ka3/4a4/2R6/p1p1R3p/3r5/2P6/P7P/4B4/4A4/3AK4 b,-0.15001178,3558
4ka3/4a4/2R6/p1p1R3p/9/2Pr5/P7P/4B4/4A4/3AK4 w,0.1482379,2819
4ka3/4a4/2R6/p1R5p/9/2Pr5/P7P/4B4/4A4/3AK4 b,-0.14390641,4377
4ka3/4a4/2R6/p1R5p/9/2P6/P2r4P/4B4/4A4/3AK4 w,0.15232836,2641
4ka3/4a4/2R6/p3R3p/9/2P6/P2r4P/4B4/4A4/3AK4 b,-0.13942765,363
3k1a3/4a4/2R6/p3R3p/9/2P6/P2r4P/4B4/4A4/3AK4 w,0.1448841,2817
3k1a3/4a4/2R6/R7p/9/2P6/P2r4P/4B4/4A4/3AK4 b,-0.14282507,274
4ka3/4a4/2R6/R7p/9/2P6/P2r4P/4B4/4A4/3AK4 w,0.16090555,2461
4ka3/4a4/2R6/4R3p/9/2P6/P2r4P/4B4/4A4/3AK4 b,-0.15137301,5151
4ka3/4a4/2Rr5/4R3p/9/2P6/P7P/4B4/4A4/3AK4 w,0.18791,1821
4ka3/4a4/3R5/4R3p/9/2P6/P7P/4B4/4A4/3AK4 b,-0.18898861,3194
4ka3/4a4/3R5/4R4/8p/2P6/P7P/4B4/4A4/3AK4 w,0.19609569,1902
4ka3/3Ra4/9/4R4/8p/2P6/P7P/4B4/4A4/3AK4 b,-0.19410191,4013
4ka3/3Ra4/9/4R4/9/2P5p/P7P/4B4/4A4/3AK4 w,0.2,5633
rnbakabnr/9/1c5c1/p1p1p1p1p/9/9/P1P1P1P1P/1C5C1/9/RNBAKABNR w,0.0017991782,5827
rnbakabnr/9/1c5c1/p1p1p1p1p/9/9/P1P1P1P1P/4C2C1/9/RNBAKABNR b,-0.0017786383,110
r1bakabnr/9/1cn4c1/p1p1p1p1p/9/9/P1P1P1P1P/4C2C1/9/RNBAKABNR w,0.0018236161,7445
r1bakabnr/9/1cn4c1/p1p1p1p1p/9/9/P1P1P1P1P/2N1C2C1/9/R1BAKABNR b,-0.0018395424,562
r1baka1nr/9/1cn1b2c1/p1p1p1p1p/9/9/P1P1P1P1P/2N1C2C1/9/R1BAKABNR w,0.001935196,7372
r1baka1nr/9/1cn1b2c1/p1p1p1p1p/9/9/P1P1P1P1P/2N1C2C1/9/1RBAKABNR b,-0.0017735482,1
1rbaka1nr/9/1cn1b2c1/p1p1p1p1p/9/9/P1P1P1P1P/2N1C2C1/9/1RBAKABNR w,0.0017125607,6368
1rbaka1nr/9/1cn1b2c1/p1p1p1p1p/9/9/P1P1P1P1P/2N1CC3/9/1RBAKABNR b,-0.0012760878,654
1rbaka2r/9/1cn1b1nc1/p1p1p1p1p/9/9/P1P1P1P1P/2N1CC3/9/1RBAKABNR w,0.0015751123,7989
1rbaka2r/9/1cn1b1nc1/p1p1p1p1p/9/9/P1P1P1P1P/2N1CCN2/9/1RBAKAB1R b,-0.001368165,3012
1rbaka2r/9/1cn1b1nc1/p1p1p3p/6p2/9/P1P1P1P1P/2N1CCN2/9/1RBAKAB1R w,0.001875639,8098
1rbaka2r/9/1cn1b1nc1/p1p1p3p/6p2/9/P1P1P1P1P/2N1CCN2/9/1RBAKABR1 b,-0.0020106912,727
1rbaka1r1/9/1cn1b1nc1/p1p1p3p/6p2/9/P1P1P1P1P/2N1CCN2/9/1RBAKABR1 w,0.002761793,5087
1rbaka1r1/9/1cn1b1nc1/p1p1p3p/6p2/2P6/P3P1P1P/2N1CCN2/9/1RBAKABR1 b,-0.0021535754,1765
1rbaka1r1/9/2n1b1nc1/p1p1p3p/6p2/2P6/Pc2P1P1P/2N1CCN2/9/1RBAKABR1 w,0.0047060014,5898
1rbaka1r1/9/2n1b1nc1/p1p1p3p/6p2/2PN5/Pc2P1P1P/4CCN2/9/1RBAKABR1 b,-0.00640862,2311
1rbaka1r1/9/2n1b1n2/p1p1p3p/6p2/2PN5/Pc2P1PcP/4CCN2/9/1RBAKABR1 w,0.007815647,6143
1rbaka1r1/9/2n1bCn2/p1p1p3p/6p2/2PN5/Pc2P1PcP/4C1N2/9/1RBAKABR1 b,-0.008294404,1986
1rbakabr1/9/2n2Cn2/p1p1p3p/6p2/2PN5/Pc2P1PcP/4C1N2/9/1RBAKABR1 w,0.018145729,4351
1rbakabr1/9/2n2Cn2/p1p1N3p/6p2/2P6/Pc2P1PcP/4C1N2/9/1RBAKABR1 b,-0.004766011,1831
1rbakabr1/9/5Cn2/p1p1n3p/6p2/2P6/Pc2P1PcP/4C1N2/9/1RBAKABR1 w,0.005222106,6061
1rbakabr1/9/5Cn2/p1p1C3p/6p2/2P6/Pc2P1PcP/6N2/9/1RBAKABR1 b,0.009483027,109
2bakabr1/9/1r3Cn2/p1p1C3p/6p2/2P6/Pc2P1PcP/6N2/9/1RBAKABR1 w,0.0022472858,2839
2bakabr1/9/1r3Cn2/p1p5p/6p2/2P1C4/Pc2P1PcP/6N2/9/1RBAKABR1 b,0.0017400027,1733
2bakabr1/9/5rn2/p1p5p/6p2/2P1C4/Pc2P1PcP/6N2/9/1RBAKABR1 w,0.009669137,7435
2bakabr1/9/5rn2/p1p5p/6p2/2P1C4/PR2P1PcP/6N2/9/2BAKABR1 b,-0.0074192765,2129
2bakabr1/9/6n2/p1p5p/6p2/2P1C4/PR2PrPcP/6N2/9/2BAKABR1 w,0.014374137,4987
2bakabr1/9/6n2/p1p5p/1R4p2/2P1C4/P3PrPcP/6N2/9/2BAKABR1 b,-0.004574418,2201
2bakabr1/9/9/p1p5p/1R3np2/2P1C4/P3PrPcP/6N2/9/2BAKABR1 w,0.021210982,7897
2bakabr1/9/9/p1p5p/1R3np2/2P1C4/P3PrPcP/4B1N2/9/2BAKA1R1 b,-0.009338617,3748
2bakabr1/9/9/p1p5p/1R4p2/2P1C4/P3nrPcP/4B1N2/9/2BAKA1R1 w,0.025909353,7816
2bakabr1/9/9/p1p5p/1R4p2/2P1C4/P3nrPcP/4B1N2/4A4/2BAK2R1 b,-0.01012218,5370
2bakabr1/9/9/p1p5p/1R4p2/2P1C4/P3n1rcP/4B1N2/4A4/2BAK2R1 w,0.012294555,3370
2bakabr1/9/9/p1p5p/4R1p2/2P1C4/P3n1rcP/4B1N2/4A4/2BAK2R1 b,-0.008951676,562
2baka1r1/9/4b4/p1p5p/4R1p2/2P1C4/P3n1rcP/4B1N2/4A4/2BAK2R1 w,0.01412282,6268
2baka1r1/9/4b4/p1p5p/4R1p2/2P1C4/P3N1rcP/4B4/4A4/2BAK2R1 b,-0.0049184323,5458
2baka1r1/9/4b4/p1p5p/4R1p2/2P1C4/P3r2cP/4B4/4A4/2BAK2R1 w,0.019380664,3622
2baka1r1/9/4R4/p1p5p/6p2/2P1C4/P3r2cP/4B4/4A4/2BAK2R1 b,-0.034829285,463
2bak2r1/4a4/4R4/p1p5p/6p2/2P1C4/P3r2cP/4B4/4A4/2BAK2R1 w,0.11949265,2005
2bak2r1/4a4/7R1/p1p5p/6p2/2P1C4/P3r2cP/4B4/4A4/2BAK2R1 b,-0.11714389,1175
2baka1r1/9/7R1/p1p5p/6p2/2P1C4/P3r2cP/4B4/4A4/2BAK2R1 w,0.116102934,2257
2baka1R1/9/9/p1p5p/6p2/2P1C4/P3r2cP/4B4/4A4/2BAK2R1 b,-0.10884321,5544
2baka1R1/9/9/p1p5p/6p2/2P1C4/c3r3P/4B4/4A4/2BAK2R1 w,0.12013235,4460
2baka1R1/9/9/p1p5p/6p2/2P2C3/c3r3P/4B4/4A4/2BAK2R1 b,-0.110913515,3831
2baka1R1/9/9/p1p5p/9/2P2Cp2/c3r3P/4B4/4A4/2BAK2R1 w,0.117484905,6081
2baka1R1/9/9/p1p5p/9/2P2CB2/c3r3P/9/4A4/2BAK2R1 b,-0.10933454,4941
2baka1R1/9/9/p1p5p/9/2P2CB2/4r3P/9/4A4/c1BAK2R1 w,0.10412686,4568
2baka1R1/9/9/p1p5p/9/2P3B2/4r3P/5C3/4A4/c1BAK2R1 b,-0.049834203,5296
2baka1R1/9/9/p1p5p/9/2P3B2/8P/5C3/4r4/c1BAK2R1 w,0.054496814,7736
2baka1R1/9/9/p1p5p/9/2P3B2/8P/5C3/4r4/c1BA1K1R1 b,-0.043618083,6915
2baka1R1/9/9/p1p5p/9/2P3B2/8P/5C3/3r5/c1BA1K1R1 w,0.038591314,6187
2baka1R1/9/9/p1p5p/9/2P3B2/8P/4C4/3r5/c1BA1K1R1 b,-0.011653281,6834
2baka1R1/9/9/p1p5p/9/2P3B2/8P/4C4/9/c1Br1K1R1 w,0.021029163,7817
2baka1R1/9/9/p1p5p/9/2P3B2/8P/4C4/5K3/c1Br3R1 b,-0.004953456,7648
2baka1R1/9/9/p1p5p/9/2P3B2/8P/4C4/5K3/c1B4r1 w,0.02207458,718
2baka3/9/9/p1p5p/9/2P3B2/8P/4C4/5K3/c1B4R1 b,-0.0028571964,7378
2baka3/9/9/p1p5p/9/2P3B2/8P/4C4/5K3/2B4c1 w,0.004557443,6101
2baka3/9/9/p1p5p/9/2P3B2/8P/8C/5K3/2B4c1 b,0.005790019,7972
2baka3/9/9/p1p5p/9/2P3Bc1/8P/8C/5K3/2B6 w,-0.0011567712,6425
2baka3/9/9/p1p5C/9/2P3Bc1/8P/9/5K3/2B6 b,0.005514932,4727
2baka3/9/9/p1p5C/9/2c3B2/8P/9/5K3/2B6 w,-0.003391683,3182
2baka3/9/9/p1p2C3/9/2c3B2/8P/9/5K3/2B6 b,0.006889892,4278
2baka3/9/9/p1p2C3/9/3c2B2/8P/9/5K3/2B6 w,-0.0020582676,2907
2baka3/9/9/C1p6/9/3c2B2/8P/9/5K3/2B6 b,0.0037471056,4332
2baka3/3c5/9/C1p6/9/6B2/8P/9/5K3/2B6 w,-0.0004860401,2493
2baka3/3c5/9/2p6/9/6B2/8P/C8/5K3/2B6 b,0.0017784119,1094
2baka3/5c3/9/2p6/9/6B2/8P/C8/5K3/2B6 w,0.001946187,5737
2baka3/5c3/9/2p6/9/6B2/8P/4C4/5K3/2B6 b,0.000118255615,1269
2baka3/c8/9/2p6/9/6B2/8P/4C4/5K3/2B6 w,0.00012924672,6101
2baka3/c8/9/2p6/9/6B2/8P/8C/5K3/2B6 b,0.0014596701,824
2baka3/5c3/9/2p6/9/6B2/8P/8C/5K3/2B6 w,0,6457
rnbakabnr/9/1c5c1/p1p1p1p1p/9/9/P1P1P1P1P/1C5C1/9/RNBAKABNR w,-0.79819137,5827
rnbakabnr/9/1c5c1/p1p1p1p1p/9/9/P1P1P1P1P/4C2C1/9/RNBAKABNR b,0.7982151,110
r1bakabnr/9/1cn4c1/p1p1p1p1p/9/9/P1P1P1P1P/4C2C1/9/RNBAKABNR w,-0.79817516,7445
r1bakabnr/9/1cn4c1/p1p1p1p1p/9/9/P1P1P1P1P/2N1C2C1/9/R1BAKABNR b,0.79819286,562
r1baka1nr/9/1cn1b2c1/p1p1p1p1p/9/9/P1P1P1P1P/2N1C2C1/9/R1BAKABNR w,-0.79805803,7372
r1baka1nr/9/1cn1b2c1/p1p1p1p1p/9/9/P1P1P1P1P/2N1C2C1/9/1RBAKABNR b,0.7982278,1
1rbaka1nr/9/1cn1b2c1/p1p1p1p1p/9/9/P1P1P1P1P/2N1C2C1/9/1RBAKABNR w,-0.79831874,6368
1rbaka1nr/9/1cn1b2c1/p1p1p1p1p/9/9/P1P1P1P1P/2N1CC3/9/1RBAKABNR b,0.79872113,654
1rbaka2r/9/1cn1b1nc1/p1p1p1p1p/9/9/P1P1P1P1P/2N1CC3/9/1RBAKABNR w,-0.7983996,7989
1rbaka2r/9/1cn1b1nc1/p1p1p1p1p/9/9/P1P1P1P1P/2N1CCN2/9/1RBAKAB1R b,0.79863185,3012
1rbaka2r/9/1cn1b1nc1/p1p1p3p/6p2/9/P1P1P1P1P/2N1CCN2/9/1RBAKAB1R w,-0.7981264,8098
1rbaka2r/9/1cn1b1nc1/p1p1p3p/6p2/9/P1P1P1P1P/2N1CCN2/9/1RBAKABR1 b,0.79798746,727
1rbaka1r1/9/1cn1b1nc1/p1p1p3p/6p2/9/P1P1P1P1P/2N1CCN2/9/1RBAKABR1 w,-0.79748696,5087
1rbaka1r1/9/1cn1b1nc1/p1p1p3p/6p2/2P6/P3P1P1P/2N1CCN2/9/1RBAKABR1 b,0.79780424,1765
1rbaka1r1/9/2n1b1nc1/p1p1p3p/6p2/2P6/Pc2P1P1P/2N1CCN2/9/1RBAKABR1 w,-0.7952885,5898
1rbaka1r1/9/2n1b1nc1/p1p1p3p/6p2/2PN5/Pc2P1P1P/4CCN2/9/1RBAKABR1 b,0.7935496,2311
1rbaka1r1/9/2n1b1n2/p1p1p3p/6p2/2PN5/Pc2P1PcP/4CCN2/9/1RBAKABR1 w,-0.79210323,6143
1rbaka1r1/9/2n1bCn2/p1p1p3p/6p2/2PN5/Pc2P1PcP/4C1N2/9/1RBAKABR1 b,0.79172003,1986
1rbakabr1/9/2n2Cn2/p1p1p3p/6p2/2PN5/Pc2P1PcP/4C1N2/9/1RBAKABR1 w,-0.78150064,4351
1rbakabr1/9/2n2Cn2/p1p1N3p/6p2/2P6/Pc2P1PcP/4C1N2/9/1RBAKABR1 b,0.7951895,1831
1rbakabr1/9/5Cn2/p1p1n3p/6p2/2P6/Pc2P1PcP/4C1N2/9/1RBAKABR1 w,-0.7949672,6061
1rbakabr1/9/5Cn2/p1p1C3p/6p2/2P6/Pc2P1PcP/6N2/9/1RBAKABR1 b,0.80911714,109
2bakabr1/9/1r3Cn2/p1p1C3p/6p2/2P6/Pc2P1PcP/6N2/9/1RBAKABR1 w,-0.79775274,2839
2bakabr1/9/1r3Cn2/p1p5p/6p2/2P1C4/Pc2P1PcP/6N2/9/1RBAKABR1 b,0.8016352,1733
2bakabr1/9/5rn2/p1p5p/6p2/2P1C4/Pc2P1PcP/6N2/9/1RBAKABR1 w,-0.7903417,7435
2bakabr1/9/5rn2/p1p5p/6p2/2P1C4/PR2P1PcP/6N2/9/2BAKABR1 b,0.792956,2201
2bakabr1/9/5r3/p1p5p/5np2/2P1C4/PR2P1PcP/6N2/9/2BAKABR1 w,-0.7861781,4987
2bakabr1/9/5r3/p1p5p/1R3np2/2P1C4/P3P1PcP/6N2/9/2BAKABR1 b,0.7917212,3750
2bakabr1/9/5r3/p1p5p/1R4p2/2P1C4/P3P1ncP/6N2/9/2BAKABR1 w,-0.78054535,3372
2bakabr1/9/5r3/p1p5p/6R2/2P1C4/P3P1ncP/6N2/9/2BAKABR1 b,0.79455066,5449
2bakabr1/9/5r3/p1p5p/6R2/2P1n4/P3P2cP/6N2/9/2BAKABR1 w,-0.79417324,5269
2bakabr1/9/5r3/p1p5p/6R2/2P1P4/P6cP/6N2/9/2BAKABR1 b,0.80062634,5560
2bakabr1/9/5r3/p1p5p/6R2/2P1P4/P7P/6Nc1/9/2BAKABR1 w,-0.7899588,7999
2bakabr1/9/5r3/p1p5p/6R2/2P1P4/P7P/6Nc1/7R1/2BAKAB2 b,0.80190456,2138
2bakabr1/9/9/p1p5p/6R2/2P1P4/P7P/5rNc1/7R1/2BAKAB2 w,-0.7977716,3813
2bakabr1/9/9/p1p3R1p/9/2P1P4/P7P/5rNc1/7R1/2BAKAB2 b,0.7983398,691
2bakab2/9/9/p1p3R1p/9/2P1P4/P6rP/5rNc1/7R1/2BAKAB2 w,-0.78558654,2976
2bakaR2/9/9/p1p5p/9/2P1P4/P6rP/5rNc1/7R1/2BAKAB2 b,0.79620934,5548
2bakaR2/9/9/p1p5p/9/2P1P4/P3r3P/5rNc1/7R1/2BAKAB2 w,-0.78687084,7186
2bakaR2/9/9/p1p5p/9/2P1P4/P3r3P/5rNc1/4R4/2BAKAB2 b,0.79618806,5276
2bakaR2/9/9/p1p5p/9/2P1P4/P1r5P/5rNc1/4R4/2BAKAB2 w,-0.7893142,5633
2bakaR2/9/9/p1p5p/9/2P1P3P/P1r6/5rNc1/4R4/2BAKAB2 b,0.80038285,5123
2bakaR2/9/9/p1p5p/9/2P1P3P/P8/5rNc1/4R4/2rAKAB2 w,-0.7871886,6919
2bakaR2/9/9/p1p5p/9/2P1P3P/P8/5rNc1/7R1/2rAKAB2 b,0.8095923,6371
2bakaR2/9/9/p1p5p/9/2P1P3P/P8/5rN1c/7R1/2rAKAB2 w,-0.7921467,7185
2bakaR2/9/9/p1p5p/9/2P1P3P/P8/5rN1c/3R5/2rAKAB2 b,0.8114063,6479
2bakaR2/9/9/p1p5p/9/2P1P3P/P8/5rN2/3R5/2rAKAB1c w,-0.80326426,564
2baka3/9/6R2/p1p5p/9/2P1P3P/P8/5rN2/3R5/2rAKAB1c b,0.8377102,7535
2baka3/9/6R2/p1p5p/9/2P1P3P/P8/2r2rN2/3R5/3AKAB1c w,-0.8306712,6298
2baka3/9/6R2/p1p5p/9/2P1P3P/P8/2r2r3/3R5/3AKABNc b,0.8498909,6190
2baka3/9/6R2/p1p5p/9/2P1P3P/P8/2r4r1/3R5/3AKABNc w,-0.8329211,7636
2baka3/9/6R2/p1p5p/9/2P1P3P/P8/2r4r1/3RA4/4KABNc b,0.85747397,6379
2baka3/9/6R2/p1p5p/9/2P1P3P/P8/2r6/3RA2r1/4KABNc w,-0.840124,6762
2baka3/3R5/6R2/p1p5p/9/2P1P3P/P8/2r6/4A2r1/4KABNc b,0.8659461,7198
2baka3/3R5/6R2/p1p5p/9/2P1P3P/P8/2r6/4A4/4KABrc w,-0.853568,7734
2baka3/3R5/6R2/p1p5p/9/2P1P3P/P8/2r6/4A4/3K1ABrc b,0.9230055,8097
2baka3/3R5/6R2/p1p5p/9/2P1P3P/P8/2r6/4A4/3K1Acr1 w,-0.907673,2247
2baka3/3R5/9/p1p5p/9/2P1P3P/P8/2r6/4A4/3K1ARr1 b,0.91257805,8007
2baka3/3R5/9/p1p5p/9/2P1P3P/P8/2r6/4A4/3K1Ar2 w,-0.904886,1083
2bRka3/9/9/p1p5p/9/2P1P3P/P8/2r6/4A4/3K1Ar2 b,0.9031784,373
2bR1a3/4k4/9/p1p5p/9/2P1P3P/P8/2r6/4A4/3K1Ar2 w,-0.9042853,282
2b2a3/3Rk4/9/p1p5p/9/2P1P3P/P8/2r6/4A4/3K1Ar2 b,0.9100271,1174
2b1ka3/3R5/9/p1p5p/9/2P1P3P/P8/2r6/4A4/3K1Ar2 w,-0.9026598,1110
2b1ka3/9/9/p1pR4p/9/2P1P3P/P8/2r6/4A4/3K1Ar2 b,0.9396803,5933
2b1ka3/9/9/p1pR4p/9/2P1P3P/P8/9/4A4/2rK1Ar2 w,-0.94146186,7635
2b1ka3/9/9/p1pR4p/9/2P1P3P/P8/9/3KA4/2r2Ar2 b,0.94779277,7544
2b1ka3/9/9/p1pR4p/9/2P1P3P/P8/9/2rKA4/5Ar2 w,-0.9389826,6834
2b1ka3/9/9/p1pR4p/9/2P1P3P/P8/9/2r1A4/3K1Ar2 b,0.95406914,6736
2b1ka3/9/9/p1pR4p/9/2P1P3P/P8/9/4r4/3K1Ar2 w,-0.94796026,2703
2bRka3/9/9/p1p5p/9/2P1P3P/P8/9/4r4/3K1Ar2 b,0.95179045,373
2bR1a3/4k4/9/p1p5p/9/2P1P3P/P8/9/4r4/3K1Ar2 w,-0.94087577,275
2b2R3/4k4/9/p1p5p/9/2P1P3P/P8/9/4r4/3K1Ar2 b,0.95349705,6889
2b2R3/4k4/9/p1p5p/9/2P1r3P/P8/9/9/3K1Ar2 w,-0.9432106,4268
2b2R3/4k4/9/p1p5p/2P6/4r3P/P8/9/9/3K1Ar2 b,1,4458
rnbakabnr/9/1c5c1/p1p1p1p1p/9/9/P1P1P1P1P/1C5C1/9/RNBAKABNR w,-0.7981728,5827
rnbakabnr/9/1c5c1/p1p1p1p1p/9/9/P1P1P1P1P/4C2C1/9/RNBAKABNR b,0.79819745,110
r1bakabnr/9/1cn4c1/p1p1p1p1p/9/9/P1P1P1P1P/4C2C1/9/RNBAKABNR w,-0.79817986,7445
r1bakabnr/9/1cn4c1/p1p1p1p1p/9/9/P1P1P1P1P/2N1C2C1/9/R1BAKABNR b,0.7981648,562
r1baka1nr/9/1cn1b2c1/p1p1p1p1p/9/9/P1P1P1P1P/2N1C2C1/9/R1BAKABNR w,-0.7980508,7372
r1baka1nr/9/1cn1b2c1/p1p1p1p1p/9/9/P1P1P1P1P/2N1C2C1/9/1RBAKABNR b,0.79822755,1
1rbaka1nr/9/1cn1b2c1/p1p1p1p1p/9/9/P1P1P1P1P/2N1C2C1/9/1RBAKABNR w,-0.798293,6368
1rbaka1nr/9/1cn1b2c1/p1p1p1p1p/9/9/P1P1P1P1P/2N1CC3/9/1RBAKABNR b,0.7987219,654
1rbaka2r/9/1cn1b1nc1/p1p1p1p1p/9/9/P1P1P1P1P/2N1CC3/9/1RBAKABNR w,-0.7984249,7989
1rbaka2r/9/1cn1b1nc1/p1p1p1p1p/9/9/P1P1P1P1P/2N1CCN2/9/1RBAKAB1R b,0.79859865,3012
1rbaka2r/9/1cn1b1nc1/p1p1p3p/6p2/9/P1P1P1P1P/2N1CCN2/9/1RBAKAB1R w,-0.7981244,8098
1rbaka2r/9/1cn1b1nc1/p1p1p3p/6p2/9/P1P1P1P1P/2N1CCN2/9/1RBAKABR1 b,0.7979852,727
1rbaka1r1/9/1cn1b1nc1/p1p1p3p/6p2/9/P1P1P1P1P/2N1CCN2/9/1RBAKABR1 w,-0.79748696,5087
1rbaka1r1/9/1cn1b1nc1/p1p1p3p/6p2/2P6/P3P1P1P/2N1CCN2/9/1RBAKABR1 b,0.79784644,1765
1rbaka1r1/9/2n1b1nc1/p1p1p3p/6p2/2P6/Pc2P1P1P/2N1CCN2/9/1RBAKABR1 w,-0.79523826,5898
1rbaka1r1/9/2n1b1nc1/p1p1p3p/6p2/2PN5/Pc2P1P1P/4CCN2/9/1RBAKABR1 b,0.7935508,2311
1rbaka1r1/9/2n1b1n2/p1p1p3p/6p2/2PN5/Pc2P1PcP/4CCN2/9/1RBAKABR1 w,-0.79267675,6143
1rbaka1r1/9/2n1bCn2/p1p1p3p/6p2/2PN5/Pc2P1PcP/4C1N2/9/1RBAKABR1 b,0.7910976,1986
1rbakabr1/9/2n2Cn2/p1p1p3p/6p2/2PN5/Pc2P1PcP/4C1N2/9/1RBAKABR1 w,-0.78244895,4351
1rbakabr1/9/2n2Cn2/p1p1N3p/6p2/2P6/Pc2P1PcP/4C1N2/9/1RBAKABR1 b,0.7952187,1831
1rbakabr1/9/5Cn2/p1p1n3p/6p2/2P6/Pc2P1PcP/4C1N2/9/1RBAKABR1 w,-0.7950203,6061
1rbakabr1/9/5Cn2/p1p1C3p/6p2/2P6/Pc2P1PcP/6N2/9/1RBAKABR1 b,0.8095084,109
2bakabr1/9/1r3Cn2/p1p1C3p/6p2/2P6/Pc2P1PcP/6N2/9/1RBAKABR1 w,-0.79794323,2839
2bakabr1/9/1r3Cn2/p1p5p/6p2/2P1C4/Pc2P1PcP/6N2/9/1RBAKABR1 b,0.80169934,1733
2bakabr1/9/5rn2/p1p5p/6p2/2P1C4/Pc2P1PcP/6N2/9/1RBAKABR1 w,-0.79035133,7435
2bakabr1/9/5rn2/p1p5p/6p2/2P1C4/PR2P1PcP/6N2/9/2BAKABR1 b,0.79350066,2201
2bakabr1/9/5r3/p1p5p/5np2/2P1C4/PR2P1PcP/6N2/9/2BAKABR1 w,-0.7861781,4987
2bakabr1/9/5r3/p1p5p/1R3np2/2P1C4/P3P1PcP/6N2/9/2BAKABR1 b,0.7918365,3750
2bakabr1/9/5r3/p1p5p/1R4p2/2P1C4/P3P1ncP/6N2/9/2BAKABR1 w,-0.78249997,3372
2bakabr1/9/5r3/p1p5p/6R2/2P1C4/P3P1ncP/6N2/9/2BAKABR1 b,0.7945152,5449
2bakabr1/9/5r3/p1p5p/6R2/2P1n4/P3P2cP/6N2/9/2BAKABR1 w,-0.79389954,5269
2bakabr1/9/5r3/p1p5p/6R2/2P1P4/P6cP/6N2/9/2BAKABR1 b,0.8006807,5560
2bakabr1/9/5r3/p1p5p/6R2/2P1P4/P7P/6Nc1/9/2BAKABR1 w,-0.7901473,7999
2bakabr1/9/5r3/p1p5p/6R2/2P1P4/P7P/6Nc1/7R1/2BAKAB2 b,0.8015276,2138
2bakabr1/9/9/p1p5p/6R2/2P1P4/P7P/5rNc1/7R1/2BAKAB2 w,-0.7976455,3813
2bakabr1/9/9/p1p3R1p/9/2P1P4/P7P/5rNc1/7R1/2BAKAB2 b,0.79600745,6361
2bakabr1/9/9/p1p3R1p/9/2P1P4/P6cP/5rN2/7R1/2BAKAB2 w,-0.77888095,7186
2bakabr1/9/9/p1p3R1p/9/2P1P4/P6cP/5rN2/4R4/2BAKAB2 b,0.79944694,5515
2bakabr1/9/7c1/p1p3R1p/9/2P1P4/P7P/5rN2/4R4/2BAKAB2 w,-0.7859678,2994
2bakabr1/9/6Rc1/p1p5p/9/2P1P4/P7P/5rN2/4R4/2BAKAB2 b,0.7977,2276
2bakabr1/9/6R1c/p1p5p/9/2P1P4/P7P/5rN2/4R4/2BAKAB2 w,-0.77772135,4450
2bakabr1/9/6R1c/p1p5p/4P4/2P6/P7P/5rN2/4R4/2BAKAB2 b,0.799095,700
2bakab2/9/6R1c/p1p5p/4P4/2P6/P7P/5rNr1/4R4/2BAKAB2 w,-0.80036247,2166
2bakaR2/9/8c/p1p5p/4P4/2P6/P7P/5rNr1/4R4/2BAKAB2 b,0.81260425,6369
2bakaR2/9/8c/p1p5p/4P4/2P6/P7P/5rr2/4R4/2BAKAB2 w,-0.8022113,609
2baka3/9/8c/p1p5p/4P4/2P6/P7P/5rR2/4R4/2BAKAB2 b,0.8137576,6189
2baka3/9/8c/p1p5p/4P4/2P6/P7P/6r2/4R4/2BAKAB2 w,-0.8083536,3631
2baka3/9/8c/p1p1P3p/9/2P6/P7P/6r2/4R4/2BAKAB2 b,0.81775504,6297
2baka3/9/8c/p1p1P3p/9/2P6/P7P/9/4R4/2BAKAr2 w,-0.8127127,2812
2baka3/9/4P3c/p1p5p/9/2P6/P7P/9/4R4/2BAKAr2 b,0.8309973,2402
2baka3/9/4P4/p1p5p/9/2P6/P7c/9/4R4/2BAKAr2 w,-0.8290958,6871
2baka3/9/4P4/p1p1R3p/9/2P6/P7c/9/9/2BAKAr2 b,0.83686334,5669
2baka3/9/4P4/p1p1R3p/9/2P6/P8/9/9/2BAKAr1c w,-0.82127506,2001
2baka3/9/3P5/p1p1R3p/9/2P6/P8/9/9/2BAKAr1c b,0.82033646,463
2bak4/4a4/3P5/p1p1R3p/9/2P6/P8/9/9/2BAKAr1c w,-0.81191033,1902
2bak4/3Pa4/9/p1p1R3p/9/2P6/P8/9/9/2BAKAr1c b,0.93915135,7863
2bak4/3Pa4/9/p1p1R1r1p/9/2P6/P8/9/9/2BAKA2c w,-0.9492691,7726
2bak4/3Pa4/9/p1p1R1r1p/9/2P6/P8/9/4K4/2BA1A2c b,0.960409,3001
2bak4/3Pa4/9/p1p1r3p/9/2P6/P8/9/4K4/2BA1A2c w,-0.9590106,6917
2bak4/3Pa4/9/p1p1r3p/9/2P6/P8/9/5K3/2BA1A2c b,0.96486735,8094
2bak4/3Pa4/9/p1p1r3p/9/2P6/P8/9/5K3/2Bc1A3 w,-0.96207476,1091
2bak4/2P1a4/9/p1p1r3p/9/2P6/P8/9/5K3/2Bc1A3 b,0.96904325,2848
2bak4/2P1a4/9/p1p5p/9/2P6/P3r4/9/5K3/2Bc1A3 w,-0.95579666,6998
2bak4/2P1a4/9/p1p5p/9/2P6/P3r4/5K3/9/2Bc1A3 b,0.9835796,1191
2bak4/2P6/3a5/p1p5p/9/2P6/P3r4/5K3/9/2Bc1A3 w,-0.9879828,6197
2bak4/2P6/3a5/p1p5p/9/2P6/P3r4/9/5K3/2Bc1A3 b,1,5279
rnbakabnr/9/1c5c1/p1p1p1p1p/9/9/P1P1P1P1P/1C5C1/9/RNBAKABNR w,0.80182725,5827
rnbakabnr/9/1c5c1/p1p1p1p1p/9/9/P1P1P1P1P/4C2C1/9/RNBAKABNR b,-0.8017942,110
r1bakabnr/9/1cn4c1/p1p1p1p1p/9/9/P1P1P1P1P/4C2C1/9/RNBAKABNR w,0.80182487,7445
r1bakabnr/9/1cn4c1/p1p1p1p1p/9/9/P1P1P1P1P/2N1C2C1/9/R1BAKABNR b,-0.80182236,562
r1baka1nr/9/1cn1b2c1/p1p1p1p1p/9/9/P1P1P1P1P/2N1C2C1/9/R1BAKABNR w,0.801942,7372
r1baka1nr/9/1cn1b2c1/p1p1p1p1p/9/9/P1P1P1P1P/2N1C2C1/9/1RBAKABNR b,-0.80177003,1
1rbaka1nr/9/1cn1b2c1/p1p1p1p1p/9/9/P1P1P1P1P/2N1C2C1/9/1RBAKABNR w,0.8016996,6368
1rbaka1nr/9/1cn1b2c1/p1p1p1p1p/9/9/P1P1P1P1P/2N1CC3/9/1RBAKABNR b,-0.80128574,654
1rbaka2r/9/1cn1b1nc1/p1p1p1p1p/9/9/P1P1P1P1P/2N1CC3/9/1RBAKABNR w,0.80158037,7989
1rbaka2r/9/1cn1b1nc1/p1p1p1p1p/9/9/P1P1P1P1P/2N1CCN2/9/1RBAKAB1R b,-0.8013648,3012
1rbaka2r/9/1cn1b1nc1/p1p1p3p/6p2/9/P1P1P1P1P/2N1CCN2/9/1RBAKAB1R w,0.8018723,8098
1rbaka2r/9/1cn1b1nc1/p1p1p3p/6p2/9/P1P1P1P1P/2N1CCN2/9/1RBAKABR1 b,-0.8019926,727
1rbaka1r1/9/1cn1b1nc1/p1p1p3p/6p2/9/P1P1P1P1P/2N1CCN2/9/1RBAKABR1 w,0.80255455,5087
1rbaka1r1/9/1cn1b1nc1/p1p1p3p/6p2/2P6/P3P1P1P/2N1CCN2/9/1RBAKABR1 b,-0.8021624,1765
1rbaka1r1/9/2n1b1nc1/p1p1p3p/6p2/2P6/Pc2P1P1P/2N1CCN2/9/1RBAKABR1 w,0.80512637,5898
1rbaka1r1/9/2n1b1nc1/p1p1p3p/6p2/2PN5/Pc2P1P1P/4CCN2/9/1RBAKABR1 b,-0.8064574,2311
1rbaka1r1/9/2n1b1n2/p1p1p3p/6p2/2PN5/Pc2P1PcP/4CCN2/9/1RBAKABR1 w,0.8079318,6143
1rbaka1r1/9/2n1bCn2/p1p1p3p/6p2/2PN5/Pc2P1PcP/4C1N2/9/1RBAKABR1 b,-0.80890244,1986
1rbakabr1/9/2n2Cn2/p1p1p3p/6p2/2PN5/Pc2P1PcP/4C1N2/9/1RBAKABR1 w,0.81805813,4351
1rbakabr1/9/2n2Cn2/p1p1N3p/6p2/2P6/Pc2P1PcP/4C1N2/9/1RBAKABR1 b,-0.80477434,1831
1rbakabr1/9/5Cn2/p1p1n3p/6p2/2P6/Pc2P1PcP/4C1N2/9/1RBAKABR1 w,0.80503064,6061
1rbakabr1/9/5Cn2/p1p1C3p/6p2/2P6/Pc2P1PcP/6N2/9/1RBAKABR1 b,-0.7905651,109
2bakabr1/9/1r3Cn2/p1p1C3p/6p2/2P6/Pc2P1PcP/6N2/9/1RBAKABR1 w,0.8018251,2839
2bakabr1/9/1r3Cn2/p1p5p/6p2/2P1C4/Pc2P1PcP/6N2/9/1RBAKABR1 b,-0.79837435,1733
2bakabr1/9/5rn2/p1p5p/6p2/2P1C4/Pc2P1PcP/6N2/9/1RBAKABR1 w,0.8097739,7435
2bakabr1/9/5rn2/p1p5p/6p2/2P1C4/PR2P1PcP/6N2/9/2BAKABR1 b,-0.80557835,2201
2bakabr1/9/5r3/p1p5p/5np2/2P1C4/PR2P1PcP/6N2/9/2BAKABR1 w,0.8131018,4987
2bakabr1/9/5r3/p1p5p/1R3np2/2P1C4/P3P1PcP/6N2/9/2BAKABR1 b,-0.8082628,3750
2bakabr1/9/5r3/p1p5p/1R4p2/2P1C4/P3P1ncP/6N2/9/2BAKABR1 w,0.8199218,3372
2bakabr1/9/5r3/p1p5p/6R2/2P1C4/P3P1ncP/6N2/9/2BAKABR1 b,-0.80548483,5449
2bakabr1/9/5r3/p1p5p/6R2/2P1n4/P3P2cP/6N2/9/2BAKABR1 w,0.8058786,5269
2bakabr1/9/5r3/p1p5p/6R2/2P1P4/P6cP/6N2/9/2BAKABR1 b,-0.7995004,5560
2bakabr1/9/5r3/p1p5p/6R2/2P1P4/P7P/6Nc1/9/2BAKABR1 w,0.8094646,7999
2bakabr1/9/5r3/p1p5p/6R2/2P1P4/P7P/6Nc1/7R1/2BAKAB2 b,-0.7986552,2138
2bakabr1/9/9/p1p5p/6R2/2P1P4/P7P/5rNc1/7R1/2BAKAB2 w,0.8004578,3813
2bakabr1/9/9/p1p3R1p/9/2P1P4/P7P/5rNc1/7R1/2BAKAB2 b,-0.80019426,691
2bakab2/9/9/p1p3R1p/9/2P1P4/P6rP/5rNc1/7R1/2BAKAB2 w,0.81461,2976
2bakaR2/9/9/p1p5p/9/2P1P4/P6rP/5rNc1/7R1/2BAKAB2 b,-0.8037907,5548
2bakaR2/9/9/p1p5p/9/2P1P4/P3r3P/5rNc1/7R1/2BAKAB2 w,0.83094186,7816
2bakaR2/9/9/p1p5p/9/2P1P4/P3r3P/5rNc1/4A2R1/2BAK1B2 b,-0.8196672,6371
2bakaR2/9/9/p1p5p/9/2P1P4/P3r3P/5rN1c/4A2R1/2BAK1B2 w,0.85819525,7144
2bakaR2/9/9/p1p4Rp/9/2P1P4/P3r3P/5rN1c/4A4/2BAK1B2 b,-0.86796665,6479
2bakaR2/9/9/p1p4Rp/9/2P1P4/P3r3P/5rN2/4A4/2BAK1B1c w,0.878645,7897
2bakaR2/9/9/p1p4Rp/9/2P1P4/P3r3P/4BrN2/4A4/2BAK3c b,-0.8661152,202
3akaR2/9/4b4/p1p4Rp/9/2P1P4/P3r3P/4BrN2/4A4/2BAK3c w,0.90284675,573
3aka3/9/4b4/p1p3RRp/9/2P1P4/P3r3P/4BrN2/4A4/2BAK3c b,-0.88348985,6189
3aka3/9/4b4/p1p3RRp/9/2P1P4/P3r3P/4B1r2/4A4/2BAK3c w,0.889642,3039
3aka3/9/4b4/p1p4Rp/9/2P1P4/P3r3P/4B1R2/4A4/2BAK3c b,-0.885611,5269
3aka3/9/4b4/p1p4Rp/9/2P1r4/P7P/4B1R2/4A4/2BAK3c w,0.8990158,6281
3aka3/9/4b4/p1p4Rp/9/2P1r4/P7P/4B3R/4A4/2BAK3c b,-0.8945647,8098
3aka3/9/4b4/p1p4Rp/9/2P1r4/P7P/4B3R/4A4/2BAK2c1 w,0.91068554,3148
3aka3/9/4b4/p1p5p/9/2P1r4/P7P/4B3R/4A4/2BAK2R1 b,-0.9088321,4468
3aka3/9/4b4/p1p5p/9/2P6/P3r3P/4B3R/4A4/2BAK2R1 w,0.917072,6459
3aka3/9/4b4/p1p5p/9/2P6/P3r3P/4B1R2/4A4/2BAK2R1 b,-0.91931456,5282
3aka3/9/4b4/p1p5p/9/2P6/P7r/4B1R2/4A4/2BAK2R1 w,0.9238147,6117
3aka3/9/4b4/p1p5p/9/2P6/P7r/6R2/4A4/2BAK1BR1 b,-0.92064625,5634
3aka3/9/4b4/p1p5p/9/2P6/r8/6R2/4A4/2BAK1BR1 w,0.93387437,6277
3aka3/9/4b4/p1p5p/9/2P6/r8/4R4/4A4/2BAK1BR1 b,-0.9292222,4920
3aka3/9/4b4/p1p5p/9/2P6/6r2/4R4/4A4/2BAK1BR1 w,0.92779505,6052
3aka3/9/4R4/p1p5p/9/2P6/6r2/9/4A4/2BAK1BR1 b,-0.9212608,283
4ka3/4a4/4R4/p1p5p/9/2P6/6r2/9/4A4/2BAK1BR1 w,0.92611825,2011
4ka3/4a4/9/p1p1R3p/9/2P6/6r2/9/4A4/2BAK1BR1 b,-0.91836053,3194
4ka3/4a4/9/p1p1R4/8p/2P6/6r2/9/4A4/2BAK1BR1 w,0.9237949,2819
4ka3/4a4/9/p1R6/8p/2P6/6r2/9/4A4/2BAK1BR1 b,-0.9190467,4013
4ka3/4a4/9/p1R6/9/2P5p/6r2/9/4A4/2BAK1BR1 w,0.91939896,2612
2R1ka3/4a4/9/p8/9/2P5p/6r2/9/4A4/2BAK1BR1 b,-0.91649485,1173
2Raka3/9/9/p8/9/2P5p/6r2/9/4A4/2BAK1BR1 w,0.92080736,209
3aka3/9/9/p1R6/9/2P5p/6r2/9/4A4/2BAK1BR1 b,-0.91988164,4832
3aka3/9/9/p1R6/9/2P6/6r1p/9/4A4/2BAK1BR1 w,0.920405,2641
3aka3/9/9/p3R4/9/2P6/6r1p/9/4A4/2BAK1BR1 b,-0.91603583,283
4ka3/4a4/9/p3R4/9/2P6/6r1p/9/4A4/2BAK1BR1 w,0.9318616,7927
4ka1R1/4a4/9/p3R4/9/2P6/6r1p/9/4A4/2BAK1B2 b,-0.93136644,5487
4ka1R1/4a4/9/p3R4/9/2P6/8p/9/4A4/2BAK1r2 w,0.9327735,6926
4ka1R1/4a4/9/p3R4/9/2P6/8p/9/9/2BAKAr2 b,-0.92810035,7854
4ka1R1/4a4/6r2/p3R4/9/2P6/8p/9/9/2BAKA3 w,0.996621,2803
4ka1R1/4R4/6r2/p8/9/2P6/8p/9/9/2BAKA3 b,-0.9970842,363
3k1a1R1/4R4/6r2/p8/9/2P6/8p/9/9/2BAKA3 w,1,635
rnbakabnr/9/1c5c1/p1p1p1p1p/9/9/P1P1P1P1P/1C5C1/9/RNBAKABNR w,0.8017992,5827
rnbakabnr/9/1c5c1/p1p1p1p1p/9/9/P1P1P1P1P/4C2C1/9/RNBAKABNR b,-0.8017655,110
r1bakabnr/9/1cn4c1/p1p1p1p1p/9/9/P1P1P1P1P/4C2C1/9/RNBAKABNR w,0.80182016,7445
r1bakabnr/9/1cn4c1/p1p1p1p1p/9/9/P1P1P1P1P/2N1C2C1/9/R1BAKABNR b,-0.80180717,562
r1baka1nr/9/1cn1b2c1/p1p1p1p1p/9/9/P1P1P1P1P/2N1C2C1/9/R1BAKABNR w,0.8019466,7372
r1baka1nr/9/1cn1b2c1/p1p1p1p1p/9/9/P1P1P1P1P/2N1C2C1/9/1RBAKABNR b,-0.80177003,1
1rbaka1nr/9/1cn1b2c1/p1p1p1p1p/9/9/P1P1P1P1P/2N1C2C1/9/1RBAKABNR w,0.80169904,6368
1rbaka1nr/9/1cn1b2c1/p1p1p1p1p/9/9/P1P1P1P1P/2N1CC3/9/1RBAKABNR b,-0.8012789,654
1rbaka2r/9/1cn1b1nc1/p1p1p1p1p/9/9/P1P1P1P1P/2N1CC3/9/1RBAKABNR w,0.8015751,7989
1rbaka2r/9/1cn1b1nc1/p1p1p1p1p/9/9/P1P1P1P1P/2N1CCN2/9/1RBAKAB1R b,-0.8013682,3012
1rbaka2r/9/1cn1b1nc1/p1p1p3p/6p2/9/P1P1P1P1P/2N1CCN2/9/1RBAKAB1R w,0.80189395,8098
1rbaka2r/9/1cn1b1nc1/p1p1p3p/6p2/9/P1P1P1P1P/2N1CCN2/9/1RBAKABR1 b,-0.8020107,727
1rbaka1r1/9/1cn1b1nc1/p1p1p3p/6p2/9/P1P1P1P1P/2N1CCN2/9/1RBAKABR1 w,0.80251306,5087
1rbaka1r1/9/1cn1b1nc1/p1p1p3p/6p2/2P6/P3P1P1P/2N1CCN2/9/1RBAKABR1 b,-0.80212146,1765
1rbaka1r1/9/2n1b1nc1/p1p1p3p/6p2/2P6/Pc2P1P1P/2N1CCN2/9/1RBAKABR1 w,0.8047115,5898
1rbaka1r1/9/2n1b1nc1/p1p1p3p/6p2/2PN5/Pc2P1P1P/4CCN2/9/1RBAKABR1 b,-0.8064136,2311
1rbaka1r1/9/2n1b1n2/p1p1p3p/6p2/2PN5/Pc2P1PcP/4CCN2/9/1RBAKABR1 w,0.8078861,6143
1rbaka1r1/9/2n1bCn2/p1p1p3p/6p2/2PN5/Pc2P1PcP/4C1N2/9/1RBAKABR1 b,-0.80828,1986
1rbakabr1/9/2n2Cn2/p1p1p3p/6p2/2PN5/Pc2P1PcP/4C1N2/9/1RBAKABR1 w,0.81814575,4351
1rbakabr1/9/2n2Cn2/p1p1N3p/6p2/2P6/Pc2P1PcP/4C1N2/9/1RBAKABR1 b,-0.8047812,1831
1rbakabr1/9/5Cn2/p1p1n3p/6p2/2P6/Pc2P1PcP/4C1N2/9/1RBAKABR1 w,0.8049677,6061
1rbakabr1/9/5Cn2/p1p1C3p/6p2/2P6/Pc2P1PcP/6N2/9/1RBAKABR1 b,-0.79082316,109
2bakabr1/9/1r3Cn2/p1p1C3p/6p2/2P6/Pc2P1PcP/6N2/9/1RBAKABR1 w,0.80192703,2839
2bakabr1/9/1r3Cn2/p1p5p/6p2/2P1C4/Pc2P1PcP/6N2/9/1RBAKABR1 b,-0.79828125,1733
2bakabr1/9/5rn2/p1p5p/6p2/2P1C4/Pc2P1PcP/6N2/9/1RBAKABR1 w,0.8096487,7435
2bakabr1/9/5rn2/p1p5p/6p2/2P1C4/PR2P1PcP/6N2/9/2BAKABR1 b,-0.805605,2201
2bakabr1/9/5r3/p1p5p/5np2/2P1C4/PR2P1PcP/6N2/9/2BAKABR1 w,0.8137731,4987
2bakabr1/9/5r3/p1p5p/1R3np2/2P1C4/P3P1PcP/6N2/9/2BAKABR1 b,-0.8081806,3750
2bakabr1/9/5r3/p1p5p/1R4p2/2P1C4/P3P1ncP/6N2/9/2BAKABR1 w,0.81934947,3372
2bakabr1/9/5r3/p1p5p/6R2/2P1C4/P3P1ncP/6N2/9/2BAKABR1 b,-0.8053985,5449
2bakabr1/9/5r3/p1p5p/6R2/2P1n4/P3P2cP/6N2/9/2BAKABR1 w,0.8058068,5269
2bakabr1/9/5r3/p1p5p/6R2/2P1P4/P6cP/6N2/9/2BAKABR1 b,-0.7997824,5560
2bakabr1/9/5r3/p1p5p/6R2/2P1P4/P7P/6Nc1/9/2BAKABR1 w,0.8094646,7999
2bakabr1/9/5r3/p1p5p/6R2/2P1P4/P7P/6Nc1/7R1/2BAKAB2 b,-0.7984724,2138
2bakabr1/9/9/p1p5p/6R2/2P1P4/P7P/5rNc1/7R1/2BAKAB2 w,0.8113323,7897
2bakabr1/9/9/p1p5p/6R2/2P1P4/P7P/4BrNc1/7R1/2BAKA3 b,-0.8033837,562
2baka1r1/9/4b4/p1p5p/6R2/2P1P4/P7P/4BrNc1/7R1/2BAKA3 w,0.814618,3840
2baka1r1/9/4b4/p1p5p/9/2P1P4/P5R1P/4BrNc1/7R1/2BAKA3 b,-0.80412984,6170
2baka1r1/9/4b4/p1p5p/9/2P1Pr3/P5R1P/4B1Nc1/7R1/2BAKA3 w,0.82304054,5458
2baka1r1/9/4b4/p1p5p/9/2P1Pr3/P3R3P/4B1Nc1/7R1/2BAKA3 b,-0.8110425,4541
2baka1r1/9/4b4/p1p5p/5r3/2P1P4/P3R3P/4B1Nc1/7R1/2BAKA3 w,0.8212095,4450
2baka1r1/9/4b4/p1p5p/4Pr3/2P6/P3R3P/4B1Nc1/7R1/2BAKA3 b,-0.80412585,3758
2baka1r1/9/4b4/p1p5p/4P4/2P6/P3R3P/4BrNc1/7R1/2BAKA3 w,0.8192194,5280
2baka1r1/9/4b4/p1p5p/4P4/2P6/P5R1P/4BrNc1/7R1/2BAKA3 b,-0.8049202,682
2baka3/9/4b4/p1p5p/4P4/2P4r1/P5R1P/4BrNc1/7R1/2BAKA3 w,0.8347612,7636
2baka3/9/4b4/p1p5p/4P4/2P4r1/P5R1P/4BrNc1/4A2R1/2B1KA3 b,-0.81714433,6187
2baka3/9/4b4/p1p5p/4P4/2P4r1/P5R1P/4r1Nc1/4A2R1/2B1KA3 w,0.8271453,7537
2baka3/9/4b4/p1p5p/4P4/2P4r1/P5R1P/4B1Nc1/4A2R1/4KA3 b,-0.8180961,6367
2baka3/9/4b4/p1p5p/4P4/2P4r1/P5R1P/4c1N2/4A2R1/4KA3 w,0.8309707,7734
2baka3/9/4b4/p1p5p/4P4/2P4r1/P5R1P/4c1N2/4A2R1/3K1A3 b,-0.8113542,4759
2baka3/9/4b4/p1p5p/4P4/2P6/P5R1P/4c1N2/4A2r1/3K1A3 w,0.8224321,5458
2baka3/9/4b4/p1p5p/4P4/2P6/P3R3P/4c1N2/4A2r1/3K1A3 b,-0.80228204,6093
2baka3/9/4b4/p1p5p/4P4/2P6/P3R3P/c5N2/4A2r1/3K1A3 w,0.80772,3631
2baka3/9/4b4/p1p1P3p/9/2P6/P3R3P/c5N2/4A2r1/3K1A3 b,-0.79306585,7153
2baka3/9/4b4/p1p1P3p/7r1/2P6/P3R3P/c5N2/4A4/3K1A3 w,0.7971533,2812
2baka3/9/4P4/p1p5p/7r1/2P6/P3R3P/c5N2/4A4/3K1A3 b,-0.79046375,3909
2baka3/9/4P4/p1p5p/3r5/2P6/P3R3P/c5N2/4A4/3K1A3 w,0.79654026,7645
2baka3/9/4P4/p1p5p/3r5/2P6/P3R3P/c5N2/4A4/4KA3 b,-0.7885832,202
3aka3/9/4b4/p1p5p/3r5/2P6/P3R3P/c5N2/4A4/4KA3 w,0.7983478,6260
3aka3/9/4b4/p1p5p/3r5/2P2N3/P3R3P/c8/4A4/4KA3 b,-0.7715638,5741
3aka3/9/4b4/p1p5p/3r5/2P2N3/P3R3P/8c/4A4/4KA3 w,0.8044913,6924
3aka3/9/4b4/p1p5p/3r5/2P2N3/P3R3P/8c/9/3AKA3 b,-0.7835802,3551
3aka3/9/4b4/p1p5p/5r3/2P2N3/P3R3P/8c/9/3AKA3 w,0.8003967,4557
3aka3/9/4b4/p1p5p/5r3/2P6/P2NR3P/8c/9/3AKA3 b,-0.7876922,3713
3aka3/9/4br3/p1p5p/9/2P6/P2NR3P/8c/9/3AKA3 w,0.81309897,5170
3aka3/9/4br3/p1p5p/4N4/2P6/P3R3P/8c/9/3AKA3 b,-0.804561,2095
3aka3/9/4b2r1/p1p5p/4N4/2P6/P3R3P/8c/9/3AKA3 w,0.8149425,3629
3aka3/9/4b2r1/p1N5p/9/2P6/P3R3P/8c/9/3AKA3 b,-0.81294626,6479
3aka3/9/4b2r1/p1N5p/9/2P6/P3R3P/9/9/3AKA2c w,0.80997765,7726
3aka3/9/4b2r1/p1N5p/9/2P6/P3R3P/9/4K4/3A1A2c b,-0.80794823,2329
3aka3/9/4b4/p1N5p/9/2P6/P3R3P/9/4K2r1/3A1A2c w,0.8070568,6907
3aka3/9/4b4/p1N5p/9/2P6/P3R3P/4K4/7r1/3A1A2c b,-0.8000993,8094
3aka3/9/4b4/p1N5p/9/2P6/P3R3P/4K4/7r1/3c1A3 w,0.8231579,2632
3aka3/9/4N4/p7p/9/2P6/P3R3P/4K4/7r1/3c1A3 b,-0.82133394,463
3ak4/4a4/4N4/p7p/9/2P6/P3R3P/4K4/7r1/3c1A3 w,0.97969973,1995
3ak4/4a1N2/9/p7p/9/2P6/P3R3P/4K4/7r1/3c1A3 b,-0.9820046,365
3a1k3/4a1N2/9/p7p/9/2P6/P3R3P/4K4/7r1/3c1A3 w,0.990914,5279
3a1k3/4a1N2/9/p7p/9/2P6/P4R2P/4K4/7r1/3c1A3 b,-0.99175453,1193
3a1k3/6N2/5a3/p7p/9/2P6/P4R2P/4K4/7r1/3c1A3 w,1,5333
rnbakabnr/9/1c5c1/p1p1p1p1p/9/9/P1P1P1P1P/1C5C1/9/RNBAKABNR w,0.80182725,5827
rnbakabnr/9/1c5c1/p1p1p1p1p/9/9/P1P1P1P1P/4C2C1/9/RNBAKABNR b,-0.80177987,110
r1bakabnr/9/1cn4c1/p1p1p1p1p/9/9/P1P1P1P1P/4C2C1/9/RNBAKABNR w,0.80183583,7445
r1bakabnr/9/1cn4c1/p1p1p1p1p/9/9/P1P1P1P1P/2N1C2C1/9/R1BAKABNR b,-0.80180717,562
r1baka1nr/9/1cn1b2c1/p1p1p1p1p/9/9/P1P1P1P1P/2N1C2C1/9/R1BAKABNR w,0.801942,7372
r1baka1nr/9/1cn1b2c1/p1p1p1p1p/9/9/P1P1P1P1P/2N1C2C1/9/1RBAKABNR b,-0.80176973,1
1rbaka1nr/9/1cn1b2c1/p1p1p1p1p/9/9/P1P1P1P1P/2N1C2C1/9/1RBAKABNR w,0.8017164,6368
1rbaka1nr/9/1cn1b2c1/p1p1p1p1p/9/9/P1P1P1P1P/2N1CC3/9/1RBAKABNR b,-0.80128574,654
1rbaka2r/9/1cn1b1nc1/p1p1p1p1p/9/9/P1P1P1P1P/2N1CC3/9/1RBAKABNR w,0.8015431,7989
1rbaka2r/9/1cn1b1nc1/p1p1p1p1p/9/9/P1P1P1P1P/2N1CCN2/9/1RBAKAB1R b,-0.8015674,3012
1rbaka2r/9/1cn1b1nc1/p1p1p3p/6p2/9/P1P1P1P1P/2N1CCN2/9/1RBAKAB1R w,0.8018474,8098
1rbaka2r/9/1cn1b1nc1/p1p1p3p/6p2/9/P1P1P1P1P/2N1CCN2/9/1RBAKABR1 b,-0.8019926,727
1rbaka1r1/9/1cn1b1nc1/p1p1p3p/6p2/9/P1P1P1P1P/2N1CCN2/9/1RBAKABR1 w,0.80255455,5087
1rbaka1r1/9/1cn1b1nc1/p1p1p3p/6p2/2P6/P3P1P1P/2N1CCN2/9/1RBAKABR1 b,-0.80212146,1765
1rbaka1r1/9/2n1b1nc1/p1p1p3p/6p2/2P6/Pc2P1P1P/2N1CCN2/9/1RBAKABR1 w,0.8050814,5898
1rbaka1r1/9/2n1b1nc1/p1p1p3p/6p2/2PN5/Pc2P1P1P/4CCN2/9/1RBAKABR1 b,-0.8063819,2311
1rbaka1r1/9/2n1b1n2/p1p1p3p/6p2/2PN5/Pc2P1PcP/4CCN2/9/1RBAKABR1 w,0.8079284,6143
1rbaka1r1/9/2n1bCn2/p1p1p3p/6p2/2PN5/Pc2P1PcP/4C1N2/9/1RBAKABR1 b,-0.8088873,1986
1rbakabr1/9/2n2Cn2/p1p1p3p/6p2/2PN5/Pc2P1PcP/4C1N2/9/1RBAKABR1 w,0.8172408,4351
1rbakabr1/9/2n2Cn2/p1p1N3p/6p2/2P6/Pc2P1PcP/4C1N2/9/1RBAKABR1 b,-0.8048105,1831
1rbakabr1/9/5Cn2/p1p1n3p/6p2/2P6/Pc2P1PcP/4C1N2/9/1RBAKABR1 w,0.80500495,6061
1rbakabr1/9/5Cn2/p1p1C3p/6p2/2P6/Pc2P1PcP/6N2/9/1RBAKABR1 b,-0.790517,109
2bakabr1/9/1r3Cn2/p1p1C3p/6p2/2P6/Pc2P1PcP/6N2/9/1RBAKABR1 w,0.80192703,2839
2bakabr1/9/1r3Cn2/p1p5p/6p2/2P1C4/Pc2P1PcP/6N2/9/1RBAKABR1 b,-0.7982247,1733
2bakabr1/9/5rn2/p1p5p/6p2/2P1C4/Pc2P1PcP/6N2/9/1RBAKABR1 w,0.80963963,7435
2bakabr1/9/5rn2/p1p5p/6p2/2P1C4/PR2P1PcP/6N2/9/2BAKABR1 b,-0.80789757,2129
2bakabr1/9/6n2/p1p5p/6p2/2P1C4/PR2PrPcP/6N2/9/2BAKABR1 w,0.8147095,4987
2bakabr1/9/6n2/p1p5p/1R4p2/2P1C4/P3PrPcP/6N2/9/2BAKABR1 b,-0.80421466,2201
2bakabr1/9/9/p1p5p/1R3np2/2P1C4/P3PrPcP/6N2/9/2BAKABR1 w,0.8223198,7816
2bakabr1/9/9/p1p5p/1R3np2/2P1C4/P3PrPcP/6N2/4A4/2BAK1BR1 b,-0.8102489,3748
2bakabr1/9/9/p1p5p/1R4p2/2P1C4/P3nrPcP/6N2/4A4/2BAK1BR1 w,0.82396823,7897
2bakabr1/9/9/p1p5p/1R4p2/2P1C4/P3nrPcP/4B1N2/4A4/2BAK2R1 b,-0.8100634,5370
2bakabr1/9/9/p1p5p/1R4p2/2P1C4/P3n1rcP/4B1N2/4A4/2BAK2R1 w,0.8123444,3370
2bakabr1/9/9/p1p5p/4R1p2/2P1C4/P3n1rcP/4B1N2/4A4/2BAK2R1 b,-0.80961746,562
2baka1r1/9/4b4/p1p5p/4R1p2/2P1C4/P3n1rcP/4B1N2/4A4/2BAK2R1 w,0.8147364,6268
2baka1r1/9/4b4/p1p5p/4R1p2/2P1C4/P3N1rcP/4B4/4A4/2BAK2R1 b,-0.8048779,5458
2baka1r1/9/4b4/p1p5p/4R1p2/2P1C4/P3r2cP/4B4/4A4/2BAK2R1 w,0.8206838,3622
2baka1r1/9/4R4/p1p5p/6p2/2P1C4/P3r2cP/4B4/4A4/2BAK2R1 b,-0.8408911,463
2bak2r1/4a4/4R4/p1p5p/6p2/2P1C4/P3r2cP/4B4/4A4/2BAK2R1 w,0.9201443,2005
2bak2r1/4a4/7R1/p1p5p/6p2/2P1C4/P3r2cP/4B4/4A4/2BAK2R1 b,-0.91507393,1175
2baka1r1/9/7R1/p1p5p/6p2/2P1C4/P3r2cP/4B4/4A4/2BAK2R1 w,0.9159849,2257
2baka1R1/9/9/p1p5p/6p2/2P1C4/P3r2cP/4B4/4A4/2BAK2R1 b,-0.9082657,5544
2baka1R1/9/9/p1p5p/6p2/2P1C4/c3r3P/4B4/4A4/2BAK2R1 w,0.9202657,4460
2baka1R1/9/9/p1p5p/6p2/2P2C3/c3r3P/4B4/4A4/2BAK2R1 b,-0.91000205,3831
2baka1R1/9/9/p1p5p/9/2P2Cp2/c3r3P/4B4/4A4/2BAK2R1 w,0.9180202,6081
2baka1R1/9/9/p1p5p/9/2P2CB2/c3r3P/9/4A4/2BAK2R1 b,-0.9048689,4941
2baka1R1/9/9/p1p5p/9/2P2CB2/4r3P/9/4A4/c1BAK2R1 w,0.921562,7954
2baka1R1/9/9/p1p4Rp/9/2P2CB2/4r3P/9/4A4/c1BAK4 b,-0.89191085,5296
2baka1R1/9/9/p1p4Rp/9/2P2CB2/8P/9/4r4/c1BAK4 w,0.8949184,7736
2baka1R1/9/9/p1p4Rp/9/2P2CB2/8P/9/4r4/c1BA1K3 b,-0.883265,6898
2baka1R1/9/9/p1p4Rp/9/2P2CB2/4r3P/9/9/c1BA1K3 w,0.8979715,4568
2baka1R1/9/9/p1p4Rp/9/2P3B2/4r3P/5C3/9/c1BA1K3 b,-0.8894094,5279
2baka1R1/9/9/p1p4Rp/9/2P3B2/5r2P/5C3/9/c1BA1K3 w,0.9006739,7817
2baka1R1/9/9/p1p4Rp/9/2P3B2/5r2P/5C3/5K3/c1BA5 b,-0.88776153,7335
2baka1R1/9/9/p1p4Rp/9/c1P3B2/5r2P/5C3/5K3/2BA5 w,0.917915,3089
2baka1R1/9/9/p1R5p/9/c1P3B2/5r2P/5C3/5K3/2BA5 b,-0.9147492,4101
2baka1R1/9/9/p1R5p/9/2P3c2/5r2P/5C3/5K3/2BA5 w,0.91465867,7636
2baka1R1/9/9/p1R5p/9/2P3c2/5r2P/5C3/4AK3/2B6 b,-0.91370755,4640
2baka1R1/9/9/p1R5p/9/2P2c3/5r2P/5C3/4AK3/2B6 w,0.91683114,2612
2Raka1R1/9/9/p7p/9/2P2c3/5r2P/5C3/4AK3/2B6 b,-0.91249096,4568
2Raka1R1/9/9/p7p/9/2P6/5r2P/5c3/4AK3/2B6 w,0.92224765,6908
2Raka1R1/9/9/p7p/9/2P6/5r2P/5A3/5K3/2B6 b,-0.91795665,5372
2Raka1R1/9/9/p7p/9/2P6/8r/5A3/5K3/2B6 w,0.91710705,209
3aka1R1/9/9/p1R5p/9/2P6/8r/5A3/5K3/2B6 b,-0.91171765,5660
3aka1R1/9/9/p1R5p/9/2P6/9/5A3/5K2r/2B6 w,0.90949947,7016
3aka1R1/9/9/p1R5p/9/2P6/9/5A3/8r/2B2K3 b,-0.9118299,7289
3aka1R1/9/9/p1R5p/9/2P6/9/5A3/9/2B2K2r w,0.9163567,7817
3aka1R1/9/9/p1R5p/9/2P6/9/5A3/5K3/2B5r b,-0.90311027,8093
3aka1R1/9/9/p1R5p/9/2P6/9/5A3/5K3/2r6 w,0.94701236,6196
3aka1R1/9/9/p1R5p/9/2P6/9/9/4AK3/2r6 b,-0.9427209,7526
3aka1R1/9/9/p1R5p/9/2P6/2r6/9/4AK3/9 w,0.96969056,635
3akR3/9/9/p1R5p/9/2P6/2r6/9/4AK3/9 b,-0.97573715,373
3a1R3/4k4/9/p1R5p/9/2P6/2r6/9/4AK3/9 w,0.9670212,482
3a5/4k4/9/p1R2R2p/9/2P6/2r6/9/4AK3/9 b,-0.9629844,2466
3a5/4k4/9/2R2R2p/p8/2P6/2r6/9/4AK3/9 w,0.99217314,2621
3a5/2R1k4/9/5R2p/p8/2P6/2r6/9/4AK3/9 b,-0.9955753,1174
3ak4/2R6/9/5R2p/p8/2P6/2r6/9/4AK3/9 w,1,2885
rnbakabnr/9/1c5c1/p1p1p1p1p/9/9/P1P1P1P1P/1C5C1/9/RNBAKABNR w,0.8018093,5827
rnbakabnr/9/1c5c1/p1p1p1p1p/9/9/P1P1P1P1P/4C2C1/9/RNBAKABNR b,-0.80176777,110
r1bakabnr/9/1cn4c1/p1p1p1p1p/9/9/P1P1P1P1P/4C2C1/9/RNBAKABNR w,0.80183583,7445
r1bakabnr/9/1cn4c1/p1p1p1p1p/9/9/P1P1P1P1P/2N1C2C1/9/R1BAKABNR b,-0.80180895,562
r1baka1nr/9/1cn1b2c1/p1p1p1p1p/9/9/P1P1P1P1P/2N1C2C1/9/R1BAKABNR w,0.8019352,7372
r1baka1nr/9/1cn1b2c1/p1p1p1p1p/9/9/P1P1P1P1P/2N1C2C1/9/1RBAKABNR b,-0.80177104,1
1rbaka1nr/9/1cn1b2c1/p1p1p1p1p/9/9/P1P1P1P1P/2N1C2C1/9/1RBAKABNR w,0.8017013,6368
1rbaka1nr/9/1cn1b2c1/p1p1p1p1p/9/9/P1P1P1P1P/2N1CC3/9/1RBAKABNR b,-0.80128574,654
1rbaka2r/9/1cn1b1nc1/p1p1p1p1p/9/9/P1P1P1P1P/2N1CC3/9/1RBAKABNR w,0.8016004,7989
1rbaka2r/9/1cn1b1nc1/p1p1p1p1p/9/9/P1P1P1P1P/2N1CCN2/9/1RBAKAB1R b,-0.8013484,3012
1rbaka2r/9/1cn1b1nc1/p1p1p3p/6p2/9/P1P1P1P1P/2N1CCN2/9/1RBAKAB1R w,0.80187565,8098
1rbaka2r/9/1cn1b1nc1/p1p1p3p/6p2/9/P1P1P1P1P/2N1CCN2/9/1RBAKABR1 b,-0.80202645,727
1rbaka1r1/9/1cn1b1nc1/p1p1p3p/6p2/9/P1P1P1P1P/2N1CCN2/9/1RBAKABR1 w,0.80279785,5087
1rbaka1r1/9/1cn1b1nc1/p1p1p3p/6p2/2P6/P3P1P1P/2N1CCN2/9/1RBAKABR1 b,-0.80212146,1765
1rbaka1r1/9/2n1b1nc1/p1p1p3p/6p2/2P6/Pc2P1P1P/2N1CCN2/9/1RBAKABR1 w,0.80514246,5898
1rbaka1r1/9/2n1b1nc1/p1p1p3p/6p2/2PN5/Pc2P1P1P/4CCN2/9/1RBAKABR1 b,-0.80646557,2311
1rbaka1r1/9/2n1b1n2/p1p1p3p/6p2/2PN5/Pc2P1PcP/4CCN2/9/1RBAKABR1 w,0.8078861,6143
1rbaka1r1/9/2n1bCn2/p1p1p3p/6p2/2PN5/Pc2P1PcP/4C1N2/9/1RBAKABR1 b,-0.8084572,1986
1rbakabr1/9/2n2Cn2/p1p1p3p/6p2/2PN5/Pc2P1PcP/4C1N2/9/1RBAKABR1 w,0.81814575,4351
1rbakabr1/9/2n2Cn2/p1p1N3p/6p2/2P6/Pc2P1PcP/4C1N2/9/1RBAKABR1 b,-0.8047562,1831
1rbakabr1/9/5Cn2/p1p1n3p/6p2/2P6/Pc2P1PcP/4C1N2/9/1RBAKABR1 w,0.8055411,6061
1rbakabr1/9/5Cn2/p1p1C3p/6p2/2P6/Pc2P1PcP/6N2/9/1RBAKABR1 b,-0.79098004,109
2bakabr1/9/1r3Cn2/p1p1C3p/6p2/2P6/Pc2P1PcP/6N2/9/1RBAKABR1 w,0.8018251,2839
2bakabr1/9/1r3Cn2/p1p5p/6p2/2P1C4/Pc2P1PcP/6N2/9/1RBAKABR1 b,-0.79882264,1733
2bakabr1/9/5rn2/p1p5p/6p2/2P1C4/Pc2P1PcP/6N2/9/1RBAKABR1 w,0.80969197,7435
2bakabr1/9/5rn2/p1p5p/6p2/2P1C4/PR2P1PcP/6N2/9/2BAKABR1 b,-0.80557835,2201
2bakabr1/9/5r3/p1p5p/5np2/2P1C4/PR2P1PcP/6N2/9/2BAKABR1 w,0.8140809,4987
2bakabr1/9/5r3/p1p5p/1R3np2/2P1C4/P3P1PcP/6N2/9/2BAKABR1 b,-0.80826044,3750
2bakabr1/9/5r3/p1p5p/1R4p2/2P1C4/P3P1ncP/6N2/9/2BAKABR1 w,0.8199218,3372
2bakabr1/9/5r3/p1p5p/6R2/2P1C4/P3P1ncP/6N2/9/2BAKABR1 b,-0.80542547,5449
2bakabr1/9/5r3/p1p5p/6R2/2P1n4/P3P2cP/6N2/9/2BAKABR1 w,0.80596364,5269
2bakabr1/9/5r3/p1p5p/6R2/2P1P4/P6cP/6N2/9/2BAKABR1 b,-0.7998446,5560
2bakabr1/9/5r3/p1p5p/6R2/2P1P4/P7P/6Nc1/9/2BAKABR1 w,0.80968297,7999
2bakabr1/9/5r3/p1p5p/6R2/2P1P4/P7P/6Nc1/7R1/2BAKAB2 b,-0.7982415,2138
2bakabr1/9/9/p1p5p/6R2/2P1P4/P7P/5rNc1/7R1/2BAKAB2 w,0.80050504,3813
2bakabr1/9/9/p1p3R1p/9/2P1P4/P7P/5rNc1/7R1/2BAKAB2 b,-0.8004975,691
2bakab2/9/9/p1p3R1p/9/2P1P4/P6rP/5rNc1/7R1/2BAKAB2 w,0.8151048,2976
2bakaR2/9/9/p1p5p/9/2P1P4/P6rP/5rNc1/7R1/2BAKAB2 b,-0.8037907,5548
2bakaR2/9/9/p1p5p/9/2P1P4/P3r3P/5rNc1/7R1/2BAKAB2 w,0.8332538,7816
2bakaR2/9/9/p1p5p/9/2P1P4/P3r3P/5rNc1/4A2R1/2BAK1B2 b,-0.8203945,6371
2bakaR2/9/9/p1p5p/9/2P1P4/P3r3P/5rN1c/4A2R1/2BAK1B2 w,0.87809974,7897
2bakaR2/9/9/p1p5p/9/2P1P4/P3r3P/4BrN1c/4A2R1/2BAK4 b,-0.87205046,202
3akaR2/9/4b4/p1p5p/9/2P1P4/P3r3P/4BrN1c/4A2R1/2BAK4 w,0.8958221,564
3aka3/9/4b1R2/p1p5p/9/2P1P4/P3r3P/4BrN1c/4A2R1/2BAK4 b,-0.8819736,6189
3aka3/9/4b1R2/p1p5p/9/2P1P4/P3r3P/4B1r1c/4A2R1/2BAK4 w,0.88923556,2229
3aka3/9/4b4/p1p5p/9/2P1P4/P3r3P/4B1R1c/4A2R1/2BAK4 b,-0.88254255,6479
3aka3/9/4b4/p1p5p/9/2P1P4/P3r3P/4B1R2/4A2R1/2BAK3c w,0.8903815,7135
3aka3/9/4b2R1/p1p5p/9/2P1P4/P3r3P/4B1R2/4A4/2BAK3c b,-0.8785999,5269
3aka3/9/4b2R1/p1p5p/9/2P1r4/P7P/4B1R2/4A4/2BAK3c w,0.8944764,6281
3aka3/9/4b2R1/p1p5p/9/2P1r4/P7P/4B3R/4A4/2BAK3c b,-0.89231116,8098
3aka3/9/4b2R1/p1p5p/9/2P1r4/P7P/4B3R/4A4/2BAK2c1 w,0.91072404,2338
3aka3/9/4b4/p1p5p/9/2P1r4/P7P/4B3R/4A4/2BAK2R1 b,-0.9075559,4468
3aka3/9/4b4/p1p5p/9/2P6/P3r3P/4B3R/4A4/2BAK2R1 w,0.9174289,6459
3aka3/9/4b4/p1p5p/9/2P6/P3r3P/4B1R2/4A4/2BAK2R1 b,-0.9192168,5282
3aka3/9/4b4/p1p5p/9/2P6/P7r/4B1R2/4A4/2BAK2R1 w,0.92378634,6117
3aka3/9/4b4/p1p5p/9/2P6/P7r/6R2/4A4/2BAK1BR1 b,-0.9208532,5634
3aka3/9/4b4/p1p5p/9/2P6/r8/6R2/4A4/2BAK1BR1 w,0.93432856,6277
3aka3/9/4b4/p1p5p/9/2P6/r8/4R4/4A4/2BAK1BR1 b,-0.929538,4920
3aka3/9/4b4/p1p5p/9/2P6/6r2/4R4/4A4/2BAK1BR1 w,0.9278494,6052
3aka3/9/4R4/p1p5p/9/2P6/6r2/9/4A4/2BAK1BR1 b,-0.92131627,283
4ka3/4a4/4R4/p1p5p/9/2P6/6r2/9/4A4/2BAK1BR1 w,0.9257761,2011
4ka3/4a4/9/p1p1R3p/9/2P6/6r2/9/4A4/2BAK1BR1 b,-0.9190994,5442
4ka3/4a4/9/p1p1R3p/6r2/2P6/9/9/4A4/2BAK1BR1 w,0.92041564,2819
4ka3/4a4/9/p1R5p/6r2/2P6/9/9/4A4/2BAK1BR1 b,-0.9216849,2466
4ka3/4a4/9/2R5p/p5r2/2P6/9/9/4A4/2BAK1BR1 w,0.9376563,7927
4ka1R1/4a4/9/2R5p/p5r2/2P6/9/9/4A4/2BAK1B2 b,-0.95365787,3867
4ka1R1/4a4/9/2R5p/p8/2P6/9/9/4A4/2BAK1r2 w,0.9626372,6926
4ka1R1/4a4/9/2R5p/p8/2P6/9/9/9/2BAKAr2 b,-0.9437075,7916
4ka1R1/4a4/9/2R5p/p8/2P6/9/9/9/2BAKr3 w,0.9707264,7736
4ka1R1/4a4/9/2R5p/p8/2P6/9/9/9/2BA1K3 b,-0.9670661,3285
4ka1R1/4a4/9/2R5p/9/p1P6/9/9/9/2BA1K3 w,0.9384032,2612
2R1ka1R1/4a4/9/8p/9/p1P6/9/9/9/2BA1K3 b,-0.9735111,1173
2Raka1R1/9/9/8p/9/p1P6/9/9/9/2BA1K3 w,0.9757467,655
2Raka3/9/7R1/8p/9/p1P6/9/9/9/2BA1K3 b,-0.9747009,4104
2Raka3/9/7R1/8p/9/2P6/p8/9/9/2BA1K3 w,0.9735359,2272
2Raka3/9/4R4/8p/9/2P6/p8/9/9/2BA1K3 b,-0.9841006,463
2Rak4/4a4/4R4/8p/9/2P6/p8/9/9/2BA1K3 w,0.99395144,7825
2Rak4/4a4/4R4/8p/9/2P6/p8/9/9/2BAK4 b,-0.9930209,365
2Ra1k3/4a4/4R4/8p/9/2P6/p8/9/9/2BAK4 w,0.9985518,1993
2Ra1k3/4R4/9/8p/9/2P6/p8/9/9/2BAK4 b,-0.9959325,3194
2Ra1k3/4R4/9/9/8p/2P6/p8/9/9/2BAK4 w,1,183
rnbakabnr/9/1c5c1/p1p1p1p1p/9/9/P1P1P1P1P/1C5C1/9/RNBAKABNR w,0.8018177,5827
rnbakabnr/9/1c5c1/p1p1p1p1p/9/9/P1P1P1P1P/4C2C1/9/RNBAKABNR b,-0.80176365,110
r1bakabnr/9/1cn4c1/p1p1p1p1p/9/9/P1P1P1P1P/4C2C1/9/RNBAKABNR w,0.80182016,7445
r1bakabnr/9/1cn4c1/p1p1p1p1p/9/9/P1P1P1P1P/2N1C2C1/9/R1BAKABNR b,-0.80180717,562
r1baka1nr/9/1cn1b2c1/p1p1p1p1p/9/9/P1P1P1P1P/2N1C2C1/9/R1BAKABNR w,0.8019466,7372
r1baka1nr/9/1cn1b2c1/p1p1p1p1p/9/9/P1P1P1P1P/2N1C2C1/9/1RBAKABNR b,-0.8017815,1
1rbaka1nr/9/1cn1b2c1/p1p1p1p1p/9/9/P1P1P1P1P/2N1C2C1/9/1RBAKABNR w,0.8017126,6368
1rbaka1nr/9/1cn1b2c1/p1p1p1p1p/9/9/P1P1P1P1P/2N1CC3/9/1RBAKABNR b,-0.8012789,654
1rbaka2r/9/1cn1b1nc1/p1p1p1p1p/9/9/P1P1P1P1P/2N1CC3/9/1RBAKABNR w,0.8015824,7989
1rbaka2r/9/1cn1b1nc1/p1p1p1p1p/9/9/P1P1P1P1P/2N1CCN2/9/1RBAKAB1R b,-0.8013484,3012
1rbaka2r/9/1cn1b1nc1/p1p1p3p/6p2/9/P1P1P1P1P/2N1CCN2/9/1RBAKAB1R w,0.8018723,8098
1rbaka2r/9/1cn1b1nc1/p1p1p3p/6p2/9/P1P1P1P1P/2N1CCN2/9/1RBAKABR1 b,-0.80200636,727
1rbaka1r1/9/1cn1b1nc1/p1p1p3p/6p2/9/P1P1P1P1P/2N1CCN2/9/1RBAKABR1 w,0.80251306,5087
1rbaka1r1/9/1cn1b1nc1/p1p1p3p/6p2/2P6/P3P1P1P/2N1CCN2/9/1RBAKABR1 b,-0.8022274,1765
1rbaka1r1/9/2n1b1nc1/p1p1p3p/6p2/2P6/Pc2P1P1P/2N1CCN2/9/1RBAKABR1 w,0.80470604,5898
1rbaka1r1/9/2n1b1nc1/p1p1p3p/6p2/2PN5/Pc2P1P1P/4CCN2/9/1RBAKABR1 b,-0.8064136,2311
1rbaka1r1/9/2n1b1n2/p1p1p3p/6p2/2PN5/Pc2P1PcP/4CCN2/9/1RBAKABR1 w,0.80765414,6143
1rbaka1r1/9/2n1bCn2/p1p1p3p/6p2/2PN5/Pc2P1PcP/4C1N2/9/1RBAKABR1 b,-0.80890244,1986
1rbakabr1/9/2n2Cn2/p1p1p3p/6p2/2PN5/Pc2P1PcP/4C1N2/9/1RBAKABR1 w,0.8186005,4351
1rbakabr1/9/2n2Cn2/p1p1N3p/6p2/2P6/Pc2P1PcP/4C1N2/9/1RBAKABR1 b,-0.8048105,1831
1rbakabr1/9/5Cn2/p1p1n3p/6p2/2P6/Pc2P1PcP/4C1N2/9/1RBAKABR1 w,0.805125,6061
1rbakabr1/9/5Cn2/p1p1C3p/6p2/2P6/Pc2P1PcP/6N2/9/1RBAKABR1 b,-0.79098004,109
2bakabr1/9/1r3Cn2/p1p1C3p/6p2/2P6/Pc2P1PcP/6N2/9/1RBAKABR1 w,0.8022862,2839
2bakabr1/9/1r3Cn2/p1p5p/6p2/2P1C4/Pc2P1PcP/6N2/9/1RBAKABR1 b,-0.7983722,1733
2bakabr1/9/5rn2/p1p5p/6p2/2P1C4/Pc2P1PcP/6N2/9/1RBAKABR1 w,0.8096315,7435
2bakabr1/9/5rn2/p1p5p/6p2/2P1C4/PR2P1PcP/6N2/9/2BAKABR1 b,-0.8065044,2201
2bakabr1/9/5r3/p1p5p/5np2/2P1C4/PR2P1PcP/6N2/9/2BAKABR1 w,0.81348425,4987
2bakabr1/9/5r3/p1p5p/1R3np2/2P1C4/P3P1PcP/6N2/9/2BAKABR1 b,-0.8082788,3750
2bakabr1/9/5r3/p1p5p/1R4p2/2P1C4/P3P1ncP/6N2/9/2BAKABR1 w,0.8192688,3372
2bakabr1/9/5r3/p1p5p/6R2/2P1C4/P3P1ncP/6N2/9/2BAKABR1 b,-0.80544937,5449
2bakabr1/9/5r3/p1p5p/6R2/2P1n4/P3P2cP/6N2/9/2BAKABR1 w,0.8058394,5269
2bakabr1/9/5r3/p1p5p/6R2/2P1P4/P6cP/6N2/9/2BAKABR1 b,-0.7993236,5560
2bakabr1/9/5r3/p1p5p/6R2/2P1P4/P7P/6Nc1/9/2BAKABR1 w,0.80968297,7999
2bakabr1/9/5r3/p1p5p/6R2/2P1P4/P7P/6Nc1/7R1/2BAKAB2 b,-0.7986315,2138
2bakabr1/9/9/p1p5p/6R2/2P1P4/P7P/5rNc1/7R1/2BAKAB2 w,0.80029345,3813
2bakabr1/9/9/p1p3R1p/9/2P1P4/P7P/5rNc1/7R1/2BAKAB2 b,-0.8004975,691
2bakab2/9/9/p1p3R1p/9/2P1P4/P6rP/5rNc1/7R1/2BAKAB2 w,0.81461,2976
2bakaR2/9/9/p1p5p/9/2P1P4/P6rP/5rNc1/7R1/2BAKAB2 b,-0.80372053,5548
2bakaR2/9/9/p1p5p/9/2P1P4/P3r3P/5rNc1/7R1/2BAKAB2 w,0.82595086,7636
2bakaR2/9/9/p1p5p/9/2P1P4/P3r3P/5rNc1/4A2R1/2B1KAB2 b,-0.81541157,6361
2bakaR2/9/9/p1p5p/9/2P1P4/P3r2cP/5rN2/4A2R1/2B1KAB2 w,0.86277497,7171
2bakaR2/9/9/p1p5p/9/2P1P4/P3r2RP/5rN2/4A4/2B1KAB2 b,-0.8533866,5281
2bakaR2/9/9/p1p5p/9/2P1P4/P6rP/5rN2/4A4/2B1KAB2 w,0.86073655,6908
2bakaR2/9/9/p1p5p/9/2P1P4/P6rP/5AN2/9/2B1KAB2 b,-0.85108286,5544
2bakaR2/9/9/p1p5p/9/2P1P4/r7P/5AN2/9/2B1KAB2 w,0.861473,6260
2bakaR2/9/9/p1p5p/9/2P1PN3/r7P/5A3/9/2B1KAB2 b,-0.857669,4922
2bakaR2/9/9/p1p5p/9/2P1PN3/8r/5A3/9/2B1KAB2 w,0.8677923,4543
2bakaR2/9/9/p1p5p/7N1/2P1P4/8r/5A3/9/2B1KAB2 b,-0.85698915,5638
2bakaR2/9/9/p1p5p/7N1/2P1P4/4r4/5A3/9/2B1KAB2 w,0.85475737,6196
2bakaR2/9/9/p1p5p/7N1/2P1P4/4r4/9/4A4/2B1KAB2 b,-0.84294,5269
2bakaR2/9/9/p1p5p/7N1/2P1r4/9/9/4A4/2B1KAB2 w,0.84727573,3902
2bakaR2/9/9/p1p2N2p/9/2P1r4/9/9/4A4/2B1KAB2 b,-0.8485496,4457
2bakaR2/9/9/p1p2N2p/9/2r6/9/9/4A4/2B1KAB2 w,0.86772996,7897
2bakaR2/9/9/p1p2N2p/9/2r6/9/4B4/4A4/2B1KA3 b,-0.865809,4280
2bakaR2/9/9/p1p2N2p/9/5r3/9/4B4/4A4/2B1KA3 w,0.86460686,2901
2bakaR2/9/3N5/p1p5p/9/5r3/9/4B4/4A4/2B1KA3 b,-0.8648111,373
2ba1aR2/4k4/3N5/p1p5p/9/5r3/9/4B4/4A4/2B1KA3 w,0.86637014,555
2ba1a3/4k1R2/3N5/p1p5p/9/5r3/9/4B4/4A4/2B1KA3 b,-0.8646687,1192
2ba1a3/6R2/3Nk4/p1p5p/9/5r3/9/4B4/4A4/2B1KA3 w,0.8718461,1900
2ba1a3/1N4R2/4k4/p1p5p/9/5r3/9/4B4/4A4/2B1KA3 b,-0.85949457,4548
2ba1a3/1N4R2/4k4/p1p5p/9/3r5/9/4B4/4A4/2B1KA3 w,0.8599702,929
2ba1a3/6R2/4k4/p1N5p/9/3r5/9/4B4/4A4/2B1KA3 b,-0.8650761,4350
2ba1a3/6R2/4k4/p1Nr4p/9/9/9/4B4/4A4/2B1KA3 w,0.8750505,2622
2ba1a3/3N2R2/4k4/p2r4p/9/9/9/4B4/4A4/2B1KA3 b,-0.8584149,2732
2ba1a3/3N2R2/4k4/p4r2p/9/9/9/4B4/4A4/2B1KA3 w,0.86746514,6117
2ba1a3/3N2R2/4k4/p4r2p/9/9/9/9/4A4/2B1KAB2 b,-0.8518826,2001
2ba1a3/3N2R2/3k5/p4r2p/9/9/9/9/4A4/2B1KAB2 w,0.85993296,1099
2ba1a3/6R2/1N1k5/p4r2p/9/9/9/9/4A4/2B1KAB2 b,-0.85560536,2908
2ba1a3/6R2/1N1k5/pr6p/9/9/9/9/4A4/2B1KAB2 w,0.87138414,1374
2ba1a3/9/1N1k2R2/pr6p/9/9/9/9/4A4/2B1KAB2 b,-0.8721023,202
3a1a3/9/1N1kb1R2/pr6p/9/9/9/9/4A4/2B1KAB2 w,0.88442606,1712
2Na1a3/9/3kb1R2/pr6p/9/9/9/9/4A4/2B1KAB2 b,-0.8848642,1902
2Na1a3/3k5/4b1R2/pr6p/9/9/9/9/4A4/2B1KAB2 w,0.8871006,2182
2Na1a3/3k5/4R4/pr6p/9/9/9/9/4A4/2B1KAB2 b,-0.8710433,283
2N2a3/3ka4/4R4/pr6p/9/9/9/9/4A4/2B1KAB2 w,0.8828564,2029
2N2a3/3ka4/9/pr6p/9/4R4/9/9/4A4/2B1KAB2 b,-0.8550439,1083
2Nk1a3/4a4/9/pr6p/9/4R4/9/9/4A4/2B1KAB2 w,0.86059374,4457
2Nk1a3/4a4/9/pr6p/9/2R6/9/9/4A4/2B1KAB2 b,-0.87013865,2602
2Nk1a3/4a4/9/p7p/9/2R6/9/9/4A4/1rB1KAB2 w,0.87793505,6924
2Nk1a3/4a4/9/p7p/9/2R6/9/9/9/1rBAKAB2 b,-0.86652064,7417
2Nk1a3/4a4/9/p7p/1r7/2R6/9/9/9/2BAKAB2 w,0.96874285,4278
2Nk1a3/4a4/9/p7p/1r7/3R5/9/9/9/2BAKAB2 b,-0.96759593,274
2N1ka3/4a4/9/p7p/1r7/3R5/9/9/9/2BAKAB2 w,0.9773378,201
4ka3/4a4/3N5/p7p/1r7/3R5/9/9/9/2BAKAB2 b,-0.9778162,363
3k1a3/4a4/3N5/p7p/1r7/3R5/9/9/9/2BAKAB2 w,0.98520905,1922
3k1a3/4a4/9/p4N2p/1r7/3R5/9/9/9/2BAKAB2 b,-0.981043,3369
3k1a3/4a4/9/p4N2p/3r5/3R5/9/9/9/2BAKAB2 w,0.98972124,4359
3k1a3/4a4/9/p4N2p/3R5/9/9/9/9/2BAKAB2 b,-0.992365,1191
3k1a3/9/3a5/p4N2p/3R5/9/9/9/9/2BAKAB2 w,1,3531
rnbakabnr/9/1c5c1/p1p1p1p1p/9/9/P1P1P1P1P/1C5C1/9/RNBAKABNR w,0.0018177032,5827
rnbakabnr/9/1c5c1/p1p1p1p1p/9/9/P1P1P1P1P/4C2C1/9/RNBAKABNR b,-0.0017911792,110
r1bakabnr/9/1cn4c1/p1p1p1p1p/9/9/P1P1P1P1P/4C2C1/9/RNBAKABNR w,0.0018176556,7445
r1bakabnr/9/1cn4c1/p1p1p1p1p/9/9/P1P1P1P1P/2N1C2C1/9/R1BAKABNR b,-0.0018405796,562
r1baka1nr/9/1cn1b2c1/p1p1p1p1p/9/9/P1P1P1P1P/2N1C2C1/9/R1BAKABNR w,0.0019529104,7372
r1baka1nr/9/1cn1b2c1/p1p1p1p1p/9/9/P1P1P1P1P/2N1C2C1/9/1RBAKABNR b,-0.0017659307,1
1rbaka1nr/9/1cn1b2c1/p1p1p1p1p/9/9/P1P1P1P1P/2N1C2C1/9/1RBAKABNR w,0.0017163992,6368
1rbaka1nr/9/1cn1b2c1/p1p1p1p1p/9/9/P1P1P1P1P/2N1CC3/9/1RBAKABNR b,-0.0012760878,654
1rbaka2r/9/1cn1b1nc1/p1p1p1p1p/9/9/P1P1P1P1P/2N1CC3/9/1RBAKABNR w,0.0015616178,7989
1rbaka2r/9/1cn1b1nc1/p1p1p1p1p/9/9/P1P1P1P1P/2N1CCN2/9/1RBAKAB1R b,-0.0015743256,3012
1rbaka2r/9/1cn1b1nc1/p1p1p3p/6p2/9/P1P1P1P1P/2N1CCN2/9/1RBAKAB1R w,0.001875639,8098
1rbaka2r/9/1cn1b1nc1/p1p1p3p/6p2/9/P1P1P1P1P/2N1CCN2/9/1RBAKABR1 b,-0.0018857003,727
1rbaka1r1/9/1cn1b1nc1/p1p1p3p/6p2/9/P1P1P1P1P/2N1CCN2/9/1RBAKABR1 w,0.0027678253,5087
1rbaka1r1/9/1cn1b1nc1/p1p1p3p/6p2/2P6/P3P1P1P/2N1CCN2/9/1RBAKABR1 b,-0.0021549107,1765
1rbaka1r1/9/2n1b1nc1/p1p1p3p/6p2/2P6/Pc2P1P1P/2N1CCN2/9/1RBAKABR1 w,0.0047726394,5898
1rbaka1r1/9/2n1b1nc1/p1p1p3p/6p2/2PN5/Pc2P1P1P/4CCN2/9/1RBAKABR1 b,-0.00640862,2311
1rbaka1r1/9/2n1b1n2/p1p1p3p/6p2/2PN5/Pc2P1PcP/4CCN2/9/1RBAKABR1 w,0.007896758,6143
1rbaka1r1/9/2n1bCn2/p1p1p3p/6p2/2PN5/Pc2P1PcP/4C1N2/9/1RBAKABR1 b,-0.008902455,1986
1rbakabr1/9/2n2Cn2/p1p1p3p/6p2/2PN5/Pc2P1PcP/4C1N2/9/1RBAKABR1 w,0.01805811,4351
1rbakabr1/9/2n2Cn2/p1p1N3p/6p2/2P6/Pc2P1PcP/4C1N2/9/1RBAKABR1 b,-0.0047813295,1831
1rbakabr1/9/5Cn2/p1p1n3p/6p2/2P6/Pc2P1PcP/4C1N2/9/1RBAKABR1 w,0.005004931,6061
1rbakabr1/9/5Cn2/p1p1C3p/6p2/2P6/Pc2P1PcP/6N2/9/1RBAKABR1 b,0.00969522,109
2bakabr1/9/1r3Cn2/p1p1C3p/6p2/2P6/Pc2P1PcP/6N2/9/1RBAKABR1 w,0.003685665,2839
2bakabr1/9/1r3Cn2/p1p5p/6p2/2P1C4/Pc2P1PcP/6N2/9/1RBAKABR1 b,0.0017302752,1733
2bakabr1/9/5rn2/p1p5p/6p2/2P1C4/Pc2P1PcP/6N2/9/1RBAKABR1 w,0.0096654175,7435
2bakabr1/9/5rn2/p1p5p/6p2/2P1C4/PR2P1PcP/6N2/9/2BAKABR1 b,-0.008151866,2129
2bakabr1/9/6n2/p1p5p/6p2/2P1C4/PR2PrPcP/6N2/9/2BAKABR1 w,0.014925885,4987
2bakabr1/9/6n2/p1p5p/1R4p2/2P1C4/P3PrPcP/6N2/9/2BAKABR1 b,-0.0044330596,2201
2bakabr1/9/9/p1p5p/1R3np2/2P1C4/P3PrPcP/6N2/9/2BAKABR1 w,0.018082095,6286
2bakabr1/9/9/p1p5p/1R3np2/2P1C4/P3PrPcP/9/4N4/2BAKABR1 b,0.002693367,5368
2bakabr1/9/9/p1p5p/1R3np2/2P1C4/P3r1PcP/9/4N4/2BAKABR1 w,0.0052621844,3371
2bakabr1/9/9/p1p5p/5Rp2/2P1C4/P3r1PcP/9/4N4/2BAKABR1 b,0.0047950745,5269
2bakabr1/9/9/p1p5p/5Rp2/2P1r4/P5PcP/9/4N4/2BAKABR1 w,-0.0015879631,7537
2bakabr1/9/9/p1p5p/5Rp2/2P1r4/P5PcP/4B4/4N4/3AKABR1 b,-0.0004107356,4468
2bakabr1/9/9/p1p5p/5Rp2/2P6/P3r1PcP/4B4/4N4/3AKABR1 w,0.0068831923,6905
2bakabr1/9/9/p1p5p/5Rp2/2P6/P3r1PcP/2N1B4/9/3AKABR1 b,0.006454182,5276
2bakabr1/9/9/p1p5p/5Rp2/2P6/P1r3PcP/2N1B4/9/3AKABR1 w,-0.005679369,5926
2bakabr1/9/9/p1p5p/5Rp2/2P6/P1r3PcP/4B4/4N4/3AKABR1 b,0.0075843814,562
2baka1r1/9/4b4/p1p5p/5Rp2/2P6/P1r3PcP/4B4/4N4/3AKABR1 w,-0.0049914243,6923
2baka1r1/9/4b4/p1p5p/5Rp2/2P6/P1r3PcP/4B4/9/2NAKABR1 b,0.007880974,5100
2baka1r1/9/4b4/p1p5p/5Rp2/2P6/P5rcP/4B4/9/2NAKABR1 w,-0.007874883,7536
2baka1r1/9/4b4/p1p5p/5Rp2/2P6/P5rcP/3NB4/9/3AKABR1 b,0.013343382,5457
2baka1r1/9/4b4/p1p5p/5Rp2/2P6/P2r3cP/3NB4/9/3AKABR1 w,-0.0051201223,7816
2baka1r1/9/4b4/p1p5p/5Rp2/2P6/P2r3cP/3NB4/4A4/3AK1BR1 b,0.015187407,682
2baka3/9/4b4/p1p5p/5Rp2/2P4r1/P2r3cP/3NB4/4A4/3AK1BR1 w,-0.008839321,3722
2baka3/9/4b4/p1p2R2p/6p2/2P4r1/P2r3cP/3NB4/4A4/3AK1BR1 b,0.010664868,3831
2baka3/9/4b4/p1p2R2p/9/2P3pr1/P2r3cP/3NB4/4A4/3AK1BR1 w,-0.0048914435,2909
2baka3/9/4b4/p1R5p/9/2P3pr1/P2r3cP/3NB4/4A4/3AK1BR1 b,0.009244966,4650
2baka3/9/4b4/p1R5p/9/2P4r1/P2r2pcP/3NB4/4A4/3AK1BR1 w,-0.010525525,2643
2baka3/9/4b4/p5R1p/9/2P4r1/P2r2pcP/3NB4/4A4/3AK1BR1 b,0.011548186,3194
2baka3/9/4b4/p5R2/8p/2P4r1/P2r2pcP/3NB4/4A4/3AK1BR1 w,-0.009320772,2997
2baka3/9/4b4/R8/8p/2P4r1/P2r2pcP/3NB4/4A4/3AK1BR1 b,0.013760829,5469
2baka3/9/4b4/R8/8p/2P4r1/P2r3cP/3NB1p2/4A4/3AK1BR1 w,-0.008281183,2463
2baka3/9/4b4/6R2/8p/2P4r1/P2r3cP/3NB1p2/4A4/3AK1BR1 b,0.0170295,6278
2baka3/9/4b4/6R2/8p/2P4r1/P2r3cP/3NBp3/4A4/3AK1BR1 w,-0.017291212,3002
2baka3/9/4b4/5R3/8p/2P4r1/P2r3cP/3NBp3/4A4/3AK1BR1 b,0.013701225,6189
2baka3/9/4b4/5R3/8p/2P4r1/P2r3cP/3NB1p2/4A4/3AK1BR1 w,0,2913
rnbakabnr/9/1c5c1/p1p1p1p1p/9/9/P1P1P1P1P/1C5C1/9/RNBAKABNR w,0.0017450333,5827
rnbakabnr/9/1c5c1/p1p1p1p1p/9/9/P1P1P1P1P/4C2C1/9/RNBAKABNR b,-0.0017655134,110
r1bakabnr/9/1cn4c1/p1p1p1p1p/9/9/P1P1P1P1P/4C2C1/9/RNBAKABNR w,0.0018204451,7445
r1bakabnr/9/1cn4c1/p1p1p1p1p/9/9/P1P1P1P1P/2N1C2C1/9/R1BAKABNR b,-0.0018405796,562
r1baka1nr/9/1cn1b2c1/p1p1p1p1p/9/9/P1P1P1P1P/2N1C2C1/9/R1BAKABNR w,0.001952672,7372
r1baka1nr/9/1cn1b2c1/p1p1p1p1p/9/9/P1P1P1P1P/2N1C2C1/9/1RBAKABNR b,-0.0017710209,1
1rbaka1nr/9/1cn1b2c1/p1p1p1p1p/9/9/P1P1P1P1P/2N1C2C1/9/1RBAKABNR w,0.0017163992,6368
1rbaka1nr/9/1cn1b2c1/p1p1p1p1p/9/9/P1P1P1P1P/2N1CC3/9/1RBAKABNR b,-0.0012857557,654
1rbaka2r/9/1cn1b1nc1/p1p1p1p1p/9/9/P1P1P1P1P/2N1CC3/9/1RBAKABNR w,0.0015865564,7989
1rbaka2r/9/1cn1b1nc1/p1p1p1p1p/9/9/P1P1P1P1P/2N1CCN2/9/1RBAKAB1R b,-0.001368165,3012
1rbaka2r/9/1cn1b1nc1/p1p1p3p/6p2/9/P1P1P1P1P/2N1CCN2/9/1RBAKAB1R w,0.0018939496,8098
1rbaka2r/9/1cn1b1nc1/p1p1p3p/6p2/9/P1P1P1P1P/2N1CCN2/9/1RBAKABR1 b,-0.0020165562,727
1rbaka1r1/9/1cn1b1nc1/p1p1p3p/6p2/9/P1P1P1P1P/2N1CCN2/9/1RBAKABR1 w,0.0027637244,5087
1rbaka1r1/9/1cn1b1nc1/p1p1p3p/6p2/2P6/P3P1P1P/2N1CCN2/9/1RBAKABR1 b,-0.0021535754,1765
1rbaka1r1/9/2n1b1nc1/p1p1p3p/6p2/2P6/Pc2P1P1P/2N1CCN2/9/1RBAKABR1 w,0.0047060014,5898
1rbaka1r1/9/2n1b1nc1/p1p1p3p/6p2/2PN5/Pc2P1P1P/4CCN2/9/1RBAKABR1 b,-0.0064264177,2311
1rbaka1r1/9/2n1b1n2/p1p1p3p/6p2/2PN5/Pc2P1PcP/4CCN2/9/1RBAKABR1 w,0.007928371,6143
1rbaka1r1/9/2n1bCn2/p1p1p3p/6p2/2PN5/Pc2P1PcP/4C1N2/9/1RBAKABR1 b,-0.008902455,1986
1rbakabr1/9/2n2Cn2/p1p1p3p/6p2/2PN5/Pc2P1PcP/4C1N2/9/1RBAKABR1 w,0.017891908,4351
1rbakabr1/9/2n2Cn2/p1p1N3p/6p2/2P6/Pc2P1PcP/4C1N2/9/1RBAKABR1 b,-0.004766011,1831
1rbakabr1/9/5Cn2/p1p1n3p/6p2/2P6/Pc2P1PcP/4C1N2/9/1RBAKABR1 w,0.005062294,6061
1rbakabr1/9/5Cn2/p1p1C3p/6p2/2P6/Pc2P1PcP/6N2/9/1RBAKABR1 b,0.009748245,109
2bakabr1/9/1r3Cn2/p1p1C3p/6p2/2P6/Pc2P1PcP/6N2/9/1RBAKABR1 w,0.0018797398,2839
2bakabr1/9/1r3Cn2/p1p5p/6p2/2P1C4/Pc2P1PcP/6N2/9/1RBAKABR1 b,0.0011944295,1733
2bakabr1/9/5rn2/p1p5p/6p2/2P1C4/Pc2P1PcP/6N2/9/1RBAKABR1 w,0.009793592,7435
2bakabr1/9/5rn2/p1p5p/6p2/2P1C4/PR2P1PcP/6N2/9/2BAKABR1 b,-0.007027888,2201
2bakabr1/9/5r3/p1p5p/5np2/2P1C4/PR2P1PcP/6N2/9/2BAKABR1 w,0.012998677,4987
2bakabr1/9/5r3/p1p5p/1R3np2/2P1C4/P3P1PcP/6N2/9/2BAKABR1 b,-0.008218384,3750
2bakabr1/9/5r3/p1p5p/1R4p2/2P1C4/P3P1ncP/6N2/9/2BAKABR1 w,0.019921755,3372
2bakabr1/9/5r3/p1p5p/6R2/2P1C4/P3P1ncP/6N2/9/2BAKABR1 b,-0.005375636,5449
2bakabr1/9/5r3/p1p5p/6R2/2P1n4/P3P2cP/6N2/9/2BAKABR1 w,0.005648756,5269
2bakabr1/9/5r3/p1p5p/6R2/2P1P4/P6cP/6N2/9/2BAKABR1 b,0.00078763964,2129
2bakabr1/9/9/p1p5p/6R2/2P1P4/P4r1cP/6N2/9/2BAKABR1 w,0.002367258,3813
2bakabr1/9/9/p1p3R1p/9/2P1P4/P4r1cP/6N2/9/2BAKABR1 b,0.00069656374,5378
2bakabr1/9/9/p1p3R1p/9/2P1P4/P6cP/5rN2/9/2BAKABR1 w,0.018000364,7999
2bakabr1/9/9/p1p3R1p/9/2P1P4/P6cP/5rN2/7R1/2BAKAB2 b,0.00339036,673
2bakab2/9/9/p1p3R1p/7r1/2P1P4/P6cP/5rN2/7R1/2BAKAB2 w,0.026170397,2976
2bakaR2/9/9/p1p5p/7r1/2P1P4/P6cP/5rN2/7R1/2BAKAB2 b,-0.013660955,6179
2bakaR2/9/9/p1p5p/7r1/2P1P4/P4r1cP/6N2/7R1/2BAKAB2 w,0.024440432,573
2baka3/9/9/p1p3R1p/7r1/2P1P4/P4r1cP/6N2/7R1/2BAKAB2 b,-0.0120514035,5378
2baka3/9/9/p1p3R1p/7r1/2P1P4/P6cP/5rN2/7R1/2BAKAB2 w,0.0465343,7186
2baka3/9/9/p1p3R1p/7r1/2P1P4/P6cP/5rN2/4R4/2BAKAB2 b,-0.024465894,3909
2baka3/9/9/p1p3R1p/3r5/2P1P4/P6cP/5rN2/4R4/2BAKAB2 w,0.04045644,4450
2baka3/9/9/p1p3R1p/3rP4/2P6/P6cP/5rN2/4R4/2BAKAB2 b,-0.015470005,3567
2baka3/9/9/p1p3R1p/4P4/2P6/P2r3cP/5rN2/4R4/2BAKAB2 w,0.034882594,6907
2baka3/9/9/p1p3R1p/4P4/2P6/P2r3cP/4RrN2/9/2BAKAB2 b,-0.022027278,6187
2baka3/9/9/p1p3R1p/4P4/2P6/P2r3cP/4r1N2/9/2BAKAB2 w,0.019589901,7537
2baka3/9/9/p1p3R1p/4P4/2P6/P2r3cP/4B1N2/9/3AKAB2 b,-0.005671871,5544
2baka3/9/9/p1p3R1p/4P4/2P6/c2r4P/4B1N2/9/3AKAB2 w,0.008503819,2999
2baka3/9/9/p1R5p/4P4/2P6/c2r4P/4B1N2/9/3AKAB2 b,-0.0046848655,5190
2baka3/9/9/p1R5p/4P4/2P6/c5r1P/4B1N2/9/3AKAB2 w,0.0060835364,6286
2baka3/9/9/p1R5p/4P4/2P6/c5r1P/4B4/4N4/3AKAB2 b,-0.0012071729,4918
2baka3/9/9/p1R5p/4P4/2P6/4c1r1P/4B4/4N4/3AKAB2 w,0.006119728,2612
2Raka3/9/9/p7p/4P4/2P6/4c1r1P/4B4/4N4/3AKAB2 b,0.0078047514,5459
2Raka3/9/9/p7p/4P4/2P6/4cr2P/4B4/4N4/3AKAB2 w,-0.00007600785,209
3aka3/9/9/p1R5p/4P4/2P6/4cr2P/4B4/4N4/3AKAB2 b,0.0042161704,5378
3aka3/9/9/p1R5p/4P4/2P6/4c3P/4Br3/4N4/3AKAB2 w,0.012093521,2637
3aka3/9/9/R7p/4P4/2P6/4c3P/4Br3/4N4/3AKAB2 b,-0.023438001,6197
3aka3/9/9/R7p/4P4/2P6/4c3P/4B4/4Nr3/3AKAB2 w,0.03098855,2484
3aka3/9/9/8p/4P4/2P6/R3c3P/4B4/4Nr3/3AKAB2 b,-0.015440404,6989
3aka3/9/9/8p/4P4/2P6/R3cr2P/4B4/4N4/3AKAB2 w,0.027087355,3631
3aka3/9/9/4P3p/9/2P6/R3cr2P/4B4/4N4/3AKAB2 b,-0.015599728,283
4ka3/4a4/9/4P3p/9/2P6/R3cr2P/4B4/4N4/3AKAB2 w,0.01687858,4860
R3ka3/4a4/9/4P3p/9/2P6/4cr2P/4B4/4N4/3AKAB2 b,-0.014181173,1173
R2aka3/9/9/4P3p/9/2P6/4cr2P/4B4/4N4/3AKAB2 w,0.022335267,54
3aka3/9/9/4P3p/9/2P6/R3cr2P/4B4/4N4/3AKAB2 b,0,283
rnbakabnr/9/1c5c1/p1p1p1p1p/9/9/P1P1P1P1P/1C5C1/9/RNBAKABNR w,0.80182517,5827
rnbakabnr/9/1c5c1/p1p1p1p1p/9/9/P1P1P1P1P/4C2C1/9/RNBAKABNR b,-0.8017682,110
r1bakabnr/9/1cn4c1/p1p1p1p1p/9/9/P1P1P1P1P/4C2C1/9/RNBAKABNR w,0.8018244,7445
r1bakabnr/9/1cn4c1/p1p1p1p1p/9/9/P1P1P1P1P/2N1C2C1/9/R1BAKABNR b,-0.8018434,562
r1baka1nr/9/1cn1b2c1/p1p1p1p1p/9/9/P1P1P1P1P/2N1C2C1/9/R1BAKABNR w,0.8019352,7372
r1baka1nr/9/1cn1b2c1/p1p1p1p1p/9/9/P1P1P1P1P/2N1C2C1/9/1RBAKABNR b,-0.8017737,1
1rbaka1nr/9/1cn1b2c1/p1p1p1p1p/9/9/P1P1P1P1P/2N1C2C1/9/1RBAKABNR w,0.80169904,6368
1rbaka1nr/9/1cn1b2c1/p1p1p1p1p/9/9/P1P1P1P1P/2N1CC3/9/1RBAKABNR b,-0.8012889,654
1rbaka2r/9/1cn1b1nc1/p1p1p1p1p/9/9/P1P1P1P1P/2N1CC3/9/1RBAKABNR w,0.8016004,7989
1rbaka2r/9/1cn1b1nc1/p1p1p1p1p/9/9/P1P1P1P1P/2N1CCN2/9/1RBAKAB1R b,-0.8013484,3012
1rbaka2r/9/1cn1b1nc1/p1p1p3p/6p2/9/P1P1P1P1P/2N1CCN2/9/1RBAKAB1R w,0.8018326,8098
1rbaka2r/9/1cn1b1nc1/p1p1p3p/6p2/9/P1P1P1P1P/2N1CCN2/9/1RBAKABR1 b,-0.8020069,727
1rbaka1r1/9/1cn1b1nc1/p1p1p3p/6p2/9/P1P1P1P1P/2N1CCN2/9/1RBAKABR1 w,0.8025176,5087
1rbaka1r1/9/1cn1b1nc1/p1p1p3p/6p2/2P6/P3P1P1P/2N1CCN2/9/1RBAKABR1 b,-0.8021536,1765
1rbaka1r1/9/2n1b1nc1/p1p1p3p/6p2/2P6/Pc2P1P1P/2N1CCN2/9/1RBAKABR1 w,0.80520236,5898
1rbaka1r1/9/2n1b1nc1/p1p1p3p/6p2/2PN5/Pc2P1P1P/4CCN2/9/1RBAKABR1 b,-0.8065378,2311
1rbaka1r1/9/2n1b1n2/p1p1p3p/6p2/2PN5/Pc2P1PcP/4CCN2/9/1RBAKABR1 w,0.80794173,6143
1rbaka1r1/9/2n1bCn2/p1p1p3p/6p2/2PN5/Pc2P1PcP/4C1N2/9/1RBAKABR1 b,-0.8084572,1986
1rbakabr1/9/2n2Cn2/p1p1p3p/6p2/2PN5/Pc2P1PcP/4C1N2/9/1RBAKABR1 w,0.81814575,4351
1rbakabr1/9/2n2Cn2/p1p1N3p/6p2/2P6/Pc2P1PcP/4C1N2/9/1RBAKABR1 b,-0.80477434,1831
1rbakabr1/9/5Cn2/p1p1n3p/6p2/2P6/Pc2P1PcP/4C1N2/9/1RBAKABR1 w,0.8050081,6061
1rbakabr1/9/5Cn2/p1p1C3p/6p2/2P6/Pc2P1PcP/6N2/9/1RBAKABR1 b,-0.7907235,109
2bakabr1/9/1r3Cn2/p1p1C3p/6p2/2P6/Pc2P1PcP/6N2/9/1RBAKABR1 w,0.8022473,2839
2bakabr1/9/1r3Cn2/p1p5p/6p2/2P1C4/Pc2P1PcP/6N2/9/1RBAKABR1 b,-0.7983007,1733
2bakabr1/9/5rn2/p1p5p/6p2/2P1C4/Pc2P1PcP/6N2/9/1RBAKABR1 w,0.80960983,7435
2bakabr1/9/5rn2/p1p5p/6p2/2P1C4/PR2P1PcP/6N2/9/2BAKABR1 b,-0.8070279,2201
2bakabr1/9/5r3/p1p5p/5np2/2P1C4/PR2P1PcP/6N2/9/2BAKABR1 w,0.8134917,4987
2bakabr1/9/5r3/p1p5p/1R3np2/2P1C4/P3P1PcP/6N2/9/2BAKABR1 b,-0.8082788,3750
2bakabr1/9/5r3/p1p5p/1R4p2/2P1C4/P3P1ncP/6N2/9/2BAKABR1 w,0.8190498,3372
2bakabr1/9/5r3/p1p5p/6R2/2P1C4/P3P1ncP/6N2/9/2BAKABR1 b,-0.8054496,5449
2bakabr1/9/5r3/p1p5p/6R2/2P1n4/P3P2cP/6N2/9/2BAKABR1 w,0.8057559,5269
2bakabr1/9/5r3/p1p5p/6R2/2P1P4/P6cP/6N2/9/2BAKABR1 b,-0.7993236,5560
2bakabr1/9/5r3/p1p5p/6R2/2P1P4/P7P/6Nc1/9/2BAKABR1 w,0.81004125,7999
2bakabr1/9/5r3/p1p5p/6R2/2P1P4/P7P/6Nc1/7R1/2BAKAB2 b,-0.79817176,2138
2bakabr1/9/9/p1p5p/6R2/2P1P4/P7P/5rNc1/7R1/2BAKAB2 w,0.80024886,3813
2bakabr1/9/9/p1p3R1p/9/2P1P4/P7P/5rNc1/7R1/2BAKAB2 b,-0.8006616,691
2bakab2/9/9/p1p3R1p/9/2P1P4/P6rP/5rNc1/7R1/2BAKAB2 w,0.81514615,2976
2bakaR2/9/9/p1p5p/9/2P1P4/P6rP/5rNc1/7R1/2BAKAB2 b,-0.8037907,5548
2bakaR2/9/9/p1p5p/9/2P1P4/P3r3P/5rNc1/7R1/2BAKAB2 w,0.8312046,7816
2bakaR2/9/9/p1p5p/9/2P1P4/P3r3P/5rNc1/4A2R1/2BAK1B2 b,-0.8196672,6371
2bakaR2/9/9/p1p5p/9/2P1P4/P3r3P/5rN1c/4A2R1/2BAK1B2 w,0.8305586,591
2baka3/9/9/p1p5p/9/2P1P1R2/P3r3P/5rN1c/4A2R1/2BAK1B2 b,-0.8070339,283
2b1ka3/4a4/9/p1p5p/9/2P1P1R2/P3r3P/5rN1c/4A2R1/2BAK1B2 w,0.8793059,7897
2b1ka3/4a4/9/p1p5p/9/2P1P1R2/P3r3P/4BrN1c/4A2R1/2BAK4 b,-0.8556746,6187
2b1ka3/4a4/9/p1p5p/9/2P1P1R2/P3r3P/4r1N1c/4A2R1/2BAK4 w,0.86170036,6268
2b1ka3/4a4/9/p1p5p/9/2P1P1R2/P3N3P/4r3c/4A2R1/2BAK4 b,-0.8567785,6088
2b1ka3/4a4/9/p1p5p/9/2P1P1R2/P3r3P/8c/4A2R1/2BAK4 w,0.8674888,4659
2b1ka3/4a4/9/p1p5p/9/2P1P4/P3r3P/6R1c/4A2R1/2BAK4 b,-0.849013,6479
2b1ka3/4a4/9/p1p5p/9/2P1P4/P3r3P/6R2/4A2R1/2BAK3c w,0.85893595,7117
2b1ka1R1/4a4/9/p1p5p/9/2P1P4/P3r3P/6R2/4A4/2BAK3c b,-0.8542714,5269
2b1ka1R1/4a4/9/p1p5p/9/2P1r4/P7P/6R2/4A4/2BAK3c w,0.8681031,6216
2b1kaRR1/4a4/9/p1p5p/9/2P1r4/P7P/9/4A4/2BAK3c b,-0.83197534,8094
2b1kaRR1/4a4/9/p1p5p/9/2P1r4/P7P/9/4A4/2BcK4 w,0.8930365,7734
2b1kaRR1/4a4/9/p1p5p/9/2P1r4/P7P/9/4A4/2BK5 b,-0.8854991,4486
2b1kaRR1/4a4/9/p1p5p/9/2P6/P7P/9/4r4/2BK5 w,0.8935495,664
2b1kaR2/4a4/9/p1p4Rp/9/2P6/P7P/9/4r4/2BK5 b,-0.87683773,6898
2b1kaR2/4a4/9/p1p4Rp/9/2P6/P3r3P/9/9/2BK5 w,0.89685386,3089
2b1kaR2/4a4/9/p1R5p/9/2P6/P3r3P/9/9/2BK5 b,-0.891064,202
4kaR2/4a4/4b4/p1R5p/9/2P6/P3r3P/9/9/2BK5 w,0.90454817,564
4ka3/4a4/4b1R2/p1R5p/9/2P6/P3r3P/9/9/2BK5 b,-0.8903489,2466
4ka3/4a4/4b1R2/2R5p/p8/2P6/P3r3P/9/9/2BK5 w,0.9062573,2640
4ka3/4a4/4b1R2/3R4p/p8/2P6/P3r3P/9/9/2BK5 b,-0.89801806,1982
2b1ka3/4a4/6R2/3R4p/p8/2P6/P3r3P/9/9/2BK5 w,0.9063812,4268
2b1ka3/4a4/6R2/3R4p/p1P6/9/P3r3P/9/9/2BK5 b,-0.9046625,5282
2b1ka3/4a4/6R2/3R4p/p1P6/9/P7r/9/9/2BK5 w,0.9250758,2180
2b1ka3/4a4/2R6/3R4p/p1P6/9/P7r/9/9/2BK5 b,-0.91765696,202
4ka3/4a4/2R1b4/3R4p/p1P6/9/P7r/9/9/2BK5 w,0.9215839,1822
4ka3/4a4/4R4/3R4p/p1P6/9/P7r/9/9/2BK5 b,-0.9121805,5636
4ka3/4a4/4R4/3R4p/p1P6/9/P1r6/9/9/2BK5 w,0.9174461,2000
4ka3/4a4/2R6/3R4p/p1P6/9/P1r6/9/9/2BK5 b,-0.92206365,5123
4ka3/4a4/2R6/3R4p/p1P6/9/P8/9/9/2rK5 w,0.92861015,7635
4ka3/4a4/2R6/3R4p/p1P6/9/P8/9/3K5/2r6 b,-0.92900443,7544
4ka3/4a4/2R6/3R4p/p1P6/9/P8/9/2rK5/9 w,0.9398456,6834
4ka3/4a4/2R6/3R4p/p1P6/9/P8/9/2r6/3K5 b,-0.93957496,6707
4ka3/4a4/2R6/3R4p/p1P6/2r6/P8/9/9/3K5 w,0.9698728,1802
2R1ka3/4a4/9/3R4p/p1P6/2r6/P8/9/9/3K5 b,-0.97067386,1173
2Raka3/9/9/3R4p/p1P6/2r6/P8/9/9/3K5 w,0.98095644,2703
2RRka3/9/9/8p/p1P6/2r6/P8/9/9/3K5 b,-0.9819571,373
2RR1a3/4k4/9/8p/p1P6/2r6/P8/9/9/3K5 w,0.9917815,282
2R2a3/3Rk4/9/8p/p1P6/2r6/P8/9/9/3K5 b,-0.9904913,1192
2R2a3/3R5/4k4/8p/p1P6/2r6/P8/9/9/3K5 w,1,200
rnbakabnr/9/1c5c1/p1p1p1p1p/9/9/P1P1P1P1P/1C5C1/9/RNBAKABNR w,0.80182725,5827
rnbakabnr/9/1c5c1/p1p1p1p1p/9/9/P1P1P1P1P/4C2C1/9/RNBAKABNR b,-0.80179566,110
r1bakabnr/9/1cn4c1/p1p1p1p1p/9/9/P1P1P1P1P/4C2C1/9/RNBAKABNR w,0.8018302,7445
r1bakabnr/9/1cn4c1/p1p1p1p1p/9/9/P1P1P1P1P/2N1C2C1/9/R1BAKABNR b,-0.80180717,562
r1baka1nr/9/1cn1b2c1/p1p1p1p1p/9/9/P1P1P1P1P/2N1C2C1/9/R1BAKABNR w,0.8019466,7372
r1baka1nr/9/1cn1b2c1/p1p1p1p1p/9/9/P1P1P1P1P/2N1C2C1/9/1RBAKABNR b,-0.8017719,1
1rbaka1nr/9/1cn1b2c1/p1p1p1p1p/9/9/P1P1P1P1P/2N1C2C1/9/1RBAKABNR w,0.8017126,6368
1rbaka1nr/9/1cn1b2c1/p1p1p1p1p/9/9/P1P1P1P1P/2N1CC3/9/1RBAKABNR b,-0.8012761,654
1rbaka2r/9/1cn1b1nc1/p1p1p1p1p/9/9/P1P1P1P1P/2N1CC3/9/1RBAKABNR w,0.80158657,7989
1rbaka2r/9/1cn1b1nc1/p1p1p1p1p/9/9/P1P1P1P1P/2N1CCN2/9/1RBAKAB1R b,-0.8013484,3012
1rbaka2r/9/1cn1b1nc1/p1p1p3p/6p2/9/P1P1P1P1P/2N1CCN2/9/1RBAKAB1R w,0.80187565,8098
1rbaka2r/9/1cn1b1nc1/p1p1p3p/6p2/9/P1P1P1P1P/2N1CCN2/9/1RBAKABR1 b,-0.8020107,727
1rbaka1r1/9/1cn1b1nc1/p1p1p3p/6p2/9/P1P1P1P1P/2N1CCN2/9/1RBAKABR1 w,0.80251306,5087
1rbaka1r1/9/1cn1b1nc1/p1p1p3p/6p2/2P6/P3P1P1P/2N1CCN2/9/1RBAKABR1 b,-0.80212146,1765
1rbaka1r1/9/2n1b1nc1/p1p1p3p/6p2/2P6/Pc2P1P1P/2N1CCN2/9/1RBAKABR1 w,0.8047537,5898
1rbaka1r1/9/2n1b1nc1/p1p1p3p/6p2/2PN5/Pc2P1P1P/4CCN2/9/1RBAKABR1 b,-0.80641043,2311
1rbaka1r1/9/2n1b1n2/p1p1p3p/6p2/2PN5/Pc2P1PcP/4CCN2/9/1RBAKABR1 w,0.80788714,6143
1rbaka1r1/9/2n1bCn2/p1p1p3p/6p2/2PN5/Pc2P1PcP/4C1N2/9/1RBAKABR1 b,-0.8084572,1986
1rbakabr1/9/2n2Cn2/p1p1p3p/6p2/2PN5/Pc2P1PcP/4C1N2/9/1RBAKABR1 w,0.81805813,4351
1rbakabr1/9/2n2Cn2/p1p1N3p/6p2/2P6/Pc2P1PcP/4C1N2/9/1RBAKABR1 b,-0.8048105,1831
1rbakabr1/9/5Cn2/p1p1n3p/6p2/2P6/Pc2P1PcP/4C1N2/9/1RBAKABR1 w,0.80497974,6061
1rbakabr1/9/5Cn2/p1p1C3p/6p2/2P6/Pc2P1PcP/6N2/9/1RBAKABR1 b,-0.79055715,109
2bakabr1/9/1r3Cn2/p1p1C3p/6p2/2P6/Pc2P1PcP/6N2/9/1RBAKABR1 w,0.8018213,2839
2bakabr1/9/1r3Cn2/p1p5p/6p2/2P1C4/Pc2P1PcP/6N2/9/1RBAKABR1 b,-0.7987969,1733
2bakabr1/9/5rn2/p1p5p/6p2/2P1C4/Pc2P1PcP/6N2/9/1RBAKABR1 w,0.8096117,7435
2bakabr1/9/5rn2/p1p5p/6p2/2P1C4/PR2P1PcP/6N2/9/2BAKABR1 b,-0.8074193,2129
2bakabr1/9/6n2/p1p5p/6p2/2P1C4/PR2PrPcP/6N2/9/2BAKABR1 w,0.815585,4987
2bakabr1/9/6n2/p1p5p/1R4p2/2P1C4/P3PrPcP/6N2/9/2BAKABR1 b,-0.8046425,2201
2bakabr1/9/9/p1p5p/1R3np2/2P1C4/P3PrPcP/6N2/9/2BAKABR1 w,0.821211,7897
2bakabr1/9/9/p1p5p/1R3np2/2P1C4/P3PrPcP/4B1N2/9/2BAKA1R1 b,-0.8096004,3748
2bakabr1/9/9/p1p5p/1R4p2/2P1C4/P3nrPcP/4B1N2/9/2BAKA1R1 w,0.82605386,7816
2bakabr1/9/9/p1p5p/1R4p2/2P1C4/P3nrPcP/4B1N2/4A4/2BAK2R1 b,-0.8098043,5370
2bakabr1/9/9/p1p5p/1R4p2/2P1C4/P3n1rcP/4B1N2/4A4/2BAK2R1 w,0.8153692,6290
2bakabr1/9/9/p1p5p/1R4p2/2P1C4/P3n1rcP/4B4/4A3N/2BAK2R1 b,-0.7962597,5569
2bakabr1/9/9/p1p5p/1R4p2/2P1C4/P3n1r1P/4B4/4A2cN/2BAK2R1 w,0.79675126,3370
2bakabr1/9/9/p1p5p/4R1p2/2P1C4/P3n1r1P/4B4/4A2cN/2BAK2R1 b,-0.81345415,562
2baka1r1/9/4b4/p1p5p/4R1p2/2P1C4/P3n1r1P/4B4/4A2cN/2BAK2R1 w,0.89801544,3622
2baka1r1/9/4R4/p1p5p/6p2/2P1C4/P3n1r1P/4B4/4A2cN/2BAK2R1 b,-0.8957172,283
2b1ka1r1/4a4/4R4/p1p5p/6p2/2P1C4/P3n1r1P/4B4/4A2cN/2BAK2R1 w,0.9165625,2005
2b1ka1r1/4a4/7R1/p1p5p/6p2/2P1C4/P3n1r1P/4B4/4A2cN/2BAK2R1 b,-0.9124344,363
2bk1a1r1/4a4/7R1/p1p5p/6p2/2P1C4/P3n1r1P/4B4/4A2cN/2BAK2R1 w,0.93698335,2257
2bk1a1R1/4a4/9/p1p5p/6p2/2P1C4/P3n1r1P/4B4/4A2cN/2BAK2R1 b,-0.92614615,7187
2bk1a1R1/4a4/9/p1p5p/6p2/2P1C4/P3n1r1P/4B4/4Ac2N/2BAK2R1 w,0.941505,664
2bk1a3/4a4/9/p1p4Rp/6p2/2P1C4/P3n1r1P/4B4/4Ac2N/2BAK2R1 b,-0.9256303,6980
2bk1a3/4a4/9/p1p4Rp/6p2/2P1Cc3/P3n1r1P/4B4/4A3N/2BAK2R1 w,0.94726,3090
2bk1a3/4a4/9/p1pR4p/6p2/2P1Cc3/P3n1r1P/4B4/4A3N/2BAK2R1 b,-0.9487927,1191
2bk1a3/9/3a5/p1pR4p/6p2/2P1Cc3/P3n1r1P/4B4/4A3N/2BAK2R1 w,0.94961953,2721
2bk1a3/9/3R5/p1p5p/6p2/2P1Cc3/P3n1r1P/4B4/4A3N/2BAK2R1 b,-0.9494726,274
2b1ka3/9/3R5/p1p5p/6p2/2P1Cc3/P3n1r1P/4B4/4A3N/2BAK2R1 w,0.94889617,7927
2b1ka1R1/9/3R5/p1p5p/6p2/2P1Cc3/P3n1r1P/4B4/4A3N/2BAK4 b,-0.9371853,4577
2b1ka1R1/9/3R5/p1p5p/6p2/2P1C4/P3n1r1P/4B4/4Ac2N/2BAK4 w,0.96571875,7261
2b1ka1R1/9/3R5/p1p5p/6p2/2P1C4/P3n1rNP/4B4/4Ac3/2BAK4 b,-0.9531652,5487
2b1ka1R1/9/3R5/p1p5p/6p2/2P1C4/P3n2NP/4B4/4Ac3/2BAK1r2 w,0.9596386,6926
2b1ka1R1/9/3R5/p1p5p/6p2/2P1C4/P3n2NP/4B4/5c3/2BAKAr2 b,-0.9439109,5267
2b1ka1R1/9/3R5/p1p5p/6p2/2n1C4/P6NP/4B4/5c3/2BAKAr2 w,0.9677396,5540
2b1ka1R1/9/3R5/p1p5p/6p2/2n1CN3/P7P/4B4/5c3/2BAKAr2 b,-0.949965,4296
2b1ka1R1/9/3R5/p1p5p/6p2/4CN3/P7P/3nB4/5c3/2BAKAr2 w,0.9858866,1956
2b1ka1R1/9/9/p1p5p/6p2/4CN3/P7P/3RB4/5c3/2BAKAr2 b,-0.980242,7890
2b1ka1R1/9/9/p1p5p/6p2/4CN3/P5r1P/3RB4/5c3/2BAKA3 w,0.96526086,636
2b1kaR2/9/9/p1p5p/6p2/4CN3/P5r1P/3RB4/5c3/2BAKA3 b,-0.9640276,7010
2b1kaR2/9/9/p1p5p/6p2/4CN3/P5r1P/3RB4/8c/2BAKA3 w,0.9745542,5952
2b1kaR2/3R5/9/p1p5p/6p2/4CN3/P5r1P/4B4/8c/2BAKA3 b,-0.9552379,7289
2b1kaR2/3R5/9/p1p5p/6p2/4CN3/P5r1P/4B4/9/2BAKA2c w,0.96660084,7816
2b1kaR2/3R5/9/p1p5p/6p2/4CN3/P5r1P/4B4/4A4/2BAK3c b,-0.9678972,5487
2b1kaR2/3R5/9/p1p5p/6p2/4CN3/P7P/4B4/4A4/2BAK1r1c w,0.9590386,6926
2b1kaR2/3R5/9/p1p5p/6p2/4CN3/P7P/4B4/9/2BAKAr1c b,-0.94850904,7916
2b1kaR2/3R5/9/p1p5p/6p2/4CN3/P7P/4B4/9/2BAKr2c w,0.9825514,7736
2b1kaR2/3R5/9/p1p5p/6p2/4CN3/P7P/4B4/9/2BA1K2c b,-0.9840392,8094
2b1kaR2/3R5/9/p1p5p/6p2/4CN3/P7P/4B4/9/2Bc1K3 w,0.9965035,582
2b1ka3/3R5/9/p1p5p/6R2/4CN3/P7P/4B4/9/2Bc1K3 b,-0.99351573,7635
2b1ka3/3R5/9/p1p5p/6R2/4CN3/P7P/4B4/3c5/2B2K3 w,0.99529105,3820
2b1ka3/3R5/9/p1p5p/4R4/4CN3/P7P/4B4/3c5/2B2K3 b,-0.99539787,463
2b1k4/3Ra4/9/p1p5p/4R4/4CN3/P7P/4B4/3c5/2B2K3 w,0.9982968,3613
2b1k4/3RR4/9/p1p5p/9/4CN3/P7P/4B4/3c5/2B2K3 b,-0.99744725,365
2b2k3/3RR4/9/p1p5p/9/4CN3/P7P/4B4/3c5/2B2K3 w,1,1083
rnbakabnr/9/1c5c1/p1p1p1p1p/9/9/P1P1P1P1P/1C5C1/9/RNBAKABNR w,-0.7981728,5827
rnbakabnr/9/1c5c1/p1p1p1p1p/9/9/P1P1P1P1P/4C2C1/9/RNBAKABNR b,0.79822016,110
r1bakabnr/9/1cn4c1/p1p1p1p1p/9/9/P1P1P1P1P/4C2C1/9/RNBAKABNR w,-0.79818237,7445
r1bakabnr/9/1cn4c1/p1p1p1p1p/9/9/P1P1P1P1P/2N1C2C1/9/R1BAKABNR b,0.7981594,562
r1baka1nr/9/1cn1b2c1/p1p1p1p1p/9/9/P1P1P1P1P/2N1C2C1/9/R1BAKABNR w,-0.79805344,7372
r1baka1nr/9/1cn1b2c1/p1p1p1p1p/9/9/P1P1P1P1P/2N1C2C1/9/1RBAKABNR b,0.7982303,1
1rbaka1nr/9/1cn1b2c1/p1p1p1p1p/9/9/P1P1P1P1P/2N1C2C1/9/1RBAKABNR w,-0.798301,6368
1rbaka1nr/9/1cn1b2c1/p1p1p1p1p/9/9/P1P1P1P1P/2N1CC3/9/1RBAKABNR b,0.7986956,654
1rbaka2r/9/1cn1b1nc1/p1p1p1p1p/9/9/P1P1P1P1P/2N1CC3/9/1RBAKABNR w,-0.79840535,7989
1rbaka2r/9/1cn1b1nc1/p1p1p1p1p/9/9/P1P1P1P1P/2N1CCN2/9/1RBAKAB1R b,0.7986294,3012
1rbaka2r/9/1cn1b1nc1/p1p1p3p/6p2/9/P1P1P1P1P/2N1CCN2/9/1RBAKAB1R w,-0.7981277,8098
1rbaka2r/9/1cn1b1nc1/p1p1p3p/6p2/9/P1P1P1P1P/2N1CCN2/9/1RBAKABR1 b,0.79809105,727
1rbaka1r1/9/1cn1b1nc1/p1p1p3p/6p2/9/P1P1P1P1P/2N1CCN2/9/1RBAKABR1 w,-0.79748696,5087
1rbaka1r1/9/1cn1b1nc1/p1p1p3p/6p2/2P6/P3P1P1P/2N1CCN2/9/1RBAKABR1 b,0.79779345,1765
1rbaka1r1/9/2n1b1nc1/p1p1p3p/6p2/2P6/Pc2P1P1P/2N1CCN2/9/1RBAKABR1 w,-0.7948537,5898
1rbaka1r1/9/2n1b1nc1/p1p1p3p/6p2/2PN5/Pc2P1P1P/4CCN2/9/1RBAKABR1 b,0.7935496,2311
1rbaka1r1/9/2n1b1n2/p1p1p3p/6p2/2PN5/Pc2P1PcP/4CCN2/9/1RBAKABR1 w,-0.7920583,6143
1rbaka1r1/9/2n1bCn2/p1p1p3p/6p2/2PN5/Pc2P1PcP/4C1N2/9/1RBAKABR1 b,0.8018219,5548
1rbaka1r1/9/2n1bCn2/p1p1p3p/6p2/2PN5/Pc2c1P1P/4C1N2/9/1RBAKABR1 w,-0.78109264,6268
1rbaka1r1/9/2n1bCn2/p1p1p3p/6p2/2PN5/Pc2N1P1P/4C4/9/1RBAKABR1 b,0.7889715,718
1rbaka3/9/2n1bCn2/p1p1p3p/6p2/2PN5/Pc2N1P1P/4C4/9/1RBAKABr1 w,-0.78001946,2090
1rbaka3/9/2C1b1n2/p1p1p3p/6p2/2PN5/Pc2N1P1P/4C4/9/1RBAKABr1 b,0.791403,7972
1rbaka3/9/2C1b1n2/p1p1p3p/6p2/2PN3r1/Pc2N1P1P/4C4/9/1RBAKAB2 w,-0.7699005,4349
1rbaka3/9/2C1b1n2/p1N1p3p/6p2/2P4r1/Pc2N1P1P/4C4/9/1RBAKAB2 b,0.77882135,2173
1rbaka3/4n4/2C1b4/p1N1p3p/6p2/2P4r1/Pc2N1P1P/4C4/9/1RBAKAB2 w,-0.7671852,1821
1rbaka3/4n4/3Cb4/p1N1p3p/6p2/2P4r1/Pc2N1P1P/4C4/9/1RBAKAB2 b,0.7892109,118
2baka3/4n4/3Cb4/prN1p3p/6p2/2P4r1/Pc2N1P1P/4C4/9/1RBAKAB2 w,-0.7709509,5261
2baka3/4n4/3Cb4/prN1p3p/5Np2/2P4r1/Pc4P1P/4C4/9/1RBAKAB2 b,0.7823285,2549
2baka3/4n4/3Cb4/p1r1p3p/5Np2/2P4r1/Pc4P1P/4C4/9/1RBAKAB2 w,-0.77333826,7435
2baka3/4n4/3Cb4/p1r1p3p/5Np2/2P4r1/PR4P1P/4C4/9/2BAKAB2 b,0.7864217,4730
2baka3/4n4/3Cb4/p1r1p3p/5Np2/2P2r3/PR4P1P/4C4/9/2BAKAB2 w,-0.78151673,3712
2baka3/4n4/3CN4/p1r1p3p/6p2/2P2r3/PR4P1P/4C4/9/2BAKAB2 b,0.80124646,202
3aka3/4n4/3Cb4/p1r1p3p/6p2/2P2r3/PR4P1P/4C4/9/2BAKAB2 w,-0.79526955,1908
3aka3/4n4/C3b4/p1r1p3p/6p2/2P2r3/PR4P1P/4C4/9/2BAKAB2 b,0.8090675,4547
3aka3/4n4/C3b4/p1r1p3p/6p2/2r6/PR4P1P/4C4/9/2BAKAB2 w,-0.8030454,4960
3aka3/1R2n4/C3b4/p1r1p3p/6p2/2r6/P5P1P/4C4/9/2BAKAB2 b,0.8265457,4313
3aka3/1R2n4/C3b4/p1r1p3p/6p2/9/P5P1P/4C4/9/2rAKAB2 w,-0.8319227,6052
3aka3/1R2n4/C3C4/p1r1p3p/6p2/9/P5P1P/9/9/2rAKAB2 b,0.83763736,1172
2naka3/1R7/C3C4/p1r1p3p/6p2/9/P5P1P/9/9/2rAKAB2 w,-0.8299386,1620
C1naka3/1R7/4C4/p1r1p3p/6p2/9/P5P1P/9/9/2rAKAB2 b,0.8428446,2630
C1naka3/1R7/2r1C4/p3p3p/6p2/9/P5P1P/9/9/2rAKAB2 w,-0.8341023,7897
C1naka3/1R7/2r1C4/p3p3p/6p2/9/P5P1P/4B4/9/2rAKA3 b,0.8511557,7535
C1naka3/1R7/2r1C4/p3p3p/6p2/9/P5P1P/2r1B4/9/3AKA3 w,-0.8227967,901
CRnaka3/9/2r1C4/p3p3p/6p2/9/P5P1P/2r1B4/9/3AKA3 b,0.83151025,373
CRna1a3/4k4/2r1C4/p3p3p/6p2/9/P5P1P/2r1B4/9/3AKA3 w,-0.81698745,2
1RCa1a3/4k4/2r1C4/p3p3p/6p2/9/P5P1P/2r1B4/9/3AKA3 b,0.83740693,1821
1RCa1a3/4k4/3rC4/p3p3p/6p2/9/P5P1P/2r1B4/9/3AKA3 w,-0.8271118,100
2Ca1a3/1R2k4/3rC4/p3p3p/6p2/9/P5P1P/2r1B4/9/3AKA3 b,0.8286091,1192
2Ca1a3/1R7/3rk4/p3p3p/6p2/9/P5P1P/2r1B4/9/3AKA3 w,-0.819386,185
3a1C3/1R7/3rk4/p3p3p/6p2/9/P5P1P/2r1B4/9/3AKA3 b,0.82930726,5917
3a1C3/1R7/3rk4/p3p3p/6p2/9/P5P1P/4r4/9/3AKA3 w,-0.8368254,7636
3a1C3/1R7/3rk4/p3p3p/6p2/9/P5P1P/4r4/4A4/4KA3 b,0.8745145,1910
3a1C3/1R7/2r1k4/p3p3p/6p2/9/P5P1P/4r4/4A4/4KA3 w,-0.84493494,7734
3a1C3/1R7/2r1k4/p3p3p/6p2/9/P5P1P/4r4/4A4/3K1A3 b,0.8528401,1883
3a1C3/1R7/4k4/p3p3p/6p2/9/P5P1P/4r4/4A4/2rK1A3 w,-0.85474545,7635
3a1C3/1R7/4k4/p3p3p/6p2/9/P5P1P/4r4/3KA4/2r2A3 b,0.86303085,6088
3a1C3/1R7/4k4/p3p3p/6p2/9/P3r1P1P/9/3KA4/2r2A3 w,-0.8403956,912
3a1C3/3R5/4k4/p3p3p/6p2/9/P3r1P1P/9/3KA4/2r2A3 b,0.88583297,5274
3a1C3/3R5/4k4/p3p3p/6p2/9/r5P1P/9/3KA4/2r2A3 w,-0.88225013,1083
3R1C3/9/4k4/p3p3p/6p2/9/r5P1P/9/3KA4/2r2A3 b,0.9906325,4932
3R1C3/9/4k4/p3p3p/6p2/9/6P1P/9/r2KA4/2r2A3 w,-0.9926443,6816
3R1C3/9/4k4/p3p3p/6p2/9/6P1P/3K5/r3A4/2r2A3 b,1,7535
rnbakabnr/9/1c5c1/p1p1p1p1p/9/9/P1P1P1P1P/1C5C1/9/RNBAKABNR w,0.0018086672,5827
rnbakabnr/9/1c5c1/p1p1p1p1p/9/9/P1P1P1P1P/4C2C1/9/RNBAKABNR b,-0.0017840386,110
r1bakabnr/9/1cn4c1/p1p1p1p1p/9/9/P1P1P1P1P/4C2C1/9/RNBAKABNR w,0.0018279552,7445
r1bakabnr/9/1cn4c1/p1p1p1p1p/9/9/P1P1P1P1P/2N1C2C1/9/R1BAKABNR b,-0.0018395424,562
r1baka1nr/9/1cn1b2c1/p1p1p1p1p/9/9/P1P1P1P1P/2N1C2C1/9/R1BAKABNR w,0.001935196,7372
r1baka1nr/9/1cn1b2c1/p1p1p1p1p/9/9/P1P1P1P1P/2N1C2C1/9/1RBAKABNR b,-0.0017724872,1
1rbaka1nr/9/1cn1b2c1/p1p1p1p1p/9/9/P1P1P1P1P/2N1C2C1/9/1RBAKABNR w,0.0016935825,6368
1rbaka1nr/9/1cn1b2c1/p1p1p1p1p/9/9/P1P1P1P1P/2N1CC3/9/1RBAKABNR b,-0.0012760878,654
1rbaka2r/9/1cn1b1nc1/p1p1p1p1p/9/9/P1P1P1P1P/2N1CC3/9/1RBAKABNR w,0.0016003847,7989
1rbaka2r/9/1cn1b1nc1/p1p1p1p1p/9/9/P1P1P1P1P/2N1CCN2/9/1RBAKAB1R b,-0.001368165,3012
1rbaka2r/9/1cn1b1nc1/p1p1p3p/6p2/9/P1P1P1P1P/2N1CCN2/9/1RBAKAB1R w,0.0018723011,8098
1rbaka2r/9/1cn1b1nc1/p1p1p3p/6p2/9/P1P1P1P1P/2N1CCN2/9/1RBAKABR1 b,-0.0020148277,727
1rbaka1r1/9/1cn1b1nc1/p1p1p3p/6p2/9/P1P1P1P1P/2N1CCN2/9/1RBAKABR1 w,0.002764845,5087
1rbaka1r1/9/1cn1b1nc1/p1p1p3p/6p2/2P6/P3P1P1P/2N1CCN2/9/1RBAKABR1 b,-0.0022156478,1765
1rbaka1r1/9/2n1b1nc1/p1p1p3p/6p2/2P6/Pc2P1P1P/2N1CCN2/9/1RBAKABR1 w,0.0050486326,5898
1rbaka1r1/9/2n1b1nc1/p1p1p3p/6p2/2PN5/Pc2P1P1P/4CCN2/9/1RBAKABR1 b,-0.006537807,2311
1rbaka1r1/9/2n1b1n2/p1p1p3p/6p2/2PN5/Pc2P1PcP/4CCN2/9/1RBAKABR1 w,0.007826424,6143
1rbaka1r1/9/2n1bCn2/p1p1p3p/6p2/2PN5/Pc2P1PcP/4C1N2/9/1RBAKABR1 b,-0.0090389615,1986
1rbakabr1/9/2n2Cn2/p1p1p3p/6p2/2PN5/Pc2P1PcP/4C1N2/9/1RBAKABR1 w,0.018145729,4351
1rbakabr1/9/2n2Cn2/p1p1N3p/6p2/2P6/Pc2P1PcP/4C1N2/9/1RBAKABR1 b,-0.0048104883,1831
1rbakabr1/9/5Cn2/p1p1n3p/6p2/2P6/Pc2P1PcP/4C1N2/9/1RBAKABR1 w,0.0050328495,6061
1rbakabr1/9/5Cn2/p1p1C3p/6p2/2P6/Pc2P1PcP/6N2/9/1RBAKABR1 b,0.0090971235,109
2bakabr1/9/1r3Cn2/p1p1C3p/6p2/2P6/Pc2P1PcP/6N2/9/1RBAKABR1 w,0.0020567894,2839
2bakabr1/9/1r3Cn2/p1p5p/6p2/2P1C4/Pc2P1PcP/6N2/9/1RBAKABR1 b,0.0016278028,1733
2bakabr1/9/5rn2/p1p5p/6p2/2P1C4/Pc2P1PcP/6N2/9/1RBAKABR1 w,0.009669137,7435
2bakabr1/9/5rn2/p1p5p/6p2/2P1C4/PR2P1PcP/6N2/9/2BAKABR1 b,-0.0070329546,2201
2bakabr1/9/5r3/p1p5p/5np2/2P1C4/PR2P1PcP/6N2/9/2BAKABR1 w,0.013720393,4987
2bakabr1/9/5r3/p1p5p/1R3np2/2P1C4/P3P1PcP/6N2/9/2BAKABR1 b,-0.008271647,3750
2bakabr1/9/5r3/p1p5p/1R4p2/2P1C4/P3P1ncP/6N2/9/2BAKABR1 w,0.019268824,3372
2bakabr1/9/5r3/p1p5p/6R2/2P1C4/P3P1ncP/6N2/9/2BAKABR1 b,-0.005449331,5449
2bakabr1/9/5r3/p1p5p/6R2/2P1n4/P3P2cP/6N2/9/2BAKABR1 w,0.005648756,5269
2bakabr1/9/5r3/p1p5p/6R2/2P1P4/P6cP/6N2/9/2BAKABR1 b,0.00041036608,5560
2bakabr1/9/5r3/p1p5p/6R2/2P1P4/P7P/6Nc1/9/2BAKABR1 w,0.010370374,7999
2bakabr1/9/5r3/p1p5p/6R2/2P1P4/P7P/6Nc1/7R1/2BAKAB2 b,0.0013684988,2138
2bakabr1/9/9/p1p5p/6R2/2P1P4/P7P/5rNc1/7R1/2BAKAB2 w,0.0002934456,3813
2bakabr1/9/9/p1p3R1p/9/2P1P4/P7P/5rNc1/7R1/2BAKAB2 b,-0.00019423962,691
2bakab2/9/9/p1p3R1p/9/2P1P4/P6rP/5rNc1/7R1/2BAKAB2 w,0.01431396,2976
2bakaR2/9/9/p1p5p/9/2P1P4/P6rP/5rNc1/7R1/2BAKAB2 b,-0.0049366714,5548
2bakaR2/9/9/p1p5p/9/2P1P4/P3r3P/5rNc1/7R1/2BAKAB2 w,0.015844798,7186
2bakaR2/9/9/p1p5p/9/2P1P4/P3r3P/5rNc1/4R4/2BAKAB2 b,-0.0031026364,5276
2bakaR2/9/9/p1p5p/9/2P1P4/P1r5P/5rNc1/4R4/2BAKAB2 w,0.008119798,582
2baka3/9/9/p1p5p/6R2/2P1P4/P1r5P/5rNc1/4R4/2BAKAB2 b,0.0032861473,5123
2baka3/9/9/p1p5p/6R2/2P1P4/P7P/5rNc1/4R4/2rAKAB2 w,0.0019141913,6919
2baka3/9/9/p1p5p/6R2/2P1P4/P7P/5rNc1/7R1/2rAKAB2 b,0.011695052,6371
2baka3/9/9/p1p5p/6R2/2P1P4/P7P/5rN1c/7R1/2rAKAB2 w,-0.004125607,7185
2baka3/9/9/p1p5p/6R2/2P1P4/P7P/5rN1c/3R5/2rAKAB2 b,0.023839831,6479
2baka3/9/9/p1p5p/6R2/2P1P4/P7P/5rN2/3R5/2rAKAB1c w,-0.006341267,3840
2baka3/9/9/p1p5p/9/2P1P4/P5R1P/5rN2/3R5/2rAKAB1c b,0.043950487,7535
2baka3/9/9/p1p5p/9/2P1P4/P5R1P/2r2rN2/3R5/3AKAB1c w,-0.03617847,6830
2baka3/9/9/p1p5p/9/2P1P4/P5R1P/2r2rN2/8R/3AKAB1c b,0.027396107,6189
2baka3/9/9/p1p5p/9/2P1P4/P5R1P/2r3r2/8R/3AKAB1c w,-0.0037775754,5469
2baka3/9/9/p1p5p/9/2P1P4/P7P/2r3R2/8R/3AKAB1c b,0.01324401,5919
2baka3/9/9/p1p5p/9/2P1P4/P7P/6r2/8R/3AKAB1c w,-0.0052612186,7289
2baka3/9/9/p1p5p/9/2P1P4/P7P/6r2/9/3AKAB1R b,0.010446787,6261
2baka3/9/9/p1p5p/9/2P1P1r2/P7P/9/9/3AKAB1R w,0.00039951803,8090
2baka3/9/9/p1p5p/9/2P1P1r2/P7P/9/8R/3AKAB2 b,-0.0047643185,4639
2baka3/9/9/p1p5p/9/2P1r4/P7P/9/8R/3AKAB2 w,0.008339596,7276
2baka3/9/9/p1p5p/9/2P1r4/P7P/9/4R4/3AKAB2 b,-0.0015986682,4486
2baka3/9/9/p1p5p/9/2P6/P7P/9/4r4/3AKAB2 w,0.002501011,7636
2baka3/9/9/p1p5p/9/2P6/P7P/9/4A4/4KAB2 b,-0.0017734051,2466
2baka3/9/9/2p5p/p8/2P6/P7P/9/4A4/4KAB2 w,0.003227854,5633
2baka3/9/9/2p5p/p8/2P5P/P8/9/4A4/4KAB2 b,-0.0013196826,463
2bak4/4a4/9/2p5p/p8/2P5P/P8/9/4A4/4KAB2 w,0.0016704559,6908
2bak4/4a4/9/2p5p/p8/2P5P/P8/5A3/9/4KAB2 b,-0.001856649,365
2ba1k3/4a4/9/2p5p/p8/2P5P/P8/5A3/9/4KAB2 w,0.002744937,7816
2ba1k3/4a4/9/2p5p/p8/2P5P/P8/5A3/4A4/4K1B2 b,-0.002917409,1191
2ba1k3/9/3a5/2p5p/p8/2P5P/P8/5A3/4A4/4K1B2 w,0.0022543909,7897
2ba1k3/9/3a5/2p5p/p8/2P5P/P8/4BA3/4A4/4K4 b,-0.0019094705,454
2bak4/9/3a5/2p5p/p8/2P5P/P8/4BA3/4A4/4K4 w,0.0021011115,6081
2bak4/9/3a5/2p5p/p8/2P3B1P/P8/5A3/4A4/4K4 b,-0.0010344743,202
3ak4/9/3ab4/2p5p/p8/2P3B1P/P8/5A3/4A4/4K4 w,0.0035273791,6906
3ak4/9/3ab4/2p5p/p8/2P3B1P/P8/3A1A3/9/4K4 b,-0.0021583915,1903
3ak4/4a4/4b4/2p5p/p8/2P3B1P/P8/3A1A3/9/4K4 w,0.0036521435,4661
3ak4/4a4/4b4/2p5p/p8/2P5P/P8/3A1A2B/9/4K4 b,-0.002785802,1982
2bak4/4a4/9/2p5p/p8/2P5P/P8/3A1A2B/9/4K4 w,0.0039019824,6441
2bak4/4a4/9/2p5p/p8/2P3B1P/P8/3A1A3/9/4K4 b,-0.0047219754,365
2ba1k3/4a4/9/2p5p/p8/2P3B1P/P8/3A1A3/9/4K4 w,0.005328107,4661
2ba1k3/4a4/9/2p5p/p8/2P5P/P8/3A1A2B/9/4K4 b,0,454
rnbakabnr/9/1c5c1/p1p1p1p1p/9/9/P1P1P1P1P/1C5C1/9/RNBAKABNR w,0.8018177,5827
rnbakabnr/9/1c5c1/p1p1p1p1p/9/9/P1P1P1P1P/4C2C1/9/RNBAKABNR b,-0.8017668,110
r1bakabnr/9/1cn4c1/p1p1p1p1p/9/9/P1P1P1P1P/4C2C1/9/RNBAKABNR w,0.8018261,7445
r1bakabnr/9/1cn4c1/p1p1p1p1p/9/9/P1P1P1P1P/2N1C2C1/9/R1BAKABNR b,-0.80183786,562
r1baka1nr/9/1cn1b2c1/p1p1p1p1p/9/9/P1P1P1P1P/2N1C2C1/9/R1BAKABNR w,0.8019055,7372
r1baka1nr/9/1cn1b2c1/p1p1p1p1p/9/9/P1P1P1P1P/2N1C2C1/9/1RBAKABNR b,-0.8017706,1
1rbaka1nr/9/1cn1b2c1/p1p1p1p1p/9/9/P1P1P1P1P/2N1C2C1/9/1RBAKABNR w,0.801707,6368
1rbaka1nr/9/1cn1b2c1/p1p1p1p1p/9/9/P1P1P1P1P/2N1CC3/9/1RBAKABNR b,-0.8012789,654
1rbaka2r/9/1cn1b1nc1/p1p1p1p1p/9/9/P1P1P1P1P/2N1CC3/9/1RBAKABNR w,0.8015947,7989
1rbaka2r/9/1cn1b1nc1/p1p1p1p1p/9/9/P1P1P1P1P/2N1CCN2/9/1RBAKAB1R b,-0.8013648,3012
1rbaka2r/9/1cn1b1nc1/p1p1p3p/6p2/9/P1P1P1P1P/2N1CCN2/9/1RBAKAB1R w,0.80189395,8098
1rbaka2r/9/1cn1b1nc1/p1p1p3p/6p2/9/P1P1P1P1P/2N1CCN2/9/1RBAKABR1 b,-0.8020108,727
1rbaka1r1/9/1cn1b1nc1/p1p1p3p/6p2/9/P1P1P1P1P/2N1CCN2/9/1RBAKABR1 w,0.80251306,5087
1rbaka1r1/9/1cn1b1nc1/p1p1p3p/6p2/2P6/P3P1P1P/2N1CCN2/9/1RBAKABR1 b,-0.8021299,1765
1rbaka1r1/9/2n1b1nc1/p1p1p3p/6p2/2P6/Pc2P1P1P/2N1CCN2/9/1RBAKABR1 w,0.80470604,5898
1rbaka1r1/9/2n1b1nc1/p1p1p3p/6p2/2PN5/Pc2P1P1P/4CCN2/9/1RBAKABR1 b,-0.80650157,2311
1rbaka1r1/9/2n1b1n2/p1p1p3p/6p2/2PN5/Pc2P1PcP/4CCN2/9/1RBAKABR1 w,0.8079318,6143
1rbaka1r1/9/2n1bCn2/p1p1p3p/6p2/2PN5/Pc2P1PcP/4C1N2/9/1RBAKABR1 b,-0.80890244,1986
1rbakabr1/9/2n2Cn2/p1p1p3p/6p2/2PN5/Pc2P1PcP/4C1N2/9/1RBAKABR1 w,0.81776637,4351
1rbakabr1/9/2n2Cn2/p1p1N3p/6p2/2P6/Pc2P1PcP/4C1N2/9/1RBAKABR1 b,-0.8047562,1831
1rbakabr1/9/5Cn2/p1p1n3p/6p2/2P6/Pc2P1PcP/4C1N2/9/1RBAKABR1 w,0.8050499,6061
1rbakabr1/9/5Cn2/p1p1C3p/6p2/2P6/Pc2P1PcP/6N2/9/1RBAKABR1 b,-0.7907896,109
2bakabr1/9/1r3Cn2/p1p1C3p/6p2/2P6/Pc2P1PcP/6N2/9/1RBAKABR1 w,0.80192703,2839
2bakabr1/9/1r3Cn2/p1p5p/6p2/2P1C4/Pc2P1PcP/6N2/9/1RBAKABR1 b,-0.79825854,1733
2bakabr1/9/5rn2/p1p5p/6p2/2P1C4/Pc2P1PcP/6N2/9/1RBAKABR1 w,0.8099552,7435
2bakabr1/9/5rn2/p1p5p/6p2/2P1C4/PR2P1PcP/6N2/9/2BAKABR1 b,-0.8074193,2129
2bakabr1/9/6n2/p1p5p/6p2/2P1C4/PR2PrPcP/6N2/9/2BAKABR1 w,0.81497216,4987
2bakabr1/9/6n2/p1p5p/1R4p2/2P1C4/P3PrPcP/6N2/9/2BAKABR1 b,-0.80453,2201
2bakabr1/9/9/p1p5p/1R3np2/2P1C4/P3PrPcP/6N2/9/2BAKABR1 w,0.821211,7897
2bakabr1/9/9/p1p5p/1R3np2/2P1C4/P3PrPcP/4B1N2/9/2BAKA1R1 b,-0.8092787,3748
2bakabr1/9/9/p1p5p/1R4p2/2P1C4/P3nrPcP/4B1N2/9/2BAKA1R1 w,0.82615525,7816
2bakabr1/9/9/p1p5p/1R4p2/2P1C4/P3nrPcP/4B1N2/4A4/2BAK2R1 b,-0.809748,5370
2bakabr1/9/9/p1p5p/1R4p2/2P1C4/P3n1rcP/4B1N2/4A4/2BAK2R1 w,0.812631,3370
2bakabr1/9/9/p1p5p/4R1p2/2P1C4/P3n1rcP/4B1N2/4A4/2BAK2R1 b,-0.8096836,562
2baka1r1/9/4b4/p1p5p/4R1p2/2P1C4/P3n1rcP/4B1N2/4A4/2BAK2R1 w,0.8146636,6268
2baka1r1/9/4b4/p1p5p/4R1p2/2P1C4/P3N1rcP/4B4/4A4/2BAK2R1 b,-0.80473614,5458
2baka1r1/9/4b4/p1p5p/4R1p2/2P1C4/P3r2cP/4B4/4A4/2BAK2R1 w,0.8182746,3622
2baka1r1/9/4R4/p1p5p/6p2/2P1C4/P3r2cP/4B4/4A4/2BAK2R1 b,-0.8341382,463
2bak2r1/4a4/4R4/p1p5p/6p2/2P1C4/P3r2cP/4B4/4A4/2BAK2R1 w,0.9186608,2005
2bak2r1/4a4/7R1/p1p5p/6p2/2P1C4/P3r2cP/4B4/4A4/2BAK2R1 b,-0.9161826,1175
2baka1r1/9/7R1/p1p5p/6p2/2P1C4/P3r2cP/4B4/4A4/2BAK2R1 w,0.9161944,2257
2baka1R1/9/9/p1p5p/6p2/2P1C4/P3r2cP/4B4/4A4/2BAK2R1 b,-0.9084193,5544
2baka1R1/9/9/p1p5p/6p2/2P1C4/c3r3P/4B4/4A4/2BAK2R1 w,0.91959655,4460
2baka1R1/9/9/p1p5p/6p2/2P2C3/c3r3P/4B4/4A4/2BAK2R1 b,-0.91000205,3831
2baka1R1/9/9/p1p5p/9/2P2Cp2/c3r3P/4B4/4A4/2BAK2R1 w,0.91786695,6081
2baka1R1/9/9/p1p5p/9/2P2CB2/c3r3P/9/4A4/2BAK2R1 b,-0.91003567,4941
2baka1R1/9/9/p1p5p/9/2P2CB2/4r3P/9/4A4/c1BAK2R1 w,0.9211797,7954
2baka1R1/9/9/p1p4Rp/9/2P2CB2/4r3P/9/4A4/c1BAK4 b,-0.8914278,5296
2baka1R1/9/9/p1p4Rp/9/2P2CB2/8P/9/4r4/c1BAK4 w,0.8949184,7736
2baka1R1/9/9/p1p4Rp/9/2P2CB2/8P/9/4r4/c1BA1K3 b,-0.88083243,6898
2baka1R1/9/9/p1p4Rp/9/2P2CB2/4r3P/9/9/c1BA1K3 w,0.89799494,4568
2baka1R1/9/9/p1p4Rp/9/2P3B2/4r3P/5C3/9/c1BA1K3 b,-0.89041954,5279
2baka1R1/9/9/p1p4Rp/9/2P3B2/5r2P/5C3/9/c1BA1K3 w,0.89996624,7817
2baka1R1/9/9/p1p4Rp/9/2P3B2/5r2P/5C3/5K3/c1BA5 b,-0.90469277,7374
2baka1R1/9/9/p1p4Rp/9/2P3B2/5r2P/5C3/5K3/2Bc5 w,0.92075056,3089
2baka1R1/9/9/p1R5p/9/2P3B2/5r2P/5C3/5K3/2Bc5 b,-0.88189185,7646
2baka1R1/9/9/p1R5p/9/2P3B2/5r2P/5C3/5K3/2B2c3 w,0.91302615,700
2baka3/9/9/p1R5p/9/2P3B2/5r2P/5C1R1/5K3/2B2c3 b,-0.91017365,7808
2baka3/9/9/p1R5p/9/2P3B2/5r2P/5c1R1/5K3/2B6 w,0.92167324,6368
2baka3/9/9/p1R5p/9/2P3B2/5r2P/5R3/5K3/2B6 b,-0.9200819,5378
2baka3/9/9/p1R5p/9/2P3B2/8P/5r3/5K3/2B6 w,0.9212418,6998
2baka3/9/9/p1R5p/9/2P3B2/8P/5K3/9/2B6 b,-0.9194941,3194
2baka3/9/9/p1R6/8p/2P3B2/8P/5K3/9/2B6 w,0.92624587,2612
2Raka3/9/9/p8/8p/2P3B2/8P/5K3/9/2B6 b,-0.9204405,4013
2Raka3/9/9/p8/9/2P3B1p/8P/5K3/9/2B6 w,0.93800896,5633
2Raka3/9/9/p8/9/2P3B1P/9/5K3/9/2B6 b,-0.93626225,2466
2Raka3/9/9/9/p8/2P3B1P/9/5K3/9/2B6 w,0.9391269,218
3aka3/9/9/9/p1R6/2P3B1P/9/5K3/9/2B6 b,-0.9364902,3285
3aka3/9/9/9/2R6/p1P3B1P/9/5K3/9/2B6 w,0.9360396,3460
3aka3/9/9/9/4R4/p1P3B1P/9/5K3/9/2B6 b,-0.9358659,283
4ka3/4a4/9/9/4R4/p1P3B1P/9/5K3/9/2B6 w,0.9399307,4268
4ka3/4a4/9/9/2P1R4/p5B1P/9/5K3/9/2B6 b,-0.9399192,4104
4ka3/4a4/9/9/2P1R4/6B1P/p8/5K3/9/2B6 w,0.94071674,6187
4ka3/4a4/9/9/2P1R4/6B1P/p8/4K4/9/2B6 b,-0.9361591,4915
4ka3/4a4/9/9/2P1R4/6B1P/1p7/4K4/9/2B6 w,0.93727374,6106
4ka3/4a4/9/9/2P1R4/6B1P/1p7/9/4K4/2B6 b,-0.93529296,5006
4ka3/4a4/9/9/2P1R4/6B1P/2p6/9/4K4/2B6 w,0.93876815,3449
4ka3/4a4/9/2P6/4R4/6B1P/2p6/9/4K4/2B6 b,-0.9455757,5105
4ka3/4a4/9/2P6/4R4/6B1P/9/2p6/4K4/2B6 w,0.9493132,3638
4ka3/4a4/9/2P6/2R6/6B1P/9/2p6/4K4/2B6 b,-0.9478469,5916
4ka3/4a4/9/2P6/2R6/6B1P/9/3p5/4K4/2B6 w,0.9555209,2630
4ka3/4a4/2P6/9/2R6/6B1P/9/3p5/4K4/2B6 b,-0.9616195,6015
4ka3/4a4/2P6/9/2R6/6B1P/9/9/3pK4/2B6 w,0.968812,6925
4ka3/4a4/2P6/9/2R6/6B1P/9/9/3p5/2B1K4 b,-0.96242166,6834
4ka3/4a4/2P6/9/2R6/6B1P/9/9/9/2BpK4 w,0.9662068,7726
4ka3/4a4/2P6/9/2R6/6B1P/9/9/4K4/2Bp5 b,-0.9647691,7643
4ka3/4a4/2P6/9/2R6/6B1P/9/9/4K4/2p6 w,0.9841537,1811
4ka3/2P1a4/9/9/2R6/6B1P/9/9/4K4/2p6 b,-0.9741981,363
3k1a3/2P1a4/9/9/2R6/6B1P/9/9/4K4/2p6 w,0.9979152,3456
3k1a3/2P1a4/9/9/R8/6B1P/9/9/4K4/2p6 b,-0.9981727,7554
3k1a3/2P1a4/9/9/R8/6B1P/9/9/4K4/3p5 w,1,3240
rnbakabnr/9/1c5c1/p1p1p1p1p/9/9/P1P1P1P1P/1C5C1/9/RNBAKABNR w,0.0018177032,5827
rnbakabnr/9/1c5c1/p1p1p1p1p/9/9/P1P1P1P1P/4C2C1/9/RNBAKABNR b,-0.0017655134,110
r1bakabnr/9/1cn4c1/p1p1p1p1p/9/9/P1P1P1P1P/4C2C1/9/RNBAKABNR w,0.0018260956,7445
r1bakabnr/9/1cn4c1/p1p1p1p1p/9/9/P1P1P1P1P/2N1C2C1/9/R1BAKABNR b,-0.0018071294,562
r1baka1nr/9/1cn1b2c1/p1p1p1p1p/9/9/P1P1P1P1P/2N1C2C1/9/R1BAKABNR w,0.0019419909,7372
r1baka1nr/9/1cn1b2c1/p1p1p1p1p/9/9/P1P1P1P1P/2N1C2C1/9/1RBAKABNR b,-0.001772213,1
1rbaka1nr/9/1cn1b2c1/p1p1p1p1p/9/9/P1P1P1P1P/2N1C2C1/9/1RBAKABNR w,0.0017125607,6368
1rbaka1nr/9/1cn1b2c1/p1p1p1p1p/9/9/P1P1P1P1P/2N1CC3/9/1RBAKABNR b,-0.0012718678,654
1rbaka2r/9/1cn1b1nc1/p1p1p1p1p/9/9/P1P1P1P1P/2N1CC3/9/1RBAKABNR w,0.0015803337,7989
1rbaka2r/9/1cn1b1nc1/p1p1p1p1p/9/9/P1P1P1P1P/2N1CCN2/9/1RBAKAB1R b,-0.0013685942,3012
1rbaka2r/9/1cn1b1nc1/p1p1p3p/6p2/9/P1P1P1P1P/2N1CCN2/9/1RBAKAB1R w,0.0018939496,8098
1rbaka2r/9/1cn1b1nc1/p1p1p3p/6p2/9/P1P1P1P1P/2N1CCN2/9/1RBAKABR1 b,-0.0019925595,727
1rbaka1r1/9/1cn1b1nc1/p1p1p3p/6p2/9/P1P1P1P1P/2N1CCN2/9/1RBAKABR1 w,0.002513051,5087
1rbaka1r1/9/1cn1b1nc1/p1p1p3p/6p2/2P6/P3P1P1P/2N1CCN2/9/1RBAKABR1 b,-0.0021833777,1765
1rbaka1r1/9/2n1b1nc1/p1p1p3p/6p2/2P6/Pc2P1P1P/2N1CCN2/9/1RBAKABR1 w,0.004761744,5898
1rbaka1r1/9/2n1b1nc1/p1p1p3p/6p2/2PN5/Pc2P1P1P/4CCN2/9/1RBAKABR1 b,-0.0064492226,2311
1rbaka1r1/9/2n1b1n2/p1p1p3p/6p2/2PN5/Pc2P1PcP/4CCN2/9/1RBAKABR1 w,0.007931757,6143
1rbaka1r1/9/2n1bCn2/p1p1p3p/6p2/2PN5/Pc2P1PcP/4C1N2/9/1RBAKABR1 b,-0.008902455,1986
1rbakabr1/9/2n2Cn2/p1p1p3p/6p2/2PN5/Pc2P1PcP/4C1N2/9/1RBAKABR1 w,0.01736815,4351
1rbakabr1/9/2n2Cn2/p1p1N3p/6p2/2P6/Pc2P1PcP/4C1N2/9/1RBAKABR1 b,-0.004786694,1831
1rbakabr1/9/5Cn2/p1p1n3p/6p2/2P6/Pc2P1PcP/4C1N2/9/1RBAKABR1 w,0.0050396207,6061
1rbakabr1/9/5Cn2/p1p1C3p/6p2/2P6/Pc2P1PcP/6N2/9/1RBAKABR1 b,0.008889603,109
2bakabr1/9/1r3Cn2/p1p1C3p/6p2/2P6/Pc2P1PcP/6N2/9/1RBAKABR1 w,0.0022862197,2839
2bakabr1/9/1r3Cn2/p1p5p/6p2/2P1C4/Pc2P1PcP/6N2/9/1RBAKABR1 b,0.0012031317,1733
2bakabr1/9/5rn2/p1p5p/6p2/2P1C4/Pc2P1PcP/6N2/9/1RBAKABR1 w,0.009611654,7435
2bakabr1/9/5rn2/p1p5p/6p2/2P1C4/PR2P1PcP/6N2/9/2BAKABR1 b,-0.0064448714,2201
2bakabr1/9/5r3/p1p5p/5np2/2P1C4/PR2P1PcP/6N2/9/2BAKABR1 w,0.013720393,4987
2bakabr1/9/5r3/p1p5p/1R3np2/2P1C4/P3P1PcP/6N2/9/2BAKABR1 b,-0.008253551,3750
2bakabr1/9/5r3/p1p5p/1R4p2/2P1C4/P3P1ncP/6N2/9/2BAKABR1 w,0.019362355,3372
2bakabr1/9/5r3/p1p5p/6R2/2P1C4/P3P1ncP/6N2/9/2BAKABR1 b,-0.005449331,5449
2bakabr1/9/5r3/p1p5p/6R2/2P1n4/P3P2cP/6N2/9/2BAKABR1 w,0.0055981874,5269
2bakabr1/9/5r3/p1p5p/6R2/2P1P4/P6cP/6N2/9/2BAKABR1 b,0.0005825758,5560
2bakabr1/9/5r3/p1p5p/6R2/2P1P4/P7P/6Nc1/9/2BAKABR1 w,0.010041261,7999
2bakabr1/9/5r3/p1p5p/6R2/2P1P4/P7P/6Nc1/7R1/2BAKAB2 b,0.0015562058,2138
2bakabr1/9/9/p1p5p/6R2/2P1P4/P7P/5rNc1/7R1/2BAKAB2 w,0.00889225,7816
2bakabr1/9/9/p1p5p/6R2/2P1P4/P7P/5rNc1/4A2R1/2BAK1B2 b,-0.005043972,6179
2bakabr1/9/9/p1p5p/6R2/2P1P4/P4r2P/6Nc1/4A2R1/2BAK1B2 w,0.009476304,3813
2bakabr1/9/9/p1p3R1p/9/2P1P4/P4r2P/6Nc1/4A2R1/2BAK1B2 b,-0.014188278,5372
2bakabr1/9/9/p1p3R1p/9/2P1P4/P7r/6Nc1/4A2R1/2BAK1B2 w,0.01886251,6260
2bakabr1/9/9/p1p3R1p/9/2P1PN3/P7r/7c1/4A2R1/2BAK1B2 b,-0.020648038,5669
2bakabr1/9/9/p1p3R1p/9/2P1PN3/P8/7c1/4A2R1/2BAK1B1r w,0.01992979,6926
2bakabr1/9/9/p1p3R1p/9/2P1PN3/P8/7c1/7R1/2BAKAB1r b,-0.004148591,682
2bakab2/9/9/p1p3R1p/9/2P1PN1r1/P8/7c1/7R1/2BAKAB1r w,0.015444303,4531
2bakab2/9/9/p1p1N1R1p/9/2P1P2r1/P8/7c1/7R1/2BAKAB1r b,-0.004084766,562
2baka3/9/4b4/p1p1N1R1p/9/2P1P2r1/P8/7c1/7R1/2BAKAB1r w,0.01773429,2814
2baka3/9/4b1N2/p1p3R1p/9/2P1P2r1/P8/7c1/7R1/2BAKAB1r b,-0.005696535,283
2b1ka3/4a4/4b1N2/p1p3R1p/9/2P1P2r1/P8/7c1/7R1/2BAKAB1r w,0.022601103,4450
2b1ka3/4a4/4b1N2/p1p3R1p/4P4/2P4r1/P8/7c1/7R1/2BAKAB1r b,-0.009765959,6361
2b1ka3/4a4/4b1N2/p1p3R1p/4P4/2P4r1/P6c1/9/7R1/2BAKAB1r w,0.035689592,3030
2b1ka3/4a4/4b1N2/p1p5p/4P4/2P4r1/P5Rc1/9/7R1/2BAKAB1r b,-0.02747202,8054
2b1ka3/4a4/4b1N2/p1p5p/4P3r/2P4r1/P5Rc1/9/7R1/2BAKAB2 w,0.040822458,3631
2b1ka3/4a4/4b1N2/p1p1P3p/8r/2P4r1/P5Rc1/9/7R1/2BAKAB2 b,-0.030295825,4000
2b1ka3/4a4/4b1N2/p1p1P3p/4r4/2P4r1/P5Rc1/9/7R1/2BAKAB2 w,0.04376178,7537
2b1ka3/4a4/4b1N2/p1p1P3p/4r4/2P4r1/P5Rc1/4B4/7R1/3AKAB2 b,-0.02710153,5560
2b1ka3/4a4/4b1N2/p1p1P3p/4r4/2P4r1/P5R2/4B2c1/7R1/3AKAB2 w,0.034919858,2812
2b1ka3/4a4/4P1N2/p1p5p/4r4/2P4r1/P5R2/4B2c1/7R1/3AKAB2 b,-0.028063549,202
4ka3/4a4/4b1N2/p1p5p/4r4/2P4r1/P5R2/4B2c1/7R1/3AKAB2 w,0.039639663,7183
4ka3/4a4/4b1N2/p1p5p/4r4/2P4r1/P5R2/4B2c1/1R7/3AKAB2 b,-0.021533167,4728
4ka3/4a4/4b1N2/p1p5p/4r4/2Pr5/P5R2/4B2c1/1R7/3AKAB2 w,0.029404951,6571
1R2ka3/4a4/4b1N2/p1p5p/4r4/2Pr5/P5R2/4B2c1/9/3AKAB2 b,-0.023234844,4323
1R1rka3/4a4/4b1N2/p1p5p/4r4/2P6/P5R2/4B2c1/9/3AKAB2 w,0.025398899,100
3rka3/1R2a4/4b1N2/p1p5p/4r4/2P6/P5R2/4B2c1/9/3AKAB2 b,-0.008222616,6352
3rka3/1R2a4/4b1N2/p1p5p/4r4/2P4c1/P5R2/4B4/9/3AKAB2 w,0.028199483,7636
3rka3/1R2a4/4b1N2/p1p5p/4r4/2P4c1/P5R2/4B4/4A4/4KAB2 b,-0.0054370523,4729
3rka3/1R2a4/4b1N2/p1p5p/4r4/2P1c4/P5R2/4B4/4A4/4KAB2 w,0.01707201,5458
3rka3/1R2a4/4b1N2/p1p5p/4r4/2P1c4/P3R4/4B4/4A4/4KAB2 b,-0.0049078465,309
4ka3/1R2a4/4b1N2/p1p5p/3rr4/2P1c4/P3R4/4B4/4A4/4KAB2 w,0.013011289,901
1R2ka3/4a4/4b1N2/p1p5p/3rr4/2P1c4/P3R4/4B4/4A4/4KAB2 b,-0.009637869,3513
1R1rka3/4a4/4b1N2/p1p5p/4r4/2P1c4/P3R4/4B4/4A4/4KAB2 w,0.019435406,145
3rka3/4a4/4b1N2/p1p5p/4r4/2P1c4/PR2R4/4B4/4A4/4KAB2 b,-0.00003232956,300
4ka3/4a4/4b1N2/p1pr4p/4r4/2P1c4/PR2R4/4B4/4A4/4KAB2 w,0.0068480494,4951
1R2ka3/4a4/4b1N2/p1pr4p/4r4/2P1c4/P3R4/4B4/4A4/4KAB2 b,0,2703
rnbakabnr/9/1c5c1/p1p1p1p1p/9/9/P1P1P1P1P/1C5C1/9/RNBAKABNR w,0.0018086672,5827
rnbakabnr/9/1c5c1/p1p1p1p1p/9/9/P1P1P1P1P/4C2C1/9/RNBAKABNR b,-0.0017681838,110
r1bakabnr/9/1cn4c1/p1p1p1p1p/9/9/P1P1P1P1P/4C2C1/9/RNBAKABNR w,0.0018248558,7445
r1bakabnr/9/1cn4c1/p1p1p1p1p/9/9/P1P1P1P1P/2N1C2C1/9/R1BAKABNR b,-0.0018071294,562
r1baka1nr/9/1cn1b2c1/p1p1p1p1p/9/9/P1P1P1P1P/2N1C2C1/9/R1BAKABNR w,0.0019635202,7372
r1baka1nr/9/1cn1b2c1/p1p1p1p1p/9/9/P1P1P1P1P/2N1C2C1/9/1RBAKABNR b,-0.0017710209,1
1rbaka1nr/9/1cn1b2c1/p1p1p1p1p/9/9/P1P1P1P1P/2N1C2C1/9/1RBAKABNR w,0.0017012835,6368
1rbaka1nr/9/1cn1b2c1/p1p1p1p1p/9/9/P1P1P1P1P/2N1CC3/9/1RBAKABNR b,-0.0012780905,654
1rbaka2r/9/1cn1b1nc1/p1p1p1p1p/9/9/P1P1P1P1P/2N1CC3/9/1RBAKABNR w,0.0015946865,7989
1rbaka2r/9/1cn1b1nc1/p1p1p1p1p/9/9/P1P1P1P1P/2N1CCN2/9/1RBAKAB1R b,-0.0013876081,3012
1rbaka2r/9/1cn1b1nc1/p1p1p3p/6p2/9/P1P1P1P1P/2N1CCN2/9/1RBAKAB1R w,0.0018939496,8098
1rbaka2r/9/1cn1b1nc1/p1p1p3p/6p2/9/P1P1P1P1P/2N1CCN2/9/1RBAKABR1 b,-0.0020040155,727
1rbaka1r1/9/1cn1b1nc1/p1p1p3p/6p2/9/P1P1P1P1P/2N1CCN2/9/1RBAKABR1 w,0.0025175572,5087
1rbaka1r1/9/1cn1b1nc1/p1p1p3p/6p2/2P6/P3P1P1P/2N1CCN2/9/1RBAKABR1 b,-0.00222553,1765
1rbaka1r1/9/2n1b1nc1/p1p1p3p/6p2/2P6/Pc2P1P1P/2N1CCN2/9/1RBAKABR1 w,0.005081558,5898
1rbaka1r1/9/2n1b1nc1/p1p1p3p/6p2/2PN5/Pc2P1P1P/4CCN2/9/1RBAKABR1 b,-0.006537807,2311
1rbaka1r1/9/2n1b1n2/p1p1p3p/6p2/2PN5/Pc2P1PcP/4CCN2/9/1RBAKABR1 w,0.007896758,6143
1rbaka1r1/9/2n1bCn2/p1p1p3p/6p2/2PN5/Pc2P1PcP/4C1N2/9/1RBAKABR1 b,-0.008457172,1986
1rbakabr1/9/2n2Cn2/p1p1p3p/6p2/2PN5/Pc2P1PcP/4C1N2/9/1RBAKABR1 w,0.018145729,4351
1rbakabr1/9/2n2Cn2/p1p1N3p/6p2/2P6/Pc2P1PcP/4C1N2/9/1RBAKABR1 b,-0.004814041,1831
1rbakabr1/9/5Cn2/p1p1n3p/6p2/2P6/Pc2P1PcP/4C1N2/9/1RBAKABR1 w,0.0050498727,6061
1rbakabr1/9/5Cn2/p1p1C3p/6p2/2P6/Pc2P1PcP/6N2/9/1RBAKABR1 b,0.009614253,109
2bakabr1/9/1r3Cn2/p1p1C3p/6p2/2P6/Pc2P1PcP/6N2/9/1RBAKABR1 w,0.0022862197,2839
2bakabr1/9/1r3Cn2/p1p5p/6p2/2P1C4/Pc2P1PcP/6N2/9/1RBAKABR1 b,0.0012335539,1733
2bakabr1/9/5rn2/p1p5p/6p2/2P1C4/Pc2P1PcP/6N2/9/1RBAKABR1 w,0.009648657,7435
2bakabr1/9/5rn2/p1p5p/6p2/2P1C4/PR2P1PcP/6N2/9/2BAKABR1 b,-0.007027888,2201
2bakabr1/9/5r3/p1p5p/5np2/2P1C4/PR2P1PcP/6N2/9/2BAKABR1 w,0.013067961,4987
2bakabr1/9/5r3/p1p5p/1R3np2/2P1C4/P3P1PcP/6N2/9/2BAKABR1 b,-0.008365214,3750
2bakabr1/9/5r3/p1p5p/1R4p2/2P1C4/P3P1ncP/6N2/9/2BAKABR1 w,0.017807437,3372
2bakabr1/9/5r3/p1p5p/6R2/2P1C4/P3P1ncP/6N2/9/2BAKABR1 b,-0.005449605,5449
2bakabr1/9/5r3/p1p5p/6R2/2P1n4/P3P2cP/6N2/9/2BAKABR1 w,0.0058344128,5269
2bakabr1/9/5r3/p1p5p/6R2/2P1P4/P6cP/6N2/9/2BAKABR1 b,0.00047535897,5560
2bakabr1/9/5r3/p1p5p/6R2/2P1P4/P7P/6Nc1/9/2BAKABR1 w,0.009267569,7999
2bakabr1/9/5r3/p1p5p/6R2/2P1P4/P7P/6Nc1/7R1/2BAKAB2 b,0.0012300014,2138
2bakabr1/9/9/p1p5p/6R2/2P1P4/P7P/5rNc1/7R1/2BAKAB2 w,0.0005050421,3813
2bakabr1/9/9/p1p3R1p/9/2P1P4/P7P/5rNc1/7R1/2BAKAB2 b,-0.003124237,6361
2bakabr1/9/9/p1p3R1p/9/2P1P4/P6cP/5rN2/7R1/2BAKAB2 w,0.022400618,4450
2bakabr1/9/9/p1p3R1p/4P4/2P6/P6cP/5rN2/7R1/2BAKAB2 b,-0.009110105,673
2bakab2/9/9/p1p3R1p/4P2r1/2P6/P6cP/5rN2/7R1/2BAKAB2 w,0.035173632,7186
2bakab2/9/9/p1p3R1p/4P2r1/2P6/P6cP/5rN2/4R4/2BAKAB2 b,-0.018875433,283
2b1kab2/4a4/9/p1p3R1p/4P2r1/2P6/P6cP/5rN2/4R4/2BAKAB2 w,0.043191195,2976
2b1kaR2/4a4/9/p1p5p/4P2r1/2P6/P6cP/5rN2/4R4/2BAKAB2 b,-0.030152166,3194
2b1kaR2/4a4/9/p1p6/4P2rp/2P6/P6cP/5rN2/4R4/2BAKAB2 w,0.054351997,573
2b1ka3/4a4/9/p1p3R2/4P2rp/2P6/P6cP/5rN2/4R4/2BAKAB2 b,-0.04306934,5547
2b1ka3/4a4/9/p1p3R2/4P2rp/2P6/P2c4P/5rN2/4R4/2BAKAB2 w,0.057604004,3631
2b1ka3/4a4/9/p1p1P1R2/7rp/2P6/P2c4P/5rN2/4R4/2BAKAB2 b,-0.048954714,3940
2b1ka3/4a4/9/p1p1P1R2/8p/2P6/P2c4P/5rNr1/4R4/2BAKAB2 w,0.05453229,2812
2b1ka3/4a4/4P4/p1p3R2/8p/2P6/P2c4P/5rNr1/4R4/2BAKAB2 b,-0.02697344,202
4ka3/4a4/4b4/p1p3R2/8p/2P6/P2c4P/5rNr1/4R4/2BAKAB2 w,0.026503993,6862
4ka3/4a4/4R4/p1p3R2/8p/2P6/P2c4P/5rNr1/9/2BAKAB2 b,-0.008614624,6369
4ka3/4a4/4R4/p1p3R2/8p/2P6/P2c4P/5rr2/9/2BAKAB2 w,0.015680218,3039
4ka3/4a4/4R4/p1p6/8p/2P6/P2c4P/5rR2/9/2BAKAB2 b,0.0010904551,6189
4ka3/4a4/4R4/p1p6/8p/2P6/P2c4P/6r2/9/2BAKAB2 w,0.0060343267,2000
4ka3/4a4/2R6/p1p6/8p/2P6/P2c4P/6r2/9/2BAKAB2 b,0.014821696,6297
4ka3/4a4/2R6/p1p6/8p/2P6/P2c4P/9/9/2BAKAr2 w,-0.006761718,1829
4ka3/4a4/9/p1R6/8p/2P6/P2c4P/9/9/2BAKAr2 b,0.020243263,7890
4ka3/4a4/9/p1R6/8p/2P6/P2c2r1P/9/9/2BAKA3 w,-0.0104250675,4268
4ka3/4a4/9/p1R6/2P5p/9/P2c2r1P/9/9/2BAKA3 b,0.025578856,5458
4ka3/4a4/9/p1R6/2P5p/9/P2cr3P/9/9/2BAKA3 w,-0.019837607,7816
4ka3/4a4/9/p1R6/2P5p/9/P2cr3P/9/4A4/2BAK4 b,0.025699044,5192
4ka3/4a4/9/p1R6/2P5p/9/P3r3c/9/4A4/2BAK4 w,-0.025762772,2637
4ka3/4a4/9/R8/2P5p/9/P3r3c/9/4A4/2BAK4 b,0.031265903,5669
4ka3/4a4/9/R8/2P5p/9/P3r4/9/4A4/2BAK3c w,-0.026482536,2475
4ka3/4a4/9/9/2P5p/R8/P3r4/9/4A4/2BAK3c b,0.01670971,5281
4ka3/4a4/9/9/2P5p/R8/P6r1/9/4A4/2BAK3c w,0.009857249,6906
4ka3/4a4/9/9/2P5p/R8/P6r1/3A5/9/2BAK3c b,0.018958498,363
3k1a3/4a4/9/9/2P5p/R8/P6r1/3A5/9/2BAK3c w,-0.0032076717,4068
3k1a3/4a4/R8/9/2P5p/9/P6r1/3A5/9/2BAK3c b,0.023845626,282
5a3/3ka4/R8/9/2P5p/9/P6r1/3A5/9/2BAK3c w,-0.017607654,1629
5a3/R2ka4/9/9/2P5p/9/P6r1/3A5/9/2BAK3c b,0.010971951,1083
3k1a3/R3a4/9/9/2P5p/9/P6r1/3A5/9/2BAK3c w,0,828
rnbakabnr/9/1c5c1/p1p1p1p1p/9/9/P1P1P1P1P/1C5C1/9/RNBAKABNR w,0.0017991782,5827
rnbakabnr/9/1c5c1/p1p1p1p1p/9/9/P1P1P1P1P/4C2C1/9/RNBAKABNR b,-0.0017677665,110
r1bakabnr/9/1cn4c1/p1p1p1p1p/9/9/P1P1P1P1P/4C2C1/9/RNBAKABNR w,0.0018148661,7445
r1bakabnr/9/1cn4c1/p1p1p1p1p/9/9/P1P1P1P1P/2N1C2C1/9/R1BAKABNR b,-0.0018444777,562
r1baka1nr/9/1cn1b2c1/p1p1p1p1p/9/9/P1P1P1P1P/2N1C2C1/9/R1BAKABNR w,0.0019491911,7372
r1baka1nr/9/1cn1b2c1/p1p1p1p1p/9/9/P1P1P1P1P/2N1C2C1/9/1RBAKABNR b,-0.0017697454,1
1rbaka1nr/9/1cn1b2c1/p1p1p1p1p/9/9/P1P1P1P1P/2N1C2C1/9/1RBAKABNR w,0.0017125607,6368
1rbaka1nr/9/1cn1b2c1/p1p1p1p1p/9/9/P1P1P1P1P/2N1CC3/9/1RBAKABNR b,-0.0013082862,654
1rbaka2r/9/1cn1b1nc1/p1p1p1p1p/9/9/P1P1P1P1P/2N1CC3/9/1RBAKABNR w,0.0015751123,7989
1rbaka2r/9/1cn1b1nc1/p1p1p1p1p/9/9/P1P1P1P1P/2N1CCN2/9/1RBAKAB1R b,-0.0013647914,3012
1rbaka2r/9/1cn1b1nc1/p1p1p3p/6p2/9/P1P1P1P1P/2N1CCN2/9/1RBAKAB1R w,0.0018735885,8098
1rbaka2r/9/1cn1b1nc1/p1p1p3p/6p2/9/P1P1P1P1P/2N1CCN2/9/1RBAKABR1 b,-0.0020082355,727
1rbaka1r1/9/1cn1b1nc1/p1p1p3p/6p2/9/P1P1P1P1P/2N1CCN2/9/1RBAKABR1 w,0.0027746677,5087
1rbaka1r1/9/1cn1b1nc1/p1p1p3p/6p2/2P6/P3P1P1P/2N1CCN2/9/1RBAKABR1 b,-0.0022156478,1765
1rbaka1r1/9/2n1b1nc1/p1p1p3p/6p2/2P6/Pc2P1P1P/2N1CCN2/9/1RBAKABR1 w,0.0047115325,5898
1rbaka1r1/9/2n1b1nc1/p1p1p3p/6p2/2PN5/Pc2P1P1P/4CCN2/9/1RBAKABR1 b,-0.006537807,2311
1rbaka1r1/9/2n1b1n2/p1p1p3p/6p2/2PN5/Pc2P1PcP/4CCN2/9/1RBAKABR1 w,0.007931757,6143
1rbaka1r1/9/2n1bCn2/p1p1p3p/6p2/2PN5/Pc2P1PcP/4C1N2/9/1RBAKABR1 b,-0.008902455,1986
1rbakabr1/9/2n2Cn2/p1p1p3p/6p2/2PN5/Pc2P1PcP/4C1N2/9/1RBAKABR1 w,0.018145729,4351
1rbakabr1/9/2n2Cn2/p1p1N3p/6p2/2P6/Pc2P1PcP/4C1N2/9/1RBAKABR1 b,-0.0047512054,1831
1rbakabr1/9/5Cn2/p1p1n3p/6p2/2P6/Pc2P1PcP/4C1N2/9/1RBAKABR1 w,0.005069304,6061
1rbakabr1/9/5Cn2/p1p1C3p/6p2/2P6/Pc2P1PcP/6N2/9/1RBAKABR1 b,0.0092765335,109
2bakabr1/9/1r3Cn2/p1p1C3p/6p2/2P6/Pc2P1PcP/6N2/9/1RBAKABR1 w,0.0019269943,2839
2bakabr1/9/1r3Cn2/p1p5p/6p2/2P1C4/Pc2P1PcP/6N2/9/1RBAKABR1 b,0.0015270949,1733
2bakabr1/9/5rn2/p1p5p/6p2/2P1C4/Pc2P1PcP/6N2/9/1RBAKABR1 w,0.009712434,7435
2bakabr1/9/5rn2/p1p5p/6p2/2P1C4/PR2P1PcP/6N2/9/2BAKABR1 b,-0.007027888,2201
2bakabr1/9/5r3/p1p5p/5np2/2P1C4/PR2P1PcP/6N2/9/2BAKABR1 w,0.013821912,4987
2bakabr1/9/5r3/p1p5p/1R3np2/2P1C4/P3P1PcP/6N2/9/2BAKABR1 b,-0.008041799,3750
2bakabr1/9/5r3/p1p5p/1R4p2/2P1C4/P3P1ncP/6N2/9/2BAKABR1 w,0.019383026,3372
2bakabr1/9/5r3/p1p5p/6R2/2P1C4/P3P1ncP/6N2/9/2BAKABR1 b,-0.0054710507,5449
2bakabr1/9/5r3/p1p5p/6R2/2P1n4/P3P2cP/6N2/9/2BAKABR1 w,0.0056578876,5269
2bakabr1/9/5r3/p1p5p/6R2/2P1P4/P6cP/6N2/9/2BAKABR1 b,0.0006263495,5560
2bakabr1/9/5r3/p1p5p/6R2/2P1P4/P7P/6Nc1/9/2BAKABR1 w,0.010270095,7999
2bakabr1/9/5r3/p1p5p/6R2/2P1P4/P7P/6Nc1/7R1/2BAKAB2 b,0.0015275956,2138
2bakabr1/9/9/p1p5p/6R2/2P1P4/P7P/5rNc1/7R1/2BAKAB2 w,0.00046977997,3813
2bakabr1/9/9/p1p3R1p/9/2P1P4/P7P/5rNc1/7R1/2BAKAB2 b,-0.00019423962,691
2bakab2/9/9/p1p3R1p/9/2P1P4/P6rP/5rNc1/7R1/2BAKAB2 w,0.014852953,2976
2bakaR2/9/9/p1p5p/9/2P1P4/P6rP/5rNc1/7R1/2BAKAB2 b,-0.0037205338,5548
2bakaR2/9/9/p1p5p/9/2P1P4/P3r3P/5rNc1/7R1/2BAKAB2 w,0.03518331,7816
2bakaR2/9/9/p1p5p/9/2P1P4/P3r3P/5rNc1/4A2R1/2BAK1B2 b,-0.01859665,6371
2bakaR2/9/9/p1p5p/9/2P1P4/P3r3P/5rN1c/4A2R1/2BAK1B2 w,0.028558446,591
2baka3/9/9/p1p5p/9/2P1P1R2/P3r3P/5rN1c/4A2R1/2BAK1B2 b,-0.008267653,202
3aka3/9/4b4/p1p5p/9/2P1P1R2/P3r3P/5rN1c/4A2R1/2BAK1B2 w,0.08724115,7897
3aka3/9/4b4/p1p5p/9/2P1P1R2/P3r3P/4BrN1c/4A2R1/2BAK4 b,-0.084966,6189
3aka3/9/4b4/p1p5p/9/2P1P1R2/P3r3P/4B1r1c/4A2R1/2BAK4 w,0.08912978,4659
3aka3/9/4b4/p1p5p/9/2P1P4/P3r3P/4B1R1c/4A2R1/2BAK4 b,-0.08287158,6479
3aka3/9/4b4/p1p5p/9/2P1P4/P3r3P/4B1R2/4A2R1/2BAK3c w,0.09068432,7135
3aka3/9/4b2R1/p1p5p/9/2P1P4/P3r3P/4B1R2/4A4/2BAK3c b,-0.07807963,5269
3aka3/9/4b2R1/p1p5p/9/2P1r4/P7P/4B1R2/4A4/2BAK3c w,0.09517226,6281
3aka3/9/4b2R1/p1p5p/9/2P1r4/P7P/4B3R/4A4/2BAK3c b,-0.093410745,8098
3aka3/9/4b2R1/p1p5p/9/2P1r4/P7P/4B3R/4A4/2BAK2c1 w,0.11069002,2338
3aka3/9/4b4/p1p5p/9/2P1r4/P7P/4B3R/4A4/2BAK2R1 b,-0.10809465,4468
3aka3/9/4b4/p1p5p/9/2P6/P3r3P/4B3R/4A4/2BAK2R1 w,0.117206596,6459
3aka3/9/4b4/p1p5p/9/2P6/P3r3P/4B1R2/4A4/2BAK2R1 b,-0.11576211,5282
3aka3/9/4b4/p1p5p/9/2P6/P7r/4B1R2/4A4/2BAK2R1 w,0.118838504,6234
3aka3/9/4b1R2/p1p5p/9/2P6/P7r/4B4/4A4/2BAK2R1 b,-0.11149867,5638
3aka3/9/4b1R2/p1p5p/9/2P6/P3r4/4B4/4A4/2BAK2R1 w,0.12758136,7954
3aka3/9/4b1R2/p1p4Rp/9/2P6/P3r4/4B4/4A4/2BAK4 b,-0.12039818,283
4ka3/4a4/4b1R2/p1p4Rp/9/2P6/P3r4/4B4/4A4/2BAK4 w,0.12947598,3089
4ka3/4a4/4b1R2/p1R5p/9/2P6/P3r4/4B4/4A4/2BAK4 b,-0.122007445,5274
4ka3/4a4/4b1R2/p1R5p/9/2P6/r8/4B4/4A4/2BAK4 w,0.123657584,2182
4ka3/4a4/4R4/p1R5p/9/2P6/r8/4B4/4A4/2BAK4 b,-0.127385,4917
4ka3/4a4/4R4/p1R5p/9/2P6/3r5/4B4/4A4/2BAK4 w,0.13818672,2029
4ka3/4a4/9/p1R5p/9/2P1R4/3r5/4B4/4A4/2BAK4 b,-0.13658814,5151
4ka3/4a4/3r5/p1R5p/9/2P1R4/9/4B4/4A4/2BAK4 w,0.14415443,6117
4ka3/4a4/3r5/p1R5p/9/2P1R4/9/9/4A4/2BAK1B2 b,-0.14118741,363
3k1a3/4a4/3r5/p1R5p/9/2P1R4/9/9/4A4/2BAK1B2 w,0.1454773,2612
2Rk1a3/4a4/3r5/p7p/9/2P1R4/9/9/4A4/2BAK1B2 b,-0.14189743,282
2R2a3/3ka4/3r5/p7p/9/2P1R4/9/9/4A4/2BAK1B2 w,0.13680601,191
5a3/2Rka4/3r5/p7p/9/2P1R4/9/9/4A4/2BAK1B2 b,-0.13057321,1083
3k1a3/2R1a4/3r5/p7p/9/2P1R4/9/9/4A4/2BAK1B2 w,0.13506766,4441
3k1a3/2R1a4/3r5/p3R3p/9/2P6/9/9/4A4/2BAK1B2 b,-0.13704734,1914
3k1a3/2R1a4/6r2/p3R3p/9/2P6/9/9/4A4/2BAK1B2 w,0.14475055,2817
3k1a3/2R1a4/6r2/R7p/9/2P6/9/9/4A4/2BAK1B2 b,-0.13390435,274
4ka3/2R1a4/6r2/R7p/9/2P6/9/9/4A4/2BAK1B2 w,0.14543347,2465
4ka3/2R1a4/6r2/8R/9/2P6/9/9/4A4/2BAK1B2 b,-0.16934896,2247
4ka3/2R1a4/9/8R/9/2P6/9/9/4A4/2BAK1r2 w,0.16302708,6926
4ka3/2R1a4/9/8R/9/2P6/9/9/9/2BAKAr2 b,-0.14740007,7916
4ka3/2R1a4/9/8R/9/2P6/9/9/9/2BAKr3 w,0.17706826,7736
4ka3/2R1a4/9/8R/9/2P6/9/9/9/2BA1K3 b,-0.18036233,363
3k1a3/2R1a4/9/8R/9/2P6/9/9/9/2BA1K3 w,0.18857352,3178
3k1a3/2R1a4/9/1R7/9/2P6/9/9/9/2BA1K3 b,-0.18820399,274
4ka3/2R1a4/9/1R7/9/2P6/9/9/9/2BA1K3 w,0.19247167,992
2R1ka3/4a4/9/1R7/9/2P6/9/9/9/2BA1K3 b,-0.19187272,1173
2Raka3/9/9/1R7/9/2P6/9/9/9/2BA1K3 w,0.19978784,2551
2Raka3/9/9/4R4/9/2P6/9/9/9/2BA1K3 b,-0.19921754,463
2Rak4/4a4/9/4R4/9/2P6/9/9/9/2BA1K3 w,0.2,200
rnbakabnr/9/1c5c1/p1p1p1p1p/9/9/P1P1P1P1P/1C5C1/9/RNBAKABNR w,0.80182725,5827
rnbakabnr/9/1c5c1/p1p1p1p1p/9/9/P1P1P1P1P/4C2C1/9/RNBAKABNR b,-0.8017965,110
r1bakabnr/9/1cn4c1/p1p1p1p1p/9/9/P1P1P1P1P/4C2C1/9/RNBAKABNR w,0.80181766,7445
r1bakabnr/9/1cn4c1/p1p1p1p1p/9/9/P1P1P1P1P/2N1C2C1/9/R1BAKABNR b,-0.80180717,562
r1baka1nr/9/1cn1b2c1/p1p1p1p1p/9/9/P1P1P1P1P/2N1C2C1/9/R1BAKABNR w,0.8019384,7372
r1baka1nr/9/1cn1b2c1/p1p1p1p1p/9/9/P1P1P1P1P/2N1C2C1/9/1RBAKABNR b,-0.80177116,1
1rbaka1nr/9/1cn1b2c1/p1p1p1p1p/9/9/P1P1P1P1P/2N1C2C1/9/1RBAKABNR w,0.8017126,6368
1rbaka1nr/9/1cn1b2c1/p1p1p1p1p/9/9/P1P1P1P1P/2N1CC3/9/1RBAKABNR b,-0.8012688,654
1rbaka2r/9/1cn1b1nc1/p1p1p1p1p/9/9/P1P1P1P1P/2N1CC3/9/1RBAKABNR w,0.8015947,7989
1rbaka2r/9/1cn1b1nc1/p1p1p1p1p/9/9/P1P1P1P1P/2N1CCN2/9/1RBAKAB1R b,-0.8013648,3012
1rbaka2r/9/1cn1b1nc1/p1p1p3p/6p2/9/P1P1P1P1P/2N1CCN2/9/1RBAKAB1R w,0.8018736,8098
1rbaka2r/9/1cn1b1nc1/p1p1p3p/6p2/9/P1P1P1P1P/2N1CCN2/9/1RBAKABR1 b,-0.8020148,727
1rbaka1r1/9/1cn1b1nc1/p1p1p3p/6p2/9/P1P1P1P1P/2N1CCN2/9/1RBAKABR1 w,0.80251306,5087
1rbaka1r1/9/1cn1b1nc1/p1p1p3p/6p2/2P6/P3P1P1P/2N1CCN2/9/1RBAKABR1 b,-0.8021299,1765
1rbaka1r1/9/2n1b1nc1/p1p1p3p/6p2/2P6/Pc2P1P1P/2N1CCN2/9/1RBAKABR1 w,0.8047946,5898
1rbaka1r1/9/2n1b1nc1/p1p1p3p/6p2/2PN5/Pc2P1P1P/4CCN2/9/1RBAKABR1 b,-0.8063819,2311
1rbaka1r1/9/2n1b1n2/p1p1p3p/6p2/2PN5/Pc2P1PcP/4CCN2/9/1RBAKABR1 w,0.8078539,6143
1rbaka1r1/9/2n1bCn2/p1p1p3p/6p2/2PN5/Pc2P1PcP/4C1N2/9/1RBAKABR1 b,-0.80897063,1986
1rbakabr1/9/2n2Cn2/p1p1p3p/6p2/2PN5/Pc2P1PcP/4C1N2/9/1RBAKABR1 w,0.8184994,4351
1rbakabr1/9/2n2Cn2/p1p1N3p/6p2/2P6/Pc2P1PcP/4C1N2/9/1RBAKABR1 b,-0.804766,1831
1rbakabr1/9/5Cn2/p1p1n3p/6p2/2P6/Pc2P1PcP/4C1N2/9/1RBAKABR1 w,0.8050499,6061
1rbakabr1/9/5Cn2/p1p1C3p/6p2/2P6/Pc2P1PcP/6N2/9/1RBAKABR1 b,-0.7907235,109
2bakabr1/9/1r3Cn2/p1p1C3p/6p2/2P6/Pc2P1PcP/6N2/9/1RBAKABR1 w,0.8022862,2839
2bakabr1/9/1r3Cn2/p1p5p/6p2/2P1C4/Pc2P1PcP/6N2/9/1RBAKABR1 b,-0.79825854,1733
2bakabr1/9/5rn2/p1p5p/6p2/2P1C4/Pc2P1PcP/6N2/9/1RBAKABR1 w,0.8099838,7435
2bakabr1/9/5rn2/p1p5p/6p2/2P1C4/PR2P1PcP/6N2/9/2BAKABR1 b,-0.807044,2201
2bakabr1/9/5r3/p1p5p/5np2/2P1C4/PR2P1PcP/6N2/9/2BAKABR1 w,0.8136086,4987
2bakabr1/9/5r3/p1p5p/1R3np2/2P1C4/P3P1PcP/6N2/9/2BAKABR1 b,-0.8080418,3750
2bakabr1/9/5r3/p1p5p/1R4p2/2P1C4/P3P1ncP/6N2/9/2BAKABR1 w,0.81829363,3372
2bakabr1/9/5r3/p1p5p/6R2/2P1C4/P3P1ncP/6N2/9/2BAKABR1 b,-0.80544937,5449
2bakabr1/9/5r3/p1p5p/6R2/2P1n4/P3P2cP/6N2/9/2BAKABR1 w,0.8058068,5269
2bakabr1/9/5r3/p1p5p/6R2/2P1P4/P6cP/6N2/9/2BAKABR1 b,-0.79952466,5560
2bakabr1/9/5r3/p1p5p/6R2/2P1P4/P7P/6Nc1/9/2BAKABR1 w,0.8098527,7999
2bakabr1/9/5r3/p1p5p/6R2/2P1P4/P7P/6Nc1/7R1/2BAKAB2 b,-0.7984724,2138
2bakabr1/9/9/p1p5p/6R2/2P1P4/P7P/5rNc1/7R1/2BAKAB2 w,0.80055124,3813
2bakabr1/9/9/p1p3R1p/9/2P1P4/P7P/5rNc1/7R1/2BAKAB2 b,-0.79624176,202
3akabr1/9/4b4/p1p3R1p/9/2P1P4/P7P/5rNc1/7R1/2BAKAB2 w,0.8096218,4450
3akabr1/9/4b4/p1p3R1p/4P4/2P6/P7P/5rNc1/7R1/2BAKAB2 b,-0.79992443,691
3akab2/9/4b4/p1p3R1p/4P4/2P6/P6rP/5rNc1/7R1/2BAKAB2 w,0.8186771,3631
3akab2/9/4b4/p1p1P1R1p/9/2P6/P6rP/5rNc1/7R1/2BAKAB2 b,-0.80189526,283
4kab2/4a4/4b4/p1p1P1R1p/9/2P6/P6rP/5rNc1/7R1/2BAKAB2 w,0.82850856,2812
4kab2/4a4/4P4/p1p3R1p/9/2P6/P6rP/5rNc1/7R1/2BAKAB2 b,-0.816523,562
4ka3/4a4/4b4/p1p3R1p/9/2P6/P6rP/5rNc1/7R1/2BAKAB2 w,0.8291237,7186
4ka3/4a4/4b4/p1p3R1p/9/2P6/P6rP/5rNc1/4R4/2BAKAB2 b,-0.81939125,5547
4ka3/4a4/4b4/p1p3R1p/9/2P6/P2r4P/5rNc1/4R4/2BAKAB2 w,0.8228413,6862
4ka3/4a4/4R4/p1p3R1p/9/2P6/P2r4P/5rNc1/9/2BAKAB2 b,-0.8071095,5205
4ka3/4a4/4R4/p1p3R1p/9/2P6/P7P/5rNc1/3r5/2BAKAB2 w,0.8521722,7816
4ka3/4a4/4R4/p1p3R1p/9/2P6/P7P/5rNc1/3rA4/2BAK1B2 b,-0.8442767,6197
4ka3/4a4/4R4/p1p3R1p/9/2P6/P7P/6Nc1/3rAr3/2BAK1B2 w,0.8557487,3004
4ka3/4a4/4R4/p1p4Rp/9/2P6/P7P/6Nc1/3rAr3/2BAK1B2 b,-0.85451263,6379
4ka3/4a4/4R4/p1p4Rp/9/2P6/P7P/6N2/3rAr1c1/2BAK1B2 w,0.92325824,6268
4ka3/4a4/4R4/p1p4Rp/9/2P6/P3N3P/9/3rAr1c1/2BAK1B2 b,-0.9221073,7198
4ka3/4a4/4R4/p1p4Rp/9/2P6/P3N3P/9/3rAr3/2BAK1Bc1 w,0.95728827,3148
4ka3/4a4/4R4/p1p5p/9/2P6/P3N3P/9/3rAr3/2BAK1BR1 b,-0.94497466,6771
4ka3/4a4/3rR4/p1p5p/9/2P6/P3N3P/9/4Ar3/2BAK1BR1 w,0.96765596,2001
4ka3/4a4/3R5/p1p5p/9/2P6/P3N3P/9/4Ar3/2BAK1BR1 b,-0.9636865,6989
4ka3/4a4/3R5/p1p5p/9/2P6/P3Nr2P/9/4A4/2BAK1BR1 w,0.975748,1912
4ka3/4a4/4R4/p1p5p/9/2P6/P3Nr2P/9/4A4/2BAK1BR1 b,-0.97344244,5372
4ka3/4a4/4R4/p1p5p/9/2P6/P3N3r/9/4A4/2BAK1BR1 w,0.97566485,5259
4ka3/4a4/4R4/p1p5p/3N5/2P6/P7r/9/4A4/2BAK1BR1 b,-0.9724895,5637
4ka3/4a4/4R4/p1p5p/3N5/2P6/P2r5/9/4A4/2BAK1BR1 w,0.97442013,3538
4ka3/4a4/4R4/pNp5p/9/2P6/P2r5/9/4A4/2BAK1BR1 b,-0.9706746,5142
4ka3/3ra4/4R4/pNp5p/9/2P6/P8/9/4A4/2BAK1BR1 w,0.9732646,2000
4ka3/3ra4/2R6/pNp5p/9/2P6/P8/9/4A4/2BAK1BR1 b,-0.97342086,1090
4ka3/1r2a4/2R6/pNp5p/9/2P6/P8/9/4A4/2BAK1BR1 w,0.97736955,2531
4ka3/1rN1a4/2R6/p1p5p/9/2P6/P8/9/4A4/2BAK1BR1 b,-0.96994674,911
4ka3/2r1a4/2R6/p1p5p/9/2P6/P8/9/4A4/2BAK1BR1 w,0.9796767,1811
4ka3/2R1a4/9/p1p5p/9/2P6/P8/9/4A4/2BAK1BR1 b,-0.9825122,3194
4ka3/2R1a4/9/p1p6/8p/2P6/P8/9/4A4/2BAK1BR1 w,0.98257554,992
2R1ka3/4a4/9/p1p6/8p/2P6/P8/9/4A4/2BAK1BR1 b,-0.9819142,1173
2Raka3/9/9/p1p6/8p/2P6/P8/9/4A4/2BAK1BR1 w,0.9838767,209
3aka3/9/9/p1R6/8p/2P6/P8/9/4A4/2BAK1BR1 b,-0.9840668,4013
3aka3/9/9/p1R6/9/2P5p/P8/9/4A4/2BAK1BR1 w,0.9830476,2641
3aka3/9/9/p3R4/9/2P5p/P8/9/4A4/2BAK1BR1 b,-0.97895736,283
4ka3/4a4/9/p3R4/9/2P5p/P8/9/4A4/2BAK1BR1 w,0.9829823,4268
4ka3/4a4/9/p3R4/2P6/8p/P8/9/4A4/2BAK1BR1 b,-0.9791591,4832
4ka3/4a4/9/p3R4/2P6/9/P7p/9/4A4/2BAK1BR1 w,0.9727939,2817
4ka3/4a4/9/R8/2P6/9/P7p/9/4A4/2BAK1BR1 b,-0.9760345,5641
4ka3/4a4/9/R8/2P6/9/P6p1/9/4A4/2BAK1BR1 w,0.9942256,6906
4ka3/4a4/9/R8/2P6/9/P6p1/3A5/9/2BAK1BR1 b,-0.9953821,5550
4ka3/4a4/9/R8/2P6/9/P5p2/3A5/9/2BAK1BR1 w,1,2430
rnbakabnr/9/1c5c1/p1p1p1p1p/9/9/P1P1P1P1P/1C5C1/9/RNBAKABNR w,0.80180866,5827
rnbakabnr/9/1c5c1/p1p1p1p1p/9/9/P1P1P1P1P/4C2C1/9/RNBAKABNR b,-0.80179566,110
r1bakabnr/9/1cn4c1/p1p1p1p1p/9/9/P1P1P1P1P/4C2C1/9/RNBAKABNR w,0.80182016,7445
r1bakabnr/9/1cn4c1/p1p1p1p1p/9/9/P1P1P1P1P/2N1C2C1/9/R1BAKABNR b,-0.80185634,562
r1baka1nr/9/1cn1b2c1/p1p1p1p1p/9/9/P1P1P1P1P/2N1C2C1/9/R1BAKABNR w,0.8019492,7372
r1baka1nr/9/1cn1b2c1/p1p1p1p1p/9/9/P1P1P1P1P/2N1C2C1/9/1RBAKABNR b,-0.80176634,1
1rbaka1nr/9/1cn1b2c1/p1p1p1p1p/9/9/P1P1P1P1P/2N1C2C1/9/1RBAKABNR w,0.80169904,6368
1rbaka1nr/9/1cn1b2c1/p1p1p1p1p/9/9/P1P1P1P1P/2N1CC3/9/1RBAKABNR b,-0.8012761,654
1rbaka2r/9/1cn1b1nc1/p1p1p1p1p/9/9/P1P1P1P1P/2N1CC3/9/1RBAKABNR w,0.8016004,7989
1rbaka2r/9/1cn1b1nc1/p1p1p1p1p/9/9/P1P1P1P1P/2N1CCN2/9/1RBAKAB1R b,-0.80137295,3012
1rbaka2r/9/1cn1b1nc1/p1p1p3p/6p2/9/P1P1P1P1P/2N1CCN2/9/1RBAKAB1R w,0.80187565,8098
1rbaka2r/9/1cn1b1nc1/p1p1p3p/6p2/9/P1P1P1P1P/2N1CCN2/9/1RBAKABR1 b,-0.80201215,727
1rbaka1r1/9/1cn1b1nc1/p1p1p3p/6p2/9/P1P1P1P1P/2N1CCN2/9/1RBAKABR1 w,0.80251306,5087
1rbaka1r1/9/1cn1b1nc1/p1p1p3p/6p2/2P6/P3P1P1P/2N1CCN2/9/1RBAKABR1 b,-0.8021859,1765
1rbaka1r1/9/2n1b1nc1/p1p1p3p/6p2/2P6/Pc2P1P1P/2N1CCN2/9/1RBAKABR1 w,0.8047115,5898
1rbaka1r1/9/2n1b1nc1/p1p1p3p/6p2/2PN5/Pc2P1P1P/4CCN2/9/1RBAKABR1 b,-0.8065378,2311
1rbaka1r1/9/2n1b1n2/p1p1p3p/6p2/2PN5/Pc2P1PcP/4CCN2/9/1RBAKABR1 w,0.8079075,6143
1rbaka1r1/9/2n1bCn2/p1p1p3p/6p2/2PN5/Pc2P1PcP/4C1N2/9/1RBAKABR1 b,-0.80890244,1986
1rbakabr1/9/2n2Cn2/p1p1p3p/6p2/2PN5/Pc2P1PcP/4C1N2/9/1RBAKABR1 w,0.8178919,4351
1rbakabr1/9/2n2Cn2/p1p1N3p/6p2/2P6/Pc2P1PcP/4C1N2/9/1RBAKABR1 b,-0.8048105,1831
1rbakabr1/9/5Cn2/p1p1n3p/6p2/2P6/Pc2P1PcP/4C1N2/9/1RBAKABR1 w,0.80547875,6061
1rbakabr1/9/5Cn2/p1p1C3p/6p2/2P6/Pc2P1PcP/6N2/9/1RBAKABR1 b,-0.7909029,109
2bakabr1/9/1r3Cn2/p1p1C3p/6p2/2P6/Pc2P1PcP/6N2/9/1RBAKABR1 w,0.8018213,2839
2bakabr1/9/1r3Cn2/p1p5p/6p2/2P1C4/Pc2P1PcP/6N2/9/1RBAKABR1 b,-0.7983007,1733
2bakabr1/9/5rn2/p1p5p/6p2/2P1C4/Pc2P1PcP/6N2/9/1RBAKABR1 w,0.80965346,7435
2bakabr1/9/5rn2/p1p5p/6p2/2P1C4/PR2P1PcP/6N2/9/2BAKABR1 b,-0.8074193,2129
2bakabr1/9/6n2/p1p5p/6p2/2P1C4/PR2PrPcP/6N2/9/2BAKABR1 w,0.81437814,4987
2bakabr1/9/6n2/p1p5p/1R4p2/2P1C4/P3PrPcP/6N2/9/2BAKABR1 b,-0.8044979,2201
2bakabr1/9/9/p1p5p/1R3np2/2P1C4/P3PrPcP/6N2/9/2BAKABR1 w,0.8227255,7897
2bakabr1/9/9/p1p5p/1R3np2/2P1C4/P3PrPcP/4B1N2/9/2BAKA1R1 b,-0.80959535,3748
2bakabr1/9/9/p1p5p/1R4p2/2P1C4/P3nrPcP/4B1N2/9/2BAKA1R1 w,0.82641643,7816
2bakabr1/9/9/p1p5p/1R4p2/2P1C4/P3nrPcP/4B1N2/4A4/2BAK2R1 b,-0.8098887,5370
2bakabr1/9/9/p1p5p/1R4p2/2P1C4/P3n1rcP/4B1N2/4A4/2BAK2R1 w,0.81437796,6290
2bakabr1/9/9/p1p5p/1R4p2/2P1C4/P3n1rcP/4B4/4A3N/2BAK2R1 b,-0.79540694,5569
2bakabr1/9/9/p1p5p/1R4p2/2P1C4/P3n1r1P/4B4/4A2cN/2BAK2R1 w,0.79870963,3370
2bakabr1/9/9/p1p5p/4R1p2/2P1C4/P3n1r1P/4B4/4A2cN/2BAK2R1 b,-0.8166786,202
3akabr1/9/4b4/p1p5p/4R1p2/2P1C4/P3n1r1P/4B4/4A2cN/2BAK2R1 w,0.8889681,3622
3akabr1/9/4R4/p1p5p/6p2/2P1C4/P3n1r1P/4B4/4A2cN/2BAK2R1 b,-0.8848906,283
4kabr1/4a4/4R4/p1p5p/6p2/2P1C4/P3n1r1P/4B4/4A2cN/2BAK2R1 w,0.9119802,2005
4kabr1/4a4/7R1/p1p5p/6p2/2P1C4/P3n1r1P/4B4/4A2cN/2BAK2R1 b,-0.92036057,1193
4kabr1/9/5a1R1/p1p5p/6p2/2P1C4/P3n1r1P/4B4/4A2cN/2BAK2R1 w,0.93167305,2257
4kabR1/9/5a3/p1p5p/6p2/2P1C4/P3n1r1P/4B4/4A2cN/2BAK2R1 b,-0.9286822,5289
4kabR1/9/5a3/p1p5p/6p2/2P1C4/P5r1P/4B1n2/4A2cN/2BAK2R1 w,0.95678645,7999
4kabR1/9/5a3/p1p5p/6p2/2P1C4/P5r1P/4B1n2/4A2RN/2BAK4 b,-0.9520186,6290
4kabR1/9/5a3/p1p5p/6p2/2P1C4/P5r1P/4B4/4A2Rn/2BAK4 w,0.9476493,636
4kaR2/9/5a3/p1p5p/6p2/2P1C4/P5r1P/4B4/4A2Rn/2BAK4 b,-0.94107306,7261
4kaR2/9/5a3/p1p5p/6p2/2P1C4/P5rnP/4B4/4A2R1/2BAK4 w,0.94909805,7187
4kaR2/9/5a3/p1p5p/6p2/2P1C4/P5rnP/4B4/4AR3/2BAK4 b,-0.9399021,5458
4kaR2/9/5a3/p1p5p/6p2/2P1C4/P3r2nP/4B4/4AR3/2BAK4 w,0.95176345,4462
4kaR2/9/5a3/p1p5p/6p2/2P4C1/P3r2nP/4B4/4AR3/2BAK4 b,-0.9569149,5558
4kaR2/9/5a3/p1p5p/6p2/2P4C1/P3r3P/4Bn3/4AR3/2BAK4 w,0.97793865,6998
4kaR2/9/5a3/p1p5p/6p2/2P4C1/P3r3P/4BR3/4A4/2BAK4 b,-0.97523355,5281
4kaR2/9/5a3/p1p5p/6p2/2P4C1/P6rP/4BR3/4A4/2BAK4 w,0.9793845,4687
4kaRC1/9/5a3/p1p5p/6p2/2P6/P6rP/4BR3/4A4/2BAK4 b,-0.9811035,5578
4kaRC1/9/5a3/p1p5p/6p2/2P6/P7P/4BR3/4A4/2BAK2r1 w,0.97639084,6206
4kaRC1/9/5a3/p1p5p/6p2/2P6/P7P/4B4/4A4/2BAKR1r1 b,-0.9707887,7927
4kaRr1/9/5a3/p1p5p/6p2/2P6/P7P/4B4/4A4/2BAKR3 w,0.9825009,547
4ka1R1/9/5a3/p1p5p/6p2/2P6/P7P/4B4/4A4/2BAKR3 b,-0.98175627,2083
4ka1R1/4a4/9/p1p5p/6p2/2P6/P7P/4B4/4A4/2BAKR3 w,0.9839327,664
4ka3/4a4/9/p1p4Rp/6p2/2P6/P7P/4B4/4A4/2BAKR3 b,-0.97987443,2466
4ka3/4a4/9/2p4Rp/p5p2/2P6/P7P/4B4/4A4/2BAKR3 w,0.9842162,3095
4ka3/4a4/9/2p5R/p5p2/2P6/P7P/4B4/4A4/2BAKR3 b,-0.978715,3831
4ka3/4a4/9/2p5R/p8/2P3p2/P7P/4B4/4A4/2BAKR3 w,0.9778339,3179
4ka3/4a4/9/2R6/p8/2P3p2/P7P/4B4/4A4/2BAKR3 b,-0.98244894,4650
4ka3/4a4/9/2R6/p8/2P6/P5p1P/4B4/4A4/2BAKR3 w,0.9815126,2612
2R1ka3/4a4/9/9/p8/2P6/P5p1P/4B4/4A4/2BAKR3 b,-0.98084295,1173
2Raka3/9/9/9/p8/2P6/P5p1P/4B4/4A4/2BAKR3 w,0.9819465,200
3aka3/9/2R6/9/p8/2P6/P5p1P/4B4/4A4/2BAKR3 b,-0.98187876,5469
3aka3/9/2R6/9/p8/2P6/P7P/4B1p2/4A4/2BAKR3 w,0.9884432,7772
3aka3/9/2R6/5R3/p8/2P6/P7P/4B1p2/4A4/2BAK4 b,-0.9683906,373
3a1a3/4k4/2R6/5R3/p8/2P6/P7P/4B1p2/4A4/2BAK4 w,0.97156656,1811
3a1a3/2R1k4/9/5R3/p8/2P6/P7P/4B1p2/4A4/2BAK4 b,-0.9607203,1192
3a1a3/2R6/4k4/5R3/p8/2P6/P7P/4B1p2/4A4/2BAK4 w,0.97206944,2885
3a1R3/2R6/4k4/9/p8/2P6/P7P/4B1p2/4A4/2BAK4 b,-0.9724879,6288
3a1R3/2R6/4k4/9/p8/2P6/P7P/4B4/4A1p2/2BAK4 w,0.97277313,518
3a5/2R6/4k4/9/p8/2P6/P7P/4BR3/4A1p2/2BAK4 b,-0.9765105,3285
3a5/2R6/4k4/9/9/p1P6/P7P/4BR3/4A1p2/2BAK4 w,0.9965158,6134
3a5/2R2R3/4k4/9/9/p1P6/P7P/4B4/4A1p2/2BAK4 b,-0.99237597,7097
3a5/2R2R3/4k4/9/9/p1P6/P7P/4B4/4Ap3/2BAK4 w,1,1010
rnbakabnr/9/1c5c1/p1p1p1p1p/9/9/P1P1P1P1P/1C5C1/9/RNBAKABNR w,0.001825142,5827
rnbakabnr/9/1c5c1/p1p1p1p1p/9/9/P1P1P1P1P/4C2C1/9/RNBAKABNR b,-0.0018067121,110
r1bakabnr/9/1cn4c1/p1p1p1p1p/9/9/P1P1P1P1P/4C2C1/9/RNBAKABNR w,0.0018314839,7445
r1bakabnr/9/1cn4c1/p1p1p1p1p/9/9/P1P1P1P1P/2N1C2C1/9/R1BAKABNR b,-0.0018504619,562
r1baka1nr/9/1cn1b2c1/p1p1p1p1p/9/9/P1P1P1P1P/2N1C2C1/9/R1BAKABNR w,0.001935196,7372
r1baka1nr/9/1cn1b2c1/p1p1p1p1p/9/9/P1P1P1P1P/2N1C2C1/9/1RBAKABNR b,-0.0017718911,1
1rbaka1nr/9/1cn1b2c1/p1p1p1p1p/9/9/P1P1P1P1P/2N1C2C1/9/1RBAKABNR w,0.0016865969,6368
1rbaka1nr/9/1cn1b2c1/p1p1p1p1p/9/9/P1P1P1P1P/2N1CC3/9/1RBAKABNR b,-0.0012594104,654
1rbaka2r/9/1cn1b1nc1/p1p1p1p1p/9/9/P1P1P1P1P/2N1CC3/9/1RBAKABNR w,0.0015946865,7989
1rbaka2r/9/1cn1b1nc1/p1p1p1p1p/9/9/P1P1P1P1P/2N1CCN2/9/1RBAKAB1R b,-0.001368165,3012
1rbaka2r/9/1cn1b1nc1/p1p1p3p/6p2/9/P1P1P1P1P/2N1CCN2/9/1RBAKAB1R w,0.0019008399,8098
1rbaka2r/9/1cn1b1nc1/p1p1p3p/6p2/9/P1P1P1P1P/2N1CCN2/9/1RBAKABR1 b,-0.002004993,727
1rbaka1r1/9/1cn1b1nc1/p1p1p3p/6p2/9/P1P1P1P1P/2N1CCN2/9/1RBAKABR1 w,0.002513051,5087
1rbaka1r1/9/1cn1b1nc1/p1p1p3p/6p2/2P6/P3P1P1P/2N1CCN2/9/1RBAKABR1 b,-0.002226162,1765
1rbaka1r1/9/2n1b1nc1/p1p1p3p/6p2/2P6/Pc2P1P1P/2N1CCN2/9/1RBAKABR1 w,0.0047060014,5898
1rbaka1r1/9/2n1b1nc1/p1p1p3p/6p2/2PN5/Pc2P1P1P/4CCN2/9/1RBAKABR1 b,-0.0064703347,2311
1rbaka1r1/9/2n1b1n2/p1p1p3p/6p2/2PN5/Pc2P1PcP/4CCN2/9/1RBAKABR1 w,0.00785389,6143
1rbaka1r1/9/2n1bCn2/p1p1p3p/6p2/2PN5/Pc2P1PcP/4C1N2/9/1RBAKABR1 b,-0.008049953,1986
1rbakabr1/9/2n2Cn2/p1p1p3p/6p2/2PN5/Pc2P1PcP/4C1N2/9/1RBAKABR1 w,0.01805811,4351
1rbakabr1/9/2n2Cn2/p1p1N3p/6p2/2P6/Pc2P1PcP/4C1N2/9/1RBAKABR1 b,-0.0047813295,1831
1rbakabr1/9/5Cn2/p1p1n3p/6p2/2P6/Pc2P1PcP/4C1N2/9/1RBAKABR1 w,0.0050395965,6061
1rbakabr1/9/5Cn2/p1p1C3p/6p2/2P6/Pc2P1PcP/6N2/9/1RBAKABR1 b,0.009131789,109
2bakabr1/9/1r3Cn2/p1p1C3p/6p2/2P6/Pc2P1PcP/6N2/9/1RBAKABR1 w,0.0019112587,2839
2bakabr1/9/1r3Cn2/p1p5p/6p2/2P1C4/Pc2P1PcP/6N2/9/1RBAKABR1 b,0.0016993046,1733
2bakabr1/9/5rn2/p1p5p/6p2/2P1C4/Pc2P1PcP/6N2/9/1RBAKABR1 w,0.009630538,7435
2bakabr1/9/5rn2/p1p5p/6p2/2P1C4/PR2P1PcP/6N2/9/2BAKABR1 b,-0.0070329546,2201
2bakabr1/9/5r3/p1p5p/5np2/2P1C4/PR2P1PcP/6N2/9/2BAKABR1 w,0.014058495,4987
2bakabr1/9/5r3/p1p5p/1R3np2/2P1C4/P3P1PcP/6N2/9/2BAKABR1 b,-0.0090290075,3750
2bakabr1/9/5r3/p1p5p/1R4p2/2P1C4/P3P1ncP/6N2/9/2BAKABR1 w,0.019244432,3372
2bakabr1/9/5r3/p1p5p/6R2/2P1C4/P3P1ncP/6N2/9/2BAKABR1 b,-0.0054710507,5449
2bakabr1/9/5r3/p1p5p/6R2/2P1n4/P3P2cP/6N2/9/2BAKABR1 w,0.0057498217,5269
2bakabr1/9/5r3/p1p5p/6R2/2P1P4/P6cP/6N2/9/2BAKABR1 b,0.00079054834,5560
2bakabr1/9/5r3/p1p5p/6R2/2P1P4/P7P/6Nc1/9/2BAKABR1 w,0.009852695,7999
2bakabr1/9/5r3/p1p5p/6R2/2P1P4/P7P/6Nc1/7R1/2BAKAB2 b,0.0015275956,2138
2bakabr1/9/9/p1p5p/6R2/2P1P4/P7P/5rNc1/7R1/2BAKAB2 w,0.007536888,3840
2bakabr1/9/9/p1p5p/9/2P1P4/P5R1P/5rNc1/7R1/2BAKAB2 b,0.0013633966,562
2baka1r1/9/4b4/p1p5p/9/2P1P4/P5R1P/5rNc1/7R1/2BAKAB2 w,0.01414187,7897
2baka1r1/9/4b4/p1p5p/9/2P1P4/P5R1P/4BrNc1/7R1/2BAKA3 b,-0.0058876993,6170
2baka1r1/9/4b4/p1p5p/9/2P1Pr3/P5R1P/4B1Nc1/7R1/2BAKA3 w,0.023906875,5458
2baka1r1/9/4b4/p1p5p/9/2P1Pr3/P3R3P/4B1Nc1/7R1/2BAKA3 b,-0.01133188,4541
2baka1r1/9/4b4/p1p5p/5r3/2P1P4/P3R3P/4B1Nc1/7R1/2BAKA3 w,0.021712804,4450
2baka1r1/9/4b4/p1p5p/4Pr3/2P6/P3R3P/4B1Nc1/7R1/2BAKA3 b,-0.004107499,3758
2baka1r1/9/4b4/p1p5p/4P4/2P6/P3R3P/4BrNc1/7R1/2BAKA3 w,0.018610835,5280
2baka1r1/9/4b4/p1p5p/4P4/2P6/P5R1P/4BrNc1/7R1/2BAKA3 b,-0.0067726853,2648
2baka1r1/9/4b4/p7p/2p1P4/2P6/P5R1P/4BrNc1/7R1/2BAKA3 w,0.02228911,4268
2baka1r1/9/4b4/p7p/2P1P4/9/P5R1P/4BrNc1/7R1/2BAKA3 b,-0.010524655,2018
2baka1r1/9/9/p7p/2b1P4/9/P5R1P/4BrNc1/7R1/2BAKA3 w,0.017603327,6117
2baka1r1/9/9/p7p/2b1P4/9/P5R1P/5rNc1/7R1/2BAKAB2 b,-0.0051912665,3442
2baka1r1/9/4b4/p7p/4P4/9/P5R1P/5rNc1/7R1/2BAKAB2 w,0.01615882,3631
2baka1r1/9/4b4/p3P3p/9/9/P5R1P/5rNc1/7R1/2BAKAB2 b,-0.009484244,6170
2baka1r1/9/4b4/p3P3p/9/5r3/P5R1P/6Nc1/7R1/2BAKAB2 w,0.025693774,2812
2baka1r1/9/4P4/p7p/9/5r3/P5R1P/6Nc1/7R1/2BAKAB2 b,-0.016625036,202
3aka1r1/9/4b4/p7p/9/5r3/P5R1P/6Nc1/7R1/2BAKAB2 w,0.034166362,5458
3aka1r1/9/4b4/p7p/9/5r3/P3R3P/6Nc1/7R1/2BAKAB2 b,-0.014084959,4568
3aka1r1/9/4b4/p7p/9/9/P3R3P/5rNc1/7R1/2BAKAB2 w,0.014587641,7188
3aka1r1/9/4b4/p7p/9/9/P3R3P/5rNc1/6R2/2BAKAB2 b,-0.0055098534,636
3akar2/9/4b4/p7p/9/9/P3R3P/5rNc1/6R2/2BAKAB2 w,0.015910888,7636
3akar2/9/4b4/p7p/9/9/P3R3P/5rNc1/4A1R2/2B1KAB2 b,0.0070818188,609
3aka3/9/4b4/p7p/9/9/P3R3P/5rrc1/4A1R2/2B1KAB2 w,0.0004169226,7089
3aka3/9/4b4/p7p/9/9/P3R3P/5rRc1/4A4/2B1KAB2 b,0.009333253,6189
3aka3/9/4b4/p7p/9/9/P3R3P/6rc1/4A4/2B1KAB2 w,-0.009177566,5242
3aka3/9/4R4/p7p/9/9/P7P/6rc1/4A4/2B1KAB2 b,0.0060014725,463
3ak4/4a4/4R4/p7p/9/9/P7P/6rc1/4A4/2B1KAB2 w,0.0053348066,2005
3ak4/4a4/7R1/p7p/9/9/P7P/6rc1/4A4/2B1KAB2 b,-0.004598272,6297
3ak4/4a4/7R1/p7p/9/9/P7P/7c1/4A4/2B1KAr2 w,0.011313844,2320
3ak4/4a4/9/p7p/9/9/P7P/7R1/4A4/2B1KAr2 b,-0.008266556,7890
3ak4/4a4/9/p7p/9/9/P5r1P/7R1/4A4/2B1KA3 w,0.0073568583,6307
3ak2R1/4a4/9/p7p/9/9/P5r1P/9/4A4/2B1KA3 b,-0.0011109948,1175
3aka1R1/9/9/p7p/9/9/P5r1P/9/4A4/2B1KA3 w,0.0024264336,655
3aka3/9/7R1/p7p/9/9/P5r1P/9/4A4/2B1KA3 b,0.014913988,5456
3aka3/9/7R1/p7p/9/9/P1r5P/9/4A4/2B1KA3 w,0.0018335342,2272
3aka3/9/4R4/p7p/9/9/P1r5P/9/4A4/2B1KA3 b,-0.0060449364,463
3ak4/4a4/4R4/p7p/9/9/P1r5P/9/4A4/2B1KA3 w,0.007534695,2006
3ak4/4a4/8R/p7p/9/9/P1r5P/9/4A4/2B1KA3 b,0.014963078,1175
3aka3/9/8R/p7p/9/9/P1r5P/9/4A4/2B1KA3 w,0,2362
rnbakabnr/9/1c5c1/p1p1p1p1p/9/9/P1P1P1P1P/1C5C1/9/RNBAKABNR w,-0.7981907,5827
rnbakabnr/9/1c5c1/p1p1p1p1p/9/9/P1P1P1P1P/4C2C1/9/RNBAKABNR b,0.7982345,110
r1bakabnr/9/1cn4c1/p1p1p1p1p/9/9/P1P1P1P1P/4C2C1/9/RNBAKABNR w,-0.79817563,7445
r1bakabnr/9/1cn4c1/p1p1p1p1p/9/9/P1P1P1P1P/2N1C2C1/9/R1BAKABNR b,0.7981648,562
r1baka1nr/9/1cn1b2c1/p1p1p1p1p/9/9/P1P1P1P1P/2N1C2C1/9/R1BAKABNR w,-0.7980693,7372
r1baka1nr/9/1cn1b2c1/p1p1p1p1p/9/9/P1P1P1P1P/2N1C2C1/9/1RBAKABNR b,0.79822814,1
1rbaka1nr/9/1cn1b2c1/p1p1p1p1p/9/9/P1P1P1P1P/2N1C2C1/9/1RBAKABNR w,-0.7983133,6368
1rbaka1nr/9/1cn1b2c1/p1p1p1p1p/9/9/P1P1P1P1P/2N1CC3/9/1RBAKABNR b,0.7987143,654
1rbaka2r/9/1cn1b1nc1/p1p1p1p1p/9/9/P1P1P1P1P/2N1CC3/9/1RBAKABNR w,-0.7984569,7989
1rbaka2r/9/1cn1b1nc1/p1p1p1p1p/9/9/P1P1P1P1P/2N1CCN2/9/1RBAKAB1R b,0.79863185,3012
1rbaka2r/9/1cn1b1nc1/p1p1p3p/6p2/9/P1P1P1P1P/2N1CCN2/9/1RBAKAB1R w,-0.7981061,8098
1rbaka2r/9/1cn1b1nc1/p1p1p3p/6p2/9/P1P1P1P1P/2N1CCN2/9/1RBAKABR1 b,0.79798746,727
1rbaka1r1/9/1cn1b1nc1/p1p1p3p/6p2/9/P1P1P1P1P/2N1CCN2/9/1RBAKABR1 w,-0.79748243,5087
1rbaka1r1/9/1cn1b1nc1/p1p1p3p/6p2/2P6/P3P1P1P/2N1CCN2/9/1RBAKABR1 b,0.7979851,1765
1rbaka1r1/9/2n1b1nc1/p1p1p3p/6p2/2P6/Pc2P1P1P/2N1CCN2/9/1RBAKABR1 w,-0.7952885,5898
1rbaka1r1/9/2n1b1nc1/p1p1p3p/6p2/2PN5/Pc2P1P1P/4CCN2/9/1RBAKABR1 b,0.7935508,2311
1rbaka1r1/9/2n1b1n2/p1p1p3p/6p2/2PN5/Pc2P1PcP/4CCN2/9/1RBAKABR1 w,-0.79217356,6143
1rbaka1r1/9/2n1bCn2/p1p1p3p/6p2/2PN5/Pc2P1PcP/4C1N2/9/1RBAKABR1 b,0.7918338,1986
1rbakabr1/9/2n2Cn2/p1p1p3p/6p2/2PN5/Pc2P1PcP/4C1N2/9/1RBAKABR1 w,-0.7818543,4351
1rbakabr1/9/2n2Cn2/p1p1N3p/6p2/2P6/Pc2P1PcP/4C1N2/9/1RBAKABR1 b,0.7952187,1831
1rbakabr1/9/5Cn2/p1p1n3p/6p2/2P6/Pc2P1PcP/4C1N2/9/1RBAKABR1 w,-0.7945985,6061
1rbakabr1/9/5Cn2/p1p1C3p/6p2/2P6/Pc2P1PcP/6N2/9/1RBAKABR1 b,0.80878484,109
2bakabr1/9/1r3Cn2/p1p1C3p/6p2/2P6/Pc2P1PcP/6N2/9/1RBAKABR1 w,-0.79794323,2839
2bakabr1/9/1r3Cn2/p1p5p/6p2/2P1C4/Pc2P1PcP/6N2/9/1RBAKABR1 b,0.80169934,1733
2bakabr1/9/5rn2/p1p5p/6p2/2P1C4/Pc2P1PcP/6N2/9/1RBAKABR1 w,-0.79034656,7435
2bakabr1/9/5rn2/p1p5p/6p2/2P1C4/PR2P1PcP/6N2/9/2BAKABR1 b,0.79297215,2201
2bakabr1/9/5r3/p1p5p/5np2/2P1C4/PR2P1PcP/6N2/9/2BAKABR1 w,-0.78597164,4987
2bakabr1/9/5r3/p1p5p/1R3np2/2P1C4/P3P1PcP/6N2/9/2BAKABR1 b,0.7916348,3750
2bakabr1/9/5r3/p1p5p/1R4p2/2P1C4/P3P1ncP/6N2/9/2BAKABR1 w,-0.7821568,3372
2bakabr1/9/5r3/p1p5p/6R2/2P1C4/P3P1ncP/6N2/9/2BAKABR1 b,0.7945504,5449
2bakabr1/9/5r3/p1p5p/6R2/2P1n4/P3P2cP/6N2/9/2BAKABR1 w,-0.79417324,5269
2bakabr1/9/5r3/p1p5p/6R2/2P1P4/P6cP/6N2/9/2BAKABR1 b,0.80047536,5560
2bakabr1/9/5r3/p1p5p/6R2/2P1P4/P7P/6Nc1/9/2BAKABR1 w,-0.7899588,7999
2bakabr1/9/5r3/p1p5p/6R2/2P1P4/P7P/6Nc1/7R1/2BAKAB2 b,0.80136853,2138
2bakabr1/9/9/p1p5p/6R2/2P1P4/P7P/5rNc1/7R1/2BAKAB2 w,-0.7997066,3813
2bakabr1/9/9/p1p3R1p/9/2P1P4/P7P/5rNc1/7R1/2BAKAB2 b,0.8042902,562
2baka1r1/9/4b4/p1p3R1p/9/2P1P4/P7P/5rNc1/7R1/2BAKAB2 w,-0.79367614,4450
2baka1r1/9/4b4/p1p3R1p/4P4/2P6/P7P/5rNc1/7R1/2BAKAB2 b,0.7964079,691
2baka3/9/4b4/p1p3R1p/4P4/2P6/P6rP/5rNc1/7R1/2BAKAB2 w,-0.7859443,3631
2baka3/9/4b4/p1p1P1R1p/9/2P6/P6rP/5rNc1/7R1/2BAKAB2 b,0.7903759,283
2b1ka3/4a4/4b4/p1p1P1R1p/9/2P6/P6rP/5rNc1/7R1/2BAKAB2 w,-0.7639713,7186
2b1ka3/4a4/4b4/p1p1P1R1p/9/2P6/P6rP/5rNc1/4R4/2BAKAB2 b,0.7689096,1986
2b1kab2/4a4/9/p1p1P1R1p/9/2P6/P6rP/5rNc1/4R4/2BAKAB2 w,-0.75045633,2976
2b1kaR2/4a4/9/p1p1P3p/9/2P6/P6rP/5rNc1/4R4/2BAKAB2 b,0.7689539,5547
2b1kaR2/4a4/9/p1p1P3p/9/2P6/P2r4P/5rNc1/4R4/2BAKAB2 w,-0.7656312,582
2b1ka3/4a4/9/p1p1P3p/6R2/2P6/P2r4P/5rNc1/4R4/2BAKAB2 b,0.81328773,363
2bk1a3/4a4/9/p1p1P3p/6R2/2P6/P2r4P/5rNc1/4R4/2BAKAB2 w,-0.814609,6919
2bk1a3/4a4/9/p1p1P3p/6R2/2P6/P2r4P/5rNc1/7R1/2BAKAB2 b,0.90214413,5214
2bk1a3/4a4/9/p1p1P3p/6R2/2P6/P7P/5rNc1/7R1/2BrKAB2 w,-0.90307623,7726
2bk1a3/4a4/9/p1p1P3p/6R2/2P6/P7P/5rNc1/4K2R1/2Br1AB2 b,0.9102841,7635
2bk1a3/4a4/9/p1p1P3p/6R2/2P6/P7P/5rNc1/3rK2R1/2B2AB2 w,-0.91208893,6925
2bk1a3/4a4/9/p1p1P3p/6R2/2P6/P7P/5rNc1/3r3R1/2B1KAB2 b,0.92303056,6829
2bk1a3/4a4/9/p1p1P3p/6R2/2P6/P7P/5rNc1/7r1/2B1KAB2 w,-0.92019695,3819
2bk1a3/4a4/9/p1p1P3p/3R5/2P6/P7P/5rNc1/7r1/2B1KAB2 b,0.9315228,274
2b1ka3/4a4/9/p1p1P3p/3R5/2P6/P7P/5rNc1/7r1/2B1KAB2 w,-0.91976094,6262
2b1ka3/4a4/9/p1p1P3p/3R5/2P4N1/P7P/5r1c1/7r1/2B1KAB2 b,0.92688304,7188
2b1ka3/4a4/9/p1p1P3p/3R5/2P4N1/P7P/5r1c1/6r2/2B1KAB2 w,-0.92509705,3551
2b1ka3/4a4/9/p1p1P3p/5R3/2P4N1/P7P/5r1c1/6r2/2B1KAB2 b,0.92966574,6185
2b1ka3/4a4/9/p1p1P3p/5R3/2P4N1/P7P/2r4c1/6r2/2B1KAB2 w,-0.9154948,7537
2b1ka3/4a4/9/p1p1P3p/5R3/2P4N1/P7P/2r1B2c1/6r2/4KAB2 b,0.93502015,6388
2b1ka3/4a4/9/p1p1P3p/5R3/2P4N1/P7P/2r1B4/6r2/4KABc1 w,-0.92976505,3758
2b1ka3/4a4/9/p1p1P3p/9/2P4N1/P7P/2r1BR3/6r2/4KABc1 b,0.9254003,7107
2b1ka3/4a4/9/p1p1P3p/9/2P4N1/P7P/2r1BR3/9/4KArc1 w,-0.908849,4721
2b1ka3/4a4/9/p1p1P3p/5N3/2P6/P7P/2r1BR3/9/4KArc1 b,0.918979,7872
2b1ka3/4a4/9/p1p1P3p/5Nr2/2P6/P7P/2r1BR3/9/4KA1c1 w,-0.91345376,7816
2b1ka3/4a4/9/p1p1P3p/5Nr2/2P6/P7P/2r1BR3/4A4/4K2c1 b,0.9160733,8009
2b1ka3/4a4/9/p1p1P3p/5Nr2/2P6/P7P/2r1BR3/4A4/4K3c w,-0.91925406,3720
2b1ka3/4a4/9/p1pNP3p/6r2/2P6/P7P/2r1BR3/4A4/4K3c b,0.92050904,3823
2b1ka3/4a4/9/p1pNP3p/7r1/2P6/P7P/2r1BR3/4A4/4K3c w,-0.9205244,7736
2b1ka3/4a4/9/p1pNP3p/7r1/2P6/P7P/2r1BR3/4A4/5K2c b,0.92840266,3958
2b1ka3/4a4/9/p1pNP3p/9/2P6/P7P/2r1BR3/4A4/5K1rc w,-0.928506,7817
2b1ka3/4a4/9/p1pNP3p/9/2P6/P7P/2r1BR3/4AK3/7rc b,0.9312318,7999
2b1ka3/4a4/9/p1pNP3p/9/2P6/P7P/2r1BR3/4AK1r1/8c w,-0.9319944,7016
2b1ka3/4a4/9/p1pNP3p/9/2P6/P7P/2r1BR3/4A2r1/5K2c b,0.9385177,7186
2b1ka3/4a4/9/p1pNP3p/9/2P6/P7P/2r1BR3/4r4/5K2c w,-0.94013387,6190
2b1ka3/4a4/9/p1pNP3p/9/2P6/P7P/2r1B2R1/4r4/5K2c b,0.9508153,5924
2b1ka3/4a4/9/p1pNP3p/9/2P6/P7P/4B2R1/2r1r4/5K2c w,-0.9529795,2711
2b1ka3/2N1a4/9/p1p1P3p/9/2P6/P7P/4B2R1/2r1r4/5K2c b,0.9555757,363
2bk1a3/2N1a4/9/p1p1P3p/9/2P6/P7P/4B2R1/2r1r4/5K2c w,-0.9546066,2820
2bk1a3/2N1a4/9/p1pP4p/9/2P6/P7P/4B2R1/2r1r4/5K2c b,0.9829266,6917
2bk1a3/2N1a4/9/p1pP4p/9/2P6/P7P/4B2R1/2r2r3/5K2c w,-0.9834798,7825
2bk1a3/2N1a4/9/p1pP4p/9/2P6/P7P/4B2R1/2r2r3/4K3c b,0.99065596,6736
2bk1a3/2N1a4/9/p1pP4p/9/2P6/P7P/4B2R1/4rr3/4K3c w,-0.9916457,7734
2bk1a3/2N1a4/9/p1pP4p/9/2P6/P7P/4B2R1/4rr3/3K4c b,1,7016
rnbakabnr/9/1c5c1/p1p1p1p1p/9/9/P1P1P1P1P/1C5C1/9/RNBAKABNR w,-0.79820085,5827
rnbakabnr/9/1c5c1/p1p1p1p1p/9/9/P1P1P1P1P/4C2C1/9/RNBAKABNR b,0.7982332,110
r1bakabnr/9/1cn4c1/p1p1p1p1p/9/9/P1P1P1P1P/4C2C1/9/RNBAKABNR w,-0.79818076,7445
r1bakabnr/9/1cn4c1/p1p1p1p1p/9/9/P1P1P1P1P/2N1C2C1/9/R1BAKABNR b,0.7981911,562
r1baka1nr/9/1cn1b2c1/p1p1p1p1p/9/9/P1P1P1P1P/2N1C2C1/9/R1BAKABNR w,-0.79805803,7372
r1baka1nr/9/1cn1b2c1/p1p1p1p1p/9/9/P1P1P1P1P/2N1C2C1/9/1RBAKABNR b,0.79823,1
1rbaka1nr/9/1cn1b2c1/p1p1p1p1p/9/9/P1P1P1P1P/2N1C2C1/9/1RBAKABNR w,-0.7982987,6368
1rbaka1nr/9/1cn1b2c1/p1p1p1p1p/9/9/P1P1P1P1P/2N1CC3/9/1RBAKABNR b,0.7987143,654
1rbaka2r/9/1cn1b1nc1/p1p1p1p1p/9/9/P1P1P1P1P/2N1CC3/9/1RBAKABNR w,-0.7983996,7989
1rbaka2r/9/1cn1b1nc1/p1p1p1p1p/9/9/P1P1P1P1P/2N1CCN2/9/1RBAKAB1R b,0.79863185,3012
1rbaka2r/9/1cn1b1nc1/p1p1p3p/6p2/9/P1P1P1P1P/2N1CCN2/9/1RBAKAB1R w,-0.79806405,8098
1rbaka2r/9/1cn1b1nc1/p1p1p3p/6p2/9/P1P1P1P1P/2N1CCN2/9/1RBAKABR1 b,0.7979736,727
1rbaka1r1/9/1cn1b1nc1/p1p1p3p/6p2/9/P1P1P1P1P/2N1CCN2/9/1RBAKABR1 w,-0.7974455,5087
1rbaka1r1/9/1cn1b1nc1/p1p1p3p/6p2/2P6/P3P1P1P/2N1CCN2/9/1RBAKABR1 b,0.7978162,1765
1rbaka1r1/9/2n1b1nc1/p1p1p3p/6p2/2P6/Pc2P1P1P/2N1CCN2/9/1RBAKABR1 w,-0.79523826,5898
1rbaka1r1/9/2n1b1nc1/p1p1p3p/6p2/2PN5/Pc2P1P1P/4CCN2/9/1RBAKABR1 b,0.79346955,2311
1rbaka1r1/9/2n1b1n2/p1p1p3p/6p2/2PN5/Pc2P1PcP/4CCN2/9/1RBAKABR1 w,-0.79207164,6143
1rbaka1r1/9/2n1bCn2/p1p1p3p/6p2/2PN5/Pc2P1PcP/4C1N2/9/1RBAKABR1 b,0.7915428,1986
1rbakabr1/9/2n2Cn2/p1p1p3p/6p2/2PN5/Pc2P1PcP/4C1N2/9/1RBAKABR1 w,-0.78150064,4351
1rbakabr1/9/2n2Cn2/p1p1N3p/6p2/2P6/Pc2P1PcP/4C1N2/9/1RBAKABR1 b,0.7952438,1831
1rbakabr1/9/5Cn2/p1p1n3p/6p2/2P6/Pc2P1PcP/4C1N2/9/1RBAKABR1 w,-0.79499507,6061
1rbakabr1/9/5Cn2/p1p1C3p/6p2/2P6/Pc2P1PcP/6N2/9/1RBAKABR1 b,0.80903965,109
2bakabr1/9/1r3Cn2/p1p1C3p/6p2/2P6/Pc2P1PcP/6N2/9/1RBAKABR1 w,-0.7977138,2839
2bakabr1/9/1r3Cn2/p1p5p/6p2/2P1C4/Pc2P1PcP/6N2/9/1RBAKABR1 b,0.80141336,1733
2bakabr1/9/5rn2/p1p5p/6p2/2P1C4/Pc2P1PcP/6N2/9/1RBAKABR1 w,-0.79037094,7435
2bakabr1/9/5rn2/p1p5p/6p2/2P1C4/PR2P1PcP/6N2/9/2BAKABR1 b,0.79297215,2201
2bakabr1/9/5r3/p1p5p/5np2/2P1C4/PR2P1PcP/6N2/9/2BAKABR1 w,-0.78668827,4987
2bakabr1/9/5r3/p1p5p/1R3np2/2P1C4/P3P1PcP/6N2/9/2BAKABR1 b,0.7916348,3750
2bakabr1/9/5r3/p1p5p/1R4p2/2P1C4/P3P1ncP/6N2/9/2BAKABR1 w,-0.78065056,3372
2bakabr1/9/5r3/p1p5p/6R2/2P1C4/P3P1ncP/6N2/9/2BAKABR1 b,0.79452896,5449
2bakabr1/9/5r3/p1p5p/6R2/2P1n4/P3P2cP/6N2/9/2BAKABR1 w,-0.7940186,5269
2bakabr1/9/5r3/p1p5p/6R2/2P1P4/P6cP/6N2/9/2BAKABR1 b,0.8016394,2129
2bakabr1/9/9/p1p5p/6R2/2P1P4/P4r1cP/6N2/9/2BAKABR1 w,-0.79695475,3813
2bakabr1/9/9/p1p3R1p/9/2P1P4/P4r1cP/6N2/9/2BAKABR1 b,0.80070895,5378
2bakabr1/9/9/p1p3R1p/9/2P1P4/P6cP/5rN2/9/2BAKABR1 w,-0.7807615,7816
2bakabr1/9/9/p1p3R1p/9/2P1P4/P6cP/5rN2/4A4/2BAK1BR1 b,0.79545015,6179
2bakabr1/9/9/p1p3R1p/9/2P1P4/P4r1cP/6N2/4A4/2BAK1BR1 w,-0.78476703,4450
2bakabr1/9/9/p1p3R1p/4P4/2P6/P4r1cP/6N2/4A4/2BAK1BR1 b,0.79485357,5560
2bakabr1/9/9/p1p3R1p/4P4/2P6/P4r2P/6Nc1/4A4/2BAK1BR1 w,-0.7753987,6262
2bakabr1/9/9/p1p3R1p/4P4/2P4N1/P4r2P/7c1/4A4/2BAK1BR1 b,0.80804455,682
2bakab2/9/9/p1p3R1p/4P4/2P4r1/P4r2P/7c1/4A4/2BAK1BR1 w,-0.80376834,2976
2bakaR2/9/9/p1p5p/4P4/2P4r1/P4r2P/7c1/4A4/2BAK1BR1 b,0.81429946,6379
2bakaR2/9/9/p1p5p/4P4/2P4r1/P4r2P/9/4A2c1/2BAK1BR1 w,-0.8006795,3631
2bakaR2/9/9/p1p1P3p/9/2P4r1/P4r2P/9/4A2c1/2BAK1BR1 b,0.8210736,5372
2bakaR2/9/9/p1p1P3p/9/2P4r1/P7r/9/4A2c1/2BAK1BR1 w,-0.8008431,7897
2bakaR2/9/9/p1p1P3p/9/2P4r1/P7r/4B4/4A2c1/2BAK2R1 b,0.8163239,4714
2bakaR2/9/9/p1p1P2rp/9/2P6/P7r/4B4/4A2c1/2BAK2R1 w,-0.80697954,555
2baka3/6R2/9/p1p1P2rp/9/2P6/P7r/4B4/4A2c1/2BAK2R1 b,0.8245023,5638
2baka3/6R2/9/p1p1P2rp/9/2P6/P3r4/4B4/4A2c1/2BAK2R1 w,-0.8136257,2820
2baka3/6R2/9/p1pP3rp/9/2P6/P3r4/4B4/4A2c1/2BAK2R1 b,0.8271646,283
2b1ka3/4a1R2/9/p1pP3rp/9/2P6/P3r4/4B4/4A2c1/2BAK2R1 w,-0.8110175,1374
2b1ka3/4a4/6R2/p1pP3rp/9/2P6/P3r4/4B4/4A2c1/2BAK2R1 b,0.8252836,202
4ka3/4a4/4b1R2/p1pP3rp/9/2P6/P3r4/4B4/4A2c1/2BAK2R1 w,-0.8059443,2729
4ka3/4a4/4b1R2/p1P4rp/9/2P6/P3r4/4B4/4A2c1/2BAK2R1 b,0.8110924,3194
4ka3/4a4/4b1R2/p1P4r1/8p/2P6/P3r4/4B4/4A2c1/2BAK2R1 w,-0.80472255,2630
4ka3/4a4/2P1b1R2/p6r1/8p/2P6/P3r4/4B4/4A2c1/2BAK2R1 b,0.81176466,7171
4ka3/4a4/2P1b1R2/p6r1/8p/2P6/P3r2c1/4B4/4A4/2BAK2R1 w,-0.80386376,1811
4ka3/2P1a4/4b1R2/p6r1/8p/2P6/P3r2c1/4B4/4A4/2BAK2R1 b,0.819381,3091
4ka3/2P1a4/4b1R2/p3r4/8p/2P6/P3r2c1/4B4/4A4/2BAK2R1 w,-0.80925536,1002
4ka3/3Pa4/4b1R2/p3r4/8p/2P6/P3r2c1/4B4/4A4/2BAK2R1 b,0.8206237,5277
4ka3/3Pa4/4b1R2/p3r4/8p/2P6/P2r3c1/4B4/4A4/2BAK2R1 w,-0.80534416,4268
4ka3/3Pa4/4b1R2/p3r4/2P5p/9/P2r3c1/4B4/4A4/2BAK2R1 b,0.8269252,5548
4ka3/3Pa4/4b1R2/p3r4/2P5p/9/P2rc4/4B4/4A4/2BAK2R1 w,-0.81195366,1093
4ka3/4P4/4b1R2/p3r4/2P5p/9/P2rc4/4B4/4A4/2BAK2R1 b,0.82234997,363
3k1a3/4P4/4b1R2/p3r4/2P5p/9/P2rc4/4B4/4A4/2BAK2R1 w,-0.8084419,7736
3k1a3/4P4/4b1R2/p3r4/2P5p/9/P2rc4/4B4/4A4/2BA1K1R1 b,0.8195048,463
3k5/4a4/4b1R2/p3r4/2P5p/9/P2rc4/4B4/4A4/2BA1K1R1 w,-0.8080767,7927
3k3R1/4a4/4b1R2/p3r4/2P5p/9/P2rc4/4B4/4A4/2BA1K3 b,0.811878,282
7R1/3ka4/4b1R2/p3r4/2P5p/9/P2rc4/4B4/4A4/2BA1K3 w,-0.8002798,3449
7R1/3ka4/4b1R2/p1P1r4/8p/9/P2rc4/4B4/4A4/2BA1K3 b,0.9888048,2822
7R1/3ka4/4b1R2/p1P2r3/8p/9/P2rc4/4B4/4A4/2BA1K3 w,-0.99368155,7825
7R1/3ka4/4b1R2/p1P2r3/8p/9/P2rc4/4B4/4A4/2BAK4 b,1,5214
rnbakabnr/9/1c5c1/p1p1p1p1p/9/9/P1P1P1P1P/1C5C1/9/RNBAKABNR w,0.8017992,5827
rnbakabnr/9/1c5c1/p1p1p1p1p/9/9/P1P1P1P1P/4C2C1/9/RNBAKABNR b,-0.80176365,110
r1bakabnr/9/1cn4c1/p1p1p1p1p/9/9/P1P1P1P1P/4C2C1/9/RNBAKABNR w,0.80181926,7445
r1bakabnr/9/1cn4c1/p1p1p1p1p/9/9/P1P1P1P1P/2N1C2C1/9/R1BAKABNR b,-0.80180895,562
r1baka1nr/9/1cn1b2c1/p1p1p1p1p/9/9/P1P1P1P1P/2N1C2C1/9/R1BAKABNR w,0.8019307,7372
r1baka1nr/9/1cn1b2c1/p1p1p1p1p/9/9/P1P1P1P1P/2N1C2C1/9/1RBAKABNR b,-0.8017765,1
1rbaka1nr/9/1cn1b2c1/p1p1p1p1p/9/9/P1P1P1P1P/2N1C2C1/9/1RBAKABNR w,0.80169904,6368
1rbaka1nr/9/1cn1b2c1/p1p1p1p1p/9/9/P1P1P1P1P/2N1CC3/9/1RBAKABNR b,-0.80126673,654
1rbaka2r/9/1cn1b1nc1/p1p1p1p1p/9/9/P1P1P1P1P/2N1CC3/9/1RBAKABNR w,0.80158037,7989
1rbaka2r/9/1cn1b1nc1/p1p1p1p1p/9/9/P1P1P1P1P/2N1CCN2/9/1RBAKAB1R b,-0.8013648,3012
1rbaka2r/9/1cn1b1nc1/p1p1p3p/6p2/9/P1P1P1P1P/2N1CCN2/9/1RBAKAB1R w,0.8018736,8098
1rbaka2r/9/1cn1b1nc1/p1p1p3p/6p2/9/P1P1P1P1P/2N1CCN2/9/1RBAKABR1 b,-0.8020083,727
1rbaka1r1/9/1cn1b1nc1/p1p1p3p/6p2/9/P1P1P1P1P/2N1CCN2/9/1RBAKABR1 w,0.8027678,5087
1rbaka1r1/9/1cn1b1nc1/p1p1p3p/6p2/2P6/P3P1P1P/2N1CCN2/9/1RBAKABR1 b,-0.8022262,1765
1rbaka1r1/9/2n1b1nc1/p1p1p3p/6p2/2P6/Pc2P1P1P/2N1CCN2/9/1RBAKABR1 w,0.80470604,5898
1rbaka1r1/9/2n1b1nc1/p1p1p3p/6p2/2PN5/Pc2P1P1P/4CCN2/9/1RBAKABR1 b,-0.8065378,2311
1rbaka1r1/9/2n1b1n2/p1p1p3p/6p2/2PN5/Pc2P1PcP/4CCN2/9/1RBAKABR1 w,0.8078157,6143
1rbaka1r1/9/2n1bCn2/p1p1p3p/6p2/2PN5/Pc2P1PcP/4C1N2/9/1RBAKABR1 b,-0.809039,1986
1rbakabr1/9/2n2Cn2/p1p1p3p/6p2/2PN5/Pc2P1PcP/4C1N2/9/1RBAKABR1 w,0.8186005,4351
1rbakabr1/9/2n2Cn2/p1p1N3p/6p2/2P6/Pc2P1PcP/4C1N2/9/1RBAKABR1 b,-0.8048754,1831
1rbakabr1/9/5Cn2/p1p1n3p/6p2/2P6/Pc2P1PcP/4C1N2/9/1RBAKABR1 w,0.8050081,6061
1rbakabr1/9/5Cn2/p1p1C3p/6p2/2P6/Pc2P1PcP/6N2/9/1RBAKABR1 b,-0.79082316,109
2bakabr1/9/1r3Cn2/p1p1C3p/6p2/2P6/Pc2P1PcP/6N2/9/1RBAKABR1 w,0.8019639,2839
2bakabr1/9/1r3Cn2/p1p5p/6p2/2P1C4/Pc2P1PcP/6N2/9/1RBAKABR1 b,-0.7987708,1733
2bakabr1/9/5rn2/p1p5p/6p2/2P1C4/Pc2P1PcP/6N2/9/1RBAKABR1 w,0.80971247,7435
2bakabr1/9/5rn2/p1p5p/6p2/2P1C4/PR2P1PcP/6N2/9/2BAKABR1 b,-0.8074637,2138
2bakabr1/9/6n2/p1p5p/6p2/2P1C4/PR2P1PcP/5rN2/9/2BAKABR1 w,0.816201,6290
2bakabr1/9/6n2/p1p5p/6p2/2P1C4/PR2P1PcP/5r3/8N/2BAKABR1 b,-0.8050468,5569
2bakabr1/9/6n2/p1p5p/6p2/2P1C4/PR2P1P1P/5r3/7cN/2BAKABR1 w,0.8141668,7897
2bakabr1/9/6n2/p1p5p/6p2/2P1C4/PR2P1P1P/4Br3/7cN/2BAKA1R1 b,-0.8027323,2201
2bakabr1/9/9/p1p5p/5np2/2P1C4/PR2P1P1P/4Br3/7cN/2BAKA1R1 w,0.8096969,7816
2bakabr1/9/9/p1p5p/5np2/2P1C4/PR2P1P1P/4Br3/4A2cN/2BAK2R1 b,-0.80472493,6179
2bakabr1/9/9/p1p5p/5np2/2P1C4/PR2PrP1P/4B4/4A2cN/2BAK2R1 w,0.81023574,5007
2bakabr1/9/9/p1p5p/5np2/2P1C4/P2RPrP1P/4B4/4A2cN/2BAK2R1 b,-0.7977893,3750
2bakabr1/9/9/p1p5p/6p2/2P1C4/P2RPrn1P/4B4/4A2cN/2BAK2R1 w,0.810678,8007
2bakabr1/9/9/p1p5p/6p2/2P1C4/P2RPrn1P/4B4/4A2cN/2BAK1R2 b,-0.7800918,7198
2bakabr1/9/9/p1p5p/6p2/2P1C4/P2RPrn1P/4B4/4A3N/2BAK1Rc1 w,0.77490896,7899
2bakabr1/9/9/p1p5p/6p2/2P1C4/P2RPrn1P/4B1R2/4A3N/2BAK2c1 b,-0.7591149,8009
2bakabr1/9/9/p1p5p/6p2/2P1C4/P2RPrn1P/4B1R2/4A3N/2BAK3c w,0.7534326,6278
2bakabr1/9/9/p1p5p/6p2/2P1C4/P2RPrn1P/4BR3/4A3N/2BAK3c b,-0.7507469,5378
2bakabr1/9/9/p1p5p/6p2/2P1C4/P2RP1n1P/4Br3/4A3N/2BAK3c w,0.7620882,6908
2bakabr1/9/9/p1p5p/6p2/2P1C4/P2RP1n1P/4BA3/8N/2BAK3c b,-0.7556409,718
2bakab2/9/9/p1p5p/6p2/2P1C4/P2RP1n1P/4BA3/8N/2BAK2rc w,0.74981964,7726
2bakab2/9/9/p1p5p/6p2/2P1C4/P2RP1n1P/4BA3/4K3N/2BA3rc b,-0.7466281,7999
2bakab2/9/9/p1p5p/6p2/2P1C4/P2RP1n1P/4BA3/4K2rN/2BA4c w,0.7447465,6925
2bakab2/9/9/p1p5p/6p2/2P1C4/P2RP1n1P/4BA3/7rN/2BAK3c b,-0.73235226,5477
2bakab2/9/9/p1p5p/6p2/2P1C4/P2RP3P/4BA3/5n1rN/2BAK3c w,0.7625987,7636
2bakab2/9/9/p1p5p/6p2/2P1C4/P2RP3P/4BA3/4An1rN/2B1K3c b,-0.75020915,7190
2bakab2/9/9/p1p5p/6p2/2P1C4/P2RP3P/4BA3/4An2r/2B1K3c w,0.75832313,5160
2bakab2/9/9/p1pR4p/6p2/2P1C4/P3P3P/4BA3/4An2r/2B1K3c b,-0.74459225,7262
2bakab2/9/9/p1pR4p/6p2/2P1C4/P3P3r/4BA3/4An3/2B1K3c w,0.7475266,2731
2bakab2/9/9/p1p1R3p/6p2/2P1C4/P3P3r/4BA3/4An3/2B1K3c b,-0.7618507,283
2b1kab2/4a4/9/p1p1R3p/6p2/2P1C4/P3P3r/4BA3/4An3/2B1K3c w,0.8589417,2825
2b1kab2/4a4/9/p1p5R/6p2/2P1C4/P3P3r/4BA3/4An3/2B1K3c b,-0.8561982,202
4kab2/4a4/4b4/p1p5R/6p2/2P1C4/P3P3r/4BA3/4An3/2B1K3c w,0.8675466,3212
4kab2/4a4/4b4/p1p6/6p2/2P1C4/P3P3R/4BA3/4An3/2B1K3c b,-0.85727936,7000
4kab2/4a4/4b4/p1p6/6p2/2P1C4/P3P3R/4BA1n1/4A4/2B1K3c w,0.8983675,5651
4kab2/4a4/4b4/p1p6/6p2/2P1C4/P3P4/4BA1nR/4A4/2B1K3c b,-0.8940079,2466
4kab2/4a4/4b4/2p6/p5p2/2P1C4/P3P4/4BA1nR/4A4/2B1K3c w,0.89980954,6460
4kab2/4a4/4b4/2p6/p5p2/2P1C4/P3P4/4BA1R1/4A4/2B1K3c b,-0.89725393,8054
4kab2/4a4/4b4/2p6/p5p1c/2P1C4/P3P4/4BA1R1/4A4/2B1K4 w,0.9137031,6334
4kab2/4a4/4b4/2p4R1/p5p1c/2P1C4/P3P4/4BA3/4A4/2B1K4 b,-0.91133726,4022
4kab2/4a4/4b4/2p4R1/p5p2/2P1C4/P3P3c/4BA3/4A4/2B1K4 w,0.93019533,3089
4kab2/4a4/4b4/2R6/p5p2/2P1C4/P3P3c/4BA3/4A4/2B1K4 b,-0.9326209,363
3k1ab2/4a4/4b4/2R6/p5p2/2P1C4/P3P3c/4BA3/4A4/2B1K4 w,0.9332834,2640
3k1ab2/4a4/4b4/3R5/p5p2/2P1C4/P3P3c/4BA3/4A4/2B1K4 b,-0.92833686,274
4kab2/4a4/4b4/3R5/p5p2/2P1C4/P3P3c/4BA3/4A4/2B1K4 w,0.9327298,4268
4kab2/4a4/4b4/3R5/p1P3p2/4C4/P3P3c/4BA3/4A4/2B1K4 b,-0.9250933,5634
4kab2/4a4/4b4/3R5/p1P3p2/4C4/c3P4/4BA3/4A4/2B1K4 w,0.934401,3449
4kab2/4a4/4b4/2PR5/p5p2/4C4/c3P4/4BA3/4A4/2B1K4 b,-0.9341905,4941
4kab2/4a4/4b4/2PR5/p5p2/4C4/4P4/4BA3/4A4/c1B1K4 w,0.93615717,7533
4kab2/4a4/4b4/2PR5/p5p2/4C4/4P4/B3BA3/4A4/c3K4 b,-0.9309859,3285
4kab2/4a4/4b4/2PR5/6p2/p3C4/4P4/B3BA3/4A4/c3K4 w,0.9339509,2630
4kab2/4a4/2P1b4/3R5/6p2/p3C4/4P4/B3BA3/4A4/c3K4 b,-0.9293028,4104
4kab2/4a4/2P1b4/3R5/6p2/4C4/p3P4/B3BA3/4A4/c3K4 w,0.9565171,2728
4kab2/4a4/2P1b4/1R7/6p2/4C4/p3P4/B3BA3/4A4/c3K4 b,-0.9553675,363
3k1ab2/4a4/2P1b4/1R7/6p2/4C4/p3P4/B3BA3/4A4/c3K4 w,0.9588491,1811
3k1ab2/2P1a4/4b4/1R7/6p2/4C4/p3P4/B3BA3/4A4/c3K4 b,-0.94904256,1982
2bk1ab2/2P1a4/9/1R7/6p2/4C4/p3P4/B3BA3/4A4/c3K4 w,0.95533633,2550
2bk1ab2/2P1a4/9/3R5/6p2/4C4/p3P4/B3BA3/4A4/c3K4 b,-0.9563663,1191
2bk1ab2/2P6/3a5/3R5/6p2/4C4/p3P4/B3BA3/4A4/c3K4 w,0.9579412,2721
2bk1ab2/2P6/3R5/9/6p2/4C4/p3P4/B3BA3/4A4/c3K4 b,-0.9605901,274
2b1kab2/2P6/3R5/9/6p2/4C4/p3P4/B3BA3/4A4/c3K4 w,0.969527,1002
2b1kab2/3P5/3R5/9/6p2/4C4/p3P4/B3BA3/4A4/c3K4 b,-0.9605575,4923
2b1kab2/3P5/3R5/9/6p2/4C4/4P4/p3BA3/4A4/c3K4 w,0.96699005,6906
2b1kab2/3P5/3R5/9/6p2/4C4/4P4/p2ABA3/9/c3K4 b,-0.9699921,7362
2b1kab2/3P5/3R5/9/6p2/4C4/4P4/p2ABA3/c8/4K4 w,0.972384,1910
2b1kab2/3P5/2R6/9/6p2/4C4/4P4/p2ABA3/c8/4K4 b,-0.9558008,198
4kab2/3P5/b1R6/9/6p2/4C4/4P4/p2ABA3/c8/4K4 w,0.96164715,1822
4kab2/3P5/b3R4/9/6p2/4C4/4P4/p2ABA3/c8/4K4 b,-0.9782218,463
4k1b2/3Pa4/b3R4/9/6p2/4C4/4P4/p2ABA3/c8/4K4 w,0.98900497,1093
4k1b2/4P4/b3R4/9/6p2/4C4/4P4/p2ABA3/c8/4K4 b,-0.99086773,363
3k2b2/4P4/b3R4/9/6p2/4C4/4P4/p2ABA3/c8/4K4 w,1,2001
rnbakabnr/9/1c5c1/p1p1p1p1p/9/9/P1P1P1P1P/1C5C1/9/RNBAKABNR w,-0.7981834,5827
rnbakabnr/9/1c5c1/p1p1p1p1p/9/9/P1P1P1P1P/4C2C1/9/RNBAKABNR b,0.79823226,110
r1bakabnr/9/1cn4c1/p1p1p1p1p/9/9/P1P1P1P1P/4C2C1/9/RNBAKABNR w,-0.79818076,7445
r1bakabnr/9/1cn4c1/p1p1p1p1p/9/9/P1P1P1P1P/2N1C2C1/9/R1BAKABNR b,0.7981594,562
r1baka1nr/9/1cn1b2c1/p1p1p1p1p/9/9/P1P1P1P1P/2N1C2C1/9/R1BAKABNR w,-0.79805344,7372
r1baka1nr/9/1cn1b2c1/p1p1p1p1p/9/9/P1P1P1P1P/2N1C2C1/9/1RBAKABNR b,0.798229,1
1rbaka1nr/9/1cn1b2c1/p1p1p1p1p/9/9/P1P1P1P1P/2N1C2C1/9/1RBAKABNR w,-0.79831344,6368
1rbaka1nr/9/1cn1b2c1/p1p1p1p1p/9/9/P1P1P1P1P/2N1CC3/9/1RBAKABNR b,0.79872394,654
1rbaka2r/9/1cn1b1nc1/p1p1p1p1p/9/9/P1P1P1P1P/2N1CC3/9/1RBAKABNR w,-0.7984249,7989
1rbaka2r/9/1cn1b1nc1/p1p1p1p1p/9/9/P1P1P1P1P/2N1CCN2/9/1RBAKAB1R b,0.7986271,3012
1rbaka2r/9/1cn1b1nc1/p1p1p3p/6p2/9/P1P1P1P1P/2N1CCN2/9/1RBAKAB1R w,-0.7981264,8098
1rbaka2r/9/1cn1b1nc1/p1p1p3p/6p2/9/P1P1P1P1P/2N1CCN2/9/1RBAKABR1 b,0.7979827,727
1rbaka1r1/9/1cn1b1nc1/p1p1p3p/6p2/9/P1P1P1P1P/2N1CCN2/9/1RBAKABR1 w,-0.79748696,5087
1rbaka1r1/9/1cn1b1nc1/p1p1p3p/6p2/2P6/P3P1P1P/2N1CCN2/9/1RBAKABR1 b,0.79787856,1765
1rbaka1r1/9/2n1b1nc1/p1p1p3p/6p2/2P6/Pc2P1P1P/2N1CCN2/9/1RBAKABR1 w,-0.7952885,5898
1rbaka1r1/9/2n1b1nc1/p1p1p3p/6p2/2PN5/Pc2P1P1P/4CCN2/9/1RBAKABR1 b,0.7936106,2311
1rbaka1r1/9/2n1b1n2/p1p1p3p/6p2/2PN5/Pc2P1PcP/4CCN2/9/1RBAKABR1 w,-0.79206824,6143
1rbaka1r1/9/2n1bCn2/p1p1p3p/6p2/2PN5/Pc2P1PcP/4C1N2/9/1RBAKABR1 b,0.7915428,1986
1rbakabr1/9/2n2Cn2/p1p1p3p/6p2/2PN5/Pc2P1PcP/4C1N2/9/1RBAKABR1 w,-0.7819419,4351
1rbakabr1/9/2n2Cn2/p1p1N3p/6p2/2P6/Pc2P1PcP/4C1N2/9/1RBAKABR1 b,0.79521334,1831
1rbakabr1/9/5Cn2/p1p1n3p/6p2/2P6/Pc2P1PcP/4C1N2/9/1RBAKABR1 w,-0.7949721,6061
1rbakabr1/9/5Cn2/p1p1C3p/6p2/2P6/Pc2P1PcP/6N2/9/1RBAKABR1 b,0.80969524,109
2bakabr1/9/1r3Cn2/p1p1C3p/6p2/2P6/Pc2P1PcP/6N2/9/1RBAKABR1 w,-0.79812795,2839
2bakabr1/9/1r3Cn2/p1p5p/6p2/2P1C4/Pc2P1PcP/6N2/9/1RBAKABR1 b,0.80170304,1733
2bakabr1/9/5rn2/p1p5p/6p2/2P1C4/Pc2P1PcP/6N2/9/1RBAKABR1 w,-0.7902395,7435
2bakabr1/9/5rn2/p1p5p/6p2/2P1C4/PR2P1PcP/6N2/9/2BAKABR1 b,0.7929446,2201
2bakabr1/9/5r3/p1p5p/5np2/2P1C4/PR2P1PcP/6N2/9/2BAKABR1 w,-0.78639144,4987
2bakabr1/9/5r3/p1p5p/1R3np2/2P1C4/P3P1PcP/6N2/9/2BAKABR1 b,0.7917212,3750
2bakabr1/9/5r3/p1p5p/1R4p2/2P1C4/P3P1ncP/6N2/9/2BAKABR1 w,-0.78047824,3372
2bakabr1/9/5r3/p1p5p/6R2/2P1C4/P3P1ncP/6N2/9/2BAKABR1 b,0.79452896,5449
2bakabr1/9/5r3/p1p5p/6R2/2P1n4/P3P2cP/6N2/9/2BAKABR1 w,-0.7940207,5269
2bakabr1/9/5r3/p1p5p/6R2/2P1P4/P6cP/6N2/9/2BAKABR1 b,0.8003963,5560
2bakabr1/9/5r3/p1p5p/6R2/2P1P4/P7P/6Nc1/9/2BAKABR1 w,-0.79073244,7999
2bakabr1/9/5r3/p1p5p/6R2/2P1P4/P7P/6Nc1/7R1/2BAKAB2 b,0.80136853,2138
2bakabr1/9/9/p1p5p/6R2/2P1P4/P7P/5rNc1/7R1/2BAKAB2 w,-0.79269576,5633
2bakabr1/9/9/p1p5p/6R2/2P1P3P/P8/5rNc1/7R1/2BAKAB2 b,0.8008429,562
2baka1r1/9/4b4/p1p5p/6R2/2P1P3P/P8/5rNc1/7R1/2BAKAB2 w,-0.79856634,3813
2baka1r1/9/4b4/p1p3R1p/9/2P1P3P/P8/5rNc1/7R1/2BAKAB2 b,0.8059272,691
2baka3/9/4b4/p1p3R1p/9/2P1P3P/P6r1/5rNc1/7R1/2BAKAB2 w,-0.78686315,4450
2baka3/9/4b4/p1p3R1p/4P4/2P5P/P6r1/5rNc1/7R1/2BAKAB2 b,0.8029855,283
2b1ka3/4a4/4b4/p1p3R1p/4P4/2P5P/P6r1/5rNc1/7R1/2BAKAB2 w,-0.78637725,7186
2b1ka3/4a4/4b4/p1p3R1p/4P4/2P5P/P6r1/5rNc1/4R4/2BAKAB2 b,0.8025699,5544
2b1ka3/4a4/4b4/p1p3R1p/4P4/2P5P/r8/5rNc1/4R4/2BAKAB2 w,-0.7823976,3631
2b1ka3/4a4/4b4/p1p1P1R1p/9/2P5P/r8/5rNc1/4R4/2BAKAB2 b,0.79051095,1986
2b1kab2/4a4/9/p1p1P1R1p/9/2P5P/r8/5rNc1/4R4/2BAKAB2 w,-0.7675255,2976
2b1kaR2/4a4/9/p1p1P3p/9/2P5P/r8/5rNc1/4R4/2BAKAB2 b,0.7808424,4917
2b1kaR2/4a4/9/p1p1P3p/9/2P5P/3r5/5rNc1/4R4/2BAKAB2 w,-0.77196413,2812
2b1kaR2/4a4/4P4/p1p5p/9/2P5P/3r5/5rNc1/4R4/2BAKAB2 b,0.8241165,363
2bk1aR2/4a4/4P4/p1p5p/9/2P5P/3r5/5rNc1/4R4/2BAKAB2 w,-0.81003094,6871
2bk1aR2/4a4/4P4/p1p1R3p/9/2P5P/3r5/5rNc1/9/2BAKAB2 b,0.8123988,5214
2bk1aR2/4a4/4P4/p1p1R3p/9/2P5P/9/5rNc1/9/2BrKAB2 w,-0.81030387,7726
2bk1aR2/4a4/4P4/p1p1R3p/9/2P5P/9/5rNc1/4K4/2Br1AB2 b,0.8157461,202
3k1aR2/4a4/4b4/p1p1R3p/9/2P5P/9/5rNc1/4K4/2Br1AB2 w,-0.79653937,2812
3k1aR2/4a4/4R4/p1p5p/9/2P5P/9/5rNc1/4K4/2Br1AB2 b,0.8101053,7572
3k1aR2/3ra4/4R4/p1p5p/9/2P5P/9/5rNc1/4K4/2B2AB2 w,-0.7975166,555
3k1a3/3ra1R2/4R4/p1p5p/9/2P5P/9/5rNc1/4K4/2B2AB2 b,0.84354,6185
3k1a3/3ra1R2/4R4/p1p5p/9/2P5P/9/2r3Nc1/4K4/2B2AB2 w,-0.81715995,6917
3k1a3/3ra1R2/4R4/p1p5p/9/2P5P/9/2r3Nc1/5K3/2B2AB2 b,0.8251788,5933
3k1a3/3ra1R2/4R4/p1p5p/9/2P5P/9/6Nc1/5K3/2r2AB2 w,-0.8109475,6268
3k1a3/3ra1R2/4R4/p1p5p/9/2P5P/4N4/7c1/5K3/2r2AB2 b,0.82117134,7544
3k1a3/3ra1R2/4R4/p1p5p/9/2P5P/4N4/7c1/2r2K3/5AB2 w,-0.80503136,7816
3k1a3/3ra1R2/4R4/p1p5p/9/2P5P/4N4/7c1/2r1AK3/6B2 b,0.81863284,6379
3k1a3/3ra1R2/4R4/p1p5p/9/2P5P/4N4/9/2r1AK1c1/6B2 w,-0.8107118,5261
3k1a3/3ra1R2/4R4/p1p5p/5N3/2P5P/9/9/2r1AK1c1/6B2 b,0.83982676,6707
3k1a3/3ra1R2/4R4/p1p5p/5N3/2r5P/9/9/4AK1c1/6B2 w,-0.8304633,2000
3k1a3/3ra1R2/2R6/p1p5p/5N3/2r5P/9/9/4AK1c1/6B2 b,0.8660828,4280
3k1a3/3ra1R2/2R6/p1p5p/5N3/5r2P/9/9/4AK1c1/6B2 w,-0.8638226,6908
3k1a3/3ra1R2/2R6/p1p5p/5N3/5r2P/9/5A3/5K1c1/6B2 b,0.87363774,1155
3k1a3/4a1R2/2R6/p1p5p/5N3/5r2P/9/5A3/3r1K1c1/6B2 w,-0.86882204,7016
3k1a3/4a1R2/2R6/p1p5p/5N3/5r2P/9/5A3/3r3c1/5KB2 b,0.8789925,7198
3k1a3/4a1R2/2R6/p1p5p/5N3/5r2P/9/5A3/3r5/5KBc1 w,-0.87494004,7897
3k1a3/4a1R2/2R6/p1p5p/5N3/5r2P/9/4BA3/3r5/5K1c1 b,0.90915245,4541
3k1a3/4a1R2/2R6/p1p5p/5r3/8P/9/4BA3/3r5/5K1c1 w,-0.90094876,1829
3k1a3/4a1R2/9/p1R5p/5r3/8P/9/4BA3/3r5/5K1c1 b,0.931028,3758
3k1a3/4a1R2/9/p1R5p/9/8P/9/4Br3/3r5/5K1c1 w,-0.9381934,7825
3k1a3/4a1R2/9/p1R5p/9/8P/9/4Br3/3r5/4K2c1 b,0.95353734,6197
3k1a3/4a1R2/9/p1R5p/9/8P/9/4B4/3r1r3/4K2c1 w,-0.9484295,2612
2Rk1a3/4a1R2/9/p7p/9/8P/9/4B4/3r1r3/4K2c1 b,0.96117526,282
2R2a3/3ka1R2/9/p7p/9/8P/9/4B4/3r1r3/4K2c1 w,-0.9654285,191
5a3/2Rka1R2/9/p7p/9/8P/9/4B4/3r1r3/4K2c1 b,0.9812941,1083
3k1a3/2R1a1R2/9/p7p/9/8P/9/4B4/3r1r3/4K2c1 w,-0.96679336,1064
3k1a3/4a1R2/9/p7p/9/8P/9/4B4/2Rr1r3/4K2c1 b,1,6834
rnbakabnr/9/1c5c1/p1p1p1p1p/9/9/P1P1P1P1P/1C5C1/9/RNBAKABNR w,0.8018177,5827
rnbakabnr/9/1c5c1/p1p1p1p1p/9/9/P1P1P1P1P/4C2C1/9/RNBAKABNR b,-0.8017912,110
r1bakabnr/9/1cn4c1/p1p1p1p1p/9/9/P1P1P1P1P/4C2C1/9/RNBAKABNR w,0.801857,7445
r1bakabnr/9/1cn4c1/p1p1p1p1p/9/9/P1P1P1P1P/2N1C2C1/9/R1BAKABNR b,-0.80182236,562
r1baka1nr/9/1cn1b2c1/p1p1p1p1p/9/9/P1P1P1P1P/2N1C2C1/9/R1BAKABNR w,0.8019466,7372
r1baka1nr/9/1cn1b2c1/p1p1p1p1p/9/9/P1P1P1P1P/2N1C2C1/9/1RBAKABNR b,-0.80176973,1
1rbaka1nr/9/1cn1b2c1/p1p1p1p1p/9/9/P1P1P1P1P/2N1C2C1/9/1RBAKABNR w,0.80169904,6368
1rbaka1nr/9/1cn1b2c1/p1p1p1p1p/9/9/P1P1P1P1P/2N1CC3/9/1RBAKABNR b,-0.8012761,654
1rbaka2r/9/1cn1b1nc1/p1p1p1p1p/9/9/P1P1P1P1P/2N1CC3/9/1RBAKABNR w,0.8015947,7989
1rbaka2r/9/1cn1b1nc1/p1p1p1p1p/9/9/P1P1P1P1P/2N1CCN2/9/1RBAKAB1R b,-0.8013682,3012
1rbaka2r/9/1cn1b1nc1/p1p1p3p/6p2/9/P1P1P1P1P/2N1CCN2/9/1RBAKAB1R w,0.80187565,8098
1rbaka2r/9/1cn1b1nc1/p1p1p3p/6p2/9/P1P1P1P1P/2N1CCN2/9/1RBAKABR1 b,-0.8020148,727
1rbaka1r1/9/1cn1b1nc1/p1p1p3p/6p2/9/P1P1P1P1P/2N1CCN2/9/1RBAKABR1 w,0.80251306,5087
1rbaka1r1/9/1cn1b1nc1/p1p1p3p/6p2/2P6/P3P1P1P/2N1CCN2/9/1RBAKABR1 b,-0.8022274,1765
1rbaka1r1/9/2n1b1nc1/p1p1p3p/6p2/2P6/Pc2P1P1P/2N1CCN2/9/1RBAKABR1 w,0.8047727,5898
1rbaka1r1/9/2n1b1nc1/p1p1p3p/6p2/2PN5/Pc2P1P1P/4CCN2/9/1RBAKABR1 b,-0.80642694,2311
1rbaka1r1/9/2n1b1n2/p1p1p3p/6p2/2PN5/Pc2P1PcP/4CCN2/9/1RBAKABR1 w,0.8078861,6143
1rbaka1r1/9/2n1bCn2/p1p1p3p/6p2/2PN5/Pc2P1PcP/4C1N2/9/1RBAKABR1 b,-0.80879986,1986
1rbakabr1/9/2n2Cn2/p1p1p3p/6p2/2PN5/Pc2P1PcP/4C1N2/9/1RBAKABR1 w,0.81805813,4351
1rbakabr1/9/2n2Cn2/p1p1N3p/6p2/2P6/Pc2P1PcP/4C1N2/9/1RBAKABR1 b,-0.8047813,1831
1rbakabr1/9/5Cn2/p1p1n3p/6p2/2P6/Pc2P1PcP/4C1N2/9/1RBAKABR1 w,0.805125,6061
1rbakabr1/9/5Cn2/p1p1C3p/6p2/2P6/Pc2P1PcP/6N2/9/1RBAKABR1 b,-0.7909029,109
2bakabr1/9/1r3Cn2/p1p1C3p/6p2/2P6/Pc2P1PcP/6N2/9/1RBAKABR1 w,0.8022473,2839
2bakabr1/9/1r3Cn2/p1p5p/6p2/2P1C4/Pc2P1PcP/6N2/9/1RBAKABR1 b,-0.79828125,1733
2bakabr1/9/5rn2/p1p5p/6p2/2P1C4/Pc2P1PcP/6N2/9/1RBAKABR1 w,0.80971247,7435
2bakabr1/9/5rn2/p1p5p/6p2/2P1C4/PR2P1PcP/6N2/9/2BAKABR1 b,-0.80649936,2201
2bakabr1/9/5r3/p1p5p/5np2/2P1C4/PR2P1PcP/6N2/9/2BAKABR1 w,0.8138219,4987
2bakabr1/9/5r3/p1p5p/1R3np2/2P1C4/P3P1PcP/6N2/9/2BAKABR1 b,-0.80819744,3750
2bakabr1/9/5r3/p1p5p/1R4p2/2P1C4/P3P1ncP/6N2/9/2BAKABR1 w,0.8188465,3372
2bakabr1/9/5r3/p1p5p/6R2/2P1C4/P3P1ncP/6N2/9/2BAKABR1 b,-0.80544937,5449
2bakabr1/9/5r3/p1p5p/6R2/2P1n4/P3P2cP/6N2/9/2BAKABR1 w,0.8055982,5269
2bakabr1/9/5r3/p1p5p/6R2/2P1P4/P6cP/6N2/9/2BAKABR1 b,-0.79941744,5560
2bakabr1/9/5r3/p1p5p/6R2/2P1P4/P7P/6Nc1/9/2BAKABR1 w,0.8092676,7999
2bakabr1/9/5r3/p1p5p/6R2/2P1P4/P7P/6Nc1/7R1/2BAKAB2 b,-0.7984359,2138
2bakabr1/9/9/p1p5p/6R2/2P1P4/P7P/5rNc1/7R1/2BAKAB2 w,0.8003867,3813
2bakabr1/9/9/p1p3R1p/9/2P1P4/P7P/5rNc1/7R1/2BAKAB2 b,-0.80019426,691
2bakab2/9/9/p1p3R1p/9/2P1P4/P6rP/5rNc1/7R1/2BAKAB2 w,0.8144942,2976
2bakaR2/9/9/p1p5p/9/2P1P4/P6rP/5rNc1/7R1/2BAKAB2 b,-0.8035953,5548
2bakaR2/9/9/p1p5p/9/2P1P4/P3r3P/5rNc1/7R1/2BAKAB2 w,0.8334351,7816
2bakaR2/9/9/p1p5p/9/2P1P4/P3r3P/5rNc1/4A2R1/2BAK1B2 b,-0.81984997,6371
2bakaR2/9/9/p1p5p/9/2P1P4/P3r3P/5rN1c/4A2R1/2BAK1B2 w,0.8308821,591
2baka3/9/9/p1p5p/9/2P1P1R2/P3r3P/5rN1c/4A2R1/2BAK1B2 b,-0.808125,202
3aka3/9/4b4/p1p5p/9/2P1P1R2/P3r3P/5rN1c/4A2R1/2BAK1B2 w,0.8681451,7144
3aka3/9/4b4/p1p4Rp/9/2P1P1R2/P3r3P/5rN1c/4A4/2BAK1B2 b,-0.8753831,6479
3aka3/9/4b4/p1p4Rp/9/2P1P1R2/P3r3P/5rN2/4A4/2BAK1B1c w,0.9051355,7897
3aka3/9/4b4/p1p4Rp/9/2P1P1R2/P3r3P/4BrN2/4A4/2BAK3c b,-0.89479876,8097
3aka3/9/4b4/p1p4Rp/9/2P1P1R2/P3r3P/4BrN2/4A4/2BAK1c2 w,0.9171902,6117
3aka3/9/4b4/p1p4Rp/9/2P1P1R2/P3r3P/5rN2/4A4/2BAK1B2 b,-0.9026755,283
4ka3/4a4/4b4/p1p4Rp/9/2P1P1R2/P3r3P/5rN2/4A4/2BAK1B2 w,0.9489079,7897
4ka3/4a4/4b4/p1p4Rp/9/2P1P1R2/P3r3P/4BrN2/4A4/2BAK4 b,-0.9322572,6189
4ka3/4a4/4b4/p1p4Rp/9/2P1P1R2/P3r3P/4B1r2/4A4/2BAK4 w,0.93636024,4659
4ka3/4a4/4b4/p1p4Rp/9/2P1P4/P3r3P/4B1R2/4A4/2BAK4 b,-0.93202156,5269
4ka3/4a4/4b4/p1p4Rp/9/2P1r4/P7P/4B1R2/4A4/2BAK4 w,0.93967843,3089
4ka3/4a4/4b4/p1R5p/9/2P1r4/P7P/4B1R2/4A4/2BAK4 b,-0.931116,2466
4ka3/4a4/4b4/2R5p/p8/2P1r4/P7P/4B1R2/4A4/2BAK4 w,0.93526065,2637
4ka3/4a4/4b4/R7p/p8/2P1r4/P7P/4B1R2/4A4/2BAK4 b,-0.9366475,4450
4ka3/4a4/4b4/R7p/p3r4/2P6/P7P/4B1R2/4A4/2BAK4 w,0.9356811,6117
4ka3/4a4/4b4/R7p/p3r4/2P6/P7P/6R2/4A4/2BAK1B2 b,-0.93645585,1982
2b1ka3/4a4/9/R7p/p3r4/2P6/P7P/6R2/4A4/2BAK1B2 w,0.9532727,2430
R1b1ka3/4a4/9/8p/p3r4/2P6/P7P/6R2/4A4/2BAK1B2 b,-0.94648135,1173
R1baka3/9/9/8p/p3r4/2P6/P7P/6R2/4A4/2BAK1B2 w,0.9563109,2
2Raka3/9/9/8p/p3r4/2P6/P7P/6R2/4A4/2BAK1B2 b,-0.9461898,373
2Ra1a3/4k4/9/8p/p3r4/2P6/P7P/6R2/4A4/2BAK1B2 w,0.97006214,183
3R1a3/4k4/9/8p/p3r4/2P6/P7P/6R2/4A4/2BAK1B2 b,-0.9575231,3658
3R1a3/4k4/9/8p/p8/2P6/P3r3P/6R2/4A4/2BAK1B2 w,0.9794646,5633
3R1a3/4k4/9/8p/p8/2P5P/P3r4/6R2/4A4/2BAK1B2 b,-0.9617082,5279
3R1a3/4k4/9/8p/p8/2P5P/P4r3/6R2/4A4/2BAK1B2 w,0.9736275,4268
3R1a3/4k4/9/8p/p1P6/8P/P4r3/6R2/4A4/2BAK1B2 b,-0.95982915,5360
3R1a3/4k4/9/8p/p1P6/5r2P/P8/6R2/4A4/2BAK1B2 w,0.9771901,3449
3R1a3/4k4/9/2P5p/p8/5r2P/P8/6R2/4A4/2BAK1B2 b,-0.97015834,4532
3R1a3/4k4/9/2P2r2p/p8/8P/P8/6R2/4A4/2BAK1B2 w,0.977358,2630
3R1a3/4k4/2P6/5r2p/p8/8P/P8/6R2/4A4/2BAK1B2 b,-0.96934795,2909
3R1a3/4k4/2P6/2r5p/p8/8P/P8/6R2/4A4/2BAK1B2 w,0.98036814,291
5a3/4k4/2PR5/2r5p/p8/8P/P8/6R2/4A4/2BAK1B2 b,-0.9814732,2693
5a3/4k4/2PR5/8p/p8/8P/P8/6R2/4A4/2rAK1B2 w,0.9844775,6225
5a3/4k1R2/2PR5/8p/p8/8P/P8/9/4A4/2rAK1B2 b,-0.9872673,1174
4ka3/6R2/2PR5/8p/p8/8P/P8/9/4A4/2rAK1B2 w,0.9910386,1912
4ka3/6R2/2P1R4/8p/p8/8P/P8/9/4A4/2rAK1B2 b,-0.9927368,463
4k4/4a1R2/2P1R4/8p/p8/8P/P8/9/4A4/2rAK1B2 w,1,1356
rnbakabnr/9/1c5c1/p1p1p1p1p/9/9/P1P1P1P1P/1C5C1/9/RNBAKABNR w,0.0017991782,5827
rnbakabnr/9/1c5c1/p1p1p1p1p/9/9/P1P1P1P1P/4C2C1/9/RNBAKABNR b,-0.0017798304,110
r1bakabnr/9/1cn4c1/p1p1p1p1p/9/9/P1P1P1P1P/4C2C1/9/RNBAKABNR w,0.0018357992,7445
r1bakabnr/9/1cn4c1/p1p1p1p1p/9/9/P1P1P1P1P/2N1C2C1/9/R1BAKABNR b,-0.0018119812,562
r1baka1nr/9/1cn1b2c1/p1p1p1p1p/9/9/P1P1P1P1P/2N1C2C1/9/R1BAKABNR w,0.0019419909,7372
r1baka1nr/9/1cn1b2c1/p1p1p1p1p/9/9/P1P1P1P1P/2N1C2C1/9/1RBAKABNR b,-0.0017659307,1
1rbaka1nr/9/1cn1b2c1/p1p1p1p1p/9/9/P1P1P1P1P/2N1C2C1/9/1RBAKABNR w,0.0016866922,6368
1rbaka1nr/9/1cn1b2c1/p1p1p1p1p/9/9/P1P1P1P1P/2N1CC3/9/1RBAKABNR b,-0.0012760878,654
1rbaka2r/9/1cn1b1nc1/p1p1p1p1p/9/9/P1P1P1P1P/2N1CC3/9/1RBAKABNR w,0.0015946865,7989
1rbaka2r/9/1cn1b1nc1/p1p1p1p1p/9/9/P1P1P1P1P/2N1CCN2/9/1RBAKAB1R b,-0.0015743256,3012
1rbaka2r/9/1cn1b1nc1/p1p1p3p/6p2/9/P1P1P1P1P/2N1CCN2/9/1RBAKAB1R w,0.001935935,8098
1rbaka2r/9/1cn1b1nc1/p1p1p3p/6p2/9/P1P1P1P1P/2N1CCN2/9/1RBAKABR1 b,-0.0020286203,727
1rbaka1r1/9/1cn1b1nc1/p1p1p3p/6p2/9/P1P1P1P1P/2N1CCN2/9/1RBAKABR1 w,0.002513051,5087
1rbaka1r1/9/1cn1b1nc1/p1p1p3p/6p2/2P6/P3P1P1P/2N1CCN2/9/1RBAKABR1 b,-0.002226162,1765
1rbaka1r1/9/2n1b1nc1/p1p1p3p/6p2/2P6/Pc2P1P1P/2N1CCN2/9/1RBAKABR1 w,0.0047115325,5898
1rbaka1r1/9/2n1b1nc1/p1p1p3p/6p2/2PN5/Pc2P1P1P/4CCN2/9/1RBAKABR1 b,-0.0063934685,2311
1rbaka1r1/9/2n1b1n2/p1p1p3p/6p2/2PN5/Pc2P1PcP/4CCN2/9/1RBAKABR1 w,0.00785389,6143
1rbaka1r1/9/2n1bCn2/p1p1p3p/6p2/2PN5/Pc2P1PcP/4C1N2/9/1RBAKABR1 b,-0.008457172,1986
1rbakabr1/9/2n2Cn2/p1p1p3p/6p2/2PN5/Pc2P1PcP/4C1N2/9/1RBAKABR1 w,0.018145729,4351
1rbakabr1/9/2n2Cn2/p1p1N3p/6p2/2P6/Pc2P1PcP/4C1N2/9/1RBAKABR1 b,-0.0047813295,1831
1rbakabr1/9/5Cn2/p1p1n3p/6p2/2P6/Pc2P1PcP/4C1N2/9/1RBAKABR1 w,0.005004931,6061
1rbakabr1/9/5Cn2/p1p1C3p/6p2/2P6/Pc2P1PcP/6N2/9/1RBAKABR1 b,0.00935874,109
2bakabr1/9/1r3Cn2/p1p1C3p/6p2/2P6/Pc2P1PcP/6N2/9/1RBAKABR1 w,0.0022862197,2839
2bakabr1/9/1r3Cn2/p1p5p/6p2/2P1C4/Pc2P1PcP/6N2/9/1RBAKABR1 b,0.0015896797,1733
2bakabr1/9/5rn2/p1p5p/6p2/2P1C4/Pc2P1PcP/6N2/9/1RBAKABR1 w,0.009793592,7435
2bakabr1/9/5rn2/p1p5p/6p2/2P1C4/PR2P1PcP/6N2/9/2BAKABR1 b,-0.006458974,2201
2bakabr1/9/5r3/p1p5p/5np2/2P1C4/PR2P1PcP/6N2/9/2BAKABR1 w,0.013821912,4987
2bakabr1/9/5r3/p1p5p/1R3np2/2P1C4/P3P1PcP/6N2/9/2BAKABR1 b,-0.008043051,3750
2bakabr1/9/5r3/p1p5p/1R4p2/2P1C4/P3P1ncP/6N2/9/2BAKABR1 w,0.019521762,3372
2bakabr1/9/5r3/p1p5p/6R2/2P1C4/P3P1ncP/6N2/9/2BAKABR1 b,-0.005449605,5449
2bakabr1/9/5r3/p1p5p/6R2/2P1n4/P3P2cP/6N2/9/2BAKABR1 w,0.0058068037,5269
2bakabr1/9/5r3/p1p5p/6R2/2P1P4/P6cP/6N2/9/2BAKABR1 b,0.001590395,2129
2bakabr1/9/9/p1p5p/6R2/2P1P4/P4r1cP/6N2/9/2BAKABR1 w,0.002381277,3813
2bakabr1/9/9/p1p3R1p/9/2P1P4/P4r1cP/6N2/9/2BAKABR1 b,0.00075290207,5378
2bakabr1/9/9/p1p3R1p/9/2P1P4/P6cP/5rN2/9/2BAKABR1 w,0.012737227,3021
2bakabr1/9/9/p1p5p/9/2P1P1R2/P6cP/5rN2/9/2BAKABR1 b,-0.0056306124,6185
2bakabr1/9/9/p1p5p/9/2P1P1R2/P6cP/2r3N2/9/2BAKABR1 w,0.0103555685,6260
2bakabr1/9/9/p1p5p/9/2P1PNR2/P6cP/2r6/9/2BAKABR1 b,-0.0051577925,5897
2bakabr1/9/9/p1p5p/9/2r1PNR2/P6cP/9/9/2BAKABR1 w,0.017450262,4533
2bakabr1/9/9/p1p3N1p/9/2r1P1R2/P6cP/9/9/2BAKABR1 b,-0.007923508,4313
2bakabr1/9/9/p1p3N1p/9/4P1R2/P6cP/9/9/2rAKABR1 w,0.018849349,3010
2bakabr1/9/9/p1p5p/4N4/4P1R2/P6cP/9/9/2rAKABR1 b,-0.004012752,283
2b1kabr1/4a4/9/p1p5p/4N4/4P1R2/P6cP/9/9/2rAKABR1 w,0.0074288845,4650
2b1kabr1/4a4/9/p1p5p/4N4/4P4/P5RcP/9/9/2rAKABR1 b,0.0023375035,5569
2b1kabr1/4a4/9/p1p5p/4N4/4P4/P5R1P/9/7c1/2rAKABR1 w,0.0074306014,5478
2b1kabr1/4a4/9/p1p5p/4N4/4P4/P7P/9/6Rc1/2rAKABR1 b,0.0017357111,7180
2b1kabr1/4a4/9/p1p5p/4N4/4P4/P7P/7c1/6R2/2rAKABR1 w,0.005285597,7089
2b1kabr1/4a4/9/p1p5p/4N4/4P4/P7P/6Rc1/9/2rAKABR1 b,0.0016628981,6379
2b1kabr1/4a4/9/p1p5p/4N4/4P4/P7P/6R2/7c1/2rAKABR1 w,0.0074260714,7816
2b1kabr1/4a4/9/p1p5p/4N4/4P4/P7P/6R2/4A2c1/2rAK1BR1 b,-0.00018897057,202
4kabr1/4a4/4b4/p1p5p/4N4/4P4/P7P/6R2/4A2c1/2rAK1BR1 w,0.023022104,6274
4kabr1/4a4/4b4/p1p5p/4N4/4P4/P7P/1R7/4A2c1/2rAK1BR1 b,-0.014406539,1982
2b1kabr1/4a4/9/p1p5p/4N4/4P4/P7P/1R7/4A2c1/2rAK1BR1 w,0.015674591,5761
1Rb1kabr1/4a4/9/p1p5p/4N4/4P4/P7P/9/4A2c1/2rAK1BR1 b,0.0005656481,562
1Rb1ka1r1/4a4/4b4/p1p5p/4N4/4P4/P7P/9/4A2c1/2rAK1BR1 w,0.009385276,3633
1Rb1ka1r1/4a4/4b4/p1p3N1p/9/4P4/P7P/9/4A2c1/2rAK1BR1 b,0.0047967196,1173
1Rbaka1r1/9/4b4/p1p3N1p/9/4P4/P7P/9/4A2c1/2rAK1BR1 w,0.011117244,3010
1Rbaka1r1/9/4b4/p1p5p/4N4/4P4/P7P/9/4A2c1/2rAK1BR1 b,0.00967586,463
1Rbak2r1/4a4/4b4/p1p5p/4N4/4P4/P7P/9/4A2c1/2rAK1BR1 w,0.000917697,154
2bak2r1/4a4/4b4/p1p5p/4N4/4P4/P7P/1R7/4A2c1/2rAK1BR1 b,0.009716845,7526
2bak2r1/4a4/4b4/p1p5p/4N4/4P4/P1r5P/1R7/4A2c1/3AK1BR1 w,-0.0024247288,3651
2bak2r1/4a4/4b4/p1p5p/9/4P1N2/P1r5P/1R7/4A2c1/3AK1BR1 b,0.009318518,5100
2bak2r1/4a4/4b4/p1p5p/9/4P1N2/P5r1P/1R7/4A2c1/3AK1BR1 w,-0.0070895194,4622
2bak2r1/4a4/4b4/p1p2N2p/9/4P4/P5r1P/1R7/4A2c1/3AK1BR1 b,0.018193746,5433
2bak2r1/4a4/4b4/p1p2Nr1p/9/4P4/P7P/1R7/4A2c1/3AK1BR1 w,-0.002026582,5828
2bak2r1/4a4/4b4/p1p2Nr1p/9/4P4/P7P/5R3/4A2c1/3AK1BR1 b,0.006758094,691
2bak4/4a4/4b4/p1p2Nr1p/9/4P4/P6rP/5R3/4A2c1/3AK1BR1 w,0.004531741,6197
2bak4/4a4/4b4/p1p2Nr1p/9/4P4/P6rP/9/4AR1c1/3AK1BR1 b,0.0020391464,7180
2bak4/4a4/4b4/p1p2Nr1p/9/4P4/P6rP/7c1/4AR3/3AK1BR1 w,0.005841994,6998
2bak4/4a4/4b4/p1p2Nr1p/9/4P4/P6rP/5R1c1/4A4/3AK1BR1 b,0,6379
rnbakabnr/9/1c5c1/p1p1p1p1p/9/9/P1P1P1P1P/1C5C1/9/RNBAKABNR w,0.00182724,5827
rnbakabnr/9/1c5c1/p1p1p1p1p/9/9/P1P1P1P1P/4C2C1/9/RNBAKABNR b,-0.0017762304,110
r1bakabnr/9/1cn4c1/p1p1p1p1p/9/9/P1P1P1P1P/4C2C1/9/RNBAKABNR w,0.0018148661,7445
r1bakabnr/9/1cn4c1/p1p1p1p1p/9/9/P1P1P1P1P/2N1C2C1/9/R1BAKABNR b,-0.0018395424,562
r1baka1nr/9/1cn1b2c1/p1p1p1p1p/9/9/P1P1P1P1P/2N1C2C1/9/R1BAKABNR w,0.0019465685,7372
r1baka1nr/9/1cn1b2c1/p1p1p1p1p/9/9/P1P1P1P1P/2N1C2C1/9/1RBAKABNR b,-0.0017710209,1
1rbaka1nr/9/1cn1b2c1/p1p1p1p1p/9/9/P1P1P1P1P/2N1C2C1/9/1RBAKABNR w,0.0016990424,6368
1rbaka1nr/9/1cn1b2c1/p1p1p1p1p/9/9/P1P1P1P1P/2N1CC3/9/1RBAKABNR b,-0.0012760878,654
1rbaka2r/9/1cn1b1nc1/p1p1p1p1p/9/9/P1P1P1P1P/2N1CC3/9/1RBAKABNR w,0.0015803337,7989
1rbaka2r/9/1cn1b1nc1/p1p1p1p1p/9/9/P1P1P1P1P/2N1CCN2/9/1RBAKAB1R b,-0.0013483524,3012
1rbaka2r/9/1cn1b1nc1/p1p1p3p/6p2/9/P1P1P1P1P/2N1CCN2/9/1RBAKAB1R w,0.0018735885,8098
1rbaka2r/9/1cn1b1nc1/p1p1p3p/6p2/9/P1P1P1P1P/2N1CCN2/9/1RBAKABR1 b,-0.0020106912,727
1rbaka1r1/9/1cn1b1nc1/p1p1p3p/6p2/9/P1P1P1P1P/2N1CCN2/9/1RBAKABR1 w,0.002513051,5087
1rbaka1r1/9/1cn1b1nc1/p1p1p3p/6p2/2P6/P3P1P1P/2N1CCN2/9/1RBAKABR1 b,-0.0021623732,1765
1rbaka1r1/9/2n1b1nc1/p1p1p3p/6p2/2P6/Pc2P1P1P/2N1CCN2/9/1RBAKABR1 w,0.004761744,5898
1rbaka1r1/9/2n1b1nc1/p1p1p3p/6p2/2PN5/Pc2P1P1P/4CCN2/9/1RBAKABR1 b,-0.006410396,2311
1rbaka1r1/9/2n1b1n2/p1p1p3p/6p2/2PN5/Pc2P1PcP/4CCN2/9/1RBAKABR1 w,0.007896758,6143
1rbaka1r1/9/2n1bCn2/p1p1p3p/6p2/2PN5/Pc2P1PcP/4C1N2/9/1RBAKABR1 b,-0.008902455,1986
1rbakabr1/9/2n2Cn2/p1p1p3p/6p2/2PN5/Pc2P1PcP/4C1N2/9/1RBAKABR1 w,0.018145729,4351
1rbakabr1/9/2n2Cn2/p1p1N3p/6p2/2P6/Pc2P1PcP/4C1N2/9/1RBAKABR1 b,-0.004786694,1831
1rbakabr1/9/5Cn2/p1p1n3p/6p2/2P6/Pc2P1PcP/4C1N2/9/1RBAKABR1 w,0.005222106,6061
1rbakabr1/9/5Cn2/p1p1C3p/6p2/2P6/Pc2P1PcP/6N2/9/1RBAKABR1 b,0.0093893055,109
2bakabr1/9/1r3Cn2/p1p1C3p/6p2/2P6/Pc2P1PcP/6N2/9/1RBAKABR1 w,0.0018850804,2839
2bakabr1/9/1r3Cn2/p1p5p/6p2/2P1C4/Pc2P1PcP/6N2/9/1RBAKABR1 b,0.0016993046,1733
2bakabr1/9/5rn2/p1p5p/6p2/2P1C4/Pc2P1PcP/6N2/9/1RBAKABR1 w,0.009629083,7435
2bakabr1/9/5rn2/p1p5p/6p2/2P1C4/PR2P1PcP/6N2/9/2BAKABR1 b,-0.007027888,2201
2bakabr1/9/5r3/p1p5p/5np2/2P1C4/PR2P1PcP/6N2/9/2BAKABR1 w,0.01410141,4987
2bakabr1/9/5r3/p1p5p/1R3np2/2P1C4/P3P1PcP/6N2/9/2BAKABR1 b,-0.008469939,3750
2bakabr1/9/5r3/p1p5p/1R4p2/2P1C4/P3P1ncP/6N2/9/2BAKABR1 w,0.019202733,3372
2bakabr1/9/5r3/p1p5p/6R2/2P1C4/P3P1ncP/6N2/9/2BAKABR1 b,-0.005342138,5449
2bakabr1/9/5r3/p1p5p/6R2/2P1n4/P3P2cP/6N2/9/2BAKABR1 w,0.006100464,5269
2bakabr1/9/5r3/p1p5p/6R2/2P1P4/P6cP/6N2/9/2BAKABR1 b,0.00047535897,5560
2bakabr1/9/5r3/p1p5p/6R2/2P1P4/P7P/6Nc1/9/2BAKABR1 w,0.009682941,7999
2bakabr1/9/5r3/p1p5p/6R2/2P1P4/P7P/6Nc1/7R1/2BAKAB2 b,0.0021300316,2138
2bakabr1/9/9/p1p5p/6R2/2P1P4/P7P/5rNc1/7R1/2BAKAB2 w,0.010773921,4450
2bakabr1/9/9/p1p5p/4P1R2/2P6/P7P/5rNc1/7R1/2BAKAB2 b,-0.003523028,562
2baka1r1/9/4b4/p1p5p/4P1R2/2P6/P7P/5rNc1/7R1/2BAKAB2 w,0.008894659,3813
2baka1r1/9/4b4/p1p3R1p/4P4/2P6/P7P/5rNc1/7R1/2BAKAB2 b,-0.0035921575,691
2baka3/9/4b4/p1p3R1p/4P4/2P6/P6rP/5rNc1/7R1/2BAKAB2 w,0.01336422,3631
2baka3/9/4b4/p1p1P1R1p/9/2P6/P6rP/5rNc1/7R1/2BAKAB2 b,-0.015657807,5548
2baka3/9/4b4/p1p1P1R1p/9/2P6/P3r3P/5rNc1/7R1/2BAKAB2 w,0.031776905,7186
2baka3/9/4b4/p1p1P1R1p/9/2P6/P3r3P/5rNc1/4R4/2BAKAB2 b,-0.019094242,5296
2baka3/9/4b4/p1p1P1R1p/9/2P6/P7P/5rNc1/4r4/2BAKAB2 w,0.019041682,7636
2baka3/9/4b4/p1p1P1R1p/9/2P6/P7P/5rNc1/4A4/2B1KAB2 b,-0.010667575,6185
2baka3/9/4b4/p1p1P1R1p/9/2P6/P7P/2r3Nc1/4A4/2B1KAB2 w,0.025003457,6268
2baka3/9/4b4/p1p1P1R1p/9/2P6/P3N3P/2r4c1/4A4/2B1KAB2 b,-0.019847179,5933
2baka3/9/4b4/p1p1P1R1p/9/2P6/P3N3P/7c1/4A4/2r1KAB2 w,0.01936605,6924
2baka3/9/4b4/p1p1P1R1p/9/2P6/P3N3P/7c1/9/2rAKAB2 b,-0.017304217,7526
2baka3/9/4b4/p1p1P1R1p/9/2P6/P1r1N3P/7c1/9/3AKAB2 w,0.030373573,5259
2baka3/9/4b4/p1p1P1R1p/3N5/2P6/P1r5P/7c1/9/3AKAB2 b,-0.016739989,5097
2baka3/9/4b4/p1p1P1R1p/3N5/2P6/P2r4P/7c1/9/3AKAB2 w,0.0265265,3538
2baka3/9/4b4/pNp1P1R1p/9/2P6/P2r4P/7c1/9/3AKAB2 b,-0.018850088,6316
2baka3/7c1/4b4/pNp1P1R1p/9/2P6/P2r4P/9/9/3AKAB2 w,0.036908247,2985
2baka3/6Rc1/4b4/pNp1P3p/9/2P6/P2r4P/9/9/3AKAB2 b,-0.016735017,5185
2baka3/6Rc1/4b4/pNp1P3p/9/2P6/Pr6P/9/9/3AKAB2 w,0.029126644,2812
2baka3/6Rc1/4P4/pNp5p/9/2P6/Pr6P/9/9/3AKAB2 b,-0.007078731,4978
2baka3/6Rc1/4P4/prp5p/9/2P6/P7P/9/9/3AKAB2 w,0.013202906,1366
2baka3/7R1/4P4/prp5p/9/2P6/P7P/9/9/3AKAB2 b,-0.004900837,202
3aka3/7R1/4b4/prp5p/9/2P6/P7P/9/9/3AKAB2 w,0.006618762,1474
3aka3/9/4b4/prp4Rp/9/2P6/P7P/9/9/3AKAB2 b,-0.0038380267,2575
3aka3/9/4b4/p1p4Rp/9/2P6/Pr6P/9/9/3AKAB2 w,0.008469963,3091
3aka3/9/4b4/p1p1R3p/9/2P6/Pr6P/9/9/3AKAB2 b,-0.003255117,5012
3aka3/9/4b4/p1p1R3p/9/2P6/P7r/9/9/3AKAB2 w,0.0066221715,2812
3aka3/9/4R4/p1p5p/9/2P6/P7r/9/9/3AKAB2 b,-0.00704335,283
4ka3/4a4/4R4/p1p5p/9/2P6/P7r/9/9/3AKAB2 w,0.014569188,2000
4ka3/4a4/2R6/p1p5p/9/2P6/P7r/9/9/3AKAB2 b,-0.0018868208,5638
4ka3/4a4/2R6/p1p5p/9/2P6/P3r4/9/9/3AKAB2 w,-0.0013855338,7636
4ka3/4a4/2R6/p1p5p/9/2P6/P3r4/9/4A4/4KAB2 b,0.006345153,5274
4ka3/4a4/2R6/p1p5p/9/2P6/r8/9/4A4/4KAB2 w,0.019000817,6924
4ka3/4a4/2R6/p1p5p/9/2P6/r8/9/9/3AKAB2 b,-0.00038673877,4918
4ka3/4a4/2R6/p1p5p/9/2P6/4r4/9/9/3AKAB2 w,-0.0011170149,7636
4ka3/4a4/2R6/p1p5p/9/2P6/4r4/9/4A4/4KAB2 b,0.009222197,5274
4ka3/4a4/2R6/p1p5p/9/2P6/r8/9/4A4/4KAB2 w,0.0038627386,1829
4ka3/4a4/9/p1R5p/9/2P6/r8/9/4A4/4KAB2 b,0.01212914,1191
4ka3/9/3a5/p1R5p/9/2P6/r8/9/4A4/4KAB2 w,0.005259228,2641
4ka3/9/3a5/p3R3p/9/2P6/r8/9/4A4/4KAB2 b,-0.0066000107,463
4k4/4a4/3a5/p3R3p/9/2P6/r8/9/4A4/4KAB2 w,0.008770394,2818
4k4/4a4/3a5/pR6p/9/2P6/r8/9/4A4/4KAB2 b,0.0058683157,1193
4k4/9/3a1a3/pR6p/9/2P6/r8/9/4A4/4KAB2 w,0.0026791336,2551
4k4/9/3a1a3/p3R3p/9/2P6/r8/9/4A4/4KAB2 b,0,2083
rnbakabnr/9/1c5c1/p1p1p1p1p/9/9/P1P1P1P1P/1C5C1/9/RNBAKABNR w,0.8017992,5827
rnbakabnr/9/1c5c1/p1p1p1p1p/9/9/P1P1P1P1P/4C2C1/9/RNBAKABNR b,-0.8017912,110
r1bakabnr/9/1cn4c1/p1p1p1p1p/9/9/P1P1P1P1P/4C2C1/9/RNBAKABNR w,0.8018315,7445
r1bakabnr/9/1cn4c1/p1p1p1p1p/9/9/P1P1P1P1P/2N1C2C1/9/R1BAKABNR b,-0.80183953,562
r1baka1nr/9/1cn1b2c1/p1p1p1p1p/9/9/P1P1P1P1P/2N1C2C1/9/R1BAKABNR w,0.8019352,7372
r1baka1nr/9/1cn1b2c1/p1p1p1p1p/9/9/P1P1P1P1P/2N1C2C1/9/1RBAKABNR b,-0.801778,1
1rbaka1nr/9/1cn1b2c1/p1p1p1p1p/9/9/P1P1P1P1P/2N1C2C1/9/1RBAKABNR w,0.80169904,6368
1rbaka1nr/9/1cn1b2c1/p1p1p1p1p/9/9/P1P1P1P1P/2N1CC3/9/1RBAKABNR b,-0.8012761,654
1rbaka2r/9/1cn1b1nc1/p1p1p1p1p/9/9/P1P1P1P1P/2N1CC3/9/1RBAKABNR w,0.80158657,7989
1rbaka2r/9/1cn1b1nc1/p1p1p1p1p/9/9/P1P1P1P1P/2N1CCN2/9/1RBAKAB1R b,-0.80137295,3012
1rbaka2r/9/1cn1b1nc1/p1p1p3p/6p2/9/P1P1P1P1P/2N1CCN2/9/1RBAKAB1R w,0.80187976,8098
1rbaka2r/9/1cn1b1nc1/p1p1p3p/6p2/9/P1P1P1P1P/2N1CCN2/9/1RBAKABR1 b,-0.80202866,727
1rbaka1r1/9/1cn1b1nc1/p1p1p3p/6p2/9/P1P1P1P1P/2N1CCN2/9/1RBAKABR1 w,0.80251306,5087
1rbaka1r1/9/1cn1b1nc1/p1p1p3p/6p2/2P6/P3P1P1P/2N1CCN2/9/1RBAKABR1 b,-0.8021859,1765
1rbaka1r1/9/2n1b1nc1/p1p1p3p/6p2/2P6/Pc2P1P1P/2N1CCN2/9/1RBAKABR1 w,0.80520236,5898
1rbaka1r1/9/2n1b1nc1/p1p1p3p/6p2/2PN5/Pc2P1P1P/4CCN2/9/1RBAKABR1 b,-0.80640864,2311
1rbaka1r1/9/2n1b1n2/p1p1p3p/6p2/2PN5/Pc2P1PcP/4CCN2/9/1RBAKABR1 w,0.80794173,6143
1rbaka1r1/9/2n1bCn2/p1p1p3p/6p2/2PN5/Pc2P1PcP/4C1N2/9/1RBAKABR1 b,-0.809039,1986
1rbakabr1/9/2n2Cn2/p1p1p3p/6p2/2PN5/Pc2P1PcP/4C1N2/9/1RBAKABR1 w,0.81805813,4351
1rbakabr1/9/2n2Cn2/p1p1N3p/6p2/2P6/Pc2P1PcP/4C1N2/9/1RBAKABR1 b,-0.804766,1831
1rbakabr1/9/5Cn2/p1p1n3p/6p2/2P6/Pc2P1PcP/4C1N2/9/1RBAKABR1 w,0.8055302,6061
1rbakabr1/9/5Cn2/p1p1C3p/6p2/2P6/Pc2P1PcP/6N2/9/1RBAKABR1 b,-0.79093647,109
2bakabr1/9/1r3Cn2/p1p1C3p/6p2/2P6/Pc2P1PcP/6N2/9/1RBAKABR1 w,0.8022473,2839
2bakabr1/9/1r3Cn2/p1p5p/6p2/2P1C4/Pc2P1PcP/6N2/9/1RBAKABR1 b,-0.79845774,1733
2bakabr1/9/5rn2/p1p5p/6p2/2P1C4/Pc2P1PcP/6N2/9/1RBAKABR1 w,0.80966544,7435
2bakabr1/9/5rn2/p1p5p/6p2/2P1C4/PR2P1PcP/6N2/9/2BAKABR1 b,-0.80789757,2129
2bakabr1/9/6n2/p1p5p/6p2/2P1C4/PR2PrPcP/6N2/9/2BAKABR1 w,0.8149259,4987
2bakabr1/9/6n2/p1p5p/1R4p2/2P1C4/P3PrPcP/6N2/9/2BAKABR1 b,-0.80409217,2201
2bakabr1/9/9/p1p5p/1R3np2/2P1C4/P3PrPcP/6N2/9/2BAKABR1 w,0.8221642,7897
2bakabr1/9/9/p1p5p/1R3np2/2P1C4/P3PrPcP/4B1N2/9/2BAKA1R1 b,-0.80922675,3748
2bakabr1/9/9/p1p5p/1R4p2/2P1C4/P3nrPcP/4B1N2/9/2BAKA1R1 w,0.82605386,7816
2bakabr1/9/9/p1p5p/1R4p2/2P1C4/P3nrPcP/4B1N2/4A4/2BAK2R1 b,-0.8100457,5370
2bakabr1/9/9/p1p5p/1R4p2/2P1C4/P3n1rcP/4B1N2/4A4/2BAK2R1 w,0.8128218,3370
2bakabr1/9/9/p1p5p/4R1p2/2P1C4/P3n1rcP/4B1N2/4A4/2BAK2R1 b,-0.8091273,562
2baka1r1/9/4b4/p1p5p/4R1p2/2P1C4/P3n1rcP/4B1N2/4A4/2BAK2R1 w,0.8150267,6268
2baka1r1/9/4b4/p1p5p/4R1p2/2P1C4/P3N1rcP/4B4/4A4/2BAK2R1 b,-0.80567396,5458
2baka1r1/9/4b4/p1p5p/4R1p2/2P1C4/P3r2cP/4B4/4A4/2BAK2R1 w,0.8198715,3622
2baka1r1/9/4R4/p1p5p/6p2/2P1C4/P3r2cP/4B4/4A4/2BAK2R1 b,-0.83868986,463
2bak2r1/4a4/4R4/p1p5p/6p2/2P1C4/P3r2cP/4B4/4A4/2BAK2R1 w,0.92038935,2005
2bak2r1/4a4/7R1/p1p5p/6p2/2P1C4/P3r2cP/4B4/4A4/2BAK2R1 b,-0.90733325,5269
2bak2r1/4a4/7R1/p1p5p/6p2/2P1r4/P6cP/4B4/4A4/2BAK2R1 w,0.912753,2257
2bak2R1/4a4/9/p1p5p/6p2/2P1r4/P6cP/4B4/4A4/2BAK2R1 b,-0.91296715,1175
2baka1R1/9/9/p1p5p/6p2/2P1r4/P6cP/4B4/4A4/2BAK2R1 w,0.91662973,691
2baka3/9/9/p1p5p/6p2/2P1r4/P6RP/4B4/4A4/2BAK2R1 b,-0.9187271,3831
2baka3/9/9/p1p5p/9/2P1r1p2/P6RP/4B4/4A4/2BAK2R1 w,0.9198367,5524
2baka3/9/9/p1p4Rp/9/2P1r1p2/P7P/4B4/4A4/2BAK2R1 b,-0.9194354,4468
2baka3/9/9/p1p4Rp/9/2P3p2/P3r3P/4B4/4A4/2BAK2R1 w,0.92719054,3089
2baka3/9/9/p1R5p/9/2P3p2/P3r3P/4B4/4A4/2BAK2R1 b,-0.93254846,5282
2baka3/9/9/p1R5p/9/2P3p2/P7r/4B4/4A4/2BAK2R1 w,0.9298312,2641
2baka3/9/9/p3R3p/9/2P3p2/P7r/4B4/4A4/2BAK2R1 b,-0.917705,283
2b1ka3/4a4/9/p3R3p/9/2P3p2/P7r/4B4/4A4/2BAK2R1 w,0.9182493,2817
2b1ka3/4a4/9/R7p/9/2P3p2/P7r/4B4/4A4/2BAK2R1 b,-0.90556645,5669
2b1ka3/4a4/9/R7p/9/2P3p2/P8/4B4/4A4/2BAK2Rr w,0.97492546,8009
2b1ka3/4a4/9/R7p/9/2P3p2/P8/4B4/4A4/2BAK3R b,-0.9752101,4640
2b1ka3/4a4/9/R7p/9/2P2p3/P8/4B4/4A4/2BAK3R w,0.9754392,2465
2b1ka3/4a4/9/8R/9/2P2p3/P8/4B4/4A4/2BAK3R b,-0.9749175,4559
2b1ka3/4a4/9/8R/9/2P6/P4p3/4B4/4A4/2BAK3R w,0.9752631,3182
2b1ka3/4a4/9/5R3/9/2P6/P4p3/4B4/4A4/2BAK3R b,-0.97361463,5368
2b1ka3/4a4/9/5R3/9/2P6/P3p4/4B4/4A4/2BAK3R w,0.9754864,2911
2b1ka3/4a4/9/4R4/9/2P6/P3p4/4B4/4A4/2BAK3R b,-0.9753574,5277
2b1ka3/4a4/9/4R4/9/2P6/P2p5/4B4/4A4/2BAK3R w,0.97717106,4268
2b1ka3/4a4/9/4R4/2P6/9/P2p5/4B4/4A4/2BAK3R b,-0.976327,5186
2b1ka3/4a4/9/4R4/2P6/9/P1p6/4B4/4A4/2BAK3R w,0.97886676,2848
2b1ka3/4a4/9/9/2P6/9/P1p1R4/4B4/4A4/2BAK3R b,-0.9770791,5105
2b1ka3/4a4/9/9/2P6/9/P3R4/2p1B4/4A4/2BAK3R w,0.97464025,5276
2b1ka3/4a4/9/9/2P6/9/P1R6/2p1B4/4A4/2BAK3R b,-0.97770816,5914
2b1ka3/4a4/9/9/2P6/9/P1R6/1p2B4/4A4/2BAK3R w,0.9806193,3449
2b1ka3/4a4/9/2P6/9/9/P1R6/1p2B4/4A4/2BAK3R b,-0.98046553,5833
2b1ka3/4a4/9/2P6/9/9/P1R6/4B4/1p2A4/2BAK3R w,0.98147416,2630
2b1ka3/4a4/2P6/9/9/9/P1R6/4B4/1p2A4/2BAK3R b,-0.9812012,202
4ka3/4a4/2P1b4/9/9/9/P1R6/4B4/1p2A4/2BAK3R w,0.9819698,1811
4ka3/2P1a4/4b4/9/9/9/P1R6/4B4/1p2A4/2BAK3R b,-0.98080623,1986
4kab2/2P1a4/9/9/9/9/P1R6/4B4/1p2A4/2BAK3R w,0.98319364,1002
4kab2/3Pa4/9/9/9/9/P1R6/4B4/1p2A4/2BAK3R b,-0.97822464,1173
3akab2/3P5/9/9/9/9/P1R6/4B4/1p2A4/2BAK3R w,0.97952825,4905
3akab2/3P5/9/9/9/P8/2R6/4B4/1p2A4/2BAK3R b,-0.9767413,463
3ak1b2/3Pa4/9/9/9/P8/2R6/4B4/1p2A4/2BAK3R w,0.9838021,5100
3ak1b2/3Pa4/9/9/9/P8/6R2/4B4/1p2A4/2BAK3R b,-0.96626997,6642
3ak1b2/3Pa4/9/9/9/P8/6R2/4B4/p3A4/2BAK3R w,0.9718816,5406
3ak1R2/3Pa4/9/9/9/P8/9/4B4/p3A4/2BAK3R b,-0.97423434,1175
3akaR2/3P5/9/9/9/P8/9/4B4/p3A4/2BAK3R w,0.99109924,8090
3akaR2/3P5/9/9/9/P8/9/4B4/p3A3R/2BAK4 b,-0.9872776,6553
3akaR2/3P5/9/9/9/P8/9/4B4/1p2A3R/2BAK4 w,0.994177,564
3aka3/3P5/6R2/9/9/P8/9/4B4/1p2A3R/2BAK4 b,-0.9931779,6644
3aka3/3P5/6R2/9/9/P8/9/4B4/2p1A3R/2BAK4 w,0.9953479,2182
3aka3/3P5/4R4/9/9/P8/9/4B4/2p1A3R/2BAK4 b,-0.9954727,463
3ak4/3Pa4/4R4/9/9/P8/9/4B4/2p1A3R/2BAK4 w,1,7208
rnbakabnr/9/1c5c1/p1p1p1p1p/9/9/P1P1P1P1P/1C5C1/9/RNBAKABNR w,-0.7982543,5827
rnbakabnr/9/1c5c1/p1p1p1p1p/9/9/P1P1P1P1P/4C2C1/9/RNBAKABNR b,0.7982345,110
r1bakabnr/9/1cn4c1/p1p1p1p1p/9/9/P1P1P1P1P/4C2C1/9/RNBAKABNR w,-0.79817516,7445
r1bakabnr/9/1cn4c1/p1p1p1p1p/9/9/P1P1P1P1P/2N1C2C1/9/R1BAKABNR b,0.7981911,562
r1baka1nr/9/1cn1b2c1/p1p1p1p1p/9/9/P1P1P1P1P/2N1C2C1/9/R1BAKABNR w,-0.7980508,7372
r1baka1nr/9/1cn1b2c1/p1p1p1p1p/9/9/P1P1P1P1P/2N1C2C1/9/1RBAKABNR b,0.7982303,1
1rbaka1nr/9/1cn1b2c1/p1p1p1p1p/9/9/P1P1P1P1P/2N1C2C1/9/1RBAKABNR w,-0.79831344,6368
1rbaka1nr/9/1cn1b2c1/p1p1p1p1p/9/9/P1P1P1P1P/2N1CC3/9/1RBAKABNR b,0.79872113,654
1rbaka2r/9/1cn1b1nc1/p1p1p1p1p/9/9/P1P1P1P1P/2N1CC3/9/1RBAKABNR w,-0.7984249,7989
1rbaka2r/9/1cn1b1nc1/p1p1p1p1p/9/9/P1P1P1P1P/2N1CCN2/9/1RBAKAB1R b,0.79863185,3012
1rbaka2r/9/1cn1b1nc1/p1p1p3p/6p2/9/P1P1P1P1P/2N1CCN2/9/1RBAKAB1R w,-0.7981277,8098
1rbaka2r/9/1cn1b1nc1/p1p1p3p/6p2/9/P1P1P1P1P/2N1CCN2/9/1RBAKABR1 b,0.7979827,727
1rbaka1r1/9/1cn1b1nc1/p1p1p3p/6p2/9/P1P1P1P1P/2N1CCN2/9/1RBAKABR1 w,-0.7972322,5087
1rbaka1r1/9/1cn1b1nc1/p1p1p3p/6p2/2P6/P3P1P1P/2N1CCN2/9/1RBAKABR1 b,0.79782164,1765
1rbaka1r1/9/2n1b1nc1/p1p1p3p/6p2/2P6/Pc2P1P1P/2N1CCN2/9/1RBAKABR1 w,-0.7950075,5898
1rbaka1r1/9/2n1b1nc1/p1p1p3p/6p2/2PN5/Pc2P1P1P/4CCN2/9/1RBAKABR1 b,0.7935508,2311
1rbaka1r1/9/2n1b1n2/p1p1p3p/6p2/2PN5/Pc2P1PcP/4CCN2/9/1RBAKABR1 w,-0.79214615,6143
1rbaka1r1/9/2n1bCn2/p1p1p3p/6p2/2PN5/Pc2P1PcP/4C1N2/9/1RBAKABR1 b,0.79172003,1986
1rbakabr1/9/2n2Cn2/p1p1p3p/6p2/2PN5/Pc2P1PcP/4C1N2/9/1RBAKABR1 w,-0.7821081,4351
1rbakabr1/9/2n2Cn2/p1p1N3p/6p2/2P6/Pc2P1PcP/4C1N2/9/1RBAKABR1 b,0.79512465,1831
1rbakabr1/9/5Cn2/p1p1n3p/6p2/2P6/Pc2P1PcP/4C1N2/9/1RBAKABR1 w,-0.7947391,6061
1rbakabr1/9/5Cn2/p1p1C3p/6p2/2P6/Pc2P1PcP/6N2/9/1RBAKABR1 b,0.80917686,109
2bakabr1/9/1r3Cn2/p1p1C3p/6p2/2P6/Pc2P1PcP/6N2/9/1RBAKABR1 w,-0.7981749,2839
2bakabr1/9/1r3Cn2/p1p5p/6p2/2P1C4/Pc2P1PcP/6N2/9/1RBAKABR1 b,0.8012471,1733
2bakabr1/9/5rn2/p1p5p/6p2/2P1C4/Pc2P1PcP/6N2/9/1RBAKABR1 w,-0.7903685,7435
2bakabr1/9/5rn2/p1p5p/6p2/2P1C4/PR2P1PcP/6N2/9/2BAKABR1 b,0.7925807,2129
2bakabr1/9/6n2/p1p5p/6p2/2P1C4/PR2PrPcP/6N2/9/2BAKABR1 w,-0.7850741,4987
2bakabr1/9/6n2/p1p5p/1R4p2/2P1C4/P3PrPcP/6N2/9/2BAKABR1 b,0.79546034,2201
2bakabr1/9/9/p1p5p/1R3np2/2P1C4/P3PrPcP/6N2/9/2BAKABR1 w,-0.7771566,7897
2bakabr1/9/9/p1p5p/1R3np2/2P1C4/P3PrPcP/4B1N2/9/2BAKA1R1 b,0.79012334,3748
2bakabr1/9/9/p1p5p/1R4p2/2P1C4/P3nrPcP/4B1N2/9/2BAKA1R1 w,-0.77378917,7816
2bakabr1/9/9/p1p5p/1R4p2/2P1C4/P3nrPcP/4B1N2/4A4/2BAK2R1 b,0.7898931,5370
2bakabr1/9/9/p1p5p/1R4p2/2P1C4/P3n1rcP/4B1N2/4A4/2BAK2R1 w,-0.787369,3370
2bakabr1/9/9/p1p5p/4R1p2/2P1C4/P3n1rcP/4B1N2/4A4/2BAK2R1 b,0.79085463,562
2baka1r1/9/4b4/p1p5p/4R1p2/2P1C4/P3n1rcP/4B1N2/4A4/2BAK2R1 w,-0.78505427,6268
2baka1r1/9/4b4/p1p5p/4R1p2/2P1C4/P3N1rcP/4B4/4A4/2BAK2R1 b,0.79494154,5458
2baka1r1/9/4b4/p1p5p/4R1p2/2P1C4/P3r2cP/4B4/4A4/2BAK2R1 w,-0.78142774,3622
2baka1r1/9/4R4/p1p5p/6p2/2P1C4/P3r2cP/4B4/4A4/2BAK2R1 b,0.77106583,463
2bak2r1/4a4/4R4/p1p5p/6p2/2P1C4/P3r2cP/4B4/4A4/2BAK2R1 w,-0.68019,2005
2bak2r1/4a4/7R1/p1p5p/6p2/2P1C4/P3r2cP/4B4/4A4/2BAK2R1 b,0.6839805,1175
2baka1r1/9/7R1/p1p5p/6p2/2P1C4/P3r2cP/4B4/4A4/2BAK2R1 w,-0.6840151,2257
2baka1R1/9/9/p1p5p/6p2/2P1C4/P3r2cP/4B4/4A4/2BAK2R1 b,0.69103754,5544
2baka1R1/9/9/p1p5p/6p2/2P1C4/c3r3P/4B4/4A4/2BAK2R1 w,-0.68109107,4460
2baka1R1/9/9/p1p5p/6p2/2P2C3/c3r3P/4B4/4A4/2BAK2R1 b,0.68884575,3831
2baka1R1/9/9/p1p5p/9/2P2Cp2/c3r3P/4B4/4A4/2BAK2R1 w,-0.6821008,6081
2baka1R1/9/9/p1p5p/9/2P2CB2/c3r3P/9/4A4/2BAK2R1 b,0.68996435,4941
2baka1R1/9/9/p1p5p/9/2P2CB2/4r3P/9/4A4/c1BAK2R1 w,-0.69587314,4568
2baka1R1/9/9/p1p5p/9/2P3B2/4r3P/5C3/4A4/c1BAK2R1 b,0.7497398,5296
2baka1R1/9/9/p1p5p/9/2P3B2/8P/5C3/4r4/c1BAK2R1 w,-0.7455032,7736
2baka1R1/9/9/p1p5p/9/2P3B2/8P/5C3/4r4/c1BA1K1R1 b,0.7566573,6915
2baka1R1/9/9/p1p5p/9/2P3B2/8P/5C3/3r5/c1BA1K1R1 w,-0.76172304,6187
2baka1R1/9/9/p1p5p/9/2P3B2/8P/4C4/3r5/c1BA1K1R1 b,0.7883467,6834
2baka1R1/9/9/p1p5p/9/2P3B2/8P/4C4/9/c1Br1K1R1 w,-0.77897084,7817
2baka1R1/9/9/p1p5p/9/2P3B2/8P/4C4/5K3/c1Br3R1 b,0.7947388,7648
2baka1R1/9/9/p1p5p/9/2P3B2/8P/4C4/5K3/c1B4r1 w,-0.8059307,635
2bakR3/9/9/p1p5p/9/2P3B2/8P/4C4/5K3/c1B4r1 b,0.8014982,373
2ba1R3/4k4/9/p1p5p/9/2P3B2/8P/4C4/5K3/c1B4r1 w,-0.7897535,457
2ba3R1/4k4/9/p1p5p/9/2P3B2/8P/4C4/5K3/c1B4r1 b,0.9335754,7927
2ba3r1/4k4/9/p1p5p/9/2P3B2/8P/4C4/5K3/c1B6 w,-0.9278687,6106
2ba3r1/4k4/9/p1p5p/9/2P3B2/8P/9/4CK3/c1B6 b,0.93514585,700
2ba5/4k4/9/p1p5p/9/2P3B2/8P/7r1/4CK3/c1B6 w,-0.92215073,7537
2ba5/4k4/9/p1p5p/9/2P3B2/8P/4B2r1/4CK3/c8 b,0.9285087,1182
2ba5/3k5/9/p1p5p/9/2P3B2/8P/4B2r1/4CK3/c8 w,-0.92753696,6912
2ba5/3k5/9/p1p5p/9/2P3B2/8P/4B2r1/C4K3/c8 b,0.9313171,7372
2ba5/3k5/9/p1p5p/9/2P3B2/8P/4B2r1/C4K3/1c7 w,-0.9274149,7006
2ba5/3k5/9/p1p5p/9/2P3B2/8P/4B2r1/C3K4/1c7 b,0.9347314,7417
2ba5/3k5/9/p1p5p/1c7/2P3B2/8P/4B2r1/C3K4/9 w,-0.9434441,6555
2ba5/3k5/9/p1p5p/1c7/2P3B2/8P/4B2r1/3CK4/9 b,0.94737136,3370
2ba5/3k5/9/p1p5p/4c4/2P3B2/8P/4B2r1/3CK4/9 w,-0.94629997,6117
2ba5/3k5/9/p1p5p/4c4/2P3B2/8P/7r1/3CK4/6B2 b,0.9557803,6369
2ba5/3k5/9/p1p5p/4c4/2P3B2/8P/6r2/3CK4/6B2 w,-0.936308,7901
2ba5/3k5/9/p1p5p/4c4/2P3B2/8P/6r1B/3CK4/9 b,0.9452841,6274
2ba5/3k5/9/p1p5p/4c4/2P3B2/8P/1r6B/3CK4/9 w,-0.93707305,6789
2ba5/3k5/9/p1p5p/3Cc4/2P3B2/8P/1r6B/4K4/9 b,0.9443885,5833
2ba5/3k5/9/p1p5p/3Cc4/2P3B2/8P/8B/1r2K4/9 w,-0.94748384,6907
2ba5/3k5/9/p1p5p/3Cc4/2P3B2/8P/4K3B/1r7/9 b,0.9501406,6607
2ba5/3k5/9/p1p5p/1r1Cc4/2P3B2/8P/4K3B/9/9 w,-0.9465174,3513
2bC5/3k5/9/p1p5p/1r2c4/2P3B2/8P/4K3B/9/9 b,0.9543717,3622
2bC5/3k5/4c4/p1p5p/1r7/2P3B2/8P/4K3B/9/9 w,-0.948454,274
2b1C4/3k5/4c4/p1p5p/1r7/2P3B2/8P/4K3B/9/9 b,0.9526074,3369
2b1C4/3k5/4c4/p1p5p/3r5/2P3B2/8P/4K3B/9/9 w,-0.9407189,6106
2b1C4/3k5/4c4/p1p5p/3r5/2P3B2/8P/8B/4K4/9 b,0.9569307,2466
2b1C4/3k5/4c4/2p5p/p2r5/2P3B2/8P/8B/4K4/9 w,-0.9408033,6925
2b1C4/3k5/4c4/2p5p/p2r5/2P3B2/8P/8B/9/4K4 b,0.9369149,1093
2b1C4/4k4/4c4/2p5p/p2r5/2P3B2/8P/8B/9/4K4 w,-0.949802,382
2b6/4k4/4C4/2p5p/p2r5/2P3B2/8P/8B/9/4K4 b,0.9633693,3550
2b6/4k4/4C4/2p5p/p3r4/2P3B2/8P/8B/9/4K4 w,-0.9614929,4657
2b6/4k4/4C4/2p5p/p3r4/2P6/8P/4B3B/9/4K4 b,0.9752981,3667
2b6/4k4/4C4/2p5p/p8/2P6/8P/4r3B/9/4K4 w,-0.97979754,7736
2b6/4k4/4C4/2p5p/p8/2P6/8P/4r3B/9/5K3 b,0.9931217,6052
2b6/4k4/4r4/2p5p/p8/2P6/8P/8B/9/5K3 w,-0.99292576,6477
2b6/4k4/4r4/2p5p/p8/2P6/8P/9/9/5KB2 b,1,2003
rnbakabnr/9/1c5c1/p1p1p1p1p/9/9/P1P1P1P1P/1C5C1/9/RNBAKABNR w,0.8017992,5827
rnbakabnr/9/1c5c1/p1p1p1p1p/9/9/P1P1P1P1P/4C2C1/9/RNBAKABNR b,-0.8017682,110
r1bakabnr/9/1cn4c1/p1p1p1p1p/9/9/P1P1P1P1P/4C2C1/9/RNBAKABNR w,0.8018128,7445
r1bakabnr/9/1cn4c1/p1p1p1p1p/9/9/P1P1P1P1P/2N1C2C1/9/R1BAKABNR b,-0.80180895,562
r1baka1nr/9/1cn1b2c1/p1p1p1p1p/9/9/P1P1P1P1P/2N1C2C1/9/R1BAKABNR w,0.8019307,7372
r1baka1nr/9/1cn1b2c1/p1p1p1p1p/9/9/P1P1P1P1P/2N1C2C1/9/1RBAKABNR b,-0.8017674,1
1rbaka1nr/9/1cn1b2c1/p1p1p1p1p/9/9/P1P1P1P1P/2N1C2C1/9/1RBAKABNR w,0.80169415,6368
1rbaka1nr/9/1cn1b2c1/p1p1p1p1p/9/9/P1P1P1P1P/2N1CC3/9/1RBAKABNR b,-0.8012789,654
1rbaka2r/9/1cn1b1nc1/p1p1p1p1p/9/9/P1P1P1P1P/2N1CC3/9/1RBAKABNR w,0.8015751,7989
1rbaka2r/9/1cn1b1nc1/p1p1p1p1p/9/9/P1P1P1P1P/2N1CCN2/9/1RBAKAB1R b,-0.8013648,3012
1rbaka2r/9/1cn1b1nc1/p1p1p3p/6p2/9/P1P1P1P1P/2N1CCN2/9/1RBAKAB1R w,0.8018736,8098
1rbaka2r/9/1cn1b1nc1/p1p1p3p/6p2/9/P1P1P1P1P/2N1CCN2/9/1RBAKABR1 b,-0.802005,727
1rbaka1r1/9/1cn1b1nc1/p1p1p3p/6p2/9/P1P1P1P1P/2N1CCN2/9/1RBAKABR1 w,0.80251306,5087
1rbaka1r1/9/1cn1b1nc1/p1p1p3p/6p2/2P6/P3P1P1P/2N1CCN2/9/1RBAKABR1 b,-0.8022262,1765
1rbaka1r1/9/2n1b1nc1/p1p1p3p/6p2/2P6/Pc2P1P1P/2N1CCN2/9/1RBAKABR1 w,0.80470604,5898
1rbaka1r1/9/2n1b1nc1/p1p1p3p/6p2/2PN5/Pc2P1P1P/4CCN2/9/1RBAKABR1 b,-0.8063819,2311
1rbaka1r1/9/2n1b1n2/p1p1p3p/6p2/2PN5/Pc2P1PcP/4CCN2/9/1RBAKABR1 w,0.8079292,6143
1rbaka1r1/9/2n1bCn2/p1p1p3p/6p2/2PN5/Pc2P1PcP/4C1N2/9/1RBAKABR1 b,-0.80890244,1986
1rbakabr1/9/2n2Cn2/p1p1p3p/6p2/2PN5/Pc2P1PcP/4C1N2/9/1RBAKABR1 w,0.81814575,4351
1rbakabr1/9/2n2Cn2/p1p1N3p/6p2/2P6/Pc2P1PcP/4C1N2/9/1RBAKABR1 b,-0.80477434,1831
1rbakabr1/9/5Cn2/p1p1n3p/6p2/2P6/Pc2P1PcP/4C1N2/9/1RBAKABR1 w,0.80557835,6061
1rbakabr1/9/5Cn2/p1p1C3p/6p2/2P6/Pc2P1PcP/6N2/9/1RBAKABR1 b,-0.79052716,109
2bakabr1/9/1r3Cn2/p1p1C3p/6p2/2P6/Pc2P1PcP/6N2/9/1RBAKABR1 w,0.8018213,2839
2bakabr1/9/1r3Cn2/p1p5p/6p2/2P1C4/Pc2P1PcP/6N2/9/1RBAKABR1 b,-0.79841036,1733
2bakabr1/9/5rn2/p1p5p/6p2/2P1C4/Pc2P1PcP/6N2/9/1RBAKABR1 w,0.8096487,7435
2bakabr1/9/5rn2/p1p5p/6p2/2P1C4/PR2P1PcP/6N2/9/2BAKABR1 b,-0.8074193,2129
2bakabr1/9/6n2/p1p5p/6p2/2P1C4/PR2PrPcP/6N2/9/2BAKABR1 w,0.81497216,4987
2bakabr1/9/6n2/p1p5p/1R4p2/2P1C4/P3PrPcP/6N2/9/2BAKABR1 b,-0.80425495,2201
2bakabr1/9/9/p1p5p/1R3np2/2P1C4/P3PrPcP/6N2/9/2BAKABR1 w,0.8223454,7897
2bakabr1/9/9/p1p5p/1R3np2/2P1C4/P3PrPcP/4B1N2/9/2BAKA1R1 b,-0.8098767,3748
2bakabr1/9/9/p1p5p/1R4p2/2P1C4/P3nrPcP/4B1N2/9/2BAKA1R1 w,0.8239464,7816
2bakabr1/9/9/p1p5p/1R4p2/2P1C4/P3nrPcP/4B1N2/4A4/2BAK2R1 b,-0.8099812,5370
2bakabr1/9/9/p1p5p/1R4p2/2P1C4/P3n1rcP/4B1N2/4A4/2BAK2R1 w,0.8123444,3370
2bakabr1/9/9/p1p5p/4R1p2/2P1C4/P3n1rcP/4B1N2/4A4/2BAK2R1 b,-0.80694246,562
2baka1r1/9/4b4/p1p5p/4R1p2/2P1C4/P3n1rcP/4B1N2/4A4/2BAK2R1 w,0.8147364,6268
2baka1r1/9/4b4/p1p5p/4R1p2/2P1C4/P3N1rcP/4B4/4A4/2BAK2R1 b,-0.8051943,5458
2baka1r1/9/4b4/p1p5p/4R1p2/2P1C4/P3r2cP/4B4/4A4/2BAK2R1 w,0.81951696,3622
2baka1r1/9/4R4/p1p5p/6p2/2P1C4/P3r2cP/4B4/4A4/2BAK2R1 b,-0.8279867,463
2bak2r1/4a4/4R4/p1p5p/6p2/2P1C4/P3r2cP/4B4/4A4/2BAK2R1 w,0.91904426,2005
2bak2r1/4a4/7R1/p1p5p/6p2/2P1C4/P3r2cP/4B4/4A4/2BAK2R1 b,-0.90733325,5269
2bak2r1/4a4/7R1/p1p5p/6p2/2P1r4/P6cP/4B4/4A4/2BAK2R1 w,0.912753,2257
2bak2R1/4a4/9/p1p5p/6p2/2P1r4/P6cP/4B4/4A4/2BAK2R1 b,-0.91296715,1175
2baka1R1/9/9/p1p5p/6p2/2P1r4/P6cP/4B4/4A4/2BAK2R1 w,0.9164554,691
2baka3/9/9/p1p5p/6p2/2P1r4/P6RP/4B4/4A4/2BAK2R1 b,-0.915484,2466
2baka3/9/9/2p5p/p5p2/2P1r4/P6RP/4B4/4A4/2BAK2R1 w,0.9228013,5524
2baka3/9/9/2p4Rp/p5p2/2P1r4/P7P/4B4/4A4/2BAK2R1 b,-0.92248505,4468
2baka3/9/9/2p4Rp/p5p2/2P6/P3r3P/4B4/4A4/2BAK2R1 w,0.92888737,3089
2baka3/9/9/2R5p/p5p2/2P6/P3r3P/4B4/4A4/2BAK2R1 b,-0.9237542,202
3aka3/9/4b4/2R5p/p5p2/2P6/P3r3P/4B4/4A4/2BAK2R1 w,0.923705,2645
3aka3/9/4b4/8R/p5p2/2P6/P3r3P/4B4/4A4/2BAK2R1 b,-0.9174148,283
4ka3/4a4/4b4/8R/p5p2/2P6/P3r3P/4B4/4A4/2BAK2R1 w,0.9189796,3177
4ka3/4a4/4b4/R8/p5p2/2P6/P3r3P/4B4/4A4/2BAK2R1 b,-0.9143288,5282
4ka3/4a4/4b4/R8/p5p2/2P6/P7r/4B4/4A4/2BAK2R1 w,0.9225442,2461
4ka3/4a4/4b4/4R4/p5p2/2P6/P7r/4B4/4A4/2BAK2R1 b,-0.9175943,1986
4kab2/4a4/9/4R4/p5p2/2P6/P7r/4B4/4A4/2BAK2R1 w,0.91736764,2817
4kab2/4a4/9/R8/p5p2/2P6/P7r/4B4/4A4/2BAK2R1 b,-0.91572434,5634
4kab2/4a4/9/R8/p5p2/2P6/r8/4B4/4A4/2BAK2R1 w,0.9250829,7927
4kabR1/4a4/9/R8/p5p2/2P6/r8/4B4/4A4/2BAK4 b,-0.9202133,562
4ka1R1/4a4/4b4/R8/p5p2/2P6/r8/4B4/4A4/2BAK4 w,0.923932,2430
R3ka1R1/4a4/4b4/9/p5p2/2P6/r8/4B4/4A4/2BAK4 b,-0.9134707,1173
R2aka1R1/9/4b4/9/p5p2/2P6/r8/4B4/4A4/2BAK4 w,0.9125309,655
R2aka3/9/4b2R1/9/p5p2/2P6/r8/4B4/4A4/2BAK4 b,-0.90452045,4918
R2aka3/9/4b2R1/9/p5p2/2P6/4r4/4B4/4A4/2BAK4 w,0.9134812,36
3aka3/9/4b2R1/9/R5p2/2P6/4r4/4B4/4A4/2BAK4 b,-0.9031552,1982
2baka3/9/7R1/9/R5p2/2P6/4r4/4B4/4A4/2BAK4 w,0.9098358,3282
2baka3/9/7R1/9/6R2/2P6/4r4/4B4/4A4/2BAK4 b,-0.9134976,5282
2baka3/9/7R1/9/6R2/2P6/8r/4B4/4A4/2BAK4 w,0.9261408,3820
2baka3/9/7R1/9/4R4/2P6/8r/4B4/4A4/2BAK4 b,-0.9278746,283
2b1ka3/4a4/7R1/9/4R4/2P6/8r/4B4/4A4/2BAK4 w,0.93547714,2270
2b1ka3/4a4/2R6/9/4R4/2P6/8r/4B4/4A4/2BAK4 b,-0.9279001,202
4ka3/4a4/2R1b4/9/4R4/2P6/8r/4B4/4A4/2BAK4 w,0.93875307,3622
4ka3/4a4/2R1R4/9/9/2P6/8r/4B4/4A4/2BAK4 b,-0.9296911,5637
4ka3/4a4/2R1R4/9/9/2P6/3r5/4B4/4A4/2BAK4 w,0.9388214,2029
4ka3/4a4/2R6/9/9/2P1R4/3r5/4B4/4A4/2BAK4 b,-0.9303633,363
3k1a3/4a4/2R6/9/9/2P1R4/3r5/4B4/4A4/2BAK4 w,0.931881,4268
3k1a3/4a4/2R6/9/2P6/4R4/3r5/4B4/4A4/2BAK4 b,-0.9372452,5160
3k1a3/4a4/2R6/3r5/2P6/4R4/9/4B4/4A4/2BAK4 w,0.9532509,1802
2Rk1a3/4a4/9/3r5/2P6/4R4/9/4B4/4A4/2BAK4 b,-0.9506321,282
2R2a3/3ka4/9/3r5/2P6/4R4/9/4B4/4A4/2BAK4 w,0.95831126,4456
2R2a3/3ka4/9/3r5/2P6/1R7/9/4B4/4A4/2BAK4 b,-0.9482528,2735
2R2a3/3ka4/9/8r/2P6/1R7/9/4B4/4A4/2BAK4 w,0.9863888,4150
2R2a3/1R1ka4/9/8r/2P6/9/9/4B4/4A4/2BAK4 b,-0.98860574,1101
2R2a3/1R2a4/3k5/8r/2P6/9/9/4B4/4A4/2BAK4 w,1,200
rnbakabnr/9/1c5c1/p1p1p1p1p/9/9/P1P1P1P1P/1C5C1/9/RNBAKABNR w,0.0017991782,5827
rnbakabnr/9/1c5c1/p1p1p1p1p/9/9/P1P1P1P1P/4C2C1/9/RNBAKABNR b,-0.0018027902,110
r1bakabnr/9/1cn4c1/p1p1p1p1p/9/9/P1P1P1P1P/4C2C1/9/RNBAKABNR w,0.0018243551,7445
r1bakabnr/9/1cn4c1/p1p1p1p1p/9/9/P1P1P1P1P/2N1C2C1/9/R1BAKABNR b,-0.0018223763,562
r1baka1nr/9/1cn1b2c1/p1p1p1p1p/9/9/P1P1P1P1P/2N1C2C1/9/R1BAKABNR w,0.0019635202,7372
r1baka1nr/9/1cn1b2c1/p1p1p1p1p/9/9/P1P1P1P1P/2N1C2C1/9/1RBAKABNR b,-0.0017697454,1
1rbaka1nr/9/1cn1b2c1/p1p1p1p1p/9/9/P1P1P1P1P/2N1C2C1/9/1RBAKABNR w,0.0016990424,6368
1rbaka1nr/9/1cn1b2c1/p1p1p1p1p/9/9/P1P1P1P1P/2N1CC3/9/1RBAKABNR b,-0.0012789011,654
1rbaka2r/9/1cn1b1nc1/p1p1p1p1p/9/9/P1P1P1P1P/2N1CC3/9/1RBAKABNR w,0.0015314103,7989
1rbaka2r/9/1cn1b1nc1/p1p1p1p1p/9/9/P1P1P1P1P/2N1CCN2/9/1RBAKAB1R b,-0.0013729454,3012
1rbaka2r/9/1cn1b1nc1/p1p1p3p/6p2/9/P1P1P1P1P/2N1CCN2/9/1RBAKAB1R w,0.0018790246,8098
1rbaka2r/9/1cn1b1nc1/p1p1p3p/6p2/9/P1P1P1P1P/2N1CCN2/9/1RBAKABR1 b,-0.0019925595,727
1rbaka1r1/9/1cn1b1nc1/p1p1p3p/6p2/9/P1P1P1P1P/2N1CCN2/9/1RBAKABR1 w,0.0027354956,5087
1rbaka1r1/9/1cn1b1nc1/p1p1p3p/6p2/2P6/P3P1P1P/2N1CCN2/9/1RBAKABR1 b,-0.0021214485,1765
1rbaka1r1/9/2n1b1nc1/p1p1p3p/6p2/2P6/Pc2P1P1P/2N1CCN2/9/1RBAKABR1 w,0.0047060014,5898
1rbaka1r1/9/2n1b1nc1/p1p1p3p/6p2/2PN5/Pc2P1P1P/4CCN2/9/1RBAKABR1 b,-0.0064135552,2311
1rbaka1r1/9/2n1b1n2/p1p1p3p/6p2/2PN5/Pc2P1PcP/4CCN2/9/1RBAKABR1 w,0.007886124,6143
1rbaka1r1/9/2n1bCn2/p1p1p3p/6p2/2PN5/Pc2P1PcP/4C1N2/9/1RBAKABR1 b,-0.008457172,1986
1rbakabr1/9/2n2Cn2/p1p1p3p/6p2/2PN5/Pc2P1PcP/4C1N2/9/1RBAKABR1 w,0.018145729,4351
1rbakabr1/9/2n2Cn2/p1p1N3p/6p2/2P6/Pc2P1PcP/4C1N2/9/1RBAKABR1 b,-0.004766011,1831
1rbakabr1/9/5Cn2/p1p1n3p/6p2/2P6/Pc2P1PcP/4C1N2/9/1RBAKABR1 w,0.0049410104,6061
1rbakabr1/9/5Cn2/p1p1C3p/6p2/2P6/Pc2P1PcP/6N2/9/1RBAKABR1 b,0.009472871,109
2bakabr1/9/1r3Cn2/p1p1C3p/6p2/2P6/Pc2P1PcP/6N2/9/1RBAKABR1 w,0.0020567894,2839
2bakabr1/9/1r3Cn2/p1p5p/6p2/2P1C4/Pc2P1PcP/6N2/9/1RBAKABR1 b,0.0015779019,1733
2bakabr1/9/5rn2/p1p5p/6p2/2P1C4/Pc2P1PcP/6N2/9/1RBAKABR1 w,0.009658313,7435
2bakabr1/9/5rn2/p1p5p/6p2/2P1C4/PR2P1PcP/6N2/9/2BAKABR1 b,-0.005578339,2201
2bakabr1/9/5r3/p1p5p/5np2/2P1C4/PR2P1PcP/6N2/9/2BAKABR1 w,0.014036894,4987
2bakabr1/9/5r3/p1p5p/1R3np2/2P1C4/P3P1PcP/6N2/9/2BAKABR1 b,-0.008262837,3750
2bakabr1/9/5r3/p1p5p/1R4p2/2P1C4/P3P1ncP/6N2/9/2BAKABR1 w,0.019921755,3372
2bakabr1/9/5r3/p1p5p/6R2/2P1C4/P3P1ncP/6N2/9/2BAKABR1 b,-0.0054254415,5449
2bakabr1/9/5r3/p1p5p/6R2/2P1n4/P3P2cP/6N2/9/2BAKABR1 w,0.0057560443,5269
2bakabr1/9/5r3/p1p5p/6R2/2P1P4/P6cP/6N2/9/2BAKABR1 b,0.0003559351,5560
2bakabr1/9/5r3/p1p5p/6R2/2P1P4/P7P/6Nc1/9/2BAKABR1 w,0.00946455,7999
2bakabr1/9/5r3/p1p5p/6R2/2P1P4/P7P/6Nc1/7R1/2BAKAB2 b,0.0013684988,2138
2bakabr1/9/9/p1p5p/6R2/2P1P4/P7P/5rNc1/7R1/2BAKAB2 w,0.0007612467,3813
2bakabr1/9/9/p1p3R1p/9/2P1P4/P7P/5rNc1/7R1/2BAKAB2 b,-0.003959918,6361
2bakabr1/9/9/p1p3R1p/9/2P1P4/P6cP/5rN2/7R1/2BAKAB2 w,0.018198943,2985
2bakabr1/6R2/9/p1p5p/9/2P1P4/P6cP/5rN2/7R1/2BAKAB2 b,0.002781558,5560
2bakabr1/6R2/9/p1p5p/9/2P1P4/P7P/5rNc1/7R1/2BAKAB2 w,0.017315412,4450
2bakabr1/6R2/9/p1p5p/4P4/2P6/P7P/5rNc1/7R1/2BAKAB2 b,0.0005908251,562
2baka1r1/6R2/4b4/p1p5p/4P4/2P6/P7P/5rNc1/7R1/2BAKAB2 w,0.0236197,7186
2baka1r1/6R2/4b4/p1p5p/4P4/2P6/P7P/5rNc1/4R4/2BAKAB2 b,-0.007615483,691
2baka3/6R2/4b4/p1p5p/4P4/2P6/P6rP/5rNc1/4R4/2BAKAB2 w,0.06184187,3631
2baka3/6R2/4b4/p1p1P3p/9/2P6/P6rP/5rNc1/4R4/2BAKAB2 b,-0.050950397,2022
2baka3/6R2/9/p1p1P3p/6b2/2P6/P6rP/5rNc1/4R4/2BAKAB2 w,0.04579966,1392
2baka3/9/9/p1p1P3p/6R2/2P6/P6rP/5rNc1/4R4/2BAKAB2 b,-0.03656249,5549
2baka3/9/9/p1p1P3p/6R2/2P6/P4r2P/5rNc1/4R4/2BAKAB2 w,0.043150116,3795
2baka3/6R2/9/p1p1P3p/9/2P6/P4r2P/5rNc1/4R4/2BAKAB2 b,-0.05127075,5367
2baka3/6R2/9/p1p1P3p/9/2P6/P2r4P/5rNc1/4R4/2BAKAB2 w,0.058803964,2812
2baka3/6R2/4P4/p1p5p/9/2P6/P2r4P/5rNc1/4R4/2BAKAB2 b,-0.02503947,202
3aka3/6R2/4b4/p1p5p/9/2P6/P2r4P/5rNc1/4R4/2BAKAB2 w,0.0296669,1374
3aka3/9/4b1R2/p1p5p/9/2P6/P2r4P/5rNc1/4R4/2BAKAB2 b,-0.017716182,5151
3aka3/9/3rb1R2/p1p5p/9/2P6/P7P/5rNc1/4R4/2BAKAB2 w,0.019771194,6862
3aka3/9/3rR1R2/p1p5p/9/2P6/P7P/5rNc1/9/2BAKAB2 b,-0.03017211,1912
3aka3/9/4r1R2/p1p5p/9/2P6/P7P/5rNc1/9/2BAKAB2 w,0.0341053,2182
3aka3/9/4R4/p1p5p/9/2P6/P7P/5rNc1/9/2BAKAB2 b,-0.036040783,463
3ak4/4a4/4R4/p1p5p/9/2P6/P7P/5rNc1/9/2BAKAB2 w,0.063510254,2005
3ak4/4a4/7R1/p1p5p/9/2P6/P7P/5rNc1/9/2BAKAB2 b,-0.06256949,6371
3ak4/4a4/7R1/p1p5p/9/2P6/P7P/5rN1c/9/2BAKAB2 w,0.09371767,2257
3ak2R1/4a4/9/p1p5p/9/2P6/P7P/5rN1c/9/2BAKAB2 b,-0.09590268,6125
3akr1R1/4a4/9/p1p5p/9/2P6/P7P/6N1c/9/2BAKAB2 w,0.10609913,635
3akR3/4a4/9/p1p5p/9/2P6/P7P/6N1c/9/2BAKAB2 b,-0.106586,365
3a1k3/4a4/9/p1p5p/9/2P6/P7P/6N1c/9/2BAKAB2 w,0.11027243,7901
3a1k3/4a4/9/p1p5p/9/2P6/P7P/6N1B/9/2BAKA3 b,-0.11188265,1191
3a1k3/9/3a5/p1p5p/9/2P6/P7P/6N1B/9/2BAKA3 w,0.11509669,6260
3a1k3/9/3a5/p1p5p/9/2P2N3/P7P/8B/9/2BAKA3 b,-0.10635083,283
5k3/4a4/3a5/p1p5p/9/2P2N3/P7P/8B/9/2BAKA3 w,0.109952666,7726
5k3/4a4/3a5/p1p5p/9/2P2N3/P7P/8B/4K4/2BA1A3 b,-0.10606954,2466
5k3/4a4/3a5/2p5p/p8/2P2N3/P7P/8B/4K4/2BA1A3 w,0.11063349,5633
5k3/4a4/3a5/2p5p/p8/2P2N2P/P8/8B/4K4/2BA1A3 b,-0.10360491,454
4k4/4a4/3a5/2p5p/p8/2P2N2P/P8/8B/4K4/2BA1A3 w,0.10825882,7533
4k4/4a4/3a5/2p5p/p8/2P2N2P/P8/B7B/4K4/3A1A3 b,-0.10071689,365
5k3/4a4/3a5/2p5p/p8/2P2N2P/P8/B7B/4K4/3A1A3 w,0.10556807,4533
5k3/4a4/3a5/2p3N1p/p8/2P5P/P8/B7B/4K4/3A1A3 b,-0.10171411,454
4k4/4a4/3a5/2p3N1p/p8/2P5P/P8/B7B/4K4/3A1A3 w,0.10905319,3010
4k4/4a4/3a5/2p5p/p3N4/2P5P/P8/B7B/4K4/3A1A3 b,-0.10919001,365
5k3/4a4/3a5/2p5p/p3N4/2P5P/P8/B7B/4K4/3A1A3 w,0.11499152,3629
5k3/4a4/3a5/2N5p/p8/2P5P/P8/B7B/4K4/3A1A3 b,-0.10965073,454
4k4/4a4/3a5/2N5p/p8/2P5P/P8/B7B/4K4/3A1A3 w,0.117260456,2646
4k4/4a4/3a5/8p/N8/2P5P/P8/B7B/4K4/3A1A3 b,-0.11839447,365
5k3/4a4/3a5/8p/N8/2P5P/P8/B7B/4K4/3A1A3 w,0.12718593,4268
5k3/4a4/3a5/8p/N1P6/8P/P8/B7B/4K4/3A1A3 b,-0.1260143,464
9/4ak3/3a5/8p/N1P6/8P/P8/B7B/4K4/3A1A3 w,0.13156705,3459
9/4ak3/3a5/8p/N2P5/8P/P8/B7B/4K4/3A1A3 b,-0.13033642,1265
5k3/4a4/3a5/8p/N2P5/8P/P8/B7B/4K4/3A1A3 w,0.13343798,3269
5k3/4a4/3a5/2N5p/3P5/8P/P8/B7B/4K4/3A1A3 b,-0.12484687,454
4k4/4a4/3a5/2N5p/3P5/8P/P8/B7B/4K4/3A1A3 w,0.13258655,3540
4k4/4a4/3a5/2NP4p/9/8P/P8/B7B/4K4/3A1A3 b,-0.12556082,363
3k5/4a4/3a5/2NP4p/9/8P/P8/B7B/4K4/3A1A3 w,0.14849368,6477
3k5/4a4/3a5/2NP4p/9/8P/P8/B8/4K4/3A1AB2 b,-0.15464868,274
4k4/4a4/3a5/2NP4p/9/8P/P8/B8/4K4/3A1AB2 w,0.17000762,2721
4k4/4a4/3P5/2N5p/9/8P/P8/B8/4K4/3A1AB2 b,-0.1722173,365
5k3/4a4/3P5/2N5p/9/8P/P8/B8/4K4/3A1AB2 w,0.1755799,1912
5k3/4a4/4P4/2N5p/9/8P/P8/B8/4K4/3A1AB2 b,-0.15777732,1173
3a1k3/9/4P4/2N5p/9/8P/P8/B8/4K4/3A1AB2 w,0.17300339,5753
3a1k3/9/4P4/2N5p/9/8P/P8/9/4K4/2BA1AB2 b,-0.17533563,464
3a5/5k3/4P4/2N5p/9/8P/P8/9/4K4/2BA1AB2 w,0.18397991,2622
3a5/3N1k3/4P4/8p/9/8P/P8/9/4K4/2BA1AB2 b,-0.18699989,283
9/3Nak3/4P4/8p/9/8P/P8/9/4K4/2BA1AB2 w,0.19203031,1993
9/3NPk3/9/8p/9/8P/P8/9/4K4/2BA1AB2 b,-0.19124693,1283
9/3NP4/5k3/8p/9/8P/P8/9/4K4/2BA1AB2 w,0.19933389,1109
9/4P4/5k3/2N5p/9/8P/P8/9/4K4/2BA1AB2 b,-0.19993307,3194
9/4P4/5k3/2N6/8p/8P/P8/9/4K4/2BA1AB2 w,0.2,4814
rnbakabnr/9/1c5c1/p1p1p1p1p/9/9/P1P1P1P1P/1C5C1/9/RNBAKABNR w,0.0017991782,5827
rnbakabnr/9/1c5c1/p1p1p1p1p/9/9/P1P1P1P1P/4C2C1/9/RNBAKABNR b,-0.0017805815,110
r1bakabnr/9/1cn4c1/p1p1p1p1p/9/9/P1P1P1P1P/4C2C1/9/RNBAKABNR w,0.0018243551,7445
r1bakabnr/9/1cn4c1/p1p1p1p1p/9/9/P1P1P1P1P/2N1C2C1/9/R1BAKABNR b,-0.0018071294,562
r1baka1nr/9/1cn1b2c1/p1p1p1p1p/9/9/P1P1P1P1P/2N1C2C1/9/R1BAKABNR w,0.0019465685,7372
r1baka1nr/9/1cn1b2c1/p1p1p1p1p/9/9/P1P1P1P1P/2N1C2C1/9/1RBAKABNR b,-0.0017664075,1
1rbaka1nr/9/1cn1b2c1/p1p1p1p1p/9/9/P1P1P1P1P/2N1C2C1/9/1RBAKABNR w,0.0017125607,6368
1rbaka1nr/9/1cn1b2c1/p1p1p1p1p/9/9/P1P1P1P1P/2N1CC3/9/1RBAKABNR b,-0.0012760878,654
1rbaka2r/9/1cn1b1nc1/p1p1p1p1p/9/9/P1P1P1P1P/2N1CC3/9/1RBAKABNR w,0.0015751123,7989
1rbaka2r/9/1cn1b1nc1/p1p1p1p1p/9/9/P1P1P1P1P/2N1CCN2/9/1RBAKAB1R b,-0.0013839006,3012
1rbaka2r/9/1cn1b1nc1/p1p1p3p/6p2/9/P1P1P1P1P/2N1CCN2/9/1RBAKAB1R w,0.0018790246,8098
1rbaka2r/9/1cn1b1nc1/p1p1p3p/6p2/9/P1P1P1P1P/2N1CCN2/9/1RBAKABR1 b,-0.0020028593,727
1rbaka1r1/9/1cn1b1nc1/p1p1p3p/6p2/9/P1P1P1P1P/2N1CCN2/9/1RBAKABR1 w,0.0027978183,5087
1rbaka1r1/9/1cn1b1nc1/p1p1p3p/6p2/2P6/P3P1P1P/2N1CCN2/9/1RBAKABR1 b,-0.0021549107,1765
1rbaka1r1/9/2n1b1nc1/p1p1p3p/6p2/2P6/Pc2P1P1P/2N1CCN2/9/1RBAKABR1 w,0.0047115325,5898
1rbaka1r1/9/2n1b1nc1/p1p1p3p/6p2/2PN5/Pc2P1P1P/4CCN2/9/1RBAKABR1 b,-0.006530476,2311
1rbaka1r1/9/2n1b1n2/p1p1p3p/6p2/2PN5/Pc2P1PcP/4CCN2/9/1RBAKABR1 w,0.0076842546,6143
1rbaka1r1/9/2n1bCn2/p1p1p3p/6p2/2PN5/Pc2P1PcP/4C1N2/9/1RBAKABR1 b,-0.008279967,1986
1rbakabr1/9/2n2Cn2/p1p1p3p/6p2/2PN5/Pc2P1PcP/4C1N2/9/1RBAKABR1 w,0.01805811,4351
1rbakabr1/9/2n2Cn2/p1p1N3p/6p2/2P6/Pc2P1PcP/4C1N2/9/1RBAKABR1 b,-0.0047743083,1831
1rbakabr1/9/5Cn2/p1p1n3p/6p2/2P6/Pc2P1PcP/4C1N2/9/1RBAKABR1 w,0.005253291,6061
1rbakabr1/9/5Cn2/p1p1C3p/6p2/2P6/Pc2P1PcP/6N2/9/1RBAKABR1 b,0.009807563,109
2bakabr1/9/1r3Cn2/p1p1C3p/6p2/2P6/Pc2P1PcP/6N2/9/1RBAKABR1 w,0.0020328045,2839
2bakabr1/9/1r3Cn2/p1p5p/6p2/2P1C4/Pc2P1PcP/6N2/9/1RBAKABR1 b,0.0011875868,1733
2bakabr1/9/5rn2/p1p5p/6p2/2P1C4/Pc2P1PcP/6N2/9/1RBAKABR1 w,0.009629393,7435
2bakabr1/9/5rn2/p1p5p/6p2/2P1C4/PR2P1PcP/6N2/9/2BAKABR1 b,-0.0066675665,2201
2bakabr1/9/5r3/p1p5p/5np2/2P1C4/PR2P1PcP/6N2/9/2BAKABR1 w,0.014058495,4987
2bakabr1/9/5r3/p1p5p/1R3np2/2P1C4/P3P1PcP/6N2/9/2BAKABR1 b,-0.008262837,3750
2bakabr1/9/5r3/p1p5p/1R4p2/2P1C4/P3P1ncP/6N2/9/2BAKABR1 w,0.019712377,3372
2bakabr1/9/5r3/p1p5p/6R2/2P1C4/P3P1ncP/6N2/9/2BAKABR1 b,-0.005449605,5449
2bakabr1/9/5r3/p1p5p/6R2/2P1n4/P3P2cP/6N2/9/2BAKABR1 w,0.0056578876,5269
2bakabr1/9/5r3/p1p5p/6R2/2P1P4/P6cP/6N2/9/2BAKABR1 b,0.00039632322,5560
2bakabr1/9/5r3/p1p5p/6R2/2P1P4/P7P/6Nc1/9/2BAKABR1 w,0.009204745,7999
2bakabr1/9/5r3/p1p5p/6R2/2P1P4/P7P/6Nc1/7R1/2BAKAB2 b,0.0019846677,2138
2bakabr1/9/9/p1p5p/6R2/2P1P4/P7P/5rNc1/7R1/2BAKAB2 w,0.007090259,7537
2bakabr1/9/9/p1p5p/6R2/2P1P4/P7P/4BrNc1/7R1/3AKAB2 b,0.0032841444,562
2baka1r1/9/4b4/p1p5p/6R2/2P1P4/P7P/4BrNc1/7R1/3AKAB2 w,0.011131358,3840
2baka1r1/9/4b4/p1p5p/9/2P1P4/P5R1P/4BrNc1/7R1/3AKAB2 b,0.00029194355,3194
2baka1r1/9/4b4/p1p6/8p/2P1P4/P5R1P/4BrNc1/7R1/3AKAB2 w,0.020168735,7636
2baka1r1/9/4b4/p1p6/8p/2P1P4/P5R1P/4BrNc1/4A2R1/4KAB2 b,-0.009926677,6170
2baka1r1/9/4b4/p1p6/8p/2P1Pr3/P5R1P/4B1Nc1/4A2R1/4KAB2 w,0.01818037,6268
2baka1r1/9/4b4/p1p6/8p/2P1Pr3/P3N1R1P/4B2c1/4A2R1/4KAB2 b,-0.012869978,4549
2baka1r1/9/4b4/p1p6/8p/2P1r4/P3N1R1P/4B2c1/4A2R1/4KAB2 w,0.018889261,5271
2baka1r1/9/4b4/p1p6/8p/2P1r1N2/P5R1P/4B2c1/4A2R1/4KAB2 b,-0.010872281,4441
2baka1r1/9/4b4/p1p1r4/8p/2P3N2/P5R1P/4B2c1/4A2R1/4KAB2 w,0.028024483,5457
2baka1r1/9/4b4/p1p1r4/8p/2P3N2/P2R4P/4B2c1/4A2R1/4KAB2 b,-0.0136681795,6352
2baka1r1/9/4b4/p1p1r4/8p/2P3Nc1/P2R4P/4B4/4A2R1/4KAB2 w,0.019950796,5169
2baka1r1/9/4b4/p1p1r4/3R4p/2P3Nc1/P7P/4B4/4A2R1/4KAB2 b,-0.012310839,4741
2baka1r1/9/4b4/p1p1r4/3R4p/2P3N2/P6cP/4B4/4A2R1/4KAB2 w,0.036053874,4634
2baka1r1/9/4b4/p1p1r4/3R4N/2P6/P6cP/4B4/4A2R1/4KAB2 b,-0.01789031,5533
2baka1r1/9/4b4/p1p1r4/3R3cN/2P6/P7P/4B4/4A2R1/4KAB2 w,0.037932277,7162
2baka1r1/9/4b4/p1p1r4/3R3cN/2P4R1/P7P/4B4/4A4/4KAB2 b,-0.014638806,2824
2baka1r1/9/4b4/p1p4r1/3R3cN/2P4R1/P7P/4B4/4A4/4KAB2 w,0.018834138,5633
2baka1r1/9/4b4/p1p4r1/3R3cN/2P4RP/P8/4B4/4A4/4KAB2 b,-0.008770478,463
2bak2r1/4a4/4b4/p1p4r1/3R3cN/2P4RP/P8/4B4/4A4/4KAB2 w,0.022986604,3551
2bak2r1/4a4/4b4/p1p4r1/5R1cN/2P4RP/P8/4B4/4A4/4KAB2 b,-0.006279528,2466
2bak2r1/4a4/4b4/2p4r1/p4R1cN/2P4RP/P8/4B4/4A4/4KAB2 w,0.018145466,4730
2bak2r1/4a4/4b4/2p4r1/p4R1cN/2P2R2P/P8/4B4/4A4/4KAB2 b,0.012149572,635
2bakr3/4a4/4b4/2p4r1/p4R1cN/2P2R2P/P8/4B4/4A4/4KAB2 w,0.0044843676,3695
2bakR3/4a4/4b4/2p4r1/p6cN/2P2R2P/P8/4B4/4A4/4KAB2 b,-0.0048122047,1175
2baka3/9/4b4/2p4r1/p6cN/2P2R2P/P8/4B4/4A4/4KAB2 w,0.006118536,4541
2baka3/9/4b4/2p4r1/p4R1cN/2P5P/P8/4B4/4A4/4KAB2 b,-0.0071792724,3958
2baka3/9/4b4/2p4r1/p4R2N/2P5P/P8/4B4/4A4/4KABc1 w,0.01189239,4011
2baka3/9/4b4/2p4r1/p4R3/2P3N1P/P8/4B4/4A4/4KABc1 b,-0.0048444867,3091
2baka3/9/4b4/2p1r4/p4R3/2P3N1P/P8/4B4/4A4/4KABc1 w,0.012742782,4622
2baka3/9/4b4/2p1rN3/p4R3/2P5P/P8/4B4/4A4/4KABc1 b,-0.017047465,2857
2baka3/9/4b4/2p2N3/p4R3/2P5P/P8/4r4/4A4/4KABc1 w,0.03833537,3733
2baka3/9/4b4/2p2N3/p6R1/2P5P/P8/4r4/4A4/4KABc1 b,-0.027297152,6061
2baka3/9/4b4/2p1rN3/p6R1/2P5P/P8/9/4A4/4KABc1 w,0.04880624,2895
2baka3/6N2/4b4/2p1r4/p6R1/2P5P/P8/9/4A4/4KABc1 b,-0.049012985,373
2ba1a3/4k1N2/4b4/2p1r4/p6R1/2P5P/P8/9/4A4/4KABc1 w,0.057438876,3958
2ba1a3/4k1N2/4b4/2p1r4/p8/2P5P/P8/9/4A4/4KABR1 b,-0.0444608,2823
2ba1a3/4k1N2/4b4/2p3r2/p8/2P5P/P8/9/4A4/4KABR1 w,0.05898359,7936
2ba1a3/4k1NR1/4b4/2p3r2/p8/2P5P/P8/9/4A4/4KAB2 b,-0.0491583,2994
2ba1a3/4k1NR1/4b1r2/2p6/p8/2P5P/P8/9/4A4/4KAB2 w,0.05562384,1457
2ba1a3/4k1N1R/4b1r2/2p6/p8/2P5P/P8/9/4A4/4KAB2 b,-0.03633795,1986
2ba1ab2/4k1N1R/6r2/2p6/p8/2P5P/P8/9/4A4/4KAB2 w,0.039658736,7734
2ba1ab2/4k1N1R/6r2/2p6/p8/2P5P/P8/9/4A4/3K1AB2 b,-0.008731998,2181
2ba1ab2/4k1N1R/3r5/2p6/p8/2P5P/P8/9/4A4/3K1AB2 w,0.012773228,7645
2ba1ab2/4k1N1R/3r5/2p6/p8/2P5P/P8/9/4A4/4KAB2 b,0,1914
rnbakabnr/9/1c5c1/p1p1p1p1p/9/9/P1P1P1P1P/1C5C1/9/RNBAKABNR w,-0.79821914,5827
rnbakabnr/9/1c5c1/p1p1p1p1p/9/9/P1P1P1P1P/4C2C1/9/RNBAKABNR b,0.79821944,110
r1bakabnr/9/1cn4c1/p1p1p1p1p/9/9/P1P1P1P1P/4C2C1/9/RNBAKABNR w,-0.79816985,7445
r1bakabnr/9/1cn4c1/p1p1p1p1p/9/9/P1P1P1P1P/2N1C2C1/9/R1BAKABNR b,0.7981573,562
r1baka1nr/9/1cn1b2c1/p1p1p1p1p/9/9/P1P1P1P1P/2N1C2C1/9/R1BAKABNR w,-0.7980365,7372
r1baka1nr/9/1cn1b2c1/p1p1p1p1p/9/9/P1P1P1P1P/2N1C2C1/9/1RBAKABNR b,0.7982294,1
1rbaka1nr/9/1cn1b2c1/p1p1p1p1p/9/9/P1P1P1P1P/2N1C2C1/9/1RBAKABNR w,-0.79830045,6368
1rbaka1nr/9/1cn1b2c1/p1p1p1p1p/9/9/P1P1P1P1P/2N1CC3/9/1RBAKABNR b,0.7987406,654
1rbaka2r/9/1cn1b1nc1/p1p1p1p1p/9/9/P1P1P1P1P/2N1CC3/9/1RBAKABNR w,-0.7984384,7989
1rbaka2r/9/1cn1b1nc1/p1p1p1p1p/9/9/P1P1P1P1P/2N1CCN2/9/1RBAKAB1R b,0.79865164,3012
1rbaka2r/9/1cn1b1nc1/p1p1p3p/6p2/9/P1P1P1P1P/2N1CCN2/9/1RBAKAB1R w,-0.7981526,8098
1rbaka2r/9/1cn1b1nc1/p1p1p3p/6p2/9/P1P1P1P1P/2N1CCN2/9/1RBAKABR1 b,0.7979852,727
1rbaka1r1/9/1cn1b1nc1/p1p1p3p/6p2/9/P1P1P1P1P/2N1CCN2/9/1RBAKABR1 w,-0.79748696,5087
1rbaka1r1/9/1cn1b1nc1/p1p1p3p/6p2/2P6/P3P1P1P/2N1CCN2/9/1RBAKABR1 b,0.79784644,1765
1rbaka1r1/9/2n1b1nc1/p1p1p3p/6p2/2P6/Pc2P1P1P/2N1CCN2/9/1RBAKABR1 w,-0.79479766,5898
1rbaka1r1/9/2n1b1nc1/p1p1p3p/6p2/2PN5/Pc2P1P1P/4CCN2/9/1RBAKABR1 b,0.7936065,2311
1rbaka1r1/9/2n1b1n2/p1p1p3p/6p2/2PN5/Pc2P1PcP/4CCN2/9/1RBAKABR1 w,-0.79207164,6143
1rbaka1r1/9/2n1bCn2/p1p1p3p/6p2/2PN5/Pc2P1PcP/4C1N2/9/1RBAKABR1 b,0.7910976,1986
1rbakabr1/9/2n2Cn2/p1p1p3p/6p2/2PN5/Pc2P1PcP/4C1N2/9/1RBAKABR1 w,-0.7821081,4351
1rbakabr1/9/2n2Cn2/p1p1N3p/6p2/2P6/Pc2P1PcP/4C1N2/9/1RBAKABR1 b,0.7952188,1831
1rbakabr1/9/5Cn2/p1p1n3p/6p2/2P6/Pc2P1PcP/4C1N2/9/1RBAKABR1 w,-0.7949672,6061
1rbakabr1/9/5Cn2/p1p1C3p/6p2/2P6/Pc2P1PcP/6N2/9/1RBAKABR1 b,0.80903965,109
2bakabr1/9/1r3Cn2/p1p1C3p/6p2/2P6/Pc2P1PcP/6N2/9/1RBAKABR1 w,-0.79691356,7897
2bakabr1/9/1r3Cn2/p1p1C3p/6p2/2P6/Pc2P1PcP/4B1N2/9/1RBAKA1R1 b,0.8240691,5548
2bakabr1/9/1r3Cn2/p1p1C3p/6p2/2P6/Pc2c1P1P/4B1N2/9/1RBAKA1R1 w,-0.8044531,7816
2bakabr1/9/1r3Cn2/p1p1C3p/6p2/2P6/Pc2c1P1P/4B1N2/4A4/1RBAK2R1 b,0.8087733,718
2bakab2/9/1r3Cn2/p1p1C3p/6p2/2P6/Pc2c1P1P/4B1N2/4A4/1RBAK2r1 w,-0.80834347,6298
2bakab2/9/1r3Cn2/p1p1C3p/6p2/2P6/Pc2c1P1P/4B4/4A4/1RBAK2N1 b,0.82053447,5282
2bakab2/9/1r3Cn2/p1p1C3p/6p2/2P6/Pc4P1c/4B4/4A4/1RBAK2N1 w,-0.8154234,7989
2bakab2/9/1r3Cn2/p1p1C3p/6p2/2P6/Pc4P1c/4B1N2/4A4/1RBAK4 b,0.817767,1733
2bakab2/9/5rn2/p1p1C3p/6p2/2P6/Pc4P1c/4B1N2/4A4/1RBAK4 w,-0.81233245,6272
2bakab2/9/5rn2/p1p1C3p/6p2/2P6/Pc4P1N/4B4/4A4/1RBAK4 b,0.83261603,5012
2bakab2/9/5rn2/p1p1C3p/6p2/2P6/P5P1c/4B4/4A4/1RBAK4 w,-0.8336919,2817
2bakab2/9/5rn2/C1p5p/6p2/2P6/P5P1c/4B4/4A4/1RBAK4 b,0.8493486,2203
2bakab2/9/5r3/C1p5p/6pn1/2P6/P5P1c/4B4/4A4/1RBAK4 w,-0.8392183,7417
2bakab2/9/5r3/C1p5p/1R4pn1/2P6/P5P1c/4B4/4A4/2BAK4 b,0.84537876,3930
2bakab2/9/5r3/C1p5p/1R4p2/2P6/P5n1c/4B4/4A4/2BAK4 w,-0.8409308,3372
2bakab2/9/5r3/C1p5p/6R2/2P6/P5n1c/4B4/4A4/2BAK4 b,0.8444876,5471
2bakab2/9/5r3/C1p5p/6R2/2P6/P7c/4B3n/4A4/2BAK4 w,-0.8376349,3786
2bakaR2/9/5r3/C1p5p/9/2P6/P7c/4B3n/4A4/2BAK4 b,0.8970436,5640
2bakaR2/9/5r3/C1p5p/9/2P6/P5c2/4B3n/4A4/2BAK4 w,-0.8803236,600
2baka3/9/5r3/C1p5p/9/2P6/P5R2/4B3n/4A4/2BAK4 b,0.88900924,6450
2baka3/9/5r3/C1p5p/9/2P6/P5n2/4B4/4A4/2BAK4 w,-0.88932693,2465
2baka3/9/5r3/2p5C/9/2P6/P5n2/4B4/4A4/2BAK4 b,0.9131922,5471
2baka3/9/5r3/2p5C/9/2P6/P8/4B3n/4A4/2BAK4 w,-0.89631575,6906
2baka3/9/5r3/2p5C/9/2P6/P8/3AB3n/9/2BAK4 b,0.90350324,6468
2baka3/9/5r3/2p5C/9/2P6/P8/3AB4/6n2/2BAK4 w,-0.90365314,7726
2baka3/9/5r3/2p5C/9/2P6/P8/3AB4/4K1n2/2BA5 b,0.9112736,2129
2baka3/9/9/2p5C/9/2P6/P4r3/3AB4/4K1n2/2BA5 w,-0.9081864,3183
2baka3/9/9/2p3C2/9/2P6/P4r3/3AB4/4K1n2/2BA5 b,0.9212483,463
2bak4/4a4/9/2p3C2/9/2P6/P4r3/3AB4/4K1n2/2BA5 w,-0.91165596,3012
2bak4/4a4/9/2p6/6C2/2P6/P4r3/3AB4/4K1n2/2BA5 b,0.918643,365
2ba1k3/4a4/9/2p6/6C2/2P6/P4r3/3AB4/4K1n2/2BA5 w,-0.91021484,3817
2ba1k3/4a4/9/2p6/1C7/2P6/P4r3/3AB4/4K1n2/2BA5 b,0.9181176,5364
2ba1k3/4a4/9/2p6/1C7/2P6/r8/3AB4/4K1n2/2BA5 w,-0.9295892,3403
2ba1k3/4a4/9/2p6/9/2P6/r8/3AB4/1C2K1n2/2BA5 b,0.9357275,4932
2ba1k3/4a4/9/2p6/9/2P6/9/3AB4/rC2K1n2/2BA5 w,-0.9287197,6645
2ba1k3/4a4/9/2p6/9/2P6/9/3AB4/r2CK1n2/2BA5 b,0.93568003,7079
2ba1k3/4a4/9/2p6/9/2P6/5n3/3AB4/r2CK4/2BA5 w,-0.93063915,6917
2ba1k3/4a4/9/2p6/9/2P6/5n3/3AB4/r2C1K3/2BA5 b,0.9367072,6555
2ba1k3/4a4/9/2p6/9/2P6/5n3/3AB4/3r1K3/2BA5 w,-0.9255346,7636
2ba1k3/4a4/9/2p6/9/2P6/5n3/3AB4/3rAK3/2B6 b,0.93715996,6822
2ba1k3/4a4/9/2p6/9/2P6/5n3/3AB4/r3AK3/2B6 w,-0.93527496,7016
2ba1k3/4a4/9/2p6/9/2P6/5n3/3AB4/r3A4/2B2K3 b,0.9463949,1193
2ba1k3/9/5a3/2p6/9/2P6/5n3/3AB4/r3A4/2B2K3 w,-0.9423628,6117
2ba1k3/9/5a3/2p6/9/2P6/5n3/3A5/r3A4/2B2KB2 b,0.9479148,6561
2ba1k3/9/5a3/2p6/9/2P6/5n3/3A5/4A4/r1B2KB2 w,-0.9351826,7897
2ba1k3/9/5a3/2p6/9/2P6/5n3/3AB4/4A4/r1B2K3 b,0.94928193,454
2bak4/9/5a3/2p6/9/2P6/5n3/3AB4/4A4/r1B2K3 w,-0.9387567,6924
2bak4/9/5a3/2p6/9/2P6/5n3/3AB4/9/r1BA1K3 b,0.9463691,5376
2bak4/9/5a3/2p6/9/2P6/9/3nB4/9/r1BA1K3 w,-0.95037854,7817
2bak4/9/5a3/2p6/9/2P6/9/3nB4/5K3/r1BA5 b,0.9491408,7362
2bak4/9/5a3/2p6/9/2P6/9/3nB4/r4K3/2BA5 w,-0.9551765,7016
2bak4/9/5a3/2p6/9/2P6/9/3nB4/r8/2BA1K3 b,0.9663174,5989
2bak4/9/5a3/2p6/9/2P1n4/9/4B4/r8/2BA1K3 w,-0.95482486,7825
2bak4/9/5a3/2p6/9/2P1n4/9/4B4/r8/2BAK4 b,0.9552512,4478
2bak4/9/5a3/2p6/9/2P6/9/4Bn3/r8/2BAK4 w,-0.95736617,7736
2bak4/9/5a3/2p6/9/2P6/9/4Bn3/r8/2BA1K3 b,0.961355,6560
2bak4/9/5a3/2p6/9/2P6/9/4Bn3/8r/2BA1K3 w,-0.9704834,7636
2bak4/9/5a3/2p6/9/2P6/9/4Bn3/4A3r/2B2K3 b,0.9711803,6199
2bak4/9/5a3/2p6/9/2P6/9/4B4/4A2nr/2B2K3 w,-0.97633266,7825
2bak4/9/5a3/2p6/9/2P6/9/4B4/4A2nr/2B1K4 b,0.97868717,7289
2bak4/9/5a3/2p6/9/2P6/9/4B4/4A2n1/2B1K3r w,-0.97956836,6926
2bak4/9/5a3/2p6/9/2P6/9/4B4/7n1/2B1KA2r b,0.9900016,7178
2bak4/9/5a3/2p6/9/2P6/9/4Bn3/9/2B1KA2r w,-0.9869758,7734
2bak4/9/5a3/2p6/9/2P6/9/4Bn3/9/2BK1A2r b,0.9878993,8096
2bak4/9/5a3/2p6/9/2P6/9/4Bn3/9/2BK1r3 w,-0.9885165,7635
2bak4/9/5a3/2p6/9/2P6/9/4Bn3/3K5/2B2r3 b,0.9938565,7823
2bak4/9/5a3/2p6/9/2P6/9/4Bn3/3K5/2r6 w,-0.9954378,6826
2bak4/9/5a3/2p6/9/2P6/9/4Bn3/4K4/2r6 b,1,7544
rnbakabnr/9/1c5c1/p1p1p1p1p/9/9/P1P1P1P1P/1C5C1/9/RNBAKABNR w,0.8018179,5827
rnbakabnr/9/1c5c1/p1p1p1p1p/9/9/P1P1P1P1P/4C2C1/9/RNBAKABNR b,-0.8017682,110
r1bakabnr/9/1cn4c1/p1p1p1p1p/9/9/P1P1P1P1P/4C2C1/9/RNBAKABNR w,0.8018261,7445
r1bakabnr/9/1cn4c1/p1p1p1p1p/9/9/P1P1P1P1P/2N1C2C1/9/R1BAKABNR b,-0.80180895,562
r1baka1nr/9/1cn1b2c1/p1p1p1p1p/9/9/P1P1P1P1P/2N1C2C1/9/R1BAKABNR w,0.8019466,7372
r1baka1nr/9/1cn1b2c1/p1p1p1p1p/9/9/P1P1P1P1P/2N1C2C1/9/1RBAKABNR b,-0.8017659,1
1rbaka1nr/9/1cn1b2c1/p1p1p1p1p/9/9/P1P1P1P1P/2N1C2C1/9/1RBAKABNR w,0.80169415,6368
1rbaka1nr/9/1cn1b2c1/p1p1p1p1p/9/9/P1P1P1P1P/2N1CC3/9/1RBAKABNR b,-0.8012594,654
1rbaka2r/9/1cn1b1nc1/p1p1p1p1p/9/9/P1P1P1P1P/2N1CC3/9/1RBAKABNR w,0.80158037,7989
1rbaka2r/9/1cn1b1nc1/p1p1p1p1p/9/9/P1P1P1P1P/2N1CCN2/9/1RBAKAB1R b,-0.8013686,3012
1rbaka2r/9/1cn1b1nc1/p1p1p3p/6p2/9/P1P1P1P1P/2N1CCN2/9/1RBAKAB1R w,0.8019174,8098
1rbaka2r/9/1cn1b1nc1/p1p1p3p/6p2/9/P1P1P1P1P/2N1CCN2/9/1RBAKABR1 b,-0.8020148,727
1rbaka1r1/9/1cn1b1nc1/p1p1p3p/6p2/9/P1P1P1P1P/2N1CCN2/9/1RBAKABR1 w,0.8025176,5087
1rbaka1r1/9/1cn1b1nc1/p1p1p3p/6p2/2P6/P3P1P1P/2N1CCN2/9/1RBAKABR1 b,-0.80221564,1765
1rbaka1r1/9/2n1b1nc1/p1p1p3p/6p2/2P6/Pc2P1P1P/2N1CCN2/9/1RBAKABR1 w,0.8050908,5898
1rbaka1r1/9/2n1b1nc1/p1p1p3p/6p2/2PN5/Pc2P1P1P/4CCN2/9/1RBAKABR1 b,-0.8065378,2311
1rbaka1r1/9/2n1b1n2/p1p1p3p/6p2/2PN5/Pc2P1PcP/4CCN2/9/1RBAKABR1 w,0.8079075,6143
1rbaka1r1/9/2n1bCn2/p1p1p3p/6p2/2PN5/Pc2P1PcP/4C1N2/9/1RBAKABR1 b,-0.80890244,1986
1rbakabr1/9/2n2Cn2/p1p1p3p/6p2/2PN5/Pc2P1PcP/4C1N2/9/1RBAKABR1 w,0.8178257,4351
1rbakabr1/9/2n2Cn2/p1p1N3p/6p2/2P6/Pc2P1PcP/4C1N2/9/1RBAKABR1 b,-0.8047562,1831
1rbakabr1/9/5Cn2/p1p1n3p/6p2/2P6/Pc2P1PcP/4C1N2/9/1RBAKABR1 w,0.8049586,6061
1rbakabr1/9/5Cn2/p1p1C3p/6p2/2P6/Pc2P1PcP/6N2/9/1RBAKABR1 b,-0.7903858,109
2bakabr1/9/1r3Cn2/p1p1C3p/6p2/2P6/Pc2P1PcP/6N2/9/1RBAKABR1 w,0.8022862,2839
2bakabr1/9/1r3Cn2/p1p5p/6p2/2P1C4/Pc2P1PcP/6N2/9/1RBAKABR1 b,-0.79882264,1733
2bakabr1/9/5rn2/p1p5p/6p2/2P1C4/Pc2P1PcP/6N2/9/1RBAKABR1 w,0.8096117,7435
2bakabr1/9/5rn2/p1p5p/6p2/2P1C4/PR2P1PcP/6N2/9/2BAKABR1 b,-0.8063574,2201
2bakabr1/9/5r3/p1p5p/5np2/2P1C4/PR2P1PcP/6N2/9/2BAKABR1 w,0.8140369,4987
2bakabr1/9/5r3/p1p5p/1R3np2/2P1C4/P3P1PcP/6N2/9/2BAKABR1 b,-0.8094983,3750
2bakabr1/9/5r3/p1p5p/1R4p2/2P1C4/P3P1ncP/6N2/9/2BAKABR1 w,0.8201045,3372
2bakabr1/9/5r3/p1p5p/6R2/2P1C4/P3P1ncP/6N2/9/2BAKABR1 b,-0.8054496,5449
2bakabr1/9/5r3/p1p5p/6R2/2P1n4/P3P2cP/6N2/9/2BAKABR1 w,0.80595845,5269
2bakabr1/9/5r3/p1p5p/6R2/2P1P4/P6cP/6N2/9/2BAKABR1 b,-0.79941744,5560
2bakabr1/9/5r3/p1p5p/6R2/2P1P4/P7P/6Nc1/9/2BAKABR1 w,0.8098527,7999
2bakabr1/9/5r3/p1p5p/6R2/2P1P4/P7P/6Nc1/7R1/2BAKAB2 b,-0.79809546,2138
2bakabr1/9/9/p1p5p/6R2/2P1P4/P7P/5rNc1/7R1/2BAKAB2 w,0.8004371,3813
2bakabr1/9/9/p1p3R1p/9/2P1P4/P7P/5rNc1/7R1/2BAKAB2 b,-0.8004975,691
2bakab2/9/9/p1p3R1p/9/2P1P4/P6rP/5rNc1/7R1/2BAKAB2 w,0.81445247,2976
2bakaR2/9/9/p1p5p/9/2P1P4/P6rP/5rNc1/7R1/2BAKAB2 b,-0.8037907,5548
2bakaR2/9/9/p1p5p/9/2P1P4/P3r3P/5rNc1/7R1/2BAKAB2 w,0.8320192,7816
2bakaR2/9/9/p1p5p/9/2P1P4/P3r3P/5rNc1/4A2R1/2BAK1B2 b,-0.8199946,6371
2bakaR2/9/9/p1p5p/9/2P1P4/P3r3P/5rN1c/4A2R1/2BAK1B2 w,0.82934564,591
2baka3/9/9/p1p5p/9/2P1P1R2/P3r3P/5rN1c/4A2R1/2BAK1B2 b,-0.8072379,283
2b1ka3/4a4/9/p1p5p/9/2P1P1R2/P3r3P/5rN1c/4A2R1/2BAK1B2 w,0.88159776,7897
2b1ka3/4a4/9/p1p5p/9/2P1P1R2/P3r3P/4BrN1c/4A2R1/2BAK4 b,-0.854273,6187
2b1ka3/4a4/9/p1p5p/9/2P1P1R2/P3r3P/4r1N1c/4A2R1/2BAK4 w,0.8614232,6268
2b1ka3/4a4/9/p1p5p/9/2P1P1R2/P3N3P/4r3c/4A2R1/2BAK4 b,-0.857101,6088
2b1ka3/4a4/9/p1p5p/9/2P1P1R2/P3r3P/8c/4A2R1/2BAK4 w,0.8680017,4659
2b1ka3/4a4/9/p1p5p/9/2P1P4/P3r3P/6R1c/4A2R1/2BAK4 b,-0.8489746,6479
2b1ka3/4a4/9/p1p5p/9/2P1P4/P3r3P/6R2/4A2R1/2BAK3c w,0.8594458,7117
2b1ka1R1/4a4/9/p1p5p/9/2P1P4/P3r3P/6R2/4A4/2BAK3c b,-0.8534521,5269
2b1ka1R1/4a4/9/p1p5p/9/2P1r4/P7P/6R2/4A4/2BAK3c w,0.8683932,4268
2b1ka1R1/4a4/9/p1p5p/2P6/4r4/P7P/6R2/4A4/2BAK3c b,-0.8435148,2648
2b1ka1R1/4a4/9/p7p/2p6/4r4/P7P/6R2/4A4/2BAK3c w,0.8500759,6216
2b1kaRR1/4a4/9/p7p/2p6/4r4/P7P/9/4A4/2BAK3c b,-0.81829184,8094
2b1kaRR1/4a4/9/p7p/2p6/4r4/P7P/9/4A4/2BcK4 w,0.86685306,7734
2b1kaRR1/4a4/9/p7p/2p6/4r4/P7P/9/4A4/2BK5 b,-0.86359626,4486
2b1kaRR1/4a4/9/p7p/2p6/9/P7P/9/4r4/2BK5 w,0.876881,4905
2b1kaRR1/4a4/9/p7p/2p6/P8/8P/9/4r4/2BK5 b,-0.84130657,6898
2b1kaRR1/4a4/9/p7p/2p6/P8/4r3P/9/9/2BK5 w,0.850462,582
2b1ka1R1/4a4/9/p7p/2p3R2/P8/4r3P/9/9/2BK5 b,-0.8514673,3467
2b1ka1R1/4a4/9/p7p/6R2/P1p6/4r3P/9/9/2BK5 w,0.8566939,3818
2b1ka1R1/4a4/9/p7p/2R6/P1p6/4r3P/9/9/2BK5 b,-0.8497229,1173
2baka1R1/9/9/p7p/2R6/P1p6/4r3P/9/9/2BK5 w,0.87365234,3459
2baka1R1/9/9/p7p/3R5/P1p6/4r3P/9/9/2BK5 b,-0.8596066,283
2b1ka1R1/4a4/9/p7p/3R5/P1p6/4r3P/9/9/2BK5 w,0.86205596,655
2b1ka3/4a4/7R1/p7p/3R5/P1p6/4r3P/9/9/2BK5 b,-0.8495235,4286
2b1ka3/4a4/7R1/p7p/3R5/P8/2p1r3P/9/9/2BK5 w,0.86226976,2270
2b1ka3/4a4/2R6/p7p/3R5/P8/2p1r3P/9/9/2BK5 b,-0.86957407,202
4ka3/4a4/2R1b4/p7p/3R5/P8/2p1r3P/9/9/2BK5 w,0.92083967,3522
4ka3/3Ra4/2R1b4/p7p/9/P8/2p1r3P/9/9/2BK5 b,-0.89988613,5277
4ka3/3Ra4/2R1b4/p7p/9/P8/2pr4P/9/9/2BK5 w,0.904875,1137
4ka3/4a4/2R1b4/p7p/9/P8/2pR4P/9/9/2BK5 b,-0.90255255,5097
4ka3/4a4/2R1b4/p7p/9/P8/3p4P/9/9/2BK5 w,0.90579265,1822
4ka3/4a4/4R4/p7p/9/P8/3p4P/9/9/2BK5 b,-0.9035542,5196
4ka3/4a4/4R4/p7p/9/P8/8P/3p5/9/2BK5 w,0.9072756,2011
4ka3/4a4/9/p3R3p/9/P8/8P/3p5/9/2BK5 b,-0.9054321,3194
4ka3/4a4/9/p3R4/8p/P8/8P/3p5/9/2BK5 w,0.9303357,7645
4ka3/4a4/9/p3R4/8p/P8/8P/3p5/9/2B1K4 b,-0.93765926,6015
4ka3/4a4/9/p3R4/8p/P8/8P/9/3p5/2B1K4 w,0.9475214,2817
4ka3/4a4/9/R8/8p/P8/8P/9/3p5/2B1K4 b,-0.9350228,6826
4ka3/4a4/9/R8/8p/P8/8P/9/4p4/2B1K4 w,0.9395524,7726
4ka3/4a4/9/R8/8p/P8/8P/9/4K4/2B6 b,-0.93810844,363
3k1a3/4a4/9/R8/8p/P8/8P/9/4K4/2B6 w,0.93422747,2430
R2k1a3/4a4/9/9/8p/P8/8P/9/4K4/2B6 b,-0.9421427,282
R4a3/3ka4/9/9/8p/P8/8P/9/4K4/2B6 w,0.9551355,36
5a3/3ka4/9/9/R7p/P8/8P/9/4K4/2B6 b,-0.9415405,1191
5a3/3k5/3a5/9/R7p/P8/8P/9/4K4/2B6 w,0.9511452,3279
5a3/3k5/3a5/9/3R4p/P8/8P/9/4K4/2B6 b,-0.94023967,463
9/3ka4/3a5/9/3R4p/P8/8P/9/4K4/2B6 w,0.950037,4086
9/3ka4/3a5/9/P2R4p/9/8P/9/4K4/2B6 b,-0.945321,1193
9/3k5/3a1a3/9/P2R4p/9/8P/9/4K4/2B6 w,0.9517992,3277
9/3k5/3a1a3/9/1P1R4p/9/8P/9/4K4/2B6 b,-0.95248306,2083
9/3ka4/3a5/9/1P1R4p/9/8P/9/4K4/2B6 w,0.95872927,3358
9/3ka4/3a5/1P7/3R4p/9/8P/9/4K4/2B6 b,-0.95429665,1083
3k5/4a4/3a5/1P7/3R4p/9/8P/9/4K4/2B6 w,0.9662866,2549
3k5/4a4/3a5/2P6/3R4p/9/8P/9/4K4/2B6 b,-0.9647398,274
4k4/4a4/3a5/2P6/3R4p/9/8P/9/4K4/2B6 w,0.9746169,2630
4k4/4a4/2Pa5/9/3R4p/9/8P/9/4K4/2B6 b,-0.9805061,365
5k3/4a4/2Pa5/9/3R4p/9/8P/9/4K4/2B6 w,0.98754793,3554
5k3/4a4/2Pa5/9/8R/9/8P/9/4K4/2B6 b,-0.97577286,1193
5k3/9/2Pa1a3/9/8R/9/8P/9/4K4/2B6 w,0.98205745,1821
5k3/9/3P1a3/9/8R/9/8P/9/4K4/2B6 b,-0.9832767,2083
5k3/4a4/3P5/9/8R/9/8P/9/4K4/2B6 w,0.99163103,1912
5k3/4a4/4P4/9/8R/9/8P/9/4K4/2B6 b,-0.9882151,454
4k4/4a4/4P4/9/8R/9/8P/9/4K4/2B6 w,0.99978954,1993
4k4/4P4/9/9/8R/9/8P/9/4K4/2B6 b,-0.99995846,365
5k3/4P4/9/9/8R/9/8P/9/4K4/2B6 w,1,4001
rnbakabnr/9/1c5c1/p1p1p1p1p/9/9/P1P1P1P1P/1C5C1/9/RNBAKABNR w,0.0018177032,5827
rnbakabnr/9/1c5c1/p1p1p1p1p/9/9/P1P1P1P1P/4C2C1/9/RNBAKABNR b,-0.0017805815,110
r1bakabnr/9/1cn4c1/p1p1p1p1p/9/9/P1P1P1P1P/4C2C1/9/RNBAKABNR w,0.001820159,7445
r1bakabnr/9/1cn4c1/p1p1p1p1p/9/9/P1P1P1P1P/2N1C2C1/9/R1BAKABNR b,-0.0018395424,562
r1baka1nr/9/1cn1b2c1/p1p1p1p1p/9/9/P1P1P1P1P/2N1C2C1/9/R1BAKABNR w,0.0019465685,7372
r1baka1nr/9/1cn1b2c1/p1p1p1p1p/9/9/P1P1P1P1P/2N1C2C1/9/1RBAKABNR b,-0.0017664075,1
1rbaka1nr/9/1cn1b2c1/p1p1p1p1p/9/9/P1P1P1P1P/2N1C2C1/9/1RBAKABNR w,0.0016990424,6368
1rbaka1nr/9/1cn1b2c1/p1p1p1p1p/9/9/P1P1P1P1P/2N1CC3/9/1RBAKABNR b,-0.0012789011,654
1rbaka2r/9/1cn1b1nc1/p1p1p1p1p/9/9/P1P1P1P1P/2N1CC3/9/1RBAKABNR w,0.0015616178,7989
1rbaka2r/9/1cn1b1nc1/p1p1p1p1p/9/9/P1P1P1P1P/2N1CCN2/9/1RBAKAB1R b,-0.0013823033,3012
1rbaka2r/9/1cn1b1nc1/p1p1p3p/6p2/9/P1P1P1P1P/2N1CCN2/9/1RBAKAB1R w,0.0018861771,8098
1rbaka2r/9/1cn1b1nc1/p1p1p3p/6p2/9/P1P1P1P1P/2N1CCN2/9/1RBAKABR1 b,-0.002026415,727
1rbaka1r1/9/1cn1b1nc1/p1p1p3p/6p2/9/P1P1P1P1P/2N1CCN2/9/1RBAKABR1 w,0.0025545598,5087
1rbaka1r1/9/1cn1b1nc1/p1p1p3p/6p2/2P6/P3P1P1P/2N1CCN2/9/1RBAKABR1 b,-0.002183795,1765
1rbaka1r1/9/2n1b1nc1/p1p1p3p/6p2/2P6/Pc2P1P1P/2N1CCN2/9/1RBAKABR1 w,0.005146313,5898
1rbaka1r1/9/2n1b1nc1/p1p1p3p/6p2/2PN5/Pc2P1P1P/4CCN2/9/1RBAKABR1 b,-0.006410396,2311
1rbaka1r1/9/2n1b1n2/p1p1p3p/6p2/2PN5/Pc2P1PcP/4CCN2/9/1RBAKABR1 w,0.007935119,6143
1rbaka1r1/9/2n1bCn2/p1p1p3p/6p2/2PN5/Pc2P1PcP/4C1N2/9/1RBAKABR1 b,-0.008294404,1986
1rbakabr1/9/2n2Cn2/p1p1p3p/6p2/2PN5/Pc2P1PcP/4C1N2/9/1RBAKABR1 w,0.018145729,4351
1rbakabr1/9/2n2Cn2/p1p1N3p/6p2/2P6/Pc2P1PcP/4C1N2/9/1RBAKABR1 b,-0.004766011,1831
1rbakabr1/9/5Cn2/p1p1n3p/6p2/2P6/Pc2P1PcP/4C1N2/9/1RBAKABR1 w,0.0050498727,6061
1rbakabr1/9/5Cn2/p1p1C3p/6p2/2P6/Pc2P1PcP/6N2/9/1RBAKABR1 b,0.0090971235,109
2bakabr1/9/1r3Cn2/p1p1C3p/6p2/2P6/Pc2P1PcP/6N2/9/1RBAKABR1 w,0.0019667863,2839
2bakabr1/9/1r3Cn2/p1p5p/6p2/2P1C4/Pc2P1PcP/6N2/9/1RBAKABR1 b,0.0016256332,1733
2bakabr1/9/5rn2/p1p5p/6p2/2P1C4/Pc2P1PcP/6N2/9/1RBAKABR1 w,0.009712434,7435
2bakabr1/9/5rn2/p1p5p/6p2/2P1C4/PR2P1PcP/6N2/9/2BAKABR1 b,-0.0059248093,2201
2bakabr1/9/5r3/p1p5p/5np2/2P1C4/PR2P1PcP/6N2/9/2BAKABR1 w,0.013720393,4987
2bakabr1/9/5r3/p1p5p/1R3np2/2P1C4/P3P1PcP/6N2/9/2BAKABR1 b,-0.008365214,3750
2bakabr1/9/5r3/p1p5p/1R4p2/2P1C4/P3P1ncP/6N2/9/2BAKABR1 w,0.017695164,3372
2bakabr1/9/5r3/p1p5p/6R2/2P1C4/P3P1ncP/6N2/9/2BAKABR1 b,-0.0054848315,5449
2bakabr1/9/5r3/p1p5p/6R2/2P1n4/P3P2cP/6N2/9/2BAKABR1 w,0.0055981874,5269
2bakabr1/9/5r3/p1p5p/6R2/2P1P4/P6cP/6N2/9/2BAKABR1 b,0.0006263495,5560
2bakabr1/9/5r3/p1p5p/6R2/2P1P4/P7P/6Nc1/9/2BAKABR1 w,0.009604359,7999
2bakabr1/9/5r3/p1p5p/6R2/2P1P4/P7P/6Nc1/7R1/2BAKAB2 b,-0.0032830357,2129
2bakabr1/9/9/p1p5p/6R2/2P1P4/P4r2P/6Nc1/7R1/2BAKAB2 w,0.00426333,3813
2bakabr1/9/9/p1p3R1p/9/2P1P4/P4r2P/6Nc1/7R1/2BAKAB2 b,0.0010238886,5378
2bakabr1/9/9/p1p3R1p/9/2P1P4/P7P/5rNc1/7R1/2BAKAB2 w,0.014598322,7186
2bakabr1/9/9/p1p3R1p/9/2P1P4/P7P/5rNc1/4R4/2BAKAB2 b,-0.011177659,562
2baka1r1/9/4b4/p1p3R1p/9/2P1P4/P7P/5rNc1/4R4/2BAKAB2 w,0.025848437,4450
2baka1r1/9/4b4/p1p3R1p/4P4/2P6/P7P/5rNc1/4R4/2BAKAB2 b,-0.018236054,691
2baka3/9/4b4/p1p3R1p/4P4/2P6/P6rP/5rNc1/4R4/2BAKAB2 w,0.054276586,3631
2baka3/9/4b4/p1p1P1R1p/9/2P6/P6rP/5rNc1/4R4/2BAKAB2 b,-0.022903621,1986
2bakab2/9/9/p1p1P1R1p/9/2P6/P6rP/5rNc1/4R4/2BAKAB2 w,0.05797534,2976
2bakaR2/9/9/p1p1P3p/9/2P6/P6rP/5rNc1/4R4/2BAKAB2 b,-0.042129803,5549
2bakaR2/9/9/p1p1P3p/9/2P6/P4r2P/5rNc1/4R4/2BAKAB2 w,0.048075985,555
2baka3/6R2/9/p1p1P3p/9/2P6/P4r2P/5rNc1/4R4/2BAKAB2 b,-0.051105537,5367
2baka3/6R2/9/p1p1P3p/9/2P6/P2r4P/5rNc1/4R4/2BAKAB2 w,0.06328132,2812
2baka3/6R2/4P4/p1p5p/9/2P6/P2r4P/5rNc1/4R4/2BAKAB2 b,-0.02337364,202
3aka3/6R2/4b4/p1p5p/9/2P6/P2r4P/5rNc1/4R4/2BAKAB2 w,0.03142908,1374
3aka3/9/4b1R2/p1p5p/9/2P6/P2r4P/5rNc1/4R4/2BAKAB2 b,-0.021556128,5151
3aka3/9/3rb1R2/p1p5p/9/2P6/P7P/5rNc1/4R4/2BAKAB2 w,0.019395066,6862
3aka3/9/3rR1R2/p1p5p/9/2P6/P7P/5rNc1/9/2BAKAB2 b,-0.030722821,1912
3aka3/9/4r1R2/p1p5p/9/2P6/P7P/5rNc1/9/2BAKAB2 w,0.034530666,2182
3aka3/9/4R4/p1p5p/9/2P6/P7P/5rNc1/9/2BAKAB2 b,-0.03234744,463
3ak4/4a4/4R4/p1p5p/9/2P6/P7P/5rNc1/9/2BAKAB2 w,0.065649725,2005
3ak4/4a4/7R1/p1p5p/9/2P6/P7P/5rNc1/9/2BAKAB2 b,-0.06306403,6371
3ak4/4a4/7R1/p1p5p/9/2P6/P7P/5rN1c/9/2BAKAB2 w,0.0938067,2257
3ak2R1/4a4/9/p1p5p/9/2P6/P7P/5rN1c/9/2BAKAB2 b,-0.09590268,6125
3akr1R1/4a4/9/p1p5p/9/2P6/P7P/6N1c/9/2BAKAB2 w,0.10614977,635
3akR3/4a4/9/p1p5p/9/2P6/P7P/6N1c/9/2BAKAB2 b,-0.106586,365
3a1k3/4a4/9/p1p5p/9/2P6/P7P/6N1c/9/2BAKAB2 w,0.11014161,7901
3a1k3/4a4/9/p1p5p/9/2P6/P7P/6N1B/9/2BAKA3 b,-0.1108578,3194
3a1k3/4a4/9/p1p6/8p/2P6/P7P/6N1B/9/2BAKA3 w,0.11681511,6260
3a1k3/4a4/9/p1p6/8p/2P2N3/P7P/8B/9/2BAKA3 b,-0.11160848,2466
3a1k3/4a4/9/2p6/p7p/2P2N3/P7P/8B/9/2BAKA3 w,0.11160278,4533
3a1k3/4a4/9/2p3N2/p7p/2P6/P7P/8B/9/2BAKA3 b,-0.10649171,1191
3a1k3/9/3a5/2p3N2/p7p/2P6/P7P/8B/9/2BAKA3 w,0.115167595,3014
3a1k3/9/3a5/2p6/p7N/2P6/P7P/8B/9/2BAKA3 b,-0.11605909,1903
3a1k3/4a4/9/2p6/p7N/2P6/P7P/8B/9/2BAKA3 w,0.11597605,3993
3a1k3/4a4/9/2p3N2/p8/2P6/P7P/8B/9/2BAKA3 b,-0.113047004,454
3ak4/4a4/9/2p3N2/p8/2P6/P7P/8B/9/2BAKA3 w,0.120633624,3010
3ak4/4a4/9/2p6/p3N4/2P6/P7P/8B/9/2BAKA3 b,-0.12234103,365
3a1k3/4a4/9/2p6/p3N4/2P6/P7P/8B/9/2BAKA3 w,0.12641554,3629
3a1k3/4a4/9/2N6/p8/2P6/P7P/8B/9/2BAKA3 b,-0.12365949,1191
3a1k3/9/3a5/2N6/p8/2P6/P7P/8B/9/2BAKA3 w,0.13197227,5633
3a1k3/9/3a5/2N6/p8/2P5P/P8/8B/9/2BAKA3 b,-0.12610884,283
5k3/4a4/3a5/2N6/p8/2P5P/P8/8B/9/2BAKA3 w,0.12818928,4814
5k3/4a4/3a5/2N6/p7P/2P6/P8/8B/9/2BAKA3 b,-0.12436209,454
4k4/4a4/3a5/2N6/p7P/2P6/P8/8B/9/2BAKA3 w,0.13373151,4268
4k4/4a4/3a5/2N6/p1P5P/9/P8/8B/9/2BAKA3 b,-0.1306644,3285
4k4/4a4/3a5/2N6/2P5P/p8/P8/8B/9/2BAKA3 w,0.13896309,4905
4k4/4a4/3a5/2N6/2P5P/P8/9/8B/9/2BAKA3 b,-0.14081293,365
5k3/4a4/3a5/2N6/2P5P/P8/9/8B/9/2BAKA3 w,0.1418408,2632
5k3/4a4/3aN4/9/2P5P/P8/9/8B/9/2BAKA3 b,-0.14005615,464
9/4ak3/3aN4/9/2P5P/P8/9/8B/9/2BAKA3 w,0.1483692,3449
9/4ak3/3aN4/2P6/8P/P8/9/8B/9/2BAKA3 b,-0.14237581,1283
9/4a4/3aNk3/2P6/8P/P8/9/8B/9/2BAKA3 w,0.149907,4086
9/4a4/3aNk3/2P6/P7P/9/9/8B/9/2BAKA3 b,-0.14974377,2084
9/4ak3/3aN4/2P6/P7P/9/9/8B/9/2BAKA3 w,0.14822264,2013
9/4ak3/3a5/2P3N2/P7P/9/9/8B/9/2BAKA3 b,-0.14917472,1265
5k3/4a4/3a5/2P3N2/P7P/9/9/8B/9/2BAKA3 w,0.15823476,2630
5k3/4a4/2Pa5/6N2/P7P/9/9/8B/9/2BAKA3 b,-0.15387747,454
4k4/4a4/2Pa5/6N2/P7P/9/9/8B/9/2BAKA3 w,0.1681859,1821
4k4/4a4/3P5/6N2/P7P/9/9/8B/9/2BAKA3 b,-0.17487426,363
3k5/4a4/3P5/6N2/P7P/9/9/8B/9/2BAKA3 w,0.18535829,1912
3k5/4a4/4P4/6N2/P7P/9/9/8B/9/2BAKA3 b,-0.18135068,1175
3k1a3/9/4P4/6N2/P7P/9/9/8B/9/2BAKA3 w,0.19089542,2984
3k1a3/5N3/4P4/9/P7P/9/9/8B/9/2BAKA3 b,-0.17777757,274
4ka3/5N3/4P4/9/P7P/9/9/8B/9/2BAKA3 w,0.1921314,3277
4ka3/5N3/4P4/9/1P6P/9/9/8B/9/2BAKA3 b,-0.1924697,463
4k4/4aN3/4P4/9/1P6P/9/9/8B/9/2BAKA3 w,0.19971152,1993
4k4/4PN3/9/9/1P6P/9/9/8B/9/2BAKA3 b,-0.19993334,365
5k3/4PN3/9/9/1P6P/9/9/8B/9/2BAKA3 w,0.2,1293
rnbakabnr/9/1c5c1/p1p1p1p1p/9/9/P1P1P1P1P/1C5C1/9/RNBAKABNR w,-0.7981907,5827
rnbakabnr/9/1c5c1/p1p1p1p1p/9/9/P1P1P1P1P/4C2C1/9/RNBAKABNR b,0.79823184,110
r1bakabnr/9/1cn4c1/p1p1p1p1p/9/9/P1P1P1P1P/4C2C1/9/RNBAKABNR w,-0.79817563,7445
r1bakabnr/9/1cn4c1/p1p1p1p1p/9/9/P1P1P1P1P/2N1C2C1/9/R1BAKABNR b,0.79819286,562
r1baka1nr/9/1cn1b2c1/p1p1p1p1p/9/9/P1P1P1P1P/2N1C2C1/9/R1BAKABNR w,-0.79805803,7372
r1baka1nr/9/1cn1b2c1/p1p1p1p1p/9/9/P1P1P1P1P/2N1C2C1/9/1RBAKABNR b,0.7982326,1
1rbaka1nr/9/1cn1b2c1/p1p1p1p1p/9/9/P1P1P1P1P/2N1C2C1/9/1RBAKABNR w,-0.79828364,6368
1rbaka1nr/9/1cn1b2c1/p1p1p1p1p/9/9/P1P1P1P1P/2N1CC3/9/1RBAKABNR b,0.7987406,654
1rbaka2r/9/1cn1b1nc1/p1p1p1p1p/9/9/P1P1P1P1P/2N1CC3/9/1RBAKABNR w,-0.7983996,7989
1rbaka2r/9/1cn1b1nc1/p1p1p1p1p/9/9/P1P1P1P1P/2N1CCN2/9/1RBAKAB1R b,0.79863185,3012
1rbaka2r/9/1cn1b1nc1/p1p1p3p/6p2/9/P1P1P1P1P/2N1CCN2/9/1RBAKAB1R w,-0.79811054,8098
1rbaka2r/9/1cn1b1nc1/p1p1p3p/6p2/9/P1P1P1P1P/2N1CCN2/9/1RBAKABR1 b,0.7979893,727
1rbaka1r1/9/1cn1b1nc1/p1p1p3p/6p2/9/P1P1P1P1P/2N1CCN2/9/1RBAKABR1 w,-0.79720217,5087
1rbaka1r1/9/1cn1b1nc1/p1p1p3p/6p2/2P6/P3P1P1P/2N1CCN2/9/1RBAKABR1 b,0.7978162,1765
1rbaka1r1/9/2n1b1nc1/p1p1p3p/6p2/2P6/Pc2P1P1P/2N1CCN2/9/1RBAKABR1 w,-0.7952885,5898
1rbaka1r1/9/2n1b1nc1/p1p1p3p/6p2/2PN5/Pc2P1P1P/4CCN2/9/1RBAKABR1 b,0.7935508,2311
1rbaka1r1/9/2n1b1n2/p1p1p3p/6p2/2PN5/Pc2P1PcP/4CCN2/9/1RBAKABR1 w,-0.7926101,6143
1rbaka1r1/9/2n1bCn2/p1p1p3p/6p2/2PN5/Pc2P1PcP/4C1N2/9/1RBAKABR1 b,0.7910976,1986
1rbakabr1/9/2n2Cn2/p1p1p3p/6p2/2PN5/Pc2P1PcP/4C1N2/9/1RBAKABR1 w,-0.7818543,4351
1rbakabr1/9/2n2Cn2/p1p1N3p/6p2/2P6/Pc2P1PcP/4C1N2/9/1RBAKABR1 b,0.79512566,1831
1rbakabr1/9/5Cn2/p1p1n3p/6p2/2P6/Pc2P1PcP/4C1N2/9/1RBAKABR1 w,-0.79490095,6061
1rbakabr1/9/5Cn2/p1p1C3p/6p2/2P6/Pc2P1PcP/6N2/9/1RBAKABR1 b,0.8093059,109
2bakabr1/9/1r3Cn2/p1p1C3p/6p2/2P6/Pc2P1PcP/6N2/9/1RBAKABR1 w,-0.79794323,2839
2bakabr1/9/1r3Cn2/p1p5p/6p2/2P1C4/Pc2P1PcP/6N2/9/1RBAKABR1 b,0.8016352,1733
2bakabr1/9/5rn2/p1p5p/6p2/2P1C4/Pc2P1PcP/6N2/9/1RBAKABR1 w,-0.79035133,7435
2bakabr1/9/5rn2/p1p5p/6p2/2P1C4/PR2P1PcP/6N2/9/2BAKABR1 b,0.79350066,2201
2bakabr1/9/5r3/p1p5p/5np2/2P1C4/PR2P1PcP/6N2/9/2BAKABR1 w,-0.7865083,4987
2bakabr1/9/5r3/p1p5p/1R3np2/2P1C4/P3P1PcP/6N2/9/2BAKABR1 b,0.7916348,3750
2bakabr1/9/5r3/p1p5p/1R4p2/2P1C4/P3P1ncP/6N2/9/2BAKABR1 w,-0.7825671,3372
2bakabr1/9/5r3/p1p5p/6R2/2P1C4/P3P1ncP/6N2/9/2BAKABR1 b,0.7945477,5449
2bakabr1/9/5r3/p1p5p/6R2/2P1n4/P3P2cP/6N2/9/2BAKABR1 w,-0.7944018,5269
2bakabr1/9/5r3/p1p5p/6R2/2P1P4/P6cP/6N2/9/2BAKABR1 b,0.8003573,2129
2bakabr1/9/9/p1p5p/6R2/2P1P4/P4r1cP/6N2/9/2BAKABR1 w,-0.79753745,3813
2bakabr1/9/9/p1p3R1p/9/2P1P4/P4r1cP/6N2/9/2BAKABR1 b,0.8007509,5378
2bakabr1/9/9/p1p3R1p/9/2P1P4/P6cP/5rN2/9/2BAKABR1 w,-0.7810681,7816
2bakabr1/9/9/p1p3R1p/9/2P1P4/P6cP/5rN2/4A4/2BAK1BR1 b,0.79587656,6179
2bakabr1/9/9/p1p3R1p/9/2P1P4/P4r1cP/6N2/4A4/2BAK1BR1 w,-0.78476703,4450
2bakabr1/9/9/p1p3R1p/4P4/2P6/P4r1cP/6N2/4A4/2BAK1BR1 b,0.7948031,5560
2bakabr1/9/9/p1p3R1p/4P4/2P6/P4r2P/6Nc1/4A4/2BAK1BR1 w,-0.7763031,6262
2bakabr1/9/9/p1p3R1p/4P4/2P4N1/P4r2P/7c1/4A4/2BAK1BR1 b,0.8080537,682
2bakab2/9/9/p1p3R1p/4P4/2P4r1/P4r2P/7c1/4A4/2BAK1BR1 w,-0.8038027,2976
2bakaR2/9/9/p1p5p/4P4/2P4r1/P4r2P/7c1/4A4/2BAK1BR1 b,0.8142499,6379
2bakaR2/9/9/p1p5p/4P4/2P4r1/P4r2P/9/4A2c1/2BAK1BR1 w,-0.81004244,564
2baka3/9/6R2/p1p5p/4P4/2P4r1/P4r2P/9/4A2c1/2BAK1BR1 b,0.81827873,5372
2baka3/9/6R2/p1p5p/4P4/2P4r1/P7r/9/4A2c1/2BAK1BR1 w,-0.80688506,2193
2baka3/9/9/p1p3R1p/4P4/2P4r1/P7r/9/4A2c1/2BAK1BR1 b,0.81956524,5638
2baka3/9/9/p1p3R1p/4P4/2P4r1/P3r4/9/4A2c1/2BAK1BR1 w,-0.8151137,2999
2baka3/9/9/p1R5p/4P4/2P4r1/P3r4/9/4A2c1/2BAK1BR1 b,0.8215587,5260
2baka3/9/9/p1R5p/4r4/2P4r1/P8/9/4A2c1/2BAK1BR1 w,-0.8091206,7897
2baka3/9/9/p1R5p/4r4/2P4r1/P8/4B4/4A2c1/2BAK2R1 b,0.8182083,3194
2baka3/9/9/p1R6/4r3p/2P4r1/P8/4B4/4A2c1/2BAK2R1 w,-0.810752,2612
2Raka3/9/9/p8/4r3p/2P4r1/P8/4B4/4A2c1/2BAK2R1 b,0.81003505,4013
2Raka3/9/9/p8/4r4/2P4rp/P8/4B4/4A2c1/2BAK2R1 w,-0.81327873,218
3aka3/9/9/p8/2R1r4/2P4rp/P8/4B4/4A2c1/2BAK2R1 b,0.811449,3649
3aka3/9/9/p8/2R6/2P1r2rp/P8/4B4/4A2c1/2BAK2R1 w,-0.81044185,3449
3aka3/9/9/p1R6/9/2P1r2rp/P8/4B4/4A2c1/2BAK2R1 b,0.8136757,4468
3aka3/9/9/p1R6/9/2P4rp/P3r4/4B4/4A2c1/2BAK2R1 w,-0.8059253,2637
3aka3/9/9/R8/9/2P4rp/P3r4/4B4/4A2c1/2BAK2R1 b,0.8127706,4832
3aka3/9/9/R8/9/2P4r1/P3r3p/4B4/4A2c1/2BAK2R1 w,-0.8090874,2475
3aka3/9/9/9/9/R1P4r1/P3r3p/4B4/4A2c1/2BAK2R1 b,0.822898,5651
3aka3/9/9/9/9/R1P4r1/P3r4/4B3p/4A2c1/2BAK2R1 w,-0.81100166,4077
3aka3/9/9/R8/9/2P4r1/P3r4/4B3p/4A2c1/2BAK2R1 b,0.8272587,6460
3aka3/9/9/R8/9/2P4r1/P3r4/4B2p1/4A2c1/2BAK2R1 w,-0.81403565,8007
3aka3/9/9/R8/9/2P4r1/P3r4/4B2p1/4A2c1/2BAK1R2 b,0.8176071,7190
3aka3/9/9/R8/9/2P4r1/P3r4/4B2p1/4A3c/2BAK1R2 w,-0.81024253,4268
3aka3/9/9/R8/2P6/7r1/P3r4/4B2p1/4A3c/2BAK1R2 b,0.82270694,6379
3aka3/9/9/R8/2P6/7r1/P3r4/4B4/4A2pc/2BAK1R2 w,-0.81075644,2465
3aka3/9/9/8R/2P6/7r1/P3r4/4B4/4A2pc/2BAK1R2 b,0.82753074,4730
3aka3/9/9/8R/2P6/5r3/P3r4/4B4/4A2pc/2BAK1R2 w,-0.8094195,7899
3aka3/9/9/8R/2P6/5r3/P3r4/4B1R2/4A2pc/2BAK4 b,0.8212534,4577
3aka3/9/9/8R/2P6/9/P3r4/4B1R2/4Ar1pc/2BAK4 w,-0.8091755,6280
3aka3/9/9/8R/2P6/9/P3r4/4B2R1/4Ar1pc/2BAK4 b,0.84859365,5280
3aka3/9/9/8R/2P6/9/P5r2/4B2R1/4Ar1pc/2BAK4 w,-0.8515361,3181
3aka3/9/9/4R4/2P6/9/P5r2/4B2R1/4Ar1pc/2BAK4 b,0.86463356,283
4ka3/4a4/9/4R4/2P6/9/P5r2/4B2R1/4Ar1pc/2BAK4 w,-0.8526951,6307
4ka1R1/4a4/9/4R4/2P6/9/P5r2/4B4/4Ar1pc/2BAK4 b,0.9927347,5487
4ka1R1/4a4/9/4R4/2P6/9/P8/4B4/4Ar1pc/2BAK1r2 w,-0.9933505,6926
4ka1R1/4a4/9/4R4/2P6/9/P8/4B4/5r1pc/2BAKAr2 b,1,7016
rnbakabnr/9/1c5c1/p1p1p1p1p/9/9/P1P1P1P1P/1C5C1/9/RNBAKABNR w,0.0018086672,5827
rnbakabnr/9/1c5c1/p1p1p1p1p/9/9/P1P1P1P1P/4C2C1/9/RNBAKABNR b,-0.0017655134,110
r1bakabnr/9/1cn4c1/p1p1p1p1p/9/9/P1P1P1P1P/4C2C1/9/RNBAKABNR w,0.0018192291,7445
r1bakabnr/9/1cn4c1/p1p1p1p1p/9/9/P1P1P1P1P/2N1C2C1/9/R1BAKABNR b,-0.0018352151,562
r1baka1nr/9/1cn1b2c1/p1p1p1p1p/9/9/P1P1P1P1P/2N1C2C1/9/R1BAKABNR w,0.0019419909,7372
r1baka1nr/9/1cn1b2c1/p1p1p1p1p/9/9/P1P1P1P1P/2N1C2C1/9/1RBAKABNR b,-0.0017652154,1
1rbaka1nr/9/1cn1b2c1/p1p1p1p1p/9/9/P1P1P1P1P/2N1C2C1/9/1RBAKABNR w,0.0016995907,6368
1rbaka1nr/9/1cn1b2c1/p1p1p1p1p/9/9/P1P1P1P1P/2N1CC3/9/1RBAKABNR b,-0.0012789011,654
1rbaka2r/9/1cn1b1nc1/p1p1p1p1p/9/9/P1P1P1P1P/2N1CC3/9/1RBAKABNR w,0.0016003847,7989
1rbaka2r/9/1cn1b1nc1/p1p1p1p1p/9/9/P1P1P1P1P/2N1CCN2/9/1RBAKAB1R b,-0.0013685942,3012
1rbaka2r/9/1cn1b1nc1/p1p1p3p/6p2/9/P1P1P1P1P/2N1CCN2/9/1RBAKAB1R w,0.0019008399,8098
1rbaka2r/9/1cn1b1nc1/p1p1p3p/6p2/9/P1P1P1P1P/2N1CCN2/9/1RBAKABR1 b,-0.0020148277,727
1rbaka1r1/9/1cn1b1nc1/p1p1p3p/6p2/9/P1P1P1P1P/2N1CCN2/9/1RBAKABR1 w,0.0027659417,5087
1rbaka1r1/9/1cn1b1nc1/p1p1p3p/6p2/2P6/P3P1P1P/2N1CCN2/9/1RBAKABR1 b,-0.0021535754,1765
1rbaka1r1/9/2n1b1nc1/p1p1p3p/6p2/2P6/Pc2P1P1P/2N1CCN2/9/1RBAKABR1 w,0.004761744,5898
1rbaka1r1/9/2n1b1nc1/p1p1p3p/6p2/2PN5/Pc2P1P1P/4CCN2/9/1RBAKABR1 b,-0.0064655663,2311
1rbaka1r1/9/2n1b1n2/p1p1p3p/6p2/2PN5/Pc2P1PcP/4CCN2/9/1RBAKABR1 w,0.007929206,6143
1rbaka1r1/9/2n1bCn2/p1p1p3p/6p2/2PN5/Pc2P1PcP/4C1N2/9/1RBAKABR1 b,-0.008166194,1986
1rbakabr1/9/2n2Cn2/p1p1p3p/6p2/2PN5/Pc2P1PcP/4C1N2/9/1RBAKABR1 w,0.01805811,4351
1rbakabr1/9/2n2Cn2/p1p1N3p/6p2/2P6/Pc2P1PcP/4C1N2/9/1RBAKABR1 b,-0.004786694,1831
1rbakabr1/9/5Cn2/p1p1n3p/6p2/2P6/Pc2P1PcP/4C1N2/9/1RBAKABR1 w,0.004831624,6061
1rbakabr1/9/5Cn2/p1p1C3p/6p2/2P6/Pc2P1PcP/6N2/9/1RBAKABR1 b,0.00969522,109
2bakabr1/9/1r3Cn2/p1p1C3p/6p2/2P6/Pc2P1PcP/6N2/9/1RBAKABR1 w,0.0020567894,2839
2bakabr1/9/1r3Cn2/p1p5p/6p2/2P1C4/Pc2P1PcP/6N2/9/1RBAKABR1 b,0.0015422822,1733
2bakabr1/9/5rn2/p1p5p/6p2/2P1C4/Pc2P1PcP/6N2/9/1RBAKABR1 w,0.009631515,7435
2bakabr1/9/5rn2/p1p5p/6p2/2P1C4/PR2P1PcP/6N2/9/2BAKABR1 b,-0.007027888,2201
2bakabr1/9/5r3/p1p5p/5np2/2P1C4/PR2P1PcP/6N2/9/2BAKABR1 w,0.013608599,4987
2bakabr1/9/5r3/p1p5p/1R3np2/2P1C4/P3P1PcP/6N2/9/2BAKABR1 b,-0.008284581,3750
2bakabr1/9/5r3/p1p5p/1R4p2/2P1C4/P3P1ncP/6N2/9/2BAKABR1 w,0.019280815,3372
2bakabr1/9/5r3/p1p5p/6R2/2P1C4/P3P1ncP/6N2/9/2BAKABR1 b,-0.005449331,5449
2bakabr1/9/5r3/p1p5p/6R2/2P1n4/P3P2cP/6N2/9/2BAKABR1 w,0.0057560443,5269
2bakabr1/9/5r3/p1p5p/6R2/2P1P4/P6cP/6N2/9/2BAKABR1 b,0.00049960613,5560
2bakabr1/9/5r3/p1p5p/6R2/2P1P4/P7P/6Nc1/9/2BAKABR1 w,0.009255672,7999
2bakabr1/9/5r3/p1p5p/6R2/2P1P4/P7P/6Nc1/7R1/2BAKAB2 b,0.0015275956,2138
2bakabr1/9/9/p1p5p/6R2/2P1P4/P7P/5rNc1/7R1/2BAKAB2 w,0.00046977997,3813
2bakabr1/9/9/p1p3R1p/9/2P1P4/P7P/5rNc1/7R1/2BAKAB2 b,-0.00019423962,691
2bakab2/9/9/p1p3R1p/9/2P1P4/P6rP/5rNc1/7R1/2BAKAB2 w,0.014504171,2976
2bakaR2/9/9/p1p5p/9/2P1P4/P6rP/5rNc1/7R1/2BAKAB2 b,-0.0049366714,5548
2bakaR2/9/9/p1p5p/9/2P1P4/P3r3P/5rNc1/7R1/2BAKAB2 w,0.013889504,7186
2bakaR2/9/9/p1p5p/9/2P1P4/P3r3P/5rNc1/4R4/2BAKAB2 b,-0.0029299974,5276
2bakaR2/9/9/p1p5p/9/2P1P4/P1r5P/5rNc1/4R4/2BAKAB2 w,0.011001706,6262
2bakaR2/9/9/p1p5p/9/2P1P2N1/P1r5P/5r1c1/4R4/2BAKAB2 b,0.048973966,6388
2bakaR2/9/9/p1p5p/9/2P1P2N1/P1r5P/5r3/4R4/2BAKABc1 w,-0.042433716,6919
2bakaR2/9/9/p1p5p/9/2P1P2N1/P1r5P/5r3/7R1/2BAKABc1 b,0.05817182,6206
2bakaR2/9/9/p1p5p/9/2P1P2N1/P1r5P/9/7R1/2BAKrBc1 w,-0.056953598,7726
2bakaR2/9/9/p1p5p/9/2P1P2N1/P1r5P/9/4K2R1/2BA1rBc1 b,0.057224393,7825
2bakaR2/9/9/p1p5p/9/2P1P2N1/P1r5P/9/4K2R1/2BAr1Bc1 w,-0.052819874,6917
2bakaR2/9/9/p1p5p/9/2P1P2N1/P1r5P/9/5K1R1/2BAr1Bc1 b,0.061641004,283
2b1kaR2/4a4/9/p1p5p/9/2P1P2N1/P1r5P/9/5K1R1/2BAr1Bc1 w,-0.046506405,7198
2b1kaR2/4a4/9/p1p5p/9/2P1P2N1/P1r5P/9/5K3/2BAr1BR1 b,0.061030436,7734
2b1kaR2/4a4/9/p1p5p/9/2P1P2N1/P1r5P/9/5K3/2Br2BR1 w,-0.035610106,4713
2b1kaR2/4a4/9/p1p3N1p/9/2P1P4/P1r5P/9/5K3/2Br2BR1 b,0.05053835,7635
2b1kaR2/4a4/9/p1p3N1p/9/2P1P4/P1r5P/9/3r1K3/2B3BR1 w,-0.039507877,6998
2b1kaR2/4a4/9/p1p3N1p/9/2P1P4/P1r5P/5K3/3r5/2B3BR1 b,0.03620222,5099
2b1kaR2/4a4/9/p1p3N1p/9/2P1P4/P4r2P/5K3/3r5/2B3BR1 w,-0.03184867,6187
2b1kaR2/4a4/9/p1p3N1p/9/2P1P4/P4r2P/4K4/3r5/2B3BR1 b,0.043858673,5396
2b1kaR2/4a4/9/p1p3N1p/9/2P1P4/P7P/4K4/3r5/2B2rBR1 w,-0.020803345,7927
2b1kaRR1/4a4/9/p1p3N1p/9/2P1P4/P7P/4K4/3r5/2B2rB2 b,0.038031816,7827
2b1kaRR1/4a4/9/p1p3N1p/9/2P1P4/P7P/4K4/3r5/2B3r2 w,-0.023779226,2986
2b1kaRR1/4a2N1/9/p1p5p/9/2P1P4/P7P/4K4/3r5/2B3r2 b,0.06654415,7913
2b1kaRR1/4a2N1/9/p1p5p/9/2P1P4/P7P/4K4/3r5/2r6 w,-0.08628645,1463
2b1kaRR1/4a4/5N3/p1p5p/9/2P1P4/P7P/4K4/3r5/2r6 b,0.03893557,1193
2b1kaRR1/9/5a3/p1p5p/9/2P1P4/P7P/4K4/3r5/2r6 w,-0.030630065,545
2b1kR1R1/9/5a3/p1p5p/9/2P1P4/P7P/4K4/3r5/2r6 b,0.01106031,373
2b2R1R1/4k4/5a3/p1p5p/9/2P1P4/P7P/4K4/3r5/2r6 w,-0.020148648,454
2b1R2R1/4k4/5a3/p1p5p/9/2P1P4/P7P/4K4/3r5/2r6 b,-0.012930715,1182
2b1R2R1/3k5/5a3/p1p5p/9/2P1P4/P7P/4K4/3r5/2r6 w,0.042347193,363
2bR3R1/3k5/5a3/p1p5p/9/2P1P4/P7P/4K4/3r5/2r6 b,-0.02722019,1093
2bR3R1/4k4/5a3/p1p5p/9/2P1P4/P7P/4K4/3r5/2r6 w,0.04636822,345
2b4R1/4k4/5a3/p1p5p/9/2P1P4/P7P/4K4/3R5/2r6 b,-0.0438334,7555
2b4R1/4k4/5a3/p1p5p/9/2P1P4/P7P/4K4/3R5/4r4 w,0.037750553,6096
2b4R1/4k4/5a3/p1p5p/9/2P1P4/P7P/3K5/3R5/4r4 b,0.0025408745,7699
2b4R1/4k4/5a3/p1p5p/9/2P1r4/P7P/3K5/3R5/9 w,-0.004230559,646
2b6/4k2R1/5a3/p1p5p/9/2P1r4/P7P/3K5/3R5/9 b,0.043818712,1174
2b1k4/7R1/5a3/p1p5p/9/2P1r4/P7P/3K5/3R5/9 w,-0.041358616,1447
2b1k2R1/9/5a3/p1p5p/9/2P1r4/P7P/3K5/3R5/9 b,0.092717506,373
2b4R1/4k4/5a3/p1p5p/9/2P1r4/P7P/3K5/3R5/9 w,-0.059460737,6826
2b4R1/4k4/5a3/p1p5p/9/2P1r4/P7P/3K5/4R4/9 b,0.05656698,4486
2b4R1/4k4/5a3/p1p5p/9/2P6/P7P/3K5/4r4/9 w,-0.050133586,632
2R6/4k4/5a3/p1p5p/9/2P6/P7P/3K5/4r4/9 b,0.0632925,6925
2R6/4k4/5a3/p1p5p/9/2P6/P7P/3K5/9/4r4 w,-0.033610918,6015
2R6/4k4/5a3/p1p5p/9/2P6/P7P/9/3K5/4r4 b,0.039331604,7726
2R6/4k4/5a3/p1p5p/9/2P6/P7P/9/3Kr4/9 w,-0.037091553,6834
2R6/4k4/5a3/p1p5p/9/2P6/P7P/9/4r4/3K5 b,0.04302311,6898
2R6/4k4/5a3/p1p5p/9/2P6/P3r3P/9/9/3K5 w,-0.0346704,183
3R5/4k4/5a3/p1p5p/9/2P6/P3r3P/9/9/3K5 b,0.032371283,5282
3R5/4k4/5a3/p1p5p/9/2P6/P7r/9/9/3K5 w,-0.038811456,282
9/3Rk4/5a3/p1p5p/9/2P6/P7r/9/9/3K5 b,0.044260453,1174
4k4/3R5/5a3/p1p5p/9/2P6/P7r/9/9/3K5 w,-0.041164685,1110
4k4/9/5a3/p1pR4p/9/2P6/P7r/9/9/3K5 b,0.04511082,5638
4k4/9/5a3/p1pR4p/9/2P6/P3r4/9/9/3K5 w,-0.044372823,2703
3Rk4/9/5a3/p1p5p/9/2P6/P3r4/9/9/3K5 b,0.03672681,373
3R5/4k4/5a3/p1p5p/9/2P6/P3r4/9/9/3K5 w,-0.046235885,282
9/3Rk4/5a3/p1p5p/9/2P6/P3r4/9/9/3K5 b,0.048308875,1174
4k4/3R5/5a3/p1p5p/9/2P6/P3r4/9/9/3K5 w,-0.035290252,4905
4k4/3R5/5a3/p1p5p/9/P1P6/4r4/9/9/3K5 b,0.045609023,2648
4k4/3R5/5a3/p7p/2p6/P1P6/4r4/9/9/3K5 w,-0.012145281,4268
4k4/3R5/5a3/p7p/2P6/P8/4r4/9/9/3K5 b,0.025384545,5269
4k4/3R5/5a3/p7p/2P6/P3r4/9/9/9/3K5 w,0.0007844925,1119
4k4/9/5a3/p7p/2PR5/P3r4/9/9/9/3K5 b,0.017266704,4457
4k4/9/5a3/p7p/2PR5/P1r6/9/9/9/3K5 w,-0.0020864964,7635
4k4/9/5a3/p7p/2PR5/P1r6/9/9/3K5/9 b,0.015082622,2083
4k4/4a4/9/p7p/2PR5/P1r6/9/9/3K5/9 w,-0.008679569,6826
4k4/4a4/9/p7p/2PR5/P1r6/9/9/4K4/9 b,0.0063893083,4279
4k4/4a4/9/p7p/2PR5/P3r4/9/9/4K4/9 w,0.00224123,6915
4k4/4a4/9/p7p/2PR5/P3r4/9/9/3K5/9 b,0.008719826,4441
4k4/4a4/9/p3r3p/2PR5/P8/9/9/3K5/9 w,-0.0010960579,3457
4k4/4a4/9/p3r3p/1P1R5/P8/9/9/3K5/9 b,0.00553422,1193
4k4/9/5a3/p3r3p/1P1R5/P8/9/9/3K5/9 w,0.003894496,3368
4k4/9/5a3/p3r3p/2PR5/P8/9/9/3K5/9 b,0,2083
rnbakabnr/9/1c5c1/p1p1p1p1p/9/9/P1P1P1P1P/1C5C1/9/RNBAKABNR w,0.8018177,5827
rnbakabnr/9/1c5c1/p1p1p1p1p/9/9/P1P1P1P1P/4C2C1/9/RNBAKABNR b,-0.80177987,110
r1bakabnr/9/1cn4c1/p1p1p1p1p/9/9/P1P1P1P1P/4C2C1/9/RNBAKABNR w,0.8018261,7445
r1bakabnr/9/1cn4c1/p1p1p1p1p/9/9/P1P1P1P1P/2N1C2C1/9/R1BAKABNR b,-0.80185634,562
r1baka1nr/9/1cn1b2c1/p1p1p1p1p/9/9/P1P1P1P1P/2N1C2C1/9/R1BAKABNR w,0.801942,7372
r1baka1nr/9/1cn1b2c1/p1p1p1p1p/9/9/P1P1P1P1P/2N1C2C1/9/1RBAKABNR b,-0.801769,1
1rbaka1nr/9/1cn1b2c1/p1p1p1p1p/9/9/P1P1P1P1P/2N1C2C1/9/1RBAKABNR w,0.8017013,6368
1rbaka1nr/9/1cn1b2c1/p1p1p1p1p/9/9/P1P1P1P1P/2N1CC3/9/1RBAKABNR b,-0.80128574,654
1rbaka2r/9/1cn1b1nc1/p1p1p1p1p/9/9/P1P1P1P1P/2N1CC3/9/1RBAKABNR w,0.80156165,7989
1rbaka2r/9/1cn1b1nc1/p1p1p1p1p/9/9/P1P1P1P1P/2N1CCN2/9/1RBAKAB1R b,-0.8015005,3012
1rbaka2r/9/1cn1b1nc1/p1p1p3p/6p2/9/P1P1P1P1P/2N1CCN2/9/1RBAKAB1R w,0.80187565,8098
1rbaka2r/9/1cn1b1nc1/p1p1p3p/6p2/9/P1P1P1P1P/2N1CCN2/9/1RBAKABR1 b,-0.8020184,727
1rbaka1r1/9/1cn1b1nc1/p1p1p3p/6p2/9/P1P1P1P1P/2N1CCN2/9/1RBAKABR1 w,0.80251306,5087
1rbaka1r1/9/1cn1b1nc1/p1p1p3p/6p2/2P6/P3P1P1P/2N1CCN2/9/1RBAKABR1 b,-0.8021859,1765
1rbaka1r1/9/2n1b1nc1/p1p1p3p/6p2/2P6/Pc2P1P1P/2N1CCN2/9/1RBAKABR1 w,0.80520236,5898
1rbaka1r1/9/2n1b1nc1/p1p1p3p/6p2/2PN5/Pc2P1P1P/4CCN2/9/1RBAKABR1 b,-0.8065378,2311
1rbaka1r1/9/2n1b1n2/p1p1p3p/6p2/2PN5/Pc2P1PcP/4CCN2/9/1RBAKABR1 w,0.8079292,6143
1rbaka1r1/9/2n1bCn2/p1p1p3p/6p2/2PN5/Pc2P1PcP/4C1N2/9/1RBAKABR1 b,-0.80890244,1986
1rbakabr1/9/2n2Cn2/p1p1p3p/6p2/2PN5/Pc2P1PcP/4C1N2/9/1RBAKABR1 w,0.81776637,4351
1rbakabr1/9/2n2Cn2/p1p1N3p/6p2/2P6/Pc2P1PcP/4C1N2/9/1RBAKABR1 b,-0.80477434,1831
1rbakabr1/9/5Cn2/p1p1n3p/6p2/2P6/Pc2P1PcP/4C1N2/9/1RBAKABR1 w,0.80509907,6061
1rbakabr1/9/5Cn2/p1p1C3p/6p2/2P6/Pc2P1PcP/6N2/9/1RBAKABR1 b,-0.79061675,109
2bakabr1/9/1r3Cn2/p1p1C3p/6p2/2P6/Pc2P1PcP/6N2/9/1RBAKABR1 w,0.8018643,2839
2bakabr1/9/1r3Cn2/p1p5p/6p2/2P1C4/Pc2P1PcP/6N2/9/1RBAKABR1 b,-0.7987969,1733
2bakabr1/9/5rn2/p1p5p/6p2/2P1C4/Pc2P1PcP/6N2/9/1RBAKABR1 w,0.80965346,7435
2bakabr1/9/5rn2/p1p5p/6p2/2P1C4/PR2P1PcP/6N2/9/2BAKABR1 b,-0.8068879,2201
2bakabr1/9/5r3/p1p5p/5np2/2P1C4/PR2P1PcP/6N2/9/2BAKABR1 w,0.8138219,4987
2bakabr1/9/5r3/p1p5p/1R3np2/2P1C4/P3P1PcP/6N2/9/2BAKABR1 b,-0.8084692,3750
2bakabr1/9/5r3/p1p5p/1R4p2/2P1C4/P3P1ncP/6N2/9/2BAKABR1 w,0.819261,3372
2bakabr1/9/5r3/p1p5p/6R2/2P1C4/P3P1ncP/6N2/9/2BAKABR1 b,-0.8054496,5449
2bakabr1/9/5r3/p1p5p/6R2/2P1n4/P3P2cP/6N2/9/2BAKABR1 w,0.80577743,5269
2bakabr1/9/5r3/p1p5p/6R2/2P1P4/P6cP/6N2/9/2BAKABR1 b,-0.79940635,5560
2bakabr1/9/5r3/p1p5p/6R2/2P1P4/P7P/6Nc1/9/2BAKABR1 w,0.8092676,7999
2bakabr1/9/5r3/p1p5p/6R2/2P1P4/P7P/6Nc1/7R1/2BAKAB2 b,-0.7984724,2138
2bakabr1/9/9/p1p5p/6R2/2P1P4/P7P/5rNc1/7R1/2BAKAB2 w,0.8020843,3813
2bakabr1/9/9/p1p3R1p/9/2P1P4/P7P/5rNc1/7R1/2BAKAB2 b,-0.80166024,691
2bakab2/9/9/p1p3R1p/9/2P1P4/P6rP/5rNc1/7R1/2BAKAB2 w,0.8146863,2976
2bakaR2/9/9/p1p5p/9/2P1P4/P6rP/5rNc1/7R1/2BAKAB2 b,-0.8039704,5548
2bakaR2/9/9/p1p5p/9/2P1P4/P3r3P/5rNc1/7R1/2BAKAB2 w,0.82682604,7636
2bakaR2/9/9/p1p5p/9/2P1P4/P3r3P/5rNc1/4A2R1/2B1KAB2 b,-0.8148272,6361
2bakaR2/9/9/p1p5p/9/2P1P4/P3r2cP/5rN2/4A2R1/2B1KAB2 w,0.86321825,7171
2bakaR2/9/9/p1p5p/9/2P1P4/P3r2RP/5rN2/4A4/2B1KAB2 b,-0.8530543,5281
2bakaR2/9/9/p1p5p/9/2P1P4/P6rP/5rN2/4A4/2B1KAB2 w,0.86073655,6908
2bakaR2/9/9/p1p5p/9/2P1P4/P6rP/5AN2/9/2B1KAB2 b,-0.851592,5544
2bakaR2/9/9/p1p5p/9/2P1P4/r7P/5AN2/9/2B1KAB2 w,0.8635599,6260
2bakaR2/9/9/p1p5p/9/2P1PN3/r7P/5A3/9/2B1KAB2 b,-0.8576627,4922
2bakaR2/9/9/p1p5p/9/2P1PN3/8r/5A3/9/2B1KAB2 w,0.86785936,4543
2bakaR2/9/9/p1p5p/7N1/2P1P4/8r/5A3/9/2B1KAB2 b,-0.85675246,5638
2bakaR2/9/9/p1p5p/7N1/2P1P4/4r4/5A3/9/2B1KAB2 w,0.8570915,6196
2bakaR2/9/9/p1p5p/7N1/2P1P4/4r4/9/4A4/2B1KAB2 b,-0.84222203,5269
2bakaR2/9/9/p1p5p/7N1/2P1r4/9/9/4A4/2B1KAB2 w,0.84430283,3902
2bakaR2/9/9/p1p2N2p/9/2P1r4/9/9/4A4/2B1KAB2 b,-0.8485496,4457
2bakaR2/9/9/p1p2N2p/9/2r6/9/9/4A4/2B1KAB2 w,0.86734986,7897
2bakaR2/9/9/p1p2N2p/9/2r6/9/4B4/4A4/2B1KA3 b,-0.86671627,4280
2bakaR2/9/9/p1p2N2p/9/5r3/9/4B4/4A4/2B1KA3 w,0.86453825,2901
2bakaR2/9/3N5/p1p5p/9/5r3/9/4B4/4A4/2B1KA3 b,-0.8648111,373
2ba1aR2/4k4/3N5/p1p5p/9/5r3/9/4B4/4A4/2B1KA3 w,0.86610115,555
2ba1a3/4k1R2/3N5/p1p5p/9/5r3/9/4B4/4A4/2B1KA3 b,-0.8644293,1192
2ba1a3/6R2/3Nk4/p1p5p/9/5r3/9/4B4/4A4/2B1KA3 w,0.87467057,1930
2ba1a3/6R2/4k4/p1p5p/4N4/5r3/9/4B4/4A4/2B1KA3 b,-0.85936904,4532
2ba1a3/6R2/4k4/p1p2r2p/4N4/9/9/4B4/4A4/2B1KA3 w,0.8694433,1410
2ba1a3/9/4k4/p1p2r2p/4N4/9/6R2/4B4/4A4/2B1KA3 b,-0.83757037,2911
2ba1a3/9/4k4/p1p1r3p/4N4/9/6R2/4B4/4A4/2B1KA3 w,0.84946495,3633
2ba1a3/9/4k4/p1p1r1N1p/9/9/6R2/4B4/4A4/2B1KA3 b,-0.84534657,1993
2ba1a3/4k4/9/p1p1r1N1p/9/9/6R2/4B4/4A4/2B1KA3 w,0.8572038,2996
2ba1a3/4k4/8N/p1p1r3p/9/9/6R2/4B4/4A4/2B1KA3 b,-0.8450289,1174
2baka3/9/8N/p1p1r3p/9/9/6R2/4B4/4A4/2B1KA3 w,0.8533289,2355
2baka3/6N2/9/p1p1r3p/9/9/6R2/4B4/4A4/2B1KA3 b,-0.85629296,373
2ba1a3/4k1N2/9/p1p1r3p/9/9/6R2/4B4/4A4/2B1KA3 w,0.8683128,5459
2ba1a3/4k1N2/9/p1p1r3p/9/9/5R3/4B4/4A4/2B1KA3 b,-0.85867614,2823
2ba1a3/4k1N2/9/p1p3r1p/9/9/5R3/4B4/4A4/2B1KA3 w,0.86504364,1382
2ba1a3/4k4/9/p1p2Nr1p/9/9/5R3/4B4/4A4/2B1KA3 b,-0.8669766,1174
2baka3/9/9/p1p2Nr1p/9/9/5R3/4B4/4A4/2B1KA3 w,0.8786368,2901
2baka3/9/3N5/p1p3r1p/9/9/5R3/4B4/4A4/2B1KA3 b,-0.87834144,373
2ba1a3/4k4/3N5/p1p3r1p/9/9/5R3/4B4/4A4/2B1KA3 w,0.8873995,1892
2Na1a3/4k4/9/p1p3r1p/9/9/5R3/4B4/4A4/2B1KA3 b,-0.8785388,3000
2Na1a3/4k4/9/p1pr4p/9/9/5R3/4B4/4A4/2B1KA3 w,0.88521796,5315
2Na1R3/4k4/9/p1pr4p/9/9/9/4B4/4A4/2B1KA3 b,-0.87986463,2712
2Na1R3/3rk4/9/p1p5p/9/9/9/4B4/4A4/2B1KA3 w,0.8929675,456
2Na2R2/3rk4/9/p1p5p/9/9/9/4B4/4A4/2B1KA3 b,-0.88336563,1110
2Na2R2/4k4/9/p1pr4p/9/9/9/4B4/4A4/2B1KA3 w,0.8743691,555
2Na5/4k1R2/9/p1pr4p/9/9/9/4B4/4A4/2B1KA3 b,-0.88483846,1174
2Nak4/6R2/9/p1pr4p/9/9/9/4B4/4A4/2B1KA3 w,0.8947902,1410
2Nak4/9/9/p1pr4p/9/9/6R2/4B4/4A4/2B1KA3 b,-0.88491,365
2Na1k3/9/9/p1pr4p/9/9/6R2/4B4/4A4/2B1KA3 w,0.8947015,5461
2Na1k3/9/9/p1pr4p/9/9/7R1/4B4/4A4/2B1KA3 b,-0.881154,454
2Nak4/9/9/p1pr4p/9/9/7R1/4B4/4A4/2B1KA3 w,0.90792805,5548
2Nak4/9/9/p1pr4p/9/9/4R4/4B4/4A4/2B1KA3 b,-0.91418797,283
2N1k4/4a4/9/p1pr4p/9/9/4R4/4B4/4A4/2B1KA3 w,0.92991364,193
4k4/4N4/9/p1pr4p/9/9/4R4/4B4/4A4/2B1KA3 b,-0.92232734,2712
4k4/3rN4/9/p1p5p/9/9/4R4/4B4/4A4/2B1KA3 w,0.9326874,1194
4k4/3r5/6N2/p1p5p/9/9/4R4/4B4/4A4/2B1KA3 b,-0.92748547,363
3k5/3r5/6N2/p1p5p/9/9/4R4/4B4/4A4/2B1KA3 w,0.92906594,6117
3k5/3r5/6N2/p1p5p/9/9/4R4/9/4A4/2B1KAB2 b,-0.9377242,1095
3k5/6r2/6N2/p1p5p/9/9/4R4/9/4A4/2B1KAB2 w,0.9504588,2191
3k5/6r2/9/p1p1N3p/9/9/4R4/9/4A4/2B1KAB2 b,-0.9217504,1363
3k5/4r4/9/p1p1N3p/9/9/4R4/9/4A4/2B1KAB2 w,0.93154675,2810
3k5/4r4/2N6/p1p5p/9/9/4R4/9/4A4/2B1KAB2 b,-0.92829317,1181
3k5/2r6/2N6/p1p5p/9/9/4R4/9/4A4/2B1KAB2 w,0.9317243,1827
3k5/2r6/9/N1p5p/9/9/4R4/9/4A4/2B1KAB2 b,-0.9257289,992
2rk5/9/9/N1p5p/9/9/4R4/9/4A4/2B1KAB2 w,0.95363957,6906
2rk5/9/9/N1p5p/9/9/4R4/3A5/9/2B1KAB2 b,-0.9538286,191
3k5/2r6/9/N1p5p/9/9/4R4/3A5/9/2B1KAB2 w,0.95520043,5224
3kR4/2r6/9/N1p5p/9/9/9/3A5/9/2B1KAB2 b,-0.95795596,282
4R4/2rk5/9/N1p5p/9/9/9/3A5/9/2B1KAB2 w,0.9647787,373
9/2rkR4/9/N1p5p/9/9/9/3A5/9/2B1KAB2 b,-0.9700905,1083
3k5/2r1R4/9/N1p5p/9/9/9/3A5/9/2B1KAB2 w,0.9819758,1181
3k5/2R6/9/N1p5p/9/9/9/3A5/9/2B1KAB2 b,-0.9782623,2648
3k5/2R6/9/N7p/2p6/9/9/3A5/9/2B1KAB2 w,0.99560416,1028
3k5/9/9/N7p/2R6/9/9/3A5/9/2B1KAB2 b,-0.9967711,282
9/3k5/9/N7p/2R6/9/9/3A5/9/2B1KAB2 w,0.9991259,2440
9/1N1k5/9/8p/2R6/9/9/3A5/9/2B1KAB2 b,-0.9990588,3194
9/1N1k5/9/9/2R5p/9/9/3A5/9/2B1KAB2 w,1,3459
rnbakabnr/9/1c5c1/p1p1p1p1p/9/9/P1P1P1P1P/1C5C1/9/RNBAKABNR w,0.8017992,5827
rnbakabnr/9/1c5c1/p1p1p1p1p/9/9/P1P1P1P1P/4C2C1/9/RNBAKABNR b,-0.80176365,110
r1bakabnr/9/1cn4c1/p1p1p1p1p/9/9/P1P1P1P1P/4C2C1/9/RNBAKABNR w,0.8018236,7445
r1bakabnr/9/1cn4c1/p1p1p1p1p/9/9/P1P1P1P1P/2N1C2C1/9/R1BAKABNR b,-0.80182236,562
r1baka1nr/9/1cn1b2c1/p1p1p1p1p/9/9/P1P1P1P1P/2N1C2C1/9/R1BAKABNR w,0.8019352,7372
r1baka1nr/9/1cn1b2c1/p1p1p1p1p/9/9/P1P1P1P1P/2N1C2C1/9/1RBAKABNR b,-0.8017695,1
1rbaka1nr/9/1cn1b2c1/p1p1p1p1p/9/9/P1P1P1P1P/2N1C2C1/9/1RBAKABNR w,0.80169904,6368
1rbaka1nr/9/1cn1b2c1/p1p1p1p1p/9/9/P1P1P1P1P/2N1CC3/9/1RBAKABNR b,-0.8023562,2648
1rbaka1nr/9/1cn1b2c1/p3p1p1p/2p6/9/P1P1P1P1P/2N1CC3/9/1RBAKABNR w,0.8025887,7989
1rbaka1nr/9/1cn1b2c1/p3p1p1p/2p6/9/P1P1P1P1P/2N1CCN2/9/1RBAKAB1R b,-0.8026067,1765
1rbaka1nr/9/2n1b2c1/p3p1p1p/2p6/9/PcP1P1P1P/2N1CCN2/9/1RBAKAB1R w,0.80386996,8098
1rbaka1nr/9/2n1b2c1/p3p1p1p/2p6/9/PcP1P1P1P/2N1CCN2/9/1RBAKABR1 b,-0.8018057,644
1rbaka2r/5n3/2n1b2c1/p3p1p1p/2p6/9/PcP1P1P1P/2N1CCN2/9/1RBAKABR1 w,0.80259866,7972
1rbaka2r/5n3/2n1b2c1/p3p1p1p/2p6/7R1/PcP1P1P1P/2N1CCN2/9/1RBAKAB2 b,-0.8018118,727
1rbaka1r1/5n3/2n1b2c1/p3p1p1p/2p6/7R1/PcP1P1P1P/2N1CCN2/9/1RBAKAB2 w,0.80625814,4730
1rbaka1r1/5n3/2n1b2c1/p3p1p1p/2p6/5R3/PcP1P1P1P/2N1CCN2/9/1RBAKAB2 b,-0.8074705,1281
1rbaka1r1/9/2nnb2c1/p3p1p1p/2p6/5R3/PcP1P1P1P/2N1CCN2/9/1RBAKAB2 w,0.8089641,6061
1rbaka1r1/9/2nnb2c1/p3C1p1p/2p6/5R3/PcP1P1P1P/2N2CN2/9/1RBAKAB2 b,-0.80829495,463
1rbak2r1/4a4/2nnb2c1/p3C1p1p/2p6/5R3/PcP1P1P1P/2N2CN2/9/1RBAKAB2 w,0.8119524,4552
1rbak2r1/4a4/2nnb2c1/p3C1p1p/2p6/7R1/PcP1P1P1P/2N2CN2/9/1RBAKAB2 b,-0.80039936,1930
1rbak2r1/4a4/2n1b2c1/p3C1p1p/2p1n4/7R1/PcP1P1P1P/2N2CN2/9/1RBAKAB2 w,0.8052621,2825
1rbak2r1/4a4/2n1b2c1/p5p1C/2p1n4/7R1/PcP1P1P1P/2N2CN2/9/1RBAKAB2 b,-0.8002183,3657
1rbak2r1/4a4/2n1b2c1/p5p1C/2p6/7R1/PcPnP1P1P/2N2CN2/9/1RBAKAB2 w,0.80937654,7453
1rbak2r1/4a4/2n1b2c1/p5p1C/2p6/7R1/PcPnP1P1P/2N2CN2/1R7/2BAKAB2 b,-0.79894894,635
1rbakr3/4a4/2n1b2c1/p5p1C/2p6/7R1/PcPnP1P1P/2N2CN2/1R7/2BAKAB2 w,0.8051409,7636
1rbakr3/4a4/2n1b2c1/p5p1C/2p6/7R1/PcPnP1P1P/2N2CN2/1R2A4/2B1KAB2 b,-0.7985235,2274
1rbakr3/4a4/2n1b1c2/p5p1C/2p6/7R1/PcPnP1P1P/2N2CN2/1R2A4/2B1KAB2 w,0.79902333,6645
1rbakr3/4a4/2n1b1c2/p5p1C/2p6/7R1/PcPnP1P1P/2N2CN2/3RA4/2B1KAB2 b,-0.7783325,5032
1rbakr3/4a4/2n1b1c2/p5p1C/2p6/7R1/P1PnP1P1P/2N2CN2/3RA4/1cB1KAB2 w,0.78143054,5934
1rbakr3/4a4/2n1b1c2/p5p1C/2p6/7R1/P1PnP1P1P/5CN2/3RA4/1cBNKAB2 b,-0.7691649,7461
1rbakr3/4a4/2n1b1c2/p5p1C/2p6/7R1/P1PnP1P1P/5CN2/3RA4/c1BNKAB2 w,0.80520123,6807
1rbakr3/4a4/2n1b1c2/p5p1C/2p6/7R1/P1PRP1P1P/5CN2/4A4/c1BNKAB2 b,-0.80384856,172
2bakr3/4a4/2n1b1c2/p5p1C/2p6/7R1/P1PRP1P1P/5CN2/4A4/crBNKAB2 w,0.81476265,7897
2bakr3/4a4/2n1b1c2/p5p1C/2p6/7R1/P1PRP1P1P/4BCN2/4A4/crBNKA3 b,-0.8083547,1837
2bakr3/4a4/4b1c2/p5p1C/1np6/7R1/P1PRP1P1P/4BCN2/4A4/crBNKA3 w,0.83715093,4705
2bakr3/4a4/4b1cR1/p5p1C/1np6/9/P1PRP1P1P/4BCN2/4A4/crBNKA3 b,-0.8258565,2220
2bakr3/4a4/4b2R1/p5p1C/1np6/9/P1PRP1c1P/4BCN2/4A4/crBNKA3 w,0.84911084,5269
2bakr3/4a4/4b2R1/p5p1C/1np6/4P4/P1PR2c1P/4BCN2/4A4/crBNKA3 b,-0.8430472,5442
2bakr3/4a4/4b2R1/p5p1C/1np3c2/4P4/P1PR4P/4BCN2/4A4/crBNKA3 w,0.8524837,2284
2bakr3/4a4/4b4/p5pRC/1np3c2/4P4/P1PR4P/4BCN2/4A4/crBNKA3 b,-0.8399964,3467
2bakr3/4a4/4b4/p5pRC/1n4c2/2p1P4/P1PR4P/4BCN2/4A4/crBNKA3 w,0.88550925,5087
2bakr3/4a4/4b4/p5pRC/1n4c2/2P1P4/P2R4P/4BCN2/4A4/crBNKA3 b,-0.86826515,482
2bak4/4a4/4b4/p4rpRC/1n4c2/2P1P4/P2R4P/4BCN2/4A4/crBNKA3 w,0.89259547,3158
2bak3C/4a4/4b4/p4rpR1/1n4c2/2P1P4/P2R4P/4BCN2/4A4/crBNKA3 b,-0.8800883,7453
2bak3C/4a4/4b4/p4rpR1/1n4c2/2P1P4/P2R4P/4BCN2/1r2A4/c1BNKA3 w,0.8911803,3067
2bak2RC/4a4/4b4/p4rp2/1n4c2/2P1P4/P2R4P/4BCN2/1r2A4/c1BNKA3 b,-0.89758873,1175
2baka1RC/9/4b4/p4rp2/1n4c2/2P1P4/P2R4P/4BCN2/1r2A4/c1BNKA3 w,0.90980184,6125
2bakC1RC/9/4b4/p4rp2/1n4c2/2P1P4/P2R4P/4B1N2/1r2A4/c1BNKA3 b,-0.91589487,6652
2bakC1RC/9/4b4/p4rp2/1n4c2/2P1P4/P2R4P/4B1N2/4A4/crBNKA3 w,0.9177031,453
2bCk2RC/9/4b4/p4rp2/1n4c2/2P1P4/P2R4P/4B1N2/4A4/crBNKA3 b,-0.9153624,373
2bC3RC/4k4/4b4/p4rp2/1n4c2/2P1P4/P2R4P/4B1N2/4A4/crBNKA3 w,0.90985143,646
2bC4C/4k2R1/4b4/p4rp2/1n4c2/2P1P4/P2R4P/4B1N2/4A4/crBNKA3 b,-0.91880864,1174
2bCk3C/7R1/4b4/p4rp2/1n4c2/2P1P4/P2R4P/4B1N2/4A4/crBNKA3 w,0.93472946,5142
2bCk3C/3R3R1/4b4/p4rp2/1n4c2/2P1P4/P7P/4B1N2/4A4/crBNKA3 b,-0.9332162,2939
2bCk3C/3R3R1/4b4/p5p2/1n4c2/2P1P4/P4r2P/4B1N2/4A4/crBNKA3 w,0.9538535,1447
2bCk2RC/3R5/4b4/p5p2/1n4c2/2P1P4/P4r2P/4B1N2/4A4/crBNKA3 b,-0.94965494,1986
2bCk1bRC/3R5/9/p5p2/1n4c2/2P1P4/P4r2P/4B1N2/4A4/crBNKA3 w,0.9620912,636
2bCk1R1C/3R5/9/p5p2/1n4c2/2P1P4/P4r2P/4B1N2/4A4/crBNKA3 b,-0.9654151,5315
2bCkrR1C/3R5/9/p5p2/1n4c2/2P1P4/P7P/4B1N2/4A4/crBNKA3 w,0.9770069,547
2bCkr1RC/3R5/9/p5p2/1n4c2/2P1P4/P7P/4B1N2/4A4/crBNKA3 b,-0.97451526,7463
2bCkr1RC/3R5/9/p5p2/1n4c2/2P1P4/P7P/4B1N2/4A4/c1rNKA3 w,0.98482907,275
2b1kC1RC/3R5/9/p5p2/1n4c2/2P1P4/P7P/4B1N2/4A4/c1rNKA3 b,-0.9813026,7544
2b1kC1RC/3R5/9/p5p2/1n4c2/2P1P4/P7P/4B1N2/2r1A4/c2NKA3 w,0.98375165,7625
2b1kC1RC/3R5/9/p5p2/1n4c2/2P1P4/P7P/2N1B1N2/2r1A4/c3KA3 b,-0.98109865,6743
2b1kC1RC/3R5/9/p5p2/1n4c2/2P1P4/P7P/2N1B1N2/4A4/c1r1KA3 w,0.9922578,5934
