2b1kC1RC/3R5/9/p5p2/1n4c2/2P1P4/P7P/4B1N2/4A4/c1rNKA3 b,-0.97865725,7517
2b1kC1RC/3R5/9/p5p2/1n4c2/2r1P4/P7P/4B1N2/4A4/c2NKA3 w,0.9802265,7633
2b1kC1RC/3R5/9/p5p2/1n4c2/2r1P4/P7P/4B1N2/1N2A4/c3KA3 b,-0.9577838,4278
2b1kC1RC/3R5/9/p5p2/1n4c2/3rP4/P7P/4B1N2/1N2A4/c3KA3 w,1,452
rnbakabnr/9/1c5c1/p1p1p1p1p/9/9/P1P1P1P1P/1C5C1/9/RNBAKABNR w,0.00182724,5827
rnbakabnr/9/1c5c1/p1p1p1p1p/9/9/P1P1P1P1P/4C2C1/9/RNBAKABNR b,-0.0017959237,110
r1bakabnr/9/1cn4c1/p1p1p1p1p/9/9/P1P1P1P1P/4C2C1/9/RNBAKABNR w,0.0018248558,7445
r1bakabnr/9/1cn4c1/p1p1p1p1p/9/9/P1P1P1P1P/2N1C2C1/9/R1BAKABNR b,-0.0018434048,562
r1baka1nr/9/1cn1b2c1/p1p1p1p1p/9/9/P1P1P1P1P/2N1C2C1/9/R1BAKABNR w,0.0019419909,7372
r1baka1nr/9/1cn1b2c1/p1p1p1p1p/9/9/P1P1P1P1P/2N1C2C1/9/1RBAKABNR b,-0.0017700195,1
1rbaka1nr/9/1cn1b2c1/p1p1p1p1p/9/9/P1P1P1P1P/2N1C2C1/9/1RBAKABNR w,0.0016990424,6368
1rbaka1nr/9/1cn1b2c1/p1p1p1p1p/9/9/P1P1P1P1P/2N1CC3/9/1RBAKABNR b,-0.0012760878,654
1rbaka2r/9/1cn1b1nc1/p1p1p1p1p/9/9/P1P1P1P1P/2N1CC3/9/1RBAKABNR w,0.0015913009,7989
1rbaka2r/9/1cn1b1nc1/p1p1p1p1p/9/9/P1P1P1P1P/2N1CCN2/9/1RBAKAB1R b,-0.0015333295,3012
1rbaka2r/9/1cn1b1nc1/p1p1p3p/6p2/9/P1P1P1P1P/2N1CCN2/9/1RBAKAB1R w,0.0018861771,8098
1rbaka2r/9/1cn1b1nc1/p1p1p3p/6p2/9/P1P1P1P1P/2N1CCN2/9/1RBAKABR1 b,-0.0020106912,727
1rbaka1r1/9/1cn1b1nc1/p1p1p3p/6p2/9/P1P1P1P1P/2N1CCN2/9/1RBAKABR1 w,0.002513051,5087
1rbaka1r1/9/1cn1b1nc1/p1p1p3p/6p2/2P6/P3P1P1P/2N1CCN2/9/1RBAKABR1 b,-0.0021623732,1765
1rbaka1r1/9/2n1b1nc1/p1p1p3p/6p2/2P6/Pc2P1P1P/2N1CCN2/9/1RBAKABR1 w,0.0047115325,5898
1rbaka1r1/9/2n1b1nc1/p1p1p3p/6p2/2PN5/Pc2P1P1P/4CCN2/9/1RBAKABR1 b,-0.0063478947,2311
1rbaka1r1/9/2n1b1n2/p1p1p3p/6p2/2PN5/Pc2P1PcP/4CCN2/9/1RBAKABR1 w,0.007826424,6143
1rbaka1r1/9/2n1bCn2/p1p1p3p/6p2/2PN5/Pc2P1PcP/4C1N2/9/1RBAKABR1 b,-0.008902455,1986
1rbakabr1/9/2n2Cn2/p1p1p3p/6p2/2PN5/Pc2P1PcP/4C1N2/9/1RBAKABR1 w,0.017681766,4351
1rbakabr1/9/2n2Cn2/p1p1N3p/6p2/2P6/Pc2P1PcP/4C1N2/9/1RBAKABR1 b,-0.0047811987,1831
1rbakabr1/9/5Cn2/p1p1n3p/6p2/2P6/Pc2P1PcP/4C1N2/9/1RBAKABR1 w,0.0050328495,6061
1rbakabr1/9/5Cn2/p1p1C3p/6p2/2P6/Pc2P1PcP/6N2/9/1RBAKABR1 b,0.009039665,109
2bakabr1/9/1r3Cn2/p1p1C3p/6p2/2P6/Pc2P1PcP/6N2/9/1RBAKABR1 w,0.00347085,2839
2bakabr1/9/1r3Cn2/p1p5p/6p2/2P1C4/Pc2P1PcP/6N2/9/1RBAKABR1 b,0.0015270949,1733
2bakabr1/9/5rn2/p1p5p/6p2/2P1C4/Pc2P1PcP/6N2/9/1RBAKABR1 w,0.009648657,7435
2bakabr1/9/5rn2/p1p5p/6p2/2P1C4/PR2P1PcP/6N2/9/2BAKABR1 b,-0.0074192765,2129
2bakabr1/9/6n2/p1p5p/6p2/2P1C4/PR2PrPcP/6N2/9/2BAKABR1 w,0.015098619,4987
2bakabr1/9/6n2/p1p5p/1R4p2/2P1C4/P3PrPcP/6N2/9/2BAKABR1 b,-0.0046117427,2201
2bakabr1/9/9/p1p5p/1R3np2/2P1C4/P3PrPcP/6N2/9/2BAKABR1 w,0.021284461,7897
2bakabr1/9/9/p1p5p/1R3np2/2P1C4/P3PrPcP/4B1N2/9/2BAKA1R1 b,-0.009876681,3748
2bakabr1/9/9/p1p5p/1R4p2/2P1C4/P3nrPcP/4B1N2/9/2BAKA1R1 w,0.025909353,7816
2bakabr1/9/9/p1p5p/1R4p2/2P1C4/P3nrPcP/4B1N2/4A4/2BAK2R1 b,-0.009817469,5370
2bakabr1/9/9/p1p5p/1R4p2/2P1C4/P3n1rcP/4B1N2/4A4/2BAK2R1 w,0.012294555,3370
2bakabr1/9/9/p1p5p/4R1p2/2P1C4/P3n1rcP/4B1N2/4A4/2BAK2R1 b,-0.008641816,562
2baka1r1/9/4b4/p1p5p/4R1p2/2P1C4/P3n1rcP/4B1N2/4A4/2BAK2R1 w,0.014132571,6268
2baka1r1/9/4b4/p1p5p/4R1p2/2P1C4/P3N1rcP/4B4/4A4/2BAK2R1 b,-0.005299938,5458
2baka1r1/9/4b4/p1p5p/4R1p2/2P1C4/P3r2cP/4B4/4A4/2BAK2R1 w,0.018445015,3622
2baka1r1/9/4R4/p1p5p/6p2/2P1C4/P3r2cP/4B4/4A4/2BAK2R1 b,-0.030736579,463
2bak2r1/4a4/4R4/p1p5p/6p2/2P1C4/P3r2cP/4B4/4A4/2BAK2R1 w,0.1188721,2005
2bak2r1/4a4/7R1/p1p5p/6p2/2P1C4/P3r2cP/4B4/4A4/2BAK2R1 b,-0.108335055,5269
2bak2r1/4a4/7R1/p1p5p/6p2/2P1r4/P6cP/4B4/4A4/2BAK2R1 w,0.11275299,2257
2bak2R1/4a4/9/p1p5p/6p2/2P1r4/P6cP/4B4/4A4/2BAK2R1 b,-0.11296711,1175
2baka1R1/9/9/p1p5p/6p2/2P1r4/P6cP/4B4/4A4/2BAK2R1 w,0.11666828,691
2baka3/9/9/p1p5p/6p2/2P1r4/P6RP/4B4/4A4/2BAK2R1 b,-0.11167121,4441
2baka3/9/9/p1p1r3p/6p2/2P6/P6RP/4B4/4A4/2BAK2R1 w,0.12515564,5550
2baka3/9/9/p1p1r3p/6p2/2P6/P5R1P/4B4/4A4/2BAK2R1 b,-0.11258109,202
3aka3/9/4b4/p1p1r3p/6p2/2P6/P5R1P/4B4/4A4/2BAK2R1 w,0.11494475,5459
3aka3/9/4b4/p1p1r3p/6p2/2P6/P4R2P/4B4/4A4/2BAK2R1 b,-0.11614982,283
4ka3/4a4/4b4/p1p1r3p/6p2/2P6/P4R2P/4B4/4A4/2BAK2R1 w,0.12203357,7927
4ka1R1/4a4/4b4/p1p1r3p/6p2/2P6/P4R2P/4B4/4A4/2BAK4 b,-0.1187851,1982
2b1ka1R1/4a4/9/p1p1r3p/6p2/2P6/P4R2P/4B4/4A4/2BAK4 w,0.12412164,682
2b1ka3/4a4/9/p1p1r3p/6p2/2P4R1/P4R2P/4B4/4A4/2BAK4 b,-0.11605103,2823
2b1ka3/4a4/9/p1p3r1p/6p2/2P4R1/P4R2P/4B4/4A4/2BAK4 w,0.12933402,5365
2b1ka3/4a4/9/p1p3r1p/6p2/2P4R1/PR6P/4B4/4A4/2BAK4 b,-0.12872967,3194
2b1ka3/4a4/9/p1p3r2/6p1p/2P4R1/PR6P/4B4/4A4/2BAK4 w,0.13921118,4951
1Rb1ka3/4a4/9/p1p3r2/6p1p/2P4R1/P7P/4B4/4A4/2BAK4 b,-0.1323802,3831
1Rb1ka3/4a4/9/p1p3r2/8p/2P3pR1/P7P/4B4/4A4/2BAK4 w,0.14380427,4723
1Rb1ka3/4a4/9/p1p3r2/7Rp/2P3p2/P7P/4B4/4A4/2BAK4 b,-0.14347598,3000
1Rb1ka3/4a4/9/p1pr5/7Rp/2P3p2/P7P/4B4/4A4/2BAK4 w,0.14400776,92
2R1ka3/4a4/9/p1pr5/7Rp/2P3p2/P7P/4B4/4A4/2BAK4 b,-0.14413454,2703
2Rrka3/4a4/9/p1p6/7Rp/2P3p2/P7P/4B4/4A4/2BAK4 w,0.15074344,209
3rka3/4a4/9/p1R6/7Rp/2P3p2/P7P/4B4/4A4/2BAK4 b,-0.14968382,4650
3rka3/4a4/9/p1R6/7Rp/2P6/P5p1P/4B4/4A4/2BAK4 w,0.15023576,2637
3rka3/4a4/9/R8/7Rp/2P6/P5p1P/4B4/4A4/2BAK4 b,-0.14890544,327
4ka3/4a4/9/R8/7Rp/2P6/P2r2p1P/4B4/4A4/2BAK4 w,0.14266391,2430
R3ka3/4a4/9/9/7Rp/2P6/P2r2p1P/4B4/4A4/2BAK4 b,-0.13699347,5133
R2rka3/4a4/9/9/7Rp/2P6/P5p1P/4B4/4A4/2BAK4 w,0.14499454,3
3Rka3/4a4/9/9/7Rp/2P6/P5p1P/4B4/4A4/2BAK4 b,-0.14352936,1173
3aka3/9/9/9/7Rp/2P6/P5p1P/4B4/4A4/2BAK4 w,0.14988871,4268
3aka3/9/9/9/2P4Rp/9/P5p1P/4B4/4A4/2BAK4 b,-0.14895812,5469
3aka3/9/9/9/2P4Rp/9/P7P/4B1p2/4A4/2BAK4 w,0.1485122,3912
3aka3/9/9/9/2P3R1p/9/P7P/4B1p2/4A4/2BAK4 b,-0.14517769,6280
3aka3/9/9/9/2P3R1p/9/P7P/4B2p1/4A4/2BAK4 w,0.1481844,3824
3aka3/9/9/9/2P5R/9/P7P/4B2p1/4A4/2BAK4 b,-0.14595026,6379
3aka3/9/9/9/2P5R/9/P7P/4B4/4A2p1/2BAK4 w,0.15165988,4003
3aka3/9/9/9/2P4R1/9/P7P/4B4/4A2p1/2BAK4 b,-0.15087564,7188
3aka3/9/9/9/2P4R1/9/P7P/4B4/4A1p2/2BAK4 w,0.15182956,4905
3aka3/9/9/9/2P4R1/P8/8P/4B4/4A1p2/2BAK4 b,-0.15157607,7097
3aka3/9/9/9/2P4R1/P8/8P/4B4/4Ap3/2BAK4 w,0.15188609,3911
3aka3/9/9/9/2P2R3/P8/8P/4B4/4Ap3/2BAK4 b,-0.14942569,7008
3aka3/9/9/9/2P2R3/P8/8P/4B4/4A1p2/2BAK4 w,0.15955041,3749
3aka3/9/9/9/2P6/P8/5R2P/4B4/4A1p2/2BAK4 b,-0.15331589,283
4ka3/4a4/9/9/2P6/P8/5R2P/4B4/4A1p2/2BAK4 w,0.15773883,3449
4ka3/4a4/9/2P6/9/P8/5R2P/4B4/4A1p2/2BAK4 b,-0.16310984,7107
4ka3/4a4/9/2P6/9/P8/5R2P/4B4/4A4/2BAK1p2 w,0.16371965,6117
4ka3/4a4/9/2P6/9/P8/5R2P/9/4A4/2BAK1B2 b,-0.1605345,363
3k1a3/4a4/9/2P6/9/P8/5R2P/9/4A4/2BAK1B2 w,0.16048923,5367
3k1a3/4a4/9/2P6/9/P8/3R4P/9/4A4/2BAK1B2 b,-0.16208968,274
4ka3/4a4/9/2P6/9/P8/3R4P/9/4A4/2BAK1B2 w,0.2,6926
rnbakabnr/9/1c5c1/p1p1p1p1p/9/9/P1P1P1P1P/1C5C1/9/RNBAKABNR w,0.0018177032,5827
rnbakabnr/9/1c5c1/p1p1p1p1p/9/9/P1P1P1P1P/4C2C1/9/RNBAKABNR b,-0.0017798304,110
r1bakabnr/9/1cn4c1/p1p1p1p1p/9/9/P1P1P1P1P/4C2C1/9/RNBAKABNR w,0.0018357992,7445
r1bakabnr/9/1cn4c1/p1p1p1p1p/9/9/P1P1P1P1P/2N1C2C1/9/R1BAKABNR b,-0.0018223763,562
r1baka1nr/9/1cn1b2c1/p1p1p1p1p/9/9/P1P1P1P1P/2N1C2C1/9/R1BAKABNR w,0.001905489,7372
r1baka1nr/9/1cn1b2c1/p1p1p1p1p/9/9/P1P1P1P1P/2N1C2C1/9/1RBAKABNR b,-0.0017736912,1
1rbaka1nr/9/1cn1b2c1/p1p1p1p1p/9/9/P1P1P1P1P/2N1C2C1/9/1RBAKABNR w,0.0017125607,6368
1rbaka1nr/9/1cn1b2c1/p1p1p1p1p/9/9/P1P1P1P1P/2N1CC3/9/1RBAKABNR b,-0.0012857557,654
1rbaka2r/9/1cn1b1nc1/p1p1p1p1p/9/9/P1P1P1P1P/2N1CC3/9/1RBAKABNR w,0.0015865564,7989
1rbaka2r/9/1cn1b1nc1/p1p1p1p1p/9/9/P1P1P1P1P/2N1CCN2/9/1RBAKAB1R b,-0.001368165,3012
1rbaka2r/9/1cn1b1nc1/p1p1p3p/6p2/9/P1P1P1P1P/2N1CCN2/9/1RBAKAB1R w,0.0018901825,8098
1rbaka2r/9/1cn1b1nc1/p1p1p3p/6p2/9/P1P1P1P1P/2N1CCN2/9/1RBAKABR1 b,-0.0020173073,727
1rbaka1r1/9/1cn1b1nc1/p1p1p3p/6p2/9/P1P1P1P1P/2N1CCN2/9/1RBAKABR1 w,0.002513051,5087
1rbaka1r1/9/1cn1b1nc1/p1p1p3p/6p2/2P6/P3P1P1P/2N1CCN2/9/1RBAKABR1 b,-0.0021214485,1765
1rbaka1r1/9/2n1b1nc1/p1p1p3p/6p2/2P6/Pc2P1P1P/2N1CCN2/9/1RBAKABR1 w,0.0047060014,5898
1rbaka1r1/9/2n1b1nc1/p1p1p3p/6p2/2PN5/Pc2P1P1P/4CCN2/9/1RBAKABR1 b,-0.0065015317,2311
1rbaka1r1/9/2n1b1n2/p1p1p3p/6p2/2PN5/Pc2P1PcP/4CCN2/9/1RBAKABR1 w,0.007931757,6143
1rbaka1r1/9/2n1bCn2/p1p1p3p/6p2/2PN5/Pc2P1PcP/4C1N2/9/1RBAKABR1 b,-0.008166194,1986
1rbakabr1/9/2n2Cn2/p1p1p3p/6p2/2PN5/Pc2P1PcP/4C1N2/9/1RBAKABR1 w,0.017891908,4351
1rbakabr1/9/2n2Cn2/p1p1N3p/6p2/2P6/Pc2P1PcP/4C1N2/9/1RBAKABR1 b,-0.004875338,1831
1rbakabr1/9/5Cn2/p1p1n3p/6p2/2P6/Pc2P1PcP/4C1N2/9/1RBAKABR1 w,0.005549145,6061
1rbakabr1/9/5Cn2/p1p1C3p/6p2/2P6/Pc2P1PcP/6N2/9/1RBAKABR1 b,0.009403348,109
2bakabr1/9/1r3Cn2/p1p1C3p/6p2/2P6/Pc2P1PcP/6N2/9/1RBAKABR1 w,0.0044961693,2830
2bakabr1/9/1r3Cn2/p1p5p/4C1p2/2P6/Pc2P1PcP/6N2/9/1RBAKABR1 b,0.003047514,1733
2bakabr1/9/5rn2/p1p5p/4C1p2/2P6/Pc2P1PcP/6N2/9/1RBAKABR1 w,0.0030232668,7435
2bakabr1/9/5rn2/p1p5p/4C1p2/2P6/PR2P1PcP/6N2/9/2BAKABR1 b,0.003067875,2111
2bakabr1/9/6n2/p1p5p/4Crp2/2P6/PR2P1PcP/6N2/9/2BAKABR1 w,0.007475996,3649
2bakabr1/9/6n2/p1p5p/5rp2/2P1C4/PR2P1PcP/6N2/9/2BAKABR1 b,0.0011166573,3831
2bakabr1/9/6n2/p1p5p/5r3/2P1C1p2/PR2P1PcP/6N2/9/2BAKABR1 w,0.0124476915,4969
2bakabr1/9/1R4n2/p1p5p/5r3/2P1C1p2/P3P1PcP/6N2/9/2BAKABR1 b,-0.014801574,4650
2bakabr1/9/1R4n2/p1p5p/5r3/2P1C4/P3P1pcP/6N2/9/2BAKABR1 w,0.01609838,1734
2bakabr1/9/6R2/p1p5p/5r3/2P1C4/P3P1pcP/6N2/9/2BAKABR1 b,-0.009178328,5469
2bakabr1/9/6R2/p1p5p/5r3/2P1C4/P3P2cP/6p2/9/2BAKABR1 w,0.013536215,2229
2bakabr1/9/9/p1p5p/5r3/2P1C4/P3P2cP/6R2/9/2BAKABR1 b,-0.004719281,3749
2bakabr1/9/9/p1p5p/9/2P1C4/P3Pr1cP/6R2/9/2BAKABR1 w,0.022688389,7990
2bakabr1/9/9/p1p5p/9/2P1C4/P3Pr1cP/6RR1/9/2BAKAB2 b,-0.012258768,5368
2bakabr1/9/9/p1p5p/9/2P1C4/P3r2cP/6RR1/9/2BAKAB2 w,0.01696322,6277
2bakabr1/9/9/p1p5p/9/2P1C4/P3r2cP/4R2R1/9/2BAKAB2 b,-0.01218015,5287
2bakabr1/9/9/p1p5p/9/2P1C4/P6cP/4r2R1/9/2BAKAB2 w,0.012613416,6367
2bakabr1/9/9/p1p5p/9/2P1C4/P6cP/4R4/9/2BAKAB2 b,-0.0060746195,682
2bakab2/9/9/p1p5p/9/2P1C2r1/P6cP/4R4/9/2BAKAB2 w,0.00771389,6088
2bakab2/9/9/p1p5p/9/2P1C2r1/P3R2cP/9/9/2BAKAB2 b,-0.0009579897,5578
2bakab2/9/9/p1p5p/9/2P1C2r1/P3R3P/9/9/2BAKABc1 w,0.0038697005,4450
2bakab2/9/9/p1p5p/4C4/2P4r1/P3R3P/9/9/2BAKABc1 b,0.0006815672,4727
2bakab2/9/9/p1p5p/4C4/2r6/P3R3P/9/9/2BAKABc1 w,0.005605793,3638
2bakab2/9/9/p1p5p/2C6/2r6/P3R3P/9/9/2BAKABc1 b,0.0069515468,202
3akab2/9/4b4/p1p5p/2C6/2r6/P3R3P/9/9/2BAKABc1 w,0.00082614424,3457
3akab2/9/4b4/p1p5p/1C7/2r6/P3R3P/9/9/2BAKABc1 b,0.0037164688,4280
3akab2/9/4b4/p1p5p/1C7/5r3/P3R3P/9/9/2BAKABc1 w,-0.0027563334,3331
1C1akab2/9/4b4/p1p5p/9/5r3/P3R3P/9/9/2BAKABc1 b,0.0024077178,373
1C1a1ab2/4k4/4b4/p1p5p/9/5r3/P3R3P/9/9/2BAKABc1 w,0.028612757,5275
1C1a1ab2/4k4/4b4/p1p5p/9/5r3/PR6P/9/9/2BAKABc1 b,-0.0015648961,1184
1C1a1ab2/5k3/4b4/p1p5p/9/5r3/PR6P/9/9/2BAKABc1 w,0.0022233964,7636
1C1a1ab2/5k3/4b4/p1p5p/9/5r3/PR6P/9/4A4/2B1KABc1 b,0.0020863058,7963
1C1a1ab2/5k3/4b4/p1p5p/7c1/5r3/PR6P/9/4A4/2B1KAB2 w,-0.006559229,4960
1C1a1ab2/1R3k3/4b4/p1p5p/7c1/5r3/P7P/9/4A4/2B1KAB2 b,0.006054163,463
1C1a2b2/1R2ak3/4b4/p1p5p/7c1/5r3/P7P/9/4A4/2B1KAB2 w,-0.0045521855,90
C2a2b2/1R2ak3/4b4/p1p5p/7c1/5r3/P7P/9/4A4/2B1KAB2 b,0.022763705,3910
C2a2b2/1R2ak3/4b4/p1p5p/4c4/5r3/P7P/9/4A4/2B1KAB2 w,-0.012401307,7734
C2a2b2/1R2ak3/4b4/p1p5p/4c4/5r3/P7P/9/4A4/2BK1AB2 b,0.021705031,4548
C2a2b2/1R2ak3/4b4/p1p5p/4c4/3r5/P7P/9/4A4/2BK1AB2 w,-0.020445561,6906
C2a2b2/1R2ak3/4b4/p1p5p/4c4/3r5/P7P/3A5/9/2BK1AB2 b,0.023135567,4386
C2a2b2/1R2ak3/4b4/p1p5p/4c4/9/P7P/3r5/9/2BK1AB2 w,-0.026389195,7645
C2a2b2/1R2ak3/4b4/p1p5p/4c4/9/P7P/3r5/9/2B1KAB2 b,0.03271463,6007
C2a2b2/1R2ak3/4b4/p1p5p/4c4/9/P7P/4r4/9/2B1KAB2 w,-0.026900828,7734
C2a2b2/1R2ak3/4b4/p1p5p/4c4/9/P7P/4r4/9/2BK1AB2 b,0.03526006,6098
C2a2b2/1R2ak3/4b4/p1p5p/4c4/9/P7P/5r3/9/2BK1AB2 w,-0.020033002,7816
C2a2b2/1R2ak3/4b4/p1p5p/4c4/9/P7P/5r3/4A4/2BK2B2 b,0.02735355,6197
C2a2b2/1R2ak3/4b4/p1p5p/4c4/9/P7P/9/4Ar3/2BK2B2 w,-0.016316785,9
3a2b2/CR2ak3/4b4/p1p5p/4c4/9/P7P/9/4Ar3/2BK2B2 b,0.02805481,1265
3a1kb2/CR2a4/4b4/p1p5p/4c4/9/P7P/9/4Ar3/2BK2B2 w,-0.0019052982,810
C2a1kb2/1R2a4/4b4/p1p5p/4c4/9/P7P/9/4Ar3/2BK2B2 b,0.0015126944,1982
C1ba1kb2/1R2a4/9/p1p5p/4c4/9/P7P/9/4Ar3/2BK2B2 w,0.010888028,913
C1ba1kb2/4R4/9/p1p5p/4c4/9/P7P/9/4Ar3/2BK2B2 b,-0.0074284314,7006
C1ba1kb2/4R4/9/p1p5p/4c4/9/P7P/9/4r4/2BK2B2 w,0.01435361,1182
C1ba1kb2/3R5/9/p1p5p/4c4/9/P7P/9/4r4/2BK2B2 b,-0.002065897,3637
C1ba1kb2/3R5/9/p1p5p/1c7/9/P7P/9/4r4/2BK2B2 w,0.027916504,1083
C1bR1kb2/9/9/p1p5p/1c7/9/P7P/9/4r4/2BK2B2 b,-0.022742618,464
C1bR2b2/5k3/9/p1p5p/1c7/9/P7P/9/4r4/2BK2B2 w,0.029978156,282
C1b3b2/3R1k3/9/p1p5p/1c7/9/P7P/9/4r4/2BK2B2 b,-0.029787231,1283
C1b3b2/3R5/5k3/p1p5p/1c7/9/P7P/9/4r4/2BK2B2 w,0.04248481,7537
C1b3b2/3R5/5k3/p1p5p/1c7/9/P7P/4B4/4r4/3K2B2 b,-0.02273879,6917
C1b3b2/3R5/5k3/p1p5p/1c7/9/P7P/4B4/5r3/3K2B2 w,0.026525497,9
2b3b2/C2R5/5k3/p1p5p/1c7/9/P7P/4B4/5r3/3K2B2 b,-0.0069725397,3373
2b3b2/C2R5/5k3/p1p5p/7c1/9/P7P/4B4/5r3/3K2B2 w,0.031119132,810
C1b3b2/3R5/5k3/p1p5p/7c1/9/P7P/4B4/5r3/3K2B2 b,0,3907
rnbakabnr/9/1c5c1/p1p1p1p1p/9/9/P1P1P1P1P/1C5C1/9/RNBAKABNR w,0.8018177,5827
rnbakabnr/9/1c5c1/p1p1p1p1p/9/9/P1P1P1P1P/4C2C1/9/RNBAKABNR b,-0.80176777,110
r1bakabnr/9/1cn4c1/p1p1p1p1p/9/9/P1P1P1P1P/4C2C1/9/RNBAKABNR w,0.8018244,7445
r1bakabnr/9/1cn4c1/p1p1p1p1p/9/9/P1P1P1P1P/2N1C2C1/9/R1BAKABNR b,-0.80180717,562
r1baka1nr/9/1cn1b2c1/p1p1p1p1p/9/9/P1P1P1P1P/2N1C2C1/9/R1BAKABNR w,0.8019635,7372
r1baka1nr/9/1cn1b2c1/p1p1p1p1p/9/9/P1P1P1P1P/2N1C2C1/9/1RBAKABNR b,-0.801778,1
1rbaka1nr/9/1cn1b2c1/p1p1p1p1p/9/9/P1P1P1P1P/2N1C2C1/9/1RBAKABNR w,0.8017126,6368
1rbaka1nr/9/1cn1b2c1/p1p1p1p1p/9/9/P1P1P1P1P/2N1CC3/9/1RBAKABNR b,-0.8012761,654
1rbaka2r/9/1cn1b1nc1/p1p1p1p1p/9/9/P1P1P1P1P/2N1CC3/9/1RBAKABNR w,0.8016004,7989
1rbaka2r/9/1cn1b1nc1/p1p1p1p1p/9/9/P1P1P1P1P/2N1CCN2/9/1RBAKAB1R b,-0.80157435,3012
1rbaka2r/9/1cn1b1nc1/p1p1p3p/6p2/9/P1P1P1P1P/2N1CCN2/9/1RBAKAB1R w,0.8018736,8098
1rbaka2r/9/1cn1b1nc1/p1p1p3p/6p2/9/P1P1P1P1P/2N1CCN2/9/1RBAKABR1 b,-0.80201256,727
1rbaka1r1/9/1cn1b1nc1/p1p1p3p/6p2/9/P1P1P1P1P/2N1CCN2/9/1RBAKABR1 w,0.8027165,5087
1rbaka1r1/9/1cn1b1nc1/p1p1p3p/6p2/2P6/P3P1P1P/2N1CCN2/9/1RBAKABR1 b,-0.80222553,1765
1rbaka1r1/9/2n1b1nc1/p1p1p3p/6p2/2P6/Pc2P1P1P/2N1CCN2/9/1RBAKABR1 w,0.80470604,5898
1rbaka1r1/9/2n1b1nc1/p1p1p3p/6p2/2PN5/Pc2P1P1P/4CCN2/9/1RBAKABR1 b,-0.8064136,2311
1rbaka1r1/9/2n1b1n2/p1p1p3p/6p2/2PN5/Pc2P1PcP/4CCN2/9/1RBAKABR1 w,0.8079318,6143
1rbaka1r1/9/2n1bCn2/p1p1p3p/6p2/2PN5/Pc2P1PcP/4C1N2/9/1RBAKABR1 b,-0.8084572,1986
1rbakabr1/9/2n2Cn2/p1p1p3p/6p2/2PN5/Pc2P1PcP/4C1N2/9/1RBAKABR1 w,0.81776637,4351
1rbakabr1/9/2n2Cn2/p1p1N3p/6p2/2P6/Pc2P1PcP/4C1N2/9/1RBAKABR1 b,-0.8047562,1831
1rbakabr1/9/5Cn2/p1p1n3p/6p2/2P6/Pc2P1PcP/4C1N2/9/1RBAKABR1 w,0.80547875,6061
1rbakabr1/9/5Cn2/p1p1C3p/6p2/2P6/Pc2P1PcP/6N2/9/1RBAKABR1 b,-0.79061675,109
2bakabr1/9/1r3Cn2/p1p1C3p/6p2/2P6/Pc2P1PcP/6N2/9/1RBAKABR1 w,0.80192703,2839
2bakabr1/9/1r3Cn2/p1p5p/6p2/2P1C4/Pc2P1PcP/6N2/9/1RBAKABR1 b,-0.7984401,1733
2bakabr1/9/5rn2/p1p5p/6p2/2P1C4/Pc2P1PcP/6N2/9/1RBAKABR1 w,0.80965346,7435
2bakabr1/9/5rn2/p1p5p/6p2/2P1C4/PR2P1PcP/6N2/9/2BAKABR1 b,-0.80649936,2201
2bakabr1/9/5r3/p1p5p/5np2/2P1C4/PR2P1PcP/6N2/9/2BAKABR1 w,0.8137204,4987
2bakabr1/9/5r3/p1p5p/1R3np2/2P1C4/P3P1PcP/6N2/9/2BAKABR1 b,-0.80843544,3750
2bakabr1/9/5r3/p1p5p/1R4p2/2P1C4/P3P1ncP/6N2/9/2BAKABR1 w,0.81743294,3372
2bakabr1/9/5r3/p1p5p/6R2/2P1C4/P3P1ncP/6N2/9/2BAKABR1 b,-0.80547106,5449
2bakabr1/9/5r3/p1p5p/6R2/2P1n4/P3P2cP/6N2/9/2BAKABR1 w,0.8058344,5269
2bakabr1/9/5r3/p1p5p/6R2/2P1P4/P6cP/6N2/9/2BAKABR1 b,-0.79952466,5560
2bakabr1/9/5r3/p1p5p/6R2/2P1P4/P7P/6Nc1/9/2BAKABR1 w,0.8091266,7999
2bakabr1/9/5r3/p1p5p/6R2/2P1P4/P7P/6Nc1/7R1/2BAKAB2 b,-0.7986315,2138
2bakabr1/9/9/p1p5p/6R2/2P1P4/P7P/5rNc1/7R1/2BAKAB2 w,0.80262154,7185
2bakabr1/9/9/p1p5p/6R2/2P1P4/P7P/5rNc1/3R5/2BAKAB2 b,-0.79450095,562
2baka1r1/9/4b4/p1p5p/6R2/2P1P4/P7P/5rNc1/3R5/2BAKAB2 w,0.8010834,3813
2baka1r1/9/4b4/p1p3R1p/9/2P1P4/P7P/5rNc1/3R5/2BAKAB2 b,-0.79470956,691
2baka3/9/4b4/p1p3R1p/9/2P1P4/P6rP/5rNc1/3R5/2BAKAB2 w,0.8045209,6780
2baka3/9/4b4/p1pR2R1p/9/2P1P4/P6rP/5rNc1/9/2BAKAB2 b,-0.78843254,5544
2baka3/9/4b4/p1pR2R1p/9/2P1P4/r7P/5rNc1/9/2BAKAB2 w,0.80281466,2729
2baka3/9/4b4/p1R3R1p/9/2P1P4/r7P/5rNc1/9/2BAKAB2 b,-0.7939877,4932
2baka3/9/4b4/p1R3R1p/9/2P1P4/8P/5rNc1/r8/2BAKAB2 w,0.8194336,7816
2baka3/9/4b4/p1R3R1p/9/2P1P4/8P/5rNc1/r3A4/2BAK1B2 b,-0.8108732,6197
2baka3/9/4b4/p1R3R1p/9/2P1P4/8P/6Nc1/r3Ar3/2BAK1B2 w,0.8336513,3004
2baka3/9/4b4/p1R4Rp/9/2P1P4/8P/6Nc1/r3Ar3/2BAK1B2 b,-0.8278378,7008
2baka3/9/4b4/p1R4Rp/9/2P1P4/8P/6Nc1/r3A1r2/2BAK1B2 w,0.8432846,3130
2baka3/9/4b4/p1R5p/9/2P1P4/8P/6NR1/r3A1r2/2BAK1B2 b,-0.8380216,7107
2baka3/9/4b4/p1R5p/9/2P1P4/8P/6NR1/r3A4/2BAK1r2 w,0.84269166,6296
2baka3/9/4b4/p1R5p/9/2P1P4/8P/7R1/r3A4/2BAKNr2 b,-0.83289105,6534
2baka3/9/4b4/p1R5p/9/2P1P4/r7P/7R1/4A4/2BAKNr2 w,0.8500946,4268
2baka3/9/4b4/p1R5p/2P6/4P4/r7P/7R1/4A4/2BAKNr2 b,-0.8298007,4922
2baka3/9/4b4/p1R5p/2P6/4P4/8r/7R1/4A4/2BAKNr2 w,0.84509313,3459
2baka3/9/4b4/p1R5p/3P5/4P4/8r/7R1/4A4/2BAKNr2 b,-0.83920693,5669
2baka3/9/4b4/p1R5p/3P5/4P4/9/7R1/4A4/2BAKNr1r w,0.85082734,6334
2baka3/9/4b4/p1R4Rp/3P5/4P4/9/9/4A4/2BAKNr1r b,-0.842306,7881
2baka3/9/4b4/p1R4Rp/3P5/4P1r2/9/9/4A4/2BAKN2r w,0.85594684,4450
2baka3/9/4b4/p1R4Rp/3PP4/6r2/9/9/4A4/2BAKN2r b,-0.8428857,4677
2baka3/9/4b4/p1R4Rp/3PP4/9/9/9/4A4/2BAKNr1r w,0.8820955,3631
2baka3/9/4b4/p1R1P2Rp/3P5/9/9/9/4A4/2BAKNr1r b,-0.87574023,1986
2bakab2/9/9/p1R1P2Rp/3P5/9/9/9/4A4/2BAKNr1r w,0.88078773,2612
2Rakab2/9/9/p3P2Rp/3P5/9/9/9/4A4/2BAKNr1r b,-0.87219614,7872
2Rakab2/9/9/p3P2Rp/3P2r2/9/9/9/4A4/2BAKN2r w,0.9029578,3540
2Rakab2/9/9/p2PP2Rp/6r2/9/9/9/4A4/2BAKN2r b,-0.88992876,463
2Rak1b2/4a4/9/p2PP2Rp/6r2/9/9/9/4A4/2BAKN2r w,0.89770854,2721
2Rak1b2/4a4/3P5/p3P2Rp/6r2/9/9/9/4A4/2BAKN2r b,-0.86874497,1191
2Rak1b2/9/3a5/p3P2Rp/6r2/9/9/9/4A4/2BAKN2r w,0.869491,2812
2Rak1b2/9/3aP4/p6Rp/6r2/9/9/9/4A4/2BAKN2r b,-0.83209974,562
2Rak4/9/3ab4/p6Rp/6r2/9/9/9/4A4/2BAKN2r w,0.83953685,200
3ak4/9/2Rab4/p6Rp/6r2/9/9/9/4A4/2BAKN2r b,-0.81390816,283
4k4/4a4/2Rab4/p6Rp/6r2/9/9/9/4A4/2BAKN2r w,0.82787913,3091
4k4/4a4/2Rab4/p3R3p/6r2/9/9/9/4A4/2BAKN2r b,-0.8113636,3804
4k4/4a4/2Rab1r2/p3R3p/9/9/9/9/4A4/2BAKN2r w,0.8377611,1819
4k4/4a4/1R1ab1r2/p3R3p/9/9/9/9/4A4/2BAKN2r b,-0.8148769,365
5k3/4a4/1R1ab1r2/p3R3p/9/9/9/9/4A4/2BAKN2r w,0.82144207,1711
1R3k3/4a4/3ab1r2/p3R3p/9/9/9/9/4A4/2BAKN2r b,-0.82673234,464
1R7/4ak3/3ab1r2/p3R3p/9/9/9/9/4A4/2BAKN2r w,0.82914484,2822
1R7/4ak3/3ab1r2/p4R2p/9/9/9/9/4A4/2BAKN2r b,-0.83228475,2183
1R7/4ak3/3abr3/p4R2p/9/9/9/9/4A4/2BAKN2r w,0.8478659,2914
1R7/4ak3/3abr3/p6Rp/9/9/9/9/4A4/2BAKN2r b,-0.83144236,2147
1R7/4ak3/3ab4/p6Rp/9/9/9/9/4Ar3/2BAKN2r w,0.8364333,3076
1R7/4ak1R1/3ab4/p7p/9/9/9/9/4Ar3/2BAKN2r b,-0.83013105,1283
1R7/4a2R1/3abk3/p7p/9/9/9/9/4Ar3/2BAKN2r w,0.84304756,118
9/4a2R1/3abk3/pR6p/9/9/9/9/4Ar3/2BAKN2r b,-0.8380365,1175
5a3/7R1/3abk3/pR6p/9/9/9/9/4Ar3/2BAKN2r w,0.92374474,2553
5a3/7R1/3abk3/p5R1p/9/9/9/9/4Ar3/2BAKN2r b,-0.9144557,2022
5a3/7R1/3a1k3/p5R1p/6b2/9/9/9/4Ar3/2BAKN2r w,1,2994
rnbakabnr/9/1c5c1/p1p1p1p1p/9/9/P1P1P1P1P/1C5C1/9/RNBAKABNR w,0.8017992,5827
rnbakabnr/9/1c5c1/p1p1p1p1p/9/9/P1P1P1P1P/4C2C1/9/RNBAKABNR b,-0.80176365,110
r1bakabnr/9/1cn4c1/p1p1p1p1p/9/9/P1P1P1P1P/4C2C1/9/RNBAKABNR w,0.8018261,7445
r1bakabnr/9/1cn4c1/p1p1p1p1p/9/9/P1P1P1P1P/2N1C2C1/9/R1BAKABNR b,-0.80180895,562
r1baka1nr/9/1cn1b2c1/p1p1p1p1p/9/9/P1P1P1P1P/2N1C2C1/9/R1BAKABNR w,0.8019055,7372
r1baka1nr/9/1cn1b2c1/p1p1p1p1p/9/9/P1P1P1P1P/2N1C2C1/9/1RBAKABNR b,-0.80177355,1
1rbaka1nr/9/1cn1b2c1/p1p1p1p1p/9/9/P1P1P1P1P/2N1C2C1/9/1RBAKABNR w,0.80169904,6368
1rbaka1nr/9/1cn1b2c1/p1p1p1p1p/9/9/P1P1P1P1P/2N1CC3/9/1RBAKABNR b,-0.8012789,654
1rbaka2r/9/1cn1b1nc1/p1p1p1p1p/9/9/P1P1P1P1P/2N1CC3/9/1RBAKABNR w,0.8015751,7989
1rbaka2r/9/1cn1b1nc1/p1p1p1p1p/9/9/P1P1P1P1P/2N1CCN2/9/1RBAKAB1R b,-0.8013484,3012
1rbaka2r/9/1cn1b1nc1/p1p1p3p/6p2/9/P1P1P1P1P/2N1CCN2/9/1RBAKAB1R w,0.8018723,8098
1rbaka2r/9/1cn1b1nc1/p1p1p3p/6p2/9/P1P1P1P1P/2N1CCN2/9/1RBAKABR1 b,-0.8020184,727
1rbaka1r1/9/1cn1b1nc1/p1p1p3p/6p2/9/P1P1P1P1P/2N1CCN2/9/1RBAKABR1 w,0.80251306,5087
1rbaka1r1/9/1cn1b1nc1/p1p1p3p/6p2/2P6/P3P1P1P/2N1CCN2/9/1RBAKABR1 b,-0.8021549,1765
1rbaka1r1/9/2n1b1nc1/p1p1p3p/6p2/2P6/Pc2P1P1P/2N1CCN2/9/1RBAKABR1 w,0.8047727,5898
1rbaka1r1/9/2n1b1nc1/p1p1p3p/6p2/2PN5/Pc2P1P1P/4CCN2/9/1RBAKABR1 b,-0.8065378,2311
1rbaka1r1/9/2n1b1n2/p1p1p3p/6p2/2PN5/Pc2P1PcP/4CCN2/9/1RBAKABR1 w,0.80782646,6143
1rbaka1r1/9/2n1bCn2/p1p1p3p/6p2/2PN5/Pc2P1PcP/4C1N2/9/1RBAKABR1 b,-0.8084572,1986
1rbakabr1/9/2n2Cn2/p1p1p3p/6p2/2PN5/Pc2P1PcP/4C1N2/9/1RBAKABR1 w,0.81814575,4351
1rbakabr1/9/2n2Cn2/p1p1N3p/6p2/2P6/Pc2P1PcP/4C1N2/9/1RBAKABR1 b,-0.80477434,1831
1rbakabr1/9/5Cn2/p1p1n3p/6p2/2P6/Pc2P1PcP/4C1N2/9/1RBAKABR1 w,0.80503285,6061
1rbakabr1/9/5Cn2/p1p1C3p/6p2/2P6/Pc2P1PcP/6N2/9/1RBAKABR1 b,-0.79062665,109
2bakabr1/9/1r3Cn2/p1p1C3p/6p2/2P6/Pc2P1PcP/6N2/9/1RBAKABR1 w,0.8020568,2839
2bakabr1/9/1r3Cn2/p1p5p/6p2/2P1C4/Pc2P1PcP/6N2/9/1RBAKABR1 b,-0.79825854,1733
2bakabr1/9/5rn2/p1p5p/6p2/2P1C4/Pc2P1PcP/6N2/9/1RBAKABR1 w,0.8096117,7435
2bakabr1/9/5rn2/p1p5p/6p2/2P1C4/PR2P1PcP/6N2/9/2BAKABR1 b,-0.80746,2129
2bakabr1/9/6n2/p1p5p/6p2/2P1C4/PR2PrPcP/6N2/9/2BAKABR1 w,0.8157679,4987
2bakabr1/9/6n2/p1p5p/1R4p2/2P1C4/P3PrPcP/6N2/9/2BAKABR1 b,-0.80422866,2201
2bakabr1/9/9/p1p5p/1R3np2/2P1C4/P3PrPcP/6N2/9/2BAKABR1 w,0.82155794,7897
2bakabr1/9/9/p1p5p/1R3np2/2P1C4/P3PrPcP/4B1N2/9/2BAKA1R1 b,-0.8094536,3748
2bakabr1/9/9/p1p5p/1R4p2/2P1C4/P3nrPcP/4B1N2/9/2BAKA1R1 w,0.82676536,7816
2bakabr1/9/9/p1p5p/1R4p2/2P1C4/P3nrPcP/4B1N2/4A4/2BAK2R1 b,-0.8099637,5370
2bakabr1/9/9/p1p5p/1R4p2/2P1C4/P3n1rcP/4B1N2/4A4/2BAK2R1 w,0.8123444,3370
2bakabr1/9/9/p1p5p/4R1p2/2P1C4/P3n1rcP/4B1N2/4A4/2BAK2R1 b,-0.80899566,562
2baka1r1/9/4b4/p1p5p/4R1p2/2P1C4/P3n1rcP/4B1N2/4A4/2BAK2R1 w,0.81412286,6268
2baka1r1/9/4b4/p1p5p/4R1p2/2P1C4/P3N1rcP/4B4/4A4/2BAK2R1 b,-0.805575,5458
2baka1r1/9/4b4/p1p5p/4R1p2/2P1C4/P3r2cP/4B4/4A4/2BAK2R1 w,0.8185723,3622
2baka1r1/9/4R4/p1p5p/6p2/2P1C4/P3r2cP/4B4/4A4/2BAK2R1 b,-0.8284436,463
2bak2r1/4a4/4R4/p1p5p/6p2/2P1C4/P3r2cP/4B4/4A4/2BAK2R1 w,0.918849,2005
2bak2r1/4a4/7R1/p1p5p/6p2/2P1C4/P3r2cP/4B4/4A4/2BAK2R1 b,-0.9092128,5269
2bak2r1/4a4/7R1/p1p5p/6p2/2P1r4/P6cP/4B4/4A4/2BAK2R1 w,0.91269463,2257
2bak2R1/4a4/9/p1p5p/6p2/2P1r4/P6cP/4B4/4A4/2BAK2R1 b,-0.91296715,1175
2baka1R1/9/9/p1p5p/6p2/2P1r4/P6cP/4B4/4A4/2BAK2R1 w,0.91673416,691
2baka3/9/9/p1p5p/6p2/2P1r4/P6RP/4B4/4A4/2BAK2R1 b,-0.9181265,3831
2baka3/9/9/p1p5p/9/2P1r1p2/P6RP/4B4/4A4/2BAK2R1 w,0.91987133,5524
2baka3/9/9/p1p4Rp/9/2P1r1p2/P7P/4B4/4A4/2BAK2R1 b,-0.91959584,4468
2baka3/9/9/p1p4Rp/9/2P3p2/P3r3P/4B4/4A4/2BAK2R1 w,0.9268985,3089
2baka3/9/9/p1R5p/9/2P3p2/P3r3P/4B4/4A4/2BAK2R1 b,-0.926337,4650
2baka3/9/9/p1R5p/9/2P6/P3r1p1P/4B4/4A4/2BAK2R1 w,0.9334098,2612
2Raka3/9/9/p7p/9/2P6/P3r1p1P/4B4/4A4/2BAK2R1 b,-0.9339181,5469
2Raka3/9/9/p7p/9/2P6/P3r3P/4B1p2/4A4/2BAK2R1 w,0.9343831,200
3aka3/9/2R6/p7p/9/2P6/P3r3P/4B1p2/4A4/2BAK2R1 b,-0.9308939,6288
3aka3/9/2R6/p7p/9/2P6/P3r3P/4B4/4A1p2/2BAK2R1 w,0.9272313,1824
3aka3/9/6R2/p7p/9/2P6/P3r3P/4B4/4A1p2/2BAK2R1 b,-0.9234285,7097
3aka3/9/6R2/p7p/9/2P6/P3r3P/4B4/4Ap3/2BAK2R1 w,0.9313271,2183
3aka3/9/5R3/p7p/9/2P6/P3r3P/4B4/4Ap3/2BAK2R1 b,-0.9228982,5282
3aka3/9/5R3/p7p/9/2P6/P7r/4B4/4Ap3/2BAK2R1 w,0.9317924,2147
3aka3/9/9/p7p/9/2P6/P7r/4B4/4AR3/2BAK2R1 b,-0.9330518,5634
3aka3/9/9/p7p/9/2P6/r8/4B4/4AR3/2BAK2R1 w,0.94272935,7927
3aka1R1/9/9/p7p/9/2P6/r8/4B4/4AR3/2BAK4 b,-0.9361919,283
4ka1R1/4a4/9/p7p/9/2P6/r8/4B4/4AR3/2BAK4 w,0.9394654,664
4ka3/4a4/9/p6Rp/9/2P6/r8/4B4/4AR3/2BAK4 b,-0.9373733,4922
4ka3/4a4/9/p6Rp/9/2P6/8r/4B4/4AR3/2BAK4 w,0.9353292,3087
4ka3/4a4/9/R7p/9/2P6/8r/4B4/4AR3/2BAK4 b,-0.9414588,5669
4ka3/4a4/9/R7p/9/2P6/9/4B4/4AR3/2BAK3r w,0.943835,6926
4ka3/4a4/9/R7p/9/2P6/9/4B4/5R3/2BAKA2r b,-0.9420671,8054
4ka3/4a4/9/R7p/8r/2P6/9/4B4/5R3/2BAKA3 w,0.93882,2430
R3ka3/4a4/9/8p/8r/2P6/9/4B4/5R3/2BAKA3 b,-0.9345336,1173
R2aka3/9/9/8p/8r/2P6/9/4B4/5R3/2BAKA3 w,0.9365169,54
3aka3/9/9/8p/8r/2P6/R8/4B4/5R3/2BAKA3 b,-0.93301165,4000
3aka3/9/9/8p/4r4/2P6/R8/4B4/5R3/2BAKA3 w,0.93187135,4920
3aka3/9/9/8p/4r4/2P6/6R2/4B4/5R3/2BAKA3 b,-0.93171394,373
3a1a3/4k4/9/8p/4r4/2P6/6R2/4B4/5R3/2BAKA3 w,0.9385231,6998
3a1a3/4k4/9/8p/4r4/2P6/6R2/4BR3/9/2BAKA3 b,-0.92852813,3649
3a1a3/4k4/9/8p/9/2P1r4/6R2/4BR3/9/2BAKA3 w,0.95390487,6125
3a1R3/4k4/9/8p/9/2P1r4/6R2/4B4/9/2BAKA3 b,-0.9495244,4458
3a1R3/4k4/9/8p/9/2Pr5/6R2/4B4/9/2BAKA3 w,0.968461,457
3a3R1/4k4/9/8p/9/2Pr5/6R2/4B4/9/2BAKA3 b,-0.9518794,4370
3a3R1/4k4/9/8p/9/2P2r3/6R2/4B4/9/2BAKA3 w,0.9506955,646
3a5/4k2R1/9/8p/9/2P2r3/6R2/4B4/9/2BAKA3 b,-0.9532954,1174
3ak4/7R1/9/8p/9/2P2r3/6R2/4B4/9/2BAKA3 w,0.9644404,1519
3ak4/9/9/8p/9/2P2r3/6R2/4B4/7R1/2BAKA3 b,-0.9563691,4505
3akr3/9/9/8p/9/2P6/6R2/4B4/7R1/2BAKA3 w,0.9665674,4268
3akr3/9/9/8p/2P6/9/6R2/4B4/7R1/2BAKA3 b,-0.9623304,3194
3akr3/9/9/9/2P5p/9/6R2/4B4/7R1/2BAKA3 w,0.9718673,3449
3akr3/9/9/2P6/8p/9/6R2/4B4/7R1/2BAKA3 b,-0.9648571,482
3ak4/9/9/2P2r3/8p/9/6R2/4B4/7R1/2BAKA3 w,0.971391,2630
3ak4/9/2P6/5r3/8p/9/6R2/4B4/7R1/2BAKA3 b,-0.9739718,2903
3ak4/9/2P2r3/9/8p/9/6R2/4B4/7R1/2BAKA3 w,0.96871066,7117
3ak2R1/9/2P2r3/9/8p/9/6R2/4B4/9/2BAKA3 b,-0.96500915,2075
3akr1R1/9/2P6/9/8p/9/6R2/4B4/9/2BAKA3 w,0.9689988,655
3akr3/9/2P4R1/9/8p/9/6R2/4B4/9/2BAKA3 b,-0.9623312,482
3ak4/9/2P4R1/5r3/8p/9/6R2/4B4/9/2BAKA3 w,0.9680111,2272
3ak4/9/2P1R4/5r3/8p/9/6R2/4B4/9/2BAKA3 b,-0.9672874,365
3a1k3/9/2P1R4/5r3/8p/9/6R2/4B4/9/2BAKA3 w,0.96929485,2006
3a1k3/9/2P5R/5r3/8p/9/6R2/4B4/9/2BAKA3 b,-0.96476936,2966
3a1k3/9/2P5R/9/8p/9/6R2/4B4/9/2BAKr3 w,0.9703688,7726
3a1k3/9/2P5R/9/8p/9/6R2/4B4/4K4/2BA1r3 b,-0.97714543,7817
3a1k3/9/2P5R/9/8p/9/6R2/4B4/4Kr3/2BA5 w,0.979651,6925
3a1k3/9/2P5R/9/8p/9/6R2/4B4/5r3/2BAK4 b,-0.99959433,7016
3a1k3/9/2P5R/9/8p/9/6R2/4B4/9/2BAKr3 w,1,7726
rnbakabnr/9/1c5c1/p1p1p1p1p/9/9/P1P1P1P1P/1C5C1/9/RNBAKABNR w,0.8018177,5827
rnbakabnr/9/1c5c1/p1p1p1p1p/9/9/P1P1P1P1P/4C2C1/9/RNBAKABNR b,-0.80178356,110
r1bakabnr/9/1cn4c1/p1p1p1p1p/9/9/P1P1P1P1P/4C2C1/9/RNBAKABNR w,0.8018244,7445
r1bakabnr/9/1cn4c1/p1p1p1p1p/9/9/P1P1P1P1P/2N1C2C1/9/R1BAKABNR b,-0.8018406,562
r1baka1nr/9/1cn1b2c1/p1p1p1p1p/9/9/P1P1P1P1P/2N1C2C1/9/R1BAKABNR w,0.801942,7372
r1baka1nr/9/1cn1b2c1/p1p1p1p1p/9/9/P1P1P1P1P/2N1C2C1/9/1RBAKABNR b,-0.8017695,1
1rbaka1nr/9/1cn1b2c1/p1p1p1p1p/9/9/P1P1P1P1P/2N1C2C1/9/1RBAKABNR w,0.80169904,6368
1rbaka1nr/9/1cn1b2c1/p1p1p1p1p/9/9/P1P1P1P1P/2N1CC3/9/1RBAKABNR b,-0.80128306,654
1rbaka2r/9/1cn1b1nc1/p1p1p1p1p/9/9/P1P1P1P1P/2N1CC3/9/1RBAKABNR w,0.8016004,7989
1rbaka2r/9/1cn1b1nc1/p1p1p1p1p/9/9/P1P1P1P1P/2N1CCN2/9/1RBAKAB1R b,-0.8013706,3012
1rbaka2r/9/1cn1b1nc1/p1p1p3p/6p2/9/P1P1P1P1P/2N1CCN2/9/1RBAKAB1R w,0.801936,8098
1rbaka2r/9/1cn1b1nc1/p1p1p3p/6p2/9/P1P1P1P1P/2N1CCN2/9/1RBAKABR1 b,-0.80201733,727
1rbaka1r1/9/1cn1b1nc1/p1p1p3p/6p2/9/P1P1P1P1P/2N1CCN2/9/1RBAKABR1 w,0.80277467,5087
1rbaka1r1/9/1cn1b1nc1/p1p1p3p/6p2/2P6/P3P1P1P/2N1CCN2/9/1RBAKABR1 b,-0.8021536,1765
1rbaka1r1/9/2n1b1nc1/p1p1p3p/6p2/2P6/Pc2P1P1P/2N1CCN2/9/1RBAKABR1 w,0.8047839,5898
1rbaka1r1/9/2n1b1nc1/p1p1p3p/6p2/2PN5/Pc2P1P1P/4CCN2/9/1RBAKABR1 b,-0.80644923,2311
1rbaka1r1/9/2n1b1n2/p1p1p3p/6p2/2PN5/Pc2P1PcP/4CCN2/9/1RBAKABR1 w,0.80782646,6143
1rbaka1r1/9/2n1bCn2/p1p1p3p/6p2/2PN5/Pc2P1PcP/4C1N2/9/1RBAKABR1 b,-0.80890244,1986
1rbakabr1/9/2n2Cn2/p1p1p3p/6p2/2PN5/Pc2P1PcP/4C1N2/9/1RBAKABR1 w,0.81814575,4351
1rbakabr1/9/2n2Cn2/p1p1N3p/6p2/2P6/Pc2P1PcP/4C1N2/9/1RBAKABR1 b,-0.80481404,1831
1rbakabr1/9/5Cn2/p1p1n3p/6p2/2P6/Pc2P1PcP/4C1N2/9/1RBAKABR1 w,0.8050013,6061
1rbakabr1/9/5Cn2/p1p1C3p/6p2/2P6/Pc2P1PcP/6N2/9/1RBAKABR1 b,-0.79052716,109
2bakabr1/9/1r3Cn2/p1p1C3p/6p2/2P6/Pc2P1PcP/6N2/9/1RBAKABR1 w,0.8022862,2839
2bakabr1/9/1r3Cn2/p1p5p/6p2/2P1C4/Pc2P1PcP/6N2/9/1RBAKABR1 b,-0.7984221,1733
2bakabr1/9/5rn2/p1p5p/6p2/2P1C4/Pc2P1PcP/6N2/9/1RBAKABR1 w,0.8096117,7435
2bakabr1/9/5rn2/p1p5p/6p2/2P1C4/PR2P1PcP/6N2/9/2BAKABR1 b,-0.8074193,2129
2bakabr1/9/6n2/p1p5p/6p2/2P1C4/PR2PrPcP/6N2/9/2BAKABR1 w,0.8148311,4987
2bakabr1/9/6n2/p1p5p/1R4p2/2P1C4/P3PrPcP/6N2/9/2BAKABR1 b,-0.804734,2201
2bakabr1/9/9/p1p5p/1R3np2/2P1C4/P3PrPcP/6N2/9/2BAKABR1 w,0.82226706,7816
2bakabr1/9/9/p1p5p/1R3np2/2P1C4/P3PrPcP/6N2/4A4/2BAK1BR1 b,-0.81152034,3748
2bakabr1/9/9/p1p5p/1R4p2/2P1C4/P3nrPcP/6N2/4A4/2BAK1BR1 w,0.8233686,7897
2bakabr1/9/9/p1p5p/1R4p2/2P1C4/P3nrPcP/4B1N2/4A4/2BAK2R1 b,-0.80991066,5370
2bakabr1/9/9/p1p5p/1R4p2/2P1C4/P3n1rcP/4B1N2/4A4/2BAK2R1 w,0.8123444,3370
2bakabr1/9/9/p1p5p/4R1p2/2P1C4/P3n1rcP/4B1N2/4A4/2BAK2R1 b,-0.80743223,562
2baka1r1/9/4b4/p1p5p/4R1p2/2P1C4/P3n1rcP/4B1N2/4A4/2BAK2R1 w,0.81474406,6268
2baka1r1/9/4b4/p1p5p/4R1p2/2P1C4/P3N1rcP/4B4/4A4/2BAK2R1 b,-0.8051943,5458
2baka1r1/9/4b4/p1p5p/4R1p2/2P1C4/P3r2cP/4B4/4A4/2BAK2R1 w,0.8189958,3622
2baka1r1/9/4R4/p1p5p/6p2/2P1C4/P3r2cP/4B4/4A4/2BAK2R1 b,-0.84131014,463
2bak2r1/4a4/4R4/p1p5p/6p2/2P1C4/P3r2cP/4B4/4A4/2BAK2R1 w,0.9200455,2005
2bak2r1/4a4/7R1/p1p5p/6p2/2P1C4/P3r2cP/4B4/4A4/2BAK2R1 b,-0.90910995,5269
2bak2r1/4a4/7R1/p1p5p/6p2/2P1r4/P6cP/4B4/4A4/2BAK2R1 w,0.9128385,2257
2bak2R1/4a4/9/p1p5p/6p2/2P1r4/P6cP/4B4/4A4/2BAK2R1 b,-0.91296715,1175
2baka1R1/9/9/p1p5p/6p2/2P1r4/P6cP/4B4/4A4/2BAK2R1 w,0.91629905,691
2baka3/9/9/p1p5p/6p2/2P1r4/P6RP/4B4/4A4/2BAK2R1 b,-0.91747284,3831
2baka3/9/9/p1p5p/9/2P1r1p2/P6RP/4B4/4A4/2BAK2R1 w,0.92017984,5524
2baka3/9/9/p1p4Rp/9/2P1r1p2/P7P/4B4/4A4/2BAK2R1 b,-0.91954756,4468
2baka3/9/9/p1p4Rp/9/2P3p2/P3r3P/4B4/4A4/2BAK2R1 w,0.92719054,3089
2baka3/9/9/p1R5p/9/2P3p2/P3r3P/4B4/4A4/2BAK2R1 b,-0.9262348,4650
2baka3/9/9/p1R5p/9/2P6/P3r1p1P/4B4/4A4/2BAK2R1 w,0.935218,2612
2Raka3/9/9/p7p/9/2P6/P3r1p1P/4B4/4A4/2BAK2R1 b,-0.93370634,5469
2Raka3/9/9/p7p/9/2P6/P3r3P/4B1p2/4A4/2BAK2R1 w,0.9343831,200
3aka3/9/2R6/p7p/9/2P6/P3r3P/4B1p2/4A4/2BAK2R1 b,-0.9298327,6288
3aka3/9/2R6/p7p/9/2P6/P3r3P/4B4/4A1p2/2BAK2R1 w,0.927144,1824
3aka3/9/6R2/p7p/9/2P6/P3r3P/4B4/4A1p2/2BAK2R1 b,-0.9227772,7097
3aka3/9/6R2/p7p/9/2P6/P3r3P/4B4/4Ap3/2BAK2R1 w,0.9311334,2183
3aka3/9/5R3/p7p/9/2P6/P3r3P/4B4/4Ap3/2BAK2R1 b,-0.9231639,5282
3aka3/9/5R3/p7p/9/2P6/P7r/4B4/4Ap3/2BAK2R1 w,0.9318023,2147
3aka3/9/9/p7p/9/2P6/P7r/4B4/4AR3/2BAK2R1 b,-0.93857586,5634
3aka3/9/9/p7p/9/2P6/r8/4B4/4AR3/2BAK2R1 w,0.94272935,7927
3aka1R1/9/9/p7p/9/2P6/r8/4B4/4AR3/2BAK4 b,-0.9357207,283
4ka1R1/4a4/9/p7p/9/2P6/r8/4B4/4AR3/2BAK4 w,0.939981,664
4ka3/4a4/9/p6Rp/9/2P6/r8/4B4/4AR3/2BAK4 b,-0.9373997,4922
4ka3/4a4/9/p6Rp/9/2P6/8r/4B4/4AR3/2BAK4 w,0.93524885,3087
4ka3/4a4/9/R7p/9/2P6/8r/4B4/4AR3/2BAK4 b,-0.9415531,5669
4ka3/4a4/9/R7p/9/2P6/9/4B4/4AR3/2BAK3r w,0.9436236,6926
4ka3/4a4/9/R7p/9/2P6/9/4B4/5R3/2BAKA2r b,-0.9408896,8054
4ka3/4a4/9/R7p/8r/2P6/9/4B4/5R3/2BAKA3 w,0.9381569,2430
R3ka3/4a4/9/8p/8r/2P6/9/4B4/5R3/2BAKA3 b,-0.9345336,1173
R2aka3/9/9/8p/8r/2P6/9/4B4/5R3/2BAKA3 w,0.93548036,7005
R2aka3/9/9/8p/8r/2P6/9/4B4/3R5/2BAKA3 b,-0.9282262,463
R2ak4/4a4/9/8p/8r/2P6/9/4B4/3R5/2BAKA3 w,0.9355065,6823
R2ak4/4a4/9/8p/8r/2P6/9/4B4/1R7/2BAKA3 b,-0.9265143,4003
R2ak4/4a4/9/8p/7r1/2P6/9/4B4/1R7/2BAKA3 w,0.93013966,54
3ak4/4a4/9/8p/7r1/2P6/R8/4B4/1R7/2BAKA3 b,-0.9306183,3911
3ak4/4a4/9/8p/5r3/2P6/R8/4B4/1R7/2BAKA3 w,0.9388051,6648
3ak4/4a4/9/8p/5r3/2P6/R8/4B4/6R2/2BAKA3 b,-0.92371124,365
3a1k3/4a4/9/8p/5r3/2P6/R8/4B4/6R2/2BAKA3 w,0.9379956,7026
3a1kR2/4a4/9/8p/5r3/2P6/R8/4B4/9/2BAKA3 b,-0.9389515,464
3a2R2/4ak3/9/8p/5r3/2P6/R8/4B4/9/2BAKA3 w,0.9401487,4920
3a2R2/4ak3/9/8p/5r3/2P6/6R2/4B4/9/2BAKA3 b,-0.93036693,3729
3a2R2/4ak3/9/8p/3r5/2P6/6R2/4B4/9/2BAKA3 w,0.9431609,555
3a5/4akR2/9/8p/3r5/2P6/6R2/4B4/9/2BAKA3 b,-0.9327206,1265
3a1k3/4a1R2/9/8p/3r5/2P6/6R2/4B4/9/2BAKA3 w,0.9445585,5459
3a1k3/4a1R2/9/8p/3r5/2P6/5R3/4B4/9/2BAKA3 b,-0.93574667,1193
3a1k3/6R2/5a3/8p/3r5/2P6/5R3/4B4/9/2BAKA3 w,0.9363291,5333
3a1k3/6R2/5R3/8p/3r5/2P6/9/4B4/9/2BAKA3 b,-0.9571221,454
3ak4/6R2/5R3/8p/3r5/2P6/9/4B4/9/2BAKA3 w,0.9621478,2092
3ak4/6R2/4R4/8p/3r5/2P6/9/4B4/9/2BAKA3 b,-0.94999105,365
3a1k3/6R2/4R4/8p/3r5/2P6/9/4B4/9/2BAKA3 w,0.95885086,1383
3a1k3/9/4R4/6R1p/3r5/2P6/9/4B4/9/2BAKA3 b,-0.96155024,3551
3a1k3/9/4R4/6R1p/5r3/2P6/9/4B4/9/2BAKA3 w,0.95831543,2004
3a1k3/9/6R2/6R1p/5r3/2P6/9/4B4/9/2BAKA3 b,-0.968875,3776
3a1k3/9/6R2/6R1p/9/2P6/9/4B4/9/2BAKr3 w,0.95234853,7726
3a1k3/9/6R2/6R1p/9/2P6/9/4B4/4K4/2BA1r3 b,-0.9753179,7817
3a1k3/9/6R2/6R1p/9/2P6/9/4B4/4Kr3/2BA5 w,0.9654204,6925
3a1k3/9/6R2/6R1p/9/2P6/9/4B4/5r3/2BAK4 b,-0.95283955,7009
3a1k3/9/6R2/6R1p/9/2P6/9/4B4/7r1/2BAK4 w,0.96493715,4268
3a1k3/9/6R2/6R1p/2P6/9/9/4B4/7r1/2BAK4 b,-0.9542507,464
3a5/5k3/6R2/6R1p/2P6/9/9/4B4/7r1/2BAK4 w,0.95784414,2175
3a5/5kR2/9/6R1p/2P6/9/9/4B4/7r1/2BAK4 b,-0.95951325,1265
3a1k3/6R2/9/6R1p/2P6/9/9/4B4/7r1/2BAK4 w,0.9603988,1356
3a1kR2/9/9/6R1p/2P6/9/9/4B4/7r1/2BAK4 b,-0.96929634,464
3a2R2/5k3/9/6R1p/2P6/9/9/4B4/7r1/2BAK4 w,0.9759767,543
3R5/5k3/9/6R1p/2P6/9/9/4B4/7r1/2BAK4 b,-0.98220575,7198
3R5/5k3/9/6R1p/2P6/9/9/4B4/9/2BAK2r1 w,0.9880421,6117
3R5/5k3/9/6R1p/2P6/9/9/9/9/2BAK1Br1 b,-0.98326933,7945
3R5/5k3/7r1/6R1p/2P6/9/9/9/9/2BAK1B2 w,0.9963187,2985
3R5/5kR2/7r1/8p/2P6/9/9/9/9/2BAK1B2 b,-0.99533296,1283
3R5/6R2/5k1r1/8p/2P6/9/9/9/9/2BAK1B2 w,1,275
rnbakabnr/9/1c5c1/p1p1p1p1p/9/9/P1P1P1P1P/1C5C1/9/RNBAKABNR w,0.0018177032,5827
rnbakabnr/9/1c5c1/p1p1p1p1p/9/9/P1P1P1P1P/4C2C1/9/RNBAKABNR b,-0.0017677665,110
r1bakabnr/9/1cn4c1/p1p1p1p1p/9/9/P1P1P1P1P/4C2C1/9/RNBAKABNR w,0.0018213749,7445
r1bakabnr/9/1cn4c1/p1p1p1p1p/9/9/P1P1P1P1P/2N1C2C1/9/R1BAKABNR b,-0.0018089175,562
r1baka1nr/9/1cn1b2c1/p1p1p1p1p/9/9/P1P1P1P1P/2N1C2C1/9/R1BAKABNR w,0.001935196,7372
r1baka1nr/9/1cn1b2c1/p1p1p1p1p/9/9/P1P1P1P1P/2N1C2C1/9/1RBAKABNR b,-0.0017735482,1
1rbaka1nr/9/1cn1b2c1/p1p1p1p1p/9/9/P1P1P1P1P/2N1C2C1/9/1RBAKABNR w,0.0016935825,6368
1rbaka1nr/9/1cn1b2c1/p1p1p1p1p/9/9/P1P1P1P1P/2N1CC3/9/1RBAKABNR b,-0.0012857557,654
1rbaka2r/9/1cn1b1nc1/p1p1p1p1p/9/9/P1P1P1P1P/2N1CC3/9/1RBAKABNR w,0.0015868426,7989
1rbaka2r/9/1cn1b1nc1/p1p1p1p1p/9/9/P1P1P1P1P/2N1CCN2/9/1RBAKAB1R b,-0.0013483524,3012
1rbaka2r/9/1cn1b1nc1/p1p1p3p/6p2/9/P1P1P1P1P/2N1CCN2/9/1RBAKAB1R w,0.0018980503,8098
1rbaka2r/9/1cn1b1nc1/p1p1p3p/6p2/9/P1P1P1P1P/2N1CCN2/9/1RBAKABR1 b,-0.002004993,727
1rbaka1r1/9/1cn1b1nc1/p1p1p3p/6p2/9/P1P1P1P1P/2N1CCN2/9/1RBAKABR1 w,0.0027407885,5087
1rbaka1r1/9/1cn1b1nc1/p1p1p3p/6p2/2P6/P3P1P1P/2N1CCN2/9/1RBAKABR1 b,-0.0021535754,1765
1rbaka1r1/9/2n1b1nc1/p1p1p3p/6p2/2P6/Pc2P1P1P/2N1CCN2/9/1RBAKABR1 w,0.005126357,5898
1rbaka1r1/9/2n1b1nc1/p1p1p3p/6p2/2PN5/Pc2P1P1P/4CCN2/9/1RBAKABR1 b,-0.0064703347,2311
1rbaka1r1/9/2n1b1n2/p1p1p3p/6p2/2PN5/Pc2P1PcP/4CCN2/9/1RBAKABR1 w,0.00785389,6143
1rbaka1r1/9/2n1bCn2/p1p1p3p/6p2/2PN5/Pc2P1PcP/4C1N2/9/1RBAKABR1 b,-0.0090389615,1986
1rbakabr1/9/2n2Cn2/p1p1p3p/6p2/2PN5/Pc2P1PcP/4C1N2/9/1RBAKABR1 w,0.01805811,4351
1rbakabr1/9/2n2Cn2/p1p1N3p/6p2/2P6/Pc2P1PcP/4C1N2/9/1RBAKABR1 b,-0.0047743083,1831
1rbakabr1/9/5Cn2/p1p1n3p/6p2/2P6/Pc2P1PcP/4C1N2/9/1RBAKABR1 w,0.0050629857,6061
1rbakabr1/9/5Cn2/p1p1C3p/6p2/2P6/Pc2P1PcP/6N2/9/1RBAKABR1 b,0.009403348,109
2bakabr1/9/1r3Cn2/p1p1C3p/6p2/2P6/Pc2P1PcP/6N2/9/1RBAKABR1 w,0.0017855883,2839
2bakabr1/9/1r3Cn2/p1p5p/6p2/2P1C4/Pc2P1PcP/6N2/9/1RBAKABR1 b,0.0016442061,1733
2bakabr1/9/5rn2/p1p5p/6p2/2P1C4/Pc2P1PcP/6N2/9/1RBAKABR1 w,0.009611654,7435
2bakabr1/9/5rn2/p1p5p/6p2/2P1C4/PR2P1PcP/6N2/9/2BAKABR1 b,-0.007027888,2201
2bakabr1/9/5r3/p1p5p/5np2/2P1C4/PR2P1PcP/6N2/9/2BAKABR1 w,0.013821912,4987
2bakabr1/9/5r3/p1p5p/1R3np2/2P1C4/P3P1PcP/6N2/9/2BAKABR1 b,-0.008284581,3750
2bakabr1/9/5r3/p1p5p/1R4p2/2P1C4/P3P1ncP/6N2/9/2BAKABR1 w,0.019197656,3372
2bakabr1/9/5r3/p1p5p/6R2/2P1C4/P3P1ncP/6N2/9/2BAKABR1 b,-0.005437696,5449
2bakabr1/9/5r3/p1p5p/6R2/2P1n4/P3P2cP/6N2/9/2BAKABR1 w,0.0055981874,5269
2bakabr1/9/5r3/p1p5p/6R2/2P1P4/P6cP/6N2/9/2BAKABR1 b,0.00047535897,5560
2bakabr1/9/5r3/p1p5p/6R2/2P1P4/P7P/6Nc1/9/2BAKABR1 w,0.009682941,7999
2bakabr1/9/5r3/p1p5p/6R2/2P1P4/P7P/6Nc1/7R1/2BAKAB2 b,0.0017585278,2138
2bakabr1/9/9/p1p5p/6R2/2P1P4/P7P/5rNc1/7R1/2BAKAB2 w,0.00046977997,3813
2bakabr1/9/9/p1p3R1p/9/2P1P4/P7P/5rNc1/7R1/2BAKAB2 b,-0.0004974723,691
2bakab2/9/9/p1p3R1p/9/2P1P4/P6rP/5rNc1/7R1/2BAKAB2 w,0.014096093,2976
2bakaR2/9/9/p1p5p/9/2P1P4/P6rP/5rNc1/7R1/2BAKAB2 b,-0.0037906528,5548
2bakaR2/9/9/p1p5p/9/2P1P4/P3r3P/5rNc1/7R1/2BAKAB2 w,0.03422227,7816
2bakaR2/9/9/p1p5p/9/2P1P4/P3r3P/5rNc1/4A2R1/2BAK1B2 b,-0.020142853,6371
2bakaR2/9/9/p1p5p/9/2P1P4/P3r3P/5rN1c/4A2R1/2BAK1B2 w,0.051791288,7117
2bakaRR1/9/9/p1p5p/9/2P1P4/P3r3P/5rN1c/4A4/2BAK1B2 b,-0.06375833,6479
2bakaRR1/9/9/p1p5p/9/2P1P4/P3r3P/5rN2/4A4/2BAK1B1c w,0.08330424,7897
2bakaRR1/9/9/p1p5p/9/2P1P4/P3r3P/4BrN2/4A4/2BAK3c b,-0.07062908,6189
2bakaRR1/9/9/p1p5p/9/2P1P4/P3r3P/4B1r2/4A4/2BAK3c w,0.08565807,609
2baka1R1/9/9/p1p5p/9/2P1P4/P3r3P/4B1R2/4A4/2BAK3c b,-0.07613142,283
2b1ka1R1/4a4/9/p1p5p/9/2P1P4/P3r3P/4B1R2/4A4/2BAK3c w,0.09232252,6288
2b1ka1R1/4a4/9/p1p5p/9/2P1P4/P3r3P/4B4/4A1R2/2BAK3c b,-0.07632055,5282
2b1ka1R1/4a4/9/p1p5p/9/2P1P4/P7r/4B4/4A1R2/2BAK3c w,0.0829736,664
2b1ka3/4a4/9/p1p4Rp/9/2P1P4/P7r/4B4/4A1R2/2BAK3c b,-0.079951905,5634
2b1ka3/4a4/9/p1p4Rp/9/2P1P4/r8/4B4/4A1R2/2BAK3c w,0.08914258,3089
2b1ka3/4a4/9/p1R5p/9/2P1P4/r8/4B4/4A1R2/2BAK3c b,-0.08326774,4921
2b1ka3/4a4/9/p1R5p/9/2P1P4/7r1/4B4/4A1R2/2BAK3c w,0.091912985,2612
2R1ka3/4a4/9/p7p/9/2P1P4/7r1/4B4/4A1R2/2BAK3c b,-0.09271882,1173
2Raka3/9/9/p7p/9/2P1P4/7r1/4B4/4A1R2/2BAK3c w,0.09371214,209
3aka3/9/9/p1R5p/9/2P1P4/7r1/4B4/4A1R2/2BAK3c b,-0.047543265,5578
3aka3/9/9/p1R5p/9/2P1P4/9/4B4/4A1R2/2BAK2rc w,0.045180418,6926
3aka3/9/9/p1R5p/9/2P1P4/9/4B4/6R2/2BAKA1rc b,-0.023314787,7954
3aka3/9/9/p1R4rp/9/2P1P4/9/4B4/6R2/2BAKA2c w,0.022631574,7107
3aka3/9/9/p1R4rp/9/2P1P4/9/4B4/9/2BAKAR1c b,-0.0037957907,3089
3aka3/9/9/p1r5p/9/2P1P4/9/4B4/9/2BAKAR1c w,0.013218904,7919
3aka3/9/9/p1r5p/9/2P1P4/9/4B4/9/2BAKA2R b,-0.010417068,2641
3aka3/9/9/p3r3p/9/2P1P4/9/4B4/9/2BAKA2R w,0.012320566,8063
3aka3/9/9/p3r3p/9/2P1P3R/9/4B4/9/2BAKA3 b,-0.010493887,2466
3aka3/9/9/4r3p/p8/2P1P3R/9/4B4/9/2BAKA3 w,0.0108277565,4832
3aka3/9/9/4r3p/p8/2P1P4/8R/4B4/9/2BAKA3 b,-0.0092845205,2839
3aka3/9/9/8p/p8/2P1r4/8R/4B4/9/2BAKA3 w,0.01128645,5615
3aka3/9/9/8R/p8/2P1r4/9/4B4/9/2BAKA3 b,-0.008848286,3285
3aka3/9/9/8R/9/p1P1r4/9/4B4/9/2BAKA3 w,0.010750318,4268
3aka3/9/9/8R/2P6/p3r4/9/4B4/9/2BAKA3 b,-0.007448518,4450
3aka3/9/9/8R/2P1r4/p8/9/4B4/9/2BAKA3 w,0.00998149,3449
3aka3/9/9/2P5R/4r4/p8/9/4B4/9/2BAKA3 b,-0.010176671,4104
3aka3/9/9/2P5R/4r4/9/p8/4B4/9/2BAKA3 w,0.010948372,2630
3aka3/9/2P6/8R/4r4/9/p8/4B4/9/2BAKA3 b,-0.012344814,3622
3aka3/9/2P1r4/8R/9/9/p8/4B4/9/2BAKA3 w,0.01327188,1811
3aka3/2P6/4r4/8R/9/9/p8/4B4/9/2BAKA3 b,-0.01170131,1993
3aka3/2P1r4/9/8R/9/9/p8/4B4/9/2BAKA3 w,0.01816895,3179
3aka3/2P1r4/9/2R6/9/9/p8/4B4/9/2BAKA3 b,-0.011248362,4915
3aka3/2P1r4/9/2R6/9/9/1p7/4B4/9/2BAKA3 w,0.016718531,2630
3aka3/2P1r4/2R6/9/9/9/1p7/4B4/9/2BAKA3 b,-0.011192143,5014
3aka3/2P1r4/2R6/9/9/9/9/1p2B4/9/2BAKA3 w,0.016877318,1856
3aka3/2P1r4/9/9/9/9/2R6/1p2B4/9/2BAKA3 b,-0.014196503,5833
3aka3/2P1r4/9/9/9/9/2R6/4B4/1p7/2BAKA3 w,0.014986849,992
2Paka3/4r4/9/9/9/9/2R6/4B4/1p7/2BAKA3 b,-0.012219572,1182
2Paka3/3r5/9/9/9/9/2R6/4B4/1p7/2BAKA3 w,0.030306745,183
3Pka3/3r5/9/9/9/9/2R6/4B4/1p7/2BAKA3 b,-0.015525497,1083
3rka3/9/9/9/9/9/2R6/4B4/1p7/2BAKA3 w,0.016867066,7816
3rka3/9/9/9/9/9/2R6/4B4/1p2A4/2BAK4 b,-0.012226582,271
1r2ka3/9/9/9/9/9/2R6/4B4/1p2A4/2BAK4 w,0.011856461,5098
1r2ka3/9/9/9/9/9/4R4/4B4/1p2A4/2BAK4 b,-0.010650897,463
1r2k4/4a4/9/9/9/9/4R4/4B4/1p2A4/2BAK4 w,0.011235977,5276
1r2k4/4a4/9/9/9/9/2R6/4B4/1p2A4/2BAK4 b,0,1175
rnbakabnr/9/1c5c1/p1p1p1p1p/9/9/P1P1P1P1P/1C5C1/9/RNBAKABNR w,0.8018093,5827
rnbakabnr/9/1c5c1/p1p1p1p1p/9/9/P1P1P1P1P/4C2C1/9/RNBAKABNR b,-0.8017668,110
r1bakabnr/9/1cn4c1/p1p1p1p1p/9/9/P1P1P1P1P/4C2C1/9/RNBAKABNR w,0.8018302,7445
r1bakabnr/9/1cn4c1/p1p1p1p1p/9/9/P1P1P1P1P/2N1C2C1/9/R1BAKABNR b,-0.8018107,562
r1baka1nr/9/1cn1b2c1/p1p1p1p1p/9/9/P1P1P1P1P/2N1C2C1/9/R1BAKABNR w,0.8019055,7372
r1baka1nr/9/1cn1b2c1/p1p1p1p1p/9/9/P1P1P1P1P/2N1C2C1/9/1RBAKABNR b,-0.80176973,1
1rbaka1nr/9/1cn1b2c1/p1p1p1p1p/9/9/P1P1P1P1P/2N1C2C1/9/1RBAKABNR w,0.8017126,6368
1rbaka1nr/9/1cn1b2c1/p1p1p1p1p/9/9/P1P1P1P1P/2N1CC3/9/1RBAKABNR b,-0.8013083,654
1rbaka2r/9/1cn1b1nc1/p1p1p1p1p/9/9/P1P1P1P1P/2N1CC3/9/1RBAKABNR w,0.8016004,7989
1rbaka2r/9/1cn1b1nc1/p1p1p1p1p/9/9/P1P1P1P1P/2N1CCN2/9/1RBAKAB1R b,-0.8013682,3012
1rbaka2r/9/1cn1b1nc1/p1p1p3p/6p2/9/P1P1P1P1P/2N1CCN2/9/1RBAKAB1R w,0.8018736,8098
1rbaka2r/9/1cn1b1nc1/p1p1p3p/6p2/9/P1P1P1P1P/2N1CCN2/9/1RBAKABR1 b,-0.8020108,727
1rbaka1r1/9/1cn1b1nc1/p1p1p3p/6p2/9/P1P1P1P1P/2N1CCN2/9/1RBAKABR1 w,0.8027129,5087
1rbaka1r1/9/1cn1b1nc1/p1p1p3p/6p2/2P6/P3P1P1P/2N1CCN2/9/1RBAKABR1 b,-0.8022262,1765
1rbaka1r1/9/2n1b1nc1/p1p1p3p/6p2/2P6/Pc2P1P1P/2N1CCN2/9/1RBAKABR1 w,0.80514634,5898
1rbaka1r1/9/2n1b1nc1/p1p1p3p/6p2/2PN5/Pc2P1P1P/4CCN2/9/1RBAKABR1 b,-0.8063819,2311
1rbaka1r1/9/2n1b1n2/p1p1p3p/6p2/2PN5/Pc2P1PcP/4CCN2/9/1RBAKABR1 w,0.80788714,6143
1rbaka1r1/9/2n1bCn2/p1p1p3p/6p2/2PN5/Pc2P1PcP/4C1N2/9/1RBAKABR1 b,-0.8088873,1986
1rbakabr1/9/2n2Cn2/p1p1p3p/6p2/2PN5/Pc2P1PcP/4C1N2/9/1RBAKABR1 w,0.81814575,4351
1rbakabr1/9/2n2Cn2/p1p1N3p/6p2/2P6/Pc2P1PcP/4C1N2/9/1RBAKABR1 b,-0.804766,1831
1rbakabr1/9/5Cn2/p1p1n3p/6p2/2P6/Pc2P1PcP/4C1N2/9/1RBAKABR1 w,0.8050623,6061
1rbakabr1/9/5Cn2/p1p1C3p/6p2/2P6/Pc2P1PcP/6N2/9/1RBAKABR1 b,-0.79093283,109
2bakabr1/9/1r3Cn2/p1p1C3p/6p2/2P6/Pc2P1PcP/6N2/9/1RBAKABR1 w,0.8022862,2839
2bakabr1/9/1r3Cn2/p1p5p/6p2/2P1C4/Pc2P1PcP/6N2/9/1RBAKABR1 b,-0.79876643,1733
2bakabr1/9/5rn2/p1p5p/6p2/2P1C4/Pc2P1PcP/6N2/9/1RBAKABR1 w,0.80967,7435
2bakabr1/9/5rn2/p1p5p/6p2/2P1C4/PR2P1PcP/6N2/9/2BAKABR1 b,-0.8076672,2129
2bakabr1/9/6n2/p1p5p/6p2/2P1C4/PR2PrPcP/6N2/9/2BAKABR1 w,0.81437814,4987
2bakabr1/9/6n2/p1p5p/1R4p2/2P1C4/P3PrPcP/6N2/9/2BAKABR1 b,-0.8044979,2201
2bakabr1/9/9/p1p5p/1R3np2/2P1C4/P3PrPcP/6N2/9/2BAKABR1 w,0.8221642,7897
2bakabr1/9/9/p1p5p/1R3np2/2P1C4/P3PrPcP/4B1N2/9/2BAKA1R1 b,-0.8093116,3748
2bakabr1/9/9/p1p5p/1R4p2/2P1C4/P3nrPcP/4B1N2/9/2BAKA1R1 w,0.82621086,7816
2bakabr1/9/9/p1p5p/1R4p2/2P1C4/P3nrPcP/4B1N2/4A4/2BAK2R1 b,-0.809748,5370
2bakabr1/9/9/p1p5p/1R4p2/2P1C4/P3n1rcP/4B1N2/4A4/2BAK2R1 w,0.81248695,3370
2bakabr1/9/9/p1p5p/4R1p2/2P1C4/P3n1rcP/4B1N2/4A4/2BAK2R1 b,-0.8096836,562
2baka1r1/9/4b4/p1p5p/4R1p2/2P1C4/P3n1rcP/4B1N2/4A4/2BAK2R1 w,0.81341106,6268
2baka1r1/9/4b4/p1p5p/4R1p2/2P1C4/P3N1rcP/4B4/4A4/2BAK2R1 b,-0.80547047,5458
2baka1r1/9/4b4/p1p5p/4R1p2/2P1C4/P3r2cP/4B4/4A4/2BAK2R1 w,0.8182746,3622
2baka1r1/9/4R4/p1p5p/6p2/2P1C4/P3r2cP/4B4/4A4/2BAK2R1 b,-0.8341382,463
2bak2r1/4a4/4R4/p1p5p/6p2/2P1C4/P3r2cP/4B4/4A4/2BAK2R1 w,0.9212013,2005
2bak2r1/4a4/7R1/p1p5p/6p2/2P1C4/P3r2cP/4B4/4A4/2BAK2R1 b,-0.9066033,5269
2bak2r1/4a4/7R1/p1p5p/6p2/2P1r4/P6cP/4B4/4A4/2BAK2R1 w,0.912753,2257
2bak2R1/4a4/9/p1p5p/6p2/2P1r4/P6cP/4B4/4A4/2BAK2R1 b,-0.91296715,1175
2baka1R1/9/9/p1p5p/6p2/2P1r4/P6cP/4B4/4A4/2BAK2R1 w,0.91689634,691
2baka3/9/9/p1p5p/6p2/2P1r4/P6RP/4B4/4A4/2BAK2R1 b,-0.91747284,3831
2baka3/9/9/p1p5p/9/2P1r1p2/P6RP/4B4/4A4/2BAK2R1 w,0.9198367,5524
2baka3/9/9/p1p4Rp/9/2P1r1p2/P7P/4B4/4A4/2BAK2R1 b,-0.9233727,4650
2baka3/9/9/p1p4Rp/9/2P1r4/P5p1P/4B4/4A4/2BAK2R1 w,0.9298835,3089
2baka3/9/9/p1R5p/9/2P1r4/P5p1P/4B4/4A4/2BAK2R1 b,-0.9252964,4468
2baka3/9/9/p1R5p/9/2P6/P3r1p1P/4B4/4A4/2BAK2R1 w,0.93533933,2612
2Raka3/9/9/p7p/9/2P6/P3r1p1P/4B4/4A4/2BAK2R1 b,-0.9342205,5469
2Raka3/9/9/p7p/9/2P6/P3r3P/4B1p2/4A4/2BAK2R1 w,0.93460345,200
3aka3/9/2R6/p7p/9/2P6/P3r3P/4B1p2/4A4/2BAK2R1 b,-0.9298327,6288
3aka3/9/2R6/p7p/9/2P6/P3r3P/4B4/4A1p2/2BAK2R1 w,0.92739004,1824
3aka3/9/6R2/p7p/9/2P6/P3r3P/4B4/4A1p2/2BAK2R1 b,-0.922814,7097
3aka3/9/6R2/p7p/9/2P6/P3r3P/4B4/4Ap3/2BAK2R1 w,0.93137074,2183
3aka3/9/5R3/p7p/9/2P6/P3r3P/4B4/4Ap3/2BAK2R1 b,-0.92331606,5282
3aka3/9/5R3/p7p/9/2P6/P7r/4B4/4Ap3/2BAK2R1 w,0.93099666,2147
3aka3/9/9/p7p/9/2P6/P7r/4B4/4AR3/2BAK2R1 b,-0.9330328,5634
3aka3/9/9/p7p/9/2P6/r8/4B4/4AR3/2BAK2R1 w,0.94272935,7927
3aka1R1/9/9/p7p/9/2P6/r8/4B4/4AR3/2BAK4 b,-0.9381311,283
4ka1R1/4a4/9/p7p/9/2P6/r8/4B4/4AR3/2BAK4 w,0.9408761,664
4ka3/4a4/9/p6Rp/9/2P6/r8/4B4/4AR3/2BAK4 b,-0.939834,4920
4ka3/4a4/9/p6Rp/9/2P6/6r2/4B4/4AR3/2BAK4 w,0.9384973,3095
4ka3/4a4/9/p7R/9/2P6/6r2/4B4/4AR3/2BAK4 b,-0.93815815,5455
4ka3/4a4/9/p7R/9/2P6/1r7/4B4/4AR3/2BAK4 w,0.93508667,3177
4ka3/4a4/9/R8/9/2P6/1r7/4B4/4AR3/2BAK4 b,-0.93863624,5011
4ka3/4a4/9/R8/9/2P6/7r1/4B4/4AR3/2BAK4 w,0.9347272,2430
R3ka3/4a4/9/9/9/2P6/7r1/4B4/4AR3/2BAK4 b,-0.9306001,1173
R2aka3/9/9/9/9/2P6/7r1/4B4/4AR3/2BAK4 w,0.9307565,18
3aka3/9/R8/9/9/2P6/7r1/4B4/4AR3/2BAK4 b,-0.9364266,5578
3aka3/9/R8/9/9/2P6/9/4B4/4AR3/2BAK2r1 w,0.9394798,6926
3aka3/9/R8/9/9/2P6/9/4B4/5R3/2BAKA1r1 b,-0.9385516,7972
3aka3/9/R8/9/9/2P4r1/9/4B4/5R3/2BAKA3 w,0.9416361,1643
3aka3/9/5R3/9/9/2P4r1/9/4B4/5R3/2BAKA3 b,-0.9355919,4733
3aka3/9/5R3/9/9/2P5r/9/4B4/5R3/2BAKA3 w,0.9508866,2075
3akR3/9/9/9/9/2P5r/9/4B4/5R3/2BAKA3 b,-0.9526714,373
3a1R3/4k4/9/9/9/2P5r/9/4B4/5R3/2BAKA3 w,0.96387696,491
3a5/4k4/9/9/5R3/2P5r/9/4B4/5R3/2BAKA3 b,-0.9496499,4819
3a5/4k4/9/9/5R3/2P1r4/9/4B4/5R3/2BAKA3 w,0.9570594,4268
3a5/4k4/9/9/2P2R3/4r4/9/4B4/5R3/2BAKA3 b,-0.95802015,4441
3a5/4k4/9/4r4/2P2R3/9/9/4B4/5R3/2BAKA3 w,0.9610589,3704
3a5/4kR3/9/4r4/2P6/9/9/4B4/5R3/2BAKA3 b,-0.9459689,1174
3ak4/5R3/9/4r4/2P6/9/9/4B4/5R3/2BAKA3 w,0.9513863,1265
3akR3/9/9/4r4/2P6/9/9/4B4/5R3/2BAKA3 b,-0.9468408,373
3a1R3/4k4/9/4r4/2P6/9/9/4B4/5R3/2BAKA3 w,0.9565077,3449
3a1R3/4k4/9/2P1r4/9/9/9/4B4/5R3/2BAKA3 b,-0.93595636,2819
3a1R3/4k4/9/2r6/9/9/9/4B4/5R3/2BAKA3 w,0.9336817,464
3a5/4kR3/9/2r6/9/9/9/4B4/5R3/2BAKA3 b,-0.9393146,1174
3ak4/5R3/9/2r6/9/9/9/4B4/5R3/2BAKA3 w,0.9479244,1319
3ak4/9/9/2r6/9/9/5R3/4B4/5R3/2BAKA3 b,-0.94755346,2641
3ak4/9/9/4r4/9/9/5R3/4B4/5R3/2BAKA3 w,0.94880825,5315
3akR3/9/9/4r4/9/9/9/4B4/5R3/2BAKA3 b,-0.9389363,373
3a1R3/4k4/9/4r4/9/9/9/4B4/5R3/2BAKA3 w,0.95230746,453
3R5/4k4/9/4r4/9/9/9/4B4/5R3/2BAKA3 b,-0.95357615,2812
3R5/4k4/4r4/9/9/9/9/4B4/5R3/2BAKA3 w,0.957681,7003
3R5/4k4/4r4/9/9/9/9/4B4/1R7/2BAKA3 b,-0.94472593,2011
3R5/4k4/9/4r4/9/9/9/4B4/1R7/2BAKA3 w,0.95911515,6648
3R5/4k4/9/4r4/9/9/9/4B4/6R2/2BAKA3 b,-0.94696283,2848
3R5/4k4/9/9/9/9/4r4/4B4/6R2/2BAKA3 w,0.96350825,7053
3R5/4k4/9/6R2/9/9/4r4/4B4/9/2BAKA3 b,-0.9401656,1192
3R5/9/4k4/6R2/9/9/4r4/4B4/9/2BAKA3 w,0.9577517,272
2R6/9/4k4/6R2/9/9/4r4/4B4/9/2BAKA3 b,-0.9696474,1993
2R6/4k4/9/6R2/9/9/4r4/4B4/9/2BAKA3 w,0.99210614,191
9/2R1k4/9/6R2/9/9/4r4/4B4/9/2BAKA3 b,-0.992757,1174
4k4/2R6/9/6R2/9/9/4r4/4B4/9/2BAKA3 w,1,2976
rnbakabnr/9/1c5c1/p1p1p1p1p/9/9/P1P1P1P1P/1C5C1/9/RNBAKABNR w,0.0017991782,5827
rnbakabnr/9/1c5c1/p1p1p1p1p/9/9/P1P1P1P1P/4C2C1/9/RNBAKABNR b,-0.0017677665,110
r1bakabnr/9/1cn4c1/p1p1p1p1p/9/9/P1P1P1P1P/4C2C1/9/RNBAKABNR w,0.0018279552,7445
r1bakabnr/9/1cn4c1/p1p1p1p1p/9/9/P1P1P1P1P/2N1C2C1/9/R1BAKABNR b,-0.0018449068,562
r1baka1nr/9/1cn1b2c1/p1p1p1p1p/9/9/P1P1P1P1P/2N1C2C1/9/R1BAKABNR w,0.0019419909,7372
r1baka1nr/9/1cn1b2c1/p1p1p1p1p/9/9/P1P1P1P1P/2N1C2C1/9/1RBAKABNR b,-0.0017735482,1
1rbaka1nr/9/1cn1b2c1/p1p1p1p1p/9/9/P1P1P1P1P/2N1C2C1/9/1RBAKABNR w,0.0017125607,6368
1rbaka1nr/9/1cn1b2c1/p1p1p1p1p/9/9/P1P1P1P1P/2N1CC3/9/1RBAKABNR b,-0.0012889147,654
1rbaka2r/9/1cn1b1nc1/p1p1p1p1p/9/9/P1P1P1P1P/2N1CC3/9/1RBAKABNR w,0.0015823602,7989
1rbaka2r/9/1cn1b1nc1/p1p1p1p1p/9/9/P1P1P1P1P/2N1CCN2/9/1RBAKAB1R b,-0.0013483524,3012
1rbaka2r/9/1cn1b1nc1/p1p1p3p/6p2/9/P1P1P1P1P/2N1CCN2/9/1RBAKAB1R w,0.0018735885,8098
1rbaka2r/9/1cn1b1nc1/p1p1p3p/6p2/9/P1P1P1P1P/2N1CCN2/9/1RBAKABR1 b,-0.0019089461,727
1rbaka1r1/9/1cn1b1nc1/p1p1p3p/6p2/9/P1P1P1P1P/2N1CCN2/9/1RBAKABR1 w,0.0025175572,5087
1rbaka1r1/9/1cn1b1nc1/p1p1p3p/6p2/2P6/P3P1P1P/2N1CCN2/9/1RBAKABR1 b,-0.002183795,1765
1rbaka1r1/9/2n1b1nc1/p1p1p3p/6p2/2P6/Pc2P1P1P/2N1CCN2/9/1RBAKABR1 w,0.0052023414,5898
1rbaka1r1/9/2n1b1nc1/p1p1p3p/6p2/2PN5/Pc2P1P1P/4CCN2/9/1RBAKABR1 b,-0.0064264177,2311
1rbaka1r1/9/2n1b1n2/p1p1p3p/6p2/2PN5/Pc2P1PcP/4CCN2/9/1RBAKABR1 w,0.007887125,6143
1rbaka1r1/9/2n1bCn2/p1p1p3p/6p2/2PN5/Pc2P1PcP/4C1N2/9/1RBAKABR1 b,0.002494979,5006
1rbaka1r1/9/2n1bCn2/p1p1p3p/6p2/2PN5/P1c1P1PcP/4C1N2/9/1RBAKABR1 w,0.0044050454,7381
1Rbaka1r1/9/2n1bCn2/p1p1p3p/6p2/2PN5/P1c1P1PcP/4C1N2/9/2BAKABR1 b,-0.0045488835,1801
1nbaka1r1/9/4bCn2/p1p1p3p/6p2/2PN5/P1c1P1PcP/4C1N2/9/2BAKABR1 w,0.014015103,4351
1nbaka1r1/9/4bCn2/p1p1N3p/6p2/2P6/P1c1P1PcP/4C1N2/9/2BAKABR1 b,-0.00740124,2201
1nbaka1r1/9/4bC3/p1p1N3p/5np2/2P6/P1c1P1PcP/4C1N2/9/2BAKABR1 w,0.018101096,2832
1nbaka1r1/9/4bC3/p1p5p/5nN2/2P6/P1c1P1PcP/4C1N2/9/2BAKABR1 b,-0.009193969,283
1nb1ka1r1/4a4/4bC3/p1p5p/5nN2/2P6/P1c1P1PcP/4C1N2/9/2BAKABR1 w,0.012957525,2102
1nb1ka1r1/4a4/4b4/p1p2C2p/5nN2/2P6/P1c1P1PcP/4C1N2/9/2BAKABR1 b,-0.010202372,110
2b1ka1r1/4a4/2n1b4/p1p2C2p/5nN2/2P6/P1c1P1PcP/4C1N2/9/2BAKABR1 w,0.04484458,7981
2b1ka1r1/4a4/2n1b4/p1p2C2p/5nN2/2P6/P1c1P1PRP/4C1N2/9/2BAKAB2 b,-0.04089726,636
2b1kar2/4a4/2n1b4/p1p2C2p/5nN2/2P6/P1c1P1PRP/4C1N2/9/2BAKAB2 w,0.050086927,3805
2b1kar2/4a4/2n1b2N1/p1p2C2p/5n3/2P6/P1c1P1PRP/4C1N2/9/2BAKAB2 b,-0.030812979,564
2b1ka3/4a4/2n1b1rN1/p1p2C2p/5n3/2P6/P1c1P1PRP/4C1N2/9/2BAKAB2 w,0.04461384,5533
2b1ka3/4a4/2n1b1rN1/p1p2C2p/5n1R1/2P6/P1c1P1P1P/4C1N2/9/2BAKAB2 b,-0.025722027,3750
2b1ka3/4a4/2n1b1rN1/p1p2C2p/7R1/2P6/P1c1P1n1P/4C1N2/9/2BAKAB2 w,0.034176257,3904
2b1ka3/4a4/2n1b1rN1/p1p2C1Rp/9/2P6/P1c1P1n1P/4C1N2/9/2BAKAB2 b,-0.034923386,5467
2b1ka3/4a4/2n1b1rN1/p1p2C1Rp/9/2P6/P1c1P3P/4n1N2/9/2BAKAB2 w,0.04122932,7897
2b1ka3/4a4/2n1b1rN1/p1p2C1Rp/9/2P6/P1c1P3P/4B1N2/9/2BAKA3 b,-0.032785274,2229
2b1ka3/4a4/2n1b2N1/p1p2C1Rp/9/2P6/P1c1P3P/4B1r2/9/2BAKA3 w,0.047017314,2915
2b1ka3/4a4/2n1b2N1/p1p4RC/9/2P6/P1c1P3P/4B1r2/9/2BAKA3 b,-0.04307109,5102
2b1ka3/4a4/2n1b2N1/p1p4RC/9/2P6/P3P3c/4B1r2/9/2BAKA3 w,0.054849386,3158
2b1ka2C/4a4/2n1b2N1/p1p4R1/9/2P6/P3P3c/4B1r2/9/2BAKA3 b,-0.037480365,1986
2b1kab1C/4a4/2n4N1/p1p4R1/9/2P6/P3P3c/4B1r2/9/2BAKA3 w,0.04899013,2282
2b1kab1C/4a4/2n6/p1p2N1R1/9/2P6/P3P3c/4B1r2/9/2BAKA3 b,-0.03611821,5669
2b1kab1C/4a4/2n6/p1p2N1R1/9/2P6/P3P4/4B1r2/9/2BAKA2c w,0.042965796,7816
2b1kab1C/4a4/2n6/p1p2N1R1/9/2P6/P3P4/4B1r2/4A4/2BAK3c b,-0.03617412,6297
2b1kab1C/4a4/2n6/p1p2N1R1/9/2P6/P3P4/4B4/4A4/2BAK1r1c w,0.012689114,6926
2b1kab1C/4a4/2n6/p1p2N1R1/9/2P6/P3P4/4B4/9/2BAKAr1c b,0.0042103054,7863
2b1kab1C/4a4/2n6/p1p2NrR1/9/2P6/P3P4/4B4/9/2BAKA2c w,0.0034267902,3148
2b1kab1C/4a4/2n6/p1p2Nr2/9/2P6/P3P4/4B4/9/2BAKA1Rc b,0.008629227,3002
2b1kab1C/4a4/2n6/p1p2r3/9/2P6/P3P4/4B4/9/2BAKA1Rc w,0.0038934709,8009
2b1kab1C/4a4/2n6/p1p2r3/9/2P6/P3P4/4B4/9/2BAKA2R b,-0.0037307143,2913
2b1kab1C/4a4/2n6/p1p3r2/9/2P6/P3P4/4B4/9/2BAKA2R w,0.0034013987,727
2b1kabC1/4a4/2n6/p1p3r2/9/2P6/P3P4/4B4/9/2BAKA2R b,-0.0007498145,3004
2b1kabC1/4a4/2n6/p1p4r1/9/2P6/P3P4/4B4/9/2BAKA2R w,0.0023705007,638
2b1kab1C/4a4/2n6/p1p4r1/9/2P6/P3P4/4B4/9/2BAKA2R b,0.00025298595,1831
2b1kab1C/4a4/9/p1p1n2r1/9/2P6/P3P4/4B4/9/2BAKA2R w,0.009153939,8097
2b1kab1C/4a4/9/p1p1n2r1/9/2P6/P3P4/4B4/9/2BAKAR2 b,0.002814722,202
4kab1C/4a4/4b4/p1p1n2r1/9/2P6/P3P4/4B4/9/2BAKAR2 w,0.0072033643,7908
4kab1C/4a4/4b4/p1p1n2r1/9/2P6/P3P4/4B4/6R2/2BAKA3 b,-0.0003156543,2832
4kab1C/4a4/4b4/p1p4r1/6n2/2P6/P3P4/4B4/6R2/2BAKA3 w,0.008721876,7093
4kab1C/4a4/4b4/p1p4r1/6n2/2P6/P3P4/4B4/1R7/2BAKA3 b,-0.0024865388,3121
4kab1C/4a4/4b4/p1p6/6n2/2P6/P3P2r1/4B4/1R7/2BAKA3 w,0.007819295,6571
1R2kab1C/4a4/4b4/p1p6/6n2/2P6/P3P2r1/4B4/9/2BAKA3 b,-0.004679072,1173
1R1akab1C/9/4b4/p1p6/6n2/2P6/P3P2r1/4B4/9/2BAKA3 w,0.003969407,100
3akab1C/1R7/4b4/p1p6/6n2/2P6/P3P2r1/4B4/9/2BAKA3 b,0.0015495301,5548
3akab1C/1R7/4b4/p1p6/6n2/2P6/P3r4/4B4/9/2BAKA3 w,0.0038036585,914
3akab1C/5R3/4b4/p1p6/6n2/2P6/P3r4/4B4/9/2BAKA3 b,0.012128449,3805
3akab1C/5R3/4b2n1/p1p6/9/2P6/P3r4/4B4/9/2BAKA3 w,0.009329843,1265
3akRb1C/9/4b2n1/p1p6/9/2P6/P3r4/4B4/9/2BAKA3 b,-0.010055006,373
3a1Rb1C/4k4/4b2n1/p1p6/9/2P6/P3r4/4B4/9/2BAKA3 w,0.020056868,453
3R2b1C/4k4/4b2n1/p1p6/9/2P6/P3r4/4B4/9/2BAKA3 b,0.008828473,2258
3R2b1n/4k4/4b4/p1p6/9/2P6/P3r4/4B4/9/2BAKA3 w,-0.0030839206,300
6b1n/4k4/4b4/p1pR5/9/2P6/P3r4/4B4/9/2BAKA3 b,0.004516077,745
6b2/4k4/4b2n1/p1pR5/9/2P6/P3r4/4B4/9/2BAKA3 w,-0.0036340356,2729
6b2/4k4/4b2n1/p1R6/9/2P6/P3r4/4B4/9/2BAKA3 b,0.0023745538,5274
6b2/4k4/4b2n1/p1R6/9/2P6/r8/4B4/9/2BAKA3 w,-0.0000049233436,2644
6b2/4k4/4b2n1/p6R1/9/2P6/r8/4B4/9/2BAKA3 b,0.0041899444,2264
6b2/4kn3/4b4/p6R1/9/2P6/r8/4B4/9/2BAKA3 w,-0.0012441397,3088
6b2/4kn3/4b4/pR7/9/2P6/r8/4B4/9/2BAKA3 b,0.0068411827,1285
6b2/4k4/4b2n1/pR7/9/2P6/r8/4B4/9/2BAKA3 w,0,2554
rnbakabnr/9/1c5c1/p1p1p1p1p/9/9/P1P1P1P1P/1C5C1/9/RNBAKABNR w,0.001809311,5827
rnbakabnr/9/1c5c1/p1p1p1p1p/9/9/P1P1P1P1P/4C2C1/9/RNBAKABNR b,-0.0017762304,110
r1bakabnr/9/1cn4c1/p1p1p1p1p/9/9/P1P1P1P1P/4C2C1/9/RNBAKABNR w,0.0018176556,7445
r1bakabnr/9/1cn4c1/p1p1p1p1p/9/9/P1P1P1P1P/2N1C2C1/9/R1BAKABNR b,-0.0018352151,562
r1baka1nr/9/1cn1b2c1/p1p1p1p1p/9/9/P1P1P1P1P/2N1C2C1/9/R1BAKABNR w,0.001935196,7372
r1baka1nr/9/1cn1b2c1/p1p1p1p1p/9/9/P1P1P1P1P/2N1C2C1/9/1RBAKABNR b,-0.0017764926,1
1rbaka1nr/9/1cn1b2c1/p1p1p1p1p/9/9/P1P1P1P1P/2N1C2C1/9/1RBAKABNR w,0.0017125607,6368
1rbaka1nr/9/1cn1b2c1/p1p1p1p1p/9/9/P1P1P1P1P/2N1CC3/9/1RBAKABNR b,-0.0012760878,654
1rbaka2r/9/1cn1b1nc1/p1p1p1p1p/9/9/P1P1P1P1P/2N1CC3/9/1RBAKABNR w,0.0015865564,7989
1rbaka2r/9/1cn1b1nc1/p1p1p1p1p/9/9/P1P1P1P1P/2N1CCN2/9/1RBAKAB1R b,-0.001368165,3012
1rbaka2r/9/1cn1b1nc1/p1p1p3p/6p2/9/P1P1P1P1P/2N1CCN2/9/1RBAKAB1R w,0.0019109488,8098
1rbaka2r/9/1cn1b1nc1/p1p1p3p/6p2/9/P1P1P1P1P/2N1CCN2/9/1RBAKABR1 b,-0.0020106912,727
1rbaka1r1/9/1cn1b1nc1/p1p1p3p/6p2/9/P1P1P1P1P/2N1CCN2/9/1RBAKABR1 w,0.002513051,5087
1rbaka1r1/9/1cn1b1nc1/p1p1p3p/6p2/2P6/P3P1P1P/2N1CCN2/9/1RBAKABR1 b,-0.0021214485,1765
1rbaka1r1/9/2n1b1nc1/p1p1p3p/6p2/2P6/Pc2P1P1P/2N1CCN2/9/1RBAKABR1 w,0.005249858,5898
1rbaka1r1/9/2n1b1nc1/p1p1p3p/6p2/2PN5/Pc2P1P1P/4CCN2/9/1RBAKABR1 b,-0.006537807,2311
1rbaka1r1/9/2n1b1n2/p1p1p3p/6p2/2PN5/Pc2P1PcP/4CCN2/9/1RBAKABR1 w,0.007826424,6143
1rbaka1r1/9/2n1bCn2/p1p1p3p/6p2/2PN5/Pc2P1PcP/4C1N2/9/1RBAKABR1 b,-0.008799863,1986
1rbakabr1/9/2n2Cn2/p1p1p3p/6p2/2PN5/Pc2P1PcP/4C1N2/9/1RBAKABR1 w,0.018145729,4351
1rbakabr1/9/2n2Cn2/p1p1N3p/6p2/2P6/Pc2P1PcP/4C1N2/9/1RBAKABR1 b,-0.0047813295,1831
1rbakabr1/9/5Cn2/p1p1n3p/6p2/2P6/Pc2P1PcP/4C1N2/9/1RBAKABR1 w,0.005004931,6061
1rbakabr1/9/5Cn2/p1p1C3p/6p2/2P6/Pc2P1PcP/6N2/9/1RBAKABR1 b,0.009383273,109
2bakabr1/9/1r3Cn2/p1p1C3p/6p2/2P6/Pc2P1PcP/6N2/9/1RBAKABR1 w,0.0020567894,2839
2bakabr1/9/1r3Cn2/p1p5p/6p2/2P1C4/Pc2P1PcP/6N2/9/1RBAKABR1 b,0.0017187834,1733
2bakabr1/9/5rn2/p1p5p/6p2/2P1C4/Pc2P1PcP/6N2/9/1RBAKABR1 w,0.009631515,7435
2bakabr1/9/5rn2/p1p5p/6p2/2P1C4/PR2P1PcP/6N2/9/2BAKABR1 b,-0.0074192765,2129
2bakabr1/9/6n2/p1p5p/6p2/2P1C4/PR2PrPcP/6N2/9/2BAKABR1 w,0.014378118,4987
2bakabr1/9/6n2/p1p5p/1R4p2/2P1C4/P3PrPcP/6N2/9/2BAKABR1 b,-0.005188763,2201
2bakabr1/9/9/p1p5p/1R3np2/2P1C4/P3PrPcP/6N2/9/2BAKABR1 w,0.02197342,7897
2bakabr1/9/9/p1p5p/1R3np2/2P1C4/P3PrPcP/4B1N2/9/2BAKA1R1 b,-0.009573162,3748
2bakabr1/9/9/p1p5p/1R4p2/2P1C4/P3nrPcP/4B1N2/9/2BAKA1R1 w,0.026765322,7816
2bakabr1/9/9/p1p5p/1R4p2/2P1C4/P3nrPcP/4B1N2/4A4/2BAK2R1 b,-0.01012218,5370
2bakabr1/9/9/p1p5p/1R4p2/2P1C4/P3n1rcP/4B1N2/4A4/2BAK2R1 w,0.012486911,3370
2bakabr1/9/9/p1p5p/4R1p2/2P1C4/P3n1rcP/4B1N2/4A4/2BAK2R1 b,-0.007937479,562
2baka1r1/9/4b4/p1p5p/4R1p2/2P1C4/P3n1rcP/4B1N2/4A4/2BAK2R1 w,0.014799237,6268
2baka1r1/9/4b4/p1p5p/4R1p2/2P1C4/P3N1rcP/4B4/4A4/2BAK2R1 b,-0.00519433,5458
2baka1r1/9/4b4/p1p5p/4R1p2/2P1C4/P3r2cP/4B4/4A4/2BAK2R1 w,0.019642925,3631
2baka1r1/9/4b4/p1p1R3p/6p2/2P1C4/P3r2cP/4B4/4A4/2BAK2R1 b,0.0061688186,682
2baka3/9/4b4/p1p1R3p/6p2/2P1C2r1/P3r2cP/4B4/4A4/2BAK2R1 w,0.0013220072,2812
2baka3/9/4R4/p1p5p/6p2/2P1C2r1/P3r2cP/4B4/4A4/2BAK2R1 b,-0.007601559,463
2bak4/4a4/4R4/p1p5p/6p2/2P1C2r1/P3r2cP/4B4/4A4/2BAK2R1 w,0.021701908,2011
2bak4/4a4/9/p1p1R3p/6p2/2P1C2r1/P3r2cP/4B4/4A4/2BAK2R1 b,-0.013387906,4729
2bak4/4a4/9/p1p1R3p/6p2/2P1r4/P3r2cP/4B4/4A4/2BAK2R1 w,0.014314366,2839
2bak4/4a4/9/p1p5p/6p2/2P1R4/P3r2cP/4B4/4A4/2BAK2R1 b,-0.0054703476,5269
2bak4/4a4/9/p1p5p/6p2/2P1r4/P6cP/4B4/4A4/2BAK2R1 w,0.0062799216,7981
2bak4/4a4/9/p1p5p/6p2/2P1r4/P6RP/4B4/4A4/2BAK4 b,-0.0043067574,4432
2bak4/4a4/4r4/p1p5p/6p2/2P6/P6RP/4B4/4A4/2BAK4 w,0.0077106715,5524
2bak4/4a4/4r4/p1p4Rp/6p2/2P6/P7P/4B4/4A4/2BAK4 b,-0.0036018372,2038
2bak4/4a4/9/p1p4Rp/6p2/2P6/P3r3P/4B4/4A4/2BAK4 w,0.004495335,3095
2bak4/4a4/9/p1p5R/6p2/2P6/P3r3P/4B4/4A4/2BAK4 b,-0.0025862218,5274
2bak4/4a4/9/p1p5R/6p2/2P6/r7P/4B4/4A4/2BAK4 w,0.001941967,3179
2bak4/4a4/9/p1R6/6p2/2P6/r7P/4B4/4A4/2BAK4 b,-0.0009967446,4922
2bak4/4a4/9/p1R6/6p2/2P6/8r/4B4/4A4/2BAK4 w,0.0023591518,2612
2Rak4/4a4/9/p8/6p2/2P6/8r/4B4/4A4/2BAK4 b,-0.002909708,5669
2Rak4/4a4/9/p8/6p2/2P6/9/4B4/4A4/2BAK3r w,0.0049096826,6926
2Rak4/4a4/9/p8/6p2/2P6/9/4B4/9/2BAKA2r b,-0.0056172134,8090
2Rak4/4a4/9/p8/6p2/2P6/9/4B4/8r/2BAKA3 w,0.00966487,209
3ak4/4a4/9/p1R6/6p2/2P6/9/4B4/8r/2BAKA3 b,-0.0067643644,7253
3ak4/4a4/9/p1R6/6p2/2P5r/9/4B4/9/2BAKA3 w,0.01220541,2637
3ak4/4a4/9/R8/6p2/2P5r/9/4B4/9/2BAKA3 b,-0.009833217,4818
3ak4/4a4/9/R8/6p2/2Pr5/9/4B4/9/2BAKA3 w,0.010577775,2463
3ak4/4a4/9/6R2/6p2/2Pr5/9/4B4/9/2BAKA3 b,-0.007763028,4359
3ak4/4a4/9/6R2/3r2p2/2P6/9/4B4/9/2BAKA3 w,0.01264391,3005
3ak4/4a4/9/8R/3r2p2/2P6/9/4B4/9/2BAKA3 b,-0.007165873,1193
3ak4/9/5a3/8R/3r2p2/2P6/9/4B4/9/2BAKA3 w,0.008384562,3181
3ak4/9/5a3/4R4/3r2p2/2P6/9/4B4/9/2BAKA3 b,-0.008196629,2083
3ak4/4a4/9/4R4/3r2p2/2P6/9/4B4/9/2BAKA3 w,0.009106636,2823
3ak4/4a4/9/6R2/3r2p2/2P6/9/4B4/9/2BAKA3 b,-0.008368087,3551
3ak4/4a4/9/6R2/5rp2/2P6/9/4B4/9/2BAKA3 w,0.007901549,2976
3ak1R2/4a4/9/9/5rp2/2P6/9/4B4/9/2BAKA3 b,-0.008920359,1175
3akaR2/9/9/9/5rp2/2P6/9/4B4/9/2BAKA3 w,0.009741354,564
3aka3/9/6R2/9/5rp2/2P6/9/4B4/9/2BAKA3 b,-0.010017157,3831
3aka3/9/6R2/9/5r3/2P3p2/9/4B4/9/2BAKA3 w,0.014535165,2211
3aka3/9/9/9/5r3/2P3R2/9/4B4/9/2BAKA3 b,-0.011746526,283
4ka3/4a4/9/9/5r3/2P3R2/9/4B4/9/2BAKA3 w,0.012359977,4614
4ka3/4a4/6R2/9/5r3/2P6/9/4B4/9/2BAKA3 b,-0.00955981,3729
4ka3/4a4/6R2/9/3r5/2P6/9/4B4/9/2BAKA3 w,0.012224078,2180
4ka3/4a4/2R6/9/3r5/2P6/9/4B4/9/2BAKA3 b,-0.008743882,3540
4ka3/4a4/2R6/3r5/9/2P6/9/4B4/9/2BAKA3 w,0.012761831,4268
4ka3/4a4/2R6/3r5/2P6/9/9/4B4/9/2BAKA3 b,-0.012598849,2721
4ka3/4a4/2Rr5/9/2P6/9/9/4B4/9/2BAKA3 w,0.01594448,3449
4ka3/4a4/2Rr5/2P6/9/9/9/4B4/9/2BAKA3 b,-0.013318575,1910
4ka3/4a4/2r6/2P6/9/9/9/4B4/9/2BAKA3 w,0.013398481,2630
4ka3/4a4/2P6/9/9/9/9/4B4/9/2BAKA3 b,-0.01477716,363
3k1a3/4a4/2P6/9/9/9/9/4B4/9/2BAKA3 w,0.013658023,1811
3k1a3/2P1a4/9/9/9/9/9/4B4/9/2BAKA3 b,-0.013381458,274
4ka3/2P1a4/9/9/9/9/9/4B4/9/2BAKA3 w,0.013338781,1002
4ka3/3Pa4/9/9/9/9/9/4B4/9/2BAKA3 b,-0.011903859,1191
4ka3/3P5/3a5/9/9/9/9/4B4/9/2BAKA3 w,0.012180996,7816
4ka3/3P5/3a5/9/9/9/9/4B4/4A4/2BAK4 b,-0.011936021,463
4k4/3Pa4/3a5/9/9/9/9/4B4/4A4/2BAK4 w,0.010748386,7736
4k4/3Pa4/3a5/9/9/9/9/4B4/4A4/2BA1K3 b,-0.009644354,1193
4k4/3P5/3a1a3/9/9/9/9/4B4/4A4/2BA1K3 w,0.0038858652,7825
4k4/3P5/3a1a3/9/9/9/9/4B4/4A4/2BAK4 b,0,2083
rnbakabnr/9/1c5c1/p1p1p1p1p/9/9/P1P1P1P1P/1C5C1/9/RNBAKABNR w,0.0017991782,5827
rnbakabnr/9/1c5c1/p1p1p1p1p/9/9/P1P1P1P1P/4C2C1/9/RNBAKABNR b,-0.0017805815,110
r1bakabnr/9/1cn4c1/p1p1p1p1p/9/9/P1P1P1P1P/4C2C1/9/RNBAKABNR w,0.0018243551,7445
r1bakabnr/9/1cn4c1/p1p1p1p1p/9/9/P1P1P1P1P/2N1C2C1/9/R1BAKABNR b,-0.0018563032,562
r1baka1nr/9/1cn1b2c1/p1p1p1p1p/9/9/P1P1P1P1P/2N1C2C1/9/R1BAKABNR w,0.0019419909,7372
r1baka1nr/9/1cn1b2c1/p1p1p1p1p/9/9/P1P1P1P1P/2N1C2C1/9/1RBAKABNR b,-0.0017664075,1
1rbaka1nr/9/1cn1b2c1/p1p1p1p1p/9/9/P1P1P1P1P/2N1C2C1/9/1RBAKABNR w,0.0016990424,6368
1rbaka1nr/9/1cn1b2c1/p1p1p1p1p/9/9/P1P1P1P1P/2N1CC3/9/1RBAKABNR b,-0.0012789011,654
1rbaka2r/9/1cn1b1nc1/p1p1p1p1p/9/9/P1P1P1P1P/2N1CC3/9/1RBAKABNR w,0.0015946865,7989
1rbaka2r/9/1cn1b1nc1/p1p1p1p1p/9/9/P1P1P1P1P/2N1CCN2/9/1RBAKAB1R b,-0.0013823033,3012
1rbaka2r/9/1cn1b1nc1/p1p1p3p/6p2/9/P1P1P1P1P/2N1CCN2/9/1RBAKAB1R w,0.001875639,8098
1rbaka2r/9/1cn1b1nc1/p1p1p3p/6p2/9/P1P1P1P1P/2N1CCN2/9/1RBAKABR1 b,-0.002012527,727
1rbaka1r1/9/1cn1b1nc1/p1p1p3p/6p2/9/P1P1P1P1P/2N1CCN2/9/1RBAKABR1 w,0.002513051,5087
1rbaka1r1/9/1cn1b1nc1/p1p1p3p/6p2/2P6/P3P1P1P/2N1CCN2/9/1RBAKABR1 b,-0.002226162,1765
1rbaka1r1/9/2n1b1nc1/p1p1p3p/6p2/2P6/Pc2P1P1P/2N1CCN2/9/1RBAKABR1 w,0.0047115325,5898
1rbaka1r1/9/2n1b1nc1/p1p1p3p/6p2/2PN5/Pc2P1P1P/4CCN2/9/1RBAKABR1 b,-0.0063934685,2311
1rbaka1r1/9/2n1b1n2/p1p1p3p/6p2/2PN5/Pc2P1PcP/4CCN2/9/1RBAKABR1 w,0.007931757,6143
1rbaka1r1/9/2n1bCn2/p1p1p3p/6p2/2PN5/Pc2P1PcP/4C1N2/9/1RBAKABR1 b,-0.008902455,1986
1rbakabr1/9/2n2Cn2/p1p1p3p/6p2/2PN5/Pc2P1PcP/4C1N2/9/1RBAKABR1 w,0.018145729,4351
1rbakabr1/9/2n2Cn2/p1p1N3p/6p2/2P6/Pc2P1PcP/4C1N2/9/1RBAKABR1 b,-0.004875338,1831
1rbakabr1/9/5Cn2/p1p1n3p/6p2/2P6/Pc2P1PcP/4C1N2/9/1RBAKABR1 w,0.004961181,6061
1rbakabr1/9/5Cn2/p1p1C3p/6p2/2P6/Pc2P1PcP/6N2/9/1RBAKABR1 b,0.009019971,109
2bakabr1/9/1r3Cn2/p1p1C3p/6p2/2P6/Pc2P1PcP/6N2/9/1RBAKABR1 w,0.0019269943,2839
2bakabr1/9/1r3Cn2/p1p5p/6p2/2P1C4/Pc2P1PcP/6N2/9/1RBAKABR1 b,0.0012490749,1733
2bakabr1/9/5rn2/p1p5p/6p2/2P1C4/Pc2P1PcP/6N2/9/1RBAKABR1 w,0.009648657,7435
2bakabr1/9/5rn2/p1p5p/6p2/2P1C4/PR2P1PcP/6N2/9/2BAKABR1 b,-0.0064448714,2201
2bakabr1/9/5r3/p1p5p/5np2/2P1C4/PR2P1PcP/6N2/9/2BAKABR1 w,0.013566471,4987
2bakabr1/9/5r3/p1p5p/1R3np2/2P1C4/P3P1PcP/6N2/9/2BAKABR1 b,-0.008055556,3750
2bakabr1/9/5r3/p1p5p/1R4p2/2P1C4/P3P1ncP/6N2/9/2BAKABR1 w,0.019423319,3372
2bakabr1/9/5r3/p1p5p/6R2/2P1C4/P3P1ncP/6N2/9/2BAKABR1 b,-0.0054848315,5449
2bakabr1/9/5r3/p1p5p/6R2/2P1n4/P3P2cP/6N2/9/2BAKABR1 w,0.0057774307,5269
2bakabr1/9/5r3/p1p5p/6R2/2P1P4/P6cP/6N2/9/2BAKABR1 b,0.0005825758,5560
2bakabr1/9/5r3/p1p5p/6R2/2P1P4/P7P/6Nc1/9/2BAKABR1 w,0.00046768188,3813
2bakabr1/9/5r3/p1p3R1p/9/2P1P4/P7P/6Nc1/9/2BAKABR1 b,0.0056506633,2138
2bakabr1/9/9/p1p3R1p/9/2P1P4/P7P/5rNc1/9/2BAKABR1 w,0.015428877,7816
2bakabr1/9/9/p1p3R1p/9/2P1P4/P7P/5rNc1/4A4/2BAK1BR1 b,-0.008081007,6179
2bakabr1/9/9/p1p3R1p/9/2P1P4/P4r2P/6Nc1/4A4/2BAK1BR1 w,0.01764412,6262
2bakabr1/9/9/p1p3R1p/9/2P1P2N1/P4r2P/7c1/4A4/2BAK1BR1 b,0.012503696,682
2bakab2/9/9/p1p3R1p/9/2P1P2r1/P4r2P/7c1/4A4/2BAK1BR1 w,-0.0092958575,2976
2bakaR2/9/9/p1p5p/9/2P1P2r1/P4r2P/7c1/4A4/2BAK1BR1 b,0.021408034,6361
2bakaR2/9/9/p1p5p/9/2P1P2r1/P4r1cP/9/4A4/2BAK1BR1 w,-0.0139299035,573
2baka3/9/9/p1p3R1p/9/2P1P2r1/P4r1cP/9/4A4/2BAK1BR1 b,0.025752116,4729
2baka3/9/9/p1p3R1p/9/2P1r4/P4r1cP/9/4A4/2BAK1BR1 w,-0.009759081,7897
2baka3/9/9/p1p3R1p/9/2P1r4/P4r1cP/4B4/4A4/2BAK2R1 b,0.019849015,5544
2baka3/9/9/p1p3R1p/9/2P1r4/c4r2P/4B4/4A4/2BAK2R1 w,-0.0135883335,2999
2baka3/9/9/p1R5p/9/2P1r4/c4r2P/4B4/4A4/2BAK2R1 b,0.019124294,5372
2baka3/9/9/p1R5p/9/2P1r4/c7r/4B4/4A4/2BAK2R1 w,-0.01552881,2637
2baka3/9/9/R7p/9/2P1r4/c7r/4B4/4A4/2BAK2R1 b,0.023667527,4918
2baka3/9/9/R7p/9/2P1r4/4c3r/4B4/4A4/2BAK2R1 w,-0.026972592,2462
2baka3/9/9/5R2p/9/2P1r4/4c3r/4B4/4A4/2BAK2R1 b,0.03520608,4457
2baka3/9/9/5R2p/9/2r6/4c3r/4B4/4A4/2BAK2R1 w,-0.012505079,2911
2baka3/9/9/4R3p/9/2r6/4c3r/4B4/4A4/2BAK2R1 b,0.0131082535,283
2b1ka3/4a4/9/4R3p/9/2r6/4c3r/4B4/4A4/2BAK2R1 w,0.0045155766,2848
2b1ka3/4a4/9/8p/9/2r6/4R3r/4B4/4A4/2BAK2R1 b,0.0028970242,5638
2b1ka3/4a4/9/8p/9/2r6/4r4/4B4/4A4/2BAK2R1 w,0.0016158819,6077
2b1ka3/4a4/9/8p/9/2B6/4r4/9/4A4/2BAK2R1 b,-0.001445818,5279
2b1ka3/4a4/9/8p/9/2B6/5r3/9/4A4/2BAK2R1 w,0.000046348574,8006
2b1ka3/4a4/9/8p/9/2B6/5r3/9/4A4/2BAKR3 b,0.000793767,5396
2b1ka3/4a4/9/8p/9/2B6/9/9/4A4/2BAKr3 w,-0.00031067134,6926
2b1ka3/4a4/9/8p/9/2B6/9/9/9/2BAKA3 b,0.00047168732,3194
2b1ka3/4a4/9/9/8p/2B6/9/9/9/2BAKA3 w,-0.0009489298,4297
2b1ka3/4a4/9/9/8p/9/9/4B4/9/2BAKA3 b,-0.0002743721,1193
2b1ka3/9/5a3/9/8p/9/9/4B4/9/2BAKA3 w,-0.00094147923,7533
2b1ka3/9/5a3/9/8p/9/9/B3B4/9/3AKA3 b,0.00033013822,198
4ka3/9/b4a3/9/8p/9/9/B3B4/9/3AKA3 w,-0.0003884077,5753
4ka3/9/b4a3/9/8p/9/9/4B4/9/2BAKA3 b,0.00019083024,2083
4ka3/4a4/b8/9/8p/9/9/4B4/9/2BAKA3 w,-0.000049757957,6117
4ka3/4a4/b8/9/8p/9/9/9/9/2BAKAB2 b,0.00028920174,363
3k1a3/4a4/b8/9/8p/9/9/9/9/2BAKAB2 w,-0.0013239265,7897
3k1a3/4a4/b8/9/8p/9/9/4B4/9/2BAKA3 b,0.001630187,282
5a3/3ka4/b8/9/8p/9/9/4B4/9/2BAKA3 w,-0.0013533116,7533
5a3/3ka4/b8/9/8p/9/9/B3B4/9/3AKA3 b,0.0023398162,4013
5a3/3ka4/b8/9/9/8p/9/B3B4/9/3AKA3 w,-0.001421392,5753
5a3/3ka4/b8/9/9/8p/9/4B4/9/2BAKA3 b,0.0011849165,1191
5a3/3k5/b2a5/9/9/8p/9/4B4/9/2BAKA3 w,-0.00071799755,6117
5a3/3k5/b2a5/9/9/8p/9/9/9/2BAKAB2 b,-0.00032916068,1658
5a3/3k5/3a5/9/2b6/8p/9/9/9/2BAKAB2 w,-0.0005604983,7897
5a3/3k5/3a5/9/2b6/8p/9/4B4/9/2BAKA3 b,0.0006910086,1093
5a3/4k4/3a5/9/2b6/8p/9/4B4/9/2BAKA3 w,-0.0011233211,7533
5a3/4k4/3a5/9/2b6/8p/9/B3B4/9/3AKA3 b,0.0018945932,4822
5a3/4k4/3a5/9/2b6/7p1/9/B3B4/9/3AKA3 w,-0.001452291,5753
5a3/4k4/3a5/9/2b6/7p1/9/4B4/9/2BAKA3 b,0.0004868269,1174
4ka3/9/3a5/9/2b6/7p1/9/4B4/9/2BAKA3 w,-0.0008477807,7533
4ka3/9/3a5/9/2b6/7p1/9/B3B4/9/3AKA3 b,0.0009786844,4741
4ka3/9/3a5/9/2b6/9/7p1/B3B4/9/3AKA3 w,-0.0008134365,5753
4ka3/9/3a5/9/2b6/9/7p1/4B4/9/2BAKA3 b,0.0004616499,5550
4ka3/9/3a5/9/2b6/9/6p2/4B4/9/2BAKA3 w,-0.0019621016,7726
4ka3/9/3a5/9/2b6/9/6p2/4B4/4K4/2BA1A3 b,0.0015710831,5469
4ka3/9/3a5/9/2b6/9/9/4B1p2/4K4/2BA1A3 w,-0.00023428202,6925
4ka3/9/3a5/9/2b6/9/9/4B1p2/9/2BAKA3 b,0.000975132,6280
4ka3/9/3a5/9/2b6/9/9/4B2p1/9/2BAKA3 w,-0.0009663701,7533
4ka3/9/3a5/9/2b6/9/9/B3B2p1/9/3AKA3 b,0.00041029454,6369
4ka3/9/3a5/9/2b6/9/9/B3B1p2/9/3AKA3 w,-0.0012216329,7816
4ka3/9/3a5/9/2b6/9/9/B3B1p2/4A4/3AK4 b,0.0010047198,6288
4ka3/9/3a5/9/2b6/9/9/B3B4/4A1p2/3AK4 w,-0.0006063819,5753
4ka3/9/3a5/9/2b6/9/9/4B4/4A1p2/2BAK4 b,0.0011443138,7097
4ka3/9/3a5/9/2b6/9/9/4B4/4Ap3/2BAK4 w,-0.0007224679,6908
4ka3/9/3a5/9/2b6/9/9/4BA3/5p3/2BAK4 b,0.0012400628,373
5a3/4k4/3a5/9/2b6/9/9/4BA3/5p3/2BAK4 w,-0.0010589242,7636
5a3/4k4/3a5/9/2b6/9/9/4BA3/4Ap3/2B1K4 b,0.0005881548,1174
4ka3/9/3a5/9/2b6/9/9/4BA3/4Ap3/2B1K4 w,-0.00096719264,7734
4ka3/9/3a5/9/2b6/9/9/4BA3/4Ap3/2BK5 b,0.0010807276,463
4k4/4a4/3a5/9/2b6/9/9/4BA3/4Ap3/2BK5 w,-0.0012001753,6081
4k4/4a4/3a5/9/2b6/6B2/9/5A3/4Ap3/2BK5 b,0.0013119936,1173
3ak4/9/3a5/9/2b6/6B2/9/5A3/4Ap3/2BK5 w,-0.0005270839,4657
3ak4/9/3a5/9/2b6/9/9/4BA3/4Ap3/2BK5 b,0.0009722233,7008
3ak4/9/3a5/9/2b6/9/9/4BA3/4A1p2/2BK5 w,-0.0007268429,7533
3ak4/9/3a5/9/2b6/9/9/B3BA3/4A1p2/3K5 b,0.0006667852,7097
3ak4/9/3a5/9/2b6/9/9/B3BA3/4Ap3/3K5 w,-0.0008645177,6077
3ak4/9/3a5/9/2b6/2B6/9/B4A3/4Ap3/3K5 b,0.0008968115,283
4k4/4a4/3a5/9/2b6/2B6/9/B4A3/4Ap3/3K5 w,-0.0011560798,5753
4k4/4a4/3a5/9/2b6/2B6/9/5A3/4Ap3/2BK5 b,0.0021559,1193
4k4/9/3a1a3/9/2b6/2B6/9/5A3/4Ap3/2BK5 w,-0.001303494,4297
4k4/9/3a1a3/9/2b6/9/9/4BA3/4Ap3/2BK5 b,0.0012982608,1903
4k4/4a4/5a3/9/2b6/9/9/4BA3/4Ap3/2BK5 w,-0.0012075544,7533
4k4/4a4/5a3/9/2b6/9/9/B3BA3/4Ap3/3K5 b,0.001766324,1191
4k4/9/3a1a3/9/2b6/9/9/B3BA3/4Ap3/3K5 w,0,5753
rnbakabnr/9/1c5c1/p1p1p1p1p/9/9/P1P1P1P1P/1C5C1/9/RNBAKABNR w,0.8017992,5827
rnbakabnr/9/1c5c1/p1p1p1p1p/9/9/P1P1P1P1P/4C2C1/9/RNBAKABNR b,-0.8017682,110
r1bakabnr/9/1cn4c1/p1p1p1p1p/9/9/P1P1P1P1P/4C2C1/9/RNBAKABNR w,0.80181766,7445
r1bakabnr/9/1cn4c1/p1p1p1p1p/9/9/P1P1P1P1P/2N1C2C1/9/R1BAKABNR b,-0.80183524,562
r1baka1nr/9/1cn1b2c1/p1p1p1p1p/9/9/P1P1P1P1P/2N1C2C1/9/R1BAKABNR w,0.801942,7372
r1baka1nr/9/1cn1b2c1/p1p1p1p1p/9/9/P1P1P1P1P/2N1C2C1/9/1RBAKABNR b,-0.801778,1
1rbaka1nr/9/1cn1b2c1/p1p1p1p1p/9/9/P1P1P1P1P/2N1C2C1/9/1RBAKABNR w,0.8016867,6368
1rbaka1nr/9/1cn1b2c1/p1p1p1p1p/9/9/P1P1P1P1P/2N1CC3/9/1RBAKABNR b,-0.8012789,654
1rbaka2r/9/1cn1b1nc1/p1p1p1p1p/9/9/P1P1P1P1P/2N1CC3/9/1RBAKABNR w,0.8015947,7989
1rbaka2r/9/1cn1b1nc1/p1p1p1p1p/9/9/P1P1P1P1P/2N1CCN2/9/1RBAKAB1R b,-0.8013682,3012
1rbaka2r/9/1cn1b1nc1/p1p1p3p/6p2/9/P1P1P1P1P/2N1CCN2/9/1RBAKAB1R w,0.8018736,8098
1rbaka2r/9/1cn1b1nc1/p1p1p3p/6p2/9/P1P1P1P1P/2N1CCN2/9/1RBAKABR1 b,-0.80202866,727
1rbaka1r1/9/1cn1b1nc1/p1p1p3p/6p2/9/P1P1P1P1P/2N1CCN2/9/1RBAKABR1 w,0.8027678,5087
1rbaka1r1/9/1cn1b1nc1/p1p1p3p/6p2/2P6/P3P1P1P/2N1CCN2/9/1RBAKABR1 b,-0.8021624,1765
1rbaka1r1/9/2n1b1nc1/p1p1p3p/6p2/2P6/Pc2P1P1P/2N1CCN2/9/1RBAKABR1 w,0.80513823,5898
1rbaka1r1/9/2n1b1nc1/p1p1p3p/6p2/2PN5/Pc2P1P1P/4CCN2/9/1RBAKABR1 b,-0.8064419,2311
1rbaka1r1/9/2n1b1n2/p1p1p3p/6p2/2PN5/Pc2P1PcP/4CCN2/9/1RBAKABR1 w,0.8079292,6143
1rbaka1r1/9/2n1bCn2/p1p1p3p/6p2/2PN5/Pc2P1PcP/4C1N2/9/1RBAKABR1 b,-0.8084572,1986
1rbakabr1/9/2n2Cn2/p1p1p3p/6p2/2PN5/Pc2P1PcP/4C1N2/9/1RBAKABR1 w,0.81814575,4351
1rbakabr1/9/2n2Cn2/p1p1N3p/6p2/2P6/Pc2P1PcP/4C1N2/9/1RBAKABR1 b,-0.8047813,1831
1rbakabr1/9/5Cn2/p1p1n3p/6p2/2P6/Pc2P1PcP/4C1N2/9/1RBAKABR1 w,0.8050396,6061
1rbakabr1/9/5Cn2/p1p1C3p/6p2/2P6/Pc2P1PcP/6N2/9/1RBAKABR1 b,-0.79098004,109
2bakabr1/9/1r3Cn2/p1p1C3p/6p2/2P6/Pc2P1PcP/6N2/9/1RBAKABR1 w,0.80187976,2839
2bakabr1/9/1r3Cn2/p1p5p/6p2/2P1C4/Pc2P1PcP/6N2/9/1RBAKABR1 b,-0.7988056,1733
2bakabr1/9/5rn2/p1p5p/6p2/2P1C4/Pc2P1PcP/6N2/9/1RBAKABR1 w,0.80965346,7435
2bakabr1/9/5rn2/p1p5p/6p2/2P1C4/PR2P1PcP/6N2/9/2BAKABR1 b,-0.8070279,2201
2bakabr1/9/5r3/p1p5p/5np2/2P1C4/PR2P1PcP/6N2/9/2BAKABR1 w,0.8140284,4987
2bakabr1/9/5r3/p1p5p/1R3np2/2P1C4/P3P1PcP/6N2/9/2BAKABR1 b,-0.80802184,3750
2bakabr1/9/5r3/p1p5p/1R4p2/2P1C4/P3P1ncP/6N2/9/2BAKABR1 w,0.8189175,3372
2bakabr1/9/5r3/p1p5p/6R2/2P1C4/P3P1ncP/6N2/9/2BAKABR1 b,-0.80548483,5449
2bakabr1/9/5r3/p1p5p/6R2/2P1n4/P3P2cP/6N2/9/2BAKABR1 w,0.8058268,5269
2bakabr1/9/5r3/p1p5p/6R2/2P1P4/P6cP/6N2/9/2BAKABR1 b,-0.7993193,5560
2bakabr1/9/5r3/p1p5p/6R2/2P1P4/P7P/6Nc1/9/2BAKABR1 w,0.8098527,7999
2bakabr1/9/5r3/p1p5p/6R2/2P1P4/P7P/6Nc1/7R1/2BAKAB2 b,-0.7984724,2138
2bakabr1/9/9/p1p5p/6R2/2P1P4/P7P/5rNc1/7R1/2BAKAB2 w,0.80024886,3813
2bakabr1/9/9/p1p3R1p/9/2P1P4/P7P/5rNc1/7R1/2BAKAB2 b,-0.80166024,691
2bakab2/9/9/p1p3R1p/9/2P1P4/P6rP/5rNc1/7R1/2BAKAB2 w,0.8144135,2976
2bakaR2/9/9/p1p5p/9/2P1P4/P6rP/5rNc1/7R1/2BAKAB2 b,-0.80372053,5548
2bakaR2/9/9/p1p5p/9/2P1P4/P3r3P/5rNc1/7R1/2BAKAB2 w,0.8354357,7816
2bakaR2/9/9/p1p5p/9/2P1P4/P3r3P/5rNc1/4A2R1/2BAK1B2 b,-0.8200856,6371
2bakaR2/9/9/p1p5p/9/2P1P4/P3r3P/5rN1c/4A2R1/2BAK1B2 w,0.830399,591
2baka3/9/9/p1p5p/9/2P1P1R2/P3r3P/5rN1c/4A2R1/2BAK1B2 b,-0.8082333,202
3aka3/9/4b4/p1p5p/9/2P1P1R2/P3r3P/5rN1c/4A2R1/2BAK1B2 w,0.8481281,7135
3aka3/9/4b2R1/p1p5p/9/2P1P1R2/P3r3P/5rN1c/4A4/2BAK1B2 b,-0.8520451,6479
3aka3/9/4b2R1/p1p5p/9/2P1P1R2/P3r3P/5rN2/4A4/2BAK1B1c w,0.8977115,7897
3aka3/9/4b2R1/p1p5p/9/2P1P1R2/P3r3P/4BrN2/4A4/2BAK3c b,-0.8870964,8097
3aka3/9/4b2R1/p1p5p/9/2P1P1R2/P3r3P/4BrN2/4A4/2BAK1c2 w,0.90346986,6260
3aka3/9/4b2R1/p1p5p/9/2P1PNR2/P3r3P/4Br3/4A4/2BAK1c2 b,-0.89628744,6179
3aka3/9/4b2R1/p1p5p/9/2P1PNR2/P3rr2P/4B4/4A4/2BAK1c2 w,0.9070228,2272
3aka3/9/4R4/p1p5p/9/2P1PNR2/P3rr2P/4B4/4A4/2BAK1c2 b,-0.902011,283
4ka3/4a4/4R4/p1p5p/9/2P1PNR2/P3rr2P/4B4/4A4/2BAK1c2 w,0.90672964,6117
4ka3/4a4/4R4/p1p5p/9/2P1PNR2/P3rr2P/9/4A4/2BAK1B2 b,-0.8948185,2466
4ka3/4a4/4R4/2p5p/p8/2P1PNR2/P3rr2P/9/4A4/2BAK1B2 w,0.90958184,2020
4ka3/4a4/9/2p5p/p3R4/2P1PNR2/P3rr2P/9/4A4/2BAK1B2 b,-0.9212176,5370
4ka3/4a4/9/2p5p/p3R4/2P1PNR2/P3r1r1P/9/4A4/2BAK1B2 w,0.91846156,4650
4ka3/4a4/9/2p5p/p3R4/2P1PN3/P3r1R1P/9/4A4/2BAK1B2 b,-0.915304,5280
4ka3/4a4/9/2p5p/p3R4/2P1PN3/P5r1P/9/4A4/2BAK1B2 w,0.9212691,4268
4ka3/4a4/9/2p5p/p1P1R4/4PN3/P5r1P/9/4A4/2BAK1B2 b,-0.9126521,5487
4ka3/4a4/9/2p5p/p1P1R4/4PN3/P7P/9/4A4/2BAK1r2 w,0.9149709,6926
4ka3/4a4/9/2p5p/p1P1R4/4PN3/P7P/9/9/2BAKAr2 b,-0.9021041,2648
4ka3/4a4/9/8p/p1p1R4/4PN3/P7P/9/9/2BAKAr2 w,0.91364926,4543
4ka3/4a4/9/8p/p1p1R2N1/4P4/P7P/9/9/2BAKAr2 b,-0.89376223,7863
4ka3/4a4/9/6r1p/p1p1R2N1/4P4/P7P/9/9/2BAKA3 w,0.8976514,3638
4ka3/4a4/9/6r1p/p1R4N1/4P4/P7P/9/9/2BAKA3 b,-0.89179677,3001
4ka3/4a4/9/4r3p/p1R4N1/4P4/P7P/9/9/2BAKA3 w,0.90741646,3460
4ka3/4a4/9/4r3p/p3R2N1/4P4/P7P/9/9/2BAKA3 b,-0.8963349,2824
4ka3/4a4/9/7rp/p3R2N1/4P4/P7P/9/9/2BAKA3 w,0.9141877,3930
4ka3/4a4/9/7rp/p3R4/4P4/P5N1P/9/9/2BAKA3 b,-0.91303587,3121
4ka3/4a4/9/8p/p3R4/4P4/P5NrP/9/9/2BAKA3 w,0.9182202,5441
4ka3/4a4/9/8p/p3RN3/4P4/P6rP/9/9/2BAKA3 b,-0.9126644,5552
4ka3/4a4/9/8p/p3RN3/4P4/P7r/9/9/2BAKA3 w,0.9149094,3636
4ka3/4a4/9/8p/R4N3/4P4/P7r/9/9/2BAKA3 b,-0.90667754,5637
4ka3/4a4/9/8p/R4N3/4P4/P2r5/9/9/2BAKA3 w,0.90552247,3240
R3ka3/4a4/9/8p/5N3/4P4/P2r5/9/9/2BAKA3 b,-0.90345234,5133
R2rka3/4a4/9/8p/5N3/4P4/P8/9/9/2BAKA3 w,0.91152096,3
3Rka3/4a4/9/8p/5N3/4P4/P8/9/9/2BAKA3 b,-0.9099934,363
3k1a3/4a4/9/8p/5N3/4P4/P8/9/9/2BAKA3 w,0.9146618,4450
3k1a3/4a4/9/8p/4PN3/9/P8/9/9/2BAKA3 b,-0.91348684,3194
3k1a3/4a4/9/9/4PN2p/9/P8/9/9/2BAKA3 w,0.9222584,3631
3k1a3/4a4/9/4P4/5N2p/9/P8/9/9/2BAKA3 b,-0.9173271,4013
3k1a3/4a4/9/4P4/5N3/8p/P8/9/9/2BAKA3 w,0.92337424,2812
3k1a3/4a4/4P4/9/5N3/8p/P8/9/9/2BAKA3 b,-0.92099816,4822
3k1a3/4a4/4P4/9/5N3/7p1/P8/9/9/2BAKA3 w,0.92684466,3742
3k1a3/4a4/4P4/9/9/7N1/P8/9/9/2BAKA3 b,-0.92500114,274
4ka3/4a4/4P4/9/9/7N1/P8/9/9/2BAKA3 w,0.92603576,4721
4ka3/4a4/4P4/9/5N3/9/P8/9/9/2BAKA3 b,-0.93223774,1193
4ka3/9/4Pa3/9/5N3/9/P8/9/9/2BAKA3 w,0.92962426,3720
4ka3/9/4Pa3/3N5/9/9/P8/9/9/2BAKA3 b,-0.9216656,2083
4ka3/4a4/4P4/3N5/9/9/P8/9/9/2BAKA3 w,0.93070096,7816
4ka3/4a4/4P4/3N5/9/9/P8/9/4A4/2BAK4 b,-0.9209724,363
3k1a3/4a4/4P4/3N5/9/9/P8/9/4A4/2BAK4 w,0.92866975,6906
3k1a3/4a4/4P4/3N5/9/9/P8/3A5/9/2BAK4 b,-0.92564774,282
5a3/3ka4/4P4/3N5/9/9/P8/3A5/9/2BAK4 w,0.9204553,2719
5a3/3ka4/1N2P4/9/9/9/P8/3A5/9/2BAK4 b,-0.92048484,1083
3k1a3/4a4/1N2P4/9/9/9/P8/3A5/9/2BAK4 w,0.9282695,1712
2Nk1a3/4a4/4P4/9/9/9/P8/3A5/9/2BAK4 b,-0.9273686,282
2N2a3/3ka4/4P4/9/9/9/P8/3A5/9/2BAK4 w,0.9307822,189
5a3/N2ka4/4P4/9/9/9/P8/3A5/9/2BAK4 b,-0.93181396,1083
3k1a3/N3a4/4P4/9/9/9/P8/3A5/9/2BAK4 w,0.93411684,838
3k1a3/4a4/4P4/1N7/9/9/P8/3A5/9/2BAK4 b,-0.93208015,282
5a3/3ka4/4P4/1N7/9/9/P8/3A5/9/2BAK4 w,0.93453443,4905
5a3/3ka4/4P4/1N7/9/P8/9/3A5/9/2BAK4 b,-0.93059564,1083
3k1a3/4a4/4P4/1N7/9/P8/9/3A5/9/2BAK4 w,0.9350493,4086
3k1a3/4a4/4P4/1N7/P8/9/9/3A5/9/2BAK4 b,-0.9350494,282
5a3/3ka4/4P4/1N7/P8/9/9/3A5/9/2BAK4 w,0.93713063,3277
5a3/3ka4/4P4/1N7/1P7/9/9/3A5/9/2BAK4 b,-0.9356787,1083
3k1a3/4a4/4P4/1N7/1P7/9/9/3A5/9/2BAK4 w,0.9412816,2531
3k1a3/2N1a4/4P4/9/1P7/9/9/3A5/9/2BAK4 b,-0.9396964,282
5a3/2Nka4/4P4/9/1P7/9/9/3A5/9/2BAK4 w,0.93940425,1008
5a3/3ka4/N3P4/9/1P7/9/9/3A5/9/2BAK4 b,-0.9392123,1083
3k1a3/4a4/N3P4/9/1P7/9/9/3A5/9/2BAK4 w,0.9452361,3358
3k1a3/4a4/N3P4/1P7/9/9/9/3A5/9/2BAK4 b,-0.943908,282
5a3/3ka4/N3P4/1P7/9/9/9/3A5/9/2BAK4 w,0.95053434,2549
5a3/3ka4/N3P4/2P6/9/9/9/3A5/9/2BAK4 b,-0.9539901,1083
3k1a3/4a4/N3P4/2P6/9/9/9/3A5/9/2BAK4 w,0.963397,2630
3k1a3/4a4/N1P1P4/9/9/9/9/3A5/9/2BAK4 b,-0.96885467,274
4ka3/4a4/N1P1P4/9/9/9/9/3A5/9/2BAK4 w,0.97785467,1811
4ka3/2P1a4/N3P4/9/9/9/9/3A5/9/2BAK4 b,-0.9895527,363
3k1a3/2P1a4/N3P4/9/9/9/9/3A5/9/2BAK4 w,0.99548227,992
2Pk1a3/4a4/N3P4/9/9/9/9/3A5/9/2BAK4 b,-0.9971589,282
2P2a3/3ka4/N3P4/9/9/9/9/3A5/9/2BAK4 w,1,1649
rnbakabnr/9/1c5c1/p1p1p1p1p/9/9/P1P1P1P1P/1C5C1/9/RNBAKABNR w,-0.7981728,5827
rnbakabnr/9/1c5c1/p1p1p1p1p/9/9/P1P1P1P1P/4C2C1/9/RNBAKABNR b,0.79820585,110
r1bakabnr/9/1cn4c1/p1p1p1p1p/9/9/P1P1P1P1P/4C2C1/9/RNBAKABNR w,-0.79817516,7445
r1bakabnr/9/1cn4c1/p1p1p1p1p/9/9/P1P1P1P1P/2N1C2C1/9/R1BAKABNR b,0.7981536,562
r1baka1nr/9/1cn1b2c1/p1p1p1p1p/9/9/P1P1P1P1P/2N1C2C1/9/R1BAKABNR w,-0.79805344,7372
r1baka1nr/9/1cn1b2c1/p1p1p1p1p/9/9/P1P1P1P1P/2N1C2C1/9/1RBAKABNR b,0.7982348,1
1rbaka1nr/9/1cn1b2c1/p1p1p1p1p/9/9/P1P1P1P1P/2N1C2C1/9/1RBAKABNR w,-0.79828745,6368
1rbaka1nr/9/1cn1b2c1/p1p1p1p1p/9/9/P1P1P1P1P/2N1CC3/9/1RBAKABNR b,0.79871804,654
1rbaka2r/9/1cn1b1nc1/p1p1p1p1p/9/9/P1P1P1P1P/2N1CC3/9/1RBAKABNR w,-0.79842657,7989
1rbaka2r/9/1cn1b1nc1/p1p1p1p1p/9/9/P1P1P1P1P/2N1CCN2/9/1RBAKAB1R b,0.7986271,3012
1rbaka2r/9/1cn1b1nc1/p1p1p3p/6p2/9/P1P1P1P1P/2N1CCN2/9/1RBAKAB1R w,-0.7981277,8098
1rbaka2r/9/1cn1b1nc1/p1p1p3p/6p2/9/P1P1P1P1P/2N1CCN2/9/1RBAKABR1 b,0.79797137,727
1rbaka1r1/9/1cn1b1nc1/p1p1p3p/6p2/9/P1P1P1P1P/2N1CCN2/9/1RBAKABR1 w,-0.7974394,5087
1rbaka1r1/9/1cn1b1nc1/p1p1p3p/6p2/2P6/P3P1P1P/2N1CCN2/9/1RBAKABR1 b,0.7978162,1765
1rbaka1r1/9/2n1b1nc1/p1p1p3p/6p2/2P6/Pc2P1P1P/2N1CCN2/9/1RBAKABR1 w,-0.79522735,5898
1rbaka1r1/9/2n1b1nc1/p1p1p3p/6p2/2PN5/Pc2P1P1P/4CCN2/9/1RBAKABR1 b,0.79346955,2311
1rbaka1r1/9/2n1b1n2/p1p1p3p/6p2/2PN5/Pc2P1PcP/4CCN2/9/1RBAKABR1 w,-0.7920708,6143
1rbaka1r1/9/2n1bCn2/p1p1p3p/6p2/2PN5/Pc2P1PcP/4C1N2/9/1RBAKABR1 b,0.7910976,1986
1rbakabr1/9/2n2Cn2/p1p1p3p/6p2/2PN5/Pc2P1PcP/4C1N2/9/1RBAKABR1 w,-0.78150064,4351
1rbakabr1/9/2n2Cn2/p1p1N3p/6p2/2P6/Pc2P1PcP/4C1N2/9/1RBAKABR1 b,0.7952438,1831
1rbakabr1/9/5Cn2/p1p1n3p/6p2/2P6/Pc2P1PcP/4C1N2/9/1RBAKABR1 w,-0.7949346,6061
1rbakabr1/9/5Cn2/p1p1C3p/6p2/2P6/Pc2P1PcP/6N2/9/1RBAKABR1 b,0.8093059,109
2bakabr1/9/1r3Cn2/p1p1C3p/6p2/2P6/Pc2P1PcP/6N2/9/1RBAKABR1 w,-0.7977138,2839
2bakabr1/9/1r3Cn2/p1p5p/6p2/2P1C4/Pc2P1PcP/6N2/9/1RBAKABR1 b,0.8016278,1733
2bakabr1/9/5rn2/p1p5p/6p2/2P1C4/Pc2P1PcP/6N2/9/1RBAKABR1 w,-0.79005176,7435
2bakabr1/9/5rn2/p1p5p/6p2/2P1C4/PR2P1PcP/6N2/9/2BAKABR1 b,0.793643,2201
2bakabr1/9/5r3/p1p5p/5np2/2P1C4/PR2P1PcP/6N2/9/2BAKABR1 w,-0.7865158,4987
2bakabr1/9/5r3/p1p5p/1R3np2/2P1C4/P3P1PcP/6N2/9/2BAKABR1 b,0.7905017,3750
2bakabr1/9/5r3/p1p5p/1R4p2/2P1C4/P3P1ncP/6N2/9/2BAKABR1 w,-0.7820326,3372
2bakabr1/9/5r3/p1p5p/6R2/2P1C4/P3P1ncP/6N2/9/2BAKABR1 b,0.79455066,5449
2bakabr1/9/5r3/p1p5p/6R2/2P1n4/P3P2cP/6N2/9/2BAKABR1 w,-0.7941465,5269
2bakabr1/9/5r3/p1p5p/6R2/2P1P4/P6cP/6N2/9/2BAKABR1 b,0.80047536,5560
2bakabr1/9/5r3/p1p5p/6R2/2P1P4/P7P/6Nc1/9/2BAKABR1 w,-0.7908734,7999
2bakabr1/9/5r3/p1p5p/6R2/2P1P4/P7P/6Nc1/7R1/2BAKAB2 b,0.8015276,2138
2bakabr1/9/9/p1p5p/6R2/2P1P4/P7P/5rNc1/7R1/2BAKAB2 w,-0.799495,3813
2bakabr1/9/9/p1p3R1p/9/2P1P4/P7P/5rNc1/7R1/2BAKAB2 b,0.7993384,691
2bakab2/9/9/p1p3R1p/9/2P1P4/P6rP/5rNc1/7R1/2BAKAB2 w,-0.78522027,2976
2bakaR2/9/9/p1p5p/9/2P1P4/P6rP/5rNc1/7R1/2BAKAB2 b,0.796089,5548
2bakaR2/9/9/p1p5p/9/2P1P4/P3r3P/5rNc1/7R1/2BAKAB2 w,-0.7669733,7816
2bakaR2/9/9/p1p5p/9/2P1P4/P3r3P/5rNc1/4A2R1/2BAK1B2 b,0.77950543,6371
2bakaR2/9/9/p1p5p/9/2P1P4/P3r3P/5rN1c/4A2R1/2BAK1B2 w,-0.76803094,4450
2bakaR2/9/9/p1p5p/4P4/2P6/P3r3P/5rN1c/4A2R1/2BAK1B2 b,0.7875914,5260
2bakaR2/9/9/p1p5p/4r4/2P6/P7P/5rN1c/4A2R1/2BAK1B2 w,-0.7668187,7171
2bakaR2/9/9/p1p5p/4r4/2P6/P6RP/5rN1c/4A4/2BAK1B2 b,0.7797271,6479
2bakaR2/9/9/p1p5p/4r4/2P6/P6RP/5rN2/4A4/2BAK1B1c w,-0.7750703,7897
2bakaR2/9/9/p1p5p/4r4/2P6/P6RP/4BrN2/4A4/2BAK3c b,0.7895309,6197
2bakaR2/9/9/p1p5p/4r4/2P6/P6RP/4B1N2/4Ar3/2BAK3c w,-0.7744735,5524
2bakaR2/9/9/p1p4Rp/4r4/2P6/P7P/4B1N2/4Ar3/2BAK3c b,0.78620464,7008
2bakaR2/9/9/p1p4Rp/4r4/2P6/P7P/4B1N2/4A1r2/2BAK3c w,-0.7878851,555
2baka3/6R2/9/p1p4Rp/4r4/2P6/P7P/4B1N2/4A1r2/2BAK3c b,0.8918298,7107
2baka3/6R2/9/p1p4Rp/4r4/2P6/P7P/4B1N2/4A4/2BAK1r1c w,-0.890438,6296
2baka3/6R2/9/p1p4Rp/4r4/2P6/P7P/4B4/4A4/2BAKNr1c b,0.90824485,7845
2baka3/6r2/9/p1p4Rp/4r4/2P6/P7P/4B4/4A4/2BAKN2c w,-0.90068585,7819
2baka3/6r2/9/p1p4Rp/4r4/2P6/P7P/4B4/4A2N1/2BAK3c b,0.9059505,1428
2baka3/9/9/p1p4Rp/4r4/2P6/P7P/4B4/4A1rN1/2BAK3c w,-0.8965285,3121
2baka3/9/9/p1p5p/4r4/2P6/P6RP/4B4/4A1rN1/2BAK3c b,0.90166813,8090
2baka3/9/9/p1p5p/4r4/2P6/P6RP/4B4/4A1rNc/2BAK4 w,-0.8896545,7170
2baka3/9/9/p1p5p/4r4/2P6/P5NRP/4B4/4A1r1c/2BAK4 b,0.9182807,3658
2baka3/9/9/p1p5p/9/2P6/P3r1NRP/4B4/4A1r1c/2BAK4 w,-0.9201868,5569
2baka3/9/9/p1p5p/9/2P6/P3r1N1P/4B4/4A1rRc/2BAK4 b,0.9393631,5280
2baka3/9/9/p1p5p/9/2P6/P5r1P/4B4/4A1rRc/2BAK4 w,-0.93233716,7188
2baka3/9/9/p1p5p/9/2P6/P5r1P/4B4/4A1R1c/2BAK4 b,0.942464,5478
2baka3/9/9/p1p5p/9/2P6/P7P/4B4/4A1r1c/2BAK4 w,-0.94619256,6926
2baka3/9/9/p1p5p/9/2P6/P7P/4B4/6r1c/2BAKA3 b,0.94151276,7289
2baka3/9/9/p1p5p/9/2P6/P7P/4B4/6r2/2BAKA2c w,-0.9423057,7816
2baka3/9/9/p1p5p/9/2P6/P7P/4B4/4A1r2/2BAK3c b,0.9543859,7100
2baka3/9/9/p1p5p/9/2P6/P7P/4B4/4A3r/2BAK3c w,-0.94713396,4905
2baka3/9/9/p1p5p/9/P1P6/8P/4B4/4A3r/2BAK3c b,0.9509191,7262
2baka3/9/9/p1p5p/9/P1P6/8r/4B4/4A4/2BAK3c w,-0.9469304,6908
2baka3/9/9/p1p5p/9/P1P6/8r/4BA3/9/2BAK3c b,0.9498017,5651
2baka3/9/9/p1p5p/9/P1P6/9/4BA2r/9/2BAK3c w,-0.9456779,7726
2baka3/9/9/p1p5p/9/P1P6/9/4BA2r/4K4/2BA4c b,0.94576406,8090
2baka3/9/9/p1p5p/9/P1P6/9/4BA2r/4K3c/2BA5 w,-0.94749415,6925
2baka3/9/9/p1p5p/9/P1P6/9/4BA2r/8c/2BAK4 b,0.95050097,6460
2baka3/9/9/p1p5p/9/P1P6/9/4BA1r1/8c/2BAK4 w,-0.9331188,7726
2baka3/9/9/p1p5p/9/P1P6/9/4BA1r1/4K3c/2BA5 b,0.9356579,6368
2baka3/9/9/p1p5p/9/P1P6/9/4Br3/4K3c/2BA5 w,-0.9407537,4086
2baka3/9/9/p1p5p/P8/2P6/9/4Br3/4K3c/2BA5 b,0.9374413,2466
2baka3/9/9/2p5p/p8/2P6/9/4Br3/4K3c/2BA5 w,-0.93658113,7533
2baka3/9/9/2p5p/p8/2P6/9/B3Br3/4K3c/3A5 b,0.9603953,7262
2baka3/9/9/2p5p/p8/2P6/8c/B3Br3/4K4/3A5 w,-0.9513566,6915
2baka3/9/9/2p5p/p8/2P6/8c/B3Br3/3K5/3A5 b,0.9397353,6187
2baka3/9/9/2p5p/p8/2P6/8c/B3r4/3K5/3A5 w,-0.9576759,7636
2baka3/9/9/2p5p/p8/2P6/8c/B3r4/3KA4/9 b,0.9808789,6061
2baka3/9/9/2p1r3p/p8/2P6/8c/B8/3KA4/9 w,-0.9746582,6834
2baka3/9/9/2p1r3p/p8/2P6/8c/B8/4A4/3K5 b,0.98255783,3285
2baka3/9/9/2p1r3p/9/p1P6/8c/B8/4A4/3K5 w,-0.97633326,7645
2baka3/9/9/2p1r3p/9/p1P6/8c/B8/4A4/4K4 b,0.9777107,5638
2baka3/9/9/2p1r3p/9/p1P6/4c4/B8/4A4/4K4 w,-0.96730274,7736
2baka3/9/9/2p1r3p/9/p1P6/4c4/B8/4A4/5K3 b,0.9630807,2822
2baka3/9/9/2p2r2p/9/p1P6/4c4/B8/4A4/5K3 w,-0.9681419,6908
2baka3/9/9/2p2r2p/9/p1P6/4c4/B4A3/9/5K3 b,0.9661686,2948
2baka3/9/9/2p5p/9/p1P6/4c4/B4r3/9/5K3 w,-0.9610399,7825
2baka3/9/9/2p5p/9/p1P6/4c4/B4r3/9/4K4 b,0.9612304,6187
2baka3/9/9/2p5p/9/p1P6/4c4/B3r4/9/4K4 w,-0.9521302,7736
2baka3/9/9/2p5p/9/p1P6/4c4/B3r4/9/5K3 b,0.94823754,6093
2baka3/9/9/2p5p/9/p1P6/4c4/r8/9/5K3 w,-0.9487461,4268
2baka3/9/9/2p5p/2P6/p8/4c4/r8/9/5K3 b,0.9778929,5724
2baka3/9/9/2p5p/2P6/p8/r3c4/9/9/5K3 w,-0.9792825,3449
2baka3/9/9/2P5p/9/p8/r3c4/9/9/5K3 b,0.99038255,5279
2baka3/9/9/2P5p/9/p8/r4c3/9/9/5K3 w,-0.98448825,2640
2baka3/9/9/3P4p/9/p8/r4c3/9/9/5K3 b,0.9889735,5324
2baka3/5c3/9/3P4p/9/p8/r8/9/9/5K3 w,-0.98498154,2731
2baka3/5c3/9/4P3p/9/p8/r8/9/9/5K3 b,0.9960999,4918
2baka3/5c3/9/4P3p/9/p8/4r4/9/9/5K3 w,-0.9765936,2812
2baka3/5c3/4P4/8p/9/p8/4r4/9/9/5K3 b,0.9942399,5242
2baka3/5c3/4r4/8p/9/p8/9/9/9/5K3 w,-0.9949789,7817
2baka3/5c3/4r4/8p/9/p8/9/9/5K3/9 b,1,2003
rnbakabnr/9/1c5c1/p1p1p1p1p/9/9/P1P1P1P1P/1C5C1/9/RNBAKABNR w,0.0018041611,5827
rnbakabnr/9/1c5c1/p1p1p1p1p/9/9/P1P1P1P1P/4C2C1/9/RNBAKABNR b,-0.0017677665,110
r1bakabnr/9/1cn4c1/p1p1p1p1p/9/9/P1P1P1P1P/4C2C1/9/RNBAKABNR w,0.0018139601,7445
r1bakabnr/9/1cn4c1/p1p1p1p1p/9/9/P1P1P1P1P/2N1C2C1/9/R1BAKABNR b,-0.0018563032,562
r1baka1nr/9/1cn1b2c1/p1p1p1p1p/9/9/P1P1P1P1P/2N1C2C1/9/R1BAKABNR w,0.0019465685,7372
r1baka1nr/9/1cn1b2c1/p1p1p1p1p/9/9/P1P1P1P1P/2N1C2C1/9/1RBAKABNR b,-0.0017735482,1
1rbaka1nr/9/1cn1b2c1/p1p1p1p1p/9/9/P1P1P1P1P/2N1C2C1/9/1RBAKABNR w,0.0017125607,6368
1rbaka1nr/9/1cn1b2c1/p1p1p1p1p/9/9/P1P1P1P1P/2N1CC3/9/1RBAKABNR b,-0.0012760878,654
1rbaka2r/9/1cn1b1nc1/p1p1p1p1p/9/9/P1P1P1P1P/2N1CC3/9/1RBAKABNR w,0.0015803337,7989
1rbaka2r/9/1cn1b1nc1/p1p1p1p1p/9/9/P1P1P1P1P/2N1CCN2/9/1RBAKAB1R b,-0.001368165,3012
1rbaka2r/9/1cn1b1nc1/p1p1p3p/6p2/9/P1P1P1P1P/2N1CCN2/9/1RBAKAB1R w,0.001875639,8098
1rbaka2r/9/1cn1b1nc1/p1p1p3p/6p2/9/P1P1P1P1P/2N1CCN2/9/1RBAKABR1 b,-0.002026415,727
1rbaka1r1/9/1cn1b1nc1/p1p1p3p/6p2/9/P1P1P1P1P/2N1CCN2/9/1RBAKABR1 w,0.0025606155,5087
1rbaka1r1/9/1cn1b1nc1/p1p1p3p/6p2/2P6/P3P1P1P/2N1CCN2/9/1RBAKABR1 b,-0.0021535754,1765
1rbaka1r1/9/2n1b1nc1/p1p1p3p/6p2/2P6/Pc2P1P1P/2N1CCN2/9/1RBAKABR1 w,0.0047838925,5898
1rbaka1r1/9/2n1b1nc1/p1p1p3p/6p2/2PN5/Pc2P1P1P/4CCN2/9/1RBAKABR1 b,-0.0064492226,2311
1rbaka1r1/9/2n1b1n2/p1p1p3p/6p2/2PN5/Pc2P1PcP/4CCN2/9/1RBAKABR1 w,0.00785358,6143
1rbaka1r1/9/2n1bCn2/p1p1p3p/6p2/2PN5/Pc2P1PcP/4C1N2/9/1RBAKABR1 b,-0.008902455,1986
1rbakabr1/9/2n2Cn2/p1p1p3p/6p2/2PN5/Pc2P1PcP/4C1N2/9/1RBAKABR1 w,0.018145729,4351
1rbakabr1/9/2n2Cn2/p1p1N3p/6p2/2P6/Pc2P1PcP/4C1N2/9/1RBAKABR1 b,-0.004766011,1831
1rbakabr1/9/5Cn2/p1p1n3p/6p2/2P6/Pc2P1PcP/4C1N2/9/1RBAKABR1 w,0.0050629857,6061
1rbakabr1/9/5Cn2/p1p1C3p/6p2/2P6/Pc2P1PcP/6N2/9/1RBAKABR1 b,0.009471846,109
2bakabr1/9/1r3Cn2/p1p1C3p/6p2/2P6/Pc2P1PcP/6N2/9/1RBAKABR1 w,0.0034813166,7636
2bakabr1/9/1r3Cn2/p1p1C3p/6p2/2P6/Pc2P1PcP/6N2/4A4/1RB1KABR1 b,-0.0020665766,1733
2bakabr1/9/5rn2/p1p1C3p/6p2/2P6/Pc2P1PcP/6N2/4A4/1RB1KABR1 w,0.008509779,7435
2bakabr1/9/5rn2/p1p1C3p/6p2/2P6/PR2P1PcP/6N2/4A4/2B1KABR1 b,-0.0069153546,2129
2bakabr1/9/6n2/p1p1C3p/6p2/2P6/PR2PrPcP/6N2/4A4/2B1KABR1 w,0.0014613152,2817
2bakabr1/9/6n2/C1p5p/6p2/2P6/PR2PrPcP/6N2/4A4/2B1KABR1 b,0.009041095,5370
2bakabr1/9/6n2/C1p5p/6p2/2P6/PR2P1rcP/6N2/4A4/2B1KABR1 w,-0.0018822193,2430
C1bakabr1/9/6n2/2p5p/6p2/2P6/PR2P1rcP/6N2/4A4/2B1KABR1 b,0.010935522,5469
C1bakabr1/9/6n2/2p5p/6p2/2P6/PR2P2cP/6r2/4A4/2B1KABR1 w,-0.0063442946,4951
CRbakabr1/9/6n2/2p5p/6p2/2P6/P3P2cP/6r2/4A4/2B1KABR1 b,0.016344,562
CRbaka1r1/9/4b1n2/2p5p/6p2/2P6/P3P2cP/6r2/4A4/2B1KABR1 w,-0.004874313,7537
CRbaka1r1/9/4b1n2/2p5p/6p2/2P6/P3P2cP/4B1r2/4A4/4KABR1 b,0.020498348,463
CRbak2r1/4a4/4b1n2/2p5p/6p2/2P6/P3P2cP/4B1r2/4A4/4KABR1 w,-0.009079456,109
C1bak2r1/4a4/1R2b1n2/2p5p/6p2/2P6/P3P2cP/4B1r2/4A4/4KABR1 b,0.026062608,2201
C1bak2r1/4a4/1R2b4/2p5p/5np2/2P6/P3P2cP/4B1r2/4A4/4KABR1 w,-0.01914928,1720
C1bak2r1/1R2a4/4b4/2p5p/5np2/2P6/P3P2cP/4B1r2/4A4/4KABR1 b,0.04363065,3738
C1bak2r1/1R2a4/4b4/2p5p/6p2/2Pn5/P3P2cP/4B1r2/4A4/4KABR1 w,-0.049749862,912
C1bak2r1/3Ra4/4b4/2p5p/6p2/2Pn5/P3P2cP/4B1r2/4A4/4KABR1 b,0.037040234,4379
C1bak2r1/3Ra4/4b4/2p5p/6p2/2P6/P3Pn1cP/4B1r2/4A4/4KABR1 w,-0.02898624,3
2bCk2r1/3Ra4/4b4/2p5p/6p2/2P6/P3Pn1cP/4B1r2/4A4/4KABR1 b,0.09641731,1173
2bak2r1/3R5/4b4/2p5p/6p2/2P6/P3Pn1cP/4B1r2/4A4/4KABR1 w,-0.10042795,1094
2bak2r1/5R3/4b4/2p5p/6p2/2P6/P3Pn1cP/4B1r2/4A4/4KABR1 b,0.13432167,5380
2bak2r1/5R3/4b4/2p5p/6p2/2P6/P3P2cP/4B1rn1/4A4/4KABR1 w,-0.12106957,7990
2bak2r1/5R3/4b4/2p5p/6p2/2P6/P3P2cP/4B1rR1/4A4/4KAB2 b,0.12830792,6280
2bak2r1/5R3/4b4/2p5p/6p2/2P6/P3P2cP/4B2r1/4A4/4KAB2 w,-0.12265284,1292
2bak2r1/9/4b4/2p2R2p/6p2/2P6/P3P2cP/4B2r1/4A4/4KAB2 b,0.123876594,5544
2bak2r1/9/4b4/2p2R2p/6p2/2P6/c3P3P/4B2r1/4A4/4KAB2 w,-0.119007014,2909
2bak2r1/9/4b4/2R5p/6p2/2P6/c3P3P/4B2r1/4A4/4KAB2 b,0.1343838,6334
2bak2r1/9/4b4/2R4rp/6p2/2P6/c3P3P/4B4/4A4/4KAB2 w,-0.13263348,2644
2bak2r1/9/4b4/7Rp/6p2/2P6/c3P3P/4B4/4A4/4KAB2 b,0.13766299,664
2bak4/9/4b4/7rp/6p2/2P6/c3P3P/4B4/4A4/4KAB2 w,-0.13651995,5633
2bak4/9/4b4/7rp/6p2/2P5P/c3P4/4B4/4A4/4KAB2 b,0.14409779,3091
2bak4/9/4b4/4r3p/6p2/2P5P/c3P4/4B4/4A4/4KAB2 w,-0.14284438,4268
2bak4/9/4b4/4r3p/2P3p2/8P/c3P4/4B4/4A4/4KAB2 b,0.14686441,2018
2bak4/9/9/4r3p/2b3p2/8P/c3P4/4B4/4A4/4KAB2 w,-0.14481378,6906
2bak4/9/9/4r3p/2b3p2/8P/c3P4/3AB4/9/4KAB2 b,0.14826326,2848
2bak4/9/9/8p/2b3p2/8P/c3r4/3AB4/9/4KAB2 w,-0.14748576,6016
2bak4/9/9/8p/2b3p2/8P/c3r4/4B4/4A4/4KAB2 b,0.14666377,5275
2bak4/9/9/8p/2b3p2/8P/cr7/4B4/4A4/4KAB2 w,-0.14373042,6113
2bak4/9/9/8p/2b3p2/8P/cr7/9/4A4/2B1KAB2 b,0.15467994,3438
2bak4/9/b8/8p/6p2/8P/cr7/9/4A4/2B1KAB2 w,-0.14747758,7537
2bak4/9/b8/8p/6p2/8P/cr7/4B4/4A4/4KAB2 b,0.16395731,3831
2bak4/9/b8/8p/9/6p1P/cr7/4B4/4A4/4KAB2 w,-0.14410663,7734
2bak4/9/b8/8p/9/6p1P/cr7/4B4/4A4/3K1AB2 b,0.16216314,4650
2bak4/9/b8/8p/9/8P/cr4p2/4B4/4A4/3K1AB2 w,-0.1695248,6113
2bak4/9/b8/8p/9/8P/cr4p2/9/4A4/2BK1AB2 b,0.16691506,5032
2bak4/9/b8/8p/9/8P/c5p2/9/4A4/1rBK1AB2 w,-0.1523153,7897
2bak4/9/b8/8p/9/8P/c5p2/4B4/4A4/1rBK1A3 b,0.1583612,4941
2bak4/9/b8/8p/9/8P/6p2/4B4/4A4/crBK1A3 w,-0.15776196,6117
2bak4/9/b8/8p/9/8P/6p2/9/4A4/crBK1AB2 b,0.15911536,7463
2bak4/9/b8/8p/9/8P/6p2/9/4A4/c1rK1AB2 w,-0.15520696,7635
2bak4/9/b8/8p/9/8P/6p2/9/3KA4/c1r2AB2 b,0.15228029,7544
2bak4/9/b8/8p/9/8P/6p2/9/2rKA4/c4AB2 w,-0.15907153,6834
2bak4/9/b8/8p/9/8P/6p2/9/2r1A4/c2K1AB2 b,0.16881728,6680
2bak4/9/b1r6/8p/9/8P/6p2/9/4A4/c2K1AB2 w,-0.1628113,7897
2bak4/9/b1r6/8p/9/8P/6p2/4B4/4A4/c2K1A3 b,0.163219,1883
2bak4/9/b8/8p/9/8P/6p2/4B4/4A4/c1rK1A3 w,-0.15945397,7635
2bak4/9/b8/8p/9/8P/6p2/4B4/3KA4/c1r2A3 b,0.17275813,5459
2bak4/9/b8/8p/9/8P/5p3/4B4/3KA4/c1r2A3 w,-0.15824656,6117
2bak4/9/b8/8p/9/8P/5p3/9/3KA4/c1r2AB2 b,0.16243716,5368
2bak4/9/b8/8p/9/8P/4p4/9/3KA4/c1r2AB2 w,-0.15693074,7901
2bak4/9/b8/8p/9/8P/4p4/8B/3KA4/c1r2A3 b,0.15904467,5287
2bak4/9/b8/8p/9/8P/9/4p3B/3KA4/c1r2A3 w,-0.1624587,6477
2bak4/9/b8/8p/9/8P/9/4p4/3KA4/c1r2AB2 b,0.16825238,6106
2bak4/9/b8/8p/9/8P/9/9/3Kp4/c1r2AB2 w,-0.16253744,7816
2bak4/9/b8/8p/9/8P/9/9/3KA4/c1r3B2 b,0.16307214,7557
2bak4/9/b8/8p/9/8P/9/9/3KA4/c5r2 w,-0.1688088,6908
2bak4/9/b8/8p/9/8P/9/5A3/3K5/c5r2 b,0.18498242,7913
2bak4/9/b8/8p/9/8P/9/5A3/3K5/c1r6 w,-0.18661235,6196
2bak4/9/b8/8p/9/8P/9/9/3KA4/c1r6 b,0.19148026,7544
2bak4/9/b8/8p/9/8P/9/9/2rKA4/c8 w,-0.19325076,6816
2bak4/9/b8/8p/9/8P/9/3K5/2r1A4/c8 b,0.19885443,6736
2bak4/9/b8/8p/9/8P/9/3K5/4r4/c8 w,-0.19891825,4814
2bak4/9/b8/8p/8P/9/9/3K5/4r4/c8 b,0.2,3194
rnbakabnr/9/1c5c1/p1p1p1p1p/9/9/P1P1P1P1P/1C5C1/9/RNBAKABNR w,0.8018177,5827
rnbakabnr/9/1c5c1/p1p1p1p1p/9/9/P1P1P1P1P/4C2C1/9/RNBAKABNR b,-0.80176777,110
r1bakabnr/9/1cn4c1/p1p1p1p1p/9/9/P1P1P1P1P/4C2C1/9/RNBAKABNR w,0.80182016,7445
r1bakabnr/9/1cn4c1/p1p1p1p1p/9/9/P1P1P1P1P/2N1C2C1/9/R1BAKABNR b,-0.80180895,562
r1baka1nr/9/1cn1b2c1/p1p1p1p1p/9/9/P1P1P1P1P/2N1C2C1/9/R1BAKABNR w,0.8019497,7372
r1baka1nr/9/1cn1b2c1/p1p1p1p1p/9/9/P1P1P1P1P/2N1C2C1/9/1RBAKABNR b,-0.8017664,1
1rbaka1nr/9/1cn1b2c1/p1p1p1p1p/9/9/P1P1P1P1P/2N1C2C1/9/1RBAKABNR w,0.8017126,6368
1rbaka1nr/9/1cn1b2c1/p1p1p1p1p/9/9/P1P1P1P1P/2N1CC3/9/1RBAKABNR b,-0.8012688,654
1rbaka2r/9/1cn1b1nc1/p1p1p1p1p/9/9/P1P1P1P1P/2N1CC3/9/1RBAKABNR w,0.8016004,7989
1rbaka2r/9/1cn1b1nc1/p1p1p1p1p/9/9/P1P1P1P1P/2N1CCN2/9/1RBAKAB1R b,-0.8015674,3012
1rbaka2r/9/1cn1b1nc1/p1p1p3p/6p2/9/P1P1P1P1P/2N1CCN2/9/1RBAKAB1R w,0.8018723,8098
1rbaka2r/9/1cn1b1nc1/p1p1p3p/6p2/9/P1P1P1P1P/2N1CCN2/9/1RBAKABR1 b,-0.8019926,727
1rbaka1r1/9/1cn1b1nc1/p1p1p3p/6p2/9/P1P1P1P1P/2N1CCN2/9/1RBAKABR1 w,0.8027678,5087
1rbaka1r1/9/1cn1b1nc1/p1p1p3p/6p2/2P6/P3P1P1P/2N1CCN2/9/1RBAKABR1 b,-0.8021536,1765
1rbaka1r1/9/2n1b1nc1/p1p1p3p/6p2/2P6/Pc2P1P1P/2N1CCN2/9/1RBAKABR1 w,0.80476177,5898
1rbaka1r1/9/2n1b1nc1/p1p1p3p/6p2/2PN5/Pc2P1P1P/4CCN2/9/1RBAKABR1 b,-0.80646557,2311
1rbaka1r1/9/2n1b1n2/p1p1p3p/6p2/2PN5/Pc2P1PcP/4CCN2/9/1RBAKABR1 w,0.80783546,6143
1rbaka1r1/9/2n1bCn2/p1p1p3p/6p2/2PN5/Pc2P1PcP/4C1N2/9/1RBAKABR1 b,-0.809039,1986
1rbakabr1/9/2n2Cn2/p1p1p3p/6p2/2PN5/Pc2P1PcP/4C1N2/9/1RBAKABR1 w,0.81814575,4351
1rbakabr1/9/2n2Cn2/p1p1N3p/6p2/2P6/Pc2P1PcP/4C1N2/9/1RBAKABR1 b,-0.8047812,1831
1rbakabr1/9/5Cn2/p1p1n3p/6p2/2P6/Pc2P1PcP/4C1N2/9/1RBAKABR1 w,0.8050013,6061
1rbakabr1/9/5Cn2/p1p1C3p/6p2/2P6/Pc2P1PcP/6N2/9/1RBAKABR1 b,-0.7907896,109
2bakabr1/9/1r3Cn2/p1p1C3p/6p2/2P6/Pc2P1PcP/6N2/9/1RBAKABR1 w,0.8022862,2839
2bakabr1/9/1r3Cn2/p1p5p/6p2/2P1C4/Pc2P1PcP/6N2/9/1RBAKABR1 b,-0.79882264,1733
2bakabr1/9/5rn2/p1p5p/6p2/2P1C4/Pc2P1PcP/6N2/9/1RBAKABR1 w,0.80971247,7435
2bakabr1/9/5rn2/p1p5p/6p2/2P1C4/PR2P1PcP/6N2/9/2BAKABR1 b,-0.8070279,2201
2bakabr1/9/5r3/p1p5p/5np2/2P1C4/PR2P1PcP/6N2/9/2BAKABR1 w,0.8134917,4987
2bakabr1/9/5r3/p1p5p/1R3np2/2P1C4/P3P1PcP/6N2/9/2BAKABR1 b,-0.8083652,3750
2bakabr1/9/5r3/p1p5p/1R4p2/2P1C4/P3P1ncP/6N2/9/2BAKABR1 w,0.81948525,3372
2bakabr1/9/5r3/p1p5p/6R2/2P1C4/P3P1ncP/6N2/9/2BAKABR1 b,-0.8054496,5449
2bakabr1/9/5r3/p1p5p/6R2/2P1n4/P3P2cP/6N2/9/2BAKABR1 w,0.80575603,5269
2bakabr1/9/5r3/p1p5p/6R2/2P1P4/P6cP/6N2/9/2BAKABR1 b,-0.7993737,5560
2bakabr1/9/5r3/p1p5p/6R2/2P1P4/P7P/6Nc1/9/2BAKABR1 w,0.8086423,7999
2bakabr1/9/5r3/p1p5p/6R2/2P1P4/P7P/6Nc1/7R1/2BAKAB2 b,-0.79801536,2138
2bakabr1/9/9/p1p5p/6R2/2P1P4/P7P/5rNc1/7R1/2BAKAB2 w,0.8004698,3813
2bakabr1/9/9/p1p3R1p/9/2P1P4/P7P/5rNc1/7R1/2BAKAB2 b,-0.80019426,691
2bakab2/9/9/p1p3R1p/9/2P1P4/P6rP/5rNc1/7R1/2BAKAB2 w,0.8143955,2976
2bakaR2/9/9/p1p5p/9/2P1P4/P6rP/5rNc1/7R1/2BAKAB2 b,-0.8037907,5548
2bakaR2/9/9/p1p5p/9/2P1P4/P3r3P/5rNc1/7R1/2BAKAB2 w,0.8324477,7816
2bakaR2/9/9/p1p5p/9/2P1P4/P3r3P/5rNc1/4A2R1/2BAK1B2 b,-0.8203945,6371
2bakaR2/9/9/p1p5p/9/2P1P4/P3r3P/5rN1c/4A2R1/2BAK1B2 w,0.83507735,6262
2bakaR2/9/9/p1p5p/9/2P1P2N1/P3r3P/5r2c/4A2R1/2BAK1B2 b,-0.81759316,283
2b1kaR2/4a4/9/p1p5p/9/2P1P2N1/P3r3P/5r2c/4A2R1/2BAK1B2 w,0.8726714,7897
2b1kaR2/4a4/9/p1p5p/9/2P1P2N1/P3r3P/4Br2c/4A2R1/2BAK4 b,-0.8461239,6143
2b1kaR2/4a4/5r3/p1p5p/9/2P1P2N1/P3r3P/4B3c/4A2R1/2BAK4 w,0.86689746,4751
2b1kaR2/4a4/5r3/p1p5p/9/2P1P4/P3r3P/4B3N/4A2R1/2BAK4 b,-0.8585172,5282
2b1kaR2/4a4/5r3/p1p5p/9/2P1P4/P7r/4B3N/4A2R1/2BAK4 w,0.8660817,7180
2b1kaR2/4a4/5r3/p1p5p/9/2P1P4/P7r/4B2RN/4A4/2BAK4 b,-0.8589281,5634
2b1kaR2/4a4/5r3/p1p5p/9/2P1P4/r8/4B2RN/4A4/2BAK4 w,0.8732528,6307
2b1kaRR1/4a4/5r3/p1p5p/9/2P1P4/r8/4B3N/4A4/2BAK4 b,-0.85095465,202
4kaRR1/4a4/4br3/p1p5p/9/2P1P4/r8/4B3N/4A4/2BAK4 w,0.8675738,609
4ka1R1/4a4/4br3/p1p5p/9/2P1P4/r8/4B1R1N/4A4/2BAK4 b,-0.86072403,4918
4ka1R1/4a4/4br3/p1p5p/9/2P1P4/4r4/4B1R1N/4A4/2BAK4 w,0.8624932,664
4ka3/4a4/4br3/p1p4Rp/9/2P1P4/4r4/4B1R1N/4A4/2BAK4 b,-0.8535148,5269
4ka3/4a4/4br3/p1p4Rp/9/2P1r4/9/4B1R1N/4A4/2BAK4 w,0.8634904,3089
4ka3/4a4/4br3/p1R5p/9/2P1r4/9/4B1R1N/4A4/2BAK4 b,-0.8553575,3194
4ka3/4a4/4br3/p1R6/8p/2P1r4/9/4B1R1N/4A4/2BAK4 w,0.8695212,6243
4ka3/4a4/4br3/p1R3R2/8p/2P1r4/9/4B3N/4A4/2BAK4 b,-0.86336315,4468
4ka3/4a4/4br3/p1R3R2/8p/2P6/4r4/4B3N/4A4/2BAK4 w,0.8720499,6450
4ka3/4a4/4br3/p1R3R2/8p/2P6/4r1N2/4B4/4A4/2BAK4 b,-0.8608492,1986
4kab2/4a4/5r3/p1R3R2/8p/2P6/4r1N2/4B4/4A4/2BAK4 w,0.88444227,2976
4kaR2/4a4/5r3/p1R6/8p/2P6/4r1N2/4B4/4A4/2BAK4 b,-0.88189673,2095
4kaR2/4a4/7r1/p1R6/8p/2P6/4r1N2/4B4/4A4/2BAK4 w,0.89647263,5441
4kaR2/4a4/7r1/p1R6/5N2p/2P6/4r4/4B4/4A4/2BAK4 b,-0.88112974,5260
4kaR2/4a4/7r1/p1R6/4rN2p/2P6/9/4B4/4A4/2BAK4 w,0.89532393,3724
4kaR2/4a4/7r1/p1R4N1/4r3p/2P6/9/4B4/4A4/2BAK4 b,-0.8871552,3643
4kaR2/4a4/7r1/p1R4N1/7rp/2P6/9/4B4/4A4/2BAK4 w,0.8963431,573
4ka3/4a4/7r1/p1R3RN1/7rp/2P6/9/4B4/4A4/2BAK4 b,-0.88685304,2466
4ka3/4a4/7r1/2R3RN1/p6rp/2P6/9/4B4/4A4/2BAK4 w,0.9153193,4268
4ka3/4a4/7r1/2R3RN1/p1P4rp/9/9/4B4/4A4/2BAK4 b,-0.89905614,3285
4ka3/4a4/7r1/2R3RN1/2P4rp/p8/9/4B4/4A4/2BAK4 w,0.90463805,6117
4ka3/4a4/7r1/2R3RN1/2P4rp/p8/9/9/4A4/2BAK1B2 b,-0.8958187,4096
4ka3/4a4/7r1/2R3RN1/2P4rp/1p7/9/9/4A4/2BAK1B2 w,0.92213434,6926
4ka3/4a4/7r1/2R3RN1/2P4rp/1p7/9/9/9/2BAKAB2 b,-0.90217364,363
3k1a3/4a4/7r1/2R3RN1/2P4rp/1p7/9/9/9/2BAKAB2 w,0.8975198,3000
3k1a3/4a4/7r1/2RR3N1/2P4rp/1p7/9/9/9/2BAKAB2 b,-0.89601535,2271
3k1a3/4a4/3r5/2RR3N1/2P4rp/1p7/9/9/9/2BAKAB2 w,0.91964614,3075
3k1a3/4a1N2/3r5/2RR5/2P4rp/1p7/9/9/9/2BAKAB2 b,-0.90382576,3912
3k1a3/4a1N2/3r5/2RR5/2P3r1p/1p7/9/9/9/2BAKAB2 w,0.9096298,1382
3k1a3/4a4/3r5/2RR1N3/2P3r1p/1p7/9/9/9/2BAKAB2 b,-0.9045942,1920
3k1a3/4a4/9/2Rr1N3/2P3r1p/1p7/9/9/9/2BAKAB2 w,0.91457504,2640
3k1a3/4a4/9/3R1N3/2P3r1p/1p7/9/9/9/2BAKAB2 b,-0.90469986,274
4ka3/4a4/9/3R1N3/2P3r1p/1p7/9/9/9/2BAKAB2 w,0.9103779,2728
4ka3/4a4/9/1R3N3/2P3r1p/1p7/9/9/9/2BAKAB2 b,-0.89366823,363
3k1a3/4a4/9/1R3N3/2P3r1p/1p7/9/9/9/2BAKAB2 w,0.90508187,3449
3k1a3/4a4/9/1RP2N3/6r1p/1p7/9/9/9/2BAKAB2 b,-0.891969,3818
3k1a3/4a4/9/1RP2N3/2r5p/1p7/9/9/9/2BAKAB2 w,0.8945939,2640
3k1a3/4a4/9/1R1P1N3/2r5p/1p7/9/9/9/2BAKAB2 b,-0.89783955,3461
3k1a3/4a4/9/1R1P1N3/5r2p/1p7/9/9/9/2BAKAB2 w,0.9000551,2521
1R1k1a3/4a4/9/3P1N3/5r2p/1p7/9/9/9/2BAKAB2 b,-0.8962328,282
1R3a3/3ka4/9/3P1N3/5r2p/1p7/9/9/9/2BAKAB2 w,0.8971618,100
5a3/1R1ka4/9/3P1N3/5r2p/1p7/9/9/9/2BAKAB2 b,-0.8936582,1083
3k1a3/1R2a4/9/3P1N3/5r2p/1p7/9/9/9/2BAKAB2 w,0.90668046,2721
3k1a3/1R2a4/3P5/5N3/5r2p/1p7/9/9/9/2BAKAB2 b,-0.893422,1191
3k1a3/1R7/3a5/5N3/5r2p/1p7/9/9/9/2BAKAB2 w,0.8972457,2901
3k1a3/1R7/3N5/9/5r2p/1p7/9/9/9/2BAKAB2 b,-0.89588016,3713
3k1a3/1R7/3N1r3/9/8p/1p7/9/9/9/2BAKAB2 w,0.93971765,1904
3k1a3/1R3N3/5r3/9/8p/1p7/9/9/9/2BAKAB2 b,-0.9469489,2084
3k1a3/1R3r3/9/9/8p/1p7/9/9/9/2BAKAB2 w,0.9553879,914
3k1a3/5R3/9/9/8p/1p7/9/9/9/2BAKAB2 b,-0.95363575,463
3k5/4aR3/9/9/8p/1p7/9/9/9/2BAKAB2 w,0.97363013,1273
3k5/4R4/9/9/8p/1p7/9/9/9/2BAKAB2 b,-0.97244775,4195
3k5/4R4/9/9/8p/9/1p7/9/9/2BAKAB2 w,0.9943116,1201
3k5/9/9/4R4/8p/9/1p7/9/9/2BAKAB2 b,-0.9911137,5014
3k5/9/9/4R4/8p/9/9/1p7/9/2BAKAB2 w,1,2820
rnbakabnr/9/1c5c1/p1p1p1p1p/9/9/P1P1P1P1P/1C5C1/9/RNBAKABNR w,0.0018177032,5827
rnbakabnr/9/1c5c1/p1p1p1p1p/9/9/P1P1P1P1P/4C2C1/9/RNBAKABNR b,-0.0017668129,110
r1bakabnr/9/1cn4c1/p1p1p1p1p/9/9/P1P1P1P1P/4C2C1/9/RNBAKABNR w,0.0018192291,7445
r1bakabnr/9/1cn4c1/p1p1p1p1p/9/9/P1P1P1P1P/2N1C2C1/9/R1BAKABNR b,-0.0018089175,562
r1baka1nr/9/1cn1b2c1/p1p1p1p1p/9/9/P1P1P1P1P/2N1C2C1/9/R1BAKABNR w,0.0019419909,7372
r1baka1nr/9/1cn1b2c1/p1p1p1p1p/9/9/P1P1P1P1P/2N1C2C1/9/1RBAKABNR b,-0.0017700195,1
1rbaka1nr/9/1cn1b2c1/p1p1p1p1p/9/9/P1P1P1P1P/2N1C2C1/9/1RBAKABNR w,0.0017125607,6368
1rbaka1nr/9/1cn1b2c1/p1p1p1p1p/9/9/P1P1P1P1P/2N1CC3/9/1RBAKABNR b,-0.0012760878,654
1rbaka2r/9/1cn1b1nc1/p1p1p1p1p/9/9/P1P1P1P1P/2N1CC3/9/1RBAKABNR w,0.0016003847,7989
1rbaka2r/9/1cn1b1nc1/p1p1p1p1p/9/9/P1P1P1P1P/2N1CCN2/9/1RBAKAB1R b,-0.001368165,3012
1rbaka2r/9/1cn1b1nc1/p1p1p3p/6p2/9/P1P1P1P1P/2N1CCN2/9/1RBAKAB1R w,0.0018723011,8098
1rbaka2r/9/1cn1b1nc1/p1p1p3p/6p2/9/P1P1P1P1P/2N1CCN2/9/1RBAKABR1 b,-0.0019089461,727
1rbaka1r1/9/1cn1b1nc1/p1p1p3p/6p2/9/P1P1P1P1P/2N1CCN2/9/1RBAKABR1 w,0.002513051,5087
1rbaka1r1/9/1cn1b1nc1/p1p1p3p/6p2/2P6/P3P1P1P/2N1CCN2/9/1RBAKABR1 b,-0.0021549107,1765
1rbaka1r1/9/2n1b1nc1/p1p1p3p/6p2/2P6/Pc2P1P1P/2N1CCN2/9/1RBAKABR1 w,0.004761744,5898
1rbaka1r1/9/2n1b1nc1/p1p1p3p/6p2/2PN5/Pc2P1P1P/4CCN2/9/1RBAKABR1 b,-0.006537807,2311
1rbaka1r1/9/2n1b1n2/p1p1p3p/6p2/2PN5/Pc2P1PcP/4CCN2/9/1RBAKABR1 w,0.007886124,6143
1rbaka1r1/9/2n1bCn2/p1p1p3p/6p2/2PN5/Pc2P1PcP/4C1N2/9/1RBAKABR1 b,-0.008294404,1986
1rbakabr1/9/2n2Cn2/p1p1p3p/6p2/2PN5/Pc2P1PcP/4C1N2/9/1RBAKABR1 w,0.01805811,4351
1rbakabr1/9/2n2Cn2/p1p1N3p/6p2/2P6/Pc2P1PcP/4C1N2/9/1RBAKABR1 b,-0.0047813295,1831
1rbakabr1/9/5Cn2/p1p1n3p/6p2/2P6/Pc2P1PcP/4C1N2/9/1RBAKABR1 w,0.005222106,6061
1rbakabr1/9/5Cn2/p1p1C3p/6p2/2P6/Pc2P1PcP/6N2/9/1RBAKABR1 b,0.009373379,109
2bakabr1/9/1r3Cn2/p1p1C3p/6p2/2P6/Pc2P1PcP/6N2/9/1RBAKABR1 w,0.0019269943,2839
2bakabr1/9/1r3Cn2/p1p5p/6p2/2P1C4/Pc2P1PcP/6N2/9/1RBAKABR1 b,0.0016278028,1733
2bakabr1/9/5rn2/p1p5p/6p2/2P1C4/Pc2P1PcP/6N2/9/1RBAKABR1 w,0.0096395975,7435
2bakabr1/9/5rn2/p1p5p/6p2/2P1C4/PR2P1PcP/6N2/9/2BAKABR1 b,-0.007027888,2201
2bakabr1/9/5r3/p1p5p/5np2/2P1C4/PR2P1PcP/6N2/9/2BAKABR1 w,0.0140283825,4987
2bakabr1/9/5r3/p1p5p/1R3np2/2P1C4/P3P1PcP/6N2/9/2BAKABR1 b,-0.008410609,3750
2bakabr1/9/5r3/p1p5p/1R4p2/2P1C4/P3P1ncP/6N2/9/2BAKABR1 w,0.019163704,3372
2bakabr1/9/5r3/p1p5p/6R2/2P1C4/P3P1ncP/6N2/9/2BAKABR1 b,-0.0054848315,5449
2bakabr1/9/5r3/p1p5p/6R2/2P1n4/P3P2cP/6N2/9/2BAKABR1 w,0.0055981874,5269
2bakabr1/9/5r3/p1p5p/6R2/2P1P4/P6cP/6N2/9/2BAKABR1 b,0.00068066124,5560
2bakabr1/9/5r3/p1p5p/6R2/2P1P4/P7P/6Nc1/9/2BAKABR1 w,0.0086442,7999
2bakabr1/9/5r3/p1p5p/6R2/2P1P4/P7P/6Nc1/7R1/2BAKAB2 b,0.0017585278,2138
2bakabr1/9/9/p1p5p/6R2/2P1P4/P7P/5rNc1/7R1/2BAKAB2 w,0.011114955,7897
2bakabr1/9/9/p1p5p/6R2/2P1P4/P7P/4BrNc1/7R1/2BAKA3 b,-0.0032454492,562
2baka1r1/9/4b4/p1p5p/6R2/2P1P4/P7P/4BrNc1/7R1/2BAKA3 w,0.015230203,3840
2baka1r1/9/4b4/p1p5p/9/2P1P4/P5R1P/4BrNc1/7R1/2BAKA3 b,-0.0058876993,6170
2baka1r1/9/4b4/p1p5p/9/2P1Pr3/P5R1P/4B1Nc1/7R1/2BAKA3 w,0.028141594,5406
2bakaRr1/9/4b4/p1p5p/9/2P1Pr3/P7P/4B1Nc1/7R1/2BAKA3 b,-0.002599728,636
2bakar2/9/4b4/p1p5p/9/2P1Pr3/P7P/4B1Nc1/7R1/2BAKA3 w,0.0055716275,6260
2bakar2/9/4b4/p1p5p/9/2P1PN3/P7P/4B2c1/7R1/2BAKA3 b,0.00056989194,6371
2bakar2/9/4b4/p1p5p/9/2P1PN3/P7P/4B3c/7R1/2BAKA3 w,0.007305622,4543
2bakar2/9/4b4/p1p5p/7N1/2P1P4/P7P/4B3c/7R1/2BAKA3 b,0.0060961484,547
2baka1r1/9/4b4/p1p5p/7N1/2P1P4/P7P/4B3c/7R1/2BAKA3 w,-0.00078384875,7190
2baka1r1/9/4b4/p1p5p/7N1/2P1P4/P7P/4B3c/8R/2BAKA3 b,0.00041720868,673
2baka3/9/4b4/p1p5p/7r1/2P1P4/P7P/4B3c/8R/2BAKA3 w,0.0020153045,7271
2baka3/9/4b4/p1p5p/7r1/2P1P4/P7P/4B3R/9/2BAKA3 b,-0.0010775089,3922
2baka3/9/4b4/p1p5p/9/2P1P2r1/P7P/4B3R/9/2BAKA3 w,0.0017845155,6458
2baka3/9/4b4/p1p5p/9/2P1P2r1/P7P/4BR3/9/2BAKA3 b,0.00034899713,4729
2baka3/9/4b4/p1p5p/9/2P1r4/P7P/4BR3/9/2BAKA3 w,0.002682042,6197
2baka3/9/4b4/p1p5p/9/2P1r4/P7P/4B4/5R3/2BAKA3 b,0.001688242,4468
2baka3/9/4b4/p1p5p/9/2P6/P3r3P/4B4/5R3/2BAKA3 w,-0.00018296242,5633
2baka3/9/4b4/p1p5p/9/2P5P/P3r4/4B4/5R3/2BAKA3 b,0.0012025118,5274
2baka3/9/4b4/p1p5p/9/2P5P/r8/4B4/5R3/2BAKA3 w,0.0024641515,7009
2baka3/9/4b4/p1p5p/9/2P5P/r8/4B4/7R1/2BAKA3 b,0.001412797,4919
2baka3/9/4b4/p1p5p/9/2P5P/5r3/4B4/7R1/2BAKA3 w,0.0004944086,7144
2baka3/9/4b4/p1p4Rp/9/2P5P/5r3/4B4/9/2BAKA3 b,0.0006388426,2466
2baka3/9/4b4/2p4Rp/p8/2P5P/5r3/4B4/9/2BAKA3 w,0.000023436547,3089
2baka3/9/4b4/2R5p/p8/2P5P/5r3/4B4/9/2BAKA3 b,0.0004918575,5372
2baka3/9/4b4/2R5p/p8/2P5P/8r/4B4/9/2BAKA3 w,0.002866745,2645
2baka3/9/4b4/8R/p8/2P5P/8r/4B4/9/2BAKA3 b,0.00045208933,3285
2baka3/9/4b4/8R/9/p1P5P/8r/4B4/9/2BAKA3 w,-0.0009754539,3179
2baka3/9/4b4/2R6/9/p1P5P/8r/4B4/9/2BAKA3 b,0.003127575,5633
2baka3/9/4b4/2R6/9/p1P5r/9/4B4/9/2BAKA3 w,-0.0013589383,2637
2baka3/9/4b4/R8/9/p1P5r/9/4B4/9/2BAKA3 b,0.004922438,4096
2baka3/9/4b4/R8/9/1pP5r/9/4B4/9/2BAKA3 w,-0.0012238264,2463
2baka3/9/4b4/6R2/9/1pP5r/9/4B4/9/2BAKA3 b,0.0041343453,4187
2baka3/9/4b4/6R2/9/2p5r/9/4B4/9/2BAKA3 w,-0.0029071092,2999
2baka3/9/4b4/2R6/9/2p5r/9/4B4/9/2BAKA3 b,0.0023994686,4818
2baka3/9/4b4/2R6/9/2pr5/9/4B4/9/2BAKA3 w,0.001576233,2657
2baka3/9/4b4/9/9/2Rr5/9/4B4/9/2BAKA3 b,0.0018930912,4359
2baka3/9/4b4/9/3r5/2R6/9/4B4/9/2BAKA3 w,-0.00025104286,4275
2baka3/9/4b4/9/3r5/R8/9/4B4/9/2BAKA3 b,0.0027327777,3522
2baka3/3r5/4b4/9/9/R8/9/4B4/9/2BAKA3 w,-0.0014001966,4099
2baka3/3r5/4b4/9/9/4R4/9/4B4/9/2BAKA3 b,0.0041386127,1097
2baka3/8r/4b4/9/9/4R4/9/4B4/9/2BAKA3 w,-0.00048012735,6117
2baka3/8r/4b4/9/9/4R4/9/9/9/2BAKAB2 b,0.002157855,1540
2baka3/1r7/4b4/9/9/4R4/9/9/9/2BAKAB2 w,-0.0016542793,7537
2baka3/1r7/4b4/9/9/4R4/9/4B4/9/3AKAB2 b,0.0008169651,283
2b1ka3/1r2a4/4b4/9/9/4R4/9/4B4/9/3AKAB2 w,-0.0012388349,7816
2b1ka3/1r2a4/4b4/9/9/4R4/9/4B4/4A4/3AK1B2 b,0.001694131,928
2b1ka3/4a4/4b4/1r7/9/4R4/9/4B4/4A4/3AK1B2 w,-0.0004312277,4468
2b1ka3/4a4/4b4/1r7/9/9/4R4/4B4/4A4/3AK1B2 b,0.0015962124,2547
2b1ka3/4a4/4b4/r8/9/9/4R4/4B4/4A4/3AK1B2 w,0.0012252808,5282
2b1ka3/4a4/4b4/r8/9/9/8R/4B4/4A4/3AK1B2 b,0.0002901554,2466
2b1ka3/4a4/4b4/9/r8/9/8R/4B4/4A4/3AK1B2 w,0.0003945589,5633
2b1ka3/4a4/4b4/9/r8/8R/9/4B4/4A4/3AK1B2 b,0.0016683817,3267
2b1ka3/4a4/4b4/r8/9/8R/9/4B4/4A4/3AK1B2 w,0,4832
rnbakabnr/9/1c5c1/p1p1p1p1p/9/9/P1P1P1P1P/1C5C1/9/RNBAKABNR w,-0.79819137,5827
rnbakabnr/9/1c5c1/p1p1p1p1p/9/9/P1P1P1P1P/4C2C1/9/RNBAKABNR b,0.7982008,110
r1bakabnr/9/1cn4c1/p1p1p1p1p/9/9/P1P1P1P1P/4C2C1/9/RNBAKABNR w,-0.79818076,7445
r1bakabnr/9/1cn4c1/p1p1p1p1p/9/9/P1P1P1P1P/2N1C2C1/9/R1BAKABNR b,0.79817593,562
r1baka1nr/9/1cn1b2c1/p1p1p1p1p/9/9/P1P1P1P1P/2N1C2C1/9/R1BAKABNR w,-0.7980365,7372
r1baka1nr/9/1cn1b2c1/p1p1p1p1p/9/9/P1P1P1P1P/2N1C2C1/9/1RBAKABNR b,0.7982294,1
1rbaka1nr/9/1cn1b2c1/p1p1p1p1p/9/9/P1P1P1P1P/2N1C2C1/9/1RBAKABNR w,-0.79828745,6368
1rbaka1nr/9/1cn1b2c1/p1p1p1p1p/9/9/P1P1P1P1P/2N1CC3/9/1RBAKABNR b,0.79872113,654
1rbaka2r/9/1cn1b1nc1/p1p1p1p1p/9/9/P1P1P1P1P/2N1CC3/9/1RBAKABNR w,-0.79841346,7989
1rbaka2r/9/1cn1b1nc1/p1p1p1p1p/9/9/P1P1P1P1P/2N1CCN2/9/1RBAKAB1R b,0.79865164,3012
1rbaka2r/9/1cn1b1nc1/p1p1p3p/6p2/9/P1P1P1P1P/2N1CCN2/9/1RBAKAB1R w,-0.7981264,8098
1rbaka2r/9/1cn1b1nc1/p1p1p3p/6p2/9/P1P1P1P1P/2N1CCN2/9/1RBAKABR1 b,0.7979827,727
1rbaka1r1/9/1cn1b1nc1/p1p1p3p/6p2/9/P1P1P1P1P/2N1CCN2/9/1RBAKABR1 w,-0.7974455,5087
1rbaka1r1/9/1cn1b1nc1/p1p1p3p/6p2/2P6/P3P1P1P/2N1CCN2/9/1RBAKABR1 b,0.79777384,1765
1rbaka1r1/9/2n1b1nc1/p1p1p3p/6p2/2P6/Pc2P1P1P/2N1CCN2/9/1RBAKABR1 w,-0.79522735,5898
1rbaka1r1/9/2n1b1nc1/p1p1p3p/6p2/2PN5/Pc2P1P1P/4CCN2/9/1RBAKABR1 b,0.7935914,2311
1rbaka1r1/9/2n1b1n2/p1p1p3p/6p2/2PN5/Pc2P1PcP/4CCN2/9/1RBAKABR1 w,-0.7920539,6143
1rbaka1r1/9/2n1bCn2/p1p1p3p/6p2/2PN5/Pc2P1PcP/4C1N2/9/1RBAKABR1 b,0.7910976,1986
1rbakabr1/9/2n2Cn2/p1p1p3p/6p2/2PN5/Pc2P1PcP/4C1N2/9/1RBAKABR1 w,-0.78150064,4351
1rbakabr1/9/2n2Cn2/p1p1N3p/6p2/2P6/Pc2P1PcP/4C1N2/9/1RBAKABR1 b,0.79521334,1831
1rbakabr1/9/5Cn2/p1p1n3p/6p2/2P6/Pc2P1PcP/4C1N2/9/1RBAKABR1 w,-0.795019,6061
1rbakabr1/9/5Cn2/p1p1C3p/6p2/2P6/Pc2P1PcP/6N2/9/1RBAKABR1 b,0.8095136,109
2bakabr1/9/1r3Cn2/p1p1C3p/6p2/2P6/Pc2P1PcP/6N2/9/1RBAKABR1 w,-0.7953291,2830
2bakabr1/9/1r3Cn2/p1p5p/4C1p2/2P6/Pc2P1PcP/6N2/9/1RBAKABR1 b,0.8029044,1733
2bakabr1/9/5rn2/p1p5p/4C1p2/2P6/Pc2P1PcP/6N2/9/1RBAKABR1 w,-0.7972563,7435
2bakabr1/9/5rn2/p1p5p/4C1p2/2P6/PR2P1PcP/6N2/9/2BAKABR1 b,0.80242604,2111
2bakabr1/9/6n2/p1p5p/4Crp2/2P6/PR2P1PcP/6N2/9/2BAKABR1 w,-0.79262984,3649
2bakabr1/9/6n2/p1p5p/5rp2/2P1C4/PR2P1PcP/6N2/9/2BAKABR1 b,0.8010524,3831
2bakabr1/9/6n2/p1p5p/5r3/2P1C1p2/PR2P1PcP/6N2/9/2BAKABR1 w,-0.7877484,4969
2bakabr1/9/1R4n2/p1p5p/5r3/2P1C1p2/P3P1PcP/6N2/9/2BAKABR1 b,0.78519845,4650
2bakabr1/9/1R4n2/p1p5p/5r3/2P1C4/P3P1pcP/6N2/9/2BAKABR1 w,-0.7839366,1734
2bakabr1/9/6R2/p1p5p/5r3/2P1C4/P3P1pcP/6N2/9/2BAKABR1 b,0.7898834,5469
2bakabr1/9/6R2/p1p5p/5r3/2P1C4/P3P2cP/6p2/9/2BAKABR1 w,-0.7853206,2229
2bakabr1/9/9/p1p5p/5r3/2P1C4/P3P2cP/6R2/9/2BAKABR1 b,0.7948185,3749
2bakabr1/9/9/p1p5p/9/2P1C4/P3Pr1cP/6R2/9/2BAKABR1 w,-0.78320694,6276
2bakabr1/9/9/p1p5p/9/2P1C4/P3Pr1cP/3R5/9/2BAKABR1 b,0.79893774,5368
2bakabr1/9/9/p1p5p/9/2P1C4/P3r2cP/3R5/9/2BAKABR1 w,-0.81741154,6007
2bakabr1/9/9/p1p5p/9/2P1C4/P3r2cP/4R4/9/2BAKABR1 b,0.88259155,5287
2bakabr1/9/9/p1p5p/9/2P1C4/P6cP/4r4/9/2BAKABR1 w,-0.8875672,7537
2bakabr1/9/9/p1p5p/9/2P1C4/P6cP/4B4/9/3AKABR1 b,0.91099125,5548
2bakabr1/9/9/p1p5p/9/2P1C4/P3c3P/4B4/9/3AKABR1 w,-0.90930367,7636
2bakabr1/9/9/p1p5p/9/2P1C4/P3c3P/4B4/4A4/4KABR1 b,0.9111624,718
2bakab2/9/9/p1p5p/9/2P1C4/P3c3P/4B4/4A4/4KABr1 w,-0.9073072,7734
2bakab2/9/9/p1p5p/9/2P1C4/P3c3P/4B4/4A4/3K1ABr1 b,0.9086508,7972
2bakab2/9/9/p1p5p/9/2P1C2r1/P3c3P/4B4/4A4/3K1AB2 w,-0.9093993,4450
2bakab2/9/9/p1p5p/4C4/2P4r1/P3c3P/4B4/4A4/3K1AB2 b,0.9247351,4728
2bakab2/9/9/p1p5p/4C4/2Pr5/P3c3P/4B4/4A4/3K1AB2 w,-0.92053443,7645
2bakab2/9/9/p1p5p/4C4/2Pr5/P3c3P/4B4/4A4/4KAB2 b,0.9350206,4367
2bakab2/9/9/p1p5p/4C4/2r6/P3c3P/4B4/4A4/4KAB2 w,-0.9304418,7734
2bakab2/9/9/p1p5p/4C4/2r6/P3c3P/4B4/4A4/3K1AB2 b,0.9332824,4278
2bakab2/9/9/p1p5p/4C4/3r5/P3c3P/4B4/4A4/3K1AB2 w,-0.9265593,7645
2bakab2/9/9/p1p5p/4C4/3r5/P3c3P/4B4/4A4/4KAB2 b,0.9303323,373
2ba1ab2/4k4/9/p1p5p/4C4/3r5/P3c3P/4B4/4A4/4KAB2 w,-0.92897797,3631
2ba1ab2/4k4/9/p1p1C3p/9/3r5/P3c3P/4B4/4A4/4KAB2 b,0.9373191,4377
2ba1ab2/4k4/9/p1p1C3p/9/9/P2rc3P/4B4/4A4/4KAB2 w,-0.9283742,2839
2ba1ab2/4k4/9/p1p5p/9/4C4/P2rc3P/4B4/4A4/4KAB2 b,0.93865156,5184
2ba1ab2/4k4/9/p1p5p/9/4C4/r3c3P/4B4/4A4/4KAB2 w,-0.9308453,4458
2ba1ab2/4k4/9/p1p5p/9/3C5/r3c3P/4B4/4A4/4KAB2 b,0.9321597,4917
2ba1ab2/4k4/9/p1p5p/9/3C5/3rc3P/4B4/4A4/4KAB2 w,-0.92850196,4371
2ba1ab2/4k4/9/p1p5p/9/6C2/3rc3P/4B4/4A4/4KAB2 b,0.92814296,566
2ba1a3/4k4/8b/p1p5p/9/6C2/3rc3P/4B4/4A4/4KAB2 w,-0.91870993,4659
2ba1a3/4k4/8b/p1p5p/9/9/3rc3P/4B1C2/4A4/4KAB2 b,0.9316062,5184
2ba1a3/4k4/8b/p1p5p/9/9/r3c3P/4B1C2/4A4/4KAB2 w,-0.9217938,7734
2ba1a3/4k4/8b/p1p5p/9/9/r3c3P/4B1C2/4A4/3K1AB2 b,0.9187461,4941
2ba1a3/4k4/8b/p1p5p/9/9/4c3P/4B1C2/4A4/r2K1AB2 w,-0.9196147,7635
2ba1a3/4k4/8b/p1p5p/9/9/4c3P/4B1C2/3KA4/r4AB2 b,0.9219703,7373
2ba1a3/4k4/8b/p1p5p/9/9/4c3P/4B1C2/3KA4/2r2AB2 w,-0.9138678,6281
2ba1a3/4k4/8b/p1p5p/9/9/4c3P/4B3C/3KA4/2r2AB2 b,0.91046613,7544
2ba1a3/4k4/8b/p1p5p/9/9/4c3P/4B3C/2rKA4/5AB2 w,-0.9093128,6834
2ba1a3/4k4/8b/p1p5p/9/9/4c3P/4B3C/2r1A4/3K1AB2 b,0.91162294,6716
2ba1a3/4k4/8b/p1p5p/9/9/2r1c3P/4B3C/4A4/3K1AB2 w,-0.9215956,6425
2ba1a3/4k4/8b/p1p5C/9/9/2r1c3P/4B4/4A4/3K1AB2 b,0.923618,5097
2ba1a3/4k4/8b/p1p5C/9/9/3rc3P/4B4/4A4/3K1AB2 w,-0.92242116,7645
2ba1a3/4k4/8b/p1p5C/9/9/3rc3P/4B4/4A4/4KAB2 b,0.929541,5160
2ba1a3/4k4/8b/p1pr4C/9/9/4c3P/4B4/4A4/4KAB2 w,-0.92466825,3203
2ba1a3/4k4/8b/p1pr5/9/8C/4c3P/4B4/4A4/4KAB2 b,0.93472815,2466
2ba1a3/4k4/8b/2pr5/p8/8C/4c3P/4B4/4A4/4KAB2 w,-0.9309267,4819
2ba1a3/4k4/8b/2pr5/p8/4C4/4c3P/4B4/4A4/4KAB2 b,0.9371995,3285
2ba1a3/4k4/8b/2pr5/9/p3C4/4c3P/4B4/4A4/4KAB2 w,-0.93621975,4457
2ba1a3/4k4/8b/2pr5/9/p1C6/4c3P/4B4/4A4/4KAB2 b,0.93412817,2648
2ba1a3/4k4/8b/3r5/2p6/p1C6/4c3P/4B4/4A4/4KAB2 w,-0.93357927,4232
2Ca1a3/4k4/8b/3r5/2p6/p8/4c3P/4B4/4A4/4KAB2 b,0.9418657,4096
2Ca1a3/4k4/8b/3r5/2p6/1p7/4c3P/4B4/4A4/4KAB2 w,-0.9399364,5633
2Ca1a3/4k4/8b/3r5/2p6/1p6P/4c4/4B4/4A4/4KAB2 b,0.9401906,3467
2Ca1a3/4k4/8b/3r5/9/1pp5P/4c4/4B4/4A4/4KAB2 w,-0.9417158,4814
2Ca1a3/4k4/8b/3r5/8P/1pp6/4c4/4B4/4A4/4KAB2 b,0.9511069,2727
2Ca1a3/4k4/8b/r8/8P/1pp6/4c4/4B4/4A4/4KAB2 w,-0.9410969,7734
2Ca1a3/4k4/8b/r8/8P/1pp6/4c4/4B4/4A4/3K1AB2 b,0.94057727,2460
2Ca1a3/4k4/8b/3r5/8P/1pp6/4c4/4B4/4A4/3K1AB2 w,-0.93596697,7645
2Ca1a3/4k4/8b/3r5/8P/1pp6/4c4/4B4/4A4/4KAB2 b,0.9354259,1182
2Ca1a3/3k5/8b/3r5/8P/1pp6/4c4/4B4/4A4/4KAB2 w,-0.93366903,185
3a1C3/3k5/8b/3r5/8P/1pp6/4c4/4B4/4A4/4KAB2 b,0.9815427,2727
3a1C3/3k5/8b/r8/8P/1pp6/4c4/4B4/4A4/4KAB2 w,-0.96733886,482
3a5/3k5/8b/r4C3/8P/1pp6/4c4/4B4/4A4/4KAB2 b,0.9685316,2462
3a5/3k5/8b/5r3/8P/1pp6/4c4/4B4/4A4/4KAB2 w,-0.96466887,4003
3a5/3k5/8b/5r3/7P1/1pp6/4c4/4B4/4A4/4KAB2 b,0.9713846,283
9/3ka4/8b/5r3/7P1/1pp6/4c4/4B4/4A4/4KAB2 w,-0.9642421,7901
9/3ka4/8b/5r3/7P1/1pp6/4c4/4B3B/4A4/4KA3 b,0.96789765,2910
9/3ka4/8b/3r5/7P1/1pp6/4c4/4B3B/4A4/4KA3 w,-0.9778922,6477
9/3ka4/8b/3r5/7P1/1pp6/4c4/4B4/4A4/4KAB2 b,0.9954616,2727
9/3ka4/8b/r8/7P1/1pp6/4c4/4B4/4A4/4KAB2 w,-0.9944082,3904
9/3ka4/8b/r6P1/9/1pp6/4c4/4B4/4A4/4KAB2 b,1,2511
rnbakabnr/9/1c5c1/p1p1p1p1p/9/9/P1P1P1P1P/1C5C1/9/RNBAKABNR w,-0.79817486,5827
rnbakabnr/9/1c5c1/p1p1p1p1p/9/9/P1P1P1P1P/4C2C1/9/RNBAKABNR b,0.79822135,110
r1bakabnr/9/1cn4c1/p1p1p1p1p/9/9/P1P1P1P1P/4C2C1/9/RNBAKABNR w,-0.79816985,7445
r1bakabnr/9/1cn4c1/p1p1p1p1p/9/9/P1P1P1P1P/2N1C2C1/9/R1BAKABNR b,0.79817766,562
r1baka1nr/9/1cn1b2c1/p1p1p1p1p/9/9/P1P1P1P1P/2N1C2C1/9/R1BAKABNR w,-0.7980365,7372
r1baka1nr/9/1cn1b2c1/p1p1p1p1p/9/9/P1P1P1P1P/2N1C2C1/9/1RBAKABNR b,0.79821855,1
1rbaka1nr/9/1cn1b2c1/p1p1p1p1p/9/9/P1P1P1P1P/2N1C2C1/9/1RBAKABNR w,-0.798301,6368
1rbaka1nr/9/1cn1b2c1/p1p1p1p1p/9/9/P1P1P1P1P/2N1CC3/9/1RBAKABNR b,0.79872394,654
1rbaka2r/9/1cn1b1nc1/p1p1p1p1p/9/9/P1P1P1P1P/2N1CC3/9/1RBAKABNR w,-0.7984384,7989
1rbaka2r/9/1cn1b1nc1/p1p1p1p1p/9/9/P1P1P1P1P/2N1CCN2/9/1RBAKAB1R b,0.79863524,3012
1rbaka2r/9/1cn1b1nc1/p1p1p3p/6p2/9/P1P1P1P1P/2N1CCN2/9/1RBAKAB1R w,-0.7981061,8098
1rbaka2r/9/1cn1b1nc1/p1p1p3p/6p2/9/P1P1P1P1P/2N1CCN2/9/1RBAKABR1 b,0.7980074,727
1rbaka1r1/9/1cn1b1nc1/p1p1p3p/6p2/9/P1P1P1P1P/2N1CCN2/9/1RBAKABR1 w,-0.79748696,5087
1rbaka1r1/9/1cn1b1nc1/p1p1p3p/6p2/2P6/P3P1P1P/2N1CCN2/9/1RBAKABR1 b,0.7978451,1765
1rbaka1r1/9/2n1b1nc1/p1p1p3p/6p2/2P6/Pc2P1P1P/2N1CCN2/9/1RBAKABR1 w,-0.795294,5898
1rbaka1r1/9/2n1b1nc1/p1p1p3p/6p2/2PN5/Pc2P1P1P/4CCN2/9/1RBAKABR1 b,0.7935736,2311
1rbaka1r1/9/2n1b1n2/p1p1p3p/6p2/2PN5/Pc2P1PcP/4CCN2/9/1RBAKABR1 w,-0.7920708,6143
1rbaka1r1/9/2n1bCn2/p1p1p3p/6p2/2PN5/Pc2P1PcP/4C1N2/9/1RBAKABR1 b,0.7915428,1986
1rbakabr1/9/2n2Cn2/p1p1p3p/6p2/2PN5/Pc2P1PcP/4C1N2/9/1RBAKABR1 w,-0.7819419,4351
1rbakabr1/9/2n2Cn2/p1p1N3p/6p2/2P6/Pc2P1PcP/4C1N2/9/1RBAKABR1 b,0.7952257,1831
1rbakabr1/9/5Cn2/p1p1n3p/6p2/2P6/Pc2P1PcP/4C1N2/9/1RBAKABR1 w,-0.7947467,6061
1rbakabr1/9/5Cn2/p1p1C3p/6p2/2P6/Pc2P1PcP/6N2/9/1RBAKABR1 b,0.8090971,109
2bakabr1/9/1r3Cn2/p1p1C3p/6p2/2P6/Pc2P1PcP/6N2/9/1RBAKABR1 w,-0.79811496,2839
2bakabr1/9/1r3Cn2/p1p5p/6p2/2P1C4/Pc2P1PcP/6N2/9/1RBAKABR1 b,0.80174,1733
2bakabr1/9/5rn2/p1p5p/6p2/2P1C4/Pc2P1PcP/6N2/9/1RBAKABR1 w,-0.79037094,7435
2bakabr1/9/5rn2/p1p5p/6p2/2P1C4/PR2P1PcP/6N2/9/2BAKABR1 b,0.79364264,2201
2bakabr1/9/5r3/p1p5p/5np2/2P1C4/PR2P1PcP/6N2/9/2BAKABR1 w,-0.78571963,4987
2bakabr1/9/5r3/p1p5p/1R3np2/2P1C4/P3P1PcP/6N2/9/2BAKABR1 b,0.7914381,3750
2bakabr1/9/5r3/p1p5p/1R4p2/2P1C4/P3P1ncP/6N2/9/2BAKABR1 w,-0.7808239,3372
2bakabr1/9/5r3/p1p5p/6R2/2P1C4/P3P1ncP/6N2/9/2BAKABR1 b,0.7945152,5449
2bakabr1/9/5r3/p1p5p/6R2/2P1n4/P3P2cP/6N2/9/2BAKABR1 w,-0.7942502,5269
2bakabr1/9/5r3/p1p5p/6R2/2P1P4/P6cP/6N2/9/2BAKABR1 b,0.8004996,5560
2bakabr1/9/5r3/p1p5p/6R2/2P1P4/P7P/6Nc1/9/2BAKABR1 w,-0.79073244,7999
2bakabr1/9/5r3/p1p5p/6R2/2P1P4/P7P/6Nc1/7R1/2BAKAB2 b,0.80193275,2138
2bakabr1/9/9/p1p5p/6R2/2P1P4/P7P/5rNc1/7R1/2BAKAB2 w,-0.79956293,3813
2bakabr1/9/9/p1p3R1p/9/2P1P4/P7P/5rNc1/7R1/2BAKAB2 b,0.7960401,6361
2bakabr1/9/9/p1p3R1p/9/2P1P4/P6cP/5rN2/7R1/2BAKAB2 w,-0.778158,6290
2bakabr1/9/9/p1p3R1p/9/2P1P4/P6cP/5r3/7RN/2BAKAB2 b,0.7936403,5560
2bakabr1/9/9/p1p3R1p/9/2P1P4/P7P/5r1c1/7RN/2BAKAB2 w,-0.7875319,2999
2bakabr1/9/9/p1R5p/9/2P1P4/P7P/5r1c1/7RN/2BAKAB2 b,0.79887605,682
2bakab2/9/9/p1R5p/9/2P1P2r1/P7P/5r1c1/7RN/2BAKAB2 w,-0.7864568,2612
2Rakab2/9/9/p7p/9/2P1P2r1/P7P/5r1c1/7RN/2BAKAB2 b,0.7919164,4729
2Rakab2/9/9/p7p/9/2P1r4/P7P/5r1c1/7RN/2BAKAB2 w,-0.7848475,7186
2Rakab2/9/9/p7p/9/2P1r4/P7P/5r1c1/4R3N/2BAKAB2 b,0.7999426,4486
2Rakab2/9/9/p7p/9/2P6/P7P/5r1c1/4r3N/2BAKAB2 w,-0.79345703,7816
2Rakab2/9/9/p7p/9/2P6/P7P/5r1c1/4A3N/2BAK1B2 b,0.79825234,6179
2Rakab2/9/9/p7p/9/2P6/P4r2P/7c1/4A3N/2BAK1B2 w,-0.7962026,209
3akab2/9/9/p1R5p/9/2P6/P4r2P/7c1/4A3N/2BAK1B2 b,0.7952541,6388
3akab2/9/9/p1R5p/9/2P6/P4r2P/9/4A3N/2BAK1Bc1 w,-0.7957429,7897
3akab2/9/9/p1R5p/9/2P6/P4r2P/4B4/4A3N/2BAK2c1 b,0.8000998,8009
3akab2/9/9/p1R5p/9/2P6/P4r2P/4B4/4A3N/2BAK3c w,-0.8002074,7269
3akab2/9/9/p1R5p/9/2P6/P4r2P/4B1N2/4A4/2BAK3c b,0.8068103,5370
3akab2/9/9/p1R5p/9/2P6/P5r1P/4B1N2/4A4/2BAK3c w,-0.80186814,2641
3akab2/9/9/p3R3p/9/2P6/P5r1P/4B1N2/4A4/2BAK3c b,0.79800683,283
4kab2/4a4/9/p3R3p/9/2P6/P5r1P/4B1N2/4A4/2BAK3c w,-0.7862331,6268
4kab2/4a4/9/p3R3p/9/2P6/P3N1r1P/4B4/4A4/2BAK3c b,0.78661823,5461
4kab2/4a4/9/p3R3p/9/2P6/P3N2rP/4B4/4A4/2BAK3c w,-0.7821428,5259
4kab2/4a4/9/p3R3p/3N5/2P6/P6rP/4B4/4A4/2BAK3c b,0.80203855,5578
4kab2/4a4/9/p3R3p/3N5/2P6/P7P/4B4/4A4/2BAK2rc w,-0.8343957,6117
4kab2/4a4/9/p3R3p/3N5/2P6/P7P/9/4A4/2BAK1Brc b,0.8717232,8007
4kab2/4a4/9/p3R3p/3N5/2P6/P7P/9/4A4/2BAK1r1c w,-0.8811732,6926
4kab2/4a4/9/p3R3p/3N5/2P6/P7P/9/9/2BAKAr1c b,0.9119441,7863
4kab2/4a4/9/p3R1r1p/3N5/2P6/P7P/9/9/2BAKA2c w,-0.91407996,7726
4kab2/4a4/9/p3R1r1p/3N5/2P6/P7P/9/4K4/2BA1A2c b,0.92363304,3001
4kab2/4a4/9/p3r3p/3N5/2P6/P7P/9/4K4/2BA1A2c w,-0.9195632,6915
4kab2/4a4/9/p3r3p/3N5/2P6/P7P/9/3K5/2BA1A2c b,0.9211535,2820
4kab2/4a4/9/p2r4p/3N5/2P6/P7P/9/3K5/2BA1A2c w,-0.91955614,4268
4kab2/4a4/9/p2r4p/2PN5/9/P7P/9/3K5/2BA1A2c b,0.91922575,8090
4kab2/4a4/9/p2r4p/2PN5/9/P7P/9/3K4c/2BA1A3 w,-0.92241246,6826
4kab2/4a4/9/p2r4p/2PN5/9/P7P/9/4K3c/2BA1A3 b,0.9253145,2731
4kab2/4a4/9/p3r3p/2PN5/9/P7P/9/4K3c/2BA1A3 w,-0.9161032,7537
4kab2/4a4/9/p3r3p/2PN5/9/P7P/4B4/4K3c/3A1A3 b,0.92359066,2830
4kab2/4a4/9/p7p/2PNr4/9/P7P/4B4/4K3c/3A1A3 w,-0.9225889,3530
4kab2/4a4/2N6/p7p/2P1r4/9/P7P/4B4/4K3c/3A1A3 b,0.92652506,3638
4kab2/4a4/2N6/p7p/2r6/9/P7P/4B4/4K3c/3A1A3 w,-0.92130077,1827
4kab2/4a4/9/N7p/2r6/9/P7P/4B4/4K3c/3A1A3 b,0.91820407,3494
4kab2/4a4/9/N7p/9/9/P7P/4B4/2r1K3c/3A1A3 w,-0.9208038,6925
4kab2/4a4/9/N7p/9/9/P7P/4B4/2r5c/3AKA3 b,0.9251833,6716
4kab2/4a4/9/N7p/9/9/P1r5P/4B4/8c/3AKA3 w,-0.9250996,2476
4kab2/4a4/9/8p/9/1N7/P1r5P/4B4/8c/3AKA3 b,0.9237085,7289
4kab2/4a4/9/8p/9/1N7/P1r5P/4B4/9/3AKA2c w,-0.9203261,7816
4kab2/4a4/9/8p/9/1N7/P1r5P/4B4/4A4/3AK3c b,0.9290853,5098
4kab2/4a4/9/8p/9/1N7/P3r3P/4B4/4A4/3AK3c w,-0.92558026,4179
4kab2/4a4/9/8p/3N5/9/P3r3P/4B4/4A4/3AK3c b,0.9377032,5287
4kab2/4a4/9/8p/3N5/9/P7P/4r4/4A4/3AK3c w,-0.93873596,3538
4kab2/4a4/9/1N6p/9/9/P7P/4r4/4A4/3AK3c b,0.9413527,6088
4kab2/4a4/9/1N6p/9/9/P3r3P/9/4A4/3AK3c w,-0.92804813,2559
4kab2/4a4/9/8p/3N5/9/P3r3P/9/4A4/3AK3c b,0.91656476,5281
4kab2/4a4/9/8p/3N5/9/P6rP/9/4A4/3AK3c w,-0.9266699,6906
4kab2/4a4/9/8p/3N5/9/P6rP/3A5/9/3AK3c b,0.9248111,5578
4kab2/4a4/9/8p/3N5/9/P7P/3A5/9/3AK2rc w,-0.9337525,7726
4kab2/4a4/9/8p/3N5/9/P7P/3A5/4K4/3A3rc b,0.94476104,8004
4kab2/4a4/9/8p/3N5/9/P7P/3A5/4K4/3r4c w,-0.9378551,4905
4kab2/4a4/9/8p/3N5/P8/8P/3A5/4K4/3r4c b,0.94191444,7626
4kab2/4a4/9/8p/3N5/P8/8P/3r5/4K4/8c w,-0.9481377,3542
4kab2/4a4/9/5N2p/9/P8/8P/3r5/4K4/8c b,0.94351715,363
3k1ab2/4a4/9/5N2p/9/P8/8P/3r5/4K4/8c w,-0.9489341,4086
3k1ab2/4a4/9/5N2p/P8/9/8P/3r5/4K4/8c b,0.95321536,6015
3k1ab2/4a4/9/5N2p/P8/9/8P/9/3rK4/8c w,-0.9411162,6925
3k1ab2/4a4/9/5N2p/P8/9/8P/9/3r5/4K3c b,0.9564975,6827
3k1ab2/4a4/9/5N2p/P8/9/8P/9/5r3/4K3c w,-0.95111835,2919
3k1ab2/4a4/9/8p/P2N5/9/8P/9/5r3/4K3c b,0.953361,6971
3k1ab2/4a4/9/8p/P2N1r3/9/8P/9/9/4K3c w,-0.9551586,3530
3k1ab2/4a4/2N6/8p/P4r3/9/8P/9/9/4K3c b,0.95478487,274
4kab2/4a4/2N6/8p/P4r3/9/8P/9/9/4K3c w,-0.96141213,3267
4kab2/4a4/2N6/P7p/5r3/9/8P/9/9/4K3c b,0.9612864,3730
4kab2/4a4/2N6/P7p/4r4/9/8P/9/9/4K3c w,-0.9612807,7734
4kab2/4a4/2N6/P7p/4r4/9/8P/9/9/3K4c b,0.9665065,1191
4kab2/9/2Na5/P7p/4r4/9/8P/9/9/3K4c w,-0.965707,2458
4kab2/9/2Na5/1P6p/4r4/9/8P/9/9/3K4c b,0.97409606,3631
4kab2/9/2Na5/1P2r3p/9/9/8P/9/9/3K4c w,-0.96661675,2549
4kab2/9/2Na5/2P1r3p/9/9/8P/9/9/3K4c b,0.97773397,2819
4kab2/9/2Na5/2r5p/9/9/8P/9/9/3K4c w,-0.98372936,1809
4kab2/N8/3a5/2r5p/9/9/8P/9/9/3K4c b,1,2640
rnbakabnr/9/1c5c1/p1p1p1p1p/9/9/P1P1P1P1P/1C5C1/9/RNBAKABNR w,0.8017992,5827
rnbakabnr/9/1c5c1/p1p1p1p1p/9/9/P1P1P1P1P/4C2C1/9/RNBAKABNR b,-0.8017806,110
r1bakabnr/9/1cn4c1/p1p1p1p1p/9/9/P1P1P1P1P/4C2C1/9/RNBAKABNR w,0.8018128,7445
r1bakabnr/9/1cn4c1/p1p1p1p1p/9/9/P1P1P1P1P/2N1C2C1/9/R1BAKABNR b,-0.80180895,562
r1baka1nr/9/1cn1b2c1/p1p1p1p1p/9/9/P1P1P1P1P/2N1C2C1/9/R1BAKABNR w,0.801942,7372
r1baka1nr/9/1cn1b2c1/p1p1p1p1p/9/9/P1P1P1P1P/2N1C2C1/9/1RBAKABNR b,-0.8017725,1
1rbaka1nr/9/1cn1b2c1/p1p1p1p1p/9/9/P1P1P1P1P/2N1C2C1/9/1RBAKABNR w,0.8017126,6368
1rbaka1nr/9/1cn1b2c1/p1p1p1p1p/9/9/P1P1P1P1P/2N1CC3/9/1RBAKABNR b,-0.8012789,654
1rbaka2r/9/1cn1b1nc1/p1p1p1p1p/9/9/P1P1P1P1P/2N1CC3/9/1RBAKABNR w,0.8016004,7989
1rbaka2r/9/1cn1b1nc1/p1p1p1p1p/9/9/P1P1P1P1P/2N1CCN2/9/1RBAKAB1R b,-0.8013686,3012
1rbaka2r/9/1cn1b1nc1/p1p1p3p/6p2/9/P1P1P1P1P/2N1CCN2/9/1RBAKAB1R w,0.8018736,8098
1rbaka2r/9/1cn1b1nc1/p1p1p3p/6p2/9/P1P1P1P1P/2N1CCN2/9/1RBAKABR1 b,-0.80201733,727
1rbaka1r1/9/1cn1b1nc1/p1p1p3p/6p2/9/P1P1P1P1P/2N1CCN2/9/1RBAKABR1 w,0.8025176,5087
1rbaka1r1/9/1cn1b1nc1/p1p1p3p/6p2/2P6/P3P1P1P/2N1CCN2/9/1RBAKABR1 b,-0.8021838,1765
1rbaka1r1/9/2n1b1nc1/p1p1p3p/6p2/2P6/Pc2P1P1P/2N1CCN2/9/1RBAKABR1 w,0.80522436,5898
1rbaka1r1/9/2n1b1nc1/p1p1p3p/6p2/2PN5/Pc2P1P1P/4CCN2/9/1RBAKABR1 b,-0.80640864,2311
1rbaka1r1/9/2n1b1n2/p1p1p3p/6p2/2PN5/Pc2P1PcP/4CCN2/9/1RBAKABR1 w,0.8079075,6143
1rbaka1r1/9/2n1bCn2/p1p1p3p/6p2/2PN5/Pc2P1PcP/4C1N2/9/1RBAKABR1 b,-0.8084572,1986
1rbakabr1/9/2n2Cn2/p1p1p3p/6p2/2PN5/Pc2P1PcP/4C1N2/9/1RBAKABR1 w,0.81814575,4351
1rbakabr1/9/2n2Cn2/p1p1N3p/6p2/2P6/Pc2P1PcP/4C1N2/9/1RBAKABR1 b,-0.8047512,1831
1rbakabr1/9/5Cn2/p1p1n3p/6p2/2P6/Pc2P1PcP/4C1N2/9/1RBAKABR1 w,0.80500495,6061
1rbakabr1/9/5Cn2/p1p1C3p/6p2/2P6/Pc2P1PcP/6N2/9/1RBAKABR1 b,-0.79059666,109
2bakabr1/9/1r3Cn2/p1p1C3p/6p2/2P6/Pc2P1PcP/6N2/9/1RBAKABR1 w,0.8020568,2839
2bakabr1/9/1r3Cn2/p1p5p/6p2/2P1C4/Pc2P1PcP/6N2/9/1RBAKABR1 b,-0.79855293,1733
2bakabr1/9/5rn2/p1p5p/6p2/2P1C4/Pc2P1PcP/6N2/9/1RBAKABR1 w,0.80988884,7435
2bakabr1/9/5rn2/p1p5p/6p2/2P1C4/PR2P1PcP/6N2/9/2BAKABR1 b,-0.808395,2138
2bakabr1/9/6n2/p1p5p/6p2/2P1C4/PR2P1PcP/5rN2/9/2BAKABR1 w,0.81590295,6290
2bakabr1/9/6n2/p1p5p/6p2/2P1C4/PR2P1PcP/5r3/8N/2BAKABR1 b,-0.80492955,5569
2bakabr1/9/6n2/p1p5p/6p2/2P1C4/PR2P1P1P/5r3/7cN/2BAKABR1 w,0.8140485,7897
2bakabr1/9/6n2/p1p5p/6p2/2P1C4/PR2P1P1P/4Br3/7cN/2BAKA1R1 b,-0.8120205,6179
2bakabr1/9/6n2/p1p5p/6p2/2P1C4/PR2PrP1P/4B4/7cN/2BAKA1R1 w,0.8152707,7816
2bakabr1/9/6n2/p1p5p/6p2/2P1C4/PR2PrP1P/4B4/4A2cN/2BAK2R1 b,-0.80615646,5370
2bakabr1/9/6n2/p1p5p/6p2/2P1C4/PR2P1r1P/4B4/4A2cN/2BAK2R1 w,0.8119055,5007
2bakabr1/9/6n2/p1p5p/6p2/2P1C4/P2RP1r1P/4B4/4A2cN/2BAK2R1 b,-0.7999299,5462
2bakabr1/9/6n2/p1p5p/6p2/2P1C4/P2RP3r/4B4/4A2cN/2BAK2R1 w,0.8102215,8007
2bakabr1/9/6n2/p1p5p/6p2/2P1C4/P2RP3r/4B4/4A2cN/2BAK1R2 b,-0.80705464,5660
2bakabr1/9/6n2/p1p5p/6p2/2P1C4/P2RP4/4B4/4A2cr/2BAK1R2 w,0.8230252,7872
2bakabr1/9/6n2/p1p5p/6R2/2P1C4/P2RP4/4B4/4A2cr/2BAK4 b,-0.81685585,7289
2bakabr1/9/6n2/p1p5p/6R2/2P1C4/P2RP4/4B4/4A2c1/2BAK3r w,0.8227074,6117
2bakabr1/9/6n2/p1p5p/6R2/2P1C4/P2RP4/9/4A2c1/2BAK1B1r b,-0.8193308,7198
2bakabr1/9/6n2/p1p5p/6R2/2P1C4/P2RP4/9/4A4/2BAK1Bcr w,0.82604146,6926
2bakabr1/9/6n2/p1p5p/6R2/2P1C4/P2RP4/9/9/2BAKABcr b,-0.81584436,8006
2bakabr1/9/6n2/p1p5p/6R2/2P1C4/P2RP4/9/9/2BAKcB1r w,0.8240798,7736
2bakabr1/9/6n2/p1p5p/6R2/2P1C4/P2RP4/9/9/2BA1KB1r b,-0.81602,718
2bakab2/9/6n2/p1p5p/6R2/2P1C4/P2RP4/9/9/2BA1KBrr w,0.83724636,7537
2bakab2/9/6n2/p1p5p/6R2/2P1C4/P2RP4/4B4/9/3A1KBrr b,-0.8284056,2203
2bakab2/9/9/p1p5p/6Rn1/2P1C4/P2RP4/4B4/9/3A1KBrr w,0.84539366,7636
2bakab2/9/9/p1p5p/6Rn1/2P1C4/P2RP4/4B4/4A4/5KBrr b,-0.81566244,566
2baka3/9/8b/p1p5p/6Rn1/2P1C4/P2RP4/4B4/4A4/5KBrr w,0.8360991,3821
2baka3/9/8b/p1p5p/5R1n1/2P1C4/P2RP4/4B4/4A4/5KBrr b,-0.8351043,7999
2baka3/9/8b/p1p5p/5R1n1/2P1C4/P2RP4/4B4/4A2r1/5KB1r w,0.89694506,5142
2baka3/3R5/8b/p1p5p/5R1n1/2P1C4/P3P4/4B4/4A2r1/5KB1r b,-0.83878213,7187
2baka3/3R5/8b/p1p5p/5R1n1/2P1C4/P3P4/4B4/4Ar3/5KB1r w,0.83492965,7817
2baka3/3R5/8b/p1p5p/5R1n1/2P1C4/P3P4/4B4/4AK3/6B1r b,-0.8223804,3930
2baka3/3R5/8b/p1p5p/5R3/2P1C4/P3P1n2/4B4/4AK3/6B1r w,0.82107913,7016
2baka3/3R5/8b/p1p5p/5R3/2P1C4/P3P1n2/4B4/4A4/5KB1r b,-0.8088931,5441
2baka3/3R5/8b/p1p5p/5n3/2P1C4/P3P4/4B4/4A4/5KB1r w,0.81916803,7825
2baka3/3R5/8b/p1p5p/5n3/2P1C4/P3P4/4B4/4A4/4K1B1r b,-0.8091072,3748
2baka3/3R5/8b/p1p5p/9/2P1C4/P3n4/4B4/4A4/4K1B1r w,0.8152807,1110
2baka3/9/8b/p1pR4p/9/2P1C4/P3n4/4B4/4A4/4K1B1r b,-0.8160959,5289
2baka3/9/8b/p1pR4p/9/2P1C4/P8/4B1n2/4A4/4K1B1r w,0.8232307,2731
2baka3/9/8b/p1p1R3p/9/2P1C4/P8/4B1n2/4A4/4K1B1r b,-0.8309102,463
2bak4/4a4/8b/p1p1R3p/9/2P1C4/P8/4B1n2/4A4/4K1B1r w,0.9076206,2825
2bak4/4a4/8b/p1p5R/9/2P1C4/P8/4B1n2/4A4/4K1B1r b,-0.9183934,1193
2bak4/9/5a2b/p1p5R/9/2P1C4/P8/4B1n2/4A4/4K1B1r w,0.93036586,3239
2bak4/9/5a2b/p1p6/9/2P1C4/P8/4B1n2/4A4/4K1B1R b,-0.92527914,6260
2bak4/9/5a2b/p1p6/9/2P1Cn3/P8/4B4/4A4/4K1B1R w,0.9329239,8045
2bak4/9/5a2b/p1p5R/9/2P1Cn3/P8/4B4/4A4/4K1B2 b,-0.9297395,4561
2bak4/9/5a2b/p1p5R/9/2P1C4/P6n1/4B4/4A4/4K1B2 w,0.9328122,3176
2bak4/9/5a2R/p1p6/9/2P1C4/P6n1/4B4/4A4/4K1B2 b,-0.9289582,5532
2bak4/9/5a2R/p1p6/6n2/2P1C4/P8/4B4/4A4/4K1B2 w,0.9362645,4468
2bak4/9/5a2R/p1p6/6n2/2P6/P3C4/4B4/4A4/4K1B2 b,-0.93999726,3839
2bak4/9/5a2R/p1p6/9/2P6/P3Cn3/4B4/4A4/4K1B2 w,0.9496646,2363
2bak4/9/5R3/p1p6/9/2P6/P3Cn3/4B4/4A4/4K1B2 b,-0.9408495,5362
2bak4/9/5R3/p1p6/9/2P4n1/P3C4/4B4/4A4/4K1B2 w,0.9464301,2102
2bak4/9/9/p1p2R3/9/2P4n1/P3C4/4B4/4A4/4K1B2 b,-0.94186604,373
2ba5/4k4/9/p1p2R3/9/2P4n1/P3C4/4B4/4A4/4K1B2 w,0.94794124,2909
2ba5/4k4/9/p1R6/9/2P4n1/P3C4/4B4/4A4/4K1B2 b,-0.9509567,4739
2ba5/4k4/9/p1R6/9/2P6/P3Cn3/4B4/4A4/4K1B2 w,0.9487517,2641
2ba5/4k4/9/p3R4/9/2P6/P3Cn3/4B4/4A4/4K1B2 b,-0.9524147,1182
2ba5/3k5/9/p3R4/9/2P6/P3Cn3/4B4/4A4/4K1B2 w,0.9486258,2820
2ba5/3k5/9/p2R5/9/2P6/P3Cn3/4B4/4A4/4K1B2 b,-0.9466423,1093
2ba5/4k4/9/p2R5/9/2P6/P3Cn3/4B4/4A4/4K1B2 w,0.95602894,4268
2ba5/4k4/9/p2R5/2P6/9/P3Cn3/4B4/4A4/4K1B2 b,-0.95315194,1174
2bak4/9/9/p2R5/2P6/9/P3Cn3/4B4/4A4/4K1B2 w,0.96564215,3459
2bak4/9/9/p2R5/3P5/9/P3Cn3/4B4/4A4/4K1B2 b,-0.9562712,2466
2bak4/9/9/3R5/p2P5/9/P3Cn3/4B4/4A4/4K1B2 w,0.94870234,2731
2bak4/9/9/4R4/p2P5/9/P3Cn3/4B4/4A4/4K1B2 b,-0.9601784,365
2ba1k3/9/9/4R4/p2P5/9/P3Cn3/4B4/4A4/4K1B2 w,0.9624334,2822
2ba1k3/9/9/5R3/p2P5/9/P3Cn3/4B4/4A4/4K1B2 b,-0.9640352,454
2bak4/9/9/5R3/p2P5/9/P3Cn3/4B4/4A4/4K1B2 w,0.97638345,3550
2bak4/9/9/5R3/p3P4/9/P3Cn3/4B4/4A4/4K1B2 b,-0.9740514,283
2b1k4/4a4/9/5R3/p3P4/9/P3Cn3/4B4/4A4/4K1B2 w,0.9790882,2939
2b1k4/4a4/9/9/p3P4/9/P3CR3/4B4/4A4/4K1B2 b,-0.9784309,202
4k4/4a4/4b4/9/p3P4/9/P3CR3/4B4/4A4/4K1B2 w,0.97689027,5242
4k4/4a4/4C4/9/p3P4/9/P4R3/4B4/4A4/4K1B2 b,-0.9737443,363
3k5/4a4/4C4/9/p3P4/9/P4R3/4B4/4A4/4K1B2 w,0.976345,5367
3k5/4a4/4C4/9/p3P4/9/P2R5/4B4/4A4/4K1B2 b,-0.9738411,1191
3k5/9/3aC4/9/p3P4/9/P2R5/4B4/4A4/4K1B2 w,0.9703391,5151
3k5/9/3RC4/9/p3P4/9/P8/4B4/4A4/4K1B2 b,-0.97248614,274
4k4/9/3RC4/9/p3P4/9/P8/4B4/4A4/4K1B2 w,0.9750374,2005
4k4/9/3R3C1/9/p3P4/9/P8/4B4/4A4/4K1B2 b,-0.96692806,373
9/4k4/3R3C1/9/p3P4/9/P8/4B4/4A4/4K1B2 w,0.9848871,7901
9/4k4/3R3C1/9/p3P4/9/P8/4B3B/4A4/4K4 b,-0.9745922,1174
4k4/9/3R3C1/9/p3P4/9/P8/4B3B/4A4/4K4 w,0.97880137,3631
4k4/9/3R3C1/4P4/p8/9/P8/4B3B/4A4/4K4 b,-0.9736721,365
5k3/9/3R3C1/4P4/p8/9/P8/4B3B/4A4/4K4 w,0.98859704,2293
5k3/9/3R5/4P4/p6C1/9/P8/4B3B/4A4/4K4 b,-0.9801239,464
9/5k3/3R5/4P4/p6C1/9/P8/4B3B/4A4/4K4 w,0.9991785,3910
9/5k3/3R5/4P4/p3C4/9/P8/4B3B/4A4/4K4 b,-0.994969,1265
5k3/9/3R5/4P4/p3C4/9/P8/4B3B/4A4/4K4 w,1,1913
rnbakabnr/9/1c5c1/p1p1p1p1p/9/9/P1P1P1P1P/1C5C1/9/RNBAKABNR w,-0.7981823,5827
rnbakabnr/9/1c5c1/p1p1p1p1p/9/9/P1P1P1P1P/4C2C1/9/RNBAKABNR b,0.79823637,110
r1bakabnr/9/1cn4c1/p1p1p1p1p/9/9/P1P1P1P1P/4C2C1/9/RNBAKABNR w,-0.79817206,7445
r1bakabnr/9/1cn4c1/p1p1p1p1p/9/9/P1P1P1P1P/2N1C2C1/9/R1BAKABNR b,0.79817766,562
r1baka1nr/9/1cn1b2c1/p1p1p1p1p/9/9/P1P1P1P1P/2N1C2C1/9/R1BAKABNR w,-0.79805344,7372
r1baka1nr/9/1cn1b2c1/p1p1p1p1p/9/9/P1P1P1P1P/2N1C2C1/9/1RBAKABNR b,0.7982265,1
1rbaka1nr/9/1cn1b2c1/p1p1p1p1p/9/9/P1P1P1P1P/2N1C2C1/9/1RBAKABNR w,-0.7982987,6368
1rbaka1nr/9/1cn1b2c1/p1p1p1p1p/9/9/P1P1P1P1P/2N1CC3/9/1RBAKABNR b,0.7987143,654
1rbaka2r/9/1cn1b1nc1/p1p1p1p1p/9/9/P1P1P1P1P/2N1CC3/9/1RBAKABNR w,-0.79841346,7989
1rbaka2r/9/1cn1b1nc1/p1p1p1p1p/9/9/P1P1P1P1P/2N1CCN2/9/1RBAKAB1R b,0.79863185,3012
1rbaka2r/9/1cn1b1nc1/p1p1p3p/6p2/9/P1P1P1P1P/2N1CCN2/9/1RBAKAB1R w,-0.7981277,8098
1rbaka2r/9/1cn1b1nc1/p1p1p3p/6p2/9/P1P1P1P1P/2N1CCN2/9/1RBAKABR1 b,0.7981129,727
1rbaka1r1/9/1cn1b1nc1/p1p1p3p/6p2/9/P1P1P1P1P/2N1CCN2/9/1RBAKABR1 w,-0.7971973,5087
1rbaka1r1/9/1cn1b1nc1/p1p1p3p/6p2/2P6/P3P1P1P/2N1CCN2/9/1RBAKABR1 b,0.79777384,1765
1rbaka1r1/9/2n1b1nc1/p1p1p3p/6p2/2P6/Pc2P1P1P/2N1CCN2/9/1RBAKABR1 w,-0.7950352,5898
1rbaka1r1/9/2n1b1nc1/p1p1p3p/6p2/2PN5/Pc2P1P1P/4CCN2/9/1RBAKABR1 b,0.7934622,2311
1rbaka1r1/9/2n1b1n2/p1p1p3p/6p2/2PN5/Pc2P1PcP/4CCN2/9/1RBAKABR1 w,-0.7920925,6143
1rbaka1r1/9/2n1bCn2/p1p1p3p/6p2/2PN5/Pc2P1PcP/4C1N2/9/1RBAKABR1 b,0.7917056,1986
1rbakabr1/9/2n2Cn2/p1p1p3p/6p2/2PN5/Pc2P1PcP/4C1N2/9/1RBAKABR1 w,-0.7818543,4351
1rbakabr1/9/2n2Cn2/p1p1N3p/6p2/2P6/Pc2P1PcP/4C1N2/9/1RBAKABR1 b,0.79512465,1831
1rbakabr1/9/5Cn2/p1p1n3p/6p2/2P6/Pc2P1PcP/4C1N2/9/1RBAKABR1 w,-0.7949286,6061
1rbakabr1/9/5Cn2/p1p1C3p/6p2/2P6/Pc2P1PcP/6N2/9/1RBAKABR1 b,0.80947286,109
2bakabr1/9/1r3Cn2/p1p1C3p/6p2/2P6/Pc2P1PcP/6N2/9/1RBAKABR1 w,-0.7977138,2839
2bakabr1/9/1r3Cn2/p1p5p/6p2/2P1C4/Pc2P1PcP/6N2/9/1RBAKABR1 b,0.8016985,1733
2bakabr1/9/5rn2/p1p5p/6p2/2P1C4/Pc2P1PcP/6N2/9/1RBAKABR1 w,-0.79037094,7435
2bakabr1/9/5rn2/p1p5p/6p2/2P1C4/PR2P1PcP/6N2/9/2BAKABR1 b,0.79297215,2201
2bakabr1/9/5r3/p1p5p/5np2/2P1C4/PR2P1PcP/6N2/9/2BAKABR1 w,-0.78597164,4987
2bakabr1/9/5r3/p1p5p/1R3np2/2P1C4/P3P1PcP/6N2/9/2BAKABR1 b,0.79194444,3750
2bakabr1/9/5r3/p1p5p/1R4p2/2P1C4/P3P1ncP/6N2/9/2BAKABR1 w,-0.7806552,3372
2bakabr1/9/5r3/p1p5p/6R2/2P1C4/P3P1ncP/6N2/9/2BAKABR1 b,0.794548,5449
2bakabr1/9/5r3/p1p5p/6R2/2P1n4/P3P2cP/6N2/9/2BAKABR1 w,-0.7943513,5269
2bakabr1/9/5r3/p1p5p/6R2/2P1P4/P6cP/6N2/9/2BAKABR1 b,0.80001163,5560
2bakabr1/9/5r3/p1p5p/6R2/2P1P4/P7P/6Nc1/9/2BAKABR1 w,-0.7901473,7999
2bakabr1/9/5r3/p1p5p/6R2/2P1P4/P7P/6Nc1/7R1/2BAKAB2 b,0.80136853,2138
2bakabr1/9/9/p1p5p/6R2/2P1P4/P7P/5rNc1/7R1/2BAKAB2 w,-0.7897611,4450
2bakabr1/9/9/p1p5p/4P1R2/2P6/P7P/5rNc1/7R1/2BAKAB2 b,0.79747057,202
3akabr1/9/4b4/p1p5p/4P1R2/2P6/P7P/5rNc1/7R1/2BAKAB2 w,-0.7833089,3795
3akabr1/6R2/4b4/p1p5p/4P4/2P6/P7P/5rNc1/7R1/2BAKAB2 b,0.8061179,664
3akab2/6R2/4b4/p1p4rp/4P4/2P6/P7P/5rNc1/7R1/2BAKAB2 w,-0.78150374,7186
3akab2/6R2/4b4/p1p4rp/4P4/2P6/P7P/5rNc1/4R4/2BAKAB2 b,0.79421496,283
4kab2/4a1R2/4b4/p1p4rp/4P4/2P6/P7P/5rNc1/4R4/2BAKAB2 w,-0.7631608,3631
4kab2/4a1R2/4b4/p1p1P2rp/9/2P6/P7P/5rNc1/4R4/2BAKAB2 b,0.78189975,1982
2b1kab2/4a1R2/9/p1p1P2rp/9/2P6/P7P/5rNc1/4R4/2BAKAB2 w,-0.74086887,1356
2b1kaR2/4a4/9/p1p1P2rp/9/2P6/P7P/5rNc1/4R4/2BAKAB2 b,0.7178203,6189
2b1kaR2/4a4/9/p1p1P2rp/9/2P6/P7P/6rc1/4R4/2BAKAB2 w,-0.68057936,609
2b1ka3/4a4/9/p1p1P2rp/9/2P6/P7P/6Rc1/4R4/2BAKAB2 b,0.6835596,6388
2b1ka3/4a4/9/p1p1P2rp/9/2P6/P7P/6R2/4R4/2BAKABc1 w,-0.6686462,6234
2b1ka3/4a4/6R2/p1p1P2rp/9/2P6/P7P/9/4R4/2BAKABc1 b,0.67731166,8009
2b1ka3/4a4/6R2/p1p1P2rp/9/2P6/P7P/9/4R4/2BAKAB1c w,-0.6785133,2180
2b1ka3/4a4/2R6/p1p1P2rp/9/2P6/P7P/9/4R4/2BAKAB1c b,0.68006486,3148
2b1ka3/4a4/2R6/p1p1P3p/9/2P6/P7P/9/4R4/2BAKABrc w,-0.6680339,6918
2b1ka3/4a4/2R6/p1p1P3p/9/2P6/P7P/9/6R2/2BAKABrc b,0.6807937,8097
2b1ka3/4a4/2R6/p1p1P3p/9/2P6/P7P/9/6R2/2BAKAcr1 w,-0.68122196,7726
2b1ka3/4a4/2R6/p1p1P3p/9/2P6/P7P/9/4K1R2/2BA1Acr1 b,0.6913319,7914
2b1ka3/4a4/2R6/p1p1P3p/9/2P6/P7P/9/4K1R2/2Bc1A1r1 w,-0.6915888,1802
2R1ka3/4a4/9/p1p1P3p/9/2P6/P7P/9/4K1R2/2Bc1A1r1 b,0.6917156,7563
2Rcka3/4a4/9/p1p1P3p/9/2P6/P7P/9/4K1R2/2B2A1r1 w,-0.68182206,7044
2Rcka3/4a4/6R2/p1p1P3p/9/2P6/P7P/9/4K4/2B2A1r1 b,0.6989935,8007
2Rcka3/4a4/6R2/p1p1P3p/9/2P6/P7P/9/4K4/2B2Ar2 w,-0.69412255,2178
2Rcka3/4a4/R8/p1p1P3p/9/2P6/P7P/9/4K4/2B2Ar2 b,0.69503534,7908
2Rcka3/4a4/R8/p1p1P3p/9/2P6/P7P/9/4K1r2/2B2A3 w,-0.68712276,6925
2Rcka3/4a4/R8/p1p1P3p/9/2P6/P7P/9/6r2/2B1KA3 b,0.695887,7094
2Rcka3/4a4/R8/p1p1P3p/9/2P6/P7P/9/2r6/2B1KA3 w,-0.6932838,2812
2Rcka3/4a4/R3P4/p1p5p/9/2P6/P7P/9/2r6/2B1KA3 b,0.70164967,6743
2Rcka3/4a4/R3P4/p1p5p/9/2P6/P7P/9/9/2r1KA3 w,-0.70752937,7726
2Rcka3/4a4/R3P4/p1p5p/9/2P6/P7P/9/4K4/2r2A3 b,0.72103804,7517
2Rcka3/4a4/R3P4/p1p5p/9/2r6/P7P/9/4K4/5A3 w,-0.7170709,1620
R1Rcka3/4a4/4P4/p1p5p/9/2r6/P7P/9/4K4/5A3 b,0.7532591,4279
R1Rcka3/4a4/4P4/p1p5p/9/4r4/P7P/9/4K4/5A3 w,-0.75367016,6917
R1Rcka3/4a4/4P4/p1p5p/9/4r4/P7P/9/5K3/5A3 b,0.7662316,4432
R1Rcka3/4a4/4r4/p1p5p/9/9/P7P/9/5K3/5A3 w,-0.7545106,1
1RRcka3/4a4/4r4/p1p5p/9/9/P7P/9/5K3/5A3 b,0.7753821,2038
1RRcka3/4a4/9/p1p5p/9/9/P3r3P/9/5K3/5A3 w,-0.7677894,5633
1RRcka3/4a4/9/p1p5p/9/8P/P3r4/9/5K3/5A3 b,0.781708,5282
1RRcka3/4a4/9/p1p5p/9/8P/P7r/9/5K3/5A3 w,-0.77696735,209
1R1cka3/4a4/9/p1R5p/9/8P/P7r/9/5K3/5A3 b,0.7883861,5633
1R1cka3/4a4/9/p1R5p/9/8r/P8/9/5K3/5A3 w,-0.7642593,2612
1RRcka3/4a4/9/p7p/9/8r/P8/9/5K3/5A3 b,0.78521836,4818
1RRcka3/4a4/9/p7p/9/3r5/P8/9/5K3/5A3 w,-0.7704504,90
R1Rcka3/4a4/9/p7p/9/3r5/P8/9/5K3/5A3 b,0.7915476,3194
R1Rcka3/4a4/9/p8/8p/3r5/P8/9/5K3/5A3 w,-0.7546993,1
1RRcka3/4a4/9/p8/8p/3r5/P8/9/5K3/5A3 b,0.78261393,4369
1RRcka3/4a4/9/p8/8p/4r4/P8/9/5K3/5A3 w,-0.77248514,7816
1RRcka3/4a4/9/p8/8p/4r4/P8/9/4AK3/9 b,0.7865977,4013
1RRcka3/4a4/9/p8/9/4r3p/P8/9/4AK3/9 w,-0.7718696,6906
1RRcka3/4a4/9/p8/9/4r3p/P8/3A5/5K3/9 b,0.79648876,4822
1RRcka3/4a4/9/p8/9/4r2p1/P8/3A5/5K3/9 w,-0.78742874,7016
1RRcka3/4a4/9/p8/9/4r2p1/P8/3A5/9/5K3 b,0.7979068,4741
1RRcka3/4a4/9/p8/9/4r4/P6p1/3A5/9/5K3 w,-0.7887086,90
R1Rcka3/4a4/9/p8/9/4r4/P6p1/3A5/9/5K3 b,0.81057507,5560
R1Rcka3/4a4/9/p8/9/4r4/P8/3A3p1/9/5K3 w,-0.8104512,27
2Rcka3/4a4/9/R8/9/4r4/P8/3A3p1/9/5K3 b,0.81134355,6369
2Rcka3/4a4/9/R8/9/4r4/P8/3A2p2/9/5K3 w,-0.7988028,2475
2Rcka3/4a4/9/9/9/R3r4/P8/3A2p2/9/5K3 b,0.8202886,4477
2Rcka3/4a4/9/9/9/R8/P8/3Ar1p2/9/5K3 w,-0.81733966,4101
2Rcka3/4a4/9/9/9/6R2/P8/3Ar1p2/9/5K3 b,0.8240086,6278
2Rcka3/4a4/9/9/9/6R2/P8/3Arp3/9/5K3 w,-0.8300063,6016
2Rcka3/4a4/9/9/9/6R2/P8/4rp3/4A4/5K3 b,0.8450705,6106
2Rcka3/4a4/9/9/9/6R2/P8/5p3/4r4/5K3 w,-0.83089596,4640
2Rcka3/4a4/9/9/9/5R3/P8/5p3/4r4/5K3 b,0.84640366,6189
2Rcka3/4a4/9/9/9/5R3/P8/6p2/4r4/5K3 w,-0.8381846,4905
2Rcka3/4a4/9/9/9/P4R3/9/6p2/4r4/5K3 b,0.8957065,6288
2Rcka3/4a4/9/9/9/P4R3/9/9/4r1p2/5K3 w,-0.8934086,209
3cka3/4a4/9/2R6/9/P4R3/9/9/4r1p2/5K3 b,1,7107
rnbakabnr/9/1c5c1/p1p1p1p1p/9/9/P1P1P1P1P/1C5C1/9/RNBAKABNR w,0.00182724,5827
rnbakabnr/9/1c5c1/p1p1p1p1p/9/9/P1P1P1P1P/4C2C1/9/RNBAKABNR b,-0.0017805815,110
r1bakabnr/9/1cn4c1/p1p1p1p1p/9/9/P1P1P1P1P/4C2C1/9/RNBAKABNR w,0.0018169641,7445
r1bakabnr/9/1cn4c1/p1p1p1p1p/9/9/P1P1P1P1P/2N1C2C1/9/R1BAKABNR b,-0.0018454551,562
r1baka1nr/9/1cn1b2c1/p1p1p1p1p/9/9/P1P1P1P1P/2N1C2C1/9/R1BAKABNR w,0.001935196,7372
r1baka1nr/9/1cn1b2c1/p1p1p1p1p/9/9/P1P1P1P1P/2N1C2C1/9/1RBAKABNR b,-0.0017674089,1
1rbaka1nr/9/1cn1b2c1/p1p1p1p1p/9/9/P1P1P1P1P/2N1C2C1/9/1RBAKABNR w,0.0016990424,6368
1rbaka1nr/9/1cn1b2c1/p1p1p1p1p/9/9/P1P1P1P1P/2N1CC3/9/1RBAKABNR b,-0.0012789011,654
1rbaka2r/9/1cn1b1nc1/p1p1p1p1p/9/9/P1P1P1P1P/2N1CC3/9/1RBAKABNR w,0.0016003847,7989
1rbaka2r/9/1cn1b1nc1/p1p1p1p1p/9/9/P1P1P1P1P/2N1CCN2/9/1RBAKAB1R b,-0.001368165,3012
1rbaka2r/9/1cn1b1nc1/p1p1p3p/6p2/9/P1P1P1P1P/2N1CCN2/9/1RBAKAB1R w,0.001875639,8098
1rbaka2r/9/1cn1b1nc1/p1p1p3p/6p2/9/P1P1P1P1P/2N1CCN2/9/1RBAKABR1 b,-0.002012527,727
1rbaka1r1/9/1cn1b1nc1/p1p1p3p/6p2/9/P1P1P1P1P/2N1CCN2/9/1RBAKABR1 w,0.0027978183,5087
1rbaka1r1/9/1cn1b1nc1/p1p1p3p/6p2/2P6/P3P1P1P/2N1CCN2/9/1RBAKABR1 b,-0.0021623732,1765
1rbaka1r1/9/2n1b1nc1/p1p1p3p/6p2/2P6/Pc2P1P1P/2N1CCN2/9/1RBAKABR1 w,0.0047115325,5898
1rbaka1r1/9/2n1b1nc1/p1p1p3p/6p2/2PN5/Pc2P1P1P/4CCN2/9/1RBAKABR1 b,-0.0063818814,2311
1rbaka1r1/9/2n1b1n2/p1p1p3p/6p2/2PN5/Pc2P1PcP/4CCN2/9/1RBAKABR1 w,0.0079417,6143
1rbaka1r1/9/2n1bCn2/p1p1p3p/6p2/2PN5/Pc2P1PcP/4C1N2/9/1RBAKABR1 b,-0.008457172,1986
1rbakabr1/9/2n2Cn2/p1p1p3p/6p2/2PN5/Pc2P1PcP/4C1N2/9/1RBAKABR1 w,0.018145729,4351
1rbakabr1/9/2n2Cn2/p1p1N3p/6p2/2P6/Pc2P1PcP/4C1N2/9/1RBAKABR1 b,-0.0047512054,1831
1rbakabr1/9/5Cn2/p1p1n3p/6p2/2P6/Pc2P1PcP/4C1N2/9/1RBAKABR1 w,0.0050328495,6061
1rbakabr1/9/5Cn2/p1p1C3p/6p2/2P6/Pc2P1PcP/6N2/9/1RBAKABR1 b,0.009483027,109
2bakabr1/9/1r3Cn2/p1p1C3p/6p2/2P6/Pc2P1PcP/6N2/9/1RBAKABR1 w,0.0020567894,2839
2bakabr1/9/1r3Cn2/p1p5p/6p2/2P1C4/Pc2P1PcP/6N2/9/1RBAKABR1 b,0.0017753363,1733
2bakabr1/9/5rn2/p1p5p/6p2/2P1C4/Pc2P1PcP/6N2/9/1RBAKABR1 w,0.009615255,7435
2bakabr1/9/5rn2/p1p5p/6p2/2P1C4/PR2P1PcP/6N2/9/2BAKABR1 b,-0.007027888,2201
2bakabr1/9/5r3/p1p5p/5np2/2P1C4/PR2P1PcP/6N2/9/2BAKABR1 w,0.013773108,4987
2bakabr1/9/5r3/p1p5p/1R3np2/2P1C4/P3P1PcP/6N2/9/2BAKABR1 b,-0.0085906265,3750
2bakabr1/9/5r3/p1p5p/1R4p2/2P1C4/P3P1ncP/6N2/9/2BAKABR1 w,0.019261003,3372
2bakabr1/9/5r3/p1p5p/6R2/2P1C4/P3P1ncP/6N2/9/2BAKABR1 b,-0.005305636,5449
2bakabr1/9/5r3/p1p5p/6R2/2P1n4/P3P2cP/6N2/9/2BAKABR1 w,0.0057774307,5269
2bakabr1/9/5r3/p1p5p/6R2/2P1P4/P6cP/6N2/9/2BAKABR1 b,0.0006263495,5560
2bakabr1/9/5r3/p1p5p/6R2/2P1P4/P7P/6Nc1/9/2BAKABR1 w,0.010041261,7999
2bakabr1/9/5r3/p1p5p/6R2/2P1P4/P7P/6Nc1/7R1/2BAKAB2 b,0.0013448239,2138
2bakabr1/9/9/p1p5p/6R2/2P1P4/P7P/5rNc1/7R1/2BAKAB2 w,0.008952188,3840
2bakabr1/9/9/p1p5p/9/2P1P4/P5R1P/5rNc1/7R1/2BAKAB2 b,0.001240182,562
2baka1r1/9/4b4/p1p5p/9/2P1P4/P5R1P/5rNc1/7R1/2BAKAB2 w,0.012200236,4450
2baka1r1/9/4b4/p1p5p/4P4/2P6/P5R1P/5rNc1/7R1/2BAKAB2 b,0.0015072584,682
2baka3/9/4b4/p1p5p/4P4/2P4r1/P5R1P/5rNc1/7R1/2BAKAB2 w,0.019032408,7636
2baka3/9/4b4/p1p5p/4P4/2P4r1/P5R1P/5rNc1/4A2R1/2B1KAB2 b,0.002037859,6185
2baka3/9/4b4/p1p5p/4P4/2P4r1/P5R1P/2r3Nc1/4A2R1/2B1KAB2 w,0.0052513364,6268
2baka3/9/4b4/p1p5p/4P4/2P4r1/P3N1R1P/2r4c1/4A2R1/2B1KAB2 b,-0.00036194324,5933
2baka3/9/4b4/p1p5p/4P4/2P4r1/P3N1R1P/7c1/4A2R1/2r1KAB2 w,-0.0023489834,6924
2baka3/9/4b4/p1p5p/4P4/2P4r1/P3N1R1P/7c1/7R1/2rAKAB2 b,0.010448957,7526
2baka3/9/4b4/p1p5p/4P4/2P4r1/P1r1N1R1P/7c1/7R1/3AKAB2 w,-0.0004075885,3631
2baka3/9/4b4/p1p1P3p/9/2P4r1/P1r1N1R1P/7c1/7R1/3AKAB2 b,0.01345954,4729
2baka3/9/4b4/p1p1P3p/9/2P1r4/P1r1N1R1P/7c1/7R1/3AKAB2 w,0.0027443885,7180
2baka3/9/4b4/p1p1P3p/9/2P1r4/P1r1N1R1P/7R1/9/3AKAB2 b,-0.0023348331,5098
2baka3/9/4b4/p1p1P3p/9/2P1r4/P3r1R1P/7R1/9/3AKAB2 w,0.011874581,5458
2baka3/9/4b4/p1p1P3p/9/2P1r4/P3R3P/7R1/9/3AKAB2 b,-0.0046994924,4468
2baka3/9/4b4/p1p1P3p/9/2P6/P3r3P/7R1/9/3AKAB2 w,0.010673094,6367
2baka3/9/4b4/p1p1P3p/9/2P6/P3r3P/4R4/9/3AKAB2 b,-0.00070530176,5287
2baka3/9/4b4/p1p1P3p/9/2P6/P7P/4r4/9/3AKAB2 w,0.004598975,7897
2baka3/9/4b4/p1p1P3p/9/2P6/P7P/4B4/9/3AKA3 b,-0.004020584,2466
2baka3/9/4b4/2p1P3p/p8/2P6/P7P/4B4/9/3AKA3 w,0.008659315,2820
2baka3/9/4b4/2pP4p/p8/2P6/P7P/4B4/9/3AKA3 b,-0.0055671334,3194
2baka3/9/4b4/2pP5/p7p/2P6/P7P/4B4/9/3AKA3 w,0.009728528,2729
2baka3/9/4b4/2P6/p7p/2P6/P7P/4B4/9/3AKA3 b,-0.013070512,373
2ba1a3/4k4/4b4/2P6/p7p/2P6/P7P/4B4/9/3AKA3 w,0.014583468,2640
2ba1a3/4k4/4b4/3P5/p7p/2P6/P7P/4B4/9/3AKA3 b,-0.011115814,1174
2baka3/9/4b4/3P5/p7p/2P6/P7P/4B4/9/3AKA3 w,0.014569831,4268
2baka3/9/4b4/3P5/p1P5p/9/P7P/4B4/9/3AKA3 b,-0.013060427,198
3aka3/9/b3b4/3P5/p1P5p/9/P7P/4B4/9/3AKA3 w,0.021526074,3449
3aka3/9/b3b4/2PP5/p7p/9/P7P/4B4/9/3AKA3 b,-0.020799493,1622
2baka3/9/4b4/2PP5/p7p/9/P7P/4B4/9/3AKA3 w,0.027541233,6117
2baka3/9/4b4/2PP5/p7p/9/P7P/9/9/3AKAB2 b,-0.024898602,463
2bak4/4a4/4b4/2PP5/p7p/9/P7P/9/9/3AKAB2 w,0.026139189,2630
2bak4/4a4/2P1b4/3P5/p7p/9/P7P/9/9/3AKAB2 b,-0.023661971,1986
2bak1b2/4a4/2P6/3P5/p7p/9/P7P/9/9/3AKAB2 w,0.02428999,2729
2bak1b2/4a4/2P6/2P6/p7p/9/P7P/9/9/3AKAB2 b,-0.020198584,202
3ak1b2/4a4/2P1b4/2P6/p7p/9/P7P/9/9/3AKAB2 w,0.025235916,1819
3ak1b2/4a4/1P2b4/2P6/p7p/9/P7P/9/9/3AKAB2 b,-0.022487735,365
3a1kb2/4a4/1P2b4/2P6/p7p/9/P7P/9/9/3AKAB2 w,0.031134963,2630
3a1kb2/4a4/1PP1b4/9/p7p/9/P7P/9/9/3AKAB2 b,-0.02776115,2018
3a1kb2/4a4/1PP6/9/p1b5p/9/P7P/9/9/3AKAB2 w,0.029753948,1720
3a1kb2/1P2a4/2P6/9/p1b5p/9/P7P/9/9/3AKAB2 b,-0.021016313,3442
3a1kb2/1P2a4/2P1b4/9/p7p/9/P7P/9/9/3AKAB2 w,0.020788455,1811
3a1kb2/1PP1a4/4b4/9/p7p/9/P7P/9/9/3AKAB2 b,-0.023498882,2018
3a1kb2/1PP1a4/9/9/p1b5p/9/P7P/9/9/3AKAB2 w,0.028071165,1002
3a1kb2/1P1Pa4/9/9/p1b5p/9/P7P/9/9/3AKAB2 b,-0.02395544,3442
3a1kb2/1P1Pa4/4b4/9/p7p/9/P7P/9/9/3AKAB2 w,0.032383014,911
3a1kb2/2PPa4/4b4/9/p7p/9/P7P/9/9/3AKAB2 b,-0.025081147,464
3a2b2/2PPak3/4b4/9/p7p/9/P7P/9/9/3AKAB2 w,0.03572886,7636
3a2b2/2PPak3/4b4/9/p7p/9/P7P/9/4A4/4KAB2 b,-0.03296504,1265
3a1kb2/2PPa4/4b4/9/p7p/9/P7P/9/4A4/4KAB2 w,0.03332789,6906
3a1kb2/2PPa4/4b4/9/p7p/9/P7P/3A5/9/4KAB2 b,-0.023945928,464
3a2b2/2PPak3/4b4/9/p7p/9/P7P/3A5/9/4KAB2 w,0.034586143,7901
3a2b2/2PPak3/4b4/9/p7p/9/P7P/3A4B/9/4KA3 b,-0.027029622,1265
3a1kb2/2PPa4/4b4/9/p7p/9/P7P/3A4B/9/4KA3 w,0.030793881,7816
3a1kb2/2PPa4/4b4/9/p7p/9/P7P/3A4B/4A4/4K4 b,-0.034976434,566
3a1k3/2PPa4/4b3b/9/p7p/9/P7P/3A4B/4A4/4K4 w,0.04415512,6908
3a1k3/2PPa4/4b3b/9/p7p/9/P7P/3A1A2B/9/4K4 b,-0.034606505,2382
3a1k3/2PPa4/4b4/9/p5b1p/9/P7P/3A1A2B/9/4K4 w,0.03592744,6441
3a1k3/2PPa4/4b4/9/p5b1p/6B2/P7P/3A1A3/9/4K4 b,-0.025633682,464
3a5/2PPak3/4b4/9/p5b1p/6B2/P7P/3A1A3/9/4K4 w,0.0348048,7736
3a5/2PPak3/4b4/9/p5b1p/6B2/P7P/3A1A3/9/5K3 b,-0.03062569,1265
3a1k3/2PPa4/4b4/9/p5b1p/6B2/P7P/3A1A3/9/5K3 w,0.04037552,4661
3a1k3/2PPa4/4b4/9/p5b1p/9/P7P/3A1A2B/9/5K3 b,-0.026328778,464
3a5/2PPak3/4b4/9/p5b1p/9/P7P/3A1A2B/9/5K3 w,0.034469556,6477
3a5/2PPak3/4b4/9/p5b1p/9/P7P/3A1A3/9/5KB2 b,-0.030495955,1265
3a1k3/2PPa4/4b4/9/p5b1p/9/P7P/3A1A3/9/5KB2 w,0.037454486,7897
3a1k3/2PPa4/4b4/9/p5b1p/9/P7P/3ABA3/9/5K3 b,-0.028190648,464
3a5/2PPak3/4b4/9/p5b1p/9/P7P/3ABA3/9/5K3 w,0.033347107,6077
3a5/2PPak3/4b4/9/p5b1p/2B6/P7P/3A1A3/9/5K3 b,-0.027471805,1265
3a1k3/2PPa4/4b4/9/p5b1p/2B6/P7P/3A1A3/9/5K3 w,0.035013463,4293
3a1k3/2PPa4/4b4/9/p5b1p/9/P7P/B2A1A3/9/5K3 b,-0.031292547,2018
3a1k3/2PPa4/9/9/p1b3b1p/9/P7P/B2A1A3/9/5K3 w,0.025412727,7825
3a1k3/2PPa4/9/9/p1b3b1p/9/P7P/B2A1A3/9/4K4 b,-0.02923206,1191
3a1k3/2PP5/3a5/9/p1b3b1p/9/P7P/B2A1A3/9/4K4 w,0.0206815,992
2Pa1k3/3P5/3a5/9/p1b3b1p/9/P7P/B2A1A3/9/4K4 b,-0.0067084553,283
2P2k3/3Pa4/3a5/9/p1b3b1p/9/P7P/B2A1A3/9/4K4 w,0.006866336,1091
2P2k3/2P1a4/3a5/9/p1b3b1p/9/P7P/B2A1A3/9/4K4 b,-0.00796448,3442
2P2k3/2P1a4/3ab4/9/p5b1p/9/P7P/B2A1A3/9/4K4 w,0.008055687,181
1P3k3/2P1a4/3ab4/9/p5b1p/9/P7P/B2A1A3/9/4K4 b,-0.008005023,464
1P7/2P1ak3/3ab4/9/p5b1p/9/P7P/B2A1A3/9/4K4 w,0.010258245,1000
1P7/1P2ak3/3ab4/9/p5b1p/9/P7P/B2A1A3/9/4K4 b,-0.007057154,1265
1P3k3/1P2a4/3ab4/9/p5b1p/9/P7P/B2A1A3/9/4K4 w,0,911
rnbakabnr/9/1c5c1/p1p1p1p1p/9/9/P1P1P1P1P/1C5C1/9/RNBAKABNR w,0.0018177032,5827
rnbakabnr/9/1c5c1/p1p1p1p1p/9/9/P1P1P1P1P/4C2C1/9/RNBAKABNR b,-0.0017636538,110
r1bakabnr/9/1cn4c1/p1p1p1p1p/9/9/P1P1P1P1P/4C2C1/9/RNBAKABNR w,0.0018176556,7445
r1bakabnr/9/1cn4c1/p1p1p1p1p/9/9/P1P1P1P1P/2N1C2C1/9/R1BAKABNR b,-0.0018119812,562
r1baka1nr/9/1cn1b2c1/p1p1p1p1p/9/9/P1P1P1P1P/2N1C2C1/9/R1BAKABNR w,0.001935196,7372
r1baka1nr/9/1cn1b2c1/p1p1p1p1p/9/9/P1P1P1P1P/2N1C2C1/9/1RBAKABNR b,-0.0017694831,1
1rbaka1nr/9/1cn1b2c1/p1p1p1p1p/9/9/P1P1P1P1P/2N1C2C1/9/1RBAKABNR w,0.0017125607,6368
1rbaka1nr/9/1cn1b2c1/p1p1p1p1p/9/9/P1P1P1P1P/2N1CC3/9/1RBAKABNR b,-0.0012688041,654
1rbaka2r/9/1cn1b1nc1/p1p1p1p1p/9/9/P1P1P1P1P/2N1CC3/9/1RBAKABNR w,0.0015946865,7989
1rbaka2r/9/1cn1b1nc1/p1p1p1p1p/9/9/P1P1P1P1P/2N1CCN2/9/1RBAKAB1R b,-0.0013483524,3012
1rbaka2r/9/1cn1b1nc1/p1p1p3p/6p2/9/P1P1P1P1P/2N1CCN2/9/1RBAKAB1R w,0.0018735885,8098
1rbaka2r/9/1cn1b1nc1/p1p1p3p/6p2/9/P1P1P1P1P/2N1CCN2/9/1RBAKABR1 b,-0.001887083,727
1rbaka1r1/9/1cn1b1nc1/p1p1p3p/6p2/9/P1P1P1P1P/2N1CCN2/9/1RBAKABR1 w,0.0025175572,5087
1rbaka1r1/9/1cn1b1nc1/p1p1p3p/6p2/2P6/P3P1P1P/2N1CCN2/9/1RBAKABR1 b,-0.0021549107,1765
1rbaka1r1/9/2n1b1nc1/p1p1p3p/6p2/2P6/Pc2P1P1P/2N1CCN2/9/1RBAKABR1 w,0.004753709,5898
1rbaka1r1/9/2n1b1nc1/p1p1p3p/6p2/2PN5/Pc2P1P1P/4CCN2/9/1RBAKABR1 b,-0.0064264177,2311
1rbaka1r1/9/2n1b1n2/p1p1p3p/6p2/2PN5/Pc2P1PcP/4CCN2/9/1RBAKABR1 w,0.0079417,6143
1rbaka1r1/9/2n1bCn2/p1p1p3p/6p2/2PN5/Pc2P1PcP/4C1N2/9/1RBAKABR1 b,-0.0090389615,1986
1rbakabr1/9/2n2Cn2/p1p1p3p/6p2/2PN5/Pc2P1PcP/4C1N2/9/1RBAKABR1 w,0.018145729,4351
1rbakabr1/9/2n2Cn2/p1p1N3p/6p2/2P6/Pc2P1PcP/4C1N2/9/1RBAKABR1 b,-0.0047813295,1831
1rbakabr1/9/5Cn2/p1p1n3p/6p2/2P6/Pc2P1PcP/4C1N2/9/1RBAKABR1 w,0.0054787397,6061
1rbakabr1/9/5Cn2/p1p1C3p/6p2/2P6/Pc2P1PcP/6N2/9/1RBAKABR1 b,0.009241772,109
2bakabr1/9/1r3Cn2/p1p1C3p/6p2/2P6/Pc2P1PcP/6N2/9/1RBAKABR1 w,0.0019269943,2839
2bakabr1/9/1r3Cn2/p1p5p/6p2/2P1C4/Pc2P1PcP/6N2/9/1RBAKABR1 b,0.0016993046,1733
2bakabr1/9/5rn2/p1p5p/6p2/2P1C4/Pc2P1PcP/6N2/9/1RBAKABR1 w,0.009611654,7435
2bakabr1/9/5rn2/p1p5p/6p2/2P1C4/PR2P1PcP/6N2/9/2BAKABR1 b,-0.0075868727,2138
2bakabr1/9/6n2/p1p5p/6p2/2P1C4/PR2P1PcP/5rN2/9/2BAKABR1 w,0.016382337,6290
2bakabr1/9/6n2/p1p5p/6p2/2P1C4/PR2P1PcP/5r3/8N/2BAKABR1 b,-0.0049879192,5569
2bakabr1/9/6n2/p1p5p/6p2/2P1C4/PR2P1P1P/5r3/7cN/2BAKABR1 w,0.014339614,7897
2bakabr1/9/6n2/p1p5p/6p2/2P1C4/PR2P1P1P/4Br3/7cN/2BAKA1R1 b,-0.0063774227,6197
2bakabr1/9/6n2/p1p5p/6p2/2P1C4/PR2P1P1P/4B4/5r1cN/2BAKA1R1 w,0.01326983,7816
2bakabr1/9/6n2/p1p5p/6p2/2P1C4/PR2P1P1P/4B4/4Ar1cN/2BAK2R1 b,-0.002570963,2201
2bakabr1/9/9/p1p5p/5np2/2P1C4/PR2P1P1P/4B4/4Ar1cN/2BAK2R1 w,0.007748914,4987
2bakabr1/9/9/p1p5p/1R3np2/2P1C4/P3P1P1P/4B4/4Ar1cN/2BAK2R1 b,0.0134257795,3748
2bakabr1/9/9/p1p5p/1R4p2/2P1C4/P3n1P1P/4B4/4Ar1cN/2BAK2R1 w,0.00646379,8006
2bakabr1/9/9/p1p5p/1R4p2/2P1C4/P3n1P1P/4B4/4Ar1cN/2BAKR3 b,0.0013391733,7016
2bakabr1/9/9/p1p5p/1R4p2/2P1C4/P3n1P1P/4B4/4A2cN/2BAKr3 w,0.0011730671,6926
2bakabr1/9/9/p1p5p/1R4p2/2P1C4/P3n1P1P/4B4/7cN/2BAKA3 b,0.0076231956,5289
2bakabr1/9/9/p1p5p/1R4p2/2P1C4/P5P1P/4B1n2/7cN/2BAKA3 w,-0.003977537,7261
2bakabr1/9/9/p1p5p/1R4p2/2P1C4/P5PNP/4B1n2/7c1/2BAKA3 b,0.029409671,691
2bakab2/9/9/p1p5p/1R4p2/2P1C4/P5PrP/4B1n2/7c1/2BAKA3 w,-0.029613256,3370
2bakab2/9/9/p1p5p/4R1p2/2P1C4/P5PrP/4B1n2/7c1/2BAKA3 b,0.03391638,202
3akab2/9/4b4/p1p5p/4R1p2/2P1C4/P5PrP/4B1n2/7c1/2BAKA3 w,-0.01704272,3622
3akab2/9/4R4/p1p5p/6p2/2P1C4/P5PrP/4B1n2/7c1/2BAKA3 b,-0.0043839216,283
4kab2/4a4/4R4/p1p5p/6p2/2P1C4/P5PrP/4B1n2/7c1/2BAKA3 w,0.078482606,2005
4kab2/4a4/7R1/p1p5p/6p2/2P1C4/P5PrP/4B1n2/7c1/2BAKA3 b,-0.08100903,363
3k1ab2/4a4/7R1/p1p5p/6p2/2P1C4/P5PrP/4B1n2/7c1/2BAKA3 w,0.096704505,2311
3k1ab2/4a4/9/p1p5p/6p2/2P1C4/P5PRP/4B1n2/7c1/2BAKA3 b,-0.08980753,7190
3k1ab2/4a4/9/p1p5p/6p2/2P1C4/P5PRP/4B1n2/8c/2BAKA3 w,0.099314764,5560
3k1ab2/4a4/9/p1p5p/6p2/2P1C4/P5P1P/4B1nR1/8c/2BAKA3 b,-0.08756669,6268
3k1ab2/4a4/9/p1p5p/6p2/2P1C4/P3n1P1P/4B2R1/8c/2BAKA3 w,0.09183114,6334
3k1ab2/4a4/9/p1p4Rp/6p2/2P1C4/P3n1P1P/4B4/8c/2BAKA3 b,-0.08801327,7289
3k1ab2/4a4/9/p1p4Rp/6p2/2P1C4/P3n1P1P/4B4/9/2BAKA2c w,0.09839852,7816
3k1ab2/4a4/9/p1p4Rp/6p2/2P1C4/P3n1P1P/4B4/4A4/2BAK3c b,-0.0869478,5289
3k1ab2/4a4/9/p1p4Rp/6p2/2P1C4/P5P1P/4B1n2/4A4/2BAK3c w,0.08689833,3090
3k1ab2/4a4/9/p1pR4p/6p2/2P1C4/P5P1P/4B1n2/4A4/2BAK3c b,-0.098446965,1191
3k1ab2/9/3a5/p1pR4p/6p2/2P1C4/P5P1P/4B1n2/4A4/2BAK3c w,0.10086117,2721
3k1ab2/9/3R5/p1p5p/6p2/2P1C4/P5P1P/4B1n2/4A4/2BAK3c b,-0.10069096,274
4kab2/9/3R5/p1p5p/6p2/2P1C4/P5P1P/4B1n2/4A4/2BAK3c w,0.10500377,1915
4kab2/9/7R1/p1p5p/6p2/2P1C4/P5P1P/4B1n2/4A4/2BAK3c b,-0.10571809,6298
4kab2/9/7R1/p1p5p/6p2/2P1C4/P5P1P/4B4/4A4/2BAK2nc w,0.12175176,6117
4kab2/9/7R1/p1p5p/6p2/2P1C4/P5P1P/9/4A4/2BAK1Bnc b,-0.10759025,566
4ka3/9/7Rb/p1p5p/6p2/2P1C4/P5P1P/9/4A4/2BAK1Bnc w,0.15383463,2338
4ka3/9/8b/p1p5p/6p2/2P1C4/P5P1P/9/4A4/2BAK1BRc b,-0.15703933,8090
4ka3/9/8b/p1p5p/6p2/2P1C4/P5P1P/9/4A3c/2BAK1BR1 w,0.16378199,7954
4ka3/9/8b/p1p4Rp/6p2/2P1C4/P5P1P/9/4A3c/2BAK1B2 b,-0.15901485,7289
4ka3/9/8b/p1p4Rp/6p2/2P1C4/P5P1P/9/4A4/2BAK1B1c w,0.15700708,7897
4ka3/9/8b/p1p4Rp/6p2/2P1C4/P5P1P/4B4/4A4/2BAK3c b,-0.15129367,2346
4kab2/9/9/p1p4Rp/6p2/2P1C4/P5P1P/4B4/4A4/2BAK3c w,0.16726807,6908
4kab2/9/9/p1p4Rp/6p2/2P1C4/P5P1P/4BA3/9/2BAK3c b,-0.15370269,8081
4kab2/9/9/p1p4Rp/6p2/2P1C4/P5P1P/4BA2c/9/2BAK4 w,0.15125608,3089
4kab2/9/9/p1R5p/6p2/2P1C4/P5P1P/4BA2c/9/2BAK4 b,-0.14985836,373
5ab2/4k4/9/p1R5p/6p2/2P1C4/P5P1P/4BA2c/9/2BAK4 w,0.15300141,2641
5ab2/4k4/9/p3R3p/6p2/2P1C4/P5P1P/4BA2c/9/2BAK4 b,-0.15988165,1182
5ab2/3k5/9/p3R3p/6p2/2P1C4/P5P1P/4BA2c/9/2BAK4 w,0.15252523,2820
5ab2/3k5/9/p2R4p/6p2/2P1C4/P5P1P/4BA2c/9/2BAK4 b,-0.14976236,1093
5ab2/4k4/9/p2R4p/6p2/2P1C4/P5P1P/4BA2c/9/2BAK4 w,0.14941883,2727
5ab2/4k4/9/R7p/6p2/2P1C4/P5P1P/4BA2c/9/2BAK4 b,-0.1519849,6470
5ab2/4k4/9/R7p/6p2/2P1C4/P5P1P/4BA3/8c/2BAK4 w,0.15664172,2461
5ab2/4k4/9/4R3p/6p2/2P1C4/P5P1P/4BA3/8c/2BAK4 b,-0.16527012,1182
5ab2/3k5/9/4R3p/6p2/2P1C4/P5P1P/4BA3/8c/2BAK4 w,0.17549472,4458
5ab2/3k5/9/4R3p/6p2/2PC5/P5P1P/4BA3/8c/2BAK4 b,-0.18334392,7289
5ab2/3k5/9/4R3p/6p2/2PC5/P5P1P/4BA3/9/2BAK3c w,0.19379492,4268
5ab2/3k5/9/4R3p/2P3p2/3C5/P5P1P/4BA3/9/2BAK3c b,-0.17008558,463
6b2/3ka4/9/4R3p/2P3p2/3C5/P5P1P/4BA3/9/2BAK3c w,0.16879272,3459
6b2/3ka4/9/4R3p/3P2p2/3C5/P5P1P/4BA3/9/2BAK3c b,-0.17188083,1191
6b2/3k5/3a5/4R3p/3P2p2/3C5/P5P1P/4BA3/9/2BAK3c w,0.18036357,4905
6b2/3k5/3a5/4R3p/3P2p2/P2C5/6P1P/4BA3/9/2BAK3c b,-0.16762465,566
9/3k5/3a4b/4R3p/3P2p2/P2C5/6P1P/4BA3/9/2BAK3c w,0.18078108,4086
9/3k5/3a4b/4R3p/P2P2p2/3C5/6P1P/4BA3/9/2BAK3c b,-0.17843202,2346
6b2/3k5/3a5/4R3p/P2P2p2/3C5/6P1P/4BA3/9/2BAK3c w,0.18334842,3267
6b2/3k5/3a5/P3R3p/3P2p2/3C5/6P1P/4BA3/9/2BAK3c b,-0.18226533,3194
6b2/3k5/3a5/P3R4/3P2p1p/3C5/6P1P/4BA3/9/2BAK3c w,0.18372627,2458
6b2/3k5/3a5/1P2R4/3P2p1p/3C5/6P1P/4BA3/9/2BAK3c b,-0.1856172,3831
6b2/3k5/3a5/1P2R4/3P4p/3C2p2/6P1P/4BA3/9/2BAK3c w,0.18728738,5451
6b2/3k5/3a5/1P2R4/3P4p/3C2P2/8P/4BA3/9/2BAK3c b,-0.18838035,8098
6b2/3k5/3a5/1P2R4/3P4p/3C2P2/8P/4BA3/9/2BAK2c1 w,0.1885057,2549
6b2/3k5/3a5/2P1R4/3P4p/3C2P2/8P/4BA3/9/2BAK2c1 b,-0.18663423,7945
6b2/3k5/3a3c1/2P1R4/3P4p/3C2P2/8P/4BA3/9/2BAK4 w,0.18795787,4632
6b2/3k5/3a3c1/2P1R4/3P2P1p/3C5/8P/4BA3/9/2BAK4 b,-0.18578981,2272
6b2/3k5/3ac4/2P1R4/3P2P1p/3C5/8P/4BA3/9/2BAK4 w,0.18500343,3550
6b2/3k5/3ac4/2P1R4/4P1P1p/3C5/8P/4BA3/9/2BAK4 b,-0.18671589,1903
6b2/3ka4/4c4/2P1R4/4P1P1p/3C5/8P/4BA3/9/2BAK4 w,0.18635654,2630
6b2/3ka4/2P1c4/4R4/4P1P1p/3C5/8P/4BA3/9/2BAK4 b,-0.18796735,1083
3k2b2/4a4/2P1c4/4R4/4P1P1p/3C5/8P/4BA3/9/2BAK4 w,0.19198671,1821
3k2b2/4a4/3Pc4/4R4/4P1P1p/3C5/8P/4BA3/9/2BAK4 b,-0.18834709,274
4k1b2/4a4/3Pc4/4R4/4P1P1p/3C5/8P/4BA3/9/2BAK4 w,0.1909833,1912
4k1b2/4a4/4P4/4R4/4P1P1p/3C5/8P/4BA3/9/2BAK4 b,-0.1884303,562
4k4/4a4/4b4/4R4/4P1P1p/3C5/8P/4BA3/9/2BAK4 w,0.18654075,2812
4k4/4a4/4R4/9/4P1P1p/3C5/8P/4BA3/9/2BAK4 b,-0.18638656,365
5k3/4a4/4R4/9/4P1P1p/3C5/8P/4BA3/9/2BAK4 w,0.1912797,1993
5k3/4R4/9/9/4P1P1p/3C5/8P/4BA3/9/2BAK4 b,-0.19430554,4013
5k3/4R4/9/9/4P1P2/3C4p/8P/4BA3/9/2BAK4 w,0.2,5633
rnbakabnr/9/1c5c1/p1p1p1p1p/9/9/P1P1P1P1P/1C5C1/9/RNBAKABNR w,0.00182724,5827
rnbakabnr/9/1c5c1/p1p1p1p1p/9/9/P1P1P1P1P/4C2C1/9/RNBAKABNR b,-0.0017681838,110
r1bakabnr/9/1cn4c1/p1p1p1p1p/9/9/P1P1P1P1P/4C2C1/9/RNBAKABNR w,0.0018314839,7445
r1bakabnr/9/1cn4c1/p1p1p1p1p/9/9/P1P1P1P1P/2N1C2C1/9/R1BAKABNR b,-0.0018089175,562
r1baka1nr/9/1cn1b2c1/p1p1p1p1p/9/9/P1P1P1P1P/2N1C2C1/9/R1BAKABNR w,0.0019465685,7372
r1baka1nr/9/1cn1b2c1/p1p1p1p1p/9/9/P1P1P1P1P/2N1C2C1/9/1RBAKABNR b,-0.0017763376,1
1rbaka1nr/9/1cn1b2c1/p1p1p1p1p/9/9/P1P1P1P1P/2N1C2C1/9/1RBAKABNR w,0.0017012835,6368
1rbaka1nr/9/1cn1b2c1/p1p1p1p1p/9/9/P1P1P1P1P/2N1CC3/9/1RBAKABNR b,-0.0013034105,654
1rbaka2r/9/1cn1b1nc1/p1p1p1p1p/9/9/P1P1P1P1P/2N1CC3/9/1RBAKABNR w,0.0015803337,7989
1rbaka2r/9/1cn1b1nc1/p1p1p1p1p/9/9/P1P1P1P1P/2N1CCN2/9/1RBAKAB1R b,-0.0013823033,3012
1rbaka2r/9/1cn1b1nc1/p1p1p3p/6p2/9/P1P1P1P1P/2N1CCN2/9/1RBAKAB1R w,0.0018735885,8098
1rbaka2r/9/1cn1b1nc1/p1p1p3p/6p2/9/P1P1P1P1P/2N1CCN2/9/1RBAKABR1 b,-0.0020148277,727
1rbaka1r1/9/1cn1b1nc1/p1p1p3p/6p2/9/P1P1P1P1P/2N1CCN2/9/1RBAKABR1 w,0.002513051,5087
1rbaka1r1/9/1cn1b1nc1/p1p1p3p/6p2/2P6/P3P1P1P/2N1CCN2/9/1RBAKABR1 b,-0.0021535754,1765
1rbaka1r1/9/2n1b1nc1/p1p1p3p/6p2/2P6/Pc2P1P1P/2N1CCN2/9/1RBAKABR1 w,0.0047115325,5898
1rbaka1r1/9/2n1b1nc1/p1p1p3p/6p2/2PN5/Pc2P1P1P/4CCN2/9/1RBAKABR1 b,-0.0064655663,2311
1rbaka1r1/9/2n1b1n2/p1p1p3p/6p2/2PN5/Pc2P1PcP/4CCN2/9/1RBAKABR1 w,0.007896758,6143
1rbaka1r1/9/2n1bCn2/p1p1p3p/6p2/2PN5/Pc2P1PcP/4C1N2/9/1RBAKABR1 b,-0.008778798,1986
1rbakabr1/9/2n2Cn2/p1p1p3p/6p2/2PN5/Pc2P1PcP/4C1N2/9/1RBAKABR1 w,0.018145729,4351
1rbakabr1/9/2n2Cn2/p1p1N3p/6p2/2P6/Pc2P1PcP/4C1N2/9/1RBAKABR1 b,-0.0047562006,1831
1rbakabr1/9/5Cn2/p1p1n3p/6p2/2P6/Pc2P1PcP/4C1N2/9/1RBAKABR1 w,0.0050359727,6061
1rbakabr1/9/5Cn2/p1p1C3p/6p2/2P6/Pc2P1PcP/6N2/9/1RBAKABR1 b,0.009039665,109
2bakabr1/9/1r3Cn2/p1p1C3p/6p2/2P6/Pc2P1PcP/6N2/9/1RBAKABR1 w,0.0022862197,2839
2bakabr1/9/1r3Cn2/p1p5p/6p2/2P1C4/Pc2P1PcP/6N2/9/1RBAKABR1 b,0.0014690638,1733
2bakabr1/9/5rn2/p1p5p/6p2/2P1C4/Pc2P1PcP/6N2/9/1RBAKABR1 w,0.009669137,7435
2bakabr1/9/5rn2/p1p5p/6p2/2P1C4/PR2P1PcP/6N2/9/2BAKABR1 b,-0.007027888,2201
2bakabr1/9/5r3/p1p5p/5np2/2P1C4/PR2P1PcP/6N2/9/2BAKABR1 w,0.013608599,4987
2bakabr1/9/5r3/p1p5p/1R3np2/2P1C4/P3P1PcP/6N2/9/2BAKABR1 b,-0.008469152,3750
2bakabr1/9/5r3/p1p5p/1R4p2/2P1C4/P3P1ncP/6N2/9/2BAKABR1 w,0.01923957,3372
2bakabr1/9/5r3/p1p5p/6R2/2P1C4/P3P1ncP/6N2/9/2BAKABR1 b,-0.0054710507,5449
2bakabr1/9/5r3/p1p5p/6R2/2P1n4/P3P2cP/6N2/9/2BAKABR1 w,0.0057560443,5269
2bakabr1/9/5r3/p1p5p/6R2/2P1P4/P6cP/6N2/9/2BAKABR1 b,0.00047535897,5560
2bakabr1/9/5r3/p1p5p/6R2/2P1P4/P7P/6Nc1/9/2BAKABR1 w,0.009248328,7999
2bakabr1/9/5r3/p1p5p/6R2/2P1P4/P7P/6Nc1/7R1/2BAKAB2 b,0.001981783,2138
2bakabr1/9/9/p1p5p/6R2/2P1P4/P7P/5rNc1/7R1/2BAKAB2 w,0.0002934456,3813
2bakabr1/9/9/p1p3R1p/9/2P1P4/P7P/5rNc1/7R1/2BAKAB2 b,-0.0038568974,6361
2bakabr1/9/9/p1p3R1p/9/2P1P4/P6cP/5rN2/7R1/2BAKAB2 w,0.02025938,6290
2bakabr1/9/9/p1p3R1p/9/2P1P4/P6cP/5r3/7RN/2BAKAB2 b,-0.006737888,5560
2bakabr1/9/9/p1p3R1p/9/2P1P4/P7P/5r1c1/7RN/2BAKAB2 w,0.013420415,2999
2bakabr1/9/9/p1R5p/9/2P1P4/P7P/5r1c1/7RN/2BAKAB2 b,-0.00034942626,682
2bakab2/9/9/p1R5p/9/2P1P2r1/P7P/5r1c1/7RN/2BAKAB2 w,0.013537264,2612
2Rakab2/9/9/p7p/9/2P1P2r1/P7P/5r1c1/7RN/2BAKAB2 b,-0.008083618,4729
2Rakab2/9/9/p7p/9/2P1r4/P7P/5r1c1/7RN/2BAKAB2 w,0.015083623,7186
2Rakab2/9/9/p7p/9/2P1r4/P7P/5r1c1/4R3N/2BAKAB2 b,-0.0004565835,4486
2Rakab2/9/9/p7p/9/2P6/P7P/5r1c1/4r3N/2BAKAB2 w,0.006313038,7816
2Rakab2/9/9/p7p/9/2P6/P7P/5r1c1/4A3N/2BAK1B2 b,0.0012993098,6179
2Rakab2/9/9/p7p/9/2P6/P4r2P/7c1/4A3N/2BAK1B2 w,0.0044934987,209
3akab2/9/9/p1R5p/9/2P6/P4r2P/7c1/4A3N/2BAK1B2 b,-0.0048320414,6388
3akab2/9/9/p1R5p/9/2P6/P4r2P/9/4A3N/2BAK1Bc1 w,0.0045416355,7897
3akab2/9/9/p1R5p/9/2P6/P4r2P/4B4/4A3N/2BAK2c1 b,0.000078272824,8009
3akab2/9/9/p1R5p/9/2P6/P4r2P/4B4/4A3N/2BAK3c w,0.00023374558,7269
3akab2/9/9/p1R5p/9/2P6/P4r2P/4B1N2/4A4/2BAK3c b,0.0066966056,5370
3akab2/9/9/p1R5p/9/2P6/P5r1P/4B1N2/4A4/2BAK3c w,-0.0020549416,2641
3akab2/9/9/p3R3p/9/2P6/P5r1P/4B1N2/4A4/2BAK3c b,-0.0036320686,463
3ak1b2/4a4/9/p3R3p/9/2P6/P5r1P/4B1N2/4A4/2BAK3c w,0.012940049,6268
3ak1b2/4a4/9/p3R3p/9/2P6/P3N1r1P/4B4/4A4/2BAK3c b,-0.0116569875,5461
3ak1b2/4a4/9/p3R3p/9/2P6/P3N2rP/4B4/4A4/2BAK3c w,0.017779542,5259
3ak1b2/4a4/9/p3R3p/3N5/2P6/P6rP/4B4/4A4/2BAK3c b,0.030552149,5578
3ak1b2/4a4/9/p3R3p/3N5/2P6/P7P/4B4/4A4/2BAK2rc w,-0.0456638,6117
3ak1b2/4a4/9/p3R3p/3N5/2P6/P7P/9/4A4/2BAK1Brc b,0.07976408,7954
3ak1b2/4a4/9/p3R2rp/3N5/2P6/P7P/9/4A4/2BAK1B1c w,-0.07925158,6926
3ak1b2/4a4/9/p3R2rp/3N5/2P6/P7P/9/9/2BAKAB1c b,0.08760481,3091
3ak1b2/4a4/9/p3r3p/3N5/2P6/P7P/9/9/2BAKAB1c w,-0.08614881,7636
3ak1b2/4a4/9/p3r3p/3N5/2P6/P7P/9/4A4/2B1KAB1c b,0.09022301,2823
3ak1b2/4a4/9/p5r1p/3N5/2P6/P7P/9/4A4/2B1KAB1c w,-0.07854495,7537
3ak1b2/4a4/9/p5r1p/3N5/2P6/P7P/4B4/4A4/4KAB1c b,0.07492445,3030
3ak1b2/4a4/9/p7p/3N5/2P6/P5r1P/4B4/4A4/4KAB1c w,-0.07205544,3542
3ak1b2/4a4/9/p4N2p/9/2P6/P5r1P/4B4/4A4/4KAB1c b,0.08477783,5469
3ak1b2/4a4/9/p4N2p/9/2P6/P7P/4B1r2/4A4/4KAB1c w,-0.089356974,4268
3ak1b2/4a4/9/p4N2p/2P6/9/P7P/4B1r2/4A4/4KAB1c b,0.110702276,6277
3ak1b2/4a4/9/p4N2p/2P6/9/P7P/4r4/4A4/4KAB1c w,-0.10902645,2931
3ak1b2/4a4/9/p7p/2P6/6N2/P7P/4r4/4A4/4KAB1c b,0.118822955,6099
3ak1b2/4a4/9/p7p/2P6/6N2/P7P/6r2/4A4/4KAB1c w,-0.107425354,4658
3ak1b2/4a4/9/p7p/2P6/9/P7P/5Nr2/4A4/4KAB1c b,0.12220817,6252
3ak1b2/4a4/9/p7p/2P3r2/9/P7P/5N3/4A4/4KAB1c w,-0.113641,3449
3ak1b2/4a4/9/p1P5p/6r2/9/P7P/5N3/4A4/4KAB1c b,0.12194359,3813
3ak1b2/4a4/9/p1P3r1p/9/9/P7P/5N3/4A4/4KAB1c w,-0.11605513,2630
3ak1b2/4a4/2P6/p5r1p/9/9/P7P/5N3/4A4/4KAB1c b,0.119915485,3030
3ak1b2/4a4/2P6/p7p/9/9/P5r1P/5N3/4A4/4KAB1c w,-0.10912881,1811
3ak1b2/2P1a4/9/p7p/9/9/P5r1P/5N3/4A4/4KAB1c b,0.11273532,5442
3ak1b2/2P1a4/9/p7p/6r2/9/P7P/5N3/4A4/4KAB1c w,-0.10492071,1002
3ak1b2/3Pa4/9/p7p/6r2/9/P7P/5N3/4A4/4KAB1c b,0.11718464,3840
3ak1b2/3Pa4/9/p7p/9/9/P5r1P/5N3/4A4/4KAB1c w,-0.09817503,4905
3ak1b2/3Pa4/9/p7p/9/P8/6r1P/5N3/4A4/4KAB1c b,0.11224108,562
3ak4/3Pa4/4b4/p7p/9/P8/6r1P/5N3/4A4/4KAB1c w,-0.09474694,5633
3ak4/3Pa4/4b4/p7p/9/P7P/6r2/5N3/4A4/4KAB1c b,0.10829139,5406
3ak1r2/3Pa4/4b4/p7p/9/P7P/9/5N3/4A4/4KAB1c w,-0.09628743,7734
3ak1r2/3Pa4/4b4/p7p/9/P7P/9/5N3/4A4/3K1AB1c b,0.11341458,573
3ak4/3Pa4/4b4/p5r1p/9/P7P/9/5N3/4A4/3K1AB1c w,-0.101845615,7645
3ak4/3Pa4/4b4/p5r1p/9/P7P/9/5N3/4A4/4KAB1c b,0.12006066,365
3a1k3/3Pa4/4b4/p5r1p/9/P7P/9/5N3/4A4/4KAB1c w,-0.106993936,7734
3a1k3/3Pa4/4b4/p5r1p/9/P7P/9/5N3/4A4/3K1AB1c b,0.112474136,3000
3a1k3/3Pa4/4b4/p2r4p/9/P7P/9/5N3/4A4/3K1AB1c w,-0.10931908,7645
3a1k3/3Pa4/4b4/p2r4p/9/P7P/9/5N3/4A4/4KAB1c b,0.11371322,2712
3a1k3/3ra4/4b4/p7p/9/P7P/9/5N3/4A4/4KAB1c w,-0.109814696,6171
3a1k3/3ra4/4b4/p7p/9/P5N1P/9/9/4A4/4KAB1c b,0.1200737,1128
3a1k3/4a4/4b4/p7p/9/P2r2N1P/9/9/4A4/4KAB1c w,-0.12021568,4648
3a1k3/4a4/4b4/p7p/9/P2r4P/4N4/9/4A4/4KAB1c b,0.12501776,4369
3a1k3/4a4/4b4/p7p/9/P3r3P/4N4/9/4A4/4KAB1c w,-0.12695687,5297
3a1k3/4a4/4b4/p7p/9/P3r3P/9/9/4AN3/4KAB1c b,0.12997277,4455
3a1k3/4a4/4b4/p7p/9/r7P/9/9/4AN3/4KAB1c w,-0.12499545,7000
3a1k3/4a4/4b4/p7p/9/r7P/9/7N1/4A4/4KAB1c b,0.13106565,8098
3a1k3/4a4/4b4/p7p/9/r7P/9/7N1/4A4/4KABc1 w,-0.13279878,4814
3a1k3/4a4/4b4/p7p/8P/r8/9/7N1/4A4/4KABc1 b,0.13737607,3194
3a1k3/4a4/4b4/p8/8p/r8/9/7N1/4A4/4KABc1 w,-0.13863699,6924
3a1k3/4a4/4b4/p8/8p/r8/9/7N1/9/3AKABc1 b,0.13843547,4099
3a1k3/4a4/4b4/p8/8p/4r4/9/7N1/9/3AKABc1 w,-0.13830999,7636
3a1k3/4a4/4b4/p8/8p/4r4/9/7N1/4A4/4KABc1 b,0.14423755,4460
3a1k3/4a4/4b4/p8/8p/5r3/9/7N1/4A4/4KABc1 w,-0.1397997,7734
3a1k3/4a4/4b4/p8/8p/5r3/9/7N1/4A4/3K1ABc1 b,0.14531885,4013
3a1k3/4a4/4b4/p8/9/5r2p/9/7N1/4A4/3K1ABc1 w,-0.14744136,7635
3a1k3/4a4/4b4/p8/9/5r2p/9/7N1/3KA4/5ABc1 b,0.15954494,4832
3a1k3/4a4/4b4/p8/9/5r3/8p/7N1/3KA4/5ABc1 w,-0.16037855,6834
3a1k3/4a4/4b4/p8/9/5r3/8p/7N1/4A4/3K1ABc1 b,0.16797805,5641
3a1k3/4a4/4b4/p8/9/5r3/7p1/7N1/4A4/3K1ABc1 w,-0.16237763,6389
3a1k3/4a4/4b4/p8/9/5r3/7p1/9/4A4/3K1ABcN b,0.1689897,4548
3a1k3/4a4/4b4/p8/9/3r5/7p1/9/4A4/3K1ABcN w,-0.1654448,7645
3a1k3/4a4/4b4/p8/9/3r5/7p1/9/4A4/4KABcN b,0.16725455,4371
3a1k3/4a4/4b4/p8/9/6r2/7p1/9/4A4/4KABcN w,-0.15618607,6906
3a1k3/4a4/4b4/p8/9/6r2/7p1/3A5/9/4KABcN b,0.15353064,4677
3a1k3/4a4/4b4/p8/9/9/7p1/3A5/9/4KArcN w,-0.1563685,7726
3a1k3/4a4/4b4/p8/9/9/7p1/3A5/4K4/5ArcN b,0.16447783,7916
3a1k3/4a4/4b4/p8/9/9/7p1/3A5/4K4/5r1cN w,-0.16585776,6915
3a1k3/4a4/4b4/p8/9/9/7p1/3A5/3K5/5r1cN b,0.16493483,7817
3a1k3/4a4/4b4/p8/9/9/7p1/3A5/3K1r3/7cN w,-0.16345604,6834
3a1k3/4a4/4b4/p8/9/9/7p1/3A5/5r3/3K3cN b,0.17028883,6998
3a1k3/4a4/4b4/p8/9/9/7p1/3A1r3/9/3K3cN w,-0.1635954,7635
3a1k3/4a4/4b4/p8/9/9/7p1/3A1r3/3K5/7cN b,0.17445977,6206
3a1k3/4a4/4b4/p8/9/9/7p1/3A5/3K5/5r1cN w,-0.17701067,6016
3a1k3/4a4/4b4/p8/9/9/7p1/9/3KA4/5r1cN b,0.18532304,7817
3a1k3/4a4/4b4/p8/9/9/7p1/9/3KAr3/7cN w,-0.18779284,6834
3a1k3/4a4/4b4/p8/9/9/7p1/9/4Ar3/3K3cN b,0.1964625,7006
3a1k3/4a4/4b4/p8/9/9/7p1/9/4r4/3K3cN w,-0.19613183,8080
3a1k3/4a4/4b4/p8/9/9/7p1/7N1/4r4/3K3c1 b,0.2,5560
rnbakabnr/9/1c5c1/p1p1p1p1p/9/9/P1P1P1P1P/1C5C1/9/RNBAKABNR w,0.0018177032,5827
rnbakabnr/9/1c5c1/p1p1p1p1p/9/9/P1P1P1P1P/4C2C1/9/RNBAKABNR b,-0.0017805815,110
r1bakabnr/9/1cn4c1/p1p1p1p1p/9/9/P1P1P1P1P/4C2C1/9/RNBAKABNR w,0.0018279552,7445
r1bakabnr/9/1cn4c1/p1p1p1p1p/9/9/P1P1P1P1P/2N1C2C1/9/R1BAKABNR b,-0.0018071294,562
r1baka1nr/9/1cn1b2c1/p1p1p1p1p/9/9/P1P1P1P1P/2N1C2C1/9/R1BAKABNR w,0.001952672,7372
r1baka1nr/9/1cn1b2c1/p1p1p1p1p/9/9/P1P1P1P1P/2N1C2C1/9/1RBAKABNR b,-0.0017697454,1
1rbaka1nr/9/1cn1b2c1/p1p1p1p1p/9/9/P1P1P1P1P/2N1C2C1/9/1RBAKABNR w,0.0017040253,6368
1rbaka1nr/9/1cn1b2c1/p1p1p1p1p/9/9/P1P1P1P1P/2N1CC3/9/1RBAKABNR b,-0.0012789011,654
1rbaka2r/9/1cn1b1nc1/p1p1p1p1p/9/9/P1P1P1P1P/2N1CC3/9/1RBAKABNR w,0.0015823602,7989
1rbaka2r/9/1cn1b1nc1/p1p1p1p1p/9/9/P1P1P1P1P/2N1CCN2/9/1RBAKAB1R b,-0.0015673519,3012
1rbaka2r/9/1cn1b1nc1/p1p1p3p/6p2/9/P1P1P1P1P/2N1CCN2/9/1RBAKAB1R w,0.0018735885,8098
1rbaka2r/9/1cn1b1nc1/p1p1p3p/6p2/9/P1P1P1P1P/2N1CCN2/9/1RBAKABR1 b,-0.002026415,727
1rbaka1r1/9/1cn1b1nc1/p1p1p3p/6p2/9/P1P1P1P1P/2N1CCN2/9/1RBAKABR1 w,0.002513051,5087
1rbaka1r1/9/1cn1b1nc1/p1p1p3p/6p2/2P6/P3P1P1P/2N1CCN2/9/1RBAKABR1 b,-0.002183795,1765
1rbaka1r1/9/2n1b1nc1/p1p1p3p/6p2/2P6/Pc2P1P1P/2N1CCN2/9/1RBAKABR1 w,0.0049648285,5898
1rbaka1r1/9/2n1b1nc1/p1p1p3p/6p2/2PN5/Pc2P1P1P/4CCN2/9/1RBAKABR1 b,-0.0064703347,2311
1rbaka1r1/9/2n1b1n2/p1p1p3p/6p2/2PN5/Pc2P1PcP/4CCN2/9/1RBAKABR1 w,0.007928371,6143
1rbaka1r1/9/2n1bCn2/p1p1p3p/6p2/2PN5/Pc2P1PcP/4C1N2/9/1RBAKABR1 b,-0.008799863,1986
1rbakabr1/9/2n2Cn2/p1p1p3p/6p2/2PN5/Pc2P1PcP/4C1N2/9/1RBAKABR1 w,0.018145729,4351
1rbakabr1/9/2n2Cn2/p1p1N3p/6p2/2P6/Pc2P1PcP/4C1N2/9/1RBAKABR1 b,-0.004786694,1831
1rbakabr1/9/5Cn2/p1p1n3p/6p2/2P6/Pc2P1PcP/4C1N2/9/1RBAKABR1 w,0.0054842713,6061
1rbakabr1/9/5Cn2/p1p1C3p/6p2/2P6/Pc2P1PcP/6N2/9/1RBAKABR1 b,0.009131789,109
2bakabr1/9/1r3Cn2/p1p1C3p/6p2/2P6/Pc2P1PcP/6N2/9/1RBAKABR1 w,0.0022862197,2839
2bakabr1/9/1r3Cn2/p1p5p/6p2/2P1C4/Pc2P1PcP/6N2/9/1RBAKABR1 b,0.0016993046,1733
2bakabr1/9/5rn2/p1p5p/6p2/2P1C4/Pc2P1PcP/6N2/9/1RBAKABR1 w,0.009669972,7435
2bakabr1/9/5rn2/p1p5p/6p2/2P1C4/PR2P1PcP/6N2/9/2BAKABR1 b,-0.007027888,2201
2bakabr1/9/5r3/p1p5p/5np2/2P1C4/PR2P1PcP/6N2/9/2BAKABR1 w,0.013173151,4987
2bakabr1/9/5r3/p1p5p/1R3np2/2P1C4/P3P1PcP/6N2/9/2BAKABR1 b,-0.008271647,3750
2bakabr1/9/5r3/p1p5p/1R4p2/2P1C4/P3P1ncP/6N2/9/2BAKABR1 w,0.01917615,3372
2bakabr1/9/5r3/p1p5p/6R2/2P1C4/P3P1ncP/6N2/9/2BAKABR1 b,-0.0054254415,5449
2bakabr1/9/5r3/p1p5p/6R2/2P1n4/P3P2cP/6N2/9/2BAKABR1 w,0.005852437,5269
2bakabr1/9/5r3/p1p5p/6R2/2P1P4/P6cP/6N2/9/2BAKABR1 b,0.0006263495,5560
2bakabr1/9/5r3/p1p5p/6R2/2P1P4/P7P/6Nc1/9/2BAKABR1 w,0.009604359,7999
2bakabr1/9/5r3/p1p5p/6R2/2P1P4/P7P/6Nc1/7R1/2BAKAB2 b,0.0017159939,2138
2bakabr1/9/9/p1p5p/6R2/2P1P4/P7P/5rNc1/7R1/2BAKAB2 w,0.0002934456,3813
2bakabr1/9/9/p1p3R1p/9/2P1P4/P7P/5rNc1/7R1/2BAKAB2 b,-0.0016602159,691
2bakab2/9/9/p1p3R1p/9/2P1P4/P6rP/5rNc1/7R1/2BAKAB2 w,0.014686274,2976
2bakaR2/9/9/p1p5p/9/2P1P4/P6rP/5rNc1/7R1/2BAKAB2 b,-0.0049366714,5548
2bakaR2/9/9/p1p5p/9/2P1P4/P3r3P/5rNc1/7R1/2BAKAB2 w,0.034039356,7816
2bakaR2/9/9/p1p5p/9/2P1P4/P3r3P/5rNc1/4A2R1/2BAK1B2 b,-0.019001424,6371
2bakaR2/9/9/p1p5p/9/2P1P4/P3r3P/5rN1c/4A2R1/2BAK1B2 w,0.031165576,591
2baka3/9/9/p1p5p/9/2P1P1R2/P3r3P/5rN1c/4A2R1/2BAK1B2 b,-0.007771647,202
3aka3/9/4b4/p1p5p/9/2P1P1R2/P3r3P/5rN1c/4A2R1/2BAK1B2 w,0.048411418,7135
3aka3/9/4b2R1/p1p5p/9/2P1P1R2/P3r3P/5rN1c/4A4/2BAK1B2 b,-0.053172898,6479
3aka3/9/4b2R1/p1p5p/9/2P1P1R2/P3r3P/5rN2/4A4/2BAK1B1c w,0.09771152,7897
3aka3/9/4b2R1/p1p5p/9/2P1P1R2/P3r3P/4BrN2/4A4/2BAK3c b,-0.08625169,6189
3aka3/9/4b2R1/p1p5p/9/2P1P1R2/P3r3P/4B1r2/4A4/2BAK3c w,0.10122993,2272
3aka3/9/4R4/p1p5p/9/2P1P1R2/P3r3P/4B1r2/4A4/2BAK3c b,-0.096172646,283
4ka3/4a4/4R4/p1p5p/9/2P1P1R2/P3r3P/4B1r2/4A4/2BAK3c w,0.099051856,4659
4ka3/4a4/4R4/p1p5p/9/2P1P4/P3r3P/4B1R2/4A4/2BAK3c b,-0.09597888,5281
4ka3/4a4/4R4/p1p5p/9/2P1P4/P6rP/4B1R2/4A4/2BAK3c w,0.0982724,2000
4ka3/4a4/2R6/p1p5p/9/2P1P4/P6rP/4B1R2/4A4/2BAK3c b,-0.07408531,5578
4ka3/4a4/2R6/p1p5p/9/2P1P4/P7P/4B1R2/4A4/2BAK2rc w,0.06008866,6926
4ka3/4a4/2R6/p1p5p/9/2P1P4/P7P/4B1R2/9/2BAKA1rc b,-0.031823184,7945
4ka3/4a4/2R4r1/p1p5p/9/2P1P4/P7P/4B1R2/9/2BAKA2c w,0.029569864,6297
4ka3/4a4/2R4r1/p1p5p/9/2P1P4/P7P/4B4/9/2BAKAR1c b,-0.012321127,2270
4ka3/4a4/2r6/p1p5p/9/2P1P4/P7P/4B4/9/2BAKAR1c w,0.020303488,7919
4ka3/4a4/2r6/p1p5p/9/2P1P4/P7P/4B4/9/2BAKA2R b,-0.019470548,1822
4ka3/4a4/4r4/p1p5p/9/2P1P4/P7P/4B4/9/2BAKA2R w,0.02283733,8090
4ka3/4a4/4r4/p1p5p/9/2P1P4/P7P/4B4/8R/2BAKA3 b,-0.020425905,2029
4ka3/4a4/9/p1p5p/9/2P1r4/P7P/4B4/8R/2BAKA3 w,0.02438314,7273
4ka3/4a4/9/p1p5p/9/2P1r4/P7P/4B4/1R7/2BAKA3 b,-0.023058463,4468
4ka3/4a4/9/p1p5p/9/2P6/P3r3P/4B4/1R7/2BAKA3 w,0.009482837,6571
1R2ka3/4a4/9/p1p5p/9/2P6/P3r3P/4B4/9/2BAKA3 b,-0.0103172185,1173
1R1aka3/9/9/p1p5p/9/2P6/P3r3P/4B4/9/2BAKA3 w,0.012435699,118
3aka3/9/9/pRp5p/9/2P6/P3r3P/4B4/9/2BAKA3 b,-0.011511779,5282
3aka3/9/9/pRp5p/9/2P6/P7r/4B4/9/2BAKA3 w,0.012875509,2549
3aka3/9/9/p1R5p/9/2P6/P7r/4B4/9/2BAKA3 b,-0.009466327,5634
3aka3/9/9/p1R5p/9/2P6/r8/4B4/9/2BAKA3 w,0.011373139,2641
3aka3/9/9/p3R3p/9/2P6/r8/4B4/9/2BAKA3 b,-0.01230315,463
3ak4/4a4/9/p3R3p/9/2P6/r8/4B4/9/2BAKA3 w,0.014586902,2825
3ak4/4a4/9/p7R/9/2P6/r8/4B4/9/2BAKA3 b,-0.012051463,4919
3ak4/4a4/9/p7R/9/2P6/5r3/4B4/9/2BAKA3 w,0.013243223,3177
3ak4/4a4/9/R8/9/2P6/5r3/4B4/9/2BAKA3 b,-0.012321127,365
3a1k3/4a4/9/R8/9/2P6/5r3/4B4/9/2BAKA3 w,0.016952276,7636
3a1k3/4a4/9/R8/9/2P6/5r3/4B4/4A4/2B1KA3 b,-0.014208639,5324
3a1k3/4ar3/9/R8/9/2P6/9/4B4/4A4/2B1KA3 w,0.020840978,2465
3a1k3/4ar3/9/8R/9/2P6/9/4B4/4A4/2B1KA3 b,-0.0123201255,1283
3a1k3/4a4/5r3/8R/9/2P6/9/4B4/4A4/2B1KA3 w,0.009918428,3158
3a1k2R/4a4/5r3/9/9/2P6/9/4B4/4A4/2B1KA3 b,-0.016882611,464
3a4R/4ak3/5r3/9/9/2P6/9/4B4/4A4/2B1KA3 w,0.0064056874,737
3a5/4ak2R/5r3/9/9/2P6/9/4B4/4A4/2B1KA3 b,-0.014300394,1265
3a1k3/4a3R/5r3/9/9/2P6/9/4B4/4A4/2B1KA3 w,0.022953678,1610
3a1k3/4a4/5r3/9/9/2P6/9/4B4/4A3R/2B1KA3 b,-0.012844133,2129
3a1k3/4a4/9/9/9/2P6/5r3/4B4/4A3R/2B1KA3 w,0.021400524,7226
3a1k3/4a4/8R/9/9/2P6/5r3/4B4/4A4/2B1KA3 b,-0.011469662,464
3a5/4ak3/8R/9/9/2P6/5r3/4B4/4A4/2B1KA3 w,0.012864209,2357
3a5/4ak2R/9/9/9/2P6/5r3/4B4/4A4/2B1KA3 b,-0.015535772,1265
3a1k3/4a3R/9/9/9/2P6/5r3/4B4/4A4/2B1KA3 w,0.011569977,1538
3a1k2R/4a4/9/9/9/2P6/5r3/4B4/4A4/2B1KA3 b,-0.015635228,464
3a4R/4ak3/9/9/9/2P6/5r3/4B4/4A4/2B1KA3 w,0.023165131,764
3a5/4ak3/9/9/8R/2P6/5r3/4B4/4A4/2B1KA3 b,-0.017473781,1265
3a1k3/4a4/9/9/8R/2P6/5r3/4B4/4A4/2B1KA3 w,0.02463684,4268
3a1k3/4a4/9/9/2P5R/9/5r3/4B4/4A4/2B1KA3 b,-0.017210914,5360
3a1k3/4a4/9/9/2P5R/5r3/9/4B4/4A4/2B1KA3 w,0.020360589,3459
3a1k3/4a4/9/9/3P4R/5r3/9/4B4/4A4/2B1KA3 b,-0.017025614,454
3ak4/4a4/9/9/3P4R/5r3/9/4B4/4A4/2B1KA3 w,0.016760016,3540
3ak4/4a4/9/3P5/8R/5r3/9/4B4/4A4/2B1KA3 b,-0.011898386,4532
3ak4/4a4/9/3P1r3/8R/9/9/4B4/4A4/2B1KA3 w,0.011941648,3999
3ak4/4a4/9/3P1r3/3R5/9/9/4B4/4A4/2B1KA3 b,-0.008518934,365
3a1k3/4a4/9/3P1r3/3R5/9/9/4B4/4A4/2B1KA3 w,0.005899167,3554
3a1k3/4a4/9/3P1r3/8R/9/9/4B4/4A4/2B1KA3 b,-0.007779408,2910
3a1k3/4a4/9/3r5/8R/9/9/4B4/4A4/2B1KA3 w,0.0039710044,3968
3a1k2R/4a4/9/3r5/9/9/9/4B4/4A4/2B1KA3 b,-0.0049929144,464
3a4R/4ak3/9/3r5/9/9/9/4B4/4A4/2B1KA3 w,0.008285046,773
3a5/4ak3/9/3r5/9/8R/9/4B4/4A4/2B1KA3 b,-0.005074239,2732
3a5/4ak3/9/5r3/9/8R/9/4B4/4A4/2B1KA3 w,-0.00088402035,4787
3a5/4ak2R/9/5r3/9/9/9/4B4/4A4/2B1KA3 b,-0.0040988447,1265
3a1k3/4a3R/9/5r3/9/9/9/4B4/4A4/2B1KA3 w,0.00020489693,1538
3a1k2R/4a4/9/5r3/9/9/9/4B4/4A4/2B1KA3 b,0.0001672268,464
3a4R/4ak3/9/5r3/9/9/9/4B4/4A4/2B1KA3 w,0.0072374106,773
3a5/4ak3/9/5r3/9/8R/9/4B4/4A4/2B1KA3 b,-0.00541271,2921
3a5/4ak3/9/9/5r3/8R/9/4B4/4A4/2B1KA3 w,0.006735969,4832
3a5/4ak3/9/9/5r3/9/8R/4B4/4A4/2B1KA3 b,-0.0049503804,1265
3a1k3/4a4/9/9/5r3/9/8R/4B4/4A4/2B1KA3 w,-0.0017946362,5588
3a1k2R/4a4/9/9/5r3/9/9/4B4/4A4/2B1KA3 b,-0.002766645,464
3a4R/4ak3/9/9/5r3/9/9/4B4/4A4/2B1KA3 w,-0.008280075,737
3a5/4ak2R/9/9/5r3/9/9/4B4/4A4/2B1KA3 b,0.0022166253,1265
3a1k3/4a3R/9/9/5r3/9/9/4B4/4A4/2B1KA3 w,0.0058966638,1565
3a1k3/4a4/9/8R/5r3/9/9/4B4/4A4/2B1KA3 b,-0.008565319,454
3ak4/4a4/9/8R/5r3/9/9/4B4/4A4/2B1KA3 w,0.0093475105,3158
3ak3R/4a4/9/9/5r3/9/9/4B4/4A4/2B1KA3 b,-0.0075137736,3695
3akr2R/4a4/9/9/9/9/9/4B4/4A4/2B1KA3 w,0.0071579935,764
3akr3/4a4/9/9/8R/9/9/4B4/4A4/2B1KA3 b,-0.0064775827,482
3ak4/4a4/9/5r3/8R/9/9/4B4/4A4/2B1KA3 w,0.004372311,3968
3ak3R/4a4/9/5r3/9/9/9/4B4/4A4/2B1KA3 b,0,2885
rnbakabnr/9/1c5c1/p1p1p1p1p/9/9/P1P1P1P1P/1C5C1/9/RNBAKABNR w,-0.7981907,5827
rnbakabnr/9/1c5c1/p1p1p1p1p/9/9/P1P1P1P1P/4C2C1/9/RNBAKABNR b,0.79821944,110
r1bakabnr/9/1cn4c1/p1p1p1p1p/9/9/P1P1P1P1P/4C2C1/9/RNBAKABNR w,-0.79816985,7445
r1bakabnr/9/1cn4c1/p1p1p1p1p/9/9/P1P1P1P1P/2N1C2C1/9/R1BAKABNR b,0.7981911,562
r1baka1nr/9/1cn1b2c1/p1p1p1p1p/9/9/P1P1P1P1P/2N1C2C1/9/R1BAKABNR w,-0.7980471,7372
r1baka1nr/9/1cn1b2c1/p1p1p1p1p/9/9/P1P1P1P1P/2N1C2C1/9/1RBAKABNR b,0.79822755,1
1rbaka1nr/9/1cn1b2c1/p1p1p1p1p/9/9/P1P1P1P1P/2N1C2C1/9/1RBAKABNR w,-0.7983133,6368
1rbaka1nr/9/1cn1b2c1/p1p1p1p1p/9/9/P1P1P1P1P/2N1CC3/9/1RBAKABNR b,0.79872394,654
1rbaka2r/9/1cn1b1nc1/p1p1p1p1p/9/9/P1P1P1P1P/2N1CC3/9/1RBAKABNR w,-0.7983996,7989
1rbaka2r/9/1cn1b1nc1/p1p1p1p1p/9/9/P1P1P1P1P/2N1CCN2/9/1RBAKAB1R b,0.7986314,3012
1rbaka2r/9/1cn1b1nc1/p1p1p3p/6p2/9/P1P1P1P1P/2N1CCN2/9/1RBAKAB1R w,-0.7981264,8098
1rbaka2r/9/1cn1b1nc1/p1p1p3p/6p2/9/P1P1P1P1P/2N1CCN2/9/1RBAKABR1 b,0.79799503,727
1rbaka1r1/9/1cn1b1nc1/p1p1p3p/6p2/9/P1P1P1P1P/2N1CCN2/9/1RBAKABR1 w,-0.7974455,5087
1rbaka1r1/9/1cn1b1nc1/p1p1p3p/6p2/2P6/P3P1P1P/2N1CCN2/9/1RBAKABR1 b,0.7977844,1765
1rbaka1r1/9/2n1b1nc1/p1p1p3p/6p2/2P6/Pc2P1P1P/2N1CCN2/9/1RBAKABR1 w,-0.7952885,5898
1rbaka1r1/9/2n1b1nc1/p1p1p3p/6p2/2PN5/Pc2P1P1P/4CCN2/9/1RBAKABR1 b,0.79361814,2311
1rbaka1r1/9/2n1b1n2/p1p1p3p/6p2/2PN5/Pc2P1PcP/4CCN2/9/1RBAKABR1 w,-0.79214615,6143
1rbaka1r1/9/2n1bCn2/p1p1p3p/6p2/2PN5/Pc2P1PcP/4C1N2/9/1RBAKABR1 b,0.7919542,1986
1rbakabr1/9/2n2Cn2/p1p1p3p/6p2/2PN5/Pc2P1PcP/4C1N2/9/1RBAKABR1 w,-0.78139955,4351
1rbakabr1/9/2n2Cn2/p1p1N3p/6p2/2P6/Pc2P1PcP/4C1N2/9/1RBAKABR1 b,0.7952187,1831
1rbakabr1/9/5Cn2/p1p1n3p/6p2/2P6/Pc2P1PcP/4C1N2/9/1RBAKABR1 w,-0.79499507,6061
1rbakabr1/9/5Cn2/p1p1C3p/6p2/2P6/Pc2P1PcP/6N2/9/1RBAKABR1 b,0.80947286,109
2bakabr1/9/1r3Cn2/p1p1C3p/6p2/2P6/Pc2P1PcP/6N2/9/1RBAKABR1 w,-0.7977138,2839
2bakabr1/9/1r3Cn2/p1p5p/6p2/2P1C4/Pc2P1PcP/6N2/9/1RBAKABR1 b,0.8015691,1733
2bakabr1/9/5rn2/p1p5p/6p2/2P1C4/Pc2P1PcP/6N2/9/1RBAKABR1 w,-0.7903685,7435
2bakabr1/9/5rn2/p1p5p/6p2/2P1C4/PR2P1PcP/6N2/9/2BAKABR1 b,0.7924131,2138
2bakabr1/9/6n2/p1p5p/6p2/2P1C4/PR2P1PcP/5rN2/9/2BAKABR1 w,-0.784172,6290
2bakabr1/9/6n2/p1p5p/6p2/2P1C4/PR2P1PcP/5r3/8N/2BAKABR1 b,0.79481,5569
2bakabr1/9/6n2/p1p5p/6p2/2P1C4/PR2P1P1P/5r3/7cN/2BAKABR1 w,-0.7859515,7897
2bakabr1/9/6n2/p1p5p/6p2/2P1C4/PR2P1P1P/4Br3/7cN/2BAKA1R1 b,0.7936226,6197
2bakabr1/9/6n2/p1p5p/6p2/2P1C4/PR2P1P1P/4B4/5r1cN/2BAKA1R1 w,-0.78665906,7816
2bakabr1/9/6n2/p1p5p/6p2/2P1C4/PR2P1P1P/4B4/4Ar1cN/2BAK2R1 b,0.79747653,2201
2bakabr1/9/9/p1p5p/5np2/2P1C4/PR2P1P1P/4B4/4Ar1cN/2BAK2R1 w,-0.7917337,4987
2bakabr1/9/9/p1p5p/1R3np2/2P1C4/P3P1P1P/4B4/4Ar1cN/2BAK2R1 b,0.8129492,3748
2bakabr1/9/9/p1p5p/1R4p2/2P1C4/P3n1P1P/4B4/4Ar1cN/2BAK2R1 w,-0.7931612,8006
2bakabr1/9/9/p1p5p/1R4p2/2P1C4/P3n1P1P/4B4/4Ar1cN/2BAKR3 b,0.80139774,7016
2bakabr1/9/9/p1p5p/1R4p2/2P1C4/P3n1P1P/4B4/4A2cN/2BAKr3 w,-0.79888874,6926
2bakabr1/9/9/p1p5p/1R4p2/2P1C4/P3n1P1P/4B4/7cN/2BAKA3 b,0.8072699,5289
2bakabr1/9/9/p1p5p/1R4p2/2P1C4/P5P1P/4B1n2/7cN/2BAKA3 w,-0.80371636,7261
2bakabr1/9/9/p1p5p/1R4p2/2P1C4/P5PNP/4B1n2/7c1/2BAKA3 b,0.8293714,691
2bakab2/9/9/p1p5p/1R4p2/2P1C4/P5PrP/4B1n2/7c1/2BAKA3 w,-0.8332406,3370
2bakab2/9/9/p1p5p/4R1p2/2P1C4/P5PrP/4B1n2/7c1/2BAKA3 b,0.82986885,283
2b1kab2/4a4/9/p1p5p/4R1p2/2P1C4/P5PrP/4B1n2/7c1/2BAKA3 w,-0.8175535,3642
2b1kab2/4a4/9/p1p5p/6R2/2P1C4/P5PrP/4B1n2/7c1/2BAKA3 b,0.8300899,562
2b1ka3/4a4/4b4/p1p5p/6R2/2P1C4/P5PrP/4B1n2/7c1/2BAKA3 w,-0.834335,3821
2b1ka3/4a4/4b4/p1p5p/5R3/2P1C4/P5PrP/4B1n2/7c1/2BAKA3 b,0.85261756,7198
2b1ka3/4a4/4b4/p1p5p/5R3/2P1C4/P5PrP/4B1n2/9/2BAKA1c1 w,-0.8467043,7816
2b1ka3/4a4/4b4/p1p5p/5R3/2P1C4/P5PrP/4B1n2/4A4/2BAK2c1 b,0.8543067,8009
2b1ka3/4a4/4b4/p1p5p/5R3/2P1C4/P5PrP/4B1n2/4A4/2BAK3c w,-0.8476267,6908
2b1ka3/4a4/4b4/p1p5p/5R3/2P1C4/P5PrP/4BAn2/9/2BAK3c b,0.86451167,5542
2b1ka3/4a4/4b4/p1p5p/5R3/2P1C2r1/P5P1P/4BAn2/9/2BAK3c w,-0.8614901,4461
2b1ka3/4a4/4b4/p1p5p/5R3/2P3Cr1/P5P1P/4BAn2/9/2BAK3c b,0.8587701,6298
2b1ka3/4a4/4b4/p1p5p/5R3/2P3Cr1/P5P1P/4BA3/9/2BAK2nc w,-0.8412972,6117
2b1ka3/4a4/4b4/p1p5p/5R3/2P3Cr1/P5P1P/5A3/9/2BAK1Bnc b,0.8566416,4741
2b1ka3/4a4/4b4/p1p5p/5R3/2P3C2/P5PrP/5A3/9/2BAK1Bnc w,-0.84614885,7537
2b1ka3/4a4/4b4/p1p5p/5R3/2P3C2/P5PrP/4BA3/9/3AK1Bnc b,0.8635891,7989
2b1ka3/4a4/4b4/p1p5p/5R3/2P3C2/P5PrP/4BAn2/9/3AK1B1c w,-0.86049974,7901
2b1ka3/4a4/4b4/p1p5p/5R3/2P3C2/P5PrP/4BAn1B/9/3AK3c b,0.87525004,5550
2b1ka3/4a4/4b4/p1p5p/5R3/2P3C2/P5r1P/4BAn1B/9/3AK3c w,-0.8666932,3704
2b1ka3/4aR3/4b4/p1p5p/9/2P3C2/P5r1P/4BAn1B/9/3AK3c b,0.87761503,363
2bk1a3/4aR3/4b4/p1p5p/9/2P3C2/P5r1P/4BAn1B/9/3AK3c w,-0.86730933,4605
2bk1a3/4aRC2/4b4/p1p5p/9/2P6/P5r1P/4BAn1B/9/3AK3c b,0.888242,6290
2bk1a3/4aRC2/4b4/p1p5p/9/2P6/P5r1P/4BA2B/8n/3AK3c w,-0.8675717,6196
2bk1a3/4aRC2/4b4/p1p5p/9/2P6/P5r1P/4B3B/4A3n/3AK3c b,0.901745,7287
2bk1a3/4aRC2/4b4/p1p5p/9/2P6/P5r1P/4B3B/4A4/3AK1n1c w,-0.9046823,1346
2bk1a3/4a1C2/4b4/p1p5p/9/2P6/P5r1P/4B3B/4A4/3AKRn1c b,0.93526745,8096
2bk1a3/4a1C2/4b4/p1p5p/9/2P6/P5r1P/4B3B/4A4/3AKcn2 w,-0.9231292,7736
2bk1a3/4a1C2/4b4/p1p5p/9/2P6/P5r1P/4B3B/4A4/3A1Kn2 b,0.9277299,7910
2bk1a3/4a1C2/4b4/p1p5p/9/2P6/P5r1P/4B3B/4A3n/3A1K3 w,-0.9225126,1366
2bk1a3/4a2C1/4b4/p1p5p/9/2P6/P5r1P/4B3B/4A3n/3A1K3 b,0.92878926,5461
2bk1a3/4a2C1/4b4/p1p5p/9/2P6/P6rP/4B3B/4A3n/3A1K3 w,-0.9219176,1455
2bk1a3/4a1C2/4b4/p1p5p/9/2P6/P6rP/4B3B/4A3n/3A1K3 b,0.93283135,7269
2bk1a3/4a1C2/4b4/p1p5p/9/2P6/P6rP/4B1n1B/4A4/3A1K3 w,-0.926595,7825
2bk1a3/4a1C2/4b4/p1p5p/9/2P6/P6rP/4B1n1B/4A4/3AK4 b,0.9344314,6260
2bk1a3/4a1C2/4b4/p1p5p/9/2P2n3/P6rP/4B3B/4A4/3AK4 w,-0.93077457,6117
2bk1a3/4a1C2/4b4/p1p5p/9/2P2n3/P6rP/8B/4A4/3AK1B2 b,0.94175076,4557
2bk1a3/4a1C2/4b4/p1p5p/9/2P6/P2n3rP/8B/4A4/3AK1B2 w,-0.93239486,1419
2bk1a3/4a4/4b4/p1p5p/9/2P6/P2n3rP/6C1B/4A4/3AK1B2 b,0.934793,5204
2bk1a3/4a4/4b4/p1p5p/9/2P6/P6rP/6C1B/2n1A4/3AK1B2 w,-0.9266744,7736
2bk1a3/4a4/4b4/p1p5p/9/2P6/P6rP/6C1B/2n1A4/3A1KB2 b,0.92915255,5549
2bk1a3/4a4/4b4/p1p5p/9/2P6/P4r2P/6C1B/2n1A4/3A1KB2 w,-0.92377174,6278
2bk1a3/4a4/4b4/p1p5p/9/2P6/P4r2P/5C2B/2n1A4/3A1KB2 b,0.92604804,5372
2bk1a3/4a4/4b4/p1p5p/9/2P6/P7r/5C2B/2n1A4/3A1KB2 w,-0.9178517,6197
2bk1a3/4a4/4b4/p1p5p/9/2P6/P7r/8B/2n1AC3/3A1KB2 b,0.93427175,6717
2bk1a3/4a4/4b4/p1p5p/9/2P6/P2n4r/8B/4AC3/3A1KB2 w,-0.9329525,6998
2bk1a3/4a4/4b4/p1p5p/9/2P6/P2n4r/5C2B/4A4/3A1KB2 b,0.93211204,5639
2bk1a3/4a4/4b4/p1p5p/9/2P6/P2n1r3/5C2B/4A4/3A1KB2 w,-0.93419254,6197
2bk1a3/4a4/4b4/p1p5p/9/2P6/P2n1r3/8B/4AC3/3A1KB2 b,0.94416994,3194
2bk1a3/4a4/4b4/p1p6/8p/2P6/P2n1r3/8B/4AC3/3A1KB2 w,-0.93599993,6998
2bk1a3/4a4/4b4/p1p6/8p/2P6/P2n1r3/5C2B/4A4/3A1KB2 b,0.93480873,5198
2bk1a3/4a4/4b4/p1p6/8p/2P6/P4r3/5n2B/4A4/3A1KB2 w,-0.927473,6908
2bk1a3/4a4/4b4/p1p6/8p/2P6/P4r3/5A2B/9/3A1KB2 b,0.9278246,5378
2bk1a3/4a4/4b4/p1p6/8p/2P6/P8/5r2B/9/3A1KB2 w,-0.9281649,7825
2bk1a3/4a4/4b4/p1p6/8p/2P6/P8/5r2B/9/3AK1B2 b,0.9266453,6186
2bk1a3/4a4/4b4/p1p6/8p/2P6/P8/3r4B/9/3AK1B2 w,-0.9321305,7636
2bk1a3/4a4/4b4/p1p6/8p/2P6/P8/3r4B/4A4/4K1B2 b,0.9310986,5997
2bk1a3/4a4/4b4/p1p6/8p/2P6/P2r5/8B/4A4/4K1B2 w,-0.93187207,4905
2bk1a3/4a4/4b4/p1p6/8p/P1P6/3r5/8B/4A4/4K1B2 b,0.93418825,4013
2bk1a3/4a4/4b4/p1p6/9/P1P5p/3r5/8B/4A4/4K1B2 w,-0.9325874,7897
2bk1a3/4a4/4b4/p1p6/9/P1P5p/3r5/4B3B/4A4/4K4 b,0.93207866,4832
2bk1a3/4a4/4b4/p1p6/9/P1P6/3r4p/4B3B/4A4/4K4 w,-0.93017685,6477
2bk1a3/4a4/4b4/p1p6/9/P1P6/3r4p/4B4/4A4/4K1B2 b,0.9399052,5641
2bk1a3/4a4/4b4/p1p6/9/P1P6/3r3p1/4B4/4A4/4K1B2 w,-0.9378788,6081
2bk1a3/4a4/4b4/p1p6/9/P1P3B2/3r3p1/9/4A4/4K1B2 b,0.9393892,5560
2bk1a3/4a4/4b4/p1p6/9/P1P3B2/3r5/7p1/4A4/4K1B2 w,-0.93667775,7897
2bk1a3/4a4/4b4/p1p6/9/P1P3B2/3r5/4B2p1/4A4/4K4 b,0.9440959,6369
2bk1a3/4a4/4b4/p1p6/9/P1P3B2/3r5/4B1p2/4A4/4K4 w,-0.9455885,6113
2bk1a3/4a4/4b4/p1p6/9/P1P3B2/3r5/6p2/4A4/2B1K4 b,0.95510685,6288
2bk1a3/4a4/4b4/p1p6/9/P1P3B2/3r5/9/4A1p2/2B1K4 w,-0.94695795,7533
2bk1a3/4a4/4b4/p1p6/9/P1P3B2/3r5/B8/4A1p2/4K4 b,0.9674615,7097
2bk1a3/4a4/4b4/p1p6/9/P1P3B2/3r5/B8/4Ap3/4K4 w,-0.96675617,4657
2bk1a3/4a4/4b4/p1p6/9/P1P6/3r5/B3B4/4Ap3/4K4 b,0.9864661,5205
2bk1a3/4a4/4b4/p1p6/9/P1P6/9/B3B4/3rAp3/4K4 w,-0.988262,6926
2bk1a3/4a4/4b4/p1p6/9/P1P6/9/B3B4/3r1p3/4KA3 b,1,6834
rnbakabnr/9/1c5c1/p1p1p1p1p/9/9/P1P1P1P1P/1C5C1/9/RNBAKABNR w,0.8017992,5827
rnbakabnr/9/1c5c1/p1p1p1p1p/9/9/P1P1P1P1P/4C2C1/9/RNBAKABNR b,-0.80177987,110
r1bakabnr/9/1cn4c1/p1p1p1p1p/9/9/P1P1P1P1P/4C2C1/9/RNBAKABNR w,0.80182546,7445
r1bakabnr/9/1cn4c1/p1p1p1p1p/9/9/P1P1P1P1P/2N1C2C1/9/R1BAKABNR b,-0.80185634,562
r1baka1nr/9/1cn1b2c1/p1p1p1p1p/9/9/P1P1P1P1P/2N1C2C1/9/R1BAKABNR w,0.8019497,7372
r1baka1nr/9/1cn1b2c1/p1p1p1p1p/9/9/P1P1P1P1P/2N1C2C1/9/1RBAKABNR b,-0.80176973,1
1rbaka1nr/9/1cn1b2c1/p1p1p1p1p/9/9/P1P1P1P1P/2N1C2C1/9/1RBAKABNR w,0.80170405,6368
1rbaka1nr/9/1cn1b2c1/p1p1p1p1p/9/9/P1P1P1P1P/2N1CC3/9/1RBAKABNR b,-0.8012761,654
1rbaka2r/9/1cn1b1nc1/p1p1p1p1p/9/9/P1P1P1P1P/2N1CC3/9/1RBAKABNR w,0.80158657,7989
1rbaka2r/9/1cn1b1nc1/p1p1p1p1p/9/9/P1P1P1P1P/2N1CCN2/9/1RBAKAB1R b,-0.8013484,3012
1rbaka2r/9/1cn1b1nc1/p1p1p3p/6p2/9/P1P1P1P1P/2N1CCN2/9/1RBAKAB1R w,0.80187565,8098
1rbaka2r/9/1cn1b1nc1/p1p1p3p/6p2/9/P1P1P1P1P/2N1CCN2/9/1RBAKABR1 b,-0.80190897,727
1rbaka1r1/9/1cn1b1nc1/p1p1p3p/6p2/9/P1P1P1P1P/2N1CCN2/9/1RBAKABR1 w,0.8025176,5087
1rbaka1r1/9/1cn1b1nc1/p1p1p3p/6p2/2P6/P3P1P1P/2N1CCN2/9/1RBAKABR1 b,-0.8021536,1765
1rbaka1r1/9/2n1b1nc1/p1p1p3p/6p2/2P6/Pc2P1P1P/2N1CCN2/9/1RBAKABR1 w,0.80470604,5898
1rbaka1r1/9/2n1b1nc1/p1p1p3p/6p2/2PN5/Pc2P1P1P/4CCN2/9/1RBAKABR1 b,-0.8064136,2311
1rbaka1r1/9/2n1b1n2/p1p1p3p/6p2/2PN5/Pc2P1PcP/4CCN2/9/1RBAKABR1 w,0.8079292,6143
1rbaka1r1/9/2n1bCn2/p1p1p3p/6p2/2PN5/Pc2P1PcP/4C1N2/9/1RBAKABR1 b,-0.8082944,1986
1rbakabr1/9/2n2Cn2/p1p1p3p/6p2/2PN5/Pc2P1PcP/4C1N2/9/1RBAKABR1 w,0.8184994,4351
1rbakabr1/9/2n2Cn2/p1p1N3p/6p2/2P6/Pc2P1PcP/4C1N2/9/1RBAKABR1 b,-0.8047867,1831
1rbakabr1/9/5Cn2/p1p1n3p/6p2/2P6/Pc2P1PcP/4C1N2/9/1RBAKABR1 w,0.80498105,6061
1rbakabr1/9/5Cn2/p1p1C3p/6p2/2P6/Pc2P1PcP/6N2/9/1RBAKABR1 b,-0.7905282,109
2bakabr1/9/1r3Cn2/p1p1C3p/6p2/2P6/Pc2P1PcP/6N2/9/1RBAKABR1 w,0.8022473,2839
2bakabr1/9/1r3Cn2/p1p5p/6p2/2P1C4/Pc2P1PcP/6N2/9/1RBAKABR1 b,-0.7988056,1733
2bakabr1/9/5rn2/p1p5p/6p2/2P1C4/Pc2P1PcP/6N2/9/1RBAKABR1 w,0.80963963,7435
2bakabr1/9/5rn2/p1p5p/6p2/2P1C4/PR2P1PcP/6N2/9/2BAKABR1 b,-0.8070279,2201
2bakabr1/9/5r3/p1p5p/5np2/2P1C4/PR2P1PcP/6N2/9/2BAKABR1 w,0.8140369,4987
2bakabr1/9/5r3/p1p5p/1R3np2/2P1C4/P3P1PcP/6N2/9/2BAKABR1 b,-0.809211,3750
2bakabr1/9/5r3/p1p5p/1R4p2/2P1C4/P3P1ncP/6N2/9/2BAKABR1 w,0.81738317,3372
2bakabr1/9/5r3/p1p5p/6R2/2P1C4/P3P1ncP/6N2/9/2BAKABR1 b,-0.80545235,5449
2bakabr1/9/5r3/p1p5p/6R2/2P1n4/P3P2cP/6N2/9/2BAKABR1 w,0.8055786,5269
2bakabr1/9/5r3/p1p5p/6R2/2P1P4/P6cP/6N2/9/2BAKABR1 b,-0.79940635,5560
2bakabr1/9/5r3/p1p5p/6R2/2P1P4/P7P/6Nc1/9/2BAKABR1 w,0.8091266,7999
2bakabr1/9/5r3/p1p5p/6R2/2P1P4/P7P/6Nc1/7R1/2BAKAB2 b,-0.7984724,2138
2bakabr1/9/9/p1p5p/6R2/2P1P4/P7P/5rNc1/7R1/2BAKAB2 w,0.8082745,3840
2bakabr1/9/9/p1p5p/9/2P1P4/P5R1P/5rNc1/7R1/2BAKAB2 b,-0.79854107,562
2baka1r1/9/4b4/p1p5p/9/2P1P4/P5R1P/5rNc1/7R1/2BAKAB2 w,0.81410235,7897
2baka1r1/9/4b4/p1p5p/9/2P1P4/P5R1P/4BrNc1/7R1/2BAKA3 b,-0.8058877,6170
2baka1r1/9/4b4/p1p5p/9/2P1Pr3/P5R1P/4B1Nc1/7R1/2BAKA3 w,0.8244277,5458
2baka1r1/9/4b4/p1p5p/9/2P1Pr3/P3R3P/4B1Nc1/7R1/2BAKA3 b,-0.8107718,4541
2baka1r1/9/4b4/p1p5p/5r3/2P1P4/P3R3P/4B1Nc1/7R1/2BAKA3 w,0.8204754,4450
2baka1r1/9/4b4/p1p5p/4Pr3/2P6/P3R3P/4B1Nc1/7R1/2BAKA3 b,-0.8042238,3758
2baka1r1/9/4b4/p1p5p/4P4/2P6/P3R3P/4BrNc1/7R1/2BAKA3 w,0.8189344,5280
2baka1r1/9/4b4/p1p5p/4P4/2P6/P5R1P/4BrNc1/7R1/2BAKA3 b,-0.8051879,682
2baka3/9/4b4/p1p5p/4P4/2P4r1/P5R1P/4BrNc1/7R1/2BAKA3 w,0.8357693,7636
2baka3/9/4b4/p1p5p/4P4/2P4r1/P5R1P/4BrNc1/4A2R1/2B1KA3 b,-0.81698394,6187
2baka3/9/4b4/p1p5p/4P4/2P4r1/P5R1P/4r1Nc1/4A2R1/2B1KA3 w,0.82682383,7537
2baka3/9/4b4/p1p5p/4P4/2P4r1/P5R1P/4B1Nc1/4A2R1/4KA3 b,-0.8182932,6367
2baka3/9/4b4/p1p5p/4P4/2P4r1/P5R1P/4c1N2/4A2R1/4KA3 w,0.82967776,7734
2baka3/9/4b4/p1p5p/4P4/2P4r1/P5R1P/4c1N2/4A2R1/3K1A3 b,-0.81140274,4759
2baka3/9/4b4/p1p5p/4P4/2P6/P5R1P/4c1N2/4A2r1/3K1A3 w,0.8204595,5458
2baka3/9/4b4/p1p5p/4P4/2P6/P3R3P/4c1N2/4A2r1/3K1A3 b,-0.802164,6093
2baka3/9/4b4/p1p5p/4P4/2P6/P3R3P/c5N2/4A2r1/3K1A3 w,0.8081083,3631
2baka3/9/4b4/p1p1P3p/9/2P6/P3R3P/c5N2/4A2r1/3K1A3 b,-0.7922494,7153
2baka3/9/4b4/p1p1P3p/7r1/2P6/P3R3P/c5N2/4A4/3K1A3 w,0.7971533,2812
2baka3/9/4P4/p1p5p/7r1/2P6/P3R3P/c5N2/4A4/3K1A3 b,-0.7904559,3909
2baka3/9/4P4/p1p5p/3r5/2P6/P3R3P/c5N2/4A4/3K1A3 w,0.7964418,7645
2baka3/9/4P4/p1p5p/3r5/2P6/P3R3P/c5N2/4A4/4KA3 b,-0.7881093,202
3aka3/9/4b4/p1p5p/3r5/2P6/P3R3P/c5N2/4A4/4KA3 w,0.79801834,6260
3aka3/9/4b4/p1p5p/3r5/2P2N3/P3R3P/c8/4A4/4KA3 b,-0.77489406,5741
3aka3/9/4b4/p1p5p/3r5/2P2N3/P3R3P/8c/4A4/4KA3 w,0.8043342,6924
3aka3/9/4b4/p1p5p/3r5/2P2N3/P3R3P/8c/9/3AKA3 b,-0.7844241,3551
3aka3/9/4b4/p1p5p/5r3/2P2N3/P3R3P/8c/9/3AKA3 w,0.80040795,4557
3aka3/9/4b4/p1p5p/5r3/2P6/P2NR3P/8c/9/3AKA3 b,-0.78871816,3713
3aka3/9/4br3/p1p5p/9/2P6/P2NR3P/8c/9/3AKA3 w,0.8133481,5170
3aka3/9/4br3/p1p5p/4N4/2P6/P3R3P/8c/9/3AKA3 b,-0.799678,2147
3aka3/9/4b4/p1p5p/4N4/2P6/P3R3P/8c/5r3/3AKA3 w,0.8516916,3621
3aka3/9/3Nb4/p1p5p/9/2P6/P3R3P/8c/5r3/3AKA3 b,-0.8420136,373
3a1a3/4k4/3Nb4/p1p5p/9/2P6/P3R3P/8c/5r3/3AKA3 w,0.8550255,5242
3a1a3/4k4/3NR4/p1p5p/9/2P6/P7P/8c/5r3/3AKA3 b,-0.84875077,1182
3a1a3/3k5/3NR4/p1p5p/9/2P6/P7P/8c/5r3/3AKA3 w,0.8539472,1900
3a1a3/1N1k5/4R4/p1p5p/9/2P6/P7P/8c/5r3/3AKA3 b,-0.83407044,283
5a3/1N1ka4/4R4/p1p5p/9/2P6/P7P/8c/5r3/3AKA3 w,0.8450335,2011
5a3/1N1ka4/9/p1p1R3p/9/2P6/P7P/8c/5r3/3AKA3 b,-0.837541,6953
5a3/1N1ka4/5r3/p1p1R3p/9/2P6/P7P/8c/9/3AKA3 w,0.8549105,4268
5a3/1N1ka4/5r3/p1p1R3p/2P6/9/P7P/8c/9/3AKA3 b,-0.8189117,2648
5a3/1N1ka4/5r3/p3R3p/2p6/9/P7P/8c/9/3AKA3 w,0.83289236,927
5a3/3ka4/5r3/N3R3p/2p6/9/P7P/8c/9/3AKA3 b,-0.8185791,2091
5a3/3ka4/3r5/N3R3p/2p6/9/P7P/8c/9/3AKA3 w,0.8282165,2468
5a3/3ka4/3r5/4R3p/2N6/9/P7P/8c/9/3AKA3 b,-0.8245722,1974
5a3/3ka4/9/4R3p/2N6/9/P7P/8c/9/3rKA3 w,0.8155495,7726
5a3/3ka4/9/4R3p/2N6/9/P7P/8c/4K4/3r1A3 b,-0.79860765,6470
5a3/3ka4/9/4R3p/2N6/9/P7P/9/4K3c/3r1A3 w,0.8197804,4905
5a3/3ka4/9/4R3p/2N6/P8/8P/9/4K3c/3r1A3 b,-0.824473,7635
5a3/3ka4/9/4R3p/2N6/P8/8P/9/3rK3c/5A3 w,0.8177048,6925
5a3/3ka4/9/4R3p/2N6/P8/8P/9/3r4c/4KA3 b,-0.8027086,1083
3k1a3/4a4/9/4R3p/2N6/P8/8P/9/3r4c/4KA3 w,0.8163203,2818
3k1a3/4a4/9/1R6p/2N6/P8/8P/9/3r4c/4KA3 b,-0.79863584,6789
3k1a3/4a4/9/1R6p/2Nr5/P8/8P/9/8c/4KA3 w,0.82013875,2521
1R1k1a3/4a4/9/8p/2Nr5/P8/8P/9/8c/4KA3 b,-0.8191189,282
1R3a3/3ka4/9/8p/2Nr5/P8/8P/9/8c/4KA3 w,0.82946694,3439
1R3a3/3ka4/1N7/8p/3r5/P8/8P/9/8c/4KA3 b,-0.8297624,1101
1R3a3/4a4/1N1k5/8p/3r5/P8/8P/9/8c/4KA3 w,0.8404357,92
2R2a3/4a4/1N1k5/8p/3r5/P8/8P/9/8c/4KA3 b,-0.8197317,3547
2R2a3/4a4/1N1k5/8p/1r7/P8/8P/9/8c/4KA3 w,0.9020428,1748
2R2a3/4a4/3k5/8p/1rN6/P8/8P/9/8c/4KA3 b,-0.889929,3368
2R2a3/4a4/3k5/8p/2r6/P8/8P/9/8c/4KA3 w,0.8899555,218
5a3/4a4/3k5/8p/2R6/P8/8P/9/8c/4KA3 b,-0.8837297,1902
5a3/3ka4/9/8p/2R6/P8/8P/9/8c/4KA3 w,0.88978463,3459
5a3/3ka4/9/8p/3R5/P8/8P/9/8c/4KA3 b,-0.89165,1191
5a3/3k5/3a5/8p/3R5/P8/8P/9/8c/4KA3 w,0.8932976,4086
5a3/3k5/3a5/8p/P2R5/9/8P/9/8c/4KA3 b,-0.8893848,463
9/3ka4/3a5/8p/P2R5/9/8P/9/8c/4KA3 w,0.8946909,7816
9/3ka4/3a5/8p/P2R5/9/8P/9/4A3c/4K4 b,-0.8960052,1083
3k5/4a4/3a5/8p/P2R5/9/8P/9/4A3c/4K4 w,0.8920018,3277
3k5/4a4/3a5/8p/1P1R5/9/8P/9/4A3c/4K4 b,-0.8944053,274
4k4/4a4/3a5/8p/1P1R5/9/8P/9/4A3c/4K4 w,0.89489037,3358
4k4/4a4/3a5/1P6p/3R5/9/8P/9/4A3c/4K4 b,-0.8961809,3194
4k4/4a4/3a5/1P7/3R4p/9/8P/9/4A3c/4K4 w,0.90965563,7736
4k4/4a4/3a5/1P7/3R4p/9/8P/9/4A3c/5K3 b,-0.89774895,7289
4k4/4a4/3a5/1P7/3R4p/9/8P/9/4A4/5K2c w,0.9057677,2549
4k4/4a4/3a5/2P6/3R4p/9/8P/9/4A4/5K2c b,-0.90283257,8098
4k4/4a4/3a5/2P6/3R4p/9/8P/9/4A4/5K1c1 w,0.90233094,3554
4k4/4a4/3a5/2P6/8R/9/8P/9/4A4/5K1c1 b,-0.88675636,8009
4k4/4a4/3a5/2P6/8R/9/8P/9/4A4/5K2c w,0.91361827,3997
4k4/4a4/3a5/2P6/1R7/9/8P/9/4A4/5K2c b,-0.90720445,1173
3ak4/9/3a5/2P6/1R7/9/8P/9/4A4/5K2c w,0.9021831,3370
3ak4/9/3a5/2P6/4R4/9/8P/9/4A4/5K2c b,-0.9149607,283
4k4/4a4/3a5/2P6/4R4/9/8P/9/4A4/5K2c w,0.9311606,2630
4k4/4a4/2Pa5/9/4R4/9/8P/9/4A4/5K2c b,-0.9345456,363
3k5/4a4/2Pa5/9/4R4/9/8P/9/4A4/5K2c w,0.94130486,3636
3k5/4a4/2Pa5/9/R8/9/8P/9/4A4/5K2c b,-0.9448694,274
4k4/4a4/2Pa5/9/R8/9/8P/9/4A4/5K2c w,0.94859415,3240
R3k4/4a4/2Pa5/9/9/9/8P/9/4A4/5K2c b,-0.9519081,1173
R2ak4/9/2Pa5/9/9/9/8P/9/4A4/5K2c w,0.95164496,1821
R2ak4/9/3P5/9/9/9/8P/9/4A4/5K2c b,-0.9480681,8097
R2ak4/9/3P5/9/9/9/8P/9/4A4/5Kc2 w,0.9554797,1902
R2ak4/3P5/9/9/9/9/8P/9/4A4/5Kc2 b,-0.94226635,7836
R2ak1c2/3P5/9/9/9/9/8P/9/4A4/5K3 w,0.9548509,18
3ak1c2/3P5/R8/9/9/9/8P/9/4A4/5K3 b,-0.9504344,283
4k1c2/3Pa4/R8/9/9/9/8P/9/4A4/5K3 w,0.97117734,1642
4k1c2/3Pa4/4R4/9/9/9/8P/9/4A4/5K3 b,-0.9689561,545
4kc3/3Pa4/4R4/9/9/9/8P/9/4A4/5K3 w,0.98653394,1093
4kc3/4P4/4R4/9/9/9/8P/9/4A4/5K3 b,-0.9904767,363
3k1c3/4P4/4R4/9/9/9/8P/9/4A4/5K3 w,1,2001
rnbakabnr/9/1c5c1/p1p1p1p1p/9/9/P1P1P1P1P/1C5C1/9/RNBAKABNR w,0.80181664,5827
rnbakabnr/9/1c5c1/p1p1p1p1p/9/9/P1P1P1P1P/4C2C1/9/RNBAKABNR b,-0.8017682,110
r1bakabnr/9/1cn4c1/p1p1p1p1p/9/9/P1P1P1P1P/4C2C1/9/RNBAKABNR w,0.8018302,7445
r1bakabnr/9/1cn4c1/p1p1p1p1p/9/9/P1P1P1P1P/2N1C2C1/9/R1BAKABNR b,-0.801848,562
r1baka1nr/9/1cn1b2c1/p1p1p1p1p/9/9/P1P1P1P1P/2N1C2C1/9/R1BAKABNR w,0.8019466,7372
r1baka1nr/9/1cn1b2c1/p1p1p1p1p/9/9/P1P1P1P1P/2N1C2C1/9/1RBAKABNR b,-0.8017706,1
1rbaka1nr/9/1cn1b2c1/p1p1p1p1p/9/9/P1P1P1P1P/2N1C2C1/9/1RBAKABNR w,0.8016926,6368
1rbaka1nr/9/1cn1b2c1/p1p1p1p1p/9/9/P1P1P1P1P/2N1CC3/9/1RBAKABNR b,-0.8012889,654
1rbaka2r/9/1cn1b1nc1/p1p1p1p1p/9/9/P1P1P1P1P/2N1CC3/9/1RBAKABNR w,0.80158657,7989
1rbaka2r/9/1cn1b1nc1/p1p1p1p1p/9/9/P1P1P1P1P/2N1CCN2/9/1RBAKAB1R b,-0.8013686,3012
1rbaka2r/9/1cn1b1nc1/p1p1p3p/6p2/9/P1P1P1P1P/2N1CCN2/9/1RBAKAB1R w,0.801936,8098
1rbaka2r/9/1cn1b1nc1/p1p1p3p/6p2/9/P1P1P1P1P/2N1CCN2/9/1RBAKABR1 b,-0.8018857,727
1rbaka1r1/9/1cn1b1nc1/p1p1p3p/6p2/9/P1P1P1P1P/2N1CCN2/9/1RBAKABR1 w,0.8025606,5087
1rbaka1r1/9/1cn1b1nc1/p1p1p3p/6p2/2P6/P3P1P1P/2N1CCN2/9/1RBAKABR1 b,-0.8021624,1765
1rbaka1r1/9/2n1b1nc1/p1p1p3p/6p2/2P6/Pc2P1P1P/2N1CCN2/9/1RBAKABR1 w,0.8047727,5898
1rbaka1r1/9/2n1b1nc1/p1p1p3p/6p2/2PN5/Pc2P1P1P/4CCN2/9/1RBAKABR1 b,-0.8064118,2311
1rbaka1r1/9/2n1b1n2/p1p1p3p/6p2/2PN5/Pc2P1PcP/4CCN2/9/1RBAKABR1 w,0.8079284,6143
1rbaka1r1/9/2n1bCn2/p1p1p3p/6p2/2PN5/Pc2P1PcP/4C1N2/9/1RBAKABR1 b,-0.809039,1986
1rbakabr1/9/2n2Cn2/p1p1p3p/6p2/2PN5/Pc2P1PcP/4C1N2/9/1RBAKABR1 w,0.81814575,4351
1rbakabr1/9/2n2Cn2/p1p1N3p/6p2/2P6/Pc2P1PcP/4C1N2/9/1RBAKABR1 b,-0.8047867,1831
1rbakabr1/9/5Cn2/p1p1n3p/6p2/2P6/Pc2P1PcP/4C1N2/9/1RBAKABR1 w,0.8050758,6061
1rbakabr1/9/5Cn2/p1p1C3p/6p2/2P6/Pc2P1PcP/6N2/9/1RBAKABR1 b,-0.7911104,109
2bakabr1/9/1r3Cn2/p1p1C3p/6p2/2P6/Pc2P1PcP/6N2/9/1RBAKABR1 w,0.8022862,2839
2bakabr1/9/1r3Cn2/p1p5p/6p2/2P1C4/Pc2P1PcP/6N2/9/1RBAKABR1 b,-0.7983565,1733
2bakabr1/9/5rn2/p1p5p/6p2/2P1C4/Pc2P1PcP/6N2/9/1RBAKABR1 w,0.80966544,7435
2bakabr1/9/5rn2/p1p5p/6p2/2P1C4/PR2P1PcP/6N2/9/2BAKABR1 b,-0.80789757,2129
2bakabr1/9/6n2/p1p5p/6p2/2P1C4/PR2PrPcP/6N2/9/2BAKABR1 w,0.8149259,4987
2bakabr1/9/6n2/p1p5p/1R4p2/2P1C4/P3PrPcP/6N2/9/2BAKABR1 b,-0.80465823,2201
2bakabr1/9/9/p1p5p/1R3np2/2P1C4/P3PrPcP/6N2/9/2BAKABR1 w,0.8223454,7897
2bakabr1/9/9/p1p5p/1R3np2/2P1C4/P3PrPcP/4B1N2/9/2BAKA1R1 b,-0.8098767,3748
2bakabr1/9/9/p1p5p/1R4p2/2P1C4/P3nrPcP/4B1N2/9/2BAKA1R1 w,0.82615525,7816
2bakabr1/9/9/p1p5p/1R4p2/2P1C4/P3nrPcP/4B1N2/4A4/2BAK2R1 b,-0.8099446,5370
2bakabr1/9/9/p1p5p/1R4p2/2P1C4/P3n1rcP/4B1N2/4A4/2BAK2R1 w,0.81229454,3370
2bakabr1/9/9/p1p5p/4R1p2/2P1C4/P3n1rcP/4B1N2/4A4/2BAK2R1 b,-0.81040645,562
2baka1r1/9/4b4/p1p5p/4R1p2/2P1C4/P3n1rcP/4B1N2/4A4/2BAK2R1 w,0.81484324,6268
2baka1r1/9/4b4/p1p5p/4R1p2/2P1C4/P3N1rcP/4B4/4A4/2BAK2R1 b,-0.805575,5458
2baka1r1/9/4b4/p1p5p/4R1p2/2P1C4/P3r2cP/4B4/4A4/2BAK2R1 w,0.8185723,3622
2baka1r1/9/4R4/p1p5p/6p2/2P1C4/P3r2cP/4B4/4A4/2BAK2R1 b,-0.84131014,463
2bak2r1/4a4/4R4/p1p5p/6p2/2P1C4/P3r2cP/4B4/4A4/2BAK2R1 w,0.9194816,2005
2bak2r1/4a4/7R1/p1p5p/6p2/2P1C4/P3r2cP/4B4/4A4/2BAK2R1 b,-0.9092065,5269
2bak2r1/4a4/7R1/p1p5p/6p2/2P1r4/P6cP/4B4/4A4/2BAK2R1 w,0.91286993,2257
2bak2R1/4a4/9/p1p5p/6p2/2P1r4/P6cP/4B4/4A4/2BAK2R1 b,-0.91296715,1175
2baka1R1/9/9/p1p5p/6p2/2P1r4/P6cP/4B4/4A4/2BAK2R1 w,0.91662973,691
2baka3/9/9/p1p5p/6p2/2P1r4/P6RP/4B4/4A4/2BAK2R1 b,-0.91547424,463
2bak4/4a4/9/p1p5p/6p2/2P1r4/P6RP/4B4/4A4/2BAK2R1 w,0.9246958,5497
2bak2R1/4a4/9/p1p5p/6p2/2P1r4/P7P/4B4/4A4/2BAK2R1 b,-0.9228517,1175
2baka1R1/9/9/p1p5p/6p2/2P1r4/P7P/4B4/4A4/2BAK2R1 w,0.9287678,7954
2baka1R1/9/9/p1p4Rp/6p2/2P1r4/P7P/4B4/4A4/2BAK4 b,-0.9288684,4468
2baka1R1/9/9/p1p4Rp/6p2/2P6/P3r3P/4B4/4A4/2BAK4 w,0.9347885,3092
2baka1R1/9/9/p1p2R2p/6p2/2P6/P3r3P/4B4/4A4/2BAK4 b,-0.93094707,283
2b1ka1R1/4a4/9/p1p2R2p/6p2/2P6/P3r3P/4B4/4A4/2BAK4 w,0.9368441,2909
2b1ka1R1/4a4/9/p1R5p/6p2/2P6/P3r3P/4B4/4A4/2BAK4 b,-0.92894995,202
4ka1R1/4a4/4b4/p1R5p/6p2/2P6/P3r3P/4B4/4A4/2BAK4 w,0.9320962,2637
4ka1R1/4a4/4b4/R7p/6p2/2P6/P3r3P/4B4/4A4/2BAK4 b,-0.93127143,5282
4ka1R1/4a4/4b4/R7p/6p2/2P6/P7r/4B4/4A4/2BAK4 w,0.9337912,2430
R3ka1R1/4a4/4b4/8p/6p2/2P6/P7r/4B4/4A4/2BAK4 b,-0.9211106,1173
R2aka1R1/9/4b4/8p/6p2/2P6/P7r/4B4/4A4/2BAK4 w,0.9242043,655
R2aka3/9/4b2R1/8p/6p2/2P6/P7r/4B4/4A4/2BAK4 b,-0.90769005,1986
R2akab2/9/7R1/8p/6p2/2P6/P7r/4B4/4A4/2BAK4 w,0.92975914,2274
R2akab2/9/6R2/8p/6p2/2P6/P7r/4B4/4A4/2BAK4 b,-0.93713796,5669
R2akab2/9/6R2/8p/6p2/2P6/P8/4B4/4A4/2BAK3r w,0.94362074,6926
R2akab2/9/6R2/8p/6p2/2P6/P8/4B4/9/2BAKA2r b,-0.9427686,8090
R2akab2/9/6R2/8p/6p2/2P6/P8/4B4/8r/2BAKA3 w,0.95135385,2166
R2akaR2/9/9/8p/6p2/2P6/P8/4B4/8r/2BAKA3 b,-0.94775385,7275
R2akaR2/9/9/8p/6p2/2P6/P8/4B4/3r5/2BAKA3 w,0.94745934,9
3akaR2/R8/9/8p/6p2/2P6/P8/4B4/3r5/2BAKA3 b,-0.94382405,6789
3akaR2/R8/9/8p/3r2p2/2P6/P8/4B4/9/2BAKA3 w,0.9476901,837
3akaR2/9/9/R7p/3r2p2/2P6/P8/4B4/9/2BAKA3 b,-0.94662607,3550
3akaR2/9/9/R7p/4r1p2/2P6/P8/4B4/9/2BAKA3 w,0.9484544,2462
3akaR2/9/9/5R2p/4r1p2/2P6/P8/4B4/9/2BAKA3 b,-0.940718,283
4kaR2/4a4/9/5R2p/4r1p2/2P6/P8/4B4/9/2BAKA3 w,0.94479305,564
4ka3/4a4/6R2/5R2p/4r1p2/2P6/P8/4B4/9/2BAKA3 b,-0.93972206,3636
4ka3/4a4/6R2/5R2p/r5p2/2P6/P8/4B4/9/2BAKA3 w,0.942126,2915
4ka3/4a4/6R2/8R/r5p2/2P6/P8/4B4/9/2BAKA3 b,-0.93672496,3294
4ka3/4a4/6R2/8R/6p2/2P6/r8/4B4/9/2BAKA3 w,0.93991876,2202
4ka3/4a4/9/8R/6R2/2P6/r8/4B4/9/2BAKA3 b,-0.93392277,4917
4ka3/4a4/9/8R/6R2/2P6/3r5/4B4/9/2BAKA3 w,0.92921764,3795
4ka3/4a1R2/9/8R/9/2P6/3r5/4B4/9/2BAKA3 b,-0.9312629,5151
4ka3/4a1R2/3r5/8R/9/2P6/9/4B4/9/2BAKA3 w,0.9371145,1428
4ka3/4a4/3r5/8R/9/2P6/9/4B4/6R2/2BAKA3 b,-0.9363949,363
3k1a3/4a4/3r5/8R/9/2P6/9/4B4/6R2/2BAKA3 w,0.93642056,7636
3k1a3/4a4/3r5/8R/9/2P6/9/4B4/4A1R2/2B1KA3 b,-0.93715084,274
4ka3/4a4/3r5/8R/9/2P6/9/4B4/4A1R2/2B1KA3 w,0.9272985,3178
4ka3/4a4/3r5/1R7/9/2P6/9/4B4/4A1R2/2B1KA3 b,-0.93445355,363
3k1a3/4a4/3r5/1R7/9/2P6/9/4B4/4A1R2/2B1KA3 w,0.93926215,4268
3k1a3/4a4/3r5/1R7/2P6/9/9/4B4/4A1R2/2B1KA3 b,-0.9425792,274
4ka3/4a4/3r5/1R7/2P6/9/9/4B4/4A1R2/2B1KA3 w,0.9407098,7053
4ka3/4a4/3r5/1R4R2/2P6/9/9/4B4/4A4/2B1KA3 b,-0.9378549,1173
3aka3/9/3r5/1R4R2/2P6/9/9/4B4/4A4/2B1KA3 w,0.9370991,2551
3aka3/9/3r5/4R1R2/2P6/9/9/4B4/4A4/2B1KA3 b,-0.93706954,283
4ka3/4a4/3r5/4R1R2/2P6/9/9/4B4/4A4/2B1KA3 w,0.9392352,3449
4ka3/4a4/3r5/2P1R1R2/9/9/9/4B4/4A4/2B1KA3 b,-0.9418929,363
3k1a3/4a4/3r5/2P1R1R2/9/9/9/4B4/4A4/2B1KA3 w,0.9485208,2830
3k1a3/4a4/3r5/2P3R2/4R4/9/9/4B4/4A4/2B1KA3 b,-0.9415433,274
4ka3/4a4/3r5/2P3R2/4R4/9/9/4B4/4A4/2B1KA3 w,0.94073564,2640
4ka3/4a4/3r5/3P2R2/4R4/9/9/4B4/4A4/2B1KA3 b,-0.93605274,1908
4ka3/4a4/r8/3P2R2/4R4/9/9/4B4/4A4/2B1KA3 w,0.95015097,6924
4ka3/4a4/r8/3P2R2/4R4/9/9/4B4/9/2BAKA3 b,-0.94263744,1647
4ka3/4a4/9/r2P2R2/4R4/9/9/4B4/9/2BAKA3 w,0.9545527,3001
4ka3/4a4/9/r2PR4/4R4/9/9/4B4/9/2BAKA3 b,-0.9539939,363
3k1a3/4a4/9/r2PR4/4R4/9/9/4B4/9/2BAKA3 w,0.94631356,3638
3k1a3/4a4/9/r2PR4/2R6/9/9/4B4/9/2BAKA3 b,-0.9427455,2430
r2k1a3/4a4/9/3PR4/2R6/9/9/4B4/9/2BAKA3 w,0.95938516,6077
r2k1a3/4a4/9/3PR4/2R6/2B6/9/9/9/2BAKA3 b,-0.9547002,1
1r1k1a3/4a4/9/3PR4/2R6/2B6/9/9/9/2BAKA3 w,0.9602372,2830
1r1k1a3/4a4/9/3P5/2R1R4/2B6/9/9/9/2BAKA3 b,-0.9606527,109
3k1a3/4a4/1r7/3P5/2R1R4/2B6/9/9/9/2BAKA3 w,0.9637897,3422
2Rk1a3/4a4/1r7/3P5/4R4/2B6/9/9/9/2BAKA3 b,-0.9637935,282
2R2a3/3ka4/1r7/3P5/4R4/2B6/9/9/9/2BAKA3 w,0.96747905,3636
2R2a3/3ka4/1r7/3P5/R8/2B6/9/9/9/2BAKA3 b,-0.96350014,1738
2R2a3/3ka4/9/1r1P5/R8/2B6/9/9/9/2BAKA3 w,0.98757,3249
2R2a3/R2ka4/9/1r1P5/9/2B6/9/9/9/2BAKA3 b,-0.98961073,2530
2R2a3/Rr1ka4/9/3P5/9/2B6/9/9/9/2BAKA3 w,1,820
rnbakabnr/9/1c5c1/p1p1p1p1p/9/9/P1P1P1P1P/1C5C1/9/RNBAKABNR w,-0.7981728,5827
rnbakabnr/9/1c5c1/p1p1p1p1p/9/9/P1P1P1P1P/4C2C1/9/RNBAKABNR b,0.79823184,110
r1bakabnr/9/1cn4c1/p1p1p1p1p/9/9/P1P1P1P1P/4C2C1/9/RNBAKABNR w,-0.79818237,7445
r1bakabnr/9/1cn4c1/p1p1p1p1p/9/9/P1P1P1P1P/2N1C2C1/9/R1BAKABNR b,0.79816216,562
r1baka1nr/9/1cn1b2c1/p1p1p1p1p/9/9/P1P1P1P1P/2N1C2C1/9/R1BAKABNR w,-0.7980471,7372
r1baka1nr/9/1cn1b2c1/p1p1p1p1p/9/9/P1P1P1P1P/2N1C2C1/9/1RBAKABNR b,0.79823,1
1rbaka1nr/9/1cn1b2c1/p1p1p1p1p/9/9/P1P1P1P1P/2N1C2C1/9/1RBAKABNR w,-0.79831344,6368
1rbaka1nr/9/1cn1b2c1/p1p1p1p1p/9/9/P1P1P1P1P/2N1CC3/9/1RBAKABNR b,0.79872113,654
1rbaka2r/9/1cn1b1nc1/p1p1p1p1p/9/9/P1P1P1P1P/2N1CC3/9/1RBAKABNR w,-0.7983996,7989
1rbaka2r/9/1cn1b1nc1/p1p1p1p1p/9/9/P1P1P1P1P/2N1CCN2/9/1RBAKAB1R b,0.7986314,3012
1rbaka2r/9/1cn1b1nc1/p1p1p3p/6p2/9/P1P1P1P1P/2N1CCN2/9/1RBAKAB1R w,-0.7981696,8098
1rbaka2r/9/1cn1b1nc1/p1p1p3p/6p2/9/P1P1P1P1P/2N1CCN2/9/1RBAKABR1 b,0.79799503,727
1rbaka1r1/9/1cn1b1nc1/p1p1p3p/6p2/9/P1P1P1P1P/2N1CCN2/9/1RBAKABR1 w,-0.79720217,5087
1rbaka1r1/9/1cn1b1nc1/p1p1p3p/6p2/2P6/P3P1P1P/2N1CCN2/9/1RBAKABR1 b,0.79779345,1765
1rbaka1r1/9/2n1b1nc1/p1p1p3p/6p2/2P6/Pc2P1P1P/2N1CCN2/9/1RBAKABR1 w,-0.7952885,5898
1rbaka1r1/9/2n1b1nc1/p1p1p3p/6p2/2PN5/Pc2P1P1P/4CCN2/9/1RBAKABR1 b,0.7935914,2311
1rbaka1r1/9/2n1b1n2/p1p1p3p/6p2/2PN5/Pc2P1PcP/4CCN2/9/1RBAKABR1 w,-0.79210323,6143
1rbaka1r1/9/2n1bCn2/p1p1p3p/6p2/2PN5/Pc2P1PcP/4C1N2/9/1RBAKABR1 b,0.7915428,1986
1rbakabr1/9/2n2Cn2/p1p1p3p/6p2/2PN5/Pc2P1PcP/4C1N2/9/1RBAKABR1 w,-0.7819419,4351
1rbakabr1/9/2n2Cn2/p1p1N3p/6p2/2P6/Pc2P1PcP/4C1N2/9/1RBAKABR1 b,0.7952317,1831
1rbakabr1/9/5Cn2/p1p1n3p/6p2/2P6/Pc2P1PcP/4C1N2/9/1RBAKABR1 w,-0.7950268,6061
1rbakabr1/9/5Cn2/p1p1C3p/6p2/2P6/Pc2P1PcP/6N2/9/1RBAKABR1 b,0.80948305,109
2bakabr1/9/1r3Cn2/p1p1C3p/6p2/2P6/Pc2P1PcP/6N2/9/1RBAKABR1 w,-0.79794323,2839
2bakabr1/9/1r3Cn2/p1p5p/6p2/2P1C4/Pc2P1PcP/6N2/9/1RBAKABR1 b,0.80141336,1733
2bakabr1/9/5rn2/p1p5p/6p2/2P1C4/Pc2P1PcP/6N2/9/1RBAKABR1 w,-0.79038835,7435
2bakabr1/9/5rn2/p1p5p/6p2/2P1C4/PR2P1PcP/6N2/9/2BAKABR1 b,0.79297215,2201
2bakabr1/9/5r3/p1p5p/5np2/2P1C4/PR2P1PcP/6N2/9/2BAKABR1 w,-0.7862269,4987
2bakabr1/9/5r3/p1p5p/1R3np2/2P1C4/P3P1PcP/6N2/9/2BAKABR1 b,0.7918026,3750
2bakabr1/9/5r3/p1p5p/1R4p2/2P1C4/P3P1ncP/6N2/9/2BAKABR1 w,-0.7807057,3372
2bakabr1/9/5r3/p1p5p/6R2/2P1C4/P3P1ncP/6N2/9/2BAKABR1 b,0.7945504,5449
2bakabr1/9/5r3/p1p5p/6R2/2P1n4/P3P2cP/6N2/9/2BAKABR1 w,-0.794244,5269
2bakabr1/9/5r3/p1p5p/6R2/2P1P4/P6cP/6N2/9/2BAKABR1 b,0.8005937,5560
2bakabr1/9/5r3/p1p5p/6R2/2P1P4/P7P/6Nc1/9/2BAKABR1 w,-0.79073244,7999
2bakabr1/9/5r3/p1p5p/6R2/2P1P4/P7P/6Nc1/7R1/2BAKAB2 b,0.8017585,2138
2bakabr1/9/9/p1p5p/6R2/2P1P4/P7P/5rNc1/7R1/2BAKAB2 w,-0.7994488,3813
2bakabr1/9/9/p1p3R1p/9/2P1P4/P7P/5rNc1/7R1/2BAKAB2 b,0.7961808,6361
2bakabr1/9/9/p1p3R1p/9/2P1P4/P6cP/5rN2/7R1/2BAKAB2 w,-0.77804774,6290
2bakabr1/9/9/p1p3R1p/9/2P1P4/P6cP/5r3/7RN/2BAKAB2 b,0.7940375,5560
2bakabr1/9/9/p1p3R1p/9/2P1P4/P7P/5r1c1/7RN/2BAKAB2 w,-0.786645,2999
2bakabr1/9/9/p1R5p/9/2P1P4/P7P/5r1c1/7RN/2BAKAB2 b,0.798485,682
2bakab2/9/9/p1R5p/9/2P1P2r1/P7P/5r1c1/7RN/2BAKAB2 w,-0.7864553,2612
2Rakab2/9/9/p7p/9/2P1P2r1/P7P/5r1c1/7RN/2BAKAB2 b,0.7919164,4729
2Rakab2/9/9/p7p/9/2P1r4/P7P/5r1c1/7RN/2BAKAB2 w,-0.7851679,7186
2Rakab2/9/9/p7p/9/2P1r4/P7P/5r1c1/4R3N/2BAKAB2 b,0.79957914,4486
2Rakab2/9/9/p7p/9/2P6/P7P/5r1c1/4r3N/2BAKAB2 w,-0.7934433,7816
2Rakab2/9/9/p7p/9/2P6/P7P/5r1c1/4A3N/2BAK1B2 b,0.8009382,6179
2Rakab2/9/9/p7p/9/2P6/P4r2P/7c1/4A3N/2BAK1B2 w,-0.79635155,209
3akab2/9/9/p1R5p/9/2P6/P4r2P/7c1/4A3N/2BAK1B2 b,0.7951877,6388
3akab2/9/9/p1R5p/9/2P6/P4r2P/9/4A3N/2BAK1Bc1 w,-0.79546434,7897
3akab2/9/9/p1R5p/9/2P6/P4r2P/4B4/4A3N/2BAK2c1 b,0.8002152,8009
3akab2/9/9/p1R5p/9/2P6/P4r2P/4B4/4A3N/2BAK3c w,-0.79977196,7269
3akab2/9/9/p1R5p/9/2P6/P4r2P/4B1N2/4A4/2BAK3c b,0.8067688,5370
3akab2/9/9/p1R5p/9/2P6/P5r1P/4B1N2/4A4/2BAK3c w,-0.80205494,2641
3akab2/9/9/p3R3p/9/2P6/P5r1P/4B1N2/4A4/2BAK3c b,0.7966177,463
3ak1b2/4a4/9/p3R3p/9/2P6/P5r1P/4B1N2/4A4/2BAK3c w,-0.78695685,6268
3ak1b2/4a4/9/p3R3p/9/2P6/P3N1r1P/4B4/4A4/2BAK3c b,0.788343,5461
3ak1b2/4a4/9/p3R3p/9/2P6/P3N2rP/4B4/4A4/2BAK3c w,-0.7829842,5259
3ak1b2/4a4/9/p3R3p/3N5/2P6/P6rP/4B4/4A4/2BAK3c b,0.83316547,5578
3ak1b2/4a4/9/p3R3p/3N5/2P6/P7P/4B4/4A4/2BAK2rc w,-0.84356517,6117
3ak1b2/4a4/9/p3R3p/3N5/2P6/P7P/9/4A4/2BAK1Brc b,0.87830067,7954
3ak1b2/4a4/9/p3R2rp/3N5/2P6/P7P/9/4A4/2BAK1B1c w,-0.87930745,6926
3ak1b2/4a4/9/p3R2rp/3N5/2P6/P7P/9/9/2BAKAB1c b,0.88760483,3091
3ak1b2/4a4/9/p3r3p/3N5/2P6/P7P/9/9/2BAKAB1c w,-0.88709015,7636
3ak1b2/4a4/9/p3r3p/3N5/2P6/P7P/9/4A4/2B1KAB1c b,0.8920599,2823
3ak1b2/4a4/9/p5r1p/3N5/2P6/P7P/9/4A4/2B1KAB1c w,-0.87842804,7537
3ak1b2/4a4/9/p5r1p/3N5/2P6/P7P/4B4/4A4/4KAB1c b,0.87825304,3030
3ak1b2/4a4/9/p7p/3N5/2P6/P5r1P/4B4/4A4/4KAB1c w,-0.8717288,3542
3ak1b2/4a4/9/p4N2p/9/2P6/P5r1P/4B4/4A4/4KAB1c b,0.8904229,5469
3ak1b2/4a4/9/p4N2p/9/2P6/P7P/4B1r2/4A4/4KAB1c w,-0.8892215,2931
3ak1b2/4a4/9/p7p/9/2P3N2/P7P/4B1r2/4A4/4KAB1c b,0.9149047,6277
3ak1b2/4a4/9/p7p/9/2P3N2/P7P/4r4/4A4/4KAB1c w,-0.9068577,4268
3ak1b2/4a4/9/p7p/2P6/6N2/P7P/4r4/4A4/4KAB1c b,0.9199076,6099
3ak1b2/4a4/9/p7p/2P6/6N2/P7P/6r2/4A4/4KAB1c w,-0.9074388,4658
3ak1b2/4a4/9/p7p/2P6/9/P7P/5Nr2/4A4/4KAB1c b,0.9225151,6252
3ak1b2/4a4/9/p7p/2P3r2/9/P7P/5N3/4A4/4KAB1c w,-0.9124517,3449
3ak1b2/4a4/9/p1P5p/6r2/9/P7P/5N3/4A4/4KAB1c b,0.92204875,3813
3ak1b2/4a4/9/p1P3r1p/9/9/P7P/5N3/4A4/4KAB1c w,-0.9157474,2630
3ak1b2/4a4/2P6/p5r1p/9/9/P7P/5N3/4A4/4KAB1c b,0.91964984,3030
3ak1b2/4a4/2P6/p7p/9/9/P5r1P/5N3/4A4/4KAB1c w,-0.9094006,1811
3ak1b2/2P1a4/9/p7p/9/9/P5r1P/5N3/4A4/4KAB1c b,0.922487,365
3a1kb2/2P1a4/9/p7p/9/9/P5r1P/5N3/4A4/4KAB1c w,-0.90439034,1002
3a1kb2/3Pa4/9/p7p/9/9/P5r1P/5N3/4A4/4KAB1c b,0.921189,1191
3a1kb2/3P5/3a5/p7p/9/9/P5r1P/5N3/4A4/4KAB1c w,-0.901721,4905
3a1kb2/3P5/3a5/p7p/9/P8/6r1P/5N3/4A4/4KAB1c b,0.9116824,5469
3a1kb2/3P5/3a5/p7p/9/P8/8P/5Nr2/4A4/4KAB1c w,-0.89566225,7734
3a1kb2/3P5/3a5/p7p/9/P8/8P/5Nr2/4A4/3K1AB1c b,0.90406793,464
3a2b2/3P1k3/3a5/p7p/9/P8/8P/5Nr2/4A4/3K1AB1c w,-0.8894573,7635
3a2b2/3P1k3/3a5/p7p/9/P8/8P/5Nr2/3KA4/5AB1c b,0.88469785,8090
3a2b2/3P1k3/3a5/p7p/9/P8/8P/5Nr2/3KA3c/5AB2 w,-0.89043367,6834
3a2b2/3P1k3/3a5/p7p/9/P8/8P/5Nr2/4A3c/3K1AB2 b,0.9038442,6252
3a2b2/3P1k3/3a5/p7p/6r2/P8/8P/5N3/4A3c/3K1AB2 w,-0.88745517,6181
3a2b2/3P1k3/3a5/p7p/6r2/P8/7NP/9/4A3c/3K1AB2 b,0.88689196,3867
3a2b2/3P1k3/3a5/p7p/9/P8/7NP/9/4A3c/3K1Ar2 w,-0.8745847,5570
3a2b2/3P1k3/3a5/p7p/9/P8/8P/9/4A3N/3K1Ar2 b,0.8820294,7890
3a2b2/3P1k3/3a5/p7p/9/P8/6r1P/9/4A3N/3K1A3 w,-0.8706446,5633
3a2b2/3P1k3/3a5/p7p/9/P7P/6r2/9/4A3N/3K1A3 b,0.8764153,5454
3a2b2/3P1k3/3a5/p7p/9/P7P/r8/9/4A3N/3K1A3 w,-0.8686567,7269
3a2b2/3P1k3/3a5/p7p/9/P7P/r8/6N2/4A4/3K1A3 b,0.8722549,4905
3a2b2/3P1k3/3a5/p7p/9/r7P/9/6N2/4A4/3K1A3 w,-0.85990894,6268
3a2b2/3P1k3/3a5/p7p/9/r7P/4N4/9/4A4/3K1A3 b,0.8694878,4099
3a2b2/3P1k3/3a5/p7p/9/4r3P/4N4/9/4A4/3K1A3 w,-0.8605903,5285
3a2b2/3P1k3/3a5/p7p/9/4r3P/9/2N6/4A4/3K1A3 b,0.8668929,4463
3a2b2/3P1k3/3a5/p7p/9/8r/9/2N6/4A4/3K1A3 w,-0.8665879,5908
3a2b2/3P1k3/3a5/p7p/9/8r/4N4/9/4A4/3K1A3 b,0.8616251,4818
3a2b2/3P1k3/3a5/p7p/9/3r5/4N4/9/4A4/3K1A3 w,-0.86066794,7645
3a2b2/3P1k3/3a5/p7p/9/3r5/4N4/9/4A4/4KA3 b,0.8673532,4369
3a2b2/3P1k3/3a5/p7p/9/4r4/4N4/9/4A4/4KA3 w,-0.87062365,5289
3a2b2/3P1k3/3a5/p7p/9/4r4/9/6N2/4A4/4KA3 b,0.8866073,3194
3a2b2/3P1k3/3a5/p8/8p/4r4/9/6N2/4A4/4KA3 w,-0.88285583,7734
3a2b2/3P1k3/3a5/p8/8p/4r4/9/6N2/4A4/3K1A3 b,0.8934133,4013
3a2b2/3P1k3/3a5/p8/9/4r3p/9/6N2/4A4/3K1A3 w,-0.88254017,7645
3a2b2/3P1k3/3a5/p8/9/4r3p/9/6N2/4A4/4KA3 b,0.89893204,2466
3a2b2/3P1k3/3a5/9/p8/4r3p/9/6N2/4A4/4KA3 w,-0.89340514,7734
3a2b2/3P1k3/3a5/9/p8/4r3p/9/6N2/4A4/3K1A3 b,0.9014018,3285
3a2b2/3P1k3/3a5/9/9/p3r3p/9/6N2/4A4/3K1A3 w,-0.89201206,6906
3a2b2/3P1k3/3a5/9/9/p3r3p/9/3A2N2/9/3K1A3 b,0.89483356,4096
3a2b2/3P1k3/3a5/9/9/1p2r3p/9/3A2N2/9/3K1A3 w,-0.8953184,7816
3a2b2/3P1k3/3a5/9/9/1p2r3p/9/3A2N2/4A4/3K5 b,0.9007377,4187
3a2b2/3P1k3/3a5/9/9/2p1r3p/9/3A2N2/4A4/3K5 w,-0.8968283,7645
3a2b2/3P1k3/3a5/9/9/2p1r3p/9/3A2N2/4A4/4K4 b,0.9047161,4286
3a2b2/3P1k3/3a5/9/9/4r3p/2p6/3A2N2/4A4/4K4 w,-0.90676093,7734
3a2b2/3P1k3/3a5/9/9/4r3p/2p6/3A2N2/4A4/3K5 b,0.92351896,5105
3a2b2/3P1k3/3a5/9/9/4r3p/9/2pA2N2/4A4/3K5 w,-0.92754555,7645
3a2b2/3P1k3/3a5/9/9/4r3p/9/2pA2N2/4A4/4K4 b,0.942106,5916
3a2b2/3P1k3/3a5/9/9/4r3p/9/3p2N2/4A4/4K4 w,-0.9418752,7734
3a2b2/3P1k3/3a5/9/9/4r3p/9/3p2N2/4A4/3K5 b,0.9457402,6007
3a2b2/3P1k3/3a5/9/9/4r3p/9/4p1N2/4A4/3K5 w,-0.94063944,7645
3a2b2/3P1k3/3a5/9/9/4r3p/9/4p1N2/4A4/4K4 b,0.95274377,4822
3a2b2/3P1k3/3a5/9/9/4r2p1/9/4p1N2/4A4/4K4 w,-0.94382674,1091
3a2b2/2P2k3/3a5/9/9/4r2p1/9/4p1N2/4A4/4K4 b,0.9524369,1273
3a2b2/2P1k4/3a5/9/9/4r2p1/9/4p1N2/4A4/4K4 w,-0.9418511,1000
3a2b2/1P2k4/3a5/9/9/4r2p1/9/4p1N2/4A4/4K4 b,0.9514322,4731
3a2b2/1P2k4/3a5/9/9/4r1p2/9/4p1N2/4A4/4K4 w,-0.95083666,6272
3a2b2/1P2k4/3a5/9/9/4r1p2/8N/4p4/4A4/4K4 b,0.9791612,6106
3a2b2/1P2k4/3a5/9/9/4r1p2/8N/9/4p4/4K4 w,-0.9847435,7736
3a2b2/1P2k4/3a5/9/9/4r1p2/8N/9/4p4/5K3 b,1,4460
rnbakabnr/9/1c5c1/p1p1p1p1p/9/9/P1P1P1P1P/1C5C1/9/RNBAKABNR w,-0.7981728,5827
rnbakabnr/9/1c5c1/p1p1p1p1p/9/9/P1P1P1P1P/4C2C1/9/RNBAKABNR b,0.79821646,110
r1bakabnr/9/1cn4c1/p1p1p1p1p/9/9/P1P1P1P1P/4C2C1/9/RNBAKABNR w,-0.798183,7445
r1bakabnr/9/1cn4c1/p1p1p1p1p/9/9/P1P1P1P1P/2N1C2C1/9/R1BAKABNR b,0.7981648,562
r1baka1nr/9/1cn1b2c1/p1p1p1p1p/9/9/P1P1P1P1P/2N1C2C1/9/R1BAKABNR w,-0.79805034,7372
r1baka1nr/9/1cn1b2c1/p1p1p1p1p/9/9/P1P1P1P1P/2N1C2C1/9/1RBAKABNR b,0.7982294,1
1rbaka1nr/9/1cn1b2c1/p1p1p1p1p/9/9/P1P1P1P1P/2N1C2C1/9/1RBAKABNR w,-0.7983059,6368
1rbaka1nr/9/1cn1b2c1/p1p1p1p1p/9/9/P1P1P1P1P/2N1CC3/9/1RBAKABNR b,0.79872817,654
1rbaka2r/9/1cn1b1nc1/p1p1p1p1p/9/9/P1P1P1P1P/2N1CC3/9/1RBAKABNR w,-0.79840535,7989
1rbaka2r/9/1cn1b1nc1/p1p1p1p1p/9/9/P1P1P1P1P/2N1CCN2/9/1RBAKAB1R b,0.7986271,3012
1rbaka2r/9/1cn1b1nc1/p1p1p3p/6p2/9/P1P1P1P1P/2N1CCN2/9/1RBAKAB1R w,-0.7981061,8098
1rbaka2r/9/1cn1b1nc1/p1p1p3p/6p2/9/P1P1P1P1P/2N1CCN2/9/1RBAKABR1 b,0.79797137,727
1rbaka1r1/9/1cn1b1nc1/p1p1p3p/6p2/9/P1P1P1P1P/2N1CCN2/9/1RBAKABR1 w,-0.7972592,5087
1rbaka1r1/9/1cn1b1nc1/p1p1p3p/6p2/2P6/P3P1P1P/2N1CCN2/9/1RBAKABR1 b,0.79787856,1765
1rbaka1r1/9/2n1b1nc1/p1p1p3p/6p2/2P6/Pc2P1P1P/2N1CCN2/9/1RBAKABR1 w,-0.79479766,5898
1rbaka1r1/9/2n1b1nc1/p1p1p3p/6p2/2PN5/Pc2P1P1P/4CCN2/9/1RBAKABR1 b,0.79346955,2311
1rbaka1r1/9/2n1b1n2/p1p1p3p/6p2/2PN5/Pc2P1PcP/4CCN2/9/1RBAKABR1 w,-0.79216987,6143
1rbaka1r1/9/2n1bCn2/p1p1p3p/6p2/2PN5/Pc2P1PcP/4C1N2/9/1RBAKABR1 b,0.7910976,1986
1rbakabr1/9/2n2Cn2/p1p1p3p/6p2/2PN5/Pc2P1PcP/4C1N2/9/1RBAKABR1 w,-0.7821081,4351
1rbakabr1/9/2n2Cn2/p1p1N3p/6p2/2P6/Pc2P1PcP/4C1N2/9/1RBAKABR1 b,0.795234,1831
1rbakabr1/9/5Cn2/p1p1n3p/6p2/2P6/Pc2P1PcP/4C1N2/9/1RBAKABR1 w,-0.7950388,6061
1rbakabr1/9/5Cn2/p1p1C3p/6p2/2P6/Pc2P1PcP/6N2/9/1RBAKABR1 b,0.80915326,109
2bakabr1/9/1r3Cn2/p1p1C3p/6p2/2P6/Pc2P1PcP/6N2/9/1RBAKABR1 w,-0.79775274,2839
2bakabr1/9/1r3Cn2/p1p5p/6p2/2P1C4/Pc2P1PcP/6N2/9/1RBAKABR1 b,0.8011774,1733
2bakabr1/9/5rn2/p1p5p/6p2/2P1C4/Pc2P1PcP/6N2/9/1RBAKABR1 w,-0.7904005,7435
2bakabr1/9/5rn2/p1p5p/6p2/2P1C4/PR2P1PcP/6N2/9/2BAKABR1 b,0.7944217,2201
2bakabr1/9/5r3/p1p5p/5np2/2P1C4/PR2P1PcP/6N2/9/2BAKABR1 w,-0.7858986,4987
2bakabr1/9/5r3/p1p5p/1R3np2/2P1C4/P3P1PcP/6N2/9/2BAKABR1 b,0.7916348,3750
2bakabr1/9/5r3/p1p5p/1R4p2/2P1C4/P3P1ncP/6N2/9/2BAKABR1 w,-0.78007823,3372
2bakabr1/9/5r3/p1p5p/6R2/2P1C4/P3P1ncP/6N2/9/2BAKABR1 b,0.7945152,5449
2bakabr1/9/5r3/p1p5p/6R2/2P1n4/P3P2cP/6N2/9/2BAKABR1 w,-0.79412144,5269
2bakabr1/9/5r3/p1p5p/6R2/2P1P4/P6cP/6N2/9/2BAKABR1 b,0.80062634,5560
2bakabr1/9/5r3/p1p5p/6R2/2P1P4/P7P/6Nc1/9/2BAKABR1 w,-0.7903957,7999
2bakabr1/9/5r3/p1p5p/6R2/2P1P4/P7P/6Nc1/7R1/2BAKAB2 b,0.8015276,2138
2bakabr1/9/9/p1p5p/6R2/2P1P4/P7P/5rNc1/7R1/2BAKAB2 w,-0.7996747,3813
2bakabr1/9/9/p1p3R1p/9/2P1P4/P7P/5rNc1/7R1/2BAKAB2 b,0.79950255,691
2bakab2/9/9/p1p3R1p/9/2P1P4/P6rP/5rNc1/7R1/2BAKAB2 w,-0.78592014,2976
2bakaR2/9/9/p1p5p/9/2P1P4/P6rP/5rNc1/7R1/2BAKAB2 b,0.79606307,5548
2bakaR2/9/9/p1p5p/9/2P1P4/P3r3P/5rNc1/7R1/2BAKAB2 w,-0.7645731,7816
2bakaR2/9/9/p1p5p/9/2P1P4/P3r3P/5rNc1/4A2R1/2BAK1B2 b,0.77991444,6371
2bakaR2/9/9/p1p5p/9/2P1P4/P3r3P/5rN1c/4A2R1/2BAK1B2 w,-0.770011,591
2baka3/9/9/p1p5p/9/2P1P1R2/P3r3P/5rN1c/4A2R1/2BAK1B2 b,0.7921656,283
2b1ka3/4a4/9/p1p5p/9/2P1P1R2/P3r3P/5rN1c/4A2R1/2BAK1B2 w,-0.75568306,7117
2b1ka1R1/4a4/9/p1p5p/9/2P1P1R2/P3r3P/5rN1c/4A4/2BAK1B2 b,0.7494505,6479
2b1ka1R1/4a4/9/p1p5p/9/2P1P1R2/P3r3P/5rN2/4A4/2BAK1B1c w,-0.7175992,7897
2b1ka1R1/4a4/9/p1p5p/9/2P1P1R2/P3r3P/4BrN2/4A4/2BAK3c b,0.73746675,6187
2b1ka1R1/4a4/9/p1p5p/9/2P1P1R2/P3r3P/4r1N2/4A4/2BAK3c w,-0.7418445,6268
2b1ka1R1/4a4/9/p1p5p/9/2P1P1R2/P3N3P/4r4/4A4/2BAK3c b,0.7491116,6088
2b1ka1R1/4a4/9/p1p5p/9/2P1P1R2/P3r3P/9/4A4/2BAK3c w,-0.73513854,4596
2b1kaRR1/4a4/9/p1p5p/9/2P1P4/P3r3P/9/4A4/2BAK3c b,0.7628702,8094
2b1kaRR1/4a4/9/p1p5p/9/2P1P4/P3r3P/9/4A4/2BcK4 w,-0.7050485,7734
2b1kaRR1/4a4/9/p1p5p/9/2P1P4/P3r3P/9/4A4/2BK5 b,0.70891553,5296
2b1kaRR1/4a4/9/p1p5p/9/2P1P4/P7P/9/4r4/2BK5 w,-0.69816023,4450
2b1kaRR1/4a4/9/p1p5p/4P4/2P6/P7P/9/4r4/2BK5 b,0.7153899,6880
2b1kaRR1/4a4/9/p1p5p/4r4/2P6/P7P/9/9/2BK5 w,-0.71091115,4905
2b1kaRR1/4a4/9/p1p5p/4r4/P1P6/8P/9/9/2BK5 b,0.74510777,2648
2b1kaRR1/4a4/9/p7p/2p1r4/P1P6/8P/9/9/2BK5 w,-0.7007785,4268
2b1kaRR1/4a4/9/p7p/2P1r4/P8/8P/9/9/2BK5 b,0.7327039,3638
2b1kaRR1/4a4/9/p7p/2r6/P8/8P/9/9/2BK5 w,-0.71430427,4086
2b1kaRR1/4a4/9/p7p/P1r6/9/8P/9/9/2BK5 b,0.72514766,3503
2b1kaRR1/4a4/9/p7p/P8/9/8P/9/9/2rK5 w,-0.7373541,7635
2b1kaRR1/4a4/9/p7p/P8/9/8P/9/3K5/2r6 b,0.7510639,2466
2b1kaRR1/4a4/9/8p/p8/9/8P/9/3K5/2r6 w,-0.7290946,6826
2b1kaRR1/4a4/9/8p/p8/9/8P/9/4K4/2r6 b,0.7526629,7526
2b1kaRR1/4a4/9/8p/p8/9/2r5P/9/4K4/9 w,-0.7411111,5633
2b1kaRR1/4a4/9/8p/p8/8P/2r6/9/4K4/9 b,0.76308537,3285
2b1kaRR1/4a4/9/8p/9/p7P/2r6/9/4K4/9 w,-0.7385783,6917
2b1kaRR1/4a4/9/8p/9/p7P/2r6/9/5K3/9 b,0.77209234,202
4kaRR1/4a4/4b4/8p/9/p7P/2r6/9/5K3/9 w,-0.7647669,564
4ka1R1/4a4/4b1R2/8p/9/p7P/2r6/9/5K3/9 b,0.77122676,1982
2b1ka1R1/4a4/6R2/8p/9/p7P/2r6/9/5K3/9 w,-0.7568416,664
2b1ka3/4a4/6R2/7Rp/9/p7P/2r6/9/5K3/9 b,0.76881427,4104
2b1ka3/4a4/6R2/7Rp/9/8P/p1r6/9/5K3/9 w,-0.7470252,3091
2b1ka3/4a4/6R2/4R3p/9/8P/p1r6/9/5K3/9 b,0.7489041,5123
2b1ka3/4a4/6R2/4R3p/9/8P/p8/9/5K3/2r6 w,-0.73327786,7006
2b1ka3/4a4/6R2/4R3p/9/8P/p8/9/4K4/2r6 b,0.73839873,7544
2b1ka3/4a4/6R2/4R3p/9/8P/p8/9/2r1K4/9 w,-0.73489076,6925
2b1ka3/4a4/6R2/4R3p/9/8P/p8/9/2r6/4K4 b,0.7471288,6716
2b1ka3/4a4/6R2/4R3p/9/8P/p1r6/9/9/4K4 w,-0.72622573,2179
2b1ka3/4a4/1R7/4R3p/9/8P/p1r6/9/9/4K4 b,0.73513913,3194
2b1ka3/4a4/1R7/4R4/8p/8P/p1r6/9/9/4K4 w,-0.71302783,4814
2b1ka3/4a4/1R7/4R4/8P/9/p1r6/9/9/4K4 b,0.72807574,4915
2b1ka3/4a4/1R7/4R4/8P/9/1pr6/9/9/4K4 w,-0.7225747,1711
1Rb1ka3/4a4/9/4R4/8P/9/1pr6/9/9/4K4 b,0.7319121,363
1Rbk1a3/4a4/9/4R4/8P/9/1pr6/9/9/4K4 w,-0.72303474,7726
1Rbk1a3/4a4/9/4R4/8P/9/1pr6/9/4K4/9 b,0.7443154,5114
1Rbk1a3/4a4/9/4R4/8P/9/1p7/9/2r1K4/9 w,-0.727926,6907
1Rbk1a3/4a4/9/4R4/8P/9/1p7/4K4/2r6/9 b,0.7409104,6716
1Rbk1a3/4a4/9/4R4/8P/9/1pr6/4K4/9/9 w,-0.7264563,3995
1Rbk1a3/4a4/9/4R3P/9/9/1pr6/4K4/9/9 b,0.75603086,5014
1Rbk1a3/4a4/9/4R3P/9/9/2r6/1p2K4/9/9 w,-0.7480911,6106
1Rbk1a3/4a4/9/4R3P/9/9/2r6/1p7/4K4/9 b,0.772109,5833
1Rbk1a3/4a4/9/4R3P/9/9/2r6/9/1p2K4/9 w,-0.75118405,127
2bk1a3/4a4/9/4R3P/1R7/9/2r6/9/1p2K4/9 b,0.7576615,5114
2bk1a3/4a4/9/4R3P/1R7/9/9/9/1pr1K4/9 w,-0.74881405,6925
2bk1a3/4a4/9/4R3P/1R7/9/9/9/1pr6/4K4 b,0.7539699,6735
2bk1a3/4a4/9/4R3P/1R7/9/9/9/1p1r5/4K4 w,-0.7411267,3331
1Rbk1a3/4a4/9/4R3P/9/9/9/9/1p1r5/4K4 b,0.7579494,6824
1Rbk1a3/4a4/9/4R3P/9/9/9/9/1pr6/4K4 w,-0.74136895,3184
1Rbk1a3/4a4/9/4R2P1/9/9/9/9/1pr6/4K4 b,0.76040035,6725
1Rbk1a3/4a4/9/4R2P1/9/9/9/2r6/1p7/4K4 w,-0.7280708,3085
1Rbk1a3/4a4/7P1/4R4/9/9/9/2r6/1p7/4K4 b,0.7328534,6644
1Rbk1a3/4a4/7P1/4R4/9/9/9/2r6/2p6/4K4 w,-0.726847,7726
1Rbk1a3/4a4/7P1/4R4/9/9/9/2r6/2p1K4/9 b,0.7464343,5888
1Rbk1a3/4a4/7P1/4R4/2r6/9/9/9/2p1K4/9 w,-0.73129207,2820
1Rbk1a3/4a4/7P1/3R5/2r6/9/9/9/2p1K4/9 b,0.7344604,274
1Rb1ka3/4a4/7P1/3R5/2r6/9/9/9/2p1K4/9 w,-0.72508764,2712
1Rb1ka3/3Ra4/7P1/9/2r6/9/9/9/2p1K4/9 b,0.735462,3460
1Rb1ka3/3Ra4/7P1/9/4r4/9/9/9/2p1K4/9 w,-0.73778766,6917
1Rb1ka3/3Ra4/7P1/9/4r4/9/9/9/2p2K3/9 b,0.7429092,3638
1Rb1ka3/3Ra4/7P1/9/2r6/9/9/9/2p2K3/9 w,-0.74258715,2274
1Rb1ka3/3Ra4/6P2/9/2r6/9/9/9/2p2K3/9 b,0.7484659,3440
1Rb1ka3/3Ra4/2r3P2/9/9/9/9/9/2p2K3/9 w,-0.731884,1137
1Rb1ka3/4a4/2r3P2/9/9/9/3R5/9/2p2K3/9 b,0.7645404,1173
1Rbaka3/9/2r3P2/9/9/9/3R5/9/2p2K3/9 w,-0.7209828,5189
1Rbaka3/9/2r3P2/9/9/9/5R3/9/2p2K3/9 b,0.7218826,463
1Rbak4/4a4/2r3P2/9/9/9/5R3/9/2p2K3/9 w,-0.7162406,2175
1Rbak4/4a1P2/2r6/9/9/9/5R3/9/2p2K3/9 b,0.72469956,1193
1Rbak4/6P2/2r2a3/9/9/9/5R3/9/2p2K3/9 w,-0.7169366,1364
1Rbak4/5P3/2r2a3/9/9/9/5R3/9/2p2K3/9 b,0.7412337,6735
1Rbak4/5P3/2r2a3/9/9/9/5R3/9/3p1K3/9 w,-0.73595667,5367
1Rbak4/5P3/2r2a3/9/9/9/3R5/9/3p1K3/9 b,0.9741295,6826
1Rbak4/5P3/2r2a3/9/9/9/3R5/9/4pK3/9 w,-0.9724262,6998
1Rbak4/5P3/2r2a3/9/9/9/3R5/5K3/4p4/9 b,0.9936341,1865
1Rbak4/5P3/5a3/9/9/9/3R5/2r2K3/4p4/9 w,-0.9945732,5196
1Rbak4/5P3/5a3/9/9/9/9/2rR1K3/4p4/9 b,1,5916
rnbakabnr/9/1c5c1/p1p1p1p1p/9/9/P1P1P1P1P/1C5C1/9/RNBAKABNR w,-0.79819584,5827
rnbakabnr/9/1c5c1/p1p1p1p1p/9/9/P1P1P1P1P/4C2C1/9/RNBAKABNR b,0.79820883,110
r1bakabnr/9/1cn4c1/p1p1p1p1p/9/9/P1P1P1P1P/4C2C1/9/RNBAKABNR w,-0.79816985,7445
r1bakabnr/9/1cn4c1/p1p1p1p1p/9/9/P1P1P1P1P/2N1C2C1/9/R1BAKABNR b,0.79817593,562
r1baka1nr/9/1cn1b2c1/p1p1p1p1p/9/9/P1P1P1P1P/2N1C2C1/9/R1BAKABNR w,-0.79805803,7372
r1baka1nr/9/1cn1b2c1/p1p1p1p1p/9/9/P1P1P1P1P/2N1C2C1/9/1RBAKABNR b,0.7982265,1
1rbaka1nr/9/1cn1b2c1/p1p1p1p1p/9/9/P1P1P1P1P/2N1C2C1/9/1RBAKABNR w,-0.798301,6368
1rbaka1nr/9/1cn1b2c1/p1p1p1p1p/9/9/P1P1P1P1P/2N1CC3/9/1RBAKABNR b,0.79872394,654
1rbaka2r/9/1cn1b1nc1/p1p1p1p1p/9/9/P1P1P1P1P/2N1CC3/9/1RBAKABNR w,-0.79841346,7989
1rbaka2r/9/1cn1b1nc1/p1p1p1p1p/9/9/P1P1P1P1P/2N1CCN2/9/1RBAKAB1R b,0.7984393,3012
1rbaka2r/9/1cn1b1nc1/p1p1p3p/6p2/9/P1P1P1P1P/2N1CCN2/9/1RBAKAB1R w,-0.7981277,8098
1rbaka2r/9/1cn1b1nc1/p1p1p3p/6p2/9/P1P1P1P1P/2N1CCN2/9/1RBAKABR1 b,0.79809105,727
1rbaka1r1/9/1cn1b1nc1/p1p1p3p/6p2/9/P1P1P1P1P/2N1CCN2/9/1RBAKABR1 w,-0.79725367,5087
1rbaka1r1/9/1cn1b1nc1/p1p1p3p/6p2/2P6/P3P1P1P/2N1CCN2/9/1RBAKABR1 b,0.7978453,1765
1rbaka1r1/9/2n1b1nc1/p1p1p3p/6p2/2P6/Pc2P1P1P/2N1CCN2/9/1RBAKABR1 w,-0.7952885,5898
1rbaka1r1/9/2n1b1nc1/p1p1p3p/6p2/2PN5/Pc2P1P1P/4CCN2/9/1RBAKABR1 b,0.79349846,2311
1rbaka1r1/9/2n1b1n2/p1p1p3p/6p2/2PN5/Pc2P1PcP/4CCN2/9/1RBAKABR1 w,-0.7920649,6143
1rbaka1r1/9/2n1bCn2/p1p1p3p/6p2/2PN5/Pc2P1PcP/4C1N2/9/1RBAKABR1 b,0.803052,5548
1rbaka1r1/9/2n1bCn2/p1p1p3p/6p2/2PN5/Pc2c1P1P/4C1N2/9/1RBAKABR1 w,-0.8087617,6061
1rbaka1r1/9/2n1bCn2/p1p1C3p/6p2/2PN5/Pc2c1P1P/6N2/9/1RBAKABR1 b,0.80851656,1831
1rbaka1r1/9/4bCn2/p1p1n3p/6p2/2PN5/Pc2c1P1P/6N2/9/1RBAKABR1 w,-0.8046541,7927
1rbaka1R1/9/4bCn2/p1p1n3p/6p2/2PN5/Pc2c1P1P/6N2/9/1RBAKAB2 b,0.80776596,2838
1rbaka1R1/9/4bCn2/p1p5p/6p2/2Pn5/Pc2c1P1P/6N2/9/1RBAKAB2 w,-0.7923733,682
1rbaka3/9/4bCn2/p1p5p/6p2/2Pn3R1/Pc2c1P1P/6N2/9/1RBAKAB2 b,0.8081864,4385
1rbaka3/9/4bCn2/p1p5p/6p2/2P4R1/Pc2c1P1P/2n3N2/9/1RBAKAB2 w,-0.81279886,6268
1rbaka3/9/4bCn2/p1p5p/6p2/2P4R1/Pc2N1P1P/2n6/9/1RBAKAB2 b,0.8261409,5932
1rbaka3/9/4bCn2/p1p5p/6p2/2P4R1/Pc2N1P1P/9/9/1nBAKAB2 w,-0.8251798,5259
1rbaka3/9/4bCn2/p1p5p/3N2p2/2P4R1/Pc4P1P/9/9/1nBAKAB2 b,0.84411395,127
2baka3/9/4bCn2/p1p5p/1r1N2p2/2P4R1/Pc4P1P/9/9/1nBAKAB2 w,-0.83305085,4728
2baka3/9/4bCn2/p1p5p/1r1N2p2/2PR5/Pc4P1P/9/9/1nBAKAB2 b,0.84134126,7445
2baka3/9/4bCn2/p1p5p/1r1N2p2/2PR5/Pc4P1P/2n6/9/2BAKAB2 w,-0.8283122,4386
2baka3/9/4bCn2/p1p5p/1r1N2p2/2P6/Pc4P1P/2nR5/9/2BAKAB2 b,0.8414193,2201
2baka3/9/4bC3/p1p5p/1r1N1np2/2P6/Pc4P1P/2nR5/9/2BAKAB2 w,-0.82465786,2096
2baka3/9/4b3C/p1p5p/1r1N1np2/2P6/Pc4P1P/2nR5/9/2BAKAB2 b,0.8613627,3738
2baka3/9/4b3C/p1p5p/1r1N2p2/2Pn5/Pc4P1P/2nR5/9/2BAKAB2 w,-0.85742366,3542
2baka3/9/4b3C/p1p2N2p/1r4p2/2Pn5/Pc4P1P/2nR5/9/2BAKAB2 b,0.8655192,3371
2baka3/9/4b3C/p1p2N2p/5rp2/2Pn5/Pc4P1P/2nR5/9/2BAKAB2 w,-0.853797,2901
2baka3/9/3Nb3C/p1p5p/5rp2/2Pn5/Pc4P1P/2nR5/9/2BAKAB2 b,0.85706496,373
2ba1a3/4k4/3Nb3C/p1p5p/5rp2/2Pn5/Pc4P1P/2nR5/9/2BAKAB2 w,-0.8504845,2357
2ba1a3/4k3C/3Nb4/p1p5p/5rp2/2Pn5/Pc4P1P/2nR5/9/2BAKAB2 b,0.8760496,1184
2ba1a3/5k2C/3Nb4/p1p5p/5rp2/2Pn5/Pc4P1P/2nR5/9/2BAKAB2 w,-0.86109024,7816
2ba1a3/5k2C/3Nb4/p1p5p/5rp2/2Pn5/Pc4P1P/2nR5/4A4/2BAK1B2 b,0.8783814,5008
2ba1a3/5k2C/3Nb4/p1p5p/5rp2/2Pn5/P3c1P1P/2nR5/4A4/2BAK1B2 w,-0.879635,6908
2ba1a3/5k2C/3Nb4/p1p5p/5rp2/2Pn5/P3c1P1P/2nR1A3/9/2BAK1B2 b,0.8925261,5251
2ba1a3/5k2C/3Nb4/p1p1c3p/5rp2/2Pn5/P5P1P/2nR1A3/9/2BAK1B2 w,-0.8937493,1900
2ba1a3/1N3k2C/4b4/p1p1c3p/5rp2/2Pn5/P5P1P/2nR1A3/9/2BAK1B2 b,0.8997322,463
2ba5/1N2ak2C/4b4/p1p1c3p/5rp2/2Pn5/P5P1P/2nR1A3/9/2BAK1B2 w,-0.8894858,921
2ba5/4ak2C/3Nb4/p1p1c3p/5rp2/2Pn5/P5P1P/2nR1A3/9/2BAK1B2 b,0.9444897,1191
2ba5/5k2C/3ab4/p1p1c3p/5rp2/2Pn5/P5P1P/2nR1A3/9/2BAK1B2 w,-0.9424343,5451
2ba5/5k2C/3ab4/p1p1c3p/5rp2/2Pn2P2/P7P/2nR1A3/9/2BAK1B2 b,0.95587885,3831
2ba5/5k2C/3ab4/p1p1c3p/5r3/2Pn2p2/P7P/2nR1A3/9/2BAK1B2 w,-0.9441648,7533
2ba5/5k2C/3ab4/p1p1c3p/5r3/2Pn2p2/P7P/B1nR1A3/9/3AK1B2 b,0.9548665,2648
2ba5/5k2C/3ab4/p3c3p/2p2r3/2Pn2p2/P7P/B1nR1A3/9/3AK1B2 w,-0.9431166,1556
2ba5/5k3/3ab3C/p3c3p/2p2r3/2Pn2p2/P7P/B1nR1A3/9/3AK1B2 b,0.9514241,1273
2ba5/4k4/3ab3C/p3c3p/2p2r3/2Pn2p2/P7P/B1nR1A3/9/3AK1B2 w,-0.93839794,2357
2ba5/4k3C/3ab4/p3c3p/2p2r3/2Pn2p2/P7P/B1nR1A3/9/3AK1B2 b,0.9682123,2848
2ba5/4k3C/3ab4/p7p/2p2r3/2Pn2p2/P3c3P/B1nR1A3/9/3AK1B2 w,-0.9543798,4268
2ba5/4k3C/3ab4/p7p/2P2r3/3n2p2/P3c3P/B1nR1A3/9/3AK1B2 b,0.96487343,3728
2ba5/4k3C/3ab4/p7p/2r6/3n2p2/P3c3P/B1nR1A3/9/3AK1B2 w,-0.957436,5997
2ba5/4k3C/3ab4/p7p/2r6/3n2p2/P2Rc3P/B1n2A3/9/3AK1B2 b,0.960411,4640
2ba5/4k3C/3ab4/p7p/2r6/3n1p3/P2Rc3P/B1n2A3/9/3AK1B2 w,-0.95691735,7736
2ba5/4k3C/3ab4/p7p/2r6/3n1p3/P2Rc3P/B1n2A3/9/3A1KB2 b,0.9595462,5279
2ba5/4k3C/3ab4/p7p/2r6/3n1p3/P2R1c2P/B1n2A3/9/3A1KB2 w,-0.9572203,6196
2ba5/4k3C/3ab4/p7p/2r6/3n1p3/P2R1c2P/B1n6/4A4/3A1KB2 b,0.9654672,3463
2ba5/4k3C/3ab4/p7p/7r1/3n1p3/P2R1c2P/B1n6/4A4/3A1KB2 w,-0.9489977,7817
2ba5/4k3C/3ab4/p7p/7r1/3n1p3/P2R1c2P/B1n6/4AK3/3A2B2 b,0.9654159,3910
2ba5/4k3C/3ab4/p7p/4r4/3n1p3/P2R1c2P/B1n6/4AK3/3A2B2 w,-0.95018625,5186
2ba5/4k3C/3ab4/p7p/4r4/3n1p3/P1R2c2P/B1n6/4AK3/3A2B2 b,0.96461225,1174
2bak4/8C/3ab4/p7p/4r4/3n1p3/P1R2c2P/B1n6/4AK3/3A2B2 w,-0.9590929,1538
2bak3C/9/3ab4/p7p/4r4/3n1p3/P1R2c2P/B1n6/4AK3/3A2B2 b,0.9711536,5926
2bak3C/9/3ab4/p7p/4r4/3n1p3/P1R2c2P/B8/4nK3/3A2B2 w,-0.93359935,7636
2bak3C/9/3ab4/p7p/4r4/3n1p3/P1R2c2P/B8/4AK3/6B2 b,0.9365856,4387
2bak3C/9/3ab4/p7p/4r4/5p3/P1R2c2P/B3n4/4AK3/6B2 w,-0.92332065,5105
2bak3C/9/3ab4/p7p/4r4/5p3/P4c2P/B1R1n4/4AK3/6B2 b,0.93345535,2022
2bak3C/9/3a5/p7p/4r1b2/5p3/P4c2P/B1R1n4/4AK3/6B2 w,-0.925561,5753
2bak3C/9/3a5/p7p/4r1b2/5p3/P4c2P/2R1n4/4AK3/2B3B2 b,0.92457134,6090
2bak3C/9/3a5/p7p/4r1b2/5p3/P4cn1P/2R6/4AK3/2B3B2 w,-0.923447,5919
2bak3C/9/3a5/p7p/4r1b2/5p3/P4cn1P/6R2/4AK3/2B3B2 b,0.9271979,4551
2bak3C/9/3a5/p7p/4r1b2/6p2/P4cn1P/6R2/4AK3/2B3B2 w,-0.92430586,7537
2bak3C/9/3a5/p7p/4r1b2/6p2/P4cn1P/4B1R2/4AK3/6B2 b,0.9214696,5324
2bak3C/5c3/3a5/p7p/4r1b2/6p2/P5n1P/4B1R2/4AK3/6B2 w,-0.89763707,7016
2bak3C/5c3/3a5/p7p/4r1b2/6p2/P5n1P/4B1R2/4A4/5KB2 b,0.8937088,3641
2bak3C/5c3/3a5/p7p/5rb2/6p2/P5n1P/4B1R2/4A4/5KB2 w,-0.9064929,7825
2bak3C/5c3/3a5/p7p/5rb2/6p2/P5n1P/4B1R2/4A4/4K1B2 b,0.9171838,3727
2bak3C/5c3/3a5/p7p/1r4b2/6p2/P5n1P/4B1R2/4A4/4K1B2 w,-0.9109444,6280
2bak3C/5c3/3a5/p7p/1r4b2/6p2/P5n1P/4B2R1/4A4/4K1B2 b,0.8940655,3412
2bak3C/5c3/3a5/p7p/6b2/6p2/P5n1P/4B2R1/4A4/1r2K1B2 w,-0.8937209,6924
2bak3C/5c3/3a5/p7p/6b2/6p2/P5n1P/4B2R1/9/1r1AK1B2 b,0.8993141,5477
2bak3C/5c3/3a5/p7p/6b2/6p2/P7P/4B2R1/5n3/1r1AK1B2 w,-0.8959302,6316
2bak3C/5c1R1/3a5/p7p/6b2/6p2/P7P/4B4/5n3/1r1AK1B2 b,0.8945518,7014
2bak3C/5c1R1/3a5/p7p/6b2/6p2/P7P/4B4/9/1r1nK1B2 w,-0.90186757,7726
2bak3C/5c1R1/3a5/p7p/6b2/6p2/P7P/4B4/4K4/1r1n2B2 b,0.9216262,7453
2bak3C/5c1R1/3a5/p7p/6b2/6p2/P7P/4B4/1r2K4/3n2B2 w,-0.93645895,6925
2bak3C/5c1R1/3a5/p7p/6b2/6p2/P7P/4B4/1r7/3nK1B2 b,0.9388589,7625
2bak3C/5c1R1/3a5/p7p/6b2/6p2/P7P/2n1B4/1r7/4K1B2 w,-0.9227618,7736
2bak3C/5c1R1/3a5/p7p/6b2/6p2/P7P/2n1B4/1r7/5KB2 b,0.9339319,1337
2bak3C/7R1/3a5/p7p/6b2/6p2/P7P/2n1B4/1r3c3/5KB2 w,-0.91587156,6081
2bak3C/7R1/3a5/p7p/6b2/6B2/P7P/2n6/1r3c3/5KB2 b,0.9296159,6646
2bak3C/7R1/3a5/p7p/6b2/6B2/P7P/2n6/4rc3/5KB2 w,-0.9506606,1447
2bak2RC/9/3a5/p7p/6b2/6B2/P7P/2n6/4rc3/5KB2 b,0.9401618,373
2ba3RC/4k4/3a5/p7p/6b2/6B2/P7P/2n6/4rc3/5KB2 w,-0.91944736,4657
2ba3RC/4k4/3a5/p7p/6b2/9/P7P/2n1B4/4rc3/5KB2 b,0.9308928,5934
2ba3RC/4k4/3a5/p7p/6b2/9/P7P/4B4/4rc3/3n1KB2 w,-0.93344736,646
2ba4C/4k2R1/3a5/p7p/6b2/9/P7P/4B4/4rc3/3n1KB2 b,0.93524414,1174
2bak3C/7R1/3a5/p7p/6b2/9/P7P/4B4/4rc3/3n1KB2 w,-0.9202722,1510
2bak3C/9/3a5/p7p/6b2/9/P7P/4B2R1/4rc3/3n1KB2 b,0.9308822,6971
2bak3C/9/3a5/p7p/5cb2/9/P7P/4B2R1/4r4/3n1KB2 w,-0.9334404,6307
2bak2RC/9/3a5/p7p/5cb2/9/P7P/4B4/4r4/3n1KB2 b,0.93453956,373
2ba3RC/4k4/3a5/p7p/5cb2/9/P7P/4B4/4r4/3n1KB2 w,-0.93494093,646
2ba4C/4k2R1/3a5/p7p/5cb2/9/P7P/4B4/4r4/3n1KB2 b,0.9357281,1174
2bak3C/7R1/3a5/p7p/5cb2/9/P7P/4B4/4r4/3n1KB2 w,-0.9223493,1454
2bak3C/5R3/3a5/p7p/5cb2/9/P7P/4B4/4r4/3n1KB2 b,0.93532795,6917
2bak3C/5R3/3a5/p7p/5cb2/9/P7P/4B4/5r3/3n1KB2 w,-0.93183506,7825
2bak3C/5R3/3a5/p7p/5cb2/9/P7P/4B4/5r3/3nK1B2 b,0.93765306,7627
2bak3C/5R3/3a5/p7p/5cb2/9/P7P/4n4/5r3/4K1B2 w,-0.91984093,1301
2bak3C/9/3a5/p7p/5Rb2/9/P7P/4n4/5r3/4K1B2 b,0.9291012,6971
2bak3C/9/3a5/p7p/5rb2/9/P7P/4n4/9/4K1B2 w,-0.9261104,7897
2bak3C/9/3a5/p7p/5rb2/9/P7P/4B4/9/4K4 b,0.93949044,3758
2bak3C/9/3a5/p7p/6b2/9/P7P/4Br3/9/4K4 w,-0.9461802,7726
2bak3C/9/3a5/p7p/6b2/9/P7P/4Br3/4K4/9 b,0.9616943,6187
2bak3C/9/3a5/p7p/6b2/9/P7P/4r4/4K4/9 w,-0.9691033,6917
2bak3C/9/3a5/p7p/6b2/9/P7P/4r4/5K3/9 b,0.98278344,6088
2bak3C/9/3a5/p7p/6b2/9/P3r3P/9/5K3/9 w,-0.96523905,723
2bCk4/9/3a5/p7p/6b2/9/P3r3P/9/5K3/9 b,0.95678574,363
2bk5/9/3a5/p7p/6b2/9/P3r3P/9/5K3/9 w,-0.9626435,4905
2bk5/9/3a5/p7p/6b2/P8/4r3P/9/5K3/9 b,0.9908067,274
2b1k4/9/3a5/p7p/6b2/P8/4r3P/9/5K3/9 w,-0.9923257,5633
2b1k4/9/3a5/p7p/6b2/P7P/4r4/9/5K3/9 b,1,5279
rnbakabnr/9/1c5c1/p1p1p1p1p/9/9/P1P1P1P1P/1C5C1/9/RNBAKABNR w,0.80182725,5827
rnbakabnr/9/1c5c1/p1p1p1p1p/9/9/P1P1P1P1P/4C2C1/9/RNBAKABNR b,-0.8017912,110
r1bakabnr/9/1cn4c1/p1p1p1p1p/9/9/P1P1P1P1P/4C2C1/9/RNBAKABNR w,0.801817,7445
r1bakabnr/9/1cn4c1/p1p1p1p1p/9/9/P1P1P1P1P/2N1C2C1/9/R1BAKABNR b,-0.80183524,562
r1baka1nr/9/1cn1b2c1/p1p1p1p1p/9/9/P1P1P1P1P/2N1C2C1/9/R1BAKABNR w,0.80196095,7372
r1baka1nr/9/1cn1b2c1/p1p1p1p1p/9/9/P1P1P1P1P/2N1C2C1/9/1RBAKABNR b,-0.8017725,1
1rbaka1nr/9/1cn1b2c1/p1p1p1p1p/9/9/P1P1P1P1P/2N1C2C1/9/1RBAKABNR w,0.8017126,6368
1rbaka1nr/9/1cn1b2c1/p1p1p1p1p/9/9/P1P1P1P1P/2N1CC3/9/1RBAKABNR b,-0.8012761,654
1rbaka2r/9/1cn1b1nc1/p1p1p1p1p/9/9/P1P1P1P1P/2N1CC3/9/1RBAKABNR w,0.8015751,7989
1rbaka2r/9/1cn1b1nc1/p1p1p1p1p/9/9/P1P1P1P1P/2N1CCN2/9/1RBAKAB1R b,-0.80137295,3012
1rbaka2r/9/1cn1b1nc1/p1p1p3p/6p2/9/P1P1P1P1P/2N1CCN2/9/1RBAKAB1R w,0.80209297,8098
1rbaka2r/9/1cn1b1nc1/p1p1p3p/6p2/9/P1P1P1P1P/2N1CCN2/9/1RBAKABR1 b,-0.80201256,727
1rbaka1r1/9/1cn1b1nc1/p1p1p3p/6p2/9/P1P1P1P1P/2N1CCN2/9/1RBAKABR1 w,0.80251306,5087
1rbaka1r1/9/1cn1b1nc1/p1p1p3p/6p2/2P6/P3P1P1P/2N1CCN2/9/1RBAKABR1 b,-0.8021319,1765
1rbaka1r1/9/2n1b1nc1/p1p1p3p/6p2/2P6/Pc2P1P1P/2N1CCN2/9/1RBAKABR1 w,0.8047115,5898
1rbaka1r1/9/2n1b1nc1/p1p1p3p/6p2/2PN5/Pc2P1P1P/4CCN2/9/1RBAKABR1 b,-0.8063935,2311
1rbaka1r1/9/2n1b1n2/p1p1p3p/6p2/2PN5/Pc2P1PcP/4CCN2/9/1RBAKABR1 w,0.8079292,6143
1rbaka1r1/9/2n1bCn2/p1p1p3p/6p2/2PN5/Pc2P1PcP/4C1N2/9/1RBAKABR1 b,-0.80805,1986
1rbakabr1/9/2n2Cn2/p1p1p3p/6p2/2PN5/Pc2P1PcP/4C1N2/9/1RBAKABR1 w,0.81814575,4351
1rbakabr1/9/2n2Cn2/p1p1N3p/6p2/2P6/Pc2P1PcP/4C1N2/9/1RBAKABR1 b,-0.8047512,1831
1rbakabr1/9/5Cn2/p1p1n3p/6p2/2P6/Pc2P1PcP/4C1N2/9/1RBAKABR1 w,0.80478853,6061
1rbakabr1/9/5Cn2/p1p1C3p/6p2/2P6/Pc2P1PcP/6N2/9/1RBAKABR1 b,-0.7908682,109
2bakabr1/9/1r3Cn2/p1p1C3p/6p2/2P6/Pc2P1PcP/6N2/9/1RBAKABR1 w,0.8022862,2839
2bakabr1/9/1r3Cn2/p1p5p/6p2/2P1C4/Pc2P1PcP/6N2/9/1RBAKABR1 b,-0.7987969,1733
2bakabr1/9/5rn2/p1p5p/6p2/2P1C4/Pc2P1PcP/6N2/9/1RBAKABR1 w,0.80965835,7435
2bakabr1/9/5rn2/p1p5p/6p2/2P1C4/PR2P1PcP/6N2/9/2BAKABR1 b,-0.807044,2201
2bakabr1/9/5r3/p1p5p/5np2/2P1C4/PR2P1PcP/6N2/9/2BAKABR1 w,0.8131732,4987
2bakabr1/9/5r3/p1p5p/1R3np2/2P1C4/P3P1PcP/6N2/9/2BAKABR1 b,-0.80843544,3750
2bakabr1/9/5r3/p1p5p/1R4p2/2P1C4/P3P1ncP/6N2/9/2BAKABR1 w,0.8189175,3372
2bakabr1/9/5r3/p1p5p/6R2/2P1C4/P3P1ncP/6N2/9/2BAKABR1 b,-0.80548483,5449
2bakabr1/9/5r3/p1p5p/6R2/2P1n4/P3P2cP/6N2/9/2BAKABR1 w,0.8057559,5269
2bakabr1/9/5r3/p1p5p/6R2/2P1P4/P6cP/6N2/9/2BAKABR1 b,-0.79941744,5560
2bakabr1/9/5r3/p1p5p/6R2/2P1P4/P7P/6Nc1/9/2BAKABR1 w,0.8098527,7999
2bakabr1/9/5r3/p1p5p/6R2/2P1P4/P7P/6Nc1/7R1/2BAKAB2 b,-0.7984724,2138
2bakabr1/9/9/p1p5p/6R2/2P1P4/P7P/5rNc1/7R1/2BAKAB2 w,0.8013081,3813
2bakabr1/9/9/p1p3R1p/9/2P1P4/P7P/5rNc1/7R1/2BAKAB2 b,-0.80166024,691
2bakab2/9/9/p1p3R1p/9/2P1P4/P6rP/5rNc1/7R1/2BAKAB2 w,0.81447953,2976
2bakaR2/9/9/p1p5p/9/2P1P4/P6rP/5rNc1/7R1/2BAKAB2 b,-0.80372053,5548
2bakaR2/9/9/p1p5p/9/2P1P4/P3r3P/5rNc1/7R1/2BAKAB2 w,0.8346694,7816
2bakaR2/9/9/p1p5p/9/2P1P4/P3r3P/5rNc1/4A2R1/2BAK1B2 b,-0.8196672,6371
2bakaR2/9/9/p1p5p/9/2P1P4/P3r3P/5rN1c/4A2R1/2BAK1B2 w,0.8241151,555
2baka3/6R2/9/p1p5p/9/2P1P4/P3r3P/5rN1c/4A2R1/2BAK1B2 b,-0.8067619,5269
2baka3/6R2/9/p1p5p/9/2P1r4/P7P/5rN1c/4A2R1/2BAK1B2 w,0.8285589,7897
2baka3/6R2/9/p1p5p/9/2P1r4/P7P/4BrN1c/4A2R1/2BAK4 b,-0.8128293,6143
2baka3/6R2/5r3/p1p5p/9/2P1r4/P7P/4B1N1c/4A2R1/2BAK4 w,0.8289727,7144
2baka3/6R2/5r3/p1p4Rp/9/2P1r4/P7P/4B1N1c/4A4/2BAK4 b,-0.8154023,2147
2baka3/6R2/9/p1p4Rp/9/2P1r4/P7P/4B1N1c/4Ar3/2BAK4 w,0.8705172,6298
2baka3/6R2/9/p1p4Rp/9/2P1r4/P7P/4B3c/4Ar3/2BAK2N1 b,-0.8559148,7010
2baka3/6R2/9/p1p4Rp/9/2P1r4/P7P/4B3c/4A3r/2BAK2N1 w,0.8713121,1410
2baka3/9/9/p1p4Rp/9/2P1r4/P5R1P/4B3c/4A3r/2BAK2N1 b,-0.8441288,4432
2baka3/9/4r4/p1p4Rp/9/2P6/P5R1P/4B3c/4A3r/2BAK2N1 w,0.8439911,7991
2baka3/9/4r4/p1p4Rp/9/2P6/P5R1P/4B3N/4A3r/2BAK4 b,-0.8314909,7271
2baka3/9/4r4/p1p4Rp/9/2P6/P5R1P/4B3r/4A4/2BAK4 w,0.84236044,3089
2baka3/9/4r4/p1R5p/9/2P6/P5R1P/4B3r/4A4/2BAK4 b,-0.8357483,6479
2baka3/9/4r4/p1R5p/9/2P6/P5R1P/4B4/4A4/2BAK3r w,0.84612125,6117
2baka3/9/4r4/p1R5p/9/2P6/P5R1P/9/4A4/2BAK1B1r b,-0.83200336,198
3aka3/9/b3r4/p1R5p/9/2P6/P5R1P/9/4A4/2BAK1B1r w,0.8373867,7537
3aka3/9/b3r4/p1R5p/9/2P6/P5R1P/4B4/4A4/3AK1B1r b,-0.8260967,2047
3aka3/9/b8/p1R5p/9/2P6/P5R1P/4r4/4A4/3AK1B1r w,0.83623797,2630
3aka3/9/b1R6/p7p/9/2P6/P5R1P/4r4/4A4/3AK1B1r b,-0.81582725,6061
3aka3/9/b1R6/p3r3p/9/2P6/P5R1P/9/4A4/3AK1B1r w,0.8265863,1818
3aka3/9/R8/p3r3p/9/2P6/P5R1P/9/4A4/3AK1B1r b,-0.8158035,8098
3aka3/9/R8/p3r3p/9/2P6/P5R1P/9/4A4/3AK1Br1 w,0.828188,1644
3aka3/9/6R2/p3r3p/9/2P6/P5R1P/9/4A4/3AK1Br1 b,-0.8146528,7999
3aka3/9/6R2/p3r3p/9/2P6/P5R1P/9/4A2r1/3AK1B2 w,0.8331978,2202
3aka3/9/9/p3r3p/6R2/2P6/P5R1P/9/4A2r1/3AK1B2 b,-0.82511985,7187
3aka3/9/9/p3r3p/6R2/2P6/P5R1P/9/4Ar3/3AK1B2 w,0.83320683,4268
3aka3/9/9/p3r3p/2P3R2/9/P5R1P/9/4Ar3/3AK1B2 b,-0.82295924,2466
3aka3/9/9/4r3p/p1P3R2/9/P5R1P/9/4Ar3/3AK1B2 w,0.8356523,3459
3aka3/9/9/4r3p/p2P2R2/9/P5R1P/9/4Ar3/3AK1B2 b,-0.82372844,2839
3aka3/9/9/8p/p2P2R2/4r4/P5R1P/9/4Ar3/3AK1B2 w,0.8365236,3813
3aka3/9/9/6R1p/p2P5/4r4/P5R1P/9/4Ar3/3AK1B2 b,-0.8217688,4477
3aka3/9/9/6R1p/p2P5/9/P5R1P/4r4/4Ar3/3AK1B2 w,0.85350794,3540
3aka3/9/9/3P2R1p/p8/9/P5R1P/4r4/4Ar3/3AK1B2 b,-0.8489719,6079
3aka3/9/9/3P2R1p/p8/4r4/P5R1P/9/4Ar3/3AK1B2 w,0.8639428,2721
3aka3/9/3P5/6R1p/p8/4r4/P5R1P/9/4Ar3/3AK1B2 b,-0.8581048,4477
3aka3/9/3P5/6R1p/p8/9/P5R1P/4r4/4Ar3/3AK1B2 w,0.86866194,1902
3aka3/3P5/9/6R1p/p8/9/P5R1P/4r4/4Ar3/3AK1B2 b,-0.85583454,6052
3aka3/3P5/4r4/6R1p/p8/9/P5R1P/9/4Ar3/3AK1B2 w,0.87335014,2999
3aka3/3P5/4r4/2R5p/p8/9/P5R1P/9/4Ar3/3AK1B2 b,-0.86291736,463
3ak4/3Pa4/4r4/2R5p/p8/9/P5R1P/9/4Ar3/3AK1B2 w,0.86277807,2645
3ak4/3Pa4/4r4/8R/p8/9/P5R1P/9/4Ar3/3AK1B2 b,-0.86537457,1175
3aka3/3P5/4r4/8R/p8/9/P5R1P/9/4Ar3/3AK1B2 w,0.87505907,3179
3aka3/3P5/4r4/2R6/p8/9/P5R1P/9/4Ar3/3AK1B2 b,-0.8645873,463
3ak4/3Pa4/4r4/2R6/p8/9/P5R1P/9/4Ar3/3AK1B2 w,0.8787749,5451
3ak4/3Pa4/4r4/2R6/p8/6R2/P7P/9/4Ar3/3AK1B2 b,-0.86086327,365
3a1k3/3Pa4/4r4/2R6/p8/6R2/P7P/9/4Ar3/3AK1B2 w,0.86157304,4596
3a1kR2/3Pa4/4r4/2R6/p8/9/P7P/9/4Ar3/3AK1B2 b,-0.8479976,464
3a2R2/3Pak3/4r4/2R6/p8/9/P7P/9/4Ar3/3AK1B2 w,0.85195726,555
3a5/3PakR2/4r4/2R6/p8/9/P7P/9/4Ar3/3AK1B2 b,-0.8503608,1283
3a5/3Pa1R2/4rk3/2R6/p8/9/P7P/9/4Ar3/3AK1B2 w,0.95278454,1374
3a5/3Pa4/4rkR2/2R6/p8/9/P7P/9/4Ar3/3AK1B2 b,-0.95666265,2084
3a5/3Pak3/4r1R2/2R6/p8/9/P7P/9/4Ar3/3AK1B2 w,0.9656923,2182
3a5/3Pak3/4R4/2R6/p8/9/P7P/9/4Ar3/3AK1B2 b,-0.96322525,6953
3a5/3Pak3/4Rr3/2R6/p8/9/P7P/9/4A4/3AK1B2 w,0.9646349,2020
3a5/3Pak3/5r3/2R6/p3R4/9/P7P/9/4A4/3AK1B2 b,-0.96897036,2091
3a5/3Pak3/3r5/2R6/p3R4/9/P7P/9/4A4/3AK1B2 w,0.9780817,1093
3a5/4Pk3/3r5/2R6/p3R4/9/P7P/9/4A4/3AK1B2 b,-0.9581712,283
9/4ak3/3r5/2R6/p3R4/9/P7P/9/4A4/3AK1B2 w,0.9654646,5633
9/4ak3/3r5/2R6/p3R4/8P/P8/9/4A4/3AK1B2 b,-0.96552765,1913
9/4ak3/5r3/2R6/p3R4/8P/P8/9/4A4/3AK1B2 w,0.9677853,4814
9/4ak3/5r3/2R6/p3R3P/9/P8/9/4A4/3AK1B2 b,-0.95792353,2096
9/4ak3/8r/2R6/p3R3P/9/P8/9/4A4/3AK1B2 w,0.96455234,2642
9/4ak3/8r/5R3/p3R3P/9/P8/9/4A4/3AK1B2 b,-0.9598958,2363
9/4ak3/5r3/5R3/p3R3P/9/P8/9/4A4/3AK1B2 w,0.9640143,2911
9/4ak3/5r3/4R4/p3R3P/9/P8/9/4A4/3AK1B2 b,-0.9593353,2096
9/4ak3/8r/4R4/p3R3P/9/P8/9/4A4/3AK1B2 w,0.97857,2803
9/4Rk3/8r/9/p3R3P/9/P8/9/4A4/3AK1B2 b,-0.9762362,1265
5k3/4R4/8r/9/p3R3P/9/P8/9/4A4/3AK1B2 w,0.97310376,1174
4Rk3/9/8r/9/p3R3P/9/P8/9/4A4/3AK1B2 b,-0.9709355,464
4R4/5k3/8r/9/p3R3P/9/P8/9/4A4/3AK1B2 w,0.9769118,4003
4R4/5k3/8r/9/p3R2P1/9/P8/9/4A4/3AK1B2 b,-0.9797081,2361
4R4/5k3/3r5/9/p3R2P1/9/P8/9/4A4/3AK1B2 w,0.9964094,3613
4R4/4Rk3/3r5/9/p6P1/9/P8/9/4A4/3AK1B2 b,-0.99590755,1283
4R4/4R4/3r1k3/9/p6P1/9/P8/9/4A4/3AK1B2 w,0.9990035,3904
4R4/4R4/3r1k3/7P1/p8/9/P8/9/4A4/3AK1B2 b,-0.9987015,1910
4R4/4R4/2r2k3/7P1/p8/9/P8/9/4A4/3AK1B2 w,1,365
rnbakabnr/9/1c5c1/p1p1p1p1p/9/9/P1P1P1P1P/1C5C1/9/RNBAKABNR w,0.0017991782,5827
rnbakabnr/9/1c5c1/p1p1p1p1p/9/9/P1P1P1P1P/4C2C1/9/RNBAKABNR b,-0.0017677665,110
r1bakabnr/9/1cn4c1/p1p1p1p1p/9/9/P1P1P1P1P/4C2C1/9/RNBAKABNR w,0.0018301487,7445
r1bakabnr/9/1cn4c1/p1p1p1p1p/9/9/P1P1P1P1P/2N1C2C1/9/R1BAKABNR b,-0.0018563032,562
r1baka1nr/9/1cn1b2c1/p1p1p1p1p/9/9/P1P1P1P1P/2N1C2C1/9/R1BAKABNR w,0.0019419909,7372
r1baka1nr/9/1cn1b2c1/p1p1p1p1p/9/9/P1P1P1P1P/2N1C2C1/9/1RBAKABNR b,-0.0017779947,1
1rbaka1nr/9/1cn1b2c1/p1p1p1p1p/9/9/P1P1P1P1P/2N1C2C1/9/1RBAKABNR w,0.0017040253,6368
1rbaka1nr/9/1cn1b2c1/p1p1p1p1p/9/9/P1P1P1P1P/2N1CC3/9/1RBAKABNR b,-0.0012857557,654
1rbaka2r/9/1cn1b1nc1/p1p1p1p1p/9/9/P1P1P1P1P/2N1CC3/9/1RBAKABNR w,0.0015946865,7989
1rbaka2r/9/1cn1b1nc1/p1p1p1p1p/9/9/P1P1P1P1P/2N1CCN2/9/1RBAKAB1R b,-0.001368165,3012
1rbaka2r/9/1cn1b1nc1/p1p1p3p/6p2/9/P1P1P1P1P/2N1CCN2/9/1RBAKAB1R w,0.0018735885,8098
1rbaka2r/9/1cn1b1nc1/p1p1p3p/6p2/9/P1P1P1P1P/2N1CCN2/9/1RBAKABR1 b,-0.0019089461,727
1rbaka1r1/9/1cn1b1nc1/p1p1p3p/6p2/9/P1P1P1P1P/2N1CCN2/9/1RBAKABR1 w,0.002513051,5087
1rbaka1r1/9/1cn1b1nc1/p1p1p3p/6p2/2P6/P3P1P1P/2N1CCN2/9/1RBAKABR1 b,-0.0021623732,1765
1rbaka1r1/9/2n1b1nc1/p1p1p3p/6p2/2P6/Pc2P1P1P/2N1CCN2/9/1RBAKABR1 w,0.0047115325,5898
1rbaka1r1/9/2n1b1nc1/p1p1p3p/6p2/2PN5/Pc2P1P1P/4CCN2/9/1RBAKABR1 b,-0.0064492226,2311
1rbaka1r1/9/2n1b1n2/p1p1p3p/6p2/2PN5/Pc2P1PcP/4CCN2/9/1RBAKABR1 w,0.00785389,6143
1rbaka1r1/9/2n1bCn2/p1p1p3p/6p2/2PN5/Pc2P1PcP/4C1N2/9/1RBAKABR1 b,-0.008902455,1986
1rbakabr1/9/2n2Cn2/p1p1p3p/6p2/2PN5/Pc2P1PcP/4C1N2/9/1RBAKABR1 w,0.01654017,4351
1rbakabr1/9/2n2Cn2/p1p1N3p/6p2/2P6/Pc2P1PcP/4C1N2/9/1RBAKABR1 b,-0.0048104883,1831
1rbakabr1/9/5Cn2/p1p1n3p/6p2/2P6/Pc2P1PcP/4C1N2/9/1RBAKABR1 w,0.005062294,6061
1rbakabr1/9/5Cn2/p1p1C3p/6p2/2P6/Pc2P1PcP/6N2/9/1RBAKABR1 b,0.009471846,109
2bakabr1/9/1r3Cn2/p1p1C3p/6p2/2P6/Pc2P1PcP/6N2/9/1RBAKABR1 w,0.0030864717,7897
2bakabr1/9/1r3Cn2/p1p1C3p/6p2/2P6/Pc2P1PcP/4B1N2/9/1RBAKA1R1 b,0.024179721,5548
2bakabr1/9/1r3Cn2/p1p1C3p/6p2/2P6/Pc2c1P1P/4B1N2/9/1RBAKA1R1 w,-0.0047512054,7816
2bakabr1/9/1r3Cn2/p1p1C3p/6p2/2P6/Pc2c1P1P/4B1N2/4A4/1RBAK2R1 b,0.008773279,718
2bakab2/9/1r3Cn2/p1p1C3p/6p2/2P6/Pc2c1P1P/4B1N2/4A4/1RBAK2r1 w,-0.008113027,6298
2bakab2/9/1r3Cn2/p1p1C3p/6p2/2P6/Pc2c1P1P/4B4/4A4/1RBAK2N1 b,0.005325341,1733
2bakab2/9/5rn2/p1p1C3p/6p2/2P6/Pc2c1P1P/4B4/4A4/1RBAK2N1 w,-0.000100123885,7435
2bakab2/9/5rn2/p1p1C3p/6p2/2P6/PR2c1P1P/4B4/4A4/2BAK2N1 b,0.006550455,2129
2bakab2/9/6n2/p1p1C3p/6p2/2P6/PR2crP1P/4B4/4A4/2BAK2N1 w,0.0074124816,7989
2bakab2/9/6n2/p1p1C3p/6p2/2P6/PR2crP1P/4B1N2/4A4/2BAK4 b,0.001001978,2191
2bakab2/9/9/p1p1n3p/6p2/2P6/PR2crP1P/4B1N2/4A4/2BAK4 w,0.0052783014,5008
2bakab2/9/9/p1p1n3p/6p2/2P6/P3RrP1P/4B1N2/4A4/2BAK4 b,-0.000471735,5368
2bakab2/9/9/p1p1n3p/6p2/2P6/P3r1P1P/4B1N2/4A4/2BAK4 w,0.00086402893,6268
2bakab2/9/9/p1p1n3p/6p2/2P6/P3N1P1P/4B4/4A4/2BAK4 b,0.0016008854,2840
2bakab2/9/9/p1p5p/6p2/2P2n3/P3N1P1P/4B4/4A4/2BAK4 w,0.0011053324,5451
2bakab2/9/9/p1p5p/6p2/2P2nP2/P3N3P/4B4/4A4/2BAK4 b,0.00010426045,3831
2bakab2/9/9/p1p5p/9/2P2np2/P3N3P/4B4/4A4/2BAK4 w,0.0018719435,5271
2bakab2/9/9/p1p5p/9/2P2nN2/P7P/4B4/4A4/2BAK4 b,-0.0018585682,4557
2bakab2/9/9/p1p5p/9/2P3N2/P2n4P/4B4/4A4/2BAK4 w,0.003996253,6906
2bakab2/9/9/p1p5p/9/2P3N2/P2n4P/3AB4/9/2BAK4 b,-0.002240932,562
2baka3/9/4b4/p1p5p/9/2P3N2/P2n4P/3AB4/9/2BAK4 w,0.0000843525,4622
2baka3/9/4b4/p1p2N2p/9/2P6/P2n4P/3AB4/9/2BAK4 b,-0.005989063,5198
2baka3/9/4b4/p1p2N2p/9/2P6/P7P/3ABn3/9/2BAK4 w,0.0020834208,7726
2baka3/9/4b4/p1p2N2p/9/2P6/P7P/3ABn3/4K4/2BA5 b,0.0006998062,283
2b1ka3/4a4/4b4/p1p2N2p/9/2P6/P7P/3ABn3/4K4/2BA5 w,0.0028776645,6917
2b1ka3/4a4/4b4/p1p2N2p/9/2P6/P7P/3ABn3/5K3/2BA5 b,-0.0011288285,6199
2b1ka3/4a4/4b4/p1p2N2p/9/2P6/P7P/3AB4/5K1n1/2BA5 w,-0.000040495397,2895
2b1ka3/4a1N2/4b4/p1p5p/9/2P6/P7P/3AB4/5K1n1/2BA5 b,0.0012569905,363
2bk1a3/4a1N2/4b4/p1p5p/9/2P6/P7P/3AB4/5K1n1/2BA5 w,-0.0003631592,1382
2bk1a3/4a4/4b4/p1p2N2p/9/2P6/P7P/3AB4/5K1n1/2BA5 b,0.008561969,7172
2bk1a3/4a4/4b4/p1p2N2p/9/2P6/P7n/3AB4/5K3/2BA5 w,-0.0054805637,2919
2bk1a3/4a4/4b4/p1p5p/3N5/2P6/P7n/3AB4/5K3/2BA5 b,0.005279422,5623
2bk1a3/4a4/4b4/p1p5p/3N3n1/2P6/P8/3AB4/5K3/2BA5 w,-0.0063483836,3530
2bk1a3/4a4/2N1b4/p1p5p/7n1/2P6/P8/3AB4/5K3/2BA5 b,0.0059723854,274
2b1ka3/4a4/2N1b4/p1p5p/7n1/2P6/P8/3AB4/5K3/2BA5 w,-0.002190578,1827
2b1ka3/4a4/4b4/N1p5p/7n1/2P6/P8/3AB4/5K3/2BA5 b,0.004534221,1173
2baka3/9/4b4/N1p5p/7n1/2P6/P8/3AB4/5K3/2BA5 w,-0.00059214834,2476
2baka3/9/4b4/2p5p/7n1/1NP6/P8/3AB4/5K3/2BA5 b,0.004626799,2648
2baka3/9/4b4/8p/2p4n1/1NP6/P8/3AB4/5K3/2BA5 w,-0.0034542442,4268
2baka3/9/4b4/8p/2P4n1/1N7/P8/3AB4/5K3/2BA5 b,0.003211713,2018
2baka3/9/9/8p/2b4n1/1N7/P8/3AB4/5K3/2BA5 w,-0.0013269543,4905
2baka3/9/9/8p/2b4n1/PN7/9/3AB4/5K3/2BA5 b,0.0038944723,3194
2baka3/9/9/9/2b4np/PN7/9/3AB4/5K3/2BA5 w,-0.00024893283,4179
2baka3/9/9/9/2bN3np/P8/9/3AB4/5K3/2BA5 b,-0.0019329548,3930
2baka3/9/9/9/2bN4p/P8/6n2/3AB4/5K3/2BA5 w,0.004140902,7016
2baka3/9/9/9/2bN4p/P8/6n2/3AB4/9/2BA1K3 b,-0.002021134,4013
2baka3/9/9/9/2bN5/P7p/6n2/3AB4/9/2BA1K3 w,0.0011407376,3542
2baka3/9/9/5N3/2b6/P7p/6n2/3AB4/9/2BA1K3 b,0.00298481,283
2b1ka3/4a4/9/5N3/2b6/P7p/6n2/3AB4/9/2BA1K3 w,-0.0044367313,2895
2b1ka3/4a1N2/9/9/2b6/P7p/6n2/3AB4/9/2BA1K3 b,-0.000050413608,363
2bk1a3/4a1N2/9/9/2b6/P7p/6n2/3AB4/9/2BA1K3 w,0.0011437893,1382
2bk1a3/4a4/9/5N3/2b6/P7p/6n2/3AB4/9/2BA1K3 b,0.0039422275,3442
2bk1a3/4a4/4b4/5N3/9/P7p/6n2/3AB4/9/2BA1K3 w,-0.0014003039,2931
2bk1a3/4a4/4b4/9/9/P5N1p/6n2/3AB4/9/2BA1K3 b,-0.00647347,4822
2bk1a3/4a4/4b4/9/9/P5Np1/6n2/3AB4/9/2BA1K3 w,0.0012468577,4648
2bk1a3/4a4/4b4/9/9/P6p1/4N1n2/3AB4/9/2BA1K3 b,-0.011172712,5479
2bk1a3/4a4/4b4/9/9/P6p1/4N4/3AB4/7n1/2BA1K3 w,0.004855347,7825
2bk1a3/4a4/4b4/9/9/P6p1/4N4/3AB4/7n1/2BAK4 b,-0.009405935,7178
2bk1a3/4a4/4b4/9/9/P6p1/4N4/3ABn3/9/2BAK4 w,0.009131598,7736
2bk1a3/4a4/4b4/9/9/P6p1/4N4/3ABn3/9/2BA1K3 b,0.00083413126,6169
2bk1a3/4a4/4b4/9/9/P3n2p1/4N4/3AB4/9/2BA1K3 w,-0.0008445382,4086
2bk1a3/4a4/4b4/9/P8/4n2p1/4N4/3AB4/9/2BA1K3 b,0.00079302787,4741
2bk1a3/4a4/4b4/9/P8/4n4/4N2p1/3AB4/9/2BA1K3 w,-0.00026926995,3277
2bk1a3/4a4/4b4/9/1P7/4n4/4N2p1/3AB4/9/2BA1K3 b,-0.0005852342,5550
2bk1a3/4a4/4b4/9/1P7/4n4/4N1p2/3AB4/9/2BA1K3 w,0.0016123295,7636
2bk1a3/4a4/4b4/9/1P7/4n4/4N1p2/3AB4/4A4/2B2K3 b,-0.0024616958,5459
2bk1a3/4a4/4b4/9/1P7/4n4/4Np3/3AB4/4A4/2B2K3 w,0.0016369105,5267
2bk1a3/4a4/4b4/9/1P7/2N1n4/5p3/3AB4/4A4/2B2K3 b,-0.0016918064,1193
2bk1a3/9/4ba3/9/1P7/2N1n4/5p3/3AB4/4A4/2B2K3 w,0.0014914752,3358
2bk1a3/9/4ba3/1P7/9/2N1n4/5p3/3AB4/4A4/2B2K3 b,-0.00061783794,463
2bk5/4a4/4ba3/1P7/9/2N1n4/5p3/3AB4/4A4/2B2K3 w,0.00043907165,2549
2bk5/4a4/4ba3/2P6/9/2N1n4/5p3/3AB4/4A4/2B2K3 b,0.0041032317,4470
2bk5/4a4/4ba3/2P6/9/2N6/5pn2/3AB4/4A4/2B2K3 w,0.00015013218,7825
2bk5/4a4/4ba3/2P6/9/2N6/5pn2/3AB4/4A4/2B1K4 b,0.0023284198,5471
2bk5/4a4/4ba3/2P6/9/2N6/5p3/3AB3n/4A4/2B1K4 w,0.0012583256,6117
2bk5/4a4/4ba3/2P6/9/2N6/5p3/3A4n/4A4/2B1K1B2 b,-0.00023236276,6468
2bk5/4a4/4ba3/2P6/9/2N6/5p3/3A5/4A1n2/2B1K1B2 w,0.00071616174,7734
2bk5/4a4/4ba3/2P6/9/2N6/5p3/3A5/4A1n2/2BK2B2 b,0.00031630995,7081
2bk5/4a4/4ba3/2P6/9/2N6/5p1n1/3A5/4A4/2BK2B2 w,-0.00086236,7897
2bk5/4a4/4ba3/2P6/9/2N6/5p1n1/3AB4/4A4/2BK5 b,0.00093493465,274
2b1k4/4a4/4ba3/2P6/9/2N6/5p1n1/3AB4/4A4/2BK5 w,-0.00052632095,2640
2b1k4/4a4/4ba3/3P5/9/2N6/5p1n1/3AB4/4A4/2BK5 b,0.0015767813,5370
2b1k4/4a4/4ba3/3P5/9/2N6/6pn1/3AB4/4A4/2BK5 w,-0.00214597,4270
2b1k4/4a4/4ba3/3P5/4N4/9/6pn1/3AB4/4A4/2BK5 b,0.0017150402,5532
2b1k4/4a4/4ba3/3P5/4N1n2/9/6p2/3AB4/4A4/2BK5 w,-0.00084376335,7645
2b1k4/4a4/4ba3/3P5/4N1n2/9/6p2/3AB4/4A4/2B1K4 b,0.0017031909,3841
2b1k4/4a4/4ba3/3P5/4N4/9/6pn1/3AB4/4A4/2B1K4 w,0,7734
rnbakabnr/9/1c5c1/p1p1p1p1p/9/9/P1P1P1P1P/1C5C1/9/RNBAKABNR w,-0.7981823,5827
rnbakabnr/9/1c5c1/p1p1p1p1p/9/9/P1P1P1P1P/4C2C1/9/RNBAKABNR b,0.7982008,110
r1bakabnr/9/1cn4c1/p1p1p1p1p/9/9/P1P1P1P1P/4C2C1/9/RNBAKABNR w,-0.79817456,7445
r1bakabnr/9/1cn4c1/p1p1p1p1p/9/9/P1P1P1P1P/2N1C2C1/9/R1BAKABNR b,0.7981911,562
r1baka1nr/9/1cn1b2c1/p1p1p1p1p/9/9/P1P1P1P1P/2N1C2C1/9/R1BAKABNR w,-0.79805344,7372
r1baka1nr/9/1cn1b2c1/p1p1p1p1p/9/9/P1P1P1P1P/2N1C2C1/9/1RBAKABNR b,0.7982265,1
1rbaka1nr/9/1cn1b2c1/p1p1p1p1p/9/9/P1P1P1P1P/2N1C2C1/9/1RBAKABNR w,-0.79831344,6368
1rbaka1nr/9/1cn1b2c1/p1p1p1p1p/9/9/P1P1P1P1P/2N1CC3/9/1RBAKABNR b,0.79872805,654
1rbaka2r/9/1cn1b1nc1/p1p1p1p1p/9/9/P1P1P1P1P/2N1CC3/9/1RBAKABNR w,-0.79841346,7989
1rbaka2r/9/1cn1b1nc1/p1p1p1p1p/9/9/P1P1P1P1P/2N1CCN2/9/1RBAKAB1R b,0.7986271,3012
1rbaka2r/9/1cn1b1nc1/p1p1p3p/6p2/9/P1P1P1P1P/2N1CCN2/9/1RBAKAB1R w,-0.798121,8098
1rbaka2r/9/1cn1b1nc1/p1p1p3p/6p2/9/P1P1P1P1P/2N1CCN2/9/1RBAKABR1 b,0.79809105,727
1rbaka1r1/9/1cn1b1nc1/p1p1p3p/6p2/9/P1P1P1P1P/2N1CCN2/9/1RBAKABR1 w,-0.79723626,5087
1rbaka1r1/9/1cn1b1nc1/p1p1p3p/6p2/2P6/P3P1P1P/2N1CCN2/9/1RBAKABR1 b,0.7977844,1765
1rbaka1r1/9/2n1b1nc1/p1p1p3p/6p2/2P6/Pc2P1P1P/2N1CCN2/9/1RBAKABR1 w,-0.79475015,5898
1rbaka1r1/9/2n1b1nc1/p1p1p3p/6p2/2PN5/Pc2P1P1P/4CCN2/9/1RBAKABR1 b,0.7936065,2311
1rbaka1r1/9/2n1b1n2/p1p1p3p/6p2/2PN5/Pc2P1PcP/4CCN2/9/1RBAKABR1 w,-0.7920708,6143
1rbaka1r1/9/2n1bCn2/p1p1p3p/6p2/2PN5/Pc2P1PcP/4C1N2/9/1RBAKABR1 b,0.8018219,5548
1rbaka1r1/9/2n1bCn2/p1p1p3p/6p2/2PN5/Pc2c1P1P/4C1N2/9/1RBAKABR1 w,-0.8087617,6061
1rbaka1r1/9/2n1bCn2/p1p1C3p/6p2/2PN5/Pc2c1P1P/6N2/9/1RBAKABR1 b,0.8086942,1831
1rbaka1r1/9/4bCn2/p1p1n3p/6p2/2PN5/Pc2c1P1P/6N2/9/1RBAKABR1 w,-0.8042715,7927
1rbaka1R1/9/4bCn2/p1p1n3p/6p2/2PN5/Pc2c1P1P/6N2/9/1RBAKAB2 b,0.80837244,2838
1rbaka1R1/9/4bCn2/p1p5p/6p2/2Pn5/Pc2c1P1P/6N2/9/1RBAKAB2 w,-0.7927673,682
1rbaka3/9/4bCn2/p1p5p/6p2/2Pn3R1/Pc2c1P1P/6N2/9/1RBAKAB2 b,0.8081864,4385
1rbaka3/9/4bCn2/p1p5p/6p2/2P4R1/Pc2c1P1P/2n3N2/9/1RBAKAB2 w,-0.8122918,6268
1rbaka3/9/4bCn2/p1p5p/6p2/2P4R1/Pc2N1P1P/2n6/9/1RBAKAB2 b,0.82638127,5932
1rbaka3/9/4bCn2/p1p5p/6p2/2P4R1/Pc2N1P1P/9/9/1nBAKAB2 w,-0.82389295,5259
1rbaka3/9/4bCn2/p1p5p/3N2p2/2P4R1/Pc4P1P/9/9/1nBAKAB2 b,0.84398633,127
2baka3/9/4bCn2/p1p5p/1r1N2p2/2P4R1/Pc4P1P/9/9/1nBAKAB2 w,-0.83258075,4728
2baka3/9/4bCn2/p1p5p/1r1N2p2/2PR5/Pc4P1P/9/9/1nBAKAB2 b,0.8435262,7445
2baka3/9/4bCn2/p1p5p/1r1N2p2/2PR5/Pc4P1P/2n6/9/2BAKAB2 w,-0.8281558,4386
2baka3/9/4bCn2/p1p5p/1r1N2p2/2P6/Pc4P1P/2nR5/9/2BAKAB2 b,0.8411425,2201
2baka3/9/4bC3/p1p5p/1r1N1np2/2P6/Pc4P1P/2nR5/9/2BAKAB2 w,-0.82319736,2096
2baka3/9/4b3C/p1p5p/1r1N1np2/2P6/Pc4P1P/2nR5/9/2BAKAB2 b,0.86132836,3738
2baka3/9/4b3C/p1p5p/1r1N2p2/2Pn5/Pc4P1P/2nR5/9/2BAKAB2 w,-0.85817015,3542
2baka3/9/4b3C/p1p2N2p/1r4p2/2Pn5/Pc4P1P/2nR5/9/2BAKAB2 b,0.8655425,3371
2baka3/9/4b3C/p1p2N2p/5rp2/2Pn5/Pc4P1P/2nR5/9/2BAKAB2 w,-0.8536057,2901
2baka3/9/3Nb3C/p1p5p/5rp2/2Pn5/Pc4P1P/2nR5/9/2BAKAB2 b,0.85706496,373
2ba1a3/4k4/3Nb3C/p1p5p/5rp2/2Pn5/Pc4P1P/2nR5/9/2BAKAB2 w,-0.8504845,2357
2ba1a3/4k3C/3Nb4/p1p5p/5rp2/2Pn5/Pc4P1P/2nR5/9/2BAKAB2 b,0.876491,1184
2ba1a3/5k2C/3Nb4/p1p5p/5rp2/2Pn5/Pc4P1P/2nR5/9/2BAKAB2 w,-0.8618716,7816
2ba1a3/5k2C/3Nb4/p1p5p/5rp2/2Pn5/Pc4P1P/2nR5/4A4/2BAK1B2 b,0.8796648,5008
2ba1a3/5k2C/3Nb4/p1p5p/5rp2/2Pn5/P3c1P1P/2nR5/4A4/2BAK1B2 w,-0.87940246,6908
2ba1a3/5k2C/3Nb4/p1p5p/5rp2/2Pn5/P3c1P1P/2nR1A3/9/2BAK1B2 b,0.89307755,5251
2ba1a3/5k2C/3Nb4/p1p1c3p/5rp2/2Pn5/P5P1P/2nR1A3/9/2BAK1B2 w,-0.892393,1900
2ba1a3/1N3k2C/4b4/p1p1c3p/5rp2/2Pn5/P5P1P/2nR1A3/9/2BAK1B2 b,0.8986449,463
2ba5/1N2ak2C/4b4/p1p1c3p/5rp2/2Pn5/P5P1P/2nR1A3/9/2BAK1B2 w,-0.8805347,927
2ba5/4ak2C/4b4/N1p1c3p/5rp2/2Pn5/P5P1P/2nR1A3/9/2BAK1B2 b,0.8987058,2817
2ba5/4ak2C/4b4/c1p5p/5rp2/2Pn5/P5P1P/2nR1A3/9/2BAK1B2 w,-0.90873003,7636
2ba5/4ak2C/4b4/c1p5p/5rp2/2Pn5/P5P1P/2nR1A3/4A4/2B1K1B2 b,0.9203225,2648
2ba5/4ak2C/4b4/c7p/2p2rp2/2Pn5/P5P1P/2nR1A3/4A4/2B1K1B2 w,-0.9141309,4268
2ba5/4ak2C/4b4/c7p/2P2rp2/3n5/P5P1P/2nR1A3/4A4/2B1K1B2 b,0.91740274,2460
2ba5/4ak2C/4b4/3c4p/2P2rp2/3n5/P5P1P/2nR1A3/4A4/2B1K1B2 w,-0.90578,3459
2ba5/4ak2C/4b4/3c4p/3P1rp2/3n5/P5P1P/2nR1A3/4A4/2B1K1B2 b,0.9268238,3729
2ba5/4ak2C/4b4/3c4p/3r2p2/3n5/P5P1P/2nR1A3/4A4/2B1K1B2 w,-0.92219484,7897
2ba5/4ak2C/4b4/3c4p/3r2p2/3n5/P5P1P/2nRBA3/4A4/2B1K4 b,0.9434788,3548
2ba5/4ak2C/4b4/3c4p/2r3p2/3n5/P5P1P/2nRBA3/4A4/2B1K4 w,-0.94114065,5988
2ba5/4ak2C/4b4/3c4p/2r3p2/3R5/P5P1P/2n1BA3/4A4/2B1K4 b,0.95029646,5898
2ba5/4ak2C/4b4/3c4p/2r3p2/3n5/P5P1P/4BA3/4A4/2B1K4 w,-0.9437886,5633
2ba5/4ak2C/4b4/3c4p/2r3p2/3n4P/P5P2/4BA3/4A4/2B1K4 b,0.94489324,4375
2ba5/4ak2C/4b4/3c4p/2r3p2/8P/Pn4P2/4BA3/4A4/2B1K4 w,-0.9480393,1546
2ba5/4ak1C1/4b4/3c4p/2r3p2/8P/Pn4P2/4BA3/4A4/2B1K4 b,0.9465034,5024
2ba5/4ak1C1/4b4/3c4p/2r3p2/8P/P5P2/4BA3/2n1A4/2B1K4 w,-0.9435682,7736
2ba5/4ak1C1/4b4/3c4p/2r3p2/8P/P5P2/4BA3/2n1A4/2B2K3 b,0.9515321,3476
2ba5/4ak1C1/4b4/3c4p/6p2/8P/P1r3P2/4BA3/2n1A4/2B2K3 w,-0.94304276,1519
2ba5/4ak3/4b4/3c4p/6p2/8P/P1r3P2/4BA3/2n1A2C1/2B2K3 b,0.953698,1265
2ba1k3/4a4/4b4/3c4p/6p2/8P/P1r3P2/4BA3/2n1A2C1/2B2K3 w,-0.9512339,7187
2ba1k3/4a4/4b4/3c4p/6p2/8P/P1r3P2/4BA3/2n1AC3/2B2K3 b,0.95265126,454
2bak4/4a4/4b4/3c4p/6p2/8P/P1r3P2/4BA3/2n1AC3/2B2K3 w,-0.9499332,7009
2bak4/4a4/4b4/3c4p/6p2/8P/P1r3P2/4BA3/2n1A2C1/2B2K3 b,0.95021737,2732
2bak4/4a4/4b4/5c2p/6p2/8P/P1r3P2/4BA3/2n1A2C1/2B2K3 w,-0.94517905,7187
2bak4/4a4/4b4/5c2p/6p2/8P/P1r3P2/4BA3/2n1AC3/2B2K3 b,0.9493762,2957
2bak4/4a4/4b4/8p/6p2/8P/P1r3P2/4BA3/2n1Ac3/2B2K3 w,-0.94986933,7817
2bak4/4a4/4b4/8p/6p2/8P/P1r3P2/4BA3/2n1AK3/2B6 b,0.94976866,5100
2bak4/4a4/4b4/8p/6p2/8P/P5r2/4BA3/2n1AK3/2B6 w,-0.9546257,4905
2bak4/4a4/4b4/8p/6p2/P7P/6r2/4BA3/2n1AK3/2B6 b,0.95764816,6717
2bak4/4a4/4b4/8p/6p2/P7P/3n2r2/4BA3/4AK3/2B6 w,-0.94844395,4086
2bak4/4a4/4b4/8p/P5p2/8P/3n2r2/4BA3/4AK3/2B6 b,0.9545742,5462
2bak4/4a4/4b4/8p/P5p2/8P/3n4r/4BA3/4AK3/2B6 w,-0.95148677,3267
2bak4/4a4/4b4/P7p/6p2/8P/3n4r/4BA3/4AK3/2B6 b,0.94941473,5180
2bak4/4a4/4b4/P7p/6p2/5n2P/8r/4BA3/4AK3/2B6 w,-0.9482255,2458
2bak4/4a4/4b4/1P6p/6p2/5n2P/8r/4BA3/4AK3/2B6 b,0.9548511,4557
2bak4/4a4/4b4/1P6p/6p2/8P/3n4r/4BA3/4AK3/2B6 w,-0.94668317,7016
2bak4/4a4/4b4/1P6p/6p2/8P/3n4r/4BA3/4A4/2B2K3 b,0.9522894,5633
2bak4/4a4/4b4/1P6p/6p2/8r/3n5/4BA3/4A4/2B2K3 w,-0.9463412,2549
2bak4/4a4/4b4/2P5p/6p2/8r/3n5/4BA3/4A4/2B2K3 b,0.9435512,4859
2bak4/4a4/4b4/2P5p/6p2/9/3n5/4BA3/4A4/2B2K2r w,-0.9416897,7817
2bak4/4a4/4b4/2P5p/6p2/9/3n5/4BA3/4AK3/2B5r b,0.9550184,8095
2bak4/4a4/4b4/2P5p/6p2/9/3n5/4BA3/4AK3/2B1r4 w,-0.9553262,6906
2bak4/4a4/4b4/2P5p/6p2/9/3n5/3ABA3/5K3/2B1r4 b,0.9594226,3194
2bak4/4a4/4b4/2P6/6p1p/9/3n5/3ABA3/5K3/2B1r4 w,-0.95570934,6196
2bak4/4a4/4b4/2P6/6p1p/9/3n5/3AB4/4AK3/2B1r4 b,0.9643891,5170
2bak4/4a4/4b4/2P6/4n1p1p/9/9/3AB4/4AK3/2B1r4 w,-0.9647454,2640
2bak4/4a4/4b4/3P5/4n1p1p/9/9/3AB4/4AK3/2B1r4 b,0.9719804,3659
2bak4/4a4/4b4/3P5/6p1p/9/5n3/3AB4/4AK3/2B1r4 w,-0.9677498,2731
2bak4/4a4/4b4/4P4/6p1p/9/5n3/3AB4/4AK3/2B1r4 b,0.9693864,5380
2bak4/4a4/4b4/4P4/6p1p/9/9/3AB2n1/4AK3/2B1r4 w,-0.9701795,6998
2bak4/4a4/4b4/4P4/6p1p/9/9/3ABK1n1/4A4/2B1r4 b,0.97491527,7738
2bak4/4a4/4b4/4P4/6p1p/9/9/3ABK1n1/4A4/2B4r1 w,-0.97119284,2822
2bak4/4a4/4b4/5P3/6p1p/9/9/3ABK1n1/4A4/2B4r1 b,0.9734882,4013
2bak4/4a4/4b4/5P3/6p2/8p/9/3ABK1n1/4A4/2B4r1 w,-0.9719788,6117
2bak4/4a4/4b4/5P3/6p2/8p/9/3A1K1n1/4A4/2B3Br1 b,0.97360486,6387
2bak4/4a4/4b4/5P3/6p2/8p/9/3A1K3/4A4/2B3nr1 w,-0.9721925,6197
2bak4/4a4/4b4/5P3/6p2/8p/9/3A5/4AK3/2B3nr1 b,0.97360265,3831
2bak4/4a4/4b4/5P3/9/6p1p/9/3A5/4AK3/2B3nr1 w,-0.969738,7537
2bak4/4a4/4b4/5P3/9/6p1p/9/3AB4/4AK3/6nr1 b,0.97748226,7900
2bak4/4a4/4b4/5P3/9/6p1p/9/3AB2n1/4AK3/7r1 w,-0.97006416,6998
2bak4/4a4/4b4/5P3/9/6p1p/9/3ABK1n1/4A4/7r1 b,0.97002214,4650
2bak4/4a4/4b4/5P3/9/8p/6p2/3ABK1n1/4A4/7r1 w,-0.9626229,6077
2bak4/4a4/4b4/5P3/9/2B5p/6p2/3A1K1n1/4A4/7r1 b,0.97653896,4832
2bak4/4a4/4b4/5P3/9/2B6/6p1p/3A1K1n1/4A4/7r1 w,-0.97098565,4293
2bak4/4a4/4b4/5P3/9/9/6p1p/B2A1K1n1/4A4/7r1 b,0.97475433,5469
2bak4/4a4/4b4/5P3/9/9/8p/B2A1Kpn1/4A4/7r1 w,-0.9734819,6197
2bak4/4a4/4b4/5P3/9/9/8p/B2A2pn1/4AK3/7r1 b,0.9801286,6288
2bak4/4a4/4b4/5P3/9/9/8p/B2A3n1/4AKp2/7r1 w,-0.979892,6998
2bak4/4a4/4b4/5P3/9/9/8p/B2A1K1n1/4A1p2/7r1 b,0.9816891,6351
2bak4/4a4/4b4/5P3/9/6n2/8p/B2A1K3/4A1p2/7r1 w,-0.9820006,6187
2bak4/4a4/4b4/5P3/9/6n2/8p/B2AK4/4A1p2/7r1 b,0.98595285,7097
2bak4/4a4/4b4/5P3/9/6n2/8p/B2AK4/4Ap3/7r1 w,-0.98420787,5717
2bak4/4a4/4b4/5P3/9/2B3n2/8p/3AK4/4Ap3/7r1 b,0.9869972,7981
2bak4/4a4/4b4/5P3/9/2B3n2/7rp/3AK4/4Ap3/9 w,-0.9888947,2913
2bak4/4a4/4b4/6P2/9/2B3n2/7rp/3AK4/4Ap3/9 b,1,5548
rnbakabnr/9/1c5c1/p1p1p1p1p/9/9/P1P1P1P1P/1C5C1/9/RNBAKABNR w,0.8018177,5827
rnbakabnr/9/1c5c1/p1p1p1p1p/9/9/P1P1P1P1P/4C2C1/9/RNBAKABNR b,-0.8017806,110
r1bakabnr/9/1cn4c1/p1p1p1p1p/9/9/P1P1P1P1P/4C2C1/9/RNBAKABNR w,0.80182046,7445
r1bakabnr/9/1cn4c1/p1p1p1p1p/9/9/P1P1P1P1P/2N1C2C1/9/R1BAKABNR b,-0.801812,562
r1baka1nr/9/1cn1b2c1/p1p1p1p1p/9/9/P1P1P1P1P/2N1C2C1/9/R1BAKABNR w,0.801942,7372
r1baka1nr/9/1cn1b2c1/p1p1p1p1p/9/9/P1P1P1P1P/2N1C2C1/9/1RBAKABNR b,-0.8017664,1
1rbaka1nr/9/1cn1b2c1/p1p1p1p1p/9/9/P1P1P1P1P/2N1C2C1/9/1RBAKABNR w,0.80169904,6368
1rbaka1nr/9/1cn1b2c1/p1p1p1p1p/9/9/P1P1P1P1P/2N1CC3/9/1RBAKABNR b,-0.8012761,654
1rbaka2r/9/1cn1b1nc1/p1p1p1p1p/9/9/P1P1P1P1P/2N1CC3/9/1RBAKABNR w,0.8015751,7989
1rbaka2r/9/1cn1b1nc1/p1p1p1p1p/9/9/P1P1P1P1P/2N1CCN2/9/1RBAKAB1R b,-0.8013484,3012
1rbaka2r/9/1cn1b1nc1/p1p1p3p/6p2/9/P1P1P1P1P/2N1CCN2/9/1RBAKAB1R w,0.80187565,8098
1rbaka2r/9/1cn1b1nc1/p1p1p3p/6p2/9/P1P1P1P1P/2N1CCN2/9/1RBAKABR1 b,-0.8020107,727
1rbaka1r1/9/1cn1b1nc1/p1p1p3p/6p2/9/P1P1P1P1P/2N1CCN2/9/1RBAKABR1 w,0.80251306,5087
1rbaka1r1/9/1cn1b1nc1/p1p1p3p/6p2/2P6/P3P1P1P/2N1CCN2/9/1RBAKABR1 b,-0.8022262,1765
1rbaka1r1/9/2n1b1nc1/p1p1p3p/6p2/2P6/Pc2P1P1P/2N1CCN2/9/1RBAKABR1 w,0.8047839,5898
1rbaka1r1/9/2n1b1nc1/p1p1p3p/6p2/2PN5/Pc2P1P1P/4CCN2/9/1RBAKABR1 b,-0.8064264,2311
1rbaka1r1/9/2n1b1n2/p1p1p3p/6p2/2PN5/Pc2P1PcP/4CCN2/9/1RBAKABR1 w,0.8079075,6143
1rbaka1r1/9/2n1bCn2/p1p1p3p/6p2/2PN5/Pc2P1PcP/4C1N2/9/1RBAKABR1 b,-0.809039,1986
1rbakabr1/9/2n2Cn2/p1p1p3p/6p2/2PN5/Pc2P1PcP/4C1N2/9/1RBAKABR1 w,0.81814575,4351
1rbakabr1/9/2n2Cn2/p1p1N3p/6p2/2P6/Pc2P1PcP/4C1N2/9/1RBAKABR1 b,-0.8047867,1831
1rbakabr1/9/5Cn2/p1p1n3p/6p2/2P6/Pc2P1PcP/4C1N2/9/1RBAKABR1 w,0.80546755,6061
1rbakabr1/9/5Cn2/p1p1C3p/6p2/2P6/Pc2P1PcP/6N2/9/1RBAKABR1 b,-0.7907235,109
2bakabr1/9/1r3Cn2/p1p1C3p/6p2/2P6/Pc2P1PcP/6N2/9/1RBAKABR1 w,0.8022862,2839
2bakabr1/9/1r3Cn2/p1p5p/6p2/2P1C4/Pc2P1PcP/6N2/9/1RBAKABR1 b,-0.79875094,1733
2bakabr1/9/5rn2/p1p5p/6p2/2P1C4/Pc2P1PcP/6N2/9/1RBAKABR1 w,0.8096294,7435
2bakabr1/9/5rn2/p1p5p/6p2/2P1C4/PR2P1PcP/6N2/9/2BAKABR1 b,-0.8070279,2201
2bakabr1/9/5r3/p1p5p/5np2/2P1C4/PR2P1PcP/6N2/9/2BAKABR1 w,0.81331176,4987
2bakabr1/9/5r3/p1p5p/1R3np2/2P1C4/P3P1PcP/6N2/9/2BAKABR1 b,-0.8083652,3750
2bakabr1/9/5r3/p1p5p/1R4p2/2P1C4/P3P1ncP/6N2/9/2BAKABR1 w,0.8193208,3372
2bakabr1/9/5r3/p1p5p/6R2/2P1C4/P3P1ncP/6N2/9/2BAKABR1 b,-0.80545205,5449
2bakabr1/9/5r3/p1p5p/6R2/2P1n4/P3P2cP/6N2/9/2BAKABR1 w,0.8058068,5269
2bakabr1/9/5r3/p1p5p/6R2/2P1P4/P6cP/6N2/9/2BAKABR1 b,-0.79941744,5560
2bakabr1/9/5r3/p1p5p/6R2/2P1P4/P7P/6Nc1/9/2BAKABR1 w,0.8092676,7999
2bakabr1/9/5r3/p1p5p/6R2/2P1P4/P7P/6Nc1/7R1/2BAKAB2 b,-0.7986552,2138
2bakabr1/9/9/p1p5p/6R2/2P1P4/P7P/5rNc1/7R1/2BAKAB2 w,0.80029345,3813
2bakabr1/9/9/p1p3R1p/9/2P1P4/P7P/5rNc1/7R1/2BAKAB2 b,-0.80399257,6361
2bakabr1/9/9/p1p3R1p/9/2P1P4/P6cP/5rN2/7R1/2BAKAB2 w,0.8212708,6290
2bakabr1/9/9/p1p3R1p/9/2P1P4/P6cP/5r3/7RN/2BAKAB2 b,-0.8067379,5560
2bakabr1/9/9/p1p3R1p/9/2P1P4/P7P/5r1c1/7RN/2BAKAB2 w,0.8125998,2999
2bakabr1/9/9/p1R5p/9/2P1P4/P7P/5r1c1/7RN/2BAKAB2 b,-0.8025911,562
2baka1r1/9/4b4/p1R5p/9/2P1P4/P7P/5r1c1/7RN/2BAKAB2 w,0.8114311,2637
2baka1r1/9/4b4/R7p/9/2P1P4/P7P/5r1c1/7RN/2BAKAB2 b,-0.80281794,6179
2baka1r1/9/4b4/R7p/9/2P1P4/P4r2P/7c1/7RN/2BAKAB2 w,0.811848,2465
2baka1r1/9/4b4/8R/9/2P1P4/P4r2P/7c1/7RN/2BAKAB2 b,-0.8095464,5368
2baka1r1/9/4b4/8R/9/2P1P4/P3r3P/7c1/7RN/2BAKAB2 w,0.8124815,7186
2baka1r1/9/4b4/8R/9/2P1P4/P3r3P/7c1/4R3N/2BAKAB2 b,-0.80769855,5296
2baka1r1/9/4b4/8R/9/2P1P4/P7P/7c1/4r3N/2BAKAB2 w,0.8110246,7636
2baka1r1/9/4b4/8R/9/2P1P4/P7P/7c1/4A3N/2B1KAB2 b,-0.8070969,682
2baka3/9/4b4/8R/9/2P1P2r1/P7P/7c1/4A3N/2B1KAB2 w,0.8114862,7269
2baka3/9/4b4/8R/9/2P1P2r1/P7P/6Nc1/4A4/2B1KAB2 b,-0.8039891,4741
2baka3/9/4b4/8R/9/2P1P4/P6rP/6Nc1/4A4/2B1KAB2 w,0.80919486,6260
2baka3/9/4b4/8R/9/2P1PN3/P6rP/7c1/4A4/2B1KAB2 b,-0.8044334,5546
2baka3/9/4b4/8R/9/2P1PN3/P1r5P/7c1/4A4/2B1KAB2 w,0.8122048,7537
2baka3/9/4b4/8R/9/2P1PN3/P1r5P/4B2c1/4A4/4KAB2 b,-0.8089805,5094
2baka3/9/4b4/8R/9/2P1PN3/r7P/4B2c1/4A4/4KAB2 w,0.82722217,3184
2baka3/9/4b4/7R1/9/2P1PN3/r7P/4B2c1/4A4/4KAB2 b,-0.81123394,4919
2baka3/9/4b4/7R1/9/2P1PN3/5r2P/4B2c1/4A4/4KAB2 w,0.82072604,4533
2baka3/9/4b4/6NR1/9/2P1P4/5r2P/4B2c1/4A4/4KAB2 b,-0.8145769,6369
2baka3/9/4b4/6NR1/9/2P1P4/5r2P/4B1c2/4A4/4KAB2 w,0.8278876,3022
2baka3/9/4b4/7R1/9/2P1P2N1/5r2P/4B1c2/4A4/4KAB2 b,-0.8227767,5371
2baka3/9/4b4/7R1/9/2P1P2N1/7rP/4B1c2/4A4/4KAB2 w,0.83041114,4721
2baka3/9/4b4/7R1/5N3/2P1P4/7rP/4B1c2/4A4/4KAB2 b,-0.8231217,5552
2baka3/9/4b4/7R1/5N3/2P1P4/8r/4B1c2/4A4/4KAB2 w,0.8296553,3720
2baka3/9/4b4/3N3R1/9/2P1P4/8r/4B1c2/4A4/4KAB2 b,-0.8140316,6225
2baka3/6c2/4b4/3N3R1/9/2P1P4/8r/4B4/4A4/4KAB2 w,0.8317525,3076
2baka3/6cR1/4b4/3N5/9/2P1P4/8r/4B4/4A4/4KAB2 b,-0.816513,5640
2baka3/6cR1/4b4/3N5/9/2P1P4/6r2/4B4/4A4/4KAB2 w,0.8346265,2723
2baka3/6cR1/4bN3/9/9/2P1P4/6r2/4B4/4A4/4KAB2 b,-0.83677965,373
2ba1a3/4k1cR1/4bN3/9/9/2P1P4/6r2/4B4/4A4/4KAB2 w,0.8487362,2104
2ba1a3/4k1cR1/4b4/7N1/9/2P1P4/6r2/4B4/4A4/4KAB2 b,-0.8300084,1364
2ba1a3/4kc1R1/4b4/7N1/9/2P1P4/6r2/4B4/4A4/4KAB2 w,0.8395931,3101
2ba1a3/4kc1R1/4b4/9/5N3/2P1P4/6r2/4B4/4A4/4KAB2 b,-0.82601523,5433
2ba1a3/4kc1R1/4b4/6r2/5N3/2P1P4/9/4B4/4A4/4KAB2 w,0.83234245,4450
2ba1a3/4kc1R1/4b4/6r2/4PN3/2P6/9/4B4/4A4/4KAB2 b,-0.8173393,3002
2ba1a3/4kc1R1/4b4/5r3/4PN3/2P6/9/4B4/4A4/4KAB2 w,0.8294812,1474
2ba1a3/4kc3/4b4/5r1R1/4PN3/2P6/9/4B4/4A4/4KAB2 b,-0.8122699,2914
2ba1a3/4kc3/4b4/7r1/4PN3/2P6/9/4B4/4A4/4KAB2 w,0.8130483,3724
2ba1a3/4kc3/4b4/7N1/4P4/2P6/9/4B4/4A4/4KAB2 b,-0.80762446,1174
2baka3/5c3/4b4/7N1/4P4/2P6/9/4B4/4A4/4KAB2 w,0.80967593,3631
2baka3/5c3/4b4/4P2N1/9/2P6/9/4B4/4A4/4KAB2 b,-0.80553335,1271
2baka3/2c6/4b4/4P2N1/9/2P6/9/4B4/4A4/4KAB2 w,0.8135627,3075
2baka3/2c3N2/4b4/4P4/9/2P6/9/4B4/4A4/4KAB2 b,-0.8116868,1004
2baka3/5cN2/4b4/4P4/9/2P6/9/4B4/4A4/4KAB2 w,0.81441164,2822
2baka3/5cN2/4b4/5P3/9/2P6/9/4B4/4A4/4KAB2 b,-0.80897564,463
2bak4/4acN2/4b4/5P3/9/2P6/9/4B4/4A4/4KAB2 w,0.8069122,1376
2bak4/4ac3/4b3N/5P3/9/2P6/9/4B4/4A4/4KAB2 b,-0.81094193,1191
2bak4/5c3/3ab3N/5P3/9/2P6/9/4B4/4A4/4KAB2 w,0.8151162,2903
2bak4/5c3/3abP2N/9/9/2P6/9/4B4/4A4/4KAB2 b,-0.81386924,1273
2bak4/4c4/3abP2N/9/9/2P6/9/4B4/4A4/4KAB2 w,0.81815124,2355
2bak4/4c1N2/3abP3/9/9/2P6/9/4B4/4A4/4KAB2 b,-0.8174399,365
2ba1k3/4c1N2/3abP3/9/9/2P6/9/4B4/4A4/4KAB2 w,0.82199883,1382
2ba1k3/4c4/3abP3/5N3/9/2P6/9/4B4/4A4/4KAB2 b,-0.8167072,1179
2ba1k3/c8/3abP3/5N3/9/2P6/9/4B4/4A4/4KAB2 w,0.82240885,2901
2ba1k3/c8/3NbP3/9/9/2P6/9/4B4/4A4/4KAB2 b,-0.818816,283
2b2k3/c3a4/3NbP3/9/9/2P6/9/4B4/4A4/4KAB2 w,0.8224937,1918
2b2k3/c3a4/4bP3/1N7/9/2P6/9/4B4/4A4/4KAB2 b,-0.8136342,837
2b2k3/4a4/4bP3/cN7/9/2P6/9/4B4/4A4/4KAB2 w,0.8165432,2092
2b2k3/4a4/4P4/cN7/9/2P6/9/4B4/4A4/4KAB2 b,-0.81664264,202
5k3/4a4/4b4/cN7/9/2P6/9/4B4/4A4/4KAB2 w,0.8224366,2559
5k3/4a4/4b4/c8/3N5/2P6/9/4B4/4A4/4KAB2 b,-0.814942,2460
5k3/4a4/4b4/3c5/3N5/2P6/9/4B4/4A4/4KAB2 w,0.8270704,4268
5k3/4a4/4b4/3c5/2PN5/9/9/4B4/4A4/4KAB2 b,-0.8145487,2022
5k3/4a4/9/3c5/2PN2b2/9/9/4B4/4A4/4KAB2 w,0.82543975,3542
5k3/4a4/9/3c1N3/2P3b2/9/9/4B4/4A4/4KAB2 b,-0.82108647,2712
5k3/3ca4/9/5N3/2P3b2/9/9/4B4/4A4/4KAB2 w,0.83624065,2893
5k3/3cN4/9/9/2P3b2/9/9/4B4/4A4/4KAB2 b,-0.8321725,3802
5k3/3cN4/4b4/9/2P6/9/9/4B4/4A4/4KAB2 w,0.8468804,1194
5k3/3c5/4b1N2/9/2P6/9/9/4B4/4A4/4KAB2 b,-0.8482829,454
4k4/3c5/4b1N2/9/2P6/9/9/4B4/4A4/4KAB2 w,0.8548207,3449
4k4/3c5/4b1N2/2P6/9/9/9/4B4/4A4/4KAB2 b,-0.85895205,2018
4k4/3c5/6N2/2P6/2b6/9/9/4B4/4A4/4KAB2 w,0.8725038,2640
4k4/3c5/6N2/3P5/2b6/9/9/4B4/4A4/4KAB2 b,-0.87211174,1095
4k4/6c2/6N2/3P5/2b6/9/9/4B4/4A4/4KAB2 w,0.8799454,2721
4k4/6c2/3P2N2/9/2b6/9/9/4B4/4A4/4KAB2 b,-0.8905592,1364
4k4/5c3/3P2N2/9/2b6/9/9/4B4/4A4/4KAB2 w,0.9022352,2191
4k4/5c3/3P5/4N4/2b6/9/9/4B4/4A4/4KAB2 b,-0.90010524,1273
4k4/4c4/3P5/4N4/2b6/9/9/4B4/4A4/4KAB2 w,0.9115831,2828
4k4/4c4/3P5/9/2N6/9/9/4B4/4A4/4KAB2 b,-0.91175246,1187
4k4/8c/3P5/9/2N6/9/9/4B4/4A4/4KAB2 w,0.9111749,3451
4k4/8c/3P5/4N4/9/9/9/4B4/4A4/4KAB2 b,-0.9100245,1556
4k4/9/3P4c/4N4/9/9/9/4B4/4A4/4KAB2 w,0.91024315,1902
4k4/3P5/8c/4N4/9/9/9/4B4/4A4/4KAB2 b,-0.9108615,2357
4k4/3P4c/9/4N4/9/9/9/4B4/4A4/4KAB2 w,0.9272214,2814
4k4/3P4c/6N2/9/9/9/9/4B4/4A4/4KAB2 b,-0.943826,1544
4k4/3P1c3/6N2/9/9/9/9/4B4/4A4/4KAB2 w,0.9852451,1093
4k4/4Pc3/6N2/9/9/9/9/4B4/4A4/4KAB2 b,-0.9857029,363
3k5/4Pc3/6N2/9/9/9/9/4B4/4A4/4KAB2 w,0.9926038,2191
3k5/4Pc3/9/4N4/9/9/9/4B4/4A4/4KAB2 b,-0.99381435,1283
3k5/4P4/5c3/4N4/9/9/9/4B4/4A4/4KAB2 w,1,2810
rnbakabnr/9/1c5c1/p1p1p1p1p/9/9/P1P1P1P1P/1C5C1/9/RNBAKABNR w,0.8018177,5827
rnbakabnr/9/1c5c1/p1p1p1p1p/9/9/P1P1P1P1P/4C2C1/9/RNBAKABNR b,-0.80180675,110
r1bakabnr/9/1cn4c1/p1p1p1p1p/9/9/P1P1P1P1P/4C2C1/9/RNBAKABNR w,0.80182016,7445
r1bakabnr/9/1cn4c1/p1p1p1p1p/9/9/P1P1P1P1P/2N1C2C1/9/R1BAKABNR b,-0.80180717,562
r1baka1nr/9/1cn1b2c1/p1p1p1p1p/9/9/P1P1P1P1P/2N1C2C1/9/R1BAKABNR w,0.8019055,7372
r1baka1nr/9/1cn1b2c1/p1p1p1p1p/9/9/P1P1P1P1P/2N1C2C1/9/1RBAKABNR b,-0.80176973,1
1rbaka1nr/9/1cn1b2c1/p1p1p1p1p/9/9/P1P1P1P1P/2N1C2C1/9/1RBAKABNR w,0.8016867,6368
1rbaka1nr/9/1cn1b2c1/p1p1p1p1p/9/9/P1P1P1P1P/2N1CC3/9/1RBAKABNR b,-0.80128574,654
1rbaka2r/9/1cn1b1nc1/p1p1p1p1p/9/9/P1P1P1P1P/2N1CC3/9/1RBAKABNR w,0.8015947,7989
1rbaka2r/9/1cn1b1nc1/p1p1p1p1p/9/9/P1P1P1P1P/2N1CCN2/9/1RBAKAB1R b,-0.8013682,3012
1rbaka2r/9/1cn1b1nc1/p1p1p3p/6p2/9/P1P1P1P1P/2N1CCN2/9/1RBAKAB1R w,0.801936,8098
1rbaka2r/9/1cn1b1nc1/p1p1p3p/6p2/9/P1P1P1P1P/2N1CCN2/9/1RBAKABR1 b,-0.8020148,727
1rbaka1r1/9/1cn1b1nc1/p1p1p3p/6p2/9/P1P1P1P1P/2N1CCN2/9/1RBAKABR1 w,0.8027408,5087
1rbaka1r1/9/1cn1b1nc1/p1p1p3p/6p2/2P6/P3P1P1P/2N1CCN2/9/1RBAKABR1 b,-0.8021299,1765
1rbaka1r1/9/2n1b1nc1/p1p1p3p/6p2/2P6/Pc2P1P1P/2N1CCN2/9/1RBAKABR1 w,0.8047115,5898
1rbaka1r1/9/2n1b1nc1/p1p1p3p/6p2/2PN5/Pc2P1P1P/4CCN2/9/1RBAKABR1 b,-0.8063819,2311
1rbaka1r1/9/2n1b1n2/p1p1p3p/6p2/2PN5/Pc2P1PcP/4CCN2/9/1RBAKABR1 w,0.8079284,6143
1rbaka1r1/9/2n1bCn2/p1p1p3p/6p2/2PN5/Pc2P1PcP/4C1N2/9/1RBAKABR1 b,-0.8084572,1986
1rbakabr1/9/2n2Cn2/p1p1p3p/6p2/2PN5/Pc2P1PcP/4C1N2/9/1RBAKABR1 w,0.81776637,4351
1rbakabr1/9/2n2Cn2/p1p1N3p/6p2/2P6/Pc2P1PcP/4C1N2/9/1RBAKABR1 b,-0.8047512,1831
1rbakabr1/9/5Cn2/p1p1n3p/6p2/2P6/Pc2P1PcP/4C1N2/9/1RBAKABR1 w,0.8050081,6061
1rbakabr1/9/5Cn2/p1p1C3p/6p2/2P6/Pc2P1PcP/6N2/9/1RBAKABR1 b,-0.7904749,109
2bakabr1/9/1r3Cn2/p1p1C3p/6p2/2P6/Pc2P1PcP/6N2/9/1RBAKABR1 w,0.8022473,2839
2bakabr1/9/1r3Cn2/p1p5p/6p2/2P1C4/Pc2P1PcP/6N2/9/1RBAKABR1 b,-0.79858667,1733
2bakabr1/9/5rn2/p1p5p/6p2/2P1C4/Pc2P1PcP/6N2/9/1RBAKABR1 w,0.80960983,7435
2bakabr1/9/5rn2/p1p5p/6p2/2P1C4/PR2P1PcP/6N2/9/2BAKABR1 b,-0.8064864,2201
2bakabr1/9/5r3/p1p5p/5np2/2P1C4/PR2P1PcP/6N2/9/2BAKABR1 w,0.8140284,4987
2bakabr1/9/5r3/p1p5p/1R3np2/2P1C4/P3P1PcP/6N2/9/2BAKABR1 b,-0.8083652,3750
2bakabr1/9/5r3/p1p5p/1R4p2/2P1C4/P3P1ncP/6N2/9/2BAKABR1 w,0.8193757,3372
2bakabr1/9/5r3/p1p5p/6R2/2P1C4/P3P1ncP/6N2/9/2BAKABR1 b,-0.80544937,5449
2bakabr1/9/5r3/p1p5p/6R2/2P1n4/P3P2cP/6N2/9/2BAKABR1 w,0.8058068,5269
2bakabr1/9/5r3/p1p5p/6R2/2P1P4/P6cP/6N2/9/2BAKABR1 b,-0.7993193,5560
2bakabr1/9/5r3/p1p5p/6R2/2P1P4/P7P/6Nc1/9/2BAKABR1 w,0.8091266,7999
2bakabr1/9/5r3/p1p5p/6R2/2P1P4/P7P/6Nc1/7R1/2BAKAB2 b,-0.7984724,2138
2bakabr1/9/9/p1p5p/6R2/2P1P4/P7P/5rNc1/7R1/2BAKAB2 w,0.80029345,3813
2bakabr1/9/9/p1p3R1p/9/2P1P4/P7P/5rNc1/7R1/2BAKAB2 b,-0.8004975,691
2bakab2/9/9/p1p3R1p/9/2P1P4/P6rP/5rNc1/7R1/2BAKAB2 w,0.81414294,2976
2bakaR2/9/9/p1p5p/9/2P1P4/P6rP/5rNc1/7R1/2BAKAB2 b,-0.8049367,5548
2bakaR2/9/9/p1p5p/9/2P1P4/P3r3P/5rNc1/7R1/2BAKAB2 w,0.83548707,7816
2bakaR2/9/9/p1p5p/9/2P1P4/P3r3P/5rNc1/4A2R1/2BAK1B2 b,-0.8196672,6371
2bakaR2/9/9/p1p5p/9/2P1P4/P3r3P/5rN1c/4A2R1/2BAK1B2 w,0.8517119,7117
2bakaRR1/9/9/p1p5p/9/2P1P4/P3r3P/5rN1c/4A4/2BAK1B2 b,-0.86423403,6479
2bakaRR1/9/9/p1p5p/9/2P1P4/P3r3P/5rN2/4A4/2BAK1B1c w,0.8845691,7897
2bakaRR1/9/9/p1p5p/9/2P1P4/P3r3P/4BrN2/4A4/2BAK3c b,-0.84853566,202
3akaRR1/9/4b4/p1p5p/9/2P1P4/P3r3P/4BrN2/4A4/2BAK3c w,0.87975067,545
3akR1R1/9/4b4/p1p5p/9/2P1P4/P3r3P/4BrN2/4A4/2BAK3c b,-0.8692521,6125
3akr1R1/9/4b4/p1p5p/9/2P1P4/P3r3P/4B1N2/4A4/2BAK3c w,0.8760449,635
3akR3/9/4b4/p1p5p/9/2P1P4/P3r3P/4B1N2/4A4/2BAK3c b,-0.8655208,365
3a1k3/9/4b4/p1p5p/9/2P1P4/P3r3P/4B1N2/4A4/2BAK3c w,0.8666196,6268
3a1k3/9/4b4/p1p5p/9/2P1P4/P3N3P/4B4/4A4/2BAK3c b,-0.8699975,8098
3a1k3/9/4b4/p1p5p/9/2P1P4/P3N3P/4B4/4A4/2BAK2c1 w,0.88243824,4450
3a1k3/9/4b4/p1p5p/4P4/2P6/P3N3P/4B4/4A4/2BAK2c1 b,-0.8765207,7963
3a1k3/9/4b4/p1p5p/4P2c1/2P6/P3N3P/4B4/4A4/2BAK4 w,0.8947267,3631
3a1k3/9/4b4/p1p1P3p/7c1/2P6/P3N3P/4B4/4A4/2BAK4 b,-0.8738507,2022
3a1k3/9/9/p1p1P3p/6bc1/2P6/P3N3P/4B4/4A4/2BAK4 w,0.88097715,2822
3a1k3/9/9/p1p2P2p/6bc1/2P6/P3N3P/4B4/4A4/2BAK4 b,-0.86359733,283
5k3/4a4/9/p1p2P2p/6bc1/2P6/P3N3P/4B4/4A4/2BAK4 w,0.86758924,5271
5k3/4a4/9/p1p2P2p/6bc1/2P3N2/P7P/4B4/4A4/2BAK4 b,-0.8565699,2466
5k3/4a4/9/2p2P2p/p5bc1/2P3N2/P7P/4B4/4A4/2BAK4 w,0.858128,4648
5k3/4a4/9/2p2P2p/p5bc1/2P6/P3N3P/4B4/4A4/2BAK4 b,-0.8536606,3914
5k3/4a4/9/2p2P2p/p5b1c/2P6/P3N3P/4B4/4A4/2BAK4 w,0.8588101,5271
5k3/4a4/9/2p2P2p/p5b1c/2P3N2/P7P/4B4/4A4/2BAK4 b,-0.8555959,4003
5k3/4a4/9/2p2P2p/p5bc1/2P3N2/P7P/4B4/4A4/2BAK4 w,0.8627646,7736
5k3/4a4/9/2p2P2p/p5bc1/2P3N2/P7P/4B4/4A4/2BA1K3 b,-0.85402983,454
4k4/4a4/9/2p2P2p/p5bc1/2P3N2/P7P/4B4/4A4/2BA1K3 w,0.8626537,6906
4k4/4a4/9/2p2P2p/p5bc1/2P3N2/P7P/3AB4/9/2BA1K3 b,-0.8556074,3895
4k4/4a4/7c1/2p2P2p/p5b2/2P3N2/P7P/3AB4/9/2BA1K3 w,0.8687136,4630
4k4/4a4/7c1/2p2P2p/p3N1b2/2P6/P7P/3AB4/9/2BA1K3 b,-0.8624494,2284
4k4/4a4/9/2p2P1cp/p3N1b2/2P6/P7P/3AB4/9/2BA1K3 w,0.8985364,3659
4k4/4a4/9/2p2P1cp/p5b2/2P6/P4N2P/3AB4/9/2BA1K3 b,-0.88676745,3103
4k4/4a4/9/2p2P2p/p5bc1/2P6/P4N2P/3AB4/9/2BA1K3 w,0.89416236,5352
4k4/4a4/9/2p2P2p/p5Nc1/2P6/P7P/3AB4/9/2BA1K3 b,-0.8914343,3886
4k4/4a2c1/9/2p2P2p/p5N2/2P6/P7P/3AB4/9/2BA1K3 w,0.9007617,2903
4k4/4a2c1/5P3/2p5p/p5N2/2P6/P7P/3AB4/9/2BA1K3 b,-0.8848678,1193
4k4/7c1/5a3/2p5p/p5N2/2P6/P7P/3AB4/9/2BA1K3 w,0.89340633,3803
4k4/7c1/5N3/2p5p/p8/2P6/P7P/3AB4/9/2BA1K3 b,-0.8923831,1454
4k4/5c3/5N3/2p5p/p8/2P6/P7P/3AB4/9/2BA1K3 w,0.9049282,2110
4k4/5c3/9/2p5p/p3N4/2P6/P7P/3AB4/9/2BA1K3 b,-0.88962984,1277
4k4/8c/9/2p5p/p3N4/2P6/P7P/3AB4/9/2BA1K3 w,0.8964743,3629
4k4/8c/9/2N5p/p8/2P6/P7P/3AB4/9/2BA1K3 b,-0.8938765,1592
4k4/9/9/2N5p/p8/2P6/P7c/3AB4/9/2BA1K3 w,0.9010386,2622
4k4/3N5/9/8p/p8/2P6/P7c/3AB4/9/2BA1K3 b,-0.8908804,373
9/3Nk4/9/8p/p8/2P6/P7c/3AB4/9/2BA1K3 w,0.8934827,1111
9/4k4/9/4N3p/p8/2P6/P7c/3AB4/9/2BA1K3 b,-0.8898374,5638
9/4k4/9/4N3p/p8/2P6/P3c4/3AB4/9/2BA1K3 w,0.9015626,4268
9/4k4/9/4N3p/p1P6/9/P3c4/3AB4/9/2BA1K3 b,-0.8975605,5279
9/4k4/9/4N3p/p1P6/9/P4c3/3AB4/9/2BA1K3 w,0.90026313,6117
9/4k4/9/4N3p/p1P6/9/P4c3/3A5/9/2BA1KB2 b,-0.8876153,5333
9/4k4/5c3/4N3p/p1P6/9/P8/3A5/9/2BA1KB2 w,0.90225196,3449
9/4k4/5c3/2P1N3p/p8/9/P8/3A5/9/2BA1KB2 b,-0.89211524,3194
9/4k4/5c3/2P1N4/p7p/9/P8/3A5/9/2BA1KB2 w,0.9061259,2832
9/4k4/5c3/2P6/p5N1p/9/P8/3A5/9/2BA1KB2 b,-0.9011876,2094
9/4k4/6c2/2P6/p5N1p/9/P8/3A5/9/2BA1KB2 w,0.8904576,3811
9/4k4/6c2/2P1N4/p7p/9/P8/3A5/9/2BA1KB2 b,-0.88553303,2183
9/4k4/5c3/2P1N4/p7p/9/P8/3A5/9/2BA1KB2 w,0.9001406,2640
9/4k4/5c3/3PN4/p7p/9/P8/3A5/9/2BA1KB2 b,-0.8958129,4013
9/4k4/5c3/3PN4/p8/8p/P8/3A5/9/2BA1KB2 w,0.9053574,2832
9/4k4/5c3/3P5/p5N2/8p/P8/3A5/9/2BA1KB2 b,-0.90998894,2075
5c3/4k4/9/3P5/p5N2/8p/P8/3A5/9/2BA1KB2 w,0.9138092,2721
5c3/4k4/3P5/9/p5N2/8p/P8/3A5/9/2BA1KB2 b,-0.90582657,4822
5c3/4k4/3P5/9/p5N2/7p1/P8/3A5/9/2BA1KB2 w,0.9132404,7537
5c3/4k4/3P5/9/p5N2/7p1/P8/3AB4/9/3A1KB2 b,-0.91090876,491
9/4k4/3P5/9/p4cN2/7p1/P8/3AB4/9/3A1KB2 w,0.9044765,3805
9/4k4/3P3N1/9/p4c3/7p1/P8/3AB4/9/3A1KB2 b,-0.90731657,4741
9/4k4/3P3N1/9/p4c3/9/P6p1/3AB4/9/3A1KB2 w,0.8981605,2282
9/4k4/3P5/5N3/p4c3/9/P6p1/3AB4/9/3A1KB2 b,-0.8963325,1174
4k4/9/3P5/5N3/p4c3/9/P6p1/3AB4/9/3A1KB2 w,0.90051085,1912
4k4/9/4P4/5N3/p4c3/9/P6p1/3AB4/9/3A1KB2 b,-0.9030952,365
5k3/9/4P4/5N3/p4c3/9/P6p1/3AB4/9/3A1KB2 w,0.8963142,7636
5k3/9/4P4/5N3/p4c3/9/P6p1/3AB4/4A4/5KB2 b,-0.89024997,3730
5k3/9/4P4/5N3/p3c4/9/P6p1/3AB4/4A4/5KB2 w,0.8919182,2003
5k3/9/5P3/5N3/p3c4/9/P6p1/3AB4/4A4/5KB2 b,-0.8909492,3631
5k3/9/5P3/4cN3/p8/9/P6p1/3AB4/4A4/5KB2 w,0.90708923,2905
5k3/9/5P1N1/4c4/p8/9/P6p1/3AB4/4A4/5KB2 b,-0.89638907,5550
5k3/9/5P1N1/4c4/p8/9/P5p2/3AB4/4A4/5KB2 w,0.8957084,2084
5k3/5P3/7N1/4c4/p8/9/P5p2/3AB4/4A4/5KB2 b,-0.8968374,454
4k4/5P3/7N1/4c4/p8/9/P5p2/3AB4/4A4/5KB2 w,0.9008694,2292
4k4/5P3/9/4c4/p5N2/9/P5p2/3AB4/4A4/5KB2 b,-0.8995312,2822
4k4/5P3/9/5c3/p5N2/9/P5p2/3AB4/4A4/5KB2 w,0.91182107,3829
4k4/5P3/9/5c3/p8/4N4/P5p2/3AB4/4A4/5KB2 b,-0.9068127,2930
4k4/5P3/9/9/p8/4Nc3/P5p2/3AB4/4A4/5KB2 w,0.91107565,4440
4k4/5P3/9/3N5/p8/5c3/P5p2/3AB4/4A4/5KB2 b,-0.904733,363
3k5/5P3/9/3N5/p8/5c3/P5p2/3AB4/4A4/5KB2 w,0.9138097,1273
3k5/4P4/9/3N5/p8/5c3/P5p2/3AB4/4A4/5KB2 b,-0.91548127,5459
3k5/4P4/9/3N5/p8/5c3/P4p3/3AB4/4A4/5KB2 w,0.9165031,7825
3k5/4P4/9/3N5/p8/5c3/P4p3/3AB4/4A4/4K1B2 b,-0.9104333,4532
3k5/4P4/9/3N1c3/p8/9/P4p3/3AB4/4A4/4K1B2 w,0.93099403,2737
3k5/4P4/9/5c3/pN7/9/P4p3/3AB4/4A4/4K1B2 b,-0.9252417,2908
3k5/4P4/9/1c7/pN7/9/P4p3/3AB4/4A4/4K1B2 w,0.9323632,3378
3k5/4P4/9/1c7/p8/3N5/P4p3/3AB4/4A4/4K1B2 b,-0.9420339,5368
3k5/4P4/9/1c7/p8/3N5/P3p4/3AB4/4A4/4K1B2 w,0.9830652,4349
3k5/4P4/9/1cN6/p8/9/P3p4/3AB4/4A4/4K1B2 b,-0.98924655,2539
3k5/4P4/1c7/2N6/p8/9/P3p4/3AB4/4A4/4K1B2 w,1,2620
rnbakabnr/9/1c5c1/p1p1p1p1p/9/9/P1P1P1P1P/1C5C1/9/RNBAKABNR w,0.80182517,5827
rnbakabnr/9/1c5c1/p1p1p1p1p/9/9/P1P1P1P1P/4C2C1/9/RNBAKABNR b,-0.80176365,110
r1bakabnr/9/1cn4c1/p1p1p1p1p/9/9/P1P1P1P1P/4C2C1/9/RNBAKABNR w,0.80182004,7445
r1bakabnr/9/1cn4c1/p1p1p1p1p/9/9/P1P1P1P1P/2N1C2C1/9/R1BAKABNR b,-0.80183524,562
r1baka1nr/9/1cn1b2c1/p1p1p1p1p/9/9/P1P1P1P1P/2N1C2C1/9/R1BAKABNR w,0.8019352,7372
r1baka1nr/9/1cn1b2c1/p1p1p1p1p/9/9/P1P1P1P1P/2N1C2C1/9/1RBAKABNR b,-0.80177104,1
1rbaka1nr/9/1cn1b2c1/p1p1p1p1p/9/9/P1P1P1P1P/2N1C2C1/9/1RBAKABNR w,0.80169904,6368
1rbaka1nr/9/1cn1b2c1/p1p1p1p1p/9/9/P1P1P1P1P/2N1CC3/9/1RBAKABNR b,-0.80128574,654
1rbaka2r/9/1cn1b1nc1/p1p1p1p1p/9/9/P1P1P1P1P/2N1CC3/9/1RBAKABNR w,0.80154675,7989
1rbaka2r/9/1cn1b1nc1/p1p1p1p1p/9/9/P1P1P1P1P/2N1CCN2/9/1RBAKAB1R b,-0.8013686,3012
1rbaka2r/9/1cn1b1nc1/p1p1p3p/6p2/9/P1P1P1P1P/2N1CCN2/9/1RBAKAB1R w,0.8018862,8098
1rbaka2r/9/1cn1b1nc1/p1p1p3p/6p2/9/P1P1P1P1P/2N1CCN2/9/1RBAKABR1 b,-0.8020107,727
1rbaka1r1/9/1cn1b1nc1/p1p1p3p/6p2/9/P1P1P1P1P/2N1CCN2/9/1RBAKABR1 w,0.8025176,5087
1rbaka1r1/9/1cn1b1nc1/p1p1p3p/6p2/2P6/P3P1P1P/2N1CCN2/9/1RBAKABR1 b,-0.8022262,1765
1rbaka1r1/9/2n1b1nc1/p1p1p3p/6p2/2P6/Pc2P1P1P/2N1CCN2/9/1RBAKABR1 w,0.8047727,5898
1rbaka1r1/9/2n1b1nc1/p1p1p3p/6p2/2PN5/Pc2P1P1P/4CCN2/9/1RBAKABR1 b,-0.8063819,2311
1rbaka1r1/9/2n1b1n2/p1p1p3p/6p2/2PN5/Pc2P1PcP/4CCN2/9/1RBAKABR1 w,0.80782646,6143
1rbaka1r1/9/2n1bCn2/p1p1p3p/6p2/2PN5/Pc2P1PcP/4C1N2/9/1RBAKABR1 b,-0.80890244,1986
1rbakabr1/9/2n2Cn2/p1p1p3p/6p2/2PN5/Pc2P1PcP/4C1N2/9/1RBAKABR1 w,0.81814575,4351
1rbakabr1/9/2n2Cn2/p1p1N3p/6p2/2P6/Pc2P1PcP/4C1N2/9/1RBAKABR1 b,-0.804766,1831
1rbakabr1/9/5Cn2/p1p1n3p/6p2/2P6/Pc2P1PcP/4C1N2/9/1RBAKABR1 w,0.805036,6061
1rbakabr1/9/5Cn2/p1p1C3p/6p2/2P6/Pc2P1PcP/6N2/9/1RBAKABR1 b,-0.7906862,109
2bakabr1/9/1r3Cn2/p1p1C3p/6p2/2P6/Pc2P1PcP/6N2/9/1RBAKABR1 w,0.80187976,2839
2bakabr1/9/1r3Cn2/p1p5p/6p2/2P1C4/Pc2P1PcP/6N2/9/1RBAKABR1 b,-0.79882264,1733
2bakabr1/9/5rn2/p1p5p/6p2/2P1C4/Pc2P1PcP/6N2/9/1RBAKABR1 w,0.8096402,7435
2bakabr1/9/5rn2/p1p5p/6p2/2P1C4/PR2P1PcP/6N2/9/2BAKABR1 b,-0.8082024,2138
2bakabr1/9/6n2/p1p5p/6p2/2P1C4/PR2P1PcP/5rN2/9/2BAKABR1 w,0.8157667,6290
2bakabr1/9/6n2/p1p5p/6p2/2P1C4/PR2P1PcP/5r3/8N/2BAKABR1 b,-0.8048856,5569
2bakabr1/9/6n2/p1p5p/6p2/2P1C4/PR2P1P1P/5r3/7cN/2BAKABR1 w,0.8136962,7897
2bakabr1/9/6n2/p1p5p/6p2/2P1C4/PR2P1P1P/4Br3/7cN/2BAKA1R1 b,-0.80252606,2201
2bakabr1/9/9/p1p5p/5np2/2P1C4/PR2P1P1P/4Br3/7cN/2BAKA1R1 w,0.8096534,7816
2bakabr1/9/9/p1p5p/5np2/2P1C4/PR2P1P1P/4Br3/4A2cN/2BAK2R1 b,-0.80448455,6179
2bakabr1/9/9/p1p5p/5np2/2P1C4/PR2PrP1P/4B4/4A2cN/2BAK2R1 w,0.8099661,5007
2bakabr1/9/9/p1p5p/5np2/2P1C4/P2RPrP1P/4B4/4A2cN/2BAK2R1 b,-0.79789233,3750
2bakabr1/9/9/p1p5p/6p2/2P1C4/P2RPrn1P/4B4/4A2cN/2BAK2R1 w,0.81147945,8007
2bakabr1/9/9/p1p5p/6p2/2P1C4/P2RPrn1P/4B4/4A2cN/2BAK1R2 b,-0.77853864,7198
2bakabr1/9/9/p1p5p/6p2/2P1C4/P2RPrn1P/4B4/4A3N/2BAK1Rc1 w,0.7725335,7899
2bakabr1/9/9/p1p5p/6p2/2P1C4/P2RPrn1P/4B1R2/4A3N/2BAK2c1 b,-0.7590464,8009
2bakabr1/9/9/p1p5p/6p2/2P1C4/P2RPrn1P/4B1R2/4A3N/2BAK3c w,0.7549816,6278
2bakabr1/9/9/p1p5p/6p2/2P1C4/P2RPrn1P/4BR3/4A3N/2BAK3c b,-0.74989897,5378
2bakabr1/9/9/p1p5p/6p2/2P1C4/P2RP1n1P/4Br3/4A3N/2BAK3c w,0.762245,6908
2bakabr1/9/9/p1p5p/6p2/2P1C4/P2RP1n1P/4BA3/8N/2BAK3c b,-0.7560731,718
2bakab2/9/9/p1p5p/6p2/2P1C4/P2RP1n1P/4BA3/8N/2BAK2rc w,0.7516155,7726
2bakab2/9/9/p1p5p/6p2/2P1C4/P2RP1n1P/4BA3/4K3N/2BA3rc b,-0.746838,7999
2bakab2/9/9/p1p5p/6p2/2P1C4/P2RP1n1P/4BA3/4K2rN/2BA4c w,0.7447465,6925
2bakab2/9/9/p1p5p/6p2/2P1C4/P2RP1n1P/4BA3/7rN/2BAK3c b,-0.73329747,5477
2bakab2/9/9/p1p5p/6p2/2P1C4/P2RP3P/4BA3/5n1rN/2BAK3c w,0.7635256,7636
2bakab2/9/9/p1p5p/6p2/2P1C4/P2RP3P/4BA3/4An1rN/2B1K3c b,-0.75004345,7190
2bakab2/9/9/p1p5p/6p2/2P1C4/P2RP3P/4BA3/4An2r/2B1K3c w,0.75832313,5160
2bakab2/9/9/p1pR4p/6p2/2P1C4/P3P3P/4BA3/4An2r/2B1K3c b,-0.7445962,7262
2bakab2/9/9/p1pR4p/6p2/2P1C4/P3P3r/4BA3/4An3/2B1K3c w,0.7488585,2731
2bakab2/9/9/p1p1R3p/6p2/2P1C4/P3P3r/4BA3/4An3/2B1K3c b,-0.7612323,283
2b1kab2/4a4/9/p1p1R3p/6p2/2P1C4/P3P3r/4BA3/4An3/2B1K3c w,0.8589509,2825
2b1kab2/4a4/9/p1p5R/6p2/2P1C4/P3P3r/4BA3/4An3/2B1K3c b,-0.8580776,202
4kab2/4a4/4b4/p1p5R/6p2/2P1C4/P3P3r/4BA3/4An3/2B1K3c w,0.8675466,3212
4kab2/4a4/4b4/p1p6/6p2/2P1C4/P3P3R/4BA3/4An3/2B1K3c b,-0.85692346,7000
4kab2/4a4/4b4/p1p6/6p2/2P1C4/P3P3R/4BA1n1/4A4/2B1K3c w,0.89881915,5651
4kab2/4a4/4b4/p1p6/6p2/2P1C4/P3P4/4BA1nR/4A4/2B1K3c b,-0.8838985,2648
4kab2/4a4/4b4/p8/2p3p2/2P1C4/P3P4/4BA1nR/4A4/2B1K3c w,0.88914794,6460
4kab2/4a4/4b4/p8/2p3p2/2P1C4/P3P4/4BA1R1/4A4/2B1K3c b,-0.8807214,3467
4kab2/4a4/4b4/p8/6p2/2p1C4/P3P4/4BA1R1/4A4/2B1K3c w,0.8930914,6334
4kab2/4a4/4b4/p6R1/6p2/2p1C4/P3P4/4BA3/4A4/2B1K3c b,-0.88408,4278
4kab2/4a4/4b4/p6R1/6p2/3pC4/P3P4/4BA3/4A4/2B1K3c w,0.8953115,4450
4kab2/4a4/4b4/p6R1/4C1p2/3p5/P3P4/4BA3/4A4/2B1K3c b,-0.88661367,2466
4kab2/4a4/4b4/7R1/p3C1p2/3p5/P3P4/4BA3/4A4/2B1K3c w,0.9210338,3087
4kab2/4a4/4b4/R8/p3C1p2/3p5/P3P4/4BA3/4A4/2B1K3c b,-0.90519136,363
3k1ab2/4a4/4b4/R8/p3C1p2/3p5/P3P4/4BA3/4A4/2B1K3c w,0.9122423,2460
3k1ab2/4a4/4b4/3R5/p3C1p2/3p5/P3P4/4BA3/4A4/2B1K3c b,-0.90881795,274
4kab2/4a4/4b4/3R5/p3C1p2/3p5/P3P4/4BA3/4A4/2B1K3c w,0.9142616,2748
4kab2/4a4/4b4/9/p3C1p2/3R5/P3P4/4BA3/4A4/2B1K3c b,-0.91351885,8045
4kab2/4a4/4b4/8c/p3C1p2/3R5/P3P4/4BA3/4A4/2B1K4 w,0.9131739,4350
4kab2/4a4/4b4/3R4c/p3C1p2/9/P3P4/4BA3/4A4/2B1K4 b,-0.91096973,3176
4kab2/4a4/4b3c/3R5/p3C1p2/9/P3P4/4BA3/4A4/2B1K4 w,0.9239289,2727
4kab2/4a4/4b3c/R8/p3C1p2/9/P3P4/4BA3/4A4/2B1K4 b,-0.9100982,363
3k1ab2/4a4/4b3c/R8/p3C1p2/9/P3P4/4BA3/4A4/2B1K4 w,0.9163876,2466
3k1ab2/4a4/4b3c/9/R3C1p2/9/P3P4/4BA3/4A4/2B1K4 b,-0.9140486,2375
3k1ab2/4a4/4b4/8c/R3C1p2/9/P3P4/4BA3/4A4/2B1K4 w,0.9248999,3240
R2k1ab2/4a4/4b4/8c/4C1p2/9/P3P4/4BA3/4A4/2B1K4 b,-0.9261725,282
R4ab2/3ka4/4b4/8c/4C1p2/9/P3P4/4BA3/4A4/2B1K4 w,0.93565404,27
5ab2/3ka4/4b4/R7c/4C1p2/9/P3P4/4BA3/4A4/2B1K4 b,-0.9238935,3176
5ab2/3ka4/4b3c/R8/4C1p2/9/P3P4/4BA3/4A4/2B1K4 w,0.9305552,3649
5ab2/3ka4/4b3c/R8/6p2/4C4/P3P4/4BA3/4A4/2B1K4 b,-0.9107003,1083
3k1ab2/4a4/4b3c/R8/6p2/4C4/P3P4/4BA3/4A4/2B1K4 w,0.9191958,2460
3k1ab2/4a4/4b3c/3R5/6p2/4C4/P3P4/4BA3/4A4/2B1K4 b,-0.92429274,1191
3k1ab2/9/3ab3c/3R5/6p2/4C4/P3P4/4BA3/4A4/2B1K4 w,0.9299792,4905
3k1ab2/9/3ab3c/3R5/6p2/P3C4/4P4/4BA3/4A4/2B1K4 b,-0.91619766,463
3k2b2/4a4/3ab3c/3R5/6p2/P3C4/4P4/4BA3/4A4/2B1K4 w,0.91747236,2728
3k2b2/4a4/3ab3c/1R7/6p2/P3C4/4P4/4BA3/4A4/2B1K4 b,-0.91084135,1982
2bk2b2/4a4/3a4c/1R7/6p2/P3C4/4P4/4BA3/4A4/2B1K4 w,0.9187965,2553
2bk2b2/4a4/3a4c/6R2/6p2/P3C4/4P4/4BA3/4A4/2B1K4 b,-0.91240746,562
2bk5/4a4/3ab3c/6R2/6p2/P3C4/4P4/4BA3/4A4/2B1K4 w,0.91984373,4086
2bk5/4a4/3ab3c/6R2/P5p2/4C4/4P4/4BA3/4A4/2B1K4 b,-0.9162251,2363
2bk5/4a4/3abc3/6R2/P5p2/4C4/4P4/4BA3/4A4/2B1K4 w,0.91778284,3267
2bk5/4a4/3abc3/P5R2/6p2/4C4/4P4/4BA3/4A4/2B1K4 b,-0.91992754,2075
2bk1c3/4a4/3ab4/P5R2/6p2/4C4/4P4/4BA3/4A4/2B1K4 w,0.9256077,4463
2bk1c3/4a4/3ab4/P5R2/6p2/8C/4P4/4BA3/4A4/2B1K4 b,-0.90812504,274
2b1kc3/4a4/3ab4/P5R2/6p2/8C/4P4/4BA3/4A4/2B1K4 w,0.9174682,2458
2b1kc3/4a4/3ab4/1P4R2/6p2/8C/4P4/4BA3/4A4/2B1K4 b,-0.92166173,458
2b1k3c/4a4/3ab4/1P4R2/6p2/8C/4P4/4BA3/4A4/2B1K4 w,0.92723745,4805
2b1k3c/4a4/3ab4/1P4R1C/6p2/9/4P4/4BA3/4A4/2B1K4 b,-0.9240467,725
2b1kc3/4a4/3ab4/1P4R1C/6p2/9/4P4/4BA3/4A4/2B1K4 w,0.92804265,2549
2b1kc3/4a4/3ab4/2P3R1C/6p2/9/4P4/4BA3/4A4/2B1K4 b,-0.92806786,458
2b1k3c/4a4/3ab4/2P3R1C/6p2/9/4P4/4BA3/4A4/2B1K4 w,0.92920625,2630
2b1k3c/4a4/2Pab4/6R1C/6p2/9/4P4/4BA3/4A4/2B1K4 b,-0.923441,725
2b1kc3/4a4/2Pab4/6R1C/6p2/9/4P4/4BA3/4A4/2B1K4 w,0.93210804,1811
2b1kc3/2P1a4/3ab4/6R1C/6p2/9/4P4/4BA3/4A4/2B1K4 b,-0.93396056,458
2b1k3c/2P1a4/3ab4/6R1C/6p2/9/4P4/4BA3/4A4/2B1K4 w,0.93958306,1002
2b1k3c/3Pa4/3ab4/6R1C/6p2/9/4P4/4BA3/4A4/2B1K4 b,-0.9353417,725
2b1kc3/3Pa4/3ab4/6R1C/6p2/9/4P4/4BA3/4A4/2B1K4 w,0.9472477,2994
2b1kc3/3Pa4/3ab1R2/8C/6p2/9/4P4/4BA3/4A4/2B1K4 b,-0.9360208,464
2b1k4/3Pac3/3ab1R2/8C/6p2/9/4P4/4BA3/4A4/2B1K4 w,0.9437602,2166
2b1k1R2/3Pac3/3ab4/8C/6p2/9/4P4/4BA3/4A4/2B1K4 b,-0.9363348,1175
2b1kaR2/3P1c3/3ab4/8C/6p2/9/4P4/4BA3/4A4/2B1K4 w,0.94086957,555
2b1ka3/3P1cR2/3ab4/8C/6p2/9/4P4/4BA3/4A4/2B1K4 b,-0.9389166,1283
2b1ka3/3P2R2/3abc3/8C/6p2/9/4P4/4BA3/4A4/2B1K4 w,0.94823474,1364
2b1ka3/3P1R3/3abc3/8C/6p2/9/4P4/4BA3/4A4/2B1K4 b,-0.94935143,2096
2b1ka3/3P1R3/3ab3c/8C/6p2/9/4P4/4BA3/4A4/2B1K4 w,0.9492313,3181
2b1ka3/3P1R3/3ab3c/4C4/6p2/9/4P4/4BA3/4A4/2B1K4 b,-0.9529576,2018
2b1ka3/3P1R3/3a4c/4C4/2b3p2/9/4P4/4BA3/4A4/2B1K4 w,0.96353567,1301
2b1ka3/3P5/3a4c/4C4/2b2Rp2/9/4P4/4BA3/4A4/2B1K4 b,-0.95048016,198
4ka3/3P5/b2a4c/4C4/2b2Rp2/9/4P4/4BA3/4A4/2B1K4 w,0.9525941,3732
4ka3/3P5/b2a4c/4C4/2b3R2/9/4P4/4BA3/4A4/2B1K4 b,-0.9555297,2357
4ka3/3P4c/b2a5/4C4/2b3R2/9/4P4/4BA3/4A4/2B1K4 w,0.96846783,3819
4ka3/3P4c/b2a5/4C4/2bR5/9/4P4/4BA3/4A4/2B1K4 b,-0.9620628,1556
4ka3/3P5/b2a4c/4C4/2bR5/9/4P4/4BA3/4A4/2B1K4 w,0.96347445,3531
4ka3/3P5/b2R4c/4C4/2b6/9/4P4/4BA3/4A4/2B1K4 b,-0.96520555,2357
4ka3/3P4c/b2R5/4C4/2b6/9/4P4/4BA3/4A4/2B1K4 w,0.96906877,1912
4ka3/3P4c/b3R4/4C4/2b6/9/4P4/4BA3/4A4/2B1K4 b,-0.9685202,463
4k4/3Pa3c/b3R4/4C4/2b6/9/4P4/4BA3/4A4/2B1K4 w,0.9846475,1093
4k4/4P3c/b3R4/4C4/2b6/9/4P4/4BA3/4A4/2B1K4 b,-0.9802864,365
5k3/4P3c/b3R4/4C4/2b6/9/4P4/4BA3/4A4/2B1K4 w,0.9913907,2004
5k3/4P3c/b5R2/4C4/2b6/9/4P4/4BA3/4A4/2B1K4 b,-0.9917329,1622
2b2k3/4P3c/6R2/4C4/2b6/9/4P4/4BA3/4A4/2B1K4 w,1,2166
rnbakabnr/9/1c5c1/p1p1p1p1p/9/9/P1P1P1P1P/1C5C1/9/RNBAKABNR w,-0.7981728,5827
rnbakabnr/9/1c5c1/p1p1p1p1p/9/9/P1P1P1P1P/4C2C1/9/RNBAKABNR b,0.79822135,110
r1bakabnr/9/1cn4c1/p1p1p1p1p/9/9/P1P1P1P1P/4C2C1/9/RNBAKABNR w,-0.79816985,7445
r1bakabnr/9/1cn4c1/p1p1p1p1p/9/9/P1P1P1P1P/2N1C2C1/9/R1BAKABNR b,0.79819286,562
r1baka1nr/9/1cn1b2c1/p1p1p1p1p/9/9/P1P1P1P1P/2N1C2C1/9/R1BAKABNR w,-0.7980693,7372
r1baka1nr/9/1cn1b2c1/p1p1p1p1p/9/9/P1P1P1P1P/2N1C2C1/9/1RBAKABNR b,0.79822755,1
1rbaka1nr/9/1cn1b2c1/p1p1p1p1p/9/9/P1P1P1P1P/2N1C2C1/9/1RBAKABNR w,-0.79828745,6368
1rbaka1nr/9/1cn1b2c1/p1p1p1p1p/9/9/P1P1P1P1P/2N1CC3/9/1RBAKABNR b,0.79872113,654
1rbaka2r/9/1cn1b1nc1/p1p1p1p1p/9/9/P1P1P1P1P/2N1CC3/9/1RBAKABNR w,-0.7983996,7989
1rbaka2r/9/1cn1b1nc1/p1p1p1p1p/9/9/P1P1P1P1P/2N1CCN2/9/1RBAKAB1R b,0.7986161,3012
1rbaka2r/9/1cn1b1nc1/p1p1p3p/6p2/9/P1P1P1P1P/2N1CCN2/9/1RBAKAB1R w,-0.7981277,8098
1rbaka2r/9/1cn1b1nc1/p1p1p3p/6p2/9/P1P1P1P1P/2N1CCN2/9/1RBAKABR1 b,0.7980907,727
1rbaka1r1/9/1cn1b1nc1/p1p1p3p/6p2/9/P1P1P1P1P/2N1CCN2/9/1RBAKABR1 w,-0.79722536,5087
1rbaka1r1/9/1cn1b1nc1/p1p1p3p/6p2/2P6/P3P1P1P/2N1CCN2/9/1RBAKABR1 b,0.79777384,1765
1rbaka1r1/9/2n1b1nc1/p1p1p3p/6p2/2P6/Pc2P1P1P/2N1CCN2/9/1RBAKABR1 w,-0.79479766,5898
1rbaka1r1/9/2n1b1nc1/p1p1p3p/6p2/2PN5/Pc2P1P1P/4CCN2/9/1RBAKABR1 b,0.7934622,2311
1rbaka1r1/9/2n1b1n2/p1p1p3p/6p2/2PN5/Pc2P1PcP/4CCN2/9/1RBAKABR1 w,-0.7920583,6143
1rbaka1r1/9/2n1bCn2/p1p1p3p/6p2/2PN5/Pc2P1PcP/4C1N2/9/1RBAKABR1 b,0.7910976,1986
1rbakabr1/9/2n2Cn2/p1p1p3p/6p2/2PN5/Pc2P1PcP/4C1N2/9/1RBAKABR1 w,-0.7818543,4351
1rbakabr1/9/2n2Cn2/p1p1N3p/6p2/2P6/Pc2P1PcP/4C1N2/9/1RBAKABR1 b,0.7952488,1831
1rbakabr1/9/5Cn2/p1p1n3p/6p2/2P6/Pc2P1PcP/4C1N2/9/1RBAKABR1 w,-0.79490095,6061
1rbakabr1/9/5Cn2/p1p1C3p/6p2/2P6/Pc2P1PcP/6N2/9/1RBAKABR1 b,0.8092104,109
2bakabr1/9/1r3Cn2/p1p1C3p/6p2/2P6/Pc2P1PcP/6N2/9/1RBAKABR1 w,-0.79811496,2839
2bakabr1/9/1r3Cn2/p1p5p/6p2/2P1C4/Pc2P1PcP/6N2/9/1RBAKABR1 b,0.8014548,1733
2bakabr1/9/5rn2/p1p5p/6p2/2P1C4/Pc2P1PcP/6N2/9/1RBAKABR1 w,-0.7903309,7435
2bakabr1/9/5rn2/p1p5p/6p2/2P1C4/PR2P1PcP/6N2/9/2BAKABR1 b,0.7978049,3831
2bakabr1/9/5rn2/p1p5p/9/2P1C1p2/PR2P1PcP/6N2/9/2BAKABR1 w,-0.78404486,6290
2bakabr1/9/5rn2/p1p5p/9/2P1C1p2/PR2P1PcP/9/8N/2BAKABR1 b,0.79635257,5569
2bakabr1/9/5rn2/p1p5p/9/2P1C1p2/PR2P1P1P/9/7cN/2BAKABR1 w,-0.7863293,7261
2bakabr1/9/5rn2/p1p5p/9/2P1C1p2/PR2P1PNP/9/7c1/2BAKABR1 b,0.8172569,691
2bakab2/9/5rn2/p1p5p/9/2P1C1p2/PR2P1PrP/9/7c1/2BAKABR1 w,-0.80781394,7897
2bakab2/9/5rn2/p1p5p/9/2P1C1p2/PR2P1PrP/4B4/7c1/2BAKA1R1 b,0.83044106,2201
2bakab2/9/5r3/p1p5p/5n3/2P1C1p2/PR2P1PrP/4B4/7c1/2BAKA1R1 w,-0.82152086,5451
2bakab2/9/5r3/p1p5p/5n3/2P1C1P2/PR2P2rP/4B4/7c1/2BAKA1R1 b,0.8241372,3748
2bakab2/9/5r3/p1p5p/9/2P1C1P2/PR2n2rP/4B4/7c1/2BAKA1R1 w,-0.8014291,7999
2bakab2/9/5r3/p1p5p/9/2P1C1P2/PR2n2rP/4B4/7R1/2BAKA3 b,0.8098497,5569
2bakab2/9/5r3/p1p5p/9/2P1C1P2/PR2n3P/4B4/7r1/2BAKA3 w,-0.80342174,5008
2bakab2/9/5r3/p1p5p/9/2P1C1P2/P3R3P/4B4/7r1/2BAKA3 b,0.81215876,7187
2bakab2/9/5r3/p1p5p/9/2P1C1P2/P3R3P/4B4/5r3/2BAKA3 w,-0.8108427,7636
2bakab2/9/5r3/p1p5p/9/2P1C1P2/P3R3P/4B4/4Ar3/2B1KA3 b,0.8203755,6989
2bakab2/9/5r3/p1p5p/9/2P1C1P2/P3Rr2P/4B4/4A4/2B1KA3 w,-0.8080542,5279
2bakab2/9/5r3/p1p5p/9/2P1C1P2/P4R2P/4B4/4A4/2B1KA3 b,0.8112882,2129
2bakab2/9/9/p1p5p/9/2P1C1P2/P4r2P/4B4/4A4/2B1KA3 w,-0.8093935,5633
2bakab2/9/9/p1p5p/9/2P1C1P1P/P4r3/4B4/4A4/2B1KA3 b,0.8107907,5368
2bakab2/9/9/p1p5p/9/2P1C1P1P/P3r4/4B4/4A4/2B1KA3 w,-0.81122863,4460
2bakab2/9/9/p1p5p/9/2P2CP1P/P3r4/4B4/4A4/2B1KA3 b,0.8125936,5242
2bakab2/9/4r4/p1p5p/9/2P2CP1P/P8/4B4/4A4/2B1KA3 w,-0.8082015,4632
2bakab2/9/4r4/p1p5p/6P2/2P2C2P/P8/4B4/4A4/2B1KA3 b,0.81217235,2038
2bakab2/9/9/p1p5p/6P2/2P2C2P/P3r4/4B4/4A4/2B1KA3 w,-0.80971366,4577
2bakab2/9/9/p1p5p/6P2/2P5P/P3r4/4B4/4AC3/2B1KA3 b,0.8116892,5274
2bakab2/9/9/p1p5p/6P2/2P5P/r8/4B4/4AC3/2B1KA3 w,-0.8104342,6924
2bakab2/9/9/p1p5p/6P2/2P5P/r8/4B4/5C3/2BAKA3 b,0.8134698,4920
2bakab2/9/9/p1p5p/6P2/2P5P/6r2/4B4/5C3/2BAKA3 w,-0.80918217,3823
2bakab2/9/9/p1p5p/7P1/2P5P/6r2/4B4/5C3/2BAKA3 b,0.8110197,5478
2bakab2/9/9/p1p5p/7P1/2P5P/9/4B4/5Cr2/2BAKA3 w,-0.8096616,7006
2bakab2/9/9/p1p5p/7P1/2P5P/9/4B4/4C1r2/2BAKA3 b,0.8124342,463
2bak1b2/4a4/9/p1p5p/7P1/2P5P/9/4B4/4C1r2/2BAKA3 w,-0.8088275,3904
2bak1b2/4a4/9/p1p4Pp/9/2P5P/9/4B4/4C1r2/2BAKA3 b,0.8237818,7097
2bak1b2/4a4/9/p1p4Pp/9/2P5P/9/4B4/4Cr3/2BAKA3 w,-0.83022726,3093
2bak1b2/4a4/9/p1p3P1p/9/2P5P/9/4B4/4Cr3/2BAKA3 b,0.8450529,365
2ba1kb2/4a4/9/p1p3P1p/9/2P5P/9/4B4/4Cr3/2BAKA3 w,-0.8375816,3002
2ba1kb2/4a4/9/p1p2P2p/9/2P5P/9/4B4/4Cr3/2BAKA3 b,0.8395247,6962
2ba1kb2/4a4/9/p1p2r2p/9/2P5P/9/4B4/4C4/2BAKA3 w,-0.8434638,6914
2ba1kb2/4a4/9/p1p2r2p/9/2P5P/9/4B4/2C6/2BAKA3 b,0.8599654,2966
2ba1kb2/4a4/9/p1p5p/9/2P5P/9/4B4/2C6/2BAKr3 w,-0.85796183,7726
2ba1kb2/4a4/9/p1p5p/9/2P5P/9/4B4/2C1K4/2BA1r3 b,0.86690056,7824
2ba1kb2/4a4/9/p1p5p/9/2P5P/9/4B4/2C1K4/2Br5 w,-0.8591531,6689
2ba1kb2/4a4/9/p1C5p/9/2P5P/9/4B4/4K4/2Br5 b,0.8648118,7608
2ba1kb2/4a4/9/p1C5p/9/2Pr4P/9/4B4/4K4/2B6 w,-0.8670988,2642
2ba1kb2/4a4/9/p4C2p/9/2Pr4P/9/4B4/4K4/2B6 b,0.87153506,4373
2ba1kb2/4a4/9/p4C2p/9/2P5r/9/4B4/4K4/2B6 w,-0.86239797,2966
2ba1kb2/4a4/9/p7p/9/2P5r/9/4B4/4K4/2B2C3 b,0.87679523,4859
2ba1kb2/4a4/9/p7p/9/2P6/9/4B4/4K4/2B2C2r w,-0.8642381,7781
2ba1kb2/4a4/9/p7p/5C3/2P6/9/4B4/4K4/2B5r b,0.86007565,8090
2ba1kb2/4a4/9/p7p/5C3/2P6/9/4B4/4K3r/2B6 w,-0.8682291,6925
2ba1kb2/4a4/9/p7p/5C3/2P6/9/4B4/8r/2B1K4 b,0.8832555,198
3a1kb2/4a4/b8/p7p/5C3/2P6/9/4B4/8r/2B1K4 w,-0.8738331,3776
3a1kb2/4a4/b8/p7p/9/2P6/9/4B4/8r/2B1KC3 b,0.87701315,454
3ak1b2/4a4/b8/p7p/9/2P6/9/4B4/8r/2B1KC3 w,-0.8763543,7827
3ak1b2/4a4/b8/p7p/9/2P6/9/4B4/8r/2B1K1C2 b,0.88351345,2466
3ak1b2/4a4/b8/8p/p8/2P6/9/4B4/8r/2B1K1C2 w,-0.8803737,7863
3ak1b2/4a4/b8/6C1p/p8/2P6/9/4B4/8r/2B1K4 b,0.8944955,7275
3ak1b2/4a4/b8/6C1p/p8/2P6/9/4B4/3r5/2B1K4 w,-0.8903988,2998
3ak1b2/4a4/b8/1C6p/p8/2P6/9/4B4/3r5/2B1K4 b,0.8997503,3285
3ak1b2/4a4/b8/1C6p/9/p1P6/9/4B4/3r5/2B1K4 w,-0.89152676,4268
3ak1b2/4a4/b8/1C6p/2P6/p8/9/4B4/3r5/2B1K4 b,0.8945225,562
3ak4/4a4/b3b4/1C6p/2P6/p8/9/4B4/3r5/2B1K4 w,-0.884938,3449
3ak4/4a4/b3b4/1CP5p/9/p8/9/4B4/3r5/2B1K4 b,0.8922455,3194
3ak4/4a4/b3b4/1CP6/8p/p8/9/4B4/3r5/2B1K4 w,-0.9000925,2521
1C1ak4/4a4/b3b4/2P6/8p/p8/9/4B4/3r5/2B1K4 b,0.8959133,1622
1Cbak4/4a4/4b4/2P6/8p/p8/9/4B4/3r5/2B1K4 w,-0.8981093,2630
1Cbak4/4a4/2P1b4/9/8p/p8/9/4B4/3r5/2B1K4 b,0.89799064,6824
1Cbak4/4a4/2P1b4/9/8p/p8/9/4B4/2r6/2B1K4 w,-0.88877726,1819
1Cbak4/4a4/1P2b4/9/8p/p8/9/4B4/2r6/2B1K4 b,0.89404196,6689
1Cbak4/4a4/1P2b4/2r6/8p/p8/9/4B4/9/2B1K4 w,-0.89687824,1720
1Cbak4/1P2a4/4b4/2r6/8p/p8/9/4B4/9/2B1K4 b,0.9019614,4104
1Cbak4/1P2a4/4b4/2r6/8p/9/p8/4B4/9/2B1K4 w,-0.90362257,90
C1bak4/1P2a4/4b4/2r6/8p/9/p8/4B4/9/2B1K4 b,0.9024252,4915
C1bak4/1P2a4/4b4/2r6/8p/9/1p7/4B4/9/2B1K4 w,-0.90928936,1
1Cbak4/1P2a4/4b4/2r6/8p/9/1p7/4B4/9/2B1K4 b,0.91695356,5006
1Cbak4/1P2a4/4b4/2r6/8p/9/2p6/4B4/9/2B1K4 w,-0.90779865,7736
1Cbak4/1P2a4/4b4/2r6/8p/9/2p6/4B4/9/2B2K3 b,0.92245835,5105
1Cbak4/1P2a4/4b4/2r6/8p/9/9/2p1B4/9/2B2K3 w,-0.9226402,90
C1bak4/1P2a4/4b4/2r6/8p/9/9/2p1B4/9/2B2K3 b,0.9264122,5924
C1bak4/1P2a4/4b4/2r6/8p/9/9/4B4/2p6/2B2K3 w,-0.92825234,7817
C1bak4/1P2a4/4b4/2r6/8p/9/9/4B4/2p2K3/2B6 b,0.9508097,6735
C1bak4/1P2a4/4b4/2r6/8p/9/9/4B4/3p1K3/2B6 w,-0.93902636,7016
C1bak4/1P2a4/4b4/2r6/8p/9/9/4B4/3p5/2B2K3 b,0.93999577,2693
C1bak4/1P2a4/4b4/9/8p/9/9/4B4/3p5/2r2K3 w,-0.9576515,7817
C1bak4/1P2a4/4b4/9/8p/9/9/4B4/3p1K3/2r6 b,0.97119045,7526
C1bak4/1P2a4/4b4/9/8p/9/2r6/4B4/3p1K3/9 w,-0.96227694,7016
C1bak4/1P2a4/4b4/9/8p/9/2r6/4B4/3p5/5K3 b,0.99501705,6826
C1bak4/1P2a4/4b4/9/8p/9/2r6/4B4/4p4/5K3 w,-0.999354,72
2bak4/1P2a4/4b4/9/8p/9/2r6/4B4/C3p4/5K3 b,1,5099
rnbakabnr/9/1c5c1/p1p1p1p1p/9/9/P1P1P1P1P/1C5C1/9/RNBAKABNR w,-0.7981823,5827
rnbakabnr/9/1c5c1/p1p1p1p1p/9/9/P1P1P1P1P/4C2C1/9/RNBAKABNR b,0.79821646,110
r1bakabnr/9/1cn4c1/p1p1p1p1p/9/9/P1P1P1P1P/4C2C1/9/RNBAKABNR w,-0.79816854,7445
r1bakabnr/9/1cn4c1/p1p1p1p1p/9/9/P1P1P1P1P/2N1C2C1/9/R1BAKABNR b,0.79819286,562
r1baka1nr/9/1cn1b2c1/p1p1p1p1p/9/9/P1P1P1P1P/2N1C2C1/9/R1BAKABNR w,-0.7980412,7372
r1baka1nr/9/1cn1b2c1/p1p1p1p1p/9/9/P1P1P1P1P/2N1C2C1/9/1RBAKABNR b,0.7982252,1
1rbaka1nr/9/1cn1b2c1/p1p1p1p1p/9/9/P1P1P1P1P/2N1C2C1/9/1RBAKABNR w,-0.79828364,6368
1rbaka1nr/9/1cn1b2c1/p1p1p1p1p/9/9/P1P1P1P1P/2N1CC3/9/1RBAKABNR b,0.7986956,654
1rbaka2r/9/1cn1b1nc1/p1p1p1p1p/9/9/P1P1P1P1P/2N1CC3/9/1RBAKABNR w,-0.79840535,7989
1rbaka2r/9/1cn1b1nc1/p1p1p1p1p/9/9/P1P1P1P1P/2N1CCN2/9/1RBAKAB1R b,0.7986124,3012
1rbaka2r/9/1cn1b1nc1/p1p1p3p/6p2/9/P1P1P1P1P/2N1CCN2/9/1RBAKAB1R w,-0.79809916,8098
1rbaka2r/9/1cn1b1nc1/p1p1p3p/6p2/9/P1P1P1P1P/2N1CCN2/9/1RBAKABR1 b,0.79798746,727
1rbaka1r1/9/1cn1b1nc1/p1p1p3p/6p2/9/P1P1P1P1P/2N1CCN2/9/1RBAKABR1 w,-0.79748696,5087
1rbaka1r1/9/1cn1b1nc1/p1p1p3p/6p2/2P6/P3P1P1P/2N1CCN2/9/1RBAKABR1 b,0.79784644,1765
1rbaka1r1/9/2n1b1nc1/p1p1p3p/6p2/2P6/Pc2P1P1P/2N1CCN2/9/1RBAKABR1 w,-0.794959,5898
1rbaka1r1/9/2n1b1nc1/p1p1p3p/6p2/2PN5/Pc2P1P1P/4CCN2/9/1RBAKABR1 b,0.79349846,2311
1rbaka1r1/9/2n1b1n2/p1p1p3p/6p2/2PN5/Pc2P1PcP/4CCN2/9/1RBAKABR1 w,-0.7920708,6143
1rbaka1r1/9/2n1bCn2/p1p1p3p/6p2/2PN5/Pc2P1PcP/4C1N2/9/1RBAKABR1 b,0.79172003,1986
1rbakabr1/9/2n2Cn2/p1p1p3p/6p2/2PN5/Pc2P1PcP/4C1N2/9/1RBAKABR1 w,-0.7818543,4351
1rbakabr1/9/2n2Cn2/p1p1N3p/6p2/2P6/Pc2P1PcP/4C1N2/9/1RBAKABR1 b,0.7952188,1831
1rbakabr1/9/5Cn2/p1p1n3p/6p2/2P6/Pc2P1PcP/4C1N2/9/1RBAKABR1 w,-0.7951684,6061
1rbakabr1/9/5Cn2/p1p1C3p/6p2/2P6/Pc2P1PcP/6N2/9/1RBAKABR1 b,0.8091318,109
2bakabr1/9/1r3Cn2/p1p1C3p/6p2/2P6/Pc2P1PcP/6N2/9/1RBAKABR1 w,-0.7977138,2839
2bakabr1/9/1r3Cn2/p1p5p/6p2/2P1C4/Pc2P1PcP/6N2/9/1RBAKABR1 b,0.8015775,1733
2bakabr1/9/5rn2/p1p5p/6p2/2P1C4/Pc2P1PcP/6N2/9/1RBAKABR1 w,-0.79028755,7435
2bakabr1/9/5rn2/p1p5p/6p2/2P1C4/PR2P1PcP/6N2/9/2BAKABR1 b,0.79297215,2201
2bakabr1/9/5r3/p1p5p/5np2/2P1C4/PR2P1PcP/6N2/9/2BAKABR1 w,-0.78677565,4987
2bakabr1/9/5r3/p1p5p/1R3np2/2P1C4/P3P1PcP/6N2/9/2BAKABR1 b,0.79155076,3750
2bakabr1/9/5r3/p1p5p/1R4p2/2P1C4/P3P1ncP/6N2/9/2BAKABR1 w,-0.78261685,3372
2bakabr1/9/5r3/p1p5p/6R2/2P1C4/P3P1ncP/6N2/9/2BAKABR1 b,0.79455066,5449
2bakabr1/9/5r3/p1p5p/6R2/2P1n4/P3P2cP/6N2/9/2BAKABR1 w,-0.7941932,5269
2bakabr1/9/5r3/p1p5p/6R2/2P1P4/P6cP/6N2/9/2BAKABR1 b,0.8003573,2129
2bakabr1/9/9/p1p5p/6R2/2P1P4/P4r1cP/6N2/9/2BAKABR1 w,-0.79722923,3813
2bakabr1/9/9/p1p3R1p/9/2P1P4/P4r1cP/6N2/9/2BAKABR1 b,0.80075294,5378
2bakabr1/9/9/p1p3R1p/9/2P1P4/P6cP/5rN2/9/2BAKABR1 w,-0.7821774,7816
2bakabr1/9/9/p1p3R1p/9/2P1P4/P6cP/5rN2/4A4/2BAK1BR1 b,0.7949753,6179
2bakabr1/9/9/p1p3R1p/9/2P1P4/P4r1cP/6N2/4A4/2BAK1BR1 w,-0.7922862,2999
2bakabr1/9/9/p1R5p/9/2P1P4/P4r1cP/6N2/4A4/2BAK1BR1 b,0.80064,5370
2bakabr1/9/9/p1R5p/9/2P1P4/P5rcP/6N2/4A4/2BAK1BR1 w,-0.79720724,6290
2bakabr1/9/9/p1R5p/9/2P1P4/P5rcP/9/4A3N/2BAK1BR1 b,0.80701697,5569
2bakabr1/9/9/p1R5p/9/2P1P4/P5r1P/9/4A2cN/2BAK1BR1 w,-0.80127007,7897
2bakabr1/9/9/p1R5p/9/2P1P4/P5r1P/4B4/4A2cN/2BAK2R1 b,0.80991423,5462
2bakabr1/9/9/p1R5p/9/2P1P4/P7r/4B4/4A2cN/2BAK2R1 w,-0.80134195,2612
2Rakabr1/9/9/p7p/9/2P1P4/P7r/4B4/4A2cN/2BAK2R1 b,0.8004038,5660
2Rakabr1/9/9/p7p/9/2P1P4/P8/4B4/4A2cr/2BAK2R1 w,-0.801221,209
3akabr1/9/9/p1R5p/9/2P1P4/P8/4B4/4A2cr/2BAK2R1 b,0.80658984,7171
3akabr1/9/9/p1R5p/9/2P1P4/P6c1/4B4/4A3r/2BAK2R1 w,-0.7959119,2642
3akabr1/9/9/p4R2p/9/2P1P4/P6c1/4B4/4A3r/2BAK2R1 b,0.8155268,646
3akab2/7r1/9/p4R2p/9/2P1P4/P6c1/4B4/4A3r/2BAK2R1 w,-0.80377376,2939
3akab2/7r1/9/p7p/9/2P1P4/P4R1c1/4B4/4A3r/2BAK2R1 b,0.8037335,5560
3akab2/7r1/9/p7p/9/2P1P4/P4R3/4B2c1/4A3r/2BAK2R1 w,-0.7960761,5378
3akab2/7r1/9/p7p/9/2P1P4/P8/4BR1c1/4A3r/2BAK2R1 b,0.8973365,6367
3akab2/7r1/9/p7p/9/2P1P4/P8/4cR3/4A3r/2BAK2R1 w,-0.89731586,6187
3akab2/7r1/9/p7p/9/2P1P4/P8/4R4/4A3r/2BAK2R1 b,0.8999675,1528
3akab2/9/9/p7p/9/2P1P4/P8/4R4/4A3r/2BAK2r1 w,-0.8997388,6926
3akab2/9/9/p7p/9/2P1P4/P8/4R4/8r/2BAKA1r1 b,0.90657747,8007
3akab2/9/9/p7p/9/2P1P4/P8/4R4/8r/2BAKAr2 w,-0.8851894,4450
3akab2/9/9/p7p/4P4/2P6/P8/4R4/8r/2BAKAr2 b,0.8932911,7289
3akab2/9/9/p7p/4P4/2P6/P8/4R4/9/2BAKAr1r w,-0.88496345,6098
3akab2/9/9/p7p/4P4/2P6/P8/5R3/9/2BAKAr1r b,0.8875411,7872
3akab2/9/9/p7p/4P1r2/2P6/P8/5R3/9/2BAKA2r w,-0.88265055,6187
3akab2/9/9/p7p/4P1r2/2P6/P8/4R4/9/2BAKA2r b,0.8955652,283
4kab2/4a4/9/p7p/4P1r2/2P6/P8/4R4/9/2BAKA2r w,-0.8942529,6106
4kab2/4a4/9/p7p/4P1r2/2P6/P8/9/4R4/2BAKA2r b,0.89579314,3867
4kab2/4a4/9/p7p/4P4/2P6/P8/9/4R4/2BAKAr1r w,-0.8964629,6917
4kab2/4a4/9/p7p/4P4/2P6/P8/9/5R3/2BAKAr1r b,0.9070588,8098
4kab2/4a4/9/p7p/4P4/2P6/P8/9/5R3/2BAKArr1 w,-0.88888955,4268
4kab2/4a4/9/p7p/2P1P4/9/P8/9/5R3/2BAKArr1 b,0.88654447,7872
4kab2/4a4/9/p7p/2P1P1r2/9/P8/9/5R3/2BAKA1r1 w,-0.87815166,3459
4kab2/4a4/9/p7p/3PP1r2/9/P8/9/5R3/2BAKA1r1 b,0.87251794,7981
4kab2/4a4/9/p7p/3PP1r2/9/P6r1/9/5R3/2BAKA3 w,-0.8584771,7003
4kab2/4a4/9/p7p/3PP1r2/9/P6r1/9/1R7/2BAKA3 b,0.8668763,5548
4kab2/4a4/9/p7p/3PP1r2/9/P3r4/9/1R7/2BAKA3 w,-0.8654063,7636
4kab2/4a4/9/p7p/3PP1r2/9/P3r4/9/1R2A4/2B1KA3 b,0.8737032,3813
4kab2/4a4/9/p5r1p/3PP4/9/P3r4/9/1R2A4/2B1KA3 w,-0.88827145,6571
1R2kab2/4a4/9/p5r1p/3PP4/9/P3r4/9/4A4/2B1KA3 b,0.887026,1173
1R1akab2/9/9/p5r1p/3PP4/9/P3r4/9/4A4/2B1KA3 w,-0.88184845,136
3akab2/9/9/p5r1p/3PP4/1R7/P3r4/9/4A4/2B1KA3 b,0.899115,2999
3akab2/9/9/p1r5p/3PP4/1R7/P3r4/9/4A4/2B1KA3 w,-0.89386725,7533
3akab2/9/9/p1r5p/3PP4/1R7/P3r4/B8/4A4/4KA3 b,0.89768445,5274
3akab2/9/9/p1r5p/3PP4/1R7/r8/B8/4A4/4KA3 w,-0.8858974,4204
3akab2/9/9/p1r5p/3PP4/9/r8/BR7/4A4/4KA3 b,0.8921645,4916
3akab2/9/9/p1r5p/3PP4/9/2r6/BR7/4A4/4KA3 w,-0.88692546,5827
3akab2/9/9/p1r5p/3PP4/9/2r6/B3R4/4A4/4KA3 b,0.89412314,5105
3akab2/9/9/p1r5p/3PP4/9/9/B1r1R4/4A4/4KA3 w,-0.89558065,6095
3akab2/9/9/p1r5p/3PP4/9/9/B1R6/4A4/4KA3 b,0.9012124,2675
3akab2/9/9/p7p/3PP4/9/9/B1r6/4A4/4KA3 w,-0.90029716,3540
3akab2/9/9/p2P4p/4P4/9/9/B1r6/4A4/4KA3 b,0.90360963,5913
3akab2/9/9/p2P4p/4P4/9/9/r8/4A4/4KA3 w,-0.8991497,3631
3akab2/9/9/p2PP3p/9/9/9/r8/4A4/4KA3 b,0.89966077,2466
3akab2/9/9/3PP3p/p8/9/9/r8/4A4/4KA3 w,-0.9047171,6924
3akab2/9/9/3PP3p/p8/9/9/r8/9/3AKA3 b,0.9122546,5737
3akab2/9/9/3PP3p/p8/9/9/4r4/9/3AKA3 w,-0.9150726,7816
3akab2/9/9/3PP3p/p8/9/9/4r4/4A4/3AK4 b,0.9193805,3194
3akab2/9/9/3PP4/p7p/9/9/4r4/4A4/3AK4 w,-0.91255474,2822
3akab2/9/9/3P1P3/p7p/9/9/4r4/4A4/3AK4 b,0.91452056,4013
3akab2/9/9/3P1P3/p8/8p/9/4r4/4A4/3AK4 w,-0.91791147,2731
3akab2/9/9/4PP3/p8/8p/9/4r4/4A4/3AK4 b,0.9291006,4832
3akab2/9/9/4PP3/p8/9/8p/4r4/4A4/3AK4 w,-0.92752373,7736
3akab2/9/9/4PP3/p8/9/8p/4r4/4A4/3A1K3 b,0.93095034,5641
3akab2/9/9/4PP3/p8/9/7p1/4r4/4A4/3A1K3 w,-0.9294796,7825
3akab2/9/9/4PP3/p8/9/7p1/4r4/4A4/3AK4 b,0.9359617,5560
3akab2/9/9/4PP3/p8/9/9/4r2p1/4A4/3AK4 w,-0.9298762,2820
3akab2/9/9/3P1P3/p8/9/9/4r2p1/4A4/3AK4 b,0.93773663,283
4kab2/4a4/9/3P1P3/p8/9/9/4r2p1/4A4/3AK4 w,-0.9360069,2731
4kab2/4a4/9/4PP3/p8/9/9/4r2p1/4A4/3AK4 b,0.93851674,6369
4kab2/4a4/9/4PP3/p8/9/9/4r1p2/4A4/3AK4 w,-0.93423176,2820
4kab2/4a4/9/3P1P3/p8/9/9/4r1p2/4A4/3AK4 b,0.9395009,6079
4kab2/4a4/9/3P1P3/p8/4r4/9/6p2/4A4/3AK4 w,-0.9370784,2731
4kab2/4a4/9/4PP3/p8/4r4/9/6p2/4A4/3AK4 b,0.93911064,3285
4kab2/4a4/9/4PP3/9/p3r4/9/6p2/4A4/3AK4 w,-0.9342121,2820
4kab2/4a4/9/3P1P3/9/p3r4/9/6p2/4A4/3AK4 b,0.9393382,4096
4kab2/4a4/9/3P1P3/9/1p2r4/9/6p2/4A4/3AK4 w,-0.93969464,2731
4kab2/4a4/9/4PP3/9/1p2r4/9/6p2/4A4/3AK4 b,0.9453027,4195
4kab2/4a4/9/4PP3/9/4r4/1p7/6p2/4A4/3AK4 w,-0.94643897,7736
4kab2/4a4/9/4PP3/9/4r4/1p7/6p2/4A4/3A1K3 b,0.9476844,5006
4kab2/4a4/9/4PP3/9/4r4/2p6/6p2/4A4/3A1K3 w,-0.94437754,7825
4kab2/4a4/9/4PP3/9/4r4/2p6/6p2/4A4/3AK4 b,0.94944394,5105
4kab2/4a4/9/4PP3/9/4r4/9/2p3p2/4A4/3AK4 w,-0.94937766,7736
4kab2/4a4/9/4PP3/9/4r4/9/2p3p2/4A4/3A1K3 b,0.9521616,6288
4kab2/4a4/9/4PP3/9/4r4/9/2p6/4A1p2/3A1K3 w,-0.9520939,7825
4kab2/4a4/9/4PP3/9/4r4/9/2p6/4A1p2/3AK4 b,0.95819724,7097
4kab2/4a4/9/4PP3/9/4r4/9/2p6/4Ap3/3AK4 w,-0.95402783,2820
4kab2/4a4/9/3P1P3/9/4r4/9/2p6/4Ap3/3AK4 b,0.95878947,5924
4kab2/4a4/9/3P1P3/9/4r4/9/9/2p1Ap3/3AK4 w,-0.956434,2731
4kab2/4a4/9/4PP3/9/4r4/9/9/2p1Ap3/3AK4 b,0.98800075,7006
4kab2/4a4/9/4PP3/9/4r4/9/9/2p1p4/3AK4 w,-0.9898363,7636
4kab2/4a4/9/4PP3/9/4r4/9/9/2p1A4/4K4 b,0.99125916,6735
4kab2/4a4/9/4PP3/9/4r4/9/9/3pA4/4K4 w,-0.99370795,7736
4kab2/4a4/9/4PP3/9/4r4/9/9/3pA4/5K3 b,0.99664176,6826
4kab2/4a4/9/4PP3/9/4r4/9/9/4p4/5K3 w,-0.9964751,2820
4kab2/4a4/9/3P1P3/9/4r4/9/9/4p4/5K3 b,1,4460
rnbakabnr/9/1c5c1/p1p1p1p1p/9/9/P1P1P1P1P/1C5C1/9/RNBAKABNR w,0.0018041611,5827
rnbakabnr/9/1c5c1/p1p1p1p1p/9/9/P1P1P1P1P/4C2C1/9/RNBAKABNR b,-0.0017681838,110
r1bakabnr/9/1cn4c1/p1p1p1p1p/9/9/P1P1P1P1P/4C2C1/9/RNBAKABNR w,0.0018301487,7445
r1bakabnr/9/1cn4c1/p1p1p1p1p/9/9/P1P1P1P1P/2N1C2C1/9/R1BAKABNR b,-0.0018352151,562
r1baka1nr/9/1cn1b2c1/p1p1p1p1p/9/9/P1P1P1P1P/2N1C2C1/9/R1BAKABNR w,0.0019419909,7372
r1baka1nr/9/1cn1b2c1/p1p1p1p1p/9/9/P1P1P1P1P/2N1C2C1/9/1RBAKABNR b,-0.0017694831,1
1rbaka1nr/9/1cn1b2c1/p1p1p1p1p/9/9/P1P1P1P1P/2N1C2C1/9/1RBAKABNR w,0.001694131,6368
1rbaka1nr/9/1cn1b2c1/p1p1p1p1p/9/9/P1P1P1P1P/2N1CC3/9/1RBAKABNR b,-0.0012857557,654
1rbaka2r/9/1cn1b1nc1/p1p1p1p1p/9/9/P1P1P1P1P/2N1CC3/9/1RBAKABNR w,0.0016057491,7989
1rbaka2r/9/1cn1b1nc1/p1p1p1p1p/9/9/P1P1P1P1P/2N1CCN2/9/1RBAKAB1R b,-0.0013685942,3012
1rbaka2r/9/1cn1b1nc1/p1p1p3p/6p2/9/P1P1P1P1P/2N1CCN2/9/1RBAKAB1R w,0.0018723011,8098
1rbaka2r/9/1cn1b1nc1/p1p1p3p/6p2/9/P1P1P1P1P/2N1CCN2/9/1RBAKABR1 b,-0.002026415,727
1rbaka1r1/9/1cn1b1nc1/p1p1p3p/6p2/9/P1P1P1P1P/2N1CCN2/9/1RBAKABR1 w,0.0027637244,5087
1rbaka1r1/9/1cn1b1nc1/p1p1p3p/6p2/2P6/P3P1P1P/2N1CCN2/9/1RBAKABR1 b,-0.0021623732,1765
1rbaka1r1/9/2n1b1nc1/p1p1p3p/6p2/2P6/Pc2P1P1P/2N1CCN2/9/1RBAKABR1 w,0.005224371,5898
1rbaka1r1/9/2n1b1nc1/p1p1p3p/6p2/2PN5/Pc2P1P1P/4CCN2/9/1RBAKABR1 b,-0.006441915,2311
1rbaka1r1/9/2n1b1n2/p1p1p3p/6p2/2PN5/Pc2P1PcP/4CCN2/9/1RBAKABR1 w,0.0076842546,6143
1rbaka1r1/9/2n1bCn2/p1p1p3p/6p2/2PN5/Pc2P1PcP/4C1N2/9/1RBAKABR1 b,-0.0090389615,1986
1rbakabr1/9/2n2Cn2/p1p1p3p/6p2/2PN5/Pc2P1PcP/4C1N2/9/1RBAKABR1 w,0.018145729,4351
1rbakabr1/9/2n2Cn2/p1p1N3p/6p2/2P6/Pc2P1PcP/4C1N2/9/1RBAKABR1 b,-0.0047813295,1831
1rbakabr1/9/5Cn2/p1p1n3p/6p2/2P6/Pc2P1PcP/4C1N2/9/1RBAKABR1 w,0.005099082,6061
1rbakabr1/9/5Cn2/p1p1C3p/6p2/2P6/Pc2P1PcP/6N2/9/1RBAKABR1 b,0.009039665,109
2bakabr1/9/1r3Cn2/p1p1C3p/6p2/2P6/Pc2P1PcP/6N2/9/1RBAKABR1 w,0.0022862197,2839
2bakabr1/9/1r3Cn2/p1p5p/6p2/2P1C4/Pc2P1PcP/6N2/9/1RBAKABR1 b,0.0017753363,1733
2bakabr1/9/5rn2/p1p5p/6p2/2P1C4/Pc2P1PcP/6N2/9/1RBAKABR1 w,0.0096654175,7435
2bakabr1/9/5rn2/p1p5p/6p2/2P1C4/PR2P1PcP/6N2/9/2BAKABR1 b,-0.0070439936,2201
2bakabr1/9/5r3/p1p5p/5np2/2P1C4/PR2P1PcP/6N2/9/2BAKABR1 w,0.013491678,4987
2bakabr1/9/5r3/p1p5p/1R3np2/2P1C4/P3P1PcP/6N2/9/2BAKABR1 b,-0.008271647,3750
2bakabr1/9/5r3/p1p5p/1R4p2/2P1C4/P3P1ncP/6N2/9/2BAKABR1 w,0.02004385,3372
2bakabr1/9/5r3/p1p5p/6R2/2P1C4/P3P1ncP/6N2/9/2BAKABR1 b,-0.0054710507,5449
2bakabr1/9/5r3/p1p5p/6R2/2P1n4/P3P2cP/6N2/9/2BAKABR1 w,0.005852437,5269
2bakabr1/9/5r3/p1p5p/6R2/2P1P4/P6cP/6N2/9/2BAKABR1 b,0.00041036608,5560
2bakabr1/9/5r3/p1p5p/6R2/2P1P4/P7P/6Nc1/9/2BAKABR1 w,0.009604359,7999
2bakabr1/9/5r3/p1p5p/6R2/2P1P4/P7P/6Nc1/7R1/2BAKAB2 b,0.0015275956,2138
2bakabr1/9/9/p1p5p/6R2/2P1P4/P7P/5rNc1/7R1/2BAKAB2 w,0.00055119995,3813
2bakabr1/9/9/p1p3R1p/9/2P1P4/P7P/5rNc1/7R1/2BAKAB2 b,-0.0033196926,6361
2bakabr1/9/9/p1p3R1p/9/2P1P4/P6cP/5rN2/7R1/2BAKAB2 w,0.021702027,6290
2bakabr1/9/9/p1p3R1p/9/2P1P4/P6cP/5r3/7RN/2BAKAB2 b,-0.0056280256,5560
2bakabr1/9/9/p1p3R1p/9/2P1P4/P7P/5r1c1/7RN/2BAKAB2 w,0.013245845,2999
2bakabr1/9/9/p1R5p/9/2P1P4/P7P/5r1c1/7RN/2BAKAB2 b,-0.00034942626,682
2bakab2/9/9/p1R5p/9/2P1P2r1/P7P/5r1c1/7RN/2BAKAB2 w,0.014469266,2612
2Rakab2/9/9/p7p/9/2P1P2r1/P7P/5r1c1/7RN/2BAKAB2 b,-0.007861185,4729
2Rakab2/9/9/p7p/9/2P1r4/P7P/5r1c1/7RN/2BAKAB2 w,0.015598631,7186
2Rakab2/9/9/p7p/9/2P1r4/P7P/5r1c1/4R3N/2BAKAB2 b,-0.00024840832,4486
2Rakab2/9/9/p7p/9/2P6/P7P/5r1c1/4r3N/2BAKAB2 w,0.0070758583,7816
2Rakab2/9/9/p7p/9/2P6/P7P/5r1c1/4A3N/2BAK1B2 b,-0.0055740713,6197
2Rakab2/9/9/p7p/9/2P6/P7P/7c1/4Ar2N/2BAK1B2 w,0.011539245,7261
2Rakab2/9/9/p7p/9/2P6/P6NP/7c1/4Ar3/2BAK1B2 b,0.0028307678,7008
2Rakab2/9/9/p7p/9/2P6/P6NP/7c1/4A1r2/2BAK1B2 w,0.005173016,7897
2Rakab2/9/9/p7p/9/2P6/P6NP/4B2c1/4A1r2/2BAK4 b,0.009011054,7080
2Rakab2/9/9/p7p/9/2P6/P5rNP/4B2c1/4A4/2BAK4 w,-0.0056797746,209
3akab2/9/9/p1R5p/9/2P6/P5rNP/4B2c1/4A4/2BAK4 b,0.0095730545,5461
3akab2/9/9/p1R5p/9/2P6/P6rP/4B2c1/4A4/2BAK4 w,-0.008375406,2641
3akab2/9/9/p3R3p/9/2P6/P6rP/4B2c1/4A4/2BAK4 b,0.008196927,463
3ak1b2/4a4/9/p3R3p/9/2P6/P6rP/4B2c1/4A4/2BAK4 w,-0.0071822763,2817
3ak1b2/4a4/9/R7p/9/2P6/P6rP/4B2c1/4A4/2BAK4 b,0.010623026,5552
3ak1b2/4a4/9/R7p/9/2P6/P7r/4B2c1/4A4/2BAK4 w,-0.0018770695,2464
3ak1b2/4a4/9/7Rp/9/2P6/P7r/4B2c1/4A4/2BAK4 b,0.013097072,5669
3ak1b2/4a4/9/7Rp/9/2P6/P8/4B2c1/4A4/2BAK3r w,-0.013095892,6926
3ak1b2/4a4/9/7Rp/9/2P6/P8/4B2c1/9/2BAKA2r b,0.018994404,6388
3ak1b2/4a4/9/7Rp/9/2P6/P8/4B4/9/2BAKA1cr w,-0.004369903,6117
3ak1b2/4a4/9/7Rp/9/2P6/P8/9/9/2BAKABcr b,0.010938669,8006
3ak1b2/4a4/9/7Rp/9/2P6/P8/9/9/2BAKcB1r w,0.002930951,7736
3ak1b2/4a4/9/7Rp/9/2P6/P8/9/9/2BA1KB1r b,-0.0016347647,8097
3ak1b2/4a4/9/7Rp/9/2P6/P8/9/9/2BA1Kr2 w,-0.0012136222,7817
3ak1b2/4a4/9/7Rp/9/2P6/P8/9/5K3/2BA2r2 b,0.0052410364,7914
3ak1b2/4a4/9/7Rp/9/2P6/P8/9/5K3/2Br5 w,-0.002647722,3067
3ak1bR1/4a4/9/8p/9/2P6/P8/9/5K3/2Br5 b,0.0150656225,7643
3ak1bR1/4a4/9/8p/9/2P6/P8/9/5K3/2r6 w,-0.00087475777,636
3ak1R2/4a4/9/8p/9/2P6/P8/9/5K3/2r6 b,0.0014556885,1175
3akaR2/9/9/8p/9/2P6/P8/9/5K3/2r6 w,0.002613139,545
3akR3/9/9/8p/9/2P6/P8/9/5K3/2r6 b,-0.0010103703,373
3a1R3/4k4/9/8p/9/2P6/P8/9/5K3/2r6 w,-0.011860204,464
3a5/4kR3/9/8p/9/2P6/P8/9/5K3/2r6 b,0.0018426657,1174
3ak4/5R3/9/8p/9/2P6/P8/9/5K3/2r6 w,0.0053198575,1292
3ak4/9/9/5R2p/9/2P6/P8/9/5K3/2r6 b,0.02001512,7517
3ak4/9/9/5R2p/9/2r6/P8/9/5K3/9 w,-0.004663348,2911
3ak4/9/9/4R3p/9/2r6/P8/9/5K3/9 b,0.005153775,283
4k4/4a4/9/4R3p/9/2r6/P8/9/5K3/9 w,0.0049577714,7006
4k4/4a4/9/4R3p/9/2r6/P8/9/4K4/9 b,0.0029957534,4280
4k4/4a4/9/4R3p/9/5r3/P8/9/4K4/9 w,0.010590101,2825
4k4/4a4/9/8R/9/5r3/P8/9/4K4/9 b,0.0012146473,4549
4k4/4a4/9/8R/9/4r4/P8/9/4K4/9 w,-0.011712146,6917
4k4/4a4/9/8R/9/4r4/P8/9/5K3/9 b,0.028261805,1191
4k4/9/3a5/8R/9/4r4/P8/9/5K3/9 w,-0.013442195,3182
4k4/9/3a5/5R3/9/4r4/P8/9/5K3/9 b,0.021941854,4468
4k4/9/3a5/5R3/9/9/P3r4/9/5K3/9 w,-0.022217441,2885
4kR3/9/3a5/9/9/9/P3r4/9/5K3/9 b,0.016669726,373
5R3/4k4/3a5/9/9/9/P3r4/9/5K3/9 w,-0.002510345,491
9/4k4/3a5/9/5R3/9/P3r4/9/5K3/9 b,0.018262673,5274
9/4k4/3a5/9/5R3/9/r8/9/5K3/9 w,-0.010264349,3730
9/4k4/3a5/9/4R4/9/r8/9/5K3/9 b,0.0067180395,1182
9/3k5/3a5/9/4R4/9/r8/9/5K3/9 w,-0.004194677,7006
9/3k5/3a5/9/4R4/9/r8/9/4K4/9 b,0.012707186,4917
9/3k5/3a5/9/4R4/9/3r5/9/4K4/9 w,-0.00021804571,3642
9/3k5/3a5/9/6R2/9/3r5/9/4K4/9 b,0.011805534,5188
9/3k5/3a5/9/6R2/9/4r4/9/4K4/9 w,-0.007284451,6915
9/3k5/3a5/9/6R2/9/4r4/9/3K5/9 b,0.018926932,1093
9/4k4/3a5/9/6R2/9/4r4/9/3K5/9 w,-0.005067921,3819
9/4k4/3a5/9/3R5/9/4r4/9/3K5/9 b,0.0077315806,1192
9/9/3ak4/9/3R5/9/4r4/9/3K5/9 w,-0.010219502,3531
9/9/3Rk4/9/9/9/4r4/9/3K5/9 b,0.008285952,1993
9/4k4/3R5/9/9/9/4r4/9/3K5/9 w,-0.0128274085,1902
9/3Rk4/9/9/9/9/4r4/9/3K5/9 b,0.00730083,1174
4k4/3R5/9/9/9/9/4r4/9/3K5/9 w,-0.013010645,1083
3Rk4/9/9/9/9/9/4r4/9/3K5/9 b,0.008125449,373
3R5/4k4/9/9/9/9/4r4/9/3K5/9 w,-0.0012312889,336
9/4k4/9/9/9/9/4r4/3R5/3K5/9 b,0.004896331,5305
9/4k4/9/9/9/9/9/3R5/3K5/4r4 w,0.010494614,5997
9/4k4/9/9/9/9/3R5/9/3K5/4r4 b,-0.0049095512,7726
9/4k4/9/9/9/9/3R5/9/3Kr4/9 w,0.0034033537,6834
9/4k4/9/9/9/9/3R5/9/4r4/3K5 b,0.0049662828,6907
9/4k4/9/9/9/9/3R5/4r4/9/3K5 w,0.00038278103,5142
9/3Rk4/9/9/9/9/9/4r4/9/3K5 b,0.0005982161,1174
4k4/3R5/9/9/9/9/9/4r4/9/3K5 w,0.011849046,1128
4k4/9/9/9/9/3R5/9/4r4/9/3K5 b,-0.015393543,6115
4k4/9/9/9/9/3R5/9/9/9/3Kr4 w,0.0046017887,7635
4k4/9/9/9/9/3R5/9/9/3K5/4r4 b,0.008431435,7737
4k4/9/9/9/9/3R5/9/9/3K5/6r2 w,0.0075280904,4369
4k4/9/9/9/9/4R4/9/9/3K5/6r2 b,-0.014469541,365
5k3/9/9/9/9/4R4/9/9/3K5/6r2 w,0.02680688,6826
5k3/9/9/9/9/4R4/9/9/4K4/6r2 b,-0.0030838014,7916
5k3/9/9/9/9/4R4/9/9/4K4/5r3 w,0.008806682,6915
5k3/9/9/9/9/4R4/9/9/3K5/5r3 b,-0.012765646,7817
5k3/9/9/9/9/4R4/9/9/3K1r3/9 w,0.012088299,6834
5k3/9/9/9/9/4R4/9/9/5r3/3K5 b,-0.002569306,6989
5k3/9/9/9/9/4R4/5r3/9/9/3K5 w,0.0069959643,7645
5k3/9/9/9/9/4R4/5r3/9/9/4K4 b,0.001669383,464
9/5k3/9/9/9/4R4/5r3/9/9/4K4 w,0.01284113,4450
9/5k3/9/9/4R4/9/5r3/9/9/4K4 b,-0.0074032783,5396
9/5k3/9/9/4R4/9/9/9/9/4Kr3 w,0.0068658115,7726
9/5k3/9/9/4R4/9/9/9/4K4/5r3 b,-0.0016969204,7763
9/5k3/5r3/9/4R4/9/9/9/4K4/9 w,0.011126853,3643
9/5k3/5r3/9/7R1/9/9/9/4K4/9 b,-0.005635214,2092
9/5k3/4r4/9/7R1/9/9/9/4K4/9 w,0.0070574046,6915
9/5k3/4r4/9/7R1/9/9/9/3K5/9 b,0.0043669227,2003
9/5k3/5r3/9/7R1/9/9/9/3K5/9 w,-0.009761572,3886
9/5k1R1/5r3/9/9/9/9/9/3K5/9 b,0.001241064,1265
5k3/7R1/5r3/9/9/9/9/9/3K5/9 w,0.010470725,6826
5k3/7R1/5r3/9/9/9/9/9/4K4/9 b,0.016711283,2147
5k3/7R1/9/9/9/9/9/9/4Kr3/9 w,-0.01896224,6925
5k3/7R1/9/9/9/9/9/9/5r3/4K4 b,0.02204144,6980
5k3/7R1/9/9/9/5r3/9/9/9/4K4 w,-0.000008940697,1453
5k3/4R4/9/9/9/5r3/9/9/9/4K4 b,0.0040732147,4586
5k3/4R4/9/9/9/9/9/9/9/4Kr3 w,-0.00527854,7726
5k3/4R4/9/9/9/9/9/9/4K4/5r3 b,0.014219308,7790
5k3/4R4/9/9/9/5r3/9/9/4K4/9 w,0.009643793,1201
5k3/9/9/4R4/9/5r3/9/9/4K4/9 b,-0.0012443186,4577
5k3/9/9/4R4/9/9/9/9/4Kr3/9 w,0.0011205197,6925
5k3/9/9/4R4/9/9/9/9/5r3/4K4 b,-0.014080012,7016
5k3/9/9/4R4/9/9/9/9/9/4Kr3 w,0.008350349,7726
5k3/9/9/4R4/9/9/9/9/4K4/5r3 b,0.0011270524,7763
5k3/9/5r3/4R4/9/9/9/9/4K4/9 w,0.005313492,2857
5k3/9/5r3/9/9/9/9/4R4/4K4/9 b,-0.0062330365,2147
5k3/9/9/9/9/9/9/4R4/4Kr3/9 w,0.0016538382,6925
5k3/9/9/9/9/9/9/4R4/5r3/4K4 b,-0.008242476,7016
5k3/9/9/9/9/9/9/4R4/9/4Kr3 w,0.0005790472,7726
5k3/9/9/9/9/9/9/4R4/4K4/5r3 b,0.0062582255,464
9/5k3/9/9/9/9/9/4R4/4K4/5r3 w,0.007015753,6096
9/5k3/9/9/9/9/9/3R5/4K4/5r3 b,0.005035615,7763
9/5k3/5r3/9/9/9/9/3R5/4K4/9 w,-0.0030485631,5952
9/3R1k3/5r3/9/9/9/9/9/4K4/9 b,-0.00008041859,1265
5k3/3R5/5r3/9/9/9/9/9/4K4/9 w,0.0038778305,1137
5k3/9/5r3/9/9/9/3R5/9/4K4/9 b,-0.003316498,2092
5k3/9/4r4/9/9/9/3R5/9/4K4/9 w,0.002373457,6915
5k3/9/4r4/9/9/9/3R5/9/3K5/9 b,-0.0006688118,2003
5k3/9/5r3/9/9/9/3R5/9/3K5/9 w,-0.003426075,5133
3R1k3/9/5r3/9/9/9/9/9/3K5/9 b,-0.002987826,464
3R5/5k3/5r3/9/9/9/9/9/3K5/9 w,-0.0013349176,282
9/3R1k3/5r3/9/9/9/9/9/3K5/9 b,-0.002289045,1265
5k3/3R5/5r3/9/9/9/9/9/3K5/9 w,0.009777593,1137
5k3/9/5r3/9/9/9/3R5/9/3K5/9 b,0.004151082,454
4k4/9/5r3/9/9/9/3R5/9/3K5/9 w,0.0002925396,5188
4k4/9/5r3/9/9/9/4R4/9/3K5/9 b,-0.0008791089,365
5k3/9/5r3/9/9/9/4R4/9/3K5/9 w,0.0077372077,5280
5k3/9/5r3/9/9/9/6R2/9/3K5/9 b,-0.0073951245,2147
5k3/9/9/9/9/9/6R2/9/3K1r3/9 w,0.008509112,6834
5k3/9/9/9/9/9/6R2/9/5r3/3K5 b,-0.023861278,7016
5k3/9/9/9/9/9/6R2/9/9/3K1r3 w,0.01117723,7635
5k3/9/9/9/9/9/6R2/9/3K5/5r3 b,0.0026334524,7763
5k3/9/5r3/9/9/9/6R2/9/3K5/9 w,0,5457
rnbakabnr/9/1c5c1/p1p1p1p1p/9/9/P1P1P1P1P/1C5C1/9/RNBAKABNR w,0.8018042,5827
rnbakabnr/9/1c5c1/p1p1p1p1p/9/9/P1P1P1P1P/4C2C1/9/RNBAKABNR b,-0.8017954,110
r1bakabnr/9/1cn4c1/p1p1p1p1p/9/9/P1P1P1P1P/4C2C1/9/RNBAKABNR w,0.80182797,7445
r1bakabnr/9/1cn4c1/p1p1p1p1p/9/9/P1P1P1P1P/2N1C2C1/9/R1BAKABNR b,-0.80180895,562
r1baka1nr/9/1cn1b2c1/p1p1p1p1p/9/9/P1P1P1P1P/2N1C2C1/9/R1BAKABNR w,0.801942,7372
r1baka1nr/9/1cn1b2c1/p1p1p1p1p/9/9/P1P1P1P1P/2N1C2C1/9/1RBAKABNR b,-0.8017664,1
1rbaka1nr/9/1cn1b2c1/p1p1p1p1p/9/9/P1P1P1P1P/2N1C2C1/9/1RBAKABNR w,0.8017164,6368
1rbaka1nr/9/1cn1b2c1/p1p1p1p1p/9/9/P1P1P1P1P/2N1CC3/9/1RBAKABNR b,-0.8012688,654
1rbaka2r/9/1cn1b1nc1/p1p1p1p1p/9/9/P1P1P1P1P/2N1CC3/9/1RBAKABNR w,0.80158037,7989
1rbaka2r/9/1cn1b1nc1/p1p1p1p1p/9/9/P1P1P1P1P/2N1CCN2/9/1RBAKAB1R b,-0.8013682,3012
1rbaka2r/9/1cn1b1nc1/p1p1p3p/6p2/9/P1P1P1P1P/2N1CCN2/9/1RBAKAB1R w,0.8019045,8098
1rbaka2r/9/1cn1b1nc1/p1p1p3p/6p2/9/P1P1P1P1P/2N1CCN2/9/1RBAKABR1 b,-0.80201656,727
1rbaka1r1/9/1cn1b1nc1/p1p1p3p/6p2/9/P1P1P1P1P/2N1CCN2/9/1RBAKABR1 w,0.80251306,5087
1rbaka1r1/9/1cn1b1nc1/p1p1p3p/6p2/2P6/P3P1P1P/2N1CCN2/9/1RBAKABR1 b,-0.8021299,1765
1rbaka1r1/9/2n1b1nc1/p1p1p3p/6p2/2P6/Pc2P1P1P/2N1CCN2/9/1RBAKABR1 w,0.80470604,5898
1rbaka1r1/9/2n1b1nc1/p1p1p3p/6p2/2PN5/Pc2P1P1P/4CCN2/9/1RBAKABR1 b,-0.8064264,2311
1rbaka1r1/9/2n1b1n2/p1p1p3p/6p2/2PN5/Pc2P1PcP/4CCN2/9/1RBAKABR1 w,0.80788714,6143
1rbaka1r1/9/2n1bCn2/p1p1p3p/6p2/2PN5/Pc2P1PcP/4C1N2/9/1RBAKABR1 b,-0.8082944,1986
1rbakabr1/9/2n2Cn2/p1p1p3p/6p2/2PN5/Pc2P1PcP/4C1N2/9/1RBAKABR1 w,0.81814575,4351
1rbakabr1/9/2n2Cn2/p1p1N3p/6p2/2P6/Pc2P1PcP/4C1N2/9/1RBAKABR1 b,-0.80477434,1831
1rbakabr1/9/5Cn2/p1p1n3p/6p2/2P6/Pc2P1PcP/4C1N2/9/1RBAKABR1 w,0.804976,6061
1rbakabr1/9/5Cn2/p1p1C3p/6p2/2P6/Pc2P1PcP/6N2/9/1RBAKABR1 b,-0.7909644,109
2bakabr1/9/1r3Cn2/p1p1C3p/6p2/2P6/Pc2P1PcP/6N2/9/1RBAKABR1 w,0.8022862,2839
2bakabr1/9/1r3Cn2/p1p5p/6p2/2P1C4/Pc2P1PcP/6N2/9/1RBAKABR1 b,-0.7988056,1733
2bakabr1/9/5rn2/p1p5p/6p2/2P1C4/Pc2P1PcP/6N2/9/1RBAKABR1 w,0.80965346,7435
2bakabr1/9/5rn2/p1p5p/6p2/2P1C4/PR2P1PcP/6N2/9/2BAKABR1 b,-0.8064824,2201
2bakabr1/9/5r3/p1p5p/5np2/2P1C4/PR2P1PcP/6N2/9/2BAKABR1 w,0.81418735,4987
2bakabr1/9/5r3/p1p5p/1R3np2/2P1C4/P3P1PcP/6N2/9/2BAKABR1 b,-0.8082846,3750
2bakabr1/9/5r3/p1p5p/1R4p2/2P1C4/P3P1ncP/6N2/9/2BAKABR1 w,0.8192688,3372
2bakabr1/9/5r3/p1p5p/6R2/2P1C4/P3P1ncP/6N2/9/2BAKABR1 b,-0.80545235,5449
2bakabr1/9/5r3/p1p5p/6R2/2P1n4/P3P2cP/6N2/9/2BAKABR1 w,0.8058344,5269
2bakabr1/9/5r3/p1p5p/6R2/2P1P4/P6cP/6N2/9/2BAKABR1 b,-0.79964405,5560
2bakabr1/9/5r3/p1p5p/6R2/2P1P4/P7P/6Nc1/9/2BAKABR1 w,0.8084266,7999
2bakabr1/9/5r3/p1p5p/6R2/2P1P4/P7P/6Nc1/7R1/2BAKAB2 b,-0.7980209,2138
2bakabr1/9/9/p1p5p/6R2/2P1P4/P7P/5rNc1/7R1/2BAKAB2 w,0.8114069,7897
2bakabr1/9/9/p1p5p/6R2/2P1P4/P7P/4BrNc1/7R1/2BAKA3 b,-0.80300885,562
2baka1r1/9/4b4/p1p5p/6R2/2P1P4/P7P/4BrNc1/7R1/2BAKA3 w,0.8155924,3840
2baka1r1/9/4b4/p1p5p/9/2P1P4/P5R1P/4BrNc1/7R1/2BAKA3 b,-0.80412984,6170
2baka1r1/9/4b4/p1p5p/9/2P1Pr3/P5R1P/4B1Nc1/7R1/2BAKA3 w,0.82213664,5458
2baka1r1/9/4b4/p1p5p/9/2P1Pr3/P3R3P/4B1Nc1/7R1/2BAKA3 b,-0.81048226,4541
2baka1r1/9/4b4/p1p5p/5r3/2P1P4/P3R3P/4B1Nc1/7R1/2BAKA3 w,0.8207541,4450
2baka1r1/9/4b4/p1p5p/4Pr3/2P6/P3R3P/4B1Nc1/7R1/2BAKA3 b,-0.80428684,3758
2baka1r1/9/4b4/p1p5p/4P4/2P6/P3R3P/4BrNc1/7R1/2BAKA3 w,0.8189344,5280
2baka1r1/9/4b4/p1p5p/4P4/2P6/P5R1P/4BrNc1/7R1/2BAKA3 b,-0.8057497,664
2baka3/9/4b4/p1p4rp/4P4/2P6/P5R1P/4BrNc1/7R1/2BAKA3 w,0.83323544,7816
2baka3/9/4b4/p1p4rp/4P4/2P6/P5R1P/4BrNc1/4A2R1/2BAK4 b,-0.8248463,6170
2baka3/9/4b4/p1p4rp/4P4/2P2r3/P5R1P/4B1Nc1/4A2R1/2BAK4 w,0.8290424,6268
2baka3/9/4b4/p1p4rp/4P4/2P2r3/P3N1R1P/4B2c1/4A2R1/2BAK4 b,-0.82263064,6343
2baka3/9/4b4/p1p4rp/4P2c1/2P2r3/P3N1R1P/4B4/4A2R1/2BAK4 w,0.8413524,5271
2baka3/9/4b4/p1p4rp/4P2c1/2P2rN2/P5R1P/4B4/4A2R1/2BAK4 b,-0.83634156,3085
2baka3/9/4b2r1/p1p5p/4P2c1/2P2rN2/P5R1P/4B4/4A2R1/2BAK4 w,0.8532244,5458
2baka3/9/4b2r1/p1p5p/4P2c1/2P2rN2/P3R3P/4B4/4A2R1/2BAK4 b,-0.84126616,463
2bak4/4a4/4b2r1/p1p5p/4P2c1/2P2rN2/P3R3P/4B4/4A2R1/2BAK4 w,0.86962044,3631
2bak4/4a4/4b2r1/p1p1P3p/7c1/2P2rN2/P3R3P/4B4/4A2R1/2BAK4 b,-0.8578351,2022
2bak4/4a4/7r1/p1p1P3p/6bc1/2P2rN2/P3R3P/4B4/4A2R1/2BAK4 w,0.85688764,7171
2bak4/4a4/7r1/p1p1P3p/6bc1/2P2rN2/P3R2RP/4B4/4A4/2BAK4 b,-0.8366812,2257
2bak2r1/4a4/9/p1p1P3p/6bc1/2P2rN2/P3R2RP/4B4/4A4/2BAK4 w,0.8549299,4660
2bak2r1/4a4/9/p1p1P3p/6bc1/2P2r3/P3R2RP/4B2N1/4A4/2BAK4 b,-0.83404195,3922
2bak2r1/4a4/9/p1p1P3p/6b2/2P2r1c1/P3R2RP/4B2N1/4A4/2BAK4 w,0.8540208,6387
2bak2r1/4a4/9/p1p1P3p/6b2/2P2r1c1/P3R2RP/4B4/4A4/2BAK1N2 b,-0.8372052,2648
2bak2r1/4a4/9/p3P3p/2p3b2/2P2r1c1/P3R2RP/4B4/4A4/2BAK1N2 w,0.8663791,4268
2bak2r1/4a4/9/p3P3p/2P3b2/5r1c1/P3R2RP/4B4/4A4/2BAK1N2 b,-0.85443133,3194
2bak2r1/4a4/9/p3P4/2P3b1p/5r1c1/P3R2RP/4B4/4A4/2BAK1N2 w,0.85612595,7898
2bak2r1/4a4/9/p3P4/2P3b1p/5r1c1/P3R2RP/4BN3/4A4/2BAK4 b,-0.8527702,4541
2bak2r1/4a4/9/p3P4/2P2rb1p/7c1/P3R2RP/4BN3/4A4/2BAK4 w,0.8625445,5276
2bak2r1/4a4/9/p3P4/2P2rb1p/7c1/P1R4RP/4BN3/4A4/2BAK4 b,-0.8530115,3730
2bak2r1/4a4/9/p3P4/2P1r1b1p/7c1/P1R4RP/4BN3/4A4/2BAK4 w,0.86755884,2820
2bak2r1/4a4/9/p2P5/2P1r1b1p/7c1/P1R4RP/4BN3/4A4/2BAK4 b,-0.8517261,3802
2bak2r1/4a4/4b4/p2P5/2P1r3p/7c1/P1R4RP/4BN3/4A4/2BAK4 w,0.8669651,3449
2bak2r1/4a4/4b4/p1PP5/4r3p/7c1/P1R4RP/4BN3/4A4/2BAK4 b,-0.85370487,3639
2bak2r1/4a4/4b4/p1PP5/3r4p/7c1/P1R4RP/4BN3/4A4/2BAK4 w,0.8732706,2731
2bak2r1/4a4/4b4/p1P1P4/3r4p/7c1/P1R4RP/4BN3/4A4/2BAK4 b,-0.8649469,3548
2bak2r1/4a4/4b4/p1P1P4/2r5p/7c1/P1R4RP/4BN3/4A4/2BAK4 w,0.87855715,2812
2bak2r1/4a4/4P4/p1P6/2r5p/7c1/P1R4RP/4BN3/4A4/2BAK4 b,-0.85491794,3476
2bak2r1/4a4/4P4/p1P6/8p/7c1/P1r4RP/4BN3/4A4/2BAK4 w,0.85802996,1993
2bak2r1/4P4/9/p1P6/8p/7c1/P1r4RP/4BN3/4A4/2BAK4 b,-0.8610735,283
2b1k2r1/4a4/9/p1P6/8p/7c1/P1r4RP/4BN3/4A4/2BAK4 w,0.8647254,5546
2b1k2r1/4a4/9/p1P6/8p/7c1/P1R5P/4BN3/4A4/2BAK4 b,-0.8548742,4768
2b1k2r1/4a4/9/p1P6/8p/9/P1R5P/4BN3/4A4/2BAK2c1 w,0.8671165,6169
2b1k2r1/4a4/9/p1P6/8p/4N4/P1R5P/4B4/4A4/2BAK2c1 b,-0.8629486,8009
2b1k2r1/4a4/9/p1P6/8p/4N4/P1R5P/4B4/4A4/2BAK3c w,0.86350274,6908
2b1k2r1/4a4/9/p1P6/8p/4N4/P1R5P/4BA3/9/2BAK3c b,-0.8661433,718
2b1k4/4a4/9/p1P6/8p/4N4/P1R5P/4BA3/9/2BAK2rc w,0.86887044,7726
2b1k4/4a4/9/p1P6/8p/4N4/P1R5P/4BA3/4K4/2BA3rc b,-0.8835768,7999
2b1k4/4a4/9/p1P6/8p/4N4/P1R5P/4BA3/4K2r1/2BA4c w,0.8732032,6925
2b1k4/4a4/9/p1P6/8p/4N4/P1R5P/4BA3/7r1/2BAK3c b,-0.8639998,7144
2b1k4/4a4/9/p1P4r1/8p/4N4/P1R5P/4BA3/9/2BAK3c w,0.8766778,4440
2b1k4/4a4/9/p1PN3r1/8p/9/P1R5P/4BA3/9/2BAK3c b,-0.89073837,3148
2b1k4/4a4/9/p1PN5/8p/9/P1R5P/4BA3/9/2BAK2rc w,0.8830675,7726
2b1k4/4a4/9/p1PN5/8p/9/P1R5P/4BA3/4K4/2BA3rc b,-0.88714963,7999
2b1k4/4a4/9/p1PN5/8p/9/P1R5P/4BA3/4K2r1/2BA4c w,0.88950026,6925
2b1k4/4a4/9/p1PN5/8p/9/P1R5P/4BA3/7r1/2BAK3c b,-0.87502795,1191
2b1k4/9/3a5/p1PN5/8p/9/P1R5P/4BA3/7r1/2BAK3c w,0.882665,2723
2b1k4/9/3a1N3/p1P6/8p/9/P1R5P/4BA3/7r1/2BAK3c b,-0.8901877,365
2b2k3/9/3a1N3/p1P6/8p/9/P1R5P/4BA3/7r1/2BAK3c w,0.9077335,2640
2b2k3/9/3a1N3/p2P5/8p/9/P1R5P/4BA3/7r1/2BAK3c b,-0.912291,1903
2b2k3/4a4/5N3/p2P5/8p/9/P1R5P/4BA3/7r1/2BAK3c w,0.92169505,5042
2R2k3/4a4/5N3/p2P5/8p/9/P7P/4BA3/7r1/2BAK3c b,-0.91801935,464
2R6/4ak3/5N3/p2P5/8p/9/P7P/4BA3/7r1/2BAK3c w,0.91703004,2110
2R6/4ak3/9/p2P5/4N3p/9/P7P/4BA3/7r1/2BAK3c b,-0.92251176,7198
2R6/4ak3/9/p2P5/4N3p/9/P7P/4BA3/9/2BAK2rc w,0.9167781,7726
2R6/4ak3/9/p2P5/4N3p/9/P7P/4BA3/4K4/2BA3rc b,-0.9002503,7954
2R6/4ak3/9/p2P3r1/4N3p/9/P7P/4BA3/4K4/2BA4c w,0.9003579,2721
2R6/4ak3/3P5/p6r1/4N3p/9/P7P/4BA3/4K4/2BA4c b,-0.87618905,3091
2R6/4ak3/3P5/p3r4/4N3p/9/P7P/4BA3/4K4/2BA4c w,0.87304324,3629
2R6/4ak3/3P5/p1N1r4/8p/9/P7P/4BA3/4K4/2BA4c b,-0.85414547,1191
2R6/5k3/3a5/p1N1r4/8p/9/P7P/4BA3/4K4/2BA4c w,0.8617184,2620
2R6/1N3k3/3a5/p3r4/8p/9/P7P/4BA3/4K4/2BA4c b,-0.8492306,1903
2R6/1N2ak3/9/p3r4/8p/9/P7P/4BA3/4K4/2BA4c w,0.8484651,929
2R6/4ak3/9/p1N1r4/8p/9/P7P/4BA3/4K4/2BA4c b,-0.8423922,2824
2R6/4ak3/9/p1N4r1/8p/9/P7P/4BA3/4K4/2BA4c w,0.8580393,2650
2R6/4ak3/9/p6r1/4N3p/9/P7P/4BA3/4K4/2BA4c b,-0.8419849,3091
2R6/4ak3/9/p3r4/4N3p/9/P7P/4BA3/4K4/2BA4c w,0.8525555,3651
2R6/4ak3/9/p3r4/8p/6N2/P7P/4BA3/4K4/2BA4c b,-0.854856,2818
2R6/4ak3/9/pr7/8p/6N2/P7P/4BA3/4K4/2BA4c w,0.86914355,187
7R1/4ak3/9/pr7/8p/6N2/P7P/4BA3/4K4/2BA4c b,-0.8738372,2593
7R1/4ak3/9/p8/8p/6N2/P7P/4BA3/1r2K4/2BA4c w,0.8748118,6925
7R1/4ak3/9/p8/8p/6N2/P7P/4BA3/1r7/2BAK3c b,-0.8805746,6647
7R1/4ak3/9/p8/8p/6N2/P7P/4BA3/5r3/2BAK3c w,0.8822813,646
9/4ak1R1/9/p8/8p/6N2/P7P/4BA3/5r3/2BAK3c b,-0.88160783,1265
5k3/4a2R1/9/p8/8p/6N2/P7P/4BA3/5r3/2BAK3c w,0.8865046,1453
5k3/4R4/9/p8/8p/6N2/P7P/4BA3/5r3/2BAK3c b,-0.8867398,7016
5k3/4R4/9/p8/8p/6N2/P7P/4BA3/9/2BAKr2c w,0.9736507,7736
5k3/4R4/9/p8/8p/6N2/P7P/4BA3/9/2BA1K2c b,-0.9777233,8094
5k3/4R4/9/p8/8p/6N2/P7P/4BA3/9/2Bc1K3 w,0.98227674,4634
5k3/4R4/9/p8/8N/9/P7P/4BA3/9/2Bc1K3 b,-0.98315424,7599
5k3/4R4/9/p8/3c4N/9/P7P/4BA3/9/2B2K3 w,0.9864032,3993
5k3/4R4/9/p5N2/3c5/9/P7P/4BA3/9/2B2K3 b,-0.9949092,3551
5k3/4R4/9/p5N2/5c3/9/P7P/4BA3/9/2B2K3 w,0.9788617,7825
5k3/4R4/9/p5N2/5c3/9/P7P/4BA3/9/2B1K4 b,-0.96833044,3732
5k3/4R4/9/p5N2/6c2/9/P7P/4BA3/9/2B1K4 w,0.982732,4905
5k3/4R4/9/p5N2/6c2/P8/8P/4BA3/9/2B1K4 b,-0.96771884,3840
5k3/4R4/9/p5N2/9/P8/6c1P/4BA3/9/2B1K4 w,0.99273026,5633
5k3/4R4/9/p5N2/9/P7P/6c2/4BA3/9/2B1K4 b,-0.9769856,5478
5k3/4R4/9/p5N2/9/P7P/9/4BA3/6c2/2B1K4 w,0.98761266,7734
5k3/4R4/9/p5N2/9/P7P/9/4BA3/6c2/2BK5 b,-0.975863,7080
5k3/4R4/9/p5N2/9/P7P/6c2/4BA3/9/2BK5 w,0.99619704,4814
5k3/4R4/9/p5N2/8P/P8/6c2/4BA3/9/2BK5 b,-0.9687458,5442
5k3/4R4/9/p5N2/6c1P/P8/9/4BA3/9/2BK5 w,0.9825318,4003
5k3/4R4/9/p5N2/6cP1/P8/9/4BA3/9/2BK5 b,-0.982975,3840
5k3/4R4/9/p5N2/7P1/P8/6c2/4BA3/9/2BK5 w,0.9879822,2986
5k3/4R2N1/9/p8/7P1/P8/6c2/4BA3/9/2BK5 b,-0.9862004,5415
5k3/4R1cN1/9/p8/7P1/P8/9/4BA3/9/2BK5 w,0.98687625,1185
5k3/6RN1/9/p8/7P1/P8/9/4BA3/9/2BK5 b,-0.9874803,454
4k4/6RN1/9/p8/7P1/P8/9/4BA3/9/2BK5 w,0.9894205,1356
4k1R2/7N1/9/p8/7P1/P8/9/4BA3/9/2BK5 b,-0.9869071,373
6R2/4k2N1/9/p8/7P1/P8/9/4BA3/9/2BK5 w,0.99905455,543
3R5/4k2N1/9/p8/7P1/P8/9/4BA3/9/2BK5 b,-0.9925463,1192
3R5/7N1/4k4/p8/7P1/P8/9/4BA3/9/2BK5 w,1,274
rnbakabnr/9/1c5c1/p1p1p1p1p/9/9/P1P1P1P1P/1C5C1/9/RNBAKABNR w,0.0017713547,5827
rnbakabnr/9/1c5c1/p1p1p1p1p/9/9/P1P1P1P1P/4C2C1/9/RNBAKABNR b,-0.0018067121,110
r1bakabnr/9/1cn4c1/p1p1p1p1p/9/9/P1P1P1P1P/4C2C1/9/RNBAKABNR w,0.0018301487,7445
r1bakabnr/9/1cn4c1/p1p1p1p1p/9/9/P1P1P1P1P/2N1C2C1/9/R1BAKABNR b,-0.0018405796,562
r1baka1nr/9/1cn1b2c1/p1p1p1p1p/9/9/P1P1P1P1P/2N1C2C1/9/R1BAKABNR w,0.0019419909,7372
r1baka1nr/9/1cn1b2c1/p1p1p1p1p/9/9/P1P1P1P1P/2N1C2C1/9/1RBAKABNR b,-0.0017697454,1
1rbaka1nr/9/1cn1b2c1/p1p1p1p1p/9/9/P1P1P1P1P/2N1C2C1/9/1RBAKABNR w,0.0017163992,6368
1rbaka1nr/9/1cn1b2c1/p1p1p1p1p/9/9/P1P1P1P1P/2N1CC3/9/1RBAKABNR b,-0.0012889147,654
1rbaka2r/9/1cn1b1nc1/p1p1p1p1p/9/9/P1P1P1P1P/2N1CC3/9/1RBAKABNR w,0.0015865564,7989
1rbaka2r/9/1cn1b1nc1/p1p1p1p1p/9/9/P1P1P1P1P/2N1CCN2/9/1RBAKAB1R b,-0.0013685942,3012
1rbaka2r/9/1cn1b1nc1/p1p1p3p/6p2/9/P1P1P1P1P/2N1CCN2/9/1RBAKAB1R w,0.0018939496,8098
1rbaka2r/9/1cn1b1nc1/p1p1p3p/6p2/9/P1P1P1P1P/2N1CCN2/9/1RBAKABR1 b,-0.0020106912,727
1rbaka1r1/9/1cn1b1nc1/p1p1p3p/6p2/9/P1P1P1P1P/2N1CCN2/9/1RBAKABR1 w,0.002513051,5087
1rbaka1r1/9/1cn1b1nc1/p1p1p3p/6p2/2P6/P3P1P1P/2N1CCN2/9/1RBAKABR1 b,-0.0021535754,1765
1rbaka1r1/9/2n1b1nc1/p1p1p3p/6p2/2P6/Pc2P1P1P/2N1CCN2/9/1RBAKABR1 w,0.0047115325,5898
1rbaka1r1/9/2n1b1nc1/p1p1p3p/6p2/2PN5/Pc2P1P1P/4CCN2/9/1RBAKABR1 b,-0.006537807,2311
1rbaka1r1/9/2n1b1n2/p1p1p3p/6p2/2PN5/Pc2P1PcP/4CCN2/9/1RBAKABR1 w,0.007886124,6143
1rbaka1r1/9/2n1bCn2/p1p1p3p/6p2/2PN5/Pc2P1PcP/4C1N2/9/1RBAKABR1 b,-0.008902455,1986
1rbakabr1/9/2n2Cn2/p1p1p3p/6p2/2PN5/Pc2P1PcP/4C1N2/9/1RBAKABR1 w,0.018145729,4351
1rbakabr1/9/2n2Cn2/p1p1N3p/6p2/2P6/Pc2P1PcP/4C1N2/9/1RBAKABR1 b,-0.0047743083,1831
1rbakabr1/9/5Cn2/p1p1n3p/6p2/2P6/Pc2P1PcP/4C1N2/9/1RBAKABR1 w,0.005065441,6061
1rbakabr1/9/5Cn2/p1p1C3p/6p2/2P6/Pc2P1PcP/6N2/9/1RBAKABR1 b,0.009019971,109
2bakabr1/9/1r3Cn2/p1p1C3p/6p2/2P6/Pc2P1PcP/6N2/9/1RBAKABR1 w,0.0019269943,2839
2bakabr1/9/1r3Cn2/p1p5p/6p2/2P1C4/Pc2P1PcP/6N2/9/1RBAKABR1 b,0.0012335539,1733
2bakabr1/9/5rn2/p1p5p/6p2/2P1C4/Pc2P1PcP/6N2/9/1RBAKABR1 w,0.0096395975,7435
2bakabr1/9/5rn2/p1p5p/6p2/2P1C4/PR2P1PcP/6N2/9/2BAKABR1 b,-0.008202374,2138
2bakabr1/9/6n2/p1p5p/6p2/2P1C4/PR2P1PcP/5rN2/9/2BAKABR1 w,0.016249252,6290
2bakabr1/9/6n2/p1p5p/6p2/2P1C4/PR2P1PcP/5r3/8N/2BAKABR1 b,-0.0046933177,5569
2bakabr1/9/6n2/p1p5p/6p2/2P1C4/PR2P1P1P/5r3/7cN/2BAKABR1 w,0.008798242,7816
2bakabr1/9/6n2/p1p5p/6p2/2P1C4/PR2P1P1P/5r3/4A2cN/2BAK1BR1 b,0.0013314009,6197
2bakabr1/9/6n2/p1p5p/6p2/2P1C4/PR2P1P1P/9/4Ar1cN/2BAK1BR1 w,0.0023834705,5007
2bakabr1/9/6n2/p1p5p/6p2/2P1C4/P2RP1P1P/9/4Ar1cN/2BAK1BR1 b,0.007697654,2201
2bakabr1/9/9/p1p5p/5np2/2P1C4/P2RP1P1P/9/4Ar1cN/2BAK1BR1 w,-0.0044629215,4450
2bakabr1/9/9/p1p5p/4Cnp2/2P6/P2RP1P1P/9/4Ar1cN/2BAK1BR1 b,0.019093513,664
2bakab2/9/9/p1p4rp/4Cnp2/2P6/P2RP1P1P/9/4Ar1cN/2BAK1BR1 w,0.000401783,7261
2bakab2/9/9/p1p4rp/4Cnp2/2P6/P2RP1PNP/9/4Ar1c1/2BAK1BR1 b,0.029752254,3121
2bakab2/9/9/p1p5p/4Cnp2/2P6/P2RP1PrP/9/4Ar1c1/2BAK1BR1 w,-0.01843896,5269
2bakab2/9/9/p1p5p/4Cnp2/2P1P4/P2R2PrP/9/4Ar1c1/2BAK1BR1 b,0.041608002,3831
2bakab2/9/9/p1p5p/4Cn3/2P1P1p2/P2R2PrP/9/4Ar1c1/2BAK1BR1 w,-0.039133836,5160
2bakab2/9/9/p1pR4p/4Cn3/2P1P1p2/P5PrP/9/4Ar1c1/2BAK1BR1 b,0.050686,3750
2bakab2/9/9/p1pR4p/4C4/2P1P1p2/P5nrP/9/4Ar1c1/2BAK1BR1 w,-0.05252397,2731
2bakab2/9/9/p1p1R3p/4C4/2P1P1p2/P5nrP/9/4Ar1c1/2BAK1BR1 b,0.032742288,463
2bak1b2/4a4/9/p1p1R3p/4C4/2P1P1p2/P5nrP/9/4Ar1c1/2BAK1BR1 w,0.004953408,2824
2bak1b2/4a4/9/p1p4Rp/4C4/2P1P1p2/P5nrP/9/4Ar1c1/2BAK1BR1 b,-0.0028443814,1175
2bakab2/9/9/p1p4Rp/4C4/2P1P1p2/P5nrP/9/4Ar1c1/2BAK1BR1 w,0.026625395,3121
2bakab2/9/9/p1p5p/4C4/2P1P1p2/P5nRP/9/4Ar1c1/2BAK1BR1 b,-0.029652476,7188
2bakab2/9/9/p1p5p/4C4/2P1P1p2/P5nRP/9/4Arc2/2BAK1BR1 w,0.041508462,5497
2bakabR1/9/9/p1p5p/4C4/2P1P1p2/P5n1P/9/4Arc2/2BAK1BR1 b,-0.023024488,5449
2bakabR1/9/9/p1p5p/4C4/2P1n1p2/P7P/9/4Arc2/2BAK1BR1 w,0.022636676,709
2bakab2/9/9/p1p5p/4C4/2P1n1p2/P7P/9/4ArcR1/2BAK1BR1 b,-0.0044599297,4650
2bakab2/9/9/p1p5p/4C4/2P1n4/P5p1P/9/4ArcR1/2BAK1BR1 w,0.03160591,7144
2bakab2/9/9/p1p4Rp/4C4/2P1n4/P5p1P/9/4Arc2/2BAK1BR1 b,-0.02556926,7089
2bakab2/9/9/p1p4Rp/4C4/2P1n4/P5p1P/6c2/4Ar3/2BAK1BR1 w,0.04240122,3091
2bakab2/9/9/p1p1R3p/4C4/2P1n4/P5p1P/6c2/4Ar3/2BAK1BR1 b,-0.039673712,463
2bak1b2/4a4/9/p1p1R3p/4C4/2P1n4/P5p1P/6c2/4Ar3/2BAK1BR1 w,0.116559125,2822
2bak1b2/4a4/9/p1p2R2p/4C4/2P1n4/P5p1P/6c2/4Ar3/2BAK1BR1 b,-0.12258923,1175
2bakab2/9/9/p1p2R2p/4C4/2P1n4/P5p1P/6c2/4Ar3/2BAK1BR1 w,0.13998847,2957
2bakab2/9/9/p1p5p/4C4/2P1n4/P5p1P/6c2/4AR3/2BAK1BR1 b,-0.13578105,4452
2bakab2/9/9/p1p5p/4C1n2/2P6/P5p1P/6c2/4AR3/2BAK1BR1 w,0.14454165,6971
2bakab2/9/9/p1p5p/4CRn2/2P6/P5p1P/6c2/4A4/2BAK1BR1 b,-0.14044689,3839
2bakab2/9/9/p1p5p/4CR3/2P6/P4np1P/6c2/4A4/2BAK1BR1 w,0.13660395,3667
2bakab2/9/9/p1p5p/5R3/2P6/P4np1P/4C1c2/4A4/2BAK1BR1 b,-0.14711723,5388
2bakab2/9/9/p1p5p/5R3/2P6/P5p1P/4C1c2/4A1n2/2BAK1BR1 w,0.15841477,3767
2bakab2/9/9/p1p5p/9/2P6/P5p1P/4C1c2/4ARn2/2BAK1BR1 b,-0.14618994,7109
2bakab2/9/9/p1p5p/9/2P6/P5p1P/4C1c2/4AR3/2BAK1BRn w,0.15367003,6962
2bakab2/9/9/p1p2R2p/9/2P6/P5p1P/4C1c2/4A4/2BAK1BRn b,-0.15355189,6280
2bakab2/9/9/p1p2R2p/9/2P6/P5p1P/4C2c1/4A4/2BAK1BRn w,0.16770653,8009
2bakab2/9/9/p1p2R2p/9/2P6/P5p1P/4C2c1/4A4/2BAK1B1R b,-0.1643644,5469
2bakab2/9/9/p1p2R2p/9/2P6/P7P/4C1pc1/4A4/2BAK1B1R w,0.16756658,2913
2bakab2/9/9/p1p3R1p/9/2P6/P7P/4C1pc1/4A4/2BAK1B1R b,-0.16104448,6367
2bakab2/9/9/p1p3R1p/9/2P6/P7P/4c1p2/4A4/2BAK1B1R w,0.16392794,7897
2bakab2/9/9/p1p3R1p/9/2P6/P7P/4B1p2/4A4/2BAK3R b,-0.16358005,6288
2bakab2/9/9/p1p3R1p/9/2P6/P7P/4B4/4A1p2/2BAK3R w,0.16729231,8098
2bakab2/9/9/p1p3R1p/9/2P6/P7P/4B4/4A1p2/2BAK2R1 b,-0.16492495,7097
2bakab2/9/9/p1p3R1p/9/2P6/P7P/4B4/4Ap3/2BAK2R1 w,0.16616705,2999
2bakab2/9/9/p1R5p/9/2P6/P7P/4B4/4Ap3/2BAK2R1 b,-0.16645984,202
3akab2/9/4b4/p1R5p/9/2P6/P7P/4B4/4Ap3/2BAK2R1 w,0.16622093,2642
3akab2/9/4b4/p4R2p/9/2P6/P7P/4B4/4Ap3/2BAK2R1 b,-0.16563828,7008
3akab2/9/4b4/p4R2p/9/2P6/P7P/4B4/4A1p2/2BAK2R1 w,0.16944794,7954
3akab2/9/4b4/p4R1Rp/9/2P6/P7P/4B4/4A1p2/2BAK4 b,-0.16954216,2466
3akab2/9/4b4/5R1Rp/p8/2P6/P7P/4B4/4A1p2/2BAK4 w,0.16845794,3093
3akab2/9/4b4/5RR1p/p8/2P6/P7P/4B4/4A1p2/2BAK4 b,-0.16314194,7099
3akab2/9/4b4/5RR1p/p8/2P6/P7P/4B4/4A2p1/2BAK4 w,0.1578363,3004
3akab2/9/4b4/5R1Rp/p8/2P6/P7P/4B4/4A2p1/2BAK4 b,-0.15724818,7188
3akab2/9/4b4/5R1Rp/p8/2P6/P7P/4B4/4A1p2/2BAK4 w,0.1599863,3095
3akab2/9/4b4/5R2R/p8/2P6/P7P/4B4/4A1p2/2BAK4 b,-0.16267027,283
4kab2/4a4/4b4/5R2R/p8/2P6/P7P/4B4/4A1p2/2BAK4 w,0.16450654,2907
4kab2/4a4/4b4/R7R/p8/2P6/P7P/4B4/4A1p2/2BAK4 b,-0.16926274,7097
4kab2/4a4/4b4/R7R/p8/2P6/P7P/4B4/4Ap3/2BAK4 w,0.16941209,3182
4kab2/4a4/4b4/R4R3/p8/2P6/P7P/4B4/4Ap3/2BAK4 b,-0.16525249,7008
4kab2/4a4/4b4/R4R3/p8/2P6/P7P/4B4/4A1p2/2BAK4 w,0.16792054,2466
4kab2/4a4/4b4/5R3/R8/2P6/P7P/4B4/4A1p2/2BAK4 b,-0.17009819,1173
3akab2/9/4b4/5R3/R8/2P6/P7P/4B4/4A1p2/2BAK4 w,0.17448325,5633
3akab2/9/4b4/5R3/R8/2P5P/P8/4B4/4A1p2/2BAK4 b,-0.17013682,463
3ak1b2/4a4/4b4/5R3/R8/2P5P/P8/4B4/4A1p2/2BAK4 w,0.17367776,4814
3ak1b2/4a4/4b4/5R3/R7P/2P6/P8/4B4/4A1p2/2BAK4 b,-0.1757298,7097
3ak1b2/4a4/4b4/5R3/R7P/2P6/P8/4B4/4Ap3/2BAK4 w,0.18008535,2957
3ak1b2/4a4/4b4/9/R7P/2P6/P8/4B4/4AR3/2BAK4 b,-0.17774294,1175
3akab2/9/4b4/9/R7P/2P6/P8/4B4/4AR3/2BAK4 w,0.17617224,4905
3akab2/9/4b4/9/R7P/P1P6/9/4B4/4AR3/2BAK4 b,-0.1771488,463
3ak1b2/4a4/4b4/9/R7P/P1P6/9/4B4/4AR3/2BAK4 w,0.1811058,3281
3ak1b2/4a4/4b4/9/5R2P/P1P6/9/4B4/4AR3/2BAK4 b,-0.176397,1175
3akab2/9/4b4/9/5R2P/P1P6/9/4B4/4AR3/2BAK4 w,0.17773394,6989
3akab2/9/4b4/9/5R2P/P1P6/5R3/4B4/4A4/2BAK4 b,-0.17856984,463
3ak1b2/4a4/4b4/9/5R2P/P1P6/5R3/4B4/4A4/2BAK4 w,0.17912208,4086
3ak1b2/4a4/4b4/9/P4R2P/2P6/5R3/4B4/4A4/2BAK4 b,-0.18019323,1175
3akab2/9/4b4/9/P4R2P/2P6/5R3/4B4/4A4/2BAK4 w,0.17269717,7736
3akab2/9/4b4/9/P4R2P/2P6/5R3/4B4/4A4/2BA1K3 b,-0.1661127,373
3a1ab2/4k4/4b4/9/P4R2P/2P6/5R3/4B4/4A4/2BA1K3 w,0.1810474,4268
3a1ab2/4k4/4b4/9/P1P2R2P/9/5R3/4B4/4A4/2BA1K3 b,-0.16292514,1982
2ba1ab2/4k4/9/9/P1P2R2P/9/5R3/4B4/4A4/2BA1K3 w,0.17566922,3730
2ba1ab2/4k4/9/9/P1P1R3P/9/5R3/4B4/4A4/2BA1K3 b,-0.17182794,202
3a1ab2/4k4/4b4/9/P1P1R3P/9/5R3/4B4/4A4/2BA1K3 w,0.17948805,3449
3a1ab2/4k4/4b4/2P6/P3R3P/9/5R3/4B4/4A4/2BA1K3 b,-0.18383567,1174
3akab2/9/4b4/2P6/P3R3P/9/5R3/4B4/4A4/2BA1K3 w,0.18592815,2630
3akab2/9/2P1b4/9/P3R3P/9/5R3/4B4/4A4/2BA1K3 b,-0.18835188,463
3ak1b2/4a4/2P1b4/9/P3R3P/9/5R3/4B4/4A4/2BA1K3 w,0.18830283,1811
3ak1b2/2P1a4/4b4/9/P3R3P/9/5R3/4B4/4A4/2BA1K3 b,-0.18131934,1175
3akab2/2P6/4b4/9/P3R3P/9/5R3/4B4/4A4/2BA1K3 w,0.1890705,1002
3akab2/3P5/4b4/9/P3R3P/9/5R3/4B4/4A4/2BA1K3 b,-0.18743284,463
3ak1b2/3Pa4/4b4/9/P3R3P/9/5R3/4B4/4A4/2BA1K3 w,0.18984245,5324
3ak1b2/3PaR3/4b4/9/P3R3P/9/9/4B4/4A4/2BA1K3 b,-0.17916456,566
3ak4/3PaR3/4b3b/9/P3R3P/9/9/4B4/4A4/2BA1K3 w,0.1899158,4003
3ak4/3PaR3/4b3b/9/P3R2P1/9/9/4B4/4A4/2BA1K3 b,-0.17237215,1175
3aka3/3P1R3/4b3b/9/P3R2P1/9/9/4B4/4A4/2BA1K3 w,0.19695137,1283
3aka3/3P5/4bR2b/9/P3R2P1/9/9/4B4/4A4/2BA1K3 b,-0.19589008,463
3ak4/3Pa4/4bR2b/9/P3R2P1/9/9/4B4/4A4/2BA1K3 w,0.19842635,2092
3ak4/3Pa4/4R3b/9/P3R2P1/9/9/4B4/4A4/2BA1K3 b,-0.19875012,2346
3ak1b2/3Pa4/4R4/9/P3R2P1/9/9/4B4/4A4/2BA1K3 w,0.19919558,2004
3ak1b2/3Pa4/6R2/9/P3R2P1/9/9/4B4/4A4/2BA1K3 b,-0.19838059,566
3ak4/3Pa4/6R1b/9/P3R2P1/9/9/4B4/4A4/2BA1K3 w,0.2,2186
rnbakabnr/9/1c5c1/p1p1p1p1p/9/9/P1P1P1P1P/1C5C1/9/RNBAKABNR w,0.00182724,5827
rnbakabnr/9/1c5c1/p1p1p1p1p/9/9/P1P1P1P1P/4C2C1/9/RNBAKABNR b,-0.0017677665,110
r1bakabnr/9/1cn4c1/p1p1p1p1p/9/9/P1P1P1P1P/4C2C1/9/RNBAKABNR w,0.0018301487,7445
r1bakabnr/9/1cn4c1/p1p1p1p1p/9/9/P1P1P1P1P/2N1C2C1/9/R1BAKABNR b,-0.0018089175,562
r1baka1nr/9/1cn1b2c1/p1p1p1p1p/9/9/P1P1P1P1P/2N1C2C1/9/R1BAKABNR w,0.0019465685,7372
r1baka1nr/9/1cn1b2c1/p1p1p1p1p/9/9/P1P1P1P1P/2N1C2C1/9/1RBAKABNR b,-0.0017861844,1
1rbaka1nr/9/1cn1b2c1/p1p1p1p1p/9/9/P1P1P1P1P/2N1C2C1/9/1RBAKABNR w,0.0017125607,6368
1rbaka1nr/9/1cn1b2c1/p1p1p1p1p/9/9/P1P1P1P1P/2N1CC3/9/1RBAKABNR b,-0.0012718678,654
1rbaka2r/9/1cn1b1nc1/p1p1p1p1p/9/9/P1P1P1P1P/2N1CC3/9/1RBAKABNR w,0.0016003847,7989
1rbaka2r/9/1cn1b1nc1/p1p1p1p1p/9/9/P1P1P1P1P/2N1CCN2/9/1RBAKAB1R b,-0.001368165,3012
1rbaka2r/9/1cn1b1nc1/p1p1p3p/6p2/9/P1P1P1P1P/2N1CCN2/9/1RBAKAB1R w,0.0018939496,8098
1rbaka2r/9/1cn1b1nc1/p1p1p3p/6p2/9/P1P1P1P1P/2N1CCN2/9/1RBAKABR1 b,-0.0020040155,727
1rbaka1r1/9/1cn1b1nc1/p1p1p3p/6p2/9/P1P1P1P1P/2N1CCN2/9/1RBAKABR1 w,0.0027637244,5087
1rbaka1r1/9/1cn1b1nc1/p1p1p3p/6p2/2P6/P3P1P1P/2N1CCN2/9/1RBAKABR1 b,-0.0021535754,1765
1rbaka1r1/9/2n1b1nc1/p1p1p3p/6p2/2P6/Pc2P1P1P/2N1CCN2/9/1RBAKABR1 w,0.0047838925,5898
1rbaka1r1/9/2n1b1nc1/p1p1p3p/6p2/2PN5/Pc2P1P1P/4CCN2/9/1RBAKABR1 b,-0.006537807,2311
1rbaka1r1/9/2n1b1n2/p1p1p3p/6p2/2PN5/Pc2P1PcP/4CCN2/9/1RBAKABR1 w,0.0076842546,6143
1rbaka1r1/9/2n1bCn2/p1p1p3p/6p2/2PN5/Pc2P1PcP/4C1N2/9/1RBAKABR1 b,-0.008457172,1986
1rbakabr1/9/2n2Cn2/p1p1p3p/6p2/2PN5/Pc2P1PcP/4C1N2/9/1RBAKABR1 w,0.018145729,4351
1rbakabr1/9/2n2Cn2/p1p1N3p/6p2/2P6/Pc2P1PcP/4C1N2/9/1RBAKABR1 b,-0.0047811987,1831
1rbakabr1/9/5Cn2/p1p1n3p/6p2/2P6/Pc2P1PcP/4C1N2/9/1RBAKABR1 w,0.005549145,6061
1rbakabr1/9/5Cn2/p1p1C3p/6p2/2P6/Pc2P1PcP/6N2/9/1RBAKABR1 b,0.00906353,109
2bakabr1/9/1r3Cn2/p1p1C3p/6p2/2P6/Pc2P1PcP/6N2/9/1RBAKABR1 w,0.0020688535,2839
2bakabr1/9/1r3Cn2/p1p5p/6p2/2P1C4/Pc2P1PcP/6N2/9/1RBAKABR1 b,0.0012031317,1733
2bakabr1/9/5rn2/p1p5p/6p2/2P1C4/Pc2P1PcP/6N2/9/1RBAKABR1 w,0.009669137,7435
2bakabr1/9/5rn2/p1p5p/6p2/2P1C4/PR2P1PcP/6N2/9/2BAKABR1 b,-0.0070329546,2201
2bakabr1/9/5r3/p1p5p/5np2/2P1C4/PR2P1PcP/6N2/9/2BAKABR1 w,0.0140283825,4987
2bakabr1/9/5r3/p1p5p/1R3np2/2P1C4/P3P1PcP/6N2/9/2BAKABR1 b,-0.008260417,3750
2bakabr1/9/5r3/p1p5p/1R4p2/2P1C4/P3P1ncP/6N2/9/2BAKABR1 w,0.02004385,3372
2bakabr1/9/5r3/p1p5p/6R2/2P1C4/P3P1ncP/6N2/9/2BAKABR1 b,-0.005449605,5449
2bakabr1/9/5r3/p1p5p/6R2/2P1n4/P3P2cP/6N2/9/2BAKABR1 w,0.0057774307,5269
2bakabr1/9/5r3/p1p5p/6R2/2P1P4/P6cP/6N2/9/2BAKABR1 b,0.00068066124,5560
2bakabr1/9/5r3/p1p5p/6R2/2P1P4/P7P/6Nc1/9/2BAKABR1 w,0.00048680307,3813
2bakabr1/9/5r3/p1p3R1p/9/2P1P4/P7P/6Nc1/9/2BAKABR1 b,0.00556705,2138
2bakabr1/9/9/p1p3R1p/9/2P1P4/P7P/5rNc1/9/2BAKABR1 w,0.016901636,7816
2bakabr1/9/9/p1p3R1p/9/2P1P4/P7P/5rNc1/4A4/2BAK1BR1 b,-0.008178115,6179
2bakabr1/9/9/p1p3R1p/9/2P1P4/P4r2P/6Nc1/4A4/2BAK1BR1 w,0.018464757,6262
2bakabr1/9/9/p1p3R1p/9/2P1P2N1/P4r2P/7c1/4A4/2BAK1BR1 b,0.012546969,682
2bakab2/9/9/p1p3R1p/9/2P1P2r1/P4r2P/7c1/4A4/2BAK1BR1 w,-0.0092958575,2976
2bakaR2/9/9/p1p5p/9/2P1P2r1/P4r2P/7c1/4A4/2BAK1BR1 b,0.021735763,6361
2bakaR2/9/9/p1p5p/9/2P1P2r1/P4r1cP/9/4A4/2BAK1BR1 w,-0.014688993,573
2baka3/9/9/p1p3R1p/9/2P1P2r1/P4r1cP/9/4A4/2BAK1BR1 b,0.02592287,4729
2baka3/9/9/p1p3R1p/9/2P1r4/P4r1cP/9/4A4/2BAK1BR1 w,-0.009746409,7897
2baka3/9/9/p1p3R1p/9/2P1r4/P4r1cP/4B4/4A4/2BAK2R1 b,0.019540502,5544
2baka3/9/9/p1p3R1p/9/2P1r4/c4r2P/4B4/4A4/2BAK2R1 w,-0.013598598,2999
2baka3/9/9/p1R5p/9/2P1r4/c4r2P/4B4/4A4/2BAK2R1 b,0.021485139,5368
2baka3/9/9/p1R5p/9/2P1r4/c3r3P/4B4/4A4/2BAK2R1 w,-0.011697817,2637
2baka3/9/9/R7p/9/2P1r4/c3r3P/4B4/4A4/2BAK2R1 b,0.02168696,5282
2baka3/9/9/R7p/9/2P1r4/c7r/4B4/4A4/2BAK2R1 w,-0.011013365,2466
2baka3/9/9/8p/R8/2P1r4/c7r/4B4/4A4/2BAK2R1 b,0.018034149,4918
2baka3/9/9/8p/R8/2P1r4/4c3r/4B4/4A4/2BAK2R1 w,-0.020179797,3281
2baka3/9/9/8p/5R3/2P1r4/4c3r/4B4/4A4/2BAK2R1 b,0.036484983,4457
2baka3/9/9/8p/5R3/2r6/4c3r/4B4/4A4/2BAK2R1 w,-0.016879618,3730
2baka3/9/9/8p/4R4/2r6/4c3r/4B4/4A4/2BAK2R1 b,0.012023044,283
2b1ka3/4a4/9/8p/4R4/2r6/4c3r/4B4/4A4/2BAK2R1 w,0.0045277835,3658
2b1ka3/4a4/9/8p/9/2r6/4R3r/4B4/4A4/2BAK2R1 b,0.0028285743,5638
2b1ka3/4a4/9/8p/9/2r6/4r4/4B4/4A4/2BAK2R1 w,0.0016215086,6077
2b1ka3/4a4/9/8p/9/2B6/4r4/9/4A4/2BAK2R1 b,-0.000812912,5282
2b1ka3/4a4/9/8p/9/2B6/8r/9/4A4/2BAK2R1 w,0.004316497,4297
2b1ka3/4a4/9/8p/9/9/8r/4B4/4A4/2BAK2R1 b,-0.0016530276,5624
2b1ka3/4a4/9/8p/8r/9/9/4B4/4A4/2BAK2R1 w,0.0012634278,7954
2b1ka3/4a4/9/7Rp/8r/9/9/4B4/4A4/2BAK4 b,-0.0015884758,4049
2b1ka3/4a4/9/7Rp/9/9/9/4B4/4A4/2BAK3r w,0.003431964,6926
2b1ka3/4a4/9/7Rp/9/9/9/4B4/9/2BAKA2r b,-0.0025021315,1191
2b1ka3/9/3a5/7Rp/9/9/9/4B4/9/2BAKA2r w,0.0018010617,3091
2b1ka3/9/3a5/4R3p/9/9/9/4B4/9/2BAKA2r b,-0.002104771,463
2b1k4/4a4/3a5/4R3p/9/9/9/4B4/9/2BAKA2r w,0.0051364424,2819
2b1k4/4a4/3a5/2R5p/9/9/9/4B4/9/2BAKA2r b,0.0018437625,202
4k4/4a4/3ab4/2R5p/9/9/9/4B4/9/2BAKA2r w,0.0057395697,2644
4k4/4a4/3ab4/7Rp/9/9/9/4B4/9/2BAKA2r b,-0.00444994,8063
4k4/4a4/3ab4/7Rp/9/8r/9/4B4/9/2BAKA3 w,0.0047305585,3067
4k2R1/4a4/3ab4/8p/9/8r/9/4B4/9/2BAKA3 b,-0.004759264,1175
4ka1R1/9/3ab4/8p/9/8r/9/4B4/9/2BAKA3 w,0.006131816,655
4ka3/9/3ab2R1/8p/9/8r/9/4B4/9/2BAKA3 b,-0.0013602257,4819
4ka3/9/3ab2R1/8p/9/4r4/9/4B4/9/2BAKA3 w,0.0020753385,2284
4ka3/9/3ab4/7Rp/9/4r4/9/4B4/9/2BAKA3 b,-0.0021650791,3194
4ka3/9/3ab4/7R1/8p/4r4/9/4B4/9/2BAKA3 w,0.0026160001,3085
4ka3/9/3ab2R1/9/8p/4r4/9/4B4/9/2BAKA3 b,-0.0006917119,4013
4ka3/9/3ab2R1/9/9/4r3p/9/4B4/9/2BAKA3 w,0.00417099,2284
4ka3/9/3ab4/7R1/9/4r3p/9/4B4/9/2BAKA3 b,-0.0018987298,4450
4ka3/9/3ab4/7R1/4r4/8p/9/4B4/9/2BAKA3 w,0.0011638164,3130
4ka3/9/3ab4/9/4r4/8p/9/4B2R1/9/2BAKA3 b,0.00023207665,3631
4ka3/9/3ab4/4r4/9/8p/9/4B2R1/9/2BAKA3 w,0.0034689426,6361
4ka3/9/3ab4/4r4/9/8p/7R1/4B4/9/2BAKA3 b,-0.0037158846,1903
4ka3/4a4/4b4/4r4/9/8p/7R1/4B4/9/2BAKA3 w,0.0031291246,5544
4ka3/4a4/4b4/4r4/9/8p/R8/4B4/9/2BAKA3 b,-0.000033938886,1173
3aka3/9/4b4/4r4/9/8p/R8/4B4/9/2BAKA3 w,0.0023707391,7636
3aka3/9/4b4/4r4/9/8p/R8/4B4/4A4/2B1KA3 b,-0.0013797045,4822
3aka3/9/4b4/4r4/9/7p1/R8/4B4/4A4/2B1KA3 w,0.00052230357,4905
3aka3/9/4b4/4r4/9/R6p1/9/4B4/4A4/2B1KA3 b,0.0018530131,4741
3aka3/9/4b4/4r4/9/R8/7p1/4B4/4A4/2B1KA3 w,-0.000030696392,4086
3aka3/9/4b4/4r4/R8/9/7p1/4B4/4A4/2B1KA3 b,0.0023082972,5550
3aka3/9/4b4/4r4/R8/9/6p2/4B4/4A4/2B1KA3 w,-0.00084685086,3294
3aka3/9/4b4/4r4/9/9/R5p2/4B4/4A4/2B1KA3 b,0.0002965212,5469
3aka3/9/4b4/4r4/9/9/R8/4B1p2/4A4/2B1KA3 w,-0.0030043365,4920
3aka3/9/4b4/4r4/9/9/6R2/4B1p2/4A4/2B1KA3 b,0.003788519,6280
3aka3/9/4b4/4r4/9/9/6R2/4B2p1/4A4/2B1KA3 w,-0.011901843,5461
3aka3/9/4b4/4r4/9/9/7R1/4B2p1/4A4/2B1KA3 b,0.008378935,6369
3aka3/9/4b4/4r4/9/9/7R1/4B1p2/4A4/2B1KA3 w,0.0024411918,7734
3aka3/9/4b4/4r4/9/9/7R1/4B1p2/4A4/2BK1A3 b,-0.002516079,6288
3aka3/9/4b4/4r4/9/9/7R1/4B4/4A1p2/2BK1A3 w,0.0030884028,5547
3aka3/9/4b4/4r4/9/9/3R5/4B4/4A1p2/2BK1A3 b,-0.00051243306,463
3ak4/4a4/4b4/4r4/9/9/3R5/4B4/4A1p2/2BK1A3 w,-0.00492537,5190
3ak4/4a4/4b4/4r4/9/9/6R2/4B4/4A1p2/2BK1A3 b,0.0016952277,7097
3ak4/4a4/4b4/4r4/9/9/6R2/4B4/4Ap3/2BK1A3 w,-0.0011480212,5459
3ak4/4a4/4b4/4r4/9/9/5R3/4B4/4Ap3/2BK1A3 b,0.00043365956,7008
3ak4/4a4/4b4/4r4/9/9/5R3/4B4/4A1p2/2BK1A3 w,0.0003789425,7645
3ak4/4a4/4b4/4r4/9/9/5R3/4B4/4A1p2/2B1KA3 b,0.0017034293,2819
3ak4/4a4/4b4/2r6/9/9/5R3/4B4/4A1p2/2B1KA3 w,0.003054571,5372
3ak4/4a4/4b4/2r6/9/9/8R/4B4/4A1p2/2B1KA3 b,0.00016191007,1175
3aka3/9/4b4/2r6/9/9/8R/4B4/4A1p2/2B1KA3 w,0.0012962818,5638
3aka3/9/4b4/2r6/9/9/4R4/4B4/4A1p2/2B1KA3 b,0.00009586811,2630
3aka3/9/2r1b4/9/9/9/4R4/4B4/4A1p2/2B1KA3 w,-0.005311191,5280
3aka3/9/2r1b4/9/9/9/6R2/4B4/4A1p2/2B1KA3 b,0.00014414788,7097
3aka3/9/2r1b4/9/9/9/6R2/4B4/4Ap3/2B1KA3 w,-0.0006002307,5459
3aka3/9/2r1b4/9/9/9/5R3/4B4/4Ap3/2B1KA3 b,0.0011931658,7008
3aka3/9/2r1b4/9/9/9/5R3/4B4/4A1p2/2B1KA3 w,0.0042814496,5372
3aka3/9/2r1b4/9/9/9/8R/4B4/4A1p2/2B1KA3 b,-0.00077729224,283
4ka3/4a4/2r1b4/9/9/9/8R/4B4/4A1p2/2B1KA3 w,0.0023458719,5634
4ka3/4a4/2r1b4/9/9/9/R8/4B4/4A1p2/2B1KA3 b,0.0018230915,1982
2b1ka3/4a4/2r6/9/9/9/R8/4B4/4A1p2/2B1KA3 w,-0.009350193,4920
2b1ka3/4a4/2r6/9/9/9/6R2/4B4/4A1p2/2B1KA3 b,0.0043605566,7097
2b1ka3/4a4/2r6/9/9/9/6R2/4B4/4Ap3/2B1KA3 w,-0.00895145,5459
2b1ka3/4a4/2r6/9/9/9/5R3/4B4/4Ap3/2B1KA3 b,0.00618217,7008
2b1ka3/4a4/2r6/9/9/9/5R3/4B4/4A1p2/2B1KA3 w,0.0019537688,5372
2b1ka3/4a4/2r6/9/9/9/8R/4B4/4A1p2/2B1KA3 b,0.001411438,7097
2b1ka3/4a4/2r6/9/9/9/8R/4B4/4Ap3/2B1KA3 w,0,5639
rnbakabnr/9/1c5c1/p1p1p1p1p/9/9/P1P1P1P1P/1C5C1/9/RNBAKABNR w,0.8018042,5827
rnbakabnr/9/1c5c1/p1p1p1p1p/9/9/P1P1P1P1P/4C2C1/9/RNBAKABNR b,-0.8017965,110
r1bakabnr/9/1cn4c1/p1p1p1p1p/9/9/P1P1P1P1P/4C2C1/9/RNBAKABNR w,0.80181766,7445
r1bakabnr/9/1cn4c1/p1p1p1p1p/9/9/P1P1P1P1P/2N1C2C1/9/R1BAKABNR b,-0.80180895,562
r1baka1nr/9/1cn1b2c1/p1p1p1p1p/9/9/P1P1P1P1P/2N1C2C1/9/R1BAKABNR w,0.801942,7372
r1baka1nr/9/1cn1b2c1/p1p1p1p1p/9/9/P1P1P1P1P/2N1C2C1/9/1RBAKABNR b,-0.8017649,1
1rbaka1nr/9/1cn1b2c1/p1p1p1p1p/9/9/P1P1P1P1P/2N1C2C1/9/1RBAKABNR w,0.8016926,6368
1rbaka1nr/9/1cn1b2c1/p1p1p1p1p/9/9/P1P1P1P1P/2N1CC3/9/1RBAKABNR b,-0.8012789,654
1rbaka2r/9/1cn1b1nc1/p1p1p1p1p/9/9/P1P1P1P1P/2N1CC3/9/1RBAKABNR w,0.80158037,7989
1rbaka2r/9/1cn1b1nc1/p1p1p1p1p/9/9/P1P1P1P1P/2N1CCN2/9/1RBAKAB1R b,-0.8013682,3012
1rbaka2r/9/1cn1b1nc1/p1p1p3p/6p2/9/P1P1P1P1P/2N1CCN2/9/1RBAKAB1R w,0.8018862,8098
1rbaka2r/9/1cn1b1nc1/p1p1p3p/6p2/9/P1P1P1P1P/2N1CCN2/9/1RBAKABR1 b,-0.8019926,727
1rbaka1r1/9/1cn1b1nc1/p1p1p3p/6p2/9/P1P1P1P1P/2N1CCN2/9/1RBAKABR1 w,0.80280274,5087
1rbaka1r1/9/1cn1b1nc1/p1p1p3p/6p2/2P6/P3P1P1P/2N1CCN2/9/1RBAKABR1 b,-0.8022262,1765
1rbaka1r1/9/2n1b1nc1/p1p1p3p/6p2/2P6/Pc2P1P1P/2N1CCN2/9/1RBAKABR1 w,0.80470604,5898
1rbaka1r1/9/2n1b1nc1/p1p1p3p/6p2/2PN5/Pc2P1P1P/4CCN2/9/1RBAKABR1 b,-0.8065378,2311
1rbaka1r1/9/2n1b1n2/p1p1p3p/6p2/2PN5/Pc2P1PcP/4CCN2/9/1RBAKABR1 w,0.80787426,6143
1rbaka1r1/9/2n1bCn2/p1p1p3p/6p2/2PN5/Pc2P1PcP/4C1N2/9/1RBAKABR1 b,-0.8082944,1986
1rbakabr1/9/2n2Cn2/p1p1p3p/6p2/2PN5/Pc2P1PcP/4C1N2/9/1RBAKABR1 w,0.81805813,4351
1rbakabr1/9/2n2Cn2/p1p1N3p/6p2/2P6/Pc2P1PcP/4C1N2/9/1RBAKABR1 b,-0.80477434,1831
1rbakabr1/9/5Cn2/p1p1n3p/6p2/2P6/Pc2P1PcP/4C1N2/9/1RBAKABR1 w,0.8050623,6061
1rbakabr1/9/5Cn2/p1p1C3p/6p2/2P6/Pc2P1PcP/6N2/9/1RBAKABR1 b,-0.7909604,109
2bakabr1/9/1r3Cn2/p1p1C3p/6p2/2P6/Pc2P1PcP/6N2/9/1RBAKABR1 w,0.8019281,2839
2bakabr1/9/1r3Cn2/p1p5p/6p2/2P1C4/Pc2P1PcP/6N2/9/1RBAKABR1 b,-0.79826003,1733
2bakabr1/9/5rn2/p1p5p/6p2/2P1C4/Pc2P1PcP/6N2/9/1RBAKABR1 w,0.80963963,7435
2bakabr1/9/5rn2/p1p5p/6p2/2P1C4/PR2P1PcP/6N2/9/2BAKABR1 b,-0.80789757,2129
2bakabr1/9/6n2/p1p5p/6p2/2P1C4/PR2PrPcP/6N2/9/2BAKABR1 w,0.8192849,7999
2bakabr1/9/6n2/p1p5p/6p2/2P1C4/PR2PrPcP/6N2/7R1/2BAKAB2 b,-0.81065565,2201
2bakabr1/9/9/p1p5p/5np2/2P1C4/PR2PrPcP/6N2/7R1/2BAKAB2 w,0.816997,4987
2bakabr1/9/9/p1p5p/1R3np2/2P1C4/P3PrPcP/6N2/7R1/2BAKAB2 b,-0.8039635,5378
2bakabr1/9/9/p1p5p/1R3np2/2P1C4/P3P1PcP/5rN2/7R1/2BAKAB2 w,0.82026416,6290
2bakabr1/9/9/p1p5p/1R3np2/2P1C4/P3P1PcP/5r3/7RN/2BAKAB2 b,-0.80654687,5542
2bakabr1/9/9/p1p5p/1R3np2/2P1C2c1/P3P1P1P/5r3/7RN/2BAKAB2 w,0.8297743,7636
2bakabr1/9/9/p1p5p/1R3np2/2P1C2c1/P3P1P1P/5r3/4A2RN/2B1KAB2 b,-0.8097278,6179
2bakabr1/9/9/p1p5p/1R3np2/2P1C2c1/P3PrP1P/9/4A2RN/2B1KAB2 w,0.8198588,7537
2bakabr1/9/9/p1p5p/1R3np2/2P1C2c1/P3PrP1P/4B4/4A2RN/4KAB2 b,-0.81187636,3750
2bakabr1/9/9/p1p5p/1R4p2/2P1C2c1/P3Prn1P/4B4/4A2RN/4KAB2 w,0.8220587,7171
2bakabr1/9/9/p1p5p/1R4p2/2P1C2c1/P3PrnRP/4B4/4A3N/4KAB2 b,-0.8150346,3831
2bakabr1/9/9/p1p5p/1R7/2P1C1pc1/P3PrnRP/4B4/4A3N/4KAB2 w,0.82311547,7269
2bakabr1/9/9/p1p5p/1R7/2P1C1pc1/P3PrnRP/4B1N2/4A4/4KAB2 b,-0.8117195,566
2baka1r1/9/8b/p1p5p/1R7/2P1C1pc1/P3PrnRP/4B1N2/4A4/4KAB2 w,0.83370036,3369
2baka1r1/9/8b/p1p5p/3R5/2P1C1pc1/P3PrnRP/4B1N2/4A4/4KAB2 b,-0.8184986,664
2baka3/9/8b/p1p4rp/3R5/2P1C1pc1/P3PrnRP/4B1N2/4A4/4KAB2 w,0.8327307,3552
2baka3/9/8b/p1p4rp/6R2/2P1C1pc1/P3PrnRP/4B1N2/4A4/4KAB2 b,-0.81173813,3090
2baka3/9/8b/p1pr4p/6R2/2P1C1pc1/P3PrnRP/4B1N2/4A4/4KAB2 w,0.81967884,3831
2baka3/9/8b/p1pr4p/9/2P1C1Rc1/P3PrnRP/4B1N2/4A4/4KAB2 b,-0.80724615,4729
2baka3/9/8b/p1pr4p/9/2P1c1R2/P3PrnRP/4B1N2/4A4/4KAB2 w,0.8151762,5550
2baka3/9/8b/p1pr4p/9/2P1c1R2/P3PrR1P/4B1N2/4A4/4KAB2 b,-0.79674953,5370
2baka3/9/8b/p1pr4p/9/2P1c1R2/P3P1r1P/4B1N2/4A4/4KAB2 w,0.80374354,4650
2baka3/9/8b/p1pr4p/9/2P1c4/P3P1R1P/4B1N2/4A4/4KAB2 b,-0.79945654,4432
2baka3/9/4c3b/p1pr4p/9/2P6/P3P1R1P/4B1N2/4A4/4KAB2 w,0.80622524,5424
2baka3/9/4c1R1b/p1pr4p/9/2P6/P3P3P/4B1N2/4A4/4KAB2 b,-0.8042665,2739
2baka3/9/4c1R1b/p1p5p/3r5/2P6/P3P3P/4B1N2/4A4/4KAB2 w,0.81151193,2186
2baka3/9/4c3R/p1p5p/3r5/2P6/P3P3P/4B1N2/4A4/4KAB2 b,-0.8038991,3547
2baka3/9/4c3R/p1p5p/1r7/2P6/P3P3P/4B1N2/4A4/4KAB2 w,0.80798835,2375
2baka3/9/4c4/p1p5R/1r7/2P6/P3P3P/4B1N2/4A4/4KAB2 b,-0.809417,3412
2baka3/9/4c4/p1p5R/9/2P6/P3P3P/4B1N2/4A4/1r2KAB2 w,0.8143737,6924
2baka3/9/4c4/p1p5R/9/2P6/P3P3P/4B1N2/9/1r1AKAB2 b,-0.80736256,7417
2baka3/9/4c4/p1p5R/1r7/2P6/P3P3P/4B1N2/9/3AKAB2 w,0.8271082,3179
2baka3/9/4c4/p1R6/1r7/2P6/P3P3P/4B1N2/9/3AKAB2 b,-0.82103443,3372
2baka3/9/4c4/p1R6/6r2/2P6/P3P3P/4B1N2/9/3AKAB2 w,0.8214316,6260
2baka3/9/4c4/p1R6/6r2/2P2N3/P3P3P/4B4/9/3AKAB2 b,-0.8156664,3821
2baka3/9/4c4/p1R6/5r3/2P2N3/P3P3P/4B4/9/3AKAB2 w,0.8292875,4569
2baka3/9/4c4/p1R6/5r3/2P6/P3P3P/4B1N2/9/3AKAB2 b,-0.82160676,3758
2baka3/9/4c4/p1R6/9/2P6/P3P3P/4BrN2/9/3AKAB2 w,0.84022504,6262
2baka3/9/4c4/p1R6/9/2P4N1/P3P3P/4Br3/9/3AKAB2 b,-0.83014935,463
2bak4/4a4/4c4/p1R6/9/2P4N1/P3P3P/4Br3/9/3AKAB2 w,0.8649461,7636
2bak4/4a4/4c4/p1R6/9/2P4N1/P3P3P/4Br3/4A4/4KAB2 b,-0.85835874,6197
2bak4/4a4/4c4/p1R6/9/2P4N1/P3P3P/4B4/4Ar3/4KAB2 w,0.86189175,2612
2Rak4/4a4/4c4/p8/9/2P4N1/P3P3P/4B4/4Ar3/4KAB2 b,-0.86208445,2047
2Rak4/4a4/9/p8/9/2P4N1/P3P3P/4c4/4Ar3/4KAB2 w,0.86487025,7734
2Rak4/4a4/9/p8/9/2P4N1/P3P3P/4c4/4Ar3/3K1AB2 b,-0.84150195,6095
2Rak4/4a4/9/p8/9/2P4N1/P3P3P/2c6/4Ar3/3K1AB2 w,0.84879965,181
1R1ak4/4a4/9/p8/9/2P4N1/P3P3P/2c6/4Ar3/3K1AB2 b,-0.84052706,6962
1R1ak4/4a4/9/p4r3/9/2P4N1/P3P3P/2c6/4A4/3K1AB2 w,0.8515965,4268
1R1ak4/4a4/9/p4r3/2P6/7N1/P3P3P/2c6/4A4/3K1AB2 b,-0.8537617,2910
1R1ak4/4a4/9/p2r5/2P6/7N1/P3P3P/2c6/4A4/3K1AB2 w,0.8546702,7645
1R1ak4/4a4/9/p2r5/2P6/7N1/P3P3P/2c6/4A4/4KAB2 b,-0.8420842,5906
1R1ak4/4a4/9/p2r5/2P6/7N1/P1c1P3P/9/4A4/4KAB2 w,0.85742724,5633
1R1ak4/4a4/9/p2r5/2P6/7NP/P1c1P4/9/4A4/4KAB2 b,-0.8519309,2732
1R1ak4/4a4/9/p4r3/2P6/7NP/P1c1P4/9/4A4/4KAB2 w,0.8678311,3459
1R1ak4/4a4/9/p4r3/3P5/7NP/P1c1P4/9/4A4/4KAB2 b,-0.8437891,5087
1R1ak4/4a4/9/p4r3/3P5/2c4NP/P3P4/9/4A4/4KAB2 w,0.8636959,4814
1R1ak4/4a4/9/p4r3/3P4P/2c4N1/P3P4/9/4A4/4KAB2 b,-0.8632186,4281
1R1ak4/4a4/9/p4r3/3P4P/6cN1/P3P4/9/4A4/4KAB2 w,0.8750729,136
3ak4/4a4/9/p4r3/3P4P/1R4cN1/P3P4/9/4A4/4KAB2 b,-0.8740563,4605
3ak4/4a1c2/9/p4r3/3P4P/1R5N1/P3P4/9/4A4/4KAB2 w,0.8884524,4191
3ak4/4a1c2/9/p4r3/3P4P/6RN1/P3P4/9/4A4/4KAB2 b,-0.8859757,1364
3ak4/4ac3/9/p4r3/3P4P/6RN1/P3P4/9/4A4/4KAB2 w,0.89148146,4713
3ak4/4ac3/9/p4rN2/3P4P/6R2/P3P4/9/4A4/4KAB2 b,-0.8807605,1283
3ak4/4a4/5c3/p4rN2/3P4P/6R2/P3P4/9/4A4/4KAB2 w,0.8944308,5269
3ak4/4a4/5c3/p4rN2/3P4P/4P1R2/P8/9/4A4/4KAB2 b,-0.8887532,2908
3ak4/4a4/5c3/pr4N2/3P4P/4P1R2/P8/9/4A4/4KAB2 w,0.8989807,2992
3ak4/4a4/4Nc3/pr7/3P4P/4P1R2/P8/9/4A4/4KAB2 b,-0.91512966,1191
3ak4/9/3aNc3/pr7/3P4P/4P1R2/P8/9/4A4/4KAB2 w,0.91752315,4596
3ak1R2/9/3aNc3/pr7/3P4P/4P4/P8/9/4A4/4KAB2 b,-0.9148964,373
3a2R2/4k4/3aNc3/pr7/3P4P/4P4/P8/9/4A4/4KAB2 w,0.9175674,2021
3a2R2/4k4/3a1c3/pr7/3P1N2P/4P4/P8/9/4A4/4KAB2 b,-0.91257286,2552
3a2R2/4k4/3a1c3/p4r3/3P1N2P/4P4/P8/9/4A4/4KAB2 w,0.9268765,3720
3a2R2/4k4/3a1c3/p2N1r3/3P4P/4P4/P8/9/4A4/4KAB2 b,-0.91856915,2075
3a1cR2/4k4/3a5/p2N1r3/3P4P/4P4/P8/9/4A4/4KAB2 w,0.9264047,2719
3a1cR2/4k4/1N1a5/p4r3/3P4P/4P4/P8/9/4A4/4KAB2 b,-0.8937941,1174
3akcR2/9/1N1a5/p4r3/3P4P/4P4/P8/9/4A4/4KAB2 w,0.90081316,3540
3akcR2/9/1N1a5/p2P1r3/8P/4P4/P8/9/4A4/4KAB2 b,-0.90347314,283
4kcR2/4a4/1N1a5/p2P1r3/8P/4P4/P8/9/4A4/4KAB2 w,0.90750796,4450
4kcR2/4a4/1N1a5/p2P1r3/4P3P/9/P8/9/4A4/4KAB2 b,-0.90276057,2903
4kcR2/4a4/1N1a1r3/p2P5/4P3P/9/P8/9/4A4/4KAB2 w,0.90108424,3631
4kcR2/4a4/1N1a1r3/p2PP4/8P/9/P8/9/4A4/4KAB2 b,-0.90167534,2129
4kcR2/4a4/1N1a5/p2PP4/8P/9/P4r3/9/4A4/4KAB2 w,0.92484236,2721
4kcR2/4a4/1N1P5/p3P4/8P/9/P4r3/9/4A4/4KAB2 b,-0.90842825,1191
4kcR2/9/1N1a5/p3P4/8P/9/P4r3/9/4A4/4KAB2 w,0.9264685,2812
4kcR2/9/1N1aP4/p8/8P/9/P4r3/9/4A4/4KAB2 b,-0.9169342,5366
4kcR2/9/1N1aP4/p8/8P/9/P1r6/9/4A4/4KAB2 w,0.9418977,1740
4kcR2/9/3aP4/p2N5/8P/9/P1r6/9/4A4/4KAB2 b,-0.9493606,363
3k1cR2/9/3aP4/p2N5/8P/9/P1r6/9/4A4/4KAB2 w,0.95143795,545
3k1R3/9/3aP4/p2N5/8P/9/P1r6/9/4A4/4KAB2 b,-0.9524535,282
5R3/3k5/3aP4/p2N5/8P/9/P1r6/9/4A4/4KAB2 w,0.95365614,464
9/3k1R3/3aP4/p2N5/8P/9/P1r6/9/4A4/4KAB2 b,-0.94511706,1083
3k5/5R3/3aP4/p2N5/8P/9/P1r6/9/4A4/4KAB2 w,0.9515258,2001
3k5/5R3/3P5/p2N5/8P/9/P1r6/9/4A4/4KAB2 b,-0.9545641,274
4k4/5R3/3P5/p2N5/8P/9/P1r6/9/4A4/4KAB2 w,0.95804644,1912
4k4/5R3/4P4/p2N5/8P/9/P1r6/9/4A4/4KAB2 b,-0.9597436,363
3k5/5R3/4P4/p2N5/8P/9/P1r6/9/4A4/4KAB2 w,0.95643044,1265
3k1R3/9/4P4/p2N5/8P/9/P1r6/9/4A4/4KAB2 b,-0.9604573,282
5R3/3k5/4P4/p2N5/8P/9/P1r6/9/4A4/4KAB2 w,0.9625962,2719
5R3/3k5/1N2P4/p8/8P/9/P1r6/9/4A4/4KAB2 b,-0.9697164,5060
5R3/3k5/1Nr1P4/p8/8P/9/P8/9/4A4/4KAB2 w,0.9705062,464
9/3k1R3/1Nr1P4/p8/8P/9/P8/9/4A4/4KAB2 b,-0.97155553,1083
3k5/5R3/1Nr1P4/p8/8P/9/P8/9/4A4/4KAB2 w,0.9794339,1993
3k5/4PR3/1Nr6/p8/8P/9/P8/9/4A4/4KAB2 b,-0.98801756,1819
3k5/4PR3/1r7/p8/8P/9/P8/9/4A4/4KAB2 w,1,1265
rnbakabnr/9/1c5c1/p1p1p1p1p/9/9/P1P1P1P1P/1C5C1/9/RNBAKABNR w,0.001825142,5827
rnbakabnr/9/1c5c1/p1p1p1p1p/9/9/P1P1P1P1P/4C2C1/9/RNBAKABNR b,-0.0017677665,110
r1bakabnr/9/1cn4c1/p1p1p1p1p/9/9/P1P1P1P1P/4C2C1/9/RNBAKABNR w,0.0018301487,7445
r1bakabnr/9/1cn4c1/p1p1p1p1p/9/9/P1P1P1P1P/2N1C2C1/9/R1BAKABNR b,-0.0018395424,562
r1baka1nr/9/1cn1b2c1/p1p1p1p1p/9/9/P1P1P1P1P/2N1C2C1/9/R1BAKABNR w,0.0019383908,7372
r1baka1nr/9/1cn1b2c1/p1p1p1p1p/9/9/P1P1P1P1P/2N1C2C1/9/1RBAKABNR b,-0.0017663479,1
1rbaka1nr/9/1cn1b2c1/p1p1p1p1p/9/9/P1P1P1P1P/2N1C2C1/9/1RBAKABNR w,0.0017012835,6368
1rbaka1nr/9/1cn1b2c1/p1p1p1p1p/9/9/P1P1P1P1P/2N1CC3/9/1RBAKABNR b,-0.0012789011,654
1rbaka2r/9/1cn1b1nc1/p1p1p1p1p/9/9/P1P1P1P1P/2N1CC3/9/1RBAKABNR w,0.0015803337,7989
1rbaka2r/9/1cn1b1nc1/p1p1p1p1p/9/9/P1P1P1P1P/2N1CCN2/9/1RBAKAB1R b,-0.0013483524,3012
1rbaka2r/9/1cn1b1nc1/p1p1p3p/6p2/9/P1P1P1P1P/2N1CCN2/9/1RBAKAB1R w,0.0018723011,8098
1rbaka2r/9/1cn1b1nc1/p1p1p3p/6p2/9/P1P1P1P1P/2N1CCN2/9/1RBAKABR1 b,-0.0020148277,727
1rbaka1r1/9/1cn1b1nc1/p1p1p3p/6p2/9/P1P1P1P1P/2N1CCN2/9/1RBAKABR1 w,0.0025175572,5087
1rbaka1r1/9/1cn1b1nc1/p1p1p3p/6p2/2P6/P3P1P1P/2N1CCN2/9/1RBAKABR1 b,-0.0021549107,1765
1rbaka1r1/9/2n1b1nc1/p1p1p3p/6p2/2P6/Pc2P1P1P/2N1CCN2/9/1RBAKABR1 w,0.0047060014,5898
1rbaka1r1/9/2n1b1nc1/p1p1p3p/6p2/2PN5/Pc2P1P1P/4CCN2/9/1RBAKABR1 b,-0.0063934685,2311
1rbaka1r1/9/2n1b1n2/p1p1p3p/6p2/2PN5/Pc2P1PcP/4CCN2/9/1RBAKABR1 w,0.00785389,6143
1rbaka1r1/9/2n1bCn2/p1p1p3p/6p2/2PN5/Pc2P1PcP/4C1N2/9/1RBAKABR1 b,-0.008457172,1986
1rbakabr1/9/2n2Cn2/p1p1p3p/6p2/2PN5/Pc2P1PcP/4C1N2/9/1RBAKABR1 w,0.019091725,4351
1rbakabr1/9/2n2Cn2/p1p1N3p/6p2/2P6/Pc2P1PcP/4C1N2/9/1RBAKABR1 b,-0.0048104883,1831
1rbakabr1/9/5Cn2/p1p1n3p/6p2/2P6/Pc2P1PcP/4C1N2/9/1RBAKABR1 w,0.005069304,6061
1rbakabr1/9/5Cn2/p1p1C3p/6p2/2P6/Pc2P1PcP/6N2/9/1RBAKABR1 b,0.0090971235,109
2bakabr1/9/1r3Cn2/p1p1C3p/6p2/2P6/Pc2P1PcP/6N2/9/1RBAKABR1 w,0.0018850804,2839
2bakabr1/9/1r3Cn2/p1p5p/6p2/2P1C4/Pc2P1PcP/6N2/9/1RBAKABR1 b,0.0016278028,1733
2bakabr1/9/5rn2/p1p5p/6p2/2P1C4/Pc2P1PcP/6N2/9/1RBAKABR1 w,0.009653449,7435
2bakabr1/9/5rn2/p1p5p/6p2/2P1C4/PR2P1PcP/6N2/9/2BAKABR1 b,-0.0065448643,2201
2bakabr1/9/5r3/p1p5p/5np2/2P1C4/PR2P1PcP/6N2/9/2BAKABR1 w,0.0140466215,4987
2bakabr1/9/5r3/p1p5p/1R3np2/2P1C4/P3P1PcP/6N2/9/2BAKABR1 b,-0.008278799,3750
2bakabr1/9/5r3/p1p5p/1R4p2/2P1C4/P3P1ncP/6N2/9/2BAKABR1 w,0.018825864,3372
2bakabr1/9/5r3/p1p5p/6R2/2P1C4/P3P1ncP/6N2/9/2BAKABR1 b,-0.0054710507,5449
2bakabr1/9/5r3/p1p5p/6R2/2P1n4/P3P2cP/6N2/9/2BAKABR1 w,0.006005907,5269
2bakabr1/9/5r3/p1p5p/6R2/2P1P4/P6cP/6N2/9/2BAKABR1 b,0.00041036608,5560
2bakabr1/9/5r3/p1p5p/6R2/2P1P4/P7P/6Nc1/9/2BAKABR1 w,0.009682941,7999
2bakabr1/9/5r3/p1p5p/6R2/2P1P4/P7P/6Nc1/7R1/2BAKAB2 b,0.001931715,2138
2bakabr1/9/9/p1p5p/6R2/2P1P4/P7P/5rNc1/7R1/2BAKAB2 w,0.0007612467,3813
2bakabr1/9/9/p1p3R1p/9/2P1P4/P7P/5rNc1/7R1/2BAKAB2 b,-0.00019423962,691
2bakab2/9/9/p1p3R1p/9/2P1P4/P6rP/5rNc1/7R1/2BAKAB2 w,0.014779759,2976
2bakaR2/9/9/p1p5p/9/2P1P4/P6rP/5rNc1/7R1/2BAKAB2 b,-0.0037572384,5548
2bakaR2/9/9/p1p5p/9/2P1P4/P3r3P/5rNc1/7R1/2BAKAB2 w,0.03422227,7816
2bakaR2/9/9/p1p5p/9/2P1P4/P3r3P/5rNc1/4A2R1/2BAK1B2 b,-0.020520343,6371
2bakaR2/9/9/p1p5p/9/2P1P4/P3r3P/5rN1c/4A2R1/2BAK1B2 w,0.030882074,591
2baka3/9/9/p1p5p/9/2P1P1R2/P3r3P/5rN1c/4A2R1/2BAK1B2 b,-0.007834422,283
2b1ka3/4a4/9/p1p5p/9/2P1P1R2/P3r3P/5rN1c/4A2R1/2BAK1B2 w,0.042635776,7117
2b1ka1R1/4a4/9/p1p5p/9/2P1P1R2/P3r3P/5rN1c/4A4/2BAK1B2 b,-0.052019596,6479
2b1ka1R1/4a4/9/p1p5p/9/2P1P1R2/P3r3P/5rN2/4A4/2BAK1B1c w,0.082718305,7897
2b1ka1R1/4a4/9/p1p5p/9/2P1P1R2/P3r3P/4BrN2/4A4/2BAK3c b,-0.06368138,6187
2b1ka1R1/4a4/9/p1p5p/9/2P1P1R2/P3r3P/4r1N2/4A4/2BAK3c w,0.063204005,6268
2b1ka1R1/4a4/9/p1p5p/9/2P1P1R2/P3N3P/4r4/4A4/2BAK3c b,-0.050758243,6088
2b1ka1R1/4a4/9/p1p5p/9/2P1P1R2/P3r3P/9/4A4/2BAK3c w,0.06401803,4596
2b1kaRR1/4a4/9/p1p5p/9/2P1P4/P3r3P/9/4A4/2BAK3c b,-0.053988554,5269
2b1kaRR1/4a4/9/p1p5p/9/2P1r4/P7P/9/4A4/2BAK3c w,0.05987146,700
2b1kaR2/4a4/9/p1p5p/9/2P1r4/P7P/7R1/4A4/2BAK3c b,-0.048321307,4457
2b1kaR2/4a4/9/p1p5p/9/2r6/P7P/7R1/4A4/2BAK3c w,0.06681075,6371
2b1kaR2/4a4/9/p1p5p/9/2r6/P7P/8R/4A4/2BAK3c b,-0.06374643,8098
2b1kaR2/4a4/9/p1p5p/9/2r6/P7P/8R/4A4/2BAK2c1 w,0.05740838,6460
2b1kaR2/4a4/9/p1p5p/9/2r6/P7P/7R1/4A4/2BAK2c1 b,-0.050204374,8009
2b1kaR2/4a4/9/p1p5p/9/2r6/P7P/7R1/4A4/2BAK3c w,0.051996447,600
2b1ka3/4a4/9/p1p5p/9/2r6/P5R1P/7R1/4A4/2BAK3c b,-0.030070484,4313
2b1ka3/4a4/9/p1p5p/9/9/P5R1P/7R1/4A4/2rAK3c w,0.04459226,5455
2b1ka3/4a4/9/p1p5p/9/9/PR6P/7R1/4A4/2rAK3c b,-0.024061298,7517
2b1ka3/4a4/9/p1p5p/9/2r6/PR6P/7R1/4A4/3AK3c w,0.044086862,6371
2b1ka3/4a4/9/p1p5p/9/2r6/PR6P/8R/4A4/3AK3c b,-0.03176422,8098
2b1ka3/4a4/9/p1p5p/9/2r6/PR6P/8R/4A4/3AK2c1 w,0.04343429,4951
1Rb1ka3/4a4/9/p1p5p/9/2r6/P7P/8R/4A4/3AK2c1 b,-0.026684416,4281
1Rb1ka3/4a4/9/p1p5p/9/6r2/P7P/8R/4A4/3AK2c1 w,0.033257008,6457
1Rb1ka3/4a4/9/p1p5p/9/6r2/P7P/4R4/4A4/3AK2c1 b,0.060797453,4677
1Rb1ka3/4a4/9/p1p5p/9/9/P7P/4R4/4A4/3AK1rc1 w,-0.06425371,6926
1Rb1ka3/4a4/9/p1p5p/9/9/P7P/4R4/9/3AKArc1 b,0.079539776,7899
1Rb1ka3/4a4/9/p1p5p/9/9/P7P/4R1r2/9/3AKA1c1 w,-0.07186852,7816
1Rb1ka3/4a4/9/p1p5p/9/9/P7P/4R1r2/4A4/3AK2c1 b,0.07983315,6277
1Rb1ka3/4a4/9/p1p5p/9/9/P7P/4r4/4A4/3AK2c1 w,-0.07698216,92
2R1ka3/4a4/9/p1p5p/9/9/P7P/4r4/4A4/3AK2c1 b,0.07387848,1173
2Raka3/9/9/p1p5p/9/9/P7P/4r4/4A4/3AK2c1 w,-0.06860127,209
3aka3/9/9/p1R5p/9/9/P7P/4r4/4A4/3AK2c1 b,0.07806726,6088
3aka3/9/9/p1R5p/9/9/P3r3P/9/4A4/3AK2c1 w,-0.059166458,2637
3aka3/9/9/R7p/9/9/P3r3P/9/4A4/3AK2c1 b,0.06322265,8009
3aka3/9/9/R7p/9/9/P3r3P/9/4A4/3AK3c w,-0.052412417,2464
3aka3/9/9/7Rp/9/9/P3r3P/9/4A4/3AK3c b,0.05879698,5280
3aka3/9/9/7Rp/9/9/P5r1P/9/4A4/3AK3c w,-0.0490289,3091
3aka3/9/9/4R3p/9/9/P5r1P/9/4A4/3AK3c b,0.046793368,463
3ak4/4a4/9/4R3p/9/9/P5r1P/9/4A4/3AK3c w,-0.040727127,2824
3ak4/4a4/9/7Rp/9/9/P5r1P/9/4A4/3AK3c b,0.04344168,5487
3ak4/4a4/9/7Rp/9/9/P7P/9/4A4/3AK1r1c w,-0.053646684,6926
3ak4/4a4/9/7Rp/9/9/P7P/9/9/3AKAr1c b,0.0660965,8096
3ak4/4a4/9/7Rp/9/9/P7P/9/9/3AKcr2 w,-0.05580255,7726
3ak4/4a4/9/7Rp/9/9/P7P/9/4K4/3A1cr2 b,0.07430041,7745
3akc3/4a4/9/7Rp/9/9/P7P/9/4K4/3A2r2 w,-0.07586809,3095
3akc3/4a4/9/8R/9/9/P7P/9/4K4/3A2r2 b,0.08683603,7914
3akc3/4a4/9/8R/9/9/P7P/9/4K4/3r5 w,-0.077679925,3181
3akc3/4a4/9/4R4/9/9/P7P/9/4K4/3r5 b,0.096405365,7617
3akc3/4a4/9/4R4/9/9/P2r4P/9/4K4/9 w,-0.074995756,4905
3akc3/4a4/9/4R4/9/P8/3r4P/9/4K4/9 b,0.07943602,5192
3akc3/4a4/9/4R4/9/P8/8r/9/4K4/9 w,-0.074035406,4086
3akc3/4a4/9/4R4/P8/9/8r/9/4K4/9 b,0.08142519,5660
3akc3/4a4/9/4R4/P8/9/9/9/4K3r/9 w,-0.08019898,6925
3akc3/4a4/9/4R4/P8/9/9/9/8r/4K4 b,0.084640525,7244
3akc3/4a4/9/4R4/P7r/9/9/9/9/4K4 w,-0.07318826,3267
3akc3/4a4/9/P3R4/8r/9/9/9/9/4K4 b,0.06861859,3998
3akc3/4a4/9/P3R4/2r6/9/9/9/9/4K4 w,-0.062958434,2458
3akc3/4a4/9/1P2R4/2r6/9/9/9/9/4K4 b,0.06987579,3440
3akc3/4a4/2r6/1P2R4/9/9/9/9/9/4K4 w,-0.06859839,2549
3akc3/4a4/2r6/2P1R4/9/9/9/9/9/4K4 b,0.0770608,1821
3akc3/4a4/3r5/2P1R4/9/9/9/9/9/4K4 w,-0.06734695,2640
3akc3/4a4/3r5/3PR4/9/9/9/9/9/4K4 b,0.075071074,1910
3akc3/4a4/2r6/3PR4/9/9/9/9/9/4K4 w,-0.055329826,7726
3akc3/4a4/2r6/3PR4/9/9/9/9/4K4/9 b,0.061249543,473
3ak4/4a4/2r2c3/3PR4/9/9/9/9/4K4/9 w,-0.062247682,2729
3ak4/4a4/2r2c3/2P1R4/9/9/9/9/4K4/9 b,0.067234255,1821
3ak4/4a4/3r1c3/2P1R4/9/9/9/9/4K4/9 w,-0.058634426,2823
3ak4/4a4/3r1c3/2P3R2/9/9/9/9/4K4/9 b,0.072616175,2075
3akc3/4a4/3r5/2P3R2/9/9/9/9/4K4/9 w,-0.07015784,2640
3akc3/4a4/3r5/3P2R2/9/9/9/9/4K4/9 b,0.07022517,1912
3akc3/4a4/4r4/3P2R2/9/9/9/9/4K4/9 w,-0.06391942,3001
3akc3/4a4/4r4/3PR4/9/9/9/9/4K4/9 b,0.07282672,2011
3akc3/4a4/9/3Pr4/9/9/9/9/4K4/9 w,-0.06990006,2731
3akc3/4a4/9/4P4/9/9/9/9/4K4/9 b,0.073795535,1193
3akc3/9/5a3/4P4/9/9/9/9/4K4/9 w,-0.07033365,2812
3akc3/9/4Pa3/9/9/9/9/9/4K4/9 b,0.075567774,283
4kc3/4a4/4Pa3/9/9/9/9/9/4K4/9 w,-0.060079265,2003
4kc3/4a4/5P3/9/9/9/9/9/4K4/9 b,0.060679268,363
3k1c3/4a4/5P3/9/9/9/9/9/4K4/9 w,-0.058880307,2084
3k1c3/4aP3/9/9/9/9/9/9/4K4/9 b,0.06329089,454
3kc4/4aP3/9/9/9/9/9/9/4K4/9 w,-0.0637845,6917
3kc4/4aP3/9/9/9/9/9/9/5K3/9 b,0.06565392,282
4c4/3kaP3/9/9/9/9/9/9/5K3/9 w,-0.0754956,1273
4c4/3kP4/9/9/9/9/9/9/5K3/9 b,0.09241839,1093
4c4/4k4/9/9/9/9/9/9/5K3/9 w,-0.092644215,6998
4c4/4k4/9/9/9/9/9/5K3/9/9 b,0.09655142,363
3c5/4k4/9/9/9/9/9/5K3/9/9 w,-0.09540892,6197
3c5/4k4/9/9/9/9/9/9/5K3/9 b,0.09829517,282
9/3ck4/9/9/9/9/9/9/5K3/9 w,-0.0956023,7016
9/3ck4/9/9/9/9/9/9/9/5K3 b,0.097288586,1101
9/4k4/3c5/9/9/9/9/9/9/5K3 w,-0.096201375,7817
9/4k4/3c5/9/9/9/9/9/5K3/9 b,0.09896884,1909
9/4k4/1c7/9/9/9/9/9/5K3/9 w,-0.096223295,6998
9/4k4/1c7/9/9/9/9/5K3/9/9 b,0.09828251,1732
9/4k4/4c4/9/9/9/9/5K3/9/9 w,-0.09148295,6197
9/4k4/4c4/9/9/9/9/9/5K3/9 b,0.0929059,1998
9/4k4/c8/9/9/9/9/9/5K3/9 w,-0.08875177,7016
9/4k4/c8/9/9/9/9/9/9/5K3 b,0.0972348,1174
4k4/9/c8/9/9/9/9/9/9/5K3 w,-0.09500229,7817
4k4/9/c8/9/9/9/9/9/5K3/9 b,0.09778374,1629
4k4/c8/9/9/9/9/9/9/5K3/9 w,-0.09319258,7016
4k4/c8/9/9/9/9/9/9/9/5K3 b,0.091404654,822
4k4/3c5/9/9/9/9/9/9/9/5K3 w,-0.08676548,7817
4k4/3c5/9/9/9/9/9/9/5K3/9 b,0.090483,1091
4k4/2c6/9/9/9/9/9/9/5K3/9 w,-0.09110258,6998
4k4/2c6/9/9/9/9/9/5K3/9/9 b,0.08912499,1004
4k4/5c3/9/9/9/9/9/5K3/9/9 w,-0.08010056,6197
4k4/5c3/9/9/9/9/9/9/5K3/9 b,0.080930255,1273
4k4/4c4/9/9/9/9/9/9/5K3/9 w,-0.08262541,7016
4k4/4c4/9/9/9/9/9/9/9/5K3 b,0.095329285,1192
4k4/9/4c4/9/9/9/9/9/9/5K3 w,-0.09362439,7817
4k4/9/4c4/9/9/9/9/9/5K3/9 b,0.09758606,2004
4k4/9/6c2/9/9/9/9/9/5K3/9 w,-0.09063983,7016
4k4/9/6c2/9/9/9/9/9/9/5K3 b,0.094283156,2183
4k4/9/5c3/9/9/9/9/9/9/5K3 w,-0.09192207,7817
4k4/9/5c3/9/9/9/9/9/5K3/9 b,0.09434052,373
9/4k4/5c3/9/9/9/9/9/5K3/9 w,-0.08842786,7016
9/4k4/5c3/9/9/9/9/9/9/5K3 b,0.093706444,2089
9/4k4/1c7/9/9/9/9/9/9/5K3 w,-0.08691963,7817
9/4k4/1c7/9/9/9/9/9/5K3/9 b,0.09597287,1734
9/4k4/6c2/9/9/9/9/9/5K3/9 w,-0.0811122,7016
9/4k4/6c2/9/9/9/9/9/9/5K3 b,0.0814807,2183
9/4k4/5c3/9/9/9/9/9/9/5K3 w,-0.07997825,7817
9/4k4/5c3/9/9/9/9/9/5K3/9 b,0.09189334,1182
9/3k5/5c3/9/9/9/9/9/5K3/9 w,-0.09271584,7006
9/3k5/5c3/9/9/9/9/9/4K4/9 b,0.09129987,2092
9/3k5/4c4/9/9/9/9/9/4K4/9 w,-0.08568684,6917
9/3k5/4c4/9/9/9/9/9/5K3/9 b,0.089853145,1984
4c4/3k5/9/9/9/9/9/9/5K3/9 w,-0.08741766,7016
4c4/3k5/9/9/9/9/9/9/9/5K3 b,0.09372983,363
3c5/3k5/9/9/9/9/9/9/9/5K3 w,-0.09280961,7817
3c5/3k5/9/9/9/9/9/9/5K3/9 b,0.09627848,275
5c3/3k5/9/9/9/9/9/9/5K3/9 w,-0.0876379,7006
5c3/3k5/9/9/9/9/9/9/4K4/9 b,0.08669477,454
4c4/3k5/9/9/9/9/9/9/4K4/9 w,-0.082328,6917
4c4/3k5/9/9/9/9/9/9/5K3/9 b,0.08903468,366
6c2/3k5/9/9/9/9/9/9/5K3/9 w,-0.08280305,6998
6c2/3k5/9/9/9/9/9/5K3/9/9 b,0.09546542,555
9/3k2c2/9/9/9/9/9/5K3/9/9 w,-0.09419626,6197
9/3k2c2/9/9/9/9/9/9/5K3/9 b,0.09560337,1083
3k5/6c2/9/9/9/9/9/9/5K3/9 w,-0.09064311,7016
3k5/6c2/9/9/9/9/9/9/9/5K3 b,0.090996794,1361
3k5/2c6/9/9/9/9/9/9/9/5K3 w,-0.08693427,7825
3k5/2c6/9/9/9/9/9/9/9/4K4 b,0.09170139,1000
3k5/1c7/9/9/9/9/9/9/9/4K4 w,-0.089888595,7726
3k5/1c7/9/9/9/9/9/9/4K4/9 b,0.09996865,928
3k5/9/9/1c7/9/9/9/9/4K4/9 w,-0.09324578,6907
3k5/9/9/1c7/9/9/9/4K4/9/9 b,0.0971591,2547
3k5/9/9/c8/9/9/9/4K4/9/9 w,-0.09308322,6106
3k5/9/9/c8/9/9/9/9/4K4/9 b,0.097367525,2466
3k5/9/9/9/c8/9/9/9/4K4/9 w,-0.09067114,6907
3k5/9/9/9/c8/9/9/4K4/9/9 b,0.09207952,282
9/3k5/9/9/c8/9/9/4K4/9/9 w,-0.087863564,6106
9/3k5/9/9/c8/9/9/9/4K4/9 b,0.09027936,1101
9/9/3k5/9/c8/9/9/9/4K4/9 w,-0.095450185,6925
9/9/3k5/9/c8/9/9/9/9/4K4 b,0.09674058,3249
9/c8/3k5/9/9/9/9/9/9/4K4 w,-0.09378987,7726
9/c8/3k5/9/9/9/9/9/4K4/9 b,0.09803486,837
9/9/3k5/c8/9/9/9/9/4K4/9 w,-0.09196007,6907
9/9/3k5/c8/9/9/9/4K4/9/9 b,0.09167359,2461
9/9/3k5/4c4/9/9/9/4K4/9/9 w,-0.087978795,6106
9/9/3k5/4c4/9/9/9/9/4K4/9 b,0.09465952,2820
9/9/3k5/3c5/9/9/9/9/4K4/9 w,-0.09479683,6917
9/9/3k5/3c5/9/9/9/9/5K3/9 b,0.090174034,1912
9/9/4k4/3c5/9/9/9/9/5K3/9 w,-0.08941336,6998
9/9/4k4/3c5/9/9/9/5K3/9/9 b,0.09250114,2732
9/9/4k4/5c3/9/9/9/5K3/9/9 w,-0.08959108,6197
9/9/4k4/5c3/9/9/9/9/5K3/9 b,0.08498659,2921
9/9/4k4/9/5c3/9/9/9/5K3/9 w,-0.09186194,7016
9/9/4k4/9/5c3/9/9/9/9/5K3 b,0.093808345,2003
9/9/5k3/9/5c3/9/9/9/9/5K3 w,-0.08438275,7817
9/9/5k3/9/5c3/9/9/9/5K3/9 b,0.08349486,3722
9/9/5k3/5c3/9/9/9/9/5K3/9 w,-0.08101528,7016
9/9/5k3/5c3/9/9/9/9/9/5K3 b,0.08776202,2084
9/5k3/9/5c3/9/9/9/9/9/5K3 w,-0.093710475,7825
9/5k3/9/5c3/9/9/9/9/9/4K4 b,0.08584952,2903
9/5k3/5c3/9/9/9/9/9/9/4K4 w,-0.06820285,7736
9/5k3/5c3/9/9/9/9/9/9/5K3 b,0.08573454,2120
9/5k3/9/9/9/5c3/9/9/9/5K3 w,-0.08248277,7817
9/5k3/9/9/9/5c3/9/9/5K3/9 b,0.080439664,1273
9/4k4/9/9/9/5c3/9/9/5K3/9 w,-0.083147936,7016
9/4k4/9/9/9/5c3/9/9/9/5K3 b,0.09112766,4532
9/4k4/9/5c3/9/9/9/9/9/5K3 w,-0.08403414,7817
9/4k4/9/5c3/9/9/9/9/5K3/9 b,0.09373243,1192
9/9/4k4/5c3/9/9/9/9/5K3/9 w,-0.087268494,7016
9/9/4k4/5c3/9/9/9/9/9/5K3 b,0.09217107,2921
9/9/4k4/9/5c3/9/9/9/9/5K3 w,-0.090635024,7817
9/9/4k4/9/5c3/9/9/9/5K3/9 b,0.09659021,3732
9/9/4k4/9/6c2/9/9/9/5K3/9 w,-0.091581844,7016
9/9/4k4/9/6c2/9/9/9/9/5K3 b,0.09155488,3816
9/9/4k4/9/c8/9/9/9/9/5K3 w,-0.09202849,7817
9/9/4k4/9/c8/9/9/9/5K3/9 b,0.09888425,3312
9/9/4k4/9/9/9/9/9/c4K3/9 w,-0.090292,6998
9/9/4k4/9/9/9/9/5K3/c8/9 b,0.09073281,6534
9/9/4k4/9/9/9/c8/5K3/9/9 w,-0.09243565,6197
9/9/4k4/9/9/9/c8/9/5K3/9 b,0.09047406,4869
9/c8/4k4/9/9/9/9/9/5K3/9 w,-0.08538866,7016
9/c8/4k4/9/9/9/9/9/9/5K3 b,0.09871452,827
9/8c/4k4/9/9/9/9/9/9/5K3 w,-0.091994956,7817
9/8c/4k4/9/9/9/9/9/5K3/9 b,0.095363736,1993
9/4k3c/9/9/9/9/9/9/5K3/9 w,-0.08166218,7016
9/4k3c/9/9/9/9/9/9/9/5K3 b,0.08346849,1546
9/4k2c1/9/9/9/9/9/9/9/5K3 w,-0.085531965,7817
9/4k2c1/9/9/9/9/9/9/5K3/9 b,0.09298339,1455
9/4k1c2/9/9/9/9/9/9/5K3/9 w,-0.08602112,7016
9/4k1c2/9/9/9/9/9/9/9/5K3 b,0.08554757,1364
9/4kc3/9/9/9/9/9/9/9/5K3 w,-0.08439541,7817
9/4kc3/9/9/9/9/9/9/5K3/9 b,0.09466262,1182
9/3k1c3/9/9/9/9/9/9/5K3/9 w,-0.08656037,7006
9/3k1c3/9/9/9/9/9/9/4K4/9 b,0.09081402,1273
9/3kc4/9/9/9/9/9/9/4K4/9 w,-0.078313924,6925
9/3kc4/9/9/9/9/9/9/9/4K4 b,0.082470015,1083
3k5/4c4/9/9/9/9/9/9/9/4K4 w,-0.08256235,7726
3k5/4c4/9/9/9/9/9/9/4K4/9 b,0.08961451,1182
3k5/3c5/9/9/9/9/9/9/4K4/9 w,-0.08752351,6917
3k5/3c5/9/9/9/9/9/9/5K3/9 b,0.078966096,274
4k4/3c5/9/9/9/9/9/9/5K3/9 w,-0.07086921,7016
4k4/3c5/9/9/9/9/9/9/9/5K3 b,0.084770635,1101
4k4/9/3c5/9/9/9/9/9/9/5K3 w,-0.07752841,7817
4k4/9/3c5/9/9/9/9/9/5K3/9 b,0.08936291,363
3k5/9/3c5/9/9/9/9/9/5K3/9 w,-0.08758292,7006
3k5/9/3c5/9/9/9/9/9/4K4/9 b,0.089338325,1909
3k5/9/1c7/9/9/9/9/9/4K4/9 w,-0.08172362,6925
3k5/9/1c7/9/9/9/9/9/9/4K4 b,0.07285185,1728
3k5/9/c8/9/9/9/9/9/9/4K4 w,-0.0856746,7726
3k5/9/c8/9/9/9/9/9/4K4/9 b,0.09583199,1665
3k5/9/9/9/9/c8/9/9/4K4/9 w,-0.08506622,6925
3k5/9/9/9/9/c8/9/9/9/4K4 b,0.08675315,4059
3k5/c8/9/9/9/9/9/9/9/4K4 w,-0.08127451,7726
3k5/c8/9/9/9/9/9/9/4K4/9 b,0.08405938,810
c2k5/9/9/9/9/9/9/9/4K4/9 w,-0.08321356,6925
c2k5/9/9/9/9/9/9/9/9/4K4 b,0.0911439,54
3k5/9/9/9/9/9/c8/9/9/4K4 w,-0.08978671,7726
3k5/9/9/9/9/9/c8/9/4K4/9 b,0.09378793,282
9/3k5/9/9/9/9/c8/9/4K4/9 w,-0.08639069,6907
9/3k5/9/9/9/9/c8/4K4/9/9 b,0.08521023,4905
9/3k5/9/9/9/c8/9/4K4/9/9 w,-0.08232802,6106
9/3k5/9/9/9/c8/9/9/4K4/9 b,0.09504459,4096
9/3k5/9/9/9/1c7/9/9/4K4/9 w,-0.08853912,6925
9/3k5/9/9/9/1c7/9/9/9/4K4 b,0.093206644,4150
9/1c1k5/9/9/9/9/9/9/9/4K4 w,-0.090655565,7726
9/1c1k5/9/9/9/9/9/9/4K4/9 b,0.09456282,928
9/3k5/9/1c7/9/9/9/9/4K4/9 w,-0.0875963,6925
9/3k5/9/1c7/9/9/9/9/9/4K4 b,0.09655347,2575
9/3k5/9/9/9/9/1c7/9/9/4K4 w,-0.087860085,7726
9/3k5/9/9/9/9/1c7/9/4K4/9 b,0.09011884,4960
9/1c1k5/9/9/9/9/9/9/4K4/9 w,-0.08310069,6907
9/1c1k5/9/9/9/9/9/4K4/9/9 b,0.086923696,937
9/3k5/9/9/1c7/9/9/4K4/9/9 w,-0.08406319,6106
9/3k5/9/9/1c7/9/9/9/4K4/9 b,0.09046984,3366
9/3k5/9/9/c8/9/9/9/4K4/9 w,-0.081764355,6925
9/3k5/9/9/c8/9/9/9/9/4K4 b,0.091237925,3279
9/3k5/9/9/3c5/9/9/9/9/4K4 w,-0.08775289,7726
9/3k5/9/9/3c5/9/9/9/4K4/9 b,0.09323251,3540
9/3k5/9/3c5/9/9/9/9/4K4/9 w,-0.084699444,6925
9/3k5/9/3c5/9/9/9/9/9/4K4 b,0.084603265,2721
9/3k5/3c5/9/9/9/9/9/9/4K4 w,-0.07789522,7726
9/3k5/3c5/9/9/9/9/9/4K4/9 b,0.079464965,1916
9/3k5/8c/9/9/9/9/9/4K4/9 w,-0.07444101,6907
9/3k5/8c/9/9/9/9/4K4/9/9 b,0.0876369,2420
9/3k5/9/9/9/9/9/4K4/8c/9 w,-0.085352734,6106
9/3k5/9/9/9/9/9/9/4K3c/9 b,0.09167011,1101
9/9/3k5/9/9/9/9/9/4K3c/9 w,-0.090924576,6925
9/9/3k5/9/9/9/9/9/8c/4K4 b,0.09545286,7262
9/9/3k5/9/9/9/8c/9/9/4K4 w,-0.0940357,7726
9/9/3k5/9/9/9/8c/9/4K4/9 b,0.09656396,5597
9/8c/3k5/9/9/9/9/9/4K4/9 w,-0.088729315,6907
9/8c/3k5/9/9/9/9/4K4/9/9 b,0.09188938,1544
9/5c3/3k5/9/9/9/9/4K4/9/9 w,-0.08144268,6106
9/5c3/3k5/9/9/9/9/9/4K4/9 b,0.076585844,1273
9/4c4/3k5/9/9/9/9/9/4K4/9 w,-0.07392639,6917
9/4c4/3k5/9/9/9/9/9/5K3/9 b,0.094671085,1181
9/2c6/3k5/9/9/9/9/9/5K3/9 w,-0.08677125,7006
9/2c6/3k5/9/9/9/9/9/4K4/9 b,0.09216013,1073
9/9/3k5/9/9/9/9/9/4K4/2c6 w,-0.090874605,6907
9/9/3k5/9/9/9/9/4K4/9/2c6 b,0.094137646,1902
9/3k5/9/9/9/9/9/4K4/9/2c6 w,-0.09247328,6106
9/3k5/9/9/9/9/9/9/4K4/2c6 b,0.09513807,7544
9/3k5/9/9/9/9/9/9/2c1K4/9 w,-0.090375565,6925
9/3k5/9/9/9/9/9/9/2c6/4K4 b,0.092151955,6732
9/3k5/9/9/9/9/9/9/c8/4K4 w,-0.084292844,7726
9/3k5/9/9/9/9/9/9/c3K4/9 b,0.09145007,6525
9/3k5/9/9/9/c8/9/9/4K4/9 w,-0.08334098,6907
9/3k5/9/9/9/c8/9/4K4/9/9 b,0.08684101,4102
9/3k5/9/9/9/7c1/9/4K4/9/9 w,-0.08197234,6106
9/3k5/9/9/9/7c1/9/9/4K4/9 b,0.091212034,4696
9/3k3c1/9/9/9/9/9/9/4K4/9 w,-0.07847937,6907
9/3k3c1/9/9/9/9/9/4K4/9/9 b,0.085058235,1474
9/3k5/9/7c1/9/9/9/4K4/9/9 w,-0.07888389,6106
9/3k5/9/7c1/9/9/9/9/4K4/9 b,0.0986759,3089
9/3k5/9/2c6/9/9/9/9/4K4/9 w,-0.08557897,6925
9/3k5/9/2c6/9/9/9/9/9/4K4 b,0.088394456,2612
2c6/3k5/9/9/9/9/9/9/9/4K4 w,-0.08648477,7726
2c6/3k5/9/9/9/9/9/9/4K4/9 b,0.08168397,191
9/2ck5/9/9/9/9/9/9/4K4/9 w,-0.08118305,6925
9/2ck5/9/9/9/9/9/9/9/4K4 b,0.093812756,1046
9/3k5/9/9/9/9/2c6/9/9/4K4 w,-0.0883865,7726
9/3k5/9/9/9/9/2c6/9/4K4/9 b,0.090437464,5102
9/3k5/9/9/9/9/8c/9/4K4/9 w,-0.085969664,6925
9/3k5/9/9/9/9/8c/9/9/4K4 b,0.092269376,1083
3k5/9/9/9/9/9/8c/9/9/4K4 w,-0.0881572,7726
3k5/9/9/9/9/9/8c/9/4K4/9 b,0.09090751,5597
3k5/8c/9/9/9/9/9/9/4K4/9 w,-0.077366866,6925
3k5/8c/9/9/9/9/9/9/9/4K4 b,0.09278343,1619
3k5/9/9/9/9/9/9/9/9/4K3c w,-0.08483511,7726
3k5/9/9/9/9/9/9/9/4K4/8c b,0.08667362,8054
3k5/9/9/9/8c/9/9/9/4K4/9 w,-0.08672424,6925
3k5/9/9/9/8c/9/9/9/9/4K4 b,0.092771724,4000
3k5/9/9/9/4c4/9/9/9/9/4K4 w,-0.08340225,7726
3k5/9/9/9/4c4/9/9/9/4K4/9 b,0.09296327,274
4k4/9/9/9/4c4/9/9/9/4K4/9 w,-0.08705006,6917
4k4/9/9/9/4c4/9/9/9/5K3/9 b,0.08518191,3631
4k4/9/9/4c4/9/9/9/9/5K3/9 w,-0.08570552,6998
4k4/9/9/4c4/9/9/9/5K3/9/9 b,0.08880808,2839
4k4/9/9/9/9/4c4/9/5K3/9/9 w,-0.08941024,6197
4k4/9/9/9/9/4c4/9/9/5K3/9 b,0.091333106,4463
4k4/9/9/9/9/8c/9/9/5K3/9 w,-0.085043825,6998
4k4/9/9/9/9/8c/9/5K3/9/9 b,0.086469196,373
9/4k4/9/9/9/8c/9/5K3/9/9 w,-0.080520466,6197
9/4k4/9/9/9/8c/9/9/5K3/9 b,0.083879285,4778
8c/4k4/9/9/9/9/9/9/5K3/9 w,-0.07885851,7016
8c/4k4/9/9/9/9/9/9/9/5K3 b,0.0911861,809
9/4k4/9/9/9/9/9/9/9/5K2c w,-0.084069334,7817
9/4k4/9/9/9/9/9/9/5K3/8c b,0.092780404,1182
9/3k5/9/9/9/9/9/9/5K3/8c w,-0.08463283,7006
9/3k5/9/9/9/9/9/9/4K4/8c b,0.08922837,8063
9/3k5/9/9/9/8c/9/9/4K4/9 w,-0.089043394,6925
9/3k5/9/9/9/8c/9/9/9/4K4 b,0.08514271,4796
9/3k5/8c/9/9/9/9/9/9/4K4 w,-0.07661033,7726
9/3k5/8c/9/9/9/9/9/4K4/9 b,0.08067162,2360
9/3k5/2c6/9/9/9/9/9/4K4/9 w,-0.07223039,6907
9/3k5/2c6/9/9/9/9/4K4/9/9 b,0.07588661,1818
9/3k5/c8/9/9/9/9/4K4/9/9 w,-0.06824827,6106
9/3k5/c8/9/9/9/9/9/4K4/9 b,0.08347922,1692
9/3k5/9/9/9/9/9/9/c3K4/9 w,-0.072945654,6907
9/3k5/9/9/9/9/9/4K4/c8/9 b,0.08686731,6558
9/3k5/9/9/9/9/9/4K4/6c2/9 w,-0.08356766,6106
9/3k5/9/9/9/9/9/9/4K1c2/9 b,0.09301009,1101
9/9/3k5/9/9/9/9/9/4K1c2/9 w,-0.095282964,6917
9/9/3k5/9/9/9/9/9/5Kc2/9 b,0.0943187,7100
9/9/3k5/9/9/9/9/9/5K2c/9 w,-0.08907854,7006
9/9/3k5/9/9/9/9/9/4K3c/9 b,0.09566746,7262
9/9/3k5/9/9/9/8c/9/4K4/9 w,-0.08777392,6925
9/9/3k5/9/9/9/8c/9/9/4K4 b,0.09016266,5597
9/8c/3k5/9/9/9/9/9/9/4K4 w,-0.085114256,7726
9/8c/3k5/9/9/9/9/9/4K4/9 b,0.089252405,1544
9/5c3/3k5/9/9/9/9/9/4K4/9 w,-0.076216124,6925
9/5c3/3k5/9/9/9/9/9/9/4K4 b,0.07338875,1273
9/4c4/3k5/9/9/9/9/9/9/4K4 w,-0.07593038,7726
9/4c4/3k5/9/9/9/9/9/4K4/9 b,0.09067271,1201
9/9/3k5/4c4/9/9/9/9/4K4/9 w,-0.08466711,6925
9/9/3k5/4c4/9/9/9/9/9/4K4 b,0.08845375,1912
9/9/4k4/4c4/9/9/9/9/9/4K4 w,-0.08742934,7726
9/9/4k4/4c4/9/9/9/9/4K4/9 b,0.08878598,1993
9/4k4/9/4c4/9/9/9/9/4K4/9 w,-0.07994079,6917
9/4k4/9/4c4/9/9/9/9/5K3/9 b,0.078929715,2820
9/4k4/9/3c5/9/9/9/9/5K3/9 w,-0.077360585,7016
9/4k4/9/3c5/9/9/9/9/9/5K3 b,0.08906503,2729
9/4k4/9/2c6/9/9/9/9/9/5K3 w,-0.083546475,7817
rnbakabnr/9/1c5c1/p1p1p1p1p/9/9/P1P1P1P1P/1C5C1/9/RNBAKABNR w,0.8018177,5827
rnbakabnr/9/1c5c1/p1p1p1p1p/9/9/P1P1P1P1P/4C2C1/9/RNBAKABNR b,-0.8017682,110
r1bakabnr/9/1cn4c1/p1p1p1p1p/9/9/P1P1P1P1P/4C2C1/9/RNBAKABNR w,0.80181766,7445
r1bakabnr/9/1cn4c1/p1p1p1p1p/9/9/P1P1P1P1P/2N1C2C1/9/R1BAKABNR b,-0.80183524,562
r1baka1nr/9/1cn1b2c1/p1p1p1p1p/9/9/P1P1P1P1P/2N1C2C1/9/R1BAKABNR w,0.8019466,7372
r1baka1nr/9/1cn1b2c1/p1p1p1p1p/9/9/P1P1P1P1P/2N1C2C1/9/1RBAKABNR b,-0.8017737,1
1rbaka1nr/9/1cn1b2c1/p1p1p1p1p/9/9/P1P1P1P1P/2N1C2C1/9/1RBAKABNR w,0.80169904,6368
1rbaka1nr/9/1cn1b2c1/p1p1p1p1p/9/9/P1P1P1P1P/2N1CC3/9/1RBAKABNR b,-0.80127716,654
1rbaka2r/9/1cn1b1nc1/p1p1p1p1p/9/9/P1P1P1P1P/2N1CC3/9/1RBAKABNR w,0.8015751,7989
1rbaka2r/9/1cn1b1nc1/p1p1p1p1p/9/9/P1P1P1P1P/2N1CCN2/9/1RBAKAB1R b,-0.80137295,3012
1rbaka2r/9/1cn1b1nc1/p1p1p3p/6p2/9/P1P1P1P1P/2N1CCN2/9/1RBAKAB1R w,0.80189395,8098
1rbaka2r/9/1cn1b1nc1/p1p1p3p/6p2/9/P1P1P1P1P/2N1CCN2/9/1RBAKABR1 b,-0.8020108,727
1rbaka1r1/9/1cn1b1nc1/p1p1p3p/6p2/9/P1P1P1P1P/2N1CCN2/9/1RBAKABR1 w,0.80270535,5087
1rbaka1r1/9/1cn1b1nc1/p1p1p3p/6p2/2P6/P3P1P1P/2N1CCN2/9/1RBAKABR1 b,-0.8021624,1765
1rbaka1r1/9/2n1b1nc1/p1p1p3p/6p2/2P6/Pc2P1P1P/2N1CCN2/9/1RBAKABR1 w,0.80470604,5898
1rbaka1r1/9/2n1b1nc1/p1p1p3p/6p2/2PN5/Pc2P1P1P/4CCN2/9/1RBAKABR1 b,-0.8063935,2311
1rbaka1r1/9/2n1b1n2/p1p1p3p/6p2/2PN5/Pc2P1PcP/4CCN2/9/1RBAKABR1 w,0.8078968,6143
1rbaka1r1/9/2n1bCn2/p1p1p3p/6p2/2PN5/Pc2P1PcP/4C1N2/9/1RBAKABR1 b,-0.8084572,1986
1rbakabr1/9/2n2Cn2/p1p1p3p/6p2/2PN5/Pc2P1PcP/4C1N2/9/1RBAKABR1 w,0.81805813,4351
1rbakabr1/9/2n2Cn2/p1p1N3p/6p2/2P6/Pc2P1PcP/4C1N2/9/1RBAKABR1 b,-0.8047867,1831
1rbakabr1/9/5Cn2/p1p1n3p/6p2/2P6/Pc2P1PcP/4C1N2/9/1RBAKABR1 w,0.8050693,6061
1rbakabr1/9/5Cn2/p1p1C3p/6p2/2P6/Pc2P1PcP/6N2/9/1RBAKABR1 b,-0.7897402,109
2bakabr1/9/1r3Cn2/p1p1C3p/6p2/2P6/Pc2P1PcP/6N2/9/1RBAKABR1 w,0.8020568,2839
2bakabr1/9/1r3Cn2/p1p5p/6p2/2P1C4/Pc2P1PcP/6N2/9/1RBAKABR1 b,-0.7983722,1733
2bakabr1/9/5rn2/p1p5p/6p2/2P1C4/Pc2P1PcP/6N2/9/1RBAKABR1 w,0.80965835,7435
2bakabr1/9/5rn2/p1p5p/6p2/2P1C4/PR2P1PcP/6N2/9/2BAKABR1 b,-0.80703294,2201
2bakabr1/9/5r3/p1p5p/5np2/2P1C4/PR2P1PcP/6N2/9/2BAKABR1 w,0.8138219,4987
2bakabr1/9/5r3/p1p5p/1R3np2/2P1C4/P3P1PcP/6N2/9/2BAKABR1 b,-0.80833787,3750
2bakabr1/9/5r3/p1p5p/1R4p2/2P1C4/P3P1ncP/6N2/9/2BAKABR1 w,0.8192688,3372
2bakabr1/9/5r3/p1p5p/6R2/2P1C4/P3P1ncP/6N2/9/2BAKABR1 b,-0.80537564,5449
2bakabr1/9/5r3/p1p5p/6R2/2P1n4/P3P2cP/6N2/9/2BAKABR1 w,0.80595845,5269
2bakabr1/9/5r3/p1p5p/6R2/2P1P4/P6cP/6N2/9/2BAKABR1 b,-0.79958963,5560
2bakabr1/9/5r3/p1p5p/6R2/2P1P4/P7P/6Nc1/9/2BAKABR1 w,0.8094646,7999
2bakabr1/9/5r3/p1p5p/6R2/2P1P4/P7P/6Nc1/7R1/2BAKAB2 b,-0.7982415,2138
2bakabr1/9/9/p1p5p/6R2/2P1P4/P7P/5rNc1/7R1/2BAKAB2 w,0.80846864,7816
2bakabr1/9/9/p1p5p/6R2/2P1P4/P7P/5rNc1/4A2R1/2BAK1B2 b,-0.8051542,6179
2bakabr1/9/9/p1p5p/6R2/2P1P4/P4r2P/6Nc1/4A2R1/2BAK1B2 w,0.8099698,3813
2bakabr1/9/9/p1p3R1p/9/2P1P4/P4r2P/6Nc1/4A2R1/2BAK1B2 b,-0.81444937,5372
2bakabr1/9/9/p1p3R1p/9/2P1P4/P7r/6Nc1/4A2R1/2BAK1B2 w,0.8190903,6260
2bakabr1/9/9/p1p3R1p/9/2P1PN3/P7r/7c1/4A2R1/2BAK1B2 b,-0.8202257,5669
2bakabr1/9/9/p1p3R1p/9/2P1PN3/P8/7c1/4A2R1/2BAK1B1r w,0.8213139,6926
2bakabr1/9/9/p1p3R1p/9/2P1PN3/P8/7c1/7R1/2BAKAB1r b,-0.8041486,682
2bakab2/9/9/p1p3R1p/9/2P1PN1r1/P8/7c1/7R1/2BAKAB1r w,0.8161871,4531
2bakab2/9/9/p1p1N1R1p/9/2P1P2r1/P8/7c1/7R1/2BAKAB1r b,-0.8050024,562
2baka3/9/4b4/p1p1N1R1p/9/2P1P2r1/P8/7c1/7R1/2BAKAB1r w,0.81896484,2814
2baka3/9/4b1N2/p1p3R1p/9/2P1P2r1/P8/7c1/7R1/2BAKAB1r b,-0.8057567,283
2b1ka3/4a4/4b1N2/p1p3R1p/9/2P1P2r1/P8/7c1/7R1/2BAKAB1r w,0.82395643,4450
2b1ka3/4a4/4b1N2/p1p3R1p/4P4/2P4r1/P8/7c1/7R1/2BAKAB1r b,-0.8062271,8054
2b1ka3/4a4/4b1N2/p1p3R1p/4P3r/2P4r1/P8/7c1/7R1/2BAKAB2 w,0.833586,3631
2b1ka3/4a4/4b1N2/p1p1P1R1p/8r/2P4r1/P8/7c1/7R1/2BAKAB2 b,-0.8220634,4000
2b1ka3/4a4/4b1N2/p1p1P1R1p/4r4/2P4r1/P8/7c1/7R1/2BAKAB2 w,0.8282473,7186
2b1ka3/4a4/4b1N2/p1p1P1R1p/4r4/2P4r1/P8/7c1/4R4/2BAKAB2 b,-0.81485957,3676
2b1ka3/4a4/4b1N2/p1p1P1R1p/9/2P4r1/P8/7c1/4r4/2BAKAB2 w,0.81614274,7636
2b1ka3/4a4/4b1N2/p1p1P1R1p/9/2P4r1/P8/7c1/4A4/2B1KAB2 b,-0.8027664,1986
2b1kab2/4a4/6N2/p1p1P1R1p/9/2P4r1/P8/7c1/4A4/2B1KAB2 w,0.8174575,2165
2b1kNb2/4a4/9/p1p1P1R1p/9/2P4r1/P8/7c1/4A4/2B1KAB2 b,-0.7983663,1175
2b1kab2/9/9/p1p1P1R1p/9/2P4r1/P8/7c1/4A4/2B1KAB2 w,0.8078793,2976
2b1kaR2/9/9/p1p1P3p/9/2P4r1/P8/7c1/4A4/2B1KAB2 b,-0.7888867,4727
2b1kaR2/9/9/p1p1P3p/9/2r6/P8/7c1/4A4/2B1KAB2 w,0.80242485,7537
2b1kaR2/9/9/p1p1P3p/9/2r6/P8/4B2c1/4A4/4KAB2 b,-0.79018384,4279
2b1kaR2/9/9/p1p1P3p/9/4r4/P8/4B2c1/4A4/4KAB2 w,0.8002215,547
2b1ka1R1/9/9/p1p1P3p/9/4r4/P8/4B2c1/4A4/4KAB2 b,-0.7949448,4441
2b1ka1R1/9/9/p1p1r3p/9/9/P8/4B2c1/4A4/4KAB2 w,0.80122024,700
2b1ka3/9/9/p1p1r3p/9/9/P8/4B2R1/4A4/4KAB2 b,-0.80085707,3194
2b1ka3/9/9/p1p1r4/8p/9/P8/4B2R1/4A4/4KAB2 w,0.8024182,6361
2b1ka3/9/9/p1p1r4/8p/9/P6R1/4B4/4A4/4KAB2 b,-0.8026928,2830
2b1ka3/9/9/p1p6/4r3p/9/P6R1/4B4/4A4/4KAB2 w,0.8052705,5524
2b1ka3/9/9/p1p4R1/4r3p/9/P8/4B4/4A4/4KAB2 b,-0.80406415,198
4ka3/9/b8/p1p4R1/4r3p/9/P8/4B4/4A4/4KAB2 w,0.8081098,3089
4ka3/9/b8/p1R6/4r3p/9/P8/4B4/4A4/4KAB2 b,-0.8050403,2466
4ka3/9/b8/2R6/p3r3p/9/P8/4B4/4A4/4KAB2 w,0.80843365,2630
4ka3/9/b1R6/9/p3r3p/9/P8/4B4/4A4/4KAB2 b,-0.8028854,1658
4ka3/9/2R6/9/p1b1r3p/9/P8/4B4/4A4/4KAB2 w,0.8042648,1802
2R1ka3/9/9/9/p1b1r3p/9/P8/4B4/4A4/4KAB2 b,-0.80746204,373
2R2a3/4k4/9/9/p1b1r3p/9/P8/4B4/4A4/4KAB2 w,0.81599337,185
5R3/4k4/9/9/p1b1r3p/9/P8/4B4/4A4/4KAB2 b,-0.8040874,3442
5R3/4k4/4b4/9/p3r3p/9/P8/4B4/4A4/4KAB2 w,0.81140476,500
9/4k4/4b4/9/p3r3p/5R3/P8/4B4/4A4/4KAB2 b,-0.809027,3631
9/4k4/4b4/4r4/p7p/5R3/P8/4B4/4A4/4KAB2 w,0.81207114,4541
9/4k4/4b4/4r4/p4R2p/9/P8/4B4/4A4/4KAB2 b,-0.8115276,2817
9/4k4/4b4/r8/p4R2p/9/P8/4B4/4A4/4KAB2 w,0.81197375,3734
9/4k4/4b4/r8/p7R/9/P8/4B4/4A4/4KAB2 b,-0.8125702,1184
9/5k3/4b4/r8/p7R/9/P8/4B4/4A4/4KAB2 w,0.8177091,3977
9/5k2R/4b4/r8/p8/9/P8/4B4/4A4/4KAB2 b,-0.81941134,1265
5k3/8R/4b4/r8/p8/9/P8/4B4/4A4/4KAB2 w,0.8248375,1556
5k3/9/4b3R/r8/p8/9/P8/4B4/4A4/4KAB2 b,-0.81560194,2461
5k3/9/4b3R/4r4/p8/9/P8/4B4/4A4/4KAB2 w,0.80960757,2348
5k2R/9/4b4/4r4/p8/9/P8/4B4/4A4/4KAB2 b,-0.81292075,464
8R/5k3/4b4/4r4/p8/9/P8/4B4/4A4/4KAB2 w,0.80474097,737
9/5k2R/4b4/4r4/p8/9/P8/4B4/4A4/4KAB2 b,-0.80874795,1265
5k3/8R/4b4/4r4/p8/9/P8/4B4/4A4/4KAB2 w,0.8213721,1574
5k3/9/4b4/4r4/p7R/9/P8/4B4/4A4/4KAB2 b,-0.816273,454
4k4/9/4b4/4r4/p7R/9/P8/4B4/4A4/4KAB2 w,0.8189108,3996
4k4/9/4b4/4r4/R8/9/P8/4B4/4A4/4KAB2 b,-0.8166702,2818
4k4/9/4b4/1r7/R8/9/P8/4B4/4A4/4KAB2 w,0.82233596,3280
4k4/9/4b4/1r7/4R4/9/P8/4B4/4A4/4KAB2 b,-0.82413185,373
9/4k4/4b4/1r7/4R4/9/P8/4B4/4A4/4KAB2 w,0.8291601,4905
9/4k4/4b4/1r7/4R4/P8/9/4B4/4A4/4KAB2 b,-0.8346766,2602
9/4k4/4b4/9/4R4/P8/9/4B4/4A4/1r2KAB2 w,0.8336513,6924
9/4k4/4b4/9/4R4/P8/9/4B4/9/1r1AKAB2 b,-0.83374465,7426
9/4k4/4b4/9/4R4/Pr7/9/4B4/9/3AKAB2 w,0.83579403,4086
9/4k4/4b4/9/P3R4/1r7/9/4B4/9/3AKAB2 b,-0.8313833,4168
9/4k4/4b4/1r7/P3R4/9/9/4B4/9/3AKAB2 w,0.84637296,6113
9/4k4/4b4/1r7/P3R4/9/9/9/9/2BAKAB2 b,-0.84561086,2552
9/4k4/4b4/5r3/P3R4/9/9/9/9/2BAKAB2 w,0.8640805,3622
9/4k4/4R4/5r3/P8/9/9/9/9/2BAKAB2 b,-0.8608464,1184
9/5k3/4R4/5r3/P8/9/9/9/9/2BAKAB2 w,0.86467105,3277
9/5k3/4R4/5r3/1P7/9/9/9/9/2BAKAB2 b,-0.85723895,2966
9/5k3/4R4/9/1P7/9/9/9/9/2BAKrB2 w,0.8583656,7726
9/5k3/4R4/9/1P7/9/9/9/4K4/2BA1rB2 b,-0.85148287,7827
9/5k3/4R4/9/1P7/9/9/9/4K4/2BA2r2 w,0.860137,1993
9/4Rk3/9/9/1P7/9/9/9/4K4/2BA2r2 b,-0.8652217,1265
5k3/4R4/9/9/1P7/9/9/9/4K4/2BA2r2 w,0.8783655,1201
5k3/9/9/4R4/1P7/9/9/9/4K4/2BA2r2 b,-0.8629677,7916
5k3/9/9/4R4/1P7/9/9/9/4K4/2BA1r3 w,0.86832476,3358
5k3/9/9/1P2R4/9/9/9/9/4K4/2BA1r3 b,-0.86885446,7817
5k3/9/9/1P2R4/9/9/9/9/4Kr3/2BA5 w,0.86945564,6925
5k3/9/9/1P2R4/9/9/9/9/5r3/2BAK4 b,-0.8750039,7016
5k3/9/9/1P2R4/9/9/9/9/9/2BAKr3 w,0.87164456,7726
5k3/9/9/1P2R4/9/9/9/9/4K4/2BA1r3 b,-0.8615271,7763
5k3/9/5r3/1P2R4/9/9/9/9/4K4/2BA5 w,0.8685142,2549
5k3/9/5r3/2P1R4/9/9/9/9/4K4/2BA5 b,-0.85551435,464
9/5k3/5r3/2P1R4/9/9/9/9/4K4/2BA5 w,0.86208206,7537
9/5k3/5r3/2P1R4/9/9/9/4B4/4K4/3A5 b,-0.86600435,2147
9/5k3/9/2P1R4/9/9/9/4B4/4Kr3/3A5 w,0.8595702,6925
9/5k3/9/2P1R4/9/9/9/4B4/5r3/3AK4 b,-0.8631289,7016
9/5k3/9/2P1R4/9/9/9/4B4/9/3AKr3 w,0.865447,7726
9/5k3/9/2P1R4/9/9/9/4B4/4K4/3A1r3 b,-0.85996187,7763
9/5k3/5r3/2P1R4/9/9/9/4B4/4K4/3A5 w,0.870106,2640
9/5k3/5r3/3PR4/9/9/9/4B4/4K4/3A5 b,-0.8710396,2147
9/5k3/9/3PR4/9/9/9/4B4/4Kr3/3A5 w,0.86858517,6925
9/5k3/9/3PR4/9/9/9/4B4/5r3/3AK4 b,-0.87224126,7016
9/5k3/9/3PR4/9/9/9/4B4/9/3AKr3 w,0.8742779,7726
9/5k3/9/3PR4/9/9/9/4B4/4K4/3A1r3 b,-0.8711642,7824
9/5k3/9/3PR4/9/9/9/4B4/4K4/3r5 w,0.8906434,6077
9/5k3/9/3PR4/9/2B6/9/9/4K4/3r5 b,-0.8759145,7646
9/5k3/9/3PR4/9/2B6/9/9/4K4/5r3 w,0.88537645,2721
9/5k3/3P5/4R4/9/2B6/9/9/4K4/5r3 b,-0.8829462,7817
9/5k3/3P5/4R4/9/2B6/9/9/4Kr3/9 w,0.88527584,6925
9/5k3/3P5/4R4/9/2B6/9/9/5r3/4K4 b,-0.89492923,7016
9/5k3/3P5/4R4/9/2B6/9/9/9/4Kr3 w,0.890536,7726
9/5k3/3P5/4R4/9/2B6/9/9/4K4/5r3 b,-0.87982005,7799
9/5k3/3P5/4R4/9/2B6/5r3/9/4K4/9 w,0.8837969,1912
9/5k3/4P4/4R4/9/2B6/5r3/9/4K4/9 b,-0.8802848,5387
9/5k3/4P4/4R4/9/2B6/9/9/4Kr3/9 w,0.8805171,6925
9/5k3/4P4/4R4/9/2B6/9/9/5r3/4K4 b,-0.8900297,7016
9/5k3/4P4/4R4/9/2B6/9/9/9/4Kr3 w,0.88734525,7726
9/5k3/4P4/4R4/9/2B6/9/9/4K4/5r3 b,-0.8749233,7781
9/5k3/4P4/4R4/5r3/2B6/9/9/4K4/9 w,0.88810366,4293
9/5k3/4P4/4R4/5r3/9/9/B8/4K4/9 b,-0.8905125,3767
9/5k3/4P4/4R4/9/9/9/B8/4Kr3/9 w,0.88987213,6925
9/5k3/4P4/4R4/9/9/9/B8/5r3/4K4 b,-0.88954234,7016
9/5k3/4P4/4R4/9/9/9/B8/9/4Kr3 w,0.8864245,7726
9/5k3/4P4/4R4/9/9/9/B8/4K4/5r3 b,-0.87328964,7781
9/5k3/4P4/4R4/5r3/9/9/B8/4K4/9 w,0.8843619,5753
9/5k3/4P4/4R4/5r3/9/9/9/4K4/2B6 b,-0.891023,3767
9/5k3/4P4/4R4/9/9/9/9/4Kr3/2B6 w,0.90011877,6925
9/5k3/4P4/4R4/9/9/9/9/5r3/2B1K4 b,-0.8971451,7016
9/5k3/4P4/4R4/9/9/9/9/9/2B1Kr3 w,0.9031129,7726
9/5k3/4P4/4R4/9/9/9/9/4K4/2B2r3 b,-0.8915874,7790
9/5k3/4P4/4R4/9/5r3/9/9/4K4/2B6 w,0.8930411,1993
9/4Pk3/9/4R4/9/5r3/9/9/4K4/2B6 b,-0.8784186,1265
5k3/4P4/9/4R4/9/5r3/9/9/4K4/2B6 w,0.8855438,2812
5k3/4P4/4R4/9/9/5r3/9/9/4K4/2B6 b,-0.8691105,4532
5k3/4P4/4R4/5r3/9/9/9/9/4K4/2B6 w,0.8805999,1182
5k3/3P5/4R4/5r3/9/9/9/9/4K4/2B6 b,-0.8647213,2939
5k3/3P5/4R4/9/9/9/5r3/9/4K4/2B6 w,0.9778078,1984
4Rk3/3P5/9/9/9/9/5r3/9/4K4/2B6 b,-0.9814405,464
4R4/3P1k3/9/9/9/9/5r3/9/4K4/2B6 w,0.99006665,1093
4R4/4Pk3/9/9/9/9/5r3/9/4K4/2B6 b,-0.99099934,1283
4R4/4P4/5k3/9/9/9/5r3/9/4K4/2B6 w,1,365
rnbakabnr/9/1c5c1/p1p1p1p1p/9/9/P1P1P1P1P/1C5C1/9/RNBAKABNR w,0.8018042,5827
rnbakabnr/9/1c5c1/p1p1p1p1p/9/9/P1P1P1P1P/4C2C1/9/RNBAKABNR b,-0.80178356,110
r1bakabnr/9/1cn4c1/p1p1p1p1p/9/9/P1P1P1P1P/4C2C1/9/RNBAKABNR w,0.80181766,7445
r1bakabnr/9/1cn4c1/p1p1p1p1p/9/9/P1P1P1P1P/2N1C2C1/9/R1BAKABNR b,-0.80183524,562
r1baka1nr/9/1cn1b2c1/p1p1p1p1p/9/9/P1P1P1P1P/2N1C2C1/9/R1BAKABNR w,0.8019352,7372
r1baka1nr/9/1cn1b2c1/p1p1p1p1p/9/9/P1P1P1P1P/2N1C2C1/9/1RBAKABNR b,-0.8017765,1
1rbaka1nr/9/1cn1b2c1/p1p1p1p1p/9/9/P1P1P1P1P/2N1C2C1/9/1RBAKABNR w,0.8016926,6368
1rbaka1nr/9/1cn1b2c1/p1p1p1p1p/9/9/P1P1P1P1P/2N1CC3/9/1RBAKABNR b,-0.8012789,654
1rbaka2r/9/1cn1b1nc1/p1p1p1p1p/9/9/P1P1P1P1P/2N1CC3/9/1RBAKABNR w,0.80156165,7989
1rbaka2r/9/1cn1b1nc1/p1p1p1p1p/9/9/P1P1P1P1P/2N1CCN2/9/1RBAKAB1R b,-0.80137295,3012
1rbaka2r/9/1cn1b1nc1/p1p1p3p/6p2/9/P1P1P1P1P/2N1CCN2/9/1RBAKAB1R w,0.801936,8098
1rbaka2r/9/1cn1b1nc1/p1p1p3p/6p2/9/P1P1P1P1P/2N1CCN2/9/1RBAKABR1 b,-0.802005,727
1rbaka1r1/9/1cn1b1nc1/p1p1p3p/6p2/9/P1P1P1P1P/2N1CCN2/9/1RBAKABR1 w,0.80255455,5087
1rbaka1r1/9/1cn1b1nc1/p1p1p3p/6p2/2P6/P3P1P1P/2N1CCN2/9/1RBAKABR1 b,-0.8021549,1765
1rbaka1r1/9/2n1b1nc1/p1p1p3p/6p2/2P6/Pc2P1P1P/2N1CCN2/9/1RBAKABR1 w,0.8047115,5898
1rbaka1r1/9/2n1b1nc1/p1p1p3p/6p2/2PN5/Pc2P1P1P/4CCN2/9/1RBAKABR1 b,-0.8064264,2311
1rbaka1r1/9/2n1b1n2/p1p1p3p/6p2/2PN5/Pc2P1PcP/4CCN2/9/1RBAKABR1 w,0.8079284,6143
1rbaka1r1/9/2n1bCn2/p1p1p3p/6p2/2PN5/Pc2P1PcP/4C1N2/9/1RBAKABR1 b,-0.80890244,1986
1rbakabr1/9/2n2Cn2/p1p1p3p/6p2/2PN5/Pc2P1PcP/4C1N2/9/1RBAKABR1 w,0.81776637,4351
1rbakabr1/9/2n2Cn2/p1p1N3p/6p2/2P6/Pc2P1PcP/4C1N2/9/1RBAKABR1 b,-0.8047813,1831
1rbakabr1/9/5Cn2/p1p1n3p/6p2/2P6/Pc2P1PcP/4C1N2/9/1RBAKABR1 w,0.8055077,6061
1rbakabr1/9/5Cn2/p1p1C3p/6p2/2P6/Pc2P1PcP/6N2/9/1RBAKABR1 b,-0.7906941,109
2bakabr1/9/1r3Cn2/p1p1C3p/6p2/2P6/Pc2P1PcP/6N2/9/1RBAKABR1 w,0.8011066,7999
2bakabr1/9/1r3Cn2/p1p1C3p/6p2/2P6/Pc2P1PcP/6N2/7R1/1RBAKAB2 b,-0.7985993,1733
2bakabr1/9/5rn2/p1p1C3p/6p2/2P6/Pc2P1PcP/6N2/7R1/1RBAKAB2 w,0.8054563,7435
2bakabr1/9/5rn2/p1p1C3p/6p2/2P6/PR2P1PcP/6N2/7R1/2BAKAB2 b,-0.7974142,2138
2bakabr1/9/6n2/p1p1C3p/6p2/2P6/PR2P1PcP/5rN2/7R1/2BAKAB2 w,0.8103598,6290
2bakabr1/9/6n2/p1p1C3p/6p2/2P6/PR2P1PcP/5r3/7RN/2BAKAB2 b,-0.79406255,2191
2bakabr1/9/9/p1p1n3p/6p2/2P6/PR2P1PcP/5r3/7RN/2BAKAB2 w,0.79870236,7261
2bakabr1/9/9/p1p1n3p/6p2/2P6/PR2P1PNP/5r3/7R1/2BAKAB2 b,-0.7916147,6189
2bakabr1/9/9/p1p1n3p/6p2/2P6/PR2P1PNP/6r2/7R1/2BAKAB2 w,0.79137206,5269
2bakabr1/9/9/p1p1n3p/6p2/2P1P4/PR4PNP/6r2/7R1/2BAKAB2 b,-0.78919744,2840
2bakabr1/9/9/p1p5p/6p2/2P1Pn3/PR4PNP/6r2/7R1/2BAKAB2 w,0.80869,5451
2bakabr1/9/9/p1p5p/6p2/2P1PnP2/PR5NP/6r2/7R1/2BAKAB2 b,-0.79746944,6261
2bakabr1/9/9/p1p5p/6p2/2P1Pnr2/PR5NP/9/7R1/2BAKAB2 w,0.81131095,7185
2bakabr1/9/9/p1p5p/6p2/2P1Pnr2/PR5NP/9/3R5/2BAKAB2 b,-0.8097254,4569
2bakabr1/9/9/p1p5p/6p2/2P1P1r2/PR5NP/6n2/3R5/2BAKAB2 w,0.813415,5558
2bakabr1/9/9/p1p5p/6p2/2P1P1r2/PR6P/5Nn2/3R5/2BAKAB2 b,-0.8023893,4640
2bakabr1/9/9/p1p5p/6p2/2P1Pr3/PR6P/5Nn2/3R5/2BAKAB2 w,0.816544,7636
2bakabr1/9/9/p1p5p/6p2/2P1Pr3/PR6P/5Nn2/3RA4/2B1KAB2 b,-0.80590415,463
2bak1br1/4a4/9/p1p5p/6p2/2P1Pr3/PR6P/5Nn2/3RA4/2B1KAB2 w,0.8126485,6780
2bak1br1/4a4/9/p1pR4p/6p2/2P1Pr3/PR6P/5Nn2/4A4/2B1KAB2 b,-0.8049086,6290
2bak1br1/4a4/9/p1pR4p/6p2/2P1Pr3/PR6P/5N3/4A3n/2B1KAB2 w,0.82778794,2735
2bak1br1/4a4/9/p1p5R/6p2/2P1Pr3/PR6P/5N3/4A3n/2B1KAB2 b,-0.80739725,4505
2bakrbr1/4a4/9/p1p5R/6p2/2P1P4/PR6P/5N3/4A3n/2B1KAB2 w,0.82299995,3179
2bakrbr1/4a4/9/p1R6/6p2/2P1P4/PR6P/5N3/4A3n/2B1KAB2 b,-0.804533,562
2bakr1r1/4a4/4b4/p1R6/6p2/2P1P4/PR6P/5N3/4A3n/2B1KAB2 w,0.8168521,7537
2bakr1r1/4a4/4b4/p1R6/6p2/2P1P4/PR6P/4BN3/4A3n/4KAB2 b,-0.8063919,7269
2bakr1r1/4a4/4b4/p1R6/6p2/2P1P4/PR6P/4BNn2/4A4/4KAB2 w,0.8157013,5010
2bakr1r1/4a4/4b4/p1R6/6p2/2P1P4/P5R1P/4BNn2/4A4/4KAB2 b,-0.81055206,6290
2bakr1r1/4a4/4b4/p1R6/6p2/2P1P4/P5R1P/4BN3/4A3n/4KAB2 w,0.8192718,2637
2bakr1r1/4a4/4b4/R8/6p2/2P1P4/P5R1P/4BN3/4A3n/4KAB2 b,-0.8114584,491
2bak2r1/4a4/4b4/R8/5rp2/2P1P4/P5R1P/4BN3/4A3n/4KAB2 w,0.8226302,2465
2bak2r1/4a4/4b4/8R/5rp2/2P1P4/P5R1P/4BN3/4A3n/4KAB2 b,-0.8081456,3727
2bak2r1/4a4/4b4/8R/1r4p2/2P1P4/P5R1P/4BN3/4A3n/4KAB2 w,0.8112142,6113
2bak2r1/4a4/4b4/8R/1r4p2/2P1P4/P5R1P/5N3/4A3n/2B1KAB2 b,-0.8065752,3412
2bak2r1/4a4/4b4/8R/6p2/2P1P4/P5R1P/5N3/4A3n/1rB1KAB2 w,0.8144655,7897
2bak2r1/4a4/4b4/8R/6p2/2P1P4/P5R1P/4BN3/4A3n/1rB1KA3 b,-0.80606365,7417
2bak2r1/4a4/4b4/8R/1r4p2/2P1P4/P5R1P/4BN3/4A3n/2B1KA3 w,0.81121844,3180
2bak2r1/4a4/4b4/3R5/1r4p2/2P1P4/P5R1P/4BN3/4A3n/2B1KA3 b,-0.8104148,3371
2bak2r1/4a4/4b4/3R5/5rp2/2P1P4/P5R1P/4BN3/4A3n/2B1KA3 w,0.8199718,6117
2bak2r1/4a4/4b4/3R5/5rp2/2P1P4/P5R1P/5N3/4A3n/2B1KAB2 b,-0.81235313,635
2bakr3/4a4/4b4/3R5/5rp2/2P1P4/P5R1P/5N3/4A3n/2B1KAB2 w,0.8257184,6177
2bakr3/4a4/4b4/3R5/5rp2/2P1P4/P2N2R1P/9/4A3n/2B1KAB2 b,-0.8115629,3831
2bakr3/4a4/4b4/3R5/5r3/2P1P1p2/P2N2R1P/9/4A3n/2B1KAB2 w,0.8228807,5451
2bakr3/4a4/4b4/3R5/5r3/2P1P1R2/P2N4P/9/4A3n/2B1KAB2 b,-0.8134509,3749
2bakr3/4a4/4b4/3R5/9/2P1P1R2/P2N1r2P/9/4A3n/2B1KAB2 w,0.8199278,5170
2bakr3/4a4/4b4/3R5/4N4/2P1P1R2/P4r2P/9/4A3n/2B1KAB2 b,-0.8074003,5364
2bakr3/4a4/4b4/3R5/4N4/2P1P1R2/r7P/9/4A3n/2B1KAB2 w,0.80996674,7901
2bakr3/4a4/4b4/3R5/4N4/2P1P1R2/r7P/8B/4A3n/2B1KA3 b,-0.80446684,4922
2bakr3/4a4/4b4/3R5/4N4/2P1P1R2/8r/8B/4A3n/2B1KA3 w,0.80362135,3633
2bakr3/4a4/4b4/3R2N2/9/2P1P1R2/8r/8B/4A3n/2B1KA3 b,-0.8057379,5651
2bakr3/4a4/4b4/3R2N2/9/2P1P1R2/9/8r/4A3n/2B1KA3 w,0.80667704,4450
2bakr3/4a4/4b4/3R2N2/4P4/2P3R2/9/8r/4A3n/2B1KA3 b,-0.7972546,6455
2bakr3/4a4/4b4/3R2N2/4P4/2P3R2/9/2r6/4A3n/2B1KA3 w,0.79745597,7537
2bakr3/4a4/4b4/3R2N2/4P4/2P3R2/9/2r1B4/4A3n/4KA3 b,-0.7969855,5917
2bakr3/4a4/4b4/3R2N2/4P4/2P3R2/9/4r4/4A3n/4KA3 w,0.7990582,7734
2bakr3/4a4/4b4/3R2N2/4P4/2P3R2/9/4r4/4A3n/3K1A3 b,-0.80375344,7261
2bakr3/4a4/4b4/3R2N2/4P4/2P3R2/7n1/4r4/4A4/3K1A3 w,0.80786,4650
2bakr3/4a4/4b4/3R2N2/4P4/2P6/6Rn1/4r4/4A4/3K1A3 b,-0.7974908,5532
2bakr3/4a4/4b4/3R2N2/4P1n2/2P6/6R2/4r4/4A4/3K1A3 w,0.7992357,5457
2bakr3/4a4/4b4/3R2N2/4P1n2/2P6/3R5/4r4/4A4/3K1A3 b,-0.7903151,6095
2bakr3/4a4/4b4/3R2N2/4P1n2/2P6/3R5/2r6/4A4/3K1A3 w,0.8021095,3631
2bakr3/4a4/4b4/3RP1N2/6n2/2P6/3R5/2r6/4A4/3K1A3 b,-0.7914807,5933
2bakr3/4a4/4b4/3RP1N2/6n2/2P6/3R5/9/4A4/2rK1A3 w,0.7897189,7635
2bakr3/4a4/4b4/3RP1N2/6n2/2P6/3R5/9/3KA4/2r2A3 b,-0.77676237,500
2bak4/4a4/4b4/3RP1N2/6n2/2P2r3/3R5/9/3KA4/2r2A3 w,0.7955569,2812
2bak4/4a4/4P4/3R2N2/6n2/2P2r3/3R5/9/3KA4/2r2A3 b,-0.7983201,202
3ak4/4a4/4b4/3R2N2/6n2/2P2r3/3R5/9/3KA4/2r2A3 w,0.80858094,2992
3ak4/4a4/4N4/3R5/6n2/2P2r3/3R5/9/3KA4/2r2A3 b,-0.794534,4586
3ak4/4a4/4N4/3R5/6n2/2P6/3R5/9/3KA4/2r2r3 w,0.9273063,6926
3ak4/4a4/4N4/3R5/6n2/2P6/3R5/9/3K5/2r2A3 b,-0.9249638,7544
3ak4/4a4/4N4/3R5/6n2/2P6/3R5/9/2rK5/5A3 w,0.93434215,6834
3ak4/4a4/4N4/3R5/6n2/2P6/3R5/9/2r6/3K1A3 b,-0.9325694,6743
3ak4/4a4/4N4/3R5/6n2/2P6/3R5/9/9/2rK1A3 w,0.9307665,7635
3ak4/4a4/4N4/3R5/6n2/2P6/3R5/9/3K5/2r2A3 b,-0.9268821,7556
3ak4/4a4/4N4/3R5/6n2/2P6/3R5/9/3K5/5r3 w,0.92308897,1995
3ak4/4a1N2/9/3R5/6n2/2P6/3R5/9/3K5/5r3 b,-0.9256501,365
3a1k3/4a1N2/9/3R5/6n2/2P6/3R5/9/3K5/5r3 w,0.93936586,2732
3a1k3/4a1N2/9/5R3/6n2/2P6/3R5/9/3K5/5r3 b,-0.9388705,7772
3a1k3/4a1N2/9/5r3/6n2/2P6/3R5/9/3K5/9 w,0.9398245,1382
3a1k3/4a4/9/5N3/6n2/2P6/3R5/9/3K5/9 b,-0.9380196,3803
3a1k3/4a4/5n3/5N3/9/2P6/3R5/9/3K5/9 w,0.9444792,5191
3a1k3/4a4/5n3/5N3/9/2P6/7R1/9/3K5/9 b,-0.9502706,2100
3a1k3/4a4/9/3n1N3/9/2P6/7R1/9/3K5/9 w,0.9464799,5497
3a1k1R1/4a4/9/3n1N3/9/2P6/9/9/3K5/9 b,-0.94274366,464
3a3R1/4ak3/9/3n1N3/9/2P6/9/9/3K5/9 w,0.94242644,4268
3a3R1/4ak3/9/3n1N3/2P6/9/9/9/3K5/9 b,-0.93201625,2747
3a3R1/4ak3/9/5N3/2P6/2n6/9/9/3K5/9 w,0.9475497,2931
3a3R1/4ak3/9/9/2P6/2n3N2/9/9/3K5/9 b,-0.93651944,4294
3a3R1/4ak3/9/9/2P6/6N2/9/1n7/3K5/9 w,0.94385225,6816
3a3R1/4ak3/9/9/2P6/6N2/9/1n1K5/9/9 b,-0.9215617,1175
3a1a1R1/5k3/9/9/2P6/6N2/9/1n1K5/9/9 w,0.93746144,3449
3a1a1R1/5k3/9/2P6/9/6N2/9/1n1K5/9/9 b,-0.9320689,463
3a3R1/4ak3/9/2P6/9/6N2/9/1n1K5/9/9 w,0.9389405,4622
3a3R1/4ak3/9/2P2N3/9/9/9/1n1K5/9/9 b,-0.94058704,5807
3a3R1/4ak3/9/2P2N3/9/2n6/9/3K5/9/9 w,0.9404305,6007
3a3R1/4ak3/9/2P2N3/9/2n6/9/4K4/9/9 b,-0.94076234,4288
3a3R1/4ak3/9/2P2N3/9/9/4n4/4K4/9/9 w,0.9475233,2905
3a3R1/4ak3/7N1/2P6/9/9/4n4/4K4/9/9 b,-0.9488977,1283
3a3R1/4a4/5k1N1/2P6/9/9/4n4/4K4/9/9 w,0.95686305,636
3a2R2/4a4/5k1N1/2P6/9/9/4n4/4K4/9/9 b,-0.950898,5261
3a2R2/4a4/5k1N1/2P6/5n3/9/9/4K4/9/9 w,0.95898175,6106
3a2R2/4a4/5k1N1/2P6/5n3/9/9/9/4K4/9 b,-0.95229423,3738
3a2R2/4a4/5k1N1/2P6/9/3n5/9/9/4K4/9 w,0.9625431,609
3a5/4a4/5k1N1/2P6/9/3n5/9/6R2/4K4/9 b,-0.9677125,4351
3a5/4a4/5k1N1/2P1n4/9/9/9/6R2/4K4/9 w,0.9820289,6278
3a5/4a4/5k1N1/2P1n4/9/9/9/5R3/4K4/9 b,-0.97962177,2092
3a5/4a4/4k2N1/2P1n4/9/9/9/5R3/4K4/9 w,0.9864421,6187
3a5/4a4/4k2N1/2P1n4/9/9/9/4R4/4K4/9 b,-0.9899255,2003
3a5/4a4/5k1N1/2P1n4/9/9/9/4R4/4K4/9 w,0.9937416,6061
3a5/4a4/5k1N1/2P1R4/9/9/9/9/4K4/9 b,-0.99395555,1175
3a1a3/9/5k1N1/2P1R4/9/9/9/9/4K4/9 w,1,2822
rnbakabnr/9/1c5c1/p1p1p1p1p/9/9/P1P1P1P1P/1C5C1/9/RNBAKABNR w,0.0018177032,5827
rnbakabnr/9/1c5c1/p1p1p1p1p/9/9/P1P1P1P1P/4C2C1/9/RNBAKABNR b,-0.0017786383,110
r1bakabnr/9/1cn4c1/p1p1p1p1p/9/9/P1P1P1P1P/4C2C1/9/RNBAKABNR w,0.0018243551,7445
r1bakabnr/9/1cn4c1/p1p1p1p1p/9/9/P1P1P1P1P/2N1C2C1/9/R1BAKABNR b,-0.0018223763,562
r1baka1nr/9/1cn1b2c1/p1p1p1p1p/9/9/P1P1P1P1P/2N1C2C1/9/R1BAKABNR w,0.0019465685,7372
r1baka1nr/9/1cn1b2c1/p1p1p1p1p/9/9/P1P1P1P1P/2N1C2C1/9/1RBAKABNR b,-0.0017736912,1
1rbaka1nr/9/1cn1b2c1/p1p1p1p1p/9/9/P1P1P1P1P/2N1C2C1/9/1RBAKABNR w,0.0016990424,6368
1rbaka1nr/9/1cn1b2c1/p1p1p1p1p/9/9/P1P1P1P1P/2N1CC3/9/1RBAKABNR b,-0.0012760878,654
1rbaka2r/9/1cn1b1nc1/p1p1p1p1p/9/9/P1P1P1P1P/2N1CC3/9/1RBAKABNR w,0.0015868426,7989
1rbaka2r/9/1cn1b1nc1/p1p1p1p1p/9/9/P1P1P1P1P/2N1CCN2/9/1RBAKAB1R b,-0.001368165,3012
1rbaka2r/9/1cn1b1nc1/p1p1p3p/6p2/9/P1P1P1P1P/2N1CCN2/9/1RBAKAB1R w,0.001875639,8098
1rbaka2r/9/1cn1b1nc1/p1p1p3p/6p2/9/P1P1P1P1P/2N1CCN2/9/1RBAKABR1 b,-0.0020106912,727
1rbaka1r1/9/1cn1b1nc1/p1p1p3p/6p2/9/P1P1P1P1P/2N1CCN2/9/1RBAKABR1 w,0.0025175572,5087
1rbaka1r1/9/1cn1b1nc1/p1p1p3p/6p2/2P6/P3P1P1P/2N1CCN2/9/1RBAKABR1 b,-0.0021549107,1765
1rbaka1r1/9/2n1b1nc1/p1p1p3p/6p2/2P6/Pc2P1P1P/2N1CCN2/9/1RBAKABR1 w,0.0047060014,5898
1rbaka1r1/9/2n1b1nc1/p1p1p3p/6p2/2PN5/Pc2P1P1P/4CCN2/9/1RBAKABR1 b,-0.006410396,2311
1rbaka1r1/9/2n1b1n2/p1p1p3p/6p2/2PN5/Pc2P1PcP/4CCN2/9/1RBAKABR1 w,0.0079074865,6143
1rbaka1r1/9/2n1bCn2/p1p1p3p/6p2/2PN5/Pc2P1PcP/4C1N2/9/1RBAKABR1 b,-0.008902455,1986
1rbakabr1/9/2n2Cn2/p1p1p3p/6p2/2PN5/Pc2P1PcP/4C1N2/9/1RBAKABR1 w,0.017891908,4351
1rbakabr1/9/2n2Cn2/p1p1N3p/6p2/2P6/Pc2P1PcP/4C1N2/9/1RBAKABR1 b,-0.004766011,1831
1rbakabr1/9/5Cn2/p1p1n3p/6p2/2P6/Pc2P1PcP/4C1N2/9/1RBAKABR1 w,0.0050278665,6061
1rbakabr1/9/5Cn2/p1p1C3p/6p2/2P6/Pc2P1PcP/6N2/9/1RBAKABR1 b,0.0090971235,109
2bakabr1/9/1r3Cn2/p1p1C3p/6p2/2P6/Pc2P1PcP/6N2/9/1RBAKABR1 w,0.0020567894,2839
2bakabr1/9/1r3Cn2/p1p5p/6p2/2P1C4/Pc2P1PcP/6N2/9/1RBAKABR1 b,0.0011875868,1733
2bakabr1/9/5rn2/p1p5p/6p2/2P1C4/Pc2P1PcP/6N2/9/1RBAKABR1 w,0.009648657,7435
2bakabr1/9/5rn2/p1p5p/6p2/2P1C4/PR2P1PcP/6N2/9/2BAKABR1 b,-0.0059248093,2201
2bakabr1/9/5r3/p1p5p/5np2/2P1C4/PR2P1PcP/6N2/9/2BAKABR1 w,0.014103747,4987
2bakabr1/9/5r3/p1p5p/1R3np2/2P1C4/P3P1PcP/6N2/9/2BAKABR1 b,-0.008262837,3750
2bakabr1/9/5r3/p1p5p/1R4p2/2P1C4/P3P1ncP/6N2/9/2BAKABR1 w,0.018293595,3372
2bakabr1/9/5r3/p1p5p/6R2/2P1C4/P3P1ncP/6N2/9/2BAKABR1 b,-0.00558455,5449
2bakabr1/9/5r3/p1p5p/6R2/2P1n4/P3P2cP/6N2/9/2BAKABR1 w,0.0058344128,5269
2bakabr1/9/5r3/p1p5p/6R2/2P1P4/P6cP/6N2/9/2BAKABR1 b,0.00047535897,5560
2bakabr1/9/5r3/p1p5p/6R2/2P1P4/P7P/6Nc1/9/2BAKABR1 w,0.010041261,7999
2bakabr1/9/5r3/p1p5p/6R2/2P1P4/P7P/6Nc1/7R1/2BAKAB2 b,0.0021300316,2138
2bakabr1/9/9/p1p5p/6R2/2P1P4/P7P/5rNc1/7R1/2BAKAB2 w,0.0002488375,3813
2bakabr1/9/9/p1p3R1p/9/2P1P4/P7P/5rNc1/7R1/2BAKAB2 b,-0.0038568974,6361
2bakabr1/9/9/p1p3R1p/9/2P1P4/P6cP/5rN2/7R1/2BAKAB2 w,0.021270825,6290
2bakabr1/9/9/p1p3R1p/9/2P1P4/P6cP/5r3/7RN/2BAKAB2 b,-0.00635972,5560
2bakabr1/9/9/p1p3R1p/9/2P1P4/P7P/5r1c1/7RN/2BAKAB2 w,0.013172126,2999
2bakabr1/9/9/p1R5p/9/2P1P4/P7P/5r1c1/7RN/2BAKAB2 b,-0.002527964,562
2baka1r1/9/4b4/p1R5p/9/2P1P4/P7P/5r1c1/7RN/2BAKAB2 w,0.00896082,2641
2baka1r1/9/4b4/p3R3p/9/2P1P4/P7P/5r1c1/7RN/2BAKAB2 b,0.004330635,682
2baka3/9/4b4/p3R3p/9/2P1P2r1/P7P/5r1c1/7RN/2BAKAB2 w,0.01432805,7897
2baka3/9/4b4/p3R3p/9/2P1P2r1/P7P/4Br1c1/7RN/2BAKA3 b,-0.0056963684,6179
2baka3/9/4b4/p3R3p/9/2P1P2r1/P4r2P/4B2c1/7RN/2BAKA3 w,0.014138055,2825
2baka3/9/4b4/p7R/9/2P1P2r1/P4r2P/4B2c1/7RN/2BAKA3 b,-0.010712958,4729
2baka3/9/4b4/p7R/9/2P1r4/P4r2P/4B2c1/7RN/2BAKA3 w,0.020177627,7180
2baka3/9/4b4/p7R/9/2P1r4/P4r2P/4B2R1/8N/2BAKA3 b,-0.018890012,4450
2baka3/9/4b4/p7R/4r4/2P6/P4r2P/4B2R1/8N/2BAKA3 w,0.040908337,6361
2baka3/9/4b4/p7R/4r4/2P6/P4r1RP/4B4/8N/2BAKA3 b,-0.028417826,3641
2baka3/9/4b4/p7R/5r3/2P6/P4r1RP/4B4/8N/2BAKA3 w,0.04055176,7636
2baka3/9/4b4/p7R/5r3/2P6/P4r1RP/4B4/4A3N/2B1KA3 b,-0.033243682,5371
2baka3/9/4b4/p7R/5r3/2P6/P6rP/4B4/4A3N/2B1KA3 w,0.033528138,7261
2baka3/9/4b4/p7R/5r3/2P6/P6NP/4B4/4A4/2B1KA3 b,-0.02567277,3749
2baka3/9/4b4/p7R/9/2P6/P4r1NP/4B4/4A4/2B1KA3 w,0.033605337,5558
2baka3/9/4b4/p7R/9/2P6/P4r2P/4BN3/4A4/2B1KA3 b,-0.027229344,5364
2baka3/9/4b4/p7R/9/2P6/r7P/4BN3/4A4/2B1KA3 w,0.038645744,6169
2baka3/9/4b4/p7R/9/2P1N4/r7P/4B4/4A4/2B1KA3 b,-0.025833463,283
2b1ka3/4a4/4b4/p7R/9/2P1N4/r7P/4B4/4A4/2B1KA3 w,0.048948955,4440
2b1ka3/4a4/4b4/p2N4R/9/2P6/r7P/4B4/4A4/2B1KA3 b,-0.037350297,4917
2b1ka3/4a4/4b4/p2N4R/9/2P6/3r4P/4B4/4A4/2B1KA3 w,0.046430804,4268
2b1ka3/4a4/4b4/p2N4R/2P6/9/3r4P/4B4/4A4/2B1KA3 b,-0.040557243,2466
2b1ka3/4a4/4b4/3N4R/p1P6/9/3r4P/4B4/4A4/2B1KA3 w,0.046088148,3449
2b1ka3/4a4/4b4/2PN4R/p8/9/3r4P/4B4/4A4/2B1KA3 b,-0.035609987,3285
2b1ka3/4a4/4b4/2PN4R/9/p8/3r4P/4B4/4A4/2B1KA3 w,0.0526623,3203
2b1ka3/4a4/4b4/2PN5/9/p7R/3r4P/4B4/4A4/2B1KA3 b,-0.046791937,4104
2b1ka3/4a4/4b4/2PN5/9/8R/p2r4P/4B4/4A4/2B1KA3 w,0.059037354,4817
2b1ka3/4a4/4b4/2PN5/9/2R6/p2r4P/4B4/4A4/2B1KA3 b,-0.049052384,4915
2b1ka3/4a4/4b4/2PN5/9/2R6/1p1r4P/4B4/4A4/2B1KA3 w,0.06039312,2711
2b1ka3/2N1a4/4b4/2P6/9/2R6/1p1r4P/4B4/4A4/2B1KA3 b,-0.06105299,5142
2b1ka3/2Nra4/4b4/2P6/9/2R6/1p6P/4B4/4A4/2B1KA3 w,0.060571004,1020
2b1ka3/3ra4/4b4/2PN5/9/2R6/1p6P/4B4/4A4/2B1KA3 b,-0.053344276,1101
2b1ka3/4a4/3rb4/2PN5/9/2R6/1p6P/4B4/4A4/2B1KA3 w,0.06582373,5633
2b1ka3/4a4/3rb4/2PN5/9/2R5P/1p7/4B4/4A4/2B1KA3 b,-0.053703763,5014
2b1ka3/4a4/3rb4/2PN5/9/2R5P/9/1p2B4/4A4/2B1KA3 w,0.06511533,6924
2b1ka3/4a4/3rb4/2PN5/9/2R5P/9/1p2B4/9/2BAKA3 b,-0.060077883,5833
2b1ka3/4a4/3rb4/2PN5/9/2R5P/9/4B4/1p7/2BAKA3 w,0.07173584,7816
2b1ka3/4a4/3rb4/2PN5/9/2R5P/9/4B4/1p2A4/2BAK4 b,-0.06397598,6652
2b1ka3/4a4/3rb4/2PN5/9/2R5P/9/4B4/4A4/1pBAK4 w,0.07226832,4814
2b1ka3/4a4/3rb4/2PN5/8P/2R6/9/4B4/4A4/1pBAK4 b,-0.068841316,198
4ka3/4a4/b2rb4/2PN5/8P/2R6/9/4B4/4A4/1pBAK4 w,0.081590965,4003
4ka3/4a4/b2rb4/2PN5/7P1/2R6/9/4B4/4A4/1pBAK4 b,-0.0761328,1982
2b1ka3/4a4/b2r5/2PN5/7P1/2R6/9/4B4/4A4/1pBAK4 w,0.0762934,3904
2b1ka3/4a4/b2r5/2PN3P1/9/2R6/9/4B4/4A4/1pBAK4 b,-0.07301243,363
2bk1a3/4a4/b2r5/2PN3P1/9/2R6/9/4B4/4A4/1pBAK4 w,0.07493806,3093
2bk1a3/4a4/b2r5/2PN2P2/9/2R6/9/4B4/4A4/1pBAK4 b,-0.07082067,274
2b1ka3/4a4/b2r5/2PN2P2/9/2R6/9/4B4/4A4/1pBAK4 w,0.07979174,3002
2b1ka3/4a4/b2r5/2PN1P3/9/2R6/9/4B4/4A4/1pBAK4 b,-0.07010819,7461
2b1ka3/4a4/b2r5/2PN1P3/9/2R6/9/4B4/4A4/p1BAK4 w,0.08337355,4278
2b1ka3/4a4/b2r5/2PN1P3/9/3R5/9/4B4/4A4/p1BAK4 b,-0.06268048,363
2bk1a3/4a4/b2r5/2PN1P3/9/3R5/9/4B4/4A4/p1BAK4 w,0.06679418,2911
2bk1a3/4a4/b2r5/2PNP4/9/3R5/9/4B4/4A4/p1BAK4 b,-0.06456844,274
2b1ka3/4a4/b2r5/2PNP4/9/3R5/9/4B4/4A4/p1BAK4 w,0.07894828,4377
2b1ka3/4a4/b2r5/2PNP4/9/9/3R5/4B4/4A4/p1BAK4 b,-0.06694853,363
2bk1a3/4a4/b2r5/2PNP4/9/9/3R5/4B4/4A4/p1BAK4 w,0.07112761,5184
2bk1a3/4a4/b2r5/2PNP4/9/9/R8/4B4/4A4/p1BAK4 b,-0.0658862,274
2b1ka3/4a4/b2r5/2PNP4/9/9/R8/4B4/4A4/p1BAK4 w,0.05443106,4941
2b1ka3/4a4/b2r5/2PNP4/9/9/9/4B4/4A4/R1BAK4 b,-0.06437687,363
2bk1a3/4a4/b2r5/2PNP4/9/9/9/4B4/4A4/R1BAK4 w,0.06579659,7335
2bk1a3/4a4/b2r5/2PNP4/9/R8/9/4B4/4A4/2BAK4 b,-0.065489165,274
2b1ka3/4a4/b2r5/2PNP4/9/R8/9/4B4/4A4/2BAK4 w,0.08048377,4097
2b1ka3/4a4/b2r5/2PNP4/9/2R6/9/4B4/4A4/2BAK4 b,-0.08587702,1916
2b1ka3/4a4/b7r/2PNP4/9/2R6/9/4B4/4A4/2BAK4 w,0.1003567,2630
2b1ka3/4a4/b1P5r/3NP4/9/2R6/9/4B4/4A4/2BAK4 b,-0.09066577,363
2bk1a3/4a4/b1P5r/3NP4/9/2R6/9/4B4/4A4/2BAK4 w,0.10495692,1811
2bk1a3/2P1a4/b7r/3NP4/9/2R6/9/4B4/4A4/2BAK4 b,-0.100993864,2361
2bk1a3/2P1a4/b2r5/3NP4/9/2R6/9/4B4/4A4/2BAK4 w,0.10732,992
2Pk1a3/4a4/b2r5/3NP4/9/2R6/9/4B4/4A4/2BAK4 b,-0.090301596,274
2P1ka3/4a4/b2r5/3NP4/9/2R6/9/4B4/4A4/2BAK4 w,0.09606733,181
1P2ka3/4a4/b2r5/3NP4/9/2R6/9/4B4/4A4/2BAK4 b,-0.085739546,363
1P1k1a3/4a4/b2r5/3NP4/9/2R6/9/4B4/4A4/2BAK4 w,0.10792794,4278
1P1k1a3/4a4/b2r5/3NP4/9/3R5/9/4B4/4A4/2BAK4 b,-0.097966745,1658
1P1k1a3/4a4/3r5/3NP4/2b6/3R5/9/4B4/4A4/2BAK4 w,0.09977605,92
2Pk1a3/4a4/3r5/3NP4/2b6/3R5/9/4B4/4A4/2BAK4 b,-0.08892038,274
2P1ka3/4a4/3r5/3NP4/2b6/3R5/9/4B4/4A4/2BAK4 w,0.089169025,4366
2P1ka3/4a4/3r5/3NP4/2b6/1R7/9/4B4/4A4/2BAK4 b,-0.08665116,3438
2P1ka3/4a4/b2r5/3NP4/9/1R7/9/4B4/4A4/2BAK4 w,0.0842937,4141
1RP1ka3/4a4/b2r5/3NP4/9/9/9/4B4/4A4/2BAK4 b,-0.075434186,1658
1RP1ka3/4a4/3r5/3NP4/2b6/9/9/4B4/4A4/2BAK4 w,0.09796102,2749
1RP1ka3/4a4/3r5/4P4/2b6/4N4/9/4B4/4A4/2BAK4 b,-0.09728303,3438
1RP1ka3/4a4/b2r5/4P4/9/4N4/9/4B4/4A4/2BAK4 w,0.103150465,4442
1RP1ka3/4a4/b2r5/4PN3/9/9/9/4B4/4A4/2BAK4 b,-0.09137303,1913
1RP1ka3/4a4/b4r3/4PN3/9/9/9/4B4/4A4/2BAK4 w,0.09397395,90
R1P1ka3/4a4/b4r3/4PN3/9/9/9/4B4/4A4/2BAK4 b,-0.09616958,1622
R1b1ka3/4a4/5r3/4PN3/9/9/9/4B4/4A4/2BAK4 w,0.092504434,2
2R1ka3/4a4/5r3/4PN3/9/9/9/4B4/4A4/2BAK4 b,-0.09399513,1173
2Raka3/9/5r3/4PN3/9/9/9/4B4/4A4/2BAK4 w,0.0976867,227
3aka3/9/5r3/4PN3/9/2R6/9/4B4/4A4/2BAK4 b,-0.100194596,463
3ak4/4a4/5r3/4PN3/9/2R6/9/4B4/4A4/2BAK4 w,0.108929805,4279
3ak4/4a4/5r3/4PN3/9/4R4/9/4B4/4A4/2BAK4 b,-0.09671166,1175
3aka3/9/5r3/4PN3/9/4R4/9/4B4/4A4/2BAK4 w,0.105484895,4468
3aka3/9/5r3/4PN3/9/9/4R4/4B4/4A4/2BAK4 b,-0.098112345,463
3ak4/4a4/5r3/4PN3/9/9/4R4/4B4/4A4/2BAK4 w,0.11748486,6077
3ak4/4a4/5r3/4PN3/9/2B6/4R4/9/4A4/2BAK4 b,-0.09863293,365
3a1k3/4a4/5r3/4PN3/9/2B6/4R4/9/4A4/2BAK4 w,0.10603428,5281
3a1k3/4a4/5r3/4PN3/9/2B6/7R1/9/4A4/2BAK4 b,-0.102151565,454
3ak4/4a4/5r3/4PN3/9/2B6/7R1/9/4A4/2BAK4 w,0.09502554,5497
3ak2R1/4a4/5r3/4PN3/9/2B6/9/9/4A4/2BAK4 b,-0.09509134,2075
3akr1R1/4a4/9/4PN3/9/2B6/9/9/4A4/2BAK4 w,0.10147834,635
3akR3/4a4/9/4PN3/9/2B6/9/9/4A4/2BAK4 b,-0.10444846,365
3a1k3/4a4/9/4PN3/9/2B6/9/9/4A4/2BAK4 w,0.11231627,2812
3a1k3/4a4/4P4/5N3/9/2B6/9/9/4A4/2BAK4 b,-0.10182442,464
3a5/4ak3/4P4/5N3/9/2B6/9/9/4A4/2BAK4 w,0.13093577,6908
3a5/4ak3/4P4/5N3/9/2B6/9/5A3/9/2BAK4 b,-0.14841682,1265
3a1k3/4a4/4P4/5N3/9/2B6/9/5A3/9/2BAK4 w,0.1715757,2893
3a1k3/4N4/4P4/9/9/2B6/9/5A3/9/2BAK4 b,-0.168361,464
3a5/4Nk3/4P4/9/9/2B6/9/5A3/9/2BAK4 w,0.17711683,1190
3a5/5k3/2N1P4/9/9/2B6/9/5A3/9/2BAK4 b,-0.18493414,283
9/4ak3/2N1P4/9/9/2B6/9/5A3/9/2BAK4 w,0.19248386,1993
9/4Pk3/2N6/9/9/2B6/9/5A3/9/2BAK4 b,-0.19082169,1283
9/4P4/2N2k3/9/9/2B6/9/5A3/9/2BAK4 w,0.2,1803
rnbakabnr/9/1c5c1/p1p1p1p1p/9/9/P1P1P1P1P/1C5C1/9/RNBAKABNR w,-0.7981823,5827
rnbakabnr/9/1c5c1/p1p1p1p1p/9/9/P1P1P1P1P/4C2C1/9/RNBAKABNR b,0.79820883,110
r1bakabnr/9/1cn4c1/p1p1p1p1p/9/9/P1P1P1P1P/4C2C1/9/RNBAKABNR w,-0.79816985,7445
r1bakabnr/9/1cn4c1/p1p1p1p1p/9/9/P1P1P1P1P/2N1C2C1/9/R1BAKABNR b,0.79818803,562
r1baka1nr/9/1cn1b2c1/p1p1p1p1p/9/9/P1P1P1P1P/2N1C2C1/9/R1BAKABNR w,-0.7980508,7372
r1baka1nr/9/1cn1b2c1/p1p1p1p1p/9/9/P1P1P1P1P/2N1C2C1/9/1RBAKABNR b,0.79822755,1
1rbaka1nr/9/1cn1b2c1/p1p1p1p1p/9/9/P1P1P1P1P/2N1C2C1/9/1RBAKABNR w,-0.7983133,6368
1rbaka1nr/9/1cn1b2c1/p1p1p1p1p/9/9/P1P1P1P1P/2N1CC3/9/1RBAKABNR b,0.7987406,654
1rbaka2r/9/1cn1b1nc1/p1p1p1p1p/9/9/P1P1P1P1P/2N1CC3/9/1RBAKABNR w,-0.79841965,7989
1rbaka2r/9/1cn1b1nc1/p1p1p1p1p/9/9/P1P1P1P1P/2N1CCN2/9/1RBAKAB1R b,0.7986161,3012
1rbaka2r/9/1cn1b1nc1/p1p1p3p/6p2/9/P1P1P1P1P/2N1CCN2/9/1RBAKAB1R w,-0.79811054,8098
1rbaka2r/9/1cn1b1nc1/p1p1p3p/6p2/9/P1P1P1P1P/2N1CCN2/9/1RBAKABR1 b,0.7979893,727
1rbaka1r1/9/1cn1b1nc1/p1p1p3p/6p2/9/P1P1P1P1P/2N1CCN2/9/1RBAKABR1 w,-0.79720217,5087
1rbaka1r1/9/1cn1b1nc1/p1p1p3p/6p2/2P6/P3P1P1P/2N1CCN2/9/1RBAKABR1 b,0.79784644,1765
1rbaka1r1/9/2n1b1nc1/p1p1p3p/6p2/2P6/Pc2P1P1P/2N1CCN2/9/1RBAKABR1 w,-0.795294,5898
1rbaka1r1/9/2n1b1nc1/p1p1p3p/6p2/2PN5/Pc2P1P1P/4CCN2/9/1RBAKABR1 b,0.79362494,2311
1rbaka1r1/9/2n1b1n2/p1p1p3p/6p2/2PN5/Pc2P1PcP/4CCN2/9/1RBAKABR1 w,-0.79214644,6143
1rbaka1r1/9/2n1bCn2/p1p1p3p/6p2/2PN5/Pc2P1PcP/4C1N2/9/1RBAKABR1 b,0.7910976,1986
1rbakabr1/9/2n2Cn2/p1p1p3p/6p2/2PN5/Pc2P1PcP/4C1N2/9/1RBAKABR1 w,-0.7835997,4351
1rbakabr1/9/2n2Cn2/p1p1N3p/6p2/2P6/Pc2P1PcP/4C1N2/9/1RBAKABR1 b,0.795234,1831
1rbakabr1/9/5Cn2/p1p1n3p/6p2/2P6/Pc2P1PcP/4C1N2/9/1RBAKABR1 w,-0.7947467,6061
1rbakabr1/9/5Cn2/p1p1C3p/6p2/2P6/Pc2P1PcP/6N2/9/1RBAKABR1 b,0.8090672,109
2bakabr1/9/1r3Cn2/p1p1C3p/6p2/2P6/Pc2P1PcP/6N2/9/1RBAKABR1 w,-0.798073,2839
2bakabr1/9/1r3Cn2/p1p5p/6p2/2P1C4/Pc2P1PcP/6N2/9/1RBAKABR1 b,0.8016352,1733
2bakabr1/9/5rn2/p1p5p/6p2/2P1C4/Pc2P1PcP/6N2/9/1RBAKABR1 w,-0.79034656,7435
2bakabr1/9/5rn2/p1p5p/6p2/2P1C4/PR2P1PcP/6N2/9/2BAKABR1 b,0.7944719,2201
2bakabr1/9/5r3/p1p5p/5np2/2P1C4/PR2P1PcP/6N2/9/2BAKABR1 w,-0.78657085,4987
2bakabr1/9/5r3/p1p5p/1R3np2/2P1C4/P3P1PcP/6N2/9/2BAKABR1 b,0.7905017,3750
2bakabr1/9/5r3/p1p5p/1R4p2/2P1C4/P3P1ncP/6N2/9/2BAKABR1 w,-0.78179973,3372
2bakabr1/9/5r3/p1p5p/6R2/2P1C4/P3P1ncP/6N2/9/2BAKABR1 b,0.7945504,5449
2bakabr1/9/5r3/p1p5p/6R2/2P1n4/P3P2cP/6N2/9/2BAKABR1 w,-0.7942226,5269
2bakabr1/9/5r3/p1p5p/6R2/2P1P4/P6cP/6N2/9/2BAKABR1 b,0.80047536,5560
2bakabr1/9/5r3/p1p5p/6R2/2P1P4/P7P/6Nc1/9/2BAKABR1 w,-0.7911833,7999
2bakabr1/9/5r3/p1p5p/6R2/2P1P4/P7P/6Nc1/7R1/2BAKAB2 b,0.80190843,2138
2bakabr1/9/9/p1p5p/6R2/2P1P4/P7P/5rNc1/7R1/2BAKAB2 w,-0.7996747,3813
2bakabr1/9/9/p1p3R1p/9/2P1P4/P7P/5rNc1/7R1/2BAKAB2 b,0.79980576,691
2bakab2/9/9/p1p3R1p/9/2P1P4/P6rP/5rNc1/7R1/2BAKAB2 w,-0.7855205,2976
2bakaR2/9/9/p1p5p/9/2P1P4/P6rP/5rNc1/7R1/2BAKAB2 b,0.7962795,5548
2bakaR2/9/9/p1p5p/9/2P1P4/P3r3P/5rNc1/7R1/2BAKAB2 w,-0.7735744,7636
2bakaR2/9/9/p1p5p/9/2P1P4/P3r3P/5rNc1/4A2R1/2B1KAB2 b,0.78663003,6361
2bakaR2/9/9/p1p5p/9/2P1P4/P3r2cP/5rN2/4A2R1/2B1KAB2 w,-0.73817426,7171
2bakaR2/9/9/p1p5p/9/2P1P4/P3r2RP/5rN2/4A4/2B1KAB2 b,0.7470046,5281
2bakaR2/9/9/p1p5p/9/2P1P4/P6rP/5rN2/4A4/2B1KAB2 w,-0.7393725,6908
2bakaR2/9/9/p1p5p/9/2P1P4/P6rP/5AN2/9/2B1KAB2 b,0.74941134,5544
2bakaR2/9/9/p1p5p/9/2P1P4/r7P/5AN2/9/2B1KAB2 w,-0.7382611,6260
2bakaR2/9/9/p1p5p/9/2P1PN3/r7P/5A3/9/2B1KAB2 b,0.7416152,4922
2bakaR2/9/9/p1p5p/9/2P1PN3/8r/5A3/9/2B1KAB2 w,-0.7325162,4543
2bakaR2/9/9/p1p5p/7N1/2P1P4/8r/5A3/9/2B1KAB2 b,0.7430233,5638
2bakaR2/9/9/p1p5p/7N1/2P1P4/4r4/5A3/9/2B1KAB2 w,-0.7436466,6196
2bakaR2/9/9/p1p5p/7N1/2P1P4/4r4/9/4A4/2B1KAB2 b,0.7568862,5269
2bakaR2/9/9/p1p5p/7N1/2P1r4/9/9/4A4/2B1KAB2 w,-0.7556972,3902
2bakaR2/9/9/p1p2N2p/9/2P1r4/9/9/4A4/2B1KAB2 b,0.7509964,4457
2bakaR2/9/9/p1p2N2p/9/2r6/9/9/4A4/2B1KAB2 w,-0.73233545,7897
2bakaR2/9/9/p1p2N2p/9/2r6/9/4B4/4A4/2B1KA3 b,0.74881303,4278
2bakaR2/9/9/p1p2N2p/9/3r5/9/4B4/4A4/2B1KA3 w,-0.7274407,2895
2bakaR2/6N2/9/p1p5p/9/3r5/9/4B4/4A4/2B1KA3 b,0.7254415,373
2ba1aR2/4k1N2/9/p1p5p/9/3r5/9/4B4/4A4/2B1KA3 w,-0.7201732,545
2ba1R3/4k1N2/9/p1p5p/9/3r5/9/4B4/4A4/2B1KA3 b,0.73035043,4350
2ba1R3/4k1N2/9/p1pr4p/9/9/9/4B4/4A4/2B1KA3 w,-0.71734446,1382
2ba1R3/4k4/9/p1pr1N2p/9/9/9/4B4/4A4/2B1KA3 b,0.71788,1182
2ba1R3/3k5/9/p1pr1N2p/9/9/9/4B4/4A4/2B1KA3 w,-0.714741,464
2ba5/3k1R3/9/p1pr1N2p/9/9/9/4B4/4A4/2B1KA3 b,0.70904344,283
2b6/3kaR3/9/p1pr1N2p/9/9/9/4B4/4A4/2B1KA3 w,-0.7037199,1273
2b6/3kR4/9/p1pr1N2p/9/9/9/4B4/4A4/2B1KA3 b,0.7066378,1083
2bk5/4R4/9/p1pr1N2p/9/9/9/4B4/4A4/2B1KA3 w,-0.69641054,2905
2bk5/4R4/7N1/p1pr4p/9/9/9/4B4/4A4/2B1KA3 b,0.71251345,2721
2bk5/4R4/3r3N1/p1p5p/9/9/9/4B4/4A4/2B1KA3 w,-0.7038883,2264
2bk5/4RN3/3r5/p1p5p/9/9/9/4B4/4A4/2B1KA3 b,0.70896906,1913
2bk5/4RN3/5r3/p1p5p/9/9/9/4B4/4A4/2B1KA3 w,-0.7009717,1179
2bk5/R4N3/5r3/p1p5p/9/9/9/4B4/4A4/2B1KA3 b,0.71458894,274
2b1k4/R4N3/5r3/p1p5p/9/9/9/4B4/4A4/2B1KA3 w,-0.6917489,822
2b1k4/3R1N3/5r3/p1p5p/9/9/9/4B4/4A4/2B1KA3 b,0.6982355,2092
2b1k4/3R1N3/4r4/p1p5p/9/9/9/4B4/4A4/2B1KA3 w,-0.7000632,1281
2b1k4/3R5/3Nr4/p1p5p/9/9/9/4B4/4A4/2B1KA3 b,0.7183107,198
4k4/3R5/b2Nr4/p1p5p/9/9/9/4B4/4A4/2B1KA3 w,-0.70944494,1900
4k4/1N1R5/b3r4/p1p5p/9/9/9/4B4/4A4/2B1KA3 b,0.70832056,1999
4k4/1N1R5/br7/p1p5p/9/9/9/4B4/4A4/2B1KA3 w,-0.6976513,921
4k4/3R5/br1N5/p1p5p/9/9/9/4B4/4A4/2B1KA3 b,0.7037436,1730
4k4/3R5/b1rN5/p1p5p/9/9/9/4B4/4A4/2B1KA3 w,-0.67634314,7734
4k4/3R5/b1rN5/p1p5p/9/9/9/4B4/4A4/2BK1A3 b,0.6917505,1622
2b1k4/3R5/2rN5/p1p5p/9/9/9/4B4/4A4/2BK1A3 w,-0.67404747,6117
2b1k4/3R5/2rN5/p1p5p/9/9/9/9/4A4/2BK1AB2 b,0.68887573,198
4k4/3R5/b1rN5/p1p5p/9/9/9/9/4A4/2BK1AB2 w,-0.6685458,6908
4k4/3R5/b1rN5/p1p5p/9/9/9/5A3/9/2BK1AB2 b,0.69068784,2648
4k4/3R5/b1rN5/p7p/2p6/9/9/5A3/9/2BK1AB2 w,-0.69031817,1922
4k4/3R5/b1r6/p4N2p/2p6/9/9/5A3/9/2BK1AB2 b,0.7032561,1823
4k4/3R5/b4r3/p4N2p/2p6/9/9/5A3/9/2BK1AB2 w,-0.6949468,1110
4k4/9/b4r3/p2R1N2p/2p6/9/9/5A3/9/2BK1AB2 b,0.7043025,3467
4k4/9/b4r3/p2R1N2p/9/2p6/9/5A3/9/2BK1AB2 w,-0.69641405,2901
4k4/9/b2N1r3/p2R4p/9/2p6/9/5A3/9/2BK1AB2 b,0.7112187,365
5k3/9/b2N1r3/p2R4p/9/2p6/9/5A3/9/2BK1AB2 w,-0.7021813,1900
5k3/1N7/b4r3/p2R4p/9/2p6/9/5A3/9/2BK1AB2 b,0.71807563,3194
5k3/1N7/b4r3/p2R5/8p/2p6/9/5A3/9/2BK1AB2 w,-0.70688385,2739
5k3/1N7/b4r3/p8/3R4p/2p6/9/5A3/9/2BK1AB2 b,0.7285468,4013
5k3/1N7/b4r3/p8/3R5/2p5p/9/5A3/9/2BK1AB2 w,-0.72081244,903
3N1k3/9/b4r3/p8/3R5/2p5p/9/5A3/9/2BK1AB2 b,0.71119165,2138
3N1k3/9/b8/p8/3R5/2p5p/9/5r3/9/2BK1AB2 w,-0.7105037,7816
3N1k3/9/b8/p8/3R5/2p5p/9/5r3/4A4/2BK2B2 b,0.7292674,6143
3N1k3/9/b4r3/p8/3R5/2p5p/9/9/4A4/2BK2B2 w,-0.7290936,280
5k3/1N7/b4r3/p8/3R5/2p5p/9/9/4A4/2BK2B2 b,0.7445298,464
9/1N3k3/b4r3/p8/3R5/2p5p/9/9/4A4/2BK2B2 w,-0.72685695,929
9/5k3/b4r3/p1N6/3R5/2p5p/9/9/4A4/2BK2B2 b,0.71944064,2090
9/5k3/b1r6/p1N6/3R5/2p5p/9/9/4A4/2BK2B2 w,-0.712546,2650
9/5k3/b1r6/p8/3RN4/2p5p/9/9/4A4/2BK2B2 b,0.7174405,4286
9/5k3/b1r6/p8/3RN4/8p/2p6/9/4A4/2BK2B2 w,-0.7221914,3540
9/5k3/b1r6/p2R5/4N4/8p/2p6/9/4A4/2BK2B2 b,0.71619993,5105
9/5k3/b1r6/p2R5/4N4/8p/9/2p6/4A4/2BK2B2 w,-0.715159,7897
9/5k3/b1r6/p2R5/4N4/8p/9/2p1B4/4A4/2BK5 b,0.71161664,5924
9/5k3/b1r6/p2R5/4N4/8p/9/4B4/2p1A4/2BK5 w,-0.70572466,3633
9/5k3/b1r6/p2R2N2/9/8p/9/4B4/2p1A4/2BK5 b,0.72834164,1824
9/5k3/b5r2/p2R2N2/9/8p/9/4B4/2p1A4/2BK5 w,-0.7321237,3010
9/5k3/b5r2/p2R5/4N4/8p/9/4B4/2p1A4/2BK5 b,0.7333759,2182
9/5k3/b3r4/p2R5/4N4/8p/9/4B4/2p1A4/2BK5 w,-0.7296178,3651
9/5k3/b3r4/p2R5/9/6N1p/9/4B4/2p1A4/2BK5 b,0.7523702,2005
9/5k3/b6r1/p2R5/9/6N1p/9/4B4/2p1A4/2BK5 w,-0.7400575,4624
9/5k3/b6r1/p2R3N1/9/8p/9/4B4/2p1A4/2BK5 b,0.73668516,4832
9/5k3/b6r1/p2R3N1/9/9/8p/4B4/2p1A4/2BK5 w,-0.72302353,2729
9/5k3/b6r1/p1R4N1/9/9/8p/4B4/2p1A4/2BK5 b,0.7521318,2466
9/5k3/b6r1/2R4N1/p8/9/8p/4B4/2p1A4/2BK5 w,-0.73593855,2640
9/5k3/b6r1/3R3N1/p8/9/8p/4B4/2p1A4/2BK5 b,0.75098246,1273
9/4k4/b6r1/3R3N1/p8/9/8p/4B4/2p1A4/2BK5 w,-0.7282259,2729
9/4k4/b6r1/2R4N1/p8/9/8p/4B4/2p1A4/2BK5 b,0.7525405,1174
4k4/9/b6r1/2R4N1/p8/9/8p/4B4/2p1A4/2BK5 w,-0.7340082,7533
4k4/9/b6r1/2R4N1/p8/9/8p/B3B4/2p1A4/3K5 b,0.7490013,2271
4k4/9/b2r5/2R4N1/p8/9/8p/B3B4/2p1A4/3K5 w,-0.7517598,7645
4k4/9/b2r5/2R4N1/p8/9/8p/B3B4/2p1A4/4K4 b,0.75973594,6735
4k4/9/b2r5/2R4N1/p8/9/8p/B3B4/3pA4/4K4 w,-0.7643218,2641
4k4/9/b2r5/4R2N1/p8/9/8p/B3B4/3pA4/4K4 b,0.76324916,363
3k5/9/b2r5/4R2N1/p8/9/8p/B3B4/3pA4/4K4 w,-0.76135594,3101
3k5/9/b2r5/4R4/p4N3/9/8p/B3B4/3pA4/4K4 b,0.7691221,3285
3k5/9/b2r5/4R4/5N3/p8/8p/B3B4/3pA4/4K4 w,-0.7603966,2820
3k5/9/b2r5/3R5/5N3/p8/8p/B3B4/3pA4/4K4 b,0.76717794,1920
3k5/9/b8/3r5/5N3/p8/8p/B3B4/3pA4/4K4 w,-0.7673503,3720
3k5/9/b8/3N5/9/p8/8p/B3B4/3pA4/4K4 b,0.7689098,4104
3k5/9/b8/3N5/9/9/p7p/B3B4/3pA4/4K4 w,-0.7656988,2737
3k5/9/b8/9/1N7/9/p7p/B3B4/3pA4/4K4 b,0.7657677,4923
3k5/9/b8/9/1N7/9/8p/p3B4/3pA4/4K4 w,-0.7539298,3386
3k5/9/b8/9/9/9/2N5p/p3B4/3pA4/4K4 b,0.74455357,6826
3k5/9/b8/9/9/9/2N5p/p3B4/4p4/4K4 w,-0.7478544,7726
3k5/9/b8/9/9/9/2N5p/p3B4/4K4/9 b,0.7491394,5734
3k5/9/b8/9/9/9/2N5p/1p2B4/4K4/9 w,-0.7499153,5079
3k5/9/b8/9/3N5/9/8p/1p2B4/4K4/9 b,0.75528574,1658
3k5/9/9/9/2bN5/9/8p/1p2B4/4K4/9 w,-0.74874216,6077
3k5/9/9/9/2bN5/2B6/8p/1p7/4K4/9 b,0.7631611,5641
3k5/9/9/9/2bN5/2B6/7p1/1p7/4K4/9 w,-0.7554618,3560
3k5/9/9/9/2b6/2B2N3/7p1/1p7/4K4/9 b,0.76427495,5550
3k5/9/9/9/2b6/2B2N3/6p2/1p7/4K4/9 w,-0.7558616,4557
3k5/9/9/9/2b6/2B6/3N2p2/1p7/4K4/9 b,0.7620892,5825
3k5/9/9/9/2b6/2B6/3N2p2/2p6/4K4/9 w,-0.75918996,5168
3k5/9/9/9/2N6/2B6/6p2/2p6/4K4/9 b,0.7657413,5916
3k5/9/9/9/2N6/2B6/6p2/3p5/4K4/9 w,-0.7597422,6925
3k5/9/9/9/2N6/2B6/6p2/3p5/9/4K4 b,0.7744314,5469
3k5/9/9/9/2N6/2B6/9/3p2p2/9/4K4 w,-0.7729543,3469
3k5/9/9/9/9/2B1N4/9/3p2p2/9/4K4 b,0.7789329,6015
3k5/9/9/9/9/2B1N4/9/6p2/3p5/4K4 w,-0.76409125,4466
3k5/9/9/9/9/2B6/2N6/6p2/3p5/4K4 b,0.773138,6824
3k5/9/9/9/9/2B6/2N6/6p2/2p6/4K4 w,-0.75874597,7736
3k5/9/9/9/9/2B6/2N6/6p2/2p6/5K3 b,0.7596349,6278
3k5/9/9/9/9/2B6/2N6/5p3/2p6/5K3 w,-0.74957407,5089
3k5/9/9/9/9/2B1N4/9/5p3/2p6/5K3 b,0.7605202,6189
3k5/9/9/9/9/2B1N4/9/6p2/2p6/5K3 w,-0.7544828,4442
3k5/9/9/5N3/9/2B6/9/6p2/2p6/5K3 b,0.76389784,6288
3k5/9/9/5N3/9/2B6/9/9/2p3p2/5K3 w,-0.7637161,2919
3k5/9/9/9/3N5/2B6/9/9/2p3p2/5K3 b,0.8152775,6735
3k5/9/9/9/3N5/2B6/9/9/3p2p2/5K3 w,-0.80922484,3532
3k5/9/4N4/9/9/2B6/9/9/3p2p2/5K3 b,0.82316023,274
4k4/9/4N4/9/9/2B6/9/9/3p2p2/5K3 w,-0.82153785,1991
4k4/2N6/9/9/9/2B6/9/9/3p2p2/5K3 b,0.8385798,363
3k5/2N6/9/9/9/2B6/9/9/3p2p2/5K3 w,-0.8163064,7825
3k5/2N6/9/9/9/2B6/9/9/3p2p2/4K4 b,0.8471276,7097
3k5/2N6/9/9/9/2B6/9/9/3p1p3/4K4 w,-0.85342264,1012
3k5/9/4N4/9/9/2B6/9/9/3p1p3/4K4 b,0.8933074,282
9/3k5/4N4/9/9/2B6/9/9/3p1p3/4K4 w,-0.8992144,2009
9/3k5/9/2N6/9/2B6/9/9/3p1p3/4K4 b,0.9509671,1083
3k5/9/9/2N6/9/2B6/9/9/3p1p3/4K4 w,-0.9406589,2658
3k5/9/9/9/9/2BN5/9/9/3p1p3/4K4 b,0.96926576,7006
3k5/9/9/9/9/2BN5/9/9/3pp4/4K4 w,-0.9705582,7736
3k5/9/9/9/9/2BN5/9/9/3pp4/5K3 b,0.97806835,6834
3k5/9/9/9/9/2BN5/9/9/4p4/3p1K3 w,-0.98315644,4387
3k5/9/9/9/9/2B6/9/4N4/4p4/3p1K3 b,1,7645
rnbakabnr/9/1c5c1/p1p1p1p1p/9/9/P1P1P1P1P/1C5C1/9/RNBAKABNR w,0.0017991782,5827
rnbakabnr/9/1c5c1/p1p1p1p1p/9/9/P1P1P1P1P/4C2C1/9/RNBAKABNR b,-0.0017956257,110
r1bakabnr/9/1cn4c1/p1p1p1p1p/9/9/P1P1P1P1P/4C2C1/9/RNBAKABNR w,0.0018176556,7445
r1bakabnr/9/1cn4c1/p1p1p1p1p/9/9/P1P1P1P1P/2N1C2C1/9/R1BAKABNR b,-0.0018089175,562
r1baka1nr/9/1cn1b2c1/p1p1p1p1p/9/9/P1P1P1P1P/2N1C2C1/9/R1BAKABNR w,0.0019465685,7372
r1baka1nr/9/1cn1b2c1/p1p1p1p1p/9/9/P1P1P1P1P/2N1C2C1/9/1RBAKABNR b,-0.0017779947,1
1rbaka1nr/9/1cn1b2c1/p1p1p1p1p/9/9/P1P1P1P1P/2N1C2C1/9/1RBAKABNR w,0.0016990424,6368
1rbaka1nr/9/1cn1b2c1/p1p1p1p1p/9/9/P1P1P1P1P/2N1CC3/9/1RBAKABNR b,-0.0012789011,654
1rbaka2r/9/1cn1b1nc1/p1p1p1p1p/9/9/P1P1P1P1P/2N1CC3/9/1RBAKABNR w,0.0015865564,7989
1rbaka2r/9/1cn1b1nc1/p1p1p1p1p/9/9/P1P1P1P1P/2N1CCN2/9/1RBAKAB1R b,-0.0013876081,3012
1rbaka2r/9/1cn1b1nc1/p1p1p3p/6p2/9/P1P1P1P1P/2N1CCN2/9/1RBAKAB1R w,0.0018723011,8098
1rbaka2r/9/1cn1b1nc1/p1p1p3p/6p2/9/P1P1P1P1P/2N1CCN2/9/1RBAKABR1 b,-0.0019925595,727
1rbaka1r1/9/1cn1b1nc1/p1p1p3p/6p2/9/P1P1P1P1P/2N1CCN2/9/1RBAKABR1 w,0.0027978183,5087
1rbaka1r1/9/1cn1b1nc1/p1p1p3p/6p2/2P6/P3P1P1P/2N1CCN2/9/1RBAKABR1 b,-0.00222553,1765
1rbaka1r1/9/2n1b1nc1/p1p1p3p/6p2/2P6/Pc2P1P1P/2N1CCN2/9/1RBAKABR1 w,0.0047060014,5898
1rbaka1r1/9/2n1b1nc1/p1p1p3p/6p2/2PN5/Pc2P1P1P/4CCN2/9/1RBAKABR1 b,-0.0065127374,2311
1rbaka1r1/9/2n1b1n2/p1p1p3p/6p2/2PN5/Pc2P1PcP/4CCN2/9/1RBAKABR1 w,0.0073729516,6143
1rbaka1r1/9/2n1bCn2/p1p1p3p/6p2/2PN5/Pc2P1PcP/4C1N2/9/1RBAKABR1 b,-0.008902455,1986
1rbakabr1/9/2n2Cn2/p1p1p3p/6p2/2PN5/Pc2P1PcP/4C1N2/9/1RBAKABR1 w,0.01849935,4351
1rbakabr1/9/2n2Cn2/p1p1N3p/6p2/2P6/Pc2P1PcP/4C1N2/9/1RBAKABR1 b,-0.0047562006,1831
1rbakabr1/9/5Cn2/p1p1n3p/6p2/2P6/Pc2P1PcP/4C1N2/9/1RBAKABR1 w,0.005030632,6061
1rbakabr1/9/5Cn2/p1p1C3p/6p2/2P6/Pc2P1PcP/6N2/9/1RBAKABR1 b,0.009483027,109
2bakabr1/9/1r3Cn2/p1p1C3p/6p2/2P6/Pc2P1PcP/6N2/9/1RBAKABR1 w,0.0020567894,2839
2bakabr1/9/1r3Cn2/p1p5p/6p2/2P1C4/Pc2P1PcP/6N2/9/1RBAKABR1 b,0.0015599013,1733
2bakabr1/9/5rn2/p1p5p/6p2/2P1C4/Pc2P1PcP/6N2/9/1RBAKABR1 w,0.009653449,7435
2bakabr1/9/5rn2/p1p5p/6p2/2P1C4/PR2P1PcP/6N2/9/2BAKABR1 b,-0.0064601423,2201
2bakabr1/9/5r3/p1p5p/5np2/2P1C4/PR2P1PcP/6N2/9/2BAKABR1 w,0.013608599,4987
2bakabr1/9/5r3/p1p5p/1R3np2/2P1C4/P3P1PcP/6N2/9/2BAKABR1 b,-0.008278799,3750
2bakabr1/9/5r3/p1p5p/1R4p2/2P1C4/P3P1ncP/6N2/9/2BAKABR1 w,0.019294335,3372
2bakabr1/9/5r3/p1p5p/6R2/2P1C4/P3P1ncP/6N2/9/2BAKABR1 b,-0.005569172,5449
2bakabr1/9/5r3/p1p5p/6R2/2P1n4/P3P2cP/6N2/9/2BAKABR1 w,0.0058068037,5269
2bakabr1/9/5r3/p1p5p/6R2/2P1P4/P6cP/6N2/9/2BAKABR1 b,0.00039632322,5560
2bakabr1/9/5r3/p1p5p/6R2/2P1P4/P7P/6Nc1/9/2BAKABR1 w,0.009037495,7999
2bakabr1/9/5r3/p1p5p/6R2/2P1P4/P7P/6Nc1/7R1/2BAKAB2 b,0.0019081592,2138
2bakabr1/9/9/p1p5p/6R2/2P1P4/P7P/5rNc1/7R1/2BAKAB2 w,0.011114955,7897
2bakabr1/9/9/p1p5p/6R2/2P1P4/P7P/4BrNc1/7R1/2BAKA3 b,-0.0037385821,562
2baka1r1/9/4b4/p1p5p/6R2/2P1P4/P7P/4BrNc1/7R1/2BAKA3 w,0.014848518,3840
2baka1r1/9/4b4/p1p5p/9/2P1P4/P5R1P/4BrNc1/7R1/2BAKA3 b,-0.0058876993,6170
2baka1r1/9/4b4/p1p5p/9/2P1Pr3/P5R1P/4B1Nc1/7R1/2BAKA3 w,0.023040533,5458
2baka1r1/9/4b4/p1p5p/9/2P1Pr3/P3R3P/4B1Nc1/7R1/2BAKA3 b,-0.0111013055,4541
2baka1r1/9/4b4/p1p5p/5r3/2P1P4/P3R3P/4B1Nc1/7R1/2BAKA3 w,0.021719575,4450
2baka1r1/9/4b4/p1p5p/4Pr3/2P6/P3R3P/4B1Nc1/7R1/2BAKA3 b,-0.0036642791,3758
2baka1r1/9/4b4/p1p5p/4P4/2P6/P3R3P/4BrNc1/7R1/2BAKA3 w,0.018788075,5280
2baka1r1/9/4b4/p1p5p/4P4/2P6/P5R1P/4BrNc1/7R1/2BAKA3 b,-0.0042893887,682
2baka3/9/4b4/p1p5p/4P4/2P4r1/P5R1P/4BrNc1/7R1/2BAKA3 w,0.035569645,7636
2baka3/9/4b4/p1p5p/4P4/2P4r1/P5R1P/4BrNc1/4A2R1/2B1KA3 b,-0.01890849,6134
2baka3/5r3/4b4/p1p5p/4P4/2P4r1/P5R1P/4B1Nc1/4A2R1/2B1KA3 w,0.032164812,6268
2baka3/5r3/4b4/p1p5p/4P4/2P4r1/P3N1R1P/4B2c1/4A2R1/2B1KA3 b,-0.024125779,1292
2baka3/9/4b4/p1p2r2p/4P4/2P4r1/P3N1R1P/4B2c1/4A2R1/2B1KA3 w,0.037206173,5271
2baka3/9/4b4/p1p2r2p/4P4/2P3Nr1/P5R1P/4B2c1/4A2R1/2B1KA3 b,-0.03652538,2913
2baka3/9/4b4/p1p3r1p/4P4/2P3Nr1/P5R1P/4B2c1/4A2R1/2B1KA3 w,0.05886314,5458
2baka3/9/4b4/p1p3r1p/4P4/2P3Nr1/P3R3P/4B2c1/4A2R1/2B1KA3 b,-0.05175486,4731
2baka3/9/4b4/p1p3r1p/4P4/2P3r2/P3R3P/4B2c1/4A2R1/2B1KA3 w,0.077672295,6081
2baka3/9/4b4/p1p3r1p/4P4/2P3B2/P3R3P/7c1/4A2R1/2B1KA3 b,-0.056779027,6369
2baka3/9/4b4/p1p3r1p/4P4/2P3B2/P3R3P/6c2/4A2R1/2B1KA3 w,0.060778905,7188
2baka3/9/4b4/p1p3r1p/4P4/2P3B2/P3R3P/6c2/4A1R2/2B1KA3 b,-0.05841714,6281
2baka3/9/4b4/p1p3r1p/4P4/2P3B2/P3R3P/8c/4A1R2/2B1KA3 w,0.0710875,7537
2baka3/9/4b4/p1p3r1p/4P4/2P3B2/P3R3P/4B3c/4A1R2/4KA3 b,-0.049638916,3194
2baka3/9/4b4/p1p3r2/4P3p/2P3B2/P3R3P/4B3c/4A1R2/4KA3 w,0.07768545,3641
2baka3/9/4b4/p1p3r2/5P2p/2P3B2/P3R3P/4B3c/4A1R2/4KA3 b,-0.06523619,6479
2baka3/9/4b4/p1p3r2/5P2p/2P3B2/P3R3P/4B4/4A1R2/4KA2c w,0.074991606,6117
2baka3/9/4b4/p1p3r2/5P2p/2P3B2/P3R3P/9/4A1R2/4KAB1c b,-0.075857736,3004
2baka3/9/4b4/p1p4r1/5P2p/2P3B2/P3R3P/9/4A1R2/4KAB1c w,0.073859766,7100
2baka3/9/4b4/p1p4r1/5P2p/2P3B2/P3R3P/9/4A3R/4KAB1c b,-0.06827698,8098
2baka3/9/4b4/p1p4r1/5P2p/2P3B2/P3R3P/9/4A3R/4KABc1 w,0.07277715,7271
2baka3/9/4b4/p1p4r1/5P2p/2P3B2/P3R3P/8R/4A4/4KABc1 b,-0.06360554,7990
2baka3/9/4b4/p1p4r1/5P2p/2P3B2/P3R3P/7cR/4A4/4KAB2 w,0.08855069,5633
2baka3/9/4b4/p1p4r1/5P2p/2P3B1P/P3R4/7cR/4A4/4KAB2 b,-0.06794375,4013
2baka3/9/4b4/p1p4r1/5P3/2P3B1p/P3R4/7cR/4A4/4KAB2 w,0.07561584,6443
2baka3/9/4b4/p1p4r1/5P3/2P3B1R/P3R4/7c1/4A4/4KAB2 b,-0.06267402,6363
2baka3/9/4b4/p1p4r1/5P3/2P3B1R/P3R4/c8/4A4/4KAB2 w,0.093232036,4841
2baka3/9/4b4/p1p4r1/5P3/2P3B2/P3R4/c7R/4A4/4KAB2 b,-0.06929081,5751
2baka3/9/4b4/p1p4r1/5P3/2P3B2/P3R4/8R/4A4/c3KAB2 w,0.07274053,5275
2baka3/9/4b4/p1p4r1/5P3/2P3B2/PR7/8R/4A4/c3KAB2 b,-0.052347112,3090
2baka3/9/4b4/p1pr5/5P3/2P3B2/PR7/8R/4A4/c3KAB2 w,0.06408878,6453
2baka3/9/4b4/p1pr5/5P3/2P3B2/PR7/R8/4A4/c3KAB2 b,-0.07079082,7373
2baka3/9/4b4/p1pr5/5P3/2P3B2/PR7/R8/4A4/2c1KAB2 w,0.07776969,5737
2baka3/9/4b4/p1pr5/5P3/2P3B2/PR7/4R4/4A4/2c1KAB2 b,-0.05035783,7551
2baka3/9/4b4/p1pr5/5P3/2P3B2/PR7/4R4/4A4/c3KAB2 w,0.056738902,5008
2baka3/9/4b4/p1pr5/5P3/2P3B2/P3R4/4R4/4A4/c3KAB2 b,-0.023825347,2739
2baka3/9/4b4/p1p6/3r1P3/2P3B2/P3R4/4R4/4A4/c3KAB2 w,0.02634859,6906
2baka3/9/4b4/p1p6/3r1P3/2P3B2/P3R4/3AR4/9/c3KAB2 b,-0.00919112,3551
2baka3/9/4b4/p1p6/5r3/2P3B2/P3R4/3AR4/9/c3KAB2 w,0.02065537,7726
2baka3/9/4b4/p1p6/5r3/2P3B2/P3R4/3AR4/4K4/c4AB2 b,-0.005769408,3776
2baka3/9/4b4/p1p6/9/2P3B2/P3R4/3AR4/4K4/c4rB2 w,0.00301795,5269
2baka3/9/4b4/p1p6/9/2P1R1B2/P8/3AR4/4K4/c4rB2 b,-0.003474498,7377
2baka3/9/4b4/p1p6/9/2P1R1B2/P8/3AR4/4K4/5rc2 w,0.0009365797,4458
2baka3/9/4b4/p1p6/9/2PR2B2/P8/3AR4/4K4/5rc2 b,-0.002454412,463
2bak4/4a4/4b4/p1p6/9/2PR2B2/P8/3AR4/4K4/5rc2 w,0.0057789567,4661
2bak4/4a4/4b4/p1p6/9/2PR5/P8/3AR3B/4K4/5rc2 b,-0.000022649765,7872
2bak4/4a4/4b4/p1p6/6c2/2PR5/P8/3AR3B/4K4/5r3 w,-0.00041068794,4371
2bak4/4a4/4b4/p1p6/6c2/2P3R2/P8/3AR3B/4K4/5r3 b,0.0033483745,3817
2bak4/4a4/4b4/p1p6/1c7/2P3R2/P8/3AR3B/4K4/5r3 w,0.008043003,4642
2bak4/4a4/4b4/p1p6/1c7/2P4R1/P8/3AR3B/4K4/5r3 b,-0.001851666,1175
2baka3/9/4b4/p1p6/1c7/2P4R1/P8/3AR3B/4K4/5r3 w,0.007375765,4733
2baka3/9/4b4/p1p6/1c7/2P5R/P8/3AR3B/4K4/5r3 b,0.014863396,3340
2baka3/1c7/4b4/p1p6/9/2P5R/P8/3AR3B/4K4/5r3 w,-0.0029761554,6915
2baka3/1c7/4b4/p1p6/9/2P5R/P8/3AR3B/3K5/5r3 b,0.01089704,913
2baka3/4c4/4b4/p1p6/9/2P5R/P8/3AR3B/3K5/5r3 w,-0.0020034313,6099
2baka3/4c4/4b4/p1p6/9/2P5R/P8/3A2R1B/3K5/5r3 b,0.0015727043,7817
2baka3/4c4/4b4/p1p6/9/2P5R/P8/3A2R1B/3K1r3/9 w,-0.0049666762,6834
2baka3/4c4/4b4/p1p6/9/2P5R/P8/3A2R1B/5r3/3K5 b,0.016226435,6989
2baka3/4c4/4b4/p1p6/9/2P5R/P4r3/3A2R1B/9/3K5 w,0.0038203,4787
2baka3/4c3R/4b4/p1p6/9/2P6/P4r3/3A2R1B/9/3K5 b,-0.0012197972,5364
2baka3/4c3R/4b4/p1p6/9/2P6/r8/3A2R1B/9/3K5 w,0.0083336355,1544
2baka3/4cR3/4b4/p1p6/9/2P6/r8/3A2R1B/9/3K5 b,0.0061787367,4917
2baka3/4cR3/4b4/p1p6/9/2P6/3r5/3A2R1B/9/3K5 w,0.0032210113,7635
2baka3/4cR3/4b4/p1p6/9/2P6/3r5/3A2R1B/3K5/9 b,0.0075397254,1182
2baka3/3c1R3/4b4/p1p6/9/2P6/3r5/3A2R1B/3K5/9 w,-0.0038745522,6826
2baka3/3c1R3/4b4/p1p6/9/2P6/3r5/3A2R1B/4K4/9 b,0.007224274,283
2b1ka3/3caR3/4b4/p1p6/9/2P6/3r5/3A2R1B/4K4/9 w,-0.003968883,1292
2b1ka3/3ca4/4b4/p1p2R3/9/2P6/3r5/3A2R1B/4K4/9 b,0.004890108,5188
2b1ka3/3ca4/4b4/p1p2R3/9/2P6/4r4/3A2R1B/4K4/9 w,0.008293152,6277
2b1ka3/3ca4/4b4/p1p2R3/9/2P6/4r4/3AR3B/4K4/9 b,0.0004209757,5287
2b1ka3/3ca4/4b4/p1p2R3/9/2P6/9/3Ar3B/4K4/9 w,0.009157538,6907
2b1ka3/3ca4/4b4/p1p2R3/9/2P6/9/3AK3B/9/9 b,-0.011870528,2466
2b1ka3/3ca4/4b4/2p2R3/p8/2P6/9/3AK3B/9/9 w,0.012068534,2909
2b1ka3/3ca4/4b4/2R6/p8/2P6/9/3AK3B/9/9 b,-0.004982829,1083
2bcka3/4a4/4b4/2R6/p8/2P6/9/3AK3B/9/9 w,0.009265447,2637
2bcka3/4a4/4b4/R8/p8/2P6/9/3AK3B/9/9 b,-0.008430028,1191
2bcka3/9/3ab4/R8/p8/2P6/9/3AK3B/9/9 w,0.0105196005,2466
2bcka3/9/3ab4/9/R8/2P6/9/3AK3B/9/9 b,-0.010987425,463
2bck4/4a4/3ab4/9/R8/2P6/9/3AK3B/9/9 w,0.013634634,6106
2bck4/4a4/3ab4/9/R8/2P6/9/3A4B/4K4/9 b,-0.008717179,1986
2bck1b2/4a4/3a5/9/R8/2P6/9/3A4B/4K4/9 w,0.011214304,3278
2bck1b2/4a4/3a5/9/2R6/2P6/9/3A4B/4K4/9 b,-0.010009766,202
3ck1b2/4a4/3ab4/9/2R6/2P6/9/3A4B/4K4/9 w,0.015676975,3431
3ck1b2/2R1a4/3ab4/9/9/2P6/9/3A4B/4K4/9 b,-0.009356702,365
3c1kb2/2R1a4/3ab4/9/9/2P6/9/3A4B/4K4/9 w,0.013231135,999
3c1kb2/R3a4/3ab4/9/9/2P6/9/3A4B/4K4/9 b,-0.008729386,274
4ckb2/R3a4/3ab4/9/9/2P6/9/3A4B/4K4/9 w,0.012380338,6915
4ckb2/R3a4/3ab4/9/9/2P6/9/3A4B/3K5/9 b,-0.006654966,1982
2b1ckb2/R3a4/3a5/9/9/2P6/9/3A4B/3K5/9 w,0.024823403,837
2b1ckb2/4a4/3a5/R8/9/2P6/9/3A4B/3K5/9 b,-0.010271633,363
2bc1kb2/4a4/3a5/R8/9/2P6/9/3A4B/3K5/9 w,0.018357325,2465
2bc1kb2/4a4/3a5/8R/9/2P6/9/3A4B/3K5/9 b,-0.009217215,454
2bck1b2/4a4/3a5/8R/9/2P6/9/3A4B/3K5/9 w,0.009286428,4268
2bck1b2/4a4/3a5/8R/2P6/9/9/3A4B/3K5/9 b,-0.009010101,202
3ck1b2/4a4/3ab4/8R/2P6/9/9/3A4B/3K5/9 w,0.010570741,6826
3ck1b2/4a4/3ab4/8R/2P6/9/9/3A4B/4K4/9 b,-0.007946515,2018
3ck1b2/4a4/3a5/8R/2b6/9/9/3A4B/4K4/9 w,0.0097018955,3178
3ck1b2/4a4/3a5/1R7/2b6/9/9/3A4B/4K4/9 b,-0.0064917803,562
3ck4/4a4/3ab4/1R7/2b6/9/9/3A4B/4K4/9 w,0.00751977,6477
3ck4/4a4/3ab4/1R7/2b6/9/9/3A5/4K4/6B2 b,-0.004019332,1982
2bck4/4a4/3a5/1R7/2b6/9/9/3A5/4K4/6B2 w,0.0109128235,2555
2bck4/4a4/3a5/8R/2b6/9/9/3A5/4K4/6B2 b,-0.0075520515,202
3ck4/4a4/3ab4/8R/2b6/9/9/3A5/4K4/6B2 w,0.0072732926,3181
3ck4/4a4/3ab4/4R4/2b6/9/9/3A5/4K4/6B2 b,-0.0036215305,1982
2bck4/4a4/3a5/4R4/2b6/9/9/3A5/4K4/6B2 w,0.0054976465,2830
2bck4/4a4/3a5/9/2b1R4/9/9/3A5/4K4/6B2 b,-0.0052226307,3442
2bck4/4a4/3ab4/9/4R4/9/9/3A5/4K4/6B2 w,0.00449307,3631
2bck4/4a4/3ab4/4R4/9/9/9/3A5/4K4/6B2 b,-0.003162718,1986
2bck1b2/4a4/3a5/4R4/9/9/9/3A5/4K4/6B2 w,0.009360099,2823
2bck1b2/4a4/3a5/6R2/9/9/9/3A5/4K4/6B2 b,-0.0056409477,202
3ck1b2/4a4/3ab4/6R2/9/9/9/3A5/4K4/6B2 w,0.0060117007,3001
3ck1b2/4a4/3ab4/4R4/9/9/9/3A5/4K4/6B2 b,-0.0037922026,1193
3ck1b2/9/3aba3/4R4/9/9/9/3A5/4K4/6B2 w,0.0065143825,2818
3ck1b2/9/3aba3/1R7/9/9/9/3A5/4K4/6B2 b,-0.0049227476,2083
3ck1b2/4a4/3ab4/1R7/9/9/9/3A5/4K4/6B2 w,0,2551
rnbakabnr/9/1c5c1/p1p1p1p1p/9/9/P1P1P1P1P/1C5C1/9/RNBAKABNR w,0.8017809,5827
rnbakabnr/9/1c5c1/p1p1p1p1p/9/9/P1P1P1P1P/4C2C1/9/RNBAKABNR b,-0.8017806,110
r1bakabnr/9/1cn4c1/p1p1p1p1p/9/9/P1P1P1P1P/4C2C1/9/RNBAKABNR w,0.80182487,7445
r1bakabnr/9/1cn4c1/p1p1p1p1p/9/9/P1P1P1P1P/2N1C2C1/9/R1BAKABNR b,-0.8018445,562
r1baka1nr/9/1cn1b2c1/p1p1p1p1p/9/9/P1P1P1P1P/2N1C2C1/9/R1BAKABNR w,0.8019635,7372
r1baka1nr/9/1cn1b2c1/p1p1p1p1p/9/9/P1P1P1P1P/2N1C2C1/9/1RBAKABNR b,-0.8017748,1
1rbaka1nr/9/1cn1b2c1/p1p1p1p1p/9/9/P1P1P1P1P/2N1C2C1/9/1RBAKABNR w,0.80169904,6368
1rbaka1nr/9/1cn1b2c1/p1p1p1p1p/9/9/P1P1P1P1P/2N1CC3/9/1RBAKABNR b,-0.80127186,654
1rbaka2r/9/1cn1b1nc1/p1p1p1p1p/9/9/P1P1P1P1P/2N1CC3/9/1RBAKABNR w,0.8016004,7989
1rbaka2r/9/1cn1b1nc1/p1p1p1p1p/9/9/P1P1P1P1P/2N1CCN2/9/1RBAKAB1R b,-0.8013876,3012
1rbaka2r/9/1cn1b1nc1/p1p1p3p/6p2/9/P1P1P1P1P/2N1CCN2/9/1RBAKAB1R w,0.80187565,8098
1rbaka2r/9/1cn1b1nc1/p1p1p3p/6p2/9/P1P1P1P1P/2N1CCN2/9/1RBAKABR1 b,-0.8020148,727
1rbaka1r1/9/1cn1b1nc1/p1p1p3p/6p2/9/P1P1P1P1P/2N1CCN2/9/1RBAKABR1 w,0.80255455,5087
1rbaka1r1/9/1cn1b1nc1/p1p1p3p/6p2/2P6/P3P1P1P/2N1CCN2/9/1RBAKABR1 b,-0.8022066,1765
1rbaka1r1/9/2n1b1nc1/p1p1p3p/6p2/2P6/Pc2P1P1P/2N1CCN2/9/1RBAKABR1 w,0.80514246,5898
1rbaka1r1/9/2n1b1nc1/p1p1p3p/6p2/2PN5/Pc2P1P1P/4CCN2/9/1RBAKABR1 b,-0.80647033,2311
1rbaka1r1/9/2n1b1n2/p1p1p3p/6p2/2PN5/Pc2P1PcP/4CCN2/9/1RBAKABR1 w,0.80788714,6143
1rbaka1r1/9/2n1bCn2/p1p1p3p/6p2/2PN5/Pc2P1PcP/4C1N2/9/1RBAKABR1 b,-0.8084572,1986
1rbakabr1/9/2n2Cn2/p1p1p3p/6p2/2PN5/Pc2P1PcP/4C1N2/9/1RBAKABR1 w,0.8184994,4351
1rbakabr1/9/2n2Cn2/p1p1N3p/6p2/2P6/Pc2P1PcP/4C1N2/9/1RBAKABR1 b,-0.8047812,1831
1rbakabr1/9/5Cn2/p1p1n3p/6p2/2P6/Pc2P1PcP/4C1N2/9/1RBAKABR1 w,0.8050499,6061
1rbakabr1/9/5Cn2/p1p1C3p/6p2/2P6/Pc2P1PcP/6N2/9/1RBAKABR1 b,-0.7908472,109
2bakabr1/9/1r3Cn2/p1p1C3p/6p2/2P6/Pc2P1PcP/6N2/9/1RBAKABR1 w,0.8022862,2839
2bakabr1/9/1r3Cn2/p1p5p/6p2/2P1C4/Pc2P1PcP/6N2/9/1RBAKABR1 b,-0.79826003,1733
2bakabr1/9/5rn2/p1p5p/6p2/2P1C4/Pc2P1PcP/6N2/9/1RBAKABR1 w,0.8096487,7435
2bakabr1/9/5rn2/p1p5p/6p2/2P1C4/PR2P1PcP/6N2/9/2BAKABR1 b,-0.8070279,2201
2bakabr1/9/5r3/p1p5p/5np2/2P1C4/PR2P1PcP/6N2/9/2BAKABR1 w,0.8140809,4987
2bakabr1/9/5r3/p1p5p/1R3np2/2P1C4/P3P1PcP/6N2/9/2BAKABR1 b,-0.80844927,3750
2bakabr1/9/5r3/p1p5p/1R4p2/2P1C4/P3P1ncP/6N2/9/2BAKABR1 w,0.81916374,3372
2bakabr1/9/5r3/p1p5p/6R2/2P1C4/P3P1ncP/6N2/9/2BAKABR1 b,-0.80545235,5449
2bakabr1/9/5r3/p1p5p/6R2/2P1n4/P3P2cP/6N2/9/2BAKABR1 w,0.8058394,5269
2bakabr1/9/5r3/p1p5p/6R2/2P1P4/P6cP/6N2/9/2BAKABR1 b,-0.79941744,5560
2bakabr1/9/5r3/p1p5p/6R2/2P1P4/P7P/6Nc1/9/2BAKABR1 w,0.80881673,7999
2bakabr1/9/5r3/p1p5p/6R2/2P1P4/P7P/6Nc1/7R1/2BAKAB2 b,-0.7986552,2138
2bakabr1/9/9/p1p5p/6R2/2P1P4/P7P/5rNc1/7R1/2BAKAB2 w,0.8007613,3813
2bakabr1/9/9/p1p3R1p/9/2P1P4/P7P/5rNc1/7R1/2BAKAB2 b,-0.80196935,691
2bakab2/9/9/p1p3R1p/9/2P1P4/P6rP/5rNc1/7R1/2BAKAB2 w,0.8139732,2976
2bakaR2/9/9/p1p5p/9/2P1P4/P6rP/5rNc1/7R1/2BAKAB2 b,-0.8037907,5548
2bakaR2/9/9/p1p5p/9/2P1P4/P3r3P/5rNc1/7R1/2BAKAB2 w,0.82691246,7636
2bakaR2/9/9/p1p5p/9/2P1P4/P3r3P/5rNc1/4A2R1/2B1KAB2 b,-0.81409544,6361
2bakaR2/9/9/p1p5p/9/2P1P4/P3r2cP/5rN2/4A2R1/2B1KAB2 w,0.8694124,7171
2bakaR2/9/9/p1p5p/9/2P1P4/P3r2RP/5rN2/4A4/2B1KAB2 b,-0.85274214,5281
2bakaR2/9/9/p1p5p/9/2P1P4/P6rP/5rN2/4A4/2B1KAB2 w,0.86079776,6908
2bakaR2/9/9/p1p5p/9/2P1P4/P6rP/5AN2/9/2B1KAB2 b,-0.8518819,5544
2bakaR2/9/9/p1p5p/9/2P1P4/r7P/5AN2/9/2B1KAB2 w,0.8616213,6260
2bakaR2/9/9/p1p5p/9/2P1PN3/r7P/5A3/9/2B1KAB2 b,-0.85757345,4922
2bakaR2/9/9/p1p5p/9/2P1PN3/8r/5A3/9/2B1KAB2 w,0.86783165,4543
2bakaR2/9/9/p1p5p/7N1/2P1P4/8r/5A3/9/2B1KAB2 b,-0.85733974,5638
2bakaR2/9/9/p1p5p/7N1/2P1P4/4r4/5A3/9/2B1KAB2 w,0.8569832,6196
2bakaR2/9/9/p1p5p/7N1/2P1P4/4r4/9/4A4/2B1KAB2 b,-0.8427609,5269
2bakaR2/9/9/p1p5p/7N1/2P1r4/9/9/4A4/2B1KAB2 w,0.8465783,3902
2bakaR2/9/9/p1p2N2p/9/2P1r4/9/9/4A4/2B1KAB2 b,-0.8494154,4457
2bakaR2/9/9/p1p2N2p/9/2r6/9/9/4A4/2B1KAB2 w,0.8678919,7897
2bakaR2/9/9/p1p2N2p/9/2r6/9/4B4/4A4/2B1KA3 b,-0.86706865,4280
2bakaR2/9/9/p1p2N2p/9/5r3/9/4B4/4A4/2B1KA3 w,0.86460686,2901
2bakaR2/9/3N5/p1p5p/9/5r3/9/4B4/4A4/2B1KA3 b,-0.8648111,373
2ba1aR2/4k4/3N5/p1p5p/9/5r3/9/4B4/4A4/2B1KA3 w,0.86637014,555
2ba1a3/4k1R2/3N5/p1p5p/9/5r3/9/4B4/4A4/2B1KA3 b,-0.86441094,1192
2ba1a3/6R2/3Nk4/p1p5p/9/5r3/9/4B4/4A4/2B1KA3 w,0.8742179,1930
2ba1a3/6R2/4k4/p1p5p/4N4/5r3/9/4B4/4A4/2B1KA3 b,-0.8601847,4532
2ba1a3/6R2/4k4/p1p2r2p/4N4/9/9/4B4/4A4/2B1KA3 w,0.8691652,1410
2ba1a3/9/4k4/p1p2r2p/4N4/9/6R2/4B4/4A4/2B1KA3 b,-0.83698857,2911
2ba1a3/9/4k4/p1p1r3p/4N4/9/6R2/4B4/4A4/2B1KA3 w,0.8498806,3633
2ba1a3/9/4k4/p1p1r1N1p/9/9/6R2/4B4/4A4/2B1KA3 b,-0.8453183,1993
2ba1a3/4k4/9/p1p1r1N1p/9/9/6R2/4B4/4A4/2B1KA3 w,0.85754,2996
2ba1a3/4k4/8N/p1p1r3p/9/9/6R2/4B4/4A4/2B1KA3 b,-0.84459126,1174
2baka3/9/8N/p1p1r3p/9/9/6R2/4B4/4A4/2B1KA3 w,0.8530927,2355
2baka3/6N2/9/p1p1r3p/9/9/6R2/4B4/4A4/2B1KA3 b,-0.85629296,373
2ba1a3/4k1N2/9/p1p1r3p/9/9/6R2/4B4/4A4/2B1KA3 w,0.86841905,5459
2ba1a3/4k1N2/9/p1p1r3p/9/9/5R3/4B4/4A4/2B1KA3 b,-0.8587862,2823
2ba1a3/4k1N2/9/p1p3r1p/9/9/5R3/4B4/4A4/2B1KA3 w,0.8651335,1382
2ba1a3/4k4/9/p1p2Nr1p/9/9/5R3/4B4/4A4/2B1KA3 b,-0.8619046,3002
2ba1a3/4k4/9/p1p2r2p/9/9/5R3/4B4/4A4/2B1KA3 w,0.8768772,5342
2ba1a3/4k4/9/p1p2R2p/9/9/9/4B4/4A4/2B1KA3 b,-0.86993897,1174
2baka3/9/9/p1p2R2p/9/9/9/4B4/4A4/2B1KA3 w,0.8756215,2909
2baka3/9/9/p1R5p/9/9/9/4B4/4A4/2B1KA3 b,-0.869388,202
3aka3/9/4b4/p1R5p/9/9/9/4B4/4A4/2B1KA3 w,0.88114494,2641
3aka3/9/4b4/p3R3p/9/9/9/4B4/4A4/2B1KA3 b,-0.87957186,373
3a1a3/4k4/4b4/p3R3p/9/9/9/4B4/4A4/2B1KA3 w,0.87804884,6924
3a1a3/4k4/4b4/p3R3p/9/9/9/4B4/9/2BAKA3 b,-0.88454676,3194
3a1a3/4k4/4b4/p3R4/8p/9/9/4B4/9/2BAKA3 w,0.90799385,6117
3a1a3/4k4/4b4/p3R4/8p/9/9/9/9/2BAKAB2 b,-0.9057304,4013
3a1a3/4k4/4b4/p3R4/9/8p/9/9/9/2BAKAB2 w,0.9182374,2812
3a1a3/4k4/4R4/p8/9/8p/9/9/9/2BAKAB2 b,-0.9131221,1184
3a1a3/5k3/4R4/p8/9/8p/9/9/9/2BAKAB2 w,0.9218672,2029
3a1a3/5k3/9/p8/9/4R3p/9/9/9/2BAKAB2 b,-0.90753233,463
3a5/4ak3/9/p8/9/4R3p/9/9/9/2BAKAB2 w,0.90587175,4463
3a5/4ak3/9/p8/9/8R/9/9/9/2BAKAB2 b,-0.9017334,1193
3a5/5k3/5a3/p8/9/8R/9/9/9/2BAKAB2 w,0.9046876,4850
3a5/5k3/5a3/p8/9/9/9/9/8R/2BAKAB2 b,-0.90184885,2083
3a5/4ak3/9/p8/9/9/9/9/8R/2BAKAB2 w,0.9165556,7272
3a5/4ak3/9/p8/9/9/9/9/R8/2BAKAB2 b,-0.908293,1265
3a1k3/4a4/9/p8/9/9/9/9/R8/2BAKAB2 w,0.9148331,6556
3a1k3/4a4/9/p8/9/9/9/9/4R4/2BAKAB2 b,-0.9131453,2466
3a1k3/4a4/9/9/p8/9/9/9/4R4/2BAKAB2 w,0.91384596,6913
3a1k3/4a4/9/9/p8/9/9/9/1R7/2BAKAB2 b,-0.90901643,3285
3a1k3/4a4/9/9/9/p8/9/9/1R7/2BAKAB2 w,0.9046161,6647
3a1k3/4a4/9/9/9/p8/9/9/5R3/2BAKAB2 b,-0.9023755,454
3ak4/4a4/9/9/9/p8/9/9/5R3/2BAKAB2 w,0.91015863,7901
3ak4/4a4/9/9/9/p8/9/8B/5R3/2BAKA3 b,-0.90675074,4096
3ak4/4a4/9/9/9/1p7/9/8B/5R3/2BAKA3 w,0.9176394,7003
3ak4/4a4/9/9/9/1p7/9/8B/1R7/2BAKA3 b,-0.90768385,4187
3ak4/4a4/9/9/9/2p6/9/8B/1R7/2BAKA3 w,0.9185295,6648
3ak4/4a4/9/9/9/2p6/9/8B/6R2/2BAKA3 b,-0.90114886,365
3a1k3/4a4/9/9/9/2p6/9/8B/6R2/2BAKA3 w,0.9070931,7026
3a1kR2/4a4/9/9/9/2p6/9/8B/9/2BAKA3 b,-0.9011468,464
3a2R2/4ak3/9/9/9/2p6/9/8B/9/2BAKA3 w,0.90919334,591
3a5/4ak3/9/9/9/2p3R2/9/8B/9/2BAKA3 b,-0.90578663,4286
3a5/4ak3/9/9/9/6R2/2p6/8B/9/2BAKA3 w,0.90605354,4640
3a5/4ak3/9/9/9/5R3/2p6/8B/9/2BAKA3 b,-0.9011828,1193
3a5/5k3/5a3/9/9/5R3/2p6/8B/9/2BAKA3 w,0.9074405,4559
3a5/5k3/5a3/9/9/9/2p2R3/8B/9/2BAKA3 b,-0.9051845,5105
3a5/5k3/5a3/9/9/9/5R3/2p5B/9/2BAKA3 w,0.90966696,7533
3a5/5k3/5a3/9/9/9/5R3/B1p5B/9/3AKA3 b,-0.9002097,283
9/4ak3/5a3/9/9/9/5R3/B1p5B/9/3AKA3 w,0.90672904,7816
9/4ak3/5a3/9/9/9/5R3/B1p5B/4A4/3AK4 b,-0.8992044,1265
5k3/4a4/5a3/9/9/9/5R3/B1p5B/4A4/3AK4 w,0.90918225,7736
5k3/4a4/5a3/9/9/9/5R3/B1p5B/4A4/3A1K3 b,-0.90381193,464
9/4ak3/5a3/9/9/9/5R3/B1p5B/4A4/3A1K3 w,0.9095203,5717
9/4ak3/5a3/9/9/2B6/5R3/2p5B/4A4/3A1K3 b,-0.8961184,1265
5k3/4a4/5a3/9/9/2B6/5R3/2p5B/4A4/3A1K3 w,0.8979768,4297
5k3/4a4/5a3/9/9/9/5R3/2p1B3B/4A4/3A1K3 b,-0.88952315,5924
5k3/4a4/5a3/9/9/9/5R3/4B3B/2p1A4/3A1K3 w,0.9031042,6117
5k3/4a4/5a3/9/9/9/5R3/8B/2p1A4/3A1KB2 b,-0.89827853,454
4k4/4a4/5a3/9/9/9/5R3/8B/2p1A4/3A1KB2 w,0.8977571,5371
4k4/4a4/5a3/9/9/9/7R1/8B/2p1A4/3A1KB2 b,-0.8985263,6735
4k4/4a4/5a3/9/9/9/7R1/8B/3pA4/3A1KB2 w,0.89160305,5497
4k2R1/4a4/5a3/9/9/9/9/8B/3pA4/3A1KB2 b,-0.8895839,1175
4ka1R1/9/5a3/9/9/9/9/8B/3pA4/3A1KB2 w,0.90350336,638
4ka2R/9/5a3/9/9/9/9/8B/3pA4/3A1KB2 b,-0.8970801,2083
4ka2R/4a4/9/9/9/9/9/8B/3pA4/3A1KB2 w,0.9031634,746
4ka3/4a4/8R/9/9/9/9/8B/3pA4/3A1KB2 b,-0.8943505,6824
4ka3/4a4/8R/9/9/9/9/8B/2p1A4/3A1KB2 w,0.8954302,2360
4ka3/4a4/2R6/9/9/9/9/8B/2p1A4/3A1KB2 b,-0.89319974,6735
4ka3/4a4/2R6/9/9/9/9/8B/3pA4/3A1KB2 w,0.8784999,1802
2R1ka3/4a4/9/9/9/9/9/8B/3pA4/3A1KB2 b,-0.8896443,1173
2Raka3/9/9/9/9/9/9/8B/3pA4/3A1KB2 w,0.8914314,236
3aka3/9/9/9/9/9/2R6/8B/3pA4/3A1KB2 b,-0.9000897,463
3ak4/4a4/9/9/9/9/2R6/8B/3pA4/3A1KB2 w,0.90192646,5097
3ak4/4a4/9/9/9/9/3R5/8B/3pA4/3A1KB2 b,-0.8955202,6824
3ak4/4a4/9/9/9/9/3R5/8B/2p1A4/3A1KB2 w,0.90400803,5196
3ak4/4a4/9/9/9/9/9/3R4B/2p1A4/3A1KB2 b,-0.8966134,1193
3ak4/9/5a3/9/9/9/9/3R4B/2p1A4/3A1KB2 w,0.8975345,6007
3ak4/9/5a3/9/9/9/9/4R3B/2p1A4/3A1KB2 b,-0.89196765,283
4k4/4a4/5a3/9/9/9/9/4R3B/2p1A4/3A1KB2 w,0.8956747,6095
4k4/4a4/5a3/9/9/9/9/2R5B/2p1A4/3A1KB2 b,-0.8912752,6735
4k4/4a4/5a3/9/9/9/9/2R5B/3pA4/3A1KB2 w,0.8852338,7825
4k4/4a4/5a3/9/9/9/9/2R5B/3pA4/3AK1B2 b,-0.87682045,365
5k3/4a4/5a3/9/9/9/9/2R5B/3pA4/3AK1B2 w,0.8784134,5852
2R2k3/4a4/5a3/9/9/9/9/8B/3pA4/3AK1B2 b,-0.8854428,464
2R6/4ak3/5a3/9/9/9/9/8B/3pA4/3AK1B2 w,0.89783895,6906
2R6/4ak3/5a3/9/9/9/9/3A4B/3p5/3AK1B2 b,-0.88437676,1191
2R6/5k3/3a1a3/9/9/9/9/3A4B/3p5/3AK1B2 w,0.8910013,184
4R4/5k3/3a1a3/9/9/9/9/3A4B/3p5/3AK1B2 b,-0.88611424,2083
4R4/4ak3/3a5/9/9/9/9/3A4B/3p5/3AK1B2 w,0.8930814,6016
4R4/4ak3/3a5/9/9/9/9/8B/3pA4/3AK1B2 b,-0.8803973,6824
4R4/4ak3/3a5/9/9/9/9/8B/2p1A4/3AK1B2 w,0.89158434,362
2R6/4ak3/3a5/9/9/9/9/8B/2p1A4/3AK1B2 b,-0.88367784,6735
2R6/4ak3/3a5/9/9/9/9/8B/3pA4/3AK1B2 w,0.90286684,6926
2R6/4ak3/3a5/9/9/9/9/8B/3p5/3AKAB2 b,-0.8863319,1193
2R6/5k3/3a1a3/9/9/9/9/8B/3p5/3AKAB2 w,0.8883735,184
4R4/5k3/3a1a3/9/9/9/9/8B/3p5/3AKAB2 b,-0.88315135,2083
4R4/4ak3/3a5/9/9/9/9/8B/3p5/3AKAB2 w,0.88674504,367
7R1/4ak3/3a5/9/9/9/9/8B/3p5/3AKAB2 b,-0.88673943,1193
7R1/5k3/3a1a3/9/9/9/9/8B/3p5/3AKAB2 w,0.88875324,646
9/5k1R1/3a1a3/9/9/9/9/8B/3p5/3AKAB2 b,-0.88448554,1265
5k3/7R1/3a1a3/9/9/9/9/8B/3p5/3AKAB2 w,0.8847701,1465
5k3/9/3a1a1R1/9/9/9/9/8B/3p5/3AKAB2 b,-0.88434166,464
9/5k3/3a1a1R1/9/9/9/9/8B/3p5/3AKAB2 w,0.8922095,7816
9/5k3/3a1a1R1/9/9/9/9/8B/3pA4/3AK1B2 b,-0.88614786,1903
9/4ak3/5a1R1/9/9/9/9/8B/3pA4/3AK1B2 w,0.8834769,2266
9/4ak1R1/5a3/9/9/9/9/8B/3pA4/3AK1B2 b,-0.8785749,1265
5k3/4a2R1/5a3/9/9/9/9/8B/3pA4/3AK1B2 w,0.87993,1447
5k1R1/4a4/5a3/9/9/9/9/8B/3pA4/3AK1B2 b,-0.8783944,464
7R1/4ak3/5a3/9/9/9/9/8B/3pA4/3AK1B2 w,0.887288,700
9/4ak3/5a3/9/9/9/9/7RB/3pA4/3AK1B2 b,-0.8822322,1265
5k3/4a4/5a3/9/9/9/9/7RB/3pA4/3AK1B2 w,0.87710464,6441
5k3/4a4/5a3/9/9/6B2/9/7R1/3pA4/3AK1B2 b,-0.8823018,464
9/4ak3/5a3/9/9/6B2/9/7R1/3pA4/3AK1B2 w,0.8831962,6366
9/4ak3/5a3/9/9/6B2/9/3R5/3pA4/3AK1B2 b,-0.88276124,6824
9/4ak3/5a3/9/9/6B2/9/3R5/2p1A4/3AK1B2 w,0.88372374,6005
9/4ak3/5a3/9/9/6B2/9/2R6/2p1A4/3AK1B2 b,-0.88234687,6735
9/4ak3/5a3/9/9/6B2/9/2R6/3pA4/3AK1B2 w,0.89399976,5918
9/4ak3/5a3/9/9/6B2/9/5R3/3pA4/3AK1B2 b,-0.8844193,1265
5k3/4a4/5a3/9/9/6B2/9/5R3/3pA4/3AK1B2 w,0.8934582,4657
5k3/4a4/5a3/9/9/9/9/4BR3/3pA4/3AK1B2 b,-0.8853695,464
9/4ak3/5a3/9/9/9/9/4BR3/3pA4/3AK1B2 w,0.8957474,7736
9/4ak3/5a3/9/9/9/9/4BR3/3pA4/3A1KB2 b,-0.889281,1265
5k3/4a4/5a3/9/9/9/9/4BR3/3pA4/3A1KB2 w,0.8977769,6077
5k3/4a4/5a3/9/9/2B6/9/5R3/3pA4/3A1KB2 b,-0.89272636,454
4k4/4a4/5a3/9/9/2B6/9/5R3/3pA4/3A1KB2 w,0.9052818,6179
4k4/4a4/5a3/9/9/2B6/5R3/9/3pA4/3A1KB2 b,-0.8971615,6824
4k4/4a4/5a3/9/9/2B6/5R3/9/2p1A4/3A1KB2 w,0.9012974,5372
4k4/4a4/5a3/9/9/2B6/8R/9/2p1A4/3A1KB2 b,-0.89400464,365
5k3/4a4/5a3/9/9/2B6/8R/9/2p1A4/3A1KB2 w,0.8925733,5641
5k3/4a4/5a3/9/9/2B6/7R1/9/2p1A4/3A1KB2 b,-0.89740306,454
4k4/4a4/5a3/9/9/2B6/7R1/9/2p1A4/3A1KB2 w,0.89573663,5497
4k2R1/4a4/5a3/9/9/2B6/9/9/2p1A4/3A1KB2 b,-0.89456767,1175
4ka1R1/9/5a3/9/9/2B6/9/9/2p1A4/3A1KB2 w,0.8977386,700
4ka3/9/5a3/9/9/2B6/9/7R1/2p1A4/3A1KB2 b,-0.8961293,6735
4ka3/9/5a3/9/9/2B6/9/7R1/3pA4/3A1KB2 w,0.9041471,6363
4ka3/9/5a3/9/9/2B6/9/R8/3pA4/3A1KB2 b,-0.90114707,2083
4ka3/4a4/9/9/9/2B6/9/R8/3pA4/3A1KB2 w,0.90355134,5670
R3ka3/4a4/9/9/9/2B6/9/9/3pA4/3A1KB2 b,-0.89869314,1173
R2aka3/9/9/9/9/2B6/9/9/3pA4/3A1KB2 w,0.90371245,27
3aka3/9/9/R8/9/2B6/9/9/3pA4/3A1KB2 b,-0.89080846,283
4ka3/4a4/9/R8/9/2B6/9/9/3pA4/3A1KB2 w,0.90374404,2462
4ka3/4a4/9/5R3/9/2B6/9/9/3pA4/3A1KB2 b,-0.9005978,6826
4ka3/4a4/9/5R3/9/2B6/9/9/4p4/3A1KB2 w,0.9166792,7636
4ka3/4a4/9/5R3/9/2B6/9/9/4A4/5KB2 b,-0.9226926,1191
4ka3/9/3a5/5R3/9/2B6/9/9/4A4/5KB2 w,0.931129,2885
4kR3/9/3a5/9/9/2B6/9/9/4A4/5KB2 b,-0.9313561,373
5R3/4k4/3a5/9/9/2B6/9/9/4A4/5KB2 w,0.9439738,491
9/4k4/3a5/9/5R3/2B6/9/9/4A4/5KB2 b,-0.93766546,1174
4k4/9/3a5/9/5R3/2B6/9/9/4A4/5KB2 w,0.94340205,3730
4k4/9/3a5/9/4R4/2B6/9/9/4A4/5KB2 b,-0.93993366,363
3k5/9/3a5/9/4R4/2B6/9/9/4A4/5KB2 w,0.9438263,3667
3k5/9/3a5/9/9/2B6/9/4R4/4A4/5KB2 b,-0.93150395,282
9/3k5/3a5/9/9/2B6/9/4R4/4A4/5KB2 w,0.9471794,4293
9/3k5/3a5/9/9/9/9/B3R4/4A4/5KB2 b,-0.9483331,1083
3k5/9/3a5/9/9/9/9/B3R4/4A4/5KB2 w,0.9508116,7825
3k5/9/3a5/9/9/9/9/B3R4/4A4/4K1B2 b,-0.9337324,282
9/3k5/3a5/9/9/9/9/B3R4/4A4/4K1B2 w,0.93881524,7901
9/3k5/3a5/9/9/9/9/B3R3B/4A4/4K4 b,-0.9363976,1903
9/3ka4/9/9/9/9/9/B3R3B/4A4/4K4 w,0.98406166,6908
9/3ka4/9/9/9/9/9/B3RA2B/9/4K4 b,-0.979064,1191
9/3k5/3a5/9/9/9/9/B3RA2B/9/4K4 w,0.9950646,6096
9/3k5/3a5/9/9/9/9/B2R1A2B/9/4K4 b,-0.99615157,1083
3k5/9/3a5/9/9/9/9/B2R1A2B/9/4K4 w,1,5961
rnbakabnr/9/1c5c1/p1p1p1p1p/9/9/P1P1P1P1P/1C5C1/9/RNBAKABNR w,-0.7981907,5827
rnbakabnr/9/1c5c1/p1p1p1p1p/9/9/P1P1P1P1P/4C2C1/9/RNBAKABNR b,0.7981933,110
r1bakabnr/9/1cn4c1/p1p1p1p1p/9/9/P1P1P1P1P/4C2C1/9/RNBAKABNR w,-0.79816985,7445
r1bakabnr/9/1cn4c1/p1p1p1p1p/9/9/P1P1P1P1P/2N1C2C1/9/R1BAKABNR b,0.79817766,562
r1baka1nr/9/1cn1b2c1/p1p1p1p1p/9/9/P1P1P1P1P/2N1C2C1/9/R1BAKABNR w,-0.7980508,7372
r1baka1nr/9/1cn1b2c1/p1p1p1p1p/9/9/P1P1P1P1P/2N1C2C1/9/1RBAKABNR b,0.7982337,1
1rbaka1nr/9/1cn1b2c1/p1p1p1p1p/9/9/P1P1P1P1P/2N1C2C1/9/1RBAKABNR w,-0.79828364,6368
1rbaka1nr/9/1cn1b2c1/p1p1p1p1p/9/9/P1P1P1P1P/2N1CC3/9/1RBAKABNR b,0.7987312,654
1rbaka2r/9/1cn1b1nc1/p1p1p1p1p/9/9/P1P1P1P1P/2N1CC3/9/1RBAKABNR w,-0.79841965,7989
1rbaka2r/9/1cn1b1nc1/p1p1p1p1p/9/9/P1P1P1P1P/2N1CCN2/9/1RBAKAB1R b,0.7986161,3012
1rbaka2r/9/1cn1b1nc1/p1p1p3p/6p2/9/P1P1P1P1P/2N1CCN2/9/1RBAKAB1R w,-0.7981264,8098
1rbaka2r/9/1cn1b1nc1/p1p1p3p/6p2/9/P1P1P1P1P/2N1CCN2/9/1RBAKABR1 b,0.79799503,727
1rbaka1r1/9/1cn1b1nc1/p1p1p3p/6p2/9/P1P1P1P1P/2N1CCN2/9/1RBAKABR1 w,-0.79715186,7408
1rbaka1r1/9/1cn1b1nc1/pRp1p3p/6p2/9/P1P1P1P1P/2N1CCN2/9/2BAKABR1 b,0.79682815,1728
1rbaka1r1/9/c1n1b1nc1/pRp1p3p/6p2/9/P1P1P1P1P/2N1CCN2/9/2BAKABR1 w,-0.7952489,2549
1rbaka1r1/9/c1n1b1nc1/p1R1p3p/6p2/9/P1P1P1P1P/2N1CCN2/9/2BAKABR1 b,0.7979546,109
2baka1r1/9/crn1b1nc1/p1R1p3p/6p2/9/P1P1P1P1P/2N1CCN2/9/2BAKABR1 w,-0.79757166,7972
2baka1r1/9/crn1b1nc1/p1R1p3p/6p2/7R1/P1P1P1P1P/2N1CCN2/9/2BAKAB2 b,0.8006977,2266
2baka1r1/7c1/crn1b1n2/p1R1p3p/6p2/7R1/P1P1P1P1P/2N1CCN2/9/2BAKAB2 w,-0.7826508,6134
2baka1r1/5C1c1/crn1b1n2/p1R1p3p/6p2/7R1/P1P1P1P1P/2N1C1N2/9/2BAKAB2 b,0.80116063,1474
2baka1r1/5C3/crn1b1n2/p1R1p2cp/6p2/7R1/P1P1P1P1P/2N1C1N2/9/2BAKAB2 w,-0.7979066,2657
2baka1r1/5C3/crn1b1n2/p3p2cp/6p2/2R4R1/P1P1P1P1P/2N1C1N2/9/2BAKAB2 b,0.80293226,3093
2baka1r1/5C3/crn1b1n2/p3p1c1p/6p2/2R4R1/P1P1P1P1P/2N1C1N2/9/2BAKAB2 w,-0.7962247,4687
2baka1R1/5C3/crn1b1n2/p3p1c1p/6p2/2R6/P1P1P1P1P/2N1C1N2/9/2BAKAB2 b,0.80159456,2167
2baka1n1/5C3/crn1b4/p3p1c1p/6p2/2R6/P1P1P1P1P/2N1C1N2/9/2BAKAB2 w,-0.7996316,1283
2baka1n1/9/crn1bC3/p3p1c1p/6p2/2R6/P1P1P1P1P/2N1C1N2/9/2BAKAB2 b,0.80198723,3030
2baka1n1/9/crn1bC3/p3p3p/6p2/2R6/P1P1P1c1P/2N1C1N2/9/2BAKAB2 w,-0.79807067,6286
2baka1n1/9/crn1bC3/p3p3p/6p2/2R6/P1P1P1c1P/2N1C4/4N4/2BAKAB2 b,0.81004494,463
2bak2n1/4a4/crn1bC3/p3p3p/6p2/2R6/P1P1P1c1P/2N1C4/4N4/2BAKAB2 w,-0.80211467,2095
2bak2n1/4a4/crn1b2C1/p3p3p/6p2/2R6/P1P1P1c1P/2N1C4/4N4/2BAKAB2 b,0.8119651,654
2bak4/4a4/crn1b1nC1/p3p3p/6p2/2R6/P1P1P1c1P/2N1C4/4N4/2BAKAB2 w,-0.8083587,6101
2bak4/4a4/crn1b1nC1/p3p3p/6p2/2R6/P1P1P1c1P/2N5C/4N4/2BAKAB2 b,0.8199017,1839
2bak4/4a4/cr2b1nC1/p3p3p/3n2p2/2R6/P1P1P1c1P/2N5C/4N4/2BAKAB2 w,-0.81000894,6425
2bak4/4a4/cr2b1nC1/p3p3C/3n2p2/2R6/P1P1P1c1P/2N6/4N4/2BAKAB2 b,0.83384204,3542
2bak4/4a4/cr2b1nC1/p3pn2C/6p2/2R6/P1P1P1c1P/2N6/4N4/2BAKAB2 w,-0.81713444,4282
2bak4/4a4/cr2b1nC1/p3pn2C/6p2/7R1/P1P1P1c1P/2N6/4N4/2BAKAB2 b,0.8113874,2905
2bak4/4a4/cr2b1nn1/p3p3C/6p2/7R1/P1P1P1c1P/2N6/4N4/2BAKAB2 w,-0.80621487,4705
2bak4/4a4/cr2b1nR1/p3p3C/6p2/9/P1P1P1c1P/2N6/4N4/2BAKAB2 b,0.8073642,1730
2bak4/4a4/c1r1b1nR1/p3p3C/6p2/9/P1P1P1c1P/2N6/4N4/2BAKAB2 w,-0.80450475,3158
2bak3C/4a4/c1r1b1nR1/p3p4/6p2/9/P1P1P1c1P/2N6/4N4/2BAKAB2 b,0.8106902,1856
2bak3C/4a4/c3b1nR1/p3p4/6p2/9/P1r1P1c1P/2N6/4N4/2BAKAB2 w,-0.80684036,764
2bak4/4a4/c3b1nR1/p3p4/6p1C/9/P1r1P1c1P/2N6/4N4/2BAKAB2 b,0.81260777,1640
2bak4/4a4/2c1b1nR1/p3p4/6p1C/9/P1r1P1c1P/2N6/4N4/2BAKAB2 w,-0.80826354,3968
2bak3C/4a4/2c1b1nR1/p3p4/6p2/9/P1r1P1c1P/2N6/4N4/2BAKAB2 b,0.82484317,3831
2bak3C/4a4/2c1b1nR1/p3p4/9/6p2/P1r1P1c1P/2N6/4N4/2BAKAB2 w,-0.80516565,7537
2bak3C/4a4/2c1b1nR1/p3p4/9/6p2/P1r1P1c1P/2N1B4/4N4/3AKAB2 b,0.80933493,2201
2bak3C/4a4/2c1b2R1/p3p4/5n3/6p2/P1r1P1c1P/2N1B4/4N4/3AKAB2 w,-0.8038499,2257
2bak2RC/4a4/2c1b4/p3p4/5n3/6p2/P1r1P1c1P/2N1B4/4N4/3AKAB2 b,0.80304116,1175
2baka1RC/9/2c1b4/p3p4/5n3/6p2/P1r1P1c1P/2N1B4/4N4/3AKAB2 w,-0.79266596,673
2baka2C/9/2c1b4/p3p4/5n1R1/6p2/P1r1P1c1P/2N1B4/4N4/3AKAB2 b,0.7979925,463
2bak3C/4a4/2c1b4/p3p4/5n1R1/6p2/P1r1P1c1P/2N1B4/4N4/3AKAB2 w,-0.7887665,3911
2bak3C/4a4/2c1b4/p3p4/5R3/6p2/P1r1P1c1P/2N1B4/4N4/3AKAB2 b,0.7966536,1865
2bak3C/4a4/4b4/p3p4/5R3/6p2/P1r1P1c1P/2c1B4/4N4/3AKAB2 w,-0.79528797,6905
2bak3C/4a4/4b4/p3p4/5R3/6p2/P1r1P1c1P/2N1B4/9/3AKAB2 b,0.79887366,5105
2bak3C/4a4/4b4/p3p4/5R3/6p2/P3P1c1P/2r1B4/9/3AKAB2 w,-0.7971099,3733
2bak3C/4a4/4b4/p3p4/7R1/6p2/P3P1c1P/2r1B4/9/3AKAB2 b,0.8067793,5454
2bak3C/4a4/4b4/p3p4/7R1/6p2/c3P3P/2r1B4/9/3AKAB2 w,-0.7982936,6081
2bak3C/4a4/4b4/p3p4/7R1/6B2/c3P3P/2r6/9/3AKAB2 b,0.809033,1193
2bak3C/9/4ba3/p3p4/7R1/6B2/c3P3P/2r6/9/3AKAB2 w,-0.8059429,3877
2bak2RC/9/4ba3/p3p4/9/6B2/c3P3P/2r6/9/3AKAB2 b,0.80455744,373
2ba3RC/4k4/4ba3/p3p4/9/6B2/c3P3P/2r6/9/3AKAB2 w,-0.8129586,646
2ba4C/4k2R1/4ba3/p3p4/9/6B2/c3P3P/2r6/9/3AKAB2 b,0.8048011,1174
2bak3C/7R1/4ba3/p3p4/9/6B2/c3P3P/2r6/9/3AKAB2 w,-0.7946581,1483
2bak3C/9/4ba3/p3p4/7R1/6B2/c3P3P/2r6/9/3AKAB2 b,0.8023711,4941
2bak3C/9/4ba3/p3p4/7R1/6B2/4P3P/2r6/9/c2AKAB2 w,-0.8124692,7726
2bak3C/9/4ba3/p3p4/7R1/6B2/4P3P/2r6/4K4/c2A1AB2 b,0.803381,5924
2bak3C/9/4ba3/p3p4/7R1/6B2/4P3P/9/2r1K4/c2A1AB2 w,-0.80720294,6907
2bak3C/9/4ba3/p3p4/7R1/6B2/4P3P/4K4/2r6/c2A1AB2 b,0.8142435,6716
2bak3C/9/4ba3/p3p4/7R1/6B2/2r1P3P/4K4/9/c2A1AB2 w,-0.8171613,3877
2bak2RC/9/4ba3/p3p4/9/6B2/2r1P3P/4K4/9/c2A1AB2 b,0.81230336,373
2ba3RC/4k4/4ba3/p3p4/9/6B2/2r1P3P/4K4/9/c2A1AB2 w,-0.8272097,646
2ba4C/4k2R1/4ba3/p3p4/9/6B2/2r1P3P/4K4/9/c2A1AB2 b,0.8142205,1174
2bak3C/7R1/4ba3/p3p4/9/6B2/2r1P3P/4K4/9/c2A1AB2 w,-0.7987421,755
2bak4/7R1/4ba3/p3p3C/9/6B2/2r1P3P/4K4/9/c2A1AB2 b,0.79654324,5098
2bak4/7R1/4ba3/p3p3C/9/6B2/4r3P/4K4/9/c2A1AB2 w,-0.81172824,6098
2bak4/7R1/4ba3/p3p3C/9/6B2/4r3P/5K3/9/c2A1AB2 b,0.8006685,5279
2bak4/7R1/4ba3/p3p3C/9/6B2/5r2P/5K3/9/c2A1AB2 w,-0.8132888,6187
2bak4/7R1/4ba3/p3p3C/9/6B2/5r2P/4K4/9/c2A1AB2 b,0.8272042,5396
2bak4/7R1/4ba3/p3p3C/9/6B2/8P/4K4/9/c2A1rB2 w,-0.83378184,1447
2bak2R1/9/4ba3/p3p3C/9/6B2/8P/4K4/9/c2A1rB2 b,0.8297375,373
2ba3R1/4k4/4ba3/p3p3C/9/6B2/8P/4K4/9/c2A1rB2 w,-0.84197533,646
2ba5/4k2R1/4ba3/p3p3C/9/6B2/8P/4K4/9/c2A1rB2 b,0.8339183,1174
2bak4/7R1/4ba3/p3p3C/9/6B2/8P/4K4/9/c2A1rB2 w,-0.82334054,6106
2bak4/7R1/4ba3/p3p3C/9/6B2/8P/9/4K4/c2A1rB2 b,0.83353126,7827
2bak4/7R1/4ba3/p3p3C/9/6B2/8P/9/4K4/c2A2r2 w,-0.83272225,1447
2bak2R1/9/4ba3/p3p3C/9/6B2/8P/9/4K4/c2A2r2 b,0.8352346,373
2ba3R1/4k4/4ba3/p3p3C/9/6B2/8P/9/4K4/c2A2r2 w,-0.83947426,646
2ba5/4k2R1/4ba3/p3p3C/9/6B2/8P/9/4K4/c2A2r2 b,0.84286284,1174
2bak4/7R1/4ba3/p3p3C/9/6B2/8P/9/4K4/c2A2r2 w,-0.8318762,4661
2bak4/7R1/4ba3/p3p3C/9/9/8P/8B/4K4/c2A2r2 b,0.84503025,7908
2bak4/7R1/4ba3/p3p3C/9/9/8P/8B/4K1r2/c2A5 w,-0.84394956,6907
2bak4/7R1/4ba3/p3p3C/9/9/8P/4K3B/6r2/c2A5 b,0.8497313,2830
2bak4/7R1/4ba3/p7C/4p4/9/8P/4K3B/6r2/c2A5 w,-0.8343026,1492
2bak4/9/4ba3/p7C/4p4/7R1/8P/4K3B/6r2/c2A5 b,0.85803205,7353
2bak4/9/4ba3/p7C/4p4/7R1/8P/c3K3B/6r2/3A5 w,-0.8636348,4687
2bak2R1/9/4ba3/p7C/4p4/9/8P/c3K3B/6r2/3A5 b,0.85677093,373
2ba3R1/4k4/4ba3/p7C/4p4/9/8P/c3K3B/6r2/3A5 w,-0.8419537,682
2ba5/4k4/4ba3/p7C/4p4/7R1/8P/c3K3B/6r2/3A5 b,0.8511421,7053
2ba5/4k4/4ba3/p5r1C/4p4/7R1/8P/c3K3B/9/3A5 w,-0.8495891,3194
2ba5/4k4/4ba3/p5r2/4p3C/7R1/8P/c3K3B/9/3A5 b,0.85743093,2999
2ba5/4k4/4ba3/p1r6/4p3C/7R1/8P/c3K3B/9/3A5 w,-0.8283791,4725
2ba5/4k4/4ba3/p1r6/4p3C/R8/8P/c3K3B/9/3A5 b,0.83737403,5734
2ba5/4k4/4ba3/p1r6/4p3C/R8/8P/1c2K3B/9/3A5 w,-0.8295722,4102
2ba5/4k4/4ba3/p1r6/4p3C/7R1/8P/1c2K3B/9/3A5 b,0.85392,2666
2ba5/4k4/4ba3/p8/4p3C/7R1/2r5P/1c2K3B/9/3A5 w,-0.8235112,6106
2ba5/4k4/4ba3/p8/4p3C/7R1/2r5P/1c6B/4K4/3A5 b,0.8424168,5788
2ba5/4k4/4ba3/pc7/4p3C/7R1/2r5P/8B/4K4/3A5 w,-0.84399813,4696
2ba5/4k2R1/4ba3/pc7/4p3C/9/2r5P/8B/4K4/3A5 b,0.8497424,1174
2bak4/7R1/4ba3/pc7/4p3C/9/2r5P/8B/4K4/3A5 w,-0.84979266,1447
2bak2R1/9/4ba3/pc7/4p3C/9/2r5P/8B/4K4/3A5 b,0.8515563,373
2ba3R1/4k4/4ba3/pc7/4p3C/9/2r5P/8B/4K4/3A5 w,-0.8349965,664
2ba5/4k4/4ba3/pc5R1/4p3C/9/2r5P/8B/4K4/3A5 b,0.8451727,2575
2ba5/4k4/4ba3/p6R1/4p3C/9/1cr5P/8B/4K4/3A5 w,-0.8266315,6925
2ba5/4k4/4ba3/p6R1/4p3C/9/1cr5P/8B/9/3AK4 b,0.8324127,5098
2ba5/4k4/4ba3/p6R1/4p3C/9/1c2r3P/8B/9/3AK4 w,-0.8403639,7636
2ba5/4k4/4ba3/p6R1/4p3C/9/1c2r3P/8B/4A4/4K4 b,0.84636074,5282
2ba5/4k4/4ba3/p6R1/4p3C/9/1c6r/8B/4A4/4K4 w,-0.84143287,3103
2ba5/4k4/4ba3/p8/4p2RC/9/1c6r/8B/4A4/4K4 b,0.8455133,3649
2ba5/4k4/4ba3/p8/7RC/4p4/1c6r/8B/4A4/4K4 w,-0.83663076,6477
2ba5/4k4/4ba3/p8/7RC/4p4/1c6r/9/4A4/4K1B2 b,0.8391254,5008
2ba5/4k4/4ba3/p8/7RC/4p4/4c3r/9/4A4/4K1B2 w,-0.8437043,7734
2ba5/4k4/4ba3/p8/7RC/4p4/4c3r/9/4A4/3K2B2 b,0.860736,5669
2ba5/4k4/4ba3/p8/7RC/4p4/4c4/9/4A4/3K2B1r w,-0.84374726,6906
2ba5/4k4/4ba3/p8/7RC/4p4/4c4/3A5/9/3K2B1r b,0.86141133,8097
2ba5/4k4/4ba3/p8/7RC/4p4/4c4/3A5/9/3K2r2 w,-0.85919464,7635
2ba5/4k4/4ba3/p8/7RC/4p4/4c4/3A5/3K5/6r2 b,0.87054557,1174
2bak4/9/4ba3/p8/7RC/4p4/4c4/3A5/3K5/6r2 w,-0.85520035,3877
2bak2R1/9/4ba3/p8/8C/4p4/4c4/3A5/3K5/6r2 b,0.86847824,1986
2bak1bR1/9/5a3/p8/8C/4p4/4c4/3A5/3K5/6r2 w,-0.8510054,682
2bak1b2/9/5a3/p8/8C/4p2R1/4c4/3A5/3K5/6r2 b,0.8668677,5274
2bak1b2/9/5a3/p8/8C/4p2R1/c8/3A5/3K5/6r2 w,-0.8394323,4729
2bak1b2/9/5a3/p8/8C/4R4/c8/3A5/3K5/6r2 b,0.83397365,2083
2bak1b2/4a4/9/p8/8C/4R4/c8/3A5/3K5/6r2 w,-0.82801807,4000
2bak1b2/4a4/9/p8/4C4/4R4/c8/3A5/3K5/6r2 b,0.8270959,1193
2bak1b2/9/5a3/p8/4C4/4R4/c8/3A5/3K5/6r2 w,-0.82148474,4468
2bak1b2/9/5a3/p8/4C4/9/c3R4/3A5/3K5/6r2 b,0.8323722,4896
2bak1b2/9/5a3/p8/c3C4/9/4R4/3A5/3K5/6r2 w,-0.819944,5277
2bak1b2/9/5a3/p8/c3C4/9/3R5/3A5/3K5/6r2 b,0.8379106,7915
2bak1b2/9/5a3/p8/c3C4/9/3R5/3A5/3K5/4r4 w,-0.820009,3658
2bak1b2/9/5a3/p8/c8/9/3RC4/3A5/3K5/4r4 b,0.8242624,3282
2bak1b2/9/5a3/p8/6c2/9/3RC4/3A5/3K5/4r4 w,-0.8091435,5160
2bak1b2/9/5a3/p2R5/6c2/9/4C4/3A5/3K5/4r4 b,0.8272066,3867
2bak1b2/9/5a3/p2R5/9/9/4C4/3A5/3K5/4r1c2 w,-0.80792534,2733
2bak1b2/9/5a3/p5R2/9/9/4C4/3A5/3K5/4r1c2 b,0.8245399,7919
2bak1b2/9/5a3/p5R2/9/9/4C4/3A5/3K5/4r3c w,-0.8278354,2976
2bak1R2/9/5a3/p8/9/9/4C4/3A5/3K5/4r3c b,0.8203911,373
2ba2R2/4k4/5a3/p8/9/9/4C4/3A5/3K5/4r3c w,-0.80934805,582
2ba5/4k4/5a3/p8/6R2/9/4C4/3A5/3K5/4r3c b,0.88716716,7708
2ba5/4k4/5a3/p8/6R2/9/4r4/3A5/3K5/8c w,-0.88712776,3818
2ba5/4k4/5a3/p8/2R6/9/4r4/3A5/3K5/8c b,0.8953597,8072
2ba5/4k4/5a3/p8/2R6/9/4r3c/3A5/3K5/9 w,-0.8875969,3431
2ba5/2R1k4/5a3/p8/9/9/4r3c/3A5/3K5/9 b,0.8939331,1174
2bak4/2R6/5a3/p8/9/9/4r3c/3A5/3K5/9 w,-0.8925705,992
2Rak4/9/5a3/p8/9/9/4r3c/3A5/3K5/9 b,0.894358,5279
2Rak4/9/5a3/p8/9/9/5r2c/3A5/3K5/9 w,-0.8853857,209
3ak4/9/5a3/p1R6/9/9/5r2c/3A5/3K5/9 b,0.8960616,2466
3ak4/9/5a3/2R6/p8/9/5r2c/3A5/3K5/9 w,-0.8850491,2641
3ak4/9/5a3/4R4/p8/9/5r2c/3A5/3K5/9 b,0.885187,2083
3ak4/4a4/9/4R4/p8/9/5r2c/3A5/3K5/9 w,-0.8835376,6826
3ak4/4a4/9/4R4/p8/9/5r2c/3A5/4K4/9 b,0.88891023,3285
3ak4/4a4/9/4R4/9/p8/5r2c/3A5/4K4/9 w,-0.87821054,2825
3ak4/4a4/9/8R/9/p8/5r2c/3A5/4K4/9 b,0.88970816,5368
3ak4/4a4/9/8R/9/p8/4r3c/3A5/4K4/9 w,-0.89153665,6917
3ak4/4a4/9/8R/9/p8/4r3c/3A5/5K3/9 b,0.89308584,5639
3ak4/4a4/9/8R/9/p8/4rc3/3A5/5K3/9 w,-0.89396816,3158
3ak3R/4a4/9/9/9/p8/4rc3/3A5/5K3/9 b,0.90369403,5315
3akc2R/4a4/9/9/9/p8/4r4/3A5/5K3/9 w,-0.90246356,726
3akcR2/4a4/9/9/9/p8/4r4/3A5/5K3/9 b,0.91606057,5287
3akcR2/4a4/9/9/9/p8/9/3Ar4/5K3/9 w,-0.8966112,6016
3akcR2/4a4/9/9/9/p8/9/4r4/4AK3/9 b,0.924437,4096
3akcR2/4a4/9/9/9/1p7/9/4r4/4AK3/9 w,-0.90620965,6924
3akcR2/4a4/9/9/9/1p7/9/4r4/5K3/3A5 b,0.9168303,4195
3akcR2/4a4/9/9/9/9/1p7/4r4/5K3/3A5 w,-0.9022718,7016
3akcR2/4a4/9/9/9/9/1p7/4r4/9/3A1K3 b,0.9150135,6052
3akcR2/4a4/4r4/9/9/9/1p7/9/9/3A1K3 w,-0.90679306,7817
3akcR2/4a4/4r4/9/9/9/1p7/9/5K3/3A5 b,0.9348457,2065
3akcR2/4a4/9/9/9/9/1p7/9/5K3/3Ar4 w,-0.916566,564
3akc3/4a4/6R2/9/9/9/1p7/9/5K3/3Ar4 b,1,1193
rnbakabnr/9/1c5c1/p1p1p1p1p/9/9/P1P1P1P1P/1C5C1/9/RNBAKABNR w,0.0018178702,5827
rnbakabnr/9/1c5c1/p1p1p1p1p/9/9/P1P1P1P1P/4C2C1/9/RNBAKABNR b,-0.0017798304,110
r1bakabnr/9/1cn4c1/p1p1p1p1p/9/9/P1P1P1P1P/4C2C1/9/RNBAKABNR w,0.0018169641,7445
r1bakabnr/9/1cn4c1/p1p1p1p1p/9/9/P1P1P1P1P/2N1C2C1/9/R1BAKABNR b,-0.0018089175,562
r1baka1nr/9/1cn1b2c1/p1p1p1p1p/9/9/P1P1P1P1P/2N1C2C1/9/R1BAKABNR w,0.001935196,7372
r1baka1nr/9/1cn1b2c1/p1p1p1p1p/9/9/P1P1P1P1P/2N1C2C1/9/1RBAKABNR b,-0.0017664075,1
1rbaka1nr/9/1cn1b2c1/p1p1p1p1p/9/9/P1P1P1P1P/2N1C2C1/9/1RBAKABNR w,0.0016941071,6368
1rbaka1nr/9/1cn1b2c1/p1p1p1p1p/9/9/P1P1P1P1P/2N1CC3/9/1RBAKABNR b,-0.0012789011,654
1rbaka2r/9/1cn1b1nc1/p1p1p1p1p/9/9/P1P1P1P1P/2N1CC3/9/1RBAKABNR w,0.0016003847,7989
1rbaka2r/9/1cn1b1nc1/p1p1p1p1p/9/9/P1P1P1P1P/2N1CCN2/9/1RBAKAB1R b,-0.0015007735,3012
1rbaka2r/9/1cn1b1nc1/p1p1p3p/6p2/9/P1P1P1P1P/2N1CCN2/9/1RBAKAB1R w,0.0018723011,8098
1rbaka2r/9/1cn1b1nc1/p1p1p3p/6p2/9/P1P1P1P1P/2N1CCN2/9/1RBAKABR1 b,-0.0020183683,727
1rbaka1r1/9/1cn1b1nc1/p1p1p3p/6p2/9/P1P1P1P1P/2N1CCN2/9/1RBAKABR1 w,0.002513051,5087
1rbaka1r1/9/1cn1b1nc1/p1p1p3p/6p2/2P6/P3P1P1P/2N1CCN2/9/1RBAKABR1 b,-0.0021549107,1765
1rbaka1r1/9/2n1b1nc1/p1p1p3p/6p2/2P6/Pc2P1P1P/2N1CCN2/9/1RBAKABR1 w,0.0047060014,5898
1rbaka1r1/9/2n1b1nc1/p1p1p3p/6p2/2PN5/Pc2P1P1P/4CCN2/9/1RBAKABR1 b,-0.0063478947,2311
1rbaka1r1/9/2n1b1n2/p1p1p3p/6p2/2PN5/Pc2P1PcP/4CCN2/9/1RBAKABR1 w,0.007928371,6143
1rbaka1r1/9/2n1bCn2/p1p1p3p/6p2/2PN5/Pc2P1PcP/4C1N2/9/1RBAKABR1 b,-0.0090389615,1986
1rbakabr1/9/2n2Cn2/p1p1p3p/6p2/2PN5/Pc2P1PcP/4C1N2/9/1RBAKABR1 w,0.018145729,4351
1rbakabr1/9/2n2Cn2/p1p1N3p/6p2/2P6/Pc2P1PcP/4C1N2/9/1RBAKABR1 b,-0.0047743083,1831
1rbakabr1/9/5Cn2/p1p1n3p/6p2/2P6/Pc2P1PcP/4C1N2/9/1RBAKABR1 w,0.005062294,6061
1rbakabr1/9/5Cn2/p1p1C3p/6p2/2P6/Pc2P1PcP/6N2/9/1RBAKABR1 b,0.009039665,109
2bakabr1/9/1r3Cn2/p1p1C3p/6p2/2P6/Pc2P1PcP/6N2/9/1RBAKABR1 w,0.0020567894,2839
2bakabr1/9/1r3Cn2/p1p5p/6p2/2P1C4/Pc2P1PcP/6N2/9/1RBAKABR1 b,0.0015790701,1733
2bakabr1/9/5rn2/p1p5p/6p2/2P1C4/Pc2P1PcP/6N2/9/1RBAKABR1 w,0.0096654175,7435
2bakabr1/9/5rn2/p1p5p/6p2/2P1C4/PR2P1PcP/6N2/9/2BAKABR1 b,-0.008113789,2129
2bakabr1/9/6n2/p1p5p/6p2/2P1C4/PR2PrPcP/6N2/9/2BAKABR1 w,0.014972162,4987
2bakabr1/9/6n2/p1p5p/1R4p2/2P1C4/P3PrPcP/6N2/9/2BAKABR1 b,-0.004391372,2201
2bakabr1/9/9/p1p5p/1R3np2/2P1C4/P3PrPcP/6N2/9/2BAKABR1 w,0.02098999,7537
2bakabr1/9/9/p1p5p/1R3np2/2P1C4/P3PrPcP/4B1N2/9/3AKABR1 b,-0.0044964314,3748
2bakabr1/9/9/p1p5p/1R4p2/2P1C4/P3nrPcP/4B1N2/9/3AKABR1 w,0.0057180645,6268
2bakabr1/9/9/p1p5p/1R4p2/2P1C4/P3NrPcP/4B4/9/3AKABR1 b,0.0029325485,5368
2bakabr1/9/9/p1p5p/1R4p2/2P1C4/P3r1PcP/4B4/9/3AKABR1 w,-0.0017254472,3370
2bakabr1/9/9/p1p5p/4R1p2/2P1C4/P3r1PcP/4B4/9/3AKABR1 b,0.004741764,562
2baka1r1/9/4b4/p1p5p/4R1p2/2P1C4/P3r1PcP/4B4/9/3AKABR1 w,0.0034410476,4268
2baka1r1/9/4b4/p1p5p/2P1R1p2/4C4/P3r1PcP/4B4/9/3AKABR1 b,-0.0023059489,283
2b1ka1r1/4a4/4b4/p1p5p/2P1R1p2/4C4/P3r1PcP/4B4/9/3AKABR1 w,0.010385871,3449
2b1ka1r1/4a4/4b4/p1P5p/4R1p2/4C4/P3r1PcP/4B4/9/3AKABR1 b,0.0026586296,682
2b1ka3/4a4/4b4/p1P5p/4R1p2/4C2r1/P3r1PcP/4B4/9/3AKABR1 w,0.015679717,7999
2b1ka3/4a4/4b4/p1P5p/4R1p2/4C2r1/P3r1PcP/4B4/7R1/3AKAB2 b,-0.0022752048,5280
2b1ka3/4a4/4b4/p1P5p/4R1p2/4C2r1/P5rcP/4B4/7R1/3AKAB2 w,0.015084887,7185
2b1ka3/4a4/4b4/p1P5p/4R1p2/4C2r1/P5rcP/4B4/3R5/3AKAB2 b,0.002843213,5456
2b1ka3/4a4/4b4/p1P5p/4R1p2/4C2r1/P1r4cP/4B4/3R5/3AKAB2 w,0.014140558,4468
2b1ka3/4a4/4b4/p1P5p/4R1p2/7r1/P1r1C2cP/4B4/3R5/3AKAB2 b,-0.0080893515,5069
2b1ka3/4a4/4b4/p1r5p/4R1p2/7r1/P3C2cP/4B4/3R5/3AKAB2 w,0.026034951,6762
2b1ka3/3Ra4/4b4/p1r5p/4R1p2/7r1/P3C2cP/4B4/9/3AKAB2 b,-0.014109659,4705
2b1ka3/3Ra4/4b2r1/p1r5p/4R1p2/9/P3C2cP/4B4/9/3AKAB2 w,0.027677013,5242
2b1ka3/3Ra4/4C2r1/p1r5p/4R1p2/9/P6cP/4B4/9/3AKAB2 b,-0.0035903573,2272
2b1ka3/3Ra4/4r4/p1r5p/4R1p2/9/P6cP/4B4/9/3AKAB2 w,0.006994605,3622
2b1ka3/3Ra4/4R4/p1r5p/6p2/9/P6cP/4B4/9/3AKAB2 b,0.007817364,5506
2b1ka3/3Ra2c1/4R4/p1r5p/6p2/9/P7P/4B4/9/3AKAB2 w,0.0037742138,2001
2b1ka3/3Ra2c1/3R5/p1r5p/6p2/9/P7P/4B4/9/3AKAB2 b,0.010770631,1191
2b1ka3/3R3c1/3a5/p1r5p/6p2/9/P7P/4B4/9/3AKAB2 w,0.0013533355,1096
2b1ka3/7R1/3a5/p1r5p/6p2/9/P7P/4B4/9/3AKAB2 b,0.000554657,1903
2b1ka3/4a2R1/9/p1r5p/6p2/9/P7P/4B4/9/3AKAB2 w,0.00054762367,5633
2b1ka3/4a2R1/9/p1r5p/6p2/8P/P8/4B4/9/3AKAB2 b,-0.0013090968,2666
2b1ka3/4a2R1/9/p7p/6p2/8P/P1r6/4B4/9/3AKAB2 w,0.0019022942,1474
2b1ka3/4a4/9/p6Rp/6p2/8P/P1r6/4B4/9/3AKAB2 b,-0.000730896,5094
2b1ka3/4a4/9/p6Rp/6p2/8P/r8/4B4/9/3AKAB2 w,0.002690029,3095
2b1ka3/4a4/9/p7R/6p2/8P/r8/4B4/9/3AKAB2 b,-0.0025968433,4915
2b1ka3/4a4/9/p7R/6p2/8P/1r7/4B4/9/3AKAB2 w,0.0054074763,3177
2b1ka3/4a4/9/R8/6p2/8P/1r7/4B4/9/3AKAB2 b,-0.005419505,5012
2b1ka3/4a4/9/R8/6p2/8P/8r/4B4/9/3AKAB2 w,0.014343167,2475
2b1ka3/4a4/9/9/6p2/R7P/8r/4B4/9/3AKAB2 b,-0.00815568,1191
2b1ka3/9/3a5/9/6p2/R7P/8r/4B4/9/3AKAB2 w,0.00707438,4099
2b1ka3/9/3a5/9/6p2/4R3P/8r/4B4/9/3AKAB2 b,-0.004921949,463
2b1k4/4a4/3a5/9/6p2/4R3P/8r/4B4/9/3AKAB2 w,0.008100295,4462
2b1k4/4a4/3a5/9/6p2/7RP/8r/4B4/9/3AKAB2 b,-0.0075603845,202
4k4/4a4/3ab4/9/6p2/7RP/8r/4B4/9/3AKAB2 w,0.006882358,4687
4k2R1/4a4/3ab4/9/6p2/8P/8r/4B4/9/3AKAB2 b,-0.005023718,1175
4ka1R1/9/3ab4/9/6p2/8P/8r/4B4/9/3AKAB2 w,0.006802559,655
4ka3/9/3ab2R1/9/6p2/8P/8r/4B4/9/3AKAB2 b,-0.0042158365,5633
4ka3/9/3ab2R1/9/6p2/8r/9/4B4/9/3AKAB2 w,0.0051774266,2272
4ka3/9/3aR4/9/6p2/8r/9/4B4/9/3AKAB2 b,-0.0064307093,463
4k4/4a4/3aR4/9/6p2/8r/9/4B4/9/3AKAB2 w,0.0072155,2005
4k4/4a4/3a3R1/9/6p2/8r/9/4B4/9/3AKAB2 b,-0.004035771,4820
4k4/4a4/3a3R1/9/6p2/5r3/9/4B4/9/3AKAB2 w,0.005211878,2257
4k2R1/4a4/3a5/9/6p2/5r3/9/4B4/9/3AKAB2 b,-0.004704976,1175
4ka1R1/9/3a5/9/6p2/5r3/9/4B4/9/3AKAB2 w,0.006095338,673
4ka3/9/3a5/9/6pR1/5r3/9/4B4/9/3AKAB2 b,-0.006287265,4541
4ka3/9/3a5/9/5rpR1/9/9/4B4/9/3AKAB2 w,0.007593203,7816
4ka3/9/3a5/9/5rpR1/9/9/4B4/4A4/3AK1B2 b,-0.0071890117,1903
4ka3/4a4/9/9/5rpR1/9/9/4B4/4A4/3AK1B2 w,0.0074007274,3922
4ka3/4a4/9/9/5rp2/7R1/9/4B4/4A4/3AK1B2 b,-0.006444931,3713
4ka3/4a4/5r3/9/6p2/7R1/9/4B4/4A4/3AK1B2 w,0.007471204,4725
4ka3/4a4/5r3/9/6p2/R8/9/4B4/4A4/3AK1B2 b,-0.0021281242,363
3k1a3/4a4/5r3/9/6p2/R8/9/4B4/4A4/3AK1B2 w,0.00095875264,4050
R2k1a3/4a4/5r3/9/6p2/9/9/4B4/4A4/3AK1B2 b,-0.0034142972,282
R4a3/3ka4/5r3/9/6p2/9/9/4B4/4A4/3AK1B2 w,-0.008541167,9
5a3/R2ka4/5r3/9/6p2/9/9/4B4/4A4/3AK1B2 b,0.0027020455,1083
3k1a3/R3a4/5r3/9/6p2/9/9/4B4/4A4/3AK1B2 w,0.008393479,882
3k1a3/4a4/5r3/9/6p2/9/9/4B4/R3A4/3AK1B2 b,-0.0064742686,274
4ka3/4a4/5r3/9/6p2/9/9/4B4/R3A4/3AK1B2 w,0.004872203,6480
R3ka3/4a4/5r3/9/6p2/9/9/4B4/4A4/3AK1B2 b,-0.00460788,1173
R2aka3/9/5r3/9/6p2/9/9/4B4/4A4/3AK1B2 w,0.004806948,27
3aka3/9/5r3/R8/6p2/9/9/4B4/4A4/3AK1B2 b,-0.004636121,463
3ak4/4a4/5r3/R8/6p2/9/9/4B4/4A4/3AK1B2 w,0.0055128816,2463
3ak4/4a4/5r3/6R2/6p2/9/9/4B4/4A4/3AK1B2 b,-0.00472852,2111
3ak4/4a4/9/6R2/5rp2/9/9/4B4/4A4/3AK1B2 w,0.0047195195,2976
3ak1R2/4a4/9/9/5rp2/9/9/4B4/4A4/3AK1B2 b,-0.0059904456,3695
3akrR2/4a4/9/9/6p2/9/9/4B4/4A4/3AK1B2 w,0.0070644617,582
3akr3/4a4/9/9/6R2/9/9/4B4/4A4/3AK1B2 b,-0.006265748,482
3ak4/4a4/9/5r3/6R2/9/9/4B4/4A4/3AK1B2 w,0.0061781886,3786
3ak1R2/4a4/9/5r3/9/9/9/4B4/4A4/3AK1B2 b,-0.0054730535,1175
3akaR2/9/9/5r3/9/9/9/4B4/4A4/3AK1B2 w,0.0052826884,582
3aka3/9/9/5r3/6R2/9/9/4B4/4A4/3AK1B2 b,-0.0073455456,283
4ka3/4a4/9/5r3/6R2/9/9/4B4/4A4/3AK1B2 w,0.0069811107,3817
4ka3/4a4/9/5r3/1R7/9/9/4B4/4A4/3AK1B2 b,-0.005761099,1173
3aka3/9/9/5r3/1R7/9/9/4B4/4A4/3AK1B2 w,0.006063199,3370
3aka3/9/9/5r3/4R4/9/9/4B4/4A4/3AK1B2 b,-0.0068536284,463
3ak4/4a4/9/5r3/4R4/9/9/4B4/4A4/3AK1B2 w,0.0049256324,3644
3ak4/4a4/9/5r3/8R/9/9/4B4/4A4/3AK1B2 b,-0.00607245,1175
3aka3/9/9/5r3/8R/9/9/4B4/4A4/3AK1B2 w,0.005095482,3997
3aka3/9/9/5r3/1R7/9/9/4B4/4A4/3AK1B2 b,-0.004461217,463
3ak4/4a4/9/5r3/1R7/9/9/4B4/4A4/3AK1B2 w,0.008774924,3385
3ak4/4a4/9/5r3/9/9/1R7/4B4/4A4/3AK1B2 b,-0.008339763,2903
3ak4/4a4/5r3/9/9/9/1R7/4B4/4A4/3AK1B2 w,0.006500888,5011
3ak4/4a4/5r3/9/9/9/7R1/4B4/4A4/3AK1B2 b,-0.007233882,1175
3aka3/9/5r3/9/9/9/7R1/4B4/4A4/3AK1B2 w,0.0064862254,5548
3aka3/9/5r3/9/9/9/4R4/4B4/4A4/3AK1B2 b,-0.005872238,463
3ak4/4a4/5r3/9/9/9/4R4/4B4/4A4/3AK1B2 w,0.0077367546,6908
3ak4/4a4/5r3/9/9/9/4R4/4BA3/9/3AK1B2 b,-0.006290889,2138
3ak4/4a4/9/9/9/9/4R4/4Br3/9/3AK1B2 w,0.0067808153,7636
3ak4/4a4/9/9/9/9/4R4/4Br3/4A4/4K1B2 b,-0.0064875605,6161
3ak4/4a4/9/9/5r3/9/4R4/4B4/4A4/4K1B2 w,0.0052058697,5280
3ak4/4a4/9/9/5r3/9/6R2/4B4/4A4/4K1B2 b,-0.0032087087,365
3a1k3/4a4/9/9/5r3/9/6R2/4B4/4A4/4K1B2 w,0.00013780594,5406
3a1kR2/4a4/9/9/5r3/9/9/4B4/4A4/4K1B2 b,-0.0034530282,464
3a2R2/4ak3/9/9/5r3/9/9/4B4/4A4/4K1B2 w,-0.00070794823,555
3a5/4akR2/9/9/5r3/9/9/4B4/4A4/4K1B2 b,0.0001443863,1265
3a1k3/4a1R2/9/9/5r3/9/9/4B4/4A4/4K1B2 w,0.007907105,1383
3a1k3/4a4/9/6R2/5r3/9/9/4B4/4A4/4K1B2 b,-0.002013564,1193
3a1k3/9/5a3/6R2/5r3/9/9/4B4/4A4/4K1B2 w,0.010121035,3000
3a1k3/9/5a3/3R5/5r3/9/9/4B4/4A4/4K1B2 b,-0.0038651705,2083
3a1k3/4a4/9/3R5/5r3/9/9/4B4/4A4/4K1B2 w,0.010523915,2735
3a1k3/4a4/9/8R/5r3/9/9/4B4/4A4/4K1B2 b,-0.005350447,3733
3a1k3/4a4/9/8R/7r1/9/9/4B4/4A4/4K1B2 w,0.004923654,3158
3a1k2R/4a4/9/9/7r1/9/9/4B4/4A4/4K1B2 b,-0.0059530735,464
3a4R/4ak3/9/9/7r1/9/9/4B4/4A4/4K1B2 w,0.0002691269,737
3a5/4ak2R/9/9/7r1/9/9/4B4/4A4/4K1B2 b,-0.001236999,1265
3a1k3/4a3R/9/9/7r1/9/9/4B4/4A4/4K1B2 w,0.009988904,1592
3a1k3/4a4/9/9/7r1/9/8R/4B4/4A4/4K1B2 b,-0.0059159757,3958
3a1k3/4a4/9/9/9/9/8R/4B4/4A4/4K1Br1 w,0.010528541,5639
3a1k3/4a4/9/9/9/9/5R3/4B4/4A4/4K1Br1 b,-0.007657969,454
3ak4/4a4/9/9/9/9/5R3/4B4/4A4/4K1Br1 w,0.007327724,5370
3ak4/4a4/9/9/9/9/6R2/4B4/4A4/4K1Br1 b,-0.0048024775,7972
3ak4/4a4/9/9/9/7r1/6R2/4B4/4A4/4K1B2 w,0.005111456,5406
3ak1R2/4a4/9/9/9/7r1/9/4B4/4A4/4K1B2 b,-0.0043242695,1175
3akaR2/9/9/9/9/7r1/9/4B4/4A4/4K1B2 w,0.007467604,600
3aka3/9/9/9/9/7r1/6R2/4B4/4A4/4K1B2 b,-0.0073457244,4723
3aka3/9/9/9/7r1/9/6R2/4B4/4A4/4K1B2 w,0.0066821813,5458
3aka3/9/9/9/7r1/9/4R4/4B4/4A4/4K1B2 b,-0.00630188,463
3ak4/4a4/9/9/7r1/9/4R4/4B4/4A4/4K1B2 w,0.0056136847,5251
3ak4/4a4/9/4R4/7r1/9/9/4B4/4A4/4K1B2 b,-0.0040159705,3912
3ak4/4a4/9/4R4/6r2/9/9/4B4/4A4/4K1B2 w,0.0063295844,2825
3ak4/4a4/9/8R/6r2/9/9/4B4/4A4/4K1B2 b,-0.002987194,1193
3ak4/9/5a3/8R/6r2/9/9/4B4/4A4/4K1B2 w,0.008063006,3158
3ak3R/9/5a3/9/6r2/9/9/4B4/4A4/4K1B2 b,-0.0074616554,373
3a4R/4k4/5a3/9/6r2/9/9/4B4/4A4/4K1B2 w,0.013384819,723
3R5/4k4/5a3/9/6r2/9/9/4B4/4A4/4K1B2 b,-0.00750947,3817
3R5/4k4/5a3/9/1r7/9/9/4B4/4A4/4K1B2 w,0.019556928,291
9/4k4/3R1a3/9/1r7/9/9/4B4/4A4/4K1B2 b,-0.01598624,3412
9/4k4/3R1a3/9/9/9/9/4B4/4A4/1r2K1B2 w,0.019303013,6924
9/4k4/3R1a3/9/9/9/9/4B4/9/1r1AK1B2 b,-0.016116297,7435
9/4k4/3R1a3/9/9/9/1r7/4B4/9/3AK1B2 w,0.025974011,1913
9/4k4/5R3/9/9/9/1r7/4B4/9/3AK1B2 b,-0.028106142,4987
9/4k4/5R3/9/1r7/9/9/4B4/9/3AK1B2 w,0.035583925,2129
9/4k4/9/9/1r7/9/5R3/4B4/9/3AK1B2 b,-0.02835908,3370
9/4k4/9/9/4r4/9/5R3/4B4/9/3AK1B2 w,0.036783982,7636
9/4k4/9/9/4r4/9/5R3/4B4/4A4/4K1B2 b,-0.033313036,3638
9/4k4/9/9/2r6/9/5R3/4B4/4A4/4K1B2 w,0.03861749,7736
9/4k4/9/9/2r6/9/5R3/4B4/4A4/5KB2 b,-0.03261981,3460
9/4k4/9/9/4r4/9/5R3/4B4/4A4/5KB2 w,0.030358482,6077
9/4k4/9/9/4r4/2B6/5R3/9/4A4/5KB2 b,-0.026054526,3676
9/4k4/9/9/9/2B6/5R3/9/4r4/5KB2 w,0.028054237,5324
9/4kR3/9/9/9/2B6/9/9/4r4/5KB2 b,-0.03131863,1174
4k4/5R3/9/9/9/2B6/9/9/4r4/5KB2 w,0.041787077,1283
4k4/9/5R3/9/9/2B6/9/9/4r4/5KB2 b,-0.033986222,6925
4k4/9/5R3/9/9/2B6/9/9/9/4rKB2 w,0.019902421,7817
4k4/9/5R3/9/9/2B6/9/9/5K3/4r1B2 b,-0.0055927993,7708
4k4/9/5R3/9/9/2B6/4r4/9/5K3/6B2 w,0.027358413,2084
4k4/5R3/9/9/9/2B6/4r4/9/5K3/6B2 b,-0.019541705,5305
4k4/5R3/9/9/9/2B6/9/9/5K3/4r1B2 w,0.03951633,7901
4k4/5R3/9/9/9/2B6/9/8B/5K3/4r4 b,-0.011409712,7699
4k4/5R3/9/9/9/2B1r4/9/8B/5K3/9 w,0.027263476,1301
4k4/9/9/9/5R3/2B1r4/9/8B/5K3/9 b,-0.0057068826,4457
4k4/9/9/9/5R3/2r6/9/8B/5K3/9 w,0.0147765875,3730
4k4/9/9/9/4R4/2r6/9/8B/5K3/9 b,-0.0193887,363
3k5/9/9/9/4R4/2r6/9/8B/5K3/9 w,0.028687311,7006
3k5/9/9/9/4R4/2r6/9/8B/4K4/9 b,-0.019155467,4278
3k5/9/9/9/4R4/3r5/9/8B/4K4/9 w,0.024291277,6477
3k5/9/9/9/4R4/3r5/9/9/4K4/6B2 b,-0.008944106,282
9/3k5/9/9/4R4/3r5/9/9/4K4/6B2 w,0.007190013,3613
9/3kR4/9/9/9/3r5/9/9/4K4/6B2 b,-0.016636038,1083
3k5/4R4/9/9/9/3r5/9/9/4K4/6B2 w,0.023365522,1192
3k5/9/4R4/9/9/3r5/9/9/4K4/6B2 b,-0.024336828,4395
3k5/9/4R4/9/9/9/9/9/3rK4/6B2 w,0.01636293,6925
3k5/9/4R4/9/9/9/9/9/3r5/4K1B2 b,-0.024274683,6834
3k5/9/4R4/9/9/9/9/9/9/3rK1B2 w,0.021976305,7726
3k5/9/4R4/9/9/9/9/9/4K4/3r2B2 b,-0.015945364,282
9/3k5/4R4/9/9/9/9/9/4K4/3r2B2 w,0.023327589,1993
9/3kR4/9/9/9/9/9/9/4K4/3r2B2 b,-0.022918094,1083
3k5/4R4/9/9/9/9/9/9/4K4/3r2B2 w,0.008396864,1174
3kR4/9/9/9/9/9/9/9/4K4/3r2B2 b,-0.012905884,282
4R4/3k5/9/9/9/9/9/9/4K4/3r2B2 w,0.020354176,391
9/3k5/9/4R4/9/9/9/9/4K4/3r2B2 b,-0.015404082,7581
9/3k5/3r5/4R4/9/9/9/9/4K4/6B2 w,0.02273264,7901
9/3k5/3r5/4R4/9/9/9/8B/4K4/9 b,-0.018166387,1965
9/3k5/9/4R4/9/9/9/8B/3rK4/9 w,0.015865183,6925
9/3k5/9/4R4/9/9/9/8B/3r5/4K4 b,-0.022955848,6834
9/3k5/9/4R4/9/9/9/8B/9/3rK4 w,0.019347524,7726
9/3k5/9/4R4/9/9/9/8B/4K4/3r5 b,-0.012117016,7581
9/3k5/3r5/4R4/9/9/9/8B/4K4/9 w,0.02677207,2794
4R4/3k5/3r5/9/9/9/9/8B/4K4/9 b,-0.010781336,1929
4R4/3k5/9/9/3r5/9/9/8B/4K4/9 w,0.01531558,373
9/3kR4/9/9/3r5/9/9/8B/4K4/9 b,-0.017050017,1083
3k5/4R4/9/9/3r5/9/9/8B/4K4/9 w,0.025735665,6477
3k5/4R4/9/9/3r5/9/9/9/4K4/6B2 b,0,3594
rnbakabnr/9/1c5c1/p1p1p1p1p/9/9/P1P1P1P1P/1C5C1/9/RNBAKABNR w,0.0017991782,5827
rnbakabnr/9/1c5c1/p1p1p1p1p/9/9/P1P1P1P1P/4C2C1/9/RNBAKABNR b,-0.0017677665,110
r1bakabnr/9/1cn4c1/p1p1p1p1p/9/9/P1P1P1P1P/4C2C1/9/RNBAKABNR w,0.0018243551,7445
r1bakabnr/9/1cn4c1/p1p1p1p1p/9/9/P1P1P1P1P/2N1C2C1/9/R1BAKABNR b,-0.001838088,562
r1baka1nr/9/1cn1b2c1/p1p1p1p1p/9/9/P1P1P1P1P/2N1C2C1/9/R1BAKABNR w,0.0019419909,7372
r1baka1nr/9/1cn1b2c1/p1p1p1p1p/9/9/P1P1P1P1P/2N1C2C1/9/1RBAKABNR b,-0.0017652154,1
1rbaka1nr/9/1cn1b2c1/p1p1p1p1p/9/9/P1P1P1P1P/2N1C2C1/9/1RBAKABNR w,0.0017125607,6368
1rbaka1nr/9/1cn1b2c1/p1p1p1p1p/9/9/P1P1P1P1P/2N1CC3/9/1RBAKABNR b,-0.0012943745,654
1rbaka2r/9/1cn1b1nc1/p1p1p1p1p/9/9/P1P1P1P1P/2N1CC3/9/1RBAKABNR w,0.0015803337,7989
1rbaka2r/9/1cn1b1nc1/p1p1p1p1p/9/9/P1P1P1P1P/2N1CCN2/9/1RBAKAB1R b,-0.0013729454,3012
1rbaka2r/9/1cn1b1nc1/p1p1p3p/6p2/9/P1P1P1P1P/2N1CCN2/9/1RBAKAB1R w,0.0018861771,8098
1rbaka2r/9/1cn1b1nc1/p1p1p3p/6p2/9/P1P1P1P1P/2N1CCN2/9/1RBAKABR1 b,-0.0018853665,727
1rbaka1r1/9/1cn1b1nc1/p1p1p3p/6p2/9/P1P1P1P1P/2N1CCN2/9/1RBAKABR1 w,0.0027678253,5087
1rbaka1r1/9/1cn1b1nc1/p1p1p3p/6p2/2P6/P3P1P1P/2N1CCN2/9/1RBAKABR1 b,-0.0021298886,1765
1rbaka1r1/9/2n1b1nc1/p1p1p3p/6p2/2P6/Pc2P1P1P/2N1CCN2/9/1RBAKABR1 w,0.0047115325,5898
1rbaka1r1/9/2n1b1nc1/p1p1p3p/6p2/2PN5/Pc2P1P1P/4CCN2/9/1RBAKABR1 b,-0.0064264177,2311
1rbaka1r1/9/2n1b1n2/p1p1p3p/6p2/2PN5/Pc2P1PcP/4CCN2/9/1RBAKABR1 w,0.007826424,6143
1rbaka1r1/9/2n1bCn2/p1p1p3p/6p2/2PN5/Pc2P1PcP/4C1N2/9/1RBAKABR1 b,-0.0090389615,1986
1rbakabr1/9/2n2Cn2/p1p1p3p/6p2/2PN5/Pc2P1PcP/4C1N2/9/1RBAKABR1 w,0.018145729,4351
1rbakabr1/9/2n2Cn2/p1p1N3p/6p2/2P6/Pc2P1PcP/4C1N2/9/1RBAKABR1 b,-0.0047512054,1831
1rbakabr1/9/5Cn2/p1p1n3p/6p2/2P6/Pc2P1PcP/4C1N2/9/1RBAKABR1 w,0.005099082,6061
1rbakabr1/9/5Cn2/p1p1C3p/6p2/2P6/Pc2P1PcP/6N2/9/1RBAKABR1 b,0.009039665,109
2bakabr1/9/1r3Cn2/p1p1C3p/6p2/2P6/Pc2P1PcP/6N2/9/1RBAKABR1 w,0.0019269943,2839
2bakabr1/9/1r3Cn2/p1p5p/6p2/2P1C4/Pc2P1PcP/6N2/9/1RBAKABR1 b,0.0013484479,1733
2bakabr1/9/5rn2/p1p5p/6p2/2P1C4/Pc2P1PcP/6N2/9/1RBAKABR1 w,0.0099551445,7435
2bakabr1/9/5rn2/p1p5p/6p2/2P1C4/PR2P1PcP/6N2/9/2BAKABR1 b,-0.007027888,2201
2bakabr1/9/5r3/p1p5p/5np2/2P1C4/PR2P1PcP/6N2/9/2BAKABR1 w,0.014080859,4987
2bakabr1/9/5r3/p1p5p/1R3np2/2P1C4/P3P1PcP/6N2/9/2BAKABR1 b,-0.008311677,3750
2bakabr1/9/5r3/p1p5p/1R4p2/2P1C4/P3P1ncP/6N2/9/2BAKABR1 w,0.019244432,3372
2bakabr1/9/5r3/p1p5p/6R2/2P1C4/P3P1ncP/6N2/9/2BAKABR1 b,-0.0054848315,5449
2bakabr1/9/5r3/p1p5p/6R2/2P1n4/P3P2cP/6N2/9/2BAKABR1 w,0.005648756,5269
2bakabr1/9/5r3/p1p5p/6R2/2P1P4/P6cP/6N2/9/2BAKABR1 b,0.0006263495,5560
2bakabr1/9/5r3/p1p5p/6R2/2P1P4/P7P/6Nc1/9/2BAKABR1 w,0.009852695,7999
2bakabr1/9/5r3/p1p5p/6R2/2P1P4/P7P/6Nc1/7R1/2BAKAB2 b,0.001931715,2138
2bakabr1/9/9/p1p5p/6R2/2P1P4/P7P/5rNc1/7R1/2BAKAB2 w,0.0004056692,3813
2bakabr1/9/9/p1p3R1p/9/2P1P4/P7P/5rNc1/7R1/2BAKAB2 b,-0.0038568974,6361
2bakabr1/9/9/p1p3R1p/9/2P1P4/P6cP/5rN2/7R1/2BAKAB2 w,0.020062018,6290
2bakabr1/9/9/p1p3R1p/9/2P1P4/P6cP/5r3/7RN/2BAKAB2 b,-0.00635972,5560
2bakabr1/9/9/p1p3R1p/9/2P1P4/P7P/5r1c1/7RN/2BAKAB2 w,0.013652372,2999
2bakabr1/9/9/p1R5p/9/2P1P4/P7P/5r1c1/7RN/2BAKAB2 b,-0.002527964,562
2baka1r1/9/4b4/p1R5p/9/2P1P4/P7P/5r1c1/7RN/2BAKAB2 w,0.011293006,2637
2baka1r1/9/4b4/R7p/9/2P1P4/P7P/5r1c1/7RN/2BAKAB2 b,-0.002817917,6179
2baka1r1/9/4b4/R7p/9/2P1P4/P4r2P/7c1/7RN/2BAKAB2 w,0.011760927,2465
2baka1r1/9/4b4/8R/9/2P1P4/P4r2P/7c1/7RN/2BAKAB2 b,-0.009303594,5368
2baka1r1/9/4b4/8R/9/2P1P4/P3r3P/7c1/7RN/2BAKAB2 w,0.012404633,7186
2baka1r1/9/4b4/8R/9/2P1P4/P3r3P/7c1/4R3N/2BAKAB2 b,-0.0075509907,5296
2baka1r1/9/4b4/8R/9/2P1P4/P7P/7c1/4r3N/2BAKAB2 w,0.010709763,7636
2baka1r1/9/4b4/8R/9/2P1P4/P7P/7c1/4A3N/2B1KAB2 b,-0.007743526,6379
2baka1r1/9/4b4/8R/9/2P1P4/P7P/9/4A2cN/2B1KAB2 w,0.0069271564,7261
2baka1r1/9/4b4/8R/9/2P1P4/P6NP/9/4A2c1/2B1KAB2 b,0.005166173,691
2baka3/9/4b4/8R/9/2P1P4/P6rP/9/4A2c1/2B1KAB2 w,-0.0033587217,3180
2baka3/9/4b4/3R5/9/2P1P4/P6rP/9/4A2c1/2B1KAB2 b,0.004345274,5552
2baka3/9/4b4/3R5/9/2P1P4/P7r/9/4A2c1/2B1KAB2 w,-0.00076829194,2734
2baka3/9/4b4/7R1/9/2P1P4/P7r/9/4A2c1/2B1KAB2 b,0.008683276,7188
2baka3/9/4b4/7R1/9/2P1P4/P7r/9/4A1c2/2B1KAB2 w,-0.008255673,3093
2baka3/9/4b4/6R2/9/2P1P4/P7r/9/4A1c2/2B1KAB2 b,0.008912063,7080
2baka3/9/4b4/6R2/9/2P1P4/P5c1r/9/4A4/2B1KAB2 w,-0.0045206547,7537
2baka3/9/4b4/6R2/9/2P1P4/P5c1r/4B4/4A4/4KAB2 b,0.01237979,5442
2baka3/9/4b4/6R2/6c2/2P1P4/P7r/4B4/4A4/4KAB2 w,-0.00897584,4450
2baka3/9/4b4/6R2/4P1c2/2P6/P7r/4B4/4A4/4KAB2 b,0.01143148,5634
2baka3/9/4b4/6R2/4P1c2/2P6/r8/4B4/4A4/4KAB2 w,-0.010525274,3631
2baka3/9/4b4/4P1R2/6c2/2P6/r8/4B4/4A4/4KAB2 b,0.03577621,3820
2baka3/9/4b4/4P1R2/4c4/2P6/r8/4B4/4A4/4KAB2 w,-0.01681155,7734
2baka3/9/4b4/4P1R2/4c4/2P6/r8/4B4/4A4/3K1AB2 b,0.026649548,283
2b1ka3/4a4/4b4/4P1R2/4c4/2P6/r8/4B4/4A4/3K1AB2 w,-0.015586949,3021
2b1ka3/4a4/4b4/4P4/4c4/2P3R2/r8/4B4/4A4/3K1AB2 b,0.014498782,4917
2b1ka3/4a4/4b4/4P4/4c4/2P3R2/3r5/4B4/4A4/3K1AB2 w,-0.009847927,7645
2b1ka3/4a4/4b4/4P4/4c4/2P3R2/3r5/4B4/4A4/4KAB2 b,0.012108445,5185
2b1ka3/4a4/4b4/4P4/4c4/2P3R2/1r7/4B4/4A4/4KAB2 w,-0.010677516,4639
2b1ka3/4a4/4b4/4P4/4c4/2P1R4/1r7/4B4/4A4/4KAB2 b,0.013800526,3636
2b1ka3/4a4/4b4/4P4/c8/2P1R4/1r7/4B4/4A4/4KAB2 w,-0.010021592,2812
2b1ka3/4a4/4P4/9/c8/2P1R4/1r7/4B4/4A4/4KAB2 b,0.012907147,202
4ka3/4a4/4b4/9/c8/2P1R4/1r7/4B4/4A4/4KAB2 w,-0.007314682,4432
4ka3/4a4/4R4/9/c8/2P6/1r7/4B4/4A4/4KAB2 b,0.005984664,3321
4ka3/4a4/4R4/9/9/2P6/1r7/4B4/4A4/c3KAB2 w,-0.0011232734,1998
4ka3/4a4/R8/9/9/2P6/1r7/4B4/4A4/c3KAB2 b,0.0033566952,5032
4ka3/4a4/R8/9/9/2P6/9/4B4/4A4/cr2KAB2 w,-0.012860454,6924
4ka3/4a4/R8/9/9/2P6/9/4B4/9/cr1AKAB2 b,0.018743634,7374
4ka3/4a4/R8/9/9/2P6/9/4B4/9/1r1cKAB2 w,-0.01241144,1620
R3ka3/4a4/9/9/9/2P6/9/4B4/9/1r1cKAB2 b,0.012926364,7563
R2cka3/4a4/9/9/9/2P6/9/4B4/9/1r2KAB2 w,-0.01221813,7726
R2cka3/4a4/9/9/9/2P6/9/4B4/4K4/1r3AB2 b,0.016309787,7466
R2cka3/4a4/9/9/9/2P6/9/4B4/4K4/5rB2 w,-0.0068547367,54
3cka3/4a4/9/9/9/2P6/R8/4B4/4K4/5rB2 b,0.022328544,1191
3cka3/9/3a5/9/9/2P6/R8/4B4/4K4/5rB2 w,-0.01839378,4268
3cka3/9/3a5/9/2P6/9/R8/4B4/4K4/5rB2 b,0.025803471,463
3ck4/4a4/3a5/9/2P6/9/R8/4B4/4K4/5rB2 w,-0.02037244,3449
3ck4/4a4/3a5/2P6/9/9/R8/4B4/4K4/5rB2 b,0.02064097,365
3c1k3/4a4/3a5/2P6/9/9/R8/4B4/4K4/5rB2 w,-0.011658263,4922
3c1k3/4a4/3a5/2P6/9/9/8R/4B4/4K4/5rB2 b,0.01200943,7817
3c1k3/4a4/3a5/2P6/9/9/8R/4B4/4Kr3/6B2 w,-0.020264506,6925
3c1k3/4a4/3a5/2P6/9/9/8R/4B4/5r3/4K1B2 b,0.03274372,282
5k3/3ca4/3a5/2P6/9/9/8R/4B4/5r3/4K1B2 w,-0.024316072,5588
5k2R/3ca4/3a5/2P6/9/9/9/4B4/5r3/4K1B2 b,0.022847367,464
8R/3cak3/3a5/2P6/9/9/9/4B4/5r3/4K1B2 w,-0.012336493,2630
8R/3cak3/2Pa5/9/9/9/9/4B4/5r3/4K1B2 b,0.005256963,7016
8R/3cak3/2Pa5/9/9/9/9/4B4/9/4KrB2 w,-0.012088979,7726
8R/3cak3/2Pa5/9/9/9/9/4B4/4K4/5rB2 b,0.008617187,7817
8R/3cak3/2Pa5/9/9/9/9/4B4/4Kr3/6B2 w,-0.013004136,6925
8R/3cak3/2Pa5/9/9/9/9/4B4/5r3/4K1B2 b,0.028280545,6998
8R/3cak3/2Pa5/9/9/9/9/4Br3/9/4K1B2 w,-0.0043748976,722
2R6/3cak3/2Pa5/9/9/9/9/4Br3/9/4K1B2 b,-0.002209151,6206
2R6/3cak3/2Pa5/9/9/9/9/4B4/9/4KrB2 w,-0.0019324183,7726
2R6/3cak3/2Pa5/9/9/9/9/4B4/4K4/5rB2 b,0.0078270435,1089
2R6/c3ak3/2Pa5/9/9/9/9/4B4/4K4/5rB2 w,-0.0029605508,1821
2R6/c3ak3/3P5/9/9/9/9/4B4/4K4/5rB2 b,0.012470484,1191
2R6/c4k3/3a5/9/9/9/9/4B4/4K4/5rB2 w,-0.007794857,191
9/c1R2k3/3a5/9/9/9/9/4B4/4K4/5rB2 b,0.012667894,1265
5k3/c1R6/3a5/9/9/9/9/4B4/4K4/5rB2 w,-0.0069421413,999
5k3/R8/3a5/9/9/9/9/4B4/4K4/5rB2 b,0.006660271,7817
5k3/R8/3a5/9/9/9/9/4B4/4Kr3/6B2 w,-0.007864284,6925
5k3/R8/3a5/9/9/9/9/4B4/5r3/4K1B2 b,-0.00029518604,7016
5k3/R8/3a5/9/9/9/9/4B4/9/4KrB2 w,0.00018334389,7726
5k3/R8/3a5/9/9/9/9/4B4/4K4/5rB2 b,0.0071430444,7781
5k3/R8/3a5/9/5r3/9/9/4B4/4K4/6B2 w,-0.014830768,810
R4k3/9/3a5/9/5r3/9/9/4B4/4K4/6B2 b,0.0031497718,464
R8/5k3/3a5/9/5r3/9/9/4B4/4K4/6B2 w,0.005996895,18
9/5k3/R2a5/9/5r3/9/9/4B4/4K4/6B2 b,-0.00414536,1903
9/4ak3/R8/9/5r3/9/9/4B4/4K4/6B2 w,0.0069783214,1646
9/4ak3/8R/9/5r3/9/9/4B4/4K4/6B2 b,0.001725936,1193
9/5k3/5a2R/9/5r3/9/9/4B4/4K4/6B2 w,-0.0016956687,2357
9/5k2R/5a3/9/5r3/9/9/4B4/4K4/6B2 b,-0.0011972905,1265
5k3/8R/5a3/9/5r3/9/9/4B4/4K4/6B2 w,-0.007165909,1538
5k2R/9/5a3/9/5r3/9/9/4B4/4K4/6B2 b,0.0009468556,464
8R/5k3/5a3/9/5r3/9/9/4B4/4K4/6B2 w,0.010167623,782
9/5k3/5a3/9/5r3/9/8R/4B4/4K4/6B2 b,-0.0136578325,2083
9/4ak3/9/9/5r3/9/8R/4B4/4K4/6B2 w,0.018124867,5597
9/4ak2R/9/9/5r3/9/9/4B4/4K4/6B2 b,-0.014566219,1265
5k3/4a3R/9/9/5r3/9/9/4B4/4K4/6B2 w,0.017820215,1543
5k3/4R4/9/9/5r3/9/9/4B4/4K4/6B2 b,-0.01856078,3767
5k3/4R4/9/9/9/9/9/4B4/4Kr3/6B2 w,0.01712804,6925
5k3/4R4/9/9/9/9/9/4B4/5r3/4K1B2 b,-0.011562384,6989
5k3/4R4/9/9/9/9/5r3/4B4/9/4K1B2 w,0.02325151,7901
5k3/4R4/9/9/9/9/5r3/4B3B/9/4K4 b,-0.015167201,5378
5k3/4R4/9/9/9/9/9/4Br2B/9/4K4 w,0.016643668,6441
5k3/4R4/9/9/9/6B2/9/4Br3/9/4K4 b,-0.017421627,6206
5k3/4R4/9/9/9/6B2/9/4B4/9/4Kr3 w,0.015659356,7726
5k3/4R4/9/9/9/6B2/9/4B4/4K4/5r3 b,-0.020353664,7817
5k3/4R4/9/9/9/6B2/9/4B4/4Kr3/9 w,0.014903498,6925
5k3/4R4/9/9/9/6B2/9/4B4/5r3/4K4 b,-0.008078421,6989
5k3/4R4/9/9/9/6B2/5r3/4B4/9/4K4 w,0.01943636,1210
5k3/9/9/9/4R4/6B2/5r3/4B4/9/4K4 b,-0.009850574,464
9/5k3/9/9/4R4/6B2/5r3/4B4/9/4K4 w,0.030499697,6077
9/5k3/9/9/4R4/2B3B2/5r3/9/9/4K4 b,-0.011124146,5360
9/5k3/9/9/4R4/2B2rB2/9/9/9/4K4 w,0.025083398,3631
9/5k3/9/4R4/9/2B2rB2/9/9/9/4K4 b,-0.010109496,4559
9/5k3/9/4R4/9/2B3B2/5r3/9/9/4K4 w,0.028711652,4661
9/5k3/9/4R4/9/2B6/5r3/8B/9/4K4 b,-0.0118292095,5351
9/5k3/9/4R4/5r3/2B6/9/8B/9/4K4 w,0.02904079,2812
9/5k3/4R4/9/5r3/2B6/9/8B/9/4K4 b,-0.009514714,3740
9/5k3/4R4/9/9/2B2r3/9/8B/9/4K4 w,0.014186049,1993
9/4Rk3/9/9/9/2B2r3/9/8B/9/4K4 b,-0.018273616,1265
5k3/4R4/9/9/9/2B2r3/9/8B/9/4K4 w,0.030580401,1201
5k3/9/9/4R4/9/2B2r3/9/8B/9/4K4 b,-0.027556468,4586
5k3/9/9/4R4/9/2B6/9/8B/9/4Kr3 w,0.02619245,7726
5k3/9/9/4R4/9/2B6/9/8B/4K4/5r3 b,-0.03706422,7817
5k3/9/9/4R4/9/2B6/9/8B/4Kr3/9 w,0.025808169,6925
5k3/9/9/4R4/9/2B6/9/8B/5r3/4K4 b,-0.015296007,6989
5k3/9/9/4R4/9/2B6/5r3/8B/9/4K4 w,0.029932356,2812
5k3/9/4R4/9/9/2B6/5r3/8B/9/4K4 b,-0.014420939,464
9/5k3/4R4/9/9/2B6/5r3/8B/9/4K4 w,0.014522648,1993
9/4Rk3/9/9/9/2B6/5r3/8B/9/4K4 b,-0.013185823,1265
5k3/4R4/9/9/9/2B6/5r3/8B/9/4K4 w,0.024544477,1210
5k3/9/9/9/4R4/2B6/5r3/8B/9/4K4 b,-0.009036076,464
9/5k3/9/9/4R4/2B6/5r3/8B/9/4K4 w,0.034381937,6477
9/5k3/9/9/4R4/2B6/5r3/9/9/4K1B2 b,-0.0092593795,5360
9/5k3/9/9/4R4/2B2r3/9/9/9/4K1B2 w,0.028290583,3639
9/5k3/9/9/3R5/2B2r3/9/9/9/4K1B2 b,-0.0124669075,4559
9/5k3/9/9/3R5/2B6/5r3/9/9/4K1B2 w,0.034812212,3554
9/5k3/9/9/8R/2B6/5r3/9/9/4K1B2 b,-0.014879787,5378
9/5k3/9/9/8R/2B6/9/5r3/9/4K1B2 w,0.04110823,3995
9/5k3/9/8R/9/2B6/9/5r3/9/4K1B2 b,-0.014297307,6161
9/5k3/9/8R/5r3/2B6/9/9/9/4K1B2 w,0.029305696,3181
9/5k3/9/4R4/5r3/2B6/9/9/9/4K1B2 b,-0.0113897445,3740
9/5k3/9/4R4/9/2B2r3/9/9/9/4K1B2 w,0.03158393,2830
9/5k3/9/9/4R4/2B2r3/9/9/9/4K1B2 b,-0.012608516,4523
9/5k3/5r3/9/4R4/2B6/9/9/9/4K1B2 w,0.02556224,3604
4R4/5k3/5r3/9/9/2B6/9/9/9/4K1B2 b,-0.006627798,2120
4R4/5k3/9/9/9/2B2r3/9/9/9/4K1B2 w,0.027596569,427
9/5k3/9/9/9/2B2r3/9/4R4/9/4K1B2 b,-0.006278956,4532
9/5k3/9/5r3/9/2B6/9/4R4/9/4K1B2 w,0.024768401,6096
9/5k3/9/5r3/9/2B6/9/3R5/9/4K1B2 b,-0.006889272,2939
9/5k3/9/9/9/2B6/5r3/3R5/9/4K1B2 w,0.013466048,5952
9/3R1k3/9/9/9/2B6/5r3/9/9/4K1B2 b,-0.02406366,1283
9/3R5/5k3/9/9/2B6/5r3/9/9/4K1B2 w,0.03639982,1093
9/4R4/5k3/9/9/2B6/5r3/9/9/4K1B2 b,-0.027537871,5370
9/4R4/5k3/9/9/2B6/6r2/9/9/4K1B2 w,0.036082935,7901
9/4R4/5k3/9/9/2B6/6r2/8B/9/4K4 b,-0.026292467,5459
9/4R4/5k3/9/9/2B6/5r3/8B/9/4K4 w,0.040897038,7726
9/4R4/5k3/9/9/2B6/5r3/8B/4K4/9 b,-0.033550408,5387
9/4R4/5k3/9/9/2B6/9/8B/4Kr3/9 w,0.033630993,6907
9/4R4/5k3/9/9/2B6/9/4K3B/5r3/9 b,-0.015938712,6989
9/4R4/5k3/9/9/2B6/5r3/4K3B/9/9 w,0.023490548,1174
4R4/9/5k3/9/9/2B6/5r3/4K3B/9/9 b,-0.015013814,2084
4R4/5k3/9/9/9/2B6/5r3/4K3B/9/9 w,0.021410799,363
3R5/5k3/9/9/9/2B6/5r3/4K3B/9/9 b,-0.010905123,5368
3R5/5k3/9/9/9/2B6/4r4/4K3B/9/9 w,0.008739352,6096
3R5/5k3/9/9/9/2B6/4r4/3K4B/9/9 b,0.0052193883,1273
3R5/4k4/9/9/9/2B6/4r4/3K4B/9/9 w,0.021624684,6015
3R5/4k4/9/9/9/2B6/4r4/8B/3K5/9 b,-0.0076892376,5269
3R5/4k4/9/9/9/2B1r4/9/8B/3K5/9 w,0.017321825,336
9/4k4/9/9/9/2B1r4/9/3R4B/3K5/9 b,-0.0054661157,4457
9/4k4/9/9/9/2r6/9/3R4B/3K5/9 w,0.01446519,5997
9/4k4/9/9/9/2r6/3R5/8B/3K5/9 b,-0.002480805,4279
9/4k4/9/9/9/4r4/3R5/8B/3K5/9 w,0.00931449,5196
9/4k4/9/9/9/4r4/9/3R4B/3K5/9 b,-0.0015488267,4495
9/4k4/9/9/9/9/9/3R4B/3K5/4r4 w,0.0076990845,6008
9/4k4/9/9/9/9/9/5R2B/3K5/4r4 b,-0.007964802,7726
9/4k4/9/9/9/9/9/5R2B/3Kr4/9 w,0.002667284,6834
9/4k4/9/9/9/9/9/5R2B/4r4/3K5 b,0.013618923,6898
9/4k4/9/9/9/9/4r4/5R2B/9/3K5 w,0.0042770626,6186
9/4k4/9/9/9/9/4r4/3R4B/9/3K5 b,0.0018234969,5274
9/4k4/9/9/9/9/r8/3R4B/9/3K5 w,0.011033463,7635
9/4k4/9/9/9/9/r8/3R4B/3K5/9 b,0.00056066515,4918
9/4k4/9/9/9/9/4r4/3R4B/3K5/9 w,0.009692216,6477
9/4k4/9/9/9/9/4r4/3R5/3K5/6B2 b,-0.0070482134,5305
9/4k4/9/9/9/9/9/3R5/3K5/4r1B2 w,0.018624235,7897
9/4k4/9/9/9/9/9/3RB4/3K5/4r4 b,-0.0064055445,7736
9/4k4/9/9/9/9/9/3RB4/3K5/5r3 w,0.009999776,5952
9/3Rk4/9/9/9/9/9/4B4/3K5/5r3 b,-0.018369436,1174
4k4/3R5/9/9/9/9/9/4B4/3K5/5r3 w,0.024242138,1101
4k4/9/3R5/9/9/9/9/4B4/3K5/5r3 b,-0.0060430407,7808
4k4/9/3R5/9/9/9/9/4Br3/3K5/9 w,0.011979461,1912
4k4/9/4R4/9/9/9/9/4Br3/3K5/9 b,-0.01360203,365
5k3/9/4R4/9/9/9/9/4Br3/3K5/9 w,0.014872694,2029
5k3/9/9/9/9/4R4/9/4Br3/3K5/9 b,-0.012848139,6197
5k3/9/9/9/9/4R4/9/4B4/3K1r3/9 w,0.009833551,6834
5k3/9/9/9/9/4R4/9/4B4/5r3/3K5 b,-0.02317896,7016
5k3/9/9/9/9/4R4/9/4B4/9/3K1r3 w,0.015100288,7635
5k3/9/9/9/9/4R4/9/4B4/3K5/5r3 b,-0.0036313296,7799
5k3/9/9/9/9/4R4/5r3/4B4/3K5/9 w,0.01772256,4458
5k3/9/9/9/9/3R5/5r3/4B4/3K5/9 b,-0.006100011,5378
5k3/9/9/9/9/3R5/9/4Br3/3K5/9 w,0.016196156,6117
5k3/9/9/9/9/3R5/9/5r3/3K5/6B2 b,-0.016567469,6197
5k3/9/9/9/9/3R5/9/9/3K1r3/6B2 w,0.0048951865,6834
5k3/9/9/9/9/3R5/9/9/5r3/3K2B2 b,-0.018163562,7016
5k3/9/9/9/9/3R5/9/9/9/3K1rB2 w,0.013007546,7635
5k3/9/9/9/9/3R5/9/9/3K5/5rB2 b,-0.0017412425,7827
5k3/9/9/9/9/3R5/9/9/3K5/6r2 w,0.031019663,6826
5k3/9/9/9/9/3R5/9/9/4K4/6r2 b,-0.006551981,7916
5k3/9/9/9/9/3R5/9/9/4K4/5r3 w,0.009775686,4350
5k3/9/9/3R5/9/9/9/9/4K4/5r3 b,-0.017559124,7817
5k3/9/9/3R5/9/9/9/9/4Kr3/9 w,0.01460352,6925
5k3/9/9/3R5/9/9/9/9/5r3/4K4 b,-0.0033962727,6989
5k3/9/9/3R5/9/9/5r3/9/9/4K4 w,0.0048356773,2731
5k3/9/9/4R4/9/9/5r3/9/9/4K4 b,-0.006023145,5396
5k3/9/9/4R4/9/9/9/9/9/4Kr3 w,0.004069233,7726
5k3/9/9/4R4/9/9/9/9/4K4/5r3 b,-0.007555044,7817
5k3/9/9/4R4/9/9/9/9/4Kr3/9 w,0.004390216,6925
5k3/9/9/4R4/9/9/9/9/5r3/4K4 b,0.0047468664,6980
5k3/9/9/4R4/9/5r3/9/9/9/4K4 w,-0.015035939,2794
4Rk3/9/9/9/9/5r3/9/9/9/4K4 b,0.0020977973,464
4R4/5k3/9/9/9/5r3/9/9/9/4K4 w,-0.015221799,373
9/4Rk3/9/9/9/5r3/9/9/9/4K4 b,0.007732153,1265
5k3/4R4/9/9/9/5r3/9/9/9/4K4 w,-0.00028738976,7726
5k3/4R4/9/9/9/5r3/9/9/4K4/9 b,0.007556129,4586
5k3/4R4/9/9/9/9/9/9/4K4/5r3 w,-0.013059474,1174
4Rk3/9/9/9/9/9/9/9/4K4/5r3 b,0.0016963959,464
4R4/5k3/9/9/9/9/9/9/4K4/5r3 w,0.011469841,391
9/5k3/9/4R4/9/9/9/9/4K4/5r3 b,-0.0014805794,7763
9/5k3/5r3/4R4/9/9/9/9/4K4/9 w,0.0065568923,2794
4R4/5k3/5r3/9/9/9/9/9/4K4/9 b,0.0057657002,2129
4R4/5k3/9/9/9/9/5r3/9/4K4/9 w,0.014135838,362
2R6/5k3/9/9/9/9/5r3/9/4K4/9 b,0.011116338,5368
2R6/5k3/9/9/9/9/4r4/9/4K4/9 w,-0.008047116,6915
2R6/5k3/9/9/9/9/4r4/9/3K5/9 b,0.019595219,1273
2R6/4k4/9/9/9/9/4r4/9/3K5/9 w,-0.0014615775,183
3R5/4k4/9/9/9/9/4r4/9/3K5/9 b,0.01244495,5242
3R5/4k4/4r4/9/9/9/9/9/3K5/9 w,0.0044703484,336
9/4k4/4r4/9/9/9/9/3R5/3K5/9 b,0.0019635917,2056
9/4k4/9/9/9/9/9/3R5/3Kr4/9 w,-0.011041785,6834
9/4k4/9/9/9/9/9/3R5/4r4/3K5 b,0.024501776,6919
9/4k4/9/9/9/9/9/3R5/7r1/3K5 w,0.0014721394,6007
9/4k4/9/9/9/9/9/4R4/7r1/3K5 b,-0.0043936013,1184
9/5k3/9/9/9/9/9/4R4/7r1/3K5 w,0.017116262,7645
9/5k3/9/9/9/9/9/4R4/7r1/4K4 b,0.0024879456,7187
9/5k3/9/9/9/9/9/4R4/5r3/4K4 w,0.009145833,6095
9/5k3/9/9/9/9/9/2R6/5r3/4K4 b,-0.015454662,7016
9/5k3/9/9/9/9/9/2R6/9/4Kr3 w,-0.0009480477,7726
9/5k3/9/9/9/9/9/2R6/4K4/5r3 b,0.0062498334,7763
9/5k3/5r3/9/9/9/9/2R6/4K4/9 w,0.0066667795,5861
9/2R2k3/5r3/9/9/9/9/9/4K4/9 b,-0.009919286,1265
5k3/2R6/5r3/9/9/9/9/9/4K4/9 w,0.022498751,1000
5k3/1R7/5r3/9/9/9/9/9/4K4/9 b,0.0008757353,2092
5k3/1R7/4r4/9/9/9/9/9/4K4/9 w,-0.004490757,6915
5k3/1R7/4r4/9/9/9/9/9/3K5/9 b,0.014630985,454
4k4/1R7/4r4/9/9/9/9/9/3K5/9 w,0.0029862404,912
4k4/3R5/4r4/9/9/9/9/9/3K5/9 b,0.013155103,2038
4k4/3R5/9/9/9/9/4r4/9/3K5/9 w,0.008692908,6816
4k4/3R5/9/9/9/9/4r4/3K5/9/9 b,0.016694117,5296
4k4/3R5/9/9/9/9/9/3K5/4r4/9 w,-0.0050081136,1091
4k4/2R6/9/9/9/9/9/3K5/4r4/9 b,0.032658767,6898
4k4/2R6/9/9/9/9/4r4/3K5/9/9 w,0,1002
rnbakabnr/9/1c5c1/p1p1p1p1p/9/9/P1P1P1P1P/1C5C1/9/RNBAKABNR w,0.0018177032,5827
rnbakabnr/9/1c5c1/p1p1p1p1p/9/9/P1P1P1P1P/4C2C1/9/RNBAKABNR b,-0.0017805815,110
r1bakabnr/9/1cn4c1/p1p1p1p1p/9/9/P1P1P1P1P/4C2C1/9/RNBAKABNR w,0.0018301487,7445
r1bakabnr/9/1cn4c1/p1p1p1p1p/9/9/P1P1P1P1P/2N1C2C1/9/R1BAKABNR b,-0.0018223763,562
r1baka1nr/9/1cn1b2c1/p1p1p1p1p/9/9/P1P1P1P1P/2N1C2C1/9/R1BAKABNR w,0.0019499302,7372
r1baka1nr/9/1cn1b2c1/p1p1p1p1p/9/9/P1P1P1P1P/2N1C2C1/9/1RBAKABNR b,-0.0017697454,1
1rbaka1nr/9/1cn1b2c1/p1p1p1p1p/9/9/P1P1P1P1P/2N1C2C1/9/1RBAKABNR w,0.0017039061,6368
1rbaka1nr/9/1cn1b2c1/p1p1p1p1p/9/9/P1P1P1P1P/2N1CC3/9/1RBAKABNR b,-0.0012789011,654
1rbaka2r/9/1cn1b1nc1/p1p1p1p1p/9/9/P1P1P1P1P/2N1CC3/9/1RBAKABNR w,0.0015946865,7989
1rbaka2r/9/1cn1b1nc1/p1p1p1p1p/9/9/P1P1P1P1P/2N1CCN2/9/1RBAKAB1R b,-0.0015004635,3012
1rbaka2r/9/1cn1b1nc1/p1p1p3p/6p2/9/P1P1P1P1P/2N1CCN2/9/1RBAKAB1R w,0.0018723011,8098
1rbaka2r/9/1cn1b1nc1/p1p1p3p/6p2/9/P1P1P1P1P/2N1CCN2/9/1RBAKABR1 b,-0.0020173073,727
1rbaka1r1/9/1cn1b1nc1/p1p1p3p/6p2/9/P1P1P1P1P/2N1CCN2/9/1RBAKABR1 w,0.002513051,5087
1rbaka1r1/9/1cn1b1nc1/p1p1p3p/6p2/2P6/P3P1P1P/2N1CCN2/9/1RBAKABR1 b,-0.0021549107,1765
1rbaka1r1/9/2n1b1nc1/p1p1p3p/6p2/2P6/Pc2P1P1P/2N1CCN2/9/1RBAKABR1 w,0.005146313,5898
1rbaka1r1/9/2n1b1nc1/p1p1p3p/6p2/2PN5/Pc2P1P1P/4CCN2/9/1RBAKABR1 b,-0.0063934685,2311
1rbaka1r1/9/2n1b1n2/p1p1p3p/6p2/2PN5/Pc2P1PcP/4CCN2/9/1RBAKABR1 w,0.007929206,6143
1rbaka1r1/9/2n1bCn2/p1p1p3p/6p2/2PN5/Pc2P1PcP/4C1N2/9/1RBAKABR1 b,-0.008294404,1986
1rbakabr1/9/2n2Cn2/p1p1p3p/6p2/2PN5/Pc2P1PcP/4C1N2/9/1RBAKABR1 w,0.01849935,4351
1rbakabr1/9/2n2Cn2/p1p1N3p/6p2/2P6/Pc2P1PcP/4C1N2/9/1RBAKABR1 b,-0.0048104883,1831
1rbakabr1/9/5Cn2/p1p1n3p/6p2/2P6/Pc2P1PcP/4C1N2/9/1RBAKABR1 w,0.0050039054,6061
1rbakabr1/9/5Cn2/p1p1C3p/6p2/2P6/Pc2P1PcP/6N2/9/1RBAKABR1 b,0.00921042,109
2bakabr1/9/1r3Cn2/p1p1C3p/6p2/2P6/Pc2P1PcP/6N2/9/1RBAKABR1 w,0.0022472858,2839
2bakabr1/9/1r3Cn2/p1p5p/6p2/2P1C4/Pc2P1PcP/6N2/9/1RBAKABR1 b,0.0012490749,1733
2bakabr1/9/5rn2/p1p5p/6p2/2P1C4/Pc2P1PcP/6N2/9/1RBAKABR1 w,0.00969193,7435
2bakabr1/9/5rn2/p1p5p/6p2/2P1C4/PR2P1PcP/6N2/9/2BAKABR1 b,-0.00648731,2201
2bakabr1/9/5r3/p1p5p/5np2/2P1C4/PR2P1PcP/6N2/9/2BAKABR1 w,0.014058495,4987
2bakabr1/9/5r3/p1p5p/1R3np2/2P1C4/P3P1PcP/6N2/9/2BAKABR1 b,-0.008365214,3750
2bakabr1/9/5r3/p1p5p/1R4p2/2P1C4/P3P1ncP/6N2/9/2BAKABR1 w,0.019212985,3372
2bakabr1/9/5r3/p1p5p/6R2/2P1C4/P3P1ncP/6N2/9/2BAKABR1 b,-0.005375636,5449
2bakabr1/9/5r3/p1p5p/6R2/2P1n4/P3P2cP/6N2/9/2BAKABR1 w,0.0056578876,5269
2bakabr1/9/5r3/p1p5p/6R2/2P1P4/P6cP/6N2/9/2BAKABR1 b,0.00047535897,5560
2bakabr1/9/5r3/p1p5p/6R2/2P1P4/P7P/6Nc1/9/2BAKABR1 w,0.009604359,7999
2bakabr1/9/5r3/p1p5p/6R2/2P1P4/P7P/6Nc1/7R1/2BAKAB2 b,-0.00027195216,2138
2bakabr1/9/9/p1p5p/6R2/2P1P4/P7P/5rNc1/7R1/2BAKAB2 w,0.010231781,4450
2bakabr1/9/9/p1p5p/4P1R2/2P6/P7P/5rNc1/7R1/2BAKAB2 b,-0.0040281774,562
2baka1r1/9/4b4/p1p5p/4P1R2/2P6/P7P/5rNc1/7R1/2BAKAB2 w,0.008796597,3813
2baka1r1/9/4b4/p1p3R1p/4P4/2P6/P7P/5rNc1/7R1/2BAKAB2 b,-0.003667128,691
2baka3/9/4b4/p1p3R1p/4P4/2P6/P6rP/5rNc1/7R1/2BAKAB2 w,0.01336422,3631
2baka3/9/4b4/p1p1P1R1p/9/2P6/P6rP/5rNc1/7R1/2BAKAB2 b,-0.009624136,283
2b1ka3/4a4/4b4/p1p1P1R1p/9/2P6/P6rP/5rNc1/7R1/2BAKAB2 w,0.02838533,2812
2b1ka3/4a4/4P4/p1p3R1p/9/2P6/P6rP/5rNc1/7R1/2BAKAB2 b,-0.016770864,202
4ka3/4a4/4b4/p1p3R1p/9/2P6/P6rP/5rNc1/7R1/2BAKAB2 w,0.029424239,7186
4ka3/4a4/4b4/p1p3R1p/9/2P6/P6rP/5rNc1/4R4/2BAKAB2 b,-0.020318866,5547
4ka3/4a4/4b4/p1p3R1p/9/2P6/P2r4P/5rNc1/4R4/2BAKAB2 w,0.02211001,6862
4ka3/4a4/4R4/p1p3R1p/9/2P6/P2r4P/5rNc1/9/2BAKAB2 b,-0.006998515,5178
4ka3/4a4/4R4/p1p3R1p/9/2Pr5/P7P/5rNc1/9/2BAKAB2 w,0.04823909,7816
4ka3/4a4/4R4/p1p3R1p/9/2Pr5/P7P/5rNc1/4A4/2BAK1B2 b,-0.04203371,6197
4ka3/4a4/4R4/p1p3R1p/9/2Pr5/P7P/6Nc1/4Ar3/2BAK1B2 w,0.067623,3004
4ka3/4a4/4R4/p1p4Rp/9/2Pr5/P7P/6Nc1/4Ar3/2BAK1B2 b,-0.053231265,6379
4ka3/4a4/4R4/p1p4Rp/9/2Pr5/P7P/6N2/4Ar1c1/2BAK1B2 w,0.05983136,1998
4ka3/4a4/R8/p1p4Rp/9/2Pr5/P7P/6N2/4Ar1c1/2BAK1B2 b,-0.015263475,4371
4ka3/4a4/R8/p1p4Rp/9/2P3r2/P7P/6N2/4Ar1c1/2BAK1B2 w,0.061104823,6926
4ka3/4a4/R8/p1p4Rp/9/2P3r2/P7P/6N2/5r1c1/2BAKAB2 b,-0.036508907,4639
4ka3/4a4/R8/p1p4Rp/9/2P1r4/P7P/6N2/5r1c1/2BAKAB2 w,0.0427289,7636
4ka3/4a4/R8/p1p4Rp/9/2P1r4/P7P/6N2/4Ar1c1/2B1KAB2 b,-0.031795945,7188
4ka3/4a4/R8/p1p4Rp/9/2P1r4/P7P/6N2/4Arc2/2B1KAB2 w,0.04065137,1647
4ka3/4a4/9/R1p4Rp/9/2P1r4/P7P/6N2/4Arc2/2B1KAB2 b,-0.027116323,4457
4ka3/4a4/9/R1p4Rp/9/2r6/P7P/6N2/4Arc2/2B1KAB2 w,0.034751654,7537
4ka3/4a4/9/R1p4Rp/9/2r6/P7P/4B1N2/4Arc2/4KAB2 b,-0.02003218,4279
4ka3/4a4/9/R1p4Rp/9/4r4/P7P/4B1N2/4Arc2/4KAB2 w,0.0342865,6113
4ka3/4a4/9/R1p4Rp/9/4r4/P7P/6N2/4Arc2/2B1KAB2 b,-0.008876681,6998
4ka3/4a4/9/R1p4Rp/9/4r4/P7P/5rN2/4A1c2/2B1KAB2 w,0.037447955,3112
4ka3/4a4/9/R1p5p/9/4r2R1/P7P/5rN2/4A1c2/2B1KAB2 b,-0.023723936,4432
4ka3/4a4/4r4/R1p5p/9/7R1/P7P/5rN2/4A1c2/2B1KAB2 w,0.027643537,6260
4ka3/4a4/4r4/R1p5p/9/5N1R1/P7P/5r3/4A1c2/2B1KAB2 b,-0.0101673845,6185
4ka3/4a4/4r4/R1p5p/9/5N1R1/P7P/2r6/4A1c2/2B1KAB2 w,0.033477258,7537
4ka3/4a4/4r4/R1p5p/9/5N1R1/P7P/2r1B4/4A1c2/4KAB2 b,-0.022249866,1173
3aka3/9/4r4/R1p5p/9/5N1R1/P7P/2r1B4/4A1c2/4KAB2 w,0.04957142,4539
3aka3/9/4r4/R1p5p/3N5/7R1/P7P/2r1B4/4A1c2/4KAB2 b,-0.032125473,2020
3aka3/9/9/R1p5p/3Nr4/7R1/P7P/2r1B4/4A1c2/4KAB2 w,0.04804027,3556
3aka3/9/9/R1p5p/4r4/1N5R1/P7P/2r1B4/4A1c2/4KAB2 b,-0.037209082,5906
3aka3/9/9/R1p5p/4r4/1N5R1/P1r5P/4B4/4A1c2/4KAB2 w,0.049316883,2459
3aka3/9/9/2R5p/4r4/1N5R1/P1r5P/4B4/4A1c2/4KAB2 b,-0.029807543,5094
3aka3/9/9/2R5p/4r4/1N5R1/r7P/4B4/4A1c2/4KAB2 w,0.03747132,4731
3aka3/9/9/2R5p/4r4/1N4R2/r7P/4B4/4A1c2/4KAB2 b,-0.025554657,7100
3aka3/9/9/2R5p/4r4/1N4R2/r7P/4B4/4A3c/4KAB2 w,0.041763403,2637
3aka3/9/9/R7p/4r4/1N4R2/r7P/4B4/4A3c/4KAB2 b,-0.013040686,4887
3aka3/9/9/r7p/4r4/1N4R2/8P/4B4/4A3c/4KAB2 w,0.018084764,4167
3aka3/9/9/N7p/4r4/6R2/8P/4B4/4A3c/4KAB2 b,-0.010950506,7289
3aka3/9/9/N7p/4r4/6R2/8P/4B4/4A4/4KAB1c w,0.022225594,2440
3aka3/1N7/9/8p/4r4/6R2/8P/4B4/4A4/4KAB1c b,-0.014492345,3639
3aka3/1N7/9/8p/3r5/6R2/8P/4B4/4A4/4KAB1c w,0.02087524,929
3aka3/9/9/2N5p/3r5/6R2/8P/4B4/4A4/4KAB1c b,-0.012504793,3531
3aka3/9/3r5/2N5p/9/6R2/8P/4B4/4A4/4KAB1c w,0.011011362,4639
3aka3/9/3r5/2N5p/9/4R4/8P/4B4/4A4/4KAB1c b,-0.011676753,283
4ka3/4a4/3r5/2N5p/9/4R4/8P/4B4/4A4/4KAB1c w,0.012713909,2650
4ka3/4a4/3r5/8p/4N4/4R4/8P/4B4/4A4/4KAB1c b,-0.0064566615,1912
4ka3/4a4/4r4/8p/4N4/4R4/8P/4B4/4A4/4KAB1c w,0.017350389,4468
4ka3/4a4/4r4/8p/4N4/9/4R3P/4B4/4A4/4KAB1c b,-0.0156559,2011
4ka3/4a4/9/4r3p/4N4/9/4R3P/4B4/4A4/4KAB1c w,0.019145131,3651
4ka3/4a4/9/4r3p/9/6N2/4R3P/4B4/4A4/4KAB1c b,-0.016071105,2820
4ka3/4a4/9/3r4p/9/6N2/4R3P/4B4/4A4/4KAB1c w,0.017165303,5260
4ka3/4a4/9/3r4p/4R4/6N2/8P/4B4/4A4/4KAB1c b,-0.0126196025,8098
4ka3/4a4/9/3r4p/4R4/6N2/8P/4B4/4A4/4KABc1 w,0.015729953,3643
4ka3/4a4/9/3r4p/7R1/6N2/8P/4B4/4A4/4KABc1 b,-0.013370204,8009
4ka3/4a4/9/3r4p/7R1/6N2/8P/4B4/4A4/4KAB1c w,0.01121633,3958
4ka3/4a4/9/3r4p/9/6N2/8P/4B4/4A4/4KABRc b,-0.017392147,8090
4ka3/4a4/9/3r4p/9/6N2/8P/4B4/4A3c/4KABR1 w,0.02875321,7954
4ka3/4a4/9/3r3Rp/9/6N2/8P/4B4/4A3c/4KAB2 b,-0.017764604,2734
4ka3/4a4/9/7rp/9/6N2/8P/4B4/4A3c/4KAB2 w,0.016849423,4624
4ka3/4a4/9/7Np/9/9/8P/4B4/4A3c/4KAB2 b,-0.016118849,3194
4ka3/4a4/9/7N1/8p/9/8P/4B4/4A3c/4KAB2 w,0.014007712,3075
4ka3/4a1N2/9/9/8p/9/8P/4B4/4A3c/4KAB2 b,-0.016410662,363
3k1a3/4a1N2/9/9/8p/9/8P/4B4/4A3c/4KAB2 w,0.02010088,1382
3k1a3/4a4/9/5N3/8p/9/8P/4B4/4A3c/4KAB2 b,-0.017281998,1193
3k1a3/9/5a3/5N3/8p/9/8P/4B4/4A3c/4KAB2 w,0.019769454,2919
3k1a3/9/5a3/9/3N4p/9/8P/4B4/4A3c/4KAB2 b,-0.0114491945,463
3k5/4a4/5a3/9/3N4p/9/8P/4B4/4A3c/4KAB2 w,0.008062864,3530
3k5/4a4/2N2a3/9/8p/9/8P/4B4/4A3c/4KAB2 b,-0.013587368,274
4k4/4a4/2N2a3/9/8p/9/8P/4B4/4A3c/4KAB2 w,0.015578342,1839
4k4/4a4/5a3/9/3N4p/9/8P/4B4/4A3c/4KAB2 b,-0.014234722,1191
4k4/9/3a1a3/9/3N4p/9/8P/4B4/4A3c/4KAB2 w,0.018604493,3542
4k4/9/3a1a3/5N3/8p/9/8P/4B4/4A3c/4KAB2 b,-0.0143921375,1903
4k4/4a4/5a3/5N3/8p/9/8P/4B4/4A3c/4KAB2 w,0.015151167,2931
4k4/4a4/5a3/9/8p/6N2/8P/4B4/4A3c/4KAB2 b,-0.014450848,7279
4k4/4a4/5a3/9/8p/6N2/8P/4B4/4A2c1/4KAB2 w,0.014938545,4634
4k4/4a4/5a3/9/8N/9/8P/4B4/4A2c1/4KAB2 b,-0.0086669205,7153
4k4/4a4/5a3/9/7cN/9/8P/4B4/4A4/4KAB2 w,0.009338165,5633
4k4/4a4/5a3/9/7cN/8P/9/4B4/4A4/4KAB2 b,-0.008623684,1191
4k4/9/3a1a3/9/7cN/8P/9/4B4/4A4/4KAB2 w,0.010138297,3985
4k4/9/3a1a1N1/9/7c1/8P/9/4B4/4A4/4KAB2 b,-0.008142352,3908
4k4/9/3a1a1N1/9/2c6/8P/9/4B4/4A4/4KAB2 w,0.008527088,4814
4k4/9/3a1a1N1/9/2c5P/9/9/4B4/4A4/4KAB2 b,-0.0066258074,3431
4k4/2c6/3a1a1N1/9/8P/9/9/4B4/4A4/4KAB2 w,0.006869173,4003
4k4/2c6/3a1a1N1/9/7P1/9/9/4B4/4A4/4KAB2 b,-0.009608912,1903
4k4/2c1a4/5a1N1/9/7P1/9/9/4B4/4A4/4KAB2 w,0.012268853,2292
4k4/2c1a4/5a3/9/6NP1/9/9/4B4/4A4/4KAB2 b,-0.009730983,1002
4k4/3ca4/5a3/9/6NP1/9/9/4B4/4A4/4KAB2 w,0.0067438604,3811
4k4/3ca4/5a3/4N4/7P1/9/9/4B4/4A4/4KAB2 b,-0.0101444125,1101
4k4/4a4/3c1a3/4N4/7P1/9/9/4B4/4A4/4KAB2 w,0.014583564,3912
4k4/4a4/3c1a3/4N4/6P2/9/9/4B4/4A4/4KAB2 b,-0.01137569,1893
3ck4/4a4/5a3/4N4/6P2/9/9/4B4/4A4/4KAB2 w,0.014459944,3821
3ck4/4a4/5a3/4N4/5P3/9/9/4B4/4A4/4KAB2 b,-0.010943675,291
4k4/4a4/3c1a3/4N4/5P3/9/9/4B4/4A4/4KAB2 w,0.021255637,3722
4k4/4a4/3c1a3/4NP3/9/9/9/4B4/4A4/4KAB2 b,-0.015965605,1893
3ck4/4a4/5a3/4NP3/9/9/9/4B4/4A4/4KAB2 w,0.02390039,2810
3ck4/4a4/2N2a3/5P3/9/9/9/4B4/4A4/4KAB2 b,-0.021159125,282
4k4/3ca4/2N2a3/5P3/9/9/9/4B4/4A4/4KAB2 w,0.030732824,2903
4k4/3ca4/2N2P3/9/9/9/9/4B4/4A4/4KAB2 b,-0.0075778007,1193
4k4/3c5/2N2a3/9/9/9/9/4B4/4A4/4KAB2 w,0.009200144,1801
1N2k4/3c5/5a3/9/9/9/9/4B4/4A4/4KAB2 b,-0.0071563604,1119
1N2k4/9/5a3/9/3c5/9/9/4B4/4A4/4KAB2 w,0.015493012,7734
1N2k4/9/5a3/9/3c5/9/9/4B4/4A4/3K1AB2 b,-0.015967393,3551
1N2k4/9/5a3/9/5c3/9/9/4B4/4A4/3K1AB2 w,0.02182498,6908
1N2k4/9/5a3/9/5c3/9/9/4BA3/9/3K1AB2 b,-0.019083798,3722
1N2k4/9/5a3/5c3/9/9/9/4BA3/9/3K1AB2 w,0.017573928,6081
1N2k4/9/5a3/5c3/9/6B2/9/5A3/9/3K1AB2 b,-0.014579845,2083
1N2k4/4a4/9/5c3/9/6B2/9/5A3/9/3K1AB2 w,0.010301328,110
4k4/4a4/2N6/5c3/9/6B2/9/5A3/9/3K1AB2 b,-0.008744336,2903
4k4/4a4/2N2c3/9/9/6B2/9/5A3/9/3K1AB2 w,0.020077396,4661
4k4/4a4/2N2c3/9/9/9/9/5A2B/9/3K1AB2 b,-0.019443333,2091
4k4/4a4/2Nc5/9/9/9/9/5A2B/9/3K1AB2 w,0.015591383,1809
4k4/N3a4/3c5/9/9/9/9/5A2B/9/3K1AB2 b,-0.006627202,1902
4k4/N2ca4/9/9/9/9/9/5A2B/9/3K1AB2 w,0.022885514,7645
4k4/N2ca4/9/9/9/9/9/5A2B/9/4KAB2 b,-0.016086686,1090
4k4/Nc2a4/9/9/9/9/9/5A2B/9/4KAB2 w,0.01750586,838
4k4/1c2a4/9/1N7/9/9/9/5A2B/9/4KAB2 b,-0.013884616,912
4k4/3ca4/9/1N7/9/9/9/5A2B/9/4KAB2 w,0.020266438,2531
4k4/2Nca4/9/9/9/9/9/5A2B/9/4KAB2 b,-0.020790542,365
5k3/2Nca4/9/9/9/9/9/5A2B/9/4KAB2 w,0.023554564,1020
5k3/3ca4/9/3N5/9/9/9/5A2B/9/4KAB2 b,-0.017093206,1191
5k3/3c5/3a5/3N5/9/9/9/5A2B/9/4KAB2 w,0.017877912,2719
5k3/3c5/1N1a5/9/9/9/9/5A2B/9/4KAB2 b,-0.024948025,1097
5k3/8c/1N1a5/9/9/9/9/5A2B/9/4KAB2 w,0.039540242,1748
5k3/8c/3a5/9/2N6/9/9/5A2B/9/4KAB2 b,-0.018970812,1903
5k3/4a3c/9/9/2N6/9/9/5A2B/9/4KAB2 w,0.02116151,3469
5k3/4a3c/9/9/9/4N4/9/5A2B/9/4KAB2 b,-0.021578385,1544
5k3/4ac3/9/9/9/4N4/9/5A2B/9/4KAB2 w,0.033800054,4440
5k3/4ac3/9/3N5/9/9/9/5A2B/9/4KAB2 b,-0.01915126,1191
5k3/5c3/3a5/3N5/9/9/9/5A2B/9/4KAB2 w,0.024292588,2741
5k3/5c3/3a5/9/5N3/9/9/5A2B/9/4KAB2 b,-0.00868038,1273
5k3/4c4/3a5/9/5N3/9/9/5A2B/9/4KAB2 w,0.014161468,3714
5k3/4c4/3a2N2/9/9/9/9/5A2B/9/4KAB2 b,-0.014703489,454
4k4/4c4/3a2N2/9/9/9/9/5A2B/9/4KAB2 w,0.024505591,2203
4k4/4c4/3a5/9/7N1/9/9/5A2B/9/4KAB2 b,-0.023006786,365
5k3/4c4/3a5/9/7N1/9/9/5A2B/9/4KAB2 w,0.0461771,3902
5k3/4c4/3a5/5N3/9/9/9/5A2B/9/4KAB2 b,-0.040527105,1201
5k3/9/3a5/4cN3/9/9/9/5A2B/9/4KAB2 w,0.04822991,7734
5k3/9/3a5/4cN3/9/9/9/5A2B/9/3K1AB2 b,-0.033965457,464
9/5k3/3a5/4cN3/9/9/9/5A2B/9/3K1AB2 w,0.018914748,2905
9/5k3/3a3N1/4c4/9/9/9/5A2B/9/3K1AB2 b,-0.023184657,1273
9/4k4/3a3N1/4c4/9/9/9/5A2B/9/3K1AB2 w,0.03154564,7816
9/4k4/3a3N1/4c4/9/9/9/5A2B/4A4/3K2B2 b,-0.031167746,1174
4k4/9/3a3N1/4c4/9/9/9/5A2B/4A4/3K2B2 w,0.03914931,2282
4k4/9/3a5/4cN3/9/9/9/5A2B/4A4/3K2B2 b,-0.025686432,365
5k3/9/3a5/4cN3/9/9/9/5A2B/4A4/3K2B2 w,0.045633603,7635
5k3/9/3a5/4cN3/9/9/9/5A2B/3KA4/6B2 b,-0.031043792,454
4k4/9/3a5/4cN3/9/9/9/5A2B/3KA4/6B2 w,0.045896243,6926
4k4/9/3a5/4cN3/9/9/9/5A2B/3K5/5AB2 b,-0.034137297,1903
4k4/4a4/9/4cN3/9/9/9/5A2B/3K5/5AB2 w,0.035567045,2895
4k4/4a1N2/9/4c4/9/9/9/5A2B/3K5/5AB2 b,-0.031436395,365
5k3/4a1N2/9/4c4/9/9/9/5A2B/3K5/5AB2 w,0.037532713,1372
5k3/4a4/4N4/4c4/9/9/9/5A2B/3K5/5AB2 b,-0.029711843,464
9/4ak3/4N4/4c4/9/9/9/5A2B/3K5/5AB2 w,0.032255676,2013
9/4ak3/9/4c1N2/9/9/9/5A2B/3K5/5AB2 b,-0.030400265,1265
5k3/4a4/9/4c1N2/9/9/9/5A2B/3K5/5AB2 w,0.035023093,6826
5k3/4a4/9/4c1N2/9/9/9/5A2B/4K4/5AB2 b,-0.03609387,2848
5k3/4a4/9/6N2/9/9/4c4/5A2B/4K4/5AB2 w,0.03846693,2992
5k3/4a4/4N4/9/9/9/4c4/5A2B/4K4/5AB2 b,-0.031976927,5251
5k3/4a4/4N4/4c4/9/9/9/5A2B/4K4/5AB2 w,0.034214593,2009
5k3/4a4/9/2N1c4/9/9/9/5A2B/4K4/5AB2 b,-0.03154483,2839
5k3/4a4/9/2N6/9/4c4/9/5A2B/4K4/5AB2 w,0.036853313,2650
5k3/4a4/9/9/4N4/4c4/9/5A2B/4K4/5AB2 b,-0.02662835,4458
5k3/4a4/9/9/4N4/3c5/9/5A2B/4K4/5AB2 w,0.025117207,3633
5k3/4a4/9/6N2/9/3c5/9/5A2B/4K4/5AB2 b,-0.020723486,4341
5k3/4a4/3c5/6N2/9/9/9/5A2B/4K4/5AB2 w,0.019938469,6925
5k3/4a4/3c5/6N2/9/9/9/5A2B/9/4KAB2 b,-0.015614844,454
4k4/4a4/3c5/6N2/9/9/9/5A2B/9/4KAB2 w,0.01739502,2992
4k4/4a4/3cN4/9/9/9/9/5A2B/9/4KAB2 b,-0.009627009,1902
4k4/3ca4/4N4/9/9/9/9/5A2B/9/4KAB2 w,0.011791706,2021
4k4/3ca4/9/9/5N3/9/9/5A2B/9/4KAB2 b,-0.012329662,363
3k5/3ca4/9/9/5N3/9/9/5A2B/9/4KAB2 w,0.018207598,3720
3k5/3ca4/9/3N5/9/9/9/5A2B/9/4KAB2 b,-0.010851276,1191
3k5/3c5/3a5/3N5/9/9/9/5A2B/9/4KAB2 w,0.010143113,2719
3k5/3c5/1N1a5/9/9/9/9/5A2B/9/4KAB2 b,-0.0074329018,1091
3k5/2c6/1N1a5/9/9/9/9/5A2B/9/4KAB2 w,0.009717918,1748
3k5/2c6/3a5/9/2N6/9/9/5A2B/9/4KAB2 b,-0.010500646,1903
3k5/2c1a4/9/9/2N6/9/9/5A2B/9/4KAB2 w,0.017328668,3447
3k5/2c1a4/9/N8/9/9/9/5A2B/9/4KAB2 b,-0.0108460905,274
4k4/2c1a4/9/N8/9/9/9/5A2B/9/4KAB2 w,0.019883323,2450
4k4/2c1a4/2N6/9/9/9/9/5A2B/9/4KAB2 b,-0.018479062,1002
4k4/3ca4/2N6/9/9/9/9/5A2B/9/4KAB2 w,0.0315845,1813
4k4/3cN4/9/9/9/9/9/5A2B/9/4KAB2 b,-0.038288426,363
3k5/3cN4/9/9/9/9/9/5A2B/9/4KAB2 w,0.034419846,6196
3k5/3cN4/9/9/9/9/9/8B/4A4/4KAB2 b,-0.026960814,274
4k4/3cN4/9/9/9/9/9/8B/4A4/4KAB2 w,0.027616119,1200
4k4/3c5/9/3N5/9/9/9/8B/4A4/4KAB2 b,-0.020018566,1101
4k4/9/3c5/3N5/9/9/9/8B/4A4/4KAB2 w,0.036079217,2719
4k4/9/1N1c5/9/9/9/9/8B/4A4/4KAB2 b,-0.023471033,373
9/4k4/1N1c5/9/9/9/9/8B/4A4/4KAB2 w,0.029622817,1712
2N6/4k4/3c5/9/9/9/9/8B/4A4/4KAB2 b,-0.021520674,1893
2Nc5/4k4/9/9/9/9/9/8B/4A4/4KAB2 w,0.028821994,189
3c5/N3k4/9/9/9/9/9/8B/4A4/4KAB2 b,-0.023922777,282
9/N2ck4/9/9/9/9/9/8B/4A4/4KAB2 w,0.025446748,830
9/3ck4/2N6/9/9/9/9/8B/4A4/4KAB2 b,-0.025605297,1101
9/4k4/2Nc5/9/9/9/9/8B/4A4/4KAB2 w,0.02289095,7897
9/4k4/2Nc5/9/9/9/9/4B3B/4A4/4KA3 b,-0.02037381,1182
9/3k5/2Nc5/9/9/9/9/4B3B/4A4/4KA3 w,0.0305686,7734
9/3k5/2Nc5/9/9/9/9/4B3B/4A4/3K1A3 b,-0.0294397,1093
9/4k4/2Nc5/9/9/9/9/4B3B/4A4/3K1A3 w,0.03977437,1803
3N5/4k4/3c5/9/9/9/9/4B3B/4A4/3K1A3 b,-0.021165563,1916
3N5/4k4/8c/9/9/9/9/4B3B/4A4/3K1A3 w,0.016031146,290
9/4k4/2N5c/9/9/9/9/4B3B/4A4/3K1A3 b,0,2361
rnbakabnr/9/1c5c1/p1p1p1p1p/9/9/P1P1P1P1P/1C5C1/9/RNBAKABNR w,-0.7981728,5827
rnbakabnr/9/1c5c1/p1p1p1p1p/9/9/P1P1P1P1P/4C2C1/9/RNBAKABNR b,0.7982332,110
r1bakabnr/9/1cn4c1/p1p1p1p1p/9/9/P1P1P1P1P/4C2C1/9/RNBAKABNR w,-0.79816854,7445
r1bakabnr/9/1cn4c1/p1p1p1p1p/9/9/P1P1P1P1P/2N1C2C1/9/R1BAKABNR b,0.7981648,562
r1baka1nr/9/1cn1b2c1/p1p1p1p1p/9/9/P1P1P1P1P/2N1C2C1/9/R1BAKABNR w,-0.79805344,7372
r1baka1nr/9/1cn1b2c1/p1p1p1p1p/9/9/P1P1P1P1P/2N1C2C1/9/1RBAKABNR b,0.7982326,1
1rbaka1nr/9/1cn1b2c1/p1p1p1p1p/9/9/P1P1P1P1P/2N1C2C1/9/1RBAKABNR w,-0.79828745,6368
1rbaka1nr/9/1cn1b2c1/p1p1p1p1p/9/9/P1P1P1P1P/2N1CC3/9/1RBAKABNR b,0.79872113,654
1rbaka2r/9/1cn1b1nc1/p1p1p1p1p/9/9/P1P1P1P1P/2N1CC3/9/1RBAKABNR w,-0.79840535,7989
1rbaka2r/9/1cn1b1nc1/p1p1p1p1p/9/9/P1P1P1P1P/2N1CCN2/9/1RBAKAB1R b,0.7986271,3012
1rbaka2r/9/1cn1b1nc1/p1p1p3p/6p2/9/P1P1P1P1P/2N1CCN2/9/1RBAKAB1R w,-0.7981277,8098
1rbaka2r/9/1cn1b1nc1/p1p1p3p/6p2/9/P1P1P1P1P/2N1CCN2/9/1RBAKABR1 b,0.79798746,727
1rbaka1r1/9/1cn1b1nc1/p1p1p3p/6p2/9/P1P1P1P1P/2N1CCN2/9/1RBAKABR1 w,-0.79748696,5087
1rbaka1r1/9/1cn1b1nc1/p1p1p3p/6p2/2P6/P3P1P1P/2N1CCN2/9/1RBAKABR1 b,0.79777384,1765
1rbaka1r1/9/2n1b1nc1/p1p1p3p/6p2/2P6/Pc2P1P1P/2N1CCN2/9/1RBAKABR1 w,-0.7949186,5898
1rbaka1r1/9/2n1b1nc1/p1p1p3p/6p2/2PN5/Pc2P1P1P/4CCN2/9/1RBAKABR1 b,0.7936065,2311
1rbaka1r1/9/2n1b1n2/p1p1p3p/6p2/2PN5/Pc2P1PcP/4CCN2/9/1RBAKABR1 w,-0.7921139,6143
1rbaka1r1/9/2n1bCn2/p1p1p3p/6p2/2PN5/Pc2P1PcP/4C1N2/9/1RBAKABR1 b,0.7910976,1986
1rbakabr1/9/2n2Cn2/p1p1p3p/6p2/2PN5/Pc2P1PcP/4C1N2/9/1RBAKABR1 w,-0.78217435,4351
1rbakabr1/9/2n2Cn2/p1p1N3p/6p2/2P6/Pc2P1PcP/4C1N2/9/1RBAKABR1 b,0.795234,1831
1rbakabr1/9/5Cn2/p1p1n3p/6p2/2P6/Pc2P1PcP/4C1N2/9/1RBAKABR1 w,-0.7949694,6061
1rbakabr1/9/5Cn2/p1p1C3p/6p2/2P6/Pc2P1PcP/6N2/9/1RBAKABR1 b,0.8092765,109
2bakabr1/9/1r3Cn2/p1p1C3p/6p2/2P6/Pc2P1PcP/6N2/9/1RBAKABR1 w,-0.79775274,2839
2bakabr1/9/1r3Cn2/p1p5p/6p2/2P1C4/Pc2P1PcP/6N2/9/1RBAKABR1 b,0.8011774,1733
2bakabr1/9/5rn2/p1p5p/6p2/2P1C4/Pc2P1PcP/6N2/9/1RBAKABR1 w,-0.7903902,7435
2bakabr1/9/5rn2/p1p5p/6p2/2P1C4/PR2P1PcP/6N2/9/2BAKABR1 b,0.7935399,2201
2bakabr1/9/5r3/p1p5p/5np2/2P1C4/PR2P1PcP/6N2/9/2BAKABR1 w,-0.7861781,4987
2bakabr1/9/5r3/p1p5p/1R3np2/2P1C4/P3P1PcP/6N2/9/2BAKABR1 b,0.7915301,3750
2bakabr1/9/5r3/p1p5p/1R4p2/2P1C4/P3P1ncP/6N2/9/2BAKABR1 w,-0.7802876,3372
2bakabr1/9/5r3/p1p5p/6R2/2P1C4/P3P1ncP/6N2/9/2BAKABR1 b,0.79455066,5449
2bakabr1/9/5r3/p1p5p/6R2/2P1n4/P3P2cP/6N2/9/2BAKABR1 w,-0.7944186,5269
2bakabr1/9/5r3/p1p5p/6R2/2P1P4/P6cP/6N2/9/2BAKABR1 b,0.80025154,2129
2bakabr1/9/9/p1p5p/6R2/2P1P4/P4r1cP/6N2/9/2BAKABR1 w,-0.7977368,3813
2bakabr1/9/9/p1p3R1p/9/2P1P4/P4r1cP/6N2/9/2BAKABR1 b,0.8020259,5560
2bakabr1/9/9/p1p3R1p/9/2P1P4/P4r2P/6Nc1/9/2BAKABR1 w,-0.79491913,4450
2bakabr1/9/9/p1p3R1p/4P4/2P6/P4r2P/6Nc1/9/2BAKABR1 b,0.79743284,5378
2bakabr1/9/9/p1p3R1p/4P4/2P6/P7P/5rNc1/9/2BAKABR1 w,-0.7682917,7816
2bakabr1/9/9/p1p3R1p/4P4/2P6/P7P/5rNc1/4A4/2BAK1BR1 b,0.7857212,6179
2bakabr1/9/9/p1p3R1p/4P4/2P6/P4r2P/6Nc1/4A4/2BAK1BR1 w,-0.7754313,6262
2bakabr1/9/9/p1p3R1p/4P4/2P4N1/P4r2P/7c1/4A4/2BAK1BR1 b,0.8081175,682
2bakab2/9/9/p1p3R1p/4P4/2P4r1/P4r2P/7c1/4A4/2BAK1BR1 w,-0.80376834,2976
2bakaR2/9/9/p1p5p/4P4/2P4r1/P4r2P/7c1/4A4/2BAK1BR1 b,0.81429946,6379
2bakaR2/9/9/p1p5p/4P4/2P4r1/P4r2P/9/4A2c1/2BAK1BR1 w,-0.8045844,573
2baka3/9/9/p1p3R1p/4P4/2P4r1/P4r2P/9/4A2c1/2BAK1BR1 b,0.8089153,5372
2baka3/9/9/p1p3R1p/4P4/2P4r1/P7r/9/4A2c1/2BAK1BR1 w,-0.8040737,2999
2baka3/9/9/p1R5p/4P4/2P4r1/P7r/9/4A2c1/2BAK1BR1 b,0.8153127,5638
2baka3/9/9/p1R5p/4P4/2P4r1/P3r4/9/4A2c1/2BAK1BR1 w,-0.80423194,7897
2baka3/9/9/p1R5p/4P4/2P4r1/P3r4/4B4/4A2c1/2BAK2R1 b,0.812188,5260
2baka3/9/9/p1R5p/4r4/2P4r1/P8/4B4/4A2c1/2BAK2R1 w,-0.8101918,2612
2Raka3/9/9/p7p/4r4/2P4r1/P8/4B4/4A2c1/2BAK2R1 b,0.82155347,4714
2Raka3/9/9/p6rp/4r4/2P6/P8/4B4/4A2c1/2BAK2R1 w,-0.8137453,218
3aka3/9/9/p6rp/2R1r4/2P6/P8/4B4/4A2c1/2BAK2R1 b,0.81709695,3649
3aka3/9/9/p6rp/2R6/2P1r4/P8/4B4/4A2c1/2BAK2R1 w,-0.80798864,3461
3aka3/9/9/p6rp/5R3/2P1r4/P8/4B4/4A2c1/2BAK2R1 b,0.8152968,4468
3aka3/9/9/p6rp/5R3/2P6/P3r4/4B4/4A2c1/2BAK2R1 w,-0.80651504,3767
3aka3/9/9/p6rp/9/2P6/P3r4/4B4/4AR1c1/2BAK2R1 b,0.8079183,5281
3aka3/9/9/p6rp/9/2P6/P6r1/4B4/4AR1c1/2BAK2R1 w,-0.8062511,4268
3aka3/9/9/p6rp/2P6/9/P6r1/4B4/4AR1c1/2BAK2R1 b,0.8105631,7180
3aka3/9/9/p6rp/2P6/9/P6r1/4B2c1/4AR3/2BAK2R1 w,-0.79921216,6980
3aka3/9/9/p6rp/2P6/5R3/P6r1/4B2c1/4A4/2BAK2R1 b,0.80624443,3194
3aka3/9/9/p6r1/2P5p/5R3/P6r1/4B2c1/4A4/2BAK2R1 w,-0.8059873,4549
3aka3/9/9/p6r1/2P5p/4R4/P6r1/4B2c1/4A4/2BAK2R1 b,0.80398166,283
4ka3/4a4/9/p6r1/2P5p/4R4/P6r1/4B2c1/4A4/2BAK2R1 w,-0.8027216,4456
4ka3/4a4/9/p6r1/2P5p/1R7/P6r1/4B2c1/4A4/2BAK2R1 b,0.8089679,5533
4ka3/4a4/9/p6r1/2P4rp/1R7/P8/4B2c1/4A4/2BAK2R1 w,-0.7928799,3449
4ka3/4a4/9/p1P4r1/7rp/1R7/P8/4B2c1/4A4/2BAK2R1 b,0.8105442,3089
4ka3/4a4/9/p1r6/7rp/1R7/P8/4B2c1/4A4/2BAK2R1 w,-0.80856127,4141
1R2ka3/4a4/9/p1r6/7rp/9/P8/4B2c1/4A4/2BAK2R1 b,0.8126731,1173
1R1aka3/9/9/p1r6/7rp/9/P8/4B2c1/4A4/2BAK2R1 w,-0.8127195,109
3aka3/9/1R7/p1r6/7rp/9/P8/4B2c1/4A4/2BAK2R1 b,0.8270981,2644
3aka3/9/1R7/p6r1/7rp/9/P8/4B2c1/4A4/2BAK2R1 w,-0.81472075,1765
3aka3/9/9/p6r1/7rp/9/PR7/4B2c1/4A4/2BAK2R1 b,0.8194896,4013
3aka3/9/9/p6r1/7r1/8p/PR7/4B2c1/4A4/2BAK2R1 w,-0.8133038,5008
3aka3/9/9/p6r1/7r1/8p/P3R4/4B2c1/4A4/2BAK2R1 b,0.8177176,283
4ka3/4a4/9/p6r1/7r1/8p/P3R4/4B2c1/4A4/2BAK2R1 w,-0.81048274,5276
4ka3/4a4/9/p6r1/7r1/8p/P1R6/4B2c1/4A4/2BAK2R1 b,0.8156663,6379
4ka3/4a4/9/p6r1/7r1/8p/P1R6/4B4/4A2c1/2BAK2R1 w,-0.81462556,5042
2R1ka3/4a4/9/p6r1/7r1/8p/P8/4B4/4A2c1/2BAK2R1 b,0.81289935,1173
2Raka3/9/9/p6r1/7r1/8p/P8/4B4/4A2c1/2BAK2R1 w,-0.80575764,227
3aka3/9/9/p6r1/7r1/2R5p/P8/4B4/4A2c1/2BAK2R1 b,0.81662416,4832
3aka3/9/9/p6r1/7r1/2R6/P7p/4B4/4A2c1/2BAK2R1 w,-0.8085281,4286
3aka3/9/9/p6r1/7r1/9/P1R5p/4B4/4A2c1/2BAK2R1 b,0.8222921,5651
3aka3/9/9/p6r1/7r1/9/P1R6/4B3p/4A2c1/2BAK2R1 w,-0.8153792,5100
3aka3/9/9/p6r1/7r1/9/P5R2/4B3p/4A2c1/2BAK2R1 b,0.8483075,6460
3aka3/9/9/p6r1/7r1/9/P5R2/4B2p1/4A2c1/2BAK2R1 w,-0.8466914,5458
3aka3/9/9/p6r1/7r1/9/P3R4/4B2p1/4A2c1/2BAK2R1 b,0.8368635,463
3ak4/4a4/9/p6r1/7r1/9/P3R4/4B2p1/4A2c1/2BAK2R1 w,-0.81236595,8007
3ak4/4a4/9/p6r1/7r1/9/P3R4/4B2p1/4A2c1/2BAK1R2 b,0.8310445,7187
3ak4/4a4/9/p6r1/7r1/9/P3R4/4B2p1/4Ac3/2BAK1R2 w,-0.8327421,5279
3ak4/4a4/9/p6r1/7r1/9/P4R3/4B2p1/4Ac3/2BAK1R2 b,0.8284202,7010
3ak4/4a4/9/p6r1/7r1/9/P4R3/4B2p1/4A3c/2BAK1R2 w,-0.8403462,5372
3ak4/4a4/9/p6r1/7r1/9/P7R/4B2p1/4A3c/2BAK1R2 b,0.8400322,6379
3ak4/4a4/9/p6r1/7r1/9/P7R/4B4/4A2pc/2BAK1R2 w,-0.8501329,5588
3ak3R/4a4/9/p6r1/7r1/9/P8/4B4/4A2pc/2BAK1R2 b,0.8535562,1175
3aka2R/9/9/p6r1/7r1/9/P8/4B4/4A2pc/2BAK1R2 w,-0.8547185,726
3akaR2/9/9/p6r1/7r1/9/P8/4B4/4A2pc/2BAK1R2 b,0.86093014,3922
3akaR2/9/9/p6r1/9/7r1/P8/4B4/4A2pc/2BAK1R2 w,-0.8418346,564
3aka3/9/6R2/p6r1/9/7r1/P8/4B4/4A2pc/2BAK1R2 b,0.87041634,7235
3aka3/9/6R2/p6rc/9/7r1/P8/4B4/4A2p1/2BAK1R2 w,-0.85663855,2182
3aka3/9/4R4/p6rc/9/7r1/P8/4B4/4A2p1/2BAK1R2 b,0.86146617,283
4ka3/4a4/4R4/p6rc/9/7r1/P8/4B4/4A2p1/2BAK1R2 w,-0.8599718,2006
4ka3/4a4/8R/p6rc/9/7r1/P8/4B4/4A2p1/2BAK1R2 b,0.85788053,7188
4ka3/4a4/8R/p6rc/9/7r1/P8/4B4/4A1p2/2BAK1R2 w,-0.8219747,7908
4ka3/4a4/8R/p6rc/9/7r1/P8/4B4/4A1R2/2BAK4 b,0.8299115,4733
4ka3/4a4/8R/p6rc/9/8r/P8/4B4/4A1R2/2BAK4 w,-0.82328457,6926
4ka3/4a4/8R/p6rc/9/8r/P8/4B4/6R2/2BAKA3 b,0.8341996,3091
4ka3/4a4/8R/p3r3c/9/8r/P8/4B4/6R2/2BAKA3 w,-0.8301184,2364
4ka3/4a4/6R2/p3r3c/9/8r/P8/4B4/6R2/2BAKA3 b,0.8347857,4819
4ka3/4a4/6R2/p3r3c/9/4r4/P8/4B4/6R2/2BAKA3 w,-0.83063924,2178
4ka3/4a4/R8/p3r3c/9/4r4/P8/4B4/6R2/2BAKA3 b,0.84279776,1173
3aka3/9/R8/p3r3c/9/4r4/P8/4B4/6R2/2BAKA3 w,-0.82914454,7816
3aka3/9/R8/p3r3c/9/4r4/P8/4B4/4A1R2/2BAK4 b,0.8252554,4462
3aka3/9/R8/p3r3c/9/7r1/P8/4B4/4A1R2/2BAK4 w,-0.8184306,6926
3aka3/9/R8/p3r3c/9/7r1/P8/4B4/6R2/2BAKA3 b,0.8281194,4741
3aka3/9/R8/p3r3c/9/9/P6r1/4B4/6R2/2BAKA3 w,-0.8182651,1646
3aka3/9/8R/p3r3c/9/9/P6r1/4B4/6R2/2BAKA3 b,0.82927495,3212
3aka3/9/8R/p3r4/9/9/P6rc/4B4/6R2/2BAKA3 w,-0.8194412,4905
3aka3/9/8R/p3r4/9/P8/7rc/4B4/6R2/2BAKA3 b,0.8272853,283
4ka3/4a4/8R/p3r4/9/P8/7rc/4B4/6R2/2BAKA3 w,-0.8124776,7100
4ka3/4a4/8R/p3r4/9/P8/7rc/4B4/8R/2BAKA3 b,0.82346606,2848
4ka3/4a4/8R/p8/9/P8/4r2rc/4B4/8R/2BAKA3 w,-0.8165085,2360
4ka3/4a4/2R6/p8/9/P8/4r2rc/4B4/8R/2BAKA3 b,0.8328225,5542
4ka3/4a4/2R6/p8/9/P6r1/4r3c/4B4/8R/2BAKA3 w,-0.8143413,7278
4ka3/4a4/2R6/p8/9/P6r1/4r3c/4B4/6R2/2BAKA3 b,0.83456296,5251
4ka3/4a4/2R6/p3r4/9/P6r1/8c/4B4/6R2/2BAKA3 w,-0.8285276,1802
2R1ka3/4a4/9/p3r4/9/P6r1/8c/4B4/6R2/2BAKA3 b,0.8330673,1173
2Raka3/9/9/p3r4/9/P6r1/8c/4B4/6R2/2BAKA3 w,-0.82874244,236
3aka3/9/9/p3r4/9/P6r1/2R5c/4B4/6R2/2BAKA3 b,0.8352814,5669
3aka3/9/9/p3r4/9/P6r1/2R6/4B4/6R2/2BAKA2c w,-0.8364836,7107
3aka3/9/9/p3r4/9/P6r1/2R6/4B4/9/2BAKAR1c b,0.8317129,8090
3aka3/9/9/p3r4/9/P6r1/2R6/4B4/8c/2BAKAR2 w,-0.81073445,7890
3aka3/9/9/p3r4/9/P6r1/2R3R2/4B4/8c/2BAKA3 b,0.82878506,4729
3aka3/9/9/p3r4/9/P3r4/2R3R2/4B4/8c/2BAKA3 w,-0.8120699,7636
3aka3/9/9/p3r4/9/P3r4/2R3R2/4B4/4A3c/2B1KA3 b,0.83478326,7289
3aka3/9/9/p3r4/9/P3r4/2R3R2/4B4/4A4/2B1KA2c w,-0.8318744,5487
3aka3/9/9/p3r4/9/P3r4/2R6/4B4/4A4/2B1KAR1c b,0.8404104,8027
3aka3/8c/9/p3r4/9/P3r4/2R6/4B4/4A4/2B1KAR2 w,-0.8116966,7836
3akaR2/8c/9/p3r4/9/P3r4/2R6/4B4/4A4/2B1KA3 b,0.82493585,1544
3akaR2/5c3/9/p3r4/9/P3r4/2R6/4B4/4A4/2B1KA3 w,-0.78506815,5099
3akaR2/5c3/9/p3r4/9/P3r4/5R3/4B4/4A4/2B1KA3 b,0.79625356,1310
3akaR2/9/9/p3r4/9/P3rc3/5R3/4B4/4A4/2B1KA3 w,-0.7985433,591
3aka3/9/9/p3r4/9/P3rcR2/5R3/4B4/4A4/2B1KA3 b,0.80579555,2822
3aka3/9/9/p4r3/9/P3rcR2/5R3/4B4/4A4/2B1KA3 w,-0.80050075,5364
3aka3/9/9/p4r3/9/P3rcR2/R8/4B4/4A4/2B1KA3 b,0.8137378,2911
3aka3/9/9/p3r4/9/P3rcR2/R8/4B4/4A4/2B1KA3 w,-0.80016935,4920
3aka3/9/9/p3r4/9/P3rcR2/6R2/4B4/4A4/2B1KA3 b,0.81957346,4523
3aka3/9/5c3/p3r4/9/P3r1R2/6R2/4B4/4A4/2B1KA3 w,-0.8014952,4639
3aka3/9/5c3/p3r4/9/P3R4/6R2/4B4/4A4/2B1KA3 b,0.8096739,2839
3aka3/9/5c3/p8/9/P3r4/6R2/4B4/4A4/2B1KA3 w,-0.8084671,5424
3aka3/9/5cR2/p8/9/P3r4/9/4B4/4A4/2B1KA3 b,0.8143312,2092
3aka3/9/4c1R2/p8/9/P3r4/9/4B4/4A4/2B1KA3 w,-0.8083697,4086
3aka3/9/4c1R2/p8/P8/4r4/9/4B4/4A4/2B1KA3 b,0.8188423,2466
3aka3/9/4c1R2/9/p8/4r4/9/4B4/4A4/2B1KA3 w,-0.81271386,2220
3aka3/9/4c4/9/p8/4r4/6R2/4B4/4A4/2B1KA3 b,0.8146463,3285
3aka3/9/4c4/9/9/p3r4/6R2/4B4/4A4/2B1KA3 w,-0.8168638,5424
3aka3/9/4c1R2/9/9/p3r4/9/4B4/4A4/2B1KA3 b,0.8189459,1993
3aka3/4c4/6R2/9/9/p3r4/9/4B4/4A4/2B1KA3 w,-0.812785,2181
3aka3/4c4/3R5/9/9/p3r4/9/4B4/4A4/2B1KA3 b,0.82629055,1187
3aka3/8c/3R5/9/9/p3r4/9/4B4/4A4/2B1KA3 w,-0.8139819,6117
3aka3/8c/3R5/9/9/p3r4/9/9/4A4/2B1KAB2 b,0.82427245,1619
3aka3/9/3R5/9/9/p3r4/9/9/4A4/2B1KAB1c w,-0.8208492,1965
3aka3/9/9/9/9/p3r4/9/9/3RA4/2B1KAB1c b,0.83283573,4457
3aka3/9/9/9/9/p1r6/9/9/3RA4/2B1KAB1c w,-0.81796825,6834
3aka3/9/9/9/9/p1r6/9/9/4A4/2BRKAB1c b,0.8260631,4281
3aka3/9/9/9/9/p5r2/9/9/4A4/2BRKAB1c w,-0.81278867,7537
3aka3/9/9/9/9/p5r2/9/4B4/4A4/3RKAB1c b,0.8280847,4639
3aka3/9/9/9/9/p3r4/9/4B4/4A4/3RKAB1c w,-0.8114569,7626
3aka3/9/9/9/9/p3r4/9/3RB4/4A4/4KAB1c b,0.820078,4468
3aka3/9/9/9/9/p8/4r4/3RB4/4A4/4KAB1c w,-0.8070709,7734
3aka3/9/9/9/9/p8/4r4/3RB4/4A4/3K1AB1c b,0.82232094,4104
3aka3/9/9/9/9/9/p3r4/3RB4/4A4/3K1AB1c w,-0.8151789,5943
3Rka3/9/9/9/9/9/p3r4/4B4/4A4/3K1AB1c b,0.81568915,373
3R1a3/4k4/9/9/9/9/p3r4/4B4/4A4/3K1AB1c w,-0.81966114,282
5a3/3Rk4/9/9/9/9/p3r4/4B4/4A4/3K1AB1c b,0.8192127,1174
4ka3/3R5/9/9/9/9/p3r4/4B4/4A4/3K1AB1c w,-0.80334425,1146
4ka3/9/9/9/9/9/p3r4/3RB4/4A4/3K1AB1c b,0.8192012,4915
4ka3/9/9/9/9/9/1p2r4/3RB4/4A4/3K1AB1c w,-0.81357867,5943
3Rka3/9/9/9/9/9/1p2r4/4B4/4A4/3K1AB1c b,0.81764627,373
3R1a3/4k4/9/9/9/9/1p2r4/4B4/4A4/3K1AB1c w,-0.81965977,282
5a3/3Rk4/9/9/9/9/1p2r4/4B4/4A4/3K1AB1c b,0.8201839,1174
4ka3/3R5/9/9/9/9/1p2r4/4B4/4A4/3K1AB1c w,-0.8101999,1146
4ka3/9/9/9/9/9/1p2r4/3RB4/4A4/3K1AB1c b,0.81830096,463
4k4/4a4/9/9/9/9/1p2r4/3RB4/4A4/3K1AB1c w,-0.8117672,6003
4k4/4a4/9/9/9/9/1p2r4/R3B4/4A4/3K1AB1c b,0.8108663,8036
4k4/4a4/8c/9/9/9/1p2r4/R3B4/4A4/3K1AB2 w,-0.8074005,5670
R3k4/4a4/8c/9/9/9/1p2r4/4B4/4A4/3K1AB2 b,0.8076864,1173
R2ak4/9/8c/9/9/9/1p2r4/4B4/4A4/3K1AB2 w,-0.8074093,3
3Rk4/9/8c/9/9/9/1p2r4/4B4/4A4/3K1AB2 b,0.80802554,373
3R5/4k4/8c/9/9/9/1p2r4/4B4/4A4/3K1AB2 w,-0.80941015,282
9/3Rk4/8c/9/9/9/1p2r4/4B4/4A4/3K1AB2 b,0.81087536,1174
4k4/3R5/8c/9/9/9/1p2r4/4B4/4A4/3K1AB2 w,-0.80454546,1101
4k4/9/3R4c/9/9/9/1p2r4/4B4/4A4/3K1AB2 b,0.80284166,2357
4k4/8c/3R5/9/9/9/1p2r4/4B4/4A4/3K1AB2 w,-0.80210173,1893
3Rk4/8c/9/9/9/9/1p2r4/4B4/4A4/3K1AB2 b,0.7963539,373
3R5/4k3c/9/9/9/9/1p2r4/4B4/4A4/3K1AB2 w,-0.7951853,278
8R/4k3c/9/9/9/9/1p2r4/4B4/4A4/3K1AB2 b,0.79365015,1544
8R/4kc3/9/9/9/9/1p2r4/4B4/4A4/3K1AB2 w,-0.79353774,737
9/4kc2R/9/9/9/9/1p2r4/4B4/4A4/3K1AB2 b,0.7922387,5277
9/4kc2R/9/9/9/9/1p1r5/4B4/4A4/3K1AB2 w,-0.79384506,7645
9/4kc2R/9/9/9/9/1p1r5/4B4/4A4/4KAB2 b,0.7971209,5189
9/4kc2R/9/9/9/9/1p3r3/4B4/4A4/4KAB2 w,-0.79308033,1545
9/4kcR2/9/9/9/9/1p3r3/4B4/4A4/4KAB2 b,0.7961509,5006
9/4kcR2/9/9/9/9/2p2r3/4B4/4A4/4KAB2 w,-0.79436654,1366
9/4kc1R1/9/9/9/9/2p2r3/4B4/4A4/4KAB2 b,0.79901713,5105
9/4kc1R1/9/9/9/9/5r3/2p1B4/4A4/4KAB2 w,-0.7988853,7734
9/4kc1R1/9/9/9/9/5r3/2p1B4/4A4/3K1AB2 b,0.7958234,5367
9/4kc1R1/9/9/9/9/3r5/2p1B4/4A4/3K1AB2 w,-0.796398,7645
9/4kc1R1/9/9/9/9/3r5/2p1B4/4A4/4KAB2 b,0.79696214,5924
9/4kc1R1/9/9/9/9/3r5/4B4/2p1A4/4KAB2 w,-0.7806727,1454
9/4kR3/9/9/9/9/3r5/4B4/2p1A4/4KAB2 b,0.84064496,1184
9/5k3/9/9/9/9/3r5/4B4/2p1A4/4KAB2 w,-0.84266806,6924
9/5k3/9/9/9/9/3r5/4B4/2p6/3AKAB2 b,0.861401,5189
9/5k3/9/9/9/9/5r3/4B4/2p6/3AKAB2 w,-0.8603203,7636
9/5k3/9/9/9/9/5r3/4B4/2p1A4/4KAB2 b,0.8673041,6735
9/5k3/9/9/9/9/5r3/4B4/3pA4/4KAB2 w,-0.8566678,7901
9/5k3/9/9/9/9/5r3/4B3B/3pA4/4KA3 b,0.8665186,5365
9/5k3/9/9/9/9/1r7/4B3B/3pA4/4KA3 w,-0.8645671,6924
9/5k3/9/9/9/9/1r7/4B3B/3p5/3AKA3 b,0.87666005,5032
9/5k3/9/9/9/9/9/4B3B/3p5/1r1AKA3 w,-0.8743433,7816
9/5k3/9/9/9/9/9/4B3B/3pA4/1r1AK4 b,0.88260674,1273
9/4k4/9/9/9/9/9/4B3B/3pA4/1r1AK4 w,-0.8711702,6477
9/4k4/9/9/9/9/9/4B4/3pA4/1r1AK1B2 b,0.8824503,7461
9/4k4/9/9/9/9/9/4B4/3pA4/r2AK1B2 w,-0.8581456,7901
9/4k4/9/9/9/9/9/4B3B/3pA4/r2AK4 b,0.8693438,6826
9/4k4/9/9/9/9/9/4B3B/4p4/r2AK4 w,-0.85543895,7726
9/4k4/9/9/9/9/9/4B3B/4K4/r2A5 b,0.8562659,7374
9/4k4/9/9/9/9/9/4B3B/4K4/3r5 w,-0.85218096,6441
9/4k4/9/9/9/6B2/9/4B4/4K4/3r5 b,0.8730429,7643
9/4k4/9/9/9/6B2/9/4B4/4K4/2r6 w,-0.8519979,4661
9/4k4/9/9/9/9/9/4B3B/4K4/2r6 b,0.8536262,7544
9/4k4/9/9/9/9/9/4B3B/2r1K4/9 w,-0.86050266,6925
9/4k4/9/9/9/9/9/4B3B/2r6/4K4 b,0.87494934,6738
9/4k4/9/9/9/9/9/4B3B/6r2/4K4 w,-0.86779386,6477
9/4k4/9/9/9/9/9/4B4/6r2/4K1B2 b,0.8824803,1182
9/3k5/9/9/9/9/9/4B4/6r2/4K1B2 w,-0.87095064,7901
9/3k5/9/9/9/9/9/4B3B/6r2/4K4 b,0.87891126,7100
9/3k5/9/9/9/9/9/4B3B/8r/4K4 w,-0.864397,6117
9/3k5/9/9/9/9/9/8B/8r/4K1B2 b,0.87813586,7279
9/3k5/9/9/9/9/9/8B/7r1/4K1B2 w,-0.8660567,7736
9/3k5/9/9/9/9/9/8B/7r1/5KB2 b,0.86719185,1101
9/9/3k5/9/9/9/9/8B/7r1/5KB2 w,-0.86115247,7825
9/9/3k5/9/9/9/9/8B/7r1/4K1B2 b,0.87165123,7188
9/9/3k5/9/9/9/9/8B/6r2/4K1B2 w,-0.8629109,7736
9/9/3k5/9/9/9/9/8B/6r2/5KB2 b,0.8748738,1912
9/9/4k4/9/9/9/9/8B/6r2/5KB2 w,-0.87260085,7897
9/9/4k4/9/9/9/9/4B3B/6r2/5K3 b,0.87954915,7089
9/9/4k4/9/9/9/9/4B1r1B/9/5K3 w,-0.8704767,6441
9/9/4k4/9/9/6B2/9/4B1r2/9/5K3 b,0.87602264,1993
9/4k4/9/9/9/6B2/9/4B1r2/9/5K3 w,-0.871498,7817
9/4k4/9/9/9/6B2/9/4B1r2/5K3/9 b,0.8737383,6270
9/4k4/9/9/9/6B2/6r2/4B4/5K3/9 w,-0.862563,7006
9/4k4/9/9/9/6B2/6r2/4B4/4K4/9 b,0.8679418,5478
9/4k4/9/9/9/6B2/9/4B4/4K1r2/9 w,-0.86075336,6925
9/4k4/9/9/9/6B2/9/4B4/6r2/4K4 b,0.86724824,7089
9/4k4/9/9/9/6B2/9/4B1r2/9/4K4 w,-0.86234826,7726
9/4k4/9/9/9/6B2/9/4B1r2/4K4/9 b,0.869089,1182
9/3k5/9/9/9/6B2/9/4B1r2/4K4/9 w,-0.8643302,6113
9/3k5/9/9/9/6B2/9/6r2/4K4/2B6 b,0.8802349,6297
9/3k5/9/9/9/6B2/9/9/4K4/2B3r2 w,-0.8637804,7533
9/3k5/9/9/9/6B2/9/B8/4K4/6r2 b,0.8587456,7908
9/3k5/9/9/9/6B2/9/B8/4K1r2/9 w,-0.85885894,6907
9/3k5/9/9/9/6B2/9/B3K4/6r2/9 b,0.8664833,7071
9/3k5/9/9/9/6r2/9/B3K4/9/9 w,-0.85944414,5717
9/3k5/9/9/9/2B3r2/9/4K4/9/9 b,0.8810592,4596
6r2/3k5/9/9/9/2B6/9/4K4/9/9 w,-0.87758934,6106
6r2/3k5/9/9/9/2B6/9/9/4K4/9 b,0.8692605,618
9/3k5/9/9/9/2B6/9/9/4K1r2/9 w,-0.86365134,6907
9/3k5/9/9/9/2B6/9/4K4/6r2/9 b,0.8689545,7089
9/3k5/9/9/9/2B6/9/4K1r2/9/9 w,-0.8742847,6106
9/3k5/9/9/9/2B6/9/6r2/4K4/9 b,0.8884637,6278
9/3k5/9/9/9/2B6/9/5r3/4K4/9 w,-0.86710227,4293
9/3k5/9/9/9/9/9/B4r3/4K4/9 b,0.8734697,6183
9/3k5/9/9/9/9/9/r8/4K4/9 w,-0.87659305,6925
9/3k5/9/9/9/9/9/r8/9/4K4 b,0.88089716,5737
9/3k5/9/9/9/9/9/4r4/9/4K4 w,-0.95007575,7736
9/3k5/9/9/9/9/9/4r4/9/5K3 b,0.9833365,1093
9/4k4/9/9/9/9/9/4r4/9/5K3 w,-0.98552203,7817
9/4k4/9/9/9/9/9/4r4/5K3/9 b,0.9943319,6115
9/4k4/9/9/9/9/9/9/5K3/4r4 w,-0.9935321,6998
9/4k4/9/9/9/9/9/5K3/9/4r4 b,1,7736
rnbakabnr/9/1c5c1/p1p1p1p1p/9/9/P1P1P1P1P/1C5C1/9/RNBAKABNR w,0.0018177032,5827
rnbakabnr/9/1c5c1/p1p1p1p1p/9/9/P1P1P1P1P/4C2C1/9/RNBAKABNR b,-0.0017636538,110
r1bakabnr/9/1cn4c1/p1p1p1p1p/9/9/P1P1P1P1P/4C2C1/9/RNBAKABNR w,0.0018139601,7445
r1bakabnr/9/1cn4c1/p1p1p1p1p/9/9/P1P1P1P1P/2N1C2C1/9/R1BAKABNR b,-0.0018405796,562
r1baka1nr/9/1cn1b2c1/p1p1p1p1p/9/9/P1P1P1P1P/2N1C2C1/9/R1BAKABNR w,0.0019032955,7372
r1baka1nr/9/1cn1b2c1/p1p1p1p1p/9/9/P1P1P1P1P/2N1C2C1/9/1RBAKABNR b,-0.0017700195,1
1rbaka1nr/9/1cn1b2c1/p1p1p1p1p/9/9/P1P1P1P1P/2N1C2C1/9/1RBAKABNR w,0.0016990424,6368
1rbaka1nr/9/1cn1b2c1/p1p1p1p1p/9/9/P1P1P1P1P/2N1CC3/9/1RBAKABNR b,-0.0012760878,654
1rbaka2r/9/1cn1b1nc1/p1p1p1p1p/9/9/P1P1P1P1P/2N1CC3/9/1RBAKABNR w,0.0015865564,7989
1rbaka2r/9/1cn1b1nc1/p1p1p1p1p/9/9/P1P1P1P1P/2N1CCN2/9/1RBAKAB1R b,-0.0013483524,3012
1rbaka2r/9/1cn1b1nc1/p1p1p3p/6p2/9/P1P1P1P1P/2N1CCN2/9/1RBAKAB1R w,0.0018790246,8098
1rbaka2r/9/1cn1b1nc1/p1p1p3p/6p2/9/P1P1P1P1P/2N1CCN2/9/1RBAKABR1 b,-0.0020173073,727
1rbaka1r1/9/1cn1b1nc1/p1p1p3p/6p2/9/P1P1P1P1P/2N1CCN2/9/1RBAKABR1 w,0.002513051,5087
1rbaka1r1/9/1cn1b1nc1/p1p1p3p/6p2/2P6/P3P1P1P/2N1CCN2/9/1RBAKABR1 b,-0.002226162,1765
1rbaka1r1/9/2n1b1nc1/p1p1p3p/6p2/2P6/Pc2P1P1P/2N1CCN2/9/1RBAKABR1 w,0.0050043105,5898
1rbaka1r1/9/2n1b1nc1/p1p1p3p/6p2/2PN5/Pc2P1P1P/4CCN2/9/1RBAKABR1 b,-0.0063818814,2311
1rbaka1r1/9/2n1b1n2/p1p1p3p/6p2/2PN5/Pc2P1PcP/4CCN2/9/1RBAKABR1 w,0.007323289,6143
1rbaka1r1/9/2n1bCn2/p1p1p3p/6p2/2PN5/Pc2P1PcP/4C1N2/9/1RBAKABR1 b,-0.008457172,1986
1rbakabr1/9/2n2Cn2/p1p1p3p/6p2/2PN5/Pc2P1PcP/4C1N2/9/1RBAKABR1 w,0.018145729,4351
1rbakabr1/9/2n2Cn2/p1p1N3p/6p2/2P6/Pc2P1PcP/4C1N2/9/1RBAKABR1 b,-0.004766011,1831
1rbakabr1/9/5Cn2/p1p1n3p/6p2/2P6/Pc2P1PcP/4C1N2/9/1RBAKABR1 w,0.005065441,6061
1rbakabr1/9/5Cn2/p1p1C3p/6p2/2P6/Pc2P1PcP/6N2/9/1RBAKABR1 b,0.00921042,109
2bakabr1/9/1r3Cn2/p1p1C3p/6p2/2P6/Pc2P1PcP/6N2/9/1RBAKABR1 w,0.0023070814,2830
2bakabr1/9/1r3Cn2/p1p5p/4C1p2/2P6/Pc2P1PcP/6N2/9/1RBAKABR1 b,0.0033847094,1733
2bakabr1/9/5rn2/p1p5p/4C1p2/2P6/Pc2P1PcP/6N2/9/1RBAKABR1 w,0.0026621819,7435
2bakabr1/9/5rn2/p1p5p/4C1p2/2P6/PR2P1PcP/6N2/9/2BAKABR1 b,0.0026698827,2111
2bakabr1/9/6n2/p1p5p/4Crp2/2P6/PR2P1PcP/6N2/9/2BAKABR1 w,0.0073692086,3649
2bakabr1/9/6n2/p1p5p/5rp2/2P1C4/PR2P1PcP/6N2/9/2BAKABR1 b,0.001159811,3831
2bakabr1/9/6n2/p1p5p/5r3/2P1C1p2/PR2P1PcP/6N2/9/2BAKABR1 w,0.012336636,6290
2bakabr1/9/6n2/p1p5p/5r3/2P1C1p2/PR2P1PcP/9/8N/2BAKABR1 b,-0.0033320785,5569
2bakabr1/9/6n2/p1p5p/5r3/2P1C1p2/PR2P1P1P/9/7cN/2BAKABR1 w,0.009689355,7897
2bakabr1/9/6n2/p1p5p/5r3/2P1C1p2/PR2P1P1P/4B4/7cN/2BAKA1R1 b,0.003492117,4640
2bakabr1/9/6n2/p1p5p/5r3/2P1Cp3/PR2P1P1P/4B4/7cN/2BAKA1R1 w,-0.007922972,4458
2bakabr1/9/6n2/p1p5p/5r3/2PC1p3/PR2P1P1P/4B4/7cN/2BAKA1R1 b,0.020519877,3729
2bakabr1/9/6n2/p1p5p/3r5/2PC1p3/PR2P1P1P/4B4/7cN/2BAKA1R1 w,-0.0064362288,4377
2bakabr1/9/6n2/p1p5p/3r5/2P2p3/PR1CP1P1P/4B4/7cN/2BAKA1R1 b,0.018904973,646
2bakab2/7r1/6n2/p1p5p/3r5/2P2p3/PR1CP1P1P/4B4/7cN/2BAKA1R1 w,-0.0029206872,7816
2bakab2/7r1/6n2/p1p5p/3r5/2P2p3/PR1CP1P1P/4B4/4A2cN/2BAK2R1 b,0.008841062,2201
2bakab2/7r1/9/p1p5p/3r1n3/2P2p3/PR1CP1P1P/4B4/4A2cN/2BAK2R1 w,-0.00090543035,5196
2bakab2/7r1/9/p1p5p/3r1n3/2P2p3/PR2P1P1P/3CB4/4A2cN/2BAK2R1 b,0.02034936,4559
2bakab2/7r1/9/p1p5p/3r1n3/2P6/PR2PpP1P/3CB4/4A2cN/2BAK2R1 w,-0.0110708475,5269
2bakab2/7r1/9/p1p5p/3r1n3/2P1P4/PR3pP1P/3CB4/4A2cN/2BAK2R1 b,0.025031328,5368
2bakab2/7r1/9/p1p5p/3r1n3/2P1P4/PR2p1P1P/3CB4/4A2cN/2BAK2R1 w,-0.018207157,5451
2bakab2/7r1/9/p1p5p/3r1n3/2P1P1P2/PR2p3P/3CB4/4A2cN/2BAK2R1 b,0.037713267,3750
2bakab2/7r1/9/p1p5p/3r5/2P1P1P2/PR2p1n1P/3CB4/4A2cN/2BAK2R1 w,-0.037024833,5008
2bakab2/7r1/9/p1p5p/3r5/2P1P1P2/P3R1n1P/3CB4/4A2cN/2BAK2R1 b,0.042757895,5477
2bakab2/7r1/9/p1p5p/3r5/2P1P1P2/P3R3P/3CB4/4An1cN/2BAK2R1 w,-0.027912105,4450
2bakab2/7r1/9/p1p5p/3rP4/2P3P2/P3R3P/3CB4/4An1cN/2BAK2R1 b,0.036348987,3576
2bakab2/7r1/9/p1p5p/4P4/2P3P2/P3R3P/3rB4/4An1cN/2BAK2R1 w,-0.031122362,5279
2bakab2/7r1/9/p1p5p/4P4/2P3P2/P4R2P/3rB4/4An1cN/2BAK2R1 b,0.030956602,7018
2bakab2/7r1/9/p1p5p/4P4/2P3P2/P4R2P/3rB4/4A2cN/2BAK2n1 w,-0.017256154,6906
2bakab2/7r1/9/p1p5p/4P4/2P3P2/P4R2P/3AB4/7cN/2BAK2n1 b,0.027720857,7188
2bakab2/7r1/9/p1p5p/4P4/2P3P2/P4R2P/3AB4/6c1N/2BAK2n1 w,-0.014892578,7261
2bakab2/7r1/9/p1p5p/4P4/2P3P2/P4R1NP/3AB4/6c2/2BAK2n1 b,0.022503639,7089
2bakab2/7r1/9/p1p5p/4P4/2P3P2/P4R1NP/3AB1c2/9/2BAK2n1 w,-0.0091009615,6117
2bakab2/7r1/9/p1p5p/4P4/2P3P2/P4R1NP/3A2c2/9/2BAK1Bn1 b,0.021528006,6281
2bakab2/7r1/9/p1p5p/4P4/2P3P2/P4R1NP/3A4c/9/2BAK1Bn1 w,0.007462716,7901
2bakab2/7r1/9/p1p5p/4P4/2P3P2/P4R1NP/3A4B/9/2BAK2n1 b,0.00016310216,7991
2bakab2/7r1/9/p1p5p/4P4/2P3P2/P4R1NP/3A4n/9/2BAK4 w,0.008001709,3631
2bakab2/7r1/9/p1p1P3p/9/2P3P2/P4R1NP/3A4n/9/2BAK4 b,0.04110804,1501
2bakab2/9/9/p1p1P3p/9/2P3P2/P4R1rP/3A4n/9/2BAK4 w,-0.033290315,5371
2bakab2/9/9/p1p1P3p/9/2P3P2/P6RP/3A4n/9/2BAK4 b,0.040401388,6468
2bakab2/9/9/p1p1P3p/9/2P3P2/P6RP/3A5/6n2/2BAK4 w,-0.03782928,7736
2bakab2/9/9/p1p1P3p/9/2P3P2/P6RP/3A5/6n2/2BA1K3 b,0.038973905,7081
2bakab2/9/9/p1p1P3p/9/2P3P2/P6nP/3A5/9/2BA1K3 w,-0.033691715,2820
2bakab2/9/9/p1pP4p/9/2P3P2/P6nP/3A5/9/2BA1K3 b,0.03879695,5558
2bakab2/9/9/p1pP4p/9/2P3P2/P7P/3A1n3/9/2BA1K3 w,-0.037407923,7636
2bakab2/9/9/p1pP4p/9/2P3P2/P7P/3A1n3/4A4/2B2K3 b,0.04495871,6171
2bakab2/9/9/p1pP4p/9/2P3n2/P7P/3A5/4A4/2B2K3 w,-0.0395641,2729
2bakab2/9/9/p1P5p/9/2P3n2/P7P/3A5/4A4/2B2K3 b,0.039816644,4652
2bakab2/9/9/p1P5p/9/2P6/P7n/3A5/4A4/2B2K3 w,-0.0245206,4268
2bakab2/9/9/p1P5p/2P6/9/P7n/3A5/4A4/2B2K3 b,0.029067421,5659
2bakab2/9/9/p1P5p/2P6/9/P8/3A5/4A2n1/2B2K3 w,-0.029433966,7825
2bakab2/9/9/p1P5p/2P6/9/P8/3A5/4A2n1/2B1K4 b,0.035372138,7170
2bakab2/9/9/p1P5p/2P6/9/P5n2/3A5/4A4/2B1K4 w,-0.03595474,2640
2bakab2/9/9/p2P4p/2P6/9/P5n2/3A5/4A4/2B1K4 b,0.03504026,5441
2bakab2/9/9/p2P4p/2P2n3/9/P8/3A5/4A4/2B1K4 w,-0.031085659,3449
2bakab2/9/9/p1PP4p/5n3/9/P8/3A5/4A4/2B1K4 b,0.035717394,3738
2bakab2/9/9/p1PP4p/9/3n5/P8/3A5/4A4/2B1K4 w,-0.029826999,4905
2bakab2/9/9/p1PP4p/9/P2n5/9/3A5/4A4/2B1K4 b,0.03443551,3194
2bakab2/9/9/p1PP5/8p/P2n5/9/3A5/4A4/2B1K4 w,-0.03470248,2638
2bakab2/9/9/pP1P5/8p/P2n5/9/3A5/4A4/2B1K4 b,0.035825398,4013
2bakab2/9/9/pP1P5/9/P2n4p/9/3A5/4A4/2B1K4 w,-0.028841471,2547
2bakab2/9/9/P2P5/9/P2n4p/9/3A5/4A4/2B1K4 b,0.026687622,4375
2bakab2/9/9/P2P5/9/P7p/1n7/3A5/4A4/2B1K4 w,-0.021510351,7736
2bakab2/9/9/P2P5/9/P7p/1n7/3A5/4A4/2B2K3 b,0.02267976,4988
2bakab2/9/9/P2P5/2n6/P7p/9/3A5/4A4/2B2K3 w,-0.02199254,2458
2bakab2/9/9/1P1P5/2n6/P7p/9/3A5/4A4/2B2K3 b,0.022637654,3465
2bakab2/9/9/1P1P5/9/n7p/9/3A5/4A4/2B2K3 w,-0.021058416,2549
2bakab2/9/9/2PP5/9/n7p/9/3A5/4A4/2B2K3 b,0.02581935,4106
2bakab2/9/9/2PP5/9/8p/2n6/3A5/4A4/2B2K3 w,-0.024720943,2731
2bakab2/9/9/2P1P4/9/8p/2n6/3A5/4A4/2B2K3 b,0.03104384,5077
2bakab2/9/9/2P1P4/1n7/8p/9/3A5/4A4/2B2K3 w,-0.023759628,2640
2bakab2/9/9/3PP4/1n7/8p/9/3A5/4A4/2B2K3 b,0.027421404,463
2bak1b2/4a4/9/3PP4/1n7/8p/9/3A5/4A4/2B2K3 w,-0.028926361,7533
2bak1b2/4a4/9/3PP4/1n7/8p/9/B2A5/4A4/5K3 b,0.029561354,4822
2bak1b2/4a4/9/3PP4/1n7/7p1/9/B2A5/4A4/5K3 w,-0.026843047,5717
2bak1b2/4a4/9/3PP4/1n7/2B4p1/9/3A5/4A4/5K3 b,0.031281568,4741
2bak1b2/4a4/9/3PP4/1n7/2B6/7p1/3A5/4A4/5K3 w,-0.035583507,2729
2bak1b2/4a4/9/2P1P4/1n7/2B6/7p1/3A5/4A4/5K3 b,0.036687233,5550
2bak1b2/4a4/9/2P1P4/1n7/2B6/6p2/3A5/4A4/5K3 w,-0.033563565,7825
2bak1b2/4a4/9/2P1P4/1n7/2B6/6p2/3A5/4A4/4K4 b,0.027661538,3378
2bak1b2/4a4/9/2P1P4/9/2Bn5/6p2/3A5/4A4/4K4 w,-0.026286483,2640
2bak1b2/4a4/9/3PP4/9/2Bn5/6p2/3A5/4A4/4K4 b,0.02452736,4379
2bak1b2/4a4/9/3PP4/9/2B6/5np2/3A5/4A4/4K4 w,-0.019178843,7734
2bak1b2/4a4/9/3PP4/9/2B6/5np2/3A5/4A4/3K5 b,0.03181057,198
3ak1b2/4a4/b8/3PP4/9/2B6/5np2/3A5/4A4/3K5 w,-0.031252623,4297
3ak1b2/4a4/b8/3PP4/9/9/5np2/3AB4/4A4/3K5 b,0.037285116,5358
3ak1b2/4a4/b8/3PP4/9/3n5/6p2/3AB4/4A4/3K5 w,-0.02885517,6077
3ak1b2/4a4/b8/3PP4/9/2Bn5/6p2/3A5/4A4/3K5 b,0.031838324,5459
3ak1b2/4a4/b8/3PP4/9/2Bn5/5p3/3A5/4A4/3K5 w,-0.029850174,7645
3ak1b2/4a4/b8/3PP4/9/2Bn5/5p3/3A5/4A4/4K4 b,0.029683042,4361
3ak1b2/4a4/b8/3PP4/5n3/2B6/5p3/3A5/4A4/4K4 w,-0.023514664,4297
3ak1b2/4a4/b8/3PP4/5n3/9/5p3/3AB4/4A4/4K4 b,0.033544946,566
3ak4/4a4/b7b/3PP4/5n3/9/5p3/3AB4/4A4/4K4 w,-0.02981397,6077
3ak4/4a4/b7b/3PP4/5n3/2B6/5p3/3A5/4A4/4K4 b,0.025863457,1622
2bak4/4a4/8b/3PP4/5n3/2B6/5p3/3A5/4A4/4K4 w,-0.019670177,4297
2bak4/4a4/8b/3PP4/5n3/9/5p3/3AB4/4A4/4K4 b,0.02638259,3738
2bak4/4a4/8b/3PP4/9/3n5/5p3/3AB4/4A4/4K4 w,-0.022113109,6077
2bak4/4a4/8b/3PP4/9/2Bn5/5p3/3A5/4A4/4K4 b,0.032244015,198
3ak4/4a4/b7b/3PP4/9/2Bn5/5p3/3A5/4A4/4K4 w,-0.030363226,6924
3ak4/4a4/b7b/3PP4/9/2Bn5/5p3/3A5/9/3AK4 b,0.038010385,365
3a1k3/4a4/b7b/3PP4/9/2Bn5/5p3/3A5/9/3AK4 w,-0.030338634,7636
3a1k3/4a4/b7b/3PP4/9/2Bn5/5p3/3A5/4A4/4K4 b,0.028139377,4361
3a1k3/4a4/b7b/3PP4/5n3/2B6/5p3/3A5/4A4/4K4 w,-0.025393117,7734
3a1k3/4a4/b7b/3PP4/5n3/2B6/5p3/3A5/4A4/3K5 b,0.033508874,5368
3a1k3/4a4/b7b/3PP4/5n3/2B6/4p4/3A5/4A4/3K5 w,-0.031925704,7645
3a1k3/4a4/b7b/3PP4/5n3/2B6/4p4/3A5/4A4/4K4 b,0.03990717,5277
3a1k3/4a4/b7b/3PP4/5n3/2B6/3p5/3A5/4A4/4K4 w,-0.036104728,4293
3a1k3/4a4/b7b/3PP4/5n3/9/3p5/B2A5/4A4/4K4 b,0.043291952,5186
3a1k3/4a4/b7b/3PP4/5n3/9/2p6/B2A5/4A4/4K4 w,-0.03941789,5753
3a1k3/4a4/b7b/3PP4/5n3/9/2p6/3A5/4A4/2B1K4 b,0.04921124,5105
3a1k3/4a4/b7b/3PP4/5n3/9/9/2pA5/4A4/2B1K4 w,-0.04296353,7537
3a1k3/4a4/b7b/3PP4/5n3/9/9/2pAB4/4A4/4K4 b,0.045318604,3738
3a1k3/4a4/b7b/3PP4/9/3n5/9/2pAB4/4A4/4K4 w,-0.043281462,6117
3a1k3/4a4/b7b/3PP4/9/3n5/9/2pA5/4A4/4K1B2 b,0.056950476,4379
3a1k3/4a4/b7b/3PP4/9/9/5n3/2pA5/4A4/4K1B2 w,-0.04256425,7736
3a1k3/4a4/b7b/3PP4/9/9/5n3/2pA5/4A4/5KB2 b,0.05161505,2346
3a1kb2/4a4/b8/3PP4/9/9/5n3/2pA5/4A4/5KB2 w,-0.035707273,7897
3a1kb2/4a4/b8/3PP4/9/9/5n3/2pAB4/4A4/5K3 b,0.048339702,454
3ak1b2/4a4/b8/3PP4/9/9/5n3/2pAB4/4A4/5K3 w,-0.03767953,6117
3ak1b2/4a4/b8/3PP4/9/9/5n3/2pA5/4A4/5KB2 b,0.054214932,1175
3akab2/9/b8/3PP4/9/9/5n3/2pA5/4A4/5KB2 w,-0.036605693,7897
3akab2/9/b8/3PP4/9/9/5n3/2pAB4/4A4/5K3 b,0.046645332,5916
3akab2/9/b8/3PP4/9/9/5n3/3pB4/4A4/5K3 w,-0.032619167,6906
3akab2/9/b8/3PP4/9/9/5n3/3AB4/9/5K3 b,0.042327072,5376
3akab2/9/b8/3PP4/9/9/9/3nB4/9/5K3 w,-0.035179377,7817
3akab2/9/b8/3PP4/9/9/9/3nB4/5K3/9 b,0.04151399,5989
3akab2/9/b8/3PP4/9/4n4/9/4B4/5K3/9 w,-0.032518495,6077
3akab2/9/b8/3PP4/9/2B1n4/9/9/5K3/9 b,0.03481884,4470
3akab2/9/b8/3PP4/9/2B6/6n2/9/5K3/9 w,-0.035957243,7006
3akab2/9/b8/3PP4/9/2B6/6n2/9/4K4/9 b,0.04484141,5441
3akab2/9/b8/3PP4/5n3/2B6/9/9/4K4/9 w,-0.044798937,6917
3akab2/9/b8/3PP4/5n3/2B6/9/9/5K3/9 b,0.05192809,3748
3akab2/9/b8/3PP4/9/2B6/4n4/9/5K3/9 w,-0.041250896,4297
3akab2/9/b8/3PP4/9/9/4n4/4B4/5K3/9 b,0.047163725,5259
3akab2/9/b8/3PP4/3n5/9/9/4B4/5K3/9 w,-0.03490932,6077
3akab2/9/b8/3PP4/3n5/2B6/9/9/5K3/9 b,0.05555613,283
4kab2/4a4/b8/3PP4/3n5/2B6/9/9/5K3/9 w,-0.051978376,4297
4kab2/4a4/b8/3PP4/3n5/9/9/4B4/5K3/9 b,0.056693505,3560
4kab2/4a4/b8/3PP4/9/5n3/9/4B4/5K3/9 w,-0.052366354,6081
4kab2/4a4/b8/3PP4/9/5nB2/9/9/5K3/9 b,0.04737964,1622
2b1kab2/4a4/9/3PP4/9/5nB2/9/9/5K3/9 w,-0.0443712,6998
2b1kab2/4a4/9/3PP4/9/5nB2/9/5K3/9/9 b,0.044129755,4557
2b1kab2/4a4/9/3PP4/9/6B2/3n5/5K3/9/9 w,-0.04523287,6197
2b1kab2/4a4/9/3PP4/9/6B2/3n5/9/5K3/9 b,0.050676942,5170
2b1kab2/4a4/9/3PP4/4n4/6B2/9/9/5K3/9 w,-0.04382614,4657
2b1kab2/4a4/9/3PP4/4n4/9/9/4B4/5K3/9 b,0.047217894,3659
2b1kab2/4a4/9/3PP4/9/9/5n3/4B4/5K3/9 w,-0.04812702,6998
2b1kab2/4a4/9/3PP4/9/9/5n3/4BK3/9/9 b,0.057427406,5358
2b1kab2/4a4/9/3PP4/9/3n5/9/4BK3/9/9 w,-0.053839948,6117
2b1kab2/4a4/9/3PP4/9/3n5/9/5K3/9/6B2 b,0.058799814,198
4kab2/4a4/b8/3PP4/9/3n5/9/5K3/9/6B2 w,-0.058077037,6197
4kab2/4a4/b8/3PP4/9/3n5/9/9/5K3/6B2 b,0.060474254,4379
4kab2/4a4/b8/3PP4/9/9/5n3/9/5K3/6B2 w,-0.053825926,6998
4kab2/4a4/b8/3PP4/9/9/5n3/5K3/9/6B2 b,0.05544312,5380
4kab2/4a4/b8/3PP4/9/9/9/5K1n1/9/6B2 w,-0.047296204,7897
4kab2/4a4/b8/3PP4/9/9/9/4BK1n1/9/9 b,0.04766169,6353
4kab2/4a4/b8/3PP4/9/8n/9/4BK3/9/9 w,-0.045119144,6197
4kab2/4a4/b8/3PP4/9/8n/9/4B4/5K3/9 b,0.045088436,4830
4kab2/4a4/b8/3PP4/9/9/6n2/4B4/5K3/9 w,-0.042290866,7006
4kab2/4a4/b8/3PP4/9/9/6n2/4B4/4K4/9 b,0.052316952,5441
4kab2/4a4/b8/3PP4/5n3/9/9/4B4/4K4/9 w,-0.047679245,6117
4kab2/4a4/b8/3PP4/5n3/9/9/9/4K4/6B2 b,0.06129339,363
3k1ab2/4a4/b8/3PP4/5n3/9/9/9/4K4/6B2 w,-0.05569569,6925
3k1ab2/4a4/b8/3PP4/5n3/9/9/9/9/4K1B2 b,0.06262989,3738
3k1ab2/4a4/b8/3PP4/9/3n5/9/9/9/4K1B2 w,-0.057527304,2822
3k1ab2/4a4/b8/3P1P3/9/3n5/9/9/9/4K1B2 b,0.06458824,274
4kab2/4a4/b8/3P1P3/9/3n5/9/9/9/4K1B2 w,-0.061526146,7901
4kab2/4a4/b8/3P1P3/9/3n5/9/8B/9/4K4 b,0.058811642,4387
4kab2/4a4/b8/3P1P3/9/9/9/4n3B/9/4K4 w,-0.056483913,6441
4kab2/4a4/b8/3P1P3/9/6B2/9/4n4/9/4K4 b,0.06606889,6086
4kab2/4a4/b8/3P1P3/9/6B2/2n6/9/9/4K4 w,-0.052197684,2731
4kab2/4a4/b8/4PP3/9/6B2/2n6/9/9/4K4 b,0.065531515,363
3k1ab2/4a4/b8/4PP3/9/6B2/2n6/9/9/4K4 w,-0.054753732,7726
3k1ab2/4a4/b8/4PP3/9/6B2/2n6/9/4K4/9 b,0.05719633,5089
3k1ab2/4a4/b8/4PP3/9/4n1B2/9/9/4K4/9 w,-0.04826335,4657
3k1ab2/4a4/b8/4PP3/9/4n4/9/4B4/4K4/9 b,0.039979268,4470
3k1ab2/4a4/b8/4PP3/9/9/6n2/4B4/4K4/9 w,-0.04201169,6081
3k1ab2/4a4/b8/4PP3/9/6B2/6n2/9/4K4/9 b,0.045579102,1658
3k1ab2/4a4/9/4PP3/2b6/6B2/6n2/9/4K4/9 w,-0.04100859,2820
3k1ab2/4a4/9/3P1P3/2b6/6B2/6n2/9/4K4/9 b,0.0533051,5449
3k1ab2/4a4/9/3P1P3/2b6/4n1B2/9/9/4K4/9 w,-0.047391187,2911
3k1ab2/4a4/9/3PP4/2b6/4n1B2/9/9/4K4/9 b,0.050998926,3438
3k1ab2/4a4/b8/3PP4/9/4n1B2/9/9/4K4/9 w,-0.051458266,4657
3k1ab2/4a4/b8/3PP4/9/4n4/9/4B4/4K4/9 b,0.052323222,4448
3k1ab2/4a4/b8/3PP4/2n6/9/9/4B4/4K4/9 w,-0.046555676,6077
3k1ab2/4a4/b8/3PP4/2n6/2B6/9/9/4K4/9 b,0.052188754,274
4kab2/4a4/b8/3PP4/2n6/2B6/9/9/4K4/9 w,-0.044900298,6915
4kab2/4a4/b8/3PP4/2n6/2B6/9/9/3K5/9 b,0.051159717,3469
4kab2/4a4/b8/3PP4/9/2B1n4/9/9/3K5/9 w,-0.045085527,6826
4kab2/4a4/b8/3PP4/9/2B1n4/9/9/4K4/9 b,0.038943745,1622
2b1kab2/4a4/9/3PP4/9/2B1n4/9/9/4K4/9 w,-0.03914548,4297
2b1kab2/4a4/9/3PP4/9/4n4/9/4B4/4K4/9 b,0.0395077,4452
2b1kab2/4a4/9/3PP4/6n2/9/9/4B4/4K4/9 w,-0.039300777,6081
2b1kab2/4a4/9/3PP4/6n2/6B2/9/9/4K4/9 b,0.04848087,202
4kab2/4a4/4b4/3PP4/6n2/6B2/9/9/4K4/9 w,-0.050530553,2822
4kab2/4a4/4b4/3P1P3/6n2/6B2/9/9/4K4/9 b,0.04876225,3829
4kab2/4a4/4b4/3P1P3/9/4n1B2/9/9/4K4/9 w,-0.04295088,2911
4kab2/4a4/4b4/3PP4/9/4n1B2/9/9/4K4/9 b,0.04811082,4448
4kab2/4a4/4b4/3PP4/2n6/6B2/9/9/4K4/9 w,-0.042361,6917
4kab2/4a4/4b4/3PP4/2n6/6B2/9/9/5K3/9 b,0.05449145,2022
4kab2/4a4/9/3PP4/2n3b2/6B2/9/9/5K3/9 w,-0.043638825,4657
4kab2/4a4/9/3PP4/2n3b2/9/9/4B4/5K3/9 b,0.04396515,566
4ka3/4a4/8b/3PP4/2n3b2/9/9/4B4/5K3/9 w,-0.039299812,6077
4ka3/4a4/8b/3PP4/2n3b2/2B6/9/9/5K3/9 b,0.039241888,3469
4ka3/4a4/8b/3PP4/6b2/2B1n4/9/9/5K3/9 w,-0.03166282,7006
4ka3/4a4/8b/3PP4/6b2/2B1n4/9/9/4K4/9 b,0.03410349,2346
4kab2/4a4/9/3PP4/6b2/2B1n4/9/9/4K4/9 w,-0.027719665,2729
4kab2/4a4/9/2P1P4/6b2/2B1n4/9/9/4K4/9 b,0.030461097,3802
4kab2/4a4/4b4/2P1P4/9/2B1n4/9/9/4K4/9 w,-0.018643333,2820
4kab2/4a4/4b4/2PP5/9/2B1n4/9/9/4K4/9 b,0.025724245,4478
4kab2/4a4/4b4/2PP5/9/2B6/9/5n3/4K4/9 w,-0.022114718,6917
4kab2/4a4/4b4/2PP5/9/2B6/9/5n3/5K3/9 b,0.027839327,6199
4kab2/4a4/4b4/2PP5/9/2B6/9/9/5K1n1/9 w,-0.027067602,7006
4kab2/4a4/4b4/2PP5/9/2B6/9/9/4K2n1/9 b,0.024305297,7196
4kab2/4a4/4b4/2PP5/9/2B6/9/9/4K4/5n3 w,-0.010872531,6917
4kab2/4a4/4b4/2PP5/9/2B6/9/9/5K3/5n3 b,0.020062733,7815
4kab2/4a4/4b4/2PP5/9/2B6/9/9/3n1K3/9 w,-0.019342268,7006
4kab2/4a4/4b4/2PP5/9/2B6/9/9/3nK4/9 b,0.016334534,6814
4kab2/4a4/4b4/2PP5/9/2B6/9/1n7/4K4/9 w,-0.010437727,4297
4kab2/4a4/4b4/2PP5/9/9/9/1n2B4/4K4/9 b,0.012021566,5817
4kab2/4a4/4b4/2PP5/9/9/3n5/4B4/4K4/9 w,-0.009453654,6915
4kab2/4a4/4b4/2PP5/9/9/3n5/4B4/3K5/9 b,0.017051125,5176
4kab2/4a4/4b4/2PP5/9/1n7/9/4B4/3K5/9 w,-0.018472457,6077
4kab2/4a4/4b4/2PP5/9/1nB6/9/9/3K5/9 b,0.02124467,4205
4kab2/4a4/4b4/2PP5/9/2B6/9/2n6/3K5/9 w,-0.015877593,2630
4kab2/4a4/2P1b4/3P5/9/2B6/9/2n6/3K5/9 b,0.0148109915,5908
4kab2/4a4/2P1b4/3P5/9/2B6/4n4/9/3K5/9 w,-0.013233519,4297
4kab2/4a4/2P1b4/3P5/9/9/4n4/4B4/3K5/9 b,0.01116054,5261
4kab2/4a4/2P1b4/3P5/5n3/9/9/4B4/3K5/9 w,-0.014039755,2729
4kab2/4a4/2P1b4/2P6/5n3/9/9/4B4/3K5/9 b,0.017206287,3738
4kab2/4a4/2P1b4/2P6/9/3n5/9/4B4/3K5/9 w,-0.014842153,2640
4kab2/4a4/2P1b4/3P5/9/3n5/9/4B4/3K5/9 b,0.031743146,4387
4kab2/4a4/2P1b4/3P5/9/9/9/4n4/3K5/9 w,-0.02669158,2729
4kab2/4a4/2P1b4/2P6/9/9/9/4n4/3K5/9 b,0.0385257,1173
3akab2/9/2P1b4/2P6/9/9/9/4n4/3K5/9 w,-0.031036139,6826
3akab2/9/2P1b4/2P6/9/9/9/4n4/4K4/9 b,0.03468163,6080
3akab2/9/2P1b4/2P6/9/5n3/9/9/4K4/9 w,-0.023594677,6917
3akab2/9/2P1b4/2P6/9/5n3/9/9/5K3/9 b,0.038591243,4569
3akab2/9/2P1b4/2P6/9/9/9/6n2/5K3/9 w,-0.032957792,1821
3akab2/9/3Pb4/2P6/9/9/9/6n2/5K3/9 b,0.028824378,6268
3akab2/9/3Pb4/2P6/9/9/4n4/9/5K3/9 w,-0.030899644,7006
3akab2/9/3Pb4/2P6/9/9/4n4/9/4K4/9 b,0.036938906,463
3ak1b2/4a4/3Pb4/2P6/9/9/4n4/9/4K4/9 w,-0.030247355,1902
3ak1b2/3Pa4/4b4/2P6/9/9/4n4/9/4K4/9 b,0.028472854,5289
3ak1b2/3Pa4/4b4/2P6/9/9/9/6n2/4K4/9 w,-0.024044836,6917
3ak1b2/3Pa4/4b4/2P6/9/9/9/6n2/5K3/9 b,0.04061811,1193
3ak1b2/3P5/4ba3/2P6/9/9/9/6n2/5K3/9 w,-0.028919185,2630
3ak1b2/3P5/2P1ba3/9/9/9/9/6n2/5K3/9 b,0.04403615,6290
3ak1b2/3P5/2P1ba3/9/9/9/9/9/5K2n/9 w,-0.038755655,1811
3ak1b2/2PP5/4ba3/9/9/9/9/9/5K2n/9 b,0.047053505,7287
3ak1b2/2PP5/4ba3/9/9/9/9/9/5K3/6n2 w,-0.042929806,1000
3ak1b2/1P1P5/4ba3/9/9/9/9/9/5K3/6n2 b,0.029840304,7900
3ak1b2/1P1P5/4ba3/9/9/9/9/7n1/5K3/9 w,-0.022811985,6998
3ak1b2/1P1P5/4ba3/9/9/9/9/5K1n1/9/9 b,0.0194144,6351
3ak1b2/1P1P5/4ba3/9/9/6n2/9/5K3/9/9 w,-0.022877885,6197
3ak1b2/1P1P5/4ba3/9/9/6n2/9/9/5K3/9 b,0.026866412,4648
3ak1b2/1P1P5/4ba3/9/9/9/4n4/9/5K3/9 w,-0.018836832,6998
3ak1b2/1P1P5/4ba3/9/9/9/4n4/5K3/9/9 b,0.02483058,5285
3ak1b2/1P1P5/4ba3/9/9/9/9/2n2K3/9/9 w,-0.021906007,911
3ak1b2/2PP5/4ba3/9/9/9/9/2n2K3/9/9 b,0.016588498,5898
3ak1b2/2PP5/4ba3/9/9/3n5/9/5K3/9/9 w,-0.01710776,6197
3ak1b2/2PP5/4ba3/9/9/3n5/9/9/5K3/9 b,0.02627387,4387
3ak1b2/2PP5/4ba3/9/9/9/9/4n4/5K3/9 w,-0.0232836,7006
3ak1b2/2PP5/4ba3/9/9/9/9/4n4/4K4/9 b,0.030167198,6108
3ak1b2/2PP5/4ba3/9/9/9/9/9/4K1n2/9 w,-0.025964117,6915
3ak1b2/2PP5/4ba3/9/9/9/9/9/3K2n2/9 b,0.030924225,2018
3ak1b2/2PP5/5a3/9/2b6/9/9/9/3K2n2/9 w,-0.03449006,1083
3Pk1b2/2P6/5a3/9/2b6/9/9/9/3K2n2/9 b,0.033351373,373
3P2b2/2P1k4/5a3/9/2b6/9/9/9/3K2n2/9 w,-0.026972592,272
2P3b2/2P1k4/5a3/9/2b6/9/9/9/3K2n2/9 b,0.033783317,1192
2P3b2/2P6/4ka3/9/2b6/9/9/9/3K2n2/9 w,-0.03493048,1002
2P3b2/3P5/4ka3/9/2b6/9/9/9/3K2n2/9 b,0.047789957,7105
2P3b2/3P5/4ka3/9/2b6/9/9/9/3K5/4n4 w,-0.042535245,183
3P2b2/3P5/4ka3/9/2b6/9/9/9/3K5/4n4 b,0.053105235,3438
3P2b2/3P5/b3ka3/9/9/9/9/9/3K5/4n4 w,-0.046801936,6834
3P2b2/3P5/b3ka3/9/9/9/9/9/9/3Kn4 b,0.051793408,2083
3P2b2/3Pa4/b3k4/9/9/9/9/9/9/3Kn4 w,-0.036929693,274
4P1b2/3Pa4/b3k4/9/9/9/9/9/9/3Kn4 b,0.05832498,7718
4P1b2/3Pa4/b3k4/9/9/9/9/5n3/9/3K5 w,-0.050028015,1091
4P1b2/2P1a4/b3k4/9/9/9/9/5n3/9/3K5 b,0.054390814,1658
4P1b2/2P1a4/4k4/9/2b6/9/9/5n3/9/3K5 w,-0.043169092,1002
4P1b2/3Pa4/4k4/9/2b6/9/9/5n3/9/3K5 b,0.04204729,1193
4P1b2/3P5/4ka3/9/2b6/9/9/5n3/9/3K5 w,-0.038065482,365
5Pb2/3P5/4ka3/9/2b6/9/9/5n3/9/3K5 b,0.044612695,566
5P3/3P5/4ka2b/9/2b6/9/9/5n3/9/3K5 w,-0.03272289,454
4P4/3P5/4ka2b/9/2b6/9/9/5n3/9/3K5 b,0.03824499,2382
4P4/3P5/4ka3/9/2b3b2/9/9/5n3/9/3K5 w,-0.031438064,363
3P5/3P5/4ka3/9/2b3b2/9/9/5n3/9/3K5 b,0.045188427,6205
3P5/3P5/4ka3/9/2b3b2/9/9/9/9/3Kn4 w,-0.032158732,274
4P4/3P5/4ka3/9/2b3b2/9/9/9/9/3Kn4 b,0.041826606,3438
4P4/3P5/b3ka3/9/6b2/9/9/9/9/3Kn4 w,-0.031499982,7635
4P4/3P5/b3ka3/9/6b2/9/9/9/3K5/4n4 b,0.038989615,3806
4P4/3P5/b3ka2b/9/9/9/9/9/3K5/4n4 w,-0.03746443,363
3P5/3P5/b3ka2b/9/9/9/9/9/3K5/4n4 b,0.047623303,2083
3P5/3Pa4/b3k3b/9/9/9/9/9/3K5/4n4 w,-0.03341308,274
4P4/3Pa4/b3k3b/9/9/9/9/9/3K5/4n4 b,0.03408103,2382
4P4/3Pa4/b3k4/9/6b2/9/9/9/3K5/4n4 w,-0.030926336,6834
4P4/3Pa4/b3k4/9/6b2/9/9/9/9/3Kn4 b,0.041334916,1191
4P4/3P5/b2ak4/9/6b2/9/9/9/9/3Kn4 w,-0.034190297,7635
4P4/3P5/b2ak4/9/6b2/9/9/9/3K5/4n4 b,0.029980613,1658
4P4/3P5/3ak4/9/2b3b2/9/9/9/3K5/4n4 w,-0.029068638,6834
4P4/3P5/3ak4/9/2b3b2/9/9/9/9/3Kn4 b,0.029677534,7728
4P4/3P5/3ak4/9/2b3b2/9/9/9/6n2/3K5 w,-0.026552761,7635
4P4/3P5/3ak4/9/2b3b2/9/9/9/3K2n2/9 b,0.025415469,1903
4P4/3Pa4/4k4/9/2b3b2/9/9/9/3K2n2/9 w,-0.018203259,6816
4P4/3Pa4/4k4/9/2b3b2/9/9/3K5/6n2/9 b,0.017982388,2003
4P4/3Pa4/5k3/9/2b3b2/9/9/3K5/6n2/9 w,-0.022086812,6015
4P4/3Pa4/5k3/9/2b3b2/9/9/9/3K2n2/9 b,0.02931912,2084
4P4/3Pak3/9/9/2b3b2/9/9/9/3K2n2/9 w,-0.024498701,6826
4P4/3Pak3/9/9/2b3b2/9/9/9/4K1n2/9 b,0.024073219,3442
4P4/3Pak3/4b4/9/6b2/9/9/9/4K1n2/9 w,-0.021313047,6915
4P4/3Pak3/4b4/9/6b2/9/9/9/3K2n2/9 b,0.019247962,7087
4P4/3Pak3/4b4/9/6b2/9/9/4n4/3K5/9 w,-0.016538454,6826
4P4/3Pak3/4b4/9/6b2/9/9/4n4/4K4/9 b,0.018660784,6080
4P4/3Pak3/4b4/9/6b2/5n3/9/9/4K4/9 w,-0.01981107,6917
4P4/3Pak3/4b4/9/6b2/5n3/9/9/5K3/9 b,0.015558386,1193
4P4/3P1k3/4ba3/9/6b2/5n3/9/9/5K3/9 w,-0.009338975,7006
4P4/3P1k3/4ba3/9/6b2/5n3/9/9/4K4/9 b,0.016405558,4569
4P4/3P1k3/4ba3/9/6b2/9/9/6n2/4K4/9 w,-0.012109339,6907
4P4/3P1k3/4ba3/9/6b2/9/9/4K1n2/9/9 b,0.02623017,2083
4P4/3Pak3/4b4/9/6b2/9/9/4K1n2/9/9 w,-0.024506032,6096
4P4/3Pak3/4b4/9/6b2/9/9/3K2n2/9/9 b,0.015777636,6268
4P4/3Pak3/4b4/9/6b2/9/4n4/3K5/9/9 w,-0.01824001,6007
4P4/3Pak3/4b4/9/6b2/9/4n4/4K4/9/9 b,0.0074103596,5259
4P4/3Pak3/4b4/9/3n2b2/9/9/4K4/9/9 w,-0.010467077,6106
4P4/3Pak3/4b4/9/3n2b2/9/9/9/4K4/9 b,0.010072708,2018
4P4/3Pak3/9/9/2bn2b2/9/9/9/4K4/9 w,0.0013621569,1093
4P4/4Pk3/9/9/2bn2b2/9/9/9/4K4/9 b,0.0022016526,1283
4P4/4P4/5k3/9/2bn2b2/9/9/9/4K4/9 w,-0.002293241,6907
4P4/4P4/5k3/9/2bn2b2/9/9/4K4/9/9 b,0.018975092,3530
4P4/4P4/2n2k3/9/2b3b2/9/9/4K4/9/9 w,-0.0049772384,1182
4P4/3P5/2n2k3/9/2b3b2/9/9/4K4/9/9 b,0.0068308115,1831
4P4/3P5/5k3/4n4/2b3b2/9/9/4K4/9/9 w,-0.011003042,6106
4P4/3P5/5k3/4n4/2b3b2/9/9/9/4K4/9 b,0.027614785,2802
4P4/3n5/5k3/9/2b3b2/9/9/9/4K4/9 w,-0.027374744,6925
4P4/3n5/5k3/9/2b3b2/9/9/9/9/4K4 b,0.030454993,2084
4P4/3n1k3/9/9/2b3b2/9/9/9/9/4K4 w,-0.028531646,7726
4P4/3n1k3/9/9/2b3b2/9/9/9/4K4/9 b,0.036182072,1111
4P4/5k3/9/4n4/2b3b2/9/9/9/4K4/9 w,-0.04176463,6925
4P4/5k3/9/4n4/2b3b2/9/9/9/9/4K4 b,0.039891314,2838
4P4/5k3/9/9/2b3b2/3n5/9/9/9/4K4 w,-0.039287996,7726
4P4/5k3/9/9/2b3b2/3n5/9/9/4K4/9 b,0.041889455,4385
4P4/5k3/9/9/2b3b2/9/9/2n6/4K4/9 w,-0.044461023,6925
4P4/5k3/9/9/2b3b2/9/9/2n6/9/4K4 b,0.09583359,3442
4P4/5k3/4b4/9/6b2/9/9/2n6/9/4K4 w,-0.1399136,363
3P5/5k3/4b4/9/6b2/9/9/2n6/9/4K4 b,0.16664624,1265
3P1k3/9/4b4/9/6b2/9/9/2n6/9/4K4 w,-0.16488265,274
4Pk3/9/4b4/9/6b2/9/9/2n6/9/4K4 b,0.17081395,454
4k4/9/4b4/9/6b2/9/9/2n6/9/4K4 w,-0.17104982,7736
4k4/9/4b4/9/6b2/9/9/2n6/9/5K3 b,0.1801635,2018
4k4/9/9/9/2b3b2/9/9/2n6/9/5K3 w,-0.18135619,7817
4k4/9/9/9/2b3b2/9/9/2n6/5K3/9 b,0.19204032,5934
4k4/9/9/9/2b3b2/9/9/9/5K3/3n5 w,-0.1887867,7016
4k4/9/9/9/2b3b2/9/9/9/9/3n1K3 b,0.2,373
rnbakabnr/9/1c5c1/p1p1p1p1p/9/9/P1P1P1P1P/1C5C1/9/RNBAKABNR w,0.8018093,5827
rnbakabnr/9/1c5c1/p1p1p1p1p/9/9/P1P1P1P1P/4C2C1/9/RNBAKABNR b,-0.8017806,110
r1bakabnr/9/1cn4c1/p1p1p1p1p/9/9/P1P1P1P1P/4C2C1/9/RNBAKABNR w,0.801817,7445
r1bakabnr/9/1cn4c1/p1p1p1p1p/9/9/P1P1P1P1P/2N1C2C1/9/R1BAKABNR b,-0.80183953,562
r1baka1nr/9/1cn1b2c1/p1p1p1p1p/9/9/P1P1P1P1P/2N1C2C1/9/R1BAKABNR w,0.801942,7372
r1baka1nr/9/1cn1b2c1/p1p1p1p1p/9/9/P1P1P1P1P/2N1C2C1/9/1RBAKABNR b,-0.801769,1
1rbaka1nr/9/1cn1b2c1/p1p1p1p1p/9/9/P1P1P1P1P/2N1C2C1/9/1RBAKABNR w,0.8017126,6368
1rbaka1nr/9/1cn1b2c1/p1p1p1p1p/9/9/P1P1P1P1P/2N1CC3/9/1RBAKABNR b,-0.8013083,654
1rbaka2r/9/1cn1b1nc1/p1p1p1p1p/9/9/P1P1P1P1P/2N1CC3/9/1RBAKABNR w,0.8015751,7989
1rbaka2r/9/1cn1b1nc1/p1p1p1p1p/9/9/P1P1P1P1P/2N1CCN2/9/1RBAKAB1R b,-0.8013484,3012
1rbaka2r/9/1cn1b1nc1/p1p1p3p/6p2/9/P1P1P1P1P/2N1CCN2/9/1RBAKAB1R w,0.80187565,8098
1rbaka2r/9/1cn1b1nc1/p1p1p3p/6p2/9/P1P1P1P1P/2N1CCN2/9/1RBAKABR1 b,-0.8020184,727
1rbaka1r1/9/1cn1b1nc1/p1p1p3p/6p2/9/P1P1P1P1P/2N1CCN2/9/1RBAKABR1 w,0.80251306,5087
1rbaka1r1/9/1cn1b1nc1/p1p1p3p/6p2/2P6/P3P1P1P/2N1CCN2/9/1RBAKABR1 b,-0.8021299,1765
1rbaka1r1/9/2n1b1nc1/p1p1p3p/6p2/2P6/Pc2P1P1P/2N1CCN2/9/1RBAKABR1 w,0.8047115,5898
1rbaka1r1/9/2n1b1nc1/p1p1p3p/6p2/2PN5/Pc2P1P1P/4CCN2/9/1RBAKABR1 b,-0.80641043,2311
1rbaka1r1/9/2n1b1n2/p1p1p3p/6p2/2PN5/Pc2P1PcP/4CCN2/9/1RBAKABR1 w,0.8079351,6143
1rbaka1r1/9/2n1bCn2/p1p1p3p/6p2/2PN5/Pc2P1PcP/4C1N2/9/1RBAKABR1 b,-0.8084572,1986
1rbakabr1/9/2n2Cn2/p1p1p3p/6p2/2PN5/Pc2P1PcP/4C1N2/9/1RBAKABR1 w,0.8184994,4351
1rbakabr1/9/2n2Cn2/p1p1N3p/6p2/2P6/Pc2P1PcP/4C1N2/9/1RBAKABR1 b,-0.804766,1831
1rbakabr1/9/5Cn2/p1p1n3p/6p2/2P6/Pc2P1PcP/4C1N2/9/1RBAKABR1 w,0.8051059,6061
1rbakabr1/9/5Cn2/p1p1C3p/6p2/2P6/Pc2P1PcP/6N2/9/1RBAKABR1 b,-0.7904864,109
2bakabr1/9/1r3Cn2/p1p1C3p/6p2/2P6/Pc2P1PcP/6N2/9/1RBAKABR1 w,0.8022862,2839
2bakabr1/9/1r3Cn2/p1p5p/6p2/2P1C4/Pc2P1PcP/6N2/9/1RBAKABR1 b,-0.79828125,1733
2bakabr1/9/5rn2/p1p5p/6p2/2P1C4/Pc2P1PcP/6N2/9/1RBAKABR1 w,0.80968934,7435
2bakabr1/9/5rn2/p1p5p/6p2/2P1C4/PR2P1PcP/6N2/9/2BAKABR1 b,-0.8080705,2129
2bakabr1/9/6n2/p1p5p/6p2/2P1C4/PR2PrPcP/6N2/9/2BAKABR1 w,0.81497216,4987
2bakabr1/9/6n2/p1p5p/1R4p2/2P1C4/P3PrPcP/6N2/9/2BAKABR1 b,-0.804734,2201
2bakabr1/9/9/p1p5p/1R3np2/2P1C4/P3PrPcP/6N2/9/2BAKABR1 w,0.82264674,7897
2bakabr1/9/9/p1p5p/1R3np2/2P1C4/P3PrPcP/4B1N2/9/2BAKA1R1 b,-0.8101239,3748
2bakabr1/9/9/p1p5p/1R4p2/2P1C4/P3nrPcP/4B1N2/9/2BAKA1R1 w,0.82676536,7816
2bakabr1/9/9/p1p5p/1R4p2/2P1C4/P3nrPcP/4B1N2/4A4/2BAK2R1 b,-0.8099812,5370
2bakabr1/9/9/p1p5p/1R4p2/2P1C4/P3n1rcP/4B1N2/4A4/2BAK2R1 w,0.8144955,6290
2bakabr1/9/9/p1p5p/1R4p2/2P1C4/P3n1rcP/4B4/4A3N/2BAK2R1 b,-0.79606205,5569
2bakabr1/9/9/p1p5p/1R4p2/2P1C4/P3n1r1P/4B4/4A2cN/2BAK2R1 w,0.79756874,3370
2bakabr1/9/9/p1p5p/4R1p2/2P1C4/P3n1r1P/4B4/4A2cN/2BAK2R1 b,-0.8123781,562
2baka1r1/9/4b4/p1p5p/4R1p2/2P1C4/P3n1r1P/4B4/4A2cN/2BAK2R1 w,0.8972108,3622
2baka1r1/9/4R4/p1p5p/6p2/2P1C4/P3n1r1P/4B4/4A2cN/2BAK2R1 b,-0.8951357,283
2b1ka1r1/4a4/4R4/p1p5p/6p2/2P1C4/P3n1r1P/4B4/4A2cN/2BAK2R1 w,0.9164281,2005
2b1ka1r1/4a4/7R1/p1p5p/6p2/2P1C4/P3n1r1P/4B4/4A2cN/2BAK2R1 b,-0.91517866,363
2bk1a1r1/4a4/7R1/p1p5p/6p2/2P1C4/P3n1r1P/4B4/4A2cN/2BAK2R1 w,0.9369441,2257
2bk1a1R1/4a4/9/p1p5p/6p2/2P1C4/P3n1r1P/4B4/4A2cN/2BAK2R1 b,-0.9263936,7187
2bk1a1R1/4a4/9/p1p5p/6p2/2P1C4/P3n1r1P/4B4/4Ac2N/2BAK2R1 w,0.9407887,664
2bk1a3/4a4/9/p1p4Rp/6p2/2P1C4/P3n1r1P/4B4/4Ac2N/2BAK2R1 b,-0.9348109,5462
2bk1a3/4a4/9/p1p4Rp/6p2/2P1C4/P3n3r/4B4/4Ac2N/2BAK2R1 w,0.9510966,7261
2bk1a3/4a4/9/p1p4Rp/6p2/2P1C4/P3n2Nr/4B4/4Ac3/2BAK2R1 b,-0.9292909,5289
2bk1a3/4a4/9/p1p4Rp/6p2/2P1C4/P6Nr/4B1n2/4Ac3/2BAK2R1 w,0.960255,3090
2bk1a3/4a4/9/p1pR4p/6p2/2P1C4/P6Nr/4B1n2/4Ac3/2BAK2R1 b,-0.96884614,1191
2bk1a3/9/3a5/p1pR4p/6p2/2P1C4/P6Nr/4B1n2/4Ac3/2BAK2R1 w,0.967215,2721
2bk1a3/9/3R5/p1p5p/6p2/2P1C4/P6Nr/4B1n2/4Ac3/2BAK2R1 b,-0.9625478,274
2b1ka3/9/3R5/p1p5p/6p2/2P1C4/P6Nr/4B1n2/4Ac3/2BAK2R1 w,0.9696146,5532
2b1ka3/9/3R5/p1p5p/6N2/2P1C4/P7r/4B1n2/4Ac3/2BAK2R1 b,-0.98628634,6298
2b1ka3/9/3R5/p1p5p/6N2/2P1C4/P7r/4B4/4Ac3/2BAK2n1 w,0.9901398,3803
2b1ka3/9/3R1N3/p1p5p/9/2P1C4/P7r/4B4/4Ac3/2BAK2n1 b,-0.9908911,373
2b2a3/4k4/3R1N3/p1p5p/9/2P1C4/P7r/4B4/4Ac3/2BAK2n1 w,0.99612206,1902
2b2a3/3Rk4/5N3/p1p5p/9/2P1C4/P7r/4B4/4Ac3/2BAK2n1 b,-0.996445,1192
2b2a3/3R5/4kN3/p1p5p/9/2P1C4/P7r/4B4/4Ac3/2BAK2n1 w,1,2110
rnbakabnr/9/1c5c1/p1p1p1p1p/9/9/P1P1P1P1P/1C5C1/9/RNBAKABNR w,0.8018177,5827
rnbakabnr/9/1c5c1/p1p1p1p1p/9/9/P1P1P1P1P/4C2C1/9/RNBAKABNR b,-0.8017655,110
r1bakabnr/9/1cn4c1/p1p1p1p1p/9/9/P1P1P1P1P/4C2C1/9/RNBAKABNR w,0.8018261,7445
r1bakabnr/9/1cn4c1/p1p1p1p1p/9/9/P1P1P1P1P/2N1C2C1/9/R1BAKABNR b,-0.8018273,562
r1baka1nr/9/1cn1b2c1/p1p1p1p1p/9/9/P1P1P1P1P/2N1C2C1/9/R1BAKABNR w,0.8019466,7372
r1baka1nr/9/1cn1b2c1/p1p1p1p1p/9/9/P1P1P1P1P/2N1C2C1/9/1RBAKABNR b,-0.8017839,1
1rbaka1nr/9/1cn1b2c1/p1p1p1p1p/9/9/P1P1P1P1P/2N1C2C1/9/1RBAKABNR w,0.801707,6368
1rbaka1nr/9/1cn1b2c1/p1p1p1p1p/9/9/P1P1P1P1P/2N1CC3/9/1RBAKABNR b,-0.801282,654
1rbaka2r/9/1cn1b1nc1/p1p1p1p1p/9/9/P1P1P1P1P/2N1CC3/9/1RBAKABNR w,0.80158037,7989
1rbaka2r/9/1cn1b1nc1/p1p1p1p1p/9/9/P1P1P1P1P/2N1CCN2/9/1RBAKAB1R b,-0.8013686,3012
1rbaka2r/9/1cn1b1nc1/p1p1p3p/6p2/9/P1P1P1P1P/2N1CCN2/9/1RBAKAB1R w,0.80189806,8098
1rbaka2r/9/1cn1b1nc1/p1p1p3p/6p2/9/P1P1P1P1P/2N1CCN2/9/1RBAKABR1 b,-0.80201256,727
1rbaka1r1/9/1cn1b1nc1/p1p1p3p/6p2/9/P1P1P1P1P/2N1CCN2/9/1RBAKABR1 w,0.8025176,5087
1rbaka1r1/9/1cn1b1nc1/p1p1p3p/6p2/2P6/P3P1P1P/2N1CCN2/9/1RBAKABR1 b,-0.8021536,1765
1rbaka1r1/9/2n1b1nc1/p1p1p3p/6p2/2P6/Pc2P1P1P/2N1CCN2/9/1RBAKABR1 w,0.8047537,5898
1rbaka1r1/9/2n1b1nc1/p1p1p3p/6p2/2PN5/Pc2P1P1P/4CCN2/9/1RBAKABR1 b,-0.80647033,2311
1rbaka1r1/9/2n1b1n2/p1p1p3p/6p2/2PN5/Pc2P1PcP/4CCN2/9/1RBAKABR1 w,0.80783135,6143
1rbaka1r1/9/2n1bCn2/p1p1p3p/6p2/2PN5/Pc2P1PcP/4C1N2/9/1RBAKABR1 b,-0.8084572,1986
1rbakabr1/9/2n2Cn2/p1p1p3p/6p2/2PN5/Pc2P1PcP/4C1N2/9/1RBAKABR1 w,0.81814575,4351
1rbakabr1/9/2n2Cn2/p1p1N3p/6p2/2P6/Pc2P1PcP/4C1N2/9/1RBAKABR1 b,-0.80481404,1831
1rbakabr1/9/5Cn2/p1p1n3p/6p2/2P6/Pc2P1PcP/4C1N2/9/1RBAKABR1 w,0.8054843,6061
1rbakabr1/9/5Cn2/p1p1C3p/6p2/2P6/Pc2P1PcP/6N2/9/1RBAKABR1 b,-0.7909604,109
2bakabr1/9/1r3Cn2/p1p1C3p/6p2/2P6/Pc2P1PcP/6N2/9/1RBAKABR1 w,0.8022862,2839
2bakabr1/9/1r3Cn2/p1p5p/6p2/2P1C4/Pc2P1PcP/6N2/9/1RBAKABR1 b,-0.7983558,1733
2bakabr1/9/5rn2/p1p5p/6p2/2P1C4/Pc2P1PcP/6N2/9/1RBAKABR1 w,0.8096294,7435
2bakabr1/9/5rn2/p1p5p/6p2/2P1C4/PR2P1PcP/6N2/9/2BAKABR1 b,-0.8070554,2201
2bakabr1/9/5r3/p1p5p/5np2/2P1C4/PR2P1PcP/6N2/9/2BAKABR1 w,0.81348425,4987
2bakabr1/9/5r3/p1p5p/1R3np2/2P1C4/P3P1PcP/6N2/9/2BAKABR1 b,-0.80842113,3750
2bakabr1/9/5r3/p1p5p/1R4p2/2P1C4/P3P1ncP/6N2/9/2BAKABR1 w,0.81924444,3372
2bakabr1/9/5r3/p1p5p/6R2/2P1C4/P3P1ncP/6N2/9/2BAKABR1 b,-0.80548483,5449
2bakabr1/9/5r3/p1p5p/6R2/2P1n4/P3P2cP/6N2/9/2BAKABR1 w,0.8058394,5269
2bakabr1/9/5r3/p1p5p/6R2/2P1P4/P6cP/6N2/9/2BAKABR1 b,-0.7993737,5560
2bakabr1/9/5r3/p1p5p/6R2/2P1P4/P7P/6Nc1/9/2BAKABR1 w,0.81027013,7999
2bakabr1/9/5r3/p1p5p/6R2/2P1P4/P7P/6Nc1/7R1/2BAKAB2 b,-0.7984724,2138
2bakabr1/9/9/p1p5p/6R2/2P1P4/P7P/5rNc1/7R1/2BAKAB2 w,0.8023545,3813
2bakabr1/9/9/p1p3R1p/9/2P1P4/P7P/5rNc1/7R1/2BAKAB2 b,-0.80019426,691
2bakab2/9/9/p1p3R1p/9/2P1P4/P6rP/5rNc1/7R1/2BAKAB2 w,0.81431395,2976
2bakaR2/9/9/p1p5p/9/2P1P4/P6rP/5rNc1/7R1/2BAKAB2 b,-0.8035953,5548
2bakaR2/9/9/p1p5p/9/2P1P4/P3r3P/5rNc1/7R1/2BAKAB2 w,0.81394,7186
2bakaR2/9/9/p1p5p/9/2P1P4/P3r3P/5rNc1/4R4/2BAKAB2 b,-0.8031027,5276
2bakaR2/9/9/p1p5p/9/2P1P4/P1r5P/5rNc1/4R4/2BAKAB2 w,0.81115365,555
2baka3/6R2/9/p1p5p/9/2P1P4/P1r5P/5rNc1/4R4/2BAKAB2 b,-0.7996071,5123
2baka3/6R2/9/p1p5p/9/2P1P4/P7P/5rNc1/4R4/2rAKAB2 w,0.8051065,4450
2baka3/6R2/9/p1p5p/4P4/2P6/P7P/5rNc1/4R4/2rAKAB2 b,-0.7860293,6186
2baka3/6R2/9/p1p5p/4P4/2P6/P7P/3r2Nc1/4R4/2rAKAB2 w,0.93166584,3641
2baka3/6R2/9/p1p5p/5P3/2P6/P7P/3r2Nc1/4R4/2rAKAB2 b,-0.9300052,6007
2baka3/6R2/9/p1p5p/5P3/2P6/P7P/4r1Nc1/4R4/2rAKAB2 w,0.93885225,7897
2baka3/6R2/9/p1p5p/5P3/2P6/P7P/4B1Nc1/4R4/2rAKA3 b,-0.9335694,7526
2baka3/6R2/9/p1p5p/5P3/2P6/P1r5P/4B1Nc1/4R4/3AKA3 w,0.94523644,6117
2baka3/6R2/9/p1p5p/5P3/2P6/P1r5P/6Nc1/4R4/3AKAB2 b,-0.96666604,283
2b1ka3/4a1R2/9/p1p5p/5P3/2P6/P1r5P/6Nc1/4R4/3AKAB2 w,0.98953843,6853
2b1ka3/4R1R2/9/p1p5p/5P3/2P6/P1r5P/6Nc1/9/3AKAB2 b,-0.99243253,463
2b1k4/4a1R2/9/p1p5p/5P3/2P6/P1r5P/6Nc1/9/3AKAB2 w,1,1356
rnbakabnr/9/1c5c1/p1p1p1p1p/9/9/P1P1P1P1P/1C5C1/9/RNBAKABNR w,0.80182725,5827
rnbakabnr/9/1c5c1/p1p1p1p1p/9/9/P1P1P1P1P/4C2C1/9/RNBAKABNR b,-0.80178356,110
r1bakabnr/9/1cn4c1/p1p1p1p1p/9/9/P1P1P1P1P/4C2C1/9/RNBAKABNR w,0.80183583,7445
r1bakabnr/9/1cn4c1/p1p1p1p1p/9/9/P1P1P1P1P/2N1C2C1/9/R1BAKABNR b,-0.80183524,562
r1baka1nr/9/1cn1b2c1/p1p1p1p1p/9/9/P1P1P1P1P/2N1C2C1/9/R1BAKABNR w,0.8019352,7372
r1baka1nr/9/1cn1b2c1/p1p1p1p1p/9/9/P1P1P1P1P/2N1C2C1/9/1RBAKABNR b,-0.80177355,1
1rbaka1nr/9/1cn1b2c1/p1p1p1p1p/9/9/P1P1P1P1P/2N1C2C1/9/1RBAKABNR w,0.8017164,6368
1rbaka1nr/9/1cn1b2c1/p1p1p1p1p/9/9/P1P1P1P1P/2N1CC3/9/1RBAKABNR b,-0.8012789,654
1rbaka2r/9/1cn1b1nc1/p1p1p1p1p/9/9/P1P1P1P1P/2N1CC3/9/1RBAKABNR w,0.80160576,7989
1rbaka2r/9/1cn1b1nc1/p1p1p1p1p/9/9/P1P1P1P1P/2N1CCN2/9/1RBAKAB1R b,-0.8013682,3012
1rbaka2r/9/1cn1b1nc1/p1p1p3p/6p2/9/P1P1P1P1P/2N1CCN2/9/1RBAKAB1R w,0.80189395,8098
1rbaka2r/9/1cn1b1nc1/p1p1p3p/6p2/9/P1P1P1P1P/2N1CCN2/9/1RBAKABR1 b,-0.8020069,727
1rbaka1r1/9/1cn1b1nc1/p1p1p3p/6p2/9/P1P1P1P1P/2N1CCN2/9/1RBAKABR1 w,0.80251306,5087
1rbaka1r1/9/1cn1b1nc1/p1p1p3p/6p2/2P6/P3P1P1P/2N1CCN2/9/1RBAKABR1 b,-0.8021838,1765
1rbaka1r1/9/2n1b1nc1/p1p1p3p/6p2/2P6/Pc2P1P1P/2N1CCN2/9/1RBAKABR1 w,0.80512637,5898
1rbaka1r1/9/2n1b1nc1/p1p1p3p/6p2/2PN5/Pc2P1P1P/4CCN2/9/1RBAKABR1 b,-0.80644923,2311
1rbaka1r1/9/2n1b1n2/p1p1p3p/6p2/2PN5/Pc2P1PcP/4CCN2/9/1RBAKABR1 w,0.8073899,6143
1rbaka1r1/9/2n1bCn2/p1p1p3p/6p2/2PN5/Pc2P1PcP/4C1N2/9/1RBAKABR1 b,-0.80890244,1986
1rbakabr1/9/2n2Cn2/p1p1p3p/6p2/2PN5/Pc2P1PcP/4C1N2/9/1RBAKABR1 w,0.81805813,4351
1rbakabr1/9/2n2Cn2/p1p1N3p/6p2/2P6/Pc2P1PcP/4C1N2/9/1RBAKABR1 b,-0.8047812,1831
1rbakabr1/9/5Cn2/p1p1n3p/6p2/2P6/Pc2P1PcP/4C1N2/9/1RBAKABR1 w,0.80505747,6061
1rbakabr1/9/5Cn2/p1p1C3p/6p2/2P6/Pc2P1PcP/6N2/9/1RBAKABR1 b,-0.79084677,109
2bakabr1/9/1r3Cn2/p1p1C3p/6p2/2P6/Pc2P1PcP/6N2/9/1RBAKABR1 w,0.80212486,2839
2bakabr1/9/1r3Cn2/p1p5p/6p2/2P1C4/Pc2P1PcP/6N2/9/1RBAKABR1 b,-0.7987969,1733
2bakabr1/9/5rn2/p1p5p/6p2/2P1C4/Pc2P1PcP/6N2/9/1RBAKABR1 w,0.80966914,7435
2bakabr1/9/5rn2/p1p5p/6p2/2P1C4/PR2P1PcP/6N2/9/2BAKABR1 b,-0.8070279,2201
2bakabr1/9/5r3/p1p5p/5np2/2P1C4/PR2P1PcP/6N2/9/2BAKABR1 w,0.8140585,4987
2bakabr1/9/5r3/p1p5p/1R3np2/2P1C4/P3P1PcP/6N2/9/2BAKABR1 b,-0.8083456,3750
2bakabr1/9/5r3/p1p5p/1R4p2/2P1C4/P3P1ncP/6N2/9/2BAKABR1 w,0.81738317,3372
2bakabr1/9/5r3/p1p5p/6R2/2P1C4/P3P1ncP/6N2/9/2BAKABR1 b,-0.80547106,5449
2bakabr1/9/5r3/p1p5p/6R2/2P1n4/P3P2cP/6N2/9/2BAKABR1 w,0.8058394,5269
2bakabr1/9/5r3/p1p5p/6R2/2P1P4/P6cP/6N2/9/2BAKABR1 b,-0.79941744,5560
2bakabr1/9/5r3/p1p5p/6R2/2P1P4/P7P/6Nc1/9/2BAKABR1 w,0.80960435,7999
2bakabr1/9/5r3/p1p5p/6R2/2P1P4/P7P/6Nc1/7R1/2BAKAB2 b,-0.79817176,2138
2bakabr1/9/9/p1p5p/6R2/2P1P4/P7P/5rNc1/7R1/2BAKAB2 w,0.80029345,3813
2bakabr1/9/9/p1p3R1p/9/2P1P4/P7P/5rNc1/7R1/2BAKAB2 b,-0.80019426,691
2bakab2/9/9/p1p3R1p/9/2P1P4/P6rP/5rNc1/7R1/2BAKAB2 w,0.81399983,2976
2bakaR2/9/9/p1p5p/9/2P1P4/P6rP/5rNc1/7R1/2BAKAB2 b,-0.8037907,5548
2bakaR2/9/9/p1p5p/9/2P1P4/P3r3P/5rNc1/7R1/2BAKAB2 w,0.814818,7186
2bakaR2/9/9/p1p5p/9/2P1P4/P3r3P/5rNc1/4R4/2BAKAB2 b,-0.803382,5276
2bakaR2/9/9/p1p5p/9/2P1P4/P1r5P/5rNc1/4R4/2BAKAB2 w,0.81043404,555
2baka3/6R2/9/p1p5p/9/2P1P4/P1r5P/5rNc1/4R4/2BAKAB2 b,-0.79820865,5123
2baka3/6R2/9/p1p5p/9/2P1P4/P7P/5rNc1/4R4/2rAKAB2 w,0.8051065,4450
2baka3/6R2/9/p1p5p/4P4/2P6/P7P/5rNc1/4R4/2rAKAB2 b,-0.78492635,6186
2baka3/6R2/9/p1p5p/4P4/2P6/P7P/3r2Nc1/4R4/2rAKAB2 w,0.9309594,3641
2baka3/6R2/9/p1p5p/5P3/2P6/P7P/3r2Nc1/4R4/2rAKAB2 b,-0.9306956,6007
2baka3/6R2/9/p1p5p/5P3/2P6/P7P/4r1Nc1/4R4/2rAKAB2 w,0.9389294,7897
2baka3/6R2/9/p1p5p/5P3/2P6/P7P/4B1Nc1/4R4/2rAKA3 b,-0.9337332,7526
2baka3/6R2/9/p1p5p/5P3/2P6/P1r5P/4B1Nc1/4R4/3AKA3 w,0.9482312,6117
2baka3/6R2/9/p1p5p/5P3/2P6/P1r5P/6Nc1/4R4/3AKAB2 b,-0.96552444,283
2b1ka3/4a1R2/9/p1p5p/5P3/2P6/P1r5P/6Nc1/4R4/3AKAB2 w,0.99006486,6853
2b1ka3/4R1R2/9/p1p5p/5P3/2P6/P1r5P/6Nc1/9/3AKAB2 b,-0.9925446,463
2b1k4/4a1R2/9/p1p5p/5P3/2P6/P1r5P/6Nc1/9/3AKAB2 w,1,1356
rnbakabnr/9/1c5c1/p1p1p1p1p/9/9/P1P1P1P1P/1C5C1/9/RNBAKABNR w,0.80182725,5827
rnbakabnr/9/1c5c1/p1p1p1p1p/9/9/P1P1P1P1P/4C2C1/9/RNBAKABNR b,-0.80176365,110
r1bakabnr/9/1cn4c1/p1p1p1p1p/9/9/P1P1P1P1P/4C2C1/9/RNBAKABNR w,0.80182546,7445
r1bakabnr/9/1cn4c1/p1p1p1p1p/9/9/P1P1P1P1P/2N1C2C1/9/R1BAKABNR b,-0.80183953,562
r1baka1nr/9/1cn1b2c1/p1p1p1p1p/9/9/P1P1P1P1P/2N1C2C1/9/R1BAKABNR w,0.801942,7372
r1baka1nr/9/1cn1b2c1/p1p1p1p1p/9/9/P1P1P1P1P/2N1C2C1/9/1RBAKABNR b,-0.8017725,1
1rbaka1nr/9/1cn1b2c1/p1p1p1p1p/9/9/P1P1P1P1P/2N1C2C1/9/1RBAKABNR w,0.80170125,6368
1rbaka1nr/9/1cn1b2c1/p1p1p1p1p/9/9/P1P1P1P1P/2N1CC3/9/1RBAKABNR b,-0.8012688,654
1rbaka2r/9/1cn1b1nc1/p1p1p1p1p/9/9/P1P1P1P1P/2N1CC3/9/1RBAKABNR w,0.80162024,7989
1rbaka2r/9/1cn1b1nc1/p1p1p1p1p/9/9/P1P1P1P1P/2N1CCN2/9/1RBAKAB1R b,-0.8013484,3012
1rbaka2r/9/1cn1b1nc1/p1p1p3p/6p2/9/P1P1P1P1P/2N1CCN2/9/1RBAKAB1R w,0.80187905,8098
1rbaka2r/9/1cn1b1nc1/p1p1p3p/6p2/9/P1P1P1P1P/2N1CCN2/9/1RBAKABR1 b,-0.80201656,727
1rbaka1r1/9/1cn1b1nc1/p1p1p3p/6p2/9/P1P1P1P1P/2N1CCN2/9/1RBAKABR1 w,0.80251306,5087
1rbaka1r1/9/1cn1b1nc1/p1p1p3p/6p2/2P6/P3P1P1P/2N1CCN2/9/1RBAKABR1 b,-0.8021624,1765
1rbaka1r1/9/2n1b1nc1/p1p1p3p/6p2/2P6/Pc2P1P1P/2N1CCN2/9/1RBAKABR1 w,0.8047115,5898
1rbaka1r1/9/2n1b1nc1/p1p1p3p/6p2/2PN5/Pc2P1P1P/4CCN2/9/1RBAKABR1 b,-0.80647033,2311
1rbaka1r1/9/2n1b1n2/p1p1p3p/6p2/2PN5/Pc2P1PcP/4CCN2/9/1RBAKABR1 w,0.80788714,6143
1rbaka1r1/9/2n1bCn2/p1p1p3p/6p2/2PN5/Pc2P1PcP/4C1N2/9/1RBAKABR1 b,-0.80890244,1986
1rbakabr1/9/2n2Cn2/p1p1p3p/6p2/2PN5/Pc2P1PcP/4C1N2/9/1RBAKABR1 w,0.81805813,4351
1rbakabr1/9/2n2Cn2/p1p1N3p/6p2/2P6/Pc2P1PcP/4C1N2/9/1RBAKABR1 b,-0.80460507,1831
1rbakabr1/9/5Cn2/p1p1n3p/6p2/2P6/Pc2P1PcP/4C1N2/9/1RBAKABR1 w,0.8054843,6061
1rbakabr1/9/5Cn2/p1p1C3p/6p2/2P6/Pc2P1PcP/6N2/9/1RBAKABR1 b,-0.7907896,109
2bakabr1/9/1r3Cn2/p1p1C3p/6p2/2P6/Pc2P1PcP/6N2/9/1RBAKABR1 w,0.8018721,2839
2bakabr1/9/1r3Cn2/p1p5p/6p2/2P1C4/Pc2P1PcP/6N2/9/1RBAKABR1 b,-0.7983722,1733
2bakabr1/9/5rn2/p1p5p/6p2/2P1C4/Pc2P1PcP/6N2/9/1RBAKABR1 w,0.80971247,7435
2bakabr1/9/5rn2/p1p5p/6p2/2P1C4/PR2P1PcP/6N2/9/2BAKABR1 b,-0.80592483,2201
2bakabr1/9/5r3/p1p5p/5np2/2P1C4/PR2P1PcP/6N2/9/2BAKABR1 w,0.8140585,4987
2bakabr1/9/5r3/p1p5p/1R3np2/2P1C4/P3P1PcP/6N2/9/2BAKABR1 b,-0.8084692,3750
2bakabr1/9/5r3/p1p5p/1R4p2/2P1C4/P3P1ncP/6N2/9/2BAKABR1 w,0.81923956,3372
2bakabr1/9/5r3/p1p5p/6R2/2P1C4/P3P1ncP/6N2/9/2BAKABR1 b,-0.80542547,5449
2bakabr1/9/5r3/p1p5p/6R2/2P1n4/P3P2cP/6N2/9/2BAKABR1 w,0.8058394,5269
2bakabr1/9/5r3/p1p5p/6R2/2P1P4/P6cP/6N2/9/2BAKABR1 b,-0.79952466,5560
2bakabr1/9/5r3/p1p5p/6R2/2P1P4/P7P/6Nc1/9/2BAKABR1 w,0.8094646,7999
2bakabr1/9/5r3/p1p5p/6R2/2P1P4/P7P/6Nc1/7R1/2BAKAB2 b,-0.7986552,2138
2bakabr1/9/9/p1p5p/6R2/2P1P4/P7P/5rNc1/7R1/2BAKAB2 w,0.8004371,3813
2bakabr1/9/9/p1p3R1p/9/2P1P4/P7P/5rNc1/7R1/2BAKAB2 b,-0.80019426,691
2bakab2/9/9/p1p3R1p/9/2P1P4/P6rP/5rNc1/7R1/2BAKAB2 w,0.81381166,2976
2bakaR2/9/9/p1p5p/9/2P1P4/P6rP/5rNc1/7R1/2BAKAB2 b,-0.8037907,5548
2bakaR2/9/9/p1p5p/9/2P1P4/P3r3P/5rNc1/7R1/2BAKAB2 w,0.8149279,7186
2bakaR2/9/9/p1p5p/9/2P1P4/P3r3P/5rNc1/4R4/2BAKAB2 b,-0.8036687,5276
2bakaR2/9/9/p1p5p/9/2P1P4/P1r5P/5rNc1/4R4/2BAKAB2 w,0.81115365,555
2baka3/6R2/9/p1p5p/9/2P1P4/P1r5P/5rNc1/4R4/2BAKAB2 b,-0.7992917,5123
2baka3/6R2/9/p1p5p/9/2P1P4/P7P/5rNc1/4R4/2rAKAB2 w,0.80778056,4450
2baka3/6R2/9/p1p5p/4P4/2P6/P7P/5rNc1/4R4/2rAKAB2 b,-0.7840725,6186
2baka3/6R2/9/p1p5p/4P4/2P6/P7P/3r2Nc1/4R4/2rAKAB2 w,0.9308713,3641
2baka3/6R2/9/p1p5p/5P3/2P6/P7P/3r2Nc1/4R4/2rAKAB2 b,-0.92901146,6007
2baka3/6R2/9/p1p5p/5P3/2P6/P7P/4r1Nc1/4R4/2rAKAB2 w,0.93884087,7897
2baka3/6R2/9/p1p5p/5P3/2P6/P7P/4B1Nc1/4R4/2rAKA3 b,-0.9335725,7526
2baka3/6R2/9/p1p5p/5P3/2P6/P1r5P/4B1Nc1/4R4/3AKA3 w,0.9456266,6117
2baka3/6R2/9/p1p5p/5P3/2P6/P1r5P/6Nc1/4R4/3AKAB2 b,-0.965406,283
2b1ka3/4a1R2/9/p1p5p/5P3/2P6/P1r5P/6Nc1/4R4/3AKAB2 w,0.98969465,6853
2b1ka3/4R1R2/9/p1p5p/5P3/2P6/P1r5P/6Nc1/9/3AKAB2 b,-0.99217296,463
2b1k4/4a1R2/9/p1p5p/5P3/2P6/P1r5P/6Nc1/9/3AKAB2 w,1,1356
rnbakabnr/9/1c5c1/p1p1p1p1p/9/9/P1P1P1P1P/1C5C1/9/RNBAKABNR w,0.80182725,5827
rnbakabnr/9/1c5c1/p1p1p1p1p/9/9/P1P1P1P1P/4C2C1/9/RNBAKABNR b,-0.8017787,110
r1bakabnr/9/1cn4c1/p1p1p1p1p/9/9/P1P1P1P1P/4C2C1/9/RNBAKABNR w,0.8018244,7445
r1bakabnr/9/1cn4c1/p1p1p1p1p/9/9/P1P1P1P1P/2N1C2C1/9/R1BAKABNR b,-0.8018406,562
r1baka1nr/9/1cn1b2c1/p1p1p1p1p/9/9/P1P1P1P1P/2N1C2C1/9/R1BAKABNR w,0.8019528,7372
r1baka1nr/9/1cn1b2c1/p1p1p1p1p/9/9/P1P1P1P1P/2N1C2C1/9/1RBAKABNR b,-0.8017674,1
1rbaka1nr/9/1cn1b2c1/p1p1p1p1p/9/9/P1P1P1P1P/2N1C2C1/9/1RBAKABNR w,0.8016867,6368
1rbaka1nr/9/1cn1b2c1/p1p1p1p1p/9/9/P1P1P1P1P/2N1CC3/9/1RBAKABNR b,-0.801272,654
1rbaka2r/9/1cn1b1nc1/p1p1p1p1p/9/9/P1P1P1P1P/2N1CC3/9/1RBAKABNR w,0.80158657,7989
1rbaka2r/9/1cn1b1nc1/p1p1p1p1p/9/9/P1P1P1P1P/2N1CCN2/9/1RBAKAB1R b,-0.8013484,3012
1rbaka2r/9/1cn1b1nc1/p1p1p3p/6p2/9/P1P1P1P1P/2N1CCN2/9/1RBAKAB1R w,0.8018736,8098
1rbaka2r/9/1cn1b1nc1/p1p1p3p/6p2/9/P1P1P1P1P/2N1CCN2/9/1RBAKABR1 b,-0.8020108,727
1rbaka1r1/9/1cn1b1nc1/p1p1p3p/6p2/9/P1P1P1P1P/2N1CCN2/9/1RBAKABR1 w,0.80255455,5087
1rbaka1r1/9/1cn1b1nc1/p1p1p3p/6p2/2P6/P3P1P1P/2N1CCN2/9/1RBAKABR1 b,-0.8021624,1765
1rbaka1r1/9/2n1b1nc1/p1p1p3p/6p2/2P6/Pc2P1P1P/2N1CCN2/9/1RBAKABR1 w,0.80476177,5898
1rbaka1r1/9/2n1b1nc1/p1p1p3p/6p2/2PN5/Pc2P1P1P/4CCN2/9/1RBAKABR1 b,-0.80638945,2311
1rbaka1r1/9/2n1b1n2/p1p1p3p/6p2/2PN5/Pc2P1PcP/4CCN2/9/1RBAKABR1 w,0.80794615,6143
1rbaka1r1/9/2n1bCn2/p1p1p3p/6p2/2PN5/Pc2P1PcP/4C1N2/9/1RBAKABR1 b,-0.8082944,1986
1rbakabr1/9/2n2Cn2/p1p1p3p/6p2/2PN5/Pc2P1PcP/4C1N2/9/1RBAKABR1 w,0.81814575,4351
1rbakabr1/9/2n2Cn2/p1p1N3p/6p2/2P6/Pc2P1PcP/4C1N2/9/1RBAKABR1 b,-0.804766,1831
1rbakabr1/9/5Cn2/p1p1n3p/6p2/2P6/Pc2P1PcP/4C1N2/9/1RBAKABR1 w,0.80505747,6061
1rbakabr1/9/5Cn2/p1p1C3p/6p2/2P6/Pc2P1PcP/6N2/9/1RBAKABR1 b,-0.79098004,109
2bakabr1/9/1r3Cn2/p1p1C3p/6p2/2P6/Pc2P1PcP/6N2/9/1RBAKABR1 w,0.80192703,2839
2bakabr1/9/1r3Cn2/p1p5p/6p2/2P1C4/Pc2P1PcP/6N2/9/1RBAKABR1 b,-0.7984225,1733
2bakabr1/9/5rn2/p1p5p/6p2/2P1C4/Pc2P1PcP/6N2/9/1RBAKABR1 w,0.80961525,7435
2bakabr1/9/5rn2/p1p5p/6p2/2P1C4/PR2P1PcP/6N2/9/2BAKABR1 b,-0.8074193,2129
2bakabr1/9/6n2/p1p5p/6p2/2P1C4/PR2PrPcP/6N2/9/2BAKABR1 w,0.81513435,4987
2bakabr1/9/6n2/p1p5p/1R4p2/2P1C4/P3PrPcP/6N2/9/2BAKABR1 b,-0.804265,2201
2bakabr1/9/9/p1p5p/1R3np2/2P1C4/P3PrPcP/6N2/9/2BAKABR1 w,0.82197344,7897
2bakabr1/9/9/p1p5p/1R3np2/2P1C4/P3PrPcP/4B1N2/9/2BAKA1R1 b,-0.8099052,3748
2bakabr1/9/9/p1p5p/1R4p2/2P1C4/P3nrPcP/4B1N2/9/2BAKA1R1 w,0.82706904,7816
2bakabr1/9/9/p1p5p/1R4p2/2P1C4/P3nrPcP/4B1N2/4A4/2BAK2R1 b,-0.8101391,5370
2bakabr1/9/9/p1p5p/1R4p2/2P1C4/P3n1rcP/4B1N2/4A4/2BAK2R1 w,0.81471276,6290
2bakabr1/9/9/p1p5p/1R4p2/2P1C4/P3n1rcP/4B4/4A3N/2BAK2R1 b,-0.79608697,5569
2bakabr1/9/9/p1p5p/1R4p2/2P1C4/P3n1r1P/4B4/4A2cN/2BAK2R1 w,0.7969273,3370
2bakabr1/9/9/p1p5p/4R1p2/2P1C4/P3n1r1P/4B4/4A2cN/2BAK2R1 b,-0.8143653,562
2baka1r1/9/4b4/p1p5p/4R1p2/2P1C4/P3n1r1P/4B4/4A2cN/2BAK2R1 w,0.8972989,3622
2baka1r1/9/4R4/p1p5p/6p2/2P1C4/P3n1r1P/4B4/4A2cN/2BAK2R1 b,-0.89444655,283
2b1ka1r1/4a4/4R4/p1p5p/6p2/2P1C4/P3n1r1P/4B4/4A2cN/2BAK2R1 w,0.91716605,2005
2b1ka1r1/4a4/7R1/p1p5p/6p2/2P1C4/P3n1r1P/4B4/4A2cN/2BAK2R1 b,-0.919026,363
2bk1a1r1/4a4/7R1/p1p5p/6p2/2P1C4/P3n1r1P/4B4/4A2cN/2BAK2R1 w,0.9369441,2257
2bk1a1R1/4a4/9/p1p5p/6p2/2P1C4/P3n1r1P/4B4/4A2cN/2BAK2R1 b,-0.92583776,7187
2bk1a1R1/4a4/9/p1p5p/6p2/2P1C4/P3n1r1P/4B4/4Ac2N/2BAK2R1 w,0.9418189,664
2bk1a3/4a4/9/p1p4Rp/6p2/2P1C4/P3n1r1P/4B4/4Ac2N/2BAK2R1 b,-0.9347975,5462
2bk1a3/4a4/9/p1p4Rp/6p2/2P1C4/P3n3r/4B4/4Ac2N/2BAK2R1 w,0.949603,7261
2bk1a3/4a4/9/p1p4Rp/6p2/2P1C4/P3n2Nr/4B4/4Ac3/2BAK2R1 b,-0.9299848,5289
2bk1a3/4a4/9/p1p4Rp/6p2/2P1C4/P6Nr/4B1n2/4Ac3/2BAK2R1 w,0.9599603,3090
2bk1a3/4a4/9/p1pR4p/6p2/2P1C4/P6Nr/4B1n2/4Ac3/2BAK2R1 b,-0.96884614,1191
2bk1a3/9/3a5/p1pR4p/6p2/2P1C4/P6Nr/4B1n2/4Ac3/2BAK2R1 w,0.9667194,2721
2bk1a3/9/3R5/p1p5p/6p2/2P1C4/P6Nr/4B1n2/4Ac3/2BAK2R1 b,-0.9625478,274
2b1ka3/9/3R5/p1p5p/6p2/2P1C4/P6Nr/4B1n2/4Ac3/2BAK2R1 w,0.9693943,5532
2b1ka3/9/3R5/p1p5p/6N2/2P1C4/P7r/4B1n2/4Ac3/2BAK2R1 b,-0.9537928,6260
2b1ka3/9/3R5/p1p5p/6N2/2P1Cn3/P7r/4B4/4Ac3/2BAK2R1 w,0.9915121,3811
2b1ka3/9/3R5/p1p1N3p/9/2P1Cn3/P7r/4B4/4Ac3/2BAK2R1 b,-0.9929088,463
2b1k4/4a4/3R5/p1p1N3p/9/2P1Cn3/P7r/4B4/4Ac3/2BAK2R1 w,1,7927
rnbakabnr/9/1c5c1/p1p1p1p1p/9/9/P1P1P1P1P/1C5C1/9/RNBAKABNR w,0.0018177032,5827
rnbakabnr/9/1c5c1/p1p1p1p1p/9/9/P1P1P1P1P/4C2C1/9/RNBAKABNR b,-0.0017805815,110
r1bakabnr/9/1cn4c1/p1p1p1p1p/9/9/P1P1P1P1P/4C2C1/9/RNBAKABNR w,0.0018248558,7445
r1bakabnr/9/1cn4c1/p1p1p1p1p/9/9/P1P1P1P1P/2N1C2C1/9/R1BAKABNR b,-0.0018352151,562
r1baka1nr/9/1cn1b2c1/p1p1p1p1p/9/9/P1P1P1P1P/2N1C2C1/9/R1BAKABNR w,0.0019419909,7372
r1baka1nr/9/1cn1b2c1/p1p1p1p1p/9/9/P1P1P1P1P/2N1C2C1/9/1RBAKABNR b,-0.0017724872,1
1rbaka1nr/9/1cn1b2c1/p1p1p1p1p/9/9/P1P1P1P1P/2N1C2C1/9/1RBAKABNR w,0.0016866922,6368
1rbaka1nr/9/1cn1b2c1/p1p1p1p1p/9/9/P1P1P1P1P/2N1CC3/9/1RBAKABNR b,-0.0012789011,654
1rbaka2r/9/1cn1b1nc1/p1p1p1p1p/9/9/P1P1P1P1P/2N1CC3/9/1RBAKABNR w,0.0015803337,7989
1rbaka2r/9/1cn1b1nc1/p1p1p1p1p/9/9/P1P1P1P1P/2N1CCN2/9/1RBAKAB1R b,-0.0013483524,3012
1rbaka2r/9/1cn1b1nc1/p1p1p3p/6p2/9/P1P1P1P1P/2N1CCN2/9/1RBAKAB1R w,0.0018980503,8098
1rbaka2r/9/1cn1b1nc1/p1p1p3p/6p2/9/P1P1P1P1P/2N1CCN2/9/1RBAKABR1 b,-0.0020064593,727
1rbaka1r1/9/1cn1b1nc1/p1p1p3p/6p2/9/P1P1P1P1P/2N1CCN2/9/1RBAKABR1 w,0.0025175572,5087
1rbaka1r1/9/1cn1b1nc1/p1p1p3p/6p2/2P6/P3P1P1P/2N1CCN2/9/1RBAKABR1 b,-0.0022038461,1765
1rbaka1r1/9/2n1b1nc1/p1p1p3p/6p2/2P6/Pc2P1P1P/2N1CCN2/9/1RBAKABR1 w,0.0047060014,5898
1rbaka1r1/9/2n1b1nc1/p1p1p3p/6p2/2PN5/Pc2P1P1P/4CCN2/9/1RBAKABR1 b,-0.006537807,2311
1rbaka1r1/9/2n1b1n2/p1p1p3p/6p2/2PN5/Pc2P1PcP/4CCN2/9/1RBAKABR1 w,0.007935119,6143
1rbaka1r1/9/2n1bCn2/p1p1p3p/6p2/2PN5/Pc2P1PcP/4C1N2/9/1RBAKABR1 b,-0.008902455,1986
1rbakabr1/9/2n2Cn2/p1p1p3p/6p2/2PN5/Pc2P1PcP/4C1N2/9/1RBAKABR1 w,0.018145729,4351
1rbakabr1/9/2n2Cn2/p1p1N3p/6p2/2P6/Pc2P1PcP/4C1N2/9/1RBAKABR1 b,-0.0047512054,1831
1rbakabr1/9/5Cn2/p1p1n3p/6p2/2P6/Pc2P1PcP/4C1N2/9/1RBAKABR1 w,0.005069304,6061
1rbakabr1/9/5Cn2/p1p1C3p/6p2/2P6/Pc2P1PcP/6N2/9/1RBAKABR1 b,0.008889603,109
2bakabr1/9/1r3Cn2/p1p1C3p/6p2/2P6/Pc2P1PcP/6N2/9/1RBAKABR1 w,0.004178071,2830
2bakabr1/9/1r3Cn2/p1p5p/4C1p2/2P6/Pc2P1PcP/6N2/9/1RBAKABR1 b,0.002646327,1733
2bakabr1/9/5rn2/p1p5p/4C1p2/2P6/Pc2P1PcP/6N2/9/1RBAKABR1 w,0.0027243376,7435
2bakabr1/9/5rn2/p1p5p/4C1p2/2P6/PR2P1PcP/6N2/9/2BAKABR1 b,0.0016172648,2111
2bakabr1/9/6n2/p1p5p/4Crp2/2P6/PR2P1PcP/6N2/9/2BAKABR1 w,0.007509661,3649
2bakabr1/9/6n2/p1p5p/5rp2/2P1C4/PR2P1PcP/6N2/9/2BAKABR1 b,0.0010523557,3831
2bakabr1/9/6n2/p1p5p/5r3/2P1C1p2/PR2P1PcP/6N2/9/2BAKABR1 w,0.012448358,4969
2bakabr1/9/1R4n2/p1p5p/5r3/2P1C1p2/P3P1PcP/6N2/9/2BAKABR1 b,-0.015102506,4650
2bakabr1/9/1R4n2/p1p5p/5r3/2P1C4/P3P1pcP/6N2/9/2BAKABR1 w,0.016023709,1734
2bakabr1/9/6R2/p1p5p/5r3/2P1C4/P3P1pcP/6N2/9/2BAKABR1 b,-0.010030532,5469
2bakabr1/9/6R2/p1p5p/5r3/2P1C4/P3P2cP/6p2/9/2BAKABR1 w,0.014679409,2229
2bakabr1/9/9/p1p5p/5r3/2P1C4/P3P2cP/6R2/9/2BAKABR1 b,-0.004764378,3749
2bakabr1/9/9/p1p5p/9/2P1C4/P3Pr1cP/6R2/9/2BAKABR1 w,0.016796185,4441
2bakabr1/9/9/p1p1C3p/9/2P6/P3Pr1cP/6R2/9/2BAKABR1 b,0.020109987,5368
2bakabr1/9/9/p1p1C3p/9/2P6/P3r2cP/6R2/9/2BAKABR1 w,-0.0124950055,7816
2bakabr1/9/9/p1p1C3p/9/2P6/P3r2cP/6R2/4A4/2BAK1BR1 b,0.023439074,5251
2bakabr1/9/9/p1p1r3p/9/2P6/P6cP/6R2/4A4/2BAK1BR1 w,-0.021224523,6270
2bakabr1/9/9/p1p1r3p/9/2P6/P5RcP/9/4A4/2BAK1BR1 b,0.021059489,5560
2bakabr1/9/9/p1p1r3p/9/2P6/P5R1P/7c1/4A4/2BAK1BR1 w,-0.017186154,5469
2bakabr1/9/9/p1p1r3p/9/2P6/P7P/6Rc1/4A4/2BAK1BR1 b,0.016869355,6361
2bakabr1/9/9/p1p1r3p/9/2P6/P6cP/6R2/4A4/2BAK1BR1 w,0,6270
rnbakabnr/9/1c5c1/p1p1p1p1p/9/9/P1P1P1P1P/1C5C1/9/RNBAKABNR w,-0.7981834,5827
rnbakabnr/9/1c5c1/p1p1p1p1p/9/9/P1P1P1P1P/4C2C1/9/RNBAKABNR b,0.79821944,110
r1bakabnr/9/1cn4c1/p1p1p1p1p/9/9/P1P1P1P1P/4C2C1/9/RNBAKABNR w,-0.79816854,7445
r1bakabnr/9/1cn4c1/p1p1p1p1p/9/9/P1P1P1P1P/2N1C2C1/9/R1BAKABNR b,0.7981911,562
r1baka1nr/9/1cn1b2c1/p1p1p1p1p/9/9/P1P1P1P1P/2N1C2C1/9/R1BAKABNR w,-0.79805803,7372
r1baka1nr/9/1cn1b2c1/p1p1p1p1p/9/9/P1P1P1P1P/2N1C2C1/9/1RBAKABNR b,0.7982265,1
1rbaka1nr/9/1cn1b2c1/p1p1p1p1p/9/9/P1P1P1P1P/2N1C2C1/9/1RBAKABNR w,-0.7982987,6368
1rbaka1nr/9/1cn1b2c1/p1p1p1p1p/9/9/P1P1P1P1P/2N1CC3/9/1RBAKABNR b,0.79872394,654
1rbaka2r/9/1cn1b1nc1/p1p1p1p1p/9/9/P1P1P1P1P/2N1CC3/9/1RBAKABNR w,-0.79840535,7989
1rbaka2r/9/1cn1b1nc1/p1p1p1p1p/9/9/P1P1P1P1P/2N1CCN2/9/1RBAKAB1R b,0.79863185,3012
1rbaka2r/9/1cn1b1nc1/p1p1p3p/6p2/9/P1P1P1P1P/2N1CCN2/9/1RBAKAB1R w,-0.7981277,8098
1rbaka2r/9/1cn1b1nc1/p1p1p3p/6p2/9/P1P1P1P1P/2N1CCN2/9/1RBAKABR1 b,0.7979931,727
1rbaka1r1/9/1cn1b1nc1/p1p1p3p/6p2/9/P1P1P1P1P/2N1CCN2/9/1RBAKABR1 w,-0.79725367,5087
1rbaka1r1/9/1cn1b1nc1/p1p1p3p/6p2/2P6/P3P1P1P/2N1CCN2/9/1RBAKABR1 b,0.79780424,1765
1rbaka1r1/9/2n1b1nc1/p1p1p3p/6p2/2P6/Pc2P1P1P/2N1CCN2/9/1RBAKABR1 w,-0.7952885,5898
1rbaka1r1/9/2n1b1nc1/p1p1p3p/6p2/2PN5/Pc2P1P1P/4CCN2/9/1RBAKABR1 b,0.7935426,2311
1rbaka1r1/9/2n1b1n2/p1p1p3p/6p2/2PN5/Pc2P1PcP/4CCN2/9/1RBAKABR1 w,-0.7921687,6143
1rbaka1r1/9/2n1bCn2/p1p1p3p/6p2/2PN5/Pc2P1PcP/4C1N2/9/1RBAKABR1 b,0.7910976,1986
1rbakabr1/9/2n2Cn2/p1p1p3p/6p2/2PN5/Pc2P1PcP/4C1N2/9/1RBAKABR1 w,-0.7819419,4351
1rbakabr1/9/2n2Cn2/p1p1N3p/6p2/2P6/Pc2P1PcP/4C1N2/9/1RBAKABR1 b,0.7952438,1831
1rbakabr1/9/5Cn2/p1p1n3p/6p2/2P6/Pc2P1PcP/4C1N2/9/1RBAKABR1 w,-0.79493773,6061
1rbakabr1/9/5Cn2/p1p1C3p/6p2/2P6/Pc2P1PcP/6N2/9/1RBAKABR1 b,0.80948305,109
2bakabr1/9/1r3Cn2/p1p1C3p/6p2/2P6/Pc2P1PcP/6N2/9/1RBAKABR1 w,-0.79817873,2839
2bakabr1/9/1r3Cn2/p1p5p/6p2/2P1C4/Pc2P1PcP/6N2/9/1RBAKABR1 b,0.80169934,1733
2bakabr1/9/5rn2/p1p5p/6p2/2P1C4/Pc2P1PcP/6N2/9/1RBAKABR1 w,-0.79037094,7435
2bakabr1/9/5rn2/p1p5p/6p2/2P1C4/PR2P1PcP/6N2/9/2BAKABR1 b,0.7940752,2201
2bakabr1/9/5r3/p1p5p/5np2/2P1C4/PR2P1PcP/6N2/9/2BAKABR1 w,-0.7868982,4987
2bakabr1/9/5r3/p1p5p/1R3np2/2P1C4/P3P1PcP/6N2/9/2BAKABR1 b,0.7917212,3750
2bakabr1/9/5r3/p1p5p/1R4p2/2P1C4/P3P1ncP/6N2/9/2BAKABR1 w,-0.7811535,3372
2bakabr1/9/5r3/p1p5p/6R2/2P1C4/P3P1ncP/6N2/9/2BAKABR1 b,0.7945152,5449
2bakabr1/9/5r3/p1p5p/6R2/2P1n4/P3P2cP/6N2/9/2BAKABR1 w,-0.7939941,5269
2bakabr1/9/5r3/p1p5p/6R2/2P1P4/P6cP/6N2/9/2BAKABR1 b,0.80062634,5560
2bakabr1/9/5r3/p1p5p/6R2/2P1P4/P7P/6Nc1/9/2BAKABR1 w,-0.79053545,7999
2bakabr1/9/5r3/p1p5p/6R2/2P1P4/P7P/6Nc1/7R1/2BAKAB2 b,0.8020958,2138
2bakabr1/9/9/p1p5p/6R2/2P1P4/P7P/5rNc1/7R1/2BAKAB2 w,-0.799495,3813
2bakabr1/9/9/p1p3R1p/9/2P1P4/P7P/5rNc1/7R1/2BAKAB2 b,0.79980576,691
2bakab2/9/9/p1p3R1p/9/2P1P4/P6rP/5rNc1/7R1/2BAKAB2 w,-0.7856861,2976
2bakaR2/9/9/p1p5p/9/2P1P4/P6rP/5rNc1/7R1/2BAKAB2 b,0.79620934,5548
2bakaR2/9/9/p1p5p/9/2P1P4/P3r3P/5rNc1/7R1/2BAKAB2 w,-0.7843099,7186
2bakaR2/9/9/p1p5p/9/2P1P4/P3r3P/5rNc1/4R4/2BAKAB2 b,0.7967642,5276
2bakaR2/9/9/p1p5p/9/2P1P4/P1r5P/5rNc1/4R4/2BAKAB2 w,-0.788321,6262
2bakaR2/9/9/p1p5p/9/2P1P2N1/P1r5P/5r1c1/4R4/2BAKAB2 b,0.84919155,6388
2bakaR2/9/9/p1p5p/9/2P1P2N1/P1r5P/5r3/4R4/2BAKABc1 w,-0.8423328,6919
2bakaR2/9/9/p1p5p/9/2P1P2N1/P1r5P/5r3/7R1/2BAKABc1 b,0.8581882,6206
2bakaR2/9/9/p1p5p/9/2P1P2N1/P1r5P/9/7R1/2BAKrBc1 w,-0.8569536,7726
2bakaR2/9/9/p1p5p/9/2P1P2N1/P1r5P/9/4K2R1/2BA1rBc1 b,0.8571312,7825
2bakaR2/9/9/p1p5p/9/2P1P2N1/P1r5P/9/4K2R1/2BAr1Bc1 w,-0.8490391,6917
2bakaR2/9/9/p1p5p/9/2P1P2N1/P1r5P/9/5K1R1/2BAr1Bc1 b,0.861641,283
2b1kaR2/4a4/9/p1p5p/9/2P1P2N1/P1r5P/9/5K1R1/2BAr1Bc1 w,-0.84482235,7198
2b1kaR2/4a4/9/p1p5p/9/2P1P2N1/P1r5P/9/5K3/2BAr1BR1 b,0.86103046,7734
2b1kaR2/4a4/9/p1p5p/9/2P1P2N1/P1r5P/9/5K3/2Br2BR1 w,-0.8339252,7006
2b1kaR2/4a4/9/p1p5p/9/2P1P2N1/P1r5P/9/4K4/2Br2BR1 b,0.88053316,363
2bk1aR2/4a4/9/p1p5p/9/2P1P2N1/P1r5P/9/4K4/2Br2BR1 w,-0.8731555,7990
2bk1aR2/4a4/9/p1p5p/9/2P1P2N1/P1r5P/7R1/4K4/2Br2B2 b,0.9872244,7635
2bk1aR2/4a4/9/p1p5p/9/2P1P2N1/P1r5P/7R1/3rK4/2B3B2 w,-0.9876445,6925
2bk1aR2/4a4/9/p1p5p/9/2P1P2N1/P1r5P/7R1/3r5/2B1K1B2 b,1,5123
rnbakabnr/9/1c5c1/p1p1p1p1p/9/9/P1P1P1P1P/1C5C1/9/RNBAKABNR w,0.8018177,5827
rnbakabnr/9/1c5c1/p1p1p1p1p/9/9/P1P1P1P1P/4C2C1/9/RNBAKABNR b,-0.8017682,110
r1bakabnr/9/1cn4c1/p1p1p1p1p/9/9/P1P1P1P1P/4C2C1/9/RNBAKABNR w,0.80183583,7445
r1bakabnr/9/1cn4c1/p1p1p1p1p/9/9/P1P1P1P1P/2N1C2C1/9/R1BAKABNR b,-0.8018107,562
r1baka1nr/9/1cn1b2c1/p1p1p1p1p/9/9/P1P1P1P1P/2N1C2C1/9/R1BAKABNR w,0.801942,7372
r1baka1nr/9/1cn1b2c1/p1p1p1p1p/9/9/P1P1P1P1P/2N1C2C1/9/1RBAKABNR b,-0.8017765,1
1rbaka1nr/9/1cn1b2c1/p1p1p1p1p/9/9/P1P1P1P1P/2N1C2C1/9/1RBAKABNR w,0.8017126,6368
1rbaka1nr/9/1cn1b2c1/p1p1p1p1p/9/9/P1P1P1P1P/2N1CC3/9/1RBAKABNR b,-0.8012789,654
1rbaka2r/9/1cn1b1nc1/p1p1p1p1p/9/9/P1P1P1P1P/2N1CC3/9/1RBAKABNR w,0.8015415,7989
1rbaka2r/9/1cn1b1nc1/p1p1p1p1p/9/9/P1P1P1P1P/2N1CCN2/9/1RBAKAB1R b,-0.8013484,3012
1rbaka2r/9/1cn1b1nc1/p1p1p3p/6p2/9/P1P1P1P1P/2N1CCN2/9/1RBAKAB1R w,0.8018736,8098
1rbaka2r/9/1cn1b1nc1/p1p1p3p/6p2/9/P1P1P1P1P/2N1CCN2/9/1RBAKABR1 b,-0.80201256,727
1rbaka1r1/9/1cn1b1nc1/p1p1p3p/6p2/9/P1P1P1P1P/2N1CCN2/9/1RBAKABR1 w,0.80251306,5087
1rbaka1r1/9/1cn1b1nc1/p1p1p3p/6p2/2P6/P3P1P1P/2N1CCN2/9/1RBAKABR1 b,-0.8021549,1765
1rbaka1r1/9/2n1b1nc1/p1p1p3p/6p2/2P6/Pc2P1P1P/2N1CCN2/9/1RBAKABR1 w,0.8047839,5898
1rbaka1r1/9/2n1b1nc1/p1p1p3p/6p2/2PN5/Pc2P1P1P/4CCN2/9/1RBAKABR1 b,-0.8064504,2311
1rbaka1r1/9/2n1b1n2/p1p1p3p/6p2/2PN5/Pc2P1PcP/4CCN2/9/1RBAKABR1 w,0.80783015,6143
1rbaka1r1/9/2n1bCn2/p1p1p3p/6p2/2PN5/Pc2P1PcP/4C1N2/9/1RBAKABR1 b,-0.8087788,1986
1rbakabr1/9/2n2Cn2/p1p1p3p/6p2/2PN5/Pc2P1PcP/4C1N2/9/1RBAKABR1 w,0.8184994,4351
1rbakabr1/9/2n2Cn2/p1p1N3p/6p2/2P6/Pc2P1PcP/4C1N2/9/1RBAKABR1 b,-0.8047812,1831
1rbakabr1/9/5Cn2/p1p1n3p/6p2/2P6/Pc2P1PcP/4C1N2/9/1RBAKABR1 w,0.8050499,6061
1rbakabr1/9/5Cn2/p1p1C3p/6p2/2P6/Pc2P1PcP/6N2/9/1RBAKABR1 b,-0.7903048,109
2bakabr1/9/1r3Cn2/p1p1C3p/6p2/2P6/Pc2P1PcP/6N2/9/1RBAKABR1 w,0.8022862,2839
2bakabr1/9/1r3Cn2/p1p5p/6p2/2P1C4/Pc2P1PcP/6N2/9/1RBAKABR1 b,-0.79826975,1733
2bakabr1/9/5rn2/p1p5p/6p2/2P1C4/Pc2P1PcP/6N2/9/1RBAKABR1 w,0.80963963,7435
2bakabr1/9/5rn2/p1p5p/6p2/2P1C4/PR2P1PcP/6N2/9/2BAKABR1 b,-0.80789757,2129
2bakabr1/9/6n2/p1p5p/6p2/2P1C4/PR2PrPcP/6N2/9/2BAKABR1 w,0.8150739,4987
2bakabr1/9/6n2/p1p5p/1R4p2/2P1C4/P3PrPcP/6N2/9/2BAKABR1 b,-0.80459565,2201
2bakabr1/9/9/p1p5p/1R3np2/2P1C4/P3PrPcP/6N2/9/2BAKABR1 w,0.8209031,7897
2bakabr1/9/9/p1p5p/1R3np2/2P1C4/P3PrPcP/4B1N2/9/2BAKA1R1 b,-0.8094046,3748
2bakabr1/9/9/p1p5p/1R4p2/2P1C4/P3nrPcP/4B1N2/9/2BAKA1R1 w,0.82615525,7816
2bakabr1/9/9/p1p5p/1R4p2/2P1C4/P3nrPcP/4B1N2/4A4/2BAK2R1 b,-0.8113454,5370
2bakabr1/9/9/p1p5p/1R4p2/2P1C4/P3n1rcP/4B1N2/4A4/2BAK2R1 w,0.815481,6290
2bakabr1/9/9/p1p5p/1R4p2/2P1C4/P3n1rcP/4B4/4A3N/2BAK2R1 b,-0.79678446,5569
2bakabr1/9/9/p1p5p/1R4p2/2P1C4/P3n1r1P/4B4/4A2cN/2BAK2R1 w,0.79675126,3370
2bakabr1/9/9/p1p5p/4R1p2/2P1C4/P3n1r1P/4B4/4A2cN/2BAK2R1 b,-0.8120418,562
2baka1r1/9/4b4/p1p5p/4R1p2/2P1C4/P3n1r1P/4B4/4A2cN/2BAK2R1 w,0.8976536,3622
2baka1r1/9/4R4/p1p5p/6p2/2P1C4/P3n1r1P/4B4/4A2cN/2BAK2R1 b,-0.89532447,283
2b1ka1r1/4a4/4R4/p1p5p/6p2/2P1C4/P3n1r1P/4B4/4A2cN/2BAK2R1 w,0.91638654,2005
2b1ka1r1/4a4/7R1/p1p5p/6p2/2P1C4/P3n1r1P/4B4/4A2cN/2BAK2R1 b,-0.91105276,363
2bk1a1r1/4a4/7R1/p1p5p/6p2/2P1C4/P3n1r1P/4B4/4A2cN/2BAK2R1 w,0.9370204,2257
2bk1a1R1/4a4/9/p1p5p/6p2/2P1C4/P3n1r1P/4B4/4A2cN/2BAK2R1 b,-0.92614615,7187
2bk1a1R1/4a4/9/p1p5p/6p2/2P1C4/P3n1r1P/4B4/4Ac2N/2BAK2R1 w,0.9420589,664
2bk1a3/4a4/9/p1p4Rp/6p2/2P1C4/P3n1r1P/4B4/4Ac2N/2BAK2R1 b,-0.9348109,5462
2bk1a3/4a4/9/p1p4Rp/6p2/2P1C4/P3n3r/4B4/4Ac2N/2BAK2R1 w,0.9492609,7261
2bk1a3/4a4/9/p1p4Rp/6p2/2P1C4/P3n2Nr/4B4/4Ac3/2BAK2R1 b,-0.93182963,5289
2bk1a3/4a4/9/p1p4Rp/6p2/2P1C4/P6Nr/4B1n2/4Ac3/2BAK2R1 w,0.96230346,3090
2bk1a3/4a4/9/p1pR4p/6p2/2P1C4/P6Nr/4B1n2/4Ac3/2BAK2R1 b,-0.96884614,1191
2bk1a3/9/3a5/p1pR4p/6p2/2P1C4/P6Nr/4B1n2/4Ac3/2BAK2R1 w,0.9667194,2721
2bk1a3/9/3R5/p1p5p/6p2/2P1C4/P6Nr/4B1n2/4Ac3/2BAK2R1 b,-0.9625478,274
2b1ka3/9/3R5/p1p5p/6p2/2P1C4/P6Nr/4B1n2/4Ac3/2BAK2R1 w,0.970013,5532
2b1ka3/9/3R5/p1p5p/6N2/2P1C4/P7r/4B1n2/4Ac3/2BAK2R1 b,-0.95643896,6260
2b1ka3/9/3R5/p1p5p/6N2/2P1Cn3/P7r/4B4/4Ac3/2BAK2R1 w,0.9656153,1910
2b1ka3/9/2R6/p1p5p/6N2/2P1Cn3/P7r/4B4/4Ac3/2BAK2R1 b,-0.94749683,5669
2b1ka3/9/2R6/p1p5p/6N2/2P1Cn3/P8/4B4/4Ac3/2BAK2Rr w,0.9451484,1802
2R1ka3/9/9/p1p5p/6N2/2P1Cn3/P8/4B4/4Ac3/2BAK2Rr b,-0.9766962,373
2R2a3/4k4/9/p1p5p/6N2/2P1Cn3/P8/4B4/4Ac3/2BAK2Rr w,1,3811
rnbakabnr/9/1c5c1/p1p1p1p1p/9/9/P1P1P1P1P/1C5C1/9/RNBAKABNR w,0.80180943,5827
rnbakabnr/9/1c5c1/p1p1p1p1p/9/9/P1P1P1P1P/4C2C1/9/RNBAKABNR b,-0.8017682,110
r1bakabnr/9/1cn4c1/p1p1p1p1p/9/9/P1P1P1P1P/4C2C1/9/RNBAKABNR w,0.80183583,7445
r1bakabnr/9/1cn4c1/p1p1p1p1p/9/9/P1P1P1P1P/2N1C2C1/9/R1BAKABNR b,-0.80182236,562
r1baka1nr/9/1cn1b2c1/p1p1p1p1p/9/9/P1P1P1P1P/2N1C2C1/9/R1BAKABNR w,0.801942,7372
r1baka1nr/9/1cn1b2c1/p1p1p1p1p/9/9/P1P1P1P1P/2N1C2C1/9/1RBAKABNR b,-0.80176634,1
1rbaka1nr/9/1cn1b2c1/p1p1p1p1p/9/9/P1P1P1P1P/2N1C2C1/9/1RBAKABNR w,0.8017013,6368
1rbaka1nr/9/1cn1b2c1/p1p1p1p1p/9/9/P1P1P1P1P/2N1CC3/9/1RBAKABNR b,-0.8012789,654
1rbaka2r/9/1cn1b1nc1/p1p1p1p1p/9/9/P1P1P1P1P/2N1CC3/9/1RBAKABNR w,0.8015947,7989
1rbaka2r/9/1cn1b1nc1/p1p1p1p1p/9/9/P1P1P1P1P/2N1CCN2/9/1RBAKAB1R b,-0.8014014,3012
1rbaka2r/9/1cn1b1nc1/p1p1p3p/6p2/9/P1P1P1P1P/2N1CCN2/9/1RBAKAB1R w,0.8018474,8098
1rbaka2r/9/1cn1b1nc1/p1p1p3p/6p2/9/P1P1P1P1P/2N1CCN2/9/1RBAKABR1 b,-0.8020069,727
1rbaka1r1/9/1cn1b1nc1/p1p1p3p/6p2/9/P1P1P1P1P/2N1CCN2/9/1RBAKABR1 w,0.80251306,5087
1rbaka1r1/9/1cn1b1nc1/p1p1p3p/6p2/2P6/P3P1P1P/2N1CCN2/9/1RBAKABR1 b,-0.80221564,1765
1rbaka1r1/9/2n1b1nc1/p1p1p3p/6p2/2P6/Pc2P1P1P/2N1CCN2/9/1RBAKABR1 w,0.8047115,5898
1rbaka1r1/9/2n1b1nc1/p1p1p3p/6p2/2PN5/Pc2P1P1P/4CCN2/9/1RBAKABR1 b,-0.80641043,2311
1rbaka1r1/9/2n1b1n2/p1p1p3p/6p2/2PN5/Pc2P1PcP/4CCN2/9/1RBAKABR1 w,0.8079292,6143
1rbaka1r1/9/2n1bCn2/p1p1p3p/6p2/2PN5/Pc2P1PcP/4C1N2/9/1RBAKABR1 b,-0.8084572,1986
1rbakabr1/9/2n2Cn2/p1p1p3p/6p2/2PN5/Pc2P1PcP/4C1N2/9/1RBAKABR1 w,0.8186005,4351
1rbakabr1/9/2n2Cn2/p1p1N3p/6p2/2P6/Pc2P1PcP/4C1N2/9/1RBAKABR1 b,-0.8047867,1831
1rbakabr1/9/5Cn2/p1p1n3p/6p2/2P6/Pc2P1PcP/4C1N2/9/1RBAKABR1 w,0.8050499,6061
1rbakabr1/9/5Cn2/p1p1C3p/6p2/2P6/Pc2P1PcP/6N2/9/1RBAKABR1 b,-0.7909604,109
2bakabr1/9/1r3Cn2/p1p1C3p/6p2/2P6/Pc2P1PcP/6N2/9/1RBAKABR1 w,0.8018251,2839
2bakabr1/9/1r3Cn2/p1p5p/6p2/2P1C4/Pc2P1PcP/6N2/9/1RBAKABR1 b,-0.7983648,1733
2bakabr1/9/5rn2/p1p5p/6p2/2P1C4/Pc2P1PcP/6N2/9/1RBAKABR1 w,0.80961525,7435
2bakabr1/9/5rn2/p1p5p/6p2/2P1C4/PR2P1PcP/6N2/9/2BAKABR1 b,-0.80789757,2129
2bakabr1/9/6n2/p1p5p/6p2/2P1C4/PR2PrPcP/6N2/9/2BAKABR1 w,0.81497216,4987
2bakabr1/9/6n2/p1p5p/1R4p2/2P1C4/P3PrPcP/6N2/9/2BAKABR1 b,-0.80460817,2201
2bakabr1/9/9/p1p5p/1R3np2/2P1C4/P3PrPcP/6N2/9/2BAKABR1 w,0.82296866,7816
2bakabr1/9/9/p1p5p/1R3np2/2P1C4/P3PrPcP/6N2/4A4/2BAK1BR1 b,-0.8097114,3748
2bakabr1/9/9/p1p5p/1R4p2/2P1C4/P3nrPcP/6N2/4A4/2BAK1BR1 w,0.823525,7897
2bakabr1/9/9/p1p5p/1R4p2/2P1C4/P3nrPcP/4B1N2/4A4/2BAK2R1 b,-0.81010693,5370
2bakabr1/9/9/p1p5p/1R4p2/2P1C4/P3n1rcP/4B1N2/4A4/2BAK2R1 w,0.8144955,6290
2bakabr1/9/9/p1p5p/1R4p2/2P1C4/P3n1rcP/4B4/4A3N/2BAK2R1 b,-0.7955641,5569
2bakabr1/9/9/p1p5p/1R4p2/2P1C4/P3n1r1P/4B4/4A2cN/2BAK2R1 w,0.7973046,3370
2bakabr1/9/9/p1p5p/4R1p2/2P1C4/P3n1r1P/4B4/4A2cN/2BAK2R1 b,-0.8180223,202
3akabr1/9/4b4/p1p5p/4R1p2/2P1C4/P3n1r1P/4B4/4A2cN/2BAK2R1 w,0.88950413,3622
3akabr1/9/4R4/p1p5p/6p2/2P1C4/P3n1r1P/4B4/4A2cN/2BAK2R1 b,-0.8839567,283
4kabr1/4a4/4R4/p1p5p/6p2/2P1C4/P3n1r1P/4B4/4A2cN/2BAK2R1 w,0.91208595,2005
4kabr1/4a4/7R1/p1p5p/6p2/2P1C4/P3n1r1P/4B4/4A2cN/2BAK2R1 b,-0.90862036,1191
4kabr1/9/3a3R1/p1p5p/6p2/2P1C4/P3n1r1P/4B4/4A2cN/2BAK2R1 w,0.92718226,2257
4kabR1/9/3a5/p1p5p/6p2/2P1C4/P3n1r1P/4B4/4A2cN/2BAK2R1 b,-0.92269826,5289
4kabR1/9/3a5/p1p5p/6p2/2P1C4/P5r1P/4B1n2/4A2cN/2BAK2R1 w,0.9539053,7999
4kabR1/9/3a5/p1p5p/6p2/2P1C4/P5r1P/4B1n2/4A2RN/2BAK4 b,-0.9486285,6290
4kabR1/9/3a5/p1p5p/6p2/2P1C4/P5r1P/4B4/4A2Rn/2BAK4 w,0.9466103,636
4kaR2/9/3a5/p1p5p/6p2/2P1C4/P5r1P/4B4/4A2Rn/2BAK4 b,-0.94023323,7261
4kaR2/9/3a5/p1p5p/6p2/2P1C4/P5rnP/4B4/4A2R1/2BAK4 w,0.94861674,7187
4kaR2/9/3a5/p1p5p/6p2/2P1C4/P5rnP/4B4/4AR3/2BAK4 b,-0.93387884,5451
4kaR2/9/3a5/p1p5p/6p2/2P1C1r2/P6nP/4B4/4AR3/2BAK4 w,0.9490962,545
4kR3/9/3a5/p1p5p/6p2/2P1C1r2/P6nP/4B4/4AR3/2BAK4 b,-0.9547545,373
5R3/4k4/3a5/p1p5p/6p2/2P1C1r2/P6nP/4B4/4AR3/2BAK4 w,0.99454165,6944
5R3/4kR3/3a5/p1p5p/6p2/2P1C1r2/P6nP/4B4/4A4/2BAK4 b,-0.99492955,1192
5R3/5R3/3ak4/p1p5p/6p2/2P1C1r2/P6nP/4B4/4A4/2BAK4 w,0.99535817,454
4R4/5R3/3ak4/p1p5p/6p2/2P1C1r2/P6nP/4B4/4A4/2BAK4 b,-0.99545664,1903
4R4/4aR3/4k4/p1p5p/6p2/2P1C1r2/P6nP/4B4/4A4/2BAK4 w,0.9970952,1273
4R4/4R4/4k4/p1p5p/6p2/2P1C1r2/P6nP/4B4/4A4/2BAK4 b,-0.99696785,2003
4R4/4R4/5k3/p1p5p/6p2/2P1C1r2/P6nP/4B4/4A4/2BAK4 w,1,365
rnbakabnr/9/1c5c1/p1p1p1p1p/9/9/P1P1P1P1P/1C5C1/9/RNBAKABNR w,0.0017614365,5827
rnbakabnr/9/1c5c1/p1p1p1p1p/9/9/P1P1P1P1P/4C2C1/9/RNBAKABNR b,-0.0017835737,110
r1bakabnr/9/1cn4c1/p1p1p1p1p/9/9/P1P1P1P1P/4C2C1/9/RNBAKABNR w,0.0018254519,7445
r1bakabnr/9/1cn4c1/p1p1p1p1p/9/9/P1P1P1P1P/2N1C2C1/9/R1BAKABNR b,-0.0018223763,562
r1baka1nr/9/1cn1b2c1/p1p1p1p1p/9/9/P1P1P1P1P/2N1C2C1/9/R1BAKABNR w,0.0019635202,7372
r1baka1nr/9/1cn1b2c1/p1p1p1p1p/9/9/P1P1P1P1P/2N1C2C1/9/1RBAKABNR b,-0.0017706394,1
1rbaka1nr/9/1cn1b2c1/p1p1p1p1p/9/9/P1P1P1P1P/2N1C2C1/9/1RBAKABNR w,0.0016865969,6368
1rbaka1nr/9/1cn1b2c1/p1p1p1p1p/9/9/P1P1P1P1P/2N1CC3/9/1RBAKABNR b,-0.0012760878,654
1rbaka2r/9/1cn1b1nc1/p1p1p1p1p/9/9/P1P1P1P1P/2N1CC3/9/1RBAKABNR w,0.0015865564,7989
1rbaka2r/9/1cn1b1nc1/p1p1p1p1p/9/9/P1P1P1P1P/2N1CCN2/9/1RBAKAB1R b,-0.0013685942,3012
1rbaka2r/9/1cn1b1nc1/p1p1p3p/6p2/9/P1P1P1P1P/2N1CCN2/9/1RBAKAB1R w,0.0019008399,8098
1rbaka2r/9/1cn1b1nc1/p1p1p3p/6p2/9/P1P1P1P1P/2N1CCN2/9/1RBAKABR1 b,-0.0020121098,727
1rbaka1r1/9/1cn1b1nc1/p1p1p3p/6p2/9/P1P1P1P1P/2N1CCN2/9/1RBAKABR1 w,0.0025606155,5087
1rbaka1r1/9/1cn1b1nc1/p1p1p3p/6p2/2P6/P3P1P1P/2N1CCN2/9/1RBAKABR1 b,-0.002226162,1765
1rbaka1r1/9/2n1b1nc1/p1p1p3p/6p2/2P6/Pc2P1P1P/2N1CCN2/9/1RBAKABR1 w,0.0047726394,5898
1rbaka1r1/9/2n1b1nc1/p1p1p3p/6p2/2PN5/Pc2P1P1P/4CCN2/9/1RBAKABR1 b,-0.0063934685,2311
1rbaka1r1/9/2n1b1n2/p1p1p3p/6p2/2PN5/Pc2P1PcP/4CCN2/9/1RBAKABR1 w,0.007826424,6143
1rbaka1r1/9/2n1bCn2/p1p1p3p/6p2/2PN5/Pc2P1PcP/4C1N2/9/1RBAKABR1 b,-0.008902455,1986
1rbakabr1/9/2n2Cn2/p1p1p3p/6p2/2PN5/Pc2P1PcP/4C1N2/9/1RBAKABR1 w,0.01805811,4351
1rbakabr1/9/2n2Cn2/p1p1N3p/6p2/2P6/Pc2P1PcP/4C1N2/9/1RBAKABR1 b,-0.0047813295,1831
1rbakabr1/9/5Cn2/p1p1n3p/6p2/2P6/Pc2P1PcP/4C1N2/9/1RBAKABR1 w,0.005030632,6061
1rbakabr1/9/5Cn2/p1p1C3p/6p2/2P6/Pc2P1PcP/6N2/9/1RBAKABR1 b,0.010265732,109
2bakabr1/9/1r3Cn2/p1p1C3p/6p2/2P6/Pc2P1PcP/6N2/9/1RBAKABR1 w,0.0022862197,2839
2bakabr1/9/1r3Cn2/p1p5p/6p2/2P1C4/Pc2P1PcP/6N2/9/1RBAKABR1 b,0.0014690638,1733
2bakabr1/9/5rn2/p1p5p/6p2/2P1C4/Pc2P1PcP/6N2/9/1RBAKABR1 w,0.009760476,7435
2bakabr1/9/5rn2/p1p5p/6p2/2P1C4/PR2P1PcP/6N2/9/2BAKABR1 b,-0.0074192765,2129
2bakabr1/9/6n2/p1p5p/6p2/2P1C4/PR2PrPcP/6N2/9/2BAKABR1 w,0.014572764,4987
2bakabr1/9/6n2/p1p5p/1R4p2/2P1C4/P3PrPcP/6N2/9/2BAKABR1 b,-0.004733992,2201
2bakabr1/9/9/p1p5p/1R3np2/2P1C4/P3PrPcP/6N2/9/2BAKABR1 w,0.019230485,7636
2bakabr1/9/9/p1p5p/1R3np2/2P1C4/P3PrPcP/6N2/4A4/2B1KABR1 b,-0.0038671256,3748
2bakabr1/9/9/p1p5p/1R4p2/2P1C4/P3nrPcP/6N2/4A4/2B1KABR1 w,0.019259382,7897
2bakabr1/9/9/p1p5p/1R4p2/2P1C4/P3nrPcP/4B1N2/4A4/2B1KA1R1 b,-0.005130339,5267
2bakabr1/9/9/p1p5p/1R4p2/2n1C4/P4rPcP/4B1N2/4A4/2B1KA1R1 w,0.019471074,6077
2bakabr1/9/9/p1p5p/1R4p2/2B1C4/P4rPcP/6N2/4A4/2B1KA1R1 b,-0.010322285,5370
2bakabr1/9/9/p1p5p/1R4p2/2B1C4/P5rcP/6N2/4A4/2B1KA1R1 w,0.018531967,6290
2bakabr1/9/9/p1p5p/1R4p2/2B1C4/P5rcP/9/4A3N/2B1KA1R1 b,-0.0070447563,5569
2bakabr1/9/9/p1p5p/1R4p2/2B1C4/P5r1P/9/4A2cN/2B1KA1R1 w,0.017566992,4297
2bakabr1/9/9/p1p5p/1R4p2/4C4/P5r1P/4B4/4A2cN/2B1KA1R1 b,-0.00093140604,682
2bakab2/9/9/p1p5p/1R4p2/4C2r1/P5r1P/4B4/4A2cN/2B1KA1R1 w,0.018694807,3370
2bakab2/9/9/p1p5p/4R1p2/4C2r1/P5r1P/4B4/4A2cN/2B1KA1R1 b,-0.0051122904,202
3akab2/9/4b4/p1p5p/4R1p2/4C2r1/P5r1P/4B4/4A2cN/2B1KA1R1 w,0.017755557,3622
3akab2/9/4R4/p1p5p/6p2/4C2r1/P5r1P/4B4/4A2cN/2B1KA1R1 b,-0.020823216,463
3ak1b2/4a4/4R4/p1p5p/6p2/4C2r1/P5r1P/4B4/4A2cN/2B1KA1R1 w,0.027949547,2011
3ak1b2/4a4/9/p1p1R3p/6p2/4C2r1/P5r1P/4B4/4A2cN/2B1KA1R1 b,-0.014620316,5458
3ak1b2/4a4/9/p1p1R3p/6p2/4C2r1/P3r3P/4B4/4A2cN/2B1KA1R1 w,0.029572869,4456
3ak1b2/4a4/9/p1p1R3p/6p2/1C5r1/P3r3P/4B4/4A2cN/2B1KA1R1 b,-0.010266912,5275
3ak1b2/4a4/9/p1p1R3p/6p2/1C5r1/Pr6P/4B4/4A2cN/2B1KA1R1 w,0.016030764,4189
3ak1b2/4a4/9/p1p1R3p/6p2/4C2r1/Pr6P/4B4/4A2cN/2B1KA1R1 b,0,5008
rnbakabnr/9/1c5c1/p1p1p1p1p/9/9/P1P1P1P1P/1C5C1/9/RNBAKABNR w,0.80182725,5827
rnbakabnr/9/1c5c1/p1p1p1p1p/9/9/P1P1P1P1P/4C2C1/9/RNBAKABNR b,-0.8017806,110
r1bakabnr/9/1cn4c1/p1p1p1p1p/9/9/P1P1P1P1P/4C2C1/9/RNBAKABNR w,0.80182016,7445
r1bakabnr/9/1cn4c1/p1p1p1p1p/9/9/P1P1P1P1P/2N1C2C1/9/R1BAKABNR b,-0.801812,562
r1baka1nr/9/1cn1b2c1/p1p1p1p1p/9/9/P1P1P1P1P/2N1C2C1/9/R1BAKABNR w,0.801942,7372
r1baka1nr/9/1cn1b2c1/p1p1p1p1p/9/9/P1P1P1P1P/2N1C2C1/9/1RBAKABNR b,-0.8017659,1
1rbaka1nr/9/1cn1b2c1/p1p1p1p1p/9/9/P1P1P1P1P/2N1C2C1/9/1RBAKABNR w,0.8017013,6368
1rbaka1nr/9/1cn1b2c1/p1p1p1p1p/9/9/P1P1P1P1P/2N1CC3/9/1RBAKABNR b,-0.8012789,654
1rbaka2r/9/1cn1b1nc1/p1p1p1p1p/9/9/P1P1P1P1P/2N1CC3/9/1RBAKABNR w,0.80160576,7989
1rbaka2r/9/1cn1b1nc1/p1p1p1p1p/9/9/P1P1P1P1P/2N1CCN2/9/1RBAKAB1R b,-0.8013484,3012
1rbaka2r/9/1cn1b1nc1/p1p1p3p/6p2/9/P1P1P1P1P/2N1CCN2/9/1RBAKAB1R w,0.8018736,8098
1rbaka2r/9/1cn1b1nc1/p1p1p3p/6p2/9/P1P1P1P1P/2N1CCN2/9/1RBAKABR1 b,-0.80202866,727
1rbaka1r1/9/1cn1b1nc1/p1p1p3p/6p2/9/P1P1P1P1P/2N1CCN2/9/1RBAKABR1 w,0.80258954,5087
1rbaka1r1/9/1cn1b1nc1/p1p1p3p/6p2/2P6/P3P1P1P/2N1CCN2/9/1RBAKABR1 b,-0.8021536,1765
1rbaka1r1/9/2n1b1nc1/p1p1p3p/6p2/2P6/Pc2P1P1P/2N1CCN2/9/1RBAKABR1 w,0.80470604,5898
1rbaka1r1/9/2n1b1nc1/p1p1p3p/6p2/2PN5/Pc2P1P1P/4CCN2/9/1RBAKABR1 b,-0.8063935,2311
1rbaka1r1/9/2n1b1n2/p1p1p3p/6p2/2PN5/Pc2P1PcP/4CCN2/9/1RBAKABR1 w,0.8078968,6143
1rbaka1r1/9/2n1bCn2/p1p1p3p/6p2/2PN5/Pc2P1PcP/4C1N2/9/1RBAKABR1 b,-0.809039,1986
1rbakabr1/9/2n2Cn2/p1p1p3p/6p2/2PN5/Pc2P1PcP/4C1N2/9/1RBAKABR1 w,0.81805813,4351
1rbakabr1/9/2n2Cn2/p1p1N3p/6p2/2P6/Pc2P1PcP/4C1N2/9/1RBAKABR1 b,-0.8048105,1831
1rbakabr1/9/5Cn2/p1p1n3p/6p2/2P6/Pc2P1PcP/4C1N2/9/1RBAKABR1 w,0.8050623,6061
1rbakabr1/9/5Cn2/p1p1C3p/6p2/2P6/Pc2P1PcP/6N2/9/1RBAKABR1 b,-0.7907896,109
2bakabr1/9/1r3Cn2/p1p1C3p/6p2/2P6/Pc2P1PcP/6N2/9/1RBAKABR1 w,0.8022473,2839
2bakabr1/9/1r3Cn2/p1p5p/6p2/2P1C4/Pc2P1PcP/6N2/9/1RBAKABR1 b,-0.79826975,1733
2bakabr1/9/5rn2/p1p5p/6p2/2P1C4/Pc2P1PcP/6N2/9/1RBAKABR1 w,0.80963963,7435
2bakabr1/9/5rn2/p1p5p/6p2/2P1C4/PR2P1PcP/6N2/9/2BAKABR1 b,-0.80836916,2138
2bakabr1/9/6n2/p1p5p/6p2/2P1C4/PR2P1PcP/5rN2/9/2BAKABR1 w,0.8160048,6290
2bakabr1/9/6n2/p1p5p/6p2/2P1C4/PR2P1PcP/5r3/8N/2BAKABR1 b,-0.8047491,5569
2bakabr1/9/6n2/p1p5p/6p2/2P1C4/PR2P1P1P/5r3/7cN/2BAKABR1 w,0.81488,7897
2bakabr1/9/6n2/p1p5p/6p2/2P1C4/PR2P1P1P/4Br3/7cN/2BAKA1R1 b,-0.8121408,6179
2bakabr1/9/6n2/p1p5p/6p2/2P1C4/PR2PrP1P/4B4/7cN/2BAKA1R1 w,0.8152707,7816
2bakabr1/9/6n2/p1p5p/6p2/2P1C4/PR2PrP1P/4B4/4A2cN/2BAK2R1 b,-0.8060262,5370
2bakabr1/9/6n2/p1p5p/6p2/2P1C4/PR2P1r1P/4B4/4A2cN/2BAK2R1 w,0.8125774,5007
2bakabr1/9/6n2/p1p5p/6p2/2P1C4/P2RP1r1P/4B4/4A2cN/2BAK2R1 b,-0.79975843,5462
2bakabr1/9/6n2/p1p5p/6p2/2P1C4/P2RP3r/4B4/4A2cN/2BAK2R1 w,0.8102215,8007
2bakabr1/9/6n2/p1p5p/6p2/2P1C4/P2RP3r/4B4/4A2cN/2BAK1R2 b,-0.80679935,5660
2bakabr1/9/6n2/p1p5p/6p2/2P1C4/P2RP4/4B4/4A2cr/2BAK1R2 w,0.82332045,7872
2bakabr1/9/6n2/p1p5p/6R2/2P1C4/P2RP4/4B4/4A2cr/2BAK4 b,-0.8169444,7289
2bakabr1/9/6n2/p1p5p/6R2/2P1C4/P2RP4/4B4/4A2c1/2BAK3r w,0.8213225,6117
2bakabr1/9/6n2/p1p5p/6R2/2P1C4/P2RP4/9/4A2c1/2BAK1B1r b,-0.8193308,7198
2bakabr1/9/6n2/p1p5p/6R2/2P1C4/P2RP4/9/4A4/2BAK1Bcr w,0.82516795,6926
2bakabr1/9/6n2/p1p5p/6R2/2P1C4/P2RP4/9/9/2BAKABcr b,-0.8158778,8006
2bakabr1/9/6n2/p1p5p/6R2/2P1C4/P2RP4/9/9/2BAKcB1r w,0.82468206,7736
2bakabr1/9/6n2/p1p5p/6R2/2P1C4/P2RP4/9/9/2BA1KB1r b,-0.8171943,718
2bakab2/9/6n2/p1p5p/6R2/2P1C4/P2RP4/9/9/2BA1KBrr w,0.83703905,7537
2bakab2/9/6n2/p1p5p/6R2/2P1C4/P2RP4/4B4/9/3A1KBrr b,-0.8254034,2203
2bakab2/9/9/p1p5p/6Rn1/2P1C4/P2RP4/4B4/9/3A1KBrr w,0.845592,7636
2bakab2/9/9/p1p5p/6Rn1/2P1C4/P2RP4/4B4/4A4/5KBrr b,-0.8440641,8090
2bakab2/9/9/p1p5p/6Rn1/2P1C4/P2RP4/4B4/4A3r/5KBr1 w,0.85178536,7825
2bakab2/9/9/p1p5p/6Rn1/2P1C4/P2RP4/4B4/4A3r/4K1Br1 b,-0.84844625,7277
2bakab2/9/9/p1p5p/6Rn1/2P1C4/P2RP4/4B4/4Ar3/4K1Br1 w,0.8710181,7734
2bakab2/9/9/p1p5p/6Rn1/2P1C4/P2RP4/4B4/4Ar3/3K2Br1 b,-0.8640393,3932
2bakab2/9/9/p1p5p/6R2/2P1C4/P2RP3n/4B4/4Ar3/3K2Br1 w,0.9013849,5133
2bRkab2/9/9/p1p5p/6R2/2P1C4/P3P3n/4B4/4Ar3/3K2Br1 b,-0.89934176,373
2bR1ab2/4k4/9/p1p5p/6R2/2P1C4/P3P3n/4B4/4Ar3/3K2Br1 w,0.90420264,272
2R2ab2/4k4/9/p1p5p/6R2/2P1C4/P3P3n/4B4/4Ar3/3K2Br1 b,-0.8919935,7006
2R2ab2/4k4/9/p1p5p/6R2/2P1C4/P3P3n/4B4/4r4/3K2Br1 w,0.97609806,3795
2R2ab2/4k1R2/9/p1p5p/9/2P1C4/P3P3n/4B4/4r4/3K2Br1 b,-0.9863972,1192
2R2ab2/6R2/4k4/p1p5p/9/2P1C4/P3P3n/4B4/4r4/3K2Br1 w,1,200
rnbakabnr/9/1c5c1/p1p1p1p1p/9/9/P1P1P1P1P/1C5C1/9/RNBAKABNR w,0.80182517,5827
rnbakabnr/9/1c5c1/p1p1p1p1p/9/9/P1P1P1P1P/4C2C1/9/RNBAKABNR b,-0.80178356,110
r1bakabnr/9/1cn4c1/p1p1p1p1p/9/9/P1P1P1P1P/4C2C1/9/RNBAKABNR w,0.801817,7445
r1bakabnr/9/1cn4c1/p1p1p1p1p/9/9/P1P1P1P1P/2N1C2C1/9/R1BAKABNR b,-0.80180895,562
r1baka1nr/9/1cn1b2c1/p1p1p1p1p/9/9/P1P1P1P1P/2N1C2C1/9/R1BAKABNR w,0.8019466,7372
r1baka1nr/9/1cn1b2c1/p1p1p1p1p/9/9/P1P1P1P1P/2N1C2C1/9/1RBAKABNR b,-0.8017674,1
1rbaka1nr/9/1cn1b2c1/p1p1p1p1p/9/9/P1P1P1P1P/2N1C2C1/9/1RBAKABNR w,0.8016996,6368
1rbaka1nr/9/1cn1b2c1/p1p1p1p1p/9/9/P1P1P1P1P/2N1CC3/9/1RBAKABNR b,-0.80128574,654
1rbaka2r/9/1cn1b1nc1/p1p1p1p1p/9/9/P1P1P1P1P/2N1CC3/9/1RBAKABNR w,0.80158037,7989
1rbaka2r/9/1cn1b1nc1/p1p1p1p1p/9/9/P1P1P1P1P/2N1CCN2/9/1RBAKAB1R b,-0.8013876,3012
1rbaka2r/9/1cn1b1nc1/p1p1p3p/6p2/9/P1P1P1P1P/2N1CCN2/9/1RBAKAB1R w,0.8018736,8098
1rbaka2r/9/1cn1b1nc1/p1p1p3p/6p2/9/P1P1P1P1P/2N1CCN2/9/1RBAKABR1 b,-0.8020107,727
1rbaka1r1/9/1cn1b1nc1/p1p1p3p/6p2/9/P1P1P1P1P/2N1CCN2/9/1RBAKABR1 w,0.80251306,5087
1rbaka1r1/9/1cn1b1nc1/p1p1p3p/6p2/2P6/P3P1P1P/2N1CCN2/9/1RBAKABR1 b,-0.8022262,1765
1rbaka1r1/9/2n1b1nc1/p1p1p3p/6p2/2P6/Pc2P1P1P/2N1CCN2/9/1RBAKABR1 w,0.8049925,5898
1rbaka1r1/9/2n1b1nc1/p1p1p3p/6p2/2PN5/Pc2P1P1P/4CCN2/9/1RBAKABR1 b,-0.80650157,2311
1rbaka1r1/9/2n1b1n2/p1p1p3p/6p2/2PN5/Pc2P1PcP/4CCN2/9/1RBAKABR1 w,0.8079075,6143
1rbaka1r1/9/2n1bCn2/p1p1p3p/6p2/2PN5/Pc2P1PcP/4C1N2/9/1RBAKABR1 b,-0.80805,1986
1rbakabr1/9/2n2Cn2/p1p1p3p/6p2/2PN5/Pc2P1PcP/4C1N2/9/1RBAKABR1 w,0.8178919,4351
1rbakabr1/9/2n2Cn2/p1p1N3p/6p2/2P6/Pc2P1PcP/4C1N2/9/1RBAKABR1 b,-0.804766,1831
1rbakabr1/9/5Cn2/p1p1n3p/6p2/2P6/Pc2P1PcP/4C1N2/9/1RBAKABR1 w,0.80506545,6061
1rbakabr1/9/5Cn2/p1p1C3p/6p2/2P6/Pc2P1PcP/6N2/9/1RBAKABR1 b,-0.79061675,109
2bakabr1/9/1r3Cn2/p1p1C3p/6p2/2P6/Pc2P1PcP/6N2/9/1RBAKABR1 w,0.8022862,2839
2bakabr1/9/1r3Cn2/p1p5p/6p2/2P1C4/Pc2P1PcP/6N2/9/1RBAKABR1 b,-0.7988056,1733
2bakabr1/9/5rn2/p1p5p/6p2/2P1C4/Pc2P1PcP/6N2/9/1RBAKABR1 w,0.8096291,7435
2bakabr1/9/5rn2/p1p5p/6p2/2P1C4/PR2P1PcP/6N2/9/2BAKABR1 b,-0.80746,2129
2bakabr1/9/6n2/p1p5p/6p2/2P1C4/PR2PrPcP/6N2/9/2BAKABR1 w,0.8149259,4987
2bakabr1/9/6n2/p1p5p/1R4p2/2P1C4/P3PrPcP/6N2/9/2BAKABR1 b,-0.8043585,2201
2bakabr1/9/9/p1p5p/1R3np2/2P1C4/P3PrPcP/6N2/9/2BAKABR1 w,0.8223454,7897
2bakabr1/9/9/p1p5p/1R3np2/2P1C4/P3PrPcP/4B1N2/9/2BAKA1R1 b,-0.8098767,3748
2bakabr1/9/9/p1p5p/1R4p2/2P1C4/P3nrPcP/4B1N2/9/2BAKA1R1 w,0.82605386,7816
2bakabr1/9/9/p1p5p/1R4p2/2P1C4/P3nrPcP/4B1N2/4A4/2BAK2R1 b,-0.81020516,5370
2bakabr1/9/9/p1p5p/1R4p2/2P1C4/P3n1rcP/4B1N2/4A4/2BAK2R1 w,0.81229454,3370
2bakabr1/9/9/p1p5p/4R1p2/2P1C4/P3n1rcP/4B1N2/4A4/2BAK2R1 b,-0.8090504,562
2baka1r1/9/4b4/p1p5p/4R1p2/2P1C4/P3n1rcP/4B1N2/4A4/2BAK2R1 w,0.8145463,6268
2baka1r1/9/4b4/p1p5p/4R1p2/2P1C4/P3N1rcP/4B4/4A4/2BAK2R1 b,-0.805695,5458
2baka1r1/9/4b4/p1p5p/4R1p2/2P1C4/P3r2cP/4B4/4A4/2BAK2R1 w,0.8182746,3622
2baka1r1/9/4R4/p1p5p/6p2/2P1C4/P3r2cP/4B4/4A4/2BAK2R1 b,-0.82992184,463
2bak2r1/4a4/4R4/p1p5p/6p2/2P1C4/P3r2cP/4B4/4A4/2BAK2R1 w,0.91982144,2005
2bak2r1/4a4/7R1/p1p5p/6p2/2P1C4/P3r2cP/4B4/4A4/2BAK2R1 b,-0.91654885,1175
2baka1r1/9/7R1/p1p5p/6p2/2P1C4/P3r2cP/4B4/4A4/2BAK2R1 w,0.9159849,2257
2baka1R1/9/9/p1p5p/6p2/2P1C4/P3r2cP/4B4/4A4/2BAK2R1 b,-0.9088432,5544
2baka1R1/9/9/p1p5p/6p2/2P1C4/c3r3P/4B4/4A4/2BAK2R1 w,0.9332963,7972
2baka1R1/9/9/p1p5p/6p2/2P1C2R1/c3r3P/4B4/4A4/2BAK4 b,-0.92325145,3831
2baka1R1/9/9/p1p5p/9/2P1C1pR1/c3r3P/4B4/4A4/2BAK4 w,0.9364913,4731
2baka1R1/9/9/p1p5p/9/2P1C1R2/c3r3P/4B4/4A4/2BAK4 b,-0.933174,2648
2baka1R1/9/9/p7p/2p6/2P1C1R2/c3r3P/4B4/4A4/2BAK4 w,0.93849206,4268
2baka1R1/9/9/p7p/2P6/4C1R2/c3r3P/4B4/4A4/2BAK4 b,-0.9127297,4905
2baka1R1/9/9/p7p/2P6/c3C1R2/4r3P/4B4/4A4/2BAK4 w,0.9442353,4596
2bakaRR1/9/9/p7p/2P6/c3C4/4r3P/4B4/4A4/2BAK4 b,-0.93965304,5269
2bakaRR1/9/9/p7p/2P6/c3r4/8P/4B4/4A4/2BAK4 w,0.9532208,545
2bakR1R1/9/9/p7p/2P6/c3r4/8P/4B4/4A4/2BAK4 b,-0.95307183,373
2ba1R1R1/4k4/9/p7p/2P6/c3r4/8P/4B4/4A4/2BAK4 w,0.95597994,646
2ba1R3/4k2R1/9/p7p/2P6/c3r4/8P/4B4/4A4/2BAK4 b,-0.9564278,1192
2ba1R3/7R1/4k4/p7p/2P6/c3r4/8P/4B4/4A4/2BAK4 w,0.95997036,453
2bR5/7R1/4k4/p7p/2P6/c3r4/8P/4B4/4A4/2BAK4 b,-0.9438838,4097
2bR5/7R1/4k4/p7p/2P6/2c1r4/8P/4B4/4A4/2BAK4 w,0.97913635,282
2b6/3R3R1/4k4/p7p/2P6/2c1r4/8P/4B4/4A4/2BAK4 b,-0.9752097,4460
2b6/3R3R1/4k4/p7p/2P6/2c2r3/8P/4B4/4A4/2BAK4 w,0.9869667,1093
2b6/4R2R1/4k4/p7p/2P6/2c2r3/8P/4B4/4A4/2BAK4 b,-0.9838915,2001
2b6/4R2R1/3k5/p7p/2P6/2c2r3/8P/4B4/4A4/2BAK4 w,0.9891412,1465
2b6/4R4/3k3R1/p7p/2P6/2c2r3/8P/4B4/4A4/2BAK4 b,-0.9933577,202
9/4R4/3kb2R1/p7p/2P6/2c2r3/8P/4B4/4A4/2BAK4 w,1,2272
rnbakabnr/9/1c5c1/p1p1p1p1p/9/9/P1P1P1P1P/1C5C1/9/RNBAKABNR w,-0.7981924,5827
rnbakabnr/9/1c5c1/p1p1p1p1p/9/9/P1P1P1P1P/4C2C1/9/RNBAKABNR b,0.79823184,110
r1bakabnr/9/1cn4c1/p1p1p1p1p/9/9/P1P1P1P1P/4C2C1/9/RNBAKABNR w,-0.79817563,7445
r1bakabnr/9/1cn4c1/p1p1p1p1p/9/9/P1P1P1P1P/2N1C2C1/9/R1BAKABNR b,0.7981911,562
r1baka1nr/9/1cn1b2c1/p1p1p1p1p/9/9/P1P1P1P1P/2N1C2C1/9/R1BAKABNR w,-0.7980648,7372
r1baka1nr/9/1cn1b2c1/p1p1p1p1p/9/9/P1P1P1P1P/2N1C2C1/9/1RBAKABNR b,0.7982337,1
1rbaka1nr/9/1cn1b2c1/p1p1p1p1p/9/9/P1P1P1P1P/2N1C2C1/9/1RBAKABNR w,-0.79828745,6368
1rbaka1nr/9/1cn1b2c1/p1p1p1p1p/9/9/P1P1P1P1P/2N1CC3/9/1RBAKABNR b,0.79872113,654
1rbaka2r/9/1cn1b1nc1/p1p1p1p1p/9/9/P1P1P1P1P/2N1CC3/9/1RBAKABNR w,-0.7983996,7989
1rbaka2r/9/1cn1b1nc1/p1p1p1p1p/9/9/P1P1P1P1P/2N1CCN2/9/1RBAKAB1R b,0.79863524,3012
1rbaka2r/9/1cn1b1nc1/p1p1p3p/6p2/9/P1P1P1P1P/2N1CCN2/9/1RBAKAB1R w,-0.7981277,8098
1rbaka2r/9/1cn1b1nc1/p1p1p3p/6p2/9/P1P1P1P1P/2N1CCN2/9/1RBAKABR1 b,0.79798275,727
1rbaka1r1/9/1cn1b1nc1/p1p1p3p/6p2/9/P1P1P1P1P/2N1CCN2/9/1RBAKABR1 w,-0.7974455,5087
1rbaka1r1/9/1cn1b1nc1/p1p1p3p/6p2/2P6/P3P1P1P/2N1CCN2/9/1RBAKABR1 b,0.7978701,1765
1rbaka1r1/9/2n1b1nc1/p1p1p3p/6p2/2P6/Pc2P1P1P/2N1CCN2/9/1RBAKABR1 w,-0.79479766,5898
1rbaka1r1/9/2n1b1nc1/p1p1p3p/6p2/2PN5/Pc2P1P1P/4CCN2/9/1RBAKABR1 b,0.7935914,2311
1rbaka1r1/9/2n1b1n2/p1p1p3p/6p2/2PN5/Pc2P1PcP/4CCN2/9/1RBAKABR1 w,-0.79217356,6143
1rbaka1r1/9/2n1bCn2/p1p1p3p/6p2/2PN5/Pc2P1PcP/4C1N2/9/1RBAKABR1 b,0.7910976,1986
1rbakabr1/9/2n2Cn2/p1p1p3p/6p2/2PN5/Pc2P1PcP/4C1N2/9/1RBAKABR1 w,-0.7818543,4351
1rbakabr1/9/2n2Cn2/p1p1N3p/6p2/2P6/Pc2P1PcP/4C1N2/9/1RBAKABR1 b,0.795234,1831
1rbakabr1/9/5Cn2/p1p1n3p/6p2/2P6/Pc2P1PcP/4C1N2/9/1RBAKABR1 w,-0.7949672,6061
1rbakabr1/9/5Cn2/p1p1C3p/6p2/2P6/Pc2P1PcP/6N2/9/1RBAKABR1 b,0.8090356,109
2bakabr1/9/1r3Cn2/p1p1C3p/6p2/2P6/Pc2P1PcP/6N2/9/1RBAKABR1 w,-0.7977138,2839
2bakabr1/9/1r3Cn2/p1p5p/6p2/2P1C4/Pc2P1PcP/6N2/9/1RBAKABR1 b,0.80164355,1733
2bakabr1/9/5rn2/p1p5p/6p2/2P1C4/Pc2P1PcP/6N2/9/1RBAKABR1 w,-0.79035133,7435
2bakabr1/9/5rn2/p1p5p/6p2/2P1C4/PR2P1PcP/6N2/9/2BAKABR1 b,0.791605,2138
2bakabr1/9/6n2/p1p5p/6p2/2P1C4/PR2P1PcP/5rN2/9/2BAKABR1 w,-0.78409946,6290
2bakabr1/9/6n2/p1p5p/6p2/2P1C4/PR2P1PcP/5r3/8N/2BAKABR1 b,0.794465,5569
2bakabr1/9/6n2/p1p5p/6p2/2P1C4/PR2P1P1P/5r3/7cN/2BAKABR1 w,-0.7911666,7816
2bakabr1/9/6n2/p1p5p/6p2/2P1C4/PR2P1P1P/5r3/4A2cN/2BAK1BR1 b,0.80150414,6197
2bakabr1/9/6n2/p1p5p/6p2/2P1C4/PR2P1P1P/9/4Ar1cN/2BAK1BR1 w,-0.7980419,5007
2bakabr1/9/6n2/p1p5p/6p2/2P1C4/P2RP1P1P/9/4Ar1cN/2BAK1BR1 b,0.80769765,2201
2bakabr1/9/9/p1p5p/5np2/2P1C4/P2RP1P1P/9/4Ar1cN/2BAK1BR1 w,-0.80584556,4450
2bakabr1/9/9/p1p5p/4Cnp2/2P6/P2RP1P1P/9/4Ar1cN/2BAK1BR1 b,0.81010354,3750
2bakabr1/9/9/p1p5p/4C1p2/2P6/P2RP1n1P/9/4Ar1cN/2BAK1BR1 w,-0.8058707,5160
2bakabr1/9/9/p1pR4p/4C1p2/2P6/P3P1n1P/9/4Ar1cN/2BAK1BR1 b,0.82252425,6971
2bakabr1/9/9/p1pR4p/4Crp2/2P6/P3P1n1P/9/4A2cN/2BAK1BR1 w,-0.82089305,5269
2bakabr1/9/9/p1pR4p/4Crp2/2P1P4/P5n1P/9/4A2cN/2BAK1BR1 b,0.8507255,5477
2bakabr1/9/9/p1pR4p/4Crp2/2P1P4/P7P/9/4An1cN/2BAK1BR1 w,-0.8440931,2703
2bRkabr1/9/9/p1p5p/4Crp2/2P1P4/P7P/9/4An1cN/2BAK1BR1 b,0.97064376,363
2bk1abr1/9/9/p1p5p/4Crp2/2P1P4/P7P/9/4An1cN/2BAK1BR1 w,-0.9750549,7999
2bk1abr1/9/9/p1p5p/4Crp2/2P1P4/P7P/9/4An1RN/2BAK1B2 b,0.9777609,709
2bk1ab2/9/9/p1p5p/4Crp2/2P1P4/P7P/9/4An1rN/2BAK1B2 w,-0.97351116,7261
2bk1ab2/9/9/p1p5p/4Crp2/2P1P4/P6NP/9/4An1r1/2BAK1B2 b,0.98152125,7171
2bk1ab2/9/9/p1p5p/4Crp2/2P1P4/P6rP/9/4An3/2BAK1B2 w,-0.9804046,3631
2bk1ab2/9/9/p1p1C3p/5rp2/2P1P4/P6rP/9/4An3/2BAK1B2 b,0.9811893,3831
2bk1ab2/9/9/p1p1C3p/5r3/2P1P1p2/P6rP/9/4An3/2BAK1B2 w,-0.98003054,2817
2bk1ab2/9/9/C1p5p/5r3/2P1P1p2/P6rP/9/4An3/2BAK1B2 b,0.9847103,5578
2bk1ab2/9/9/C1p5p/5r3/2P1P1p2/P7P/9/4An3/2BAK1Br1 w,-0.97931135,2430
C1bk1ab2/9/9/2p5p/5r3/2P1P1p2/P7P/9/4An3/2BAK1Br1 b,0.9904085,282
C1b2ab2/3k5/9/2p5p/5r3/2P1P1p2/P7P/9/4An3/2BAK1Br1 w,-0.9924116,9
2b2ab2/C2k5/9/2p5p/5r3/2P1P1p2/P7P/9/4An3/2BAK1Br1 b,0.98661375,8007
2b2ab2/C2k5/9/2p5p/5r3/2P1P1p2/P7P/9/4An3/2BAK1r2 w,-0.9871967,6926
2b2ab2/C2k5/9/2p5p/5r3/2P1P1p2/P7P/9/5n3/2BAKAr2 b,0.99526185,7014
2b2ab2/C2k5/9/2p5p/5r3/2P1P1p2/P7P/9/9/2BnKAr2 w,-0.9975424,7726
2b2ab2/C2k5/9/2p5p/5r3/2P1P1p2/P7P/9/4K4/2Bn1Ar2 b,0.9996528,3776
2b2ab2/C2k5/9/2p5p/9/2P1P1p2/P7P/9/4K4/2Bn1rr2 w,-0.999933,810
C1b2ab2/3k5/9/2p5p/9/2P1P1p2/P7P/9/4K4/2Bn1rr2 b,1,7908
rnbakabnr/9/1c5c1/p1p1p1p1p/9/9/P1P1P1P1P/1C5C1/9/RNBAKABNR w,-0.7981823,5827
rnbakabnr/9/1c5c1/p1p1p1p1p/9/9/P1P1P1P1P/4C2C1/9/RNBAKABNR b,0.79821944,110
r1bakabnr/9/1cn4c1/p1p1p1p1p/9/9/P1P1P1P1P/4C2C1/9/RNBAKABNR w,-0.79817986,7445
r1bakabnr/9/1cn4c1/p1p1p1p1p/9/9/P1P1P1P1P/2N1C2C1/9/R1BAKABNR b,0.7981594,562
r1baka1nr/9/1cn1b2c1/p1p1p1p1p/9/9/P1P1P1P1P/2N1C2C1/9/R1BAKABNR w,-0.7980365,7372
r1baka1nr/9/1cn1b2c1/p1p1p1p1p/9/9/P1P1P1P1P/2N1C2C1/9/1RBAKABNR b,0.7982337,1
1rbaka1nr/9/1cn1b2c1/p1p1p1p1p/9/9/P1P1P1P1P/2N1C2C1/9/1RBAKABNR w,-0.7983133,6368
1rbaka1nr/9/1cn1b2c1/p1p1p1p1p/9/9/P1P1P1P1P/2N1CC3/9/1RBAKABNR b,0.7987219,654
1rbaka2r/9/1cn1b1nc1/p1p1p1p1p/9/9/P1P1P1P1P/2N1CC3/9/1RBAKABNR w,-0.79839426,7989
1rbaka2r/9/1cn1b1nc1/p1p1p1p1p/9/9/P1P1P1P1P/2N1CCN2/9/1RBAKAB1R b,0.7986161,3012
1rbaka2r/9/1cn1b1nc1/p1p1p3p/6p2/9/P1P1P1P1P/2N1CCN2/9/1RBAKAB1R w,-0.79809916,8098
1rbaka2r/9/1cn1b1nc1/p1p1p3p/6p2/9/P1P1P1P1P/2N1CCN2/9/1RBAKABR1 b,0.7980074,727
1rbaka1r1/9/1cn1b1nc1/p1p1p3p/6p2/9/P1P1P1P1P/2N1CCN2/9/1RBAKABR1 w,-0.7972427,5087
1rbaka1r1/9/1cn1b1nc1/p1p1p3p/6p2/2P6/P3P1P1P/2N1CCN2/9/1RBAKABR1 b,0.79784644,1765
1rbaka1r1/9/2n1b1nc1/p1p1p3p/6p2/2P6/Pc2P1P1P/2N1CCN2/9/1RBAKABR1 w,-0.795294,5898
1rbaka1r1/9/2n1b1nc1/p1p1p3p/6p2/2PN5/Pc2P1P1P/4CCN2/9/1RBAKABR1 b,0.79355025,2311
1rbaka1r1/9/2n1b1n2/p1p1p3p/6p2/2PN5/Pc2P1PcP/4CCN2/9/1RBAKABR1 w,-0.7921139,6143
1rbaka1r1/9/2n1bCn2/p1p1p3p/6p2/2PN5/Pc2P1PcP/4C1N2/9/1RBAKABR1 b,0.7915428,1986
1rbakabr1/9/2n2Cn2/p1p1p3p/6p2/2PN5/Pc2P1PcP/4C1N2/9/1RBAKABR1 w,-0.78244895,4351
1rbakabr1/9/2n2Cn2/p1p1N3p/6p2/2P6/Pc2P1PcP/4C1N2/9/1RBAKABR1 b,0.7952257,1831
1rbakabr1/9/5Cn2/p1p1n3p/6p2/2P6/Pc2P1PcP/4C1N2/9/1RBAKABR1 w,-0.7949307,6061
1rbakabr1/9/5Cn2/p1p1C3p/6p2/2P6/Pc2P1PcP/6N2/9/1RBAKABR1 b,0.8088896,109
2bakabr1/9/1r3Cn2/p1p1C3p/6p2/2P6/Pc2P1PcP/6N2/9/1RBAKABR1 w,-0.7977138,2839
2bakabr1/9/1r3Cn2/p1p5p/6p2/2P1C4/Pc2P1PcP/6N2/9/1RBAKABR1 b,0.8015691,1733
2bakabr1/9/5rn2/p1p5p/6p2/2P1C4/Pc2P1PcP/6N2/9/1RBAKABR1 w,-0.79020643,7435
2bakabr1/9/5rn2/p1p5p/6p2/2P1C4/PR2P1PcP/6N2/9/2BAKABR1 b,0.7940752,2201
2bakabr1/9/5r3/p1p5p/5np2/2P1C4/PR2P1PcP/6N2/9/2BAKABR1 w,-0.7861781,4987
2bakabr1/9/5r3/p1p5p/1R3np2/2P1C4/P3P1PcP/6N2/9/2BAKABR1 b,0.79155076,3750
2bakabr1/9/5r3/p1p5p/1R4p2/2P1C4/P3P1ncP/6N2/9/2BAKABR1 w,-0.77995616,3372
2bakabr1/9/5r3/p1p5p/6R2/2P1C4/P3P1ncP/6N2/9/2BAKABR1 b,0.79456234,5449
2bakabr1/9/5r3/p1p5p/6R2/2P1n4/P3P2cP/6N2/9/2BAKABR1 w,-0.7941606,5269
2bakabr1/9/5r3/p1p5p/6R2/2P1P4/P6cP/6N2/9/2BAKABR1 b,0.80025154,2129
2bakabr1/9/9/p1p5p/6R2/2P1P4/P4r1cP/6N2/9/2BAKABR1 w,-0.79744714,3813
2bakabr1/9/9/p1p3R1p/9/2P1P4/P4r1cP/6N2/9/2BAKABR1 b,0.8007509,5378
2bakabr1/9/9/p1p3R1p/9/2P1P4/P6cP/5rN2/9/2BAKABR1 w,-0.78739786,7999
2bakabr1/9/9/p1p3R1p/9/2P1P4/P6cP/5rN2/7R1/2BAKAB2 b,0.8026176,673
2bakab2/9/9/p1p3R1p/7r1/2P1P4/P6cP/5rN2/7R1/2BAKAB2 w,-0.77429634,2976
2bakaR2/9/9/p1p5p/7r1/2P1P4/P6cP/5rN2/7R1/2BAKAB2 b,0.78556514,6179
2bakaR2/9/9/p1p5p/7r1/2P1P4/P4r1cP/6N2/7R1/2BAKAB2 w,-0.776238,573
2baka3/9/9/p1p3R1p/7r1/2P1P4/P4r1cP/6N2/7R1/2BAKAB2 b,0.7879486,5378
2baka3/9/9/p1p3R1p/7r1/2P1P4/P6cP/5rN2/7R1/2BAKAB2 w,-0.7578977,7186
2baka3/9/9/p1p3R1p/7r1/2P1P4/P6cP/5rN2/4R4/2BAKAB2 b,0.7750127,3909
2baka3/9/9/p1p3R1p/3r5/2P1P4/P6cP/5rN2/4R4/2BAKAB2 w,-0.76228005,4450
2baka3/9/9/p1p3R1p/3rP4/2P6/P6cP/5rN2/4R4/2BAKAB2 b,0.78401697,3567
2baka3/9/9/p1p3R1p/4P4/2P6/P2r3cP/5rN2/4R4/2BAKAB2 w,-0.7644801,6907
2baka3/9/9/p1p3R1p/4P4/2P6/P2r3cP/4RrN2/9/2BAKAB2 b,0.77717125,6187
2baka3/9/9/p1p3R1p/4P4/2P6/P2r3cP/4r1N2/9/2BAKAB2 w,-0.78031063,7537
2baka3/9/9/p1p3R1p/4P4/2P6/P2r3cP/4B1N2/9/3AKAB2 b,0.7942708,5544
2baka3/9/9/p1p3R1p/4P4/2P6/c2r4P/4B1N2/9/3AKAB2 w,-0.79112667,2999
2baka3/9/9/p1R5p/4P4/2P6/c2r4P/4B1N2/9/3AKAB2 b,0.79552406,5190
2baka3/9/9/p1R5p/4P4/2P6/c5r1P/4B1N2/9/3AKAB2 w,-0.7939924,6286
2baka3/9/9/p1R5p/4P4/2P6/c5r1P/4B4/4N4/3AKAB2 b,0.79903316,4918
2baka3/9/9/p1R5p/4P4/2P6/4c1r1P/4B4/4N4/3AKAB2 w,-0.7938013,2612
2Raka3/9/9/p7p/4P4/2P6/4c1r1P/4B4/4N4/3AKAB2 b,0.80728984,5459
2Raka3/9/9/p7p/4P4/2P6/4cr2P/4B4/4N4/3AKAB2 w,-0.7970145,3639
2Raka3/9/9/p7p/3P5/2P6/4cr2P/4B4/4N4/3AKAB2 b,0.804834,463
2Rak4/4a4/9/p7p/3P5/2P6/4cr2P/4B4/4N4/3AKAB2 w,-0.79674923,209
3ak4/4a4/9/p1R5p/3P5/2P6/4cr2P/4B4/4N4/3AKAB2 b,0.90425843,365
3a1k3/4a4/9/p1R5p/3P5/2P6/4cr2P/4B4/4N4/3AKAB2 w,-0.916086,2642
3a1k3/4a4/9/p4R2p/3P5/2P6/4cr2P/4B4/4N4/3AKAB2 b,0.95225537,5342
3a1k3/4a4/9/p4r2p/3P5/2P6/4c3P/4B4/4N4/3AKAB2 w,-0.9452082,7901
3a1k3/4a4/9/p4r2p/3P5/2P6/4c3P/4B3B/4N4/3AKA3 b,1,2966
rnbakabnr/9/1c5c1/p1p1p1p1p/9/9/P1P1P1P1P/1C5C1/9/RNBAKABNR w,0.8017992,5827
rnbakabnr/9/1c5c1/p1p1p1p1p/9/9/P1P1P1P1P/4C2C1/9/RNBAKABNR b,-0.80179566,110
r1bakabnr/9/1cn4c1/p1p1p1p1p/9/9/P1P1P1P1P/4C2C1/9/RNBAKABNR w,0.80181766,7445
r1bakabnr/9/1cn4c1/p1p1p1p1p/9/9/P1P1P1P1P/2N1C2C1/9/R1BAKABNR b,-0.8018406,562
r1baka1nr/9/1cn1b2c1/p1p1p1p1p/9/9/P1P1P1P1P/2N1C2C1/9/R1BAKABNR w,0.8019055,7372
r1baka1nr/9/1cn1b2c1/p1p1p1p1p/9/9/P1P1P1P1P/2N1C2C1/9/1RBAKABNR b,-0.80176973,1
1rbaka1nr/9/1cn1b2c1/p1p1p1p1p/9/9/P1P1P1P1P/2N1C2C1/9/1RBAKABNR w,0.80168355,6368
1rbaka1nr/9/1cn1b2c1/p1p1p1p1p/9/9/P1P1P1P1P/2N1CC3/9/1RBAKABNR b,-0.8012761,654
1rbaka2r/9/1cn1b1nc1/p1p1p1p1p/9/9/P1P1P1P1P/2N1CC3/9/1RBAKABNR w,0.8015947,7989
1rbaka2r/9/1cn1b1nc1/p1p1p1p1p/9/9/P1P1P1P1P/2N1CCN2/9/1RBAKAB1R b,-0.8013648,3012
1rbaka2r/9/1cn1b1nc1/p1p1p3p/6p2/9/P1P1P1P1P/2N1CCN2/9/1RBAKAB1R w,0.8019045,8098
1rbaka2r/9/1cn1b1nc1/p1p1p3p/6p2/9/P1P1P1P1P/2N1CCN2/9/1RBAKABR1 b,-0.80202645,727
1rbaka1r1/9/1cn1b1nc1/p1p1p3p/6p2/9/P1P1P1P1P/2N1CCN2/9/1RBAKABR1 w,0.80251306,5087
1rbaka1r1/9/1cn1b1nc1/p1p1p3p/6p2/2P6/P3P1P1P/2N1CCN2/9/1RBAKABR1 b,-0.8021536,1765
1rbaka1r1/9/2n1b1nc1/p1p1p3p/6p2/2P6/Pc2P1P1P/2N1CCN2/9/1RBAKABR1 w,0.80470604,5898
1rbaka1r1/9/2n1b1nc1/p1p1p3p/6p2/2PN5/Pc2P1P1P/4CCN2/9/1RBAKABR1 b,-0.80647033,2311
1rbaka1r1/9/2n1b1n2/p1p1p3p/6p2/2PN5/Pc2P1PcP/4CCN2/9/1RBAKABR1 w,0.80788714,6143
1rbaka1r1/9/2n1bCn2/p1p1p3p/6p2/2PN5/Pc2P1PcP/4C1N2/9/1RBAKABR1 b,-0.8084572,1986
1rbakabr1/9/2n2Cn2/p1p1p3p/6p2/2PN5/Pc2P1PcP/4C1N2/9/1RBAKABR1 w,0.81814575,4351
1rbakabr1/9/2n2Cn2/p1p1N3p/6p2/2P6/Pc2P1PcP/4C1N2/9/1RBAKABR1 b,-0.8047813,1831
1rbakabr1/9/5Cn2/p1p1n3p/6p2/2P6/Pc2P1PcP/4C1N2/9/1RBAKABR1 w,0.8050279,6061
1rbakabr1/9/5Cn2/p1p1C3p/6p2/2P6/Pc2P1PcP/6N2/9/1RBAKABR1 b,-0.79052716,109
2bakabr1/9/1r3Cn2/p1p1C3p/6p2/2P6/Pc2P1PcP/6N2/9/1RBAKABR1 w,0.8022862,2839
2bakabr1/9/1r3Cn2/p1p5p/6p2/2P1C4/Pc2P1PcP/6N2/9/1RBAKABR1 b,-0.79875094,1733
2bakabr1/9/5rn2/p1p5p/6p2/2P1C4/Pc2P1PcP/6N2/9/1RBAKABR1 w,0.8096487,7435
2bakabr1/9/5rn2/p1p5p/6p2/2P1C4/PR2P1PcP/6N2/9/2BAKABR1 b,-0.8078993,2129
2bakabr1/9/6n2/p1p5p/6p2/2P1C4/PR2PrPcP/6N2/9/2BAKABR1 w,0.81437814,4987
2bakabr1/9/6n2/p1p5p/1R4p2/2P1C4/P3PrPcP/6N2/9/2BAKABR1 b,-0.8041243,2201
2bakabr1/9/9/p1p5p/1R3np2/2P1C4/P3PrPcP/6N2/9/2BAKABR1 w,0.82155794,7897
2bakabr1/9/9/p1p5p/1R3np2/2P1C4/P3PrPcP/4B1N2/9/2BAKA1R1 b,-0.8094993,3748
2bakabr1/9/9/p1p5p/1R4p2/2P1C4/P3nrPcP/4B1N2/9/2BAKA1R1 w,0.82561237,7816
2bakabr1/9/9/p1p5p/1R4p2/2P1C4/P3nrPcP/4B1N2/4A4/2BAK2R1 b,-0.8098175,5370
2bakabr1/9/9/p1p5p/1R4p2/2P1C4/P3n1rcP/4B1N2/4A4/2BAK2R1 w,0.815481,6290
2bakabr1/9/9/p1p5p/1R4p2/2P1C4/P3n1rcP/4B4/4A3N/2BAK2R1 b,-0.7957479,5569
2bakabr1/9/9/p1p5p/1R4p2/2P1C4/P3n1r1P/4B4/4A2cN/2BAK2R1 w,0.79698676,3370
2bakabr1/9/9/p1p5p/4R1p2/2P1C4/P3n1r1P/4B4/4A2cN/2BAK2R1 b,-0.81216836,562
2baka1r1/9/4b4/p1p5p/4R1p2/2P1C4/P3n1r1P/4B4/4A2cN/2BAK2R1 w,0.8969854,3622
2baka1r1/9/4R4/p1p5p/6p2/2P1C4/P3n1r1P/4B4/4A2cN/2BAK2R1 b,-0.8957172,283
2b1ka1r1/4a4/4R4/p1p5p/6p2/2P1C4/P3n1r1P/4B4/4A2cN/2BAK2R1 w,0.9163278,2005
2b1ka1r1/4a4/7R1/p1p5p/6p2/2P1C4/P3n1r1P/4B4/4A2cN/2BAK2R1 b,-0.91642594,363
2bk1a1r1/4a4/7R1/p1p5p/6p2/2P1C4/P3n1r1P/4B4/4A2cN/2BAK2R1 w,0.9370204,2257
2bk1a1R1/4a4/9/p1p5p/6p2/2P1C4/P3n1r1P/4B4/4A2cN/2BAK2R1 b,-0.92583776,7187
2bk1a1R1/4a4/9/p1p5p/6p2/2P1C4/P3n1r1P/4B4/4Ac2N/2BAK2R1 w,0.94187516,664
2bk1a3/4a4/9/p1p4Rp/6p2/2P1C4/P3n1r1P/4B4/4Ac2N/2BAK2R1 b,-0.93455386,5462
2bk1a3/4a4/9/p1p4Rp/6p2/2P1C4/P3n3r/4B4/4Ac2N/2BAK2R1 w,0.9518472,3090
2bk1a3/4a4/9/p1pR4p/6p2/2P1C4/P3n3r/4B4/4Ac2N/2BAK2R1 b,-0.958886,1191
2bk1a3/9/3a5/p1pR4p/6p2/2P1C4/P3n3r/4B4/4Ac2N/2BAK2R1 w,0.9623744,2721
2bk1a3/9/3R5/p1p5p/6p2/2P1C4/P3n3r/4B4/4Ac2N/2BAK2R1 b,-0.96319056,274
2b1ka3/9/3R5/p1p5p/6p2/2P1C4/P3n3r/4B4/4Ac2N/2BAK2R1 w,0.9699197,7261
2b1ka3/9/3R5/p1p5p/6p2/2P1C4/P3n2Nr/4B4/4Ac3/2BAK2R1 b,-0.97020876,3831
2b1ka3/9/3R5/p1p5p/9/2P1C1p2/P3n2Nr/4B4/4Ac3/2BAK2R1 w,0.9699435,5532
2b1ka3/9/3R5/p1p5p/6N2/2P1C1p2/P3n3r/4B4/4Ac3/2BAK2R1 b,-0.95534796,4640
2b1ka3/9/3R5/p1p5p/6N2/2P1Cp3/P3n3r/4B4/4Ac3/2BAK2R1 w,0.9573299,1910
2b1ka3/9/2R6/p1p5p/6N2/2P1Cp3/P3n3r/4B4/4Ac3/2BAK2R1 b,-0.9399838,5669
2b1ka3/9/2R6/p1p5p/6N2/2P1Cp3/P3n4/4B4/4Ac3/2BAK2Rr w,0.931686,1802
2R1ka3/9/9/p1p5p/6N2/2P1Cp3/P3n4/4B4/4Ac3/2BAK2Rr b,-0.9359387,373
2R2a3/4k4/9/p1p5p/6N2/2P1Cp3/P3n4/4B4/4Ac3/2BAK2Rr w,0.92255163,191
5a3/2R1k4/9/p1p5p/6N2/2P1Cp3/P3n4/4B4/4Ac3/2BAK2Rr b,-0.92539907,1174
4ka3/2R6/9/p1p5p/6N2/2P1Cp3/P3n4/4B4/4Ac3/2BAK2Rr w,0.9781484,8009
4ka3/2R6/9/p1p5p/6N2/2P1Cp3/P3n4/4B4/4Ac3/2BAK3R b,-0.9869346,4549
4ka3/2R6/9/p1p5p/6N2/2P1p4/P3n4/4B4/4Ac3/2BAK3R w,0.9968179,3803
4ka3/2R6/5N3/p1p5p/9/2P1p4/P3n4/4B4/4Ac3/2BAK3R b,-0.9965308,363
3k1a3/2R6/5N3/p1p5p/9/2P1p4/P3n4/4B4/4Ac3/2BAK3R w,1,992
rnbakabnr/9/1c5c1/p1p1p1p1p/9/9/P1P1P1P1P/1C5C1/9/RNBAKABNR w,-0.79820085,5827
rnbakabnr/9/1c5c1/p1p1p1p1p/9/9/P1P1P1P1P/4C2C1/9/RNBAKABNR b,0.79823184,110
r1bakabnr/9/1cn4c1/p1p1p1p1p/9/9/P1P1P1P1P/4C2C1/9/RNBAKABNR w,-0.79817563,7445
r1bakabnr/9/1cn4c1/p1p1p1p1p/9/9/P1P1P1P1P/2N1C2C1/9/R1BAKABNR b,0.7981594,562
r1baka1nr/9/1cn1b2c1/p1p1p1p1p/9/9/P1P1P1P1P/2N1C2C1/9/R1BAKABNR w,-0.79805803,7372
r1baka1nr/9/1cn1b2c1/p1p1p1p1p/9/9/P1P1P1P1P/2N1C2C1/9/1RBAKABNR b,0.798231,1
1rbaka1nr/9/1cn1b2c1/p1p1p1p1p/9/9/P1P1P1P1P/2N1C2C1/9/1RBAKABNR w,-0.79828745,6368
1rbaka1nr/9/1cn1b2c1/p1p1p1p1p/9/9/P1P1P1P1P/2N1CC3/9/1RBAKABNR b,0.7976418,2648
1rbaka1nr/9/1cn1b2c1/p3p1p1p/2p6/9/P1P1P1P1P/2N1CC3/9/1RBAKABNR w,-0.7974047,7989
1rbaka1nr/9/1cn1b2c1/p3p1p1p/2p6/9/P1P1P1P1P/2N1CCN2/9/1RBAKAB1R b,0.7973786,1765
1rbaka1nr/9/2n1b2c1/p3p1p1p/2p6/9/PcP1P1P1P/2N1CCN2/9/1RBAKAB1R w,-0.79613006,8098
1rbaka1nr/9/2n1b2c1/p3p1p1p/2p6/9/PcP1P1P1P/2N1CCN2/9/1RBAKABR1 b,0.7981699,644
1rbaka2r/5n3/2n1b2c1/p3p1p1p/2p6/9/PcP1P1P1P/2N1CCN2/9/1RBAKABR1 w,-0.79648894,6143
1rbaka2r/5n3/2n1bC1c1/p3p1p1p/2p6/9/PcP1P1P1P/2N1C1N2/9/1RBAKABR1 b,0.7974671,727
1rbaka1r1/5n3/2n1bC1c1/p3p1p1p/2p6/9/PcP1P1P1P/2N1C1N2/9/1RBAKABR1 w,-0.7977575,2090
1rbaka1r1/5n3/2C1b2c1/p3p1p1p/2p6/9/PcP1P1P1P/2N1C1N2/9/1RBAKABR1 b,0.80051905,2270
1rbaka1r1/5n3/2c1b4/p3p1p1p/2p6/9/PcP1P1P1P/2N1C1N2/9/1RBAKABR1 w,-0.7998219,7927
1rbaka1R1/5n3/2c1b4/p3p1p1p/2p6/9/PcP1P1P1P/2N1C1N2/9/1RBAKAB2 b,0.80128765,1267
1rbaka1n1/9/2c1b4/p3p1p1p/2p6/9/PcP1P1P1P/2N1C1N2/9/1RBAKAB2 w,-0.8010439,6061
1rbaka1n1/9/2c1b4/p3C1p1p/2p6/9/PcP1P1P1P/2N3N2/9/1RBAKAB2 b,0.80137986,463
1rbak2n1/4a4/2c1b4/p3C1p1p/2p6/9/PcP1P1P1P/2N3N2/9/1RBAKAB2 w,-0.8018532,2825
1rbak2n1/4a4/2c1b4/p5p1C/2p6/9/PcP1P1P1P/2N3N2/9/1RBAKAB2 b,0.8030991,654
1rbak4/4a4/2c1b1n2/p5p1C/2p6/9/PcP1P1P1P/2N3N2/9/1RBAKAB2 w,-0.80534494,3177
1rbak4/4a4/2c1b1n2/C5p2/2p6/9/PcP1P1P1P/2N3N2/9/1RBAKAB2 b,0.8111245,3467
1rbak4/4a4/2c1b1n2/C5p2/9/2p6/PcP1P1P1P/2N3N2/9/1RBAKAB2 w,-0.8009414,5087
1rbak4/4a4/2c1b1n2/C5p2/9/2P6/Pc2P1P1P/2N3N2/9/1RBAKAB2 b,0.8036674,1865
1rbak4/4a4/4b1n2/C5p2/9/2P6/Pc2P1P1P/2c3N2/9/1RBAKAB2 w,-0.79604894,7444
1rbak4/4a4/4b1n2/C5p2/9/2P6/Pc2P1P1P/1Rc3N2/9/2BAKAB2 b,0.8058772,5906
1rbak4/4a4/4b1n2/C5p2/9/2P6/Pcc1P1P1P/1R4N2/9/2BAKAB2 w,-0.8015432,5451
1rbak4/4a4/4b1n2/C5p2/9/2P3P2/Pcc1P3P/1R4N2/9/2BAKAB2 b,0.81076777,118
2bak4/4a4/4b1n2/Cr4p2/9/2P3P2/Pcc1P3P/1R4N2/9/2BAKAB2 w,-0.81282747,2430
C1bak4/4a4/4b1n2/1r4p2/9/2P3P2/Pcc1P3P/1R4N2/9/2BAKAB2 b,0.8171042,5094
C1bak4/4a4/4b1n2/1r4p2/9/2P3P2/cc2P3P/1R4N2/9/2BAKAB2 w,-0.8038434,6260
C1bak4/4a4/4b1n2/1r4p2/9/2P2NP2/cc2P3P/1R7/9/2BAKAB2 b,0.8067463,4918
C1bak4/4a4/4b1n2/1r4p2/9/2P2NP2/1c2c3P/1R7/9/2BAKAB2 w,-0.807431,4539
C1bak4/4a4/4b1n2/1r4p2/3N5/2P3P2/1c2c3P/1R7/9/2BAKAB2 b,0.83150935,5251
C1bak4/4a4/4b1n2/1r2c1p2/3N5/2P3P2/1c6P/1R7/9/2BAKAB2 w,-0.8207326,9
2bak4/C3a4/4b1n2/1r2c1p2/3N5/2P3P2/1c6P/1R7/9/2BAKAB2 b,1,5008
rnbakabnr/9/1c5c1/p1p1p1p1p/9/9/P1P1P1P1P/1C5C1/9/RNBAKABNR w,0.8018177,5827
rnbakabnr/9/1c5c1/p1p1p1p1p/9/9/P1P1P1P1P/4C2C1/9/RNBAKABNR b,-0.8017655,110
r1bakabnr/9/1cn4c1/p1p1p1p1p/9/9/P1P1P1P1P/4C2C1/9/RNBAKABNR w,0.80181766,7445
r1bakabnr/9/1cn4c1/p1p1p1p1p/9/9/P1P1P1P1P/2N1C2C1/9/R1BAKABNR b,-0.8018326,562
r1baka1nr/9/1cn1b2c1/p1p1p1p1p/9/9/P1P1P1P1P/2N1C2C1/9/R1BAKABNR w,0.8019635,7372
r1baka1nr/9/1cn1b2c1/p1p1p1p1p/9/9/P1P1P1P1P/2N1C2C1/9/1RBAKABNR b,-0.8017706,1
1rbaka1nr/9/1cn1b2c1/p1p1p1p1p/9/9/P1P1P1P1P/2N1C2C1/9/1RBAKABNR w,0.80169415,6368
1rbaka1nr/9/1cn1b2c1/p1p1p1p1p/9/9/P1P1P1P1P/2N1CC3/9/1RBAKABNR b,-0.8012789,654
1rbaka2r/9/1cn1b1nc1/p1p1p1p1p/9/9/P1P1P1P1P/2N1CC3/9/1RBAKABNR w,0.8016004,7989
1rbaka2r/9/1cn1b1nc1/p1p1p1p1p/9/9/P1P1P1P1P/2N1CCN2/9/1RBAKAB1R b,-0.80150837,3012
1rbaka2r/9/1cn1b1nc1/p1p1p3p/6p2/9/P1P1P1P1P/2N1CCN2/9/1RBAKAB1R w,0.80189395,8098
1rbaka2r/9/1cn1b1nc1/p1p1p3p/6p2/9/P1P1P1P1P/2N1CCN2/9/1RBAKABR1 b,-0.802005,727
1rbaka1r1/9/1cn1b1nc1/p1p1p3p/6p2/9/P1P1P1P1P/2N1CCN2/9/1RBAKABR1 w,0.80251306,5087
1rbaka1r1/9/1cn1b1nc1/p1p1p3p/6p2/2P6/P3P1P1P/2N1CCN2/9/1RBAKABR1 b,-0.8021549,1765
1rbaka1r1/9/2n1b1nc1/p1p1p3p/6p2/2P6/Pc2P1P1P/2N1CCN2/9/1RBAKABR1 w,0.80470604,5898
1rbaka1r1/9/2n1b1nc1/p1p1p3p/6p2/2PN5/Pc2P1P1P/4CCN2/9/1RBAKABR1 b,-0.80640864,2311
1rbaka1r1/9/2n1b1n2/p1p1p3p/6p2/2PN5/Pc2P1PcP/4CCN2/9/1RBAKABR1 w,0.8079292,6143
1rbaka1r1/9/2n1bCn2/p1p1p3p/6p2/2PN5/Pc2P1PcP/4C1N2/9/1RBAKABR1 b,-0.80890244,1986
1rbakabr1/9/2n2Cn2/p1p1p3p/6p2/2PN5/Pc2P1PcP/4C1N2/9/1RBAKABR1 w,0.8184994,4351
1rbakabr1/9/2n2Cn2/p1p1N3p/6p2/2P6/Pc2P1PcP/4C1N2/9/1RBAKABR1 b,-0.80477434,1831
1rbakabr1/9/5Cn2/p1p1n3p/6p2/2P6/Pc2P1PcP/4C1N2/9/1RBAKABR1 w,0.8050693,6061
1rbakabr1/9/5Cn2/p1p1C3p/6p2/2P6/Pc2P1PcP/6N2/9/1RBAKABR1 b,-0.790517,109
2bakabr1/9/1r3Cn2/p1p1C3p/6p2/2P6/Pc2P1PcP/6N2/9/1RBAKABR1 w,0.8022862,2839
2bakabr1/9/1r3Cn2/p1p5p/6p2/2P1C4/Pc2P1PcP/6N2/9/1RBAKABR1 b,-0.79882264,1733
2bakabr1/9/5rn2/p1p5p/6p2/2P1C4/Pc2P1PcP/6N2/9/1RBAKABR1 w,0.80967,7435
2bakabr1/9/5rn2/p1p5p/6p2/2P1C4/PR2P1PcP/6N2/9/2BAKABR1 b,-0.80557835,2201
2bakabr1/9/5r3/p1p5p/5np2/2P1C4/PR2P1PcP/6N2/9/2BAKABR1 w,0.8138219,4987
2bakabr1/9/5r3/p1p5p/1R3np2/2P1C4/P3P1PcP/6N2/9/2BAKABR1 b,-0.80846995,3750
2bakabr1/9/5r3/p1p5p/1R4p2/2P1C4/P3P1ncP/6N2/9/2BAKABR1 w,0.81837726,3372
2bakabr1/9/5r3/p1p5p/6R2/2P1C4/P3P1ncP/6N2/9/2BAKABR1 b,-0.80547106,5449
2bakabr1/9/5r3/p1p5p/6R2/2P1n4/P3P2cP/6N2/9/2BAKABR1 w,0.80564874,5269
2bakabr1/9/5r3/p1p5p/6R2/2P1P4/P6cP/6N2/9/2BAKABR1 b,-0.79952466,5560
2bakabr1/9/5r3/p1p5p/6R2/2P1P4/P7P/6Nc1/9/2BAKABR1 w,0.80960435,7999
2bakabr1/9/5r3/p1p5p/6R2/2P1P4/P7P/6Nc1/7R1/2BAKAB2 b,-0.7986315,2138
2bakabr1/9/9/p1p5p/6R2/2P1P4/P7P/5rNc1/7R1/2BAKAB2 w,0.81029165,4450
2bakabr1/9/9/p1p5p/4P1R2/2P6/P7P/5rNc1/7R1/2BAKAB2 b,-0.80352306,562
2baka1r1/9/4b4/p1p5p/4P1R2/2P6/P7P/5rNc1/7R1/2BAKAB2 w,0.80889267,3813
2baka1r1/9/4b4/p1p3R1p/4P4/2P6/P7P/5rNc1/7R1/2BAKAB2 b,-0.8028231,691
2baka3/9/4b4/p1p3R1p/4P4/2P6/P6rP/5rNc1/7R1/2BAKAB2 w,0.8149763,7186
2baka3/9/4b4/p1p3R1p/4P4/2P6/P6rP/5rNc1/4R4/2BAKAB2 b,-0.80727386,5544
2baka3/9/4b4/p1p3R1p/4P4/2P6/r7P/5rNc1/4R4/2BAKAB2 w,0.83248395,3631
2baka3/9/4b4/p1p1P1R1p/9/2P6/r7P/5rNc1/4R4/2BAKAB2 b,-0.821518,4916
2baka3/9/4b4/p1p1P1R1p/9/2P6/2r5P/5rNc1/4R4/2BAKAB2 w,0.8236457,2812
2baka3/9/4P4/p1p3R1p/9/2P6/2r5P/5rNc1/4R4/2BAKAB2 b,-0.8192334,5123
2baka3/9/4P4/p1p3R1p/9/2P6/8P/5rNc1/4R4/2rAKAB2 w,0.85127753,2001
2baka3/9/3P5/p1p3R1p/9/2P6/8P/5rNc1/4R4/2rAKAB2 b,-0.8557572,283
2b1ka3/4a4/3P5/p1p3R1p/9/2P6/8P/5rNc1/4R4/2rAKAB2 w,0.85500777,2999
2b1ka3/4a4/3P5/p1R5p/9/2P6/8P/5rNc1/4R4/2rAKAB2 b,-0.82064015,198
4ka3/4a4/b2P5/p1R5p/9/2P6/8P/5rNc1/4R4/2rAKAB2 w,0.8257372,1902
4ka3/3Pa4/b8/p1R5p/9/2P6/8P/5rNc1/4R4/2rAKAB2 b,-0.774998,6186
4ka3/3Pa4/b8/p1R5p/9/2P6/8P/3r2Nc1/4R4/2rAKAB2 w,0.8144725,1093
4ka3/4P4/b8/p1R5p/9/2P6/8P/3r2Nc1/4R4/2rAKAB2 b,-0.8720151,463
4k4/4a4/b8/p1R5p/9/2P6/8P/3r2Nc1/4R4/2rAKAB2 w,0.89757824,6853
4k4/4R4/b8/p1R5p/9/2P6/8P/3r2Nc1/9/2rAKAB2 b,-0.89672285,363
3k5/4R4/b8/p1R5p/9/2P6/8P/3r2Nc1/9/2rAKAB2 w,0.90903604,7816
3k5/4R4/b8/p1R5p/9/2P6/8P/3r2Nc1/4A4/2rAK1B2 b,-0.8949805,5997
3k5/4R4/b8/p1R5p/9/2P6/3r4P/6Nc1/4A4/2rAK1B2 w,0.90640587,6260
3k5/4R4/b8/p1R5p/9/2P2N3/3r4P/7c1/4A4/2rAK1B2 b,-0.89251006,5205
3k5/4R4/b8/p1R5p/9/2P2N3/8P/7c1/3rA4/2rAK1B2 w,0.9192354,7897
3k5/4R4/b8/p1R5p/9/2P2N3/8P/4B2c1/3rA4/2rAK4 b,-0.9113976,6388
3k5/4R4/b8/p1R5p/9/2P2N3/8P/4B4/3rA4/2rAK2c1 w,0.9749923,4531
3k5/4R4/b8/p1R1N3p/9/2P6/8P/4B4/3rA4/2rAK2c1 b,-0.9784691,7554
3k5/4R4/b8/p1R1N3p/9/2P6/8P/4B4/3rA4/3rK2c1 w,0.9893304,6924
3k5/4R4/b8/p1R1N3p/9/2P6/8P/4B4/3r5/3AK2c1 b,-0.9860813,6834
3k5/4R4/b8/p1R1N3p/9/2P6/8P/4B4/9/3rK2c1 w,0.99056065,7726
3k5/4R4/b8/p1R1N3p/9/2P6/8P/4B4/4K4/3r3c1 b,-0.99179363,7635
3k5/4R4/b8/p1R1N3p/9/2P6/8P/4B4/3rK4/7c1 w,0.9962393,6925
3k5/4R4/b8/p1R1N3p/9/2P6/8P/4B4/3r5/4K2c1 b,-0.99953485,6834
3k5/4R4/b8/p1R1N3p/9/2P6/8P/4B4/9/3rK2c1 w,1,7726
rnbakabnr/9/1c5c1/p1p1p1p1p/9/9/P1P1P1P1P/1C5C1/9/RNBAKABNR w,-0.7981823,5827
rnbakabnr/9/1c5c1/p1p1p1p1p/9/9/P1P1P1P1P/4C2C1/9/RNBAKABNR b,0.7982332,110
r1bakabnr/9/1cn4c1/p1p1p1p1p/9/9/P1P1P1P1P/4C2C1/9/RNBAKABNR w,-0.79817206,7445
r1bakabnr/9/1cn4c1/p1p1p1p1p/9/9/P1P1P1P1P/2N1C2C1/9/R1BAKABNR b,0.7981911,562
r1baka1nr/9/1cn1b2c1/p1p1p1p1p/9/9/P1P1P1P1P/2N1C2C1/9/R1BAKABNR w,-0.79805344,7372
r1baka1nr/9/1cn1b2c1/p1p1p1p1p/9/9/P1P1P1P1P/2N1C2C1/9/1RBAKABNR b,0.7982278,1
1rbaka1nr/9/1cn1b2c1/p1p1p1p1p/9/9/P1P1P1P1P/2N1C2C1/9/1RBAKABNR w,-0.7983074,6368
1rbaka1nr/9/1cn1b2c1/p1p1p1p1p/9/9/P1P1P1P1P/2N1CC3/9/1RBAKABNR b,0.79872394,654
1rbaka2r/9/1cn1b1nc1/p1p1p1p1p/9/9/P1P1P1P1P/2N1CC3/9/1RBAKABNR w,-0.79844826,7989
1rbaka2r/9/1cn1b1nc1/p1p1p1p1p/9/9/P1P1P1P1P/2N1CCN2/9/1RBAKAB1R b,0.79863185,3012
1rbaka2r/9/1cn1b1nc1/p1p1p3p/6p2/9/P1P1P1P1P/2N1CCN2/9/1RBAKAB1R w,-0.7981061,8098
1rbaka2r/9/1cn1b1nc1/p1p1p3p/6p2/9/P1P1P1P1P/2N1CCN2/9/1RBAKABR1 b,0.7979852,727
1rbaka1r1/9/1cn1b1nc1/p1p1p3p/6p2/9/P1P1P1P1P/2N1CCN2/9/1RBAKABR1 w,-0.79722387,5087
1rbaka1r1/9/1cn1b1nc1/p1p1p3p/6p2/2P6/P3P1P1P/2N1CCN2/9/1RBAKABR1 b,0.7978451,1765
1rbaka1r1/9/2n1b1nc1/p1p1p3p/6p2/2P6/Pc2P1P1P/2N1CCN2/9/1RBAKABR1 w,-0.795294,5898
1rbaka1r1/9/2n1b1nc1/p1p1p3p/6p2/2PN5/Pc2P1P1P/4CCN2/9/1RBAKABR1 b,0.79361814,2311
1rbaka1r1/9/2n1b1n2/p1p1p3p/6p2/2PN5/Pc2P1PcP/4CCN2/9/1RBAKABR1 w,-0.7921129,6143
1rbaka1r1/9/2n1bCn2/p1p1p3p/6p2/2PN5/Pc2P1PcP/4C1N2/9/1RBAKABR1 b,0.8018219,5548
1rbaka1r1/9/2n1bCn2/p1p1p3p/6p2/2PN5/Pc2c1P1P/4C1N2/9/1RBAKABR1 w,-0.8080765,6061
1rbaka1r1/9/2n1bCn2/p1p1C3p/6p2/2PN5/Pc2c1P1P/6N2/9/1RBAKABR1 b,0.80907947,1831
1rbaka1r1/9/4bCn2/p1p1n3p/6p2/2PN5/Pc2c1P1P/6N2/9/1RBAKABR1 w,-0.8043961,7927
1rbaka1R1/9/4bCn2/p1p1n3p/6p2/2PN5/Pc2c1P1P/6N2/9/1RBAKAB2 b,0.80816746,2838
1rbaka1R1/9/4bCn2/p1p5p/6p2/2Pn5/Pc2c1P1P/6N2/9/1RBAKAB2 w,-0.7927673,682
1rbaka3/9/4bCn2/p1p5p/6p2/2Pn3R1/Pc2c1P1P/6N2/9/1RBAKAB2 b,0.80816805,4385
1rbaka3/9/4bCn2/p1p5p/6p2/2P4R1/Pc2c1P1P/2n3N2/9/1RBAKAB2 w,-0.81159854,6268
1rbaka3/9/4bCn2/p1p5p/6p2/2P4R1/Pc2N1P1P/2n6/9/1RBAKAB2 b,0.8263312,5932
1rbaka3/9/4bCn2/p1p5p/6p2/2P4R1/Pc2N1P1P/9/9/1nBAKAB2 w,-0.8259797,5259
1rbaka3/9/4bCn2/p1p5p/3N2p2/2P4R1/Pc4P1P/9/9/1nBAKAB2 b,0.8440594,127
2baka3/9/4bCn2/p1p5p/1r1N2p2/2P4R1/Pc4P1P/9/9/1nBAKAB2 w,-0.83288795,4728
2baka3/9/4bCn2/p1p5p/1r1N2p2/2PR5/Pc4P1P/9/9/1nBAKAB2 b,0.8435156,7445
2baka3/9/4bCn2/p1p5p/1r1N2p2/2PR5/Pc4P1P/2n6/9/2BAKAB2 w,-0.8280238,4386
2baka3/9/4bCn2/p1p5p/1r1N2p2/2P6/Pc4P1P/2nR5/9/2BAKAB2 b,0.8414669,2201
2baka3/9/4bC3/p1p5p/1r1N1np2/2P6/Pc4P1P/2nR5/9/2BAKAB2 w,-0.822007,2096
2baka3/9/4b3C/p1p5p/1r1N1np2/2P6/Pc4P1P/2nR5/9/2BAKAB2 b,0.85815746,3738
2baka3/9/4b3C/p1p5p/1r1N2p2/2Pn5/Pc4P1P/2nR5/9/2BAKAB2 w,-0.85752445,3542
2baka3/9/4b3C/p1p2N2p/1r4p2/2Pn5/Pc4P1P/2nR5/9/2BAKAB2 b,0.8653819,3371
2baka3/9/4b3C/p1p2N2p/5rp2/2Pn5/Pc4P1P/2nR5/9/2BAKAB2 w,-0.853242,2901
2baka3/9/3Nb3C/p1p5p/5rp2/2Pn5/Pc4P1P/2nR5/9/2BAKAB2 b,0.85706496,373
2ba1a3/4k4/3Nb3C/p1p5p/5rp2/2Pn5/Pc4P1P/2nR5/9/2BAKAB2 w,-0.8509928,2357
2ba1a3/4k3C/3Nb4/p1p5p/5rp2/2Pn5/Pc4P1P/2nR5/9/2BAKAB2 b,0.87662095,1184
2ba1a3/5k2C/3Nb4/p1p5p/5rp2/2Pn5/Pc4P1P/2nR5/9/2BAKAB2 w,-0.8602469,7816
2ba1a3/5k2C/3Nb4/p1p5p/5rp2/2Pn5/Pc4P1P/2nR5/4A4/2BAK1B2 b,0.8767427,5008
2ba1a3/5k2C/3Nb4/p1p5p/5rp2/2Pn5/P3c1P1P/2nR5/4A4/2BAK1B2 w,-0.87959963,6908
2ba1a3/5k2C/3Nb4/p1p5p/5rp2/2Pn5/P3c1P1P/2nR1A3/9/2BAK1B2 b,0.89307755,5251
2ba1a3/5k2C/3Nb4/p1p1c3p/5rp2/2Pn5/P5P1P/2nR1A3/9/2BAK1B2 w,-0.8922306,1900
2ba1a3/1N3k2C/4b4/p1p1c3p/5rp2/2Pn5/P5P1P/2nR1A3/9/2BAK1B2 b,0.8986449,463
2ba5/1N2ak2C/4b4/p1p1c3p/5rp2/2Pn5/P5P1P/2nR1A3/9/2BAK1B2 w,-0.9028737,7901
2ba5/1N2ak2C/4b4/p1p1c3p/5rp2/2Pn5/P5P1P/2nR1A2B/9/2BAK4 b,0.898517,2648
2ba5/1N2ak2C/4b4/p3c3p/2p2rp2/2Pn5/P5P1P/2nR1A2B/9/2BAK4 w,-0.8872853,1538
2ba4C/1N2ak3/4b4/p3c3p/2p2rp2/2Pn5/P5P1P/2nR1A2B/9/2BAK4 b,0.91080767,3467
2ba4C/1N2ak3/4b4/p3c3p/5rp2/2pn5/P5P1P/2nR1A2B/9/2BAK4 w,-0.90164703,737
2ba5/1N2ak2C/4b4/p3c3p/5rp2/2pn5/P5P1P/2nR1A2B/9/2BAK4 b,0.9471958,2820
2ba5/1N2ak2C/4b4/p2c4p/5rp2/2pn5/P5P1P/2nR1A2B/9/2BAK4 w,-0.946754,6005
2ba5/1N2ak2C/4b4/p2c4p/5rp2/2pn5/P5P1P/2R2A2B/9/2BAK4 b,0.9592649,4385
2ba5/1N2ak2C/4b4/p2c4p/5rp2/2p6/P5P1P/2n2A2B/9/2BAK4 w,-0.9554595,6477
2ba5/1N2ak2C/4b4/p2c4p/5rp2/2p6/P5P1P/2n2A3/9/2BAK1B2 b,0.96818614,3758
2ba5/1N2ak2C/4b4/p2c4p/6p2/2p6/P5P1P/2n2r3/9/2BAK1B2 w,-0.9729371,7897
2ba5/1N2ak2C/4b4/p2c4p/6p2/2p6/P5P1P/2n1Br3/9/2BAK4 b,1,6206
rnbakabnr/9/1c5c1/p1p1p1p1p/9/9/P1P1P1P1P/1C5C1/9/RNBAKABNR w,0.0018094063,5827
rnbakabnr/9/1c5c1/p1p1p1p1p/9/9/P1P1P1P1P/4C2C1/9/RNBAKABNR b,-0.001792109,110
r1bakabnr/9/1cn4c1/p1p1p1p1p/9/9/P1P1P1P1P/4C2C1/9/RNBAKABNR w,0.0018254519,7445
r1bakabnr/9/1cn4c1/p1p1p1p1p/9/9/P1P1P1P1P/2N1C2C1/9/R1BAKABNR b,-0.0018223763,562
r1baka1nr/9/1cn1b2c1/p1p1p1p1p/9/9/P1P1P1P1P/2N1C2C1/9/R1BAKABNR w,0.0019465685,7372
r1baka1nr/9/1cn1b2c1/p1p1p1p1p/9/9/P1P1P1P1P/2N1C2C1/9/1RBAKABNR b,-0.001774776,1
1rbaka1nr/9/1cn1b2c1/p1p1p1p1p/9/9/P1P1P1P1P/2N1C2C1/9/1RBAKABNR w,0.0016990424,6368
1rbaka1nr/9/1cn1b2c1/p1p1p1p1p/9/9/P1P1P1P1P/2N1CC3/9/1RBAKABNR b,-0.0012857557,654
1rbaka2r/9/1cn1b1nc1/p1p1p1p1p/9/9/P1P1P1P1P/2N1CC3/9/1RBAKABNR w,0.0016003847,7989
1rbaka2r/9/1cn1b1nc1/p1p1p1p1p/9/9/P1P1P1P1P/2N1CCN2/9/1RBAKAB1R b,-0.0013839006,3012
1rbaka2r/9/1cn1b1nc1/p1p1p3p/6p2/9/P1P1P1P1P/2N1CCN2/9/1RBAKAB1R w,0.0018723011,8098
1rbaka2r/9/1cn1b1nc1/p1p1p3p/6p2/9/P1P1P1P1P/2N1CCN2/9/1RBAKABR1 b,-0.0018853665,727
1rbaka1r1/9/1cn1b1nc1/p1p1p3p/6p2/9/P1P1P1P1P/2N1CCN2/9/1RBAKABR1 w,0.002513051,5087
1rbaka1r1/9/1cn1b1nc1/p1p1p3p/6p2/2P6/P3P1P1P/2N1CCN2/9/1RBAKABR1 b,-0.002226162,1765
1rbaka1r1/9/2n1b1nc1/p1p1p3p/6p2/2P6/Pc2P1P1P/2N1CCN2/9/1RBAKABR1 w,0.0047060014,5898
1rbaka1r1/9/2n1b1nc1/p1p1p3p/6p2/2PN5/Pc2P1P1P/4CCN2/9/1RBAKABR1 b,-0.006441915,2311
1rbaka1r1/9/2n1b1n2/p1p1p3p/6p2/2PN5/Pc2P1PcP/4CCN2/9/1RBAKABR1 w,0.0079417,6143
1rbaka1r1/9/2n1bCn2/p1p1p3p/6p2/2PN5/Pc2P1PcP/4C1N2/9/1RBAKABR1 b,-0.008457172,1986
1rbakabr1/9/2n2Cn2/p1p1p3p/6p2/2PN5/Pc2P1PcP/4C1N2/9/1RBAKABR1 w,0.018145729,4351
1rbakabr1/9/2n2Cn2/p1p1N3p/6p2/2P6/Pc2P1PcP/4C1N2/9/1RBAKABR1 b,-0.0047562006,1831
1rbakabr1/9/5Cn2/p1p1n3p/6p2/2P6/Pc2P1PcP/4C1N2/9/1RBAKABR1 w,0.005099082,6061
1rbakabr1/9/5Cn2/p1p1C3p/6p2/2P6/Pc2P1PcP/6N2/9/1RBAKABR1 b,0.009373379,109
2bakabr1/9/1r3Cn2/p1p1C3p/6p2/2P6/Pc2P1PcP/6N2/9/1RBAKABR1 w,0.0019667863,2839
2bakabr1/9/1r3Cn2/p1p5p/6p2/2P1C4/Pc2P1PcP/6N2/9/1RBAKABR1 b,0.001698494,1733
2bakabr1/9/5rn2/p1p5p/6p2/2P1C4/Pc2P1PcP/6N2/9/1RBAKABR1 w,0.009631515,7435
2bakabr1/9/5rn2/p1p5p/6p2/2P1C4/PR2P1PcP/6N2/9/2BAKABR1 b,-0.007413197,2129
2bakabr1/9/6n2/p1p5p/6p2/2P1C4/PR2PrPcP/6N2/9/2BAKABR1 w,0.014378118,4987
2bakabr1/9/6n2/p1p5p/1R4p2/2P1C4/P3PrPcP/6N2/9/2BAKABR1 b,-0.0042549255,2201
2bakabr1/9/9/p1p5p/1R3np2/2P1C4/P3PrPcP/6N2/9/2BAKABR1 w,0.021557951,7897
2bakabr1/9/9/p1p5p/1R3np2/2P1C4/P3PrPcP/4B1N2/9/2BAKA1R1 b,-0.009517777,3748
2bakabr1/9/9/p1p5p/1R4p2/2P1C4/P3nrPcP/4B1N2/9/2BAKA1R1 w,0.026765322,7816
2bakabr1/9/9/p1p5p/1R4p2/2P1C4/P3nrPcP/4B1N2/4A4/2BAK2R1 b,-0.009866512,5370
2bakabr1/9/9/p1p5p/1R4p2/2P1C4/P3n1rcP/4B1N2/4A4/2BAK2R1 w,0.012631011,3370
2bakabr1/9/9/p1p5p/4R1p2/2P1C4/P3n1rcP/4B1N2/4A4/2BAK2R1 b,-0.009523809,562
2baka1r1/9/4b4/p1p5p/4R1p2/2P1C4/P3n1rcP/4B1N2/4A4/2BAK2R1 w,0.014780784,6268
2baka1r1/9/4b4/p1p5p/4R1p2/2P1C4/P3N1rcP/4B4/4A4/2BAK2R1 b,-0.005856395,5458
2baka1r1/9/4b4/p1p5p/4R1p2/2P1C4/P3r2cP/4B4/4A4/2BAK2R1 w,0.018455029,3622
2baka1r1/9/4R4/p1p5p/6p2/2P1C4/P3r2cP/4B4/4A4/2BAK2R1 b,-0.02798673,463
2bak2r1/4a4/4R4/p1p5p/6p2/2P1C4/P3r2cP/4B4/4A4/2BAK2R1 w,0.11866083,2005
2bak2r1/4a4/7R1/p1p5p/6p2/2P1C4/P3r2cP/4B4/4A4/2BAK2R1 b,-0.116483405,1175
2baka1r1/9/7R1/p1p5p/6p2/2P1C4/P3r2cP/4B4/4A4/2BAK2R1 w,0.11591003,2257
2baka1R1/9/9/p1p5p/6p2/2P1C4/P3r2cP/4B4/4A4/2BAK2R1 b,-0.10866558,5544
2baka1R1/9/9/p1p5p/6p2/2P1C4/c3r3P/4B4/4A4/2BAK2R1 w,0.13326076,7972
2baka1R1/9/9/p1p5p/6p2/2P1C2R1/c3r3P/4B4/4A4/2BAK4 b,-0.1336443,4922
2baka1R1/9/9/p1p5p/6p2/2P1C2R1/4r3c/4B4/4A4/2BAK4 w,0.14408593,664
2baka3/9/9/p1p4Rp/6p2/2P1C2R1/4r3c/4B4/4A4/2BAK4 b,-0.13582449,3831
2baka3/9/9/p1p4Rp/9/2P1C1pR1/4r3c/4B4/4A4/2BAK4 w,0.14903307,4731
2baka3/9/9/p1p4Rp/9/2P1C1R2/4r3c/4B4/4A4/2BAK4 b,-0.1425865,5669
2baka3/9/9/p1p4Rp/9/2P1C1R2/4r4/4B4/4A4/2BAK3c w,0.15384965,3095
2baka3/9/9/p1p5R/9/2P1C1R2/4r4/4B4/4A4/2BAK3c b,-0.15367882,8072
2baka3/9/9/p1p5R/9/2P1C1R2/4r3c/4B4/4A4/2BAK4 w,0.15202999,3181
2baka3/9/9/p1p1R4/9/2P1C1R2/4r3c/4B4/4A4/2BAK4 b,-0.13705982,283
2b1ka3/4a4/9/p1p1R4/9/2P1C1R2/4r3c/4B4/4A4/2BAK4 w,0.14466928,4268
2b1ka3/4a4/9/p1p1R4/2P6/4C1R2/4r3c/4B4/4A4/2BAK4 b,-0.13167536,2648
2b1ka3/4a4/9/p3R4/2p6/4C1R2/4r3c/4B4/4A4/2BAK4 w,0.14723742,4632
2b1ka3/4a4/9/p3R4/2p3R2/4C4/4r3c/4B4/4A4/2BAK4 b,-0.13651833,5269
2b1ka3/4a4/9/p3R4/2p3R2/4r4/8c/4B4/4A4/2BAK4 w,0.1464715,2839
2b1ka3/4a4/9/p8/2p3R2/4R4/8c/4B4/4A4/2BAK4 b,-0.14856978,5606
2b1ka3/4a4/8c/p8/2p3R2/4R4/9/4B4/4A4/2BAK4 w,0.15067379,3818
2b1ka3/4a4/8c/p8/2R6/4R4/9/4B4/4A4/2BAK4 b,-0.14328128,198
4ka3/4a4/b7c/p8/2R6/4R4/9/4B4/4A4/2BAK4 w,0.1627643,3440
4ka3/4a4/b1R5c/p8/9/4R4/9/4B4/4A4/2BAK4 b,-0.15584145,2361
4ka3/4a4/b1Rc5/p8/9/4R4/9/4B4/4A4/2BAK4 w,0.16142455,1818
4ka3/4a4/R2c5/p8/9/4R4/9/4B4/4A4/2BAK4 b,-0.15790874,1920
4ka3/4a4/R8/p2c5/9/4R4/9/4B4/4A4/2BAK4 w,0.17936063,1647
4ka3/4a4/9/R2c5/9/4R4/9/4B4/4A4/2BAK4 b,-0.15928946,363
3k1a3/4a4/9/R2c5/9/4R4/9/4B4/4A4/2BAK4 w,0.18172339,2460
3k1a3/4a4/9/3R5/9/4R4/9/4B4/4A4/2BAK4 b,-0.1849001,274
4ka3/4a4/9/3R5/9/4R4/9/4B4/4A4/2BAK4 w,0.2,6908
rnbakabnr/9/1c5c1/p1p1p1p1p/9/9/P1P1P1P1P/1C5C1/9/RNBAKABNR w,0.8018177,5827
rnbakabnr/9/1c5c1/p1p1p1p1p/9/9/P1P1P1P1P/4C2C1/9/RNBAKABNR b,-0.8017682,110
r1bakabnr/9/1cn4c1/p1p1p1p1p/9/9/P1P1P1P1P/4C2C1/9/RNBAKABNR w,0.8018261,7445
r1bakabnr/9/1cn4c1/p1p1p1p1p/9/9/P1P1P1P1P/2N1C2C1/9/R1BAKABNR b,-0.80183786,562
r1baka1nr/9/1cn1b2c1/p1p1p1p1p/9/9/P1P1P1P1P/2N1C2C1/9/R1BAKABNR w,0.8019466,7372
r1baka1nr/9/1cn1b2c1/p1p1p1p1p/9/9/P1P1P1P1P/2N1C2C1/9/1RBAKABNR b,-0.8017719,1
1rbaka1nr/9/1cn1b2c1/p1p1p1p1p/9/9/P1P1P1P1P/2N1C2C1/9/1RBAKABNR w,0.80169904,6368
1rbaka1nr/9/1cn1b2c1/p1p1p1p1p/9/9/P1P1P1P1P/2N1CC3/9/1RBAKABNR b,-0.80128574,654
1rbaka2r/9/1cn1b1nc1/p1p1p1p1p/9/9/P1P1P1P1P/2N1CC3/9/1RBAKABNR w,0.8015824,7989
1rbaka2r/9/1cn1b1nc1/p1p1p1p1p/9/9/P1P1P1P1P/2N1CCN2/9/1RBAKAB1R b,-0.8013484,3012
1rbaka2r/9/1cn1b1nc1/p1p1p3p/6p2/9/P1P1P1P1P/2N1CCN2/9/1RBAKAB1R w,0.80189395,8098
1rbaka2r/9/1cn1b1nc1/p1p1p3p/6p2/9/P1P1P1P1P/2N1CCN2/9/1RBAKABR1 b,-0.8020107,727
1rbaka1r1/9/1cn1b1nc1/p1p1p3p/6p2/9/P1P1P1P1P/2N1CCN2/9/1RBAKABR1 w,0.80251306,5087
1rbaka1r1/9/1cn1b1nc1/p1p1p3p/6p2/2P6/P3P1P1P/2N1CCN2/9/1RBAKABR1 b,-0.8022262,1765
1rbaka1r1/9/2n1b1nc1/p1p1p3p/6p2/2P6/Pc2P1P1P/2N1CCN2/9/1RBAKABR1 w,0.80522436,5898
1rbaka1r1/9/2n1b1nc1/p1p1p3p/6p2/2PN5/Pc2P1P1P/4CCN2/9/1RBAKABR1 b,-0.80644923,2311
1rbaka1r1/9/2n1b1n2/p1p1p3p/6p2/2PN5/Pc2P1PcP/4CCN2/9/1RBAKABR1 w,0.8078861,6143
1rbaka1r1/9/2n1bCn2/p1p1p3p/6p2/2PN5/Pc2P1PcP/4C1N2/9/1RBAKABR1 b,-0.8088873,1986
1rbakabr1/9/2n2Cn2/p1p1p3p/6p2/2PN5/Pc2P1PcP/4C1N2/9/1RBAKABR1 w,0.81776637,4351
1rbakabr1/9/2n2Cn2/p1p1N3p/6p2/2P6/Pc2P1PcP/4C1N2/9/1RBAKABR1 b,-0.804766,1831
1rbakabr1/9/5Cn2/p1p1n3p/6p2/2P6/Pc2P1PcP/4C1N2/9/1RBAKABR1 w,0.8050693,6061
1rbakabr1/9/5Cn2/p1p1C3p/6p2/2P6/Pc2P1PcP/6N2/9/1RBAKABR1 b,-0.7909604,109
2bakabr1/9/1r3Cn2/p1p1C3p/6p2/2P6/Pc2P1PcP/6N2/9/1RBAKABR1 w,0.80192703,2839
2bakabr1/9/1r3Cn2/p1p5p/6p2/2P1C4/Pc2P1PcP/6N2/9/1RBAKABR1 b,-0.7984221,1733
2bakabr1/9/5rn2/p1p5p/6p2/2P1C4/Pc2P1PcP/6N2/9/1RBAKABR1 w,0.80965346,7435
2bakabr1/9/5rn2/p1p5p/6p2/2P1C4/PR2P1PcP/6N2/9/2BAKABR1 b,-0.80703294,2201
2bakabr1/9/5r3/p1p5p/5np2/2P1C4/PR2P1PcP/6N2/9/2BAKABR1 w,0.8134917,4987
2bakabr1/9/5r3/p1p5p/1R3np2/2P1C4/P3P1PcP/6N2/9/2BAKABR1 b,-0.8084692,3750
2bakabr1/9/5r3/p1p5p/1R4p2/2P1C4/P3P1ncP/6N2/9/2BAKABR1 w,0.8199802,3372
2bakabr1/9/5r3/p1p5p/6R2/2P1C4/P3P1ncP/6N2/9/2BAKABR1 b,-0.80547106,5449
2bakabr1/9/5r3/p1p5p/6R2/2P1n4/P3P2cP/6N2/9/2BAKABR1 w,0.8058268,5269
2bakabr1/9/5r3/p1p5p/6R2/2P1P4/P6cP/6N2/9/2BAKABR1 b,-0.79952466,5560
2bakabr1/9/5r3/p1p5p/6R2/2P1P4/P7P/6Nc1/9/2BAKABR1 w,0.80920476,7999
2bakabr1/9/5r3/p1p5p/6R2/2P1P4/P7P/6Nc1/7R1/2BAKAB2 b,-0.7986315,2138
2bakabr1/9/9/p1p5p/6R2/2P1P4/P7P/5rNc1/7R1/2BAKAB2 w,0.80029345,3813
2bakabr1/9/9/p1p3R1p/9/2P1P4/P7P/5rNc1/7R1/2BAKAB2 b,-0.80019426,691
2bakab2/9/9/p1p3R1p/9/2P1P4/P6rP/5rNc1/7R1/2BAKAB2 w,0.8148692,2976
2bakaR2/9/9/p1p5p/9/2P1P4/P6rP/5rNc1/7R1/2BAKAB2 b,-0.8037907,5548
2bakaR2/9/9/p1p5p/9/2P1P4/P3r3P/5rNc1/7R1/2BAKAB2 w,0.8322136,7816
2bakaR2/9/9/p1p5p/9/2P1P4/P3r3P/5rNc1/4A2R1/2BAK1B2 b,-0.8202951,6371
2bakaR2/9/9/p1p5p/9/2P1P4/P3r3P/5rN1c/4A2R1/2BAK1B2 w,0.8308821,591
2baka3/9/9/p1p5p/9/2P1P1R2/P3r3P/5rN1c/4A2R1/2BAK1B2 b,-0.8075921,283
2b1ka3/4a4/9/p1p5p/9/2P1P1R2/P3r3P/5rN1c/4A2R1/2BAK1B2 w,0.84228486,7126
2b1ka3/4a2R1/9/p1p5p/9/2P1P1R2/P3r3P/5rN1c/4A4/2BAK1B2 b,-0.84600705,6479
2b1ka3/4a2R1/9/p1p5p/9/2P1P1R2/P3r3P/5rN2/4A4/2BAK1B1c w,0.88527954,7897
2b1ka3/4a2R1/9/p1p5p/9/2P1P1R2/P3r3P/4BrN2/4A4/2BAK3c b,-0.8677583,6187
2b1ka3/4a2R1/9/p1p5p/9/2P1P1R2/P3r3P/4r1N2/4A4/2BAK3c w,0.90429056,7537
2b1ka3/4a2R1/9/p1p5p/9/2P1P1R2/P3r3P/4B1N2/4A4/3AK3c b,-0.89910465,5287
2b1ka3/4a2R1/9/p1p5p/9/2P1P1R2/P7P/4r1N2/4A4/3AK3c w,0.90310305,6260
2b1ka3/4a2R1/9/p1p5p/9/2P1PNR2/P7P/4r4/4A4/3AK3c b,-0.892509,6079
2b1ka3/4a2R1/9/p1p5p/9/2P1rNR2/P7P/9/4A4/3AK3c w,0.9047143,4642
2b1ka3/4a2R1/9/p1p5p/9/2P1rN1R1/P7P/9/4A4/3AK3c b,-0.8972385,4457
2b1ka3/4a2R1/9/p1p5p/9/2r2N1R1/P7P/9/4A4/3AK3c w,0.9168253,4539
2b1ka3/4a2R1/9/p1p5p/3N5/2r4R1/P7P/9/4A4/3AK3c b,-0.9098564,4282
2b1ka3/4a2R1/9/p1p5p/3N5/7r1/P7P/9/4A4/3AK3c w,0.92043376,1492
2b1ka3/4a4/9/p1p5p/3N5/7R1/P7P/9/4A4/3AK3c b,-0.92029697,8090
2b1ka3/4a4/9/p1p5p/3N5/7R1/P7P/9/4A3c/3AK4 w,0.93922955,3542
2b1ka3/4a4/9/p1p2N2p/9/7R1/P7P/9/4A3c/3AK4 b,-0.9326788,7277
2b1ka3/4a4/9/p1p2N2p/9/7R1/P7P/9/4Ac3/3AK4 w,0.9423797,4727
2b1ka3/4a4/9/p1p2N2p/9/2R6/P7P/9/4Ac3/3AK4 b,-0.941164,7010
2b1ka3/4a4/9/p1p2N2p/9/2R6/P7P/9/4A3c/3AK4 w,0.9409375,4259
2b1ka3/4a4/9/p1R2N2p/9/9/P7P/9/4A3c/3AK4 b,-0.94108987,7289
2b1ka3/4a4/9/p1R2N2p/9/9/P7P/9/4A4/3AK3c w,0.9831892,2612
2R1ka3/4a4/9/p4N2p/9/9/P7P/9/4A4/3AK3c b,-0.9854976,1173
2Raka3/9/9/p4N2p/9/9/P7P/9/4A4/3AK3c w,0.99498177,2895
2Raka3/6N2/9/p7p/9/9/P7P/9/4A4/3AK3c b,-0.99589866,373
2Ra1a3/4k1N2/9/p7p/9/9/P7P/9/4A4/3AK3c w,1,191
rnbakabnr/9/1c5c1/p1p1p1p1p/9/9/P1P1P1P1P/1C5C1/9/RNBAKABNR w,-0.7981906,5827
rnbakabnr/9/1c5c1/p1p1p1p1p/9/9/P1P1P1P1P/4C2C1/9/RNBAKABNR b,0.79821944,110
r1bakabnr/9/1cn4c1/p1p1p1p1p/9/9/P1P1P1P1P/4C2C1/9/RNBAKABNR w,-0.79818076,7445
r1bakabnr/9/1cn4c1/p1p1p1p1p/9/9/P1P1P1P1P/2N1C2C1/9/R1BAKABNR b,0.7981536,562
r1baka1nr/9/1cn1b2c1/p1p1p1p1p/9/9/P1P1P1P1P/2N1C2C1/9/R1BAKABNR w,-0.7980648,7372
r1baka1nr/9/1cn1b2c1/p1p1p1p1p/9/9/P1P1P1P1P/2N1C2C1/9/1RBAKABNR b,0.7982252,1
1rbaka1nr/9/1cn1b2c1/p1p1p1p1p/9/9/P1P1P1P1P/2N1C2C1/9/1RBAKABNR w,-0.79828745,6368
1rbaka1nr/9/1cn1b2c1/p1p1p1p1p/9/9/P1P1P1P1P/2N1CC3/9/1RBAKABNR b,0.79872113,654
1rbaka2r/9/1cn1b1nc1/p1p1p1p1p/9/9/P1P1P1P1P/2N1CC3/9/1RBAKABNR w,-0.7983996,7989
1rbaka2r/9/1cn1b1nc1/p1p1p1p1p/9/9/P1P1P1P1P/2N1CCN2/9/1RBAKAB1R b,0.79865164,3012
1rbaka2r/9/1cn1b1nc1/p1p1p3p/6p2/9/P1P1P1P1P/2N1CCN2/9/1RBAKAB1R w,-0.798121,8098
1rbaka2r/9/1cn1b1nc1/p1p1p3p/6p2/9/P1P1P1P1P/2N1CCN2/9/1RBAKABR1 b,0.79809105,727
1rbaka1r1/9/1cn1b1nc1/p1p1p3p/6p2/9/P1P1P1P1P/2N1CCN2/9/1RBAKABR1 w,-0.79723823,5087
1rbaka1r1/9/1cn1b1nc1/p1p1p3p/6p2/2P6/P3P1P1P/2N1CCN2/9/1RBAKABR1 b,0.7978701,1765
1rbaka1r1/9/2n1b1nc1/p1p1p3p/6p2/2P6/Pc2P1P1P/2N1CCN2/9/1RBAKABR1 w,-0.7952885,5898
1rbaka1r1/9/2n1b1nc1/p1p1p3p/6p2/2PN5/Pc2P1P1P/4CCN2/9/1RBAKABR1 b,0.7934622,2311
1rbaka1r1/9/2n1b1n2/p1p1p3p/6p2/2PN5/Pc2P1PcP/4CCN2/9/1RBAKABR1 w,-0.7920583,6143
1rbaka1r1/9/2n1bCn2/p1p1p3p/6p2/2PN5/Pc2P1PcP/4C1N2/9/1RBAKABR1 b,0.7917056,1986
1rbakabr1/9/2n2Cn2/p1p1p3p/6p2/2PN5/Pc2P1PcP/4C1N2/9/1RBAKABR1 w,-0.78223366,4351
1rbakabr1/9/2n2Cn2/p1p1N3p/6p2/2P6/Pc2P1PcP/4C1N2/9/1RBAKABR1 b,0.795186,1831
1rbakabr1/9/5Cn2/p1p1n3p/6p2/2P6/Pc2P1PcP/4C1N2/9/1RBAKABR1 w,-0.79502404,6061
1rbakabr1/9/5Cn2/p1p1C3p/6p2/2P6/Pc2P1PcP/6N2/9/1RBAKABR1 b,0.80948305,109
2bakabr1/9/1r3Cn2/p1p1C3p/6p2/2P6/Pc2P1PcP/6N2/9/1RBAKABR1 w,-0.79817873,2839
2bakabr1/9/1r3Cn2/p1p5p/6p2/2P1C4/Pc2P1PcP/6N2/9/1RBAKABR1 b,0.80164355,1733
2bakabr1/9/5rn2/p1p5p/6p2/2P1C4/Pc2P1PcP/6N2/9/1RBAKABR1 w,-0.7903309,7435
2bakabr1/9/5rn2/p1p5p/6p2/2P1C4/PR2P1PcP/6N2/9/2BAKABR1 b,0.7944719,2201
2bakabr1/9/5r3/p1p5p/5np2/2P1C4/PR2P1PcP/6N2/9/2BAKABR1 w,-0.78657085,4987
2bakabr1/9/5r3/p1p5p/1R3np2/2P1C4/P3P1PcP/6N2/9/2BAKABR1 b,0.7917284,3750
2bakabr1/9/5r3/p1p5p/1R4p2/2P1C4/P3P1ncP/6N2/9/2BAKABR1 w,-0.7807274,3372
2bakabr1/9/5r3/p1p5p/6R2/2P1C4/P3P1ncP/6N2/9/2BAKABR1 b,0.7946244,5449
2bakabr1/9/5r3/p1p5p/6R2/2P1n4/P3P2cP/6N2/9/2BAKABR1 w,-0.7941465,5269
2bakabr1/9/5r3/p1p5p/6R2/2P1P4/P6cP/6N2/9/2BAKABR1 b,0.80097336,2129
2bakabr1/9/9/p1p5p/6R2/2P1P4/P4r1cP/6N2/9/2BAKABR1 w,-0.79643303,3813
2bakabr1/9/9/p1p3R1p/9/2P1P4/P4r1cP/6N2/9/2BAKABR1 b,0.8009316,5378
2bakabr1/9/9/p1p3R1p/9/2P1P4/P6cP/5rN2/9/2BAKABR1 w,-0.7821683,7999
2bakabr1/9/9/p1p3R1p/9/2P1P4/P6cP/5rN2/7R1/2BAKAB2 b,0.8026009,673
2bakab2/9/9/p1p3R1p/7r1/2P1P4/P6cP/5rN2/7R1/2BAKAB2 w,-0.7742088,2976
2bakaR2/9/9/p1p5p/7r1/2P1P4/P6cP/5rN2/7R1/2BAKAB2 b,0.78607213,6179
2bakaR2/9/9/p1p5p/7r1/2P1P4/P4r1cP/6N2/7R1/2BAKAB2 w,-0.77583313,573
2baka3/9/9/p1p3R1p/7r1/2P1P4/P4r1cP/6N2/7R1/2BAKAB2 b,0.7879486,5378
2baka3/9/9/p1p3R1p/7r1/2P1P4/P6cP/5rN2/7R1/2BAKAB2 w,-0.7570659,7186
2baka3/9/9/p1p3R1p/7r1/2P1P4/P6cP/5rN2/4R4/2BAKAB2 b,0.7746987,3909
2baka3/9/9/p1p3R1p/3r5/2P1P4/P6cP/5rN2/4R4/2BAKAB2 w,-0.7584089,4450
2baka3/9/9/p1p3R1p/3rP4/2P6/P6cP/5rN2/4R4/2BAKAB2 b,0.7835122,3567
2baka3/9/9/p1p3R1p/4P4/2P6/P2r3cP/5rN2/4R4/2BAKAB2 w,-0.7646256,6907
2baka3/9/9/p1p3R1p/4P4/2P6/P2r3cP/4RrN2/9/2BAKAB2 b,0.7768998,6187
2baka3/9/9/p1p3R1p/4P4/2P6/P2r3cP/4r1N2/9/2BAKAB2 w,-0.78010684,7537
2baka3/9/9/p1p3R1p/4P4/2P6/P2r3cP/4B1N2/9/3AKAB2 b,0.7946163,5544
2baka3/9/9/p1p3R1p/4P4/2P6/c2r4P/4B1N2/9/3AKAB2 w,-0.791302,2999
2baka3/9/9/p1R5p/4P4/2P6/c2r4P/4B1N2/9/3AKAB2 b,0.7952171,5190
2baka3/9/9/p1R5p/4P4/2P6/c5r1P/4B1N2/9/3AKAB2 w,-0.79396194,6286
2baka3/9/9/p1R5p/4P4/2P6/c5r1P/4B4/4N4/3AKAB2 b,0.80026895,4918
2baka3/9/9/p1R5p/4P4/2P6/4c1r1P/4B4/4N4/3AKAB2 w,-0.7937528,2612
2Raka3/9/9/p7p/4P4/2P6/4c1r1P/4B4/4N4/3AKAB2 b,0.8074016,5459
2Raka3/9/9/p7p/4P4/2P6/4cr2P/4B4/4N4/3AKAB2 w,-0.79354477,181
1R1aka3/9/9/p7p/4P4/2P6/4cr2P/4B4/4N4/3AKAB2 b,0.8040211,5269
1R1aka3/9/9/p7p/4P4/2P1c4/5r2P/4B4/4N4/3AKAB2 w,-0.79736614,118
3aka3/9/9/pR6p/4P4/2P1c4/5r2P/4B4/4N4/3AKAB2 b,0.80560434,463
3ak4/4a4/9/pR6p/4P4/2P1c4/5r2P/4B4/4N4/3AKAB2 w,-0.79486126,2547
3ak4/4a4/9/R7p/4P4/2P1c4/5r2P/4B4/4N4/3AKAB2 b,0.8151086,365
3a1k3/4a4/9/R7p/4P4/2P1c4/5r2P/4B4/4N4/3AKAB2 w,-0.82600415,3641
3a1k3/4a4/9/R7p/5P3/2P1c4/5r2P/4B4/4N4/3AKAB2 b,0.9302087,5351
3a1k3/4a4/9/R7p/5r3/2P1c4/8P/4B4/4N4/3AKAB2 w,-0.9139125,2462
3a1k3/4a4/9/5R2p/5r3/2P1c4/8P/4B4/4N4/3AKAB2 b,0.9304674,3722
3a1k3/4a4/9/5r2p/9/2P1c4/8P/4B4/4N4/3AKAB2 w,-0.9206486,7901
3a1k3/4a4/9/5r2p/9/2P1c4/8P/4B3B/4N4/3AKA3 b,1,2966
rnbakabnr/9/1c5c1/p1p1p1p1p/9/9/P1P1P1P1P/1C5C1/9/RNBAKABNR w,0.80182725,5827
rnbakabnr/9/1c5c1/p1p1p1p1p/9/9/P1P1P1P1P/4C2C1/9/RNBAKABNR b,-0.8017787,110
r1bakabnr/9/1cn4c1/p1p1p1p1p/9/9/P1P1P1P1P/4C2C1/9/RNBAKABNR w,0.80181926,7445
r1bakabnr/9/1cn4c1/p1p1p1p1p/9/9/P1P1P1P1P/2N1C2C1/9/R1BAKABNR b,-0.80183524,562
r1baka1nr/9/1cn1b2c1/p1p1p1p1p/9/9/P1P1P1P1P/2N1C2C1/9/R1BAKABNR w,0.8019492,7372
r1baka1nr/9/1cn1b2c1/p1p1p1p1p/9/9/P1P1P1P1P/2N1C2C1/9/1RBAKABNR b,-0.80177355,1
1rbaka1nr/9/1cn1b2c1/p1p1p1p1p/9/9/P1P1P1P1P/2N1C2C1/9/1RBAKABNR w,0.8017126,6368
1rbaka1nr/9/1cn1b2c1/p1p1p1p1p/9/9/P1P1P1P1P/2N1CC3/9/1RBAKABNR b,-0.8012889,654
1rbaka2r/9/1cn1b1nc1/p1p1p1p1p/9/9/P1P1P1P1P/2N1CC3/9/1RBAKABNR w,0.8015947,7989
1rbaka2r/9/1cn1b1nc1/p1p1p1p1p/9/9/P1P1P1P1P/2N1CCN2/9/1RBAKAB1R b,-0.80153334,3012
1rbaka2r/9/1cn1b1nc1/p1p1p3p/6p2/9/P1P1P1P1P/2N1CCN2/9/1RBAKAB1R w,0.8018736,8098
1rbaka2r/9/1cn1b1nc1/p1p1p3p/6p2/9/P1P1P1P1P/2N1CCN2/9/1RBAKABR1 b,-0.80201256,727
1rbaka1r1/9/1cn1b1nc1/p1p1p3p/6p2/9/P1P1P1P1P/2N1CCN2/9/1RBAKABR1 w,0.8027927,5087
1rbaka1r1/9/1cn1b1nc1/p1p1p3p/6p2/2P6/P3P1P1P/2N1CCN2/9/1RBAKABR1 b,-0.8021547,1765
1rbaka1r1/9/2n1b1nc1/p1p1p3p/6p2/2P6/Pc2P1P1P/2N1CCN2/9/1RBAKABR1 w,0.8047115,5898
1rbaka1r1/9/2n1b1nc1/p1p1p3p/6p2/2PN5/Pc2P1P1P/4CCN2/9/1RBAKABR1 b,-0.80619776,2311
1rbaka1r1/9/2n1b1n2/p1p1p3p/6p2/2PN5/Pc2P1PcP/4CCN2/9/1RBAKABR1 w,0.8078539,6143
1rbaka1r1/9/2n1bCn2/p1p1p3p/6p2/2PN5/Pc2P1PcP/4C1N2/9/1RBAKABR1 b,-0.80879986,1986
1rbakabr1/9/2n2Cn2/p1p1p3p/6p2/2PN5/Pc2P1PcP/4C1N2/9/1RBAKABR1 w,0.81888914,4351
1rbakabr1/9/2n2Cn2/p1p1N3p/6p2/2P6/Pc2P1PcP/4C1N2/9/1RBAKABR1 b,-0.80477434,1831
1rbakabr1/9/5Cn2/p1p1n3p/6p2/2P6/Pc2P1PcP/4C1N2/9/1RBAKABR1 w,0.8052221,6061
1rbakabr1/9/5Cn2/p1p1C3p/6p2/2P6/Pc2P1PcP/6N2/9/1RBAKABR1 b,-0.7909029,109
2bakabr1/9/1r3Cn2/p1p1C3p/6p2/2P6/Pc2P1PcP/6N2/9/1RBAKABR1 w,0.8020568,2839
2bakabr1/9/1r3Cn2/p1p5p/6p2/2P1C4/Pc2P1PcP/6N2/9/1RBAKABR1 b,-0.79821455,1733
2bakabr1/9/5rn2/p1p5p/6p2/2P1C4/Pc2P1PcP/6N2/9/1RBAKABR1 w,0.80965835,7435
2bakabr1/9/5rn2/p1p5p/6p2/2P1C4/PR2P1PcP/6N2/9/2BAKABR1 b,-0.806357,2201
2bakabr1/9/5r3/p1p5p/5np2/2P1C4/PR2P1PcP/6N2/9/2BAKABR1 w,0.8136086,4987
2bakabr1/9/5r3/p1p5p/1R3np2/2P1C4/P3P1PcP/6N2/9/2BAKABR1 b,-0.8081508,3750
2bakabr1/9/5r3/p1p5p/1R4p2/2P1C4/P3P1ncP/6N2/9/2BAKABR1 w,0.8192688,3372
2bakabr1/9/5r3/p1p5p/6R2/2P1C4/P3P1ncP/6N2/9/2BAKABR1 b,-0.80547106,5449
2bakabr1/9/5r3/p1p5p/6R2/2P1n4/P3P2cP/6N2/9/2BAKABR1 w,0.80574983,5269
2bakabr1/9/5r3/p1p5p/6R2/2P1P4/P6cP/6N2/9/2BAKABR1 b,-0.79964405,5560
2bakabr1/9/5r3/p1p5p/6R2/2P1P4/P7P/6Nc1/9/2BAKABR1 w,0.8090375,7999
2bakabr1/9/5r3/p1p5p/6R2/2P1P4/P7P/6Nc1/7R1/2BAKAB2 b,-0.7986552,2138
2bakabr1/9/9/p1p5p/6R2/2P1P4/P7P/5rNc1/7R1/2BAKAB2 w,0.8004698,3813
2bakabr1/9/9/p1p3R1p/9/2P1P4/P7P/5rNc1/7R1/2BAKAB2 b,-0.80019426,691
2bakab2/9/9/p1p3R1p/9/2P1P4/P6rP/5rNc1/7R1/2BAKAB2 w,0.8142796,2976
2bakaR2/9/9/p1p5p/9/2P1P4/P6rP/5rNc1/7R1/2BAKAB2 b,-0.8049367,5548
2bakaR2/9/9/p1p5p/9/2P1P4/P3r3P/5rNc1/7R1/2BAKAB2 w,0.8347626,7816
2bakaR2/9/9/p1p5p/9/2P1P4/P3r3P/5rNc1/4A2R1/2BAK1B2 b,-0.8200856,6371
2bakaR2/9/9/p1p5p/9/2P1P4/P3r3P/5rN1c/4A2R1/2BAK1B2 w,0.8581888,7117
2bakaRR1/9/9/p1p5p/9/2P1P4/P3r3P/5rN1c/4A4/2BAK1B2 b,-0.86498094,6479
2bakaRR1/9/9/p1p5p/9/2P1P4/P3r3P/5rN2/4A4/2BAK1B1c w,0.8830232,7897
2bakaRR1/9/9/p1p5p/9/2P1P4/P3r3P/4BrN2/4A4/2BAK3c b,-0.8705625,6189
2bakaRR1/9/9/p1p5p/9/2P1P4/P3r3P/4B1r2/4A4/2BAK3c w,0.8856482,609
2baka1R1/9/9/p1p5p/9/2P1P4/P3r3P/4B1R2/4A4/2BAK3c b,-0.8761463,283
2b1ka1R1/4a4/9/p1p5p/9/2P1P4/P3r3P/4B1R2/4A4/2BAK3c w,0.88519055,664
2b1ka3/4a4/9/p1p4Rp/9/2P1P4/P3r3P/4B1R2/4A4/2BAK3c b,-0.88345593,5282
2b1ka3/4a4/9/p1p4Rp/9/2P1P4/P7r/4B1R2/4A4/2BAK3c w,0.89189065,6243
2b1ka3/4a4/9/p1p3RRp/9/2P1P4/P7r/4B4/4A4/2BAK3c b,-0.9008085,5651
2b1ka3/4a4/9/p1p3RRp/9/2P1P4/P8/4B3r/4A4/2BAK3c w,0.9049625,2999
2b1ka3/4a4/9/p1R4Rp/9/2P1P4/P8/4B3r/4A4/2BAK3c b,-0.8987283,202
4ka3/4a4/4b4/p1R4Rp/9/2P1P4/P8/4B3r/4A4/2BAK3c w,0.9001316,2637
4ka3/4a4/4b4/R6Rp/9/2P1P4/P8/4B3r/4A4/2BAK3c b,-0.88732374,1986
4kab2/4a4/9/R6Rp/9/2P1P4/P8/4B3r/4A4/2BAK3c w,0.9297561,3091
4kab2/4a4/9/R3R3p/9/2P1P4/P8/4B3r/4A4/2BAK3c b,-0.9263994,363
3k1ab2/4a4/9/R3R3p/9/2P1P4/P8/4B3r/4A4/2BAK3c w,0.9404703,2820
3k1ab2/4a4/9/R2R4p/9/2P1P4/P8/4B3r/4A4/2BAK3c b,-0.9384124,274
4kab2/4a4/9/R2R4p/9/2P1P4/P8/4B3r/4A4/2BAK3c w,0.94542015,2430
R3kab2/4a4/9/3R4p/9/2P1P4/P8/4B3r/4A4/2BAK3c b,-0.94731975,1173
R2akab2/9/9/3R4p/9/2P1P4/P8/4B3r/4A4/2BAK3c w,0.95343083,2703
R2Rkab2/9/9/8p/9/2P1P4/P8/4B3r/4A4/2BAK3c b,-0.95803314,373
R2R1ab2/4k4/9/8p/9/2P1P4/P8/4B3r/4A4/2BAK3c w,0.9624185,9
3R1ab2/R3k4/9/8p/9/2P1P4/P8/4B3r/4A4/2BAK3c b,-0.9635356,1192
3R1ab2/R8/4k4/8p/9/2P1P4/P8/4B3r/4A4/2BAK3c w,0.9666888,274
4Rab2/R8/4k4/8p/9/2P1P4/P8/4B3r/4A4/2BAK3c b,-0.9586264,2003
4Rab2/R8/5k3/8p/9/2P1P4/P8/4B3r/4A4/2BAK3c w,0.9558642,365
5Rb2/R8/5k3/8p/9/2P1P4/P8/4B3r/4A4/2BAK3c b,-0.95566046,2092
5Rb2/R8/4k4/8p/9/2P1P4/P8/4B3r/4A4/2BAK3c w,0.9769831,527
6b2/R8/4k4/8p/9/2P1P4/P8/4B3r/4AR3/2BAK3c b,-0.9641586,6434
6b2/R8/4k4/8p/8r/2P1P4/P8/4B4/4AR3/2BAK3c w,0.97197795,7008
6b2/R8/4k4/8p/8r/2P1P4/P8/4B4/4A1R2/2BAK3c b,-0.96529776,4003
6b2/R8/4k4/8p/7r1/2P1P4/P8/4B4/4A1R2/2BAK3c w,1,7044
rnbakabnr/9/1c5c1/p1p1p1p1p/9/9/P1P1P1P1P/1C5C1/9/RNBAKABNR w,-0.7981728,5827
rnbakabnr/9/1c5c1/p1p1p1p1p/9/9/P1P1P1P1P/4C2C1/9/RNBAKABNR b,0.7982345,110
r1bakabnr/9/1cn4c1/p1p1p1p1p/9/9/P1P1P1P1P/4C2C1/9/RNBAKABNR w,-0.79817563,7445
r1bakabnr/9/1cn4c1/p1p1p1p1p/9/9/P1P1P1P1P/2N1C2C1/9/R1BAKABNR b,0.7981495,562
r1baka1nr/9/1cn1b2c1/p1p1p1p1p/9/9/P1P1P1P1P/2N1C2C1/9/R1BAKABNR w,-0.79802746,7372
r1baka1nr/9/1cn1b2c1/p1p1p1p1p/9/9/P1P1P1P1P/2N1C2C1/9/1RBAKABNR b,0.7982337,1
1rbaka1nr/9/1cn1b2c1/p1p1p1p1p/9/9/P1P1P1P1P/2N1C2C1/9/1RBAKABNR w,-0.79831344,6368
1rbaka1nr/9/1cn1b2c1/p1p1p1p1p/9/9/P1P1P1P1P/2N1CC3/9/1RBAKABNR b,0.7987312,654
1rbaka2r/9/1cn1b1nc1/p1p1p1p1p/9/9/P1P1P1P1P/2N1CC3/9/1RBAKABNR w,-0.79842234,7989
1rbaka2r/9/1cn1b1nc1/p1p1p1p1p/9/9/P1P1P1P1P/2N1CCN2/9/1RBAKAB1R b,0.7986314,3012
1rbaka2r/9/1cn1b1nc1/p1p1p3p/6p2/9/P1P1P1P1P/2N1CCN2/9/1RBAKAB1R w,-0.7981244,8098
1rbaka2r/9/1cn1b1nc1/p1p1p3p/6p2/9/P1P1P1P1P/2N1CCN2/9/1RBAKABR1 b,0.7979827,727
1rbaka1r1/9/1cn1b1nc1/p1p1p3p/6p2/9/P1P1P1P1P/2N1CCN2/9/1RBAKABR1 w,-0.7974455,5087
1rbaka1r1/9/1cn1b1nc1/p1p1p3p/6p2/2P6/P3P1P1P/2N1CCN2/9/1RBAKABR1 b,0.79784644,1765
1rbaka1r1/9/2n1b1nc1/p1p1p3p/6p2/2P6/Pc2P1P1P/2N1CCN2/9/1RBAKABR1 w,-0.79499346,5898
1rbaka1r1/9/2n1b1nc1/p1p1p3p/6p2/2PN5/Pc2P1P1P/4CCN2/9/1RBAKABR1 b,0.7936065,2311
1rbaka1r1/9/2n1b1n2/p1p1p3p/6p2/2PN5/Pc2P1PcP/4CCN2/9/1RBAKABR1 w,-0.7920583,6143
1rbaka1r1/9/2n1bCn2/p1p1p3p/6p2/2PN5/Pc2P1PcP/4C1N2/9/1RBAKABR1 b,0.790961,1986
1rbakabr1/9/2n2Cn2/p1p1p3p/6p2/2PN5/Pc2P1PcP/4C1N2/9/1RBAKABR1 w,-0.7821081,4351
1rbakabr1/9/2n2Cn2/p1p1N3p/6p2/2P6/Pc2P1PcP/4C1N2/9/1RBAKABR1 b,0.7952187,1831
1rbakabr1/9/5Cn2/p1p1n3p/6p2/2P6/Pc2P1PcP/4C1N2/9/1RBAKABR1 w,-0.79502404,6061
1rbakabr1/9/5Cn2/p1p1C3p/6p2/2P6/Pc2P1PcP/6N2/9/1RBAKABR1 b,0.80903965,109
2bakabr1/9/1r3Cn2/p1p1C3p/6p2/2P6/Pc2P1PcP/6N2/9/1RBAKABR1 w,-0.79797375,2839
2bakabr1/9/1r3Cn2/p1p5p/6p2/2P1C4/Pc2P1PcP/6N2/9/1RBAKABR1 b,0.80164355,1733
2bakabr1/9/5rn2/p1p5p/6p2/2P1C4/Pc2P1PcP/6N2/9/1RBAKABR1 w,-0.7900304,7435
2bakabr1/9/5rn2/p1p5p/6p2/2P1C4/PR2P1PcP/6N2/9/2BAKABR1 b,0.7925363,2138
2bakabr1/9/6n2/p1p5p/6p2/2P1C4/PR2P1PcP/5rN2/9/2BAKABR1 w,-0.78401625,6290
2bakabr1/9/6n2/p1p5p/6p2/2P1C4/PR2P1PcP/5r3/8N/2BAKABR1 b,0.7944481,5569
2bakabr1/9/6n2/p1p5p/6p2/2P1C4/PR2P1P1P/5r3/7cN/2BAKABR1 w,-0.7909959,7816
2bakabr1/9/6n2/p1p5p/6p2/2P1C4/PR2P1P1P/5r3/4A2cN/2BAK1BR1 b,0.80143595,6197
2bakabr1/9/6n2/p1p5p/6p2/2P1C4/PR2P1P1P/9/4Ar1cN/2BAK1BR1 w,-0.7991642,5007
2bakabr1/9/6n2/p1p5p/6p2/2P1C4/P2RP1P1P/9/4Ar1cN/2BAK1BR1 b,0.80767584,2201
2bakabr1/9/9/p1p5p/5np2/2P1C4/P2RP1P1P/9/4Ar1cN/2BAK1BR1 w,-0.8044699,4450
2bakabr1/9/9/p1p5p/4Cnp2/2P6/P2RP1P1P/9/4Ar1cN/2BAK1BR1 b,0.8102643,3750
2bakabr1/9/9/p1p5p/4C1p2/2P6/P2RP1n1P/9/4Ar1cN/2BAK1BR1 w,-0.8052364,5160
2bakabr1/9/9/p1pR4p/4C1p2/2P6/P3P1n1P/9/4Ar1cN/2BAK1BR1 b,0.8245422,6971
2bakabr1/9/9/p1pR4p/4Crp2/2P6/P3P1n1P/9/4A2cN/2BAK1BR1 w,-0.81980294,5269
2bakabr1/9/9/p1pR4p/4Crp2/2P1P4/P5n1P/9/4A2cN/2BAK1BR1 b,0.8494163,5477
2bakabr1/9/9/p1pR4p/4Crp2/2P1P4/P7P/9/4An1cN/2BAK1BR1 w,-0.8440931,2703
2bRkabr1/9/9/p1p5p/4Crp2/2P1P4/P7P/9/4An1cN/2BAK1BR1 b,0.97064376,363
2bk1abr1/9/9/p1p5p/4Crp2/2P1P4/P7P/9/4An1cN/2BAK1BR1 w,-0.9756654,7999
2bk1abr1/9/9/p1p5p/4Crp2/2P1P4/P7P/9/4An1RN/2BAK1B2 b,0.9777609,709
2bk1ab2/9/9/p1p5p/4Crp2/2P1P4/P7P/9/4An1rN/2BAK1B2 w,-0.97344446,7261
2bk1ab2/9/9/p1p5p/4Crp2/2P1P4/P6NP/9/4An1r1/2BAK1B2 b,0.98149043,7171
2bk1ab2/9/9/p1p5p/4Crp2/2P1P4/P6rP/9/4An3/2BAK1B2 w,-0.98036027,3631
2bk1ab2/9/9/p1p1C3p/5rp2/2P1P4/P6rP/9/4An3/2BAK1B2 b,0.9811893,3831
2bk1ab2/9/9/p1p1C3p/5r3/2P1P1p2/P6rP/9/4An3/2BAK1B2 w,-0.980059,2817
2bk1ab2/9/9/C1p5p/5r3/2P1P1p2/P6rP/9/4An3/2BAK1B2 b,0.98628724,5578
2bk1ab2/9/9/C1p5p/5r3/2P1P1p2/P7P/9/4An3/2BAK1Br1 w,-0.981614,2430
C1bk1ab2/9/9/2p5p/5r3/2P1P1p2/P7P/9/4An3/2BAK1Br1 b,0.98053503,202
C2k1ab2/9/4b4/2p5p/5r3/2P1P1p2/P7P/9/4An3/2BAK1Br1 w,-0.98353326,9
3k1ab2/C8/4b4/2p5p/5r3/2P1P1p2/P7P/9/4An3/2BAK1Br1 b,0.9864108,8007
3k1ab2/C8/4b4/2p5p/5r3/2P1P1p2/P7P/9/4An3/2BAK1r2 w,-0.98694175,6926
3k1ab2/C8/4b4/2p5p/5r3/2P1P1p2/P7P/9/5n3/2BAKAr2 b,0.9910128,7916
3k1ab2/C8/4b4/2p5p/5r3/2P1P1p2/P7P/9/5n3/2BAKr3 w,-0.9900883,7726
3k1ab2/C8/4b4/2p5p/5r3/2P1P1p2/P7P/9/4Kn3/2BA1r3 b,0.99051034,6988
3k1ab2/C8/4b4/2p5p/5r3/2P1P1p2/P3n3P/9/4K4/2BA1r3 w,-0.98465395,837
3k1ab2/9/4b4/C1p5p/5r3/2P1P1p2/P3n3P/9/4K4/2BA1r3 b,0.99799085,3767
3k1ab2/9/4b4/C1p5p/9/2P1P1p2/P3n3P/9/4Kr3/2BA1r3 w,-0.9968881,6907
3k1ab2/9/4b4/C1p5p/9/2P1P1p2/P3n3P/4K4/5r3/2BA1r3 b,0.9980502,7825
3k1ab2/9/4b4/C1p5p/9/2P1P1p2/P3n3P/4K4/5r3/2BAr4 w,-0.9978119,7636
3k1ab2/9/4b4/C1p5p/9/2P1P1p2/P3n3P/4K4/4Ar3/2B1r4 b,0.99844444,7006
3k1ab2/9/4b4/C1p5p/9/2P1P1p2/P3n3P/4K4/4r4/2B1r4 w,-0.9985544,6098
3k1ab2/9/4b4/C1p5p/9/2P1P1p2/P3n3P/5K3/4r4/2B1r4 b,0.99677914,5297
3k1ab2/9/4b4/C1p5p/9/2P1P1p2/P7P/5K3/4rn3/2B1r4 w,-0.9896562,2430
C2k1ab2/9/4b4/2p5p/9/2P1P1p2/P7P/5K3/4rn3/2B1r4 b,0.9967857,7739
C2k1ab2/9/4b4/2p5p/9/2P1P1p2/P7P/5K3/4rn3/2B5r w,-0.9980496,5
3k1Cb2/9/4b4/2p5p/9/2P1P1p2/P7P/5K3/4rn3/2B5r b,0.99948376,8090
3k1Cb2/9/4b4/2p5p/9/2P1P1p2/P7P/5K3/4rn2r/2B6 w,-0.9988443,464
3k2b2/5C3/4b4/2p5p/9/2P1P1p2/P7P/5K3/4rn2r/2B6 b,1,7271
rnbakabnr/9/1c5c1/p1p1p1p1p/9/9/P1P1P1P1P/1C5C1/9/RNBAKABNR w,0.80182725,5827
rnbakabnr/9/1c5c1/p1p1p1p1p/9/9/P1P1P1P1P/4C2C1/9/RNBAKABNR b,-0.8017655,110
r1bakabnr/9/1cn4c1/p1p1p1p1p/9/9/P1P1P1P1P/4C2C1/9/RNBAKABNR w,0.8018261,7445
r1bakabnr/9/1cn4c1/p1p1p1p1p/9/9/P1P1P1P1P/2N1C2C1/9/R1BAKABNR b,-0.8018273,562
r1baka1nr/9/1cn1b2c1/p1p1p1p1p/9/9/P1P1P1P1P/2N1C2C1/9/R1BAKABNR w,0.8019525,7372
r1baka1nr/9/1cn1b2c1/p1p1p1p1p/9/9/P1P1P1P1P/2N1C2C1/9/1RBAKABNR b,-0.80176973,1
1rbaka1nr/9/1cn1b2c1/p1p1p1p1p/9/9/P1P1P1P1P/2N1C2C1/9/1RBAKABNR w,0.8016867,6368
1rbaka1nr/9/1cn1b2c1/p1p1p1p1p/9/9/P1P1P1P1P/2N1CC3/9/1RBAKABNR b,-0.8012761,654
1rbaka2r/9/1cn1b1nc1/p1p1p1p1p/9/9/P1P1P1P1P/2N1CC3/9/1RBAKABNR w,0.8016004,7989
1rbaka2r/9/1cn1b1nc1/p1p1p1p1p/9/9/P1P1P1P1P/2N1CCN2/9/1RBAKAB1R b,-0.8015005,3012
1rbaka2r/9/1cn1b1nc1/p1p1p3p/6p2/9/P1P1P1P1P/2N1CCN2/9/1RBAKAB1R w,0.8018736,8098
1rbaka2r/9/1cn1b1nc1/p1p1p3p/6p2/9/P1P1P1P1P/2N1CCN2/9/1RBAKABR1 b,-0.80202645,727
1rbaka1r1/9/1cn1b1nc1/p1p1p3p/6p2/9/P1P1P1P1P/2N1CCN2/9/1RBAKABR1 w,0.80251306,5087
1rbaka1r1/9/1cn1b1nc1/p1p1p3p/6p2/2P6/P3P1P1P/2N1CCN2/9/1RBAKABR1 b,-0.8021299,1765
1rbaka1r1/9/2n1b1nc1/p1p1p3p/6p2/2P6/Pc2P1P1P/2N1CCN2/9/1RBAKABR1 w,0.8047727,5898
1rbaka1r1/9/2n1b1nc1/p1p1p3p/6p2/2PN5/Pc2P1P1P/4CCN2/9/1RBAKABR1 b,-0.8064419,2311
1rbaka1r1/9/2n1b1n2/p1p1p3p/6p2/2PN5/Pc2P1PcP/4CCN2/9/1RBAKABR1 w,0.80783546,6143
1rbaka1r1/9/2n1bCn2/p1p1p3p/6p2/2PN5/Pc2P1PcP/4C1N2/9/1RBAKABR1 b,-0.80890244,1986
1rbakabr1/9/2n2Cn2/p1p1p3p/6p2/2PN5/Pc2P1PcP/4C1N2/9/1RBAKABR1 w,0.81814575,4351
1rbakabr1/9/2n2Cn2/p1p1N3p/6p2/2P6/Pc2P1PcP/4C1N2/9/1RBAKABR1 b,-0.8047813,1831
1rbakabr1/9/5Cn2/p1p1n3p/6p2/2P6/Pc2P1PcP/4C1N2/9/1RBAKABR1 w,0.80500394,6061
1rbakabr1/9/5Cn2/p1p1C3p/6p2/2P6/Pc2P1PcP/6N2/9/1RBAKABR1 b,-0.79075825,109
2bakabr1/9/1r3Cn2/p1p1C3p/6p2/2P6/Pc2P1PcP/6N2/9/1RBAKABR1 w,0.8022862,2839
2bakabr1/9/1r3Cn2/p1p5p/6p2/2P1C4/Pc2P1PcP/6N2/9/1RBAKABR1 b,-0.79825854,1733
2bakabr1/9/5rn2/p1p5p/6p2/2P1C4/Pc2P1PcP/6N2/9/1RBAKABR1 w,0.8097087,7435
2bakabr1/9/5rn2/p1p5p/6p2/2P1C4/PR2P1PcP/6N2/9/2BAKABR1 b,-0.8070279,2201
2bakabr1/9/5r3/p1p5p/5np2/2P1C4/PR2P1PcP/6N2/9/2BAKABR1 w,0.8136086,4987
2bakabr1/9/5r3/p1p5p/1R3np2/2P1C4/P3P1PcP/6N2/9/2BAKABR1 b,-0.8084045,3750
2bakabr1/9/5r3/p1p5p/1R4p2/2P1C4/P3P1ncP/6N2/9/2BAKABR1 w,0.82004386,3372
2bakabr1/9/5r3/p1p5p/6R2/2P1C4/P3P1ncP/6N2/9/2BAKABR1 b,-0.80544937,5449
2bakabr1/9/5r3/p1p5p/6R2/2P1n4/P3P2cP/6N2/9/2BAKABR1 w,0.8057559,5269
2bakabr1/9/5r3/p1p5p/6R2/2P1P4/P6cP/6N2/9/2BAKABR1 b,-0.79940635,5560
2bakabr1/9/5r3/p1p5p/6R2/2P1P4/P7P/6Nc1/9/2BAKABR1 w,0.8083516,7999
2bakabr1/9/5r3/p1p5p/6R2/2P1P4/P7P/6Nc1/7R1/2BAKAB2 b,-0.7982415,2138
2bakabr1/9/9/p1p5p/6R2/2P1P4/P7P/5rNc1/7R1/2BAKAB2 w,0.8004698,3813
2bakabr1/9/9/p1p3R1p/9/2P1P4/P7P/5rNc1/7R1/2BAKAB2 b,-0.80019426,691
2bakab2/9/9/p1p3R1p/9/2P1P4/P6rP/5rNc1/7R1/2BAKAB2 w,0.81461,2976
2bakaR2/9/9/p1p5p/9/2P1P4/P6rP/5rNc1/7R1/2BAKAB2 b,-0.8049367,5548
2bakaR2/9/9/p1p5p/9/2P1P4/P3r3P/5rNc1/7R1/2BAKAB2 w,0.82755077,7636
2bakaR2/9/9/p1p5p/9/2P1P4/P3r3P/5rNc1/4A2R1/2B1KAB2 b,-0.81541157,6361
2bakaR2/9/9/p1p5p/9/2P1P4/P3r2cP/5rN2/4A2R1/2B1KAB2 w,0.8689541,7171
2bakaR2/9/9/p1p5p/9/2P1P4/P3r2RP/5rN2/4A4/2B1KAB2 b,-0.85254973,5281
2bakaR2/9/9/p1p5p/9/2P1P4/P6rP/5rN2/4A4/2B1KAB2 w,0.86073655,6908
2bakaR2/9/9/p1p5p/9/2P1P4/P6rP/5AN2/9/2B1KAB2 b,-0.8513262,5544
2bakaR2/9/9/p1p5p/9/2P1P4/r7P/5AN2/9/2B1KAB2 w,0.8619698,6260
2bakaR2/9/9/p1p5p/9/2P1PN3/r7P/5A3/9/2B1KAB2 b,-0.8579301,4922
2bakaR2/9/9/p1p5p/9/2P1PN3/8r/5A3/9/2B1KAB2 w,0.8680255,4543
2bakaR2/9/9/p1p5p/7N1/2P1P4/8r/5A3/9/2B1KAB2 b,-0.85716873,5638
2bakaR2/9/9/p1p5p/7N1/2P1P4/4r4/5A3/9/2B1KAB2 w,0.85549307,6196
2bakaR2/9/9/p1p5p/7N1/2P1P4/4r4/9/4A4/2B1KAB2 b,-0.8429765,5269
2bakaR2/9/9/p1p5p/7N1/2P1r4/9/9/4A4/2B1KAB2 w,0.8471281,3902
2bakaR2/9/9/p1p2N2p/9/2P1r4/9/9/4A4/2B1KAB2 b,-0.84814256,4457
2bakaR2/9/9/p1p2N2p/9/2r6/9/9/4A4/2B1KAB2 w,0.8678919,7897
2bakaR2/9/9/p1p2N2p/9/2r6/9/4B4/4A4/2B1KA3 b,-0.86763567,4280
2bakaR2/9/9/p1p2N2p/9/5r3/9/4B4/4A4/2B1KA3 w,0.86460686,2901
2bakaR2/9/3N5/p1p5p/9/5r3/9/4B4/4A4/2B1KA3 b,-0.8648111,373
2ba1aR2/4k4/3N5/p1p5p/9/5r3/9/4B4/4A4/2B1KA3 w,0.86637014,555
2ba1a3/4k1R2/3N5/p1p5p/9/5r3/9/4B4/4A4/2B1KA3 b,-0.8644293,1192
2ba1a3/6R2/3Nk4/p1p5p/9/5r3/9/4B4/4A4/2B1KA3 w,0.87157506,1900
2ba1a3/1N4R2/4k4/p1p5p/9/5r3/9/4B4/4A4/2B1KA3 b,-0.85972255,4548
2ba1a3/1N4R2/4k4/p1p5p/9/3r5/9/4B4/4A4/2B1KA3 w,0.8594906,929
2ba1a3/6R2/4k4/p1N5p/9/3r5/9/4B4/4A4/2B1KA3 b,-0.8654431,4350
2ba1a3/6R2/4k4/p1Nr4p/9/9/9/4B4/4A4/2B1KA3 w,0.8851964,1383
2ba1a3/9/4k4/p1Nr2R1p/9/9/9/4B4/4A4/2B1KA3 b,-0.872756,2729
2ba1a3/9/4k4/p1r3R1p/9/9/9/4B4/4A4/2B1KA3 w,0.8808211,2999
2ba1a3/9/4k4/p1R5p/9/9/9/4B4/4A4/2B1KA3 b,-0.8802087,1993
2ba1a3/4k4/9/p1R5p/9/9/9/4B4/4A4/2B1KA3 w,0.8946366,6117
2ba1a3/4k4/9/p1R5p/9/9/9/9/4A4/2B1KAB2 b,-0.88801557,2466
2ba1a3/4k4/9/2R5p/p8/9/9/9/4A4/2B1KAB2 w,0.8976747,2612
2Ra1a3/4k4/9/8p/p8/9/9/9/4A4/2B1KAB2 b,-0.91361326,3285
2Ra1a3/4k4/9/8p/9/p8/9/9/4A4/2B1KAB2 w,0.92249686,183
3R1a3/4k4/9/8p/9/p8/9/9/4A4/2B1KAB2 b,-0.91698885,1192
3R1a3/9/4k4/8p/9/p8/9/9/4A4/2B1KAB2 w,0.931748,275
5R3/9/4k4/8p/9/p8/9/9/4A4/2B1KAB2 b,-0.9328785,1993
5R3/4k4/9/8p/9/p8/9/9/4A4/2B1KAB2 w,0.94538623,500
9/4k4/9/8p/9/p4R3/9/9/4A4/2B1KAB2 b,-0.9354589,1182
9/3k5/9/8p/9/p4R3/9/9/4A4/2B1KAB2 w,0.98483515,6908
9/3k5/9/8p/9/p4R3/9/5A3/9/2B1KAB2 b,-0.99095327,4104
9/3k5/9/8p/9/5R3/p8/5A3/9/2B1KAB2 w,1,4548
rnbakabnr/9/1c5c1/p1p1p1p1p/9/9/P1P1P1P1P/1C5C1/9/RNBAKABNR w,0.8018177,5827
rnbakabnr/9/1c5c1/p1p1p1p1p/9/9/P1P1P1P1P/4C2C1/9/RNBAKABNR b,-0.80176777,110
r1bakabnr/9/1cn4c1/p1p1p1p1p/9/9/P1P1P1P1P/4C2C1/9/RNBAKABNR w,0.8018302,7445
r1bakabnr/9/1cn4c1/p1p1p1p1p/9/9/P1P1P1P1P/2N1C2C1/9/R1BAKABNR b,-0.80183524,562
r1baka1nr/9/1cn1b2c1/p1p1p1p1p/9/9/P1P1P1P1P/2N1C2C1/9/R1BAKABNR w,0.8019352,7372
r1baka1nr/9/1cn1b2c1/p1p1p1p1p/9/9/P1P1P1P1P/2N1C2C1/9/1RBAKABNR b,-0.80178475,1
1rbaka1nr/9/1cn1b2c1/p1p1p1p1p/9/9/P1P1P1P1P/2N1C2C1/9/1RBAKABNR w,0.80169904,6368
1rbaka1nr/9/1cn1b2c1/p1p1p1p1p/9/9/P1P1P1P1P/2N1CC3/9/1RBAKABNR b,-0.80128574,654
1rbaka2r/9/1cn1b1nc1/p1p1p1p1p/9/9/P1P1P1P1P/2N1CC3/9/1RBAKABNR w,0.8016004,7989
1rbaka2r/9/1cn1b1nc1/p1p1p1p1p/9/9/P1P1P1P1P/2N1CCN2/9/1RBAKAB1R b,-0.8013706,3012
1rbaka2r/9/1cn1b1nc1/p1p1p3p/6p2/9/P1P1P1P1P/2N1CCN2/9/1RBAKAB1R w,0.80189395,8098
1rbaka2r/9/1cn1b1nc1/p1p1p3p/6p2/9/P1P1P1P1P/2N1CCN2/9/1RBAKABR1 b,-0.80202866,727
1rbaka1r1/9/1cn1b1nc1/p1p1p3p/6p2/9/P1P1P1P1P/2N1CCN2/9/1RBAKABR1 w,0.80251306,5087
1rbaka1r1/9/1cn1b1nc1/p1p1p3p/6p2/2P6/P3P1P1P/2N1CCN2/9/1RBAKABR1 b,-0.80221564,1765
1rbaka1r1/9/2n1b1nc1/p1p1p3p/6p2/2P6/Pc2P1P1P/2N1CCN2/9/1RBAKABR1 w,0.8047115,5898
1rbaka1r1/9/2n1b1nc1/p1p1p3p/6p2/2PN5/Pc2P1P1P/4CCN2/9/1RBAKABR1 b,-0.80641043,2311
1rbaka1r1/9/2n1b1n2/p1p1p3p/6p2/2PN5/Pc2P1PcP/4CCN2/9/1RBAKABR1 w,0.80794173,6143
1rbaka1r1/9/2n1bCn2/p1p1p3p/6p2/2PN5/Pc2P1PcP/4C1N2/9/1RBAKABR1 b,-0.8082944,1986
1rbakabr1/9/2n2Cn2/p1p1p3p/6p2/2PN5/Pc2P1PcP/4C1N2/9/1RBAKABR1 w,0.81805813,4351
1rbakabr1/9/2n2Cn2/p1p1N3p/6p2/2P6/Pc2P1PcP/4C1N2/9/1RBAKABR1 b,-0.80477434,1831
1rbakabr1/9/5Cn2/p1p1n3p/6p2/2P6/Pc2P1PcP/4C1N2/9/1RBAKABR1 w,0.805063,6061
1rbakabr1/9/5Cn2/p1p1C3p/6p2/2P6/Pc2P1PcP/6N2/9/1RBAKABR1 b,-0.7909029,109
2bakabr1/9/1r3Cn2/p1p1C3p/6p2/2P6/Pc2P1PcP/6N2/9/1RBAKABR1 w,0.80192703,2839
2bakabr1/9/1r3Cn2/p1p5p/6p2/2P1C4/Pc2P1PcP/6N2/9/1RBAKABR1 b,-0.79881245,1733
2bakabr1/9/5rn2/p1p5p/6p2/2P1C4/Pc2P1PcP/6N2/9/1RBAKABR1 w,0.8097977,7435
2bakabr1/9/5rn2/p1p5p/6p2/2P1C4/PR2P1PcP/6N2/9/2BAKABR1 b,-0.8076472,2129
2bakabr1/9/6n2/p1p5p/6p2/2P1C4/PR2PrPcP/6N2/9/2BAKABR1 w,0.8147095,4987
2bakabr1/9/6n2/p1p5p/1R4p2/2P1C4/P3PrPcP/6N2/9/2BAKABR1 b,-0.8044979,2201
2bakabr1/9/9/p1p5p/1R3np2/2P1C4/P3PrPcP/6N2/9/2BAKABR1 w,0.82197344,7897
2bakabr1/9/9/p1p5p/1R3np2/2P1C4/P3PrPcP/4B1N2/9/2BAKA1R1 b,-0.80920374,3748
2bakabr1/9/9/p1p5p/1R4p2/2P1C4/P3nrPcP/4B1N2/9/2BAKA1R1 w,0.826572,7816
2bakabr1/9/9/p1p5p/1R4p2/2P1C4/P3nrPcP/4B1N2/4A4/2BAK2R1 b,-0.80984807,5370
2bakabr1/9/9/p1p5p/1R4p2/2P1C4/P3n1rcP/4B1N2/4A4/2BAK2R1 w,0.8123444,3370
2bakabr1/9/9/p1p5p/4R1p2/2P1C4/P3n1rcP/4B1N2/4A4/2BAK2R1 b,-0.809187,562
2baka1r1/9/4b4/p1p5p/4R1p2/2P1C4/P3n1rcP/4B1N2/4A4/2BAK2R1 w,0.81341106,6268
2baka1r1/9/4b4/p1p5p/4R1p2/2P1C4/P3N1rcP/4B4/4A4/2BAK2R1 b,-0.805695,5458
2baka1r1/9/4b4/p1p5p/4R1p2/2P1C4/P3r2cP/4B4/4A4/2BAK2R1 w,0.8185723,3622
2baka1r1/9/4R4/p1p5p/6p2/2P1C4/P3r2cP/4B4/4A4/2BAK2R1 b,-0.8322443,463
2bak2r1/4a4/4R4/p1p5p/6p2/2P1C4/P3r2cP/4B4/4A4/2BAK2R1 w,0.91886985,2005
2bak2r1/4a4/7R1/p1p5p/6p2/2P1C4/P3r2cP/4B4/4A4/2BAK2R1 b,-0.9164093,1175
2baka1r1/9/7R1/p1p5p/6p2/2P1C4/P3r2cP/4B4/4A4/2BAK2R1 w,0.9159849,2257
2baka1R1/9/9/p1p5p/6p2/2P1C4/P3r2cP/4B4/4A4/2BAK2R1 b,-0.90886354,5544
2baka1R1/9/9/p1p5p/6p2/2P1C4/c3r3P/4B4/4A4/2BAK2R1 w,0.933722,7972
2baka1R1/9/9/p1p5p/6p2/2P1C2R1/c3r3P/4B4/4A4/2BAK4 b,-0.92027175,3831
2baka1R1/9/9/p1p5p/9/2P1C1pR1/c3r3P/4B4/4A4/2BAK4 w,0.93631315,4731
2baka1R1/9/9/p1p5p/9/2P1C1R2/c3r3P/4B4/4A4/2BAK4 b,-0.9298832,4922
2baka1R1/9/9/p1p5p/9/2P1C1R2/4r3c/4B4/4A4/2BAK4 w,0.9500206,664
2baka3/9/9/p1p4Rp/9/2P1C1R2/4r3c/4B4/4A4/2BAK4 b,-0.9451321,5669
2baka3/9/9/p1p4Rp/9/2P1C1R2/4r4/4B4/4A4/2BAK3c w,0.95421886,3095
2baka3/9/9/p1p5R/9/2P1C1R2/4r4/4B4/4A4/2BAK3c b,-0.95438784,8072
2baka3/9/9/p1p5R/9/2P1C1R2/4r3c/4B4/4A4/2BAK4 w,0.9520383,3181
2baka3/9/9/p1p1R4/9/2P1C1R2/4r3c/4B4/4A4/2BAK4 b,-0.9379897,283
2b1ka3/4a4/9/p1p1R4/9/2P1C1R2/4r3c/4B4/4A4/2BAK4 w,0.94424003,4268
2b1ka3/4a4/9/p1p1R4/2P6/4C1R2/4r3c/4B4/4A4/2BAK4 b,-0.92867273,5633
2b1ka3/4a4/9/p1p1R4/2P6/4C1R1c/4r4/4B4/4A4/2BAK4 w,0.96748585,4643
2b1ka3/4a4/9/p1p1R4/2P6/4C3R/4r4/4B4/4A4/2BAK4 b,-0.9647457,5269
2b1ka3/4a4/9/p1p1R4/2P6/4r3R/9/4B4/4A4/2BAK4 w,0.97174305,4819
2b1ka3/4a4/9/p1p1R4/2P6/4R4/9/4B4/4A4/2BAK4 b,-0.9701013,2648
2b1ka3/4a4/9/p3R4/2p6/4R4/9/4B4/4A4/2BAK4 w,0.9722882,2817
2b1ka3/4a4/9/R8/2p6/4R4/9/4B4/4A4/2BAK4 b,-0.96840656,3467
2b1ka3/4a4/9/R8/9/2p1R4/9/4B4/4A4/2BAK4 w,0.9700554,2430
R1b1ka3/4a4/9/9/9/2p1R4/9/4B4/4A4/2BAK4 b,-0.96265614,363
R1bk1a3/4a4/9/9/9/2p1R4/9/4B4/4A4/2BAK4 w,0.9766775,6117
R1bk1a3/4a4/9/9/9/2p1R4/9/9/4A4/2BAK1B2 b,-0.9679511,4286
R1bk1a3/4a4/9/9/9/4R4/2p6/9/4A4/2BAK1B2 w,0.97828496,4458
R1bk1a3/4a4/9/9/9/3R5/2p6/9/4A4/2BAK1B2 b,-0.9673177,274
R1b1ka3/4a4/9/9/9/3R5/2p6/9/4A4/2BAK1B2 w,0.9790819,4332
R1b1ka3/3Ra4/9/9/9/9/2p6/9/4A4/2BAK1B2 b,-0.96945256,1173
R1baka3/3R5/9/9/9/9/2p6/9/4A4/2BAK1B2 w,0.9701302,2
2Raka3/3R5/9/9/9/9/2p6/9/4A4/2BAK1B2 b,-0.9680063,463
2Rak4/3Ra4/9/9/9/9/2p6/9/4A4/2BAK1B2 w,0.9911255,6908
2Rak4/3Ra4/9/9/9/9/2p6/5A3/9/2BAK1B2 b,-0.98762983,5097
2Rak4/3Ra4/9/9/9/9/3p5/5A3/9/2BAK1B2 w,0.9969674,1093
2Rak4/4R4/9/9/9/9/3p5/5A3/9/2BAK1B2 b,-0.9975933,365
2Ra1k3/4R4/9/9/9/9/3p5/5A3/9/2BAK1B2 w,1,183
rnbakabnr/9/1c5c1/p1p1p1p1p/9/9/P1P1P1P1P/1C5C1/9/RNBAKABNR w,-0.7981823,5827
rnbakabnr/9/1c5c1/p1p1p1p1p/9/9/P1P1P1P1P/4C2C1/9/RNBAKABNR b,0.79821944,110
r1bakabnr/9/1cn4c1/p1p1p1p1p/9/9/P1P1P1P1P/4C2C1/9/RNBAKABNR w,-0.7981739,7445
r1bakabnr/9/1cn4c1/p1p1p1p1p/9/9/P1P1P1P1P/2N1C2C1/9/R1BAKABNR b,0.7981437,562
r1baka1nr/9/1cn1b2c1/p1p1p1p1p/9/9/P1P1P1P1P/2N1C2C1/9/R1BAKABNR w,-0.79806316,7372
r1baka1nr/9/1cn1b2c1/p1p1p1p1p/9/9/P1P1P1P1P/2N1C2C1/9/1RBAKABNR b,0.7982303,1
1rbaka1nr/9/1cn1b2c1/p1p1p1p1p/9/9/P1P1P1P1P/2N1C2C1/9/1RBAKABNR w,-0.7982987,6368
1rbaka1nr/9/1cn1b2c1/p1p1p1p1p/9/9/P1P1P1P1P/2N1CC3/9/1RBAKABNR b,0.79869175,654
1rbaka2r/9/1cn1b1nc1/p1p1p1p1p/9/9/P1P1P1P1P/2N1CC3/9/1RBAKABNR w,-0.79841346,7989
1rbaka2r/9/1cn1b1nc1/p1p1p1p1p/9/9/P1P1P1P1P/2N1CCN2/9/1RBAKAB1R b,0.7986177,3012
1rbaka2r/9/1cn1b1nc1/p1p1p3p/6p2/9/P1P1P1P1P/2N1CCN2/9/1RBAKAB1R w,-0.79812026,8098
1rbaka2r/9/1cn1b1nc1/p1p1p3p/6p2/9/P1P1P1P1P/2N1CCN2/9/1RBAKABR1 b,0.79799503,727
1rbaka1r1/9/1cn1b1nc1/p1p1p3p/6p2/9/P1P1P1P1P/2N1CCN2/9/1RBAKABR1 w,-0.7971818,5087
1rbaka1r1/9/1cn1b1nc1/p1p1p3p/6p2/2P6/P3P1P1P/2N1CCN2/9/1RBAKABR1 b,0.79781413,1765
1rbaka1r1/9/2n1b1nc1/p1p1p3p/6p2/2P6/Pc2P1P1P/2N1CCN2/9/1RBAKABR1 w,-0.79522735,5898
1rbaka1r1/9/2n1b1nc1/p1p1p3p/6p2/2PN5/Pc2P1P1P/4CCN2/9/1RBAKABR1 b,0.7935297,2311
1rbaka1r1/9/2n1b1n2/p1p1p3p/6p2/2PN5/Pc2P1PcP/4CCN2/9/1RBAKABR1 w,-0.79214615,6143
1rbaka1r1/9/2n1bCn2/p1p1p3p/6p2/2PN5/Pc2P1PcP/4C1N2/9/1RBAKABR1 b,0.8018219,5548
1rbaka1r1/9/2n1bCn2/p1p1p3p/6p2/2PN5/Pc2c1P1P/4C1N2/9/1RBAKABR1 w,-0.8096203,6061
1rbaka1r1/9/2n1bCn2/p1p1C3p/6p2/2PN5/Pc2c1P1P/6N2/9/1RBAKABR1 b,0.80876523,1831
1rbaka1r1/9/4bCn2/p1p1n3p/6p2/2PN5/Pc2c1P1P/6N2/9/1RBAKABR1 w,-0.80510277,7927
1rbaka1R1/9/4bCn2/p1p1n3p/6p2/2PN5/Pc2c1P1P/6N2/9/1RBAKAB2 b,0.80795413,2838
1rbaka1R1/9/4bCn2/p1p5p/6p2/2Pn5/Pc2c1P1P/6N2/9/1RBAKAB2 w,-0.7928203,682
1rbaka3/9/4bCn2/p1p5p/6p2/2Pn3R1/Pc2c1P1P/6N2/9/1RBAKAB2 b,0.8079122,4385
1rbaka3/9/4bCn2/p1p5p/6p2/2P4R1/Pc2c1P1P/2n3N2/9/1RBAKAB2 w,-0.8127591,6268
1rbaka3/9/4bCn2/p1p5p/6p2/2P4R1/Pc2N1P1P/2n6/9/1RBAKAB2 b,0.826359,5932
1rbaka3/9/4bCn2/p1p5p/6p2/2P4R1/Pc2N1P1P/9/9/1nBAKAB2 w,-0.8259797,5259
1rbaka3/9/4bCn2/p1p5p/3N2p2/2P4R1/Pc4P1P/9/9/1nBAKAB2 b,0.84421533,127
2baka3/9/4bCn2/p1p5p/1r1N2p2/2P4R1/Pc4P1P/9/9/1nBAKAB2 w,-0.83305085,4728
2baka3/9/4bCn2/p1p5p/1r1N2p2/2PR5/Pc4P1P/9/9/1nBAKAB2 b,0.8422684,7445
2baka3/9/4bCn2/p1p5p/1r1N2p2/2PR5/Pc4P1P/2n6/9/2BAKAB2 w,-0.8286065,4386
2baka3/9/4bCn2/p1p5p/1r1N2p2/2P6/Pc4P1P/2nR5/9/2BAKAB2 b,0.8411194,2201
2baka3/9/4bC3/p1p5p/1r1N1np2/2P6/Pc4P1P/2nR5/9/2BAKAB2 w,-0.822007,2096
2baka3/9/4b3C/p1p5p/1r1N1np2/2P6/Pc4P1P/2nR5/9/2BAKAB2 b,0.8610411,3738
2baka3/9/4b3C/p1p5p/1r1N2p2/2Pn5/Pc4P1P/2nR5/9/2BAKAB2 w,-0.8581414,3542
2baka3/9/4b3C/p1p2N2p/1r4p2/2Pn5/Pc4P1P/2nR5/9/2BAKAB2 b,0.8653767,3371
2baka3/9/4b3C/p1p2N2p/5rp2/2Pn5/Pc4P1P/2nR5/9/2BAKAB2 w,-0.853242,2901
2baka3/9/3Nb3C/p1p5p/5rp2/2Pn5/Pc4P1P/2nR5/9/2BAKAB2 b,0.85706496,373
2ba1a3/4k4/3Nb3C/p1p5p/5rp2/2Pn5/Pc4P1P/2nR5/9/2BAKAB2 w,-0.84869796,2357
2ba1a3/4k3C/3Nb4/p1p5p/5rp2/2Pn5/Pc4P1P/2nR5/9/2BAKAB2 b,0.87725526,1184
2ba1a3/5k2C/3Nb4/p1p5p/5rp2/2Pn5/Pc4P1P/2nR5/9/2BAKAB2 w,-0.86109024,7816
2ba1a3/5k2C/3Nb4/p1p5p/5rp2/2Pn5/Pc4P1P/2nR5/4A4/2BAK1B2 b,0.88008857,5008
2ba1a3/5k2C/3Nb4/p1p5p/5rp2/2Pn5/P3c1P1P/2nR5/4A4/2BAK1B2 w,-0.87959963,6908
2ba1a3/5k2C/3Nb4/p1p5p/5rp2/2Pn5/P3c1P1P/2nR1A3/9/2BAK1B2 b,0.8933645,5251
2ba1a3/5k2C/3Nb4/p1p1c3p/5rp2/2Pn5/P5P1P/2nR1A3/9/2BAK1B2 w,-0.89338493,1900
2ba1a3/1N3k2C/4b4/p1p1c3p/5rp2/2Pn5/P5P1P/2nR1A3/9/2BAK1B2 b,0.89969325,463
2ba5/1N2ak2C/4b4/p1p1c3p/5rp2/2Pn5/P5P1P/2nR1A3/9/2BAK1B2 w,-0.8934221,1556
2ba5/1N2ak3/4b3C/p1p1c3p/5rp2/2Pn5/P5P1P/2nR1A3/9/2BAK1B2 b,0.9051507,3740
2ba5/1N2ak3/4b3C/p1p1c3p/6p2/2Pn1r3/P5P1P/2nR1A3/9/2BAK1B2 w,-0.8964296,921
2ba5/4ak3/3Nb3C/p1p1c3p/6p2/2Pn1r3/P5P1P/2nR1A3/9/2BAK1B2 b,0.9505386,2820
2ba5/4ak3/3Nb3C/p1pc4p/6p2/2Pn1r3/P5P1P/2nR1A3/9/2BAK1B2 w,-0.94450814,6005
2ba5/4ak3/3Nb3C/p1pc4p/6p2/2Pn1r3/P5P1P/2R2A3/9/2BAK1B2 b,0.94678915,4385
2ba5/4ak3/3Nb3C/p1pc4p/6p2/2P2r3/P5P1P/2n2A3/9/2BAK1B2 w,-0.93498313,7636
2ba5/4ak3/3Nb3C/p1pc4p/6p2/2P2r3/P5P1P/2n2A3/4A4/2B1K1B2 b,0.9624837,1265
2ba1k3/4a4/3Nb3C/p1pc4p/6p2/2P2r3/P5P1P/2n2A3/4A4/2B1K1B2 w,-0.95947176,7537
2ba1k3/4a4/3Nb3C/p1pc4p/6p2/2P2r3/P5P1P/2n1BA3/4A4/4K1B2 b,0.96506035,1191
2ba1k3/9/3ab3C/p1pc4p/6p2/2P2r3/P5P1P/2n1BA3/4A4/4K1B2 w,-0.9637762,2348
2ba1k2C/9/3ab4/p1pc4p/6p2/2P2r3/P5P1P/2n1BA3/4A4/4K1B2 b,0.9747047,2731
2ba1k2C/9/3ab4/p1p1c3p/6p2/2P2r3/P5P1P/2n1BA3/4A4/4K1B2 w,-0.9755813,723
2bC1k3/9/3ab4/p1p1c3p/6p2/2P2r3/P5P1P/2n1BA3/4A4/4K1B2 b,0.9848487,4568
2bC1k3/9/3ab4/p1p1c3p/6p2/2P6/P5P1P/2n1Br3/4A4/4K1B2 w,-0.9847044,282
2b2k3/3C5/3ab4/p1p1c3p/6p2/2P6/P5P1P/2n1Br3/4A4/4K1B2 b,0.99180806,6197
2b2k3/3C5/3ab4/p1p1c3p/6p2/2P6/P5P1P/2n1B4/4Ar3/4K1B2 w,-0.9929942,1083
2bC1k3/9/3ab4/p1p1c3p/6p2/2P6/P5P1P/2n1B4/4Ar3/4K1B2 b,1,7006
rnbakabnr/9/1c5c1/p1p1p1p1p/9/9/P1P1P1P1P/1C5C1/9/RNBAKABNR w,-0.7981823,5827
rnbakabnr/9/1c5c1/p1p1p1p1p/9/9/P1P1P1P1P/4C2C1/9/RNBAKABNR b,0.79821646,110
r1bakabnr/9/1cn4c1/p1p1p1p1p/9/9/P1P1P1P1P/4C2C1/9/RNBAKABNR w,-0.79817516,7445
r1bakabnr/9/1cn4c1/p1p1p1p1p/9/9/P1P1P1P1P/2N1C2C1/9/R1BAKABNR b,0.7981648,562
r1baka1nr/9/1cn1b2c1/p1p1p1p1p/9/9/P1P1P1P1P/2N1C2C1/9/R1BAKABNR w,-0.7980365,7372
r1baka1nr/9/1cn1b2c1/p1p1p1p1p/9/9/P1P1P1P1P/2N1C2C1/9/1RBAKABNR b,0.7982326,1
1rbaka1nr/9/1cn1b2c1/p1p1p1p1p/9/9/P1P1P1P1P/2N1C2C1/9/1RBAKABNR w,-0.7982987,6368
1rbaka1nr/9/1cn1b2c1/p1p1p1p1p/9/9/P1P1P1P1P/2N1CC3/9/1RBAKABNR b,0.79872113,654
1rbaka2r/9/1cn1b1nc1/p1p1p1p1p/9/9/P1P1P1P1P/2N1CC3/9/1RBAKABNR w,-0.7984249,7989
1rbaka2r/9/1cn1b1nc1/p1p1p1p1p/9/9/P1P1P1P1P/2N1CCN2/9/1RBAKAB1R b,0.7986161,3012
1rbaka2r/9/1cn1b1nc1/p1p1p3p/6p2/9/P1P1P1P1P/2N1CCN2/9/1RBAKAB1R w,-0.798121,8098
1rbaka2r/9/1cn1b1nc1/p1p1p3p/6p2/9/P1P1P1P1P/2N1CCN2/9/1RBAKABR1 b,0.7980907,727
1rbaka1r1/9/1cn1b1nc1/p1p1p3p/6p2/9/P1P1P1P1P/2N1CCN2/9/1RBAKABR1 w,-0.79748696,5087
1rbaka1r1/9/1cn1b1nc1/p1p1p3p/6p2/2P6/P3P1P1P/2N1CCN2/9/1RBAKABR1 b,0.79777265,1765
1rbaka1r1/9/2n1b1nc1/p1p1p3p/6p2/2P6/Pc2P1P1P/2N1CCN2/9/1RBAKABR1 w,-0.79522735,5898
1rbaka1r1/9/2n1b1nc1/p1p1p3p/6p2/2PN5/Pc2P1P1P/4CCN2/9/1RBAKABR1 b,0.79346955,2311
1rbaka1r1/9/2n1b1n2/p1p1p3p/6p2/2PN5/Pc2P1PcP/4CCN2/9/1RBAKABR1 w,-0.79210323,6143
1rbaka1r1/9/2n1bCn2/p1p1p3p/6p2/2PN5/Pc2P1PcP/4C1N2/9/1RBAKABR1 b,0.80163467,5548
1rbaka1r1/9/2n1bCn2/p1p1p3p/6p2/2PN5/Pc2c1P1P/4C1N2/9/1RBAKABR1 w,-0.80818146,6061
1rbaka1r1/9/2n1bCn2/p1p1C3p/6p2/2PN5/Pc2c1P1P/6N2/9/1RBAKABR1 b,0.8090592,1831
1rbaka1r1/9/4bCn2/p1p1n3p/6p2/2PN5/Pc2c1P1P/6N2/9/1RBAKABR1 w,-0.80506164,7927
1rbaka1R1/9/4bCn2/p1p1n3p/6p2/2PN5/Pc2c1P1P/6N2/9/1RBAKAB2 b,0.80816746,2838
1rbaka1R1/9/4bCn2/p1p5p/6p2/2Pn5/Pc2c1P1P/6N2/9/1RBAKAB2 w,-0.7928203,682
1rbaka3/9/4bCn2/p1p5p/6p2/2Pn3R1/Pc2c1P1P/6N2/9/1RBAKAB2 b,0.807855,4385
1rbaka3/9/4bCn2/p1p5p/6p2/2P4R1/Pc2c1P1P/2n3N2/9/1RBAKAB2 w,-0.812835,6268
1rbaka3/9/4bCn2/p1p5p/6p2/2P4R1/Pc2N1P1P/2n6/9/1RBAKAB2 b,0.826141,5932
1rbaka3/9/4bCn2/p1p5p/6p2/2P4R1/Pc2N1P1P/9/9/1nBAKAB2 w,-0.8268951,5259
1rbaka3/9/4bCn2/p1p5p/3N2p2/2P4R1/Pc4P1P/9/9/1nBAKAB2 b,0.84411395,127
2baka3/9/4bCn2/p1p5p/1r1N2p2/2P4R1/Pc4P1P/9/9/1nBAKAB2 w,-0.83305085,4728
2baka3/9/4bCn2/p1p5p/1r1N2p2/2PR5/Pc4P1P/9/9/1nBAKAB2 b,0.84164065,7445
2baka3/9/4bCn2/p1p5p/1r1N2p2/2PR5/Pc4P1P/2n6/9/2BAKAB2 w,-0.8286326,4386
2baka3/9/4bCn2/p1p5p/1r1N2p2/2P6/Pc4P1P/2nR5/9/2BAKAB2 b,0.8411194,2201
2baka3/9/4bC3/p1p5p/1r1N1np2/2P6/Pc4P1P/2nR5/9/2BAKAB2 w,-0.82373124,2096
2baka3/9/4b3C/p1p5p/1r1N1np2/2P6/Pc4P1P/2nR5/9/2BAKAB2 b,0.85811067,3738
2baka3/9/4b3C/p1p5p/1r1N2p2/2Pn5/Pc4P1P/2nR5/9/2BAKAB2 w,-0.8575137,3542
2baka3/9/4b3C/p1p2N2p/1r4p2/2Pn5/Pc4P1P/2nR5/9/2BAKAB2 b,0.8656842,3371
2baka3/9/4b3C/p1p2N2p/5rp2/2Pn5/Pc4P1P/2nR5/9/2BAKAB2 w,-0.8535259,2901
2baka3/9/3Nb3C/p1p5p/5rp2/2Pn5/Pc4P1P/2nR5/9/2BAKAB2 b,0.85706496,373
2ba1a3/4k4/3Nb3C/p1p5p/5rp2/2Pn5/Pc4P1P/2nR5/9/2BAKAB2 w,-0.8504845,2357
2ba1a3/4k3C/3Nb4/p1p5p/5rp2/2Pn5/Pc4P1P/2nR5/9/2BAKAB2 b,0.8762367,1184
2ba1a3/5k2C/3Nb4/p1p5p/5rp2/2Pn5/Pc4P1P/2nR5/9/2BAKAB2 w,-0.8606884,7816
2ba1a3/5k2C/3Nb4/p1p5p/5rp2/2Pn5/Pc4P1P/2nR5/4A4/2BAK1B2 b,0.8737873,5008
2ba1a3/5k2C/3Nb4/p1p5p/5rp2/2Pn5/P3c1P1P/2nR5/4A4/2BAK1B2 w,-0.8805548,6908
2ba1a3/5k2C/3Nb4/p1p5p/5rp2/2Pn5/P3c1P1P/2nR1A3/9/2BAK1B2 b,0.89340717,5251
2ba1a3/5k2C/3Nb4/p1p1c3p/5rp2/2Pn5/P5P1P/2nR1A3/9/2BAK1B2 w,-0.892393,1900
2ba1a3/1N3k2C/4b4/p1p1c3p/5rp2/2Pn5/P5P1P/2nR1A3/9/2BAK1B2 b,0.89936054,463
2ba5/1N2ak2C/4b4/p1p1c3p/5rp2/2Pn5/P5P1P/2nR1A3/9/2BAK1B2 w,-0.8894598,929
2ba5/4ak2C/4b4/p1N1c3p/5rp2/2Pn5/P5P1P/2nR1A3/9/2BAK1B2 b,0.87876254,4349
2ba5/4ak2C/4b4/p1n1c3p/5rp2/2P6/P5P1P/2nR1A3/9/2BAK1B2 w,-0.87307084,6005
2ba5/4ak2C/4b4/p1n1c3p/5rp2/2P6/P5P1P/2R2A3/9/2BAK1B2 b,0.8743068,2650
2ba5/4ak2C/4b4/p3c3p/4nrp2/2P6/P5P1P/2R2A3/9/2BAK1B2 w,-0.86723113,7636
2ba5/4ak2C/4b4/p3c3p/4nrp2/2P6/P5P1P/2R2A3/4A4/2B1K1B2 b,0.887368,1265
2ba1k3/4a3C/4b4/p3c3p/4nrp2/2P6/P5P1P/2R2A3/4A4/2B1K1B2 w,-0.8793625,4268
2ba1k3/4a3C/4b4/p3c3p/2P1nrp2/9/P5P1P/2R2A3/4A4/2B1K1B2 b,0.8958816,3657
2ba1k3/4a3C/4b4/p3c3p/2P2rp2/9/P2n2P1P/2R2A3/4A4/2B1K1B2 w,-0.8941829,5917
2ba1k3/4a3C/4b4/p3c3p/2P2rp2/9/P2n2P1P/4RA3/4A4/2B1K1B2 b,0.90071195,5204
2ba1k3/4a3C/4b4/p3c3p/2P2rp2/9/P5P1P/4RA3/2n1A4/2B1K1B2 w,-0.8987095,7734
2ba1k3/4a3C/4b4/p3c3p/2P2rp2/9/P5P1P/4RA3/2n1A4/2BK2B2 b,0.90683645,6727
2ba1k3/4a3C/4b4/p3c3p/2P2rp2/9/P5P1P/4nA3/4A4/2BK2B2 w,-0.89971626,7897
2ba1k3/4a3C/4b4/p3c3p/2P2rp2/9/P5P1P/4BA3/4A4/2BK5 b,0.9062871,2018
2ba1k3/4a3C/9/p3c3p/2b2rp2/9/P5P1P/4BA3/4A4/2BK5 w,-0.9046711,1538
2ba1k2C/4a4/9/p3c3p/2b2rp2/9/P5P1P/4BA3/4A4/2BK5 b,0.9322518,3740
2ba1k2C/4a4/9/p3c3p/2b3p2/5r3/P5P1P/4BA3/4A4/2BK5 w,-0.924088,7645
2ba1k2C/4a4/9/p3c3p/2b3p2/5r3/P5P1P/4BA3/4A4/2B1K4 b,0.94585997,4568
2ba1k2C/4a4/9/p3c3p/2b3p2/9/P5P1P/4Br3/4A4/2B1K4 w,-0.9466296,746
2ba1k3/4a4/8C/p3c3p/2b3p2/9/P5P1P/4Br3/4A4/2B1K4 b,1,6206
rnbakabnr/9/1c5c1/p1p1p1p1p/9/9/P1P1P1P1P/1C5C1/9/RNBAKABNR w,-0.7981823,5827
rnbakabnr/9/1c5c1/p1p1p1p1p/9/9/P1P1P1P1P/4C2C1/9/RNBAKABNR b,0.79821646,110
r1bakabnr/9/1cn4c1/p1p1p1p1p/9/9/P1P1P1P1P/4C2C1/9/RNBAKABNR w,-0.79818076,7445
r1bakabnr/9/1cn4c1/p1p1p1p1p/9/9/P1P1P1P1P/2N1C2C1/9/R1BAKABNR b,0.79819286,562
r1baka1nr/9/1cn1b2c1/p1p1p1p1p/9/9/P1P1P1P1P/2N1C2C1/9/R1BAKABNR w,-0.7980648,7372
r1baka1nr/9/1cn1b2c1/p1p1p1p1p/9/9/P1P1P1P1P/2N1C2C1/9/1RBAKABNR b,0.798229,1
1rbaka1nr/9/1cn1b2c1/p1p1p1p1p/9/9/P1P1P1P1P/2N1C2C1/9/1RBAKABNR w,-0.79828745,6368
1rbaka1nr/9/1cn1b2c1/p1p1p1p1p/9/9/P1P1P1P1P/2N1CC3/9/1RBAKABNR b,0.79771304,2648
1rbaka1nr/9/1cn1b2c1/p3p1p1p/2p6/9/P1P1P1P1P/2N1CC3/9/1RBAKABNR w,-0.79737055,7989
1rbaka1nr/9/1cn1b2c1/p3p1p1p/2p6/9/P1P1P1P1P/2N1CCN2/9/1RBAKAB1R b,0.79731274,1765
1rbaka1nr/9/2n1b2c1/p3p1p1p/2p6/9/PcP1P1P1P/2N1CCN2/9/1RBAKAB1R w,-0.79605734,8098
1rbaka1nr/9/2n1b2c1/p3p1p1p/2p6/9/PcP1P1P1P/2N1CCN2/9/1RBAKABR1 b,0.798227,644
1rbaka2r/5n3/2n1b2c1/p3p1p1p/2p6/9/PcP1P1P1P/2N1CCN2/9/1RBAKABR1 w,-0.7974598,7972
1rbaka2r/5n3/2n1b2c1/p3p1p1p/2p6/7R1/PcP1P1P1P/2N1CCN2/9/1RBAKAB2 b,0.7977921,727
1rbaka1r1/5n3/2n1b2c1/p3p1p1p/2p6/7R1/PcP1P1P1P/2N1CCN2/9/1RBAKAB2 w,-0.7937419,4730
1rbaka1r1/5n3/2n1b2c1/p3p1p1p/2p6/5R3/PcP1P1P1P/2N1CCN2/9/1RBAKAB2 b,0.79217196,1281
1rbaka1r1/9/2nnb2c1/p3p1p1p/2p6/5R3/PcP1P1P1P/2N1CCN2/9/1RBAKAB2 w,-0.79071677,6061
1rbaka1r1/9/2nnb2c1/p3C1p1p/2p6/5R3/PcP1P1P1P/2N2CN2/9/1RBAKAB2 b,0.7916866,463
1rbak2r1/4a4/2nnb2c1/p3C1p1p/2p6/5R3/PcP1P1P1P/2N2CN2/9/1RBAKAB2 w,-0.79634124,2825
1rbak2r1/4a4/2nnb2c1/p5p1C/2p6/5R3/PcP1P1P1P/2N2CN2/9/1RBAKAB2 b,0.7945651,2276
1rbak2r1/4a4/2nnb3c/p5p1C/2p6/5R3/PcP1P1P1P/2N2CN2/9/1RBAKAB2 w,-0.7830282,5451
1rbak2r1/4a4/2nnb3c/p5p1C/2p6/5RP2/PcP1P3P/2N2CN2/9/1RBAKAB2 b,0.7935425,1839
1rbak2r1/4a4/3nb3c/p5p1C/2pn5/5RP2/PcP1P3P/2N2CN2/9/1RBAKAB2 w,-0.7890248,4541
1rbak2r1/4a4/3nb3c/p5p1C/2pn1R3/6P2/PcP1P3P/2N2CN2/9/1RBAKAB2 b,0.7958504,3566
1rbak2r1/4a4/3nb3c/p5p1C/2p2R3/6P2/Pcn1P3P/2N2CN2/9/1RBAKAB2 w,-0.7969512,6179
1rbak2r1/4a4/3nb3c/p5p1C/2p2R3/6P2/Pcn1PC2P/2N3N2/9/1RBAKAB2 b,0.8039882,5023
1rbak2r1/4a4/3nb3c/p5p1C/2p2R3/6P2/P1n1PC2P/2N3N2/1c7/1RBAKAB2 w,-0.7918051,5366
1rbak2r1/4a4/3nb3c/p5p1C/2p2R3/6P2/P1C1P3P/2N3N2/1c7/1RBAKAB2 b,0.8005584,3467
1rbak2r1/4a4/3nb3c/p5p1C/5R3/2p3P2/P1C1P3P/2N3N2/1c7/1RBAKAB2 w,-0.79146326,5097
1rbak2r1/4a4/3nb3c/p5p1C/5R3/2p3P2/P2CP3P/2N3N2/1c7/1RBAKAB2 b,0.7947954,4286
1rbak2r1/4a4/3nb3c/p5p1C/5R3/6P2/P1pCP3P/2N3N2/1c7/1RBAKAB2 w,-0.7832768,5133
1rbCk2r1/4a4/3nb3c/p5p1C/5R3/6P2/P1p1P3P/2N3N2/1c7/1RBAKAB2 b,0.81514025,363
1rbk3r1/4a4/3nb3c/p5p1C/5R3/6P2/P1p1P3P/2N3N2/1c7/1RBAKAB2 w,-0.8054376,5926
1rbk3r1/4a4/3nb3c/p5p1C/5R3/6P2/P1p1P3P/6N2/1c2N4/1RBAKAB2 b,0.8204355,154
2bk3r1/4a4/3nb3c/p5p1C/5R3/6P2/P1p1P3P/1r4N2/1c2N4/1RBAKAB2 w,-0.8024069,3177
2bk3r1/4a4/3nb3c/C5p2/5R3/6P2/P1p1P3P/1r4N2/1c2N4/1RBAKAB2 b,0.80755407,709
2bk5/4a4/3nb3c/C5p2/5R3/6P2/P1p1P3P/1r4N2/1c2N2r1/1RBAKAB2 w,-0.79568017,2430
C1bk5/4a4/3nb3c/6p2/5R3/6P2/P1p1P3P/1r4N2/1c2N2r1/1RBAKAB2 b,0.7913687,198
C2k5/4a4/b2nb3c/6p2/5R3/6P2/P1p1P3P/1r4N2/1c2N2r1/1RBAKAB2 w,-0.7843637,3704
C2k5/4aR3/b2nb3c/6p2/9/6P2/P1p1P3P/1r4N2/1c2N2r1/1RBAKAB2 b,0.80694515,7187
C2k5/4aR3/b2nb3c/6p2/9/6P2/P1p1P3P/1r4N2/1c2Nr3/1RBAKAB2 w,-0.8056502,1273
C2k5/4R4/b2nb3c/6p2/9/6P2/P1p1P3P/1r4N2/1c2Nr3/1RBAKAB2 b,0.8183914,5829
C2k5/4R4/b2nb3c/6p2/9/6P2/P1p1P3P/6r2/1c2Nr3/1RBAKAB2 w,-0.82487774,1192
C2k5/9/b2nR3c/6p2/9/6P2/P1p1P3P/6r2/1c2Nr3/1RBAKAB2 b,0.88301104,6297
C2k5/9/b2nR3c/6p2/9/6P2/P1p1P3P/9/1c2Nr3/1RBAKAr2 w,-0.8851555,2001
C2k5/9/b2R4c/6p2/9/6P2/P1p1P3P/9/1c2Nr3/1RBAKAr2 b,0.8900616,274
C3k4/9/b2R4c/6p2/9/6P2/P1p1P3P/9/1c2Nr3/1RBAKAr2 w,-0.88346684,1912
C3k4/9/b3R3c/6p2/9/6P2/P1p1P3P/9/1c2Nr3/1RBAKAr2 b,0.9560759,363
C2k5/9/b3R3c/6p2/9/6P2/P1p1P3P/9/1c2Nr3/1RBAKAr2 w,-0.9458312,1984
C2kR4/9/b7c/6p2/9/6P2/P1p1P3P/9/1c2Nr3/1RBAKAr2 b,0.9953909,274
C3k4/9/b7c/6p2/9/6P2/P1p1P3P/9/1c2Nr3/1RBAKAr2 w,-0.99058187,7453
C3k4/9/b7c/6p2/9/6P2/P1p1P3P/9/1R2Nr3/2BAKAr2 b,1,7916
rnbakabnr/9/1c5c1/p1p1p1p1p/9/9/P1P1P1P1P/1C5C1/9/RNBAKABNR w,0.001809311,5827
rnbakabnr/9/1c5c1/p1p1p1p1p/9/9/P1P1P1P1P/4C2C1/9/RNBAKABNR b,-0.0017835737,110
r1bakabnr/9/1cn4c1/p1p1p1p1p/9/9/P1P1P1P1P/4C2C1/9/RNBAKABNR w,0.0018301487,7445
r1bakabnr/9/1cn4c1/p1p1p1p1p/9/9/P1P1P1P1P/2N1C2C1/9/R1BAKABNR b,-0.0018071294,562
r1baka1nr/9/1cn1b2c1/p1p1p1p1p/9/9/P1P1P1P1P/2N1C2C1/9/R1BAKABNR w,0.0019496679,7372
r1baka1nr/9/1cn1b2c1/p1p1p1p1p/9/9/P1P1P1P1P/2N1C2C1/9/1RBAKABNR b,-0.001772213,1
1rbaka1nr/9/1cn1b2c1/p1p1p1p1p/9/9/P1P1P1P1P/2N1C2C1/9/1RBAKABNR w,0.0016935825,6368
1rbaka1nr/9/1cn1b2c1/p1p1p1p1p/9/9/P1P1P1P1P/2N1CC3/9/1RBAKABNR b,-0.0012780905,654
1rbaka2r/9/1cn1b1nc1/p1p1p1p1p/9/9/P1P1P1P1P/2N1CC3/9/1RBAKABNR w,0.0015946865,7989
1rbaka2r/9/1cn1b1nc1/p1p1p1p1p/9/9/P1P1P1P1P/2N1CCN2/9/1RBAKAB1R b,-0.0015004635,3012
1rbaka2r/9/1cn1b1nc1/p1p1p3p/6p2/9/P1P1P1P1P/2N1CCN2/9/1RBAKAB1R w,0.0018723011,8098
1rbaka2r/9/1cn1b1nc1/p1p1p3p/6p2/9/P1P1P1P1P/2N1CCN2/9/1RBAKABR1 b,-0.002026415,727
1rbaka1r1/9/1cn1b1nc1/p1p1p3p/6p2/9/P1P1P1P1P/2N1CCN2/9/1RBAKABR1 w,0.002513051,5087
1rbaka1r1/9/1cn1b1nc1/p1p1p3p/6p2/2P6/P3P1P1P/2N1CCN2/9/1RBAKABR1 b,-0.0021549107,1765
1rbaka1r1/9/2n1b1nc1/p1p1p3p/6p2/2P6/Pc2P1P1P/2N1CCN2/9/1RBAKABR1 w,0.0047060014,5898
1rbaka1r1/9/2n1b1nc1/p1p1p3p/6p2/2PN5/Pc2P1P1P/4CCN2/9/1RBAKABR1 b,-0.0064492226,2311
1rbaka1r1/9/2n1b1n2/p1p1p3p/6p2/2PN5/Pc2P1PcP/4CCN2/9/1RBAKABR1 w,0.007815647,6143
1rbaka1r1/9/2n1bCn2/p1p1p3p/6p2/2PN5/Pc2P1PcP/4C1N2/9/1RBAKABR1 b,-0.0090389615,1986
1rbakabr1/9/2n2Cn2/p1p1p3p/6p2/2PN5/Pc2P1PcP/4C1N2/9/1RBAKABR1 w,0.01805811,4351
1rbakabr1/9/2n2Cn2/p1p1N3p/6p2/2P6/Pc2P1PcP/4C1N2/9/1RBAKABR1 b,-0.0047811987,1831
1rbakabr1/9/5Cn2/p1p1n3p/6p2/2P6/Pc2P1PcP/4C1N2/9/1RBAKABR1 w,0.005105925,6061
1rbakabr1/9/5Cn2/p1p1C3p/6p2/2P6/Pc2P1PcP/6N2/9/1RBAKABR1 b,0.009483027,109
2bakabr1/9/1r3Cn2/p1p1C3p/6p2/2P6/Pc2P1PcP/6N2/9/1RBAKABR1 w,0.0018720865,2839
2bakabr1/9/1r3Cn2/p1p5p/6p2/2P1C4/Pc2P1PcP/6N2/9/1RBAKABR1 b,0.0016442061,1733
2bakabr1/9/5rn2/p1p5p/6p2/2P1C4/Pc2P1PcP/6N2/9/1RBAKABR1 w,0.0096654175,7435
2bakabr1/9/5rn2/p1p5p/6p2/2P1C4/PR2P1PcP/6N2/9/2BAKABR1 b,-0.007027888,2201
2bakabr1/9/5r3/p1p5p/5np2/2P1C4/PR2P1PcP/6N2/9/2BAKABR1 w,0.014036894,4987
2bakabr1/9/5r3/p1p5p/1R3np2/2P1C4/P3P1PcP/6N2/9/2BAKABR1 b,-0.008469152,3750
2bakabr1/9/5r3/p1p5p/1R4p2/2P1C4/P3P1ncP/6N2/9/2BAKABR1 w,0.019770885,3372
2bakabr1/9/5r3/p1p5p/6R2/2P1C4/P3P1ncP/6N2/9/2BAKABR1 b,-0.005449605,5449
2bakabr1/9/5r3/p1p5p/6R2/2P1n4/P3P2cP/6N2/9/2BAKABR1 w,0.0056578876,5269
2bakabr1/9/5r3/p1p5p/6R2/2P1P4/P6cP/6N2/9/2BAKABR1 b,0.0003889084,463
2bak1br1/4a4/5r3/p1p5p/6R2/2P1P4/P6cP/6N2/9/2BAKABR1 w,0.0038110495,3813
2bak1br1/4a4/5r3/p1p3R1p/9/2P1P4/P6cP/6N2/9/2BAKABR1 b,0.0013854265,2129
2bak1br1/4a4/9/p1p3R1p/9/2P1P4/P4r1cP/6N2/9/2BAKABR1 w,0.0034015179,2999
2bak1br1/4a4/9/p1R5p/9/2P1P4/P4r1cP/6N2/9/2BAKABR1 b,0.005402422,5370
2bak1br1/4a4/9/p1R5p/9/2P1P4/P5rcP/6N2/9/2BAKABR1 w,-0.0033987523,6290
2bak1br1/4a4/9/p1R5p/9/2P1P4/P5rcP/9/8N/2BAKABR1 b,0.01587007,5569
2bak1br1/4a4/9/p1R5p/9/2P1P4/P5r1P/9/7cN/2BAKABR1 w,-0.010183978,2612
2Rak1br1/4a4/9/p7p/9/2P1P4/P5r1P/9/7cN/2BAKABR1 b,0.016001726,5462
2Rak1br1/4a4/9/p7p/9/2P1P4/P7r/9/7cN/2BAKABR1 w,-0.007952976,209
3ak1br1/4a4/9/p1R5p/9/2P1P4/P7r/9/7cN/2BAKABR1 b,0.0042163613,5660
3ak1br1/4a4/9/p1R5p/9/2P1P4/P8/9/7cr/2BAKABR1 w,0.0008548498,2643
3ak1br1/4a4/9/p5R1p/9/2P1P4/P8/9/7cr/2BAKABR1 b,0.019285679,7253
3ak1br1/4a4/9/p5R1p/9/2P1P3r/P8/9/7c1/2BAKABR1 w,-0.0064445855,2997
3ak1br1/4a4/9/R7p/9/2P1P3r/P8/9/7c1/2BAKABR1 b,0.03311007,655
3ak1b2/4a4/7r1/R7p/9/2P1P3r/P8/9/7c1/2BAKABR1 w,-0.023113895,2461
3ak1b2/4a4/7r1/4R3p/9/2P1P3r/P8/9/7c1/2BAKABR1 b,0.032660484,566
3ak4/4a4/7rb/4R3p/9/2P1P3r/P8/9/7c1/2BAKABR1 w,-0.021297634,2830
3ak4/4a4/7rb/8p/4R4/2P1P3r/P8/9/7c1/2BAKABR1 b,0.033415176,2266
3ak4/4a2r1/8b/8p/4R4/2P1P3r/P8/9/7c1/2BAKABR1 w,-0.022054149,3631
3ak4/4a2r1/8b/4R3p/9/2P1P3r/P8/9/7c1/2BAKABR1 b,0.028033042,365
3a1k3/4a2r1/8b/4R3p/9/2P1P3r/P8/9/7c1/2BAKABR1 w,-0.013692058,2822
3a1k3/4a2r1/8b/5R2p/9/2P1P3r/P8/9/7c1/2BAKABR1 b,0.012922311,454
3ak4/4a2r1/8b/5R2p/9/2P1P3r/P8/9/7c1/2BAKABR1 w,0,2911
rnbakabnr/9/1c5c1/p1p1p1p1p/9/9/P1P1P1P1P/1C5C1/9/RNBAKABNR w,0.8017992,5827
rnbakabnr/9/1c5c1/p1p1p1p1p/9/9/P1P1P1P1P/4C2C1/9/RNBAKABNR b,-0.8017806,110
r1bakabnr/9/1cn4c1/p1p1p1p1p/9/9/P1P1P1P1P/4C2C1/9/RNBAKABNR w,0.8018244,7445
r1bakabnr/9/1cn4c1/p1p1p1p1p/9/9/P1P1P1P1P/2N1C2C1/9/R1BAKABNR b,-0.80180895,562
r1baka1nr/9/1cn1b2c1/p1p1p1p1p/9/9/P1P1P1P1P/2N1C2C1/9/R1BAKABNR w,0.801942,7372
r1baka1nr/9/1cn1b2c1/p1p1p1p1p/9/9/P1P1P1P1P/2N1C2C1/9/1RBAKABNR b,-0.8017659,1
1rbaka1nr/9/1cn1b2c1/p1p1p1p1p/9/9/P1P1P1P1P/2N1C2C1/9/1RBAKABNR w,0.80170405,6368
1rbaka1nr/9/1cn1b2c1/p1p1p1p1p/9/9/P1P1P1P1P/2N1CC3/9/1RBAKABNR b,-0.8012889,654
1rbaka2r/9/1cn1b1nc1/p1p1p1p1p/9/9/P1P1P1P1P/2N1CC3/9/1RBAKABNR w,0.8016004,7989
1rbaka2r/9/1cn1b1nc1/p1p1p1p1p/9/9/P1P1P1P1P/2N1CCN2/9/1RBAKAB1R b,-0.8013839,3012
1rbaka2r/9/1cn1b1nc1/p1p1p3p/6p2/9/P1P1P1P1P/2N1CCN2/9/1RBAKAB1R w,0.80187565,8098
1rbaka2r/9/1cn1b1nc1/p1p1p3p/6p2/9/P1P1P1P1P/2N1CCN2/9/1RBAKABR1 b,-0.8018879,727
1rbaka1r1/9/1cn1b1nc1/p1p1p3p/6p2/9/P1P1P1P1P/2N1CCN2/9/1RBAKABR1 w,0.8027678,5087
1rbaka1r1/9/1cn1b1nc1/p1p1p3p/6p2/2P6/P3P1P1P/2N1CCN2/9/1RBAKABR1 b,-0.80221564,1765
1rbaka1r1/9/2n1b1nc1/p1p1p3p/6p2/2P6/Pc2P1P1P/2N1CCN2/9/1RBAKABR1 w,0.80476177,5898
1rbaka1r1/9/2n1b1nc1/p1p1p3p/6p2/2PN5/Pc2P1P1P/4CCN2/9/1RBAKABR1 b,-0.8063819,2311
1rbaka1r1/9/2n1b1n2/p1p1p3p/6p2/2PN5/Pc2P1PcP/4CCN2/9/1RBAKABR1 w,0.8078861,6143
1rbaka1r1/9/2n1bCn2/p1p1p3p/6p2/2PN5/Pc2P1PcP/4C1N2/9/1RBAKABR1 b,-0.8084572,1986
1rbakabr1/9/2n2Cn2/p1p1p3p/6p2/2PN5/Pc2P1PcP/4C1N2/9/1RBAKABR1 w,0.81805813,4351
1rbakabr1/9/2n2Cn2/p1p1N3p/6p2/2P6/Pc2P1PcP/4C1N2/9/1RBAKABR1 b,-0.8048105,1831
1rbakabr1/9/5Cn2/p1p1n3p/6p2/2P6/Pc2P1PcP/4C1N2/9/1RBAKABR1 w,0.8050279,6061
1rbakabr1/9/5Cn2/p1p1C3p/6p2/2P6/Pc2P1PcP/6N2/9/1RBAKABR1 b,-0.790517,109
2bakabr1/9/1r3Cn2/p1p1C3p/6p2/2P6/Pc2P1PcP/6N2/9/1RBAKABR1 w,0.8020568,2839
2bakabr1/9/1r3Cn2/p1p5p/6p2/2P1C4/Pc2P1PcP/6N2/9/1RBAKABR1 b,-0.7987529,1733
2bakabr1/9/5rn2/p1p5p/6p2/2P1C4/Pc2P1PcP/6N2/9/1RBAKABR1 w,0.80960983,7435
2bakabr1/9/5rn2/p1p5p/6p2/2P1C4/PR2P1PcP/6N2/9/2BAKABR1 b,-0.807044,2201
2bakabr1/9/5r3/p1p5p/5np2/2P1C4/PR2P1PcP/6N2/9/2BAKABR1 w,0.8134917,4987
2bakabr1/9/5r3/p1p5p/1R3np2/2P1C4/P3P1PcP/6N2/9/2BAKABR1 b,-0.80822587,3750
2bakabr1/9/5r3/p1p5p/1R4p2/2P1C4/P3P1ncP/6N2/9/2BAKABR1 w,0.82004386,3372
2bakabr1/9/5r3/p1p5p/6R2/2P1C4/P3P1ncP/6N2/9/2BAKABR1 b,-0.8054496,5449
2bakabr1/9/5r3/p1p5p/6R2/2P1n4/P3P2cP/6N2/9/2BAKABR1 w,0.8058068,5269
2bakabr1/9/5r3/p1p5p/6R2/2P1P4/P6cP/6N2/9/2BAKABR1 b,-0.7995004,5560
2bakabr1/9/5r3/p1p5p/6R2/2P1P4/P7P/6Nc1/9/2BAKABR1 w,0.80968297,7999
2bakabr1/9/5r3/p1p5p/6R2/2P1P4/P7P/6Nc1/7R1/2BAKAB2 b,-0.79809546,2138
2bakabr1/9/9/p1p5p/6R2/2P1P4/P7P/5rNc1/7R1/2BAKAB2 w,0.80024886,3813
2bakabr1/9/9/p1p3R1p/9/2P1P4/P7P/5rNc1/7R1/2BAKAB2 b,-0.80266416,691
2bakab2/9/9/p1p3R1p/9/2P1P4/P6rP/5rNc1/7R1/2BAKAB2 w,0.81456804,2976
2bakaR2/9/9/p1p5p/9/2P1P4/P6rP/5rNc1/7R1/2BAKAB2 b,-0.8037907,5548
2bakaR2/9/9/p1p5p/9/2P1P4/P3r3P/5rNc1/7R1/2BAKAB2 w,0.8271279,7636
2bakaR2/9/9/p1p5p/9/2P1P4/P3r3P/5rNc1/4A2R1/2B1KAB2 b,-0.81541157,6361
2bakaR2/9/9/p1p5p/9/2P1P4/P3r2cP/5rN2/4A2R1/2B1KAB2 w,0.8695945,7171
2bakaR2/9/9/p1p5p/9/2P1P4/P3r2RP/5rN2/4A4/2B1KAB2 b,-0.8529954,5281
2bakaR2/9/9/p1p5p/9/2P1P4/P6rP/5rN2/4A4/2B1KAB2 w,0.8607573,6908
2bakaR2/9/9/p1p5p/9/2P1P4/P6rP/5AN2/9/2B1KAB2 b,-0.8509776,5544
2bakaR2/9/9/p1p5p/9/2P1P4/r7P/5AN2/9/2B1KAB2 w,0.8619698,6260
2bakaR2/9/9/p1p5p/9/2P1PN3/r7P/5A3/9/2B1KAB2 b,-0.8581198,4922
2bakaR2/9/9/p1p5p/9/2P1PN3/8r/5A3/9/2B1KAB2 w,0.8681083,4543
2bakaR2/9/9/p1p5p/7N1/2P1P4/8r/5A3/9/2B1KAB2 b,-0.8570489,5638
2bakaR2/9/9/p1p5p/7N1/2P1P4/4r4/5A3/9/2B1KAB2 w,0.85475737,6196
2bakaR2/9/9/p1p5p/7N1/2P1P4/4r4/9/4A4/2B1KAB2 b,-0.84241074,5269
2bakaR2/9/9/p1p5p/7N1/2P1r4/9/9/4A4/2B1KAB2 w,0.8472484,3902
2bakaR2/9/9/p1p2N2p/9/2P1r4/9/9/4A4/2B1KAB2 b,-0.8461318,4457
2bakaR2/9/9/p1p2N2p/9/2r6/9/9/4A4/2B1KAB2 w,0.8676779,7897
2bakaR2/9/9/p1p2N2p/9/2r6/9/4B4/4A4/2B1KA3 b,-0.86633444,4280
2bakaR2/9/9/p1p2N2p/9/5r3/9/4B4/4A4/2B1KA3 w,0.86453825,2901
2bakaR2/9/3N5/p1p5p/9/5r3/9/4B4/4A4/2B1KA3 b,-0.8648111,373
2ba1aR2/4k4/3N5/p1p5p/9/5r3/9/4B4/4A4/2B1KA3 w,0.8661811,555
2ba1a3/4k1R2/3N5/p1p5p/9/5r3/9/4B4/4A4/2B1KA3 b,-0.86449426,1192
2ba1a3/6R2/3Nk4/p1p5p/9/5r3/9/4B4/4A4/2B1KA3 w,0.87146944,1900
2ba1a3/1N4R2/4k4/p1p5p/9/5r3/9/4B4/4A4/2B1KA3 b,-0.8570967,4548
2ba1a3/1N4R2/4k4/p1p5p/9/3r5/9/4B4/4A4/2B1KA3 w,0.86579674,1383
2ba1a3/1N7/4k4/p1p3R1p/9/3r5/9/4B4/4A4/2B1KA3 b,-0.8470634,4359
2ba1a3/1N7/4k4/p1p3R1p/3r5/9/9/4B4/4A4/2B1KA3 w,0.8532726,929
2ba1a3/9/4k4/p1N3R1p/3r5/9/9/4B4/4A4/2B1KA3 b,-0.8473578,1993
2ba1a3/4k4/9/p1N3R1p/3r5/9/9/4B4/4A4/2B1KA3 w,0.8555257,3001
2ba1a3/4k4/9/p1N1R3p/3r5/9/9/4B4/4A4/2B1KA3 b,-0.84996825,1184
2ba1a3/5k3/9/p1N1R3p/3r5/9/9/4B4/4A4/2B1KA3 w,0.8551442,2825
2ba1a3/5k3/9/p1N5R/3r5/9/9/4B4/4A4/2B1KA3 b,-0.8401924,1273
2ba1a3/4k4/9/p1N5R/3r5/9/9/4B4/4A4/2B1KA3 w,0.8425355,3181
2ba1a3/4k4/9/p1N1R4/3r5/9/9/4B4/4A4/2B1KA3 b,-0.8500508,1184
2ba1a3/5k3/9/p1N1R4/3r5/9/9/4B4/4A4/2B1KA3 w,0.85754234,2650
2ba1a3/5k3/9/p3R4/3rN4/9/9/4B4/4A4/2B1KA3 b,-0.8441683,2466
2ba1a3/5k3/9/4R4/p2rN4/9/9/4B4/4A4/2B1KA3 w,0.8809957,3633
2ba1a3/5k3/9/4R1N2/p2r5/9/9/4B4/4A4/2B1KA3 b,-0.88531935,1283
2ba1a3/9/5k3/4R1N2/p2r5/9/9/4B4/4A4/2B1KA3 w,0.89788586,2819
2ba1a3/9/5k3/2R3N2/p2r5/9/9/4B4/4A4/2B1KA3 b,-0.88483995,463
2ba5/4a4/5k3/2R3N2/p2r5/9/9/4B4/4A4/2B1KA3 w,0.88740164,2630
2ba5/4a4/2R2k3/6N2/p2r5/9/9/4B4/4A4/2B1KA3 b,-0.87812454,3531
2ba5/4a4/2Rr1k3/6N2/p8/9/9/4B4/4A4/2B1KA3 w,0.94099826,1847
2ba5/4a4/3r1k3/6N2/p8/2R6/9/4B4/4A4/2B1KA3 b,-0.9696999,1920
2ba5/4a4/5k3/3r2N2/p8/2R6/9/4B4/4A4/2B1KA3 w,0.97677356,4280
2ba5/4a4/5k3/3r2N2/p8/5R3/9/4B4/4A4/2B1KA3 b,-0.9776732,2732
2ba5/4a4/5k3/5rN2/p8/5R3/9/4B4/4A4/2B1KA3 w,0.98339796,4532
2ba5/4a4/5k3/5RN2/p8/9/9/4B4/4A4/2B1KA3 b,-0.98347783,2092
2ba5/4a4/4k4/5RN2/p8/9/9/4B4/4A4/2B1KA3 w,0.98772544,2911
2ba5/4a4/4k4/4R1N2/p8/9/9/4B4/4A4/2B1KA3 b,-0.984484,2003
2ba5/4a4/5k3/4R1N2/p8/9/9/4B4/4A4/2B1KA3 w,0.9935145,2830
2ba5/4a4/5k3/6N2/p3R4/9/9/4B4/4A4/2B1KA3 b,-0.98979336,202
3a5/4a4/4bk3/6N2/p3R4/9/9/4B4/4A4/2B1KA3 w,1,3641
rnbakabnr/9/1c5c1/p1p1p1p1p/9/9/P1P1P1P1P/1C5C1/9/RNBAKABNR w,-0.7981834,5827
rnbakabnr/9/1c5c1/p1p1p1p1p/9/9/P1P1P1P1P/4C2C1/9/RNBAKABNR b,0.79821646,110
r1bakabnr/9/1cn4c1/p1p1p1p1p/9/9/P1P1P1P1P/4C2C1/9/RNBAKABNR w,-0.79817986,7445
r1bakabnr/9/1cn4c1/p1p1p1p1p/9/9/P1P1P1P1P/2N1C2C1/9/R1BAKABNR b,0.79819286,562
r1baka1nr/9/1cn1b2c1/p1p1p1p1p/9/9/P1P1P1P1P/2N1C2C1/9/R1BAKABNR w,-0.79805803,7372
r1baka1nr/9/1cn1b2c1/p1p1p1p1p/9/9/P1P1P1P1P/2N1C2C1/9/1RBAKABNR b,0.7982326,1
1rbaka1nr/9/1cn1b2c1/p1p1p1p1p/9/9/P1P1P1P1P/2N1C2C1/9/1RBAKABNR w,-0.798301,6368
1rbaka1nr/9/1cn1b2c1/p1p1p1p1p/9/9/P1P1P1P1P/2N1CC3/9/1RBAKABNR b,0.79872394,654
1rbaka2r/9/1cn1b1nc1/p1p1p1p1p/9/9/P1P1P1P1P/2N1CC3/9/1RBAKABNR w,-0.79840535,7989
1rbaka2r/9/1cn1b1nc1/p1p1p1p1p/9/9/P1P1P1P1P/2N1CCN2/9/1RBAKAB1R b,0.79843265,3012
1rbaka2r/9/1cn1b1nc1/p1p1p3p/6p2/9/P1P1P1P1P/2N1CCN2/9/1RBAKAB1R w,-0.7981264,8098
1rbaka2r/9/1cn1b1nc1/p1p1p3p/6p2/9/P1P1P1P1P/2N1CCN2/9/1RBAKABR1 b,0.7980907,727
1rbaka1r1/9/1cn1b1nc1/p1p1p3p/6p2/9/P1P1P1P1P/2N1CCN2/9/1RBAKABR1 w,-0.79748243,5087
1rbaka1r1/9/1cn1b1nc1/p1p1p3p/6p2/2P6/P3P1P1P/2N1CCN2/9/1RBAKABR1 b,0.79784644,1765
1rbaka1r1/9/2n1b1nc1/p1p1p3p/6p2/2P6/Pc2P1P1P/2N1CCN2/9/1RBAKABR1 w,-0.79497945,5898
1rbaka1r1/9/2n1b1nc1/p1p1p3p/6p2/2PN5/Pc2P1P1P/4CCN2/9/1RBAKABR1 b,0.7935581,2311
1rbaka1r1/9/2n1b1n2/p1p1p3p/6p2/2PN5/Pc2P1PcP/4CCN2/9/1RBAKABR1 w,-0.7920708,6143
1rbaka1r1/9/2n1bCn2/p1p1p3p/6p2/2PN5/Pc2P1PcP/4C1N2/9/1RBAKABR1 b,0.7915428,1986
1rbakabr1/9/2n2Cn2/p1p1p3p/6p2/2PN5/Pc2P1PcP/4C1N2/9/1RBAKABR1 w,-0.7818543,4351
1rbakabr1/9/2n2Cn2/p1p1N3p/6p2/2P6/Pc2P1PcP/4C1N2/9/1RBAKABR1 b,0.79512465,1831
1rbakabr1/9/5Cn2/p1p1n3p/6p2/2P6/Pc2P1PcP/4C1N2/9/1RBAKABR1 w,-0.79546565,6061
1rbakabr1/9/5Cn2/p1p1C3p/6p2/2P6/Pc2P1PcP/6N2/9/1RBAKABR1 b,0.8091318,109
2bakabr1/9/1r3Cn2/p1p1C3p/6p2/2P6/Pc2P1PcP/6N2/9/1RBAKABR1 w,-0.7955006,2830
2bakabr1/9/1r3Cn2/p1p5p/4C1p2/2P6/Pc2P1PcP/6N2/9/1RBAKABR1 b,0.80264634,1733
2bakabr1/9/5rn2/p1p5p/4C1p2/2P6/Pc2P1PcP/6N2/9/1RBAKABR1 w,-0.796686,7435
2bakabr1/9/5rn2/p1p5p/4C1p2/2P6/PR2P1PcP/6N2/9/2BAKABR1 b,0.8039413,2111
2bakabr1/9/6n2/p1p5p/4Crp2/2P6/PR2P1PcP/6N2/9/2BAKABR1 w,-0.7927967,3649
2bakabr1/9/6n2/p1p5p/5rp2/2P1C4/PR2P1PcP/6N2/9/2BAKABR1 b,0.80157745,3831
2bakabr1/9/6n2/p1p5p/5r3/2P1C1p2/PR2P1PcP/6N2/9/2BAKABR1 w,-0.7872914,6290
2bakabr1/9/6n2/p1p5p/5r3/2P1C1p2/PR2P1PcP/9/8N/2BAKABR1 b,0.7965268,5569
2bakabr1/9/6n2/p1p5p/5r3/2P1C1p2/PR2P1P1P/9/7cN/2BAKABR1 w,-0.7939024,7816
2bakabr1/9/6n2/p1p5p/5r3/2P1C1p2/PR2P1P1P/9/4A2cN/2BAK1BR1 b,0.80632395,4650
2bakabr1/9/6n2/p1p5p/5r3/2P1C4/PR2P1p1P/9/4A2cN/2BAK1BR1 w,-0.79291326,4969
2bakabr1/9/1R4n2/p1p5p/5r3/2P1C4/P3P1p1P/9/4A2cN/2BAK1BR1 b,0.8053898,3749
2bakabr1/9/1R4n2/p1p5p/9/2P1C4/P3Prp1P/9/4A2cN/2BAK1BR1 w,-0.79069465,1734
2bakabr1/9/6R2/p1p5p/9/2P1C4/P3Prp1P/9/4A2cN/2BAK1BR1 b,0.7992949,5368
2bakabr1/9/6R2/p1p5p/9/2P1C4/P3r1p1P/9/4A2cN/2BAK1BR1 w,-0.7871419,2211
2bakabr1/9/9/p1p5p/9/2P1C1R2/P3r1p1P/9/4A2cN/2BAK1BR1 b,0.79878855,5469
2bakabr1/9/9/p1p5p/9/2P1C1R2/P3r3P/6p2/4A2cN/2BAK1BR1 w,-0.786862,7897
2bakabr1/9/9/p1p5p/9/2P1C1R2/P3r3P/4B1p2/4A2cN/2BAK2R1 b,0.80249715,6280
2bakabr1/9/9/p1p5p/9/2P1C1R2/P3r3P/4B2p1/4A2cN/2BAK2R1 w,-0.7805802,8007
2bakabr1/9/9/p1p5p/9/2P1C1R2/P3r3P/4B2p1/4A2cN/2BAK1R2 b,0.7925971,6371
2bakabr1/9/9/p1p5p/9/2P1C1R2/P3r3P/4B3p/4A2cN/2BAK1R2 w,-0.7775846,7890
2bakabr1/9/9/p1p5p/9/2P1C1R2/P3r1R1P/4B3p/4A2cN/2BAK4 b,0.79329836,5280
2bakabr1/9/9/p1p5p/9/2P1C1R2/P5r1P/4B3p/4A2cN/2BAK4 w,-0.78602165,4650
2bakabr1/9/9/p1p5p/9/2P1C4/P5R1P/4B3p/4A2cN/2BAK4 b,0.79114425,6470
2bakabr1/9/9/p1p5p/9/2P1C4/P5R1P/4B4/4A2cp/2BAK4 w,-0.7872448,5433
2bakabr1/9/9/p1p3R1p/9/2P1C4/P7P/4B4/4A2cp/2BAK4 b,0.79852784,7198
2bakabr1/9/9/p1p3R1p/9/2P1C4/P7P/4B4/4A3p/2BAK2c1 w,-0.79154223,6908
2bakabr1/9/9/p1p3R1p/9/2P1C4/P7P/4BA3/8p/2BAK2c1 b,0.79961175,8009
2bakabr1/9/9/p1p3R1p/9/2P1C4/P7P/4BA3/8p/2BAK3c w,-0.7913186,2999
2bakabr1/9/9/p1R5p/9/2P1C4/P7P/4BA3/8p/2BAK3c b,0.79460895,718
2bakab2/9/9/p1R5p/9/2P1C4/P7P/4BA3/8p/2BAK2rc w,-0.7951316,7726
2bakab2/9/9/p1R5p/9/2P1C4/P7P/4BA3/4K3p/2BA3rc b,0.79044634,7999
2bakab2/9/9/p1R5p/9/2P1C4/P7P/4BA3/4K2rp/2BA4c w,-0.7951134,6925
2bakab2/9/9/p1R5p/9/2P1C4/P7P/4BA3/7rp/2BAK3c b,0.806073,7187
2bakab2/9/9/p1R5p/9/2P1C4/P7P/4BA3/5r2p/2BAK3c w,-0.79930323,2612
2Rakab2/9/9/p7p/9/2P1C4/P7P/4BA3/5r2p/2BAK3c b,0.8224586,7279
2Rakab2/9/9/p7p/9/2P1C4/P7P/4BA3/5r1p1/2BAK3c w,-0.79987085,7636
2Rakab2/9/9/p7p/9/2P1C4/P7P/4BA3/4Ar1p1/2B1K3c b,0.88776606,7198
2Rakab2/9/9/p7p/9/2P1C4/P7P/4BA3/4Ar3/2B1K2pc w,-0.93021953,6926
2Rakab2/9/9/p7p/9/2P1C4/P7P/4BA3/5r3/2B1KA1pc b,0.9413647,8007
2Rakab2/9/9/p7p/9/2P1C4/P7P/4BA3/5r3/2B1KAp1c w,-0.9334977,183
3Rkab2/9/9/p7p/9/2P1C4/P7P/4BA3/5r3/2B1KAp1c b,0.96953464,363
3k1ab2/9/9/p7p/9/2P1C4/P7P/4BA3/5r3/2B1KAp1c w,-0.95840085,4460
3k1ab2/9/9/p7p/9/2P2C3/P7P/4BA3/5r3/2B1KAp1c b,1,7916
rnbakabnr/9/1c5c1/p1p1p1p1p/9/9/P1P1P1P1P/1C5C1/9/RNBAKABNR w,0.80182725,5827
rnbakabnr/9/1c5c1/p1p1p1p1p/9/9/P1P1P1P1P/4C2C1/9/RNBAKABNR b,-0.80177623,110
r1bakabnr/9/1cn4c1/p1p1p1p1p/9/9/P1P1P1P1P/4C2C1/9/RNBAKABNR w,0.8018244,7445
r1bakabnr/9/1cn4c1/p1p1p1p1p/9/9/P1P1P1P1P/2N1C2C1/9/R1BAKABNR b,-0.80180717,562
r1baka1nr/9/1cn1b2c1/p1p1p1p1p/9/9/P1P1P1P1P/2N1C2C1/9/R1BAKABNR w,0.8019529,7372
r1baka1nr/9/1cn1b2c1/p1p1p1p1p/9/9/P1P1P1P1P/2N1C2C1/9/1RBAKABNR b,-0.8017748,1
1rbaka1nr/9/1cn1b2c1/p1p1p1p1p/9/9/P1P1P1P1P/2N1C2C1/9/1RBAKABNR w,0.801707,6368
1rbaka1nr/9/1cn1b2c1/p1p1p1p1p/9/9/P1P1P1P1P/2N1CC3/9/1RBAKABNR b,-0.8012789,654
1rbaka2r/9/1cn1b1nc1/p1p1p1p1p/9/9/P1P1P1P1P/2N1CC3/9/1RBAKABNR w,0.80158037,7989
1rbaka2r/9/1cn1b1nc1/p1p1p1p1p/9/9/P1P1P1P1P/2N1CCN2/9/1RBAKAB1R b,-0.8013839,3012
1rbaka2r/9/1cn1b1nc1/p1p1p3p/6p2/9/P1P1P1P1P/2N1CCN2/9/1RBAKAB1R w,0.8018736,8098
1rbaka2r/9/1cn1b1nc1/p1p1p3p/6p2/9/P1P1P1P1P/2N1CCN2/9/1RBAKABR1 b,-0.80200404,727
1rbaka1r1/9/1cn1b1nc1/p1p1p3p/6p2/9/P1P1P1P1P/2N1CCN2/9/1RBAKABR1 w,0.80251306,5087
1rbaka1r1/9/1cn1b1nc1/p1p1p3p/6p2/2P6/P3P1P1P/2N1CCN2/9/1RBAKABR1 b,-0.8022274,1765
1rbaka1r1/9/2n1b1nc1/p1p1p3p/6p2/2P6/Pc2P1P1P/2N1CCN2/9/1RBAKABR1 w,0.80470604,5898
1rbaka1r1/9/2n1b1nc1/p1p1p3p/6p2/2PN5/Pc2P1P1P/4CCN2/9/1RBAKABR1 b,-0.8065378,2311
1rbaka1r1/9/2n1b1n2/p1p1p3p/6p2/2PN5/Pc2P1PcP/4CCN2/9/1RBAKABR1 w,0.8078539,6143
1rbaka1r1/9/2n1bCn2/p1p1p3p/6p2/2PN5/Pc2P1PcP/4C1N2/9/1RBAKABR1 b,-0.8084572,1986
1rbakabr1/9/2n2Cn2/p1p1p3p/6p2/2PN5/Pc2P1PcP/4C1N2/9/1RBAKABR1 w,0.81814575,4351
1rbakabr1/9/2n2Cn2/p1p1N3p/6p2/2P6/Pc2P1PcP/4C1N2/9/1RBAKABR1 b,-0.8048105,1831
1rbakabr1/9/5Cn2/p1p1n3p/6p2/2P6/Pc2P1PcP/4C1N2/9/1RBAKABR1 w,0.80503064,6061
1rbakabr1/9/5Cn2/p1p1C3p/6p2/2P6/Pc2P1PcP/6N2/9/1RBAKABR1 b,-0.7909604,109
2bakabr1/9/1r3Cn2/p1p1C3p/6p2/2P6/Pc2P1PcP/6N2/9/1RBAKABR1 w,0.8018721,2839
2bakabr1/9/1r3Cn2/p1p5p/6p2/2P1C4/Pc2P1PcP/6N2/9/1RBAKABR1 b,-0.7983648,1733
2bakabr1/9/5rn2/p1p5p/6p2/2P1C4/Pc2P1PcP/6N2/9/1RBAKABR1 w,0.8096487,7435
2bakabr1/9/5rn2/p1p5p/6p2/2P1C4/PR2P1PcP/6N2/9/2BAKABR1 b,-0.8070824,2129
2bakabr1/9/6n2/p1p5p/6p2/2P1C4/PR2PrPcP/6N2/9/2BAKABR1 w,0.8147393,4987
2bakabr1/9/6n2/p1p5p/1R4p2/2P1C4/P3PrPcP/6N2/9/2BAKABR1 b,-0.8042925,2201
2bakabr1/9/9/p1p5p/1R3np2/2P1C4/P3PrPcP/6N2/9/2BAKABR1 w,0.8221642,7897
2bakabr1/9/9/p1p5p/1R3np2/2P1C4/P3PrPcP/4B1N2/9/2BAKA1R1 b,-0.80973303,3748
2bakabr1/9/9/p1p5p/1R4p2/2P1C4/P3nrPcP/4B1N2/9/2BAKA1R1 w,0.82641643,7816
2bakabr1/9/9/p1p5p/1R4p2/2P1C4/P3nrPcP/4B1N2/4A4/2BAK2R1 b,-0.8099183,5370
2bakabr1/9/9/p1p5p/1R4p2/2P1C4/P3n1rcP/4B1N2/4A4/2BAK2R1 w,0.8153692,6290
2bakabr1/9/9/p1p5p/1R4p2/2P1C4/P3n1rcP/4B4/4A3N/2BAK2R1 b,-0.7960291,5569
2bakabr1/9/9/p1p5p/1R4p2/2P1C4/P3n1r1P/4B4/4A2cN/2BAK2R1 w,0.7965058,3370
2bakabr1/9/9/p1p5p/4R1p2/2P1C4/P3n1r1P/4B4/4A2cN/2BAK2R1 b,-0.8121348,562
2baka1r1/9/4b4/p1p5p/4R1p2/2P1C4/P3n1r1P/4B4/4A2cN/2BAK2R1 w,0.89761263,3622
2baka1r1/9/4R4/p1p5p/6p2/2P1C4/P3n1r1P/4B4/4A2cN/2BAK2R1 b,-0.8954133,283
2b1ka1r1/4a4/4R4/p1p5p/6p2/2P1C4/P3n1r1P/4B4/4A2cN/2BAK2R1 w,0.9170249,2005
2b1ka1r1/4a4/7R1/p1p5p/6p2/2P1C4/P3n1r1P/4B4/4A2cN/2BAK2R1 b,-0.9147528,363
2bk1a1r1/4a4/7R1/p1p5p/6p2/2P1C4/P3n1r1P/4B4/4A2cN/2BAK2R1 w,0.9370204,2257
2bk1a1R1/4a4/9/p1p5p/6p2/2P1C4/P3n1r1P/4B4/4A2cN/2BAK2R1 b,-0.92632204,7187
2bk1a1R1/4a4/9/p1p5p/6p2/2P1C4/P3n1r1P/4B4/4Ac2N/2BAK2R1 w,0.9421022,664
2bk1a3/4a4/9/p1p4Rp/6p2/2P1C4/P3n1r1P/4B4/4Ac2N/2BAK2R1 b,-0.9287894,3831
2bk1a3/4a4/9/p1p4Rp/9/2P1C1p2/P3n1r1P/4B4/4Ac2N/2BAK2R1 w,0.9453571,3090
2bk1a3/4a4/9/p1pR4p/9/2P1C1p2/P3n1r1P/4B4/4Ac2N/2BAK2R1 b,-0.94660765,1191
2bk1a3/9/3a5/p1pR4p/9/2P1C1p2/P3n1r1P/4B4/4Ac2N/2BAK2R1 w,0.94702,2721
2bk1a3/9/3R5/p1p5p/9/2P1C1p2/P3n1r1P/4B4/4Ac2N/2BAK2R1 b,-0.94511414,274
2b1ka3/9/3R5/p1p5p/9/2P1C1p2/P3n1r1P/4B4/4Ac2N/2BAK2R1 w,0.9501574,1910
2b1ka3/9/2R6/p1p5p/9/2P1C1p2/P3n1r1P/4B4/4Ac2N/2BAK2R1 b,-0.93453974,5267
2b1ka3/9/2R6/p1p5p/9/2n1C1p2/P5r1P/4B4/4Ac2N/2BAK2R1 w,0.9565207,6077
2b1ka3/9/2R6/p1p5p/9/2B1C1p2/P5r1P/9/4Ac2N/2BAK2R1 b,-0.94810927,2648
2b1ka3/9/2R6/p7p/2p6/2B1C1p2/P5r1P/9/4Ac2N/2BAK2R1 w,0.9684553,1802
2R1ka3/9/9/p7p/2p6/2B1C1p2/P5r1P/9/4Ac2N/2BAK2R1 b,-0.9644751,373
2R2a3/4k4/9/p7p/2p6/2B1C1p2/P5r1P/9/4Ac2N/2BAK2R1 w,0.9651352,191
5a3/2R1k4/9/p7p/2p6/2B1C1p2/P5r1P/9/4Ac2N/2BAK2R1 b,-0.9604411,1174
4ka3/2R6/9/p7p/2p6/2B1C1p2/P5r1P/9/4Ac2N/2BAK2R1 w,0.9632922,1028
4ka3/9/9/p7p/2R6/2B1C1p2/P5r1P/9/4Ac2N/2BAK2R1 b,-0.9598002,6980
4ka3/9/9/p7p/2R6/2B1Ccp2/P5r1P/9/4A3N/2BAK2R1 w,0.96712214,4477
4ka3/9/9/p7p/2R6/2B2cp2/P5r1P/4C4/4A3N/2BAK2R1 b,-0.9631073,4642
4ka3/9/9/p7p/2R6/2B2c1p1/P5r1P/4C4/4A3N/2BAK2R1 w,0.972494,3422
2R1ka3/9/9/p7p/9/2B2c1p1/P5r1P/4C4/4A3N/2BAK2R1 b,-0.97010297,373
2R2a3/4k4/9/p7p/9/2B2c1p1/P5r1P/4C4/4A3N/2BAK2R1 w,0.96653295,191
5a3/2R1k4/9/p7p/9/2B2c1p1/P5r1P/4C4/4A3N/2BAK2R1 b,-0.96768445,1174
4ka3/2R6/9/p7p/9/2B2c1p1/P5r1P/4C4/4A3N/2BAK2R1 w,0.96725017,1019
4ka3/9/9/p1R5p/9/2B2c1p1/P5r1P/4C4/4A3N/2BAK2R1 b,-0.9546723,4559
4ka3/9/9/p1R5p/9/2B4p1/P4cr1P/4C4/4A3N/2BAK2R1 w,0.98903584,7972
4ka3/9/9/p1R5p/9/2B4R1/P4cr1P/4C4/4A3N/2BAK4 b,-0.97380924,5324
4ka3/5c3/9/p1R5p/9/2B4R1/P5r1P/4C4/4A3N/2BAK4 w,0.98757815,4729
4ka3/5c3/9/p1R5p/9/2B1R4/P5r1P/4C4/4A3N/2BAK4 b,-0.9919354,1273
4ka3/4c4/9/p1R5p/9/2B1R4/P5r1P/4C4/4A3N/2BAK4 w,1,2612
rnbakabnr/9/1c5c1/p1p1p1p1p/9/9/P1P1P1P1P/1C5C1/9/RNBAKABNR w,0.80181664,5827
rnbakabnr/9/1c5c1/p1p1p1p1p/9/9/P1P1P1P1P/4C2C1/9/RNBAKABNR b,-0.80176777,110
r1bakabnr/9/1cn4c1/p1p1p1p1p/9/9/P1P1P1P1P/4C2C1/9/RNBAKABNR w,0.8018302,7445
r1bakabnr/9/1cn4c1/p1p1p1p1p/9/9/P1P1P1P1P/2N1C2C1/9/R1BAKABNR b,-0.80180717,562
r1baka1nr/9/1cn1b2c1/p1p1p1p1p/9/9/P1P1P1P1P/2N1C2C1/9/R1BAKABNR w,0.8019601,7372
r1baka1nr/9/1cn1b2c1/p1p1p1p1p/9/9/P1P1P1P1P/2N1C2C1/9/1RBAKABNR b,-0.80177003,1
1rbaka1nr/9/1cn1b2c1/p1p1p1p1p/9/9/P1P1P1P1P/2N1C2C1/9/1RBAKABNR w,0.8017013,6368
1rbaka1nr/9/1cn1b2c1/p1p1p1p1p/9/9/P1P1P1P1P/2N1CC3/9/1RBAKABNR b,-0.8012789,654
1rbaka2r/9/1cn1b1nc1/p1p1p1p1p/9/9/P1P1P1P1P/2N1CC3/9/1RBAKABNR w,0.8015947,7989
1rbaka2r/9/1cn1b1nc1/p1p1p1p1p/9/9/P1P1P1P1P/2N1CCN2/9/1RBAKAB1R b,-0.8013682,3012
1rbaka2r/9/1cn1b1nc1/p1p1p3p/6p2/9/P1P1P1P1P/2N1CCN2/9/1RBAKAB1R w,0.8018628,8098
1rbaka2r/9/1cn1b1nc1/p1p1p3p/6p2/9/P1P1P1P1P/2N1CCN2/9/1RBAKABR1 b,-0.8020173,727
1rbaka1r1/9/1cn1b1nc1/p1p1p3p/6p2/9/P1P1P1P1P/2N1CCN2/9/1RBAKABR1 w,0.8027678,5087
1rbaka1r1/9/1cn1b1nc1/p1p1p3p/6p2/2P6/P3P1P1P/2N1CCN2/9/1RBAKABR1 b,-0.8021549,1765
1rbaka1r1/9/2n1b1nc1/p1p1p3p/6p2/2P6/Pc2P1P1P/2N1CCN2/9/1RBAKABR1 w,0.80470604,5898
1rbaka1r1/9/2n1b1nc1/p1p1p3p/6p2/2PN5/Pc2P1P1P/4CCN2/9/1RBAKABR1 b,-0.8063935,2311
1rbaka1r1/9/2n1b1n2/p1p1p3p/6p2/2PN5/Pc2P1PcP/4CCN2/9/1RBAKABR1 w,0.80783015,6143
1rbaka1r1/9/2n1bCn2/p1p1p3p/6p2/2PN5/Pc2P1PcP/4C1N2/9/1RBAKABR1 b,-0.8082944,1986
1rbakabr1/9/2n2Cn2/p1p1p3p/6p2/2PN5/Pc2P1PcP/4C1N2/9/1RBAKABR1 w,0.81814575,4351
1rbakabr1/9/2n2Cn2/p1p1N3p/6p2/2P6/Pc2P1PcP/4C1N2/9/1RBAKABR1 b,-0.80477434,1831
1rbakabr1/9/5Cn2/p1p1n3p/6p2/2P6/Pc2P1PcP/4C1N2/9/1RBAKABR1 w,0.8050714,6061
1rbakabr1/9/5Cn2/p1p1C3p/6p2/2P6/Pc2P1PcP/6N2/9/1RBAKABR1 b,-0.79093283,109
2bakabr1/9/1r3Cn2/p1p1C3p/6p2/2P6/Pc2P1PcP/6N2/9/1RBAKABR1 w,0.80187976,2839
2bakabr1/9/1r3Cn2/p1p5p/6p2/2P1C4/Pc2P1PcP/6N2/9/1RBAKABR1 b,-0.79821455,1733
2bakabr1/9/5rn2/p1p5p/6p2/2P1C4/Pc2P1PcP/6N2/9/1RBAKABR1 w,0.80966914,7435
2bakabr1/9/5rn2/p1p5p/6p2/2P1C4/PR2P1PcP/6N2/9/2BAKABR1 b,-0.80666757,2201
2bakabr1/9/5r3/p1p5p/5np2/2P1C4/PR2P1PcP/6N2/9/2BAKABR1 w,0.8134917,4987
2bakabr1/9/5r3/p1p5p/1R3np2/2P1C4/P3P1PcP/6N2/9/2BAKABR1 b,-0.8083652,3750
2bakabr1/9/5r3/p1p5p/1R4p2/2P1C4/P3P1ncP/6N2/9/2BAKABR1 w,0.81927264,3372
2bakabr1/9/5r3/p1p5p/6R2/2P1C4/P3P1ncP/6N2/9/2BAKABR1 b,-0.8054377,5449
2bakabr1/9/5r3/p1p5p/6R2/2P1n4/P3P2cP/6N2/9/2BAKABR1 w,0.8058394,5269
2bakabr1/9/5r3/p1p5p/6R2/2P1P4/P6cP/6N2/9/2BAKABR1 b,-0.79941744,5560
2bakabr1/9/5r3/p1p5p/6R2/2P1P4/P7P/6Nc1/9/2BAKABR1 w,0.80848104,7999
2bakabr1/9/5r3/p1p5p/6R2/2P1P4/P7P/6Nc1/7R1/2BAKAB2 b,-0.7984724,2138
2bakabr1/9/9/p1p5p/6R2/2P1P4/P7P/5rNc1/7R1/2BAKAB2 w,0.80024886,3813
2bakabr1/9/9/p1p3R1p/9/2P1P4/P7P/5rNc1/7R1/2BAKAB2 b,-0.8006616,691
2bakab2/9/9/p1p3R1p/9/2P1P4/P6rP/5rNc1/7R1/2BAKAB2 w,0.81414294,2976
2bakaR2/9/9/p1p5p/9/2P1P4/P6rP/5rNc1/7R1/2BAKAB2 b,-0.8037907,5548
2bakaR2/9/9/p1p5p/9/2P1P4/P3r3P/5rNc1/7R1/2BAKAB2 w,0.8323924,7816
2bakaR2/9/9/p1p5p/9/2P1P4/P3r3P/5rNc1/4A2R1/2BAK1B2 b,-0.8204946,6371
2bakaR2/9/9/p1p5p/9/2P1P4/P3r3P/5rN1c/4A2R1/2BAK1B2 w,0.8305586,591
2baka3/9/9/p1p5p/9/2P1P1R2/P3r3P/5rN1c/4A2R1/2BAK1B2 b,-0.810359,202
3aka3/9/4b4/p1p5p/9/2P1P1R2/P3r3P/5rN1c/4A2R1/2BAK1B2 w,0.8895827,7897
3aka3/9/4b4/p1p5p/9/2P1P1R2/P3r3P/4BrN1c/4A2R1/2BAK4 b,-0.88628745,6189
3aka3/9/4b4/p1p5p/9/2P1P1R2/P3r3P/4B1r1c/4A2R1/2BAK4 w,0.8891298,4659
3aka3/9/4b4/p1p5p/9/2P1P4/P3r3P/4B1R1c/4A2R1/2BAK4 b,-0.88287157,6479
3aka3/9/4b4/p1p5p/9/2P1P4/P3r3P/4B1R2/4A2R1/2BAK3c w,0.89023334,7135
3aka3/9/4b2R1/p1p5p/9/2P1P4/P3r3P/4B1R2/4A4/2BAK3c b,-0.8785124,5269
3aka3/9/4b2R1/p1p5p/9/2P1r4/P7P/4B1R2/4A4/2BAK3c w,0.89540124,6281
3aka3/9/4b2R1/p1p5p/9/2P1r4/P7P/4B3R/4A4/2BAK3c b,-0.89231116,8098
3aka3/9/4b2R1/p1p5p/9/2P1r4/P7P/4B3R/4A4/2BAK2c1 w,0.9107374,2338
3aka3/9/4b4/p1p5p/9/2P1r4/P7P/4B3R/4A4/2BAK2R1 b,-0.90828425,4468
3aka3/9/4b4/p1p5p/9/2P6/P3r3P/4B3R/4A4/2BAK2R1 w,0.91712713,6459
3aka3/9/4b4/p1p5p/9/2P6/P3r3P/4B1R2/4A4/2BAK2R1 b,-0.9175832,5282
3aka3/9/4b4/p1p5p/9/2P6/P7r/4B1R2/4A4/2BAK2R1 w,0.92370933,6117
3aka3/9/4b4/p1p5p/9/2P6/P7r/6R2/4A4/2BAK1BR1 b,-0.92104745,5634
3aka3/9/4b4/p1p5p/9/2P6/r8/6R2/4A4/2BAK1BR1 w,0.93451834,6277
3aka3/9/4b4/p1p5p/9/2P6/r8/4R4/4A4/2BAK1BR1 b,-0.9275847,4920
3aka3/9/4b4/p1p5p/9/2P6/6r2/4R4/4A4/2BAK1BR1 w,0.92748797,6052
3aka3/9/4R4/p1p5p/9/2P6/6r2/9/4A4/2BAK1BR1 b,-0.92126167,283
4ka3/4a4/4R4/p1p5p/9/2P6/6r2/9/4A4/2BAK1BR1 w,0.92571,2011
4ka3/4a4/9/p1p1R3p/9/2P6/6r2/9/4A4/2BAK1BR1 b,-0.918907,5442
4ka3/4a4/9/p1p1R3p/6r2/2P6/9/9/4A4/2BAK1BR1 w,0.9206096,2819
4ka3/4a4/9/p1R5p/6r2/2P6/9/9/4A4/2BAK1BR1 b,-0.921458,2466
4ka3/4a4/9/2R5p/p5r2/2P6/9/9/4A4/2BAK1BR1 w,0.9382061,7954
4ka3/4a4/9/2R4Rp/p5r2/2P6/9/9/4A4/2BAK1B2 b,-0.9573982,3867
4ka3/4a4/9/2R4Rp/p8/2P6/9/9/4A4/2BAK1r2 w,0.97359115,6926
4ka3/4a4/9/2R4Rp/p8/2P6/9/9/9/2BAKAr2 b,-0.9605732,7916
4ka3/4a4/9/2R4Rp/p8/2P6/9/9/9/2BAKr3 w,0.9822851,7736
4ka3/4a4/9/2R4Rp/p8/2P6/9/9/9/2BA1K3 b,-0.97939265,3285
4ka3/4a4/9/2R4Rp/9/p1P6/9/9/9/2BA1K3 w,0.99184537,3091
4ka3/4a4/9/2R1R3p/9/p1P6/9/9/9/2BA1K3 b,-0.9867765,363
3k1a3/4a4/9/2R1R3p/9/p1P6/9/9/9/2BA1K3 w,0.99205476,2640
3k1a3/4a4/9/3RR3p/9/p1P6/9/9/9/2BA1K3 b,-0.9899282,274
4ka3/4a4/9/3RR3p/9/p1P6/9/9/9/2BA1K3 w,0.99569106,4268
4ka3/4a4/9/3RR3p/2P6/p8/9/9/9/2BA1K3 b,-0.9901352,3194
4ka3/4a4/9/3RR4/2P5p/p8/9/9/9/2BA1K3 w,0.99403,2729
4ka3/4a4/9/2R1R4/2P5p/p8/9/9/9/2BA1K3 b,-0.994941,4013
4ka3/4a4/9/2R1R4/2P6/p7p/9/9/9/2BA1K3 w,1,2612
rnbakabnr/9/1c5c1/p1p1p1p1p/9/9/P1P1P1P1P/1C5C1/9/RNBAKABNR w,0.8017763,5827
rnbakabnr/9/1c5c1/p1p1p1p1p/9/9/P1P1P1P1P/4C2C1/9/RNBAKABNR b,-0.8017655,110
r1bakabnr/9/1cn4c1/p1p1p1p1p/9/9/P1P1P1P1P/4C2C1/9/RNBAKABNR w,0.80182546,7445
r1bakabnr/9/1cn4c1/p1p1p1p1p/9/9/P1P1P1P1P/2N1C2C1/9/R1BAKABNR b,-0.8018505,562
r1baka1nr/9/1cn1b2c1/p1p1p1p1p/9/9/P1P1P1P1P/2N1C2C1/9/R1BAKABNR w,0.8019635,7372
r1baka1nr/9/1cn1b2c1/p1p1p1p1p/9/9/P1P1P1P1P/2N1C2C1/9/1RBAKABNR b,-0.8017765,1
1rbaka1nr/9/1cn1b2c1/p1p1p1p1p/9/9/P1P1P1P1P/2N1C2C1/9/1RBAKABNR w,0.8017126,6368
1rbaka1nr/9/1cn1b2c1/p1p1p1p1p/9/9/P1P1P1P1P/2N1CC3/9/1RBAKABNR b,-0.8012761,654
1rbaka2r/9/1cn1b1nc1/p1p1p1p1p/9/9/P1P1P1P1P/2N1CC3/9/1RBAKABNR w,0.80158657,7989
1rbaka2r/9/1cn1b1nc1/p1p1p1p1p/9/9/P1P1P1P1P/2N1CCN2/9/1RBAKAB1R b,-0.8015674,3012
1rbaka2r/9/1cn1b1nc1/p1p1p3p/6p2/9/P1P1P1P1P/2N1CCN2/9/1RBAKAB1R w,0.8018736,8098
1rbaka2r/9/1cn1b1nc1/p1p1p3p/6p2/9/P1P1P1P1P/2N1CCN2/9/1RBAKABR1 b,-0.80201733,727
1rbaka1r1/9/1cn1b1nc1/p1p1p3p/6p2/9/P1P1P1P1P/2N1CCN2/9/1RBAKABR1 w,0.80280274,5087
1rbaka1r1/9/1cn1b1nc1/p1p1p3p/6p2/2P6/P3P1P1P/2N1CCN2/9/1RBAKABR1 b,-0.8021624,1765
1rbaka1r1/9/2n1b1nc1/p1p1p3p/6p2/2P6/Pc2P1P1P/2N1CCN2/9/1RBAKABR1 w,0.80470604,5898
1rbaka1r1/9/2n1b1nc1/p1p1p3p/6p2/2PN5/Pc2P1P1P/4CCN2/9/1RBAKABR1 b,-0.80640864,2311
1rbaka1r1/9/2n1b1n2/p1p1p3p/6p2/2PN5/Pc2P1PcP/4CCN2/9/1RBAKABR1 w,0.8078968,6143
1rbaka1r1/9/2n1bCn2/p1p1p3p/6p2/2PN5/Pc2P1PcP/4C1N2/9/1RBAKABR1 b,-0.80828,1986
1rbakabr1/9/2n2Cn2/p1p1p3p/6p2/2PN5/Pc2P1PcP/4C1N2/9/1RBAKABR1 w,0.8178919,4351
1rbakabr1/9/2n2Cn2/p1p1N3p/6p2/2P6/Pc2P1PcP/4C1N2/9/1RBAKABR1 b,-0.8048105,1831
1rbakabr1/9/5Cn2/p1p1n3p/6p2/2P6/Pc2P1PcP/4C1N2/9/1RBAKABR1 w,0.80500495,6061
1rbakabr1/9/5Cn2/p1p1C3p/6p2/2P6/Pc2P1PcP/6N2/9/1RBAKABR1 b,-0.79082316,109
2bakabr1/9/1r3Cn2/p1p1C3p/6p2/2P6/Pc2P1PcP/6N2/9/1RBAKABR1 w,0.80187976,2839
2bakabr1/9/1r3Cn2/p1p5p/6p2/2P1C4/Pc2P1PcP/6N2/9/1RBAKABR1 b,-0.79845774,1733
2bakabr1/9/5rn2/p1p5p/6p2/2P1C4/Pc2P1PcP/6N2/9/1RBAKABR1 w,0.80971247,7435
2bakabr1/9/5rn2/p1p5p/6p2/2P1C4/PR2P1PcP/6N2/9/2BAKABR1 b,-0.808395,2138
2bakabr1/9/6n2/p1p5p/6p2/2P1C4/PR2P1PcP/5rN2/9/2BAKABR1 w,0.8157667,6290
2bakabr1/9/6n2/p1p5p/6p2/2P1C4/PR2P1PcP/5r3/8N/2BAKABR1 b,-0.80519605,5569
2bakabr1/9/6n2/p1p5p/6p2/2P1C4/PR2P1P1P/5r3/7cN/2BAKABR1 w,0.8080296,7816
2bakabr1/9/6n2/p1p5p/6p2/2P1C4/PR2P1P1P/5r3/4A2cN/2BAK1BR1 b,-0.79867476,6197
2bakabr1/9/6n2/p1p5p/6p2/2P1C4/PR2P1P1P/9/4Ar1cN/2BAK1BR1 w,0.79548395,4987
2bakabr1/9/6n2/p1p5p/1R4p2/2P1C4/P3P1P1P/9/4Ar1cN/2BAK1BR1 b,-0.7910116,2201
2bakabr1/9/9/p1p5p/1R3np2/2P1C4/P3P1P1P/9/4Ar1cN/2BAK1BR1 w,0.82756144,3370
2bakabr1/9/9/p1p5p/4Rnp2/2P1C4/P3P1P1P/9/4Ar1cN/2BAK1BR1 b,-0.8536698,3712
2bakabr1/9/4n4/p1p5p/4R1p2/2P1C4/P3P1P1P/9/4Ar1cN/2BAK1BR1 w,0.8806798,3622
2bakabr1/9/4R4/p1p5p/6p2/2P1C4/P3P1P1P/9/4Ar1cN/2BAK1BR1 b,-0.8695901,283
2b1kabr1/4a4/4R4/p1p5p/6p2/2P1C4/P3P1P1P/9/4Ar1cN/2BAK1BR1 w,0.8808392,2000
2b1kabr1/4a4/2R6/p1p5p/6p2/2P1C4/P3P1P1P/9/4Ar1cN/2BAK1BR1 b,-0.8710442,1173
2bakabr1/9/2R6/p1p5p/6p2/2P1C4/P3P1P1P/9/4Ar1cN/2BAK1BR1 w,0.8787322,1802
2Rakabr1/9/9/p1p5p/6p2/2P1C4/P3P1P1P/9/4Ar1cN/2BAK1BR1 b,-0.8599058,664
2Rakab2/9/9/p1p4rp/6p2/2P1C4/P3P1P1P/9/4Ar1cN/2BAK1BR1 w,0.8689166,200
3akab2/9/2R6/p1p4rp/6p2/2P1C4/P3P1P1P/9/4Ar1cN/2BAK1BR1 b,-0.8552581,373
3a1ab2/4k4/2R6/p1p4rp/6p2/2P1C4/P3P1P1P/9/4Ar1cN/2BAK1BR1 w,0.8628003,1811
3a1ab2/2R1k4/9/p1p4rp/6p2/2P1C4/P3P1P1P/9/4Ar1cN/2BAK1BR1 b,-0.86255616,1174
3akab2/2R6/9/p1p4rp/6p2/2P1C4/P3P1P1P/9/4Ar1cN/2BAK1BR1 w,0.8714352,1002
3akab2/3R5/9/p1p4rp/6p2/2P1C4/P3P1P1P/9/4Ar1cN/2BAK1BR1 b,-0.86316943,3130
3akab2/3R5/9/p1p5p/6p2/2P1C4/P3P1P1P/7r1/4Ar1cN/2BAK1BR1 w,0.8797124,1119
3akab2/9/9/p1p5p/3R2p2/2P1C4/P3P1P1P/7r1/4Ar1cN/2BAK1BR1 b,-0.8742203,6369
3akab2/9/9/p1p5p/3R2p2/2P1C4/P3P1P1P/6r2/4Ar1cN/2BAK1BR1 w,0.9104913,7261
3akab2/9/9/p1p5p/3R2p2/2P1C4/P3P1PNP/6r2/4Ar1c1/2BAK1BR1 b,-0.8979294,6270
3akab2/9/9/p1p5p/3R2p2/2P1C4/P3P1rNP/9/4Ar1c1/2BAK1BR1 w,0.90086335,5532
3akab2/9/9/p1p5p/3R2N2/2P1C4/P3P1r1P/9/4Ar1c1/2BAK1BR1 b,-0.8898261,5458
3akab2/9/9/p1p5p/3R2N2/2P1C4/P3r3P/9/4Ar1c1/2BAK1BR1 w,0.90195835,4268
3akab2/9/9/p1p5p/2PR2N2/4C4/P3r3P/9/4Ar1c1/2BAK1BR1 b,-0.8892768,5280
3akab2/9/9/p1p5p/2PR2N2/4C4/P5r1P/9/4Ar1c1/2BAK1BR1 w,0.9152465,3449
3akab2/9/9/p1P5p/3R2N2/4C4/P5r1P/9/4Ar1c1/2BAK1BR1 b,-0.9029098,7186
3akab2/9/9/p1P5p/3R2N2/4C4/P5r1P/9/4cr3/2BAK1BR1 w,0.9095544,3803
3akab2/9/5N3/p1P5p/3R5/4C4/P5r1P/9/4cr3/2BAK1BR1 b,-0.89759123,6953
3akab2/9/5r3/p1P5p/3R5/4C4/P5r1P/9/4c4/2BAK1BR1 w,0.90469056,7636
3akab2/9/5r3/p1P5p/3R5/4C4/P5r1P/9/4A4/2B1K1BR1 b,-0.901977,2147
3akab2/9/9/p1P5p/3R5/4C4/P5r1P/9/4Ar3/2B1K1BR1 w,0.89594644,7537
3akab2/9/9/p1P5p/3R5/4C4/P5r1P/4B4/4Ar3/4K1BR1 b,-0.85042256,5458
3akab2/9/9/p1P5p/3R5/4C4/P3r3P/4B4/4Ar3/4K1BR1 w,0.86541665,3550
3akab2/9/9/p1P5p/4R4/4C4/P3r3P/4B4/4Ar3/4K1BR1 b,-0.84781367,283
4kab2/4a4/9/p1P5p/4R4/4C4/P3r3P/4B4/4Ar3/4K1BR1 w,0.8692753,7936
4kab2/4a2R1/9/p1P5p/4R4/4C4/P3r3P/4B4/4Ar3/4K1B2 b,-0.89295095,5287
4kab2/4a2R1/9/p1P5p/4R4/4C4/P7P/4r4/4Ar3/4K1B2 w,0.9276,7734
4kab2/4a2R1/9/p1P5p/4R4/4C4/P7P/4r4/4Ar3/3K2B2 b,-0.91855353,6094
4kab2/4a2R1/9/p1P5p/4R4/4C4/P7P/1r7/4Ar3/3K2B2 w,1,3613
rnbakabnr/9/1c5c1/p1p1p1p1p/9/9/P1P1P1P1P/1C5C1/9/RNBAKABNR w,0.00182724,5827
rnbakabnr/9/1c5c1/p1p1p1p1p/9/9/P1P1P1P1P/4C2C1/9/RNBAKABNR b,-0.0017668129,110
r1bakabnr/9/1cn4c1/p1p1p1p1p/9/9/P1P1P1P1P/4C2C1/9/RNBAKABNR w,0.0018192291,7445
r1bakabnr/9/1cn4c1/p1p1p1p1p/9/9/P1P1P1P1P/2N1C2C1/9/R1BAKABNR b,-0.0018352151,562
r1baka1nr/9/1cn1b2c1/p1p1p1p1p/9/9/P1P1P1P1P/2N1C2C1/9/R1BAKABNR w,0.0019580366,7372
r1baka1nr/9/1cn1b2c1/p1p1p1p1p/9/9/P1P1P1P1P/2N1C2C1/9/1RBAKABNR b,-0.0017736912,1
1rbaka1nr/9/1cn1b2c1/p1p1p1p1p/9/9/P1P1P1P1P/2N1C2C1/9/1RBAKABNR w,0.0016995907,6368
1rbaka1nr/9/1cn1b2c1/p1p1p1p1p/9/9/P1P1P1P1P/2N1CC3/9/1RBAKABNR b,-0.0012789011,654
1rbaka2r/9/1cn1b1nc1/p1p1p1p1p/9/9/P1P1P1P1P/2N1CC3/9/1RBAKABNR w,0.0016003847,7989
1rbaka2r/9/1cn1b1nc1/p1p1p1p1p/9/9/P1P1P1P1P/2N1CCN2/9/1RBAKAB1R b,-0.0013483524,3012
1rbaka2r/9/1cn1b1nc1/p1p1p3p/6p2/9/P1P1P1P1P/2N1CCN2/9/1RBAKAB1R w,0.001875639,8098
1rbaka2r/9/1cn1b1nc1/p1p1p3p/6p2/9/P1P1P1P1P/2N1CCN2/9/1RBAKABR1 b,-0.0020173073,727
