rnbakabnr/9/1c5c1/p1p1p1p1p/9/9/P1P1P1P1P/1C5C1/9/RNBAKABNR w,0.80180866,5827
rnbakabnr/9/1c5c1/p1p1p1p1p/9/9/P1P1P1P1P/4C2C1/9/RNBAKABNR b,-0.8017682,110
r1bakabnr/9/1cn4c1/p1p1p1p1p/9/9/P1P1P1P1P/4C2C1/9/RNBAKABNR w,0.80182546,7445
r1bakabnr/9/1cn4c1/p1p1p1p1p/9/9/P1P1P1P1P/2N1C2C1/9/R1BAKABNR b,-0.801848,562
r1baka1nr/9/1cn1b2c1/p1p1p1p1p/9/9/P1P1P1P1P/2N1C2C1/9/R1BAKABNR w,0.8019466,7372
r1baka1nr/9/1cn1b2c1/p1p1p1p1p/9/9/P1P1P1P1P/2N1C2C1/9/1RBAKABNR b,-0.80176973,1
1rbaka1nr/9/1cn1b2c1/p1p1p1p1p/9/9/P1P1P1P1P/2N1C2C1/9/1RBAKABNR w,0.8017126,6368
1rbaka1nr/9/1cn1b2c1/p1p1p1p1p/9/9/P1P1P1P1P/2N1CC3/9/1RBAKABNR b,-0.8012789,654
1rbaka2r/9/1cn1b1nc1/p1p1p1p1p/9/9/P1P1P1P1P/2N1CC3/9/1RBAKABNR w,0.80158657,7989
1rbaka2r/9/1cn1b1nc1/p1p1p1p1p/9/9/P1P1P1P1P/2N1CCN2/9/1RBAKAB1R b,-0.8013484,3012
1rbaka2r/9/1cn1b1nc1/p1p1p3p/6p2/9/P1P1P1P1P/2N1CCN2/9/1RBAKAB1R w,0.8019045,8098
1rbaka2r/9/1cn1b1nc1/p1p1p3p/6p2/9/P1P1P1P1P/2N1CCN2/9/1RBAKABR1 b,-0.8020148,727
1rbaka1r1/9/1cn1b1nc1/p1p1p3p/6p2/9/P1P1P1P1P/2N1CCN2/9/1RBAKABR1 w,0.80251306,5087
1rbaka1r1/9/1cn1b1nc1/p1p1p3p/6p2/2P6/P3P1P1P/2N1CCN2/9/1RBAKABR1 b,-0.8021536,1765
1rbaka1r1/9/2n1b1nc1/p1p1p3p/6p2/2P6/Pc2P1P1P/2N1CCN2/9/1RBAKABR1 w,0.8047839,5898
1rbaka1r1/9/2n1b1nc1/p1p1p3p/6p2/2PN5/Pc2P1P1P/4CCN2/9/1RBAKABR1 b,-0.8065378,2311
1rbaka1r1/9/2n1b1n2/p1p1p3p/6p2/2PN5/Pc2P1PcP/4CCN2/9/1RBAKABR1 w,0.8078861,6143
1rbaka1r1/9/2n1bCn2/p1p1p3p/6p2/2PN5/Pc2P1PcP/4C1N2/9/1RBAKABR1 b,-0.809039,1986
1rbakabr1/9/2n2Cn2/p1p1p3p/6p2/2PN5/Pc2P1PcP/4C1N2/9/1RBAKABR1 w,0.8176818,4351
1rbakabr1/9/2n2Cn2/p1p1N3p/6p2/2P6/Pc2P1PcP/4C1N2/9/1RBAKABR1 b,-0.80481404,1831
1rbakabr1/9/5Cn2/p1p1n3p/6p2/2P6/Pc2P1PcP/4C1N2/9/1RBAKABR1 w,0.8054015,6061
1rbakabr1/9/5Cn2/p1p1C3p/6p2/2P6/Pc2P1PcP/6N2/9/1RBAKABR1 b,-0.7909604,109
2bakabr1/9/1r3Cn2/p1p1C3p/6p2/2P6/Pc2P1PcP/6N2/9/1RBAKABR1 w,0.80192703,2839
2bakabr1/9/1r3Cn2/p1p5p/6p2/2P1C4/Pc2P1PcP/6N2/9/1RBAKABR1 b,-0.7982247,1733
2bakabr1/9/5rn2/p1p5p/6p2/2P1C4/Pc2P1PcP/6N2/9/1RBAKABR1 w,0.8096291,7435
2bakabr1/9/5rn2/p1p5p/6p2/2P1C4/PR2P1PcP/6N2/9/2BAKABR1 b,-0.80734,2129
2bakabr1/9/6n2/p1p5p/6p2/2P1C4/PR2PrPcP/6N2/9/2BAKABR1 w,0.815289,4987
2bakabr1/9/6n2/p1p5p/1R4p2/2P1C4/P3PrPcP/6N2/9/2BAKABR1 b,-0.8046014,2201
2bakabr1/9/9/p1p5p/1R3np2/2P1C4/P3PrPcP/6N2/9/2BAKABR1 w,0.8227255,7897
2bakabr1/9/9/p1p5p/1R3np2/2P1C4/P3PrPcP/4B1N2/9/2BAKA1R1 b,-0.8094424,3748
2bakabr1/9/9/p1p5p/1R4p2/2P1C4/P3nrPcP/4B1N2/9/2BAKA1R1 w,0.82621086,7816
2bakabr1/9/9/p1p5p/1R4p2/2P1C4/P3nrPcP/4B1N2/4A4/2BAK2R1 b,-0.8099812,5370
2bakabr1/9/9/p1p5p/1R4p2/2P1C4/P3n1rcP/4B1N2/4A4/2BAK2R1 w,0.81467646,6290
2bakabr1/9/9/p1p5p/1R4p2/2P1C4/P3n1rcP/4B4/4A3N/2BAK2R1 b,-0.7963724,5569
2bakabr1/9/9/p1p5p/1R4p2/2P1C4/P3n1r1P/4B4/4A2cN/2BAK2R1 w,0.7969273,3370
2bakabr1/9/9/p1p5p/4R1p2/2P1C4/P3n1r1P/4B4/4A2cN/2BAK2R1 b,-0.8143126,562
2baka1r1/9/4b4/p1p5p/4R1p2/2P1C4/P3n1r1P/4B4/4A2cN/2BAK2R1 w,0.8972989,3622
2baka1r1/9/4R4/p1p5p/6p2/2P1C4/P3n1r1P/4B4/4A2cN/2BAK2R1 b,-0.8952008,283
2b1ka1r1/4a4/4R4/p1p5p/6p2/2P1C4/P3n1r1P/4B4/4A2cN/2BAK2R1 w,0.91622573,2005
2b1ka1r1/4a4/7R1/p1p5p/6p2/2P1C4/P3n1r1P/4B4/4A2cN/2BAK2R1 b,-0.9192099,363
2bk1a1r1/4a4/7R1/p1p5p/6p2/2P1C4/P3n1r1P/4B4/4A2cN/2BAK2R1 w,0.9370204,2257
2bk1a1R1/4a4/9/p1p5p/6p2/2P1C4/P3n1r1P/4B4/4A2cN/2BAK2R1 b,-0.9263936,7187
2bk1a1R1/4a4/9/p1p5p/6p2/2P1C4/P3n1r1P/4B4/4Ac2N/2BAK2R1 w,0.942136,664
2bk1a3/4a4/9/p1p4Rp/6p2/2P1C4/P3n1r1P/4B4/4Ac2N/2BAK2R1 b,-0.93645567,5462
2bk1a3/4a4/9/p1p4Rp/6p2/2P1C4/P3n3r/4B4/4Ac2N/2BAK2R1 w,0.9498565,7261
2bk1a3/4a4/9/p1p4Rp/6p2/2P1C4/P3n2Nr/4B4/4Ac3/2BAK2R1 b,-0.9328954,5289
2bk1a3/4a4/9/p1p4Rp/6p2/2P1C4/P6Nr/4B1n2/4Ac3/2BAK2R1 w,0.96290463,3090
2bk1a3/4a4/9/p1pR4p/6p2/2P1C4/P6Nr/4B1n2/4Ac3/2BAK2R1 b,-0.96884614,1191
2bk1a3/9/3a5/p1pR4p/6p2/2P1C4/P6Nr/4B1n2/4Ac3/2BAK2R1 w,0.9661826,2721
2bk1a3/9/3R5/p1p5p/6p2/2P1C4/P6Nr/4B1n2/4Ac3/2BAK2R1 b,-0.9625478,274
2b1ka3/9/3R5/p1p5p/6p2/2P1C4/P6Nr/4B1n2/4Ac3/2BAK2R1 w,0.9698825,5532
2b1ka3/9/3R5/p1p5p/6N2/2P1C4/P7r/4B1n2/4Ac3/2BAK2R1 b,-0.98515534,6298
2b1ka3/9/3R5/p1p5p/6N2/2P1C4/P7r/4B4/4Ac3/2BAK2n1 w,0.99021643,3803
2b1ka3/9/3R1N3/p1p5p/9/2P1C4/P7r/4B4/4Ac3/2BAK2n1 b,-0.9908911,373
2b2a3/4k4/3R1N3/p1p5p/9/2P1C4/P7r/4B4/4Ac3/2BAK2n1 w,0.99605095,1902
2b2a3/3Rk4/5N3/p1p5p/9/2P1C4/P7r/4B4/4Ac3/2BAK2n1 b,-0.996445,1192
2b2a3/3R5/4kN3/p1p5p/9/2P1C4/P7r/4B4/4Ac3/2BAK2n1 w,1,2110
rnbakabnr/9/1c5c1/p1p1p1p1p/9/9/P1P1P1P1P/1C5C1/9/RNBAKABNR w,0.80182725,5827
rnbakabnr/9/1c5c1/p1p1p1p1p/9/9/P1P1P1P1P/4C2C1/9/RNBAKABNR b,-0.8017912,110
r1bakabnr/9/1cn4c1/p1p1p1p1p/9/9/P1P1P1P1P/4C2C1/9/RNBAKABNR w,0.80182487,7445
r1bakabnr/9/1cn4c1/p1p1p1p1p/9/9/P1P1P1P1P/2N1C2C1/9/R1BAKABNR b,-0.80182236,562
r1baka1nr/9/1cn1b2c1/p1p1p1p1p/9/9/P1P1P1P1P/2N1C2C1/9/R1BAKABNR w,0.80193686,7372
r1baka1nr/9/1cn1b2c1/p1p1p1p1p/9/9/P1P1P1P1P/2N1C2C1/9/1RBAKABNR b,-0.80176973,1
1rbaka1nr/9/1cn1b2c1/p1p1p1p1p/9/9/P1P1P1P1P/2N1C2C1/9/1RBAKABNR w,0.8017164,6368
1rbaka1nr/9/1cn1b2c1/p1p1p1p1p/9/9/P1P1P1P1P/2N1CC3/9/1RBAKABNR b,-0.8012688,654
1rbaka2r/9/1cn1b1nc1/p1p1p1p1p/9/9/P1P1P1P1P/2N1CC3/9/1RBAKABNR w,0.80160576,7989
1rbaka2r/9/1cn1b1nc1/p1p1p1p1p/9/9/P1P1P1P1P/2N1CCN2/9/1RBAKAB1R b,-0.8013484,3012
1rbaka2r/9/1cn1b1nc1/p1p1p3p/6p2/9/P1P1P1P1P/2N1CCN2/9/1RBAKAB1R w,0.80187565,8098
1rbaka2r/9/1cn1b1nc1/p1p1p3p/6p2/9/P1P1P1P1P/2N1CCN2/9/1RBAKABR1 b,-0.80201256,727
1rbaka1r1/9/1cn1b1nc1/p1p1p3p/6p2/9/P1P1P1P1P/2N1CCN2/9/1RBAKABR1 w,0.80251306,5087
1rbaka1r1/9/1cn1b1nc1/p1p1p3p/6p2/2P6/P3P1P1P/2N1CCN2/9/1RBAKABR1 b,-0.8021536,1765
1rbaka1r1/9/2n1b1nc1/p1p1p3p/6p2/2P6/Pc2P1P1P/2N1CCN2/9/1RBAKABR1 w,0.8047537,5898
1rbaka1r1/9/2n1b1nc1/p1p1p3p/6p2/2PN5/Pc2P1P1P/4CCN2/9/1RBAKABR1 b,-0.80638677,2311
1rbaka1r1/9/2n1b1n2/p1p1p3p/6p2/2PN5/Pc2P1PcP/4CCN2/9/1RBAKABR1 w,0.8079075,6143
1rbaka1r1/9/2n1bCn2/p1p1p3p/6p2/2PN5/Pc2P1PcP/4C1N2/9/1RBAKABR1 b,-0.80888236,1986
1rbakabr1/9/2n2Cn2/p1p1p3p/6p2/2PN5/Pc2P1PcP/4C1N2/9/1RBAKABR1 w,0.8178919,4351
1rbakabr1/9/2n2Cn2/p1p1N3p/6p2/2P6/Pc2P1PcP/4C1N2/9/1RBAKABR1 b,-0.8047867,1831
1rbakabr1/9/5Cn2/p1p1n3p/6p2/2P6/Pc2P1PcP/4C1N2/9/1RBAKABR1 w,0.80500495,6061
1rbakabr1/9/5Cn2/p1p1C3p/6p2/2P6/Pc2P1PcP/6N2/9/1RBAKABR1 b,-0.79061073,109
2bakabr1/9/1r3Cn2/p1p1C3p/6p2/2P6/Pc2P1PcP/6N2/9/1RBAKABR1 w,0.8018721,2839
2bakabr1/9/1r3Cn2/p1p5p/6p2/2P1C4/Pc2P1PcP/6N2/9/1RBAKABR1 b,-0.7984221,1733
2bakabr1/9/5rn2/p1p5p/6p2/2P1C4/Pc2P1PcP/6N2/9/1RBAKABR1 w,0.8096487,7435
2bakabr1/9/5rn2/p1p5p/6p2/2P1C4/PR2P1PcP/6N2/9/2BAKABR1 b,-0.8076672,2129
2bakabr1/9/6n2/p1p5p/6p2/2P1C4/PR2PrPcP/6N2/9/2BAKABR1 w,0.8147095,4987
2bakabr1/9/6n2/p1p5p/1R4p2/2P1C4/P3PrPcP/6N2/9/2BAKABR1 b,-0.8045423,2201
2bakabr1/9/9/p1p5p/1R3np2/2P1C4/P3PrPcP/6N2/9/2BAKABR1 w,0.82155794,7897
2bakabr1/9/9/p1p5p/1R3np2/2P1C4/P3PrPcP/4B1N2/9/2BAKA1R1 b,-0.8101239,3748
2bakabr1/9/9/p1p5p/1R4p2/2P1C4/P3nrPcP/4B1N2/9/2BAKA1R1 w,0.82605386,7816
2bakabr1/9/9/p1p5p/1R4p2/2P1C4/P3nrPcP/4B1N2/4A4/2BAK2R1 b,-0.809748,5370
2bakabr1/9/9/p1p5p/1R4p2/2P1C4/P3n1rcP/4B1N2/4A4/2BAK2R1 w,0.81488436,6290
2bakabr1/9/9/p1p5p/1R4p2/2P1C4/P3n1rcP/4B4/4A3N/2BAK2R1 b,-0.796547,5569
2bakabr1/9/9/p1p5p/1R4p2/2P1C4/P3n1r1P/4B4/4A2cN/2BAK2R1 w,0.7973407,3370
2bakabr1/9/9/p1p5p/4R1p2/2P1C4/P3n1r1P/4B4/4A2cN/2BAK2R1 b,-0.8120708,562
2baka1r1/9/4b4/p1p5p/4R1p2/2P1C4/P3n1r1P/4B4/4A2cN/2BAK2R1 w,0.8969854,3622
2baka1r1/9/4R4/p1p5p/6p2/2P1C4/P3n1r1P/4B4/4A2cN/2BAK2R1 b,-0.89454025,283
2b1ka1r1/4a4/4R4/p1p5p/6p2/2P1C4/P3n1r1P/4B4/4A2cN/2BAK2R1 w,0.9170762,2005
2b1ka1r1/4a4/7R1/p1p5p/6p2/2P1C4/P3n1r1P/4B4/4A2cN/2BAK2R1 b,-0.91311115,363
2bk1a1r1/4a4/7R1/p1p5p/6p2/2P1C4/P3n1r1P/4B4/4A2cN/2BAK2R1 w,0.9368948,2257
2bk1a1R1/4a4/9/p1p5p/6p2/2P1C4/P3n1r1P/4B4/4A2cN/2BAK2R1 b,-0.92614615,7187
2bk1a1R1/4a4/9/p1p5p/6p2/2P1C4/P3n1r1P/4B4/4Ac2N/2BAK2R1 w,0.9409049,664
2bk1a3/4a4/9/p1p4Rp/6p2/2P1C4/P3n1r1P/4B4/4Ac2N/2BAK2R1 b,-0.935452,5462
2bk1a3/4a4/9/p1p4Rp/6p2/2P1C4/P3n3r/4B4/4Ac2N/2BAK2R1 w,0.951696,7261
2bk1a3/4a4/9/p1p4Rp/6p2/2P1C4/P3n2Nr/4B4/4Ac3/2BAK2R1 b,-0.9328954,5289
2bk1a3/4a4/9/p1p4Rp/6p2/2P1C4/P6Nr/4B1n2/4Ac3/2BAK2R1 w,0.9638643,3090
2bk1a3/4a4/9/p1pR4p/6p2/2P1C4/P6Nr/4B1n2/4Ac3/2BAK2R1 b,-0.96884614,1191
2bk1a3/9/3a5/p1pR4p/6p2/2P1C4/P6Nr/4B1n2/4Ac3/2BAK2R1 w,0.96722156,2721
2bk1a3/9/3R5/p1p5p/6p2/2P1C4/P6Nr/4B1n2/4Ac3/2BAK2R1 b,-0.9625478,274
2b1ka3/9/3R5/p1p5p/6p2/2P1C4/P6Nr/4B1n2/4Ac3/2BAK2R1 w,0.9700819,5532
2b1ka3/9/3R5/p1p5p/6N2/2P1C4/P7r/4B1n2/4Ac3/2BAK2R1 b,-0.98641574,6298
2b1ka3/9/3R5/p1p5p/6N2/2P1C4/P7r/4B4/4Ac3/2BAK2n1 w,0.98995626,3803
2b1ka3/9/3R1N3/p1p5p/9/2P1C4/P7r/4B4/4Ac3/2BAK2n1 b,-0.9908911,373
2b2a3/4k4/3R1N3/p1p5p/9/2P1C4/P7r/4B4/4Ac3/2BAK2n1 w,0.99608177,1902
2b2a3/3Rk4/5N3/p1p5p/9/2P1C4/P7r/4B4/4Ac3/2BAK2n1 b,-0.996445,1192
2b2a3/3R5/4kN3/p1p5p/9/2P1C4/P7r/4B4/4Ac3/2BAK2n1 w,1,2110
rnbakabnr/9/1c5c1/p1p1p1p1p/9/9/P1P1P1P1P/1C5C1/9/RNBAKABNR w,0.80182725,5827
rnbakabnr/9/1c5c1/p1p1p1p1p/9/9/P1P1P1P1P/4C2C1/9/RNBAKABNR b,-0.80177987,110
r1bakabnr/9/1cn4c1/p1p1p1p1p/9/9/P1P1P1P1P/4C2C1/9/RNBAKABNR w,0.80183583,7445
r1bakabnr/9/1cn4c1/p1p1p1p1p/9/9/P1P1P1P1P/2N1C2C1/9/R1BAKABNR b,-0.80183524,562
r1baka1nr/9/1cn1b2c1/p1p1p1p1p/9/9/P1P1P1P1P/2N1C2C1/9/R1BAKABNR w,0.8019466,7372
r1baka1nr/9/1cn1b2c1/p1p1p1p1p/9/9/P1P1P1P1P/2N1C2C1/9/1RBAKABNR b,-0.8017649,1
1rbaka1nr/9/1cn1b2c1/p1p1p1p1p/9/9/P1P1P1P1P/2N1C2C1/9/1RBAKABNR w,0.8017126,6368
1rbaka1nr/9/1cn1b2c1/p1p1p1p1p/9/9/P1P1P1P1P/2N1CC3/9/1RBAKABNR b,-0.8012889,654
1rbaka2r/9/1cn1b1nc1/p1p1p1p1p/9/9/P1P1P1P1P/2N1CC3/9/1RBAKABNR w,0.8015947,7989
1rbaka2r/9/1cn1b1nc1/p1p1p1p1p/9/9/P1P1P1P1P/2N1CCN2/9/1RBAKAB1R b,-0.8013682,3012
1rbaka2r/9/1cn1b1nc1/p1p1p3p/6p2/9/P1P1P1P1P/2N1CCN2/9/1RBAKAB1R w,0.80187565,8098
1rbaka2r/9/1cn1b1nc1/p1p1p3p/6p2/9/P1P1P1P1P/2N1CCN2/9/1RBAKABR1 b,-0.8020148,727
1rbaka1r1/9/1cn1b1nc1/p1p1p3p/6p2/9/P1P1P1P1P/2N1CCN2/9/1RBAKABR1 w,0.80255455,5087
1rbaka1r1/9/1cn1b1nc1/p1p1p3p/6p2/2P6/P3P1P1P/2N1CCN2/9/1RBAKABR1 b,-0.80222553,1765
1rbaka1r1/9/2n1b1nc1/p1p1p3p/6p2/2P6/Pc2P1P1P/2N1CCN2/9/1RBAKABR1 w,0.80480015,5898
1rbaka1r1/9/2n1b1nc1/p1p1p3p/6p2/2PN5/Pc2P1P1P/4CCN2/9/1RBAKABR1 b,-0.8065305,2311
1rbaka1r1/9/2n1b1n2/p1p1p3p/6p2/2PN5/Pc2P1PcP/4CCN2/9/1RBAKABR1 w,0.80794173,6143
1rbaka1r1/9/2n1bCn2/p1p1p3p/6p2/2PN5/Pc2P1PcP/4C1N2/9/1RBAKABR1 b,-0.80890244,1986
1rbakabr1/9/2n2Cn2/p1p1p3p/6p2/2PN5/Pc2P1PcP/4C1N2/9/1RBAKABR1 w,0.81814575,4351
1rbakabr1/9/2n2Cn2/p1p1N3p/6p2/2P6/Pc2P1PcP/4C1N2/9/1RBAKABR1 b,-0.80490994,1831
1rbakabr1/9/5Cn2/p1p1n3p/6p2/2P6/Pc2P1PcP/4C1N2/9/1RBAKABR1 w,0.8050693,6061
1rbakabr1/9/5Cn2/p1p1C3p/6p2/2P6/Pc2P1PcP/6N2/9/1RBAKABR1 b,-0.7909056,109
2bakabr1/9/1r3Cn2/p1p1C3p/6p2/2P6/Pc2P1PcP/6N2/9/1RBAKABR1 w,0.8022862,2839
2bakabr1/9/1r3Cn2/p1p5p/6p2/2P1C4/Pc2P1PcP/6N2/9/1RBAKABR1 b,-0.7983648,1733
2bakabr1/9/5rn2/p1p5p/6p2/2P1C4/Pc2P1PcP/6N2/9/1RBAKABR1 w,0.80967,7435
2bakabr1/9/5rn2/p1p5p/6p2/2P1C4/PR2P1PcP/6N2/9/2BAKABR1 b,-0.80746,2129
2bakabr1/9/6n2/p1p5p/6p2/2P1C4/PR2PrPcP/6N2/9/2BAKABR1 w,0.81437814,4987
2bakabr1/9/6n2/p1p5p/1R4p2/2P1C4/P3PrPcP/6N2/9/2BAKABR1 b,-0.80443305,2201
2bakabr1/9/9/p1p5p/1R3np2/2P1C4/P3PrPcP/6N2/9/2BAKABR1 w,0.8221642,7897
2bakabr1/9/9/p1p5p/1R3np2/2P1C4/P3PrPcP/4B1N2/9/2BAKA1R1 b,-0.8098767,3748
2bakabr1/9/9/p1p5p/1R4p2/2P1C4/P3nrPcP/4B1N2/9/2BAKA1R1 w,0.82621086,7816
2bakabr1/9/9/p1p5p/1R4p2/2P1C4/P3nrPcP/4B1N2/4A4/2BAK2R1 b,-0.809748,5370
2bakabr1/9/9/p1p5p/1R4p2/2P1C4/P3n1rcP/4B1N2/4A4/2BAK2R1 w,0.81563985,6290
2bakabr1/9/9/p1p5p/1R4p2/2P1C4/P3n1rcP/4B4/4A3N/2BAK2R1 b,-0.79678446,5569
2bakabr1/9/9/p1p5p/1R4p2/2P1C4/P3n1r1P/4B4/4A2cN/2BAK2R1 w,0.7964914,3370
2bakabr1/9/9/p1p5p/4R1p2/2P1C4/P3n1r1P/4B4/4A2cN/2BAK2R1 b,-0.81223893,562
2baka1r1/9/4b4/p1p5p/4R1p2/2P1C4/P3n1r1P/4B4/4A2cN/2BAK2R1 w,0.89704484,3622
2baka1r1/9/4R4/p1p5p/6p2/2P1C4/P3n1r1P/4B4/4A2cN/2BAK2R1 b,-0.89430493,283
2b1ka1r1/4a4/4R4/p1p5p/6p2/2P1C4/P3n1r1P/4B4/4A2cN/2BAK2R1 w,0.9163287,2005
2b1ka1r1/4a4/7R1/p1p5p/6p2/2P1C4/P3n1r1P/4B4/4A2cN/2BAK2R1 b,-0.91311115,363
2bk1a1r1/4a4/7R1/p1p5p/6p2/2P1C4/P3n1r1P/4B4/4A2cN/2BAK2R1 w,0.9369928,2257
2bk1a1R1/4a4/9/p1p5p/6p2/2P1C4/P3n1r1P/4B4/4A2cN/2BAK2R1 b,-0.92632204,7187
2bk1a1R1/4a4/9/p1p5p/6p2/2P1C4/P3n1r1P/4B4/4Ac2N/2BAK2R1 w,0.94078094,664
2bk1a3/4a4/9/p1p4Rp/6p2/2P1C4/P3n1r1P/4B4/4Ac2N/2BAK2R1 b,-0.9345875,5462
2bk1a3/4a4/9/p1p4Rp/6p2/2P1C4/P3n3r/4B4/4Ac2N/2BAK2R1 w,0.9526821,7261
2bk1a3/4a4/9/p1p4Rp/6p2/2P1C4/P3n2Nr/4B4/4Ac3/2BAK2R1 b,-0.93019146,5289
2bk1a3/4a4/9/p1p4Rp/6p2/2P1C4/P6Nr/4B1n2/4Ac3/2BAK2R1 w,0.9638527,3090
2bk1a3/4a4/9/p1pR4p/6p2/2P1C4/P6Nr/4B1n2/4Ac3/2BAK2R1 b,-0.96884614,1191
2bk1a3/9/3a5/p1pR4p/6p2/2P1C4/P6Nr/4B1n2/4Ac3/2BAK2R1 w,0.9667194,2721
2bk1a3/9/3R5/p1p5p/6p2/2P1C4/P6Nr/4B1n2/4Ac3/2BAK2R1 b,-0.9625478,274
2b1ka3/9/3R5/p1p5p/6p2/2P1C4/P6Nr/4B1n2/4Ac3/2BAK2R1 w,0.9701351,5532
2b1ka3/9/3R5/p1p5p/6N2/2P1C4/P7r/4B1n2/4Ac3/2BAK2R1 b,-0.9857432,6298
2b1ka3/9/3R5/p1p5p/6N2/2P1C4/P7r/4B4/4Ac3/2BAK2n1 w,0.9901655,3803
2b1ka3/9/3R1N3/p1p5p/9/2P1C4/P7r/4B4/4Ac3/2BAK2n1 b,-0.9908911,373
2b2a3/4k4/3R1N3/p1p5p/9/2P1C4/P7r/4B4/4Ac3/2BAK2n1 w,0.9960716,1902
2b2a3/3Rk4/5N3/p1p5p/9/2P1C4/P7r/4B4/4Ac3/2BAK2n1 b,-0.996445,1192
2b2a3/3R5/4kN3/p1p5p/9/2P1C4/P7r/4B4/4Ac3/2BAK2n1 w,1,2110
rnbakabnr/9/1c5c1/p1p1p1p1p/9/9/P1P1P1P1P/1C5C1/9/RNBAKABNR w,0.8017992,5827
rnbakabnr/9/1c5c1/p1p1p1p1p/9/9/P1P1P1P1P/4C2C1/9/RNBAKABNR b,-0.8017787,110
r1bakabnr/9/1cn4c1/p1p1p1p1p/9/9/P1P1P1P1P/4C2C1/9/RNBAKABNR w,0.8018244,7445
r1bakabnr/9/1cn4c1/p1p1p1p1p/9/9/P1P1P1P1P/2N1C2C1/9/R1BAKABNR b,-0.80184644,562
r1baka1nr/9/1cn1b2c1/p1p1p1p1p/9/9/P1P1P1P1P/2N1C2C1/9/R1BAKABNR w,0.8019528,7372
r1baka1nr/9/1cn1b2c1/p1p1p1p1p/9/9/P1P1P1P1P/2N1C2C1/9/1RBAKABNR b,-0.80177003,1
1rbaka1nr/9/1cn1b2c1/p1p1p1p1p/9/9/P1P1P1P1P/2N1C2C1/9/1RBAKABNR w,0.80170393,6368
1rbaka1nr/9/1cn1b2c1/p1p1p1p1p/9/9/P1P1P1P1P/2N1CC3/9/1RBAKABNR b,-0.8012761,654
1rbaka2r/9/1cn1b1nc1/p1p1p1p1p/9/9/P1P1P1P1P/2N1CC3/9/1RBAKABNR w,0.8015947,7989
1rbaka2r/9/1cn1b1nc1/p1p1p1p1p/9/9/P1P1P1P1P/2N1CCN2/9/1RBAKAB1R b,-0.8013682,3012
1rbaka2r/9/1cn1b1nc1/p1p1p3p/6p2/9/P1P1P1P1P/2N1CCN2/9/1RBAKAB1R w,0.8018736,8098
1rbaka2r/9/1cn1b1nc1/p1p1p3p/6p2/9/P1P1P1P1P/2N1CCN2/9/1RBAKABR1 b,-0.802005,727
1rbaka1r1/9/1cn1b1nc1/p1p1p3p/6p2/9/P1P1P1P1P/2N1CCN2/9/1RBAKABR1 w,0.80251306,5087
1rbaka1r1/9/1cn1b1nc1/p1p1p3p/6p2/2P6/P3P1P1P/2N1CCN2/9/1RBAKABR1 b,-0.8021624,1765
1rbaka1r1/9/2n1b1nc1/p1p1p3p/6p2/2P6/Pc2P1P1P/2N1CCN2/9/1RBAKABR1 w,0.80522436,5898
1rbaka1r1/9/2n1b1nc1/p1p1p3p/6p2/2PN5/Pc2P1P1P/4CCN2/9/1RBAKABR1 b,-0.80638826,2311
1rbaka1r1/9/2n1b1n2/p1p1p3p/6p2/2PN5/Pc2P1PcP/4CCN2/9/1RBAKABR1 w,0.80788714,6143
1rbaka1r1/9/2n1bCn2/p1p1p3p/6p2/2PN5/Pc2P1PcP/4C1N2/9/1RBAKABR1 b,-0.80828,1986
1rbakabr1/9/2n2Cn2/p1p1p3p/6p2/2PN5/Pc2P1PcP/4C1N2/9/1RBAKABR1 w,0.8178257,4351
1rbakabr1/9/2n2Cn2/p1p1N3p/6p2/2P6/Pc2P1PcP/4C1N2/9/1RBAKABR1 b,-0.80477434,1831
1rbakabr1/9/5Cn2/p1p1n3p/6p2/2P6/Pc2P1PcP/4C1N2/9/1RBAKABR1 w,0.8052221,6061
1rbakabr1/9/5Cn2/p1p1C3p/6p2/2P6/Pc2P1PcP/6N2/9/1RBAKABR1 b,-0.7903858,109
2bakabr1/9/1r3Cn2/p1p1C3p/6p2/2P6/Pc2P1PcP/6N2/9/1RBAKABR1 w,0.80187976,2839
2bakabr1/9/1r3Cn2/p1p5p/6p2/2P1C4/Pc2P1PcP/6N2/9/1RBAKABR1 b,-0.7983007,1733
2bakabr1/9/5rn2/p1p5p/6p2/2P1C4/Pc2P1PcP/6N2/9/1RBAKABR1 w,0.8097605,7435
2bakabr1/9/5rn2/p1p5p/6p2/2P1C4/PR2P1PcP/6N2/9/2BAKABR1 b,-0.8074193,2129
2bakabr1/9/6n2/p1p5p/6p2/2P1C4/PR2PrPcP/6N2/9/2BAKABR1 w,0.8154196,4987
2bakabr1/9/6n2/p1p5p/1R4p2/2P1C4/P3PrPcP/6N2/9/2BAKABR1 b,-0.8043914,2201
2bakabr1/9/9/p1p5p/1R3np2/2P1C4/P3PrPcP/6N2/9/2BAKABR1 w,0.821211,7897
2bakabr1/9/9/p1p5p/1R3np2/2P1C4/P3PrPcP/4B1N2/9/2BAKA1R1 b,-0.8098767,3748
2bakabr1/9/9/p1p5p/1R4p2/2P1C4/P3nrPcP/4B1N2/9/2BAKA1R1 w,0.82605386,7816
2bakabr1/9/9/p1p5p/1R4p2/2P1C4/P3nrPcP/4B1N2/4A4/2BAK2R1 b,-0.8101222,5370
2bakabr1/9/9/p1p5p/1R4p2/2P1C4/P3n1rcP/4B1N2/4A4/2BAK2R1 w,0.81437796,6290
2bakabr1/9/9/p1p5p/1R4p2/2P1C4/P3n1rcP/4B4/4A3N/2BAK2R1 b,-0.7970225,5569
2bakabr1/9/9/p1p5p/1R4p2/2P1C4/P3n1r1P/4B4/4A2cN/2BAK2R1 w,0.79698676,3370
2bakabr1/9/9/p1p5p/4R1p2/2P1C4/P3n1r1P/4B4/4A2cN/2BAK2R1 b,-0.8123781,562
2baka1r1/9/4b4/p1p5p/4R1p2/2P1C4/P3n1r1P/4B4/4A2cN/2BAK2R1 w,0.89754474,3622
2baka1r1/9/4R4/p1p5p/6p2/2P1C4/P3n1r1P/4B4/4A2cN/2BAK2R1 b,-0.8955798,283
2b1ka1r1/4a4/4R4/p1p5p/6p2/2P1C4/P3n1r1P/4B4/4A2cN/2BAK2R1 w,0.9164219,2005
2b1ka1r1/4a4/7R1/p1p5p/6p2/2P1C4/P3n1r1P/4B4/4A2cN/2BAK2R1 b,-0.91642594,363
2bk1a1r1/4a4/7R1/p1p5p/6p2/2P1C4/P3n1r1P/4B4/4A2cN/2BAK2R1 w,0.9369441,2257
2bk1a1R1/4a4/9/p1p5p/6p2/2P1C4/P3n1r1P/4B4/4A2cN/2BAK2R1 b,-0.9260397,7187
2bk1a1R1/4a4/9/p1p5p/6p2/2P1C4/P3n1r1P/4B4/4Ac2N/2BAK2R1 w,0.9424137,664
2bk1a3/4a4/9/p1p4Rp/6p2/2P1C4/P3n1r1P/4B4/4Ac2N/2BAK2R1 b,-0.9347975,5462
2bk1a3/4a4/9/p1p4Rp/6p2/2P1C4/P3n3r/4B4/4Ac2N/2BAK2R1 w,0.9502802,7261
2bk1a3/4a4/9/p1p4Rp/6p2/2P1C4/P3n2Nr/4B4/4Ac3/2BAK2R1 b,-0.931091,5289
2bk1a3/4a4/9/p1p4Rp/6p2/2P1C4/P6Nr/4B1n2/4Ac3/2BAK2R1 w,0.96205753,3090
2bk1a3/4a4/9/p1pR4p/6p2/2P1C4/P6Nr/4B1n2/4Ac3/2BAK2R1 b,-0.96884614,1191
2bk1a3/9/3a5/p1pR4p/6p2/2P1C4/P6Nr/4B1n2/4Ac3/2BAK2R1 w,0.96683145,2721
2bk1a3/9/3R5/p1p5p/6p2/2P1C4/P6Nr/4B1n2/4Ac3/2BAK2R1 b,-0.9625478,274
2b1ka3/9/3R5/p1p5p/6p2/2P1C4/P6Nr/4B1n2/4Ac3/2BAK2R1 w,0.9698825,5532
2b1ka3/9/3R5/p1p5p/6N2/2P1C4/P7r/4B1n2/4Ac3/2BAK2R1 b,-0.9857432,6298
2b1ka3/9/3R5/p1p5p/6N2/2P1C4/P7r/4B4/4Ac3/2BAK2n1 w,0.990114,3803
2b1ka3/9/3R1N3/p1p5p/9/2P1C4/P7r/4B4/4Ac3/2BAK2n1 b,-0.9908911,373
2b2a3/4k4/3R1N3/p1p5p/9/2P1C4/P7r/4B4/4Ac3/2BAK2n1 w,0.9960919,1902
2b2a3/3Rk4/5N3/p1p5p/9/2P1C4/P7r/4B4/4Ac3/2BAK2n1 b,-0.996445,1192
2b2a3/3R5/4kN3/p1p5p/9/2P1C4/P7r/4B4/4Ac3/2BAK2n1 w,1,2110
rnbakabnr/9/1c5c1/p1p1p1p1p/9/9/P1P1P1P1P/1C5C1/9/RNBAKABNR w,0.80182725,5827
rnbakabnr/9/1c5c1/p1p1p1p1p/9/9/P1P1P1P1P/4C2C1/9/RNBAKABNR b,-0.80176365,110
r1bakabnr/9/1cn4c1/p1p1p1p1p/9/9/P1P1P1P1P/4C2C1/9/RNBAKABNR w,0.80181926,7445
r1bakabnr/9/1cn4c1/p1p1p1p1p/9/9/P1P1P1P1P/2N1C2C1/9/R1BAKABNR b,-0.8018505,562
r1baka1nr/9/1cn1b2c1/p1p1p1p1p/9/9/P1P1P1P1P/2N1C2C1/9/R1BAKABNR w,0.801942,7372
r1baka1nr/9/1cn1b2c1/p1p1p1p1p/9/9/P1P1P1P1P/2N1C2C1/9/1RBAKABNR b,-0.80177003,1
1rbaka1nr/9/1cn1b2c1/p1p1p1p1p/9/9/P1P1P1P1P/2N1C2C1/9/1RBAKABNR w,0.80168355,6368
1rbaka1nr/9/1cn1b2c1/p1p1p1p1p/9/9/P1P1P1P1P/2N1CC3/9/1RBAKABNR b,-0.8012789,654
1rbaka2r/9/1cn1b1nc1/p1p1p1p1p/9/9/P1P1P1P1P/2N1CC3/9/1RBAKABNR w,0.8015777,7989
1rbaka2r/9/1cn1b1nc1/p1p1p1p1p/9/9/P1P1P1P1P/2N1CCN2/9/1RBAKAB1R b,-0.8013682,3012
1rbaka2r/9/1cn1b1nc1/p1p1p3p/6p2/9/P1P1P1P1P/2N1CCN2/9/1RBAKAB1R w,0.8019045,8098
1rbaka2r/9/1cn1b1nc1/p1p1p3p/6p2/9/P1P1P1P1P/2N1CCN2/9/1RBAKABR1 b,-0.8020107,727
1rbaka1r1/9/1cn1b1nc1/p1p1p3p/6p2/9/P1P1P1P1P/2N1CCN2/9/1RBAKABR1 w,0.8027678,5087
1rbaka1r1/9/1cn1b1nc1/p1p1p3p/6p2/2P6/P3P1P1P/2N1CCN2/9/1RBAKABR1 b,-0.8021536,1765
1rbaka1r1/9/2n1b1nc1/p1p1p3p/6p2/2P6/Pc2P1P1P/2N1CCN2/9/1RBAKABR1 w,0.8047115,5898
1rbaka1r1/9/2n1b1nc1/p1p1p3p/6p2/2PN5/Pc2P1P1P/4CCN2/9/1RBAKABR1 b,-0.80642354,2311
1rbaka1r1/9/2n1b1n2/p1p1p3p/6p2/2PN5/Pc2P1PcP/4CCN2/9/1RBAKABR1 w,0.80788714,6143
1rbaka1r1/9/2n1bCn2/p1p1p3p/6p2/2PN5/Pc2P1PcP/4C1N2/9/1RBAKABR1 b,-0.80888236,1986
1rbakabr1/9/2n2Cn2/p1p1p3p/6p2/2PN5/Pc2P1PcP/4C1N2/9/1RBAKABR1 w,0.81814575,4351
1rbakabr1/9/2n2Cn2/p1p1N3p/6p2/2P6/Pc2P1PcP/4C1N2/9/1RBAKABR1 b,-0.8047512,1831
1rbakabr1/9/5Cn2/p1p1n3p/6p2/2P6/Pc2P1PcP/4C1N2/9/1RBAKABR1 w,0.80498105,6061
1rbakabr1/9/5Cn2/p1p1C3p/6p2/2P6/Pc2P1PcP/6N2/9/1RBAKABR1 b,-0.7909644,109
2bakabr1/9/1r3Cn2/p1p1C3p/6p2/2P6/Pc2P1PcP/6N2/9/1RBAKABR1 w,0.80180734,2839
2bakabr1/9/1r3Cn2/p1p5p/6p2/2P1C4/Pc2P1PcP/6N2/9/1RBAKABR1 b,-0.79881245,1733
2bakabr1/9/5rn2/p1p5p/6p2/2P1C4/Pc2P1PcP/6N2/9/1RBAKABR1 w,0.8096117,7435
2bakabr1/9/5rn2/p1p5p/6p2/2P1C4/PR2P1PcP/6N2/9/2BAKABR1 b,-0.8074193,2129
2bakabr1/9/6n2/p1p5p/6p2/2P1C4/PR2PrPcP/6N2/9/2BAKABR1 w,0.81457275,4987
2bakabr1/9/6n2/p1p5p/1R4p2/2P1C4/P3PrPcP/6N2/9/2BAKABR1 b,-0.8044109,2201
2bakabr1/9/9/p1p5p/1R3np2/2P1C4/P3PrPcP/6N2/9/2BAKABR1 w,0.8223198,7816
2bakabr1/9/9/p1p5p/1R3np2/2P1C4/P3PrPcP/6N2/4A4/2BAK1BR1 b,-0.8092791,3748
2bakabr1/9/9/p1p5p/1R4p2/2P1C4/P3nrPcP/6N2/4A4/2BAK1BR1 w,0.8239464,7897
2bakabr1/9/9/p1p5p/1R4p2/2P1C4/P3nrPcP/4B1N2/4A4/2BAK2R1 b,-0.8101763,5370
2bakabr1/9/9/p1p5p/1R4p2/2P1C4/P3n1rcP/4B1N2/4A4/2BAK2R1 w,0.8153692,6290
2bakabr1/9/9/p1p5p/1R4p2/2P1C4/P3n1rcP/4B4/4A3N/2BAK2R1 b,-0.7957479,5569
2bakabr1/9/9/p1p5p/1R4p2/2P1C4/P3n1r1P/4B4/4A2cN/2BAK2R1 w,0.7978481,3370
2bakabr1/9/9/p1p5p/4R1p2/2P1C4/P3n1r1P/4B4/4A2cN/2BAK2R1 b,-0.8143653,562
2baka1r1/9/4b4/p1p5p/4R1p2/2P1C4/P3n1r1P/4B4/4A2cN/2BAK2R1 w,0.89769644,3622
2baka1r1/9/4R4/p1p5p/6p2/2P1C4/P3n1r1P/4B4/4A2cN/2BAK2R1 b,-0.8957172,283
2b1ka1r1/4a4/4R4/p1p5p/6p2/2P1C4/P3n1r1P/4B4/4A2cN/2BAK2R1 w,0.9163692,2005
2b1ka1r1/4a4/7R1/p1p5p/6p2/2P1C4/P3n1r1P/4B4/4A2cN/2BAK2R1 b,-0.9118645,363
2bk1a1r1/4a4/7R1/p1p5p/6p2/2P1C4/P3n1r1P/4B4/4A2cN/2BAK2R1 w,0.9369441,2257
2bk1a1R1/4a4/9/p1p5p/6p2/2P1C4/P3n1r1P/4B4/4A2cN/2BAK2R1 b,-0.9260397,7187
2bk1a1R1/4a4/9/p1p5p/6p2/2P1C4/P3n1r1P/4B4/4Ac2N/2BAK2R1 w,0.94161755,664
2bk1a3/4a4/9/p1p4Rp/6p2/2P1C4/P3n1r1P/4B4/4Ac2N/2BAK2R1 b,-0.9343622,5462
2bk1a3/4a4/9/p1p4Rp/6p2/2P1C4/P3n3r/4B4/4Ac2N/2BAK2R1 w,0.9512976,7261
2bk1a3/4a4/9/p1p4Rp/6p2/2P1C4/P3n2Nr/4B4/4Ac3/2BAK2R1 b,-0.93049794,5289
2bk1a3/4a4/9/p1p4Rp/6p2/2P1C4/P6Nr/4B1n2/4Ac3/2BAK2R1 w,0.9619783,3090
2bk1a3/4a4/9/p1pR4p/6p2/2P1C4/P6Nr/4B1n2/4Ac3/2BAK2R1 b,-0.96884614,1191
2bk1a3/9/3a5/p1pR4p/6p2/2P1C4/P6Nr/4B1n2/4Ac3/2BAK2R1 w,0.97331405,5532
2bk1a3/9/3a5/p1pR4p/6N2/2P1C4/P7r/4B1n2/4Ac3/2BAK2R1 b,-0.9833464,6298
2bk1a3/9/3a5/p1pR4p/6N2/2P1C4/P7r/4B4/4Ac3/2BAK2n1 w,0.9832029,2721
2bk1a3/9/3R5/p1p5p/6N2/2P1C4/P7r/4B4/4Ac3/2BAK2n1 b,-0.98377675,274
2b1ka3/9/3R5/p1p5p/6N2/2P1C4/P7r/4B4/4Ac3/2BAK2n1 w,0.990114,3803
2b1ka3/9/3R1N3/p1p5p/9/2P1C4/P7r/4B4/4Ac3/2BAK2n1 b,-0.9908911,373
2b2a3/4k4/3R1N3/p1p5p/9/2P1C4/P7r/4B4/4Ac3/2BAK2n1 w,0.9960613,1902
2b2a3/3Rk4/5N3/p1p5p/9/2P1C4/P7r/4B4/4Ac3/2BAK2n1 b,-0.996445,1192
2b2a3/3R5/4kN3/p1p5p/9/2P1C4/P7r/4B4/4Ac3/2BAK2n1 w,1,2110
rnbakabnr/9/1c5c1/p1p1p1p1p/9/9/P1P1P1P1P/1C5C1/9/RNBAKABNR w,0.8018042,5827
rnbakabnr/9/1c5c1/p1p1p1p1p/9/9/P1P1P1P1P/4C2C1/9/RNBAKABNR b,-0.8017787,110
r1bakabnr/9/1cn4c1/p1p1p1p1p/9/9/P1P1P1P1P/4C2C1/9/RNBAKABNR w,0.80182797,7445
r1bakabnr/9/1cn4c1/p1p1p1p1p/9/9/P1P1P1P1P/2N1C2C1/9/R1BAKABNR b,-0.80183786,562
r1baka1nr/9/1cn1b2c1/p1p1p1p1p/9/9/P1P1P1P1P/2N1C2C1/9/R1BAKABNR w,0.8019466,7372
r1baka1nr/9/1cn1b2c1/p1p1p1p1p/9/9/P1P1P1P1P/2N1C2C1/9/1RBAKABNR b,-0.801778,1
1rbaka1nr/9/1cn1b2c1/p1p1p1p1p/9/9/P1P1P1P1P/2N1C2C1/9/1RBAKABNR w,0.8017126,6368
1rbaka1nr/9/1cn1b2c1/p1p1p1p1p/9/9/P1P1P1P1P/2N1CC3/9/1RBAKABNR b,-0.80128574,654
1rbaka2r/9/1cn1b1nc1/p1p1p1p1p/9/9/P1P1P1P1P/2N1CC3/9/1RBAKABNR w,0.8016004,7989
1rbaka2r/9/1cn1b1nc1/p1p1p1p1p/9/9/P1P1P1P1P/2N1CCN2/9/1RBAKAB1R b,-0.8013839,3012
1rbaka2r/9/1cn1b1nc1/p1p1p3p/6p2/9/P1P1P1P1P/2N1CCN2/9/1RBAKAB1R w,0.8018895,8098
1rbaka2r/9/1cn1b1nc1/p1p1p3p/6p2/9/P1P1P1P1P/2N1CCN2/9/1RBAKABR1 b,-0.8020107,727
1rbaka1r1/9/1cn1b1nc1/p1p1p3p/6p2/9/P1P1P1P1P/2N1CCN2/9/1RBAKABR1 w,0.80255455,5087
1rbaka1r1/9/1cn1b1nc1/p1p1p3p/6p2/2P6/P3P1P1P/2N1CCN2/9/1RBAKABR1 b,-0.8022274,1765
1rbaka1r1/9/2n1b1nc1/p1p1p3p/6p2/2P6/Pc2P1P1P/2N1CCN2/9/1RBAKABR1 w,0.8047537,5898
1rbaka1r1/9/2n1b1nc1/p1p1p3p/6p2/2PN5/Pc2P1P1P/4CCN2/9/1RBAKABR1 b,-0.8064264,2311
1rbaka1r1/9/2n1b1n2/p1p1p3p/6p2/2PN5/Pc2P1PcP/4CCN2/9/1RBAKABR1 w,0.8079318,6143
1rbaka1r1/9/2n1bCn2/p1p1p3p/6p2/2PN5/Pc2P1PcP/4C1N2/9/1RBAKABR1 b,-0.8084572,1986
1rbakabr1/9/2n2Cn2/p1p1p3p/6p2/2PN5/Pc2P1PcP/4C1N2/9/1RBAKABR1 w,0.81814575,4351
1rbakabr1/9/2n2Cn2/p1p1N3p/6p2/2P6/Pc2P1PcP/4C1N2/9/1RBAKABR1 b,-0.8048105,1831
1rbakabr1/9/5Cn2/p1p1n3p/6p2/2P6/Pc2P1PcP/4C1N2/9/1RBAKABR1 w,0.80500495,6061
1rbakabr1/9/5Cn2/p1p1C3p/6p2/2P6/Pc2P1PcP/6N2/9/1RBAKABR1 b,-0.7908682,109
2bakabr1/9/1r3Cn2/p1p1C3p/6p2/2P6/Pc2P1PcP/6N2/9/1RBAKABR1 w,0.8022473,2839
2bakabr1/9/1r3Cn2/p1p5p/6p2/2P1C4/Pc2P1PcP/6N2/9/1RBAKABR1 b,-0.7983007,1733
2bakabr1/9/5rn2/p1p5p/6p2/2P1C4/Pc2P1PcP/6N2/9/1RBAKABR1 w,0.80966544,7435
2bakabr1/9/5rn2/p1p5p/6p2/2P1C4/PR2P1PcP/6N2/9/2BAKABR1 b,-0.80746,2129
2bakabr1/9/6n2/p1p5p/6p2/2P1C4/PR2PrPcP/6N2/9/2BAKABR1 w,0.8147095,4987
2bakabr1/9/6n2/p1p5p/1R4p2/2P1C4/P3PrPcP/6N2/9/2BAKABR1 b,-0.8044656,2201
2bakabr1/9/9/p1p5p/1R3np2/2P1C4/P3PrPcP/6N2/9/2BAKABR1 w,0.8208191,7816
2bakabr1/9/9/p1p5p/1R3np2/2P1C4/P3PrPcP/6N2/4A4/2BAK1BR1 b,-0.8094434,3748
2bakabr1/9/9/p1p5p/1R4p2/2P1C4/P3nrPcP/6N2/4A4/2BAK1BR1 w,0.82358867,7897
2bakabr1/9/9/p1p5p/1R4p2/2P1C4/P3nrPcP/4B1N2/4A4/2BAK2R1 b,-0.80995923,5370
2bakabr1/9/9/p1p5p/1R4p2/2P1C4/P3n1rcP/4B1N2/4A4/2BAK2R1 w,0.8153692,6290
2bakabr1/9/9/p1p5p/1R4p2/2P1C4/P3n1rcP/4B4/4A3N/2BAK2R1 b,-0.7955316,5569
2bakabr1/9/9/p1p5p/1R4p2/2P1C4/P3n1r1P/4B4/4A2cN/2BAK2R1 w,0.7973046,3370
2bakabr1/9/9/p1p5p/4R1p2/2P1C4/P3n1r1P/4B4/4A2cN/2BAK2R1 b,-0.8134254,562
2baka1r1/9/4b4/p1p5p/4R1p2/2P1C4/P3n1r1P/4B4/4A2cN/2BAK2R1 w,0.8972989,3622
2baka1r1/9/4R4/p1p5p/6p2/2P1C4/P3n1r1P/4B4/4A2cN/2BAK2R1 b,-0.89444655,283
2b1ka1r1/4a4/4R4/p1p5p/6p2/2P1C4/P3n1r1P/4B4/4A2cN/2BAK2R1 w,0.9164281,2005
2b1ka1r1/4a4/7R1/p1p5p/6p2/2P1C4/P3n1r1P/4B4/4A2cN/2BAK2R1 b,-0.91148216,363
2bk1a1r1/4a4/7R1/p1p5p/6p2/2P1C4/P3n1r1P/4B4/4A2cN/2BAK2R1 w,0.9370204,2257
2bk1a1R1/4a4/9/p1p5p/6p2/2P1C4/P3n1r1P/4B4/4A2cN/2BAK2R1 b,-0.92632204,7187
2bk1a1R1/4a4/9/p1p5p/6p2/2P1C4/P3n1r1P/4B4/4Ac2N/2BAK2R1 w,0.94207734,664
2bk1a3/4a4/9/p1p4Rp/6p2/2P1C4/P3n1r1P/4B4/4Ac2N/2BAK2R1 b,-0.9341772,5462
2bk1a3/4a4/9/p1p4Rp/6p2/2P1C4/P3n3r/4B4/4Ac2N/2BAK2R1 w,0.9531755,7261
2bk1a3/4a4/9/p1p4Rp/6p2/2P1C4/P3n2Nr/4B4/4Ac3/2BAK2R1 b,-0.9286927,5289
2bk1a3/4a4/9/p1p4Rp/6p2/2P1C4/P6Nr/4B1n2/4Ac3/2BAK2R1 w,0.960255,3090
2bk1a3/4a4/9/p1pR4p/6p2/2P1C4/P6Nr/4B1n2/4Ac3/2BAK2R1 b,-0.96884614,1191
2bk1a3/9/3a5/p1pR4p/6p2/2P1C4/P6Nr/4B1n2/4Ac3/2BAK2R1 w,0.9667194,2721
2bk1a3/9/3R5/p1p5p/6p2/2P1C4/P6Nr/4B1n2/4Ac3/2BAK2R1 b,-0.9625478,274
2b1ka3/9/3R5/p1p5p/6p2/2P1C4/P6Nr/4B1n2/4Ac3/2BAK2R1 w,0.9696886,5532
2b1ka3/9/3R5/p1p5p/6N2/2P1C4/P7r/4B1n2/4Ac3/2BAK2R1 b,-0.9856007,6298
2b1ka3/9/3R5/p1p5p/6N2/2P1C4/P7r/4B4/4Ac3/2BAK2n1 w,0.9901655,3803
2b1ka3/9/3R1N3/p1p5p/9/2P1C4/P7r/4B4/4Ac3/2BAK2n1 b,-0.9908911,373
2b2a3/4k4/3R1N3/p1p5p/9/2P1C4/P7r/4B4/4Ac3/2BAK2n1 w,0.99605095,1902
2b2a3/3Rk4/5N3/p1p5p/9/2P1C4/P7r/4B4/4Ac3/2BAK2n1 b,-0.996445,1192
2b2a3/3R5/4kN3/p1p5p/9/2P1C4/P7r/4B4/4Ac3/2BAK2n1 w,1,2110
rnbakabnr/9/1c5c1/p1p1p1p1p/9/9/P1P1P1P1P/1C5C1/9/RNBAKABNR w,0.8017992,5827
rnbakabnr/9/1c5c1/p1p1p1p1p/9/9/P1P1P1P1P/4C2C1/9/RNBAKABNR b,-0.8017668,110
r1bakabnr/9/1cn4c1/p1p1p1p1p/9/9/P1P1P1P1P/4C2C1/9/RNBAKABNR w,0.80181485,7445
r1bakabnr/9/1cn4c1/p1p1p1p1p/9/9/P1P1P1P1P/2N1C2C1/9/R1BAKABNR b,-0.8018406,562
r1baka1nr/9/1cn1b2c1/p1p1p1p1p/9/9/P1P1P1P1P/2N1C2C1/9/R1BAKABNR w,0.8019635,7372
r1baka1nr/9/1cn1b2c1/p1p1p1p1p/9/9/P1P1P1P1P/2N1C2C1/9/1RBAKABNR b,-0.80177355,1
1rbaka1nr/9/1cn1b2c1/p1p1p1p1p/9/9/P1P1P1P1P/2N1C2C1/9/1RBAKABNR w,0.80167824,6368
1rbaka1nr/9/1cn1b2c1/p1p1p1p1p/9/9/P1P1P1P1P/2N1CC3/9/1RBAKABNR b,-0.8012944,654
1rbaka2r/9/1cn1b1nc1/p1p1p1p1p/9/9/P1P1P1P1P/2N1CC3/9/1RBAKABNR w,0.80158687,7989
1rbaka2r/9/1cn1b1nc1/p1p1p1p1p/9/9/P1P1P1P1P/2N1CCN2/9/1RBAKAB1R b,-0.8013682,3012
1rbaka2r/9/1cn1b1nc1/p1p1p3p/6p2/9/P1P1P1P1P/2N1CCN2/9/1RBAKAB1R w,0.80187905,8098
1rbaka2r/9/1cn1b1nc1/p1p1p3p/6p2/9/P1P1P1P1P/2N1CCN2/9/1RBAKABR1 b,-0.80202866,727
1rbaka1r1/9/1cn1b1nc1/p1p1p3p/6p2/9/P1P1P1P1P/2N1CCN2/9/1RBAKABR1 w,0.8027927,5087
1rbaka1r1/9/1cn1b1nc1/p1p1p3p/6p2/2P6/P3P1P1P/2N1CCN2/9/1RBAKABR1 b,-0.8021536,1765
1rbaka1r1/9/2n1b1nc1/p1p1p3p/6p2/2P6/Pc2P1P1P/2N1CCN2/9/1RBAKABR1 w,0.8047115,5898
1rbaka1r1/9/2n1b1nc1/p1p1p3p/6p2/2PN5/Pc2P1P1P/4CCN2/9/1RBAKABR1 b,-0.80641043,2311
1rbaka1r1/9/2n1b1n2/p1p1p3p/6p2/2PN5/Pc2P1PcP/4CCN2/9/1RBAKABR1 w,0.8079292,6143
1rbaka1r1/9/2n1bCn2/p1p1p3p/6p2/2PN5/Pc2P1PcP/4C1N2/9/1RBAKABR1 b,-0.8084572,1986
1rbakabr1/9/2n2Cn2/p1p1p3p/6p2/2PN5/Pc2P1PcP/4C1N2/9/1RBAKABR1 w,0.81814575,4351
1rbakabr1/9/2n2Cn2/p1p1N3p/6p2/2P6/Pc2P1PcP/4C1N2/9/1RBAKABR1 b,-0.8048105,1831
1rbakabr1/9/5Cn2/p1p1n3p/6p2/2P6/Pc2P1PcP/4C1N2/9/1RBAKABR1 w,0.805036,6061
1rbakabr1/9/5Cn2/p1p1C3p/6p2/2P6/Pc2P1PcP/6N2/9/1RBAKABR1 b,-0.790517,109
2bakabr1/9/1r3Cn2/p1p1C3p/6p2/2P6/Pc2P1PcP/6N2/9/1RBAKABR1 w,0.8020568,2839
2bakabr1/9/1r3Cn2/p1p5p/6p2/2P1C4/Pc2P1PcP/6N2/9/1RBAKABR1 b,-0.79854524,1733
2bakabr1/9/5rn2/p1p5p/6p2/2P1C4/Pc2P1PcP/6N2/9/1RBAKABR1 w,0.80969197,7435
2bakabr1/9/5rn2/p1p5p/6p2/2P1C4/PR2P1PcP/6N2/9/2BAKABR1 b,-0.80746,2129
2bakabr1/9/6n2/p1p5p/6p2/2P1C4/PR2PrPcP/6N2/9/2BAKABR1 w,0.8147095,4987
2bakabr1/9/6n2/p1p5p/1R4p2/2P1C4/P3PrPcP/6N2/9/2BAKABR1 b,-0.8043057,2201
2bakabr1/9/9/p1p5p/1R3np2/2P1C4/P3PrPcP/6N2/9/2BAKABR1 w,0.8221642,7897
2bakabr1/9/9/p1p5p/1R3np2/2P1C4/P3PrPcP/4B1N2/9/2BAKA1R1 b,-0.8101239,3748
2bakabr1/9/9/p1p5p/1R4p2/2P1C4/P3nrPcP/4B1N2/9/2BAKA1R1 w,0.826572,7816
2bakabr1/9/9/p1p5p/1R4p2/2P1C4/P3nrPcP/4B1N2/4A4/2BAK2R1 b,-0.8097548,5370
2bakabr1/9/9/p1p5p/1R4p2/2P1C4/P3n1rcP/4B1N2/4A4/2BAK2R1 w,0.81471276,6290
2bakabr1/9/9/p1p5p/1R4p2/2P1C4/P3n1rcP/4B4/4A3N/2BAK2R1 b,-0.7967722,5569
2bakabr1/9/9/p1p5p/1R4p2/2P1C4/P3n1r1P/4B4/4A2cN/2BAK2R1 w,0.7969273,3370
2bakabr1/9/9/p1p5p/4R1p2/2P1C4/P3n1r1P/4B4/4A2cN/2BAK2R1 b,-0.81223893,562
2baka1r1/9/4b4/p1p5p/4R1p2/2P1C4/P3n1r1P/4B4/4A2cN/2BAK2R1 w,0.89681774,3622
2baka1r1/9/4R4/p1p5p/6p2/2P1C4/P3n1r1P/4B4/4A2cN/2BAK2R1 b,-0.8957165,283
2b1ka1r1/4a4/4R4/p1p5p/6p2/2P1C4/P3n1r1P/4B4/4A2cN/2BAK2R1 w,0.9163692,2005
2b1ka1r1/4a4/7R1/p1p5p/6p2/2P1C4/P3n1r1P/4B4/4A2cN/2BAK2R1 b,-0.91354066,363
2bk1a1r1/4a4/7R1/p1p5p/6p2/2P1C4/P3n1r1P/4B4/4A2cN/2BAK2R1 w,0.93698335,2257
2bk1a1R1/4a4/9/p1p5p/6p2/2P1C4/P3n1r1P/4B4/4A2cN/2BAK2R1 b,-0.92614615,7187
2bk1a1R1/4a4/9/p1p5p/6p2/2P1C4/P3n1r1P/4B4/4Ac2N/2BAK2R1 w,0.94132113,664
2bk1a3/4a4/9/p1p4Rp/6p2/2P1C4/P3n1r1P/4B4/4Ac2N/2BAK2R1 b,-0.9347975,5462
2bk1a3/4a4/9/p1p4Rp/6p2/2P1C4/P3n3r/4B4/4Ac2N/2BAK2R1 w,0.9492609,7261
2bk1a3/4a4/9/p1p4Rp/6p2/2P1C4/P3n2Nr/4B4/4Ac3/2BAK2R1 b,-0.92986554,5289
2bk1a3/4a4/9/p1p4Rp/6p2/2P1C4/P6Nr/4B1n2/4Ac3/2BAK2R1 w,0.95976955,3090
2bk1a3/4a4/9/p1pR4p/6p2/2P1C4/P6Nr/4B1n2/4Ac3/2BAK2R1 b,-0.96884614,1191
2bk1a3/9/3a5/p1pR4p/6p2/2P1C4/P6Nr/4B1n2/4Ac3/2BAK2R1 w,0.9667194,2721
2bk1a3/9/3R5/p1p5p/6p2/2P1C4/P6Nr/4B1n2/4Ac3/2BAK2R1 b,-0.9625478,274
2b1ka3/9/3R5/p1p5p/6p2/2P1C4/P6Nr/4B1n2/4Ac3/2BAK2R1 w,0.96997684,5532
2b1ka3/9/3R5/p1p5p/6N2/2P1C4/P7r/4B1n2/4Ac3/2BAK2R1 b,-0.9856007,6298
2b1ka3/9/3R5/p1p5p/6N2/2P1C4/P7r/4B4/4Ac3/2BAK2n1 w,0.9901655,3803
2b1ka3/9/3R1N3/p1p5p/9/2P1C4/P7r/4B4/4Ac3/2BAK2n1 b,-0.9908911,373
2b2a3/4k4/3R1N3/p1p5p/9/2P1C4/P7r/4B4/4Ac3/2BAK2n1 w,0.9960613,1902
2b2a3/3Rk4/5N3/p1p5p/9/2P1C4/P7r/4B4/4Ac3/2BAK2n1 b,-0.996445,1192
2b2a3/3R5/4kN3/p1p5p/9/2P1C4/P7r/4B4/4Ac3/2BAK2n1 w,1,2110
rnbakabnr/9/1c5c1/p1p1p1p1p/9/9/P1P1P1P1P/1C5C1/9/RNBAKABNR w,0.8017992,5827
rnbakabnr/9/1c5c1/p1p1p1p1p/9/9/P1P1P1P1P/4C2C1/9/RNBAKABNR b,-0.8017912,110
r1bakabnr/9/1cn4c1/p1p1p1p1p/9/9/P1P1P1P1P/4C2C1/9/RNBAKABNR w,0.80182487,7445
r1bakabnr/9/1cn4c1/p1p1p1p1p/9/9/P1P1P1P1P/2N1C2C1/9/R1BAKABNR b,-0.801812,562
r1baka1nr/9/1cn1b2c1/p1p1p1p1p/9/9/P1P1P1P1P/2N1C2C1/9/R1BAKABNR w,0.8019492,7372
r1baka1nr/9/1cn1b2c1/p1p1p1p1p/9/9/P1P1P1P1P/2N1C2C1/9/1RBAKABNR b,-0.80177355,1
1rbaka1nr/9/1cn1b2c1/p1p1p1p1p/9/9/P1P1P1P1P/2N1C2C1/9/1RBAKABNR w,0.8017126,6368
1rbaka1nr/9/1cn1b2c1/p1p1p1p1p/9/9/P1P1P1P1P/2N1CC3/9/1RBAKABNR b,-0.8012761,654
1rbaka2r/9/1cn1b1nc1/p1p1p1p1p/9/9/P1P1P1P1P/2N1CC3/9/1RBAKABNR w,0.8015947,7989
1rbaka2r/9/1cn1b1nc1/p1p1p1p1p/9/9/P1P1P1P1P/2N1CCN2/9/1RBAKAB1R b,-0.80137295,3012
1rbaka2r/9/1cn1b1nc1/p1p1p3p/6p2/9/P1P1P1P1P/2N1CCN2/9/1RBAKAB1R w,0.80187565,8098
1rbaka2r/9/1cn1b1nc1/p1p1p3p/6p2/9/P1P1P1P1P/2N1CCN2/9/1RBAKABR1 b,-0.8020148,727
1rbaka1r1/9/1cn1b1nc1/p1p1p3p/6p2/9/P1P1P1P1P/2N1CCN2/9/1RBAKABR1 w,0.80251306,5087
1rbaka1r1/9/1cn1b1nc1/p1p1p3p/6p2/2P6/P3P1P1P/2N1CCN2/9/1RBAKABR1 b,-0.8021536,1765
1rbaka1r1/9/2n1b1nc1/p1p1p3p/6p2/2P6/Pc2P1P1P/2N1CCN2/9/1RBAKABR1 w,0.8047839,5898
1rbaka1r1/9/2n1b1nc1/p1p1p3p/6p2/2PN5/Pc2P1P1P/4CCN2/9/1RBAKABR1 b,-0.8063819,2311
1rbaka1r1/9/2n1b1n2/p1p1p3p/6p2/2PN5/Pc2P1PcP/4CCN2/9/1RBAKABR1 w,0.80782646,6143
1rbaka1r1/9/2n1bCn2/p1p1p3p/6p2/2PN5/Pc2P1PcP/4C1N2/9/1RBAKABR1 b,-0.80828,1986
1rbakabr1/9/2n2Cn2/p1p1p3p/6p2/2PN5/Pc2P1PcP/4C1N2/9/1RBAKABR1 w,0.8176818,4351
1rbakabr1/9/2n2Cn2/p1p1N3p/6p2/2P6/Pc2P1PcP/4C1N2/9/1RBAKABR1 b,-0.8047867,1831
1rbakabr1/9/5Cn2/p1p1n3p/6p2/2P6/Pc2P1PcP/4C1N2/9/1RBAKABR1 w,0.80503285,6061
1rbakabr1/9/5Cn2/p1p1C3p/6p2/2P6/Pc2P1PcP/6N2/9/1RBAKABR1 b,-0.7910529,109
2bakabr1/9/1r3Cn2/p1p1C3p/6p2/2P6/Pc2P1PcP/6N2/9/1RBAKABR1 w,0.80187976,2839
2bakabr1/9/1r3Cn2/p1p5p/6p2/2P1C4/Pc2P1PcP/6N2/9/1RBAKABR1 b,-0.7987708,1733
2bakabr1/9/5rn2/p1p5p/6p2/2P1C4/Pc2P1PcP/6N2/9/1RBAKABR1 w,0.8096487,7435
2bakabr1/9/5rn2/p1p5p/6p2/2P1C4/PR2P1PcP/6N2/9/2BAKABR1 b,-0.8074193,2129
2bakabr1/9/6n2/p1p5p/6p2/2P1C4/PR2PrPcP/6N2/9/2BAKABR1 w,0.81437814,4987
2bakabr1/9/6n2/p1p5p/1R4p2/2P1C4/P3PrPcP/6N2/9/2BAKABR1 b,-0.8044087,2201
2bakabr1/9/9/p1p5p/1R3np2/2P1C4/P3PrPcP/6N2/9/2BAKABR1 w,0.8227255,7897
2bakabr1/9/9/p1p5p/1R3np2/2P1C4/P3PrPcP/4B1N2/9/2BAKA1R1 b,-0.8098767,3748
2bakabr1/9/9/p1p5p/1R4p2/2P1C4/P3nrPcP/4B1N2/9/2BAKA1R1 w,0.826572,7816
2bakabr1/9/9/p1p5p/1R4p2/2P1C4/P3nrPcP/4B1N2/4A4/2BAK2R1 b,-0.8100757,5370
2bakabr1/9/9/p1p5p/1R4p2/2P1C4/P3n1rcP/4B1N2/4A4/2BAK2R1 w,0.81563985,6290
2bakabr1/9/9/p1p5p/1R4p2/2P1C4/P3n1rcP/4B4/4A3N/2BAK2R1 b,-0.7963724,5569
2bakabr1/9/9/p1p5p/1R4p2/2P1C4/P3n1r1P/4B4/4A2cN/2BAK2R1 w,0.79682297,3370
2bakabr1/9/9/p1p5p/4R1p2/2P1C4/P3n1r1P/4B4/4A2cN/2BAK2R1 b,-0.8134254,562
2baka1r1/9/4b4/p1p5p/4R1p2/2P1C4/P3n1r1P/4B4/4A2cN/2BAK2R1 w,0.89712954,3622
2baka1r1/9/4R4/p1p5p/6p2/2P1C4/P3n1r1P/4B4/4A2cN/2BAK2R1 b,-0.896206,283
2b1ka1r1/4a4/4R4/p1p5p/6p2/2P1C4/P3n1r1P/4B4/4A2cN/2BAK2R1 w,0.9165625,2005
2b1ka1r1/4a4/7R1/p1p5p/6p2/2P1C4/P3n1r1P/4B4/4A2cN/2BAK2R1 b,-0.91448104,363
2bk1a1r1/4a4/7R1/p1p5p/6p2/2P1C4/P3n1r1P/4B4/4A2cN/2BAK2R1 w,0.9370204,2257
2bk1a1R1/4a4/9/p1p5p/6p2/2P1C4/P3n1r1P/4B4/4A2cN/2BAK2R1 b,-0.92616546,7187
2bk1a1R1/4a4/9/p1p5p/6p2/2P1C4/P3n1r1P/4B4/4Ac2N/2BAK2R1 w,0.9421637,664
2bk1a3/4a4/9/p1p4Rp/6p2/2P1C4/P3n1r1P/4B4/4Ac2N/2BAK2R1 b,-0.934837,5462
2bk1a3/4a4/9/p1p4Rp/6p2/2P1C4/P3n3r/4B4/4Ac2N/2BAK2R1 w,0.9495231,7261
2bk1a3/4a4/9/p1p4Rp/6p2/2P1C4/P3n2Nr/4B4/4Ac3/2BAK2R1 b,-0.9290175,5289
2bk1a3/4a4/9/p1p4Rp/6p2/2P1C4/P6Nr/4B1n2/4Ac3/2BAK2R1 w,0.9619058,3090
2bk1a3/4a4/9/p1pR4p/6p2/2P1C4/P6Nr/4B1n2/4Ac3/2BAK2R1 b,-0.96884614,1191
2bk1a3/9/3a5/p1pR4p/6p2/2P1C4/P6Nr/4B1n2/4Ac3/2BAK2R1 w,0.96602494,2721
2bk1a3/9/3R5/p1p5p/6p2/2P1C4/P6Nr/4B1n2/4Ac3/2BAK2R1 b,-0.9625478,274
2b1ka3/9/3R5/p1p5p/6p2/2P1C4/P6Nr/4B1n2/4Ac3/2BAK2R1 w,0.9701351,5532
2b1ka3/9/3R5/p1p5p/6N2/2P1C4/P7r/4B1n2/4Ac3/2BAK2R1 b,-0.9857432,6298
2b1ka3/9/3R5/p1p5p/6N2/2P1C4/P7r/4B4/4Ac3/2BAK2n1 w,0.99008805,3803
2b1ka3/9/3R1N3/p1p5p/9/2P1C4/P7r/4B4/4Ac3/2BAK2n1 b,-0.9908911,373
2b2a3/4k4/3R1N3/p1p5p/9/2P1C4/P7r/4B4/4Ac3/2BAK2n1 w,0.99608177,1902
2b2a3/3Rk4/5N3/p1p5p/9/2P1C4/P7r/4B4/4Ac3/2BAK2n1 b,-0.996445,1192
2b2a3/3R5/4kN3/p1p5p/9/2P1C4/P7r/4B4/4Ac3/2BAK2n1 w,1,2110
rnbakabnr/9/1c5c1/p1p1p1p1p/9/9/P1P1P1P1P/1C5C1/9/RNBAKABNR w,0.80182725,5827
rnbakabnr/9/1c5c1/p1p1p1p1p/9/9/P1P1P1P1P/4C2C1/9/RNBAKABNR b,-0.80176777,110
r1bakabnr/9/1cn4c1/p1p1p1p1p/9/9/P1P1P1P1P/4C2C1/9/RNBAKABNR w,0.80181926,7445
r1bakabnr/9/1cn4c1/p1p1p1p1p/9/9/P1P1P1P1P/2N1C2C1/9/R1BAKABNR b,-0.80182236,562
r1baka1nr/9/1cn1b2c1/p1p1p1p1p/9/9/P1P1P1P1P/2N1C2C1/9/R1BAKABNR w,0.801942,7372
r1baka1nr/9/1cn1b2c1/p1p1p1p1p/9/9/P1P1P1P1P/2N1C2C1/9/1RBAKABNR b,-0.80177104,1
1rbaka1nr/9/1cn1b2c1/p1p1p1p1p/9/9/P1P1P1P1P/2N1C2C1/9/1RBAKABNR w,0.80169904,6368
1rbaka1nr/9/1cn1b2c1/p1p1p1p1p/9/9/P1P1P1P1P/2N1CC3/9/1RBAKABNR b,-0.8012594,654
1rbaka2r/9/1cn1b1nc1/p1p1p1p1p/9/9/P1P1P1P1P/2N1CC3/9/1RBAKABNR w,0.8015947,7989
1rbaka2r/9/1cn1b1nc1/p1p1p1p1p/9/9/P1P1P1P1P/2N1CCN2/9/1RBAKAB1R b,-0.80137295,3012
1rbaka2r/9/1cn1b1nc1/p1p1p3p/6p2/9/P1P1P1P1P/2N1CCN2/9/1RBAKAB1R w,0.80190086,8098
1rbaka2r/9/1cn1b1nc1/p1p1p3p/6p2/9/P1P1P1P1P/2N1CCN2/9/1RBAKABR1 b,-0.80188537,727
1rbaka1r1/9/1cn1b1nc1/p1p1p3p/6p2/9/P1P1P1P1P/2N1CCN2/9/1RBAKABR1 w,0.80255455,5087
1rbaka1r1/9/1cn1b1nc1/p1p1p3p/6p2/2P6/P3P1P1P/2N1CCN2/9/1RBAKABR1 b,-0.8021299,1765
1rbaka1r1/9/2n1b1nc1/p1p1p3p/6p2/2P6/Pc2P1P1P/2N1CCN2/9/1RBAKABR1 w,0.8047115,5898
1rbaka1r1/9/2n1b1nc1/p1p1p3p/6p2/2PN5/Pc2P1P1P/4CCN2/9/1RBAKABR1 b,-0.80638945,2311
1rbaka1r1/9/2n1b1n2/p1p1p3p/6p2/2PN5/Pc2P1PcP/4CCN2/9/1RBAKABR1 w,0.80794615,6143
1rbaka1r1/9/2n1bCn2/p1p1p3p/6p2/2PN5/Pc2P1PcP/4C1N2/9/1RBAKABR1 b,-0.8084572,1986
1rbakabr1/9/2n2Cn2/p1p1p3p/6p2/2PN5/Pc2P1PcP/4C1N2/9/1RBAKABR1 w,0.8184994,4351
1rbakabr1/9/2n2Cn2/p1p1N3p/6p2/2P6/Pc2P1PcP/4C1N2/9/1RBAKABR1 b,-0.8047812,1831
1rbakabr1/9/5Cn2/p1p1n3p/6p2/2P6/Pc2P1PcP/4C1N2/9/1RBAKABR1 w,0.80500495,6061
1rbakabr1/9/5Cn2/p1p1C3p/6p2/2P6/Pc2P1PcP/6N2/9/1RBAKABR1 b,-0.7902518,109
2bakabr1/9/1r3Cn2/p1p1C3p/6p2/2P6/Pc2P1PcP/6N2/9/1RBAKABR1 w,0.8022862,2839
2bakabr1/9/1r3Cn2/p1p5p/6p2/2P1C4/Pc2P1PcP/6N2/9/1RBAKABR1 b,-0.79847294,1733
2bakabr1/9/5rn2/p1p5p/6p2/2P1C4/Pc2P1PcP/6N2/9/1RBAKABR1 w,0.80978554,7435
2bakabr1/9/5rn2/p1p5p/6p2/2P1C4/PR2P1PcP/6N2/9/2BAKABR1 b,-0.8074193,2129
2bakabr1/9/6n2/p1p5p/6p2/2P1C4/PR2PrPcP/6N2/9/2BAKABR1 w,0.81497216,4987
2bakabr1/9/6n2/p1p5p/1R4p2/2P1C4/P3PrPcP/6N2/9/2BAKABR1 b,-0.8046425,2201
2bakabr1/9/9/p1p5p/1R3np2/2P1C4/P3PrPcP/6N2/9/2BAKABR1 w,0.8223454,7897
2bakabr1/9/9/p1p5p/1R3np2/2P1C4/P3PrPcP/4B1N2/9/2BAKA1R1 b,-0.8098767,3748
2bakabr1/9/9/p1p5p/1R4p2/2P1C4/P3nrPcP/4B1N2/9/2BAKA1R1 w,0.82605386,7816
2bakabr1/9/9/p1p5p/1R4p2/2P1C4/P3nrPcP/4B1N2/4A4/2BAK2R1 b,-0.80984807,5370
2bakabr1/9/9/p1p5p/1R4p2/2P1C4/P3n1rcP/4B1N2/4A4/2BAK2R1 w,0.81469834,6290
2bakabr1/9/9/p1p5p/1R4p2/2P1C4/P3n1rcP/4B4/4A3N/2BAK2R1 b,-0.79626197,5569
2bakabr1/9/9/p1p5p/1R4p2/2P1C4/P3n1r1P/4B4/4A2cN/2BAK2R1 w,0.79756874,3370
2bakabr1/9/9/p1p5p/4R1p2/2P1C4/P3n1r1P/4B4/4A2cN/2BAK2R1 b,-0.81732607,562
2baka1r1/9/4b4/p1p5p/4R1p2/2P1C4/P3n1r1P/4B4/4A2cN/2BAK2R1 w,0.89761263,3622
2baka1r1/9/4R4/p1p5p/6p2/2P1C4/P3n1r1P/4B4/4A2cN/2BAK2R1 b,-0.8957172,283
2b1ka1r1/4a4/4R4/p1p5p/6p2/2P1C4/P3n1r1P/4B4/4A2cN/2BAK2R1 w,0.9163287,2005
2b1ka1r1/4a4/7R1/p1p5p/6p2/2P1C4/P3n1r1P/4B4/4A2cN/2BAK2R1 b,-0.9140356,363
2bk1a1r1/4a4/7R1/p1p5p/6p2/2P1C4/P3n1r1P/4B4/4A2cN/2BAK2R1 w,0.9369441,2257
2bk1a1R1/4a4/9/p1p5p/6p2/2P1C4/P3n1r1P/4B4/4A2cN/2BAK2R1 b,-0.9263936,7187
2bk1a1R1/4a4/9/p1p5p/6p2/2P1C4/P3n1r1P/4B4/4Ac2N/2BAK2R1 w,0.9422451,664
2bk1a3/4a4/9/p1p4Rp/6p2/2P1C4/P3n1r1P/4B4/4Ac2N/2BAK2R1 b,-0.9341772,5462
2bk1a3/4a4/9/p1p4Rp/6p2/2P1C4/P3n3r/4B4/4Ac2N/2BAK2R1 w,0.9523147,7261
2bk1a3/4a4/9/p1p4Rp/6p2/2P1C4/P3n2Nr/4B4/4Ac3/2BAK2R1 b,-0.93412614,5289
2bk1a3/4a4/9/p1p4Rp/6p2/2P1C4/P6Nr/4B1n2/4Ac3/2BAK2R1 w,0.9627027,3090
2bk1a3/4a4/9/p1pR4p/6p2/2P1C4/P6Nr/4B1n2/4Ac3/2BAK2R1 b,-0.96884614,1191
2bk1a3/9/3a5/p1pR4p/6p2/2P1C4/P6Nr/4B1n2/4Ac3/2BAK2R1 w,0.96698546,2721
2bk1a3/9/3R5/p1p5p/6p2/2P1C4/P6Nr/4B1n2/4Ac3/2BAK2R1 b,-0.9625478,274
2b1ka3/9/3R5/p1p5p/6p2/2P1C4/P6Nr/4B1n2/4Ac3/2BAK2R1 w,0.9701351,5532
2b1ka3/9/3R5/p1p5p/6N2/2P1C4/P7r/4B1n2/4Ac3/2BAK2R1 b,-0.9856007,6298
2b1ka3/9/3R5/p1p5p/6N2/2P1C4/P7r/4B4/4Ac3/2BAK2n1 w,0.990114,3803
2b1ka3/9/3R1N3/p1p5p/9/2P1C4/P7r/4B4/4Ac3/2BAK2n1 b,-0.9908911,373
2b2a3/4k4/3R1N3/p1p5p/9/2P1C4/P7r/4B4/4Ac3/2BAK2n1 w,0.9960716,1902
2b2a3/3Rk4/5N3/p1p5p/9/2P1C4/P7r/4B4/4Ac3/2BAK2n1 b,-0.996445,1192
2b2a3/3R5/4kN3/p1p5p/9/2P1C4/P7r/4B4/4Ac3/2BAK2n1 w,1,2110
rnbakabnr/9/1c5c1/p1p1p1p1p/9/9/P1P1P1P1P/1C5C1/9/RNBAKABNR w,0.8017992,5827
rnbakabnr/9/1c5c1/p1p1p1p1p/9/9/P1P1P1P1P/4C2C1/9/RNBAKABNR b,-0.8017954,110
r1bakabnr/9/1cn4c1/p1p1p1p1p/9/9/P1P1P1P1P/4C2C1/9/RNBAKABNR w,0.80181175,7445
r1bakabnr/9/1cn4c1/p1p1p1p1p/9/9/P1P1P1P1P/2N1C2C1/9/R1BAKABNR b,-0.80185634,562
r1baka1nr/9/1cn1b2c1/p1p1p1p1p/9/9/P1P1P1P1P/2N1C2C1/9/R1BAKABNR w,0.8019635,7372
r1baka1nr/9/1cn1b2c1/p1p1p1p1p/9/9/P1P1P1P1P/2N1C2C1/9/1RBAKABNR b,-0.8017659,1
1rbaka1nr/9/1cn1b2c1/p1p1p1p1p/9/9/P1P1P1P1P/2N1C2C1/9/1RBAKABNR w,0.8017126,6368
1rbaka1nr/9/1cn1b2c1/p1p1p1p1p/9/9/P1P1P1P1P/2N1CC3/9/1RBAKABNR b,-0.80128574,654
1rbaka2r/9/1cn1b1nc1/p1p1p1p1p/9/9/P1P1P1P1P/2N1CC3/9/1RBAKABNR w,0.80158657,7989
1rbaka2r/9/1cn1b1nc1/p1p1p1p1p/9/9/P1P1P1P1P/2N1CCN2/9/1RBAKAB1R b,-0.8013484,3012
1rbaka2r/9/1cn1b1nc1/p1p1p3p/6p2/9/P1P1P1P1P/2N1CCN2/9/1RBAKAB1R w,0.80189395,8098
1rbaka2r/9/1cn1b1nc1/p1p1p3p/6p2/9/P1P1P1P1P/2N1CCN2/9/1RBAKABR1 b,-0.8019926,727
1rbaka1r1/9/1cn1b1nc1/p1p1p3p/6p2/9/P1P1P1P1P/2N1CCN2/9/1RBAKABR1 w,0.80251306,5087
1rbaka1r1/9/1cn1b1nc1/p1p1p3p/6p2/2P6/P3P1P1P/2N1CCN2/9/1RBAKABR1 b,-0.8021549,1765
1rbaka1r1/9/2n1b1nc1/p1p1p3p/6p2/2P6/Pc2P1P1P/2N1CCN2/9/1RBAKABR1 w,0.80470604,5898
1rbaka1r1/9/2n1b1nc1/p1p1p3p/6p2/2PN5/Pc2P1P1P/4CCN2/9/1RBAKABR1 b,-0.8065378,2311
1rbaka1r1/9/2n1b1n2/p1p1p3p/6p2/2PN5/Pc2P1PcP/4CCN2/9/1RBAKABR1 w,0.80782646,6143
1rbaka1r1/9/2n1bCn2/p1p1p3p/6p2/2PN5/Pc2P1PcP/4C1N2/9/1RBAKABR1 b,-0.8084572,1986
1rbakabr1/9/2n2Cn2/p1p1p3p/6p2/2PN5/Pc2P1PcP/4C1N2/9/1RBAKABR1 w,0.8178257,4351
1rbakabr1/9/2n2Cn2/p1p1N3p/6p2/2P6/Pc2P1PcP/4C1N2/9/1RBAKABR1 b,-0.80487436,1831
1rbakabr1/9/5Cn2/p1p1n3p/6p2/2P6/Pc2P1PcP/4C1N2/9/1RBAKABR1 w,0.80500495,6061
1rbakabr1/9/5Cn2/p1p1C3p/6p2/2P6/Pc2P1PcP/6N2/9/1RBAKABR1 b,-0.79062665,109
2bakabr1/9/1r3Cn2/p1p1C3p/6p2/2P6/Pc2P1PcP/6N2/9/1RBAKABR1 w,0.8022862,2839
2bakabr1/9/1r3Cn2/p1p5p/6p2/2P1C4/Pc2P1PcP/6N2/9/1RBAKABR1 b,-0.79847294,1733
2bakabr1/9/5rn2/p1p5p/6p2/2P1C4/Pc2P1PcP/6N2/9/1RBAKABR1 w,0.8096117,7435
2bakabr1/9/5rn2/p1p5p/6p2/2P1C4/PR2P1PcP/6N2/9/2BAKABR1 b,-0.8076672,2129
2bakabr1/9/6n2/p1p5p/6p2/2P1C4/PR2PrPcP/6N2/9/2BAKABR1 w,0.81437814,4987
2bakabr1/9/6n2/p1p5p/1R4p2/2P1C4/P3PrPcP/6N2/9/2BAKABR1 b,-0.8045397,2201
2bakabr1/9/9/p1p5p/1R3np2/2P1C4/P3PrPcP/6N2/9/2BAKABR1 w,0.8209031,7897
2bakabr1/9/9/p1p5p/1R3np2/2P1C4/P3PrPcP/4B1N2/9/2BAKA1R1 b,-0.8092787,3748
2bakabr1/9/9/p1p5p/1R4p2/2P1C4/P3nrPcP/4B1N2/9/2BAKA1R1 w,0.82676536,7816
2bakabr1/9/9/p1p5p/1R4p2/2P1C4/P3nrPcP/4B1N2/4A4/2BAK2R1 b,-0.810219,5370
2bakabr1/9/9/p1p5p/1R4p2/2P1C4/P3n1rcP/4B1N2/4A4/2BAK2R1 w,0.8126461,6290
2bakabr1/9/9/p1p5p/1R4p2/2P1C4/P3n1rcP/4B4/4A3N/2BAK2R1 b,-0.7960291,5569
2bakabr1/9/9/p1p5p/1R4p2/2P1C4/P3n1r1P/4B4/4A2cN/2BAK2R1 w,0.79698676,3370
2bakabr1/9/9/p1p5p/4R1p2/2P1C4/P3n1r1P/4B4/4A2cN/2BAK2R1 b,-0.8120708,562
2baka1r1/9/4b4/p1p5p/4R1p2/2P1C4/P3n1r1P/4B4/4A2cN/2BAK2R1 w,0.8993281,3622
2baka1r1/9/4R4/p1p5p/6p2/2P1C4/P3n1r1P/4B4/4A2cN/2BAK2R1 b,-0.8953709,283
2b1ka1r1/4a4/4R4/p1p5p/6p2/2P1C4/P3n1r1P/4B4/4A2cN/2BAK2R1 w,0.91622573,2005
2b1ka1r1/4a4/7R1/p1p5p/6p2/2P1C4/P3n1r1P/4B4/4A2cN/2BAK2R1 b,-0.91856647,363
2bk1a1r1/4a4/7R1/p1p5p/6p2/2P1C4/P3n1r1P/4B4/4A2cN/2BAK2R1 w,0.9369441,2257
2bk1a1R1/4a4/9/p1p5p/6p2/2P1C4/P3n1r1P/4B4/4A2cN/2BAK2R1 b,-0.92614615,7187
2bk1a1R1/4a4/9/p1p5p/6p2/2P1C4/P3n1r1P/4B4/4Ac2N/2BAK2R1 w,0.9409822,664
2bk1a3/4a4/9/p1p4Rp/6p2/2P1C4/P3n1r1P/4B4/4Ac2N/2BAK2R1 b,-0.9344384,5462
2bk1a3/4a4/9/p1p4Rp/6p2/2P1C4/P3n3r/4B4/4Ac2N/2BAK2R1 w,0.953327,7261
2bk1a3/4a4/9/p1p4Rp/6p2/2P1C4/P3n2Nr/4B4/4Ac3/2BAK2R1 b,-0.9337595,5289
2bk1a3/4a4/9/p1p4Rp/6p2/2P1C4/P6Nr/4B1n2/4Ac3/2BAK2R1 w,0.9609843,3090
2bk1a3/4a4/9/p1pR4p/6p2/2P1C4/P6Nr/4B1n2/4Ac3/2BAK2R1 b,-0.96884614,1191
2bk1a3/9/3a5/p1pR4p/6p2/2P1C4/P6Nr/4B1n2/4Ac3/2BAK2R1 w,0.96644026,2721
2bk1a3/9/3R5/p1p5p/6p2/2P1C4/P6Nr/4B1n2/4Ac3/2BAK2R1 b,-0.9625478,274
2b1ka3/9/3R5/p1p5p/6p2/2P1C4/P6Nr/4B1n2/4Ac3/2BAK2R1 w,0.96997684,5532
2b1ka3/9/3R5/p1p5p/6N2/2P1C4/P7r/4B1n2/4Ac3/2BAK2R1 b,-0.985883,6298
2b1ka3/9/3R5/p1p5p/6N2/2P1C4/P7r/4B4/4Ac3/2BAK2n1 w,0.990062,3803
2b1ka3/9/3R1N3/p1p5p/9/2P1C4/P7r/4B4/4Ac3/2BAK2n1 b,-0.9908911,373
2b2a3/4k4/3R1N3/p1p5p/9/2P1C4/P7r/4B4/4Ac3/2BAK2n1 w,0.99604064,1902
2b2a3/3Rk4/5N3/p1p5p/9/2P1C4/P7r/4B4/4Ac3/2BAK2n1 b,-0.996445,1192
2b2a3/3R5/4kN3/p1p5p/9/2P1C4/P7r/4B4/4Ac3/2BAK2n1 w,1,2110
rnbakabnr/9/1c5c1/p1p1p1p1p/9/9/P1P1P1P1P/1C5C1/9/RNBAKABNR w,0.8018177,5827
rnbakabnr/9/1c5c1/p1p1p1p1p/9/9/P1P1P1P1P/4C2C1/9/RNBAKABNR b,-0.8017787,110
r1bakabnr/9/1cn4c1/p1p1p1p1p/9/9/P1P1P1P1P/4C2C1/9/RNBAKABNR w,0.8018244,7445
r1bakabnr/9/1cn4c1/p1p1p1p1p/9/9/P1P1P1P1P/2N1C2C1/9/R1BAKABNR b,-0.80180717,562
r1baka1nr/9/1cn1b2c1/p1p1p1p1p/9/9/P1P1P1P1P/2N1C2C1/9/R1BAKABNR w,0.8019492,7372
r1baka1nr/9/1cn1b2c1/p1p1p1p1p/9/9/P1P1P1P1P/2N1C2C1/9/1RBAKABNR b,-0.80176973,1
1rbaka1nr/9/1cn1b2c1/p1p1p1p1p/9/9/P1P1P1P1P/2N1C2C1/9/1RBAKABNR w,0.80169904,6368
1rbaka1nr/9/1cn1b2c1/p1p1p1p1p/9/9/P1P1P1P1P/2N1CC3/9/1RBAKABNR b,-0.8012789,654
1rbaka2r/9/1cn1b1nc1/p1p1p1p1p/9/9/P1P1P1P1P/2N1CC3/9/1RBAKABNR w,0.8015751,7989
1rbaka2r/9/1cn1b1nc1/p1p1p1p1p/9/9/P1P1P1P1P/2N1CCN2/9/1RBAKAB1R b,-0.8013706,3012
1rbaka2r/9/1cn1b1nc1/p1p1p3p/6p2/9/P1P1P1P1P/2N1CCN2/9/1RBAKAB1R w,0.8021113,8098
1rbaka2r/9/1cn1b1nc1/p1p1p3p/6p2/9/P1P1P1P1P/2N1CCN2/9/1RBAKABR1 b,-0.8020045,727
1rbaka1r1/9/1cn1b1nc1/p1p1p3p/6p2/9/P1P1P1P1P/2N1CCN2/9/1RBAKABR1 w,0.80251306,5087
1rbaka1r1/9/1cn1b1nc1/p1p1p3p/6p2/2P6/P3P1P1P/2N1CCN2/9/1RBAKABR1 b,-0.80212146,1765
1rbaka1r1/9/2n1b1nc1/p1p1p3p/6p2/2P6/Pc2P1P1P/2N1CCN2/9/1RBAKABR1 w,0.80470604,5898
1rbaka1r1/9/2n1b1nc1/p1p1p3p/6p2/2PN5/Pc2P1P1P/4CCN2/9/1RBAKABR1 b,-0.80638945,2311
1rbaka1r1/9/2n1b1n2/p1p1p3p/6p2/2PN5/Pc2P1PcP/4CCN2/9/1RBAKABR1 w,0.8079292,6143
1rbaka1r1/9/2n1bCn2/p1p1p3p/6p2/2PN5/Pc2P1PcP/4C1N2/9/1RBAKABR1 b,-0.80828,1986
1rbakabr1/9/2n2Cn2/p1p1p3p/6p2/2PN5/Pc2P1PcP/4C1N2/9/1RBAKABR1 w,0.81805813,4351
1rbakabr1/9/2n2Cn2/p1p1N3p/6p2/2P6/Pc2P1PcP/4C1N2/9/1RBAKABR1 b,-0.8047867,1831
1rbakabr1/9/5Cn2/p1p1n3p/6p2/2P6/Pc2P1PcP/4C1N2/9/1RBAKABR1 w,0.80503285,6061
1rbakabr1/9/5Cn2/p1p1C3p/6p2/2P6/Pc2P1PcP/6N2/9/1RBAKABR1 b,-0.79049164,109
2bakabr1/9/1r3Cn2/p1p1C3p/6p2/2P6/Pc2P1PcP/6N2/9/1RBAKABR1 w,0.8018721,2839
2bakabr1/9/1r3Cn2/p1p5p/6p2/2P1C4/Pc2P1PcP/6N2/9/1RBAKABR1 b,-0.79882264,1733
2bakabr1/9/5rn2/p1p5p/6p2/2P1C4/Pc2P1PcP/6N2/9/1RBAKABR1 w,0.80965835,7435
2bakabr1/9/5rn2/p1p5p/6p2/2P1C4/PR2P1PcP/6N2/9/2BAKABR1 b,-0.8074193,2129
2bakabr1/9/6n2/p1p5p/6p2/2P1C4/PR2PrPcP/6N2/9/2BAKABR1 w,0.81437814,4987
2bakabr1/9/6n2/p1p5p/1R4p2/2P1C4/P3PrPcP/6N2/9/2BAKABR1 b,-0.80442005,2201
2bakabr1/9/9/p1p5p/1R3np2/2P1C4/P3PrPcP/6N2/9/2BAKABR1 w,0.82196337,7816
2bakabr1/9/9/p1p5p/1R3np2/2P1C4/P3PrPcP/6N2/4A4/2BAK1BR1 b,-0.80933064,3748
2bakabr1/9/9/p1p5p/1R4p2/2P1C4/P3nrPcP/6N2/4A4/2BAK1BR1 w,0.8230518,7897
2bakabr1/9/9/p1p5p/1R4p2/2P1C4/P3nrPcP/4B1N2/4A4/2BAK2R1 b,-0.8101222,5370
2bakabr1/9/9/p1p5p/1R4p2/2P1C4/P3n1rcP/4B1N2/4A4/2BAK2R1 w,0.8126461,6290
2bakabr1/9/9/p1p5p/1R4p2/2P1C4/P3n1rcP/4B4/4A3N/2BAK2R1 b,-0.7963101,5569
2bakabr1/9/9/p1p5p/1R4p2/2P1C4/P3n1r1P/4B4/4A2cN/2BAK2R1 w,0.79858536,3370
2bakabr1/9/9/p1p5p/4R1p2/2P1C4/P3n1r1P/4B4/4A2cN/2BAK2R1 b,-0.8121348,562
2baka1r1/9/4b4/p1p5p/4R1p2/2P1C4/P3n1r1P/4B4/4A2cN/2BAK2R1 w,0.89704484,3622
2baka1r1/9/4R4/p1p5p/6p2/2P1C4/P3n1r1P/4B4/4A2cN/2BAK2R1 b,-0.8958055,283
2b1ka1r1/4a4/4R4/p1p5p/6p2/2P1C4/P3n1r1P/4B4/4A2cN/2BAK2R1 w,0.9164281,2005
2b1ka1r1/4a4/7R1/p1p5p/6p2/2P1C4/P3n1r1P/4B4/4A2cN/2BAK2R1 b,-0.91311115,363
2bk1a1r1/4a4/7R1/p1p5p/6p2/2P1C4/P3n1r1P/4B4/4A2cN/2BAK2R1 w,0.9369441,2257
2bk1a1R1/4a4/9/p1p5p/6p2/2P1C4/P3n1r1P/4B4/4A2cN/2BAK2R1 b,-0.92667955,7187
2bk1a1R1/4a4/9/p1p5p/6p2/2P1C4/P3n1r1P/4B4/4Ac2N/2BAK2R1 w,0.94166917,664
2bk1a3/4a4/9/p1p4Rp/6p2/2P1C4/P3n1r1P/4B4/4Ac2N/2BAK2R1 b,-0.93535066,5462
2bk1a3/4a4/9/p1p4Rp/6p2/2P1C4/P3n3r/4B4/4Ac2N/2BAK2R1 w,0.9526821,7261
2bk1a3/4a4/9/p1p4Rp/6p2/2P1C4/P3n2Nr/4B4/4Ac3/2BAK2R1 b,-0.9287666,5289
2bk1a3/4a4/9/p1p4Rp/6p2/2P1C4/P6Nr/4B1n2/4Ac3/2BAK2R1 w,0.960255,3090
2bk1a3/4a4/9/p1pR4p/6p2/2P1C4/P6Nr/4B1n2/4Ac3/2BAK2R1 b,-0.96884614,1191
2bk1a3/9/3a5/p1pR4p/6p2/2P1C4/P6Nr/4B1n2/4Ac3/2BAK2R1 w,0.9665892,2721
2bk1a3/9/3R5/p1p5p/6p2/2P1C4/P6Nr/4B1n2/4Ac3/2BAK2R1 b,-0.9625478,274
2b1ka3/9/3R5/p1p5p/6p2/2P1C4/P6Nr/4B1n2/4Ac3/2BAK2R1 w,0.9700591,5532
2b1ka3/9/3R5/p1p5p/6N2/2P1C4/P7r/4B1n2/4Ac3/2BAK2R1 b,-0.98628634,6298
2b1ka3/9/3R5/p1p5p/6N2/2P1C4/P7r/4B4/4Ac3/2BAK2n1 w,0.990062,3803
2b1ka3/9/3R1N3/p1p5p/9/2P1C4/P7r/4B4/4Ac3/2BAK2n1 b,-0.9908911,373
2b2a3/4k4/3R1N3/p1p5p/9/2P1C4/P7r/4B4/4Ac3/2BAK2n1 w,0.9960302,1902
2b2a3/3Rk4/5N3/p1p5p/9/2P1C4/P7r/4B4/4Ac3/2BAK2n1 b,-0.996445,1192
2b2a3/3R5/4kN3/p1p5p/9/2P1C4/P7r/4B4/4Ac3/2BAK2n1 w,1,2110
rnbakabnr/9/1c5c1/p1p1p1p1p/9/9/P1P1P1P1P/1C5C1/9/RNBAKABNR w,0.80182725,5827
rnbakabnr/9/1c5c1/p1p1p1p1p/9/9/P1P1P1P1P/4C2C1/9/RNBAKABNR b,-0.8018026,110
r1bakabnr/9/1cn4c1/p1p1p1p1p/9/9/P1P1P1P1P/4C2C1/9/RNBAKABNR w,0.8018302,7445
r1bakabnr/9/1cn4c1/p1p1p1p1p/9/9/P1P1P1P1P/2N1C2C1/9/R1BAKABNR b,-0.80183554,562
r1baka1nr/9/1cn1b2c1/p1p1p1p1p/9/9/P1P1P1P1P/2N1C2C1/9/R1BAKABNR w,0.8019352,7372
r1baka1nr/9/1cn1b2c1/p1p1p1p1p/9/9/P1P1P1P1P/2N1C2C1/9/1RBAKABNR b,-0.8017748,1
1rbaka1nr/9/1cn1b2c1/p1p1p1p1p/9/9/P1P1P1P1P/2N1C2C1/9/1RBAKABNR w,0.8017126,6368
1rbaka1nr/9/1cn1b2c1/p1p1p1p1p/9/9/P1P1P1P1P/2N1CC3/9/1RBAKABNR b,-0.8012889,654
1rbaka2r/9/1cn1b1nc1/p1p1p1p1p/9/9/P1P1P1P1P/2N1CC3/9/1RBAKABNR w,0.8015947,7989
1rbaka2r/9/1cn1b1nc1/p1p1p1p1p/9/9/P1P1P1P1P/2N1CCN2/9/1RBAKAB1R b,-0.8013682,3012
1rbaka2r/9/1cn1b1nc1/p1p1p3p/6p2/9/P1P1P1P1P/2N1CCN2/9/1RBAKAB1R w,0.8018628,8098
1rbaka2r/9/1cn1b1nc1/p1p1p3p/6p2/9/P1P1P1P1P/2N1CCN2/9/1RBAKABR1 b,-0.8020184,727
1rbaka1r1/9/1cn1b1nc1/p1p1p3p/6p2/9/P1P1P1P1P/2N1CCN2/9/1RBAKABR1 w,0.80251306,5087
1rbaka1r1/9/1cn1b1nc1/p1p1p3p/6p2/2P6/P3P1P1P/2N1CCN2/9/1RBAKABR1 b,-0.8021624,1765
1rbaka1r1/9/2n1b1nc1/p1p1p3p/6p2/2P6/Pc2P1P1P/2N1CCN2/9/1RBAKABR1 w,0.8047946,5898
1rbaka1r1/9/2n1b1nc1/p1p1p3p/6p2/2PN5/Pc2P1P1P/4CCN2/9/1RBAKABR1 b,-0.8065378,2311
1rbaka1r1/9/2n1b1n2/p1p1p3p/6p2/2PN5/Pc2P1PcP/4CCN2/9/1RBAKABR1 w,0.8078968,6143
1rbaka1r1/9/2n1bCn2/p1p1p3p/6p2/2PN5/Pc2P1PcP/4C1N2/9/1RBAKABR1 b,-0.80890244,1986
1rbakabr1/9/2n2Cn2/p1p1p3p/6p2/2PN5/Pc2P1PcP/4C1N2/9/1RBAKABR1 w,0.8178919,4351
1rbakabr1/9/2n2Cn2/p1p1N3p/6p2/2P6/Pc2P1PcP/4C1N2/9/1RBAKABR1 b,-0.8047812,1831
1rbakabr1/9/5Cn2/p1p1n3p/6p2/2P6/Pc2P1PcP/4C1N2/9/1RBAKABR1 w,0.80505747,6061
1rbakabr1/9/5Cn2/p1p1C3p/6p2/2P6/Pc2P1PcP/6N2/9/1RBAKABR1 b,-0.7908682,109
2bakabr1/9/1r3Cn2/p1p1C3p/6p2/2P6/Pc2P1PcP/6N2/9/1RBAKABR1 w,0.8022862,2839
2bakabr1/9/1r3Cn2/p1p5p/6p2/2P1C4/Pc2P1PcP/6N2/9/1RBAKABR1 b,-0.79837435,1733
2bakabr1/9/5rn2/p1p5p/6p2/2P1C4/Pc2P1PcP/6N2/9/1RBAKABR1 w,0.80966544,7435
2bakabr1/9/5rn2/p1p5p/6p2/2P1C4/PR2P1PcP/6N2/9/2BAKABR1 b,-0.8051732,2201
2bakabr1/9/5r3/p1p5p/5np2/2P1C4/PR2P1PcP/6N2/9/2BAKABR1 w,0.81408805,4987
2bakabr1/9/5r3/p1p5p/1R3np2/2P1C4/P3P1PcP/6N2/9/2BAKABR1 b,-0.80827165,3750
2bakabr1/9/5r3/p1p5p/1R4p2/2P1C4/P3P1ncP/6N2/9/2BAKABR1 w,0.8199218,3372
2bakabr1/9/5r3/p1p5p/6R2/2P1C4/P3P1ncP/6N2/9/2BAKABR1 b,-0.80544937,5449
2bakabr1/9/5r3/p1p5p/6R2/2P1n4/P3P2cP/6N2/9/2BAKABR1 w,0.8055648,5269
2bakabr1/9/5r3/p1p5p/6R2/2P1P4/P6cP/6N2/9/2BAKABR1 b,-0.7995428,5560
2bakabr1/9/5r3/p1p5p/6R2/2P1P4/P7P/6Nc1/9/2BAKABR1 w,0.8092676,7999
2bakabr1/9/5r3/p1p5p/6R2/2P1P4/P7P/6Nc1/7R1/2BAKAB2 b,-0.7986552,2138
2bakabr1/9/9/p1p5p/6R2/2P1P4/P7P/5rNc1/7R1/2BAKAB2 w,0.8013081,3813
2bakabr1/9/9/p1p3R1p/9/2P1P4/P7P/5rNc1/7R1/2BAKAB2 b,-0.80019426,691
2bakab2/9/9/p1p3R1p/9/2P1P4/P6rP/5rNc1/7R1/2BAKAB2 w,0.81477976,2976
2bakaR2/9/9/p1p5p/9/2P1P4/P6rP/5rNc1/7R1/2BAKAB2 b,-0.80391103,5548
2bakaR2/9/9/p1p5p/9/2P1P4/P3r3P/5rNc1/7R1/2BAKAB2 w,0.81334263,7186
2bakaR2/9/9/p1p5p/9/2P1P4/P3r3P/5rNc1/4R4/2BAKAB2 b,-0.8036687,5276
2bakaR2/9/9/p1p5p/9/2P1P4/P1r5P/5rNc1/4R4/2BAKAB2 w,0.8106285,555
2baka3/6R2/9/p1p5p/9/2P1P4/P1r5P/5rNc1/4R4/2BAKAB2 b,-0.79810834,5123
2baka3/6R2/9/p1p5p/9/2P1P4/P7P/5rNc1/4R4/2rAKAB2 w,0.80778056,4450
2baka3/6R2/9/p1p5p/4P4/2P6/P7P/5rNc1/4R4/2rAKAB2 b,-0.7840725,6186
2baka3/6R2/9/p1p5p/4P4/2P6/P7P/3r2Nc1/4R4/2rAKAB2 w,0.931863,3641
2baka3/6R2/9/p1p5p/5P3/2P6/P7P/3r2Nc1/4R4/2rAKAB2 b,-0.92926544,6007
2baka3/6R2/9/p1p5p/5P3/2P6/P7P/4r1Nc1/4R4/2rAKAB2 w,0.93884087,7897
2baka3/6R2/9/p1p5p/5P3/2P6/P7P/4B1Nc1/4R4/2rAKA3 b,-0.93338645,7526
2baka3/6R2/9/p1p5p/5P3/2P6/P1r5P/4B1Nc1/4R4/3AKA3 w,0.94708115,6117
2baka3/6R2/9/p1p5p/5P3/2P6/P1r5P/6Nc1/4R4/3AKAB2 b,-0.9658751,283
2b1ka3/4a1R2/9/p1p5p/5P3/2P6/P1r5P/6Nc1/4R4/3AKAB2 w,0.99101603,6853
2b1ka3/4R1R2/9/p1p5p/5P3/2P6/P1r5P/6Nc1/9/3AKAB2 b,-0.9928996,463
2b1k4/4a1R2/9/p1p5p/5P3/2P6/P1r5P/6Nc1/9/3AKAB2 w,1,1356
rnbakabnr/9/1c5c1/p1p1p1p1p/9/9/P1P1P1P1P/1C5C1/9/RNBAKABNR w,0.8018093,5827
rnbakabnr/9/1c5c1/p1p1p1p1p/9/9/P1P1P1P1P/4C2C1/9/RNBAKABNR b,-0.8017668,110
r1bakabnr/9/1cn4c1/p1p1p1p1p/9/9/P1P1P1P1P/4C2C1/9/RNBAKABNR w,0.80182487,7445
r1bakabnr/9/1cn4c1/p1p1p1p1p/9/9/P1P1P1P1P/2N1C2C1/9/R1BAKABNR b,-0.80183786,562
r1baka1nr/9/1cn1b2c1/p1p1p1p1p/9/9/P1P1P1P1P/2N1C2C1/9/R1BAKABNR w,0.8019352,7372
r1baka1nr/9/1cn1b2c1/p1p1p1p1p/9/9/P1P1P1P1P/2N1C2C1/9/1RBAKABNR b,-0.80176634,1
1rbaka1nr/9/1cn1b2c1/p1p1p1p1p/9/9/P1P1P1P1P/2N1C2C1/9/1RBAKABNR w,0.8016926,6368
1rbaka1nr/9/1cn1b2c1/p1p1p1p1p/9/9/P1P1P1P1P/2N1CC3/9/1RBAKABNR b,-0.8012688,654
1rbaka2r/9/1cn1b1nc1/p1p1p1p1p/9/9/P1P1P1P1P/2N1CC3/9/1RBAKABNR w,0.8016004,7989
1rbaka2r/9/1cn1b1nc1/p1p1p1p1p/9/9/P1P1P1P1P/2N1CCN2/9/1RBAKAB1R b,-0.8013648,3012
1rbaka2r/9/1cn1b1nc1/p1p1p3p/6p2/9/P1P1P1P1P/2N1CCN2/9/1RBAKAB1R w,0.8018723,8098
1rbaka2r/9/1cn1b1nc1/p1p1p3p/6p2/9/P1P1P1P1P/2N1CCN2/9/1RBAKABR1 b,-0.80200636,727
1rbaka1r1/9/1cn1b1nc1/p1p1p3p/6p2/9/P1P1P1P1P/2N1CCN2/9/1RBAKABR1 w,0.80251306,5087
1rbaka1r1/9/1cn1b1nc1/p1p1p3p/6p2/2P6/P3P1P1P/2N1CCN2/9/1RBAKABR1 b,-0.8021834,1765
1rbaka1r1/9/2n1b1nc1/p1p1p3p/6p2/2P6/Pc2P1P1P/2N1CCN2/9/1RBAKABR1 w,0.8047537,5898
1rbaka1r1/9/2n1b1nc1/p1p1p3p/6p2/2PN5/Pc2P1P1P/4CCN2/9/1RBAKABR1 b,-0.80642694,2311
1rbaka1r1/9/2n1b1n2/p1p1p3p/6p2/2PN5/Pc2P1PcP/4CCN2/9/1RBAKABR1 w,0.8078968,6143
1rbaka1r1/9/2n1bCn2/p1p1p3p/6p2/2PN5/Pc2P1PcP/4C1N2/9/1RBAKABR1 b,-0.80904377,1986
1rbakabr1/9/2n2Cn2/p1p1p3p/6p2/2PN5/Pc2P1PcP/4C1N2/9/1RBAKABR1 w,0.81814575,4351
1rbakabr1/9/2n2Cn2/p1p1N3p/6p2/2P6/Pc2P1PcP/4C1N2/9/1RBAKABR1 b,-0.8047867,1831
1rbakabr1/9/5Cn2/p1p1n3p/6p2/2P6/Pc2P1PcP/4C1N2/9/1RBAKABR1 w,0.8045414,6061
1rbakabr1/9/5Cn2/p1p1C3p/6p2/2P6/Pc2P1PcP/6N2/9/1RBAKABR1 b,-0.79052716,109
2bakabr1/9/1r3Cn2/p1p1C3p/6p2/2P6/Pc2P1PcP/6N2/9/1RBAKABR1 w,0.8022862,2839
2bakabr1/9/1r3Cn2/p1p5p/6p2/2P1C4/Pc2P1PcP/6N2/9/1RBAKABR1 b,-0.79876643,1733
2bakabr1/9/5rn2/p1p5p/6p2/2P1C4/Pc2P1PcP/6N2/9/1RBAKABR1 w,0.8096402,7435
2bakabr1/9/5rn2/p1p5p/6p2/2P1C4/PR2P1PcP/6N2/9/2BAKABR1 b,-0.8070279,2201
2bakabr1/9/5r3/p1p5p/5np2/2P1C4/PR2P1PcP/6N2/9/2BAKABR1 w,0.81348425,4987
2bakabr1/9/5r3/p1p5p/1R3np2/2P1C4/P3P1PcP/6N2/9/2BAKABR1 b,-0.8082788,3750
2bakabr1/9/5r3/p1p5p/1R4p2/2P1C4/P3P1ncP/6N2/9/2BAKABR1 w,0.82004386,3372
2bakabr1/9/5r3/p1p5p/6R2/2P1C4/P3P1ncP/6N2/9/2BAKABR1 b,-0.80548483,5449
2bakabr1/9/5r3/p1p5p/6R2/2P1n4/P3P2cP/6N2/9/2BAKABR1 w,0.8058344,5269
2bakabr1/9/5r3/p1p5p/6R2/2P1P4/P6cP/6N2/9/2BAKABR1 b,-0.7993737,5560
2bakabr1/9/5r3/p1p5p/6R2/2P1P4/P7P/6Nc1/9/2BAKABR1 w,0.8094646,7999
2bakabr1/9/5r3/p1p5p/6R2/2P1P4/P7P/6Nc1/7R1/2BAKAB2 b,-0.7990299,2138
2bakabr1/9/9/p1p5p/6R2/2P1P4/P7P/5rNc1/7R1/2BAKAB2 w,0.8021284,3813
2bakabr1/9/9/p1p3R1p/9/2P1P4/P7P/5rNc1/7R1/2BAKAB2 b,-0.80164146,691
2bakab2/9/9/p1p3R1p/9/2P1P4/P6rP/5rNc1/7R1/2BAKAB2 w,0.8144942,2976
2bakaR2/9/9/p1p5p/9/2P1P4/P6rP/5rNc1/7R1/2BAKAB2 b,-0.8036274,5548
2bakaR2/9/9/p1p5p/9/2P1P4/P3r3P/5rNc1/7R1/2BAKAB2 w,0.8138208,7186
2bakaR2/9/9/p1p5p/9/2P1P4/P3r3P/5rNc1/4R4/2BAKAB2 b,-0.8020378,5276
2bakaR2/9/9/p1p5p/9/2P1P4/P1r5P/5rNc1/4R4/2BAKAB2 w,0.80970854,555
2baka3/6R2/9/p1p5p/9/2P1P4/P1r5P/5rNc1/4R4/2BAKAB2 b,-0.7988823,5123
2baka3/6R2/9/p1p5p/9/2P1P4/P7P/5rNc1/4R4/2rAKAB2 w,0.80778056,4450
2baka3/6R2/9/p1p5p/4P4/2P6/P7P/5rNc1/4R4/2rAKAB2 b,-0.787121,6186
2baka3/6R2/9/p1p5p/4P4/2P6/P7P/3r2Nc1/4R4/2rAKAB2 w,0.9305178,3641
2baka3/6R2/9/p1p5p/5P3/2P6/P7P/3r2Nc1/4R4/2rAKAB2 b,-0.9301809,6007
2baka3/6R2/9/p1p5p/5P3/2P6/P7P/4r1Nc1/4R4/2rAKAB2 w,0.938887,7897
2baka3/6R2/9/p1p5p/5P3/2P6/P7P/4B1Nc1/4R4/2rAKA3 b,-0.933529,7526
2baka3/6R2/9/p1p5p/5P3/2P6/P1r5P/4B1Nc1/4R4/3AKA3 w,0.94644463,6117
2baka3/6R2/9/p1p5p/5P3/2P6/P1r5P/6Nc1/4R4/3AKAB2 b,-0.96599036,283
2b1ka3/4a1R2/9/p1p5p/5P3/2P6/P1r5P/6Nc1/4R4/3AKAB2 w,0.9896076,6853
2b1ka3/4R1R2/9/p1p5p/5P3/2P6/P1r5P/6Nc1/9/3AKAB2 b,-0.99270916,463
2b1k4/4a1R2/9/p1p5p/5P3/2P6/P1r5P/6Nc1/9/3AKAB2 w,1,1356
rnbakabnr/9/1c5c1/p1p1p1p1p/9/9/P1P1P1P1P/1C5C1/9/RNBAKABNR w,0.80179256,5827
rnbakabnr/9/1c5c1/p1p1p1p1p/9/9/P1P1P1P1P/4C2C1/9/RNBAKABNR b,-0.8017668,110
r1bakabnr/9/1cn4c1/p1p1p1p1p/9/9/P1P1P1P1P/4C2C1/9/RNBAKABNR w,0.8018236,7445
r1bakabnr/9/1cn4c1/p1p1p1p1p/9/9/P1P1P1P1P/2N1C2C1/9/R1BAKABNR b,-0.80180895,562
r1baka1nr/9/1cn1b2c1/p1p1p1p1p/9/9/P1P1P1P1P/2N1C2C1/9/R1BAKABNR w,0.8019384,7372
r1baka1nr/9/1cn1b2c1/p1p1p1p1p/9/9/P1P1P1P1P/2N1C2C1/9/1RBAKABNR b,-0.80177003,1
1rbaka1nr/9/1cn1b2c1/p1p1p1p1p/9/9/P1P1P1P1P/2N1C2C1/9/1RBAKABNR w,0.8016866,6368
1rbaka1nr/9/1cn1b2c1/p1p1p1p1p/9/9/P1P1P1P1P/2N1CC3/9/1RBAKABNR b,-0.8012789,654
1rbaka2r/9/1cn1b1nc1/p1p1p1p1p/9/9/P1P1P1P1P/2N1CC3/9/1RBAKABNR w,0.8016004,7989
1rbaka2r/9/1cn1b1nc1/p1p1p1p1p/9/9/P1P1P1P1P/2N1CCN2/9/1RBAKAB1R b,-0.8013876,3012
1rbaka2r/9/1cn1b1nc1/p1p1p3p/6p2/9/P1P1P1P1P/2N1CCN2/9/1RBAKAB1R w,0.8018736,8098
1rbaka2r/9/1cn1b1nc1/p1p1p3p/6p2/9/P1P1P1P1P/2N1CCN2/9/1RBAKABR1 b,-0.80201656,727
1rbaka1r1/9/1cn1b1nc1/p1p1p3p/6p2/9/P1P1P1P1P/2N1CCN2/9/1RBAKABR1 w,0.80251306,5087
1rbaka1r1/9/1cn1b1nc1/p1p1p3p/6p2/2P6/P3P1P1P/2N1CCN2/9/1RBAKABR1 b,-0.8021549,1765
1rbaka1r1/9/2n1b1nc1/p1p1p3p/6p2/2P6/Pc2P1P1P/2N1CCN2/9/1RBAKABR1 w,0.8047115,5898
1rbaka1r1/9/2n1b1nc1/p1p1p3p/6p2/2PN5/Pc2P1P1P/4CCN2/9/1RBAKABR1 b,-0.80638945,2311
1rbaka1r1/9/2n1b1n2/p1p1p3p/6p2/2PN5/Pc2P1PcP/4CCN2/9/1RBAKABR1 w,0.8079284,6143
1rbaka1r1/9/2n1bCn2/p1p1p3p/6p2/2PN5/Pc2P1PcP/4C1N2/9/1RBAKABR1 b,-0.8084572,1986
1rbakabr1/9/2n2Cn2/p1p1p3p/6p2/2PN5/Pc2P1PcP/4C1N2/9/1RBAKABR1 w,0.8184994,4351
1rbakabr1/9/2n2Cn2/p1p1N3p/6p2/2P6/Pc2P1PcP/4C1N2/9/1RBAKABR1 b,-0.804766,1831
1rbakabr1/9/5Cn2/p1p1n3p/6p2/2P6/Pc2P1PcP/4C1N2/9/1RBAKABR1 w,0.8049612,6061
1rbakabr1/9/5Cn2/p1p1C3p/6p2/2P6/Pc2P1PcP/6N2/9/1RBAKABR1 b,-0.79084677,109
2bakabr1/9/1r3Cn2/p1p1C3p/6p2/2P6/Pc2P1PcP/6N2/9/1RBAKABR1 w,0.8020568,2839
2bakabr1/9/1r3Cn2/p1p5p/6p2/2P1C4/Pc2P1PcP/6N2/9/1RBAKABR1 b,-0.7987969,1733
2bakabr1/9/5rn2/p1p5p/6p2/2P1C4/Pc2P1PcP/6N2/9/1RBAKABR1 w,0.80986184,7435
2bakabr1/9/5rn2/p1p5p/6p2/2P1C4/PR2P1PcP/6N2/9/2BAKABR1 b,-0.8067922,2201
2bakabr1/9/5r3/p1p5p/5np2/2P1C4/PR2P1PcP/6N2/9/2BAKABR1 w,0.8137731,4987
2bakabr1/9/5r3/p1p5p/1R3np2/2P1C4/P3P1PcP/6N2/9/2BAKABR1 b,-0.80827165,3750
2bakabr1/9/5r3/p1p5p/1R4p2/2P1C4/P3P1ncP/6N2/9/2BAKABR1 w,0.8192688,3372
2bakabr1/9/5r3/p1p5p/6R2/2P1C4/P3P1ncP/6N2/9/2BAKABR1 b,-0.80545205,5449
2bakabr1/9/5r3/p1p5p/6R2/2P1n4/P3P2cP/6N2/9/2BAKABR1 w,0.8059503,5269
2bakabr1/9/5r3/p1p5p/6R2/2P1P4/P6cP/6N2/9/2BAKABR1 b,-0.79993755,5560
2bakabr1/9/5r3/p1p5p/6R2/2P1P4/P7P/6Nc1/9/2BAKABR1 w,0.8092676,7999
2bakabr1/9/5r3/p1p5p/6R2/2P1P4/P7P/6Nc1/7R1/2BAKAB2 b,-0.7984359,2138
2bakabr1/9/9/p1p5p/6R2/2P1P4/P7P/5rNc1/7R1/2BAKAB2 w,0.80024886,3813
2bakabr1/9/9/p1p3R1p/9/2P1P4/P7P/5rNc1/7R1/2BAKAB2 b,-0.8004975,691
2bakab2/9/9/p1p3R1p/9/2P1P4/P6rP/5rNc1/7R1/2BAKAB2 w,0.81455606,2976
2bakaR2/9/9/p1p5p/9/2P1P4/P6rP/5rNc1/7R1/2BAKAB2 b,-0.8035899,5548
2bakaR2/9/9/p1p5p/9/2P1P4/P3r3P/5rNc1/7R1/2BAKAB2 w,0.8152106,7186
2bakaR2/9/9/p1p5p/9/2P1P4/P3r3P/5rNc1/4R4/2BAKAB2 b,-0.803382,5276
2bakaR2/9/9/p1p5p/9/2P1P4/P1r5P/5rNc1/4R4/2BAKAB2 w,0.8092748,555
2baka3/6R2/9/p1p5p/9/2P1P4/P1r5P/5rNc1/4R4/2BAKAB2 b,-0.7992917,5123
2baka3/6R2/9/p1p5p/9/2P1P4/P7P/5rNc1/4R4/2rAKAB2 w,0.80778056,4450
2baka3/6R2/9/p1p5p/4P4/2P6/P7P/5rNc1/4R4/2rAKAB2 b,-0.78492635,6186
2baka3/6R2/9/p1p5p/4P4/2P6/P7P/3r2Nc1/4R4/2rAKAB2 w,0.93166584,3641
2baka3/6R2/9/p1p5p/5P3/2P6/P7P/3r2Nc1/4R4/2rAKAB2 b,-0.9300052,6007
2baka3/6R2/9/p1p5p/5P3/2P6/P7P/4r1Nc1/4R4/2rAKAB2 w,0.93884087,7897
2baka3/6R2/9/p1p5p/5P3/2P6/P7P/4B1Nc1/4R4/2rAKA3 b,-0.9335725,7526
2baka3/6R2/9/p1p5p/5P3/2P6/P1r5P/4B1Nc1/4R4/3AKA3 w,0.9472336,6117
2baka3/6R2/9/p1p5p/5P3/2P6/P1r5P/6Nc1/4R4/3AKAB2 b,-0.9648012,283
2b1ka3/4a1R2/9/p1p5p/5P3/2P6/P1r5P/6Nc1/4R4/3AKAB2 w,0.98806155,6853
2b1ka3/4R1R2/9/p1p5p/5P3/2P6/P1r5P/6Nc1/9/3AKAB2 b,-0.9926357,463
2b1k4/4a1R2/9/p1p5p/5P3/2P6/P1r5P/6Nc1/9/3AKAB2 w,1,1356
rnbakabnr/9/1c5c1/p1p1p1p1p/9/9/P1P1P1P1P/1C5C1/9/RNBAKABNR w,0.8017992,5827
rnbakabnr/9/1c5c1/p1p1p1p1p/9/9/P1P1P1P1P/4C2C1/9/RNBAKABNR b,-0.8017787,110
r1bakabnr/9/1cn4c1/p1p1p1p1p/9/9/P1P1P1P1P/4C2C1/9/RNBAKABNR w,0.8018302,7445
r1bakabnr/9/1cn4c1/p1p1p1p1p/9/9/P1P1P1P1P/2N1C2C1/9/R1BAKABNR b,-0.80180895,562
r1baka1nr/9/1cn1b2c1/p1p1p1p1p/9/9/P1P1P1P1P/2N1C2C1/9/R1BAKABNR w,0.8019588,7372
r1baka1nr/9/1cn1b2c1/p1p1p1p1p/9/9/P1P1P1P1P/2N1C2C1/9/1RBAKABNR b,-0.8017674,1
1rbaka1nr/9/1cn1b2c1/p1p1p1p1p/9/9/P1P1P1P1P/2N1C2C1/9/1RBAKABNR w,0.8017013,6368
1rbaka1nr/9/1cn1b2c1/p1p1p1p1p/9/9/P1P1P1P1P/2N1CC3/9/1RBAKABNR b,-0.8012761,654
1rbaka2r/9/1cn1b1nc1/p1p1p1p1p/9/9/P1P1P1P1P/2N1CC3/9/1RBAKABNR w,0.8016004,7989
1rbaka2r/9/1cn1b1nc1/p1p1p1p1p/9/9/P1P1P1P1P/2N1CCN2/9/1RBAKAB1R b,-0.80162376,3012
1rbaka2r/9/1cn1b1nc1/p1p1p3p/6p2/9/P1P1P1P1P/2N1CCN2/9/1RBAKAB1R w,0.80187565,8098
1rbaka2r/9/1cn1b1nc1/p1p1p3p/6p2/9/P1P1P1P1P/2N1CCN2/9/1RBAKABR1 b,-0.8020107,727
1rbaka1r1/9/1cn1b1nc1/p1p1p3p/6p2/9/P1P1P1P1P/2N1CCN2/9/1RBAKABR1 w,0.8027678,5087
1rbaka1r1/9/1cn1b1nc1/p1p1p3p/6p2/2P6/P3P1P1P/2N1CCN2/9/1RBAKABR1 b,-0.8021624,1765
1rbaka1r1/9/2n1b1nc1/p1p1p3p/6p2/2P6/Pc2P1P1P/2N1CCN2/9/1RBAKABR1 w,0.8050814,5898
1rbaka1r1/9/2n1b1nc1/p1p1p3p/6p2/2PN5/Pc2P1P1P/4CCN2/9/1RBAKABR1 b,-0.8065305,2311
1rbaka1r1/9/2n1b1n2/p1p1p3p/6p2/2PN5/Pc2P1PcP/4CCN2/9/1RBAKABR1 w,0.8079292,6143
1rbaka1r1/9/2n1bCn2/p1p1p3p/6p2/2PN5/Pc2P1PcP/4C1N2/9/1RBAKABR1 b,-0.80890244,1986
1rbakabr1/9/2n2Cn2/p1p1p3p/6p2/2PN5/Pc2P1PcP/4C1N2/9/1RBAKABR1 w,0.81805813,4351
1rbakabr1/9/2n2Cn2/p1p1N3p/6p2/2P6/Pc2P1PcP/4C1N2/9/1RBAKABR1 b,-0.8047512,1831
1rbakabr1/9/5Cn2/p1p1n3p/6p2/2P6/Pc2P1PcP/4C1N2/9/1RBAKABR1 w,0.80478853,6061
1rbakabr1/9/5Cn2/p1p1C3p/6p2/2P6/Pc2P1PcP/6N2/9/1RBAKABR1 b,-0.79052716,109
2bakabr1/9/1r3Cn2/p1p1C3p/6p2/2P6/Pc2P1PcP/6N2/9/1RBAKABR1 w,0.8037016,2839
2bakabr1/9/1r3Cn2/p1p5p/6p2/2P1C4/Pc2P1PcP/6N2/9/1RBAKABR1 b,-0.7987969,1733
2bakabr1/9/5rn2/p1p5p/6p2/2P1C4/Pc2P1PcP/6N2/9/1RBAKABR1 w,0.80971247,7435
2bakabr1/9/5rn2/p1p5p/6p2/2P1C4/PR2P1PcP/6N2/9/2BAKABR1 b,-0.8074193,2129
2bakabr1/9/6n2/p1p5p/6p2/2P1C4/PR2PrPcP/6N2/9/2BAKABR1 w,0.8149259,4987
2bakabr1/9/6n2/p1p5p/1R4p2/2P1C4/P3PrPcP/6N2/9/2BAKABR1 b,-0.8044613,2201
2bakabr1/9/9/p1p5p/1R3np2/2P1C4/P3PrPcP/6N2/9/2BAKABR1 w,0.8221642,7897
2bakabr1/9/9/p1p5p/1R3np2/2P1C4/P3PrPcP/4B1N2/9/2BAKA1R1 b,-0.8098767,3748
2bakabr1/9/9/p1p5p/1R4p2/2P1C4/P3nrPcP/4B1N2/9/2BAKA1R1 w,0.82605386,7816
2bakabr1/9/9/p1p5p/1R4p2/2P1C4/P3nrPcP/4B1N2/4A4/2BAK2R1 b,-0.81134313,5370
2bakabr1/9/9/p1p5p/1R4p2/2P1C4/P3n1rcP/4B1N2/4A4/2BAK2R1 w,0.81563985,6290
2bakabr1/9/9/p1p5p/1R4p2/2P1C4/P3n1rcP/4B4/4A3N/2BAK2R1 b,-0.79678446,5569
2bakabr1/9/9/p1p5p/1R4p2/2P1C4/P3n1r1P/4B4/4A2cN/2BAK2R1 w,0.79756874,3370
2bakabr1/9/9/p1p5p/4R1p2/2P1C4/P3n1r1P/4B4/4A2cN/2BAK2R1 b,-0.8194385,562
2baka1r1/9/4b4/p1p5p/4R1p2/2P1C4/P3n1r1P/4B4/4A2cN/2BAK2R1 w,0.8972989,3622
2baka1r1/9/4R4/p1p5p/6p2/2P1C4/P3n1r1P/4B4/4A2cN/2BAK2R1 b,-0.8951637,283
2b1ka1r1/4a4/4R4/p1p5p/6p2/2P1C4/P3n1r1P/4B4/4A2cN/2BAK2R1 w,0.91622573,2005
2b1ka1r1/4a4/7R1/p1p5p/6p2/2P1C4/P3n1r1P/4B4/4A2cN/2BAK2R1 b,-0.91448104,363
2bk1a1r1/4a4/7R1/p1p5p/6p2/2P1C4/P3n1r1P/4B4/4A2cN/2BAK2R1 w,0.9369441,2257
2bk1a1R1/4a4/9/p1p5p/6p2/2P1C4/P3n1r1P/4B4/4A2cN/2BAK2R1 b,-0.92632204,7187
2bk1a1R1/4a4/9/p1p5p/6p2/2P1C4/P3n1r1P/4B4/4Ac2N/2BAK2R1 w,0.94069934,664
2bk1a3/4a4/9/p1p4Rp/6p2/2P1C4/P3n1r1P/4B4/4Ac2N/2BAK2R1 b,-0.935452,5462
2bk1a3/4a4/9/p1p4Rp/6p2/2P1C4/P3n3r/4B4/4Ac2N/2BAK2R1 w,0.94942063,7261
2bk1a3/4a4/9/p1p4Rp/6p2/2P1C4/P3n2Nr/4B4/4Ac3/2BAK2R1 b,-0.9286927,5289
2bk1a3/4a4/9/p1p4Rp/6p2/2P1C4/P6Nr/4B1n2/4Ac3/2BAK2R1 w,0.9620984,3090
2bk1a3/4a4/9/p1pR4p/6p2/2P1C4/P6Nr/4B1n2/4Ac3/2BAK2R1 b,-0.96884614,1191
2bk1a3/9/3a5/p1pR4p/6p2/2P1C4/P6Nr/4B1n2/4Ac3/2BAK2R1 w,0.96644026,2721
2bk1a3/9/3R5/p1p5p/6p2/2P1C4/P6Nr/4B1n2/4Ac3/2BAK2R1 b,-0.9625478,274
2b1ka3/9/3R5/p1p5p/6p2/2P1C4/P6Nr/4B1n2/4Ac3/2BAK2R1 w,0.9700591,5532
2b1ka3/9/3R5/p1p5p/6N2/2P1C4/P7r/4B1n2/4Ac3/2BAK2R1 b,-0.95610756,6260
2b1ka3/9/3R5/p1p5p/6N2/2P1Cn3/P7r/4B4/4Ac3/2BAK2R1 w,0.96651787,7972
2b1ka3/9/3R5/p1p5p/6N2/2P1Cn1R1/P7r/4B4/4Ac3/2BAK4 b,-0.9610312,4569
2b1ka3/9/3R5/p1p5p/6N2/2P1C2R1/P7r/4B1n2/4Ac3/2BAK4 w,0.9973737,3803
2b1ka3/9/3R1N3/p1p5p/9/2P1C2R1/P7r/4B1n2/4Ac3/2BAK4 b,-0.9981867,373
2b2a3/4k4/3R1N3/p1p5p/9/2P1C2R1/P7r/4B1n2/4Ac3/2BAK4 w,1,4696
rnbakabnr/9/1c5c1/p1p1p1p1p/9/9/P1P1P1P1P/1C5C1/9/RNBAKABNR w,0.80182725,5827
rnbakabnr/9/1c5c1/p1p1p1p1p/9/9/P1P1P1P1P/4C2C1/9/RNBAKABNR b,-0.80178356,110
r1bakabnr/9/1cn4c1/p1p1p1p1p/9/9/P1P1P1P1P/4C2C1/9/RNBAKABNR w,0.80181926,7445
r1bakabnr/9/1cn4c1/p1p1p1p1p/9/9/P1P1P1P1P/2N1C2C1/9/R1BAKABNR b,-0.8018406,562
r1baka1nr/9/1cn1b2c1/p1p1p1p1p/9/9/P1P1P1P1P/2N1C2C1/9/R1BAKABNR w,0.8019497,7372
r1baka1nr/9/1cn1b2c1/p1p1p1p1p/9/9/P1P1P1P1P/2N1C2C1/9/1RBAKABNR b,-0.8017725,1
1rbaka1nr/9/1cn1b2c1/p1p1p1p1p/9/9/P1P1P1P1P/2N1C2C1/9/1RBAKABNR w,0.8017126,6368
1rbaka1nr/9/1cn1b2c1/p1p1p1p1p/9/9/P1P1P1P1P/2N1CC3/9/1RBAKABNR b,-0.8012789,654
1rbaka2r/9/1cn1b1nc1/p1p1p1p1p/9/9/P1P1P1P1P/2N1CC3/9/1RBAKABNR w,0.8015947,7989
1rbaka2r/9/1cn1b1nc1/p1p1p1p1p/9/9/P1P1P1P1P/2N1CCN2/9/1RBAKAB1R b,-0.8013648,3012
1rbaka2r/9/1cn1b1nc1/p1p1p3p/6p2/9/P1P1P1P1P/2N1CCN2/9/1RBAKAB1R w,0.8018723,8098
1rbaka2r/9/1cn1b1nc1/p1p1p3p/6p2/9/P1P1P1P1P/2N1CCN2/9/1RBAKABR1 b,-0.80201656,727
1rbaka1r1/9/1cn1b1nc1/p1p1p3p/6p2/9/P1P1P1P1P/2N1CCN2/9/1RBAKABR1 w,0.80276376,5087
1rbaka1r1/9/1cn1b1nc1/p1p1p3p/6p2/2P6/P3P1P1P/2N1CCN2/9/1RBAKABR1 b,-0.8021536,1765
1rbaka1r1/9/2n1b1nc1/p1p1p3p/6p2/2P6/Pc2P1P1P/2N1CCN2/9/1RBAKABR1 w,0.8047537,5898
1rbaka1r1/9/2n1b1nc1/p1p1p3p/6p2/2PN5/Pc2P1P1P/4CCN2/9/1RBAKABR1 b,-0.80646557,2311
1rbaka1r1/9/2n1b1n2/p1p1p3p/6p2/2PN5/Pc2P1PcP/4CCN2/9/1RBAKABR1 w,0.8079292,6143
1rbaka1r1/9/2n1bCn2/p1p1p3p/6p2/2PN5/Pc2P1PcP/4C1N2/9/1RBAKABR1 b,-0.8082944,1986
1rbakabr1/9/2n2Cn2/p1p1p3p/6p2/2PN5/Pc2P1PcP/4C1N2/9/1RBAKABR1 w,0.81814575,4351
1rbakabr1/9/2n2Cn2/p1p1N3p/6p2/2P6/Pc2P1PcP/4C1N2/9/1RBAKABR1 b,-0.804766,1831
1rbakabr1/9/5Cn2/p1p1n3p/6p2/2P6/Pc2P1PcP/4C1N2/9/1RBAKABR1 w,0.805125,6061
1rbakabr1/9/5Cn2/p1p1C3p/6p2/2P6/Pc2P1PcP/6N2/9/1RBAKABR1 b,-0.7908682,109
2bakabr1/9/1r3Cn2/p1p1C3p/6p2/2P6/Pc2P1PcP/6N2/9/1RBAKABR1 w,0.8018721,2839
2bakabr1/9/1r3Cn2/p1p5p/6p2/2P1C4/Pc2P1PcP/6N2/9/1RBAKABR1 b,-0.7984225,1733
2bakabr1/9/5rn2/p1p5p/6p2/2P1C4/Pc2P1PcP/6N2/9/1RBAKABR1 w,0.80971247,7435
2bakabr1/9/5rn2/p1p5p/6p2/2P1C4/PR2P1PcP/6N2/9/2BAKABR1 b,-0.8074193,2129
2bakabr1/9/6n2/p1p5p/6p2/2P1C4/PR2PrPcP/6N2/9/2BAKABR1 w,0.8149259,4987
2bakabr1/9/6n2/p1p5p/1R4p2/2P1C4/P3PrPcP/6N2/9/2BAKABR1 b,-0.80425495,2201
2bakabr1/9/9/p1p5p/1R3np2/2P1C4/P3PrPcP/6N2/9/2BAKABR1 w,0.8223198,7816
2bakabr1/9/9/p1p5p/1R3np2/2P1C4/P3PrPcP/6N2/4A4/2BAK1BR1 b,-0.80963683,3748
2bakabr1/9/9/p1p5p/1R4p2/2P1C4/P3nrPcP/6N2/4A4/2BAK1BR1 w,0.82369167,7897
2bakabr1/9/9/p1p5p/1R4p2/2P1C4/P3nrPcP/4B1N2/4A4/2BAK2R1 b,-0.8099812,5370
2bakabr1/9/9/p1p5p/1R4p2/2P1C4/P3n1rcP/4B1N2/4A4/2BAK2R1 w,0.81423575,6290
2bakabr1/9/9/p1p5p/1R4p2/2P1C4/P3n1rcP/4B4/4A3N/2BAK2R1 b,-0.79608697,5569
2bakabr1/9/9/p1p5p/1R4p2/2P1C4/P3n1r1P/4B4/4A2cN/2BAK2R1 w,0.7969273,3370
2bakabr1/9/9/p1p5p/4R1p2/2P1C4/P3n1r1P/4B4/4A2cN/2BAK2R1 b,-0.8134254,562
2baka1r1/9/4b4/p1p5p/4R1p2/2P1C4/P3n1r1P/4B4/4A2cN/2BAK2R1 w,0.8969008,3622
2baka1r1/9/4R4/p1p5p/6p2/2P1C4/P3n1r1P/4B4/4A2cN/2BAK2R1 b,-0.8954133,283
2b1ka1r1/4a4/4R4/p1p5p/6p2/2P1C4/P3n1r1P/4B4/4A2cN/2BAK2R1 w,0.91716605,2005
2b1ka1r1/4a4/7R1/p1p5p/6p2/2P1C4/P3n1r1P/4B4/4A2cN/2BAK2R1 b,-0.91659355,363
2bk1a1r1/4a4/7R1/p1p5p/6p2/2P1C4/P3n1r1P/4B4/4A2cN/2BAK2R1 w,0.9369441,2257
2bk1a1R1/4a4/9/p1p5p/6p2/2P1C4/P3n1r1P/4B4/4A2cN/2BAK2R1 b,-0.92541003,7187
2bk1a1R1/4a4/9/p1p5p/6p2/2P1C4/P3n1r1P/4B4/4Ac2N/2BAK2R1 w,0.94153005,664
2bk1a3/4a4/9/p1p4Rp/6p2/2P1C4/P3n1r1P/4B4/4Ac2N/2BAK2R1 b,-0.9347975,5462
2bk1a3/4a4/9/p1p4Rp/6p2/2P1C4/P3n3r/4B4/4Ac2N/2BAK2R1 w,0.9527599,7261
2bk1a3/4a4/9/p1p4Rp/6p2/2P1C4/P3n2Nr/4B4/4Ac3/2BAK2R1 b,-0.92994976,5289
2bk1a3/4a4/9/p1p4Rp/6p2/2P1C4/P6Nr/4B1n2/4Ac3/2BAK2R1 w,0.96273524,3090
2bk1a3/4a4/9/p1pR4p/6p2/2P1C4/P6Nr/4B1n2/4Ac3/2BAK2R1 b,-0.96884614,1191
2bk1a3/9/3a5/p1pR4p/6p2/2P1C4/P6Nr/4B1n2/4Ac3/2BAK2R1 w,0.965797,2721
2bk1a3/9/3R5/p1p5p/6p2/2P1C4/P6Nr/4B1n2/4Ac3/2BAK2R1 b,-0.9625478,274
2b1ka3/9/3R5/p1p5p/6p2/2P1C4/P6Nr/4B1n2/4Ac3/2BAK2R1 w,0.9698825,5532
2b1ka3/9/3R5/p1p5p/6N2/2P1C4/P7r/4B1n2/4Ac3/2BAK2R1 b,-0.9566029,6260
2b1ka3/9/3R5/p1p5p/6N2/2P1Cn3/P7r/4B4/4Ac3/2BAK2R1 w,0.96512187,1910
2b1ka3/9/2R6/p1p5p/6N2/2P1Cn3/P7r/4B4/4Ac3/2BAK2R1 b,-0.93410456,5669
2b1ka3/9/2R6/p1p5p/6N2/2P1Cn3/P8/4B4/4Ac3/2BAK2Rr w,0.9810353,8009
2b1ka3/9/2R6/p1p5p/6N2/2P1Cn3/P8/4B4/4Ac3/2BAK3R b,-0.9816427,4569
2b1ka3/9/2R6/p1p5p/6N2/2P1C4/P8/4B1n2/4Ac3/2BAK3R w,0.9854531,1802
2R1ka3/9/9/p1p5p/6N2/2P1C4/P8/4B1n2/4Ac3/2BAK3R b,-0.99162006,373
2R2a3/4k4/9/p1p5p/6N2/2P1C4/P8/4B1n2/4Ac3/2BAK3R w,0.9886656,191
5a3/2R1k4/9/p1p5p/6N2/2P1C4/P8/4B1n2/4Ac3/2BAK3R b,-0.9891623,1174
4ka3/2R6/9/p1p5p/6N2/2P1C4/P8/4B1n2/4Ac3/2BAK3R w,0.998179,3803
4ka3/2R6/5N3/p1p5p/9/2P1C4/P8/4B1n2/4Ac3/2BAK3R b,-0.9974707,363
3k1a3/2R6/5N3/p1p5p/9/2P1C4/P8/4B1n2/4Ac3/2BAK3R w,1,992
rnbakabnr/9/1c5c1/p1p1p1p1p/9/9/P1P1P1P1P/1C5C1/9/RNBAKABNR w,0.00182724,5827
rnbakabnr/9/1c5c1/p1p1p1p1p/9/9/P1P1P1P1P/4C2C1/9/RNBAKABNR b,-0.0017956257,110
r1bakabnr/9/1cn4c1/p1p1p1p1p/9/9/P1P1P1P1P/4C2C1/9/RNBAKABNR w,0.0018301487,7445
r1bakabnr/9/1cn4c1/p1p1p1p1p/9/9/P1P1P1P1P/2N1C2C1/9/R1BAKABNR b,-0.0018119812,562
r1baka1nr/9/1cn1b2c1/p1p1p1p1p/9/9/P1P1P1P1P/2N1C2C1/9/R1BAKABNR w,0.0019600869,7372
r1baka1nr/9/1cn1b2c1/p1p1p1p1p/9/9/P1P1P1P1P/2N1C2C1/9/1RBAKABNR b,-0.001774776,1
1rbaka1nr/9/1cn1b2c1/p1p1p1p1p/9/9/P1P1P1P1P/2N1C2C1/9/1RBAKABNR w,0.0016866922,6368
1rbaka1nr/9/1cn1b2c1/p1p1p1p1p/9/9/P1P1P1P1P/2N1CC3/9/1RBAKABNR b,-0.0012925625,654
1rbaka2r/9/1cn1b1nc1/p1p1p1p1p/9/9/P1P1P1P1P/2N1CC3/9/1RBAKABNR w,0.0015865564,7989
1rbaka2r/9/1cn1b1nc1/p1p1p1p1p/9/9/P1P1P1P1P/2N1CCN2/9/1RBAKAB1R b,-0.001368165,3012
1rbaka2r/9/1cn1b1nc1/p1p1p3p/6p2/9/P1P1P1P1P/2N1CCN2/9/1RBAKAB1R w,0.0018797637,8098
1rbaka2r/9/1cn1b1nc1/p1p1p3p/6p2/9/P1P1P1P1P/2N1CCN2/9/1RBAKABR1 b,-0.0020183683,727
1rbaka1r1/9/1cn1b1nc1/p1p1p3p/6p2/9/P1P1P1P1P/2N1CCN2/9/1RBAKABR1 w,0.0025545598,5087
1rbaka1r1/9/1cn1b1nc1/p1p1p3p/6p2/2P6/P3P1P1P/2N1CCN2/9/1RBAKABR1 b,-0.0021623732,1765
1rbaka1r1/9/2n1b1nc1/p1p1p3p/6p2/2P6/Pc2P1P1P/2N1CCN2/9/1RBAKABR1 w,0.0047838925,5898
1rbaka1r1/9/2n1b1nc1/p1p1p3p/6p2/2PN5/Pc2P1P1P/4CCN2/9/1RBAKABR1 b,-0.0065015317,2311
1rbaka1r1/9/2n1b1n2/p1p1p3p/6p2/2PN5/Pc2P1PcP/4CCN2/9/1RBAKABR1 w,0.007886124,6143
1rbaka1r1/9/2n1bCn2/p1p1p3p/6p2/2PN5/Pc2P1PcP/4C1N2/9/1RBAKABR1 b,-0.008902455,1986
1rbakabr1/9/2n2Cn2/p1p1p3p/6p2/2PN5/Pc2P1PcP/4C1N2/9/1RBAKABR1 w,0.018145729,4351
1rbakabr1/9/2n2Cn2/p1p1N3p/6p2/2P6/Pc2P1PcP/4C1N2/9/1RBAKABR1 b,-0.004766011,1831
1rbakabr1/9/5Cn2/p1p1n3p/6p2/2P6/Pc2P1PcP/4C1N2/9/1RBAKABR1 w,0.0050359727,6061
1rbakabr1/9/5Cn2/p1p1C3p/6p2/2P6/Pc2P1PcP/6N2/9/1RBAKABR1 b,0.008889603,109
2bakabr1/9/1r3Cn2/p1p1C3p/6p2/2P6/Pc2P1PcP/6N2/9/1RBAKABR1 w,0.0019667863,2839
2bakabr1/9/1r3Cn2/p1p5p/6p2/2P1C4/Pc2P1PcP/6N2/9/1RBAKABR1 b,0.0011875868,1733
2bakabr1/9/5rn2/p1p5p/6p2/2P1C4/Pc2P1PcP/6N2/9/1RBAKABR1 w,0.009648657,7435
2bakabr1/9/5rn2/p1p5p/6p2/2P1C4/PR2P1PcP/6N2/9/2BAKABR1 b,-0.007027888,2201
2bakabr1/9/5r3/p1p5p/5np2/2P1C4/PR2P1PcP/6N2/9/2BAKABR1 w,0.013720393,4987
2bakabr1/9/5r3/p1p5p/1R3np2/2P1C4/P3P1PcP/6N2/9/2BAKABR1 b,-0.008561886,3750
2bakabr1/9/5r3/p1p5p/1R4p2/2P1C4/P3P1ncP/6N2/9/2BAKABR1 w,0.019294335,3372
2bakabr1/9/5r3/p1p5p/6R2/2P1C4/P3P1ncP/6N2/9/2BAKABR1 b,-0.0054848315,5449
2bakabr1/9/5r3/p1p5p/6R2/2P1n4/P3P2cP/6N2/9/2BAKABR1 w,0.005963612,5269
2bakabr1/9/5r3/p1p5p/6R2/2P1P4/P6cP/6N2/9/2BAKABR1 b,0.00078763964,2129
2bakabr1/9/9/p1p5p/6R2/2P1P4/P4r1cP/6N2/9/2BAKABR1 w,0.002367258,3813
2bakabr1/9/9/p1p3R1p/9/2P1P4/P4r1cP/6N2/9/2BAKABR1 b,-0.0016213537,562
2baka1r1/9/4b4/p1p3R1p/9/2P1P4/P4r1cP/6N2/9/2BAKABR1 w,0.002936077,2999
2baka1r1/9/4b4/p1R5p/9/2P1P4/P4r1cP/6N2/9/2BAKABR1 b,0.0047112466,5370
2baka1r1/9/4b4/p1R5p/9/2P1P4/P5rcP/6N2/9/2BAKABR1 w,-0.0041489364,6290
2baka1r1/9/4b4/p1R5p/9/2P1P4/P5rcP/9/8N/2BAKABR1 b,0.015059066,5569
2baka1r1/9/4b4/p1R5p/9/2P1P4/P5r1P/9/7cN/2BAKABR1 w,-0.004382646,2645
2baka1r1/9/4b4/p7R/9/2P1P4/P5r1P/9/7cN/2BAKABR1 b,0.010913992,5454
2baka1r1/9/4b4/p7R/9/2P1P4/r7P/9/7cN/2BAKABR1 w,-0.00091962813,7897
2baka1r1/9/4b4/p7R/9/2P1P4/r7P/4B4/7cN/2BAKA1R1 b,0.0074778083,4918
2baka1r1/9/4b4/p7R/9/2P1P4/4r3P/4B4/7cN/2BAKA1R1 w,0.006678939,3203
2baka1r1/9/4b4/p8/9/2P1P3R/4r3P/4B4/7cN/2BAKA1R1 b,0.0027313947,5280
2baka1r1/9/4b4/p8/9/2P1P3R/6r1P/4B4/7cN/2BAKA1R1 w,0.0037656308,7816
2baka1r1/9/4b4/p8/9/2P1P3R/6r1P/4B4/4A2cN/2BAK2R1 b,0.0058393003,283
2b1ka1r1/4a4/4b4/p8/9/2P1P3R/6r1P/4B4/4A2cN/2BAK2R1 w,0.0026483058,4805
2b1ka1r1/4a4/4b4/p7R/9/2P1P4/6r1P/4B4/4A2cN/2BAK2R1 b,0.006368375,5459
2b1ka1r1/4a4/4b4/p7R/9/2P1P4/5r2P/4B4/4A2cN/2BAK2R1 w,0.0049712183,3203
2b1ka1r1/4a4/4b4/p8/9/2P1P3R/5r2P/4B4/4A2cN/2BAK2R1 b,0,5370
rnbakabnr/9/1c5c1/p1p1p1p1p/9/9/P1P1P1P1P/1C5C1/9/RNBAKABNR w,0.00182724,5827
rnbakabnr/9/1c5c1/p1p1p1p1p/9/9/P1P1P1P1P/4C2C1/9/RNBAKABNR b,-0.0018122196,110
r1bakabnr/9/1cn4c1/p1p1p1p1p/9/9/P1P1P1P1P/4C2C1/9/RNBAKABNR w,0.0018314839,7445
r1bakabnr/9/1cn4c1/p1p1p1p1p/9/9/P1P1P1P1P/2N1C2C1/9/R1BAKABNR b,-0.0018405796,562
r1baka1nr/9/1cn1b2c1/p1p1p1p1p/9/9/P1P1P1P1P/2N1C2C1/9/R1BAKABNR w,0.0019496679,7372
r1baka1nr/9/1cn1b2c1/p1p1p1p1p/9/9/P1P1P1P1P/2N1C2C1/9/1RBAKABNR b,-0.0017779947,1
1rbaka1nr/9/1cn1b2c1/p1p1p1p1p/9/9/P1P1P1P1P/2N1C2C1/9/1RBAKABNR w,0.0017163992,6368
1rbaka1nr/9/1cn1b2c1/p1p1p1p1p/9/9/P1P1P1P1P/2N1CC3/9/1RBAKABNR b,-0.0012667179,654
1rbaka2r/9/1cn1b1nc1/p1p1p1p1p/9/9/P1P1P1P1P/2N1CC3/9/1RBAKABNR w,0.0016003847,7989
1rbaka2r/9/1cn1b1nc1/p1p1p1p1p/9/9/P1P1P1P1P/2N1CCN2/9/1RBAKAB1R b,-0.001384294,3012
1rbaka2r/9/1cn1b1nc1/p1p1p3p/6p2/9/P1P1P1P1P/2N1CCN2/9/1RBAKAB1R w,0.0018797637,8098
1rbaka2r/9/1cn1b1nc1/p1p1p3p/6p2/9/P1P1P1P1P/2N1CCN2/9/1RBAKABR1 b,-0.002004993,727
1rbaka1r1/9/1cn1b1nc1/p1p1p3p/6p2/9/P1P1P1P1P/2N1CCN2/9/1RBAKABR1 w,0.0025545598,5087
1rbaka1r1/9/1cn1b1nc1/p1p1p3p/6p2/2P6/P3P1P1P/2N1CCN2/9/1RBAKABR1 b,-0.0021549107,1765
1rbaka1r1/9/2n1b1nc1/p1p1p3p/6p2/2P6/Pc2P1P1P/2N1CCN2/9/1RBAKABR1 w,0.005146313,5898
1rbaka1r1/9/2n1b1nc1/p1p1p3p/6p2/2PN5/Pc2P1P1P/4CCN2/9/1RBAKABR1 b,-0.006197739,2311
1rbaka1r1/9/2n1b1n2/p1p1p3p/6p2/2PN5/Pc2P1PcP/4CCN2/9/1RBAKABR1 w,0.007887125,6143
1rbaka1r1/9/2n1bCn2/p1p1p3p/6p2/2PN5/Pc2P1PcP/4C1N2/9/1RBAKABR1 b,-0.008814133,1986
1rbakabr1/9/2n2Cn2/p1p1p3p/6p2/2PN5/Pc2P1PcP/4C1N2/9/1RBAKABR1 w,0.018145729,4351
1rbakabr1/9/2n2Cn2/p1p1N3p/6p2/2P6/Pc2P1PcP/4C1N2/9/1RBAKABR1 b,-0.0047743083,1831
1rbakabr1/9/5Cn2/p1p1n3p/6p2/2P6/Pc2P1PcP/4C1N2/9/1RBAKABR1 w,0.0049797297,6061
1rbakabr1/9/5Cn2/p1p1C3p/6p2/2P6/Pc2P1PcP/6N2/9/1RBAKABR1 b,0.00969522,109
2bakabr1/9/1r3Cn2/p1p1C3p/6p2/2P6/Pc2P1PcP/6N2/9/1RBAKABR1 w,0.0022472858,2839
2bakabr1/9/1r3Cn2/p1p5p/6p2/2P1C4/Pc2P1PcP/6N2/9/1RBAKABR1 b,0.0015779019,1733
2bakabr1/9/5rn2/p1p5p/6p2/2P1C4/Pc2P1PcP/6N2/9/1RBAKABR1 w,0.009611654,7435
2bakabr1/9/5rn2/p1p5p/6p2/2P1C4/PR2P1PcP/6N2/9/2BAKABR1 b,-0.007027888,2201
2bakabr1/9/5r3/p1p5p/5np2/2P1C4/PR2P1PcP/6N2/9/2BAKABR1 w,0.013484216,4987
2bakabr1/9/5r3/p1p5p/1R3np2/2P1C4/P3P1PcP/6N2/9/2BAKABR1 b,-0.008365214,3750
2bakabr1/9/5r3/p1p5p/1R4p2/2P1C4/P3P1ncP/6N2/9/2BAKABR1 w,0.01869898,3372
2bakabr1/9/5r3/p1p5p/6R2/2P1C4/P3P1ncP/6N2/9/2BAKABR1 b,-0.0054710507,5449
2bakabr1/9/5r3/p1p5p/6R2/2P1n4/P3P2cP/6N2/9/2BAKABR1 w,0.0057560443,5269
2bakabr1/9/5r3/p1p5p/6R2/2P1P4/P6cP/6N2/9/2BAKABR1 b,0.00030963423,5560
2bakabr1/9/5r3/p1p5p/6R2/2P1P4/P7P/6Nc1/9/2BAKABR1 w,0.009037495,7999
2bakabr1/9/5r3/p1p5p/6R2/2P1P4/P7P/6Nc1/7R1/2BAKAB2 b,0.0017585278,2138
2bakabr1/9/9/p1p5p/6R2/2P1P4/P7P/5rNc1/7R1/2BAKAB2 w,0.0013080597,3813
2bakabr1/9/9/p1p3R1p/9/2P1P4/P7P/5rNc1/7R1/2BAKAB2 b,-0.0016602159,691
2bakab2/9/9/p1p3R1p/9/2P1P4/P6rP/5rNc1/7R1/2BAKAB2 w,0.01455605,2976
2bakaR2/9/9/p1p5p/9/2P1P4/P6rP/5rNc1/7R1/2BAKAB2 b,-0.0035898925,5548
2bakaR2/9/9/p1p5p/9/2P1P4/P3r3P/5rNc1/7R1/2BAKAB2 w,0.031776667,7816
2bakaR2/9/9/p1p5p/9/2P1P4/P3r3P/5rNc1/4A2R1/2BAK1B2 b,-0.020085586,6371
2bakaR2/9/9/p1p5p/9/2P1P4/P3r3P/5rN1c/4A2R1/2BAK1B2 w,0.03472605,6262
2bakaR2/9/9/p1p5p/9/2P1P2N1/P3r3P/5r2c/4A2R1/2BAK1B2 b,-0.016934812,283
2b1kaR2/4a4/9/p1p5p/9/2P1P2N1/P3r3P/5r2c/4A2R1/2BAK1B2 w,0.033647656,4713
2b1kaR2/4a4/9/p1p3N1p/9/2P1P4/P3r3P/5r2c/4A2R1/2BAK1B2 b,-0.02538979,6479
2b1kaR2/4a4/9/p1p3N1p/9/2P1P4/P3r3P/5r3/4A2R1/2BAK1B1c w,0.036024,7897
2b1kaR2/4a4/9/p1p3N1p/9/2P1P4/P3r3P/4Br3/4A2R1/2BAK3c b,-0.025457775,6189
2b1kaR2/4a4/9/p1p3N1p/9/2P1P4/P3r3P/4B1r2/4A2R1/2BAK3c w,0.027425384,7117
2b1kaRR1/4a4/9/p1p3N1p/9/2P1P4/P3r3P/4B1r2/4A4/2BAK3c b,-0.017960882,6297
2b1kaRR1/4a4/9/p1p3N1p/9/2P1P4/P3r3P/4B4/4A4/2BAK1r1c w,-0.03515035,6926
2b1kaRR1/4a4/9/p1p3N1p/9/2P1P4/P3r3P/4B4/9/2BAKAr1c b,0.05598059,7863
2b1kaRR1/4a4/9/p1p3r1p/9/2P1P4/P3r3P/4B4/9/2BAKA2c w,-0.03387444,7816
2b1kaRR1/4a4/9/p1p3r1p/9/2P1P4/P3r3P/4B4/4A4/2BAK3c b,0.043324757,2976
2b1karR1/4a4/9/p1p5p/9/2P1P4/P3r3P/4B4/4A4/2BAK3c w,-0.031642117,636
2b1kaR2/4a4/9/p1p5p/9/2P1P4/P3r3P/4B4/4A4/2BAK3c b,0.036915924,5281
2b1kaR2/4a4/9/p1p5p/9/2P1P4/P6rP/4B4/4A4/2BAK3c w,-0.025120055,573
2b1ka3/4a4/9/p1p3R1p/9/2P1P4/P6rP/4B4/4A4/2BAK3c b,0.031037284,5578
2b1ka3/4a4/9/p1p3R1p/9/2P1P4/P7P/4B4/4A4/2BAK2rc w,-0.021196378,6926
2b1ka3/4a4/9/p1p3R1p/9/2P1P4/P7P/4B4/9/2BAKA1rc b,0.03369801,7954
2b1ka3/4a4/9/p1p3Rrp/9/2P1P4/P7P/4B4/9/2BAKA2c w,-0.020508027,3057
2b1ka3/4a4/9/p1p4rp/9/2P1P4/P7P/4B4/9/2BAKAR1c b,0.022078086,8090
2b1ka3/4a4/9/p1p4rp/9/2P1P4/P7P/4B4/8c/2BAKAR2 w,-0.011767578,7890
2b1ka3/4a4/9/p1p4rp/9/2P1P4/P5R1P/4B4/8c/2BAKA3 b,0.00996728,7289
2b1ka3/4a4/9/p1p4rp/9/2P1P4/P5R1P/4B4/9/2BAKA2c w,0,5487
rnbakabnr/9/1c5c1/p1p1p1p1p/9/9/P1P1P1P1P/1C5C1/9/RNBAKABNR w,0.80181664,5827
rnbakabnr/9/1c5c1/p1p1p1p1p/9/9/P1P1P1P1P/4C2C1/9/RNBAKABNR b,-0.80177987,110
r1bakabnr/9/1cn4c1/p1p1p1p1p/9/9/P1P1P1P1P/4C2C1/9/RNBAKABNR w,0.8018302,7445
r1bakabnr/9/1cn4c1/p1p1p1p1p/9/9/P1P1P1P1P/2N1C2C1/9/R1BAKABNR b,-0.80180717,562
r1baka1nr/9/1cn1b2c1/p1p1p1p1p/9/9/P1P1P1P1P/2N1C2C1/9/R1BAKABNR w,0.8019497,7372
r1baka1nr/9/1cn1b2c1/p1p1p1p1p/9/9/P1P1P1P1P/2N1C2C1/9/1RBAKABNR b,-0.801778,1
1rbaka1nr/9/1cn1b2c1/p1p1p1p1p/9/9/P1P1P1P1P/2N1C2C1/9/1RBAKABNR w,0.8017164,6368
1rbaka1nr/9/1cn1b2c1/p1p1p1p1p/9/9/P1P1P1P1P/2N1CC3/9/1RBAKABNR b,-0.8012688,654
1rbaka2r/9/1cn1b1nc1/p1p1p1p1p/9/9/P1P1P1P1P/2N1CC3/9/1RBAKABNR w,0.8015947,7989
1rbaka2r/9/1cn1b1nc1/p1p1p1p1p/9/9/P1P1P1P1P/2N1CCN2/9/1RBAKAB1R b,-0.8013686,3012
1rbaka2r/9/1cn1b1nc1/p1p1p3p/6p2/9/P1P1P1P1P/2N1CCN2/9/1RBAKAB1R w,0.80190086,8098
1rbaka2r/9/1cn1b1nc1/p1p1p3p/6p2/9/P1P1P1P1P/2N1CCN2/9/1RBAKABR1 b,-0.8019093,727
1rbaka1r1/9/1cn1b1nc1/p1p1p3p/6p2/9/P1P1P1P1P/2N1CCN2/9/1RBAKABR1 w,0.80255455,5087
1rbaka1r1/9/1cn1b1nc1/p1p1p3p/6p2/2P6/P3P1P1P/2N1CCN2/9/1RBAKABR1 b,-0.8022274,1765
1rbaka1r1/9/2n1b1nc1/p1p1p3p/6p2/2P6/Pc2P1P1P/2N1CCN2/9/1RBAKABR1 w,0.80520236,5898
1rbaka1r1/9/2n1b1nc1/p1p1p3p/6p2/2PN5/Pc2P1P1P/4CCN2/9/1RBAKABR1 b,-0.8063819,2311
1rbaka1r1/9/2n1b1n2/p1p1p3p/6p2/2PN5/Pc2P1PcP/4CCN2/9/1RBAKABR1 w,0.80783015,6143
1rbaka1r1/9/2n1bCn2/p1p1p3p/6p2/2PN5/Pc2P1PcP/4C1N2/9/1RBAKABR1 b,-0.8084572,1986
1rbakabr1/9/2n2Cn2/p1p1p3p/6p2/2PN5/Pc2P1PcP/4C1N2/9/1RBAKABR1 w,0.81805813,4351
1rbakabr1/9/2n2Cn2/p1p1N3p/6p2/2P6/Pc2P1PcP/4C1N2/9/1RBAKABR1 b,-0.8047512,1831
1rbakabr1/9/5Cn2/p1p1n3p/6p2/2P6/Pc2P1PcP/4C1N2/9/1RBAKABR1 w,0.80506545,6061
1rbakabr1/9/5Cn2/p1p1C3p/6p2/2P6/Pc2P1PcP/6N2/9/1RBAKABR1 b,-0.7909604,109
2bakabr1/9/1r3Cn2/p1p1C3p/6p2/2P6/Pc2P1PcP/6N2/9/1RBAKABR1 w,0.8018213,2839
2bakabr1/9/1r3Cn2/p1p5p/6p2/2P1C4/Pc2P1PcP/6N2/9/1RBAKABR1 b,-0.7988056,1733
2bakabr1/9/5rn2/p1p5p/6p2/2P1C4/Pc2P1PcP/6N2/9/1RBAKABR1 w,0.80969197,7435
2bakabr1/9/5rn2/p1p5p/6p2/2P1C4/PR2P1PcP/6N2/9/2BAKABR1 b,-0.8074193,2129
2bakabr1/9/6n2/p1p5p/6p2/2P1C4/PR2PrPcP/6N2/9/2BAKABR1 w,0.81574756,4987
2bakabr1/9/6n2/p1p5p/1R4p2/2P1C4/P3PrPcP/6N2/9/2BAKABR1 b,-0.8044968,2201
2bakabr1/9/9/p1p5p/1R3np2/2P1C4/P3PrPcP/6N2/9/2BAKABR1 w,0.82197344,7897
2bakabr1/9/9/p1p5p/1R3np2/2P1C4/P3PrPcP/4B1N2/9/2BAKA1R1 b,-0.8097452,3748
2bakabr1/9/9/p1p5p/1R4p2/2P1C4/P3nrPcP/4B1N2/9/2BAKA1R1 w,0.82621086,7816
2bakabr1/9/9/p1p5p/1R4p2/2P1C4/P3nrPcP/4B1N2/4A4/2BAK2R1 b,-0.8101763,5370
2bakabr1/9/9/p1p5p/1R4p2/2P1C4/P3n1rcP/4B1N2/4A4/2BAK2R1 w,0.81229454,3370
2bakabr1/9/9/p1p5p/4R1p2/2P1C4/P3n1rcP/4B1N2/4A4/2BAK2R1 b,-0.81027395,562
2baka1r1/9/4b4/p1p5p/4R1p2/2P1C4/P3n1rcP/4B1N2/4A4/2BAK2R1 w,0.8138959,6268
2baka1r1/9/4b4/p1p5p/4R1p2/2P1C4/P3N1rcP/4B4/4A4/2BAK2R1 b,-0.8058176,5458
2baka1r1/9/4b4/p1p5p/4R1p2/2P1C4/P3r2cP/4B4/4A4/2BAK2R1 w,0.8185723,3622
2baka1r1/9/4R4/p1p5p/6p2/2P1C4/P3r2cP/4B4/4A4/2BAK2R1 b,-0.8304279,463
2bak2r1/4a4/4R4/p1p5p/6p2/2P1C4/P3r2cP/4B4/4A4/2BAK2R1 w,0.9190299,2005
2bak2r1/4a4/7R1/p1p5p/6p2/2P1C4/P3r2cP/4B4/4A4/2BAK2R1 b,-0.9135096,1175
2baka1r1/9/7R1/p1p5p/6p2/2P1C4/P3r2cP/4B4/4A4/2BAK2R1 w,0.91599834,2257
2baka1R1/9/9/p1p5p/6p2/2P1C4/P3r2cP/4B4/4A4/2BAK2R1 b,-0.9084973,5544
2baka1R1/9/9/p1p5p/6p2/2P1C4/c3r3P/4B4/4A4/2BAK2R1 w,0.9324081,7972
2baka1R1/9/9/p1p5p/6p2/2P1C2R1/c3r3P/4B4/4A4/2BAK4 b,-0.92512864,3831
2baka1R1/9/9/p1p5p/9/2P1C1pR1/c3r3P/4B4/4A4/2BAK4 w,0.9365362,4731
2baka1R1/9/9/p1p5p/9/2P1C1R2/c3r3P/4B4/4A4/2BAK4 b,-0.92905986,4922
2baka1R1/9/9/p1p5p/9/2P1C1R2/4r3c/4B4/4A4/2BAK4 w,0.9494406,664
2baka3/9/9/p1p4Rp/9/2P1C1R2/4r3c/4B4/4A4/2BAK4 b,-0.94376624,5669
2baka3/9/9/p1p4Rp/9/2P1C1R2/4r4/4B4/4A4/2BAK3c w,0.9538497,3095
2baka3/9/9/p1p5R/9/2P1C1R2/4r4/4B4/4A4/2BAK3c b,-0.95400923,8072
2baka3/9/9/p1p5R/9/2P1C1R2/4r3c/4B4/4A4/2BAK4 w,0.95203,3181
2baka3/9/9/p1p1R4/9/2P1C1R2/4r3c/4B4/4A4/2BAK4 b,-0.93716085,283
2b1ka3/4a4/9/p1p1R4/9/2P1C1R2/4r3c/4B4/4A4/2BAK4 w,0.937643,2819
2b1ka3/4a4/9/p1R6/9/2P1C1R2/4r3c/4B4/4A4/2BAK4 b,-0.9546001,1193
2b1ka3/9/5a3/p1R6/9/2P1C1R2/4r3c/4B4/4A4/2BAK4 w,0.97127086,2612
2R1ka3/9/5a3/p8/9/2P1C1R2/4r3c/4B4/4A4/2BAK4 b,-0.9739221,373
2R2a3/4k4/5a3/p8/9/2P1C1R2/4r3c/4B4/4A4/2BAK4 w,0.96552426,185
5R3/4k4/5a3/p8/9/2P1C1R2/4r3c/4B4/4A4/2BAK4 b,-0.952917,5279
5R3/4k4/5a3/p8/9/2P1C1R2/5r2c/4B4/4A4/2BAK4 w,0.96668154,452
2R6/4k4/5a3/p8/9/2P1C1R2/5r2c/4B4/4A4/2BAK4 b,-0.9679327,5669
2R6/4k4/5a3/p8/9/2P1C1R2/5r3/4B4/4A4/2BAK3c w,0.99358195,4605
2R6/4k1R2/5a3/p8/9/2P1C4/5r3/4B4/4A4/2BAK3c b,-0.9948768,1192
2R6/6R2/4ka3/p8/9/2P1C4/5r3/4B4/4A4/2BAK3c w,1,200
rnbakabnr/9/1c5c1/p1p1p1p1p/9/9/P1P1P1P1P/1C5C1/9/RNBAKABNR w,0.8017992,5827
rnbakabnr/9/1c5c1/p1p1p1p1p/9/9/P1P1P1P1P/4C2C1/9/RNBAKABNR b,-0.8017668,110
r1bakabnr/9/1cn4c1/p1p1p1p1p/9/9/P1P1P1P1P/4C2C1/9/RNBAKABNR w,0.80182797,7445
r1bakabnr/9/1cn4c1/p1p1p1p1p/9/9/P1P1P1P1P/2N1C2C1/9/R1BAKABNR b,-0.80180895,562
r1baka1nr/9/1cn1b2c1/p1p1p1p1p/9/9/P1P1P1P1P/2N1C2C1/9/R1BAKABNR w,0.8019635,7372
r1baka1nr/9/1cn1b2c1/p1p1p1p1p/9/9/P1P1P1P1P/2N1C2C1/9/1RBAKABNR b,-0.8017737,1
1rbaka1nr/9/1cn1b2c1/p1p1p1p1p/9/9/P1P1P1P1P/2N1C2C1/9/1RBAKABNR w,0.80169415,6368
1rbaka1nr/9/1cn1b2c1/p1p1p1p1p/9/9/P1P1P1P1P/2N1CC3/9/1RBAKABNR b,-0.80128574,654
1rbaka2r/9/1cn1b1nc1/p1p1p1p1p/9/9/P1P1P1P1P/2N1CC3/9/1RBAKABNR w,0.80158657,7989
1rbaka2r/9/1cn1b1nc1/p1p1p1p1p/9/9/P1P1P1P1P/2N1CCN2/9/1RBAKAB1R b,-0.8013682,3012
1rbaka2r/9/1cn1b1nc1/p1p1p3p/6p2/9/P1P1P1P1P/2N1CCN2/9/1RBAKAB1R w,0.80190086,8098
1rbaka2r/9/1cn1b1nc1/p1p1p3p/6p2/9/P1P1P1P1P/2N1CCN2/9/1RBAKABR1 b,-0.8020108,727
1rbaka1r1/9/1cn1b1nc1/p1p1p3p/6p2/9/P1P1P1P1P/2N1CCN2/9/1RBAKABR1 w,0.80251306,5087
1rbaka1r1/9/1cn1b1nc1/p1p1p3p/6p2/2P6/P3P1P1P/2N1CCN2/9/1RBAKABR1 b,-0.8022262,1765
1rbaka1r1/9/2n1b1nc1/p1p1p3p/6p2/2P6/Pc2P1P1P/2N1CCN2/9/1RBAKABR1 w,0.8047537,5898
1rbaka1r1/9/2n1b1nc1/p1p1p3p/6p2/2PN5/Pc2P1P1P/4CCN2/9/1RBAKABR1 b,-0.8064264,2311
1rbaka1r1/9/2n1b1n2/p1p1p3p/6p2/2PN5/Pc2P1PcP/4CCN2/9/1RBAKABR1 w,0.8079292,6143
1rbaka1r1/9/2n1bCn2/p1p1p3p/6p2/2PN5/Pc2P1PcP/4C1N2/9/1RBAKABR1 b,-0.80904377,1986
1rbakabr1/9/2n2Cn2/p1p1p3p/6p2/2PN5/Pc2P1PcP/4C1N2/9/1RBAKABR1 w,0.81814575,4351
1rbakabr1/9/2n2Cn2/p1p1N3p/6p2/2P6/Pc2P1PcP/4C1N2/9/1RBAKABR1 b,-0.8047812,1831
1rbakabr1/9/5Cn2/p1p1n3p/6p2/2P6/Pc2P1PcP/4C1N2/9/1RBAKABR1 w,0.8049677,6061
1rbakabr1/9/5Cn2/p1p1C3p/6p2/2P6/Pc2P1PcP/6N2/9/1RBAKABR1 b,-0.790517,109
2bakabr1/9/1r3Cn2/p1p1C3p/6p2/2P6/Pc2P1PcP/6N2/9/1RBAKABR1 w,0.8020568,2839
2bakabr1/9/1r3Cn2/p1p5p/6p2/2P1C4/Pc2P1PcP/6N2/9/1RBAKABR1 b,-0.7987529,1733
2bakabr1/9/5rn2/p1p5p/6p2/2P1C4/Pc2P1PcP/6N2/9/1RBAKABR1 w,0.8096487,7435
2bakabr1/9/5rn2/p1p5p/6p2/2P1C4/PR2P1PcP/6N2/9/2BAKABR1 b,-0.8070279,2201
2bakabr1/9/5r3/p1p5p/5np2/2P1C4/PR2P1PcP/6N2/9/2BAKABR1 w,0.8137204,4987
2bakabr1/9/5r3/p1p5p/1R3np2/2P1C4/P3P1PcP/6N2/9/2BAKABR1 b,-0.8087528,3750
2bakabr1/9/5r3/p1p5p/1R4p2/2P1C4/P3P1ncP/6N2/9/2BAKABR1 w,0.8188465,3372
2bakabr1/9/5r3/p1p5p/6R2/2P1C4/P3P1ncP/6N2/9/2BAKABR1 b,-0.80547106,5449
2bakabr1/9/5r3/p1p5p/6R2/2P1n4/P3P2cP/6N2/9/2BAKABR1 w,0.80558145,5269
2bakabr1/9/5r3/p1p5p/6R2/2P1P4/P6cP/6N2/9/2BAKABR1 b,-0.79943055,5560
2bakabr1/9/5r3/p1p5p/6R2/2P1P4/P7P/6Nc1/9/2BAKABR1 w,0.80968297,7999
2bakabr1/9/5r3/p1p5p/6R2/2P1P4/P7P/6Nc1/7R1/2BAKAB2 b,-0.7984724,2138
2bakabr1/9/9/p1p5p/6R2/2P1P4/P7P/5rNc1/7R1/2BAKAB2 w,0.80055124,3813
2bakabr1/9/9/p1p3R1p/9/2P1P4/P7P/5rNc1/7R1/2BAKAB2 b,-0.8004975,691
2bakab2/9/9/p1p3R1p/9/2P1P4/P6rP/5rNc1/7R1/2BAKAB2 w,0.81421405,2976
2bakaR2/9/9/p1p5p/9/2P1P4/P6rP/5rNc1/7R1/2BAKAB2 b,-0.8031482,5548
2bakaR2/9/9/p1p5p/9/2P1P4/P3r3P/5rNc1/7R1/2BAKAB2 w,0.83274835,7816
2bakaR2/9/9/p1p5p/9/2P1P4/P3r3P/5rNc1/4A2R1/2BAK1B2 b,-0.81984997,6371
2bakaR2/9/9/p1p5p/9/2P1P4/P3r3P/5rN1c/4A2R1/2BAK1B2 w,0.8287478,591
2baka3/9/9/p1p5p/9/2P1P1R2/P3r3P/5rN1c/4A2R1/2BAK1B2 b,-0.80783445,283
2b1ka3/4a4/9/p1p5p/9/2P1P1R2/P3r3P/5rN1c/4A2R1/2BAK1B2 w,0.8420236,7117
2b1ka1R1/4a4/9/p1p5p/9/2P1P1R2/P3r3P/5rN1c/4A4/2BAK1B2 b,-0.8527269,6479
2b1ka1R1/4a4/9/p1p5p/9/2P1P1R2/P3r3P/5rN2/4A4/2BAK1B1c w,0.8833715,7897
2b1ka1R1/4a4/9/p1p5p/9/2P1P1R2/P3r3P/4BrN2/4A4/2BAK3c b,-0.8622183,6187
2b1ka1R1/4a4/9/p1p5p/9/2P1P1R2/P3r3P/4r1N2/4A4/2BAK3c w,0.85815555,6268
2b1ka1R1/4a4/9/p1p5p/9/2P1P1R2/P3N3P/4r4/4A4/2BAK3c b,-0.8509141,6088
2b1ka1R1/4a4/9/p1p5p/9/2P1P1R2/P3r3P/9/4A4/2BAK3c w,0.8632768,4596
2b1kaRR1/4a4/9/p1p5p/9/2P1P4/P3r3P/9/4A4/2BAK3c b,-0.8382527,8094
2b1kaRR1/4a4/9/p1p5p/9/2P1P4/P3r3P/9/4A4/2BcK4 w,0.8963427,7734
2b1kaRR1/4a4/9/p1p5p/9/2P1P4/P3r3P/9/4A4/2BK5 b,-0.89091283,5296
2b1kaRR1/4a4/9/p1p5p/9/2P1P4/P7P/9/4r4/2BK5 w,0.9052468,4450
2b1kaRR1/4a4/9/p1p5p/4P4/2P6/P7P/9/4r4/2BK5 b,-0.88366854,6880
2b1kaRR1/4a4/9/p1p5p/4r4/2P6/P7P/9/9/2BK5 w,0.8949203,7635
2b1kaRR1/4a4/9/p1p5p/4r4/2P6/P7P/9/3K5/2B6 b,-0.846656,2648
2b1kaRR1/4a4/9/p7p/2p1r4/2P6/P7P/9/3K5/2B6 w,0.879683,4268
2b1kaRR1/4a4/9/p7p/2P1r4/9/P7P/9/3K5/2B6 b,-0.8695616,3638
2b1kaRR1/4a4/9/p7p/2r6/9/P7P/9/3K5/2B6 w,0.88230926,6826
2b1kaRR1/4a4/9/p7p/2r6/9/P7P/9/4K4/2B6 b,-0.86845607,3503
2b1kaRR1/4a4/9/p7p/9/9/P7P/9/4K4/2r6 w,1,545
rnbakabnr/9/1c5c1/p1p1p1p1p/9/9/P1P1P1P1P/1C5C1/9/RNBAKABNR w,0.8018177,5827
rnbakabnr/9/1c5c1/p1p1p1p1p/9/9/P1P1P1P1P/4C2C1/9/RNBAKABNR b,-0.80176777,110
r1bakabnr/9/1cn4c1/p1p1p1p1p/9/9/P1P1P1P1P/4C2C1/9/RNBAKABNR w,0.8018244,7445
r1bakabnr/9/1cn4c1/p1p1p1p1p/9/9/P1P1P1P1P/2N1C2C1/9/R1BAKABNR b,-0.8018406,562
r1baka1nr/9/1cn1b2c1/p1p1p1p1p/9/9/P1P1P1P1P/2N1C2C1/9/R1BAKABNR w,0.8019055,7372
r1baka1nr/9/1cn1b2c1/p1p1p1p1p/9/9/P1P1P1P1P/2N1C2C1/9/1RBAKABNR b,-0.80176634,1
1rbaka1nr/9/1cn1b2c1/p1p1p1p1p/9/9/P1P1P1P1P/2N1C2C1/9/1RBAKABNR w,0.8016926,6368
1rbaka1nr/9/1cn1b2c1/p1p1p1p1p/9/9/P1P1P1P1P/2N1CC3/9/1RBAKABNR b,-0.80128574,654
1rbaka2r/9/1cn1b1nc1/p1p1p1p1p/9/9/P1P1P1P1P/2N1CC3/9/1RBAKABNR w,0.80158657,7989
1rbaka2r/9/1cn1b1nc1/p1p1p1p1p/9/9/P1P1P1P1P/2N1CCN2/9/1RBAKAB1R b,-0.8013839,3012
1rbaka2r/9/1cn1b1nc1/p1p1p3p/6p2/9/P1P1P1P1P/2N1CCN2/9/1RBAKAB1R w,0.8018736,8098
1rbaka2r/9/1cn1b1nc1/p1p1p3p/6p2/9/P1P1P1P1P/2N1CCN2/9/1RBAKABR1 b,-0.80201256,727
1rbaka1r1/9/1cn1b1nc1/p1p1p3p/6p2/9/P1P1P1P1P/2N1CCN2/9/1RBAKABR1 w,0.80276376,5087
1rbaka1r1/9/1cn1b1nc1/p1p1p3p/6p2/2P6/P3P1P1P/2N1CCN2/9/1RBAKABR1 b,-0.8022066,1765
1rbaka1r1/9/2n1b1nc1/p1p1p3p/6p2/2P6/Pc2P1P1P/2N1CCN2/9/1RBAKABR1 w,0.8047115,5898
1rbaka1r1/9/2n1b1nc1/p1p1p3p/6p2/2PN5/Pc2P1P1P/4CCN2/9/1RBAKABR1 b,-0.8063819,2311
1rbaka1r1/9/2n1b1n2/p1p1p3p/6p2/2PN5/Pc2P1PcP/4CCN2/9/1RBAKABR1 w,0.80765414,6143
1rbaka1r1/9/2n1bCn2/p1p1p3p/6p2/2PN5/Pc2P1PcP/4C1N2/9/1RBAKABR1 b,-0.8084572,1986
1rbakabr1/9/2n2Cn2/p1p1p3p/6p2/2PN5/Pc2P1PcP/4C1N2/9/1RBAKABR1 w,0.81814575,4351
1rbakabr1/9/2n2Cn2/p1p1N3p/6p2/2P6/Pc2P1PcP/4C1N2/9/1RBAKABR1 b,-0.804766,1831
1rbakabr1/9/5Cn2/p1p1n3p/6p2/2P6/Pc2P1PcP/4C1N2/9/1RBAKABR1 w,0.805036,6061
1rbakabr1/9/5Cn2/p1p1C3p/6p2/2P6/Pc2P1PcP/6N2/9/1RBAKABR1 b,-0.79098004,109
2bakabr1/9/1r3Cn2/p1p1C3p/6p2/2P6/Pc2P1PcP/6N2/9/1RBAKABR1 w,0.8022473,2839
2bakabr1/9/1r3Cn2/p1p5p/6p2/2P1C4/Pc2P1PcP/6N2/9/1RBAKABR1 b,-0.7983015,1733
2bakabr1/9/5rn2/p1p5p/6p2/2P1C4/Pc2P1PcP/6N2/9/1RBAKABR1 w,0.8096402,7435
2bakabr1/9/5rn2/p1p5p/6p2/2P1C4/PR2P1PcP/6N2/9/2BAKABR1 b,-0.8076672,2129
2bakabr1/9/6n2/p1p5p/6p2/2P1C4/PR2PrPcP/6N2/9/2BAKABR1 w,0.8147095,4987
2bakabr1/9/6n2/p1p5p/1R4p2/2P1C4/P3PrPcP/6N2/9/2BAKABR1 b,-0.804734,2201
2bakabr1/9/9/p1p5p/1R3np2/2P1C4/P3PrPcP/6N2/9/2BAKABR1 w,0.82197344,7897
2bakabr1/9/9/p1p5p/1R3np2/2P1C4/P3PrPcP/4B1N2/9/2BAKA1R1 b,-0.80973303,3748
2bakabr1/9/9/p1p5p/1R4p2/2P1C4/P3nrPcP/4B1N2/9/2BAKA1R1 w,0.82621086,7816
2bakabr1/9/9/p1p5p/1R4p2/2P1C4/P3nrPcP/4B1N2/4A4/2BAK2R1 b,-0.8100634,5370
2bakabr1/9/9/p1p5p/1R4p2/2P1C4/P3n1rcP/4B1N2/4A4/2BAK2R1 w,0.8153692,6290
2bakabr1/9/9/p1p5p/1R4p2/2P1C4/P3n1rcP/4B4/4A3N/2BAK2R1 b,-0.79608697,5569
2bakabr1/9/9/p1p5p/1R4p2/2P1C4/P3n1r1P/4B4/4A2cN/2BAK2R1 w,0.79698676,3370
2bakabr1/9/9/p1p5p/4R1p2/2P1C4/P3n1r1P/4B4/4A2cN/2BAK2R1 b,-0.8180223,202
3akabr1/9/4b4/p1p5p/4R1p2/2P1C4/P3n1r1P/4B4/4A2cN/2BAK2R1 w,0.88924354,3622
3akabr1/9/4R4/p1p5p/6p2/2P1C4/P3n1r1P/4B4/4A2cN/2BAK2R1 b,-0.88317704,283
4kabr1/4a4/4R4/p1p5p/6p2/2P1C4/P3n1r1P/4B4/4A2cN/2BAK2R1 w,0.9114779,2005
4kabr1/4a4/7R1/p1p5p/6p2/2P1C4/P3n1r1P/4B4/4A2cN/2BAK2R1 b,-0.9168647,363
3k1abr1/4a4/7R1/p1p5p/6p2/2P1C4/P3n1r1P/4B4/4A2cN/2BAK2R1 w,0.9298661,2257
3k1abR1/4a4/9/p1p5p/6p2/2P1C4/P3n1r1P/4B4/4A2cN/2BAK2R1 b,-0.92376715,5478
3k1abR1/4a4/9/p1p5p/6p2/2P1C4/P3n3P/4B4/4A1rcN/2BAK2R1 w,0.9576321,709
3k1ab2/4a4/9/p1p5p/6p2/2P1C4/P3n3P/4B4/4A1rRN/2BAK2R1 b,-0.958277,7099
3k1ab2/4a4/9/p1p5p/6p2/2P1C4/P3n3P/4B4/4A2rN/2BAK2R1 w,0.9609389,7999
3k1ab2/4a4/9/p1p5p/6p2/2P1C4/P3n3P/4B4/4A2RN/2BAK4 b,-0.95930725,3831
3k1ab2/4a4/9/p1p5p/9/2P1C1p2/P3n3P/4B4/4A2RN/2BAK4 w,0.9627126,7171
3k1ab2/4a4/9/p1p5p/9/2P1C1p2/P3n2RP/4B4/4A3N/2BAK4 b,-0.9561982,4640
3k1ab2/4a4/9/p1p5p/9/2P1Cp3/P3n2RP/4B4/4A3N/2BAK4 w,0.9539385,5548
3k1ab2/4a4/9/p1p5p/9/2P1Cp3/P3R3P/4B4/4A3N/2BAK4 b,-0.9552546,4549
3k1ab2/4a4/9/p1p5p/9/2P1p4/P3R3P/4B4/4A3N/2BAK4 w,0.9600845,5269
3k1ab2/4a4/9/p1p5p/9/2P1R4/P7P/4B4/4A3N/2BAK4 b,-0.9605159,274
4kab2/4a4/9/p1p5p/9/2P1R4/P7P/4B4/4A3N/2BAK4 w,0.9654622,7269
4kab2/4a4/9/p1p5p/9/2P1R4/P7P/4B1N2/4A4/2BAK4 b,-0.9632586,3194
4kab2/4a4/9/p1p6/8p/2P1R4/P7P/4B1N2/4A4/2BAK4 w,0.9684105,6268
4kab2/4a4/9/p1p6/8p/2P1R4/P3N3P/4B4/4A4/2BAK4 b,-0.9658109,4013
4kab2/4a4/9/p1p6/9/2P1R3p/P3N3P/4B4/4A4/2BAK4 w,0.9664521,5271
4kab2/4a4/9/p1p6/9/2P1R1N1p/P7P/4B4/4A4/2BAK4 b,-0.9634578,4832
4kab2/4a4/9/p1p6/9/2P1R1N2/P7p/4B4/4A4/2BAK4 w,0.9688096,4622
4kab2/4a4/9/p1p2N3/9/2P1R4/P7p/4B4/4A4/2BAK4 b,-0.97137356,562
4ka3/4a4/4b4/p1p2N3/9/2P1R4/P7p/4B4/4A4/2BAK4 w,0.9896841,2895
4ka3/4a1N2/4b4/p1p6/9/2P1R4/P7p/4B4/4A4/2BAK4 b,-0.9901622,363
3k1a3/4a1N2/4b4/p1p6/9/2P1R4/P7p/4B4/4A4/2BAK4 w,0.9952066,4458
3k1a3/4a1N2/4b4/p1p6/9/2PR5/P7p/4B4/4A4/2BAK4 b,-0.9961181,1191
3k1a3/6N2/3ab4/p1p6/9/2PR5/P7p/4B4/4A4/2BAK4 w,1,4341
rnbakabnr/9/1c5c1/p1p1p1p1p/9/9/P1P1P1P1P/1C5C1/9/RNBAKABNR w,0.80182725,5827
rnbakabnr/9/1c5c1/p1p1p1p1p/9/9/P1P1P1P1P/4C2C1/9/RNBAKABNR b,-0.80176777,110
r1bakabnr/9/1cn4c1/p1p1p1p1p/9/9/P1P1P1P1P/4C2C1/9/RNBAKABNR w,0.8018261,7445
r1bakabnr/9/1cn4c1/p1p1p1p1p/9/9/P1P1P1P1P/2N1C2C1/9/R1BAKABNR b,-0.80184644,562
r1baka1nr/9/1cn1b2c1/p1p1p1p1p/9/9/P1P1P1P1P/2N1C2C1/9/R1BAKABNR w,0.8019492,7372
r1baka1nr/9/1cn1b2c1/p1p1p1p1p/9/9/P1P1P1P1P/2N1C2C1/9/1RBAKABNR b,-0.8017737,1
1rbaka1nr/9/1cn1b2c1/p1p1p1p1p/9/9/P1P1P1P1P/2N1C2C1/9/1RBAKABNR w,0.8017013,6368
1rbaka1nr/9/1cn1b2c1/p1p1p1p1p/9/9/P1P1P1P1P/2N1CC3/9/1RBAKABNR b,-0.8023582,2648
1rbaka1nr/9/1cn1b2c1/p3p1p1p/2p6/9/P1P1P1P1P/2N1CC3/9/1RBAKABNR w,0.8025887,7989
1rbaka1nr/9/1cn1b2c1/p3p1p1p/2p6/9/P1P1P1P1P/2N1CCN2/9/1RBAKAB1R b,-0.8025941,1765
1rbaka1nr/9/2n1b2c1/p3p1p1p/2p6/9/PcP1P1P1P/2N1CCN2/9/1RBAKAB1R w,0.80386996,8098
1rbaka1nr/9/2n1b2c1/p3p1p1p/2p6/9/PcP1P1P1P/2N1CCN2/9/1RBAKABR1 b,-0.80179745,644
1rbaka2r/5n3/2n1b2c1/p3p1p1p/2p6/9/PcP1P1P1P/2N1CCN2/9/1RBAKABR1 w,0.8025666,7972
1rbaka2r/5n3/2n1b2c1/p3p1p1p/2p6/7R1/PcP1P1P1P/2N1CCN2/9/1RBAKAB2 b,-0.8018118,727
1rbaka1r1/5n3/2n1b2c1/p3p1p1p/2p6/7R1/PcP1P1P1P/2N1CCN2/9/1RBAKAB2 w,0.806219,4730
1rbaka1r1/5n3/2n1b2c1/p3p1p1p/2p6/5R3/PcP1P1P1P/2N1CCN2/9/1RBAKAB2 b,-0.80774474,1281
1rbaka1r1/9/2nnb2c1/p3p1p1p/2p6/5R3/PcP1P1P1P/2N1CCN2/9/1RBAKAB2 w,0.8092469,6061
1rbaka1r1/9/2nnb2c1/p3C1p1p/2p6/5R3/PcP1P1P1P/2N2CN2/9/1RBAKAB2 b,-0.8083336,463
1rbak2r1/4a4/2nnb2c1/p3C1p1p/2p6/5R3/PcP1P1P1P/2N2CN2/9/1RBAKAB2 w,0.8114911,4552
1rbak2r1/4a4/2nnb2c1/p3C1p1p/2p6/7R1/PcP1P1P1P/2N2CN2/9/1RBAKAB2 b,-0.8007911,1930
1rbak2r1/4a4/2n1b2c1/p3C1p1p/2p1n4/7R1/PcP1P1P1P/2N2CN2/9/1RBAKAB2 w,0.80509454,2825
1rbak2r1/4a4/2n1b2c1/p5p1C/2p1n4/7R1/PcP1P1P1P/2N2CN2/9/1RBAKAB2 b,-0.8004912,3657
1rbak2r1/4a4/2n1b2c1/p5p1C/2p6/7R1/PcPnP1P1P/2N2CN2/9/1RBAKAB2 w,0.80907613,7453
1rbak2r1/4a4/2n1b2c1/p5p1C/2p6/7R1/PcPnP1P1P/2N2CN2/1R7/2BAKAB2 b,-0.79894894,635
1rbakr3/4a4/2n1b2c1/p5p1C/2p6/7R1/PcPnP1P1P/2N2CN2/1R7/2BAKAB2 w,0.8054996,7636
1rbakr3/4a4/2n1b2c1/p5p1C/2p6/7R1/PcPnP1P1P/2N2CN2/1R2A4/2B1KAB2 b,-0.7985235,2274
1rbakr3/4a4/2n1b1c2/p5p1C/2p6/7R1/PcPnP1P1P/2N2CN2/1R2A4/2B1KAB2 w,0.7989641,6645
1rbakr3/4a4/2n1b1c2/p5p1C/2p6/7R1/PcPnP1P1P/2N2CN2/3RA4/2B1KAB2 b,-0.7780945,5032
1rbakr3/4a4/2n1b1c2/p5p1C/2p6/7R1/P1PnP1P1P/2N2CN2/3RA4/1cB1KAB2 w,0.7812618,5932
1rbakr3/4a4/2n1b1c2/p5p1C/2p6/7R1/P1PnP1P1P/5CN2/3RA4/1NB1KAB2 b,-0.7850667,172
2bakr3/4a4/2n1b1c2/p5p1C/2p6/7R1/P1PnP1P1P/5CN2/3RA4/1rB1KAB2 w,0.80332184,6807
2bakr3/4a4/2n1b1c2/p5p1C/2p6/7R1/P1PRP1P1P/5CN2/4A4/1rB1KAB2 b,-0.8021737,7463
2bakr3/4a4/2n1b1c2/p5p1C/2p6/7R1/P1PRP1P1P/5CN2/4A4/2r1KAB2 w,0.80904144,5214
2bakr3/4a4/2n1b1c2/p5p1C/2p6/7R1/P1P1P1P1P/5CN2/4A4/2rRKAB2 b,-0.80816555,7554
2bakr3/4a4/2n1b1c2/p5p1C/2p6/7R1/P1P1P1P1P/5CN2/4A4/3rKAB2 w,0.8181749,7734
2bakr3/4a4/2n1b1c2/p5p1C/2p6/7R1/P1P1P1P1P/5CN2/4A4/3K1AB2 b,-0.8093822,1837
2bakr3/4a4/4b1c2/p5p1C/1np6/7R1/P1P1P1P1P/5CN2/4A4/3K1AB2 w,0.8347794,4726
2bakr3/4a4/4b1c2/p5p1C/1np6/1R7/P1P1P1P1P/5CN2/4A4/3K1AB2 b,-0.83467734,3350
2bakr3/4a4/2n1b1c2/p5p1C/2p6/1R7/P1P1P1P1P/5CN2/4A4/3K1AB2 w,0.8495393,5451
2bakr3/4a4/2n1b1c2/p5p1C/2p6/1R4P2/P1P1P3P/5CN2/4A4/3K1AB2 b,-0.84773296,509
2bak4/4a4/2n1b1c2/p5p1C/2p6/1R4P2/P1P1Pr2P/5CN2/4A4/3K1AB2 w,0.84402436,6262
2bak4/4a4/2n1b1c2/p5p1C/2p6/1R4PN1/P1P1Pr2P/5C3/4A4/3K1AB2 b,-0.835695,5368
2bak4/4a4/2n1b1c2/p5p1C/2p6/1R4PN1/P1P1r3P/5C3/4A4/3K1AB2 w,0.8458707,6187
2bak4/4a4/2n1b1c2/p5p1C/2p6/1R4PN1/P1P1r3P/4C4/4A4/3K1AB2 b,-0.8276749,3012
2bak4/4a4/2n1b1c2/p7C/2p3p2/1R4PN1/P1P1r3P/4C4/4A4/3K1AB2 w,0.83214885,4713
2bak4/4a4/2n1b1c2/p5N1C/2p3p2/1R4P2/P1P1r3P/4C4/4A4/3K1AB2 b,-0.8217774,3831
2bak4/4a4/2n1b1c2/p5N1C/2p6/1R4p2/P1P1r3P/4C4/4A4/3K1AB2 w,0.83194774,4188
2bak4/4a4/2n1b1c2/p5N1C/2p6/3R2p2/P1P1r3P/4C4/4A4/3K1AB2 b,-0.8161437,5282
2bak4/4a4/2n1b1c2/p5N1C/2p6/3R2p2/P1P5r/4C4/4A4/3K1AB2 w,0.82808715,3177
2bak4/4a4/2n1b1c2/C5N2/2p6/3R2p2/P1P5r/4C4/4A4/3K1AB2 b,-0.8199069,1827
2bak4/4a4/4b1c2/n5N2/2p6/3R2p2/P1P5r/4C4/4A4/3K1AB2 w,1,4323
rnbakabnr/9/1c5c1/p1p1p1p1p/9/9/P1P1P1P1P/1C5C1/9/RNBAKABNR w,0.80182725,5827
rnbakabnr/9/1c5c1/p1p1p1p1p/9/9/P1P1P1P1P/4C2C1/9/RNBAKABNR b,-0.80177623,110
r1bakabnr/9/1cn4c1/p1p1p1p1p/9/9/P1P1P1P1P/4C2C1/9/RNBAKABNR w,0.80181926,7445
r1bakabnr/9/1cn4c1/p1p1p1p1p/9/9/P1P1P1P1P/2N1C2C1/9/R1BAKABNR b,-0.801812,562
r1baka1nr/9/1cn1b2c1/p1p1p1p1p/9/9/P1P1P1P1P/2N1C2C1/9/R1BAKABNR w,0.801942,7372
r1baka1nr/9/1cn1b2c1/p1p1p1p1p/9/9/P1P1P1P1P/2N1C2C1/9/1RBAKABNR b,-0.8017659,1
1rbaka1nr/9/1cn1b2c1/p1p1p1p1p/9/9/P1P1P1P1P/2N1C2C1/9/1RBAKABNR w,0.8017126,6368
1rbaka1nr/9/1cn1b2c1/p1p1p1p1p/9/9/P1P1P1P1P/2N1CC3/9/1RBAKABNR b,-0.8012781,654
1rbaka2r/9/1cn1b1nc1/p1p1p1p1p/9/9/P1P1P1P1P/2N1CC3/9/1RBAKABNR w,0.8016004,7989
1rbaka2r/9/1cn1b1nc1/p1p1p1p1p/9/9/P1P1P1P1P/2N1CCN2/9/1RBAKAB1R b,-0.8013839,3012
1rbaka2r/9/1cn1b1nc1/p1p1p3p/6p2/9/P1P1P1P1P/2N1CCN2/9/1RBAKAB1R w,0.8018723,8098
1rbaka2r/9/1cn1b1nc1/p1p1p3p/6p2/9/P1P1P1P1P/2N1CCN2/9/1RBAKABR1 b,-0.80202407,727
1rbaka1r1/9/1cn1b1nc1/p1p1p3p/6p2/9/P1P1P1P1P/2N1CCN2/9/1RBAKABR1 w,0.80251306,5087
1rbaka1r1/9/1cn1b1nc1/p1p1p3p/6p2/2P6/P3P1P1P/2N1CCN2/9/1RBAKABR1 b,-0.8021536,1765
1rbaka1r1/9/2n1b1nc1/p1p1p3p/6p2/2P6/Pc2P1P1P/2N1CCN2/9/1RBAKABR1 w,0.8050814,5898
1rbaka1r1/9/2n1b1nc1/p1p1p3p/6p2/2PN5/Pc2P1P1P/4CCN2/9/1RBAKABR1 b,-0.8064264,2311
1rbaka1r1/9/2n1b1n2/p1p1p3p/6p2/2PN5/Pc2P1PcP/4CCN2/9/1RBAKABR1 w,0.80794173,6143
1rbaka1r1/9/2n1bCn2/p1p1p3p/6p2/2PN5/Pc2P1PcP/4C1N2/9/1RBAKABR1 b,-0.8084572,1986
1rbakabr1/9/2n2Cn2/p1p1p3p/6p2/2PN5/Pc2P1PcP/4C1N2/9/1RBAKABR1 w,0.81814575,4351
1rbakabr1/9/2n2Cn2/p1p1N3p/6p2/2P6/Pc2P1PcP/4C1N2/9/1RBAKABR1 b,-0.804766,1831
1rbakabr1/9/5Cn2/p1p1n3p/6p2/2P6/Pc2P1PcP/4C1N2/9/1RBAKABR1 w,0.8049612,6061
1rbakabr1/9/5Cn2/p1p1C3p/6p2/2P6/Pc2P1PcP/6N2/9/1RBAKABR1 b,-0.7909029,109
2bakabr1/9/1r3Cn2/p1p1C3p/6p2/2P6/Pc2P1PcP/6N2/9/1RBAKABR1 w,0.8022862,2839
2bakabr1/9/1r3Cn2/p1p5p/6p2/2P1C4/Pc2P1PcP/6N2/9/1RBAKABR1 b,-0.79826975,1733
2bakabr1/9/5rn2/p1p5p/6p2/2P1C4/Pc2P1PcP/6N2/9/1RBAKABR1 w,0.80968934,7435
2bakabr1/9/5rn2/p1p5p/6p2/2P1C4/PR2P1PcP/6N2/9/2BAKABR1 b,-0.80755734,2138
2bakabr1/9/6n2/p1p5p/6p2/2P1C4/PR2P1PcP/5rN2/9/2BAKABR1 w,0.8158054,6290
2bakabr1/9/6n2/p1p5p/6p2/2P1C4/PR2P1PcP/5r3/8N/2BAKABR1 b,-0.80535984,5569
2bakabr1/9/6n2/p1p5p/6p2/2P1C4/PR2P1P1P/5r3/7cN/2BAKABR1 w,0.8140485,7897
2bakabr1/9/6n2/p1p5p/6p2/2P1C4/PR2P1P1P/4Br3/7cN/2BAKA1R1 b,-0.812148,6179
2bakabr1/9/6n2/p1p5p/6p2/2P1C4/PR2PrP1P/4B4/7cN/2BAKA1R1 w,0.81519806,7816
2bakabr1/9/6n2/p1p5p/6p2/2P1C4/PR2PrP1P/4B4/4A2cN/2BAK2R1 b,-0.8059334,5370
2bakabr1/9/6n2/p1p5p/6p2/2P1C4/PR2P1r1P/4B4/4A2cN/2BAK2R1 w,0.8129381,5007
2bakabr1/9/6n2/p1p5p/6p2/2P1C4/P2RP1r1P/4B4/4A2cN/2BAK2R1 b,-0.79980755,5462
2bakabr1/9/6n2/p1p5p/6p2/2P1C4/P2RP3r/4B4/4A2cN/2BAK2R1 w,0.8100193,8007
2bakabr1/9/6n2/p1p5p/6p2/2P1C4/P2RP3r/4B4/4A2cN/2BAK1R2 b,-0.8064523,5660
2bakabr1/9/6n2/p1p5p/6p2/2P1C4/P2RP4/4B4/4A2cr/2BAK1R2 w,0.82294196,7872
2bakabr1/9/6n2/p1p5p/6R2/2P1C4/P2RP4/4B4/4A2cr/2BAK4 b,-0.81685585,7289
2bakabr1/9/6n2/p1p5p/6R2/2P1C4/P2RP4/4B4/4A2c1/2BAK3r w,0.8206366,6117
2bakabr1/9/6n2/p1p5p/6R2/2P1C4/P2RP4/9/4A2c1/2BAK1B1r b,-0.8193308,7198
2bakabr1/9/6n2/p1p5p/6R2/2P1C4/P2RP4/9/4A4/2BAK1Bcr w,0.8250093,6926
2bakabr1/9/6n2/p1p5p/6R2/2P1C4/P2RP4/9/9/2BAKABcr b,-0.8159326,8006
2bakabr1/9/6n2/p1p5p/6R2/2P1C4/P2RP4/9/9/2BAKcB1r w,0.8232234,7736
2bakabr1/9/6n2/p1p5p/6R2/2P1C4/P2RP4/9/9/2BA1KB1r b,-0.8171943,718
2bakab2/9/6n2/p1p5p/6R2/2P1C4/P2RP4/9/9/2BA1KBrr w,0.83678365,7537
2bakab2/9/6n2/p1p5p/6R2/2P1C4/P2RP4/4B4/9/3A1KBrr b,-0.8255745,2203
2bakab2/9/9/p1p5p/6Rn1/2P1C4/P2RP4/4B4/9/3A1KBrr w,0.8471953,7636
2bakab2/9/9/p1p5p/6Rn1/2P1C4/P2RP4/4B4/4A4/5KBrr b,-0.8422027,8090
2bakab2/9/9/p1p5p/6Rn1/2P1C4/P2RP4/4B4/4A3r/5KBr1 w,0.8520951,7825
2bakab2/9/9/p1p5p/6Rn1/2P1C4/P2RP4/4B4/4A3r/4K1Br1 b,-0.8470325,7277
2bakab2/9/9/p1p5p/6Rn1/2P1C4/P2RP4/4B4/4Ar3/4K1Br1 w,0.87011683,7734
2bakab2/9/9/p1p5p/6Rn1/2P1C4/P2RP4/4B4/4Ar3/3K2Br1 b,-0.86574817,3932
2bakab2/9/9/p1p5p/6R2/2P1C4/P2RP3n/4B4/4Ar3/3K2Br1 w,0.9013849,5133
2bRkab2/9/9/p1p5p/6R2/2P1C4/P3P3n/4B4/4Ar3/3K2Br1 b,-0.89934176,373
2bR1ab2/4k4/9/p1p5p/6R2/2P1C4/P3P3n/4B4/4Ar3/3K2Br1 w,0.9066243,272
2R2ab2/4k4/9/p1p5p/6R2/2P1C4/P3P3n/4B4/4Ar3/3K2Br1 b,-0.8898899,1184
2R2ab2/5k3/9/p1p5p/6R2/2P1C4/P3P3n/4B4/4Ar3/3K2Br1 w,0.91137224,191
5ab2/2R2k3/9/p1p5p/6R2/2P1C4/P3P3n/4B4/4Ar3/3K2Br1 b,-0.9085418,463
6b2/2R1ak3/9/p1p5p/6R2/2P1C4/P3P3n/4B4/4Ar3/3K2Br1 w,0.9127428,3795
6b2/2R1akR2/9/p1p5p/9/2P1C4/P3P3n/4B4/4Ar3/3K2Br1 b,-0.9059031,1283
6b2/2R1a1R2/5k3/p1p5p/9/2P1C4/P3P3n/4B4/4Ar3/3K2Br1 w,0.9115545,1003
6b2/4R1R2/5k3/p1p5p/9/2P1C4/P3P3n/4B4/4Ar3/3K2Br1 b,-0.8822315,8007
6b2/4R1R2/5k3/p1p5p/9/2P1C4/P3P3n/4B4/4Ar3/3K2r2 w,0.9779367,1437
6b2/4R4/5k3/p1p5p/9/2P1C4/P3P3n/4B4/4Ar3/3K2R2 b,-0.96721566,7006
6b2/4R4/5k3/p1p5p/9/2P1C4/P3P3n/4B4/4r4/3K2R2 w,0.99182177,7845
6b2/4R1R2/5k3/p1p5p/9/2P1C4/P3P3n/4B4/4r4/3K5 b,-0.9924008,6917
6b2/4R1R2/5k3/p1p5p/9/2P1C4/P3P3n/4B4/5r3/3K5 w,1,1374
rnbakabnr/9/1c5c1/p1p1p1p1p/9/9/P1P1P1P1P/1C5C1/9/RNBAKABNR w,0.00182724,5827
rnbakabnr/9/1c5c1/p1p1p1p1p/9/9/P1P1P1P1P/4C2C1/9/RNBAKABNR b,-0.0017843962,110
r1bakabnr/9/1cn4c1/p1p1p1p1p/9/9/P1P1P1P1P/4C2C1/9/RNBAKABNR w,0.0018301487,7445
r1bakabnr/9/1cn4c1/p1p1p1p1p/9/9/P1P1P1P1P/2N1C2C1/9/R1BAKABNR b,-0.0018089175,562
r1baka1nr/9/1cn1b2c1/p1p1p1p1p/9/9/P1P1P1P1P/2N1C2C1/9/R1BAKABNR w,0.001935196,7372
r1baka1nr/9/1cn1b2c1/p1p1p1p1p/9/9/P1P1P1P1P/2N1C2C1/9/1RBAKABNR b,-0.0017664075,1
1rbaka1nr/9/1cn1b2c1/p1p1p1p1p/9/9/P1P1P1P1P/2N1C2C1/9/1RBAKABNR w,0.0017125607,6368
1rbaka1nr/9/1cn1b2c1/p1p1p1p1p/9/9/P1P1P1P1P/2N1CC3/9/1RBAKABNR b,-0.0012780905,654
1rbaka2r/9/1cn1b1nc1/p1p1p1p1p/9/9/P1P1P1P1P/2N1CC3/9/1RBAKABNR w,0.0015751123,7989
1rbaka2r/9/1cn1b1nc1/p1p1p1p1p/9/9/P1P1P1P1P/2N1CCN2/9/1RBAKAB1R b,-0.0013876081,3012
1rbaka2r/9/1cn1b1nc1/p1p1p3p/6p2/9/P1P1P1P1P/2N1CCN2/9/1RBAKAB1R w,0.0018939496,8098
1rbaka2r/9/1cn1b1nc1/p1p1p3p/6p2/9/P1P1P1P1P/2N1CCN2/9/1RBAKABR1 b,-0.0020172836,727
1rbaka1r1/9/1cn1b1nc1/p1p1p3p/6p2/9/P1P1P1P1P/2N1CCN2/9/1RBAKABR1 w,0.0027978183,5087
1rbaka1r1/9/1cn1b1nc1/p1p1p3p/6p2/2P6/P3P1P1P/2N1CCN2/9/1RBAKABR1 b,-0.0021298886,1765
1rbaka1r1/9/2n1b1nc1/p1p1p3p/6p2/2P6/Pc2P1P1P/2N1CCN2/9/1RBAKABR1 w,0.005090785,5898
1rbaka1r1/9/2n1b1nc1/p1p1p3p/6p2/2PN5/Pc2P1P1P/4CCN2/9/1RBAKABR1 b,-0.006537807,2311
1rbaka1r1/9/2n1b1n2/p1p1p3p/6p2/2PN5/Pc2P1PcP/4CCN2/9/1RBAKABR1 w,0.007887125,6143
1rbaka1r1/9/2n1bCn2/p1p1p3p/6p2/2PN5/Pc2P1PcP/4C1N2/9/1RBAKABR1 b,-0.008166194,1986
1rbakabr1/9/2n2Cn2/p1p1p3p/6p2/2PN5/Pc2P1PcP/4C1N2/9/1RBAKABR1 w,0.01805811,4351
1rbakabr1/9/2n2Cn2/p1p1N3p/6p2/2P6/Pc2P1PcP/4C1N2/9/1RBAKABR1 b,-0.004814041,1831
1rbakabr1/9/5Cn2/p1p1n3p/6p2/2P6/Pc2P1PcP/4C1N2/9/1RBAKABR1 w,0.0050629857,6061
1rbakabr1/9/5Cn2/p1p1C3p/6p2/2P6/Pc2P1PcP/6N2/9/1RBAKABR1 b,0.009039665,109
2bakabr1/9/1r3Cn2/p1p1C3p/6p2/2P6/Pc2P1PcP/6N2/9/1RBAKABR1 w,0.0022472858,2839
2bakabr1/9/1r3Cn2/p1p5p/6p2/2P1C4/Pc2P1PcP/6N2/9/1RBAKABR1 b,0.0016993046,1733
2bakabr1/9/5rn2/p1p5p/6p2/2P1C4/Pc2P1PcP/6N2/9/1RBAKABR1 w,0.009708715,7435
2bakabr1/9/5rn2/p1p5p/6p2/2P1C4/PR2P1PcP/6N2/9/2BAKABR1 b,-0.0074599744,2129
2bakabr1/9/6n2/p1p5p/6p2/2P1C4/PR2PrPcP/6N2/9/2BAKABR1 w,0.014709497,4987
2bakabr1/9/6n2/p1p5p/1R4p2/2P1C4/P3PrPcP/6N2/9/2BAKABR1 b,-0.0045396923,2201
2bakabr1/9/9/p1p5p/1R3np2/2P1C4/P3PrPcP/6N2/9/2BAKABR1 w,0.022345377,7897
2bakabr1/9/9/p1p5p/1R3np2/2P1C4/P3PrPcP/4B1N2/9/2BAKA1R1 b,-0.01004628,3748
2bakabr1/9/9/p1p5p/1R4p2/2P1C4/P3nrPcP/4B1N2/9/2BAKA1R1 w,0.025909353,7816
2bakabr1/9/9/p1p5p/1R4p2/2P1C4/P3nrPcP/4B1N2/4A4/2BAK2R1 b,-0.009754765,5370
2bakabr1/9/9/p1p5p/1R4p2/2P1C4/P3n1rcP/4B1N2/4A4/2BAK2R1 w,0.012821818,3370
2bakabr1/9/9/p1p5p/4R1p2/2P1C4/P3n1rcP/4B1N2/4A4/2BAK2R1 b,-0.009974468,562
2baka1r1/9/4b4/p1p5p/4R1p2/2P1C4/P3n1rcP/4B1N2/4A4/2BAK2R1 w,0.01412282,6268
2baka1r1/9/4b4/p1p5p/4R1p2/2P1C4/P3N1rcP/4B4/4A4/2BAK2R1 b,-0.0059338333,5458
2baka1r1/9/4b4/p1p5p/4R1p2/2P1C4/P3r2cP/4B4/4A4/2BAK2R1 w,0.019219184,3622
2baka1r1/9/4R4/p1p5p/6p2/2P1C4/P3r2cP/4B4/4A4/2BAK2R1 b,-0.038226593,463
2bak2r1/4a4/4R4/p1p5p/6p2/2P1C4/P3r2cP/4B4/4A4/2BAK2R1 w,0.1188721,2005
2bak2r1/4a4/7R1/p1p5p/6p2/2P1C4/P3r2cP/4B4/4A4/2BAK2R1 b,-0.116596155,1175
2baka1r1/9/7R1/p1p5p/6p2/2P1C4/P3r2cP/4B4/4A4/2BAK2R1 w,0.11619439,2257
2baka1R1/9/9/p1p5p/6p2/2P1C4/P3r2cP/4B4/4A4/2BAK2R1 b,-0.10960038,5269
2baka1R1/9/9/p1p5p/6p2/2P1r4/P6cP/4B4/4A4/2BAK2R1 w,0.116468124,691
2baka3/9/9/p1p5p/6p2/2P1r4/P6RP/4B4/4A4/2BAK2R1 b,-0.11747282,3831
2baka3/9/9/p1p5p/9/2P1r1p2/P6RP/4B4/4A4/2BAK2R1 w,0.120092966,5524
2baka3/9/9/p1p4Rp/9/2P1r1p2/P7P/4B4/4A4/2BAK2R1 b,-0.11959584,4468
2baka3/9/9/p1p4Rp/9/2P3p2/P3r3P/4B4/4A4/2BAK2R1 w,0.12708262,3089
2baka3/9/9/p1R5p/9/2P3p2/P3r3P/4B4/4A4/2BAK2R1 b,-0.12642656,4650
2baka3/9/9/p1R5p/9/2P6/P3r1p1P/4B4/4A4/2BAK2R1 w,0.13510008,2612
2Raka3/9/9/p7p/9/2P6/P3r1p1P/4B4/4A4/2BAK2R1 b,-0.13470493,5469
2Raka3/9/9/p7p/9/2P6/P3r3P/4B1p2/4A4/2BAK2R1 w,0.13470161,200
3aka3/9/2R6/p7p/9/2P6/P3r3P/4B1p2/4A4/2BAK2R1 b,-0.13040909,6288
3aka3/9/2R6/p7p/9/2P6/P3r3P/4B4/4A1p2/2BAK2R1 w,0.12661076,1824
3aka3/9/6R2/p7p/9/2P6/P3r3P/4B4/4A1p2/2BAK2R1 b,-0.122715615,7097
3aka3/9/6R2/p7p/9/2P6/P3r3P/4B4/4Ap3/2BAK2R1 w,0.13166928,2183
3aka3/9/5R3/p7p/9/2P6/P3r3P/4B4/4Ap3/2BAK2R1 b,-0.1230559,5282
3aka3/9/5R3/p7p/9/2P6/P7r/4B4/4Ap3/2BAK2R1 w,0.13145351,2147
3aka3/9/9/p7p/9/2P6/P7r/4B4/4AR3/2BAK2R1 b,-0.13290395,5634
3aka3/9/9/p7p/9/2P6/r8/4B4/4AR3/2BAK2R1 w,0.144767,7927
3aka1R1/9/9/p7p/9/2P6/r8/4B4/4AR3/2BAK4 b,-0.13570993,283
4ka1R1/4a4/9/p7p/9/2P6/r8/4B4/4AR3/2BAK4 w,0.14034651,664
4ka3/4a4/9/p6Rp/9/2P6/r8/4B4/4AR3/2BAK4 b,-0.13938521,4920
4ka3/4a4/9/p6Rp/9/2P6/6r2/4B4/4AR3/2BAK4 w,0.1390585,3095
4ka3/4a4/9/p7R/9/2P6/6r2/4B4/4AR3/2BAK4 b,-0.14062516,5487
4ka3/4a4/9/p7R/9/2P6/9/4B4/4AR3/2BAK1r2 w,0.14266463,6926
4ka3/4a4/9/p7R/9/2P6/9/4B4/5R3/2BAKAr2 b,-0.13872735,7872
4ka3/4a4/9/p7R/6r2/2P6/9/4B4/5R3/2BAKA3 w,0.13615501,3177
4ka3/4a4/9/R8/6r2/2P6/9/4B4/5R3/2BAKA3 b,-0.13469797,3819
4ka3/4a4/9/R8/3r5/2P6/9/4B4/5R3/2BAKA3 w,0.13329788,2430
R3ka3/4a4/9/9/3r5/2P6/9/4B4/5R3/2BAKA3 b,-0.117029384,3513
R2rka3/4a4/9/9/9/2P6/9/4B4/5R3/2BAKA3 w,0.12665246,3
3Rka3/4a4/9/9/9/2P6/9/4B4/5R3/2BAKA3 b,-0.12560046,363
3k1a3/4a4/9/9/9/2P6/9/4B4/5R3/2BAKA3 w,0.13334446,6081
3k1a3/4a4/9/9/9/2P3B2/9/9/5R3/2BAKA3 b,-0.14122157,1191
3k1a3/9/3a5/9/9/2P3B2/9/9/5R3/2BAKA3 w,0.17417459,6935
3k1R3/9/3a5/9/9/2P3B2/9/9/9/2BAKA3 b,-0.18006712,282
5R3/3k5/3a5/9/9/2P3B2/9/9/9/2BAKA3 w,0.19126776,450
R8/3k5/3a5/9/9/2P3B2/9/9/9/2BAKA3 b,-0.19101052,1903
R8/3ka4/9/9/9/2P3B2/9/9/9/2BAKA3 w,0.19421421,9
9/R2ka4/9/9/9/2P3B2/9/9/9/2BAKA3 b,-0.19476701,1083
3k5/R3a4/9/9/9/2P3B2/9/9/9/2BAKA3 w,0.2,823
rnbakabnr/9/1c5c1/p1p1p1p1p/9/9/P1P1P1P1P/1C5C1/9/RNBAKABNR w,0.8018177,5827
rnbakabnr/9/1c5c1/p1p1p1p1p/9/9/P1P1P1P1P/4C2C1/9/RNBAKABNR b,-0.80176365,110
r1bakabnr/9/1cn4c1/p1p1p1p1p/9/9/P1P1P1P1P/4C2C1/9/RNBAKABNR w,0.8018302,7445
r1bakabnr/9/1cn4c1/p1p1p1p1p/9/9/P1P1P1P1P/2N1C2C1/9/R1BAKABNR b,-0.801812,562
r1baka1nr/9/1cn1b2c1/p1p1p1p1p/9/9/P1P1P1P1P/2N1C2C1/9/R1BAKABNR w,0.801942,7372
r1baka1nr/9/1cn1b2c1/p1p1p1p1p/9/9/P1P1P1P1P/2N1C2C1/9/1RBAKABNR b,-0.80177003,1
1rbaka1nr/9/1cn1b2c1/p1p1p1p1p/9/9/P1P1P1P1P/2N1C2C1/9/1RBAKABNR w,0.80169904,6368
1rbaka1nr/9/1cn1b2c1/p1p1p1p1p/9/9/P1P1P1P1P/2N1CC3/9/1RBAKABNR b,-0.8012789,654
1rbaka2r/9/1cn1b1nc1/p1p1p1p1p/9/9/P1P1P1P1P/2N1CC3/9/1RBAKABNR w,0.8015947,7989
1rbaka2r/9/1cn1b1nc1/p1p1p1p1p/9/9/P1P1P1P1P/2N1CCN2/9/1RBAKAB1R b,-0.8013682,3012
1rbaka2r/9/1cn1b1nc1/p1p1p3p/6p2/9/P1P1P1P1P/2N1CCN2/9/1RBAKAB1R w,0.8018723,8098
1rbaka2r/9/1cn1b1nc1/p1p1p3p/6p2/9/P1P1P1P1P/2N1CCN2/9/1RBAKABR1 b,-0.8018871,727
1rbaka1r1/9/1cn1b1nc1/p1p1p3p/6p2/9/P1P1P1P1P/2N1CCN2/9/1RBAKABR1 w,0.80251306,5087
1rbaka1r1/9/1cn1b1nc1/p1p1p3p/6p2/2P6/P3P1P1P/2N1CCN2/9/1RBAKABR1 b,-0.8022262,1765
1rbaka1r1/9/2n1b1nc1/p1p1p3p/6p2/2P6/Pc2P1P1P/2N1CCN2/9/1RBAKABR1 w,0.80513823,5898
1rbaka1r1/9/2n1b1nc1/p1p1p3p/6p2/2PN5/Pc2P1P1P/4CCN2/9/1RBAKABR1 b,-0.80644923,2311
1rbaka1r1/9/2n1b1n2/p1p1p3p/6p2/2PN5/Pc2P1PcP/4CCN2/9/1RBAKABR1 w,0.80787426,6143
1rbaka1r1/9/2n1bCn2/p1p1p3p/6p2/2PN5/Pc2P1PcP/4C1N2/9/1RBAKABR1 b,-0.80805,1986
1rbakabr1/9/2n2Cn2/p1p1p3p/6p2/2PN5/Pc2P1PcP/4C1N2/9/1RBAKABR1 w,0.81814575,4351
1rbakabr1/9/2n2Cn2/p1p1N3p/6p2/2P6/Pc2P1PcP/4C1N2/9/1RBAKABR1 b,-0.8047813,1831
1rbakabr1/9/5Cn2/p1p1n3p/6p2/2P6/Pc2P1PcP/4C1N2/9/1RBAKABR1 w,0.80497974,6061
1rbakabr1/9/5Cn2/p1p1C3p/6p2/2P6/Pc2P1PcP/6N2/9/1RBAKABR1 b,-0.79093283,109
2bakabr1/9/1r3Cn2/p1p1C3p/6p2/2P6/Pc2P1PcP/6N2/9/1RBAKABR1 w,0.8018213,2839
2bakabr1/9/1r3Cn2/p1p5p/6p2/2P1C4/Pc2P1PcP/6N2/9/1RBAKABR1 b,-0.7983648,1733
2bakabr1/9/5rn2/p1p5p/6p2/2P1C4/Pc2P1PcP/6N2/9/1RBAKABR1 w,0.80961525,7435
2bakabr1/9/5rn2/p1p5p/6p2/2P1C4/PR2P1PcP/6N2/9/2BAKABR1 b,-0.8070279,2201
2bakabr1/9/5r3/p1p5p/5np2/2P1C4/PR2P1PcP/6N2/9/2BAKABR1 w,0.8138219,4987
2bakabr1/9/5r3/p1p5p/1R3np2/2P1C4/P3P1PcP/6N2/9/2BAKABR1 b,-0.8084692,3750
2bakabr1/9/5r3/p1p5p/1R4p2/2P1C4/P3P1ncP/6N2/9/2BAKABR1 w,0.81916374,3372
2bakabr1/9/5r3/p1p5p/6R2/2P1C4/P3P1ncP/6N2/9/2BAKABR1 b,-0.80542547,5449
2bakabr1/9/5r3/p1p5p/6R2/2P1n4/P3P2cP/6N2/9/2BAKABR1 w,0.8058268,5269
2bakabr1/9/5r3/p1p5p/6R2/2P1P4/P6cP/6N2/9/2BAKABR1 b,-0.79952466,5560
2bakabr1/9/5r3/p1p5p/6R2/2P1P4/P7P/6Nc1/9/2BAKABR1 w,0.80848104,7999
2bakabr1/9/5r3/p1p5p/6R2/2P1P4/P7P/6Nc1/7R1/2BAKAB2 b,-0.7982415,2138
2bakabr1/9/9/p1p5p/6R2/2P1P4/P7P/5rNc1/7R1/2BAKAB2 w,0.8004578,3813
2bakabr1/9/9/p1p3R1p/9/2P1P4/P7P/5rNc1/7R1/2BAKAB2 b,-0.8004975,691
2bakab2/9/9/p1p3R1p/9/2P1P4/P6rP/5rNc1/7R1/2BAKAB2 w,0.81447953,2976
2bakaR2/9/9/p1p5p/9/2P1P4/P6rP/5rNc1/7R1/2BAKAB2 b,-0.8039704,5548
2bakaR2/9/9/p1p5p/9/2P1P4/P3r3P/5rNc1/7R1/2BAKAB2 w,0.83272547,7816
2bakaR2/9/9/p1p5p/9/2P1P4/P3r3P/5rNc1/4A2R1/2BAK1B2 b,-0.8202951,6371
2bakaR2/9/9/p1p5p/9/2P1P4/P3r3P/5rN1c/4A2R1/2BAK1B2 w,0.82952046,591
2baka3/9/9/p1p5p/9/2P1P1R2/P3r3P/5rN1c/4A2R1/2BAK1B2 b,-0.8095847,202
3aka3/9/4b4/p1p5p/9/2P1P1R2/P3r3P/5rN1c/4A2R1/2BAK1B2 w,0.83497936,7162
3aka3/9/4b4/p1p5p/9/2P1P1RR1/P3r3P/5rN1c/4A4/2BAK1B2 b,-0.83994573,6479
3aka3/9/4b4/p1p5p/9/2P1P1RR1/P3r3P/5rN2/4A4/2BAK1B1c w,0.87688583,7897
3aka3/9/4b4/p1p5p/9/2P1P1RR1/P3r3P/4BrN2/4A4/2BAK3c b,-0.8663143,6187
3aka3/9/4b4/p1p5p/9/2P1P1RR1/P3r3P/4r1N2/4A4/2BAK3c w,0.89722204,7537
3aka3/9/4b4/p1p5p/9/2P1P1RR1/P3r3P/4B1N2/4A4/3AK3c b,-0.8931326,5287
3aka3/9/4b4/p1p5p/9/2P1P1RR1/P7P/4r1N2/4A4/3AK3c w,0.9093776,4614
3aka3/9/4b1R2/p1p5p/9/2P1P2R1/P7P/4r1N2/4A4/3AK3c b,-0.9042,1982
2baka3/9/6R2/p1p5p/9/2P1P2R1/P7P/4r1N2/4A4/3AK3c w,0.9091134,6260
2baka3/9/6R2/p1p5p/9/2P1PN1R1/P7P/4r4/4A4/3AK3c b,-0.9073141,6079
2baka3/9/6R2/p1p5p/9/2P1rN1R1/P7P/9/4A4/3AK3c w,0.91594464,2180
2baka3/9/2R6/p1p5p/9/2P1rN1R1/P7P/9/4A4/3AK3c b,-0.9109807,202
3aka3/9/2R1b4/p1p5p/9/2P1rN1R1/P7P/9/4A4/3AK3c w,0.93434924,4533
3aka3/9/2R1b4/p1p3N1p/9/2P1r2R1/P7P/9/4A4/3AK3c b,-0.922062,4462
3aka3/9/2R1b4/p1p3N1p/9/2P4r1/P7P/9/4A4/3AK3c w,0.94082123,3022
3aka3/9/2R1b4/p1p5p/9/2P4N1/P7P/9/4A4/3AK3c b,-0.94347465,8090
3aka3/9/2R1b4/p1p5p/9/2P4N1/P7P/9/4A3c/3AK4 w,0.94778585,1822
3aka3/9/4R4/p1p5p/9/2P4N1/P7P/9/4A3c/3AK4 b,-0.9554099,463
3ak4/4a4/4R4/p1p5p/9/2P4N1/P7P/9/4A3c/3AK4 w,0.9596255,2011
3ak4/4a4/9/p1p1R3p/9/2P4N1/P7P/9/4A3c/3AK4 b,-0.9567462,7289
3ak4/4a4/9/p1p1R3p/9/2P4N1/P7P/9/4A4/3AK3c w,0.9626903,6906
3ak4/4a4/9/p1p1R3p/9/2P4N1/P7P/3A5/9/3AK3c b,-0.954631,8090
3ak4/4a4/9/p1p1R3p/9/2P4N1/P7P/3A5/8c/3AK4 w,0.95810294,4721
3ak4/4a4/9/p1p1R3p/5N3/2P6/P7P/3A5/8c/3AK4 b,-0.9597867,7289
3ak4/4a4/9/p1p1R3p/5N3/2P6/P7P/3A5/9/3AK3c w,0.98734456,3720
3ak4/4a4/9/p1pNR3p/9/2P6/P7P/3A5/9/3AK3c b,-0.9873323,8094
3ak4/4a4/9/p1pNR3p/9/2P6/P7P/3A5/9/3cK4 w,0.99208987,2711
3ak4/2N1a4/9/p1p1R3p/9/2P6/P7P/3A5/9/3cK4 b,-0.99041206,365
3a1k3/2N1a4/9/p1p1R3p/9/2P6/P7P/3A5/9/3cK4 w,0.9973348,2822
3a1k3/2N1a4/9/p1p2R2p/9/2P6/P7P/3A5/9/3cK4 b,-0.99773306,1193
3a1k3/2N6/5a3/p1p2R2p/9/2P6/P7P/3A5/9/3cK4 w,1,2903
rnbakabnr/9/1c5c1/p1p1p1p1p/9/9/P1P1P1P1P/1C5C1/9/RNBAKABNR w,0.8018179,5827
rnbakabnr/9/1c5c1/p1p1p1p1p/9/9/P1P1P1P1P/4C2C1/9/RNBAKABNR b,-0.8017965,110
r1bakabnr/9/1cn4c1/p1p1p1p1p/9/9/P1P1P1P1P/4C2C1/9/RNBAKABNR w,0.8018302,7445
r1bakabnr/9/1cn4c1/p1p1p1p1p/9/9/P1P1P1P1P/2N1C2C1/9/R1BAKABNR b,-0.80180717,562
r1baka1nr/9/1cn1b2c1/p1p1p1p1p/9/9/P1P1P1P1P/2N1C2C1/9/R1BAKABNR w,0.8019352,7372
r1baka1nr/9/1cn1b2c1/p1p1p1p1p/9/9/P1P1P1P1P/2N1C2C1/9/1RBAKABNR b,-0.8017659,1
1rbaka1nr/9/1cn1b2c1/p1p1p1p1p/9/9/P1P1P1P1P/2N1C2C1/9/1RBAKABNR w,0.80169904,6368
1rbaka1nr/9/1cn1b2c1/p1p1p1p1p/9/9/P1P1P1P1P/2N1CC3/9/1RBAKABNR b,-0.80128574,654
1rbaka2r/9/1cn1b1nc1/p1p1p1p1p/9/9/P1P1P1P1P/2N1CC3/9/1RBAKABNR w,0.80158657,7989
1rbaka2r/9/1cn1b1nc1/p1p1p1p1p/9/9/P1P1P1P1P/2N1CCN2/9/1RBAKAB1R b,-0.8013682,3012
1rbaka2r/9/1cn1b1nc1/p1p1p3p/6p2/9/P1P1P1P1P/2N1CCN2/9/1RBAKAB1R w,0.8018736,8098
1rbaka2r/9/1cn1b1nc1/p1p1p3p/6p2/9/P1P1P1P1P/2N1CCN2/9/1RBAKABR1 b,-0.80190897,727
1rbaka1r1/9/1cn1b1nc1/p1p1p3p/6p2/9/P1P1P1P1P/2N1CCN2/9/1RBAKABR1 w,0.80251306,5087
1rbaka1r1/9/1cn1b1nc1/p1p1p3p/6p2/2P6/P3P1P1P/2N1CCN2/9/1RBAKABR1 b,-0.80212146,1765
1rbaka1r1/9/2n1b1nc1/p1p1p3p/6p2/2P6/Pc2P1P1P/2N1CCN2/9/1RBAKABR1 w,0.8047115,5898
1rbaka1r1/9/2n1b1nc1/p1p1p3p/6p2/2PN5/Pc2P1P1P/4CCN2/9/1RBAKABR1 b,-0.8063935,2311
1rbaka1r1/9/2n1b1n2/p1p1p3p/6p2/2PN5/Pc2P1PcP/4CCN2/9/1RBAKABR1 w,0.8078968,6143
1rbaka1r1/9/2n1bCn2/p1p1p3p/6p2/2PN5/Pc2P1PcP/4C1N2/9/1RBAKABR1 b,-0.8084572,1986
1rbakabr1/9/2n2Cn2/p1p1p3p/6p2/2PN5/Pc2P1PcP/4C1N2/9/1RBAKABR1 w,0.81814575,4351
1rbakabr1/9/2n2Cn2/p1p1N3p/6p2/2P6/Pc2P1PcP/4C1N2/9/1RBAKABR1 b,-0.8047683,1831
1rbakabr1/9/5Cn2/p1p1n3p/6p2/2P6/Pc2P1PcP/4C1N2/9/1RBAKABR1 w,0.8050013,6061
1rbakabr1/9/5Cn2/p1p1C3p/6p2/2P6/Pc2P1PcP/6N2/9/1RBAKABR1 b,-0.7909604,109
2bakabr1/9/1r3Cn2/p1p1C3p/6p2/2P6/Pc2P1PcP/6N2/9/1RBAKABR1 w,0.80192703,2839
2bakabr1/9/1r3Cn2/p1p5p/6p2/2P1C4/Pc2P1PcP/6N2/9/1RBAKABR1 b,-0.7983007,1733
2bakabr1/9/5rn2/p1p5p/6p2/2P1C4/Pc2P1PcP/6N2/9/1RBAKABR1 w,0.80986685,7435
2bakabr1/9/5rn2/p1p5p/6p2/2P1C4/PR2P1PcP/6N2/9/2BAKABR1 b,-0.8070279,2201
2bakabr1/9/5r3/p1p5p/5np2/2P1C4/PR2P1PcP/6N2/9/2BAKABR1 w,0.8140585,4987
2bakabr1/9/5r3/p1p5p/1R3np2/2P1C4/P3P1PcP/6N2/9/2BAKABR1 b,-0.80842113,3750
2bakabr1/9/5r3/p1p5p/1R4p2/2P1C4/P3P1ncP/6N2/9/2BAKABR1 w,0.8201045,3372
2bakabr1/9/5r3/p1p5p/6R2/2P1C4/P3P1ncP/6N2/9/2BAKABR1 b,-0.80542547,5449
2bakabr1/9/5r3/p1p5p/6R2/2P1n4/P3P2cP/6N2/9/2BAKABR1 w,0.80577743,5269
2bakabr1/9/5r3/p1p5p/6R2/2P1P4/P6cP/6N2/9/2BAKABR1 b,-0.79940635,5560
2bakabr1/9/5r3/p1p5p/6R2/2P1P4/P7P/6Nc1/9/2BAKABR1 w,0.8098527,7999
2bakabr1/9/5r3/p1p5p/6R2/2P1P4/P7P/6Nc1/7R1/2BAKAB2 b,-0.7986315,2138
2bakabr1/9/9/p1p5p/6R2/2P1P4/P7P/5rNc1/7R1/2BAKAB2 w,0.8013081,3813
2bakabr1/9/9/p1p3R1p/9/2P1P4/P7P/5rNc1/7R1/2BAKAB2 b,-0.8004975,691
2bakab2/9/9/p1p3R1p/9/2P1P4/P6rP/5rNc1/7R1/2BAKAB2 w,0.81431395,2976
2bakaR2/9/9/p1p5p/9/2P1P4/P6rP/5rNc1/7R1/2BAKAB2 b,-0.80372053,5548
2bakaR2/9/9/p1p5p/9/2P1P4/P3r3P/5rNc1/7R1/2BAKAB2 w,0.83094186,7816
2bakaR2/9/9/p1p5p/9/2P1P4/P3r3P/5rNc1/4A2R1/2BAK1B2 b,-0.8200408,6371
2bakaR2/9/9/p1p5p/9/2P1P4/P3r3P/5rN1c/4A2R1/2BAK1B2 w,0.829989,591
2baka3/9/9/p1p5p/9/2P1P1R2/P3r3P/5rN1c/4A2R1/2BAK1B2 b,-0.8072379,283
2b1ka3/4a4/9/p1p5p/9/2P1P1R2/P3r3P/5rN1c/4A2R1/2BAK1B2 w,0.8420421,7117
2b1ka1R1/4a4/9/p1p5p/9/2P1P1R2/P3r3P/5rN1c/4A4/2BAK1B2 b,-0.85285515,6479
2b1ka1R1/4a4/9/p1p5p/9/2P1P1R2/P3r3P/5rN2/4A4/2BAK1B1c w,0.88279015,7897
2b1ka1R1/4a4/9/p1p5p/9/2P1P1R2/P3r3P/4BrN2/4A4/2BAK3c b,-0.87096184,8097
2b1ka1R1/4a4/9/p1p5p/9/2P1P1R2/P3r3P/4BrN2/4A4/2BAK1c2 w,0.9086867,6117
2b1ka1R1/4a4/9/p1p5p/9/2P1P1R2/P3r3P/5rN2/4A4/2BAK1B2 b,-0.89804435,202
4ka1R1/4a4/4b4/p1p5p/9/2P1P1R2/P3r3P/5rN2/4A4/2BAK1B2 w,0.9071494,664
4ka3/4a4/4b4/p1p4Rp/9/2P1P1R2/P3r3P/5rN2/4A4/2BAK1B2 b,-0.8955969,2466
4ka3/4a4/4b4/2p4Rp/p8/2P1P1R2/P3r3P/5rN2/4A4/2BAK1B2 w,0.94516325,7897
4ka3/4a4/4b4/2p4Rp/p8/2P1P1R2/P3r3P/4BrN2/4A4/2BAK4 b,-0.92744523,6189
4ka3/4a4/4b4/2p4Rp/p8/2P1P1R2/P3r3P/4B1r2/4A4/2BAK4 w,0.9318604,4659
4ka3/4a4/4b4/2p4Rp/p8/2P1P4/P3r3P/4B1R2/4A4/2BAK4 b,-0.9259419,5269
4ka3/4a4/4b4/2p4Rp/p8/2P1r4/P7P/4B1R2/4A4/2BAK4 w,0.92744625,3089
4ka3/4a4/4b4/2R5p/p8/2P1r4/P7P/4B1R2/4A4/2BAK4 b,-0.92848885,4468
4ka3/4a4/4b4/2R5p/p8/2P6/P3r3P/4B1R2/4A4/2BAK4 w,0.93668836,6117
4ka3/4a4/4b4/2R5p/p8/2P6/P3r3P/6R2/4A4/2BAK1B2 b,-0.93444335,5282
4ka3/4a4/4b4/2R5p/p8/2P6/P7r/6R2/4A4/2BAK1B2 w,0.9469192,2641
4ka3/4a4/4b4/4R3p/p8/2P6/P7r/6R2/4A4/2BAK1B2 b,-0.9456605,1982
2b1ka3/4a4/9/4R3p/p8/2P6/P7r/6R2/4A4/2BAK1B2 w,0.9451176,4268
2b1ka3/4a4/9/4R3p/p1P6/9/P7r/6R2/4A4/2BAK1B2 b,-0.9422208,5624
2b1ka3/4a4/9/4R3p/p1P5r/9/P8/6R2/4A4/2BAK1B2 w,0.9452033,3449
2b1ka3/4a4/9/2P1R3p/p7r/9/P8/6R2/4A4/2BAK1B2 b,-0.94229364,3998
2b1ka3/4a4/9/2P1R3p/p1r6/9/P8/6R2/4A4/2BAK1B2 w,0.95056367,2640
2b1ka3/4a4/9/3PR3p/p1r6/9/P8/6R2/4A4/2BAK1B2 b,-0.9516773,3503
2b1ka3/4a4/9/3PR3p/p8/9/P8/6R2/4A4/2rAK1B2 w,0.9601728,2721
2b1ka3/4a4/3P5/4R3p/p8/9/P8/6R2/4A4/2rAK1B2 b,-0.9565406,7526
2b1ka3/4a4/3P5/4R3p/p8/9/P1r6/6R2/4A4/3AK1B2 w,0.95779806,1902
2b1ka3/3Pa4/9/4R3p/p8/9/P1r6/6R2/4A4/3AK1B2 b,-0.9535442,5060
2b1ka3/3Pa4/2r6/4R3p/p8/9/P8/6R2/4A4/3AK1B2 w,0.9945525,1093
2b1ka3/4P4/2r6/4R3p/p8/9/P8/6R2/4A4/3AK1B2 b,-0.994413,463
2b1k4/4a4/2r6/4R3p/p8/9/P8/6R2/4A4/3AK1B2 w,1,6216
rnbakabnr/9/1c5c1/p1p1p1p1p/9/9/P1P1P1P1P/1C5C1/9/RNBAKABNR w,0.8018177,5827
rnbakabnr/9/1c5c1/p1p1p1p1p/9/9/P1P1P1P1P/4C2C1/9/RNBAKABNR b,-0.80176365,110
r1bakabnr/9/1cn4c1/p1p1p1p1p/9/9/P1P1P1P1P/4C2C1/9/RNBAKABNR w,0.8018302,7445
r1bakabnr/9/1cn4c1/p1p1p1p1p/9/9/P1P1P1P1P/2N1C2C1/9/R1BAKABNR b,-0.80183524,562
r1baka1nr/9/1cn1b2c1/p1p1p1p1p/9/9/P1P1P1P1P/2N1C2C1/9/R1BAKABNR w,0.8019497,7372
r1baka1nr/9/1cn1b2c1/p1p1p1p1p/9/9/P1P1P1P1P/2N1C2C1/9/1RBAKABNR b,-0.8017839,1
1rbaka1nr/9/1cn1b2c1/p1p1p1p1p/9/9/P1P1P1P1P/2N1C2C1/9/1RBAKABNR w,0.80166847,6368
1rbaka1nr/9/1cn1b2c1/p1p1p1p1p/9/9/P1P1P1P1P/2N1CC3/9/1RBAKABNR b,-0.80126923,654
1rbaka2r/9/1cn1b1nc1/p1p1p1p1p/9/9/P1P1P1P1P/2N1CC3/9/1RBAKABNR w,0.80158037,7989
1rbaka2r/9/1cn1b1nc1/p1p1p1p1p/9/9/P1P1P1P1P/2N1CCN2/9/1RBAKAB1R b,-0.80137295,3012
1rbaka2r/9/1cn1b1nc1/p1p1p3p/6p2/9/P1P1P1P1P/2N1CCN2/9/1RBAKAB1R w,0.8018736,8098
1rbaka2r/9/1cn1b1nc1/p1p1p3p/6p2/9/P1P1P1P1P/2N1CCN2/9/1RBAKABR1 b,-0.8020107,727
1rbaka1r1/9/1cn1b1nc1/p1p1p3p/6p2/9/P1P1P1P1P/2N1CCN2/9/1RBAKABR1 w,0.8027678,5087
1rbaka1r1/9/1cn1b1nc1/p1p1p3p/6p2/2P6/P3P1P1P/2N1CCN2/9/1RBAKABR1 b,-0.8021958,1765
1rbaka1r1/9/2n1b1nc1/p1p1p3p/6p2/2P6/Pc2P1P1P/2N1CCN2/9/1RBAKABR1 w,0.80496484,5898
1rbaka1r1/9/2n1b1nc1/p1p1p3p/6p2/2PN5/Pc2P1P1P/4CCN2/9/1RBAKABR1 b,-0.8064118,2311
1rbaka1r1/9/2n1b1n2/p1p1p3p/6p2/2PN5/Pc2P1PcP/4CCN2/9/1RBAKABR1 w,0.8079284,6143
1rbaka1r1/9/2n1bCn2/p1p1p3p/6p2/2PN5/Pc2P1PcP/4C1N2/9/1RBAKABR1 b,-0.8084572,1986
1rbakabr1/9/2n2Cn2/p1p1p3p/6p2/2PN5/Pc2P1PcP/4C1N2/9/1RBAKABR1 w,0.81805813,4351
1rbakabr1/9/2n2Cn2/p1p1N3p/6p2/2P6/Pc2P1PcP/4C1N2/9/1RBAKABR1 b,-0.8047812,1831
1rbakabr1/9/5Cn2/p1p1n3p/6p2/2P6/Pc2P1PcP/4C1N2/9/1RBAKABR1 w,0.80503064,6061
1rbakabr1/9/5Cn2/p1p1C3p/6p2/2P6/Pc2P1PcP/6N2/9/1RBAKABR1 b,-0.79062665,109
2bakabr1/9/1r3Cn2/p1p1C3p/6p2/2P6/Pc2P1PcP/6N2/9/1RBAKABR1 w,0.8022862,2839
2bakabr1/9/1r3Cn2/p1p5p/6p2/2P1C4/Pc2P1PcP/6N2/9/1RBAKABR1 b,-0.79876643,1733
2bakabr1/9/5rn2/p1p5p/6p2/2P1C4/Pc2P1PcP/6N2/9/1RBAKABR1 w,0.8097739,7435
2bakabr1/9/5rn2/p1p5p/6p2/2P1C4/PR2P1PcP/6N2/9/2BAKABR1 b,-0.8070279,2201
2bakabr1/9/5r3/p1p5p/5np2/2P1C4/PR2P1PcP/6N2/9/2BAKABR1 w,0.8140369,4987
2bakabr1/9/5r3/p1p5p/1R3np2/2P1C4/P3P1PcP/6N2/9/2BAKABR1 b,-0.80843544,3750
2bakabr1/9/5r3/p1p5p/1R4p2/2P1C4/P3P1ncP/6N2/9/2BAKABR1 w,0.81917614,3372
2bakabr1/9/5r3/p1p5p/6R2/2P1C4/P3P1ncP/6N2/9/2BAKABR1 b,-0.8054496,5449
2bakabr1/9/5r3/p1p5p/6R2/2P1n4/P3P2cP/6N2/9/2BAKABR1 w,0.8057559,5269
2bakabr1/9/5r3/p1p5p/6R2/2P1P4/P6cP/6N2/9/2BAKABR1 b,-0.79941744,5560
2bakabr1/9/5r3/p1p5p/6R2/2P1P4/P7P/6Nc1/9/2BAKABR1 w,0.80920476,7999
2bakabr1/9/5r3/p1p5p/6R2/2P1P4/P7P/6Nc1/7R1/2BAKAB2 b,-0.7986315,2138
2bakabr1/9/9/p1p5p/6R2/2P1P4/P7P/5rNc1/7R1/2BAKAB2 w,0.80029345,3813
2bakabr1/9/9/p1p3R1p/9/2P1P4/P7P/5rNc1/7R1/2BAKAB2 b,-0.80166024,691
2bakab2/9/9/p1p3R1p/9/2P1P4/P6rP/5rNc1/7R1/2BAKAB2 w,0.8144135,2976
2bakaR2/9/9/p1p5p/9/2P1P4/P6rP/5rNc1/7R1/2BAKAB2 b,-0.8037907,5548
2bakaR2/9/9/p1p5p/9/2P1P4/P3r3P/5rNc1/7R1/2BAKAB2 w,0.83194363,7816
2bakaR2/9/9/p1p5p/9/2P1P4/P3r3P/5rNc1/4A2R1/2BAK1B2 b,-0.819282,6371
2bakaR2/9/9/p1p5p/9/2P1P4/P3r3P/5rN1c/4A2R1/2BAK1B2 w,0.82585573,555
2baka3/6R2/9/p1p5p/9/2P1P4/P3r3P/5rN1c/4A2R1/2BAK1B2 b,-0.8064077,5269
2baka3/6R2/9/p1p5p/9/2P1r4/P7P/5rN1c/4A2R1/2BAK1B2 w,0.82657975,7117
2baka1R1/6R2/9/p1p5p/9/2P1r4/P7P/5rN1c/4A4/2BAK1B2 b,-0.8283396,6479
2baka1R1/6R2/9/p1p5p/9/2P1r4/P7P/5rN2/4A4/2BAK1B1c w,0.8357209,7897
2baka1R1/6R2/9/p1p5p/9/2P1r4/P7P/4BrN2/4A4/2BAK3c b,-0.8202988,6179
2baka1R1/6R2/9/p1p5p/9/2P1r4/P4r2P/4B1N2/4A4/2BAK3c w,0.8209948,1356
2bakaRR1/9/9/p1p5p/9/2P1r4/P4r2P/4B1N2/4A4/2BAK3c b,-0.80222225,202
3akaRR1/9/4b4/p1p5p/9/2P1r4/P4r2P/4B1N2/4A4/2BAK3c w,0.81210923,564
3aka1R1/9/4b1R2/p1p5p/9/2P1r4/P4r2P/4B1N2/4A4/2BAK3c b,-0.79678696,4441
3aka1R1/9/4b1R2/p1p1r3p/9/2P6/P4r2P/4B1N2/4A4/2BAK3c w,0.808389,6262
3aka1R1/9/4b1R2/p1p1r3p/9/2P4N1/P4r2P/4B4/4A4/2BAK3c b,-0.7763101,5371
3aka1R1/9/4b1R2/p1p1r3p/9/2P4N1/P6rP/4B4/4A4/2BAK3c w,0.78677374,6908
3aka1R1/9/4b1R2/p1p1r3p/9/2P4N1/P6rP/4BA3/9/2BAK3c b,-0.7758959,283
4ka1R1/4a4/4b1R2/p1p1r3p/9/2P4N1/P6rP/4BA3/9/2BAK3c w,0.7807201,655
4ka3/4a4/4b1RR1/p1p1r3p/9/2P4N1/P6rP/4BA3/9/2BAK3c b,-0.7698446,1982
2b1ka3/4a4/6RR1/p1p1r3p/9/2P4N1/P6rP/4BA3/9/2BAK3c w,0.7890831,4721
2b1ka3/4a4/6RR1/p1p1r3p/5N3/2P6/P6rP/4BA3/9/2BAK3c b,-0.7784839,5578
2b1ka3/4a4/6RR1/p1p1r3p/5N3/2P6/P7P/4BA3/9/2BAK2rc w,0.7859873,7726
2b1ka3/4a4/6RR1/p1p1r3p/5N3/2P6/P7P/4BA3/4K4/2BA3rc b,-0.77910817,8004
2b1ka3/4a4/6RR1/p1p1r3p/5N3/2P6/P7P/4BA3/4K4/2Br4c w,0.8158767,2180
2b1ka3/4a4/2R4R1/p1p1r3p/5N3/2P6/P7P/4BA3/4K4/2Br4c b,-0.79333526,1173
2baka3/9/2R4R1/p1p1r3p/5N3/2P6/P7P/4BA3/4K4/2Br4c w,0.82120377,1802
2Raka3/9/7R1/p1p1r3p/5N3/2P6/P7P/4BA3/4K4/2Br4c b,-0.80346936,8093
2Raka3/9/7R1/p1p1r3p/5N3/2P6/P7P/4BA3/4K4/2cr5 w,0.82909715,3712
2Raka3/9/4N2R1/p1p1r3p/9/2P6/P7P/4BA3/4K4/2cr5 b,-0.83520836,7645
2Raka3/9/4N2R1/p1p1r3p/9/2P6/P7P/4BA3/4K4/2c1r4 w,0.9447602,6925
2Raka3/9/4N2R1/p1p1r3p/9/2P6/P7P/4BA3/9/2c1K4 b,-0.9421421,373
2Ra1a3/4k4/4N2R1/p1p1r3p/9/2P6/P7P/4BA3/9/2c1K4 w,0.955407,1995
2Ra1a3/4k1N2/7R1/p1p1r3p/9/2P6/P7P/4BA3/9/2c1K4 b,-0.9563285,2857
2Ra1a3/4k1N2/7R1/p1p5p/9/2P6/P7P/4rA3/9/2c1K4 w,0.96602297,6196
2Ra1a3/4k1N2/7R1/p1p5p/9/2P6/P7P/4r4/4A4/2c1K4 b,-0.96627045,6106
2Ra1a3/4k1N2/7R1/p1p5p/9/2P6/P7P/9/4r4/2c1K4 w,0.9744926,7736
2Ra1a3/4k1N2/7R1/p1p5p/9/2P6/P7P/9/4r4/2c2K3 b,-0.95175755,7554
2Ra1a3/4k1N2/7R1/p1p5p/9/2P6/P7P/9/4r4/3c1K3 w,0.9882908,2271
2Ra1a3/4k1N2/3R5/p1p5p/9/2P6/P7P/9/4r4/3c1K3 b,-0.9851633,6925
2Ra1a3/4k1N2/3R5/p1p5p/9/2P6/P7P/9/9/3crK3 w,0.9928961,7817
2Ra1a3/4k1N2/3R5/p1p5p/9/2P6/P7P/9/5K3/3cr4 b,-0.9900974,7726
2Ra1a3/4k1N2/3R5/p1p5p/9/2P6/P7P/9/4rK3/3c5 w,1,7016
rnbakabnr/9/1c5c1/p1p1p1p1p/9/9/P1P1P1P1P/1C5C1/9/RNBAKABNR w,0.80179256,5827
rnbakabnr/9/1c5c1/p1p1p1p1p/9/9/P1P1P1P1P/4C2C1/9/RNBAKABNR b,-0.8017682,110
r1bakabnr/9/1cn4c1/p1p1p1p1p/9/9/P1P1P1P1P/4C2C1/9/RNBAKABNR w,0.80182487,7445
r1bakabnr/9/1cn4c1/p1p1p1p1p/9/9/P1P1P1P1P/2N1C2C1/9/R1BAKABNR b,-0.80182236,562
r1baka1nr/9/1cn1b2c1/p1p1p1p1p/9/9/P1P1P1P1P/2N1C2C1/9/R1BAKABNR w,0.8019352,7372
r1baka1nr/9/1cn1b2c1/p1p1p1p1p/9/9/P1P1P1P1P/2N1C2C1/9/1RBAKABNR b,-0.80177104,1
1rbaka1nr/9/1cn1b2c1/p1p1p1p1p/9/9/P1P1P1P1P/2N1C2C1/9/1RBAKABNR w,0.8016996,6368
1rbaka1nr/9/1cn1b2c1/p1p1p1p1p/9/9/P1P1P1P1P/2N1CC3/9/1RBAKABNR b,-0.80232906,2648
1rbaka1nr/9/1cn1b2c1/p3p1p1p/2p6/9/P1P1P1P1P/2N1CC3/9/1RBAKABNR w,0.8025953,7989
1rbaka1nr/9/1cn1b2c1/p3p1p1p/2p6/9/P1P1P1P1P/2N1CCN2/9/1RBAKAB1R b,-0.8026873,1765
1rbaka1nr/9/2n1b2c1/p3p1p1p/2p6/9/PcP1P1P1P/2N1CCN2/9/1RBAKAB1R w,0.80387044,8098
1rbaka1nr/9/2n1b2c1/p3p1p1p/2p6/9/PcP1P1P1P/2N1CCN2/9/1RBAKABR1 b,-0.80178607,644
1rbaka2r/5n3/2n1b2c1/p3p1p1p/2p6/9/PcP1P1P1P/2N1CCN2/9/1RBAKABR1 w,0.8025666,7972
1rbaka2r/5n3/2n1b2c1/p3p1p1p/2p6/7R1/PcP1P1P1P/2N1CCN2/9/1RBAKAB2 b,-0.8010985,2274
1rbaka2r/5n3/2n1b1c2/p3p1p1p/2p6/7R1/PcP1P1P1P/2N1CCN2/9/1RBAKAB2 w,0.80234575,4730
1rbaka2r/5n3/2n1b1c2/p3p1p1p/2p6/5R3/PcP1P1P1P/2N1CCN2/9/1RBAKAB2 b,-0.8026171,1285
1rbaka2r/9/2n1b1cn1/p3p1p1p/2p6/5R3/PcP1P1P1P/2N1CCN2/9/1RBAKAB2 w,0.8027534,5087
1rbaka2r/9/2n1b1cn1/p3p1p1p/2p6/2P2R3/Pc2P1P1P/2N1CCN2/9/1RBAKAB2 b,-0.80256075,3467
1rbaka2r/9/2n1b1cn1/p3p1p1p/9/2p2R3/Pc2P1P1P/2N1CCN2/9/1RBAKAB2 w,0.80455285,4547
1rbaka2r/9/2n1b1cn1/p3p1p1p/9/2R6/Pc2P1P1P/2N1CCN2/9/1RBAKAB2 b,-0.80827695,5010
1rbaka2r/9/2n1b1cn1/p3p1p1p/9/2R6/P3P1c1P/2N1CCN2/9/1RBAKAB2 w,0.8132521,7381
1Rbaka2r/9/2n1b1cn1/p3p1p1p/9/2R6/P3P1c1P/2N1CCN2/9/2BAKAB2 b,-0.8063163,1801
1nbaka2r/9/4b1cn1/p3p1p1p/9/2R6/P3P1c1P/2N1CCN2/9/2BAKAB2 w,0.80563664,6061
1nbaka2r/9/4b1cn1/p3C1p1p/9/2R6/P3P1c1P/2N2CN2/9/2BAKAB2 b,-0.80414224,463
1nbak3r/4a4/4b1cn1/p3C1p1p/9/2R6/P3P1c1P/2N2CN2/9/2BAKAB2 w,0.80425733,7897
1nbak3r/4a4/4b1cn1/p3C1p1p/9/2R6/P3P1c1P/2N1BCN2/9/2BAKA3 b,-0.80002064,110
2bak3r/4a4/2n1b1cn1/p3C1p1p/9/2R6/P3P1c1P/2N1BCN2/9/2BAKA3 w,0.8016073,2830
2bak3r/4a4/2n1b1cn1/p5p1p/4C4/2R6/P3P1c1P/2N1BCN2/9/2BAKA3 b,-0.7990997,725
2bakr3/4a4/2n1b1cn1/p5p1p/4C4/2R6/P3P1c1P/2N1BCN2/9/2BAKA3 w,0.8128494,7816
2bakr3/4a4/2n1b1cn1/p5p1p/4C4/2R6/P3P1c1P/2N1BCN2/4A4/2BAK4 b,-0.8131536,1831
2bakr3/4a4/4b1cn1/p3n1p1p/4C4/2R6/P3P1c1P/2N1BCN2/4A4/2BAK4 w,0.8297227,4282
2bakr3/4a4/4b1cn1/p3n1p1p/4C4/7R1/P3P1c1P/2N1BCN2/4A4/2BAK4 b,-0.8213504,2292
2bakr3/4a4/4b1c2/p3n1p1p/4C1n2/7R1/P3P1c1P/2N1BCN2/4A4/2BAK4 w,0.82761455,5898
2bakr3/4a4/4b1c2/p3n1p1p/4C1n2/3N3R1/P3P1c1P/4BCN2/4A4/2BAK4 b,-0.8134413,2828
2bakr3/4a4/4b1c2/p5p1p/2n1C1n2/3N3R1/P3P1c1P/4BCN2/4A4/2BAK4 w,0.8243098,4705
2bakr3/4a4/4b1cR1/p5p1p/2n1C1n2/3N5/P3P1c1P/4BCN2/4A4/2BAK4 b,-0.8169384,3477
2bakr3/4a4/4b1cR1/p5p1p/4C1n2/3N5/P2nP1c1P/4BCN2/4A4/2BAK4 w,0.8420308,2274
2bakr3/4a4/4b1R2/p5p1p/4C1n2/3N5/P2nP1c1P/4BCN2/4A4/2BAK4 b,-0.8452052,3841
2bakr3/4a4/4b1R2/p5p1p/4C4/3N5/P2nP1cnP/4BCN2/4A4/2BAK4 w,0.8647248,2193
2bakr3/4a4/4b4/p5R1p/4C4/3N5/P2nP1cnP/4BCN2/4A4/2BAK4 b,-0.8642355,5442
2bakr3/4a4/4b4/p5R1p/4C1c2/3N5/P2nP2nP/4BCN2/4A4/2BAK4 w,0.8776504,6179
2bakr3/4a4/4b4/p5R1p/4C1c2/3N5/P2nPC1nP/4B1N2/4A4/2BAK4 b,-0.8813053,5204
2bakr3/4a4/4b4/p5R1p/4C1c2/3N5/P3PC1nP/4B1N2/2n1A4/2BAK4 w,0.8618194,7736
2bakr3/4a4/4b4/p5R1p/4C1c2/3N5/P3PC1nP/4B1N2/2n1A4/2BA1K3 b,-0.8356256,6715
2bakr3/4a4/4b4/p5R1p/4C1c2/3N5/Pn2PC1nP/4B1N2/4A4/2BA1K3 w,0.8379778,4375
2bakr3/4a4/4b4/p5R1p/4C1c2/9/PN2PC1nP/4B1N2/4A4/2BA1K3 b,-0.8298836,509
2bak4/4a4/4b4/p5R1p/4C1c2/9/PN2Pr1nP/4B1N2/4A4/2BA1K3 w,0.8391334,6908
2bak4/4a4/4b4/p5R1p/4C1c2/9/PN2Pr1nP/4BAN2/9/2BA1K3 b,-0.83535874,5378
2bak4/4a4/4b4/p5R1p/4C1c2/9/PN2P2nP/4BrN2/9/2BA1K3 w,0.83521456,7825
2bak4/4a4/4b4/p5R1p/4C1c2/9/PN2P2nP/4BrN2/9/2BAK4 b,-0.82204694,365
2ba1k3/4a4/4b4/p5R1p/4C1c2/9/PN2P2nP/4BrN2/9/2BAK4 w,0.82649404,7636
2ba1k3/4a4/4b4/p5R1p/4C1c2/9/PN2P2nP/4BrN2/4A4/2B1K4 b,-0.8108774,6189
2ba1k3/4a4/4b4/p5R1p/4C1c2/9/PN2P2nP/4B1r2/4A4/2B1K4 w,0.81035763,3002
2ba1k3/4a4/4b4/p4R2p/4C1c2/9/PN2P2nP/4B1r2/4A4/2B1K4 b,-0.8083581,454
2bak4/4a4/4b4/p4R2p/4C1c2/9/PN2P2nP/4B1r2/4A4/2B1K4 w,0.8153914,7736
2bak4/4a4/4b4/p4R2p/4C1c2/9/PN2P2nP/4B1r2/4A4/2B2K3 b,-0.8081242,3804
2bak4/4a4/4b1c2/p4R2p/4C4/9/PN2P2nP/4B1r2/4A4/2B2K3 w,1,2885
rnbakabnr/9/1c5c1/p1p1p1p1p/9/9/P1P1P1P1P/1C5C1/9/RNBAKABNR w,-0.79819584,5827
rnbakabnr/9/1c5c1/p1p1p1p1p/9/9/P1P1P1P1P/4C2C1/9/RNBAKABNR b,0.79821944,110
r1bakabnr/9/1cn4c1/p1p1p1p1p/9/9/P1P1P1P1P/4C2C1/9/RNBAKABNR w,-0.79816854,7445
r1bakabnr/9/1cn4c1/p1p1p1p1p/9/9/P1P1P1P1P/2N1C2C1/9/R1BAKABNR b,0.7981594,562
r1baka1nr/9/1cn1b2c1/p1p1p1p1p/9/9/P1P1P1P1P/2N1C2C1/9/R1BAKABNR w,-0.7980616,7372
r1baka1nr/9/1cn1b2c1/p1p1p1p1p/9/9/P1P1P1P1P/2N1C2C1/9/1RBAKABNR b,0.798231,1
1rbaka1nr/9/1cn1b2c1/p1p1p1p1p/9/9/P1P1P1P1P/2N1C2C1/9/1RBAKABNR w,-0.79830045,6368
1rbaka1nr/9/1cn1b2c1/p1p1p1p1p/9/9/P1P1P1P1P/2N1CC3/9/1RBAKABNR b,0.79872394,654
1rbaka2r/9/1cn1b1nc1/p1p1p1p1p/9/9/P1P1P1P1P/2N1CC3/9/1RBAKABNR w,-0.79841316,7989
1rbaka2r/9/1cn1b1nc1/p1p1p1p1p/9/9/P1P1P1P1P/2N1CCN2/9/1RBAKAB1R b,0.79865164,3012
1rbaka2r/9/1cn1b1nc1/p1p1p3p/6p2/9/P1P1P1P1P/2N1CCN2/9/1RBAKAB1R w,-0.7981244,8098
1rbaka2r/9/1cn1b1nc1/p1p1p3p/6p2/9/P1P1P1P1P/2N1CCN2/9/1RBAKABR1 b,0.7979926,727
1rbaka1r1/9/1cn1b1nc1/p1p1p3p/6p2/9/P1P1P1P1P/2N1CCN2/9/1RBAKABR1 w,-0.7972073,5087
1rbaka1r1/9/1cn1b1nc1/p1p1p3p/6p2/2P6/P3P1P1P/2N1CCN2/9/1RBAKABR1 b,0.79777265,1765
1rbaka1r1/9/2n1b1nc1/p1p1p3p/6p2/2P6/Pc2P1P1P/2N1CCN2/9/1RBAKABR1 w,-0.79522735,5898
1rbaka1r1/9/2n1b1nc1/p1p1p3p/6p2/2PN5/Pc2P1P1P/4CCN2/9/1RBAKABR1 b,0.7935736,2311
1rbaka1r1/9/2n1b1n2/p1p1p3p/6p2/2PN5/Pc2P1PcP/4CCN2/9/1RBAKABR1 w,-0.79217356,6143
1rbaka1r1/9/2n1bCn2/p1p1p3p/6p2/2PN5/Pc2P1PcP/4C1N2/9/1RBAKABR1 b,0.7911127,1986
1rbakabr1/9/2n2Cn2/p1p1p3p/6p2/2PN5/Pc2P1PcP/4C1N2/9/1RBAKABR1 w,-0.7819419,4351
1rbakabr1/9/2n2Cn2/p1p1N3p/6p2/2P6/Pc2P1PcP/4C1N2/9/1RBAKABR1 b,0.7952187,1831
1rbakabr1/9/5Cn2/p1p1n3p/6p2/2P6/Pc2P1PcP/4C1N2/9/1RBAKABR1 w,-0.79490095,6061
1rbakabr1/9/5Cn2/p1p1C3p/6p2/2P6/Pc2P1PcP/6N2/9/1RBAKABR1 b,0.809118,109
2bakabr1/9/1r3Cn2/p1p1C3p/6p2/2P6/Pc2P1PcP/6N2/9/1RBAKABR1 w,-0.79775274,2839
2bakabr1/9/1r3Cn2/p1p5p/6p2/2P1C4/Pc2P1PcP/6N2/9/1RBAKABR1 b,0.8017303,1733
2bakabr1/9/5rn2/p1p5p/6p2/2P1C4/Pc2P1PcP/6N2/9/1RBAKABR1 w,-0.79034656,7435
2bakabr1/9/5rn2/p1p5p/6p2/2P1C4/PR2P1PcP/6N2/9/2BAKABR1 b,0.79350066,2201
2bakabr1/9/5r3/p1p5p/5np2/2P1C4/PR2P1PcP/6N2/9/2BAKABR1 w,-0.78597164,4987
2bakabr1/9/5r3/p1p5p/1R3np2/2P1C4/P3P1PcP/6N2/9/2BAKABR1 b,0.798534,664
2bakab2/9/5r3/p1p4rp/1R3np2/2P1C4/P3P1PcP/6N2/9/2BAKABR1 w,-0.78524,3369
2bakab2/9/5r3/p1p4rp/3R1np2/2P1C4/P3P1PcP/6N2/9/2BAKABR1 b,0.79273534,3750
2bakab2/9/5r3/p1p4rp/3R2p2/2P1C4/P3P1ncP/6N2/9/2BAKABR1 w,-0.7863955,3552
2bakab2/9/5r3/p1p4rp/6R2/2P1C4/P3P1ncP/6N2/9/2BAKABR1 b,0.79604506,5449
2bakab2/9/5r3/p1p4rp/6R2/2P1n4/P3P2cP/6N2/9/2BAKABR1 w,-0.79368144,5269
2bakab2/9/5r3/p1p4rp/6R2/2P1P4/P6cP/6N2/9/2BAKABR1 b,0.7992583,5560
2bakab2/9/5r3/p1p4rp/6R2/2P1P4/P7P/6Nc1/9/2BAKABR1 w,-0.79124415,7999
2bakab2/9/5r3/p1p4rp/6R2/2P1P4/P7P/6Nc1/7R1/2BAKAB2 b,0.7980923,562
2baka3/9/4br3/p1p4rp/6R2/2P1P4/P7P/6Nc1/7R1/2BAKAB2 w,-0.7941708,3831
2baka3/9/4br3/p1p4rp/9/2P1P1R2/P7P/6Nc1/7R1/2BAKAB2 b,0.7998113,3121
2baka3/9/4br3/p1p5p/9/2P1P1R2/P6rP/6Nc1/7R1/2BAKAB2 w,-0.79220396,6260
2baka3/9/4br3/p1p5p/9/2P1PNR2/P6rP/7c1/7R1/2BAKAB2 b,0.7986187,5548
2baka3/9/4br3/p1p5p/9/2P1PNR2/P3r3P/7c1/7R1/2BAKAB2 w,-0.797921,7186
2baka3/9/4br3/p1p5p/9/2P1PNR2/P3r3P/7c1/4R4/2BAKAB2 b,0.82182986,5279
2baka3/9/4br3/p1p5p/9/2P1PNR2/P4r2P/7c1/4R4/2BAKAB2 w,-0.8046854,4643
2baka3/9/4br3/p1p5p/9/2P1PN2R/P4r2P/7c1/4R4/2BAKAB2 b,0.84163374,6388
2baka3/9/4br3/p1p5p/9/2P1PN2R/P4r2P/9/4R4/2BAKABc1 w,-0.83541477,6919
2baka3/9/4br3/p1p5p/9/2P1PN2R/P4r2P/9/7R1/2BAKABc1 b,0.85201824,8009
2baka3/9/4br3/p1p5p/9/2P1PN2R/P4r2P/9/7R1/2BAKAB1c w,-0.83732575,7190
2baka3/9/4br3/p1p5p/9/2P1PN2R/P4r2P/9/8R/2BAKAB1c b,0.86554915,5396
2baka3/9/4br3/p1p5p/9/2P1PN2R/P7P/9/8R/2BAKrB1c w,-0.86666477,7726
2baka3/9/4br3/p1p5p/9/2P1PN2R/P7P/9/4K3R/2BA1rB1c b,0.8699883,7825
2baka3/9/4br3/p1p5p/9/2P1PN2R/P7P/9/4K3R/2BAr1B1c w,-0.87131125,6917
2baka3/9/4br3/p1p5p/9/2P1PN2R/P7P/9/5K2R/2BAr1B1c b,0.8840684,7737
2baka3/9/4br3/p1p5p/9/2P1PN2R/P7P/9/5K2R/2BA2r1c w,-0.88569844,4822
2baka3/9/4br3/p1p5p/9/2P1PN1R1/P7P/9/5K2R/2BA2r1c b,0.89533836,7914
2baka3/9/4br3/p1p5p/9/2P1PN1R1/P7P/9/5K2R/2Br4c w,-0.8894153,7289
2baka3/9/4br3/p1p5p/9/2P1PN1R1/P7P/9/5K3/2Br4R b,0.92163587,7649
2baka3/9/4br3/p1p5p/9/2P1PN1R1/P7P/9/5K3/2B5r w,-0.92949295,7006
2baka3/9/4br3/p1p5p/9/2P1PN1R1/P7P/9/4K4/2B5r b,0.9238042,8093
2baka3/9/4br3/p1p5p/9/2P1PN1R1/P7P/9/4K4/2r6 w,-0.9244387,4533
2baka3/9/4br3/p1p3N1p/9/2P1P2R1/P7P/9/4K4/2r6 b,0.94665116,2156
2baka3/9/4b4/p1p3N1p/9/2P1P2R1/P7P/9/4K4/2r2r3 w,-0.92593616,4733
2baka3/9/4b4/p1p3N1p/9/2P1P3R/P7P/9/4K4/2r2r3 b,0.9527247,7827
2baka3/9/4b4/p1p3N1p/9/2P1P3R/P7P/9/4K4/2r3r2 w,-0.93231285,2986
2baka3/7N1/4b4/p1p5p/9/2P1P3R/P7P/9/4K4/2r3r2 b,0.9867828,7544
2baka3/7N1/4b4/p1p5p/9/2P1P3R/P7P/9/2r1K4/6r2 w,-0.98873234,6907
2baka3/7N1/4b4/p1p5p/9/2P1P3R/P7P/4K4/2r6/6r2 b,1,7899
rnbakabnr/9/1c5c1/p1p1p1p1p/9/9/P1P1P1P1P/1C5C1/9/RNBAKABNR w,0.80180764,5827
rnbakabnr/9/1c5c1/p1p1p1p1p/9/9/P1P1P1P1P/4C2C1/9/RNBAKABNR b,-0.8017965,110
r1bakabnr/9/1cn4c1/p1p1p1p1p/9/9/P1P1P1P1P/4C2C1/9/RNBAKABNR w,0.80178905,7445
r1bakabnr/9/1cn4c1/p1p1p1p1p/9/9/P1P1P1P1P/2N1C2C1/9/R1BAKABNR b,-0.80180717,562
r1baka1nr/9/1cn1b2c1/p1p1p1p1p/9/9/P1P1P1P1P/2N1C2C1/9/R1BAKABNR w,0.8019466,7372
r1baka1nr/9/1cn1b2c1/p1p1p1p1p/9/9/P1P1P1P1P/2N1C2C1/9/1RBAKABNR b,-0.8017659,1
1rbaka1nr/9/1cn1b2c1/p1p1p1p1p/9/9/P1P1P1P1P/2N1C2C1/9/1RBAKABNR w,0.80169904,6368
1rbaka1nr/9/1cn1b2c1/p1p1p1p1p/9/9/P1P1P1P1P/2N1CC3/9/1RBAKABNR b,-0.8012889,654
1rbaka2r/9/1cn1b1nc1/p1p1p1p1p/9/9/P1P1P1P1P/2N1CC3/9/1RBAKABNR w,0.8016004,7989
1rbaka2r/9/1cn1b1nc1/p1p1p1p1p/9/9/P1P1P1P1P/2N1CCN2/9/1RBAKAB1R b,-0.80137295,3012
1rbaka2r/9/1cn1b1nc1/p1p1p3p/6p2/9/P1P1P1P1P/2N1CCN2/9/1RBAKAB1R w,0.8019323,8098
1rbaka2r/9/1cn1b1nc1/p1p1p3p/6p2/9/P1P1P1P1P/2N1CCN2/9/1RBAKABR1 b,-0.80202866,727
1rbaka1r1/9/1cn1b1nc1/p1p1p3p/6p2/9/P1P1P1P1P/2N1CCN2/9/1RBAKABR1 w,0.80279785,5087
1rbaka1r1/9/1cn1b1nc1/p1p1p3p/6p2/2P6/P3P1P1P/2N1CCN2/9/1RBAKABR1 b,-0.8021624,1765
1rbaka1r1/9/2n1b1nc1/p1p1p3p/6p2/2P6/Pc2P1P1P/2N1CCN2/9/1RBAKABR1 w,0.80470604,5898
1rbaka1r1/9/2n1b1nc1/p1p1p3p/6p2/2PN5/Pc2P1P1P/4CCN2/9/1RBAKABR1 b,-0.8063479,2311
1rbaka1r1/9/2n1b1n2/p1p1p3p/6p2/2PN5/Pc2P1PcP/4CCN2/9/1RBAKABR1 w,0.80787426,6143
1rbaka1r1/9/2n1bCn2/p1p1p3p/6p2/2PN5/Pc2P1PcP/4C1N2/9/1RBAKABR1 b,-0.8084572,1986
1rbakabr1/9/2n2Cn2/p1p1p3p/6p2/2PN5/Pc2P1PcP/4C1N2/9/1RBAKABR1 w,0.8178919,4351
1rbakabr1/9/2n2Cn2/p1p1N3p/6p2/2P6/Pc2P1PcP/4C1N2/9/1RBAKABR1 b,-0.8047813,1831
1rbakabr1/9/5Cn2/p1p1n3p/6p2/2P6/Pc2P1PcP/4C1N2/9/1RBAKABR1 w,0.8049467,6061
1rbakabr1/9/5Cn2/p1p1C3p/6p2/2P6/Pc2P1PcP/6N2/9/1RBAKABR1 b,-0.7905282,109
2bakabr1/9/1r3Cn2/p1p1C3p/6p2/2P6/Pc2P1PcP/6N2/9/1RBAKABR1 w,0.8022862,2839
2bakabr1/9/1r3Cn2/p1p5p/6p2/2P1C4/Pc2P1PcP/6N2/9/1RBAKABR1 b,-0.79826975,1733
2bakabr1/9/5rn2/p1p5p/6p2/2P1C4/Pc2P1PcP/6N2/9/1RBAKABR1 w,0.8096315,7435
2bakabr1/9/5rn2/p1p5p/6p2/2P1C4/PR2P1PcP/6N2/9/2BAKABR1 b,-0.8074132,2129
2bakabr1/9/6n2/p1p5p/6p2/2P1C4/PR2PrPcP/6N2/9/2BAKABR1 w,0.81497216,4987
2bakabr1/9/6n2/p1p5p/1R4p2/2P1C4/P3PrPcP/6N2/9/2BAKABR1 b,-0.80459565,2201
2bakabr1/9/9/p1p5p/1R3np2/2P1C4/P3PrPcP/6N2/9/2BAKABR1 w,0.8221642,7897
2bakabr1/9/9/p1p5p/1R3np2/2P1C4/P3PrPcP/4B1N2/9/2BAKA1R1 b,-0.8094046,3748
2bakabr1/9/9/p1p5p/1R4p2/2P1C4/P3nrPcP/4B1N2/9/2BAKA1R1 w,0.8257555,7816
2bakabr1/9/9/p1p5p/1R4p2/2P1C4/P3nrPcP/4B1N2/4A4/2BAK2R1 b,-0.8102469,5370
2bakabr1/9/9/p1p5p/1R4p2/2P1C4/P3n1rcP/4B1N2/4A4/2BAK2R1 w,0.8131084,3370
2bakabr1/9/9/p1p5p/4R1p2/2P1C4/P3n1rcP/4B1N2/4A4/2BAK2R1 b,-0.80845535,562
2baka1r1/9/4b4/p1p5p/4R1p2/2P1C4/P3n1rcP/4B1N2/4A4/2BAK2R1 w,0.81412286,6268
2baka1r1/9/4b4/p1p5p/4R1p2/2P1C4/P3N1rcP/4B4/4A4/2BAK2R1 b,-0.805144,5458
2baka1r1/9/4b4/p1p5p/4R1p2/2P1C4/P3r2cP/4B4/4A4/2BAK2R1 w,0.8182746,3622
2baka1r1/9/4R4/p1p5p/6p2/2P1C4/P3r2cP/4B4/4A4/2BAK2R1 b,-0.83692837,463
2bak2r1/4a4/4R4/p1p5p/6p2/2P1C4/P3r2cP/4B4/4A4/2BAK2R1 w,0.9200624,2005
2bak2r1/4a4/7R1/p1p5p/6p2/2P1C4/P3r2cP/4B4/4A4/2BAK2R1 b,-0.91632926,1175
2baka1r1/9/7R1/p1p5p/6p2/2P1C4/P3r2cP/4B4/4A4/2BAK2R1 w,0.91610295,2257
2baka1R1/9/9/p1p5p/6p2/2P1C4/P3r2cP/4B4/4A4/2BAK2R1 b,-0.9085303,5544
2baka1R1/9/9/p1p5p/6p2/2P1C4/c3r3P/4B4/4A4/2BAK2R1 w,0.919519,4460
2baka1R1/9/9/p1p5p/6p2/2P2C3/c3r3P/4B4/4A4/2BAK2R1 b,-0.91000205,3831
2baka1R1/9/9/p1p5p/9/2P2Cp2/c3r3P/4B4/4A4/2BAK2R1 w,0.9177227,6081
2baka1R1/9/9/p1p5p/9/2P2CB2/c3r3P/9/4A4/2BAK2R1 b,-0.9157558,5269
2baka1R1/9/9/p1p5p/9/2P1rCB2/c7P/9/4A4/2BAK2R1 w,0.9300096,4568
2baka1R1/9/9/p1p5p/9/2P1r1B2/c7P/5C3/4A4/2BAK2R1 b,-0.92652756,4918
2baka1R1/9/9/p1p5p/9/2P1r1B2/4c3P/5C3/4A4/2BAK2R1 w,0.9271529,4657
2baka1R1/9/9/p1p5p/9/2P1r4/4c3P/4BC3/4A4/2BAK2R1 b,-0.92182285,4457
2baka1R1/9/9/p1p5p/9/2r6/4c3P/4BC3/4A4/2BAK2R1 w,0.93729293,664
2baka3/9/9/p1p4Rp/9/2r6/4c3P/4BC3/4A4/2BAK2R1 b,-0.924107,5242
2baka3/9/4c4/p1p4Rp/9/2r6/8P/4BC3/4A4/2BAK2R1 w,0.9290725,3091
2baka3/9/4c4/p1p1R3p/9/2r6/8P/4BC3/4A4/2BAK2R1 b,-0.91727155,4268
2baka3/9/4c4/p1p1R3p/2r6/9/8P/4BC3/4A4/2BAK2R1 w,0.9296735,7945
2baka3/9/4c2R1/p1p1R3p/2r6/9/8P/4BC3/4A4/2BAK4 b,-0.91908145,3461
2baka3/9/4c2R1/p1p1R3p/5r3/9/8P/4BC3/4A4/2BAK4 w,0.92473495,6190
2baka3/9/4c2R1/p1p1R3p/5r3/9/8P/4B2C1/4A4/2BAK4 b,-0.90852135,3749
2baka3/9/4c2R1/p1p1R3p/9/9/5r2P/4B2C1/4A4/2BAK4 w,0.9313291,2819
2baka3/9/4c2R1/p1R5p/9/9/5r2P/4B2C1/4A4/2BAK4 b,-0.9204703,5370
2baka3/9/4c2R1/p1R5p/9/9/6r1P/4B2C1/4A4/2BAK4 w,0.9449225,6368
2baka3/9/4c2R1/p1R5p/9/9/6r1P/4BC3/4A4/2BAK4 b,-0.94282645,5462
2baka3/9/4c2R1/p1R5p/9/9/8r/4BC3/4A4/2BAK4 w,0.94741434,2612
2Raka3/9/4c2R1/p7p/9/9/8r/4BC3/4A4/2BAK4 b,-0.9430635,2038
2Raka3/9/7R1/p7p/9/9/4c3r/4BC3/4A4/2BAK4 w,0.94265807,2272
2Raka3/9/4R4/p7p/9/9/4c3r/4BC3/4A4/2BAK4 b,-0.9421972,463
2Rak4/4a4/4R4/p7p/9/9/4c3r/4BC3/4A4/2BAK4 w,0.94635177,236
3ak4/4a4/4R4/p7p/9/9/2R1c3r/4BC3/4A4/2BAK4 b,-0.9495343,5669
3ak4/4a4/4R4/p7p/9/9/2R1c4/4BC3/4A4/2BAK3r w,0.96601915,6206
3ak4/4a4/4R4/p7p/9/9/2R1c4/4B4/4A4/2BAKC2r b,-0.96097374,5296
3ak4/4a4/4R4/p7p/9/9/2R6/4B4/4c4/2BAKC2r w,0.97114444,7636
3ak4/4a4/4R4/p7p/9/9/2R6/4B4/4A4/2B1KC2r b,-0.9701608,8096
3ak4/4a4/4R4/p7p/9/9/2R6/4B4/4A4/2B1Kr3 w,0.97292054,7736
3ak4/4a4/4R4/p7p/9/9/2R6/4B4/4A4/2B2K3 b,-0.97200596,3194
3ak4/4a4/4R4/p8/8p/9/2R6/4B4/4A4/2B2K3 w,0.9994462,5100
3ak4/4a4/4R4/p8/8p/9/6R2/4B4/4A4/2B2K3 b,-0.9980076,4013
3ak4/4a4/4R4/p8/9/8p/6R2/4B4/4A4/2B2K3 w,1,5406
rnbakabnr/9/1c5c1/p1p1p1p1p/9/9/P1P1P1P1P/1C5C1/9/RNBAKABNR w,0.80182725,5827
rnbakabnr/9/1c5c1/p1p1p1p1p/9/9/P1P1P1P1P/4C2C1/9/RNBAKABNR b,-0.8017806,110
r1bakabnr/9/1cn4c1/p1p1p1p1p/9/9/P1P1P1P1P/4C2C1/9/RNBAKABNR w,0.8018302,7445
r1bakabnr/9/1cn4c1/p1p1p1p1p/9/9/P1P1P1P1P/2N1C2C1/9/R1BAKABNR b,-0.80184644,562
r1baka1nr/9/1cn1b2c1/p1p1p1p1p/9/9/P1P1P1P1P/2N1C2C1/9/R1BAKABNR w,0.8019466,7372
r1baka1nr/9/1cn1b2c1/p1p1p1p1p/9/9/P1P1P1P1P/2N1C2C1/9/1RBAKABNR b,-0.80177003,1
1rbaka1nr/9/1cn1b2c1/p1p1p1p1p/9/9/P1P1P1P1P/2N1C2C1/9/1RBAKABNR w,0.8017164,6368
1rbaka1nr/9/1cn1b2c1/p1p1p1p1p/9/9/P1P1P1P1P/2N1CC3/9/1RBAKABNR b,-0.8013083,654
1rbaka2r/9/1cn1b1nc1/p1p1p1p1p/9/9/P1P1P1P1P/2N1CC3/9/1RBAKABNR w,0.8016004,7989
1rbaka2r/9/1cn1b1nc1/p1p1p1p1p/9/9/P1P1P1P1P/2N1CCN2/9/1RBAKAB1R b,-0.8013839,3012
1rbaka2r/9/1cn1b1nc1/p1p1p3p/6p2/9/P1P1P1P1P/2N1CCN2/9/1RBAKAB1R w,0.8018723,8098
1rbaka2r/9/1cn1b1nc1/p1p1p3p/6p2/9/P1P1P1P1P/2N1CCN2/9/1RBAKABR1 b,-0.8019926,727
1rbaka1r1/9/1cn1b1nc1/p1p1p3p/6p2/9/P1P1P1P1P/2N1CCN2/9/1RBAKABR1 w,0.80255455,5087
1rbaka1r1/9/1cn1b1nc1/p1p1p3p/6p2/2P6/P3P1P1P/2N1CCN2/9/1RBAKABR1 b,-0.80222553,1765
1rbaka1r1/9/2n1b1nc1/p1p1p3p/6p2/2P6/Pc2P1P1P/2N1CCN2/9/1RBAKABR1 w,0.8047115,5898
1rbaka1r1/9/2n1b1nc1/p1p1p3p/6p2/2PN5/Pc2P1P1P/4CCN2/9/1RBAKABR1 b,-0.8063935,2311
1rbaka1r1/9/2n1b1n2/p1p1p3p/6p2/2PN5/Pc2P1PcP/4CCN2/9/1RBAKABR1 w,0.8078539,6143
1rbaka1r1/9/2n1bCn2/p1p1p3p/6p2/2PN5/Pc2P1PcP/4C1N2/9/1RBAKABR1 b,-0.809039,1986
1rbakabr1/9/2n2Cn2/p1p1p3p/6p2/2PN5/Pc2P1PcP/4C1N2/9/1RBAKABR1 w,0.8184994,4351
1rbakabr1/9/2n2Cn2/p1p1N3p/6p2/2P6/Pc2P1PcP/4C1N2/9/1RBAKABR1 b,-0.8047813,1831
1rbakabr1/9/5Cn2/p1p1n3p/6p2/2P6/Pc2P1PcP/4C1N2/9/1RBAKABR1 w,0.8050758,6061
1rbakabr1/9/5Cn2/p1p1C3p/6p2/2P6/Pc2P1PcP/6N2/9/1RBAKABR1 b,-0.7903669,109
2bakabr1/9/1r3Cn2/p1p1C3p/6p2/2P6/Pc2P1PcP/6N2/9/1RBAKABR1 w,0.80187976,2839
2bakabr1/9/1r3Cn2/p1p5p/6p2/2P1C4/Pc2P1PcP/6N2/9/1RBAKABR1 b,-0.7984309,1733
2bakabr1/9/5rn2/p1p5p/6p2/2P1C4/Pc2P1PcP/6N2/9/1RBAKABR1 w,0.8096487,7435
2bakabr1/9/5rn2/p1p5p/6p2/2P1C4/PR2P1PcP/6N2/9/2BAKABR1 b,-0.80592483,2201
2bakabr1/9/5r3/p1p5p/5np2/2P1C4/PR2P1PcP/6N2/9/2BAKABR1 w,0.81408805,4987
2bakabr1/9/5r3/p1p5p/1R3np2/2P1C4/P3P1PcP/6N2/9/2BAKABR1 b,-0.8094983,3750
2bakabr1/9/5r3/p1p5p/1R4p2/2P1C4/P3P1ncP/6N2/9/2BAKABR1 w,0.81916374,3372
2bakabr1/9/5r3/p1p5p/6R2/2P1C4/P3P1ncP/6N2/9/2BAKABR1 b,-0.80548483,5449
2bakabr1/9/5r3/p1p5p/6R2/2P1n4/P3P2cP/6N2/9/2BAKABR1 w,0.8056579,5269
2bakabr1/9/5r3/p1p5p/6R2/2P1P4/P6cP/6N2/9/2BAKABR1 b,-0.79943997,5560
2bakabr1/9/5r3/p1p5p/6R2/2P1P4/P7P/6Nc1/9/2BAKABR1 w,0.80968297,7999
2bakabr1/9/5r3/p1p5p/6R2/2P1P4/P7P/6Nc1/7R1/2BAKAB2 b,-0.7981176,2138
2bakabr1/9/9/p1p5p/6R2/2P1P4/P7P/5rNc1/7R1/2BAKAB2 w,0.8024382,3813
2bakabr1/9/9/p1p3R1p/9/2P1P4/P7P/5rNc1/7R1/2BAKAB2 b,-0.80019426,691
2bakab2/9/9/p1p3R1p/9/2P1P4/P6rP/5rNc1/7R1/2BAKAB2 w,0.8146863,2976
2bakaR2/9/9/p1p5p/9/2P1P4/P6rP/5rNc1/7R1/2BAKAB2 b,-0.8035953,5548
2bakaR2/9/9/p1p5p/9/2P1P4/P3r3P/5rNc1/7R1/2BAKAB2 w,0.8150018,7186
2bakaR2/9/9/p1p5p/9/2P1P4/P3r3P/5rNc1/4R4/2BAKAB2 b,-0.8031777,5276
2bakaR2/9/9/p1p5p/9/2P1P4/P1r5P/5rNc1/4R4/2BAKAB2 w,0.81043404,555
2baka3/6R2/9/p1p5p/9/2P1P4/P1r5P/5rNc1/4R4/2BAKAB2 b,-0.7997276,5123
2baka3/6R2/9/p1p5p/9/2P1P4/P7P/5rNc1/4R4/2rAKAB2 w,0.80778056,4450
2baka3/6R2/9/p1p5p/4P4/2P6/P7P/5rNc1/4R4/2rAKAB2 b,-0.787121,6186
2baka3/6R2/9/p1p5p/4P4/2P6/P7P/3r2Nc1/4R4/2rAKAB2 w,0.93166584,3641
2baka3/6R2/9/p1p5p/5P3/2P6/P7P/3r2Nc1/4R4/2rAKAB2 b,-0.9294134,6007
2baka3/6R2/9/p1p5p/5P3/2P6/P7P/4r1Nc1/4R4/2rAKAB2 w,0.938887,7897
2baka3/6R2/9/p1p5p/5P3/2P6/P7P/4B1Nc1/4R4/2rAKA3 b,-0.93515235,7535
2baka3/6R2/9/p1p5p/5P3/2P6/P7P/2r1B1Nc1/4R4/3AKA3 w,0.94723934,6117
2baka3/6R2/9/p1p5p/5P3/2P6/P7P/2r3Nc1/4R4/3AKAB2 b,-0.9410647,5917
2baka3/6R2/9/p1p5p/5P3/2P6/P7P/4r1Nc1/4R4/3AKAB2 w,0.9492564,1383
2baka3/9/9/p1p3R1p/5P3/2P6/P7P/4r1Nc1/4R4/3AKAB2 b,-0.94896126,6106
2baka3/9/9/p1p3R1p/5P3/2P6/P7P/6Nc1/4r4/3AKAB2 w,0.9529283,7636
2baka3/9/9/p1p3R1p/5P3/2P6/P7P/6Nc1/4A4/4KAB2 b,-0.95236796,6325
2baka3/9/7c1/p1p3R1p/5P3/2P6/P7P/6N2/4A4/4KAB2 w,0.9540165,2999
2baka3/9/7c1/p1R5p/5P3/2P6/P7P/6N2/4A4/4KAB2 b,-0.951014,2272
2baka3/9/4c4/p1R5p/5P3/2P6/P7P/6N2/4A4/4KAB2 w,0.9612676,6906
2baka3/9/4c4/p1R5p/5P3/2P6/P7P/3A2N2/9/4KAB2 b,-0.96082634,1993
2baka3/4c4/9/p1R5p/5P3/2P6/P7P/3A2N2/9/4KAB2 w,0.9660626,2612
2Raka3/4c4/9/p7p/5P3/2P6/P7P/3A2N2/9/4KAB2 b,-0.9656859,1219
2Raka3/9/9/p7p/5P3/2P1c4/P7P/3A2N2/9/4KAB2 w,0.972473,6260
2Raka3/9/9/p7p/5P3/2P1cN3/P7P/3A5/9/4KAB2 b,-0.9751642,4432
2Raka3/9/4c4/p7p/5P3/2P2N3/P7P/3A5/9/4KAB2 w,0.97834307,4539
2Raka3/9/4c4/p7p/3N1P3/2P6/P7P/3A5/9/4KAB2 b,-0.9770954,2029
2Raka3/9/9/p7p/3N1P3/2P1c4/P7P/3A5/9/4KAB2 w,0.97349584,3538
2Raka3/9/9/pN6p/5P3/2P1c4/P7P/3A5/9/4KAB2 b,-0.97516394,463
2Rak4/4a4/9/pN6p/5P3/2P1c4/P7P/3A5/9/4KAB2 w,0.9780489,209
3ak4/4a4/9/pNR5p/5P3/2P1c4/P7P/3A5/9/4KAB2 b,-0.9772569,4432
3ak4/4a4/4c4/pNR5p/5P3/2P6/P7P/3A5/9/4KAB2 w,0.9757326,2630
3ak4/4a4/2R1c4/pN6p/5P3/2P6/P7P/3A5/9/4KAB2 b,-0.97288233,2029
3ak4/4a4/2R6/pN6p/5P3/2P1c4/P7P/3A5/9/4KAB2 w,0.9797548,1822
3ak4/4a4/4R4/pN6p/5P3/2P1c4/P7P/3A5/9/4KAB2 b,-0.97410727,4458
3ak4/4a4/4R4/pN6p/5P3/2Pc5/P7P/3A5/9/4KAB2 w,0.976964,2011
3ak4/4a4/9/pN2R3p/5P3/2Pc5/P7P/3A5/9/4KAB2 b,-0.97470653,4332
3ak4/3ca4/9/pN2R3p/5P3/2P6/P7P/3A5/9/4KAB2 w,0.98479176,2820
3ak4/3ca4/9/pN1R4p/5P3/2P6/P7P/3A5/9/4KAB2 b,-0.9805976,1090
3ak4/1c2a4/9/pN1R4p/5P3/2P6/P7P/3A5/9/4KAB2 w,0.9889687,2531
3ak4/1cN1a4/9/p2R4p/5P3/2P6/P7P/3A5/9/4KAB2 b,-0.9884989,365
3a1k3/1cN1a4/9/p2R4p/5P3/2P6/P7P/3A5/9/4KAB2 w,0.9968281,2732
3a1k3/1cN1a4/9/p4R2p/5P3/2P6/P7P/3A5/9/4KAB2 b,-0.99643606,1193
3a1k3/1cN6/5a3/p4R2p/5P3/2P6/P7P/3A5/9/4KAB2 w,1,2903
rnbakabnr/9/1c5c1/p1p1p1p1p/9/9/P1P1P1P1P/1C5C1/9/RNBAKABNR w,-0.79819137,5827
rnbakabnr/9/1c5c1/p1p1p1p1p/9/9/P1P1P1P1P/4C2C1/9/RNBAKABNR b,0.7982079,110
r1bakabnr/9/1cn4c1/p1p1p1p1p/9/9/P1P1P1P1P/4C2C1/9/RNBAKABNR w,-0.79817456,7445
r1bakabnr/9/1cn4c1/p1p1p1p1p/9/9/P1P1P1P1P/2N1C2C1/9/R1BAKABNR b,0.7981536,562
r1baka1nr/9/1cn1b2c1/p1p1p1p1p/9/9/P1P1P1P1P/2N1C2C1/9/R1BAKABNR w,-0.7980391,7372
r1baka1nr/9/1cn1b2c1/p1p1p1p1p/9/9/P1P1P1P1P/2N1C2C1/9/1RBAKABNR b,0.7982294,1
1rbaka1nr/9/1cn1b2c1/p1p1p1p1p/9/9/P1P1P1P1P/2N1C2C1/9/1RBAKABNR w,-0.798301,6368
1rbaka1nr/9/1cn1b2c1/p1p1p1p1p/9/9/P1P1P1P1P/2N1CC3/9/1RBAKABNR b,0.7987143,654
1rbaka2r/9/1cn1b1nc1/p1p1p1p1p/9/9/P1P1P1P1P/2N1CC3/9/1RBAKABNR w,-0.79841346,7989
1rbaka2r/9/1cn1b1nc1/p1p1p1p1p/9/9/P1P1P1P1P/2N1CCN2/9/1RBAKAB1R b,0.7986314,3012
1rbaka2r/9/1cn1b1nc1/p1p1p3p/6p2/9/P1P1P1P1P/2N1CCN2/9/1RBAKAB1R w,-0.7981264,8098
1rbaka2r/9/1cn1b1nc1/p1p1p3p/6p2/9/P1P1P1P1P/2N1CCN2/9/1RBAKABR1 b,0.7979816,727
1rbaka1r1/9/1cn1b1nc1/p1p1p3p/6p2/9/P1P1P1P1P/2N1CCN2/9/1RBAKABR1 w,-0.7974455,5087
1rbaka1r1/9/1cn1b1nc1/p1p1p3p/6p2/2P6/P3P1P1P/2N1CCN2/9/1RBAKABR1 b,0.79784644,1765
1rbaka1r1/9/2n1b1nc1/p1p1p3p/6p2/2P6/Pc2P1P1P/2N1CCN2/9/1RBAKABR1 w,-0.7948537,5898
1rbaka1r1/9/2n1b1nc1/p1p1p3p/6p2/2PN5/Pc2P1P1P/4CCN2/9/1RBAKABR1 b,0.7935896,2311
1rbaka1r1/9/2n1b1n2/p1p1p3p/6p2/2PN5/Pc2P1PcP/4CCN2/9/1RBAKABR1 w,-0.7921139,6143
1rbaka1r1/9/2n1bCn2/p1p1p3p/6p2/2PN5/Pc2P1PcP/4C1N2/9/1RBAKABR1 b,0.7915428,1986
1rbakabr1/9/2n2Cn2/p1p1p3p/6p2/2PN5/Pc2P1PcP/4C1N2/9/1RBAKABR1 w,-0.7818543,4351
1rbakabr1/9/2n2Cn2/p1p1N3p/6p2/2P6/Pc2P1PcP/4C1N2/9/1RBAKABR1 b,0.7952188,1831
1rbakabr1/9/5Cn2/p1p1n3p/6p2/2P6/Pc2P1PcP/4C1N2/9/1RBAKABR1 w,-0.7944589,6061
1rbakabr1/9/5Cn2/p1p1C3p/6p2/2P6/Pc2P1PcP/6N2/9/1RBAKABR1 b,0.80903965,109
2bakabr1/9/1r3Cn2/p1p1C3p/6p2/2P6/Pc2P1PcP/6N2/9/1RBAKABR1 w,-0.79812026,2839
2bakabr1/9/1r3Cn2/p1p5p/6p2/2P1C4/Pc2P1PcP/6N2/9/1RBAKABR1 b,0.80177534,1733
2bakabr1/9/5rn2/p1p5p/6p2/2P1C4/Pc2P1PcP/6N2/9/1RBAKABR1 w,-0.79038477,7435
2bakabr1/9/5rn2/p1p5p/6p2/2P1C4/PR2P1PcP/6N2/9/2BAKABR1 b,0.7940752,2201
2bakabr1/9/5r3/p1p5p/5np2/2P1C4/PR2P1PcP/6N2/9/2BAKABR1 w,-0.78597164,4987
2bakabr1/9/5r3/p1p5p/1R3np2/2P1C4/P3P1PcP/6N2/9/2BAKABR1 b,0.79151213,3750
2bakabr1/9/5r3/p1p5p/1R4p2/2P1C4/P3P1ncP/6N2/9/2BAKABR1 w,-0.78080237,3372
2bakabr1/9/5r3/p1p5p/6R2/2P1C4/P3P1ncP/6N2/9/2BAKABR1 b,0.79456234,5449
2bakabr1/9/5r3/p1p5p/6R2/2P1n4/P3P2cP/6N2/9/2BAKABR1 w,-0.7942226,5269
2bakabr1/9/5r3/p1p5p/6R2/2P1P4/P6cP/6N2/9/2BAKABR1 b,0.80045724,5560
2bakabr1/9/5r3/p1p5p/6R2/2P1P4/P7P/6Nc1/9/2BAKABR1 w,-0.79053545,7999
2bakabr1/9/5r3/p1p5p/6R2/2P1P4/P7P/6Nc1/7R1/2BAKAB2 b,0.8015276,2138
2bakabr1/9/9/p1p5p/6R2/2P1P4/P7P/5rNc1/7R1/2BAKAB2 w,-0.79778856,3813
2bakabr1/9/9/p1p3R1p/9/2P1P4/P7P/5rNc1/7R1/2BAKAB2 b,0.79950255,691
2bakab2/9/9/p1p3R1p/9/2P1P4/P6rP/5rNc1/7R1/2BAKAB2 w,-0.78508675,2976
2bakaR2/9/9/p1p5p/9/2P1P4/P6rP/5rNc1/7R1/2BAKAB2 b,0.7960296,5548
2bakaR2/9/9/p1p5p/9/2P1P4/P3r3P/5rNc1/7R1/2BAKAB2 w,-0.7663149,7816
2bakaR2/9/9/p1p5p/9/2P1P4/P3r3P/5rNc1/4A2R1/2BAK1B2 b,0.78140336,6371
2bakaR2/9/9/p1p5p/9/2P1P4/P3r3P/5rN1c/4A2R1/2BAK1B2 w,-0.7734539,555
2baka3/6R2/9/p1p5p/9/2P1P4/P3r3P/5rN1c/4A2R1/2BAK1B2 b,0.7944386,5269
2baka3/6R2/9/p1p5p/9/2P1r4/P7P/5rN1c/4A2R1/2BAK1B2 w,-0.7723734,7117
2baka1R1/6R2/9/p1p5p/9/2P1r4/P7P/5rN1c/4A4/2BAK1B2 b,0.77057177,6479
2baka1R1/6R2/9/p1p5p/9/2P1r4/P7P/5rN2/4A4/2BAK1B1c w,-0.76385707,7897
2baka1R1/6R2/9/p1p5p/9/2P1r4/P7P/4BrN2/4A4/2BAK3c b,0.7795986,6179
2baka1R1/6R2/9/p1p5p/9/2P1r4/P4r2P/4B1N2/4A4/2BAK3c w,-0.77952105,1356
2bakaRR1/9/9/p1p5p/9/2P1r4/P4r2P/4B1N2/4A4/2BAK3c b,0.79656965,283
2b1kaRR1/4a4/9/p1p5p/9/2P1r4/P4r2P/4B1N2/4A4/2BAK3c w,-0.78386736,564
2b1ka1R1/4a4/6R2/p1p5p/9/2P1r4/P4r2P/4B1N2/4A4/2BAK3c b,0.80058324,202
4ka1R1/4a4/4b1R2/p1p5p/9/2P1r4/P4r2P/4B1N2/4A4/2BAK3c w,-0.7826198,664
4ka3/4a4/4b1R2/p1p4Rp/9/2P1r4/P4r2P/4B1N2/4A4/2BAK3c b,0.79839146,3194
4ka3/4a4/4b1R2/p1p4R1/8p/2P1r4/P4r2P/4B1N2/4A4/2BAK3c w,-0.7832034,2193
4ka3/4a4/4b4/p1p3RR1/8p/2P1r4/P4r2P/4B1N2/4A4/2BAK3c b,0.799547,4013
4ka3/4a4/4b4/p1p3RR1/9/2P1r3p/P4r2P/4B1N2/4A4/2BAK3c w,-0.7965407,2994
4ka3/4a4/4b1R2/p1p4R1/9/2P1r3p/P4r2P/4B1N2/4A4/2BAK3c b,0.8064844,4832
4ka3/4a4/4b1R2/p1p4R1/9/2P1r4/P4r2p/4B1N2/4A4/2BAK3c w,-0.7985998,3089
4ka3/4a4/4b1R2/p1R6/9/2P1r4/P4r2p/4B1N2/4A4/2BAK3c b,0.8065651,5371
4ka3/4a4/4b1R2/p1R6/9/2P1r4/P6rp/4B1N2/4A4/2BAK3c w,-0.79707235,2637
4ka3/4a4/4b1R2/R8/9/2P1r4/P6rp/4B1N2/4A4/2BAK3c b,0.806019,5651
4ka3/4a4/4b1R2/R8/9/2P1r4/P6r1/4B1N1p/4A4/2BAK3c w,-0.80567396,2430
R3ka3/4a4/4b1R2/9/9/2P1r4/P6r1/4B1N1p/4A4/2BAK3c b,0.80157495,1982
R1b1ka3/4a4/6R2/9/9/2P1r4/P6r1/4B1N1p/4A4/2BAK3c w,-0.7896857,2180
R1b1ka3/4a4/2R6/9/9/2P1r4/P6r1/4B1N1p/4A4/2BAK3c b,0.7993319,1173
R1baka3/9/2R6/9/9/2P1r4/P6r1/4B1N1p/4A4/2BAK3c w,-0.7909079,1802
R1Raka3/9/9/9/9/2P1r4/P6r1/4B1N1p/4A4/2BAK3c b,0.8040071,463
R1Rak4/4a4/9/9/9/2P1r4/P6r1/4B1N1p/4A4/2BAK3c w,-0.7957857,218
R2ak4/4a4/9/9/2R6/2P1r4/P6r1/4B1N1p/4A4/2BAK3c b,0.8264338,5550
R2ak4/4a4/9/9/2R6/2P1r4/P5r2/4B1N1p/4A4/2BAK3c w,-0.8257267,3463
R2ak4/4a4/9/9/7R1/2P1r4/P5r2/4B1N1p/4A4/2BAK3c b,0.8289927,5469
R2ak4/4a4/9/9/7R1/2P1r4/P8/4B1r1p/4A4/2BAK3c w,-0.82980186,3877
R2ak2R1/4a4/9/9/9/2P1r4/P8/4B1r1p/4A4/2BAK3c b,0.82924205,1175
R2aka1R1/9/9/9/9/2P1r4/P8/4B1r1p/4A4/2BAK3c w,-0.82110846,691
R2aka3/9/9/9/9/2P1r4/P6R1/4B1r1p/4A4/2BAK3c b,0.83049166,4460
R2aka3/9/9/9/9/2P2r3/P6R1/4B1r1p/4A4/2BAK3c w,-0.8392335,5533
R2aka3/9/9/9/7R1/2P2r3/P8/4B1r1p/4A4/2BAK3c b,0.9750924,6297
R2aka3/9/9/9/7R1/2P2r3/P8/4B3p/4A4/2BAK1r1c w,-0.9762992,6926
R2aka3/9/9/9/7R1/2P2r3/P8/4B3p/9/2BAKAr1c b,0.9839181,7916
R2aka3/9/9/9/7R1/2P2r3/P8/4B3p/9/2BAKr2c w,-0.9850826,7726
R2aka3/9/9/9/7R1/2P2r3/P8/4B3p/4K4/2BA1r2c b,1,4577
rnbakabnr/9/1c5c1/p1p1p1p1p/9/9/P1P1P1P1P/1C5C1/9/RNBAKABNR w,0.8017992,5827
rnbakabnr/9/1c5c1/p1p1p1p1p/9/9/P1P1P1P1P/4C2C1/9/RNBAKABNR b,-0.80177623,110
r1bakabnr/9/1cn4c1/p1p1p1p1p/9/9/P1P1P1P1P/4C2C1/9/RNBAKABNR w,0.8018315,7445
r1bakabnr/9/1cn4c1/p1p1p1p1p/9/9/P1P1P1P1P/2N1C2C1/9/R1BAKABNR b,-0.80183524,562
r1baka1nr/9/1cn1b2c1/p1p1p1p1p/9/9/P1P1P1P1P/2N1C2C1/9/R1BAKABNR w,0.8019466,7372
r1baka1nr/9/1cn1b2c1/p1p1p1p1p/9/9/P1P1P1P1P/2N1C2C1/9/1RBAKABNR b,-0.8017737,1
1rbaka1nr/9/1cn1b2c1/p1p1p1p1p/9/9/P1P1P1P1P/2N1C2C1/9/1RBAKABNR w,0.8016867,6368
1rbaka1nr/9/1cn1b2c1/p1p1p1p1p/9/9/P1P1P1P1P/2N1CC3/9/1RBAKABNR b,-0.8012789,654
1rbaka2r/9/1cn1b1nc1/p1p1p1p1p/9/9/P1P1P1P1P/2N1CC3/9/1RBAKABNR w,0.80158037,7989
1rbaka2r/9/1cn1b1nc1/p1p1p1p1p/9/9/P1P1P1P1P/2N1CCN2/9/1RBAKAB1R b,-0.8013648,3012
1rbaka2r/9/1cn1b1nc1/p1p1p3p/6p2/9/P1P1P1P1P/2N1CCN2/9/1RBAKAB1R w,0.80187565,8098
1rbaka2r/9/1cn1b1nc1/p1p1p3p/6p2/9/P1P1P1P1P/2N1CCN2/9/1RBAKABR1 b,-0.8020148,727
1rbaka1r1/9/1cn1b1nc1/p1p1p3p/6p2/9/P1P1P1P1P/2N1CCN2/9/1RBAKABR1 w,0.8025176,5087
1rbaka1r1/9/1cn1b1nc1/p1p1p3p/6p2/2P6/P3P1P1P/2N1CCN2/9/1RBAKABR1 b,-0.8021536,1765
1rbaka1r1/9/2n1b1nc1/p1p1p3p/6p2/2P6/Pc2P1P1P/2N1CCN2/9/1RBAKABR1 w,0.8047115,5898
1rbaka1r1/9/2n1b1nc1/p1p1p3p/6p2/2PN5/Pc2P1P1P/4CCN2/9/1RBAKABR1 b,-0.8064264,2311
1rbaka1r1/9/2n1b1n2/p1p1p3p/6p2/2PN5/Pc2P1PcP/4CCN2/9/1RBAKABR1 w,0.8079075,6143
1rbaka1r1/9/2n1bCn2/p1p1p3p/6p2/2PN5/Pc2P1PcP/4C1N2/9/1RBAKABR1 b,-0.8084572,1986
1rbakabr1/9/2n2Cn2/p1p1p3p/6p2/2PN5/Pc2P1PcP/4C1N2/9/1RBAKABR1 w,0.81814575,4351
1rbakabr1/9/2n2Cn2/p1p1N3p/6p2/2P6/Pc2P1PcP/4C1N2/9/1RBAKABR1 b,-0.80481404,1831
1rbakabr1/9/5Cn2/p1p1n3p/6p2/2P6/Pc2P1PcP/4C1N2/9/1RBAKABR1 w,0.80497974,6061
1rbakabr1/9/5Cn2/p1p1C3p/6p2/2P6/Pc2P1PcP/6N2/9/1RBAKABR1 b,-0.79062665,109
2bakabr1/9/1r3Cn2/p1p1C3p/6p2/2P6/Pc2P1PcP/6N2/9/1RBAKABR1 w,0.8020568,2839
2bakabr1/9/1r3Cn2/p1p5p/6p2/2P1C4/Pc2P1PcP/6N2/9/1RBAKABR1 b,-0.79825854,1733
2bakabr1/9/5rn2/p1p5p/6p2/2P1C4/Pc2P1PcP/6N2/9/1RBAKABR1 w,0.80960983,7435
2bakabr1/9/5rn2/p1p5p/6p2/2P1C4/PR2P1PcP/6N2/9/2BAKABR1 b,-0.80746,2129
2bakabr1/9/6n2/p1p5p/6p2/2P1C4/PR2PrPcP/6N2/9/2BAKABR1 w,0.81497216,4987
2bakabr1/9/6n2/p1p5p/1R4p2/2P1C4/P3PrPcP/6N2/9/2BAKABR1 b,-0.804564,2201
2bakabr1/9/9/p1p5p/1R3np2/2P1C4/P3PrPcP/6N2/9/2BAKABR1 w,0.821211,7897
2bakabr1/9/9/p1p5p/1R3np2/2P1C4/P3PrPcP/4B1N2/9/2BAKA1R1 b,-0.80922675,3748
2bakabr1/9/9/p1p5p/1R4p2/2P1C4/P3nrPcP/4B1N2/9/2BAKA1R1 w,0.82621086,7816
2bakabr1/9/9/p1p5p/1R4p2/2P1C4/P3nrPcP/4B1N2/4A4/2BAK2R1 b,-0.80996966,5370
2bakabr1/9/9/p1p5p/1R4p2/2P1C4/P3n1rcP/4B1N2/4A4/2BAK2R1 w,0.8128218,3370
2bakabr1/9/9/p1p5p/4R1p2/2P1C4/P3n1rcP/4B1N2/4A4/2BAK2R1 b,-0.81027395,562
2baka1r1/9/4b4/p1p5p/4R1p2/2P1C4/P3n1rcP/4B1N2/4A4/2BAK2R1 w,0.81483346,6268
2baka1r1/9/4b4/p1p5p/4R1p2/2P1C4/P3N1rcP/4B4/4A4/2BAK2R1 b,-0.8058947,5458
2baka1r1/9/4b4/p1p5p/4R1p2/2P1C4/P3r2cP/4B4/4A4/2BAK2R1 w,0.8182746,3622
2baka1r1/9/4R4/p1p5p/6p2/2P1C4/P3r2cP/4B4/4A4/2BAK2R1 b,-0.8388715,463
2bak2r1/4a4/4R4/p1p5p/6p2/2P1C4/P3r2cP/4B4/4A4/2BAK2R1 w,0.9193882,2005
2bak2r1/4a4/7R1/p1p5p/6p2/2P1C4/P3r2cP/4B4/4A4/2BAK2R1 b,-0.90733325,5269
2bak2r1/4a4/7R1/p1p5p/6p2/2P1r4/P6cP/4B4/4A4/2BAK2R1 w,0.91269463,2257
2bak2R1/4a4/9/p1p5p/6p2/2P1r4/P6cP/4B4/4A4/2BAK2R1 b,-0.91296715,1175
2baka1R1/9/9/p1p5p/6p2/2P1r4/P6cP/4B4/4A4/2BAK2R1 w,0.9155926,691
2baka3/9/9/p1p5p/6p2/2P1r4/P6RP/4B4/4A4/2BAK2R1 b,-0.9190676,3831
2baka3/9/9/p1p5p/9/2P1r1p2/P6RP/4B4/4A4/2BAK2R1 w,0.9196969,5524
2baka3/9/9/p1p4Rp/9/2P1r1p2/P7P/4B4/4A4/2BAK2R1 b,-0.9233918,4450
2baka3/9/9/p1p4Rp/4r4/2P3p2/P7P/4B4/4A4/2BAK2R1 w,0.93202925,3089
2baka3/9/9/p1R5p/4r4/2P3p2/P7P/4B4/4A4/2BAK2R1 b,-0.92342144,4650
2baka3/9/9/p1R5p/4r4/2P6/P5p1P/4B4/4A4/2BAK2R1 w,0.9361935,2612
2Raka3/9/9/p7p/4r4/2P6/P5p1P/4B4/4A4/2BAK2R1 b,-0.940754,5469
2Raka3/9/9/p7p/4r4/2P6/P7P/4B1p2/4A4/2BAK2R1 w,0.9402329,218
3aka3/9/9/p7p/2R1r4/2P6/P7P/4B1p2/4A4/2BAK2R1 b,-0.9423629,3638
3aka3/9/9/p7p/2r6/2P6/P7P/4B1p2/4A4/2BAK2R1 w,0.9441065,4268
3aka3/9/9/p7p/2P6/9/P7P/4B1p2/4A4/2BAK2R1 b,-0.94442016,6288
3aka3/9/9/p7p/2P6/9/P7P/4B4/4A1p2/2BAK2R1 w,0.9467912,3459
3aka3/9/9/p7p/3P5/9/P7P/4B4/4A1p2/2BAK2R1 b,-0.94786733,7099
3aka3/9/9/p7p/3P5/9/P7P/4B4/4A2p1/2BAK2R1 w,0.95021296,7999
3aka3/9/9/p7p/3P5/9/P7P/4B4/4A2R1/2BAK4 b,-0.9507532,3194
3aka3/9/9/p8/3P4p/9/P7P/4B4/4A2R1/2BAK4 w,0.94850093,7153
3aka3/9/9/p8/3P3Rp/9/P7P/4B4/4A4/2BAK4 b,-0.9467951,2466
3aka3/9/9/9/p2P3Rp/9/P7P/4B4/4A4/2BAK4 w,0.9519694,3910
3aka3/9/9/9/p2PR3p/9/P7P/4B4/4A4/2BAK4 b,-0.9524563,463
3ak4/4a4/9/9/p2PR3p/9/P7P/4B4/4A4/2BAK4 w,0.95204484,6908
3ak4/4a4/9/9/p2PR3p/9/P7P/4BA3/9/2BAK4 b,-0.9523845,4013
3ak4/4a4/9/9/p2PR4/8p/P7P/4BA3/9/2BAK4 w,0.9570952,5633
3ak4/4a4/9/9/p2PR4/8P/P8/4BA3/9/2BAK4 b,-0.9567935,365
3a1k3/4a4/9/9/p2PR4/8P/P8/4BA3/9/2BAK4 w,0.95712996,4814
3a1k3/4a4/9/9/p2PR3P/9/P8/4BA3/9/2BAK4 b,-0.95864487,454
3ak4/4a4/9/9/p2PR3P/9/P8/4BA3/9/2BAK4 w,0.9610501,4003
3ak4/4a4/9/9/p2PR2P1/9/P8/4BA3/9/2BAK4 b,-0.96045756,365
3a1k3/4a4/9/9/p2PR2P1/9/P8/4BA3/9/2BAK4 w,0.96215034,3912
3a1k3/4a4/9/9/p2PR1P2/9/P8/4BA3/9/2BAK4 b,-0.9621973,1193
3a1k3/9/5a3/9/p2PR1P2/9/P8/4BA3/9/2BAK4 w,0.96478343,3813
3a1k3/9/5a3/6P2/p2PR4/9/P8/4BA3/9/2BAK4 b,-0.9639357,283
5k3/4a4/5a3/6P2/p2PR4/9/P8/4BA3/9/2BAK4 w,0.96887124,2994
5k3/4a4/5aP2/9/p2PR4/9/P8/4BA3/9/2BAK4 b,-0.96014607,464
9/4ak3/5aP2/9/p2PR4/9/P8/4BA3/9/2BAK4 w,0.96984327,3540
9/4ak3/5aP2/3P5/p3R4/9/P8/4BA3/9/2BAK4 b,-0.972259,1265
5k3/4a4/5aP2/3P5/p3R4/9/P8/4BA3/9/2BAK4 w,0.9761743,3636
5k3/4a4/5aP2/3P5/R8/9/P8/4BA3/9/2BAK4 b,-0.9716476,464
9/4ak3/5aP2/3P5/R8/9/P8/4BA3/9/2BAK4 w,0.9901558,2175
9/4akP2/5a3/3P5/R8/9/P8/4BA3/9/2BAK4 b,-0.9916468,1265
5k3/4a1P2/5a3/3P5/R8/9/P8/4BA3/9/2BAK4 w,0.99487567,3240
R4k3/4a1P2/5a3/3P5/9/9/P8/4BA3/9/2BAK4 b,-0.9945562,1173
R2a1k3/6P2/5a3/3P5/9/9/P8/4BA3/9/2BAK4 w,1,3
rnbakabnr/9/1c5c1/p1p1p1p1p/9/9/P1P1P1P1P/1C5C1/9/RNBAKABNR w,0.8018177,5827
rnbakabnr/9/1c5c1/p1p1p1p1p/9/9/P1P1P1P1P/4C2C1/9/RNBAKABNR b,-0.8017682,110
r1bakabnr/9/1cn4c1/p1p1p1p1p/9/9/P1P1P1P1P/4C2C1/9/RNBAKABNR w,0.8018261,7445
r1bakabnr/9/1cn4c1/p1p1p1p1p/9/9/P1P1P1P1P/2N1C2C1/9/R1BAKABNR b,-0.80180895,562
r1baka1nr/9/1cn1b2c1/p1p1p1p1p/9/9/P1P1P1P1P/2N1C2C1/9/R1BAKABNR w,0.8019455,7372
r1baka1nr/9/1cn1b2c1/p1p1p1p1p/9/9/P1P1P1P1P/2N1C2C1/9/1RBAKABNR b,-0.80176973,1
1rbaka1nr/9/1cn1b2c1/p1p1p1p1p/9/9/P1P1P1P1P/2N1C2C1/9/1RBAKABNR w,0.8016996,6368
1rbaka1nr/9/1cn1b2c1/p1p1p1p1p/9/9/P1P1P1P1P/2N1CC3/9/1RBAKABNR b,-0.80126673,654
1rbaka2r/9/1cn1b1nc1/p1p1p1p1p/9/9/P1P1P1P1P/2N1CC3/9/1RBAKABNR w,0.8015947,7989
1rbaka2r/9/1cn1b1nc1/p1p1p1p1p/9/9/P1P1P1P1P/2N1CCN2/9/1RBAKAB1R b,-0.8013823,3012
1rbaka2r/9/1cn1b1nc1/p1p1p3p/6p2/9/P1P1P1P1P/2N1CCN2/9/1RBAKAB1R w,0.8018736,8098
1rbaka2r/9/1cn1b1nc1/p1p1p3p/6p2/9/P1P1P1P1P/2N1CCN2/9/1RBAKABR1 b,-0.8019093,727
1rbaka1r1/9/1cn1b1nc1/p1p1p3p/6p2/9/P1P1P1P1P/2N1CCN2/9/1RBAKABR1 w,0.8025176,5087
1rbaka1r1/9/1cn1b1nc1/p1p1p3p/6p2/2P6/P3P1P1P/2N1CCN2/9/1RBAKABR1 b,-0.8021536,1765
1rbaka1r1/9/2n1b1nc1/p1p1p3p/6p2/2P6/Pc2P1P1P/2N1CCN2/9/1RBAKABR1 w,0.80512637,5898
1rbaka1r1/9/2n1b1nc1/p1p1p3p/6p2/2PN5/Pc2P1P1P/4CCN2/9/1RBAKABR1 b,-0.80647033,2311
1rbaka1r1/9/2n1b1n2/p1p1p3p/6p2/2PN5/Pc2P1PcP/4CCN2/9/1RBAKABR1 w,0.8079292,6143
1rbaka1r1/9/2n1bCn2/p1p1p3p/6p2/2PN5/Pc2P1PcP/4C1N2/9/1RBAKABR1 b,-0.80890244,1986
1rbakabr1/9/2n2Cn2/p1p1p3p/6p2/2PN5/Pc2P1PcP/4C1N2/9/1RBAKABR1 w,0.81814575,4351
1rbakabr1/9/2n2Cn2/p1p1N3p/6p2/2P6/Pc2P1PcP/4C1N2/9/1RBAKABR1 b,-0.804766,1831
1rbakabr1/9/5Cn2/p1p1n3p/6p2/2P6/Pc2P1PcP/4C1N2/9/1RBAKABR1 w,0.8050013,6061
1rbakabr1/9/5Cn2/p1p1C3p/6p2/2P6/Pc2P1PcP/6N2/9/1RBAKABR1 b,-0.7905651,109
2bakabr1/9/1r3Cn2/p1p1C3p/6p2/2P6/Pc2P1PcP/6N2/9/1RBAKABR1 w,0.8022473,2839
2bakabr1/9/1r3Cn2/p1p5p/6p2/2P1C4/Pc2P1PcP/6N2/9/1RBAKABR1 b,-0.79821455,1733
2bakabr1/9/5rn2/p1p5p/6p2/2P1C4/Pc2P1PcP/6N2/9/1RBAKABR1 w,0.80969197,7435
2bakabr1/9/5rn2/p1p5p/6p2/2P1C4/PR2P1PcP/6N2/9/2BAKABR1 b,-0.8070279,2201
2bakabr1/9/5r3/p1p5p/5np2/2P1C4/PR2P1PcP/6N2/9/2BAKABR1 w,0.8136086,4987
2bakabr1/9/5r3/p1p5p/1R3np2/2P1C4/P3P1PcP/6N2/9/2BAKABR1 b,-0.8082788,3750
2bakabr1/9/5r3/p1p5p/1R4p2/2P1C4/P3P1ncP/6N2/9/2BAKABR1 w,0.81923956,3372
2bakabr1/9/5r3/p1p5p/6R2/2P1C4/P3P1ncP/6N2/9/2BAKABR1 b,-0.8054496,5449
2bakabr1/9/5r3/p1p5p/6R2/2P1n4/P3P2cP/6N2/9/2BAKABR1 w,0.80585825,5269
2bakabr1/9/5r3/p1p5p/6R2/2P1P4/P6cP/6N2/9/2BAKABR1 b,-0.79964405,5560
2bakabr1/9/5r3/p1p5p/6R2/2P1P4/P7P/6Nc1/9/2BAKABR1 w,0.81004125,7999
2bakabr1/9/5r3/p1p5p/6R2/2P1P4/P7P/6Nc1/7R1/2BAKAB2 b,-0.7984724,2138
2bakabr1/9/9/p1p5p/6R2/2P1P4/P7P/5rNc1/7R1/2BAKAB2 w,0.8013081,3813
2bakabr1/9/9/p1p3R1p/9/2P1P4/P7P/5rNc1/7R1/2BAKAB2 b,-0.8004975,691
2bakab2/9/9/p1p3R1p/9/2P1P4/P6rP/5rNc1/7R1/2BAKAB2 w,0.8140799,2976
2bakaR2/9/9/p1p5p/9/2P1P4/P6rP/5rNc1/7R1/2BAKAB2 b,-0.8056946,5548
2bakaR2/9/9/p1p5p/9/2P1P4/P3r3P/5rNc1/7R1/2BAKAB2 w,0.8330267,7816
2bakaR2/9/9/p1p5p/9/2P1P4/P3r3P/5rNc1/4A2R1/2BAK1B2 b,-0.8196672,6371
2bakaR2/9/9/p1p5p/9/2P1P4/P3r3P/5rN1c/4A2R1/2BAK1B2 w,0.829989,591
2baka3/9/9/p1p5p/9/2P1P1R2/P3r3P/5rN1c/4A2R1/2BAK1B2 b,-0.80671483,283
2b1ka3/4a4/9/p1p5p/9/2P1P1R2/P3r3P/5rN1c/4A2R1/2BAK1B2 w,0.8598273,7144
2b1ka3/4a4/9/p1p4Rp/9/2P1P1R2/P3r3P/5rN1c/4A4/2BAK1B2 b,-0.86948264,6479
2b1ka3/4a4/9/p1p4Rp/9/2P1P1R2/P3r3P/5rN2/4A4/2BAK1B1c w,0.8898814,7897
2b1ka3/4a4/9/p1p4Rp/9/2P1P1R2/P3r3P/4BrN2/4A4/2BAK3c b,-0.8753924,6187
2b1ka3/4a4/9/p1p4Rp/9/2P1P1R2/P3r3P/4r1N2/4A4/2BAK3c w,0.90968984,7537
2b1ka3/4a4/9/p1p4Rp/9/2P1P1R2/P3r3P/4B1N2/4A4/3AK3c b,-0.9047423,5287
2b1ka3/4a4/9/p1p4Rp/9/2P1P1R2/P7P/4r1N2/4A4/3AK3c w,0.90643364,6260
2b1ka3/4a4/9/p1p4Rp/9/2P1PNR2/P7P/4r4/4A4/3AK3c b,-0.9059338,6079
2b1ka3/4a4/9/p1p4Rp/9/2P1rNR2/P7P/9/4A4/3AK3c w,0.9155595,3089
2b1ka3/4a4/9/p1R5p/9/2P1rNR2/P7P/9/4A4/3AK3c b,-0.9076384,202
4ka3/4a4/4b4/p1R5p/9/2P1rNR2/P7P/9/4A4/3AK3c w,0.9208713,4642
4ka3/4a4/4b4/p1R5p/9/2P1rN1R1/P7P/9/4A4/3AK3c b,-0.91392815,8090
4ka3/4a4/4b4/p1R5p/9/2P1rN1R1/P7P/9/4A3c/3AK4 w,0.92844605,2641
4ka3/4a4/4b4/p3R3p/9/2P1rN1R1/P7P/9/4A3c/3AK4 b,-0.9042645,4457
4ka3/4a4/4b4/p3R3p/9/2r2N1R1/P7P/9/4A3c/3AK4 w,0.91786414,4759
4ka3/4a4/4b4/p3R3p/9/2r2N3/P7P/9/4A2Rc/3AK4 b,-0.9033715,4280
4ka3/4a4/4b4/p3R3p/9/5r3/P7P/9/4A2Rc/3AK4 w,0.91194767,7190
4ka3/4a4/4b4/p3R3p/9/5r3/P7P/9/4A3R/3AK4 b,-0.9103156,1986
4kab2/4a4/9/p3R3p/9/5r3/P7P/9/4A3R/3AK4 w,0.9287263,7278
4kab2/4a4/9/p3R3p/9/5r3/P7P/9/4A1R2/3AK4 b,-0.92087275,4559
4kab2/4a4/9/p3R3p/9/9/P4r2P/9/4A1R2/3AK4 w,0.9271481,7026
4kaR2/4a4/9/p3R3p/9/9/P4r2P/9/4A4/3AK4 b,-0.92149824,5372
4kaR2/4a4/9/p3R3p/9/9/P7r/9/4A4/3AK4 w,0.9234609,564
4ka3/4a4/6R2/p3R3p/9/9/P7r/9/4A4/3AK4 b,-0.9245825,5669
4ka3/4a4/6R2/p3R3p/9/9/P8/9/4A4/3AK3r w,0.93416774,6926
4ka3/4a4/6R2/p3R3p/9/9/P8/9/9/3AKA2r b,-0.93011576,8072
4ka3/4a4/6R2/p3R3p/9/9/P7r/9/9/3AKA3 w,0.93484974,2179
4ka3/4a4/1R7/p3R3p/9/9/P7r/9/9/3AKA3 b,-0.9226299,5637
4ka3/4a4/1R7/p3R3p/9/9/P2r5/9/9/3AKA3 w,0.92918694,1730
4ka3/4a4/2R6/p3R3p/9/9/P2r5/9/9/3AKA3 b,-0.9233275,5196
4ka3/4a4/2R6/p3R3p/9/9/P8/3r5/9/3AKA3 w,0.9351094,7816
4ka3/4a4/2R6/p3R3p/9/9/P8/3r5/4A4/3AK4 b,-0.9268565,5997
4ka3/4a4/2R6/p3R3p/9/9/P2r5/9/4A4/3AK4 w,0.9281403,1802
2R1ka3/4a4/9/p3R3p/9/9/P2r5/9/4A4/3AK4 b,-0.9185492,5133
2Rrka3/4a4/9/p3R3p/9/9/P8/9/4A4/3AK4 w,0.9269768,200
3rka3/4a4/2R6/p3R3p/9/9/P8/9/4A4/3AK4 b,-0.9196724,318
4ka3/4a4/2R6/p3R3p/9/3r5/P8/9/4A4/3AK4 w,0.9305501,6908
4ka3/4a4/2R6/p3R3p/9/3r5/P8/5A3/9/3AK4 b,-0.9218322,4404
4ka3/4a4/2R6/p3R3p/9/9/P8/5A3/9/3rK4 w,0.9946886,7734
4ka3/4a4/2R6/p3R3p/9/9/P8/5A3/9/3K5 b,-0.9936986,3194
4ka3/4a4/2R6/p3R4/8p/9/P8/5A3/9/3K5 w,1,1802
rnbakabnr/9/1c5c1/p1p1p1p1p/9/9/P1P1P1P1P/1C5C1/9/RNBAKABNR w,0.8018177,5827
rnbakabnr/9/1c5c1/p1p1p1p1p/9/9/P1P1P1P1P/4C2C1/9/RNBAKABNR b,-0.8017668,110
r1bakabnr/9/1cn4c1/p1p1p1p1p/9/9/P1P1P1P1P/4C2C1/9/RNBAKABNR w,0.8018244,7445
r1bakabnr/9/1cn4c1/p1p1p1p1p/9/9/P1P1P1P1P/2N1C2C1/9/R1BAKABNR b,-0.80182004,562
r1baka1nr/9/1cn1b2c1/p1p1p1p1p/9/9/P1P1P1P1P/2N1C2C1/9/R1BAKABNR w,0.8019455,7372
r1baka1nr/9/1cn1b2c1/p1p1p1p1p/9/9/P1P1P1P1P/2N1C2C1/9/1RBAKABNR b,-0.80177003,1
1rbaka1nr/9/1cn1b2c1/p1p1p1p1p/9/9/P1P1P1P1P/2N1C2C1/9/1RBAKABNR w,0.80169904,6368
1rbaka1nr/9/1cn1b2c1/p1p1p1p1p/9/9/P1P1P1P1P/2N1CC3/9/1RBAKABNR b,-0.80128574,654
1rbaka2r/9/1cn1b1nc1/p1p1p1p1p/9/9/P1P1P1P1P/2N1CC3/9/1RBAKABNR w,0.8015751,7989
1rbaka2r/9/1cn1b1nc1/p1p1p1p1p/9/9/P1P1P1P1P/2N1CCN2/9/1RBAKAB1R b,-0.8013876,3012
1rbaka2r/9/1cn1b1nc1/p1p1p3p/6p2/9/P1P1P1P1P/2N1CCN2/9/1RBAKAB1R w,0.8018723,8098
1rbaka2r/9/1cn1b1nc1/p1p1p3p/6p2/9/P1P1P1P1P/2N1CCN2/9/1RBAKABR1 b,-0.80200404,727
1rbaka1r1/9/1cn1b1nc1/p1p1p3p/6p2/9/P1P1P1P1P/2N1CCN2/9/1RBAKABR1 w,0.80274636,5087
1rbaka1r1/9/1cn1b1nc1/p1p1p3p/6p2/2P6/P3P1P1P/2N1CCN2/9/1RBAKABR1 b,-0.8022262,1765
1rbaka1r1/9/2n1b1nc1/p1p1p3p/6p2/2P6/Pc2P1P1P/2N1CCN2/9/1RBAKABR1 w,0.80520236,5898
1rbaka1r1/9/2n1b1nc1/p1p1p3p/6p2/2PN5/Pc2P1P1P/4CCN2/9/1RBAKABR1 b,-0.8063819,2311
1rbaka1r1/9/2n1b1n2/p1p1p3p/6p2/2PN5/Pc2P1PcP/4CCN2/9/1RBAKABR1 w,0.80768424,6143
1rbaka1r1/9/2n1bCn2/p1p1p3p/6p2/2PN5/Pc2P1PcP/4C1N2/9/1RBAKABR1 b,-0.8081662,1986
1rbakabr1/9/2n2Cn2/p1p1p3p/6p2/2PN5/Pc2P1PcP/4C1N2/9/1RBAKABR1 w,0.81814575,4351
1rbakabr1/9/2n2Cn2/p1p1N3p/6p2/2P6/Pc2P1PcP/4C1N2/9/1RBAKABR1 b,-0.8048105,1831
1rbakabr1/9/5Cn2/p1p1n3p/6p2/2P6/Pc2P1PcP/4C1N2/9/1RBAKABR1 w,0.80503064,6061
1rbakabr1/9/5Cn2/p1p1C3p/6p2/2P6/Pc2P1PcP/6N2/9/1RBAKABR1 b,-0.79084677,109
2bakabr1/9/1r3Cn2/p1p1C3p/6p2/2P6/Pc2P1PcP/6N2/9/1RBAKABR1 w,0.8018452,2839
2bakabr1/9/1r3Cn2/p1p5p/6p2/2P1C4/Pc2P1PcP/6N2/9/1RBAKABR1 b,-0.7983565,1733
2bakabr1/9/5rn2/p1p5p/6p2/2P1C4/Pc2P1PcP/6N2/9/1RBAKABR1 w,0.8096487,7435
2bakabr1/9/5rn2/p1p5p/6p2/2P1C4/PR2P1PcP/6N2/9/2BAKABR1 b,-0.8070279,2201
2bakabr1/9/5r3/p1p5p/5np2/2P1C4/PR2P1PcP/6N2/9/2BAKABR1 w,0.81418985,4987
2bakabr1/9/5r3/p1p5p/1R3np2/2P1C4/P3P1PcP/6N2/9/2BAKABR1 b,-0.8081705,3750
2bakabr1/9/5r3/p1p5p/1R4p2/2P1C4/P3P1ncP/6N2/9/2BAKABR1 w,0.8188259,3372
2bakabr1/9/5r3/p1p5p/6R2/2P1C4/P3P1ncP/6N2/9/2BAKABR1 b,-0.80544937,5449
2bakabr1/9/5r3/p1p5p/6R2/2P1n4/P3P2cP/6N2/9/2BAKABR1 w,0.8059191,5269
2bakabr1/9/5r3/p1p5p/6R2/2P1P4/P6cP/6N2/9/2BAKABR1 b,-0.7993737,5560
2bakabr1/9/5r3/p1p5p/6R2/2P1P4/P7P/6Nc1/9/2BAKABR1 w,0.8084994,7999
2bakabr1/9/5r3/p1p5p/6R2/2P1P4/P7P/6Nc1/7R1/2BAKAB2 b,-0.7982415,2138
2bakabr1/9/9/p1p5p/6R2/2P1P4/P7P/5rNc1/7R1/2BAKAB2 w,0.8004698,3813
2bakabr1/9/9/p1p3R1p/9/2P1P4/P7P/5rNc1/7R1/2BAKAB2 b,-0.80019426,691
2bakab2/9/9/p1p3R1p/9/2P1P4/P6rP/5rNc1/7R1/2BAKAB2 w,0.8144135,2976
2bakaR2/9/9/p1p5p/9/2P1P4/P6rP/5rNc1/7R1/2BAKAB2 b,-0.80391103,5548
2bakaR2/9/9/p1p5p/9/2P1P4/P3r3P/5rNc1/7R1/2BAKAB2 w,0.83300877,7816
2bakaR2/9/9/p1p5p/9/2P1P4/P3r3P/5rNc1/4A2R1/2BAK1B2 b,-0.8196672,6371
2bakaR2/9/9/p1p5p/9/2P1P4/P3r3P/5rN1c/4A2R1/2BAK1B2 w,0.8767757,7897
2bakaR2/9/9/p1p5p/9/2P1P4/P3r3P/4BrN1c/4A2R1/2BAK4 b,-0.8791284,6189
2bakaR2/9/9/p1p5p/9/2P1P4/P3r3P/4B1r1c/4A2R1/2BAK4 w,0.8901022,609
2baka3/9/9/p1p5p/9/2P1P4/P3r3P/4B1R1c/4A2R1/2BAK4 b,-0.88203657,6479
2baka3/9/9/p1p5p/9/2P1P4/P3r3P/4B1R2/4A2R1/2BAK3c w,0.8899288,7117
2baka1R1/9/9/p1p5p/9/2P1P4/P3r3P/4B1R2/4A4/2BAK3c b,-0.8760139,283
2b1ka1R1/4a4/9/p1p5p/9/2P1P4/P3r3P/4B1R2/4A4/2BAK3c w,0.89279157,6216
2b1kaRR1/4a4/9/p1p5p/9/2P1P4/P3r3P/4B4/4A4/2BAK3c b,-0.8676687,5282
2b1kaRR1/4a4/9/p1p5p/9/2P1P4/P7r/4B4/4A4/2BAK3c w,0.88620996,664
2b1kaR2/4a4/9/p1p4Rp/9/2P1P4/P7r/4B4/4A4/2BAK3c b,-0.8783792,5633
2b1kaR2/4a4/9/p1p4Rp/9/2P1P3r/P8/4B4/4A4/2BAK3c w,0.89052135,573
2b1ka3/4a4/9/p1p3RRp/9/2P1P3r/P8/4B4/4A4/2BAK3c b,-0.8832636,4819
2b1ka3/4a4/9/p1p3RRp/9/2P1r4/P8/4B4/4A4/2BAK3c w,0.89404625,2999
2b1ka3/4a4/9/p1R4Rp/9/2P1r4/P8/4B4/4A4/2BAK3c b,-0.88805306,198
4ka3/4a4/b8/p1R4Rp/9/2P1r4/P8/4B4/4A4/2BAK3c w,0.89873224,3095
4ka3/4a4/b8/p1R5R/9/2P1r4/P8/4B4/4A4/2BAK3c b,-0.89110065,8063
4ka3/4a4/b8/p1R5R/9/2P1r3c/P8/4B4/4A4/2BAK4 w,0.9037115,2637
4ka3/4a4/b8/R7R/9/2P1r3c/P8/4B4/4A4/2BAK4 b,-0.90219146,1622
2b1ka3/4a4/9/R7R/9/2P1r3c/P8/4B4/4A4/2BAK4 w,0.92095613,2430
R1b1ka3/4a4/9/8R/9/2P1r3c/P8/4B4/4A4/2BAK4 b,-0.90347296,4462
R1b1ka3/4a4/9/8R/9/2P4rc/P8/4B4/4A4/2BAK4 w,0.9046201,2
2R1ka3/4a4/9/8R/9/2P4rc/P8/4B4/4A4/2BAK4 b,-0.9036701,1173
2Raka3/9/9/8R/9/2P4rc/P8/4B4/4A4/2BAK4 w,0.91283286,218
3aka3/9/9/8R/2R6/2P4rc/P8/4B4/4A4/2BAK4 b,-0.908441,4768
3aka3/9/9/8R/2R6/2P5c/P8/4B4/4A4/2BAK2r1 w,0.92536104,6926
3aka3/9/9/8R/2R6/2P5c/P8/4B4/9/2BAKA1r1 b,-0.9199221,4859
3aka3/9/9/8R/2R6/2P6/P8/4B4/9/2BAKA1rc w,0.92516917,7636
3aka3/9/9/8R/2R6/2P6/P8/4B4/4A4/2B1KA1rc b,-0.908099,283
4ka3/4a4/9/8R/2R6/2P6/P8/4B4/4A4/2B1KA1rc w,0.9227791,3194
4ka3/4a4/9/9/2R5R/2P6/P8/4B4/4A4/2B1KA1rc b,-0.9136794,1173
3aka3/9/9/9/2R5R/2P6/P8/4B4/4A4/2B1KA1rc w,0.9260985,4013
3aka3/9/9/9/2R6/2P5R/P8/4B4/4A4/2B1KA1rc b,-0.9122653,463
3ak4/4a4/9/9/2R6/2P5R/P8/4B4/4A4/2B1KA1rc w,0.9277879,4841
3ak4/4a4/9/9/2R6/2P6/P8/4B3R/4A4/2B1KA1rc b,-0.9040441,365
3a1k3/4a4/9/9/2R6/2P6/P8/4B3R/4A4/2B1KA1rc w,0.9249727,7734
3a1k3/4a4/9/9/2R6/2P6/P8/4B3R/4A4/2BK1A1rc b,-0.92068684,8006
3a1k3/4a4/9/9/2R6/2P6/P8/4B3R/4A4/2BK1r2c w,0.9164344,7635
3a1k3/4a4/9/9/2R6/2P6/P8/4B3R/3KA4/2B2r2c b,-0.912865,7823
3a1k3/4a4/9/9/2R6/2P6/P8/4B3R/3KA4/2r5c w,0.9358634,3461
3a1k3/4a4/9/9/5R3/2P6/P8/4B3R/3KA4/2r5c b,-0.93796957,454
3ak4/4a4/9/9/5R3/2P6/P8/4B3R/3KA4/2r5c w,0.943505,6398
3ak3R/4a4/9/9/5R3/2P6/P8/4B4/3KA4/2r5c b,-0.9426294,1175
3aka2R/9/9/9/5R3/2P6/P8/4B4/3KA4/2r5c w,0.9899684,725
3akR3/9/9/9/5R3/2P6/P8/4B4/3KA4/2r5c b,-0.9904025,373
3a1R3/4k4/9/9/5R3/2P6/P8/4B4/3KA4/2r5c w,1,3730
rnbakabnr/9/1c5c1/p1p1p1p1p/9/9/P1P1P1P1P/1C5C1/9/RNBAKABNR w,0.80182725,5827
rnbakabnr/9/1c5c1/p1p1p1p1p/9/9/P1P1P1P1P/4C2C1/9/RNBAKABNR b,-0.8017682,110
r1bakabnr/9/1cn4c1/p1p1p1p1p/9/9/P1P1P1P1P/4C2C1/9/RNBAKABNR w,0.8018244,7445
r1bakabnr/9/1cn4c1/p1p1p1p1p/9/9/P1P1P1P1P/2N1C2C1/9/R1BAKABNR b,-0.801812,562
r1baka1nr/9/1cn1b2c1/p1p1p1p1p/9/9/P1P1P1P1P/2N1C2C1/9/R1BAKABNR w,0.8019466,7372
r1baka1nr/9/1cn1b2c1/p1p1p1p1p/9/9/P1P1P1P1P/2N1C2C1/9/1RBAKABNR b,-0.8017674,1
1rbaka1nr/9/1cn1b2c1/p1p1p1p1p/9/9/P1P1P1P1P/2N1C2C1/9/1RBAKABNR w,0.80169904,6368
1rbaka1nr/9/1cn1b2c1/p1p1p1p1p/9/9/P1P1P1P1P/2N1CC3/9/1RBAKABNR b,-0.8012789,654
1rbaka2r/9/1cn1b1nc1/p1p1p1p1p/9/9/P1P1P1P1P/2N1CC3/9/1RBAKABNR w,0.8015947,7989
1rbaka2r/9/1cn1b1nc1/p1p1p1p1p/9/9/P1P1P1P1P/2N1CCN2/9/1RBAKAB1R b,-0.8013682,3012
1rbaka2r/9/1cn1b1nc1/p1p1p3p/6p2/9/P1P1P1P1P/2N1CCN2/9/1RBAKAB1R w,0.80187565,8098
1rbaka2r/9/1cn1b1nc1/p1p1p3p/6p2/9/P1P1P1P1P/2N1CCN2/9/1RBAKABR1 b,-0.802059,727
1rbaka1r1/9/1cn1b1nc1/p1p1p3p/6p2/9/P1P1P1P1P/2N1CCN2/9/1RBAKABR1 w,0.80280274,5087
1rbaka1r1/9/1cn1b1nc1/p1p1p3p/6p2/2P6/P3P1P1P/2N1CCN2/9/1RBAKABR1 b,-0.80212146,1765
1rbaka1r1/9/2n1b1nc1/p1p1p3p/6p2/2P6/Pc2P1P1P/2N1CCN2/9/1RBAKABR1 w,0.80505353,5898
1rbaka1r1/9/2n1b1nc1/p1p1p3p/6p2/2PN5/Pc2P1P1P/4CCN2/9/1RBAKABR1 b,-0.8064136,2311
1rbaka1r1/9/2n1b1n2/p1p1p3p/6p2/2PN5/Pc2P1PcP/4CCN2/9/1RBAKABR1 w,0.8079292,6143
1rbaka1r1/9/2n1bCn2/p1p1p3p/6p2/2PN5/Pc2P1PcP/4C1N2/9/1RBAKABR1 b,-0.8084572,1986
1rbakabr1/9/2n2Cn2/p1p1p3p/6p2/2PN5/Pc2P1PcP/4C1N2/9/1RBAKABR1 w,0.81814575,4351
1rbakabr1/9/2n2Cn2/p1p1N3p/6p2/2P6/Pc2P1PcP/4C1N2/9/1RBAKABR1 b,-0.8047867,1831
1rbakabr1/9/5Cn2/p1p1n3p/6p2/2P6/Pc2P1PcP/4C1N2/9/1RBAKABR1 w,0.8050499,6061
1rbakabr1/9/5Cn2/p1p1C3p/6p2/2P6/Pc2P1PcP/6N2/9/1RBAKABR1 b,-0.7907896,109
2bakabr1/9/1r3Cn2/p1p1C3p/6p2/2P6/Pc2P1PcP/6N2/9/1RBAKABR1 w,0.80212486,2839
2bakabr1/9/1r3Cn2/p1p5p/6p2/2P1C4/Pc2P1PcP/6N2/9/1RBAKABR1 b,-0.7983558,1733
2bakabr1/9/5rn2/p1p5p/6p2/2P1C4/Pc2P1PcP/6N2/9/1RBAKABR1 w,0.80965346,7435
2bakabr1/9/5rn2/p1p5p/6p2/2P1C4/PR2P1PcP/6N2/9/2BAKABR1 b,-0.80703294,2201
2bakabr1/9/5r3/p1p5p/5np2/2P1C4/PR2P1PcP/6N2/9/2BAKABR1 w,0.8140809,4987
2bakabr1/9/5r3/p1p5p/1R3np2/2P1C4/P3P1PcP/6N2/9/2BAKABR1 b,-0.80843544,3750
2bakabr1/9/5r3/p1p5p/1R4p2/2P1C4/P3P1ncP/6N2/9/2BAKABR1 w,0.8189175,3372
2bakabr1/9/5r3/p1p5p/6R2/2P1C4/P3P1ncP/6N2/9/2BAKABR1 b,-0.80544937,5449
2bakabr1/9/5r3/p1p5p/6R2/2P1n4/P3P2cP/6N2/9/2BAKABR1 w,0.80595845,5269
2bakabr1/9/5r3/p1p5p/6R2/2P1P4/P6cP/6N2/9/2BAKABR1 b,-0.7993737,5560
2bakabr1/9/5r3/p1p5p/6R2/2P1P4/P7P/6Nc1/9/2BAKABR1 w,0.80920476,7999
2bakabr1/9/5r3/p1p5p/6R2/2P1P4/P7P/6Nc1/7R1/2BAKAB2 b,-0.7982415,2138
2bakabr1/9/9/p1p5p/6R2/2P1P4/P7P/5rNc1/7R1/2BAKAB2 w,0.8004698,3813
2bakabr1/9/9/p1p3R1p/9/2P1P4/P7P/5rNc1/7R1/2BAKAB2 b,-0.80019426,691
2bakab2/9/9/p1p3R1p/9/2P1P4/P6rP/5rNc1/7R1/2BAKAB2 w,0.81399983,2976
2bakaR2/9/9/p1p5p/9/2P1P4/P6rP/5rNc1/7R1/2BAKAB2 b,-0.8037907,5548
2bakaR2/9/9/p1p5p/9/2P1P4/P3r3P/5rNc1/7R1/2BAKAB2 w,0.8268418,7636
2bakaR2/9/9/p1p5p/9/2P1P4/P3r3P/5rNc1/4A2R1/2B1KAB2 b,-0.8148272,6361
2bakaR2/9/9/p1p5p/9/2P1P4/P3r2cP/5rN2/4A2R1/2B1KAB2 w,0.8671939,7171
2bakaR2/9/9/p1p5p/9/2P1P4/P3r2RP/5rN2/4A4/2B1KAB2 b,-0.85281044,5281
2bakaR2/9/9/p1p5p/9/2P1P4/P6rP/5rN2/4A4/2B1KAB2 w,0.8607207,6908
2bakaR2/9/9/p1p5p/9/2P1P4/P6rP/5AN2/9/2B1KAB2 b,-0.85180384,5544
2bakaR2/9/9/p1p5p/9/2P1P4/r7P/5AN2/9/2B1KAB2 w,0.8616213,6260
2bakaR2/9/9/p1p5p/9/2P1PN3/r7P/5A3/9/2B1KAB2 b,-0.8579301,4922
2bakaR2/9/9/p1p5p/9/2P1PN3/8r/5A3/9/2B1KAB2 w,0.8678188,4543
2bakaR2/9/9/p1p5p/7N1/2P1P4/8r/5A3/9/2B1KAB2 b,-0.85696894,5638
2bakaR2/9/9/p1p5p/7N1/2P1P4/4r4/5A3/9/2B1KAB2 w,0.85606074,6196
2bakaR2/9/9/p1p5p/7N1/2P1P4/4r4/9/4A4/2B1KAB2 b,-0.8430724,5269
2bakaR2/9/9/p1p5p/7N1/2P1r4/9/9/4A4/2B1KAB2 w,0.8465783,3902
2bakaR2/9/9/p1p2N2p/9/2P1r4/9/9/4A4/2B1KAB2 b,-0.84996414,4457
2bakaR2/9/9/p1p2N2p/9/2r6/9/9/4A4/2B1KAB2 w,0.8676887,7897
2bakaR2/9/9/p1p2N2p/9/2r6/9/4B4/4A4/2B1KA3 b,-0.86706865,4280
2bakaR2/9/9/p1p2N2p/9/5r3/9/4B4/4A4/2B1KA3 w,0.8647485,2901
2bakaR2/9/3N5/p1p5p/9/5r3/9/4B4/4A4/2B1KA3 b,-0.8648111,373
2ba1aR2/4k4/3N5/p1p5p/9/5r3/9/4B4/4A4/2B1KA3 w,0.8662437,555
2ba1a3/4k1R2/3N5/p1p5p/9/5r3/9/4B4/4A4/2B1KA3 b,-0.8646526,1192
2ba1a3/6R2/3Nk4/p1p5p/9/5r3/9/4B4/4A4/2B1KA3 w,0.87467057,1930
2ba1a3/6R2/4k4/p1p5p/4N4/5r3/9/4B4/4A4/2B1KA3 b,-0.85933095,4532
2ba1a3/6R2/4k4/p1p2r2p/4N4/9/9/4B4/4A4/2B1KA3 w,0.8694433,1410
2ba1a3/9/4k4/p1p2r2p/4N4/9/6R2/4B4/4A4/2B1KA3 b,-0.8382162,2911
2ba1a3/9/4k4/p1p1r3p/4N4/9/6R2/4B4/4A4/2B1KA3 w,0.8499125,3633
2ba1a3/9/4k4/p1p1r1N1p/9/9/6R2/4B4/4A4/2B1KA3 b,-0.8440634,1993
2ba1a3/4k4/9/p1p1r1N1p/9/9/6R2/4B4/4A4/2B1KA3 w,0.85886735,2996
2ba1a3/4k4/8N/p1p1r3p/9/9/6R2/4B4/4A4/2B1KA3 b,-0.84563345,1174
2baka3/9/8N/p1p1r3p/9/9/6R2/4B4/4A4/2B1KA3 w,0.85361475,2355
2baka3/6N2/9/p1p1r3p/9/9/6R2/4B4/4A4/2B1KA3 b,-0.85629296,373
2ba1a3/4k1N2/9/p1p1r3p/9/9/6R2/4B4/4A4/2B1KA3 w,0.862779,6117
2ba1a3/4k1N2/9/p1p1r3p/9/9/6R2/9/4A4/2B1KAB2 b,-0.8441489,202
3a1a3/4k1N2/4b4/p1p1r3p/9/9/6R2/9/4A4/2B1KAB2 w,0.8723943,5455
3a1a3/4k1N2/4b4/p1p1r3p/9/9/1R7/9/4A4/2B1KAB2 b,-0.8474044,1184
3a1a3/5kN2/4b4/p1p1r3p/9/9/1R7/9/4A4/2B1KAB2 w,0.8650745,5009
3a1a3/5kN2/4b4/p1p1r3p/9/9/5R3/9/4A4/2B1KAB2 b,-0.86840993,1273
3a1a3/4k1N2/4b4/p1p1r3p/9/9/5R3/9/4A4/2B1KAB2 w,0.87694424,5315
3a1R3/4k1N2/4b4/p1p1r3p/9/9/9/9/4A4/2B1KAB2 b,-0.87461615,2823
3a1R3/4k1N2/4b4/p1p3r1p/9/9/9/9/4A4/2B1KAB2 w,0.8967259,454
3aR4/4k1N2/4b4/p1p3r1p/9/9/9/9/4A4/2B1KAB2 b,-0.8960247,1184
3aR4/5kN2/4b4/p1p3r1p/9/9/9/9/4A4/2B1KAB2 w,0.9146414,1376
3aR4/5k3/4b3N/p1p3r1p/9/9/9/9/4A4/2B1KAB2 b,-0.8921205,3004
3aR4/5k3/4b3N/p1p4rp/9/9/9/9/4A4/2B1KAB2 w,0.9116906,2347
3aR2N1/5k3/4b4/p1p4rp/9/9/9/9/4A4/2B1KAB2 b,-0.89697224,3067
3aR2r1/5k3/4b4/p1p5p/9/9/9/9/4A4/2B1KAB2 w,0.90836626,367
3a3R1/5k3/4b4/p1p5p/9/9/9/9/4A4/2B1KAB2 b,-0.9034431,1273
3a3R1/4k4/4b4/p1p5p/9/9/9/9/4A4/2B1KAB2 w,0.91773444,633
3R5/4k4/4b4/p1p5p/9/9/9/9/4A4/2B1KAB2 b,-0.91390616,3194
3R5/4k4/4b4/p1p6/8p/9/9/9/4A4/2B1KAB2 w,0.9192974,309
9/4k4/4b4/p1p6/3R4p/9/9/9/4A4/2B1KAB2 b,-0.9159691,4013
9/4k4/4b4/p1p6/3R5/8p/9/9/4A4/2B1KAB2 w,0.9225573,3550
9/4k4/4b4/p1p6/4R4/8p/9/9/4A4/2B1KAB2 b,-0.9170573,2648
9/4k4/4b4/p8/2p1R4/8p/9/9/4A4/2B1KAB2 w,0.92870754,6906
9/4k4/4b4/p8/2p1R4/8p/9/3A5/9/2B1KAB2 b,-0.9141095,3467
9/4k4/4b4/p8/4R4/2p5p/9/3A5/9/2B1KAB2 w,0.9367416,3622
9/4k4/4R4/p8/9/2p5p/9/3A5/9/2B1KAB2 b,-0.9413032,1182
9/3k5/4R4/p8/9/2p5p/9/3A5/9/2B1KAB2 w,0.9488232,2029
9/3k5/9/p8/9/2p1R3p/9/3A5/9/2B1KAB2 b,-0.943931,4832
9/3k5/9/p8/9/2p1R4/8p/3A5/9/2B1KAB2 w,0.9714638,4450
9/3k5/9/p8/4R4/2p6/8p/3A5/9/2B1KAB2 b,-0.980491,5641
9/3k5/9/p8/4R4/2p6/7p1/3A5/9/2B1KAB2 w,1,3639
rnbakabnr/9/1c5c1/p1p1p1p1p/9/9/P1P1P1P1P/1C5C1/9/RNBAKABNR w,0.001809311,5827
rnbakabnr/9/1c5c1/p1p1p1p1p/9/9/P1P1P1P1P/4C2C1/9/RNBAKABNR b,-0.0017762304,110
r1bakabnr/9/1cn4c1/p1p1p1p1p/9/9/P1P1P1P1P/4C2C1/9/RNBAKABNR w,0.0018254519,7445
r1bakabnr/9/1cn4c1/p1p1p1p1p/9/9/P1P1P1P1P/2N1C2C1/9/R1BAKABNR b,-0.0018223763,562
r1baka1nr/9/1cn1b2c1/p1p1p1p1p/9/9/P1P1P1P1P/2N1C2C1/9/R1BAKABNR w,0.001935196,7372
r1baka1nr/9/1cn1b2c1/p1p1p1p1p/9/9/P1P1P1P1P/2N1C2C1/9/1RBAKABNR b,-0.0017724872,1
1rbaka1nr/9/1cn1b2c1/p1p1p1p1p/9/9/P1P1P1P1P/2N1C2C1/9/1RBAKABNR w,0.0016866922,6368
1rbaka1nr/9/1cn1b2c1/p1p1p1p1p/9/9/P1P1P1P1P/2N1CC3/9/1RBAKABNR b,-0.0012789011,654
1rbaka2r/9/1cn1b1nc1/p1p1p1p1p/9/9/P1P1P1P1P/2N1CC3/9/1RBAKABNR w,0.0016003847,7989
1rbaka2r/9/1cn1b1nc1/p1p1p1p1p/9/9/P1P1P1P1P/2N1CCN2/9/1RBAKAB1R b,-0.0013483524,3012
1rbaka2r/9/1cn1b1nc1/p1p1p3p/6p2/9/P1P1P1P1P/2N1CCN2/9/1RBAKAB1R w,0.0018735885,8098
1rbaka2r/9/1cn1b1nc1/p1p1p3p/6p2/9/P1P1P1P1P/2N1CCN2/9/1RBAKABR1 b,-0.0020286203,727
1rbaka1r1/9/1cn1b1nc1/p1p1p3p/6p2/9/P1P1P1P1P/2N1CCN2/9/1RBAKABR1 w,0.002513051,5087
1rbaka1r1/9/1cn1b1nc1/p1p1p3p/6p2/2P6/P3P1P1P/2N1CCN2/9/1RBAKABR1 b,-0.0021957518,1765
1rbaka1r1/9/2n1b1nc1/p1p1p3p/6p2/2P6/Pc2P1P1P/2N1CCN2/9/1RBAKABR1 w,0.004753709,5898
1rbaka1r1/9/2n1b1nc1/p1p1p3p/6p2/2PN5/Pc2P1P1P/4CCN2/9/1RBAKABR1 b,-0.0063818814,2311
1rbaka1r1/9/2n1b1n2/p1p1p3p/6p2/2PN5/Pc2P1PcP/4CCN2/9/1RBAKABR1 w,0.007896758,6143
1rbaka1r1/9/2n1bCn2/p1p1p3p/6p2/2PN5/Pc2P1PcP/4C1N2/9/1RBAKABR1 b,-0.008457172,1986
1rbakabr1/9/2n2Cn2/p1p1p3p/6p2/2PN5/Pc2P1PcP/4C1N2/9/1RBAKABR1 w,0.017766332,4351
1rbakabr1/9/2n2Cn2/p1p1N3p/6p2/2P6/Pc2P1PcP/4C1N2/9/1RBAKABR1 b,-0.004786694,1831
1rbakabr1/9/5Cn2/p1p1n3p/6p2/2P6/Pc2P1PcP/4C1N2/9/1RBAKABR1 w,0.005065441,6061
1rbakabr1/9/5Cn2/p1p1C3p/6p2/2P6/Pc2P1PcP/6N2/9/1RBAKABR1 b,0.009434938,109
2bakabr1/9/1r3Cn2/p1p1C3p/6p2/2P6/Pc2P1PcP/6N2/9/1RBAKABR1 w,0.0022862197,2839
2bakabr1/9/1r3Cn2/p1p5p/6p2/2P1C4/Pc2P1PcP/6N2/9/1RBAKABR1 b,0.0016993046,1733
2bakabr1/9/5rn2/p1p5p/6p2/2P1C4/Pc2P1PcP/6N2/9/1RBAKABR1 w,0.009648657,7435
2bakabr1/9/5rn2/p1p5p/6p2/2P1C4/PR2P1PcP/6N2/9/2BAKABR1 b,-0.0075303675,2129
2bakabr1/9/6n2/p1p5p/6p2/2P1C4/PR2PrPcP/6N2/9/2BAKABR1 w,0.014709497,4987
2bakabr1/9/6n2/p1p5p/1R4p2/2P1C4/P3PrPcP/6N2/9/2BAKABR1 b,-0.0045423033,2201
2bakabr1/9/9/p1p5p/1R3np2/2P1C4/P3PrPcP/6N2/9/2BAKABR1 w,0.022164179,7897
2bakabr1/9/9/p1p5p/1R3np2/2P1C4/P3PrPcP/4B1N2/9/2BAKA1R1 b,-0.009560823,3748
2bakabr1/9/9/p1p5p/1R4p2/2P1C4/P3nrPcP/4B1N2/9/2BAKA1R1 w,0.026210833,7816
2bakabr1/9/9/p1p5p/1R4p2/2P1C4/P3nrPcP/4B1N2/4A4/2BAK2R1 b,-0.00994463,5370
2bakabr1/9/9/p1p5p/1R4p2/2P1C4/P3n1rcP/4B1N2/4A4/2BAK2R1 w,0.012486911,3370
2bakabr1/9/9/p1p5p/4R1p2/2P1C4/P3n1rcP/4B1N2/4A4/2BAK2R1 b,-0.007263887,562
2baka1r1/9/4b4/p1p5p/4R1p2/2P1C4/P3n1rcP/4B1N2/4A4/2BAK2R1 w,0.013994885,6268
2baka1r1/9/4b4/p1p5p/4R1p2/2P1C4/P3N1rcP/4B4/4A4/2BAK2R1 b,-0.0047361255,5458
2baka1r1/9/4b4/p1p5p/4R1p2/2P1C4/P3r2cP/4B4/4A4/2BAK2R1 w,0.019219184,3622
2baka1r1/9/4R4/p1p5p/6p2/2P1C4/P3r2cP/4B4/4A4/2BAK2R1 b,-0.04131011,463
2bak2r1/4a4/4R4/p1p5p/6p2/2P1C4/P3r2cP/4B4/4A4/2BAK2R1 w,0.11966214,2005
2bak2r1/4a4/7R1/p1p5p/6p2/2P1C4/P3r2cP/4B4/4A4/2BAK2R1 b,-0.114603736,1175
2baka1r1/9/7R1/p1p5p/6p2/2P1C4/P3r2cP/4B4/4A4/2BAK2R1 w,0.11586981,2257
2baka1R1/9/9/p1p5p/6p2/2P1C4/P3r2cP/4B4/4A4/2BAK2R1 b,-0.10883997,5544
2baka1R1/9/9/p1p5p/6p2/2P1C4/c3r3P/4B4/4A4/2BAK2R1 w,0.11964045,4460
2baka1R1/9/9/p1p5p/6p2/2P2C3/c3r3P/4B4/4A4/2BAK2R1 b,-0.11013148,3831
2baka1R1/9/9/p1p5p/9/2P2Cp2/c3r3P/4B4/4A4/2BAK2R1 w,0.11781635,6081
2baka1R1/9/9/p1p5p/9/2P2CB2/c3r3P/9/4A4/2BAK2R1 b,-0.10464461,4941
2baka1R1/9/9/p1p5p/9/2P2CB2/4r3P/9/4A4/c1BAK2R1 w,0.12208219,7954
2baka1R1/9/9/p1p4Rp/9/2P2CB2/4r3P/9/4A4/c1BAK4 b,-0.089264624,5296
2baka1R1/9/9/p1p4Rp/9/2P2CB2/8P/9/4r4/c1BAK4 w,0.09491835,7736
2baka1R1/9/9/p1p4Rp/9/2P2CB2/8P/9/4r4/c1BA1K3 b,-0.080766015,6898
2baka1R1/9/9/p1p4Rp/9/2P2CB2/4r3P/9/9/c1BA1K3 w,0.09912129,4568
2baka1R1/9/9/p1p4Rp/9/2P3B2/4r3P/5C3/9/c1BA1K3 b,-0.089144014,5279
2baka1R1/9/9/p1p4Rp/9/2P3B2/5r2P/5C3/9/c1BA1K3 w,0.10100222,7817
2baka1R1/9/9/p1p4Rp/9/2P3B2/5r2P/5C3/5K3/c1BA5 b,-0.1063291,7374
2baka1R1/9/9/p1p4Rp/9/2P3B2/5r2P/5C3/5K3/2Bc5 w,0.10041163,3091
2baka1R1/9/9/p1p1R3p/9/2P3B2/5r2P/5C3/5K3/2Bc5 b,-0.113020495,283
2b1ka1R1/4a4/9/p1p1R3p/9/2P3B2/5r2P/5C3/5K3/2Bc5 w,0.12088354,2819
2b1ka1R1/4a4/9/p1R5p/9/2P3B2/5r2P/5C3/5K3/2Bc5 b,-0.08546108,7646
2b1ka1R1/4a4/9/p1R5p/9/2P3B2/5r2P/5C3/5K3/2B2c3 w,0.10226896,2612
2R1ka1R1/4a4/9/p7p/9/2P3B2/5r2P/5C3/5K3/2B2c3 b,-0.110916846,1173
2Raka1R1/9/9/p7p/9/2P3B2/5r2P/5C3/5K3/2B2c3 w,0.12581407,700
2Raka3/9/9/p7p/9/2P3B2/5r2P/5C1R1/5K3/2B2c3 b,-0.12434492,7808
2Raka3/9/9/p7p/9/2P3B2/5r2P/5c1R1/5K3/2B6 w,0.13393311,6368
2Raka3/9/9/p7p/9/2P3B2/5r2P/5R3/5K3/2B6 b,-0.13308512,5378
2Raka3/9/9/p7p/9/2P3B2/8P/5r3/5K3/2B6 w,0.13334309,6998
2Raka3/9/9/p7p/9/2P3B2/8P/5K3/9/2B6 b,-0.13186152,3194
2Raka3/9/9/p8/8p/2P3B2/8P/5K3/9/2B6 w,0.1376225,218
3aka3/9/9/p8/2R5p/2P3B2/8P/5K3/9/2B6 b,-0.13398463,4013
3aka3/9/9/p8/2R6/2P3B1p/8P/5K3/9/2B6 w,0.13625994,3460
3aka3/9/9/p8/4R4/2P3B1p/8P/5K3/9/2B6 b,-0.13599019,463
3ak4/4a4/9/p8/4R4/2P3B1p/8P/5K3/9/2B6 w,0.14583361,5633
3ak4/4a4/9/p8/4R4/2P3B1P/9/5K3/9/2B6 b,-0.145222,2466
3ak4/4a4/9/9/p3R4/2P3B1P/9/5K3/9/2B6 w,0.15040994,3636
3ak4/4a4/9/9/R8/2P3B1P/9/5K3/9/2B6 b,-0.14769672,1193
3ak4/9/5a3/9/R8/2P3B1P/9/5K3/9/2B6 w,0.14953814,3281
3ak4/9/5a3/9/5R3/2P3B1P/9/5K3/9/2B6 b,-0.1473349,283
4k4/4a4/5a3/9/5R3/2P3B1P/9/5K3/9/2B6 w,0.154235,4814
4k4/4a4/5a3/9/5R2P/2P3B2/9/5K3/9/2B6 b,-0.14915602,365
5k3/4a4/5a3/9/5R2P/2P3B2/9/5K3/9/2B6 w,0.15756355,4268
5k3/4a4/5a3/9/2P2R2P/6B2/9/5K3/9/2B6 b,-0.15140925,464
9/4ak3/5a3/9/2P2R2P/6B2/9/5K3/9/2B6 w,0.15778534,3459
9/4ak3/5a3/9/3P1R2P/6B2/9/5K3/9/2B6 b,-0.15708145,1265
5k3/4a4/5a3/9/3P1R2P/6B2/9/5K3/9/2B6 w,0.16226487,6197
5k3/4a4/5a3/9/3P1R2P/6B2/9/9/5K3/2B6 b,-0.1572166,464
9/4ak3/5a3/9/3P1R2P/6B2/9/9/5K3/2B6 w,0.16662453,3540
9/4ak3/5a3/3P5/5R2P/6B2/9/9/5K3/2B6 b,-0.15906255,1265
5k3/4a4/5a3/3P5/5R2P/6B2/9/9/5K3/2B6 w,0.16563383,2731
5k3/4a4/5a3/4P4/5R2P/6B2/9/9/5K3/2B6 b,-0.16035844,454
4k4/4a4/5a3/4P4/5R2P/6B2/9/9/5K3/2B6 w,0.16559282,2812
4k4/4a4/4Pa3/9/5R2P/6B2/9/9/5K3/2B6 b,-0.16197795,363
3k5/4a4/4Pa3/9/5R2P/6B2/9/9/5K3/2B6 w,0.17916039,3727
3k5/4a4/4Pa3/9/1R6P/6B2/9/9/5K3/2B6 b,-0.18427566,274
4k4/4a4/4Pa3/9/1R6P/6B2/9/9/5K3/2B6 w,0.18348713,3331
1R2k4/4a4/4Pa3/9/8P/6B2/9/9/5K3/2B6 b,-0.1870936,1173
1R1ak4/9/4Pa3/9/8P/6B2/9/9/5K3/2B6 w,0.19488983,2003
1R1ak4/9/5P3/9/8P/6B2/9/9/5K3/2B6 b,-0.19313627,373
1R1a5/4k4/5P3/9/8P/6B2/9/9/5K3/2B6 w,0.2,93
rnbakabnr/9/1c5c1/p1p1p1p1p/9/9/P1P1P1P1P/1C5C1/9/RNBAKABNR w,0.8017992,5827
rnbakabnr/9/1c5c1/p1p1p1p1p/9/9/P1P1P1P1P/4C2C1/9/RNBAKABNR b,-0.8017668,110
r1bakabnr/9/1cn4c1/p1p1p1p1p/9/9/P1P1P1P1P/4C2C1/9/RNBAKABNR w,0.8018244,7445
r1bakabnr/9/1cn4c1/p1p1p1p1p/9/9/P1P1P1P1P/2N1C2C1/9/R1BAKABNR b,-0.8018406,562
r1baka1nr/9/1cn1b2c1/p1p1p1p1p/9/9/P1P1P1P1P/2N1C2C1/9/R1BAKABNR w,0.801942,7372
r1baka1nr/9/1cn1b2c1/p1p1p1p1p/9/9/P1P1P1P1P/2N1C2C1/9/1RBAKABNR b,-0.80176973,1
1rbaka1nr/9/1cn1b2c1/p1p1p1p1p/9/9/P1P1P1P1P/2N1C2C1/9/1RBAKABNR w,0.80169904,6368
1rbaka1nr/9/1cn1b2c1/p1p1p1p1p/9/9/P1P1P1P1P/2N1CC3/9/1RBAKABNR b,-0.8012789,654
1rbaka2r/9/1cn1b1nc1/p1p1p1p1p/9/9/P1P1P1P1P/2N1CC3/9/1RBAKABNR w,0.80158657,7989
1rbaka2r/9/1cn1b1nc1/p1p1p1p1p/9/9/P1P1P1P1P/2N1CCN2/9/1RBAKAB1R b,-0.80137295,3012
1rbaka2r/9/1cn1b1nc1/p1p1p3p/6p2/9/P1P1P1P1P/2N1CCN2/9/1RBAKAB1R w,0.80189395,8098
1rbaka2r/9/1cn1b1nc1/p1p1p3p/6p2/9/P1P1P1P1P/2N1CCN2/9/1RBAKABR1 b,-0.8020148,727
1rbaka1r1/9/1cn1b1nc1/p1p1p3p/6p2/9/P1P1P1P1P/2N1CCN2/9/1RBAKABR1 w,0.80251306,5087
1rbaka1r1/9/1cn1b1nc1/p1p1p3p/6p2/2P6/P3P1P1P/2N1CCN2/9/1RBAKABR1 b,-0.8021549,1765
1rbaka1r1/9/2n1b1nc1/p1p1p3p/6p2/2P6/Pc2P1P1P/2N1CCN2/9/1RBAKABR1 w,0.80514634,5898
1rbaka1r1/9/2n1b1nc1/p1p1p3p/6p2/2PN5/Pc2P1P1P/4CCN2/9/1RBAKABR1 b,-0.8065305,2311
1rbaka1r1/9/2n1b1n2/p1p1p3p/6p2/2PN5/Pc2P1PcP/4CCN2/9/1RBAKABR1 w,0.8078539,6143
1rbaka1r1/9/2n1bCn2/p1p1p3p/6p2/2PN5/Pc2P1PcP/4C1N2/9/1RBAKABR1 b,-0.8084572,1986
1rbakabr1/9/2n2Cn2/p1p1p3p/6p2/2PN5/Pc2P1PcP/4C1N2/9/1RBAKABR1 w,0.8186005,4351
1rbakabr1/9/2n2Cn2/p1p1N3p/6p2/2P6/Pc2P1PcP/4C1N2/9/1RBAKABR1 b,-0.8047867,1831
1rbakabr1/9/5Cn2/p1p1n3p/6p2/2P6/Pc2P1PcP/4C1N2/9/1RBAKABR1 w,0.8050396,6061
1rbakabr1/9/5Cn2/p1p1C3p/6p2/2P6/Pc2P1PcP/6N2/9/1RBAKABR1 b,-0.7903858,109
2bakabr1/9/1r3Cn2/p1p1C3p/6p2/2P6/Pc2P1PcP/6N2/9/1RBAKABR1 w,0.8022473,2839
2bakabr1/9/1r3Cn2/p1p5p/6p2/2P1C4/Pc2P1PcP/6N2/9/1RBAKABR1 b,-0.7983015,1733
2bakabr1/9/5rn2/p1p5p/6p2/2P1C4/Pc2P1PcP/6N2/9/1RBAKABR1 w,0.8096291,7435
2bakabr1/9/5rn2/p1p5p/6p2/2P1C4/PR2P1PcP/6N2/9/2BAKABR1 b,-0.8070554,2201
2bakabr1/9/5r3/p1p5p/5np2/2P1C4/PR2P1PcP/6N2/9/2BAKABR1 w,0.8134917,4987
2bakabr1/9/5r3/p1p5p/1R3np2/2P1C4/P3P1PcP/6N2/9/2BAKABR1 b,-0.8079866,3750
2bakabr1/9/5r3/p1p5p/1R4p2/2P1C4/P3P1ncP/6N2/9/2BAKABR1 w,0.81929433,3372
2bakabr1/9/5r3/p1p5p/6R2/2P1C4/P3P1ncP/6N2/9/2BAKABR1 b,-0.80545235,5449
2bakabr1/9/5r3/p1p5p/6R2/2P1n4/P3P2cP/6N2/9/2BAKABR1 w,0.80564874,5269
2bakabr1/9/5r3/p1p5p/6R2/2P1P4/P6cP/6N2/9/2BAKABR1 b,-0.7995004,5560
2bakabr1/9/5r3/p1p5p/6R2/2P1P4/P7P/6Nc1/9/2BAKABR1 w,0.8094646,7999
2bakabr1/9/5r3/p1p5p/6R2/2P1P4/P7P/6Nc1/7R1/2BAKAB2 b,-0.798284,2138
2bakabr1/9/9/p1p5p/6R2/2P1P4/P7P/5rNc1/7R1/2BAKAB2 w,0.80024886,3813
2bakabr1/9/9/p1p3R1p/9/2P1P4/P7P/5rNc1/7R1/2BAKAB2 b,-0.8004975,691
2bakab2/9/9/p1p3R1p/9/2P1P4/P6rP/5rNc1/7R1/2BAKAB2 w,0.8149514,2976
2bakaR2/9/9/p1p5p/9/2P1P4/P6rP/5rNc1/7R1/2BAKAB2 b,-0.80372053,5548
2bakaR2/9/9/p1p5p/9/2P1P4/P3r3P/5rNc1/7R1/2BAKAB2 w,0.8259615,7636
2bakaR2/9/9/p1p5p/9/2P1P4/P3r3P/5rNc1/4A2R1/2B1KAB2 b,-0.8148272,6361
2bakaR2/9/9/p1p5p/9/2P1P4/P3r2cP/5rN2/4A2R1/2B1KAB2 w,0.8627179,7171
2bakaR2/9/9/p1p5p/9/2P1P4/P3r2RP/5rN2/4A4/2B1KAB2 b,-0.85353863,5281
2bakaR2/9/9/p1p5p/9/2P1P4/P6rP/5rN2/4A4/2B1KAB2 w,0.8607207,6908
2bakaR2/9/9/p1p5p/9/2P1P4/P6rP/5AN2/9/2B1KAB2 b,-0.8509776,5544
2bakaR2/9/9/p1p5p/9/2P1P4/r7P/5AN2/9/2B1KAB2 w,0.8632674,6260
2bakaR2/9/9/p1p5p/9/2P1PN3/r7P/5A3/9/2B1KAB2 b,-0.8581158,4922
2bakaR2/9/9/p1p5p/9/2P1PN3/8r/5A3/9/2B1KAB2 w,0.86804056,4543
2bakaR2/9/9/p1p5p/7N1/2P1P4/8r/5A3/9/2B1KAB2 b,-0.8568244,5638
2bakaR2/9/9/p1p5p/7N1/2P1P4/4r4/5A3/9/2B1KAB2 w,0.85360503,6196
2bakaR2/9/9/p1p5p/7N1/2P1P4/4r4/9/4A4/2B1KAB2 b,-0.8427507,5269
2bakaR2/9/9/p1p5p/7N1/2P1r4/9/9/4A4/2B1KAB2 w,0.84430283,3902
2bakaR2/9/9/p1p2N2p/9/2P1r4/9/9/4A4/2B1KAB2 b,-0.84608597,4457
2bakaR2/9/9/p1p2N2p/9/2r6/9/9/4A4/2B1KAB2 w,0.868915,7897
2bakaR2/9/9/p1p2N2p/9/2r6/9/4B4/4A4/2B1KA3 b,-0.8654716,4280
2bakaR2/9/9/p1p2N2p/9/5r3/9/4B4/4A4/2B1KA3 w,0.86460865,2901
2bakaR2/9/3N5/p1p5p/9/5r3/9/4B4/4A4/2B1KA3 b,-0.8648111,373
2ba1aR2/4k4/3N5/p1p5p/9/5r3/9/4B4/4A4/2B1KA3 w,0.8678797,555
2ba1a3/4k1R2/3N5/p1p5p/9/5r3/9/4B4/4A4/2B1KA3 b,-0.8646526,1192
2ba1a3/6R2/3Nk4/p1p5p/9/5r3/9/4B4/4A4/2B1KA3 w,0.8751653,1930
2ba1a3/6R2/4k4/p1p5p/4N4/5r3/9/4B4/4A4/2B1KA3 b,-0.86086965,4532
2ba1a3/6R2/4k4/p1p2r2p/4N4/9/9/4B4/4A4/2B1KA3 w,0.8694433,1410
2ba1a3/9/4k4/p1p2r2p/4N4/9/6R2/4B4/4A4/2B1KA3 b,-0.83807445,2911
2ba1a3/9/4k4/p1p1r3p/4N4/9/6R2/4B4/4A4/2B1KA3 w,0.8486569,3633
2ba1a3/9/4k4/p1p1r1N1p/9/9/6R2/4B4/4A4/2B1KA3 b,-0.8450854,1993
2ba1a3/4k4/9/p1p1r1N1p/9/9/6R2/4B4/4A4/2B1KA3 w,0.8572038,2996
2ba1a3/4k4/8N/p1p1r3p/9/9/6R2/4B4/4A4/2B1KA3 b,-0.8468746,2648
2ba1a3/4k4/8N/p3r3p/2p6/9/6R2/4B4/4A4/2B1KA3 w,0.8543406,2355
2ba1a3/4k1N2/9/p3r3p/2p6/9/6R2/4B4/4A4/2B1KA3 b,-0.84334034,202
3a1a3/4k1N2/4b4/p3r3p/2p6/9/6R2/4B4/4A4/2B1KA3 w,0.8671769,5455
3a1a3/4k1N2/4b4/p3r3p/2p6/9/1R7/4B4/4A4/2B1KA3 b,-0.8375542,1184
3a1a3/5kN2/4b4/p3r3p/2p6/9/1R7/4B4/4A4/2B1KA3 w,0.86039823,5009
3a1a3/5kN2/4b4/p3r3p/2p6/9/5R3/4B4/4A4/2B1KA3 b,-0.8670505,1273
3a1a3/4k1N2/4b4/p3r3p/2p6/9/5R3/4B4/4A4/2B1KA3 w,0.8747316,5315
3a1R3/4k1N2/4b4/p3r3p/2p6/9/9/4B4/4A4/2B1KA3 b,-0.8757351,2823
3a1R3/4k1N2/4b4/p5r1p/2p6/9/9/4B4/4A4/2B1KA3 w,0.8885921,454
3aR4/4k1N2/4b4/p5r1p/2p6/9/9/4B4/4A4/2B1KA3 b,-0.88868624,1184
3aR4/5kN2/4b4/p5r1p/2p6/9/9/4B4/4A4/2B1KA3 w,0.9037063,1376
3aR4/5k3/4b3N/p5r1p/2p6/9/9/4B4/4A4/2B1KA3 b,-0.89162344,3004
3aR4/5k3/4b3N/p6rp/2p6/9/9/4B4/4A4/2B1KA3 w,0.8960421,2347
3aR2N1/5k3/4b4/p6rp/2p6/9/9/4B4/4A4/2B1KA3 b,-0.8831177,3067
3aR2r1/5k3/4b4/p7p/2p6/9/9/4B4/4A4/2B1KA3 w,0.8953921,367
3a3R1/5k3/4b4/p7p/2p6/9/9/4B4/4A4/2B1KA3 b,-0.88992834,1273
3a3R1/4k4/4b4/p7p/2p6/9/9/4B4/4A4/2B1KA3 w,0.904211,633
3R5/4k4/4b4/p7p/2p6/9/9/4B4/4A4/2B1KA3 b,-0.9047876,2466
3R5/4k4/4b4/8p/p1p6/9/9/4B4/4A4/2B1KA3 w,0.91682166,327
9/4k4/4b4/8p/p1p6/9/3R5/4B4/4A4/2B1KA3 b,-0.9105143,3194
9/4k4/4b4/9/p1p5p/9/3R5/4B4/4A4/2B1KA3 w,0.9147602,6081
9/4k4/4b4/9/p1p5p/6B2/3R5/9/4A4/2B1KA3 b,-0.90673673,3285
9/4k4/4b4/9/2p5p/p5B2/3R5/9/4A4/2B1KA3 w,0.9180342,4661
9/4k4/4b4/9/2p5p/p8/3R5/8B/4A4/2B1KA3 b,-0.90644825,4096
9/4k4/4b4/9/2p5p/1p7/3R5/8B/4A4/2B1KA3 w,0.9127027,6908
9/4k4/4b4/9/2p5p/1p7/3R5/5A2B/9/2B1KA3 b,-0.9077858,4013
9/4k4/4b4/9/2p6/1p6p/3R5/5A2B/9/2B1KA3 w,0.9147504,5188
9/4k4/4b4/9/2p6/1p6p/4R4/5A2B/9/2B1KA3 b,-0.9073903,3467
9/4k4/4b4/9/9/1pp5p/4R4/5A2B/9/2B1KA3 w,0.9449029,5242
9/4k4/4R4/9/9/1pp5p/9/5A2B/9/2B1KA3 b,-0.9741502,1182
9/3k5/4R4/9/9/1pp5p/9/5A2B/9/2B1KA3 w,0.9903161,2020
9/3k5/9/9/4R4/1pp5p/9/5A2B/9/2B1KA3 b,-0.98672664,4185
9/3k5/9/9/4R4/p1p5p/9/5A2B/9/2B1KA3 w,1,3639
rnbakabnr/9/1c5c1/p1p1p1p1p/9/9/P1P1P1P1P/1C5C1/9/RNBAKABNR w,0.8018177,5827
rnbakabnr/9/1c5c1/p1p1p1p1p/9/9/P1P1P1P1P/4C2C1/9/RNBAKABNR b,-0.80178356,110
r1bakabnr/9/1cn4c1/p1p1p1p1p/9/9/P1P1P1P1P/4C2C1/9/RNBAKABNR w,0.8018128,7445
r1bakabnr/9/1cn4c1/p1p1p1p1p/9/9/P1P1P1P1P/2N1C2C1/9/R1BAKABNR b,-0.80180895,562
r1baka1nr/9/1cn1b2c1/p1p1p1p1p/9/9/P1P1P1P1P/2N1C2C1/9/R1BAKABNR w,0.8019307,7372
r1baka1nr/9/1cn1b2c1/p1p1p1p1p/9/9/P1P1P1P1P/2N1C2C1/9/1RBAKABNR b,-0.80176973,1
1rbaka1nr/9/1cn1b2c1/p1p1p1p1p/9/9/P1P1P1P1P/2N1C2C1/9/1RBAKABNR w,0.8017126,6368
1rbaka1nr/9/1cn1b2c1/p1p1p1p1p/9/9/P1P1P1P1P/2N1CC3/9/1RBAKABNR b,-0.8012889,654
1rbaka2r/9/1cn1b1nc1/p1p1p1p1p/9/9/P1P1P1P1P/2N1CC3/9/1RBAKABNR w,0.8015777,7989
1rbaka2r/9/1cn1b1nc1/p1p1p1p1p/9/9/P1P1P1P1P/2N1CCN2/9/1RBAKAB1R b,-0.80137295,3012
1rbaka2r/9/1cn1b1nc1/p1p1p3p/6p2/9/P1P1P1P1P/2N1CCN2/9/1RBAKAB1R w,0.8019045,8098
1rbaka2r/9/1cn1b1nc1/p1p1p3p/6p2/9/P1P1P1P1P/2N1CCN2/9/1RBAKABR1 b,-0.80201733,727
1rbaka1r1/9/1cn1b1nc1/p1p1p3p/6p2/9/P1P1P1P1P/2N1CCN2/9/1RBAKABR1 w,0.80251306,5087
1rbaka1r1/9/1cn1b1nc1/p1p1p3p/6p2/2P6/P3P1P1P/2N1CCN2/9/1RBAKABR1 b,-0.8021549,1765
1rbaka1r1/9/2n1b1nc1/p1p1p3p/6p2/2P6/Pc2P1P1P/2N1CCN2/9/1RBAKABR1 w,0.80476177,5898
1rbaka1r1/9/2n1b1nc1/p1p1p3p/6p2/2PN5/Pc2P1P1P/4CCN2/9/1RBAKABR1 b,-0.8064264,2311
1rbaka1r1/9/2n1b1n2/p1p1p3p/6p2/2PN5/Pc2P1PcP/4CCN2/9/1RBAKABR1 w,0.8078157,6143
1rbaka1r1/9/2n1bCn2/p1p1p3p/6p2/2PN5/Pc2P1PcP/4C1N2/9/1RBAKABR1 b,-0.80828,1986
1rbakabr1/9/2n2Cn2/p1p1p3p/6p2/2PN5/Pc2P1PcP/4C1N2/9/1RBAKABR1 w,0.8178919,4351
1rbakabr1/9/2n2Cn2/p1p1N3p/6p2/2P6/Pc2P1PcP/4C1N2/9/1RBAKABR1 b,-0.8047813,1831
1rbakabr1/9/5Cn2/p1p1n3p/6p2/2P6/Pc2P1PcP/4C1N2/9/1RBAKABR1 w,0.80546755,6061
1rbakabr1/9/5Cn2/p1p1C3p/6p2/2P6/Pc2P1PcP/6N2/9/1RBAKABR1 b,-0.7909604,109
2bakabr1/9/1r3Cn2/p1p1C3p/6p2/2P6/Pc2P1PcP/6N2/9/1RBAKABR1 w,0.8020568,2839
2bakabr1/9/1r3Cn2/p1p5p/6p2/2P1C4/Pc2P1PcP/6N2/9/1RBAKABR1 b,-0.7987529,1733
2bakabr1/9/5rn2/p1p5p/6p2/2P1C4/Pc2P1PcP/6N2/9/1RBAKABR1 w,0.80965346,7435
2bakabr1/9/5rn2/p1p5p/6p2/2P1C4/PR2P1PcP/6N2/9/2BAKABR1 b,-0.8063574,2201
2bakabr1/9/5r3/p1p5p/5np2/2P1C4/PR2P1PcP/6N2/9/2BAKABR1 w,0.8141038,4987
2bakabr1/9/5r3/p1p5p/1R3np2/2P1C4/P3P1PcP/6N2/9/2BAKABR1 b,-0.8082628,3750
2bakabr1/9/5r3/p1p5p/1R4p2/2P1C4/P3P1ncP/6N2/9/2BAKABR1 w,0.8197591,3372
2bakabr1/9/5r3/p1p5p/6R2/2P1C4/P3P1ncP/6N2/9/2BAKABR1 b,-0.8054377,5449
2bakabr1/9/5r3/p1p5p/6R2/2P1n4/P3P2cP/6N2/9/2BAKABR1 w,0.8058394,5269
2bakabr1/9/5r3/p1p5p/6R2/2P1P4/P6cP/6N2/9/2BAKABR1 b,-0.79958963,5560
2bakabr1/9/5r3/p1p5p/6R2/2P1P4/P7P/6Nc1/9/2BAKABR1 w,0.80968297,7999
2bakabr1/9/5r3/p1p5p/6R2/2P1P4/P7P/6Nc1/7R1/2BAKAB2 b,-0.7984438,2138
2bakabr1/9/9/p1p5p/6R2/2P1P4/P7P/5rNc1/7R1/2BAKAB2 w,0.8020843,3813
2bakabr1/9/9/p1p3R1p/9/2P1P4/P7P/5rNc1/7R1/2BAKAB2 b,-0.79658115,562
2baka1r1/9/4b4/p1p3R1p/9/2P1P4/P7P/5rNc1/7R1/2BAKAB2 w,0.8061121,4450
2baka1r1/9/4b4/p1p3R1p/4P4/2P6/P7P/5rNc1/7R1/2BAKAB2 b,-0.80359215,691
2baka3/9/4b4/p1p3R1p/4P4/2P6/P6rP/5rNc1/7R1/2BAKAB2 w,0.8132929,3631
2baka3/9/4b4/p1p1P1R1p/9/2P6/P6rP/5rNc1/7R1/2BAKAB2 b,-0.81044775,283
2b1ka3/4a4/4b4/p1p1P1R1p/9/2P6/P6rP/5rNc1/7R1/2BAKAB2 w,0.82887095,2812
2b1ka3/4a4/4P4/p1p3R1p/9/2P6/P6rP/5rNc1/7R1/2BAKAB2 b,-0.8167996,202
4ka3/4a4/4b4/p1p3R1p/9/2P6/P6rP/5rNc1/7R1/2BAKAB2 w,0.8291237,7186
4ka3/4a4/4b4/p1p3R1p/9/2P6/P6rP/5rNc1/4R4/2BAKAB2 b,-0.81568205,5515
4ka3/4a4/4b2r1/p1p3R1p/9/2P6/P7P/5rNc1/4R4/2BAKAB2 w,0.8377328,5633
4ka3/4a4/4b2r1/p1p3R1p/9/2P5P/P8/5rNc1/4R4/2BAKAB2 b,-0.7938013,2273
4ka3/4a4/4br3/p1p3R1p/9/2P5P/P8/5rNc1/4R4/2BAKAB2 w,0.82066196,4905
4ka3/4a4/4br3/p1p3R1p/9/P1P5P/9/5rNc1/4R4/2BAKAB2 b,-0.789369,1191
4ka3/9/3abr3/p1p3R1p/9/P1P5P/9/5rNc1/4R4/2BAKAB2 w,0.8136988,6871
4ka3/9/3abr3/p1p1R1R1p/9/P1P5P/9/5rNc1/9/2BAKAB2 b,-0.8005983,1903
4ka3/4a4/4br3/p1p1R1R1p/9/P1P5P/9/5rNc1/9/2BAKAB2 w,0.8291945,7636
4ka3/4a4/4br3/p1p1R1R1p/9/P1P5P/9/5rNc1/4A4/2B1KAB2 b,-0.8141088,6179
4ka3/4a4/4br3/p1p1R1R1p/9/P1P5P/5r3/6Nc1/4A4/2B1KAB2 w,0.8212722,3004
4ka3/4a4/4br3/p1p1R2Rp/9/P1P5P/5r3/6Nc1/4A4/2B1KAB2 b,-0.8082848,6361
4ka3/4a4/4br3/p1p1R2Rp/9/P1P5P/5r1c1/6N2/4A4/2B1KAB2 w,0.8227342,2823
4ka3/4a4/4br3/p1p3RRp/9/P1P5P/5r1c1/6N2/4A4/2B1KAB2 b,-0.8126379,5366
4ka3/4a4/4br3/p1p3RRp/9/P1P5P/2r4c1/6N2/4A4/2B1KAB2 w,0.8156068,7537
4ka3/4a4/4br3/p1p3RRp/9/P1P5P/2r4c1/4B1N2/4A4/4KAB2 b,-0.8028409,2147
4ka3/4a4/4b4/p1p3RRp/9/P1P5P/2r4c1/4B1N2/4Ar3/4KAB2 w,0.81608707,3001
4ka3/4a4/4b4/p1p1R2Rp/9/P1P5P/2r4c1/4B1N2/4Ar3/4KAB2 b,-0.81012434,5550
4ka3/4a4/4b4/p1p1R2Rp/9/P1P5P/2r3c2/4B1N2/4Ar3/4KAB2 w,0.82117385,6268
4ka3/4a4/4b4/p1p1R2Rp/9/P1P5P/2r1N1c2/4B4/4Ar3/4KAB2 b,-0.80898553,5095
4ka3/4a4/4b4/p1p1R2Rp/9/P1P5P/1r2N1c2/4B4/4Ar3/4KAB2 w,0.82051903,2812
4ka3/4a4/4R4/p1p4Rp/9/P1P5P/1r2N1c2/4B4/4Ar3/4KAB2 b,-0.8156624,5032
4ka3/4a4/4R4/p1p4Rp/9/P1P5P/4N1c2/4B4/4Ar3/1r2KAB2 w,0.82193506,6924
4ka3/4a4/4R4/p1p4Rp/9/P1P5P/4N1c2/4B4/5r3/1r1AKAB2 b,-0.818504,7444
4ka3/4a4/4R4/p1p4Rp/9/P1P5P/4N1c2/1r2B4/5r3/3AKAB2 w,0.84436995,5259
4ka3/4a4/4R4/p1p4Rp/3N5/P1P5P/6c2/1r2B4/5r3/3AKAB2 b,-0.83973813,7005
4ka3/4a4/4R4/p1p4Rp/3N5/P1P5P/6c2/1r2B4/3r5/3AKAB2 w,0.8405815,3530
4ka3/4a4/2N1R4/p1p4Rp/9/P1P5P/6c2/1r2B4/3r5/3AKAB2 b,-0.8336638,5456
4ka3/4a4/2N1R4/p1p4Rp/9/P1P5P/2c6/1r2B4/3r5/3AKAB2 w,0.8627963,1813
4ka3/4N4/4R4/p1p4Rp/9/P1P5P/2c6/1r2B4/3r5/3AKAB2 b,-0.8032556,5842
4ka3/4N4/4R4/p1p4Rp/9/P1P5P/2c6/4B4/3r5/1r1AKAB2 w,0.9825586,1190
4ka3/9/2N1R4/p1p4Rp/9/P1P5P/2c6/4B4/3r5/1r1AKAB2 b,-0.9849106,463
4k4/4a4/2N1R4/p1p4Rp/9/P1P5P/2c6/4B4/3r5/1r1AKAB2 w,1,3067
rnbakabnr/9/1c5c1/p1p1p1p1p/9/9/P1P1P1P1P/1C5C1/9/RNBAKABNR w,0.0018086672,5827
rnbakabnr/9/1c5c1/p1p1p1p1p/9/9/P1P1P1P1P/4C2C1/9/RNBAKABNR b,-0.0017677665,110
r1bakabnr/9/1cn4c1/p1p1p1p1p/9/9/P1P1P1P1P/4C2C1/9/RNBAKABNR w,0.0018236161,7445
r1bakabnr/9/1cn4c1/p1p1p1p1p/9/9/P1P1P1P1P/2N1C2C1/9/R1BAKABNR b,-0.0018405796,562
r1baka1nr/9/1cn1b2c1/p1p1p1p1p/9/9/P1P1P1P1P/2N1C2C1/9/R1BAKABNR w,0.0019419909,7372
r1baka1nr/9/1cn1b2c1/p1p1p1p1p/9/9/P1P1P1P1P/2N1C2C1/9/1RBAKABNR b,-0.001771164,1
1rbaka1nr/9/1cn1b2c1/p1p1p1p1p/9/9/P1P1P1P1P/2N1C2C1/9/1RBAKABNR w,0.0017125607,6368
1rbaka1nr/9/1cn1b2c1/p1p1p1p1p/9/9/P1P1P1P1P/2N1CC3/9/1RBAKABNR b,-0.0012789011,654
1rbaka2r/9/1cn1b1nc1/p1p1p1p1p/9/9/P1P1P1P1P/2N1CC3/9/1RBAKABNR w,0.0015946865,7989
1rbaka2r/9/1cn1b1nc1/p1p1p1p1p/9/9/P1P1P1P1P/2N1CCN2/9/1RBAKAB1R b,-0.0013823033,3012
1rbaka2r/9/1cn1b1nc1/p1p1p3p/6p2/9/P1P1P1P1P/2N1CCN2/9/1RBAKAB1R w,0.0018473625,8098
1rbaka2r/9/1cn1b1nc1/p1p1p3p/6p2/9/P1P1P1P1P/2N1CCN2/9/1RBAKABR1 b,-0.0020183683,727
1rbaka1r1/9/1cn1b1nc1/p1p1p3p/6p2/9/P1P1P1P1P/2N1CCN2/9/1RBAKABR1 w,0.002513051,5087
1rbaka1r1/9/1cn1b1nc1/p1p1p3p/6p2/2P6/P3P1P1P/2N1CCN2/9/1RBAKABR1 b,-0.0021298886,1765
1rbaka1r1/9/2n1b1nc1/p1p1p3p/6p2/2P6/Pc2P1P1P/2N1CCN2/9/1RBAKABR1 w,0.0047115325,5898
1rbaka1r1/9/2n1b1nc1/p1p1p3p/6p2/2PN5/Pc2P1P1P/4CCN2/9/1RBAKABR1 b,-0.006530476,2311
1rbaka1r1/9/2n1b1n2/p1p1p3p/6p2/2PN5/Pc2P1PcP/4CCN2/9/1RBAKABR1 w,0.007896758,6143
1rbaka1r1/9/2n1bCn2/p1p1p3p/6p2/2PN5/Pc2P1PcP/4C1N2/9/1RBAKABR1 b,-0.008457172,1986
1rbakabr1/9/2n2Cn2/p1p1p3p/6p2/2PN5/Pc2P1PcP/4C1N2/9/1RBAKABR1 w,0.01805811,4351
1rbakabr1/9/2n2Cn2/p1p1N3p/6p2/2P6/Pc2P1PcP/4C1N2/9/1RBAKABR1 b,-0.0048104883,1831
1rbakabr1/9/5Cn2/p1p1n3p/6p2/2P6/Pc2P1PcP/4C1N2/9/1RBAKABR1 w,0.0050498727,6061
1rbakabr1/9/5Cn2/p1p1C3p/6p2/2P6/Pc2P1PcP/6N2/9/1RBAKABR1 b,0.0092765335,109
2bakabr1/9/1r3Cn2/p1p1C3p/6p2/2P6/Pc2P1PcP/6N2/9/1RBAKABR1 w,0.0022862197,2839
2bakabr1/9/1r3Cn2/p1p5p/6p2/2P1C4/Pc2P1PcP/6N2/9/1RBAKABR1 b,0.0011875868,1733
2bakabr1/9/5rn2/p1p5p/6p2/2P1C4/Pc2P1PcP/6N2/9/1RBAKABR1 w,0.009691954,7435
2bakabr1/9/5rn2/p1p5p/6p2/2P1C4/PR2P1PcP/6N2/9/2BAKABR1 b,-0.0065448643,2201
2bakabr1/9/5r3/p1p5p/5np2/2P1C4/PR2P1PcP/6N2/9/2BAKABR1 w,0.0140466215,4987
2bakabr1/9/5r3/p1p5p/1R3np2/2P1C4/P3P1PcP/6N2/9/2BAKABR1 b,-0.008278799,3750
2bakabr1/9/5r3/p1p5p/1R4p2/2P1C4/P3P1ncP/6N2/9/2BAKABR1 w,0.019770885,3372
2bakabr1/9/5r3/p1p5p/6R2/2P1C4/P3P1ncP/6N2/9/2BAKABR1 b,-0.0054710507,5449
2bakabr1/9/5r3/p1p5p/6R2/2P1n4/P3P2cP/6N2/9/2BAKABR1 w,0.0057559013,5269
2bakabr1/9/5r3/p1p5p/6R2/2P1P4/P6cP/6N2/9/2BAKABR1 b,0.00059363846,5560
2bakabr1/9/5r3/p1p5p/6R2/2P1P4/P7P/6Nc1/9/2BAKABR1 w,0.0014219045,3819
2bakabr1/9/5r3/p1p5p/3R5/2P1P4/P7P/6Nc1/9/2BAKABR1 b,0.010979843,2138
2bakabr1/9/9/p1p5p/3R5/2P1P4/P7P/5rNc1/9/2BAKABR1 w,-0.0056071877,3552
2bakabr1/9/9/p1p5p/6R2/2P1P4/P7P/5rNc1/9/2BAKABR1 b,0.009261275,562
2baka1r1/9/4b4/p1p5p/6R2/2P1P4/P7P/5rNc1/9/2BAKABR1 w,-0.004238224,3813
2baka1r1/9/4b4/p1p3R1p/9/2P1P4/P7P/5rNc1/9/2BAKABR1 b,0.0043402435,6379
2baka1r1/9/4b4/p1p3R1p/9/2P1P4/P7P/5rN2/7c1/2BAKABR1 w,0.008085489,7816
2baka1r1/9/4b4/p1p3R1p/9/2P1P4/P7P/5rN2/4A2c1/2BAK1BR1 b,-0.003849864,6179
2baka1r1/9/4b4/p1p3R1p/9/2P1P4/P4r2P/6N2/4A2c1/2BAK1BR1 w,0.008913589,7897
2baka1r1/9/4b4/p1p3R1p/9/2P1P4/P4r2P/4B1N2/4A2c1/2BAK2R1 b,-0.007849789,2648
2baka1r1/9/4b4/p5R1p/2p6/2P1P4/P4r2P/4B1N2/4A2c1/2BAK2R1 w,0.012834931,4268
2baka1r1/9/4b4/p5R1p/2P6/4P4/P4r2P/4B1N2/4A2c1/2BAK2R1 b,-0.009832454,2018
2baka1r1/9/9/p5R1p/2b6/4P4/P4r2P/4B1N2/4A2c1/2BAK2R1 w,0.01065011,2997
2baka1r1/9/9/R7p/2b6/4P4/P4r2P/4B1N2/4A2c1/2BAK2R1 b,-0.003201747,5370
2baka1r1/9/9/R7p/2b6/4P4/P5r1P/4B1N2/4A2c1/2BAK2R1 w,0.013323069,6296
2baka1r1/9/9/R7p/2b6/4P4/P5r1P/4B4/4A2c1/2BAKN1R1 b,-0.0026548863,7180
2baka1r1/9/9/R7p/2b6/4P4/P5r1P/4B2c1/4A4/2BAKN1R1 w,0.008595943,2465
2baka1r1/9/9/8R/2b6/4P4/P5r1P/4B2c1/4A4/2BAKN1R1 b,-0.0056892755,5454
2baka1r1/9/9/8R/2b6/4P4/r7P/4B2c1/4A4/2BAKN1R1 w,0.010593653,7809
2baka1r1/9/9/8R/2b6/4P4/r7P/4B1Nc1/4A4/2BAK2R1 b,-0.0018783689,4920
2baka1r1/9/9/8R/2b6/4P4/6r1P/4B1Nc1/4A4/2BAK2R1 w,0.00598886,6296
2baka1r1/9/9/8R/2b6/4P4/6r1P/4B2c1/4A4/2BAKN1R1 b,0.0033892633,3442
2baka1r1/9/4b4/8R/9/4P4/6r1P/4B2c1/4A4/2BAKN1R1 w,0.006029749,3203
2baka1r1/9/4b4/9/9/4P3R/6r1P/4B2c1/4A4/2BAKN1R1 b,-0.0045440793,5461
2baka1r1/9/4b4/9/9/4P3R/7rP/4B2c1/4A4/2BAKN1R1 w,0.0077047586,4820
2baka1r1/9/4b4/9/9/4PR3/7rP/4B2c1/4A4/2BAKN1R1 b,-0.0050263046,283
2b1ka1r1/4a4/4b4/9/9/4PR3/7rP/4B2c1/4A4/2BAKN1R1 w,0.010027528,5633
2b1ka1r1/4a4/4b4/9/9/4PR2P/7r1/4B2c1/4A4/2BAKN1R1 b,-0.006848955,673
2b1ka3/4a4/4b4/9/7r1/4PR2P/7r1/4B2c1/4A4/2BAKN1R1 w,0.010050917,7809
2b1ka3/4a4/4b4/9/7r1/4PR2P/7r1/4B1Nc1/4A4/2BAK2R1 b,-0.002560711,5550
2b1ka3/4a4/4b4/9/7r1/4PR2P/6r2/4B1Nc1/4A4/2BAK2R1 w,0.0069458485,6296
2b1ka3/4a4/4b4/9/7r1/4PR2P/6r2/4B2c1/4A4/2BAKN1R1 b,0,5461
rnbakabnr/9/1c5c1/p1p1p1p1p/9/9/P1P1P1P1P/1C5C1/9/RNBAKABNR w,0.8017809,5827
rnbakabnr/9/1c5c1/p1p1p1p1p/9/9/P1P1P1P1P/4C2C1/9/RNBAKABNR b,-0.8017682,110
r1bakabnr/9/1cn4c1/p1p1p1p1p/9/9/P1P1P1P1P/4C2C1/9/RNBAKABNR w,0.80182546,7445
r1bakabnr/9/1cn4c1/p1p1p1p1p/9/9/P1P1P1P1P/2N1C2C1/9/R1BAKABNR b,-0.80184644,562
r1baka1nr/9/1cn1b2c1/p1p1p1p1p/9/9/P1P1P1P1P/2N1C2C1/9/R1BAKABNR w,0.801942,7372
r1baka1nr/9/1cn1b2c1/p1p1p1p1p/9/9/P1P1P1P1P/2N1C2C1/9/1RBAKABNR b,-0.8017659,1
1rbaka1nr/9/1cn1b2c1/p1p1p1p1p/9/9/P1P1P1P1P/2N1C2C1/9/1RBAKABNR w,0.80170393,6368
1rbaka1nr/9/1cn1b2c1/p1p1p1p1p/9/9/P1P1P1P1P/2N1CC3/9/1RBAKABNR b,-0.8012761,654
1rbaka2r/9/1cn1b1nc1/p1p1p1p1p/9/9/P1P1P1P1P/2N1CC3/9/1RBAKABNR w,0.80158037,7989
1rbaka2r/9/1cn1b1nc1/p1p1p1p1p/9/9/P1P1P1P1P/2N1CCN2/9/1RBAKAB1R b,-0.8013484,3012
1rbaka2r/9/1cn1b1nc1/p1p1p3p/6p2/9/P1P1P1P1P/2N1CCN2/9/1RBAKAB1R w,0.8018723,8098
1rbaka2r/9/1cn1b1nc1/p1p1p3p/6p2/9/P1P1P1P1P/2N1CCN2/9/1RBAKABR1 b,-0.80200636,727
1rbaka1r1/9/1cn1b1nc1/p1p1p3p/6p2/9/P1P1P1P1P/2N1CCN2/9/1RBAKABR1 w,0.80251306,5087
1rbaka1r1/9/1cn1b1nc1/p1p1p3p/6p2/2P6/P3P1P1P/2N1CCN2/9/1RBAKABR1 b,-0.8021624,1765
1rbaka1r1/9/2n1b1nc1/p1p1p3p/6p2/2P6/Pc2P1P1P/2N1CCN2/9/1RBAKABR1 w,0.80492634,5898
1rbaka1r1/9/2n1b1nc1/p1p1p3p/6p2/2PN5/Pc2P1P1P/4CCN2/9/1RBAKABR1 b,-0.8063935,2311
1rbaka1r1/9/2n1b1n2/p1p1p3p/6p2/2PN5/Pc2P1PcP/4CCN2/9/1RBAKABR1 w,0.8079292,6143
1rbaka1r1/9/2n1bCn2/p1p1p3p/6p2/2PN5/Pc2P1PcP/4C1N2/9/1RBAKABR1 b,-0.8084572,1986
1rbakabr1/9/2n2Cn2/p1p1p3p/6p2/2PN5/Pc2P1PcP/4C1N2/9/1RBAKABR1 w,0.81814575,4351
1rbakabr1/9/2n2Cn2/p1p1N3p/6p2/2P6/Pc2P1PcP/4C1N2/9/1RBAKABR1 b,-0.804766,1831
1rbakabr1/9/5Cn2/p1p1n3p/6p2/2P6/Pc2P1PcP/4C1N2/9/1RBAKABR1 w,0.80478853,6061
1rbakabr1/9/5Cn2/p1p1C3p/6p2/2P6/Pc2P1PcP/6N2/9/1RBAKABR1 b,-0.79049164,109
2bakabr1/9/1r3Cn2/p1p1C3p/6p2/2P6/Pc2P1PcP/6N2/9/1RBAKABR1 w,0.8022862,2839
2bakabr1/9/1r3Cn2/p1p5p/6p2/2P1C4/Pc2P1PcP/6N2/9/1RBAKABR1 b,-0.79825854,1733
2bakabr1/9/5rn2/p1p5p/6p2/2P1C4/Pc2P1PcP/6N2/9/1RBAKABR1 w,0.8096117,7435
2bakabr1/9/5rn2/p1p5p/6p2/2P1C4/PR2P1PcP/6N2/9/2BAKABR1 b,-0.8070279,2201
2bakabr1/9/5r3/p1p5p/5np2/2P1C4/PR2P1PcP/6N2/9/2BAKABR1 w,0.8136086,4987
2bakabr1/9/5r3/p1p5p/1R3np2/2P1C4/P3P1PcP/6N2/9/2BAKABR1 b,-0.8094983,3750
2bakabr1/9/5r3/p1p5p/1R4p2/2P1C4/P3P1ncP/6N2/9/2BAKABR1 w,0.82004386,3372
2bakabr1/9/5r3/p1p5p/6R2/2P1C4/P3P1ncP/6N2/9/2BAKABR1 b,-0.80545235,5449
2bakabr1/9/5r3/p1p5p/6R2/2P1n4/P3P2cP/6N2/9/2BAKABR1 w,0.8058344,5269
2bakabr1/9/5r3/p1p5p/6R2/2P1P4/P6cP/6N2/9/2BAKABR1 b,-0.79941744,5560
2bakabr1/9/5r3/p1p5p/6R2/2P1P4/P7P/6Nc1/9/2BAKABR1 w,0.8094646,7999
2bakabr1/9/5r3/p1p5p/6R2/2P1P4/P7P/6Nc1/7R1/2BAKAB2 b,-0.7980683,2138
2bakabr1/9/9/p1p5p/6R2/2P1P4/P7P/5rNc1/7R1/2BAKAB2 w,0.8004057,3813
2bakabr1/9/9/p1p3R1p/9/2P1P4/P7P/5rNc1/7R1/2BAKAB2 b,-0.80196935,691
2bakab2/9/9/p1p3R1p/9/2P1P4/P6rP/5rNc1/7R1/2BAKAB2 w,0.81447953,2976
2bakaR2/9/9/p1p5p/9/2P1P4/P6rP/5rNc1/7R1/2BAKAB2 b,-0.8035953,5548
2bakaR2/9/9/p1p5p/9/2P1P4/P3r3P/5rNc1/7R1/2BAKAB2 w,0.82730305,7636
2bakaR2/9/9/p1p5p/9/2P1P4/P3r3P/5rNc1/4A2R1/2B1KAB2 b,-0.8156976,6361
2bakaR2/9/9/p1p5p/9/2P1P4/P3r2cP/5rN2/4A2R1/2B1KAB2 w,0.86253875,7171
2bakaR2/9/9/p1p5p/9/2P1P4/P3r2RP/5rN2/4A4/2B1KAB2 b,-0.8532251,5281
2bakaR2/9/9/p1p5p/9/2P1P4/P6rP/5rN2/4A4/2B1KAB2 w,0.8607573,6908
2bakaR2/9/9/p1p5p/9/2P1P4/P6rP/5AN2/9/2B1KAB2 b,-0.8522034,5544
2bakaR2/9/9/p1p5p/9/2P1P4/r7P/5AN2/9/2B1KAB2 w,0.8500531,573
2baka3/9/9/p1p3R1p/9/2P1P4/r7P/5AN2/9/2B1KAB2 b,-0.85094726,4941
2baka3/9/9/p1p3R1p/9/2P1P4/8P/5AN2/9/r1B1KAB2 w,0.87397057,7897
2baka3/9/9/p1p3R1p/9/2P1P4/8P/4BAN2/9/r1B1KA3 b,-0.86827946,7344
2baka3/9/9/p1p3R1p/9/2P1P4/r7P/4BAN2/9/2B1KA3 w,0.869881,6260
2baka3/9/9/p1p3R1p/9/2P1PN3/r7P/4BA3/9/2B1KA3 b,-0.8699876,4922
2baka3/9/9/p1p3R1p/9/2P1PN3/8r/4BA3/9/2B1KA3 w,0.87700206,4543
2baka3/9/9/p1p3R1p/7N1/2P1P4/8r/4BA3/9/2B1KA3 b,-0.8730651,5639
2baka3/9/9/p1p3R1p/7N1/2P1P4/5r3/4BA3/9/2B1KA3 w,0.87690574,3902
2baka3/9/9/p1p2NR1p/9/2P1P4/5r3/4BA3/9/2B1KA3 b,-0.8652313,283
2b1ka3/4a4/9/p1p2NR1p/9/2P1P4/5r3/4BA3/9/2B1KA3 w,0.8737013,4450
2b1ka3/4a4/9/p1p2NR1p/4P4/2P6/5r3/4BA3/9/2B1KA3 b,-0.87178284,5378
2b1ka3/4a4/9/p1p2NR1p/4P4/2P6/9/4Br3/9/2B1KA3 w,0.87858117,3005
2b1ka3/4a4/9/p1p2N2R/4P4/2P6/9/4Br3/9/2B1KA3 b,-0.8705029,6179
2b1ka3/4a4/9/p1p2N2R/4P4/2P6/5r3/4B4/9/2B1KA3 w,0.8753384,3631
2b1ka3/4a4/9/p1p1PN2R/9/2P6/5r3/4B4/9/2B1KA3 b,-0.8669707,5351
2b1ka3/4a4/9/p1p1PN2R/5r3/2P6/9/4B4/9/2B1KA3 w,0.88314176,3176
2b1ka3/4a4/8R/p1p1PN3/5r3/2P6/9/4B4/9/2B1KA3 b,-0.87287074,1173
2baka3/9/8R/p1p1PN3/5r3/2P6/9/4B4/9/2B1KA3 w,0.89760715,2895
2baka3/6N2/8R/p1p1P4/5r3/2P6/9/4B4/9/2B1KA3 b,-0.89376867,3704
2baka3/5rN2/8R/p1p1P4/9/2P6/9/4B4/9/2B1KA3 w,0.8977327,1382
2baka3/5r3/8R/p1p1PN3/9/2P6/9/4B4/9/2B1KA3 b,-0.8874574,463
2bak4/4ar3/8R/p1p1PN3/9/2P6/9/4B4/9/2B1KA3 w,0.9018362,2360
2bak4/4ar3/2R6/p1p1PN3/9/2P6/9/4B4/9/2B1KA3 b,-0.90511334,1283
2bak4/4a4/2R2r3/p1p1PN3/9/2P6/9/4B4/9/2B1KA3 w,0.9165234,1802
2Rak4/4a4/5r3/p1p1PN3/9/2P6/9/4B4/9/2B1KA3 b,-0.90894395,2648
2Rak4/4a4/5r3/p3PN3/2p6/2P6/9/4B4/9/2B1KA3 w,0.91890556,218
3ak4/4a4/5r3/p3PN3/2R6/2P6/9/4B4/9/2B1KA3 b,-0.910522,2466
3ak4/4a4/5r3/4PN3/p1R6/2P6/9/4B4/9/2B1KA3 w,0.91779214,3456
3ak4/4a4/5r3/4PN3/R8/2P6/9/4B4/9/2B1KA3 b,-0.91702616,2089
3ak4/4a4/1r7/4PN3/R8/2P6/9/4B4/9/2B1KA3 w,0.9486611,2895
3ak4/4a1N2/1r7/4P4/R8/2P6/9/4B4/9/2B1KA3 b,-0.9538233,365
3a1k3/4a1N2/1r7/4P4/R8/2P6/9/4B4/9/2B1KA3 w,0.96297646,2812
3a1k3/4a1N2/1r2P4/9/R8/2P6/9/4B4/9/2B1KA3 b,-0.951473,1720
3a1k3/1r2a1N2/4P4/9/R8/2P6/9/4B4/9/2B1KA3 w,0.954406,3281
3a1k3/1r2a1N2/4P4/9/5R3/2P6/9/4B4/9/2B1KA3 b,-0.9515511,1193
3a1k3/1r4N2/4Pa3/9/5R3/2P6/9/4B4/9/2B1KA3 w,0.9625569,1384
3a1k3/1r7/4Pa3/7N1/5R3/2P6/9/4B4/9/2B1KA3 b,-0.942033,937
3a1k3/9/4Pa3/7N1/1r3R3/2P6/9/4B4/9/2B1KA3 w,0.98694116,3727
3a1k3/9/4Pa3/7N1/1R7/2P6/9/4B4/9/2B1KA3 b,-0.98726076,2083
3a1k3/4a4/4P4/7N1/1R7/2P6/9/4B4/9/2B1KA3 w,0.98792654,3371
3a1k3/4a4/4P4/7N1/5R3/2P6/9/4B4/9/2B1KA3 b,-0.99255234,454
3ak4/4a4/4P4/7N1/5R3/2P6/9/4B4/9/2B1KA3 w,1,3075
rnbakabnr/9/1c5c1/p1p1p1p1p/9/9/P1P1P1P1P/1C5C1/9/RNBAKABNR w,-0.7981765,5827
rnbakabnr/9/1c5c1/p1p1p1p1p/9/9/P1P1P1P1P/4C2C1/9/RNBAKABNR b,0.79823184,110
r1bakabnr/9/1cn4c1/p1p1p1p1p/9/9/P1P1P1P1P/4C2C1/9/RNBAKABNR w,-0.79816985,7445
r1bakabnr/9/1cn4c1/p1p1p1p1p/9/9/P1P1P1P1P/2N1C2C1/9/R1BAKABNR b,0.7981594,562
r1baka1nr/9/1cn1b2c1/p1p1p1p1p/9/9/P1P1P1P1P/2N1C2C1/9/R1BAKABNR w,-0.7980365,7372
r1baka1nr/9/1cn1b2c1/p1p1p1p1p/9/9/P1P1P1P1P/2N1C2C1/9/1RBAKABNR b,0.7982337,1
1rbaka1nr/9/1cn1b2c1/p1p1p1p1p/9/9/P1P1P1P1P/2N1C2C1/9/1RBAKABNR w,-0.7982988,6368
1rbaka1nr/9/1cn1b2c1/p1p1p1p1p/9/9/P1P1P1P1P/2N1CC3/9/1RBAKABNR b,0.79872113,654
1rbaka2r/9/1cn1b1nc1/p1p1p1p1p/9/9/P1P1P1P1P/2N1CC3/9/1RBAKABNR w,-0.79841346,7989
1rbaka2r/9/1cn1b1nc1/p1p1p1p1p/9/9/P1P1P1P1P/2N1CCN2/9/1RBAKAB1R b,0.7986314,3012
1rbaka2r/9/1cn1b1nc1/p1p1p3p/6p2/9/P1P1P1P1P/2N1CCN2/9/1RBAKAB1R w,-0.798121,8098
1rbaka2r/9/1cn1b1nc1/p1p1p3p/6p2/9/P1P1P1P1P/2N1CCN2/9/1RBAKABR1 b,0.7981129,727
1rbaka1r1/9/1cn1b1nc1/p1p1p3p/6p2/9/P1P1P1P1P/2N1CCN2/9/1RBAKABR1 w,-0.79725367,5087
1rbaka1r1/9/1cn1b1nc1/p1p1p3p/6p2/2P6/P3P1P1P/2N1CCN2/9/1RBAKABR1 b,0.79784644,1765
1rbaka1r1/9/2n1b1nc1/p1p1p3p/6p2/2P6/Pc2P1P1P/2N1CCN2/9/1RBAKABR1 w,-0.795294,5898
1rbaka1r1/9/2n1b1nc1/p1p1p3p/6p2/2PN5/Pc2P1P1P/4CCN2/9/1RBAKABR1 b,0.7935581,2311
1rbaka1r1/9/2n1b1n2/p1p1p3p/6p2/2PN5/Pc2P1PcP/4CCN2/9/1RBAKABR1 w,-0.79217356,6143
1rbaka1r1/9/2n1bCn2/p1p1p3p/6p2/2PN5/Pc2P1PcP/4C1N2/9/1RBAKABR1 b,0.7910976,1986
1rbakabr1/9/2n2Cn2/p1p1p3p/6p2/2PN5/Pc2P1PcP/4C1N2/9/1RBAKABR1 w,-0.78231823,4351
1rbakabr1/9/2n2Cn2/p1p1N3p/6p2/2P6/Pc2P1PcP/4C1N2/9/1RBAKABR1 b,0.79512465,1831
1rbakabr1/9/5Cn2/p1p1n3p/6p2/2P6/Pc2P1PcP/4C1N2/9/1RBAKABR1 w,-0.7950203,6061
1rbakabr1/9/5Cn2/p1p1C3p/6p2/2P6/Pc2P1PcP/6N2/9/1RBAKABR1 b,0.80943495,109
2bakabr1/9/1r3Cn2/p1p1C3p/6p2/2P6/Pc2P1PcP/6N2/9/1RBAKABR1 w,-0.79710084,2830
2bakabr1/9/1r3Cn2/p1p5p/4C1p2/2P6/Pc2P1PcP/6N2/9/1RBAKABR1 b,0.80302095,1733
2bakabr1/9/5rn2/p1p5p/4C1p2/2P6/Pc2P1PcP/6N2/9/1RBAKABR1 w,-0.7969124,7435
2bakabr1/9/5rn2/p1p5p/4C1p2/2P6/PR2P1PcP/6N2/9/2BAKABR1 b,0.8034452,2111
2bakabr1/9/6n2/p1p5p/4Crp2/2P6/PR2P1PcP/6N2/9/2BAKABR1 w,-0.7927967,3649
2bakabr1/9/6n2/p1p5p/5rp2/2P1C4/PR2P1PcP/6N2/9/2BAKABR1 b,0.80154645,3831
2bakabr1/9/6n2/p1p5p/5r3/2P1C1p2/PR2P1PcP/6N2/9/2BAKABR1 w,-0.78768975,4969
2bakabr1/9/1R4n2/p1p5p/5r3/2P1C1p2/P3P1PcP/6N2/9/2BAKABR1 b,0.7885172,4650
2bakabr1/9/1R4n2/p1p5p/5r3/2P1C4/P3P1pcP/6N2/9/2BAKABR1 w,-0.78441143,1734
2bakabr1/9/6R2/p1p5p/5r3/2P1C4/P3P1pcP/6N2/9/2BAKABR1 b,0.7900087,5469
2bakabr1/9/6R2/p1p5p/5r3/2P1C4/P3P2cP/6p2/9/2BAKABR1 w,-0.78675234,2229
2bakabr1/9/9/p1p5p/5r3/2P1C4/P3P2cP/6R2/9/2BAKABR1 b,0.7948185,3749
2bakabr1/9/9/p1p5p/9/2P1C4/P3Pr1cP/6R2/9/2BAKABR1 w,-0.775339,7990
2bakabr1/9/9/p1p5p/9/2P1C4/P3Pr1cP/6RR1/9/2BAKAB2 b,0.7868421,5368
2bakabr1/9/9/p1p5p/9/2P1C4/P3r2cP/6RR1/9/2BAKAB2 w,-0.78310376,6277
2bakabr1/9/9/p1p5p/9/2P1C4/P3r2cP/4R2R1/9/2BAKAB2 b,0.78777426,5287
2bakabr1/9/9/p1p5p/9/2P1C4/P6cP/4r2R1/9/2BAKAB2 w,-0.7878124,6367
2bakabr1/9/9/p1p5p/9/2P1C4/P6cP/4R4/9/2BAKAB2 b,0.7937228,682
2bakab2/9/9/p1p5p/9/2P1C2r1/P6cP/4R4/9/2BAKAB2 w,-0.7922435,6088
2bakab2/9/9/p1p5p/9/2P1C2r1/P3R2cP/9/9/2BAKAB2 b,0.79818857,5578
2bakab2/9/9/p1p5p/9/2P1C2r1/P3R3P/9/9/2BAKABc1 w,-0.7947374,4450
2bakab2/9/9/p1p5p/4C4/2P4r1/P3R3P/9/9/2BAKABc1 b,0.8005317,4727
2bakab2/9/9/p1p5p/4C4/2r6/P3R3P/9/9/2BAKABc1 w,-0.79823834,7537
2bakab2/9/9/p1p5p/4C4/2r6/P3R3P/4B4/9/3AKABc1 b,0.80133134,4280
2bakab2/9/9/p1p5p/4C4/5r3/P3R3P/4B4/9/3AKABc1 w,-0.7968857,7636
2bakab2/9/9/p1p5p/4C4/5r3/P3R3P/4B4/4A4/4KABc1 b,0.80251914,7936
2bakab2/7c1/9/p1p5p/4C4/5r3/P3R3P/4B4/4A4/4KAB2 w,-0.7966173,3631
2bakab2/7c1/9/p1p1C3p/9/5r3/P3R3P/4B4/4A4/4KAB2 b,0.80680615,2466
2bakab2/7c1/9/2p1C3p/p8/5r3/P3R3P/4B4/4A4/4KAB2 w,-0.79968935,2839
2bakab2/7c1/9/2p5p/p8/4Cr3/P3R3P/4B4/4A4/4KAB2 b,0.80252355,1449
2bakab2/c8/9/2p5p/p8/4Cr3/P3R3P/4B4/4A4/4KAB2 w,-0.7936107,4457
2bakab2/c8/9/2p5p/p8/2C2r3/P3R3P/4B4/4A4/4KAB2 b,0.8058325,202
3akab2/c8/4b4/2p5p/p8/2C2r3/P3R3P/4B4/4A4/4KAB2 w,-0.80565757,5251
3akab2/c8/4b4/2p1R3p/p8/2C2r3/P7P/4B4/4A4/4KAB2 b,0.80659187,823
3akab2/4c4/4b4/2p1R3p/p8/2C2r3/P7P/4B4/4A4/4KAB2 w,-0.8002678,2820
3akab2/4c4/4b4/2pR4p/p8/2C2r3/P7P/4B4/4A4/4KAB2 b,0.8080091,2648
3akab2/4c4/4b4/3R4p/p1p6/2C2r3/P7P/4B4/4A4/4KAB2 w,-0.80468225,4295
3akab2/4c4/4b4/3R4p/p1p6/5r3/P7P/2C1B4/4A4/4KAB2 b,0.8108089,4546
3akab2/4c4/4b4/3R4p/p1p6/1r7/P7P/2C1B4/4A4/4KAB2 w,-0.8043636,5933
3akab2/4c4/4b4/3R4p/p1p6/1r7/P7P/4B4/4A4/2C1KAB2 b,0.80163574,4195
3akab2/4c4/4b4/3R4p/p1p6/9/Pr6P/4B4/4A4/2C1KAB2 w,-0.7856969,7734
3akab2/4c4/4b4/3R4p/p1p6/9/Pr6P/4B4/4A4/2CK1AB2 b,0.8049152,1186
3akab2/7c1/4b4/3R4p/p1p6/9/Pr6P/4B4/4A4/2CK1AB2 w,-0.8007999,2712
3akab2/3R3c1/4b4/8p/p1p6/9/Pr6P/4B4/4A4/2CK1AB2 b,0.8120884,463
3ak1b2/3Ra2c1/4b4/8p/p1p6/9/Pr6P/4B4/4A4/2CK1AB2 w,-0.8091412,1110
3ak1b2/4a2c1/4b4/3R4p/p1p6/9/Pr6P/4B4/4A4/2CK1AB2 b,1,1175
rnbakabnr/9/1c5c1/p1p1p1p1p/9/9/P1P1P1P1P/1C5C1/9/RNBAKABNR w,0.80181664,5827
rnbakabnr/9/1c5c1/p1p1p1p1p/9/9/P1P1P1P1P/4C2C1/9/RNBAKABNR b,-0.8017682,110
r1bakabnr/9/1cn4c1/p1p1p1p1p/9/9/P1P1P1P1P/4C2C1/9/RNBAKABNR w,0.80181926,7445
r1bakabnr/9/1cn4c1/p1p1p1p1p/9/9/P1P1P1P1P/2N1C2C1/9/R1BAKABNR b,-0.80183524,562
r1baka1nr/9/1cn1b2c1/p1p1p1p1p/9/9/P1P1P1P1P/2N1C2C1/9/R1BAKABNR w,0.8019055,7372
r1baka1nr/9/1cn1b2c1/p1p1p1p1p/9/9/P1P1P1P1P/2N1C2C1/9/1RBAKABNR b,-0.8017674,1
1rbaka1nr/9/1cn1b2c1/p1p1p1p1p/9/9/P1P1P1P1P/2N1C2C1/9/1RBAKABNR w,0.8016936,6368
1rbaka1nr/9/1cn1b2c1/p1p1p1p1p/9/9/P1P1P1P1P/2N1CC3/9/1RBAKABNR b,-0.80127186,654
1rbaka2r/9/1cn1b1nc1/p1p1p1p1p/9/9/P1P1P1P1P/2N1CC3/9/1RBAKABNR w,0.8015947,7989
1rbaka2r/9/1cn1b1nc1/p1p1p1p1p/9/9/P1P1P1P1P/2N1CCN2/9/1RBAKAB1R b,-0.8013839,3012
1rbaka2r/9/1cn1b1nc1/p1p1p3p/6p2/9/P1P1P1P1P/2N1CCN2/9/1RBAKAB1R w,0.8018628,8098
1rbaka2r/9/1cn1b1nc1/p1p1p3p/6p2/9/P1P1P1P1P/2N1CCN2/9/1RBAKABR1 b,-0.8020184,727
1rbaka1r1/9/1cn1b1nc1/p1p1p3p/6p2/9/P1P1P1P1P/2N1CCN2/9/1RBAKABR1 w,0.8025176,5087
1rbaka1r1/9/1cn1b1nc1/p1p1p3p/6p2/2P6/P3P1P1P/2N1CCN2/9/1RBAKABR1 b,-0.8021624,1765
1rbaka1r1/9/2n1b1nc1/p1p1p3p/6p2/2P6/Pc2P1P1P/2N1CCN2/9/1RBAKABR1 w,0.80513823,5898
1rbaka1r1/9/2n1b1nc1/p1p1p3p/6p2/2PN5/Pc2P1P1P/4CCN2/9/1RBAKABR1 b,-0.80650157,2311
1rbaka1r1/9/2n1b1n2/p1p1p3p/6p2/2PN5/Pc2P1PcP/4CCN2/9/1RBAKABR1 w,0.80794173,6143
1rbaka1r1/9/2n1bCn2/p1p1p3p/6p2/2PN5/Pc2P1PcP/4C1N2/9/1RBAKABR1 b,-0.80890244,1986
1rbakabr1/9/2n2Cn2/p1p1p3p/6p2/2PN5/Pc2P1PcP/4C1N2/9/1RBAKABR1 w,0.8184994,4351
1rbakabr1/9/2n2Cn2/p1p1N3p/6p2/2P6/Pc2P1PcP/4C1N2/9/1RBAKABR1 b,-0.8047683,1831
1rbakabr1/9/5Cn2/p1p1n3p/6p2/2P6/Pc2P1PcP/4C1N2/9/1RBAKABR1 w,0.8050013,6061
1rbakabr1/9/5Cn2/p1p1C3p/6p2/2P6/Pc2P1PcP/6N2/9/1RBAKABR1 b,-0.7909056,109
2bakabr1/9/1r3Cn2/p1p1C3p/6p2/2P6/Pc2P1PcP/6N2/9/1RBAKABR1 w,0.8020568,2839
2bakabr1/9/1r3Cn2/p1p5p/6p2/2P1C4/Pc2P1PcP/6N2/9/1RBAKABR1 b,-0.7983648,1733
2bakabr1/9/5rn2/p1p5p/6p2/2P1C4/Pc2P1PcP/6N2/9/1RBAKABR1 w,0.80967,7435
2bakabr1/9/5rn2/p1p5p/6p2/2P1C4/PR2P1PcP/6N2/9/2BAKABR1 b,-0.8070279,2201
2bakabr1/9/5r3/p1p5p/5np2/2P1C4/PR2P1PcP/6N2/9/2BAKABR1 w,0.8142804,4987
2bakabr1/9/5r3/p1p5p/1R3np2/2P1C4/P3P1PcP/6N2/9/2BAKABR1 b,-0.8079866,3750
2bakabr1/9/5r3/p1p5p/1R4p2/2P1C4/P3P1ncP/6N2/9/2BAKABR1 w,0.8197709,3372
2bakabr1/9/5r3/p1p5p/6R2/2P1C4/P3P1ncP/6N2/9/2BAKABR1 b,-0.80548483,5449
2bakabr1/9/5r3/p1p5p/6R2/2P1n4/P3P2cP/6N2/9/2BAKABR1 w,0.80577743,5269
2bakabr1/9/5r3/p1p5p/6R2/2P1P4/P6cP/6N2/9/2BAKABR1 b,-0.79940635,5560
2bakabr1/9/5r3/p1p5p/6R2/2P1P4/P7P/6Nc1/9/2BAKABR1 w,0.8098527,7999
2bakabr1/9/5r3/p1p5p/6R2/2P1P4/P7P/6Nc1/7R1/2BAKAB2 b,-0.79809546,2138
2bakabr1/9/9/p1p5p/6R2/2P1P4/P7P/5rNc1/7R1/2BAKAB2 w,0.80029345,3813
2bakabr1/9/9/p1p3R1p/9/2P1P4/P7P/5rNc1/7R1/2BAKAB2 b,-0.80019426,691
2bakab2/9/9/p1p3R1p/9/2P1P4/P6rP/5rNc1/7R1/2BAKAB2 w,0.8140799,2976
2bakaR2/9/9/p1p5p/9/2P1P4/P6rP/5rNc1/7R1/2BAKAB2 b,-0.8037907,5548
2bakaR2/9/9/p1p5p/9/2P1P4/P3r3P/5rNc1/7R1/2BAKAB2 w,0.82670265,7636
2bakaR2/9/9/p1p5p/9/2P1P4/P3r3P/5rNc1/4A2R1/2B1KAB2 b,-0.81337,6361
2bakaR2/9/9/p1p5p/9/2P1P4/P3r2cP/5rN2/4A2R1/2B1KAB2 w,0.86270493,7171
2bakaR2/9/9/p1p5p/9/2P1P4/P3r2RP/5rN2/4A4/2B1KAB2 b,-0.8529954,5281
2bakaR2/9/9/p1p5p/9/2P1P4/P6rP/5rN2/4A4/2B1KAB2 w,0.8607564,6908
2bakaR2/9/9/p1p5p/9/2P1P4/P6rP/5AN2/9/2B1KAB2 b,-0.85104996,5544
2bakaR2/9/9/p1p5p/9/2P1P4/r7P/5AN2/9/2B1KAB2 w,0.8617194,6260
2bakaR2/9/9/p1p5p/9/2P1PN3/r7P/5A3/9/2B1KAB2 b,-0.8576328,4922
2bakaR2/9/9/p1p5p/9/2P1PN3/8r/5A3/9/2B1KAB2 w,0.8674582,4543
2bakaR2/9/9/p1p5p/7N1/2P1P4/8r/5A3/9/2B1KAB2 b,-0.8575847,5638
2bakaR2/9/9/p1p5p/7N1/2P1P4/4r4/5A3/9/2B1KAB2 w,0.8561712,6196
2bakaR2/9/9/p1p5p/7N1/2P1P4/4r4/9/4A4/2B1KAB2 b,-0.84294,5269
2bakaR2/9/9/p1p5p/7N1/2P1r4/9/9/4A4/2B1KAB2 w,0.8472484,3902
2bakaR2/9/9/p1p2N2p/9/2P1r4/9/9/4A4/2B1KAB2 b,-0.84814256,4457
2bakaR2/9/9/p1p2N2p/9/2r6/9/9/4A4/2B1KAB2 w,0.8663632,7897
2bakaR2/9/9/p1p2N2p/9/2r6/9/4B4/4A4/2B1KA3 b,-0.8654716,4280
2bakaR2/9/9/p1p2N2p/9/5r3/9/4B4/4A4/2B1KA3 w,0.86453825,2901
2bakaR2/9/3N5/p1p5p/9/5r3/9/4B4/4A4/2B1KA3 b,-0.8648111,373
2ba1aR2/4k4/3N5/p1p5p/9/5r3/9/4B4/4A4/2B1KA3 w,0.86610115,555
2ba1a3/4k1R2/3N5/p1p5p/9/5r3/9/4B4/4A4/2B1KA3 b,-0.8646687,1192
2ba1a3/6R2/3Nk4/p1p5p/9/5r3/9/4B4/4A4/2B1KA3 w,0.87551975,1930
2ba1a3/6R2/4k4/p1p5p/4N4/5r3/9/4B4/4A4/2B1KA3 b,-0.85933095,4532
2ba1a3/6R2/4k4/p1p2r2p/4N4/9/9/4B4/4A4/2B1KA3 w,0.8709294,6117
2ba1a3/6R2/4k4/p1p2r2p/4N4/9/9/9/4A4/2B1KAB2 b,-0.8382426,2911
2ba1a3/6R2/4k4/p1p1r3p/4N4/9/9/9/4A4/2B1KAB2 w,0.84876126,3659
2ba1a3/6R2/4k4/p1p1r3p/9/9/5N3/9/4A4/2B1KAB2 b,-0.8437979,2820
2ba1a3/6R2/4k4/p1pr4p/9/9/5N3/9/4A4/2B1KAB2 w,0.8632866,1364
2ba1a3/5R3/4k4/p1pr4p/9/9/5N3/9/4A4/2B1KAB2 b,-0.8445799,283
2b2a3/4aR3/4k4/p1pr4p/9/9/5N3/9/4A4/2B1KAB2 w,0.8512433,1310
2b2a3/4a4/4k4/p1pr4p/9/5R3/5N3/9/4A4/2B1KAB2 b,-0.84266937,2001
2b2a3/4a4/3k5/p1pr4p/9/5R3/5N3/9/4A4/2B1KAB2 w,0.85179275,4545
2b2a3/4a4/3k5/p1pr4p/9/R8/5N3/9/4A4/2B1KAB2 b,-0.83651614,2648
2b2a3/4a4/3k5/p2r4p/2p6/R8/5N3/9/4A4/2B1KAB2 w,0.8486344,4101
2b2a3/4a4/3k5/p2r4p/2p6/6R2/5N3/9/4A4/2B1KAB2 b,-0.83133763,1902
2b2a3/3ka4/9/p2r4p/2p6/6R2/5N3/9/4A4/2B1KAB2 w,0.8350155,4636
2b2a3/3ka4/9/p2r4p/2p6/1R7/5N3/9/4A4/2B1KAB2 b,-0.82689667,2757
2b2a3/3ka4/9/p7p/2p6/1R7/3r1N3/9/4A4/2B1KAB2 w,0.84322083,5352
2b2a3/3ka4/9/p7p/2p3N2/1R7/3r5/9/4A4/2B1KAB2 b,-0.84347683,1083
2bk1a3/4a4/9/p7p/2p3N2/1R7/3r5/9/4A4/2B1KAB2 w,0.8683942,4141
1Rbk1a3/4a4/9/p7p/2p3N2/9/3r5/9/4A4/2B1KAB2 b,-0.85461885,5160
1Rbk1a3/4a4/9/p2r4p/2p3N2/9/9/9/4A4/2B1KAB2 w,0.856352,92
2Rk1a3/4a4/9/p2r4p/2p3N2/9/9/9/4A4/2B1KAB2 b,-0.85796654,282
2R2a3/3ka4/9/p2r4p/2p3N2/9/9/9/4A4/2B1KAB2 w,0.8602126,218
5a3/3ka4/9/p2r4p/2R3N2/9/9/9/4A4/2B1KAB2 b,-0.8557317,1083
3k1a3/4a4/9/p2r4p/2R3N2/9/9/9/4A4/2B1KAB2 w,0.86024755,3422
2Rk1a3/4a4/9/p2r4p/6N2/9/9/9/4A4/2B1KAB2 b,-0.8576856,282
2R2a3/3ka4/9/p2r4p/6N2/9/9/9/4A4/2B1KAB2 w,0.86866087,3829
2R2a3/3ka4/9/p2r4p/9/4N4/9/9/4A4/2B1KAB2 b,-0.8627822,2731
2R2a3/3ka4/9/p3r3p/9/4N4/9/9/4A4/2B1KAB2 w,0.86091137,4448
2R2a3/3ka4/9/p3r3p/2N6/9/9/9/4A4/2B1KAB2 b,-0.8553978,2818
2R2a3/3ka4/9/pr6p/2N6/9/9/9/4A4/2B1KAB2 w,0.8549879,191
5a3/2Rka4/9/pr6p/2N6/9/9/9/4A4/2B1KAB2 b,-0.8542915,1083
3k1a3/2R1a4/9/pr6p/2N6/9/9/9/4A4/2B1KAB2 w,0.8754208,6924
3k1a3/2R1a4/9/pr6p/2N6/9/9/9/9/2BAKAB2 b,-0.8581005,2552
3k1a3/2R1a4/9/p4r2p/2N6/9/9/9/9/2BAKAB2 w,0.9504957,992
2Rk1a3/4a4/9/p4r2p/2N6/9/9/9/9/2BAKAB2 b,-0.95291483,282
2R2a3/3ka4/9/p4r2p/2N6/9/9/9/9/2BAKAB2 w,0.96404743,3439
2R2a3/3ka4/1N7/p4r2p/9/9/9/9/9/2BAKAB2 b,-0.9634141,1101
2R2a3/4a4/1N1k5/p4r2p/9/9/9/9/9/2BAKAB2 w,0.9752929,200
5a3/4a4/1NRk5/p4r2p/9/9/9/9/9/2BAKAB2 b,-0.9763975,1902
5a3/3ka4/1NR6/p4r2p/9/9/9/9/9/2BAKAB2 w,0.97941923,1811
5a3/2Rka4/1N7/p4r2p/9/9/9/9/9/2BAKAB2 b,-0.97661304,1101
5a3/2R1a4/1N1k5/p4r2p/9/9/9/9/9/2BAKAB2 w,0.98223335,1748
5a3/2R1a4/3k5/p4r2p/2N6/9/9/9/9/2BAKAB2 b,-0.98285824,2909
5a3/2R1a4/3k5/p1r5p/2N6/9/9/9/9/2BAKAB2 w,0.9872558,1019
5a3/4a4/3k5/p1R5p/2N6/9/9/9/9/2BAKAB2 b,-0.9869839,1902
5a3/3ka4/9/p1R5p/2N6/9/9/9/9/2BAKAB2 w,0.9950065,2640
5a3/3ka4/9/p2R4p/2N6/9/9/9/9/2BAKAB2 b,-0.99441457,1191
5a3/3k5/3a5/p2R4p/2N6/9/9/9/9/2BAKAB2 w,1,2721
rnbakabnr/9/1c5c1/p1p1p1p1p/9/9/P1P1P1P1P/1C5C1/9/RNBAKABNR w,0.8017992,5827
rnbakabnr/9/1c5c1/p1p1p1p1p/9/9/P1P1P1P1P/4C2C1/9/RNBAKABNR b,-0.8017912,110
r1bakabnr/9/1cn4c1/p1p1p1p1p/9/9/P1P1P1P1P/4C2C1/9/RNBAKABNR w,0.80181926,7445
r1bakabnr/9/1cn4c1/p1p1p1p1p/9/9/P1P1P1P1P/2N1C2C1/9/R1BAKABNR b,-0.80183524,562
r1baka1nr/9/1cn1b2c1/p1p1p1p1p/9/9/P1P1P1P1P/2N1C2C1/9/R1BAKABNR w,0.8019352,7372
r1baka1nr/9/1cn1b2c1/p1p1p1p1p/9/9/P1P1P1P1P/2N1C2C1/9/1RBAKABNR b,-0.8017737,1
1rbaka1nr/9/1cn1b2c1/p1p1p1p1p/9/9/P1P1P1P1P/2N1C2C1/9/1RBAKABNR w,0.80169415,6368
1rbaka1nr/9/1cn1b2c1/p1p1p1p1p/9/9/P1P1P1P1P/2N1CC3/9/1RBAKABNR b,-0.8013083,654
1rbaka2r/9/1cn1b1nc1/p1p1p1p1p/9/9/P1P1P1P1P/2N1CC3/9/1RBAKABNR w,0.8015777,7989
1rbaka2r/9/1cn1b1nc1/p1p1p1p1p/9/9/P1P1P1P1P/2N1CCN2/9/1RBAKAB1R b,-0.8013484,3012
1rbaka2r/9/1cn1b1nc1/p1p1p3p/6p2/9/P1P1P1P1P/2N1CCN2/9/1RBAKAB1R w,0.8018736,8098
1rbaka2r/9/1cn1b1nc1/p1p1p3p/6p2/9/P1P1P1P1P/2N1CCN2/9/1RBAKABR1 b,-0.80202645,727
1rbaka1r1/9/1cn1b1nc1/p1p1p3p/6p2/9/P1P1P1P1P/2N1CCN2/9/1RBAKABR1 w,0.80280274,5087
1rbaka1r1/9/1cn1b1nc1/p1p1p3p/6p2/2P6/P3P1P1P/2N1CCN2/9/1RBAKABR1 b,-0.8021549,1765
1rbaka1r1/9/2n1b1nc1/p1p1p3p/6p2/2P6/Pc2P1P1P/2N1CCN2/9/1RBAKABR1 w,0.8051245,5898
1rbaka1r1/9/2n1b1nc1/p1p1p3p/6p2/2PN5/Pc2P1P1P/4CCN2/9/1RBAKABR1 b,-0.80644923,2311
1rbaka1r1/9/2n1b1n2/p1p1p3p/6p2/2PN5/Pc2P1PcP/4CCN2/9/1RBAKABR1 w,0.8078968,6143
1rbaka1r1/9/2n1bCn2/p1p1p3p/6p2/2PN5/Pc2P1PcP/4C1N2/9/1RBAKABR1 b,-0.80890244,1986
1rbakabr1/9/2n2Cn2/p1p1p3p/6p2/2PN5/Pc2P1PcP/4C1N2/9/1RBAKABR1 w,0.81805813,4351
1rbakabr1/9/2n2Cn2/p1p1N3p/6p2/2P6/Pc2P1PcP/4C1N2/9/1RBAKABR1 b,-0.8047813,1831
1rbakabr1/9/5Cn2/p1p1n3p/6p2/2P6/Pc2P1PcP/4C1N2/9/1RBAKABR1 w,0.8050758,6061
1rbakabr1/9/5Cn2/p1p1C3p/6p2/2P6/Pc2P1PcP/6N2/9/1RBAKABR1 b,-0.7901924,109
2bakabr1/9/1r3Cn2/p1p1C3p/6p2/2P6/Pc2P1PcP/6N2/9/1RBAKABR1 w,0.80192703,2839
2bakabr1/9/1r3Cn2/p1p5p/6p2/2P1C4/Pc2P1PcP/6N2/9/1RBAKABR1 b,-0.79882264,1733
2bakabr1/9/5rn2/p1p5p/6p2/2P1C4/Pc2P1PcP/6N2/9/1RBAKABR1 w,0.80966544,7435
2bakabr1/9/5rn2/p1p5p/6p2/2P1C4/PR2P1PcP/6N2/9/2BAKABR1 b,-0.808395,2138
2bakabr1/9/6n2/p1p5p/6p2/2P1C4/PR2P1PcP/5rN2/9/2BAKABR1 w,0.8161118,6290
2bakabr1/9/6n2/p1p5p/6p2/2P1C4/PR2P1PcP/5r3/8N/2BAKABR1 b,-0.80544436,5569
2bakabr1/9/6n2/p1p5p/6p2/2P1C4/PR2P1P1P/5r3/7cN/2BAKABR1 w,0.8140485,7897
2bakabr1/9/6n2/p1p5p/6p2/2P1C4/PR2P1P1P/4Br3/7cN/2BAKA1R1 b,-0.812148,6179
2bakabr1/9/6n2/p1p5p/6p2/2P1C4/PR2PrP1P/4B4/7cN/2BAKA1R1 w,0.8152707,7816
2bakabr1/9/6n2/p1p5p/6p2/2P1C4/PR2PrP1P/4B4/4A2cN/2BAK2R1 b,-0.8065554,5370
2bakabr1/9/6n2/p1p5p/6p2/2P1C4/PR2P1r1P/4B4/4A2cN/2BAK2R1 w,0.81258184,5007
2bakabr1/9/6n2/p1p5p/6p2/2P1C4/P2RP1r1P/4B4/4A2cN/2BAK2R1 b,-0.7998744,5462
2bakabr1/9/6n2/p1p5p/6p2/2P1C4/P2RP3r/4B4/4A2cN/2BAK2R1 w,0.8100193,8007
2bakabr1/9/6n2/p1p5p/6p2/2P1C4/P2RP3r/4B4/4A2cN/2BAK1R2 b,-0.8059894,5660
2bakabr1/9/6n2/p1p5p/6p2/2P1C4/P2RP4/4B4/4A2cr/2BAK1R2 w,0.8228878,7872
2bakabr1/9/6n2/p1p5p/6R2/2P1C4/P2RP4/4B4/4A2cr/2BAK4 b,-0.8169444,7289
2bakabr1/9/6n2/p1p5p/6R2/2P1C4/P2RP4/4B4/4A2c1/2BAK3r w,0.82128173,6117
2bakabr1/9/6n2/p1p5p/6R2/2P1C4/P2RP4/9/4A2c1/2BAK1B1r b,-0.8193308,7198
2bakabr1/9/6n2/p1p5p/6R2/2P1C4/P2RP4/9/4A4/2BAK1Bcr w,0.82589895,6926
2bakabr1/9/6n2/p1p5p/6R2/2P1C4/P2RP4/9/9/2BAKABcr b,-0.81453526,8006
2bakabr1/9/6n2/p1p5p/6R2/2P1C4/P2RP4/9/9/2BAKcB1r w,0.82446086,7736
2bakabr1/9/6n2/p1p5p/6R2/2P1C4/P2RP4/9/9/2BA1KB1r b,-0.8151016,718
2bakab2/9/6n2/p1p5p/6R2/2P1C4/P2RP4/9/9/2BA1KBrr w,0.8370175,7537
2bakab2/9/6n2/p1p5p/6R2/2P1C4/P2RP4/4B4/9/3A1KBrr b,-0.82792395,2203
2bakab2/9/9/p1p5p/6Rn1/2P1C4/P2RP4/4B4/9/3A1KBrr w,0.84627825,7636
2bakab2/9/9/p1p5p/6Rn1/2P1C4/P2RP4/4B4/4A4/5KBrr b,-0.84348476,8090
2bakab2/9/9/p1p5p/6Rn1/2P1C4/P2RP4/4B4/4A3r/5KBr1 w,0.85215986,7825
2bakab2/9/9/p1p5p/6Rn1/2P1C4/P2RP4/4B4/4A3r/4K1Br1 b,-0.8470325,7277
2bakab2/9/9/p1p5p/6Rn1/2P1C4/P2RP4/4B4/4Ar3/4K1Br1 w,0.87011683,7734
2bakab2/9/9/p1p5p/6Rn1/2P1C4/P2RP4/4B4/4Ar3/3K2Br1 b,-0.8674796,3194
2bakab2/9/9/p1p6/6Rnp/2P1C4/P2RP4/4B4/4Ar3/3K2Br1 w,0.9006299,5133
2bRkab2/9/9/p1p6/6Rnp/2P1C4/P3P4/4B4/4Ar3/3K2Br1 b,-0.9038194,373
2bR1ab2/4k4/9/p1p6/6Rnp/2P1C4/P3P4/4B4/4Ar3/3K2Br1 w,0.89500916,282
2b2ab2/3Rk4/9/p1p6/6Rnp/2P1C4/P3P4/4B4/4Ar3/3K2Br1 b,-0.90036386,1192
2b2ab2/3R5/4k4/p1p6/6Rnp/2P1C4/P3P4/4B4/4Ar3/3K2Br1 w,0.91195536,7635
2b2ab2/3R5/4k4/p1p6/6Rnp/2P1C4/P3P4/4B4/3KAr3/6Br1 b,-0.88785,566
2b2a3/3R5/4k3b/p1p6/6Rnp/2P1C4/P3P4/4B4/3KAr3/6Br1 w,0.900653,3819
2b2a3/3R5/4k3b/p1p6/3R3np/2P1C4/P3P4/4B4/3KAr3/6Br1 b,-0.88325727,3902
2b2a3/3R5/4k3b/p1p2n3/3R4p/2P1C4/P3P4/4B4/3KAr3/6Br1 w,0.9033913,3554
2b2a3/3R5/4k3b/p1p2n3/8R/2P1C4/P3P4/4B4/3KAr3/6Br1 b,-0.8909013,2929
2b2a3/3R5/4k3b/p1p6/8R/2P1n4/P3P4/4B4/3KAr3/6Br1 w,0.90304774,5269
2b2a3/3R5/4k3b/p1p6/8R/2P1P4/P8/4B4/3KAr3/6Br1 b,-0.89923304,7999
2b2a3/3R5/4k3b/p1p6/8R/2P1P4/P8/4B4/3KAr1r1/6B2 w,0.9137762,3986
2b2a3/3R5/4k3R/p1p6/9/2P1P4/P8/4B4/3KAr1r1/6B2 b,-0.9143597,6953
2b2a3/3R5/4kr2R/p1p6/9/2P1P4/P8/4B4/3KA2r1/6B2 w,0.9148905,2375
2b2a3/3R5/4kr3/p1p5R/9/2P1P4/P8/4B4/3KA2r1/6B2 b,-0.9105683,2147
2b2a3/3R5/4k4/p1p5R/9/2P1P4/P8/4B4/3KAr1r1/6B2 w,0.9260335,3179
2b2a3/3R5/4k4/p1R6/9/2P1P4/P8/4B4/3KAr1r1/6B2 b,-0.9438906,7006
2b2a3/3R5/4k4/p1R6/9/2P1P4/P8/4B4/3Kr2r1/6B2 w,0.9482087,6834
2b2a3/3R5/4k4/p1R6/9/2P1P4/P8/4B4/4r2r1/3K2B2 b,-0.93232334,6915
2b2a3/3R5/4k4/p1R6/9/2P1P4/P8/4B4/3r3r1/3K2B2 w,0.9446496,1155
2b2a3/9/4k4/p1R6/9/2P1P4/P8/4B4/3R3r1/3K2B2 b,-0.9399689,7185
2b2a3/9/4k4/p1R6/9/2P1P4/P8/4B4/3r5/3K2B2 w,0.9454787,7635
2b2a3/9/4k4/p1R6/9/2P1P4/P8/4B4/3K5/6B2 b,-0.9450903,1993
2b2a3/4k4/9/p1R6/9/2P1P4/P8/4B4/3K5/6B2 w,0.954329,4450
2b2a3/4k4/9/p1R6/4P4/2P6/P8/4B4/3K5/6B2 b,-0.9533657,202
5a3/4k4/4b4/p1R6/4P4/2P6/P8/4B4/3K5/6B2 w,0.9564952,2621
5a3/2R1k4/4b4/p8/4P4/2P6/P8/4B4/3K5/6B2 b,-0.9425962,1174
4ka3/2R6/4b4/p8/4P4/2P6/P8/4B4/3K5/6B2 w,0.94747955,1010
4ka3/9/2R1b4/p8/4P4/2P6/P8/4B4/3K5/6B2 b,-0.95077866,373
5a3/4k4/2R1b4/p8/4P4/2P6/P8/4B4/3K5/6B2 w,0.955088,3631
5a3/4k4/2R1b4/p3P4/9/2P6/P8/4B4/3K5/6B2 b,-0.94601256,1986
5ab2/4k4/2R6/p3P4/9/2P6/P8/4B4/3K5/6B2 w,0.9533353,2820
5ab2/4k4/2R6/p2P5/9/2P6/P8/4B4/3K5/6B2 b,-0.96438277,1174
4kab2/9/2R6/p2P5/9/2P6/P8/4B4/3K5/6B2 w,0.98197985,2721
4kab2/9/2RP5/p8/9/2P6/P8/4B4/3K5/6B2 b,-0.98378795,373
5ab2/4k4/2RP5/p8/9/2P6/P8/4B4/3K5/6B2 w,0.9887395,1811
5ab2/2R1k4/3P5/p8/9/2P6/P8/4B4/3K5/6B2 b,-0.98752975,1174
4kab2/2R6/3P5/p8/9/2P6/P8/4B4/3K5/6B2 w,0.9929583,1902
4kab2/2RP5/9/p8/9/2P6/P8/4B4/3K5/6B2 b,-0.99150914,463
4k1b2/2RPa4/9/p8/9/2P6/P8/4B4/3K5/6B2 w,0.99407303,1093
4k1b2/2R1P4/9/p8/9/2P6/P8/4B4/3K5/6B2 b,-0.99376315,365
5kb2/2R1P4/9/p8/9/2P6/P8/4B4/3K5/6B2 w,1,992
rnbakabnr/9/1c5c1/p1p1p1p1p/9/9/P1P1P1P1P/1C5C1/9/RNBAKABNR w,0.8018177,5827
rnbakabnr/9/1c5c1/p1p1p1p1p/9/9/P1P1P1P1P/4C2C1/9/RNBAKABNR b,-0.8017939,110
r1bakabnr/9/1cn4c1/p1p1p1p1p/9/9/P1P1P1P1P/4C2C1/9/RNBAKABNR w,0.80181766,7445
r1bakabnr/9/1cn4c1/p1p1p1p1p/9/9/P1P1P1P1P/2N1C2C1/9/R1BAKABNR b,-0.80180717,562
r1baka1nr/9/1cn1b2c1/p1p1p1p1p/9/9/P1P1P1P1P/2N1C2C1/9/R1BAKABNR w,0.8019466,7372
r1baka1nr/9/1cn1b2c1/p1p1p1p1p/9/9/P1P1P1P1P/2N1C2C1/9/1RBAKABNR b,-0.801778,1
1rbaka1nr/9/1cn1b2c1/p1p1p1p1p/9/9/P1P1P1P1P/2N1C2C1/9/1RBAKABNR w,0.8016936,6368
1rbaka1nr/9/1cn1b2c1/p1p1p1p1p/9/9/P1P1P1P1P/2N1CC3/9/1RBAKABNR b,-0.8012761,654
1rbaka2r/9/1cn1b1nc1/p1p1p1p1p/9/9/P1P1P1P1P/2N1CC3/9/1RBAKABNR w,0.8015947,7989
1rbaka2r/9/1cn1b1nc1/p1p1p1p1p/9/9/P1P1P1P1P/2N1CCN2/9/1RBAKAB1R b,-0.8013686,3012
1rbaka2r/9/1cn1b1nc1/p1p1p3p/6p2/9/P1P1P1P1P/2N1CCN2/9/1RBAKAB1R w,0.8018628,8098
1rbaka2r/9/1cn1b1nc1/p1p1p3p/6p2/9/P1P1P1P1P/2N1CCN2/9/1RBAKABR1 b,-0.80202866,727
1rbaka1r1/9/1cn1b1nc1/p1p1p3p/6p2/9/P1P1P1P1P/2N1CCN2/9/1RBAKABR1 w,0.8027408,5087
1rbaka1r1/9/1cn1b1nc1/p1p1p3p/6p2/2P6/P3P1P1P/2N1CCN2/9/1RBAKABR1 b,-0.8021536,1765
1rbaka1r1/9/2n1b1nc1/p1p1p3p/6p2/2P6/Pc2P1P1P/2N1CCN2/9/1RBAKABR1 w,0.80520236,5898
1rbaka1r1/9/2n1b1nc1/p1p1p3p/6p2/2PN5/Pc2P1P1P/4CCN2/9/1RBAKABR1 b,-0.8065378,2311
1rbaka1r1/9/2n1b1n2/p1p1p3p/6p2/2PN5/Pc2P1PcP/4CCN2/9/1RBAKABR1 w,0.8079292,6143
1rbaka1r1/9/2n1bCn2/p1p1p3p/6p2/2PN5/Pc2P1PcP/4C1N2/9/1RBAKABR1 b,-0.8082944,1986
1rbakabr1/9/2n2Cn2/p1p1p3p/6p2/2PN5/Pc2P1PcP/4C1N2/9/1RBAKABR1 w,0.81814575,4351
1rbakabr1/9/2n2Cn2/p1p1N3p/6p2/2P6/Pc2P1PcP/4C1N2/9/1RBAKABR1 b,-0.8047562,1831
1rbakabr1/9/5Cn2/p1p1n3p/6p2/2P6/Pc2P1PcP/4C1N2/9/1RBAKABR1 w,0.8050081,6061
1rbakabr1/9/5Cn2/p1p1C3p/6p2/2P6/Pc2P1PcP/6N2/9/1RBAKABR1 b,-0.79049164,109
2bakabr1/9/1r3Cn2/p1p1C3p/6p2/2P6/Pc2P1PcP/6N2/9/1RBAKABR1 w,0.8018721,2839
2bakabr1/9/1r3Cn2/p1p5p/6p2/2P1C4/Pc2P1PcP/6N2/9/1RBAKABR1 b,-0.7983007,1733
2bakabr1/9/5rn2/p1p5p/6p2/2P1C4/Pc2P1PcP/6N2/9/1RBAKABR1 w,0.80969197,7435
2bakabr1/9/5rn2/p1p5p/6p2/2P1C4/PR2P1PcP/6N2/9/2BAKABR1 b,-0.8070279,2201
2bakabr1/9/5r3/p1p5p/5np2/2P1C4/PR2P1PcP/6N2/9/2BAKABR1 w,0.8136086,4987
2bakabr1/9/5r3/p1p5p/1R3np2/2P1C4/P3P1PcP/6N2/9/2BAKABR1 b,-0.8087528,3750
2bakabr1/9/5r3/p1p5p/1R4p2/2P1C4/P3P1ncP/6N2/9/2BAKABR1 w,0.81917614,3372
2bakabr1/9/5r3/p1p5p/6R2/2P1C4/P3P1ncP/6N2/9/2BAKABR1 b,-0.80548483,5449
2bakabr1/9/5r3/p1p5p/6R2/2P1n4/P3P2cP/6N2/9/2BAKABR1 w,0.80596364,5269
2bakabr1/9/5r3/p1p5p/6R2/2P1P4/P6cP/6N2/9/2BAKABR1 b,-0.79952466,5560
2bakabr1/9/5r3/p1p5p/6R2/2P1P4/P7P/6Nc1/9/2BAKABR1 w,0.81004125,7999
2bakabr1/9/5r3/p1p5p/6R2/2P1P4/P7P/6Nc1/7R1/2BAKAB2 b,-0.7986552,2138
2bakabr1/9/9/p1p5p/6R2/2P1P4/P7P/5rNc1/7R1/2BAKAB2 w,0.80050504,3813
2bakabr1/9/9/p1p3R1p/9/2P1P4/P7P/5rNc1/7R1/2BAKAB2 b,-0.80381924,6361
2bakabr1/9/9/p1p3R1p/9/2P1P4/P6cP/5rN2/7R1/2BAKAB2 w,0.8229762,7186
2bakabr1/9/9/p1p3R1p/9/2P1P4/P6cP/5rN2/4R4/2BAKAB2 b,-0.8008366,5546
2bakabr1/9/9/p1p3R1p/9/2P1P4/P1c5P/5rN2/4R4/2BAKAB2 w,0.8131687,6898
2bakabr1/9/9/p1p3R1p/9/2P1P4/P1c1R3P/5rN2/9/2BAKAB2 b,-0.81786746,5105
2bakabr1/9/9/p1p3R1p/9/2P1P4/P3R3P/2c2rN2/9/2BAKAB2 w,0.84707534,7816
2bakabr1/9/9/p1p3R1p/9/2P1P4/P3R3P/2c2rN2/4A4/2BAK1B2 b,-0.829172,6197
2bakabr1/9/9/p1p3R1p/9/2P1P4/P3R3P/2c3N2/4Ar3/2BAK1B2 w,0.8411189,5276
2bakabr1/9/9/p1p3R1p/9/2P1P4/P1R5P/2c3N2/4Ar3/2BAK1B2 b,-0.82342476,7008
2bakabr1/9/9/p1p3R1p/9/2P1P4/P1R5P/2c3N2/4A1r2/2BAK1B2 w,0.82856303,5105
2bakabr1/9/9/p1p3R1p/9/2P1P4/P7P/2R3N2/4A1r2/2BAK1B2 b,-0.825779,7107
2bakabr1/9/9/p1p3R1p/9/2P1P4/P7P/2R3N2/4A4/2BAK1r2 w,0.8412759,6926
2bakabr1/9/9/p1p3R1p/9/2P1P4/P7P/2R3N2/9/2BAKAr2 b,-0.8472779,7919
2bakabr1/9/9/p1p3R1p/9/2P1P4/P7P/2R3N2/9/2BAKA2r w,0.8687512,4450
2bakabr1/9/9/p1p3R1p/4P4/2P6/P7P/2R3N2/9/2BAKA2r b,-0.86041874,562
2baka1r1/9/4b4/p1p3R1p/4P4/2P6/P7P/2R3N2/9/2BAKA2r w,0.89100844,3631
2baka1r1/9/4b4/p1p1P1R1p/9/2P6/P7P/2R3N2/9/2BAKA2r b,-0.8744587,1986
2bakabr1/9/9/p1p1P1R1p/9/2P6/P7P/2R3N2/9/2BAKA2r w,0.8835307,5917
2bakabr1/9/9/p1p1P1R1p/9/2P6/P7P/4R1N2/9/2BAKA2r b,-0.8756349,8097
2bakabr1/9/9/p1p1P1R1p/9/2P6/P7P/4R1N2/9/2BAKAr2 w,0.89944565,2822
2bakabr1/9/9/p1p2PR1p/9/2P6/P7P/4R1N2/9/2BAKAr2 b,-0.89470357,562
2baka1r1/9/4b4/p1p2PR1p/9/2P6/P7P/4R1N2/9/2BAKAr2 w,0.9061261,2903
2baka1r1/9/4bP3/p1p3R1p/9/2P6/P7P/4R1N2/9/2BAKAr2 b,-0.90702933,7919
2baka1r1/9/4bP3/p1p3R1p/9/2P6/P7P/4R1N2/9/2BAKA2r w,0.9116365,2092
2baka1r1/9/4P4/p1p3R1p/9/2P6/P7P/4R1N2/9/2BAKA2r b,-0.9075934,202
3aka1r1/9/4b4/p1p3R1p/9/2P6/P7P/4R1N2/9/2BAKA2r w,0.9097421,6052
3aka1r1/9/4R4/p1p3R1p/9/2P6/P7P/6N2/9/2BAKA2r b,-0.9064216,463
3ak2r1/4a4/4R4/p1p3R1p/9/2P6/P7P/6N2/9/2BAKA2r w,0.9106889,2999
3ak2r1/4a4/4R4/p1R5p/9/2P6/P7P/6N2/9/2BAKA2r b,-0.8884883,636
3ak1r2/4a4/4R4/p1R5p/9/2P6/P7P/6N2/9/2BAKA2r w,0.9173579,2612
2Rak1r2/4a4/4R4/p7p/9/2P6/P7P/6N2/9/2BAKA2r b,-0.9007306,555
2Rak4/4a1r2/4R4/p7p/9/2P6/P7P/6N2/9/2BAKA2r w,0.9161841,180
R2ak4/4a1r2/4R4/p7p/9/2P6/P7P/6N2/9/2BAKA2r b,-0.8973326,1364
R2ak4/4ar3/4R4/p7p/9/2P6/P7P/6N2/9/2BAKA2r w,0.90582794,7636
R2ak4/4ar3/4R4/p7p/9/2P6/P7P/6N2/4A4/2B1KA2r b,-0.89727396,8097
R2ak4/4ar3/4R4/p7p/9/2P6/P7P/6N2/4A4/2B1KAr2 w,0.9092397,6268
R2ak4/4ar3/4R4/p7p/9/2P6/P3N3P/9/4A4/2B1KAr2 b,-0.9059516,1319
R2ak4/4a4/4R4/p7p/9/2P6/P3Nr2P/9/4A4/2B1KAr2 w,0.91417223,5259
R2ak4/4a4/4R4/p7p/3N5/2P6/P4r2P/9/4A4/2B1KAr2 b,-0.9111225,7872
R2ak4/4a4/4R4/p7p/3N2r2/2P6/P4r2P/9/4A4/2B1KA3 w,0.9306125,3530
R2ak4/4a4/2N1R4/p7p/6r2/2P6/P4r2P/9/4A4/2B1KA3 b,-0.9224565,5367
R2ak4/4a4/2N1R4/p7p/6r2/2P6/P2r4P/9/4A4/2B1KA3 w,0.956423,1993
R2ak4/4R4/2N6/p7p/6r2/2P6/P2r4P/9/4A4/2B1KA3 b,-0.95532405,365
R2a1k3/4R4/2N6/p7p/6r2/2P6/P2r4P/9/4A4/2B1KA3 w,0.9578779,1803
R2N1k3/4R4/9/p7p/6r2/2P6/P2r4P/9/4A4/2B1KA3 b,-0.9520342,5186
R2N1k3/4R4/9/p7p/6r2/2P6/P1r5P/9/4A4/2B1KA3 w,0.9907925,1184
R2N1k3/5R3/9/p7p/6r2/2P6/P1r5P/9/4A4/2B1KA3 b,-0.9920181,454
R2Nk4/5R3/9/p7p/6r2/2P6/P1r5P/9/4A4/2B1KA3 w,1,292
rnbakabnr/9/1c5c1/p1p1p1p1p/9/9/P1P1P1P1P/1C5C1/9/RNBAKABNR w,0.0018177032,5827
rnbakabnr/9/1c5c1/p1p1p1p1p/9/9/P1P1P1P1P/4C2C1/9/RNBAKABNR b,-0.0017835737,110
r1bakabnr/9/1cn4c1/p1p1p1p1p/9/9/P1P1P1P1P/4C2C1/9/RNBAKABNR w,0.0018301487,7445
r1bakabnr/9/1cn4c1/p1p1p1p1p/9/9/P1P1P1P1P/2N1C2C1/9/R1BAKABNR b,-0.0018223763,562
r1baka1nr/9/1cn1b2c1/p1p1p1p1p/9/9/P1P1P1P1P/2N1C2C1/9/R1BAKABNR w,0.0019454717,7372
r1baka1nr/9/1cn1b2c1/p1p1p1p1p/9/9/P1P1P1P1P/2N1C2C1/9/1RBAKABNR b,-0.0017697454,1
1rbaka1nr/9/1cn1b2c1/p1p1p1p1p/9/9/P1P1P1P1P/2N1C2C1/9/1RBAKABNR w,0.0016547919,6368
1rbaka1nr/9/1cn1b2c1/p1p1p1p1p/9/9/P1P1P1P1P/2N1CC3/9/1RBAKABNR b,-0.0012718678,654
1rbaka2r/9/1cn1b1nc1/p1p1p1p1p/9/9/P1P1P1P1P/2N1CC3/9/1RBAKABNR w,0.0015946865,7989
1rbaka2r/9/1cn1b1nc1/p1p1p1p1p/9/9/P1P1P1P1P/2N1CCN2/9/1RBAKAB1R b,-0.0013729454,3012
1rbaka2r/9/1cn1b1nc1/p1p1p3p/6p2/9/P1P1P1P1P/2N1CCN2/9/1RBAKAB1R w,0.0019322872,8098
1rbaka2r/9/1cn1b1nc1/p1p1p3p/6p2/9/P1P1P1P1P/2N1CCN2/9/1RBAKABR1 b,-0.0020106912,727
1rbaka1r1/9/1cn1b1nc1/p1p1p3p/6p2/9/P1P1P1P1P/2N1CCN2/9/1RBAKABR1 w,0.0027129173,5087
1rbaka1r1/9/1cn1b1nc1/p1p1p3p/6p2/2P6/P3P1P1P/2N1CCN2/9/1RBAKABR1 b,-0.0021858574,1765
1rbaka1r1/9/2n1b1nc1/p1p1p3p/6p2/2P6/Pc2P1P1P/2N1CCN2/9/1RBAKABR1 w,0.004753709,5898
1rbaka1r1/9/2n1b1nc1/p1p1p3p/6p2/2PN5/Pc2P1P1P/4CCN2/9/1RBAKABR1 b,-0.00640862,2311
1rbaka1r1/9/2n1b1n2/p1p1p3p/6p2/2PN5/Pc2P1PcP/4CCN2/9/1RBAKABR1 w,0.007826424,6143
1rbaka1r1/9/2n1bCn2/p1p1p3p/6p2/2PN5/Pc2P1PcP/4C1N2/9/1RBAKABR1 b,-0.008457172,1986
1rbakabr1/9/2n2Cn2/p1p1p3p/6p2/2PN5/Pc2P1PcP/4C1N2/9/1RBAKABR1 w,0.018145729,4351
1rbakabr1/9/2n2Cn2/p1p1N3p/6p2/2P6/Pc2P1PcP/4C1N2/9/1RBAKABR1 b,-0.0047811987,1831
1rbakabr1/9/5Cn2/p1p1n3p/6p2/2P6/Pc2P1PcP/4C1N2/9/1RBAKABR1 w,0.0049759867,6061
1rbakabr1/9/5Cn2/p1p1C3p/6p2/2P6/Pc2P1PcP/6N2/9/1RBAKABR1 b,0.00921042,109
2bakabr1/9/1r3Cn2/p1p1C3p/6p2/2P6/Pc2P1PcP/6N2/9/1RBAKABR1 w,0.0020567894,2839
2bakabr1/9/1r3Cn2/p1p5p/6p2/2P1C4/Pc2P1PcP/6N2/9/1RBAKABR1 b,0.0012470961,1733
2bakabr1/9/5rn2/p1p5p/6p2/2P1C4/Pc2P1PcP/6N2/9/1RBAKABR1 w,0.009708715,7435
2bakabr1/9/5rn2/p1p5p/6p2/2P1C4/PR2P1PcP/6N2/9/2BAKABR1 b,-0.0070329546,2201
2bakabr1/9/5r3/p1p5p/5np2/2P1C4/PR2P1PcP/6N2/9/2BAKABR1 w,0.013608599,4987
2bakabr1/9/5r3/p1p5p/1R3np2/2P1C4/P3P1PcP/6N2/9/2BAKABR1 b,-0.008271647,3750
2bakabr1/9/5r3/p1p5p/1R4p2/2P1C4/P3P1ncP/6N2/9/2BAKABR1 w,0.019349456,3372
2bakabr1/9/5r3/p1p5p/6R2/2P1C4/P3P1ncP/6N2/9/2BAKABR1 b,-0.005437696,5449
2bakabr1/9/5r3/p1p5p/6R2/2P1n4/P3P2cP/6N2/9/2BAKABR1 w,0.0057560443,5269
2bakabr1/9/5r3/p1p5p/6R2/2P1P4/P6cP/6N2/9/2BAKABR1 b,0.00041036608,5560
2bakabr1/9/5r3/p1p5p/6R2/2P1P4/P7P/6Nc1/9/2BAKABR1 w,0.009037495,7999
2bakabr1/9/5r3/p1p5p/6R2/2P1P4/P7P/6Nc1/7R1/2BAKAB2 b,0.0015275956,2138
2bakabr1/9/9/p1p5p/6R2/2P1P4/P7P/5rNc1/7R1/2BAKAB2 w,0.008515596,7816
2bakabr1/9/9/p1p5p/6R2/2P1P4/P7P/5rNc1/4A2R1/2BAK1B2 b,-0.005248714,6179
2bakabr1/9/9/p1p5p/6R2/2P1P4/P4r2P/6Nc1/4A2R1/2BAK1B2 w,0.009604382,3813
2bakabr1/9/9/p1p3R1p/9/2P1P4/P4r2P/6Nc1/4A2R1/2BAK1B2 b,-0.014297986,5372
2bakabr1/9/9/p1p3R1p/9/2P1P4/P7r/6Nc1/4A2R1/2BAK1B2 w,0.018826796,6260
2bakabr1/9/9/p1p3R1p/9/2P1PN3/P7r/7c1/4A2R1/2BAK1B2 b,-0.020643307,5669
2bakabr1/9/9/p1p3R1p/9/2P1PN3/P8/7c1/4A2R1/2BAK1B1r w,0.021859122,6926
2bakabr1/9/9/p1p3R1p/9/2P1PN3/P8/7c1/7R1/2BAKAB1r b,-0.0034212589,682
2bakab2/9/9/p1p3R1p/9/2P1PN1r1/P8/7c1/7R1/2BAKAB1r w,0.01653545,4531
2bakab2/9/9/p1p1N1R1p/9/2P1P2r1/P8/7c1/7R1/2BAKAB1r b,-0.0048271897,562
2baka3/9/4b4/p1p1N1R1p/9/2P1P2r1/P8/7c1/7R1/2BAKAB1r w,0.013274766,2810
2baka3/9/2N1b4/p1p3R1p/9/2P1P2r1/P8/7c1/7R1/2BAKAB1r b,-0.0078985095,4729
2baka3/9/2N1b4/p1p3R1p/9/2P1r4/P8/7c1/7R1/2BAKAB1r w,0.008992148,7186
2baka3/9/2N1b4/p1p3R1p/9/2P1r4/P8/7c1/4R4/2BAKAB1r b,-0.0016713142,4486
2baka3/9/2N1b4/p1p3R1p/9/2P6/P8/7c1/4r4/2BAKAB1r w,0.0025523186,7636
2baka3/9/2N1b4/p1p3R1p/9/2P6/P8/7c1/4A4/2B1KAB1r b,0.0010397673,8072
2baka3/9/2N1b4/p1p3R1p/9/2P6/P7r/7c1/4A4/2B1KAB2 w,0.016599966,3000
2baka3/9/2N1b4/p1pR4p/9/2P6/P7r/7c1/4A4/2B1KAB2 b,0.0015018225,283
2b1ka3/4a4/2N1b4/p1pR4p/9/2P6/P7r/7c1/4A4/2B1KAB2 w,0.0053089145,2734
2b1ka3/4a4/2N1b4/p1p4Rp/9/2P6/P7r/7c1/4A4/2B1KAB2 b,-0.00085320475,6361
2b1ka3/4a4/2N1b4/p1p4Rp/9/2P6/P6cr/9/4A4/2B1KAB2 w,-0.00025655032,3089
2b1ka3/4a4/2N1b4/p1R5p/9/2P6/P6cr/9/4A4/2B1KAB2 b,0.019123197,5546
2b1ka3/4a4/2N1b4/p1R5p/9/2P6/P1c5r/9/4A4/2B1KAB2 w,-0.014571535,2637
2b1ka3/4a4/2N1b4/R7p/9/2P6/P1c5r/9/4A4/2B1KAB2 b,0.019502377,5060
2b1ka3/4a4/2c1b4/R7p/9/2P6/P7r/9/4A4/2B1KAB2 w,-0.019080877,2459
2b1ka3/4a4/2c1b4/2R5p/9/2P6/P7r/9/4A4/2B1KAB2 b,0.027883006,1821
2b1ka3/4a4/3cb4/2R5p/9/2P6/P7r/9/4A4/2B1KAB2 w,-0.027419377,2640
2b1ka3/4a4/3cb4/3R4p/9/2P6/P7r/9/4A4/2B1KAB2 b,0.031476405,5634
2b1ka3/4a4/3cb4/3R4p/9/2P6/r8/9/4A4/2B1KAB2 w,-0.023397936,2735
2b1ka3/4a4/3cb4/8R/9/2P6/r8/9/4A4/2B1KAB2 b,0.032369327,4941
2b1ka3/4a4/3cb4/8R/9/2P6/9/9/4A4/r1B1KAB2 w,-0.01444602,7897
2b1ka3/4a4/3cb4/8R/9/2P6/9/4B4/4A4/r1B1KA3 b,0.018922115,7326
2b1ka3/4a4/3cb4/8R/r8/2P6/9/4B4/4A4/2B1KA3 w,-0.015314317,3178
2b1ka3/4a4/3cb4/1R7/r8/2P6/9/4B4/4A4/2B1KA3 b,0.012887645,3280
2b1ka3/4a4/3cb4/1R7/4r4/2P6/9/4B4/4A4/2B1KA3 w,-0.011785281,2555
2b1ka3/4a4/3cb4/8R/4r4/2P6/9/4B4/4A4/2B1KA3 b,0.016710162,1986
2b1kab2/4a4/3c5/8R/4r4/2P6/9/4B4/4A4/2B1KA3 w,-0.013515807,3179
2b1kab2/4a4/3c5/2R6/4r4/2P6/9/4B4/4A4/2B1KA3 b,0.013574148,202
4kab2/4a4/3cb4/2R6/4r4/2P6/9/4B4/4A4/2B1KA3 w,-0.010414958,2637
4kab2/4a4/3cb4/R8/4r4/2P6/9/4B4/4A4/2B1KA3 b,0.012150431,1982
2b1kab2/4a4/3c5/R8/4r4/2P6/9/4B4/4A4/2B1KA3 w,0,2459
rnbakabnr/9/1c5c1/p1p1p1p1p/9/9/P1P1P1P1P/1C5C1/9/RNBAKABNR w,0.8018042,5827
rnbakabnr/9/1c5c1/p1p1p1p1p/9/9/P1P1P1P1P/4C2C1/9/RNBAKABNR b,-0.8017806,110
r1bakabnr/9/1cn4c1/p1p1p1p1p/9/9/P1P1P1P1P/4C2C1/9/RNBAKABNR w,0.8018302,7445
r1bakabnr/9/1cn4c1/p1p1p1p1p/9/9/P1P1P1P1P/2N1C2C1/9/R1BAKABNR b,-0.80183524,562
r1baka1nr/9/1cn1b2c1/p1p1p1p1p/9/9/P1P1P1P1P/2N1C2C1/9/R1BAKABNR w,0.8019384,7372
r1baka1nr/9/1cn1b2c1/p1p1p1p1p/9/9/P1P1P1P1P/2N1C2C1/9/1RBAKABNR b,-0.80177104,1
1rbaka1nr/9/1cn1b2c1/p1p1p1p1p/9/9/P1P1P1P1P/2N1C2C1/9/1RBAKABNR w,0.80169904,6368
1rbaka1nr/9/1cn1b2c1/p1p1p1p1p/9/9/P1P1P1P1P/2N1CC3/9/1RBAKABNR b,-0.8012761,654
1rbaka2r/9/1cn1b1nc1/p1p1p1p1p/9/9/P1P1P1P1P/2N1CC3/9/1RBAKABNR w,0.8015947,7989
1rbaka2r/9/1cn1b1nc1/p1p1p1p1p/9/9/P1P1P1P1P/2N1CCN2/9/1RBAKAB1R b,-0.8013648,3012
1rbaka2r/9/1cn1b1nc1/p1p1p3p/6p2/9/P1P1P1P1P/2N1CCN2/9/1RBAKAB1R w,0.8018723,8098
1rbaka2r/9/1cn1b1nc1/p1p1p3p/6p2/9/P1P1P1P1P/2N1CCN2/9/1RBAKABR1 b,-0.80201656,727
1rbaka1r1/9/1cn1b1nc1/p1p1p3p/6p2/9/P1P1P1P1P/2N1CCN2/9/1RBAKABR1 w,0.80270714,5087
1rbaka1r1/9/1cn1b1nc1/p1p1p3p/6p2/2P6/P3P1P1P/2N1CCN2/9/1RBAKABR1 b,-0.8022262,1765
1rbaka1r1/9/2n1b1nc1/p1p1p3p/6p2/2P6/Pc2P1P1P/2N1CCN2/9/1RBAKABR1 w,0.8047115,5898
1rbaka1r1/9/2n1b1nc1/p1p1p3p/6p2/2PN5/Pc2P1P1P/4CCN2/9/1RBAKABR1 b,-0.8063819,2311
1rbaka1r1/9/2n1b1n2/p1p1p3p/6p2/2PN5/Pc2P1PcP/4CCN2/9/1RBAKABR1 w,0.8079075,6143
1rbaka1r1/9/2n1bCn2/p1p1p3p/6p2/2PN5/Pc2P1PcP/4C1N2/9/1RBAKABR1 b,-0.80904377,1986
1rbakabr1/9/2n2Cn2/p1p1p3p/6p2/2PN5/Pc2P1PcP/4C1N2/9/1RBAKABR1 w,0.8186005,4351
1rbakabr1/9/2n2Cn2/p1p1N3p/6p2/2P6/Pc2P1PcP/4C1N2/9/1RBAKABR1 b,-0.8047812,1831
1rbakabr1/9/5Cn2/p1p1n3p/6p2/2P6/Pc2P1PcP/4C1N2/9/1RBAKABR1 w,0.8050013,6061
1rbakabr1/9/5Cn2/p1p1C3p/6p2/2P6/Pc2P1PcP/6N2/9/1RBAKABR1 b,-0.79084677,109
2bakabr1/9/1r3Cn2/p1p1C3p/6p2/2P6/Pc2P1PcP/6N2/9/1RBAKABR1 w,0.8022862,2839
2bakabr1/9/1r3Cn2/p1p5p/6p2/2P1C4/Pc2P1PcP/6N2/9/1RBAKABR1 b,-0.79881245,1733
2bakabr1/9/5rn2/p1p5p/6p2/2P1C4/Pc2P1PcP/6N2/9/1RBAKABR1 w,0.80967,7435
2bakabr1/9/5rn2/p1p5p/6p2/2P1C4/PR2P1PcP/6N2/9/2BAKABR1 b,-0.8070279,2201
2bakabr1/9/5r3/p1p5p/5np2/2P1C4/PR2P1PcP/6N2/9/2BAKABR1 w,0.8132153,4987
2bakabr1/9/5r3/p1p5p/1R3np2/2P1C4/P3P1PcP/6N2/9/2BAKABR1 b,-0.8082846,3750
2bakabr1/9/5r3/p1p5p/1R4p2/2P1C4/P3P1ncP/6N2/9/2BAKABR1 w,0.8201045,3372
2bakabr1/9/5r3/p1p5p/6R2/2P1C4/P3P1ncP/6N2/9/2BAKABR1 b,-0.80544937,5449
2bakabr1/9/5r3/p1p5p/6R2/2P1n4/P3P2cP/6N2/9/2BAKABR1 w,0.8058786,5269
2bakabr1/9/5r3/p1p5p/6R2/2P1P4/P6cP/6N2/9/2BAKABR1 b,-0.7995428,5560
2bakabr1/9/5r3/p1p5p/6R2/2P1P4/P7P/6Nc1/9/2BAKABR1 w,0.80920476,7999
2bakabr1/9/5r3/p1p5p/6R2/2P1P4/P7P/6Nc1/7R1/2BAKAB2 b,-0.7986552,2138
2bakabr1/9/9/p1p5p/6R2/2P1P4/P7P/5rNc1/7R1/2BAKAB2 w,0.80055124,3813
2bakabr1/9/9/p1p3R1p/9/2P1P4/P7P/5rNc1/7R1/2BAKAB2 b,-0.80019426,691
2bakab2/9/9/p1p3R1p/9/2P1P4/P6rP/5rNc1/7R1/2BAKAB2 w,0.81461,2976
2bakaR2/9/9/p1p5p/9/2P1P4/P6rP/5rNc1/7R1/2BAKAB2 b,-0.8035953,5548
2bakaR2/9/9/p1p5p/9/2P1P4/P3r3P/5rNc1/7R1/2BAKAB2 w,0.83334434,7816
2bakaR2/9/9/p1p5p/9/2P1P4/P3r3P/5rNc1/4A2R1/2BAK1B2 b,-0.8203945,6371
2bakaR2/9/9/p1p5p/9/2P1P4/P3r3P/5rN1c/4A2R1/2BAK1B2 w,0.8513246,7117
2bakaRR1/9/9/p1p5p/9/2P1P4/P3r3P/5rN1c/4A4/2BAK1B2 b,-0.8624432,6479
2bakaRR1/9/9/p1p5p/9/2P1P4/P3r3P/5rN2/4A4/2BAK1B1c w,0.88457584,7897
2bakaRR1/9/9/p1p5p/9/2P1P4/P3r3P/4BrN2/4A4/2BAK3c b,-0.87158716,6189
2bakaRR1/9/9/p1p5p/9/2P1P4/P3r3P/4B1r2/4A4/2BAK3c w,0.8856581,609
2baka1R1/9/9/p1p5p/9/2P1P4/P3r3P/4B1R2/4A4/2BAK3c b,-0.8761092,283
2b1ka1R1/4a4/9/p1p5p/9/2P1P4/P3r3P/4B1R2/4A4/2BAK3c w,0.8843014,664
2b1ka3/4a4/9/p1p4Rp/9/2P1P4/P3r3P/4B1R2/4A4/2BAK3c b,-0.88353074,5282
2b1ka3/4a4/9/p1p4Rp/9/2P1P4/P7r/4B1R2/4A4/2BAK3c w,0.8920808,6243
2b1ka3/4a4/9/p1p3RRp/9/2P1P4/P7r/4B4/4A4/2BAK3c b,-0.8891113,5634
2b1ka3/4a4/9/p1p3RRp/9/2P1P4/r8/4B4/4A4/2BAK3c w,0.90067226,2999
2b1ka3/4a4/9/p1R4Rp/9/2P1P4/r8/4B4/4A4/2BAK3c b,-0.88662815,202
4ka3/4a4/4b4/p1R4Rp/9/2P1P4/r8/4B4/4A4/2BAK3c w,0.8996545,3095
4ka3/4a4/4b4/p1R5R/9/2P1P4/r8/4B4/4A4/2BAK3c b,-0.8899295,8072
4ka3/4a4/4b4/p1R5R/9/2P1P4/r7c/4B4/4A4/2BAK4 w,0.89532006,4450
4ka3/4a4/4b4/p1R5R/4P4/2P6/r7c/4B4/4A4/2BAK4 b,-0.88826126,4921
4ka3/4a4/4b4/p1R5R/4P4/2P6/7rc/4B4/4A4/2BAK4 w,0.9059121,3631
4ka3/4a4/4b4/p1R1P3R/9/2P6/7rc/4B4/4A4/2BAK4 b,-0.88946027,1986
4kab2/4a4/9/p1R1P3R/9/2P6/7rc/4B4/4A4/2BAK4 w,0.9016391,2637
4kab2/4a4/9/R3P3R/9/2P6/7rc/4B4/4A4/2BAK4 b,-0.89108765,1173
3akab2/9/9/R3P3R/9/2P6/7rc/4B4/4A4/2BAK4 w,0.90131855,2822
3akab2/9/9/R4P2R/9/2P6/7rc/4B4/4A4/2BAK4 b,-0.89547193,5578
3akab2/9/9/R4P2R/9/2P6/8c/4B4/4A4/2BAK2r1 w,0.90962785,6926
3akab2/9/9/R4P2R/9/2P6/8c/4B4/9/2BAKA1r1 b,-0.90669715,5669
3akab2/9/9/R4P2R/9/2P6/9/4B4/9/2BAKA1rc w,0.92160356,7636
3akab2/9/9/R4P2R/9/2P6/9/4B4/4A4/2B1KA1rc b,-0.906898,283
4kab2/4a4/9/R4P2R/9/2P6/9/4B4/4A4/2B1KA1rc w,0.92597693,3221
4kab2/4a4/9/R4P3/9/2P6/9/4B3R/4A4/2B1KA1rc b,-0.91523415,1191
4kab2/9/3a5/R4P3/9/2P6/9/4B3R/4A4/2B1KA1rc w,0.9354604,2430
R3kab2/9/3a5/5P3/9/2P6/9/4B3R/4A4/2B1KA1rc b,-0.93357474,373
R4ab2/4k4/3a5/5P3/9/2P6/9/4B3R/4A4/2B1KA1rc w,0.9404795,5
5Rb2/4k4/3a5/5P3/9/2P6/9/4B3R/4A4/2B1KA1rc b,-0.9399582,562
5R3/4k4/3ab4/5P3/9/2P6/9/4B3R/4A4/2B1KA1rc w,0.9580754,453
3R5/4k4/3ab4/5P3/9/2P6/9/4B3R/4A4/2B1KA1rc b,-0.9587411,8096
3R5/4k4/3ab4/5P3/9/2P6/9/4B3R/4A4/2B1Kc1r1 w,0.973591,6926
3R5/4k4/3ab4/5P3/9/2P6/9/4B3R/9/2B1KA1r1 b,-0.96917963,7999
3R5/4k4/3ab4/5P3/9/2P6/9/4B3R/7r1/2B1KA3 w,0.9754826,2903
3R5/4k4/3abP3/9/9/2P6/9/4B3R/7r1/2B1KA3 b,-0.96431094,7187
3R5/4k4/3abP3/9/9/2P6/9/4B3R/5r3/2B1KA3 w,0.9685144,275
5R3/4k4/3abP3/9/9/2P6/9/4B3R/5r3/2B1KA3 b,-0.9620604,1182
5R3/3k5/3abP3/9/9/2P6/9/4B3R/5r3/2B1KA3 w,0.9711838,6452
5R3/3k5/3abP3/9/9/2P6/8R/4B4/5r3/2B1KA3 b,-0.96925986,7016
5R3/3k5/3abP3/9/9/2P6/8R/4B4/9/2B1Kr3 w,0.96892345,7726
5R3/3k5/3abP3/9/9/2P6/8R/4B4/4K4/2B2r3 b,-0.9646699,7790
5R3/3k5/3abP3/9/9/2P2r3/8R/4B4/4K4/2B6 w,0.96707237,464
9/3k1R3/3abP3/9/9/2P2r3/8R/4B4/4K4/2B6 b,-0.9676024,1083
3k5/5R3/3abP3/9/9/2P2r3/8R/4B4/4K4/2B6 w,0.96996576,5634
3k5/5R3/3abP3/9/9/2P2r3/R8/4B4/4K4/2B6 b,-0.9619955,4586
3k5/5R3/3abP3/9/9/2P6/R8/4B4/4K4/2B2r3 w,0.9903096,4860
R2k5/5R3/3abP3/9/9/2P6/9/4B4/4K4/2B2r3 b,-0.99191594,1982
R1bk5/5R3/3a1P3/9/9/2P6/9/4B4/4K4/2B2r3 w,1,2
rnbakabnr/9/1c5c1/p1p1p1p1p/9/9/P1P1P1P1P/1C5C1/9/RNBAKABNR w,0.8018093,5827
rnbakabnr/9/1c5c1/p1p1p1p1p/9/9/P1P1P1P1P/4C2C1/9/RNBAKABNR b,-0.80178356,110
r1bakabnr/9/1cn4c1/p1p1p1p1p/9/9/P1P1P1P1P/4C2C1/9/RNBAKABNR w,0.80181766,7445
r1bakabnr/9/1cn4c1/p1p1p1p1p/9/9/P1P1P1P1P/2N1C2C1/9/R1BAKABNR b,-0.80182236,562
r1baka1nr/9/1cn1b2c1/p1p1p1p1p/9/9/P1P1P1P1P/2N1C2C1/9/R1BAKABNR w,0.8019492,7372
r1baka1nr/9/1cn1b2c1/p1p1p1p1p/9/9/P1P1P1P1P/2N1C2C1/9/1RBAKABNR b,-0.8017652,1
1rbaka1nr/9/1cn1b2c1/p1p1p1p1p/9/9/P1P1P1P1P/2N1C2C1/9/1RBAKABNR w,0.8017126,6368
1rbaka1nr/9/1cn1b2c1/p1p1p1p1p/9/9/P1P1P1P1P/2N1CC3/9/1RBAKABNR b,-0.8012944,654
1rbaka2r/9/1cn1b1nc1/p1p1p1p1p/9/9/P1P1P1P1P/2N1CC3/9/1RBAKABNR w,0.80158037,7989
1rbaka2r/9/1cn1b1nc1/p1p1p1p1p/9/9/P1P1P1P1P/2N1CCN2/9/1RBAKAB1R b,-0.8013484,3012
1rbaka2r/9/1cn1b1nc1/p1p1p3p/6p2/9/P1P1P1P1P/2N1CCN2/9/1RBAKAB1R w,0.8018736,8098
1rbaka2r/9/1cn1b1nc1/p1p1p3p/6p2/9/P1P1P1P1P/2N1CCN2/9/1RBAKABR1 b,-0.80201256,727
1rbaka1r1/9/1cn1b1nc1/p1p1p3p/6p2/9/P1P1P1P1P/2N1CCN2/9/1RBAKABR1 w,0.80251306,5087
1rbaka1r1/9/1cn1b1nc1/p1p1p3p/6p2/2P6/P3P1P1P/2N1CCN2/9/1RBAKABR1 b,-0.8022262,1765
1rbaka1r1/9/2n1b1nc1/p1p1p3p/6p2/2P6/Pc2P1P1P/2N1CCN2/9/1RBAKABR1 w,0.80508155,5898
1rbaka1r1/9/2n1b1nc1/p1p1p3p/6p2/2PN5/Pc2P1P1P/4CCN2/9/1RBAKABR1 b,-0.80640864,2311
1rbaka1r1/9/2n1b1n2/p1p1p3p/6p2/2PN5/Pc2P1PcP/4CCN2/9/1RBAKABR1 w,0.8078861,6143
1rbaka1r1/9/2n1bCn2/p1p1p3p/6p2/2PN5/Pc2P1PcP/4C1N2/9/1RBAKABR1 b,-0.8089225,1986
1rbakabr1/9/2n2Cn2/p1p1p3p/6p2/2PN5/Pc2P1PcP/4C1N2/9/1RBAKABR1 w,0.81814575,4351
1rbakabr1/9/2n2Cn2/p1p1N3p/6p2/2P6/Pc2P1PcP/4C1N2/9/1RBAKABR1 b,-0.8047512,1831
1rbakabr1/9/5Cn2/p1p1n3p/6p2/2P6/Pc2P1PcP/4C1N2/9/1RBAKABR1 w,0.80500495,6061
1rbakabr1/9/5Cn2/p1p1C3p/6p2/2P6/Pc2P1PcP/6N2/9/1RBAKABR1 b,-0.7901924,109
2bakabr1/9/1r3Cn2/p1p1C3p/6p2/2P6/Pc2P1PcP/6N2/9/1RBAKABR1 w,0.8022862,2839
2bakabr1/9/1r3Cn2/p1p5p/6p2/2P1C4/Pc2P1PcP/6N2/9/1RBAKABR1 b,-0.79876643,1733
2bakabr1/9/5rn2/p1p5p/6p2/2P1C4/Pc2P1PcP/6N2/9/1RBAKABR1 w,0.80966914,7435
2bakabr1/9/5rn2/p1p5p/6p2/2P1C4/PR2P1PcP/6N2/9/2BAKABR1 b,-0.8070279,2201
2bakabr1/9/5r3/p1p5p/5np2/2P1C4/PR2P1PcP/6N2/9/2BAKABR1 w,0.81350994,4987
2bakabr1/9/5r3/p1p5p/1R3np2/2P1C4/P3P1PcP/6N2/9/2BAKABR1 b,-0.80787826,3750
2bakabr1/9/5r3/p1p5p/1R4p2/2P1C4/P3P1ncP/6N2/9/2BAKABR1 w,0.81912494,3372
2bakabr1/9/5r3/p1p5p/6R2/2P1C4/P3P1ncP/6N2/9/2BAKABR1 b,-0.80545235,5449
2bakabr1/9/5r3/p1p5p/6R2/2P1n4/P3P2cP/6N2/9/2BAKABR1 w,0.8056579,5269
2bakabr1/9/5r3/p1p5p/6R2/2P1P4/P6cP/6N2/9/2BAKABR1 b,-0.7993737,5560
2bakabr1/9/5r3/p1p5p/6R2/2P1P4/P7P/6Nc1/9/2BAKABR1 w,0.8091266,7999
2bakabr1/9/5r3/p1p5p/6R2/2P1P4/P7P/6Nc1/7R1/2BAKAB2 b,-0.7980916,2138
2bakabr1/9/9/p1p5p/6R2/2P1P4/P7P/5rNc1/7R1/2BAKAB2 w,0.8004698,3813
2bakabr1/9/9/p1p3R1p/9/2P1P4/P7P/5rNc1/7R1/2BAKAB2 b,-0.80019426,691
2bakab2/9/9/p1p3R1p/9/2P1P4/P6rP/5rNc1/7R1/2BAKAB2 w,0.8144942,2976
2bakaR2/9/9/p1p5p/9/2P1P4/P6rP/5rNc1/7R1/2BAKAB2 b,-0.8031482,5548
2bakaR2/9/9/p1p5p/9/2P1P4/P3r3P/5rNc1/7R1/2BAKAB2 w,0.8334351,7816
2bakaR2/9/9/p1p5p/9/2P1P4/P3r3P/5rNc1/4A2R1/2BAK1B2 b,-0.81859666,6371
2bakaR2/9/9/p1p5p/9/2P1P4/P3r3P/5rN1c/4A2R1/2BAK1B2 w,0.83670264,7198
2bakaR2/9/9/p1p5p/9/2P1P4/P3r3P/5rN1c/4A4/2BAK1BR1 b,-0.8172305,6479
2bakaR2/9/9/p1p5p/9/2P1P4/P3r3P/5rN2/4A4/2BAK1BRc w,0.8771394,8009
2bakaR2/9/9/p1p5p/9/2P1P4/P3r3P/5rN2/4A4/2BAK1B1R b,-0.86197144,283
2b1kaR2/4a4/9/p1p5p/9/2P1P4/P3r3P/5rN2/4A4/2BAK1B1R w,0.9039577,7897
2b1kaR2/4a4/9/p1p5p/9/2P1P4/P3r3P/4BrN2/4A4/2BAK3R b,-0.903606,6189
2b1kaR2/4a4/9/p1p5p/9/2P1P4/P3r3P/4B1r2/4A4/2BAK3R w,0.9164914,609
2b1ka3/4a4/9/p1p5p/9/2P1P4/P3r3P/4B1R2/4A4/2BAK3R b,-0.91338205,5269
2b1ka3/4a4/9/p1p5p/9/2P1r4/P7P/4B1R2/4A4/2BAK3R w,0.9270204,8097
2b1ka3/4a4/9/p1p5p/9/2P1r4/P7P/4B1R2/4A4/2BAK1R2 b,-0.9238067,4468
2b1ka3/4a4/9/p1p5p/9/2P6/P3r3P/4B1R2/4A4/2BAK1R2 w,0.9333116,6243
2b1ka3/4a4/9/p1p3R1p/9/2P6/P3r3P/4B4/4A4/2BAK1R2 b,-0.93881136,5282
2b1ka3/4a4/9/p1p3R1p/9/2P6/P7r/4B4/4A4/2BAK1R2 w,0.94162786,2999
2b1ka3/4a4/9/p1R5p/9/2P6/P7r/4B4/4A4/2BAK1R2 b,-0.932805,202
4ka3/4a4/4b4/p1R5p/9/2P6/P7r/4B4/4A4/2BAK1R2 w,0.94208694,2641
4ka3/4a4/4b4/p3R3p/9/2P6/P7r/4B4/4A4/2BAK1R2 b,-0.93088233,1982
2b1ka3/4a4/9/p3R3p/9/2P6/P7r/4B4/4A4/2BAK1R2 w,0.93728787,4268
2b1ka3/4a4/9/p3R3p/2P6/9/P7r/4B4/4A4/2BAK1R2 b,-0.93139625,5634
2b1ka3/4a4/9/p3R3p/2P6/9/r8/4B4/4A4/2BAK1R2 w,0.93740606,3449
2b1ka3/4a4/9/p1P1R3p/9/9/r8/4B4/4A4/2BAK1R2 b,-0.9362918,4919
2b1ka3/4a4/9/p1P1R3p/9/9/5r3/4B4/4A4/2BAK1R2 w,0.9371713,2630
2b1ka3/4a4/2P6/p3R3p/9/9/5r3/4B4/4A4/2BAK1R2 b,-0.9307198,5333
2b1ka3/4a4/2P2r3/p3R3p/9/9/9/4B4/4A4/2BAK1R2 w,0.9360144,1811
2b1ka3/2P1a4/5r3/p3R3p/9/9/9/4B4/4A4/2BAK1R2 b,-0.9338415,2091
2b1ka3/2P1a4/3r5/p3R3p/9/9/9/4B4/4A4/2BAK1R2 w,0.93698996,992
2P1ka3/4a4/3r5/p3R3p/9/9/9/4B4/4A4/2BAK1R2 b,-0.93100107,1908
2P1ka3/4a4/r8/p3R3p/9/9/9/4B4/4A4/2BAK1R2 w,0.93618345,2819
2P1ka3/4a4/r8/p1R5p/9/9/9/4B4/4A4/2BAK1R2 b,-0.93763435,1639
2P1ka3/4a4/1r7/p1R5p/9/9/9/4B4/4A4/2BAK1R2 w,0.9397565,7863
2P1ka3/4a4/1r7/p1R3R1p/9/9/9/4B4/4A4/2BAK4 b,-0.93280053,1732
2P1ka3/4a4/4r4/p1R3R1p/9/9/9/4B4/4A4/2BAK4 w,0.9433733,6117
2P1ka3/4a4/4r4/p1R3R1p/9/9/9/9/4A4/2BAK1B2 b,-0.9431181,1999
2P1ka3/4a4/1r7/p1R3R1p/9/9/9/9/4A4/2BAK1B2 w,0.93954027,2637
2P1ka3/4a4/1r7/R5R1p/9/9/9/9/4A4/2BAK1B2 b,-0.93836105,1732
2P1ka3/4a4/4r4/R5R1p/9/9/9/9/4A4/2BAK1B2 w,0.9326437,2430
R1P1ka3/4a4/4r4/6R1p/9/9/9/9/4A4/2BAK1B2 b,-0.93055654,2000
R1P1ka3/4a4/2r6/6R1p/9/9/9/9/4A4/2BAK1B2 w,0.9339111,2998
R1P1ka3/4a4/2r6/1R6p/9/9/9/9/4A4/2BAK1B2 b,-0.9302661,1173
R1Paka3/9/2r6/1R6p/9/9/9/9/4A4/2BAK1B2 w,0.9496834,2551
R1Paka3/9/2r6/4R3p/9/9/9/9/4A4/2BAK1B2 b,-0.96452874,463
R1Pak4/4a4/2r6/4R3p/9/9/9/9/4A4/2BAK1B2 w,0.9734706,183
R2Pk4/4a4/2r6/4R3p/9/9/9/9/4A4/2BAK1B2 b,-0.9748749,365
R2P1k3/4a4/2r6/4R3p/9/9/9/9/4A4/2BAK1B2 w,0.9838005,2803
R2P1k3/4R4/2r6/8p/9/9/9/9/4A4/2BAK1B2 b,-0.9751458,1822
R2P1k3/4R4/4r4/8p/9/9/9/9/4A4/2BAK1B2 w,1,274
rnbakabnr/9/1c5c1/p1p1p1p1p/9/9/P1P1P1P1P/1C5C1/9/RNBAKABNR w,0.8018177,5827
rnbakabnr/9/1c5c1/p1p1p1p1p/9/9/P1P1P1P1P/4C2C1/9/RNBAKABNR b,-0.8017912,110
r1bakabnr/9/1cn4c1/p1p1p1p1p/9/9/P1P1P1P1P/4C2C1/9/RNBAKABNR w,0.801817,7445
r1bakabnr/9/1cn4c1/p1p1p1p1p/9/9/P1P1P1P1P/2N1C2C1/9/R1BAKABNR b,-0.80183786,562
r1baka1nr/9/1cn1b2c1/p1p1p1p1p/9/9/P1P1P1P1P/2N1C2C1/9/R1BAKABNR w,0.80193686,7372
r1baka1nr/9/1cn1b2c1/p1p1p1p1p/9/9/P1P1P1P1P/2N1C2C1/9/1RBAKABNR b,-0.80177224,1
1rbaka1nr/9/1cn1b2c1/p1p1p1p1p/9/9/P1P1P1P1P/2N1C2C1/9/1RBAKABNR w,0.8016936,6368
1rbaka1nr/9/1cn1b2c1/p1p1p1p1p/9/9/P1P1P1P1P/2N1CC3/9/1RBAKABNR b,-0.8012761,654
1rbaka2r/9/1cn1b1nc1/p1p1p1p1p/9/9/P1P1P1P1P/2N1CC3/9/1RBAKABNR w,0.8016004,7989
1rbaka2r/9/1cn1b1nc1/p1p1p1p1p/9/9/P1P1P1P1P/2N1CCN2/9/1RBAKAB1R b,-0.8013682,3012
1rbaka2r/9/1cn1b1nc1/p1p1p3p/6p2/9/P1P1P1P1P/2N1CCN2/9/1RBAKAB1R w,0.80187565,8098
1rbaka2r/9/1cn1b1nc1/p1p1p3p/6p2/9/P1P1P1P1P/2N1CCN2/9/1RBAKABR1 b,-0.80201733,727
1rbaka1r1/9/1cn1b1nc1/p1p1p3p/6p2/9/P1P1P1P1P/2N1CCN2/9/1RBAKABR1 w,0.80251306,5087
1rbaka1r1/9/1cn1b1nc1/p1p1p3p/6p2/2P6/P3P1P1P/2N1CCN2/9/1RBAKABR1 b,-0.8022262,1765
1rbaka1r1/9/2n1b1nc1/p1p1p3p/6p2/2P6/Pc2P1P1P/2N1CCN2/9/1RBAKABR1 w,0.8047115,5898
1rbaka1r1/9/2n1b1nc1/p1p1p3p/6p2/2PN5/Pc2P1P1P/4CCN2/9/1RBAKABR1 b,-0.8064419,2311
1rbaka1r1/9/2n1b1n2/p1p1p3p/6p2/2PN5/Pc2P1PcP/4CCN2/9/1RBAKABR1 w,0.8079351,6143
1rbaka1r1/9/2n1bCn2/p1p1p3p/6p2/2PN5/Pc2P1PcP/4C1N2/9/1RBAKABR1 b,-0.8084572,1986
1rbakabr1/9/2n2Cn2/p1p1p3p/6p2/2PN5/Pc2P1PcP/4C1N2/9/1RBAKABR1 w,0.8178919,4351
1rbakabr1/9/2n2Cn2/p1p1N3p/6p2/2P6/Pc2P1PcP/4C1N2/9/1RBAKABR1 b,-0.80477434,1831
1rbakabr1/9/5Cn2/p1p1n3p/6p2/2P6/Pc2P1PcP/4C1N2/9/1RBAKABR1 w,0.8050693,6061
1rbakabr1/9/5Cn2/p1p1C3p/6p2/2P6/Pc2P1PcP/6N2/9/1RBAKABR1 b,-0.7909644,109
2bakabr1/9/1r3Cn2/p1p1C3p/6p2/2P6/Pc2P1PcP/6N2/9/1RBAKABR1 w,0.8022862,2839
2bakabr1/9/1r3Cn2/p1p5p/6p2/2P1C4/Pc2P1PcP/6N2/9/1RBAKABR1 b,-0.79876643,1733
2bakabr1/9/5rn2/p1p5p/6p2/2P1C4/Pc2P1PcP/6N2/9/1RBAKABR1 w,0.80965835,7435
2bakabr1/9/5rn2/p1p5p/6p2/2P1C4/PR2P1PcP/6N2/9/2BAKABR1 b,-0.8070279,2201
2bakabr1/9/5r3/p1p5p/5np2/2P1C4/PR2P1PcP/6N2/9/2BAKABR1 w,0.8132244,4987
2bakabr1/9/5r3/p1p5p/1R3np2/2P1C4/P3P1PcP/6N2/9/2BAKABR1 b,-0.8083652,3750
2bakabr1/9/5r3/p1p5p/1R4p2/2P1C4/P3P1ncP/6N2/9/2BAKABR1 w,0.819383,3372
2bakabr1/9/5r3/p1p5p/6R2/2P1C4/P3P1ncP/6N2/9/2BAKABR1 b,-0.80545235,5449
2bakabr1/9/5r3/p1p5p/6R2/2P1n4/P3P2cP/6N2/9/2BAKABR1 w,0.80585825,5269
2bakabr1/9/5r3/p1p5p/6R2/2P1P4/P6cP/6N2/9/2BAKABR1 b,-0.79958963,5560
2bakabr1/9/5r3/p1p5p/6R2/2P1P4/P7P/6Nc1/9/2BAKABR1 w,0.8091266,7999
2bakabr1/9/5r3/p1p5p/6R2/2P1P4/P7P/6Nc1/7R1/2BAKAB2 b,-0.7981578,2138
2bakabr1/9/9/p1p5p/6R2/2P1P4/P7P/5rNc1/7R1/2BAKAB2 w,0.8074941,7537
2bakabr1/9/9/p1p5p/6R2/2P1P4/P7P/4BrNc1/7R1/3AKAB2 b,-0.7960322,562
2baka1r1/9/4b4/p1p5p/6R2/2P1P4/P7P/4BrNc1/7R1/3AKAB2 w,0.8118813,3840
2baka1r1/9/4b4/p1p5p/9/2P1P4/P5R1P/4BrNc1/7R1/3AKAB2 b,-0.8020789,646
2baka3/7r1/4b4/p1p5p/9/2P1P4/P5R1P/4BrNc1/7R1/3AKAB2 w,0.8086743,5451
2baka3/7r1/4b4/p1p5p/9/2P1P1R2/P7P/4BrNc1/7R1/3AKAB2 b,-0.79377466,6361
2baka3/7r1/4b4/p1p5p/9/2P1P1R2/P6cP/4BrN2/7R1/3AKAB2 w,0.81567425,6113
2baka3/7r1/4b4/p1p5p/9/2P1P1R2/P6cP/5rN2/7R1/2BAKAB2 b,-0.8048032,6179
2baka3/7r1/4b4/p1p5p/9/2P1P1R2/P4r1cP/6N2/7R1/2BAKAB2 w,0.8032159,6260
2baka3/7r1/4b4/p1p5p/9/2P1PNR2/P4r1cP/9/7R1/2BAKAB2 b,-0.79819477,5560
2baka3/7r1/4b4/p1p5p/9/2P1PNR2/P4r2P/7c1/7R1/2BAKAB2 w,0.81558704,4450
2baka3/7r1/4b4/p1p5p/4P4/2P2NR2/P4r2P/7c1/7R1/2BAKAB2 b,-0.804452,1501
2baka3/9/4b4/p1p5p/4P4/2P2NR2/P4r1rP/7c1/7R1/2BAKAB2 w,0.81745815,3631
2baka3/9/4b4/p1p1P3p/9/2P2NR2/P4r1rP/7c1/7R1/2BAKAB2 b,-0.80948836,283
2b1ka3/4a4/4b4/p1p1P3p/9/2P2NR2/P4r1rP/7c1/7R1/2BAKAB2 w,0.8404562,4539
2b1ka3/4a4/4b4/p1p1P3p/3N5/2P3R2/P4r1rP/7c1/7R1/2BAKAB2 b,-0.8253891,5367
2b1ka3/4a4/4b4/p1p1P3p/3N5/2P3R2/P2r3rP/7c1/7R1/2BAKAB2 w,0.8406445,2812
2b1ka3/4a4/4P4/p1p5p/3N5/2P3R2/P2r3rP/7c1/7R1/2BAKAB2 b,-0.8198282,5169
2b1ka3/4a4/4P4/p1p5p/3r5/2P3R2/P6rP/7c1/7R1/2BAKAB2 w,0.8261726,1993
2b1ka3/4P4/9/p1p5p/3r5/2P3R2/P6rP/7c1/7R1/2BAKAB2 b,-0.81325406,363
2bk1a3/4P4/9/p1p5p/3r5/2P3R2/P6rP/7c1/7R1/2BAKAB2 w,0.8267349,7816
2bk1a3/4P4/9/p1p5p/3r5/2P3R2/P6rP/7c1/4A2R1/2BAK1B2 b,-0.80218965,463
2bk5/4a4/9/p1p5p/3r5/2P3R2/P6rP/7c1/4A2R1/2BAK1B2 w,0.8052099,4596
2bk2R2/4a4/9/p1p5p/3r5/2P6/P6rP/7c1/4A2R1/2BAK1B2 b,-0.8016373,282
2b3R2/3ka4/9/p1p5p/3r5/2P6/P6rP/7c1/4A2R1/2BAK1B2 w,0.80939144,542
2R6/3ka4/9/p1p5p/3r5/2P6/P6rP/7c1/4A2R1/2BAK1B2 b,-0.7956671,1191
2R6/3k5/3a5/p1p5p/3r5/2P6/P6rP/7c1/4A2R1/2BAK1B2 w,0.7941862,191
9/2Rk5/3a5/p1p5p/3r5/2P6/P6rP/7c1/4A2R1/2BAK1B2 b,-0.8249082,1083
3k5/2R6/3a5/p1p5p/3r5/2P6/P6rP/7c1/4A2R1/2BAK1B2 w,0.85074085,7188
3k5/2R6/3a5/p1p5p/3r5/2P6/P6rP/7c1/4A1R2/2BAK1B2 b,-0.8377609,5548
3k5/2R6/3a5/p1p5p/3r5/2P6/P3r3P/7c1/4A1R2/2BAK1B2 w,0.8585195,7035
3k5/2R3R2/3a5/p1p5p/3r5/2P6/P3r3P/7c1/4A4/2BAK1B2 b,-0.8224789,1903
3k5/2R1a1R2/9/p1p5p/3r5/2P6/P3r3P/7c1/4A4/2BAK1B2 w,0.8405515,7897
3k5/2R1a1R2/9/p1p5p/3r5/2P6/P3r3P/4B2c1/4A4/2BAK4 b,-0.82170576,3567
3k5/2R1a1R2/9/p1p5p/9/2P6/P2rr3P/4B2c1/4A4/2BAK4 w,0.9249034,1356
3k2R2/2R1a4/9/p1p5p/9/2P6/P2rr3P/4B2c1/4A4/2BAK4 b,-0.9312725,1175
3k1aR2/2R6/9/p1p5p/9/2P6/P2rr3P/4B2c1/4A4/2BAK4 w,0.9346658,545
3k1R3/2R6/9/p1p5p/9/2P6/P2rr3P/4B2c1/4A4/2BAK4 b,-0.9354317,5224
3krR3/2R6/9/p1p5p/9/2P6/P2r4P/4B2c1/4A4/2BAK4 w,0.95208716,992
2RkrR3/9/9/p1p5p/9/2P6/P2r4P/4B2c1/4A4/2BAK4 b,-0.9505658,282
2R1rR3/3k5/9/p1p5p/9/2P6/P2r4P/4B2c1/4A4/2BAK4 w,0.9545844,454
2R1R4/3k5/9/p1p5p/9/2P6/P2r4P/4B2c1/4A4/2BAK4 b,-0.9476795,6325
2R1R4/3k5/7c1/p1p5p/9/2P6/P2r4P/4B4/4A4/2BAK4 w,0.96451455,209
4R4/3k5/7c1/p1R5p/9/2P6/P2r4P/4B4/4A4/2BAK4 b,-0.94647443,5178
4R4/3k5/7c1/p1R5p/9/2Pr5/P7P/4B4/4A4/2BAK4 w,0.94881177,2621
4R4/2Rk5/7c1/p7p/9/2Pr5/P7P/4B4/4A4/2BAK4 b,-0.96400034,1101
4R4/2R6/3k3c1/p7p/9/2Pr5/P7P/4B4/4A4/2BAK4 w,0.9721831,373
9/2R1R4/3k3c1/p7p/9/2Pr5/P7P/4B4/4A4/2BAK4 b,-0.9575274,2276
9/2R1R4/3k4c/p7p/9/2Pr5/P7P/4B4/4A4/2BAK4 w,0.96723735,992
2R6/4R4/3k4c/p7p/9/2Pr5/P7P/4B4/4A4/2BAK4 b,-0.953411,4350
2R6/4R4/3k4c/p2r4p/9/2P6/P7P/4B4/4A4/2BAK4 w,1,183
rnbakabnr/9/1c5c1/p1p1p1p1p/9/9/P1P1P1P1P/1C5C1/9/RNBAKABNR w,0.8017992,5827
rnbakabnr/9/1c5c1/p1p1p1p1p/9/9/P1P1P1P1P/4C2C1/9/RNBAKABNR b,-0.80178356,110
r1bakabnr/9/1cn4c1/p1p1p1p1p/9/9/P1P1P1P1P/4C2C1/9/RNBAKABNR w,0.80182016,7445
r1bakabnr/9/1cn4c1/p1p1p1p1p/9/9/P1P1P1P1P/2N1C2C1/9/R1BAKABNR b,-0.80183524,562
r1baka1nr/9/1cn1b2c1/p1p1p1p1p/9/9/P1P1P1P1P/2N1C2C1/9/R1BAKABNR w,0.80193686,7372
r1baka1nr/9/1cn1b2c1/p1p1p1p1p/9/9/P1P1P1P1P/2N1C2C1/9/1RBAKABNR b,-0.8017659,1
1rbaka1nr/9/1cn1b2c1/p1p1p1p1p/9/9/P1P1P1P1P/2N1C2C1/9/1RBAKABNR w,0.8016867,6368
1rbaka1nr/9/1cn1b2c1/p1p1p1p1p/9/9/P1P1P1P1P/2N1CC3/9/1RBAKABNR b,-0.8012789,654
1rbaka2r/9/1cn1b1nc1/p1p1p1p1p/9/9/P1P1P1P1P/2N1CC3/9/1RBAKABNR w,0.8016004,7989
1rbaka2r/9/1cn1b1nc1/p1p1p1p1p/9/9/P1P1P1P1P/2N1CCN2/9/1RBAKAB1R b,-0.8013682,3012
1rbaka2r/9/1cn1b1nc1/p1p1p3p/6p2/9/P1P1P1P1P/2N1CCN2/9/1RBAKAB1R w,0.80189395,8098
1rbaka2r/9/1cn1b1nc1/p1p1p3p/6p2/9/P1P1P1P1P/2N1CCN2/9/1RBAKABR1 b,-0.8020184,727
1rbaka1r1/9/1cn1b1nc1/p1p1p3p/6p2/9/P1P1P1P1P/2N1CCN2/9/1RBAKABR1 w,0.80251306,5087
1rbaka1r1/9/1cn1b1nc1/p1p1p3p/6p2/2P6/P3P1P1P/2N1CCN2/9/1RBAKABR1 b,-0.80212146,1765
1rbaka1r1/9/2n1b1nc1/p1p1p3p/6p2/2P6/Pc2P1P1P/2N1CCN2/9/1RBAKABR1 w,0.8051245,5898
1rbaka1r1/9/2n1b1nc1/p1p1p3p/6p2/2PN5/Pc2P1P1P/4CCN2/9/1RBAKABR1 b,-0.8064419,2311
1rbaka1r1/9/2n1b1n2/p1p1p3p/6p2/2PN5/Pc2P1PcP/4CCN2/9/1RBAKABR1 w,0.80788714,6143
1rbaka1r1/9/2n1bCn2/p1p1p3p/6p2/2PN5/Pc2P1PcP/4C1N2/9/1RBAKABR1 b,-0.8084572,1986
1rbakabr1/9/2n2Cn2/p1p1p3p/6p2/2PN5/Pc2P1PcP/4C1N2/9/1RBAKABR1 w,0.81805813,4351
1rbakabr1/9/2n2Cn2/p1p1N3p/6p2/2P6/Pc2P1PcP/4C1N2/9/1RBAKABR1 b,-0.80477434,1831
1rbakabr1/9/5Cn2/p1p1n3p/6p2/2P6/Pc2P1PcP/4C1N2/9/1RBAKABR1 w,0.8050693,6061
1rbakabr1/9/5Cn2/p1p1C3p/6p2/2P6/Pc2P1PcP/6N2/9/1RBAKABR1 b,-0.7907896,109
2bakabr1/9/1r3Cn2/p1p1C3p/6p2/2P6/Pc2P1PcP/6N2/9/1RBAKABR1 w,0.8019639,2839
2bakabr1/9/1r3Cn2/p1p5p/6p2/2P1C4/Pc2P1PcP/6N2/9/1RBAKABR1 b,-0.7987969,1733
2bakabr1/9/5rn2/p1p5p/6p2/2P1C4/Pc2P1PcP/6N2/9/1RBAKABR1 w,0.8096487,7435
2bakabr1/9/5rn2/p1p5p/6p2/2P1C4/PR2P1PcP/6N2/9/2BAKABR1 b,-0.808395,2138
2bakabr1/9/6n2/p1p5p/6p2/2P1C4/PR2P1PcP/5rN2/9/2BAKABR1 w,0.815828,6290
2bakabr1/9/6n2/p1p5p/6p2/2P1C4/PR2P1PcP/5r3/8N/2BAKABR1 b,-0.80555195,5569
2bakabr1/9/6n2/p1p5p/6p2/2P1C4/PR2P1P1P/5r3/7cN/2BAKABR1 w,0.8141668,7897
2bakabr1/9/6n2/p1p5p/6p2/2P1C4/PR2P1P1P/4Br3/7cN/2BAKA1R1 b,-0.80617684,6197
2bakabr1/9/6n2/p1p5p/6p2/2P1C4/PR2P1P1P/4B4/5r1cN/2BAKA1R1 w,0.81334096,7816
2bakabr1/9/6n2/p1p5p/6p2/2P1C4/PR2P1P1P/4B4/4Ar1cN/2BAK2R1 b,-0.8024618,2201
2bakabr1/9/9/p1p5p/5np2/2P1C4/PR2P1P1P/4B4/4Ar1cN/2BAK2R1 w,0.8077489,4987
2bakabr1/9/9/p1p5p/1R3np2/2P1C4/P3P1P1P/4B4/4Ar1cN/2BAK2R1 b,-0.7879057,3748
2bakabr1/9/9/p1p5p/1R4p2/2P1C4/P3n1P1P/4B4/4Ar1cN/2BAK2R1 w,0.8067673,8006
2bakabr1/9/9/p1p5p/1R4p2/2P1C4/P3n1P1P/4B4/4Ar1cN/2BAKR3 b,-0.79864657,7016
2bakabr1/9/9/p1p5p/1R4p2/2P1C4/P3n1P1P/4B4/4A2cN/2BAKr3 w,0.8011113,6926
2bakabr1/9/9/p1p5p/1R4p2/2P1C4/P3n1P1P/4B4/7cN/2BAKA3 b,-0.7934944,5289
2bakabr1/9/9/p1p5p/1R4p2/2P1C4/P5P1P/4B1n2/7cN/2BAKA3 w,0.7963949,7261
2bakabr1/9/9/p1p5p/1R4p2/2P1C4/P5PNP/4B1n2/7c1/2BAKA3 b,-0.7707969,691
2bakab2/9/9/p1p5p/1R4p2/2P1C4/P5PrP/4B1n2/7c1/2BAKA3 w,0.7730127,3370
2bakab2/9/9/p1p5p/4R1p2/2P1C4/P5PrP/4B1n2/7c1/2BAKA3 b,-0.763352,562
2baka3/9/4b4/p1p5p/4R1p2/2P1C4/P5PrP/4B1n2/7c1/2BAKA3 w,0.77634645,3622
2baka3/9/4R4/p1p5p/6p2/2P1C4/P5PrP/4B1n2/7c1/2BAKA3 b,-0.786345,283
2b1ka3/4a4/4R4/p1p5p/6p2/2P1C4/P5PrP/4B1n2/7c1/2BAKA3 w,0.88412815,2005
2b1ka3/4a4/7R1/p1p5p/6p2/2P1C4/P5PrP/4B1n2/7c1/2BAKA3 b,-0.8853701,363
2bk1a3/4a4/7R1/p1p5p/6p2/2P1C4/P5PrP/4B1n2/7c1/2BAKA3 w,0.9035478,2311
2bk1a3/4a4/9/p1p5p/6p2/2P1C4/P5PRP/4B1n2/7c1/2BAKA3 b,-0.9002794,7198
2bk1a3/4a4/9/p1p5p/6p2/2P1C4/P5PRP/4B1n2/9/2BAKA1c1 w,0.9036923,7816
2bk1a3/4a4/9/p1p5p/6p2/2P1C4/P5PRP/4B1n2/4A4/2BAK2c1 b,-0.9028054,8009
2bk1a3/4a4/9/p1p5p/6p2/2P1C4/P5PRP/4B1n2/4A4/2BAK3c w,0.9078652,5560
2bk1a3/4a4/9/p1p5p/6p2/2P1C4/P5P1P/4B1nR1/4A4/2BAK3c b,-0.89327186,6268
2bk1a3/4a4/9/p1p5p/6p2/2P1C4/P3n1P1P/4B2R1/4A4/2BAK3c w,0.90838754,6334
2bk1a3/4a4/9/p1p4Rp/6p2/2P1C4/P3n1P1P/4B4/4A4/2BAK3c b,-0.8994992,5289
2bk1a3/4a4/9/p1p4Rp/6p2/2P1C4/P5P1P/4B1n2/4A4/2BAK3c w,0.90186864,3090
2bk1a3/4a4/9/p1pR4p/6p2/2P1C4/P5P1P/4B1n2/4A4/2BAK3c b,-0.90944964,1191
2bk1a3/9/3a5/p1pR4p/6p2/2P1C4/P5P1P/4B1n2/4A4/2BAK3c w,0.9118147,2721
2bk1a3/9/3R5/p1p5p/6p2/2P1C4/P5P1P/4B1n2/4A4/2BAK3c b,-0.9108682,274
2b1ka3/9/3R5/p1p5p/6p2/2P1C4/P5P1P/4B1n2/4A4/2BAK3c w,0.9142931,1910
2b1ka3/9/2R6/p1p5p/6p2/2P1C4/P5P1P/4B1n2/4A4/2BAK3c b,-0.91241443,6298
2b1ka3/9/2R6/p1p5p/6p2/2P1C4/P5P1P/4B4/4A4/2BAK2nc w,0.9116581,6117
2b1ka3/9/2R6/p1p5p/6p2/2P1C4/P5P1P/9/4A4/2BAK1Bnc b,-0.9006764,373
2b2a3/4k4/2R6/p1p5p/6p2/2P1C4/P5P1P/9/4A4/2BAK1Bnc w,0.92152816,1811
2b2a3/2R1k4/9/p1p5p/6p2/2P1C4/P5P1P/9/4A4/2BAK1Bnc b,-0.92171675,1174
2b1ka3/2R6/9/p1p5p/6p2/2P1C4/P5P1P/9/4A4/2BAK1Bnc w,0.92435235,992
2R1ka3/9/9/p1p5p/6p2/2P1C4/P5P1P/9/4A4/2BAK1Bnc b,-0.92228484,373
2R2a3/4k4/9/p1p5p/6p2/2P1C4/P5P1P/9/4A4/2BAK1Bnc w,0.9245258,191
5a3/2R1k4/9/p1p5p/6p2/2P1C4/P5P1P/9/4A4/2BAK1Bnc b,-0.9184979,1174
4ka3/2R6/9/p1p5p/6p2/2P1C4/P5P1P/9/4A4/2BAK1Bnc w,0.92635137,1019
4ka3/9/9/p1R5p/6p2/2P1C4/P5P1P/9/4A4/2BAK1Bnc b,-0.92920196,7989
4ka3/9/9/p1R5p/6p2/2P1C4/P5P1P/6n2/4A4/2BAK1B1c w,0.9208616,7897
4ka3/9/9/p1R5p/6p2/2P1C4/P5P1P/4B1n2/4A4/2BAK3c b,-0.90747064,6290
4ka3/9/9/p1R5p/6p2/2P1C4/P5P1P/4B4/4A3n/2BAK3c w,0.91042143,2641
4ka3/9/9/p3R3p/6p2/2P1C4/P5P1P/4B4/4A3n/2BAK3c b,-0.9088059,363
3k1a3/9/9/p3R3p/6p2/2P1C4/P5P1P/4B4/4A3n/2BAK3c w,0.94507647,4463
3k1a3/9/9/p3R3p/6p2/2P5C/P5P1P/4B4/4A3n/2BAK3c b,-0.93216306,7261
3k1a3/9/9/p3R3p/6p2/2P5C/P5PnP/4B4/4A4/2BAK3c w,0.9450214,4859
3k1a3/9/9/p3R3p/6p2/2P6/P5PnP/4B4/4A4/2BAK3C b,-0.9418486,5568
3k1a3/9/9/p3R3p/6p2/2P6/P5P1P/4B4/4A1n2/2BAK3C w,0.9399138,7736
3k1a3/9/9/p3R3p/6p2/2P6/P5P1P/4B4/4A1n2/2BA1K2C b,-0.9342586,7109
3k1a3/9/9/p3R3p/6p2/2P6/P5P1P/4B4/4A4/2BA1K2n w,0.94319594,4268
3k1a3/9/9/p3R3p/2P3p2/9/P5P1P/4B4/4A4/2BA1K2n b,-0.9462851,3194
3k1a3/9/9/p3R4/2P3p1p/9/P5P1P/4B4/4A4/2BA1K2n w,0.9524182,3449
3k1a3/9/9/p1P1R4/6p1p/9/P5P1P/4B4/4A4/2BA1K2n b,-0.956941,8080
3k1a3/9/9/p1P1R4/6p1p/9/P5P1P/4B2n1/4A4/2BA1K3 w,0.9591527,2640
3k1a3/9/9/p2PR4/6p1p/9/P5P1P/4B2n1/4A4/2BA1K3 b,-0.95843905,6359
3k1a3/9/9/p2PR4/6p1p/9/P4nP1P/4B4/4A4/2BA1K3 w,0.9618882,2721
3k1a3/9/3P5/p3R4/6p1p/9/P4nP1P/4B4/4A4/2BA1K3 b,-0.9585675,463
3k5/4a4/3P5/p3R4/6p1p/9/P4nP1P/4B4/4A4/2BA1K3 w,0.9639753,1912
3k5/4a4/4P4/p3R4/6p1p/9/P4nP1P/4B4/4A4/2BA1K3 b,-0.95992225,5388
3k5/4a4/4P4/p3R4/6p1p/9/P5P1P/4B4/4A1n2/2BA1K3 w,0.99577093,1993
3k5/4P4/9/p3R4/6p1p/9/P5P1P/4B4/4A1n2/2BA1K3 b,-0.9946557,7091
3k5/4P4/9/p3R4/6p1p/9/P5P1P/4B3n/4A4/2BA1K3 w,1,2820
rnbakabnr/9/1c5c1/p1p1p1p1p/9/9/P1P1P1P1P/1C5C1/9/RNBAKABNR w,0.001809311,5827
rnbakabnr/9/1c5c1/p1p1p1p1p/9/9/P1P1P1P1P/4C2C1/9/RNBAKABNR b,-0.0017668129,110
r1bakabnr/9/1cn4c1/p1p1p1p1p/9/9/P1P1P1P1P/4C2C1/9/RNBAKABNR w,0.0018248558,7445
r1bakabnr/9/1cn4c1/p1p1p1p1p/9/9/P1P1P1P1P/2N1C2C1/9/R1BAKABNR b,-0.0018405796,562
r1baka1nr/9/1cn1b2c1/p1p1p1p1p/9/9/P1P1P1P1P/2N1C2C1/9/R1BAKABNR w,0.0019419909,7372
r1baka1nr/9/1cn1b2c1/p1p1p1p1p/9/9/P1P1P1P1P/2N1C2C1/9/1RBAKABNR b,-0.0017697454,1
1rbaka1nr/9/1cn1b2c1/p1p1p1p1p/9/9/P1P1P1P1P/2N1C2C1/9/1RBAKABNR w,0.0017125607,6368
1rbaka1nr/9/1cn1b2c1/p1p1p1p1p/9/9/P1P1P1P1P/2N1CC3/9/1RBAKABNR b,-0.0013082862,654
1rbaka2r/9/1cn1b1nc1/p1p1p1p1p/9/9/P1P1P1P1P/2N1CC3/9/1RBAKABNR w,0.0015734673,7989
1rbaka2r/9/1cn1b1nc1/p1p1p1p1p/9/9/P1P1P1P1P/2N1CCN2/9/1RBAKAB1R b,-0.0013647914,3012
1rbaka2r/9/1cn1b1nc1/p1p1p3p/6p2/9/P1P1P1P1P/2N1CCN2/9/1RBAKAB1R w,0.0018735885,8098
1rbaka2r/9/1cn1b1nc1/p1p1p3p/6p2/9/P1P1P1P1P/2N1CCN2/9/1RBAKABR1 b,-0.0019089461,727
1rbaka1r1/9/1cn1b1nc1/p1p1p3p/6p2/9/P1P1P1P1P/2N1CCN2/9/1RBAKABR1 w,0.0027678253,5087
1rbaka1r1/9/1cn1b1nc1/p1p1p3p/6p2/2P6/P3P1P1P/2N1CCN2/9/1RBAKABR1 b,-0.0021535754,1765
1rbaka1r1/9/2n1b1nc1/p1p1p3p/6p2/2P6/Pc2P1P1P/2N1CCN2/9/1RBAKABR1 w,0.0047115325,5898
1rbaka1r1/9/2n1b1nc1/p1p1p3p/6p2/2PN5/Pc2P1P1P/4CCN2/9/1RBAKABR1 b,-0.00640862,2311
1rbaka1r1/9/2n1b1n2/p1p1p3p/6p2/2PN5/Pc2P1PcP/4CCN2/9/1RBAKABR1 w,0.007931757,6143
1rbaka1r1/9/2n1bCn2/p1p1p3p/6p2/2PN5/Pc2P1PcP/4C1N2/9/1RBAKABR1 b,-0.008902455,1986
1rbakabr1/9/2n2Cn2/p1p1p3p/6p2/2PN5/Pc2P1PcP/4C1N2/9/1RBAKABR1 w,0.017825676,4351
1rbakabr1/9/2n2Cn2/p1p1N3p/6p2/2P6/Pc2P1PcP/4C1N2/9/1RBAKABR1 b,-0.0047813295,1831
1rbakabr1/9/5Cn2/p1p1n3p/6p2/2P6/Pc2P1PcP/4C1N2/9/1RBAKABR1 w,0.0049676895,6061
1rbakabr1/9/5Cn2/p1p1C3p/6p2/2P6/Pc2P1PcP/6N2/9/1RBAKABR1 b,0.010319257,109
2bakabr1/9/1r3Cn2/p1p1C3p/6p2/2P6/Pc2P1PcP/6N2/9/1RBAKABR1 w,0.0022862197,2839
2bakabr1/9/1r3Cn2/p1p5p/6p2/2P1C4/Pc2P1PcP/6N2/9/1RBAKABR1 b,0.001698494,1733
2bakabr1/9/5rn2/p1p5p/6p2/2P1C4/Pc2P1PcP/6N2/9/1RBAKABR1 w,0.009599519,7435
2bakabr1/9/5rn2/p1p5p/6p2/2P1C4/PR2P1PcP/6N2/9/2BAKABR1 b,-0.007027888,2201
2bakabr1/9/5r3/p1p5p/5np2/2P1C4/PR2P1PcP/6N2/9/2BAKABR1 w,0.01322434,4987
2bakabr1/9/5r3/p1p5p/1R3np2/2P1C4/P3P1PcP/6N2/9/2BAKABR1 b,-0.009137118,3750
2bakabr1/9/5r3/p1p5p/1R4p2/2P1C4/P3P1ncP/6N2/9/2BAKABR1 w,0.018377233,3372
2bakabr1/9/5r3/p1p5p/6R2/2P1C4/P3P1ncP/6N2/9/2BAKABR1 b,-0.0054848315,5449
2bakabr1/9/5r3/p1p5p/6R2/2P1n4/P3P2cP/6N2/9/2BAKABR1 w,0.0057560443,5269
2bakabr1/9/5r3/p1p5p/6R2/2P1P4/P6cP/6N2/9/2BAKABR1 b,0.000011610985,5560
2bakabr1/9/5r3/p1p5p/6R2/2P1P4/P7P/6Nc1/9/2BAKABR1 w,0.008816696,7999
2bakabr1/9/5r3/p1p5p/6R2/2P1P4/P7P/6Nc1/7R1/2BAKAB2 b,0.0013448239,2138
2bakabr1/9/9/p1p5p/6R2/2P1P4/P7P/5rNc1/7R1/2BAKAB2 w,0.0002488375,3813
2bakabr1/9/9/p1p3R1p/9/2P1P4/P7P/5rNc1/7R1/2BAKAB2 b,-0.0004974723,691
2bakab2/9/9/p1p3R1p/9/2P1P4/P6rP/5rNc1/7R1/2BAKAB2 w,0.01460998,2976
2bakaR2/9/9/p1p5p/9/2P1P4/P6rP/5rNc1/7R1/2BAKAB2 b,-0.0038278461,5548
2bakaR2/9/9/p1p5p/9/2P1P4/P3r3P/5rNc1/7R1/2BAKAB2 w,0.033070374,7816
2bakaR2/9/9/p1p5p/9/2P1P4/P3r3P/5rNc1/4A2R1/2BAK1B2 b,-0.01984998,6371
2bakaR2/9/9/p1p5p/9/2P1P4/P3r3P/5rN1c/4A2R1/2BAK1B2 w,0.030558562,591
2baka3/9/9/p1p5p/9/2P1P1R2/P3r3P/5rN1c/4A2R1/2BAK1B2 b,-0.0073810937,283
2b1ka3/4a4/9/p1p5p/9/2P1P1R2/P3r3P/5rN1c/4A2R1/2BAK1B2 w,0.080932334,7897
2b1ka3/4a4/9/p1p5p/9/2P1P1R2/P3r3P/4BrN1c/4A2R1/2BAK4 b,-0.053514052,6187
2b1ka3/4a4/9/p1p5p/9/2P1P1R2/P3r3P/4r1N1c/4A2R1/2BAK4 w,0.059607815,6268
2b1ka3/4a4/9/p1p5p/9/2P1P1R2/P3N3P/4r3c/4A2R1/2BAK4 b,-0.057187535,6088
2b1ka3/4a4/9/p1p5p/9/2P1P1R2/P3r3P/8c/4A2R1/2BAK4 w,0.06768043,4659
2b1ka3/4a4/9/p1p5p/9/2P1P4/P3r3P/6R1c/4A2R1/2BAK4 b,-0.049173582,6479
2b1ka3/4a4/9/p1p5p/9/2P1P4/P3r3P/6R2/4A2R1/2BAK3c w,0.059060145,7117
2b1ka1R1/4a4/9/p1p5p/9/2P1P4/P3r3P/6R2/4A4/2BAK3c b,-0.0534521,5269
2b1ka1R1/4a4/9/p1p5p/9/2P1r4/P7P/6R2/4A4/2BAK3c w,0.058729626,664
2b1ka3/4a4/9/p1p4Rp/9/2P1r4/P7P/6R2/4A4/2BAK3c b,-0.04467546,4457
2b1ka3/4a4/9/p1p4Rp/9/2r6/P7P/6R2/4A4/2BAK3c w,0.06456237,6281
2b1ka3/4a4/9/p1p4Rp/9/2r6/P7P/8R/4A4/2BAK3c b,-0.05928556,4313
2b1ka3/4a4/9/p1p4Rp/9/9/P7P/8R/4A4/2rAK3c w,0.08599923,6479
2b1ka3/4a4/9/p1p4Rp/9/9/P7P/9/4A4/2rAK3R b,-0.08428458,7526
2b1ka3/4a4/9/p1p4Rp/9/9/P1r5P/9/4A4/3AK3R w,0.09711581,8097
2b1ka3/4a4/9/p1p4Rp/9/9/P1r5P/9/4A4/3AK1R2 b,-0.09786844,5102
2b1ka3/4a4/9/p1p4Rp/9/9/P7r/9/4A4/3AK1R2 w,0.112964325,3089
2b1ka3/4a4/9/p1R5p/9/9/P7r/9/4A4/3AK1R2 b,-0.09832132,202
4ka3/4a4/4b4/p1R5p/9/9/P7r/9/4A4/3AK1R2 w,0.091299586,2637
4ka3/4a4/4b4/R7p/9/9/P7r/9/4A4/3AK1R2 b,-0.092737295,5638
4ka3/4a4/4b4/R7p/9/9/P3r4/9/4A4/3AK1R2 w,0.09592181,2430
R3ka3/4a4/4b4/8p/9/9/P3r4/9/4A4/3AK1R2 b,-0.08507221,1173
R2aka3/9/4b4/8p/9/9/P3r4/9/4A4/3AK1R2 w,0.09520767,7863
R2aka3/9/4b4/6R1p/9/9/P3r4/9/4A4/3AK4 b,-0.08841471,3194
R2aka3/9/4b4/6R2/8p/9/P3r4/9/4A4/3AK4 w,0.087870695,18
3aka3/9/R3b4/6R2/8p/9/P3r4/9/4A4/3AK4 b,-0.08396033,1982
2baka3/9/R8/6R2/8p/9/P3r4/9/4A4/3AK4 w,0.099079065,1640
2baka3/9/2R6/6R2/8p/9/P3r4/9/4A4/3AK4 b,-0.08796301,202
3aka3/9/2R1b4/6R2/8p/9/P3r4/9/4A4/3AK4 w,0.080333374,2994
3aka3/9/2R1b1R2/9/8p/9/P3r4/9/4A4/3AK4 b,-0.09248366,373
3a1a3/4k4/2R1b1R2/9/8p/9/P3r4/9/4A4/3AK4 w,0.10217319,1821
3a1a3/4k4/3Rb1R2/9/8p/9/P3r4/9/4A4/3AK4 b,-0.10174334,1174
3aka3/9/3Rb1R2/9/8p/9/P3r4/9/4A4/3AK4 w,0.11043089,1912
3aka3/9/4R1R2/9/8p/9/P3r4/9/4A4/3AK4 b,-0.108767346,5242
3aka3/9/4r1R2/9/8p/9/P8/9/4A4/3AK4 w,0.11579948,2182
3aka3/9/4R4/9/8p/9/P8/9/4A4/3AK4 b,-0.11747725,463
3ak4/4a4/4R4/9/8p/9/P8/9/4A4/3AK4 w,0.12639295,6906
3ak4/4a4/4R4/9/8p/9/P8/3A5/9/3AK4 b,-0.11913687,365
3a1k3/4a4/4R4/9/8p/9/P8/3A5/9/3AK4 w,0.12534152,2020
3a1k3/4a4/9/9/4R3p/9/P8/3A5/9/3AK4 b,-0.1260922,4013
3a1k3/4a4/9/9/4R4/8p/P8/3A5/9/3AK4 w,0.1338828,3641
3a1k3/4a4/9/9/5R3/8p/P8/3A5/9/3AK4 b,-0.12828596,454
3ak4/4a4/9/9/5R3/8p/P8/3A5/9/3AK4 w,0.13820052,3734
3ak4/4a4/9/9/8R/8p/P8/3A5/9/3AK4 b,-0.12652051,365
3a1k3/4a4/9/9/8R/8p/P8/3A5/9/3AK4 w,0.13048442,4013
3a1k3/4a4/9/9/9/8R/P8/3A5/9/3AK4 b,-0.12590073,464
3a5/4ak3/9/9/9/8R/P8/3A5/9/3AK4 w,0.15814438,4818
3a5/4ak3/9/9/9/3R5/P8/3A5/9/3AK4 b,-0.16706713,1193
3a5/5k3/5a3/9/9/3R5/P8/3A5/9/3AK4 w,0.18478708,4323
3R5/5k3/5a3/9/9/9/P8/3A5/9/3AK4 b,-0.1856841,2083
3R5/4ak3/9/9/9/9/P8/3A5/9/3AK4 w,0.19801842,282
9/3Rak3/9/9/9/9/P8/3A5/9/3AK4 b,-0.19621506,1283
9/3Ra4/5k3/9/9/9/P8/3A5/9/3AK4 w,0.2,1093
rnbakabnr/9/1c5c1/p1p1p1p1p/9/9/P1P1P1P1P/1C5C1/9/RNBAKABNR w,0.001823473,5827
rnbakabnr/9/1c5c1/p1p1p1p1p/9/9/P1P1P1P1P/4C2C1/9/RNBAKABNR b,-0.0018122196,110
r1bakabnr/9/1cn4c1/p1p1p1p1p/9/9/P1P1P1P1P/4C2C1/9/RNBAKABNR w,0.0018204451,7445
r1bakabnr/9/1cn4c1/p1p1p1p1p/9/9/P1P1P1P1P/2N1C2C1/9/R1BAKABNR b,-0.0018352151,562
r1baka1nr/9/1cn1b2c1/p1p1p1p1p/9/9/P1P1P1P1P/2N1C2C1/9/R1BAKABNR w,0.001935196,7372
r1baka1nr/9/1cn1b2c1/p1p1p1p1p/9/9/P1P1P1P1P/2N1C2C1/9/1RBAKABNR b,-0.0017700195,1
1rbaka1nr/9/1cn1b2c1/p1p1p1p1p/9/9/P1P1P1P1P/2N1C2C1/9/1RBAKABNR w,0.0016990424,6368
1rbaka1nr/9/1cn1b2c1/p1p1p1p1p/9/9/P1P1P1P1P/2N1CC3/9/1RBAKABNR b,-0.0012760878,654
1rbaka2r/9/1cn1b1nc1/p1p1p1p1p/9/9/P1P1P1P1P/2N1CC3/9/1RBAKABNR w,0.0015803337,7989
1rbaka2r/9/1cn1b1nc1/p1p1p1p1p/9/9/P1P1P1P1P/2N1CCN2/9/1RBAKAB1R b,-0.0013483524,3012
1rbaka2r/9/1cn1b1nc1/p1p1p3p/6p2/9/P1P1P1P1P/2N1CCN2/9/1RBAKAB1R w,0.001935935,8098
1rbaka2r/9/1cn1b1nc1/p1p1p3p/6p2/9/P1P1P1P1P/2N1CCN2/9/1RBAKABR1 b,-0.0019089461,727
1rbaka1r1/9/1cn1b1nc1/p1p1p3p/6p2/9/P1P1P1P1P/2N1CCN2/9/1RBAKABR1 w,0.0025545598,5087
1rbaka1r1/9/1cn1b1nc1/p1p1p3p/6p2/2P6/P3P1P1P/2N1CCN2/9/1RBAKABR1 b,-0.002183795,1765
1rbaka1r1/9/2n1b1nc1/p1p1p3p/6p2/2P6/Pc2P1P1P/2N1CCN2/9/1RBAKABR1 w,0.0047946214,5898
1rbaka1r1/9/2n1b1nc1/p1p1p3p/6p2/2PN5/Pc2P1P1P/4CCN2/9/1RBAKABR1 b,-0.0063934685,2311
1rbaka1r1/9/2n1b1n2/p1p1p3p/6p2/2PN5/Pc2P1PcP/4CCN2/9/1RBAKABR1 w,0.007831312,6143
1rbaka1r1/9/2n1bCn2/p1p1p3p/6p2/2PN5/Pc2P1PcP/4C1N2/9/1RBAKABR1 b,-0.0090389615,1986
1rbakabr1/9/2n2Cn2/p1p1p3p/6p2/2PN5/Pc2P1PcP/4C1N2/9/1RBAKABR1 w,0.018145729,4351
1rbakabr1/9/2n2Cn2/p1p1N3p/6p2/2P6/Pc2P1PcP/4C1N2/9/1RBAKABR1 b,-0.004786694,1831
1rbakabr1/9/5Cn2/p1p1n3p/6p2/2P6/Pc2P1PcP/4C1N2/9/1RBAKABR1 w,0.0050328495,6061
1rbakabr1/9/5Cn2/p1p1C3p/6p2/2P6/Pc2P1PcP/6N2/9/1RBAKABR1 b,0.009471846,109
2bakabr1/9/1r3Cn2/p1p1C3p/6p2/2P6/Pc2P1PcP/6N2/9/1RBAKABR1 w,0.0018720865,2839
2bakabr1/9/1r3Cn2/p1p5p/6p2/2P1C4/Pc2P1PcP/6N2/9/1RBAKABR1 b,0.0012470961,1733
2bakabr1/9/5rn2/p1p5p/6p2/2P1C4/Pc2P1PcP/6N2/9/1RBAKABR1 w,0.009629083,7435
2bakabr1/9/5rn2/p1p5p/6p2/2P1C4/PR2P1PcP/6N2/9/2BAKABR1 b,-0.007413197,2129
2bakabr1/9/6n2/p1p5p/6p2/2P1C4/PR2PrPcP/6N2/9/2BAKABR1 w,0.014440608,4987
2bakabr1/9/6n2/p1p5p/1R4p2/2P1C4/P3PrPcP/6N2/9/2BAKABR1 b,-0.0044330596,2201
2bakabr1/9/9/p1p5p/1R3np2/2P1C4/P3PrPcP/6N2/9/2BAKABR1 w,0.021691347,7897
2bakabr1/9/9/p1p5p/1R3np2/2P1C4/P3PrPcP/4B1N2/9/2BAKA1R1 b,-0.010123896,3748
2bakabr1/9/9/p1p5p/1R4p2/2P1C4/P3nrPcP/4B1N2/9/2BAKA1R1 w,0.026155258,7816
2bakabr1/9/9/p1p5p/1R4p2/2P1C4/P3nrPcP/4B1N2/4A4/2BAK2R1 b,-0.011102641,5370
2bakabr1/9/9/p1p5p/1R4p2/2P1C4/P3n1rcP/4B1N2/4A4/2BAK2R1 w,0.014712763,6290
2bakabr1/9/9/p1p5p/1R4p2/2P1C4/P3n1rcP/4B4/4A3N/2BAK2R1 b,0.0036276102,5569
2bakabr1/9/9/p1p5p/1R4p2/2P1C4/P3n1r1P/4B4/4A2cN/2BAK2R1 w,-0.0030727268,3370
2bakabr1/9/9/p1p5p/4R1p2/2P1C4/P3n1r1P/4B4/4A2cN/2BAK2R1 b,-0.015823353,562
2baka1r1/9/4b4/p1p5p/4R1p2/2P1C4/P3n1r1P/4B4/4A2cN/2BAK2R1 w,0.0970448,3622
2baka1r1/9/4R4/p1p5p/6p2/2P1C4/P3n1r1P/4B4/4A2cN/2BAK2R1 b,-0.095717214,283
2b1ka1r1/4a4/4R4/p1p5p/6p2/2P1C4/P3n1r1P/4B4/4A2cN/2BAK2R1 w,0.11636918,2005
2b1ka1r1/4a4/7R1/p1p5p/6p2/2P1C4/P3n1r1P/4B4/4A2cN/2BAK2R1 b,-0.12351735,1191
2b1ka1r1/9/3a3R1/p1p5p/6p2/2P1C4/P3n1r1P/4B4/4A2cN/2BAK2R1 w,0.14419031,2257
2b1ka1R1/9/3a5/p1p5p/6p2/2P1C4/P3n1r1P/4B4/4A2cN/2BAK2R1 b,-0.13947602,5478
2b1ka1R1/9/3a5/p1p5p/6p2/2P1C4/P3n3P/4B4/4A1rcN/2BAK2R1 w,0.1664455,709
2b1ka3/9/3a5/p1p5p/6p2/2P1C4/P3n3P/4B4/4A1rRN/2BAK2R1 b,-0.16615991,7099
2b1ka3/9/3a5/p1p5p/6p2/2P1C4/P3n3P/4B4/4A2rN/2BAK2R1 w,0.16354783,7999
2b1ka3/9/3a5/p1p5p/6p2/2P1C4/P3n3P/4B4/4A2RN/2BAK4 b,-0.16339977,3831
2b1ka3/9/3a5/p1p5p/9/2P1C1p2/P3n3P/4B4/4A2RN/2BAK4 w,0.16694665,7171
2b1ka3/9/3a5/p1p5p/9/2P1C1p2/P3n2RP/4B4/4A3N/2BAK4 b,-0.15600926,4640
2b1ka3/9/3a5/p1p5p/9/2P1Cp3/P3n2RP/4B4/4A3N/2BAK4 w,0.15657707,5548
2b1ka3/9/3a5/p1p5p/9/2P1Cp3/P3R3P/4B4/4A3N/2BAK4 b,-0.15564615,4549
2b1ka3/9/3a5/p1p5p/9/2P1p4/P3R3P/4B4/4A3N/2BAK4 w,0.16136657,5269
2b1ka3/9/3a5/p1p5p/9/2P1R4/P7P/4B4/4A3N/2BAK4 b,-0.16189937,463
2b1k4/4a4/3a5/p1p5p/9/2P1R4/P7P/4B4/4A3N/2BAK4 w,0.16521588,7269
2b1k4/4a4/3a5/p1p5p/9/2P1R4/P7P/4B1N2/4A4/2BAK4 b,-0.16258371,2466
2b1k4/4a4/3a5/2p5p/p8/2P1R4/P7P/4B1N2/4A4/2BAK4 w,0.16575766,4441
2b1k4/4a4/3a5/2p1R3p/p8/2P6/P7P/4B1N2/4A4/2BAK4 b,-0.16789515,202
4k4/4a4/3ab4/2p1R3p/p8/2P6/P7P/4B1N2/4A4/2BAK4 w,0.17150323,2812
4k4/4a4/3aR4/2p5p/p8/2P6/P7P/4B1N2/4A4/2BAK4 b,-0.17111284,3194
4k4/4a4/3aR4/2p6/p7p/2P6/P7P/4B1N2/4A4/2BAK4 w,0.17051573,2020
4k4/4a4/3a5/2p6/p3R3p/2P6/P7P/4B1N2/4A4/2BAK4 b,-0.169838,4013
4k4/4a4/3a5/2p6/p3R4/2P5p/P7P/4B1N2/4A4/2BAK4 w,0.17470951,5633
4k4/4a4/3a5/2p6/p3R4/2P5P/P8/4B1N2/4A4/2BAK4 b,-0.17247176,3285
4k4/4a4/3a5/2p6/4R4/p1P5P/P8/4B1N2/4A4/2BAK4 w,0.1754226,4905
4k4/4a4/3a5/2p6/4R4/P1P5P/9/4B1N2/4A4/2BAK4 b,-0.17584234,363
3k5/4a4/3a5/2p6/4R4/P1P5P/9/4B1N2/4A4/2BAK4 w,0.17725416,6260
3k5/4a4/3a5/2p6/4R4/P1P2N2P/9/4B4/4A4/2BAK4 b,-0.17451175,274
4k4/4a4/3a5/2p6/4R4/P1P2N2P/9/4B4/4A4/2BAK4 w,0.17648378,4814
4k4/4a4/3a5/2p6/4R3P/P1P2N3/9/4B4/4A4/2BAK4 b,-0.17232202,363
3k5/4a4/3a5/2p6/4R3P/P1P2N3/9/4B4/4A4/2BAK4 w,0.1791431,4086
3k5/4a4/3a5/2p6/P3R3P/2P2N3/9/4B4/4A4/2BAK4 b,-0.17727791,274
4k4/4a4/3a5/2p6/P3R3P/2P2N3/9/4B4/4A4/2BAK4 w,0.17472582,4531
4k4/4a4/3a5/2p1N4/P3R3P/2P6/9/4B4/4A4/2BAK4 b,-0.1665313,1175
4ka3/9/3a5/2p1N4/P3R3P/2P6/9/4B4/4A4/2BAK4 w,0.17926185,6081
4ka3/9/3a5/2p1N4/P3R3P/2P3B2/9/9/4A4/2BAK4 b,-0.18098234,463
4k4/4a4/3a5/2p1N4/P3R3P/2P3B2/9/9/4A4/2BAK4 w,0.18148938,3277
4k4/4a4/3a5/2p1N4/1P2R3P/2P3B2/9/9/4A4/2BAK4 b,-0.18104327,1173
3ak4/9/3a5/2p1N4/1P2R3P/2P3B2/9/9/4A4/2BAK4 w,0.17961906,6908
3ak4/9/3a5/2p1N4/1P2R3P/2P3B2/9/5A3/9/2BAK4 b,-0.17995746,283
4k4/4a4/3a5/2p1N4/1P2R3P/2P3B2/9/5A3/9/2BAK4 w,0.18438458,3358
4k4/4a4/3a5/1Pp1N4/4R3P/2P3B2/9/5A3/9/2BAK4 b,-0.18664184,1173
3ak4/9/3a5/1Pp1N4/4R3P/2P3B2/9/5A3/9/2BAK4 w,0.18335895,2549
3ak4/9/3a5/2P1N4/4R3P/2P3B2/9/5A3/9/2BAK4 b,-0.18464671,283
4k4/4a4/3a5/2P1N4/4R3P/2P3B2/9/5A3/9/2BAK4 w,0.18616417,2640
4k4/4a4/3a5/3PN4/4R3P/2P3B2/9/5A3/9/2BAK4 b,-0.18879531,1193
4k4/9/3a1a3/3PN4/4R3P/2P3B2/9/5A3/9/2BAK4 w,0.19123402,2721
4k4/9/3P1a3/4N4/4R3P/2P3B2/9/5A3/9/2BAK4 b,-0.19042906,2083
4k4/4a4/3P5/4N4/4R3P/2P3B2/9/5A3/9/2BAK4 w,0.1964693,1902
4k4/3Pa4/9/4N4/4R3P/2P3B2/9/5A3/9/2BAK4 b,-0.1989352,365
5k3/3Pa4/9/4N4/4R3P/2P3B2/9/5A3/9/2BAK4 w,0.2,1093
rnbakabnr/9/1c5c1/p1p1p1p1p/9/9/P1P1P1P1P/1C5C1/9/RNBAKABNR w,0.0017991782,5827
rnbakabnr/9/1c5c1/p1p1p1p1p/9/9/P1P1P1P1P/4C2C1/9/RNBAKABNR b,-0.0017911792,110
r1bakabnr/9/1cn4c1/p1p1p1p1p/9/9/P1P1P1P1P/4C2C1/9/RNBAKABNR w,0.0018254519,7445
r1bakabnr/9/1cn4c1/p1p1p1p1p/9/9/P1P1P1P1P/2N1C2C1/9/R1BAKABNR b,-0.0018449068,562
r1baka1nr/9/1cn1b2c1/p1p1p1p1p/9/9/P1P1P1P1P/2N1C2C1/9/R1BAKABNR w,0.0019419909,7372
r1baka1nr/9/1cn1b2c1/p1p1p1p1p/9/9/P1P1P1P1P/2N1C2C1/9/1RBAKABNR b,-0.0017659307,1
1rbaka1nr/9/1cn1b2c1/p1p1p1p1p/9/9/P1P1P1P1P/2N1C2C1/9/1RBAKABNR w,0.0017125607,6368
1rbaka1nr/9/1cn1b2c1/p1p1p1p1p/9/9/P1P1P1P1P/2N1CC3/9/1RBAKABNR b,-0.0012857557,654
1rbaka2r/9/1cn1b1nc1/p1p1p1p1p/9/9/P1P1P1P1P/2N1CC3/9/1RBAKABNR w,0.0015488863,7989
1rbaka2r/9/1cn1b1nc1/p1p1p1p1p/9/9/P1P1P1P1P/2N1CCN2/9/1RBAKAB1R b,-0.0015004635,3012
1rbaka2r/9/1cn1b1nc1/p1p1p3p/6p2/9/P1P1P1P1P/2N1CCN2/9/1RBAKAB1R w,0.0018735885,8098
1rbaka2r/9/1cn1b1nc1/p1p1p3p/6p2/9/P1P1P1P1P/2N1CCN2/9/1RBAKABR1 b,-0.002026415,727
1rbaka1r1/9/1cn1b1nc1/p1p1p3p/6p2/9/P1P1P1P1P/2N1CCN2/9/1RBAKABR1 w,0.0025606155,5087
1rbaka1r1/9/1cn1b1nc1/p1p1p3p/6p2/2P6/P3P1P1P/2N1CCN2/9/1RBAKABR1 b,-0.0021623732,1765
1rbaka1r1/9/2n1b1nc1/p1p1p3p/6p2/2P6/Pc2P1P1P/2N1CCN2/9/1RBAKABR1 w,0.0047115325,5898
1rbaka1r1/9/2n1b1nc1/p1p1p3p/6p2/2PN5/Pc2P1P1P/4CCN2/9/1RBAKABR1 b,-0.0064492226,2311
1rbaka1r1/9/2n1b1n2/p1p1p3p/6p2/2PN5/Pc2P1PcP/4CCN2/9/1RBAKABR1 w,0.007815647,6143
1rbaka1r1/9/2n1bCn2/p1p1p3p/6p2/2PN5/Pc2P1PcP/4C1N2/9/1RBAKABR1 b,-0.008457172,1986
1rbakabr1/9/2n2Cn2/p1p1p3p/6p2/2PN5/Pc2P1PcP/4C1N2/9/1RBAKABR1 w,0.018145729,4351
1rbakabr1/9/2n2Cn2/p1p1N3p/6p2/2P6/Pc2P1PcP/4C1N2/9/1RBAKABR1 b,-0.004786694,1831
1rbakabr1/9/5Cn2/p1p1n3p/6p2/2P6/Pc2P1PcP/4C1N2/9/1RBAKABR1 w,0.005105925,6061
1rbakabr1/9/5Cn2/p1p1C3p/6p2/2P6/Pc2P1PcP/6N2/9/1RBAKABR1 b,0.009305882,109
2bakabr1/9/1r3Cn2/p1p1C3p/6p2/2P6/Pc2P1PcP/6N2/9/1RBAKABR1 w,0.0019269943,2839
2bakabr1/9/1r3Cn2/p1p5p/6p2/2P1C4/Pc2P1PcP/6N2/9/1RBAKABR1 b,0.0017400027,1733
2bakabr1/9/5rn2/p1p5p/6p2/2P1C4/Pc2P1PcP/6N2/9/1RBAKABR1 w,0.0096395975,7435
2bakabr1/9/5rn2/p1p5p/6p2/2P1C4/PR2P1PcP/6N2/9/2BAKABR1 b,-0.0070329546,2201
2bakabr1/9/5r3/p1p5p/5np2/2P1C4/PR2P1PcP/6N2/9/2BAKABR1 w,0.0140466215,4987
2bakabr1/9/5r3/p1p5p/1R3np2/2P1C4/P3P1PcP/6N2/9/2BAKABR1 b,-0.008271647,3750
2bakabr1/9/5r3/p1p5p/1R4p2/2P1C4/P3P1ncP/6N2/9/2BAKABR1 w,0.018846488,3372
2bakabr1/9/5r3/p1p5p/6R2/2P1C4/P3P1ncP/6N2/9/2BAKABR1 b,-0.0054710507,5449
2bakabr1/9/5r3/p1p5p/6R2/2P1n4/P3P2cP/6N2/9/2BAKABR1 w,0.0058068037,5269
2bakabr1/9/5r3/p1p5p/6R2/2P1P4/P6cP/6N2/9/2BAKABR1 b,0.00039632322,5560
2bakabr1/9/5r3/p1p5p/6R2/2P1P4/P7P/6Nc1/9/2BAKABR1 w,0.008595777,7999
2bakabr1/9/5r3/p1p5p/6R2/2P1P4/P7P/6Nc1/7R1/2BAKAB2 b,0.0017585278,2138
2bakabr1/9/9/p1p5p/6R2/2P1P4/P7P/5rNc1/7R1/2BAKAB2 w,0.010137009,4450
2bakabr1/9/9/p1p5p/4P1R2/2P6/P7P/5rNc1/7R1/2BAKAB2 b,-0.0040573836,562
2baka1r1/9/4b4/p1p5p/4P1R2/2P6/P7P/5rNc1/7R1/2BAKAB2 w,0.00874486,3813
2baka1r1/9/4b4/p1p3R1p/4P4/2P6/P7P/5rNc1/7R1/2BAKAB2 b,-0.0035921575,691
2baka3/9/4b4/p1p3R1p/4P4/2P6/P6rP/5rNc1/7R1/2BAKAB2 w,0.013775087,3631
2baka3/9/4b4/p1p1P1R1p/9/2P6/P6rP/5rNc1/7R1/2BAKAB2 b,-0.015677428,5548
2baka3/9/4b4/p1p1P1R1p/9/2P6/P3r3P/5rNc1/7R1/2BAKAB2 w,0.030141998,7186
2baka3/9/4b4/p1p1P1R1p/9/2P6/P3r3P/5rNc1/4R4/2BAKAB2 b,-0.019049717,5296
2baka3/9/4b4/p1p1P1R1p/9/2P6/P7P/5rNc1/4r4/2BAKAB2 w,0.018544436,7636
2baka3/9/4b4/p1p1P1R1p/9/2P6/P7P/5rNc1/4A4/2B1KAB2 b,-0.011163783,6185
2baka3/9/4b4/p1p1P1R1p/9/2P6/P7P/2r3Nc1/4A4/2B1KAB2 w,0.024532652,6268
2baka3/9/4b4/p1p1P1R1p/9/2P6/P3N3P/2r4c1/4A4/2B1KAB2 b,-0.01999606,5933
2baka3/9/4b4/p1p1P1R1p/9/2P6/P3N3P/7c1/4A4/2r1KAB2 w,0.01936605,6924
2baka3/9/4b4/p1p1P1R1p/9/2P6/P3N3P/7c1/9/2rAKAB2 b,-0.016875029,7526
2baka3/9/4b4/p1p1P1R1p/9/2P6/P1r1N3P/7c1/9/3AKAB2 w,0.031028366,5259
2baka3/9/4b4/p1p1P1R1p/3N5/2P6/P1r5P/7c1/9/3AKAB2 b,-0.016199445,5097
2baka3/9/4b4/p1p1P1R1p/3N5/2P6/P2r4P/7c1/9/3AKAB2 w,0.026368355,3538
2baka3/9/4b4/pNp1P1R1p/9/2P6/P2r4P/7c1/9/3AKAB2 b,-0.017907215,6316
2baka3/7c1/4b4/pNp1P1R1p/9/2P6/P2r4P/9/9/3AKAB2 w,0.03697126,2985
2baka3/6Rc1/4b4/pNp1P3p/9/2P6/P2r4P/9/9/3AKAB2 b,-0.01697402,5185
2baka3/6Rc1/4b4/pNp1P3p/9/2P6/Pr6P/9/9/3AKAB2 w,0.028127646,2812
2baka3/6Rc1/4P4/pNp5p/9/2P6/Pr6P/9/9/3AKAB2 b,-0.0066874744,4978
2baka3/6Rc1/4P4/prp5p/9/2P6/P7P/9/9/3AKAB2 w,0.013324547,1366
2baka3/7R1/4P4/prp5p/9/2P6/P7P/9/9/3AKAB2 b,-0.0035876513,202
3aka3/7R1/4b4/prp5p/9/2P6/P7P/9/9/3AKAB2 w,0.006911707,1465
3aka3/9/4b2R1/prp5p/9/2P6/P7P/9/9/3AKAB2 b,-0.0032565712,2539
3aka3/9/1r2b2R1/p1p5p/9/2P6/P7P/9/9/3AKAB2 w,0.0060099843,2273
3aka3/9/1r2bR3/p1p5p/9/2P6/P7P/9/9/3AKAB2 b,-0.003328848,283
4ka3/4a4/1r2bR3/p1p5p/9/2P6/P7P/9/9/3AKAB2 w,0.0032253743,2102
4ka3/4a4/1r2b4/p1p2R2p/9/2P6/P7P/9/9/3AKAB2 b,-0.0019007445,1765
4ka3/4a4/4b4/p1p2R2p/9/2P6/Pr6P/9/9/3AKAB2 w,0.0045932294,2909
4ka3/4a4/4b4/p1R5p/9/2P6/Pr6P/9/9/3AKAB2 b,-0.003100586,5012
4ka3/4a4/4b4/p1R5p/9/2P6/P7r/9/9/3AKAB2 w,0.0062509063,2637
4ka3/4a4/4b4/R7p/9/2P6/P7r/9/9/3AKAB2 b,-0.0033566952,5638
4ka3/4a4/4b4/R7p/9/2P6/P3r4/9/9/3AKAB2 w,0.0029034615,7636
4ka3/4a4/4b4/R7p/9/2P6/P3r4/9/4A4/4KAB2 b,-0.00007340908,1982
2b1ka3/4a4/9/R7p/9/2P6/P3r4/9/4A4/4KAB2 w,0.00093081,2460
2b1ka3/4a4/9/3R4p/9/2P6/P3r4/9/4A4/4KAB2 b,0.00085685257,5274
2b1ka3/4a4/9/3R4p/9/2P6/r8/9/4A4/4KAB2 w,0.0010639668,2735
2b1ka3/4a4/9/8R/9/2P6/r8/9/4A4/4KAB2 b,0.016617035,1173
2baka3/9/9/8R/9/2P6/r8/9/4A4/4KAB2 w,0.0015866042,3181
2baka3/9/9/4R4/9/2P6/r8/9/4A4/4KAB2 b,-0.001777792,463
2bak4/4a4/9/4R4/9/2P6/r8/9/4A4/4KAB2 w,0.0069833994,2825
2bak4/4a4/9/8R/9/2P6/r8/9/4A4/4KAB2 b,0.018158246,1193
2bak4/9/5a3/8R/9/2P6/r8/9/4A4/4KAB2 w,0.00074002746,3181
2bak4/9/5a3/4R4/9/2P6/r8/9/4A4/4KAB2 b,-0.0013610125,283
2b1k4/4a4/5a3/4R4/9/2P6/r8/9/4A4/4KAB2 w,0.001437974,2819
2b1k4/4a4/5a3/2R6/9/2P6/r8/9/4A4/4KAB2 b,0.021413995,1173
2bak4/9/5a3/2R6/9/2P6/r8/9/4A4/4KAB2 w,0,2641
rnbakabnr/9/1c5c1/p1p1p1p1p/9/9/P1P1P1P1P/1C5C1/9/RNBAKABNR w,0.0018166065,5827
rnbakabnr/9/1c5c1/p1p1p1p1p/9/9/P1P1P1P1P/4C2C1/9/RNBAKABNR b,-0.0017805815,110
r1bakabnr/9/1cn4c1/p1p1p1p1p/9/9/P1P1P1P1P/4C2C1/9/RNBAKABNR w,0.0018357992,7445
r1bakabnr/9/1cn4c1/p1p1p1p1p/9/9/P1P1P1P1P/2N1C2C1/9/R1BAKABNR b,-0.0018071294,562
r1baka1nr/9/1cn1b2c1/p1p1p1p1p/9/9/P1P1P1P1P/2N1C2C1/9/R1BAKABNR w,0.0019635202,7372
r1baka1nr/9/1cn1b2c1/p1p1p1p1p/9/9/P1P1P1P1P/2N1C2C1/9/1RBAKABNR b,-0.0017779947,1
1rbaka1nr/9/1cn1b2c1/p1p1p1p1p/9/9/P1P1P1P1P/2N1C2C1/9/1RBAKABNR w,0.0016926051,6368
1rbaka1nr/9/1cn1b2c1/p1p1p1p1p/9/9/P1P1P1P1P/2N1CC3/9/1RBAKABNR b,-0.0012575627,654
1rbaka2r/9/1cn1b1nc1/p1p1p1p1p/9/9/P1P1P1P1P/2N1CC3/9/1RBAKABNR w,0.0015751123,7989
1rbaka2r/9/1cn1b1nc1/p1p1p1p1p/9/9/P1P1P1P1P/2N1CCN2/9/1RBAKAB1R b,-0.0013729454,3012
1rbaka2r/9/1cn1b1nc1/p1p1p3p/6p2/9/P1P1P1P1P/2N1CCN2/9/1RBAKAB1R w,0.0018723011,8098
1rbaka2r/9/1cn1b1nc1/p1p1p3p/6p2/9/P1P1P1P1P/2N1CCN2/9/1RBAKABR1 b,-0.0020040155,727
1rbaka1r1/9/1cn1b1nc1/p1p1p3p/6p2/9/P1P1P1P1P/2N1CCN2/9/1RBAKABR1 w,0.0025175572,5087
1rbaka1r1/9/1cn1b1nc1/p1p1p3p/6p2/2P6/P3P1P1P/2N1CCN2/9/1RBAKABR1 b,-0.00222739,1765
1rbaka1r1/9/2n1b1nc1/p1p1p3p/6p2/2P6/Pc2P1P1P/2N1CCN2/9/1RBAKABR1 w,0.004753709,5898
1rbaka1r1/9/2n1b1nc1/p1p1p3p/6p2/2PN5/Pc2P1P1P/4CCN2/9/1RBAKABR1 b,-0.006537807,2311
1rbaka1r1/9/2n1b1n2/p1p1p3p/6p2/2PN5/Pc2P1PcP/4CCN2/9/1RBAKABR1 w,0.00785358,6143
1rbaka1r1/9/2n1bCn2/p1p1p3p/6p2/2PN5/Pc2P1PcP/4C1N2/9/1RBAKABR1 b,-0.008902455,1986
1rbakabr1/9/2n2Cn2/p1p1p3p/6p2/2PN5/Pc2P1PcP/4C1N2/9/1RBAKABR1 w,0.01654017,4351
1rbakabr1/9/2n2Cn2/p1p1N3p/6p2/2P6/Pc2P1PcP/4C1N2/9/1RBAKABR1 b,-0.004786694,1831
1rbakabr1/9/5Cn2/p1p1n3p/6p2/2P6/Pc2P1PcP/4C1N2/9/1RBAKABR1 w,0.005008125,6061
1rbakabr1/9/5Cn2/p1p1C3p/6p2/2P6/Pc2P1PcP/6N2/9/1RBAKABR1 b,0.0092765335,109
2bakabr1/9/1r3Cn2/p1p1C3p/6p2/2P6/Pc2P1PcP/6N2/9/1RBAKABR1 w,0.0020567894,2839
2bakabr1/9/1r3Cn2/p1p5p/6p2/2P1C4/Pc2P1PcP/6N2/9/1RBAKABR1 b,0.0012031317,1733
2bakabr1/9/5rn2/p1p5p/6p2/2P1C4/Pc2P1PcP/6N2/9/1RBAKABR1 w,0.009648657,7435
2bakabr1/9/5rn2/p1p5p/6p2/2P1C4/PR2P1PcP/6N2/9/2BAKABR1 b,-0.006377995,2201
2bakabr1/9/5r3/p1p5p/5np2/2P1C4/PR2P1PcP/6N2/9/2BAKABR1 w,0.013821912,4987
2bakabr1/9/5r3/p1p5p/1R3np2/2P1C4/P3P1PcP/6N2/9/2BAKABR1 b,-0.008365214,3750
2bakabr1/9/5r3/p1p5p/1R4p2/2P1C4/P3P1ncP/6N2/9/2BAKABR1 w,0.01894095,3372
2bakabr1/9/5r3/p1p5p/6R2/2P1C4/P3P1ncP/6N2/9/2BAKABR1 b,-0.005449605,5449
2bakabr1/9/5r3/p1p5p/6R2/2P1n4/P3P2cP/6N2/9/2BAKABR1 w,0.0059191226,5269
2bakabr1/9/5r3/p1p5p/6R2/2P1P4/P6cP/6N2/9/2BAKABR1 b,0.0003559351,5560
2bakabr1/9/5r3/p1p5p/6R2/2P1P4/P7P/6Nc1/9/2BAKABR1 w,0.008816696,7999
2bakabr1/9/5r3/p1p5p/6R2/2P1P4/P7P/6Nc1/7R1/2BAKAB2 b,0.0021446228,2138
2bakabr1/9/9/p1p5p/6R2/2P1P4/P7P/5rNc1/7R1/2BAKAB2 w,0.0013080597,3813
2bakabr1/9/9/p1p3R1p/9/2P1P4/P7P/5rNc1/7R1/2BAKAB2 b,-0.0004974723,691
2bakab2/9/9/p1p3R1p/9/2P1P4/P6rP/5rNc1/7R1/2BAKAB2 w,0.014427495,2976
2bakaR2/9/9/p1p5p/9/2P1P4/P6rP/5rNc1/7R1/2BAKAB2 b,-0.003970373,5548
2bakaR2/9/9/p1p5p/9/2P1P4/P3r3P/5rNc1/7R1/2BAKAB2 w,0.034424495,7816
2bakaR2/9/9/p1p5p/9/2P1P4/P3r3P/5rNc1/4A2R1/2BAK1B2 b,-0.020394517,6371
2bakaR2/9/9/p1p5p/9/2P1P4/P3r3P/5rN1c/4A2R1/2BAK1B2 w,0.051615454,7117
2bakaRR1/9/9/p1p5p/9/2P1P4/P3r3P/5rN1c/4A4/2BAK1B2 b,-0.06785791,6479
2bakaRR1/9/9/p1p5p/9/2P1P4/P3r3P/5rN2/4A4/2BAK1B1c w,0.083505824,7897
2bakaRR1/9/9/p1p5p/9/2P1P4/P3r3P/4BrN2/4A4/2BAK3c b,-0.07028892,6189
2bakaRR1/9/9/p1p5p/9/2P1P4/P3r3P/4B1r2/4A4/2BAK3c w,0.08599901,609
2baka1R1/9/9/p1p5p/9/2P1P4/P3r3P/4B1R2/4A4/2BAK3c b,-0.075480126,283
2b1ka1R1/4a4/9/p1p5p/9/2P1P4/P3r3P/4B1R2/4A4/2BAK3c w,0.08320921,664
2b1ka3/4a4/9/p1p4Rp/9/2P1P4/P3r3P/4B1R2/4A4/2BAK3c b,-0.082413174,5282
2b1ka3/4a4/9/p1p4Rp/9/2P1P4/P7r/4B1R2/4A4/2BAK3c w,0.09189065,6243
2b1ka3/4a4/9/p1p3RRp/9/2P1P4/P7r/4B4/4A4/2BAK3c b,-0.08944028,2466
2b1ka3/4a4/9/2p3RRp/p8/2P1P4/P7r/4B4/4A4/2BAK3c w,0.09327228,2999
2b1ka3/4a4/9/2R4Rp/p8/2P1P4/P7r/4B4/4A4/2BAK3c b,-0.08743842,202
4ka3/4a4/4b4/2R4Rp/p8/2P1P4/P7r/4B4/4A4/2BAK3c w,0.09479554,4268
4ka3/4a4/4b4/2R4Rp/p1P6/4P4/P7r/4B4/4A4/2BAK3c b,-0.0918227,5624
4ka3/4a4/4b4/2R4Rp/p1P5r/4P4/P8/4B4/4A4/2BAK3c w,0.09483891,3459
4ka3/4a4/4b4/2R4Rp/p2P4r/4P4/P8/4B4/4A4/2BAK3c b,-0.08091793,3999
4ka3/4a4/4b4/2R4Rp/p2r5/4P4/P8/4B4/4A4/2BAK3c w,0.08870051,3095
4ka3/4a4/4b4/2R5R/p2r5/4P4/P8/4B4/4A4/2BAK3c b,-0.07986181,8054
4ka3/4a4/4b4/2R5R/p2r4c/4P4/P8/4B4/4A4/2BAK4 w,0.08720412,3181
4ka3/4a4/4b4/2R1R4/p2r4c/4P4/P8/4B4/4A4/2BAK4 b,-0.07137573,1986
4kab2/4a4/9/2R1R4/p2r4c/4P4/P8/4B4/4A4/2BAK4 w,0.08372869,2666
4kab2/4a4/9/4R4/p2r4c/4P4/P1R6/4B4/4A4/2BAK4 b,-0.07321681,3977
4kab2/4a3c/9/4R4/p2r5/4P4/P1R6/4B4/4A4/2BAK4 w,0.089543395,4450
4kab2/4a3c/9/4R4/p2rP4/9/P1R6/4B4/4A4/2BAK4 b,-0.08326056,3531
4kab2/4a3c/3r5/4R4/p3P4/9/P1R6/4B4/4A4/2BAK4 w,0.09879203,6081
4kab2/4a3c/3r5/4R4/p3P4/6B2/P1R6/9/4A4/2BAK4 b,-0.08926686,1556
4kab2/4a4/3r4c/4R4/p3P4/6B2/P1R6/9/4A4/2BAK4 w,0.09152176,5042
2R1kab2/4a4/3r4c/4R4/p3P4/6B2/P8/9/4A4/2BAK4 b,-0.08928131,1893
2Rrkab2/4a4/8c/4R4/p3P4/6B2/P8/9/4A4/2BAK4 w,0.08927317,200
3rkab2/4a4/2R5c/4R4/p3P4/6B2/P8/9/4A4/2BAK4 b,-0.071424656,2362
3rkab2/4a4/2R1c4/4R4/p3P4/6B2/P8/9/4A4/2BAK4 w,0.08245044,1856
3rkab2/4a4/4c4/4R4/p3P4/6B2/P1R6/9/4A4/2BAK4 b,-0.07273519,309
4kab2/4a4/4c4/4R4/p2rP4/6B2/P1R6/9/4A4/2BAK4 w,0.12619483,2812
4kab2/4a4/4R4/9/p2rP4/6B2/P1R6/9/4A4/2BAK4 b,-0.120973445,562
4ka3/4a4/4b4/9/p2rP4/6B2/P1R6/9/4A4/2BAK4 w,0.12698062,3639
4ka3/4a4/4b4/9/p2P5/6B2/P1R6/9/4A4/2BAK4 b,-0.12300246,1173
3aka3/9/4b4/9/p2P5/6B2/P1R6/9/4A4/2BAK4 w,0.14302841,5098
3aka3/9/4b4/9/p2P5/6B2/P3R4/9/4A4/2BAK4 b,-0.14207573,373
3a1a3/4k4/4b4/9/p2P5/6B2/P3R4/9/4A4/2BAK4 w,0.15108927,3540
3a1a3/4k4/4b4/3P5/p8/6B2/P3R4/9/4A4/2BAK4 b,-0.14497195,1174
3aka3/9/4b4/3P5/p8/6B2/P3R4/9/4A4/2BAK4 w,0.1439218,5242
3aka3/9/4R4/3P5/p8/6B2/P8/9/4A4/2BAK4 b,-0.15498322,463
3ak4/4a4/4R4/3P5/p8/6B2/P8/9/4A4/2BAK4 w,0.17292862,2038
3ak4/4a4/9/3P5/p8/6B2/P3R4/9/4A4/2BAK4 b,-0.16303796,365
3a1k3/4a4/9/3P5/p8/6B2/P3R4/9/4A4/2BAK4 w,0.1686083,5279
3a1k3/4a4/9/3P5/p8/6B2/P4R3/9/4A4/2BAK4 b,-0.15754119,1193
3a1k3/9/5a3/3P5/p8/6B2/P4R3/9/4A4/2BAK4 w,0.1602687,5333
3a1k3/9/5R3/3P5/p8/6B2/P8/9/4A4/2BAK4 b,-0.16062449,454
3ak4/9/5R3/3P5/p8/6B2/P8/9/4A4/2BAK4 w,0.15800372,2092
3ak4/9/4R4/3P5/p8/6B2/P8/9/4A4/2BAK4 b,-0.16428773,283
4k4/4a4/4R4/3P5/p8/6B2/P8/9/4A4/2BAK4 w,0.17519085,2011
4k4/4a4/9/3PR4/p8/6B2/P8/9/4A4/2BAK4 b,-0.17169778,3285
4k4/4a4/9/3PR4/9/p5B2/P8/9/4A4/2BAK4 w,0.18650523,4905
4k4/4a4/9/3PR4/9/P5B2/9/9/4A4/2BAK4 b,-0.18955302,365
5k3/4a4/9/3PR4/9/P5B2/9/9/4A4/2BAK4 w,0.2,2803
rnbakabnr/9/1c5c1/p1p1p1p1p/9/9/P1P1P1P1P/1C5C1/9/RNBAKABNR w,0.001792574,5827
rnbakabnr/9/1c5c1/p1p1p1p1p/9/9/P1P1P1P1P/4C2C1/9/RNBAKABNR b,-0.0017681838,110
r1bakabnr/9/1cn4c1/p1p1p1p1p/9/9/P1P1P1P1P/4C2C1/9/RNBAKABNR w,0.0018176556,7445
r1bakabnr/9/1cn4c1/p1p1p1p1p/9/9/P1P1P1P1P/2N1C2C1/9/R1BAKABNR b,-0.0018395424,562
r1baka1nr/9/1cn1b2c1/p1p1p1p1p/9/9/P1P1P1P1P/2N1C2C1/9/R1BAKABNR w,0.001905489,7372
r1baka1nr/9/1cn1b2c1/p1p1p1p1p/9/9/P1P1P1P1P/2N1C2C1/9/1RBAKABNR b,-0.001774776,1
1rbaka1nr/9/1cn1b2c1/p1p1p1p1p/9/9/P1P1P1P1P/2N1C2C1/9/1RBAKABNR w,0.0017125607,6368
1rbaka1nr/9/1cn1b2c1/p1p1p1p1p/9/9/P1P1P1P1P/2N1CC3/9/1RBAKABNR b,-0.0012719751,654
1rbaka2r/9/1cn1b1nc1/p1p1p1p1p/9/9/P1P1P1P1P/2N1CC3/9/1RBAKABNR w,0.0016003847,7989
1rbaka2r/9/1cn1b1nc1/p1p1p1p1p/9/9/P1P1P1P1P/2N1CCN2/9/1RBAKAB1R b,-0.0013823033,3012
1rbaka2r/9/1cn1b1nc1/p1p1p3p/6p2/9/P1P1P1P1P/2N1CCN2/9/1RBAKAB1R w,0.0018723011,8098
1rbaka2r/9/1cn1b1nc1/p1p1p3p/6p2/9/P1P1P1P1P/2N1CCN2/9/1RBAKABR1 b,-0.002026415,727
1rbaka1r1/9/1cn1b1nc1/p1p1p3p/6p2/9/P1P1P1P1P/2N1CCN2/9/1RBAKABR1 w,0.002792716,5087
1rbaka1r1/9/1cn1b1nc1/p1p1p3p/6p2/2P6/P3P1P1P/2N1CCN2/9/1RBAKABR1 b,-0.0021214485,1765
1rbaka1r1/9/2n1b1nc1/p1p1p3p/6p2/2P6/Pc2P1P1P/2N1CCN2/9/1RBAKABR1 w,0.004761744,5898
1rbaka1r1/9/2n1b1nc1/p1p1p3p/6p2/2PN5/Pc2P1P1P/4CCN2/9/1RBAKABR1 b,-0.006410396,2311
1rbaka1r1/9/2n1b1n2/p1p1p3p/6p2/2PN5/Pc2P1PcP/4CCN2/9/1RBAKABR1 w,0.0079074865,6143
1rbaka1r1/9/2n1bCn2/p1p1p3p/6p2/2PN5/Pc2P1PcP/4C1N2/9/1RBAKABR1 b,-0.008902455,1986
1rbakabr1/9/2n2Cn2/p1p1p3p/6p2/2PN5/Pc2P1PcP/4C1N2/9/1RBAKABR1 w,0.018145729,4351
1rbakabr1/9/2n2Cn2/p1p1N3p/6p2/2P6/Pc2P1PcP/4C1N2/9/1RBAKABR1 b,-0.004786694,1831
1rbakabr1/9/5Cn2/p1p1n3p/6p2/2P6/Pc2P1PcP/4C1N2/9/1RBAKABR1 w,0.005099082,6061
1rbakabr1/9/5Cn2/p1p1C3p/6p2/2P6/Pc2P1PcP/6N2/9/1RBAKABR1 b,0.009412336,109
2bakabr1/9/1r3Cn2/p1p1C3p/6p2/2P6/Pc2P1PcP/6N2/9/1RBAKABR1 w,0.0018212795,2839
2bakabr1/9/1r3Cn2/p1p5p/6p2/2P1C4/Pc2P1PcP/6N2/9/1RBAKABR1 b,0.0017753363,1733
2bakabr1/9/5rn2/p1p5p/6p2/2P1C4/Pc2P1PcP/6N2/9/1RBAKABR1 w,0.009676695,7435
2bakabr1/9/5rn2/p1p5p/6p2/2P1C4/PR2P1PcP/6N2/9/2BAKABR1 b,-0.007027888,2201
2bakabr1/9/5r3/p1p5p/5np2/2P1C4/PR2P1PcP/6N2/9/2BAKABR1 w,0.013429142,4987
2bakabr1/9/5r3/p1p5p/1R3np2/2P1C4/P3P1PcP/6N2/9/2BAKABR1 b,-0.008262837,3750
2bakabr1/9/5r3/p1p5p/1R4p2/2P1C4/P3P1ncP/6N2/9/2BAKABR1 w,0.019280815,3372
2bakabr1/9/5r3/p1p5p/6R2/2P1C4/P3P1ncP/6N2/9/2BAKABR1 b,-0.0054523586,5449
2bakabr1/9/5r3/p1p5p/6R2/2P1n4/P3P2cP/6N2/9/2BAKABR1 w,0.0058344128,5269
2bakabr1/9/5r3/p1p5p/6R2/2P1P4/P6cP/6N2/9/2BAKABR1 b,0.00059363846,5560
2bakabr1/9/5r3/p1p5p/6R2/2P1P4/P7P/6Nc1/9/2BAKABR1 w,0.00946455,7999
2bakabr1/9/5r3/p1p5p/6R2/2P1P4/P7P/6Nc1/7R1/2BAKAB2 b,0.0013684988,2138
2bakabr1/9/9/p1p5p/6R2/2P1P4/P7P/5rNc1/7R1/2BAKAB2 w,0.00046977997,3813
2bakabr1/9/9/p1p3R1p/9/2P1P4/P7P/5rNc1/7R1/2BAKAB2 b,-0.0004974723,691
2bakab2/9/9/p1p3R1p/9/2P1P4/P6rP/5rNc1/7R1/2BAKAB2 w,0.014176059,2976
2bakaR2/9/9/p1p5p/9/2P1P4/P6rP/5rNc1/7R1/2BAKAB2 b,-0.0037906528,5548
2bakaR2/9/9/p1p5p/9/2P1P4/P3r3P/5rNc1/7R1/2BAKAB2 w,0.030360937,7816
2bakaR2/9/9/p1p5p/9/2P1P4/P3r3P/5rNc1/4A2R1/2BAK1B2 b,-0.020394517,6371
2bakaR2/9/9/p1p5p/9/2P1P4/P3r3P/5rN1c/4A2R1/2BAK1B2 w,0.05789831,7117
2bakaRR1/9/9/p1p5p/9/2P1P4/P3r3P/5rN1c/4A4/2BAK1B2 b,-0.06741798,6479
2bakaRR1/9/9/p1p5p/9/2P1P4/P3r3P/5rN2/4A4/2BAK1B1c w,0.08357024,7897
2bakaRR1/9/9/p1p5p/9/2P1P4/P3r3P/4BrN2/4A4/2BAK3c b,-0.07056246,6189
2bakaRR1/9/9/p1p5p/9/2P1P4/P3r3P/4B1r2/4A4/2BAK3c w,0.08558319,609
2baka1R1/9/9/p1p5p/9/2P1P4/P3r3P/4B1R2/4A4/2BAK3c b,-0.07604363,283
2b1ka1R1/4a4/9/p1p5p/9/2P1P4/P3r3P/4B1R2/4A4/2BAK3c w,0.08282969,664
2b1ka3/4a4/9/p1p4Rp/9/2P1P4/P3r3P/4B1R2/4A4/2BAK3c b,-0.08353072,5282
2b1ka3/4a4/9/p1p4Rp/9/2P1P4/P7r/4B1R2/4A4/2BAK3c w,0.08450277,3089
2b1ka3/4a4/9/p1R5p/9/2P1P4/P7r/4B1R2/4A4/2BAK3c b,-0.07750094,202
4ka3/4a4/4b4/p1R5p/9/2P1P4/P7r/4B1R2/4A4/2BAK3c w,0.094846584,6234
4ka3/4a4/4b1R2/p1R5p/9/2P1P4/P7r/4B4/4A4/2BAK3c b,-0.085311614,5641
4ka3/4a4/4b1R2/p1R5p/9/2P1P4/P6r1/4B4/4A4/2BAK3c w,0.09058442,2182
4ka3/4a4/4R4/p1R5p/9/2P1P4/P6r1/4B4/4A4/2BAK3c b,-0.070412,5578
4ka3/4a4/4R4/p1R5p/9/2P1P4/P8/4B4/4A4/2BAK2rc w,0.03320029,6117
4ka3/4a4/4R4/p1R5p/9/2P1P4/P8/9/4A4/2BAK1Brc b,0.005848527,8007
4ka3/4a4/4R4/p1R5p/9/2P1P4/P8/9/4A4/2BAK1r1c w,-0.008545267,6926
4ka3/4a4/4R4/p1R5p/9/2P1P4/P8/9/9/2BAKAr1c b,0.024021698,7863
4ka3/4a4/4R4/p1R3r1p/9/2P1P4/P8/9/9/2BAKA2c w,-0.016122675,7816
4ka3/4a4/4R4/p1R3r1p/9/2P1P4/P8/9/4A4/2BAK3c b,0.03341961,2999
4ka3/4a4/4R4/p1r5p/9/2P1P4/P8/9/4A4/2BAK3c w,-0.028923308,1999
4ka3/4a4/1R7/p1r5p/9/2P1P4/P8/9/4A4/2BAK3c b,0.026351644,2657
4ka3/4a4/1R7/p7p/9/2r1P4/P8/9/4A4/2BAK3c w,-0.024174822,1711
1R2ka3/4a4/9/p7p/9/2r1P4/P8/9/4A4/2BAK3c b,0.03470285,1173
1R1aka3/9/9/p7p/9/2r1P4/P8/9/4A4/2BAK3c w,-0.026024723,118
3aka3/9/9/pR6p/9/2r1P4/P8/9/4A4/2BAK3c b,0.02969854,4279
3aka3/9/9/pR6p/9/4r4/P8/9/4A4/2BAK3c w,-0.023563504,2555
3aka3/9/9/p7R/9/4r4/P8/9/4A4/2BAK3c b,0.033965517,8094
3aka3/9/9/p7R/9/4r4/P8/9/4A4/2BcK4 w,-0.0059874295,7734
3aka3/9/9/p7R/9/4r4/P8/9/4A4/2BK5 b,0.009293032,4486
3aka3/9/9/p7R/9/9/P8/9/4r4/2BK5 w,-0.0062283278,3177
3aka3/9/9/R8/9/9/P8/9/4r4/2BK5 b,0.020996595,6898
3aka3/9/9/R8/9/9/P3r4/9/9/2BK5 w,-0.0029861808,2460
3aka3/9/9/3R5/9/9/P3r4/9/9/2BK5 b,0.012701416,5274
3aka3/9/9/3R5/9/9/r8/9/9/2BK5 w,-0.012728381,2703
3Rka3/9/9/9/9/9/r8/9/9/2BK5 b,0.007954026,373
3R1a3/4k4/9/9/9/9/r8/9/9/2BK5 w,0.0046999934,7537
3R1a3/4k4/9/9/9/9/r8/4B4/9/3K5 b,0.010650492,4923
3R1a3/4k4/9/9/9/9/9/r3B4/9/3K5 w,-0.0015648603,275
5R3/4k4/9/9/9/9/9/r3B4/9/3K5 b,0.021289373,5737
5R3/4k4/9/9/9/9/9/4r4/9/3K5 w,-0.004998553,453
3R5/4k4/9/9/9/9/9/4r4/9/3K5 b,0.017282082,6098
3R5/4k4/9/9/9/9/9/5r3/9/3K5 w,-0.013457144,282
9/3Rk4/9/9/9/9/9/5r3/9/3K5 b,0.010134983,1174
4k4/3R5/9/9/9/9/9/5r3/9/3K5 w,-0.0054973005,7635
4k4/3R5/9/9/9/9/9/5r3/3K5/9 b,0.01303184,6152
4k4/3R5/9/5r3/9/9/9/9/3K5/9 w,0.0034960986,1128
4k4/9/9/5r3/9/3R5/9/9/3K5/9 b,0.004227519,365
5k3/9/9/5r3/9/3R5/9/9/3K5/9 w,0.009984232,4341
5k3/9/3R5/5r3/9/9/9/9/3K5/9 b,0.009454108,454
4k4/9/3R5/5r3/9/9/9/9/3K5/9 w,0.00038580896,1912
4k4/9/4R4/5r3/9/9/9/9/3K5/9 b,-0.00025260448,365
5k3/9/4R4/5r3/9/9/9/9/3K5/9 w,0.01102438,6826
5k3/9/4R4/5r3/9/9/9/9/4K4/9 b,0.0043038847,464
9/5k3/4R4/5r3/9/9/9/9/4K4/9 w,-0.0023611546,1993
9/4Rk3/9/5r3/9/9/9/9/4K4/9 b,-0.00082832575,1283
9/4R4/5k3/5r3/9/9/9/9/4K4/9 w,0.009647274,1174
4R4/9/5k3/5r3/9/9/9/9/4K4/9 b,0.00048398972,2084
4R4/5k3/9/5r3/9/9/9/9/4K4/9 w,0,373
rnbakabnr/9/1c5c1/p1p1p1p1p/9/9/P1P1P1P1P/1C5C1/9/RNBAKABNR w,0.0017450333,5827
rnbakabnr/9/1c5c1/p1p1p1p1p/9/9/P1P1P1P1P/4C2C1/9/RNBAKABNR b,-0.0017668129,110
r1bakabnr/9/1cn4c1/p1p1p1p1p/9/9/P1P1P1P1P/4C2C1/9/RNBAKABNR w,0.0018357992,7445
r1bakabnr/9/1cn4c1/p1p1p1p1p/9/9/P1P1P1P1P/2N1C2C1/9/R1BAKABNR b,-0.0018089175,562
r1baka1nr/9/1cn1b2c1/p1p1p1p1p/9/9/P1P1P1P1P/2N1C2C1/9/R1BAKABNR w,0.0019465685,7372
r1baka1nr/9/1cn1b2c1/p1p1p1p1p/9/9/P1P1P1P1P/2N1C2C1/9/1RBAKABNR b,-0.0017700195,1
1rbaka1nr/9/1cn1b2c1/p1p1p1p1p/9/9/P1P1P1P1P/2N1C2C1/9/1RBAKABNR w,0.0017012835,6368
1rbaka1nr/9/1cn1b2c1/p1p1p1p1p/9/9/P1P1P1P1P/2N1CC3/9/1RBAKABNR b,-0.0012857557,654
1rbaka2r/9/1cn1b1nc1/p1p1p1p1p/9/9/P1P1P1P1P/2N1CC3/9/1RBAKABNR w,0.0016003847,7989
1rbaka2r/9/1cn1b1nc1/p1p1p1p1p/9/9/P1P1P1P1P/2N1CCN2/9/1RBAKAB1R b,-0.0013685942,3012
1rbaka2r/9/1cn1b1nc1/p1p1p3p/6p2/9/P1P1P1P1P/2N1CCN2/9/1RBAKAB1R w,0.001875639,8098
1rbaka2r/9/1cn1b1nc1/p1p1p3p/6p2/9/P1P1P1P1P/2N1CCN2/9/1RBAKABR1 b,-0.002026415,727
1rbaka1r1/9/1cn1b1nc1/p1p1p3p/6p2/9/P1P1P1P1P/2N1CCN2/9/1RBAKABR1 w,0.0027678253,5087
1rbaka1r1/9/1cn1b1nc1/p1p1p3p/6p2/2P6/P3P1P1P/2N1CCN2/9/1RBAKABR1 b,-0.002183795,1765
1rbaka1r1/9/2n1b1nc1/p1p1p3p/6p2/2P6/Pc2P1P1P/2N1CCN2/9/1RBAKABR1 w,0.0047060014,5898
1rbaka1r1/9/2n1b1nc1/p1p1p3p/6p2/2PN5/Pc2P1P1P/4CCN2/9/1RBAKABR1 b,-0.0063603404,2311
1rbaka1r1/9/2n1b1n2/p1p1p3p/6p2/2PN5/Pc2P1PcP/4CCN2/9/1RBAKABR1 w,0.00783546,6143
1rbaka1r1/9/2n1bCn2/p1p1p3p/6p2/2PN5/Pc2P1PcP/4C1N2/9/1RBAKABR1 b,-0.008902455,1986
1rbakabr1/9/2n2Cn2/p1p1p3p/6p2/2PN5/Pc2P1PcP/4C1N2/9/1RBAKABR1 w,0.01849935,4351
1rbakabr1/9/2n2Cn2/p1p1N3p/6p2/2P6/Pc2P1PcP/4C1N2/9/1RBAKABR1 b,-0.0047562006,1831
1rbakabr1/9/5Cn2/p1p1n3p/6p2/2P6/Pc2P1PcP/4C1N2/9/1RBAKABR1 w,0.005069304,6061
1rbakabr1/9/5Cn2/p1p1C3p/6p2/2P6/Pc2P1PcP/6N2/9/1RBAKABR1 b,0.009483027,109
2bakabr1/9/1r3Cn2/p1p1C3p/6p2/2P6/Pc2P1PcP/6N2/9/1RBAKABR1 w,0.0022862197,2839
2bakabr1/9/1r3Cn2/p1p5p/6p2/2P1C4/Pc2P1PcP/6N2/9/1RBAKABR1 b,0.0016435385,1733
2bakabr1/9/5rn2/p1p5p/6p2/2P1C4/Pc2P1PcP/6N2/9/1RBAKABR1 w,0.009712434,7435
2bakabr1/9/5rn2/p1p5p/6p2/2P1C4/PR2P1PcP/6N2/9/2BAKABR1 b,-0.0073552965,2129
2bakabr1/9/6n2/p1p5p/6p2/2P1C4/PR2PrPcP/6N2/9/2BAKABR1 w,0.014767337,4987
2bakabr1/9/6n2/p1p5p/1R4p2/2P1C4/P3PrPcP/6N2/9/2BAKABR1 b,-0.0044281483,2201
2bakabr1/9/9/p1p5p/1R3np2/2P1C4/P3PrPcP/6N2/9/2BAKABR1 w,0.021701861,7816
2bakabr1/9/9/p1p5p/1R3np2/2P1C4/P3PrPcP/6N2/4A4/2BAK1BR1 b,-0.009765411,3748
2bakabr1/9/9/p1p5p/1R4p2/2P1C4/P3nrPcP/6N2/4A4/2BAK1BR1 w,0.023702336,7897
2bakabr1/9/9/p1p5p/1R4p2/2P1C4/P3nrPcP/4B1N2/4A4/2BAK2R1 b,-0.009981215,5370
2bakabr1/9/9/p1p5p/1R4p2/2P1C4/P3n1rcP/4B1N2/4A4/2BAK2R1 w,0.013058997,3370
2bakabr1/9/9/p1p5p/4R1p2/2P1C4/P3n1rcP/4B1N2/4A4/2BAK2R1 b,-0.009145403,562
2baka1r1/9/4b4/p1p5p/4R1p2/2P1C4/P3n1rcP/4B1N2/4A4/2BAK2R1 w,0.015381241,6268
2baka1r1/9/4b4/p1p5p/4R1p2/2P1C4/P3N1rcP/4B4/4A4/2BAK2R1 b,-0.0050584674,5458
2baka1r1/9/4b4/p1p5p/4R1p2/2P1C4/P3r2cP/4B4/4A4/2BAK2R1 w,0.018274618,3622
2baka1r1/9/4R4/p1p5p/6p2/2P1C4/P3r2cP/4B4/4A4/2BAK2R1 b,-0.04131011,463
2bak2r1/4a4/4R4/p1p5p/6p2/2P1C4/P3r2cP/4B4/4A4/2BAK2R1 w,0.1208807,2005
2bak2r1/4a4/7R1/p1p5p/6p2/2P1C4/P3r2cP/4B4/4A4/2BAK2R1 b,-0.116329275,1175
2baka1r1/9/7R1/p1p5p/6p2/2P1C4/P3r2cP/4B4/4A4/2BAK2R1 w,0.11598492,2257
2baka1R1/9/9/p1p5p/6p2/2P1C4/P3r2cP/4B4/4A4/2BAK2R1 b,-0.11079054,5269
2baka1R1/9/9/p1p5p/6p2/2P1r4/P6cP/4B4/4A4/2BAK2R1 w,0.116880514,691
2baka3/9/9/p1p5p/6p2/2P1r4/P6RP/4B4/4A4/2BAK2R1 b,-0.111736774,4441
2baka3/9/9/p1p1r3p/6p2/2P6/P6RP/4B4/4A4/2BAK2R1 w,0.12282973,5550
2baka3/9/9/p1p1r3p/6p2/2P6/P5R1P/4B4/4A4/2BAK2R1 b,-0.11307583,202
3aka3/9/4b4/p1p1r3p/6p2/2P6/P5R1P/4B4/4A4/2BAK2R1 w,0.118513204,7936
3aka3/7R1/4b4/p1p1r3p/6p2/2P6/P5R1P/4B4/4A4/2BAK4 b,-0.11710513,2648
3aka3/7R1/4b4/p3r3p/2p3p2/2P6/P5R1P/4B4/4A4/2BAK4 w,0.124734215,4268
3aka3/7R1/4b4/p3r3p/2P3p2/9/P5R1P/4B4/4A4/2BAK4 b,-0.12006052,2018
3aka3/7R1/9/p3r3p/2b3p2/9/P5R1P/4B4/4A4/2BAK4 w,0.12130673,1492
3aka3/9/9/p3r3p/2b3p2/7R1/P5R1P/4B4/4A4/2BAK4 b,-0.1120978,3442
3aka3/9/4b4/p3r3p/6p2/7R1/P5R1P/4B4/4A4/2BAK4 w,0.121269226,5459
3aka3/9/4b4/p3r3p/6p2/7R1/P4R2P/4B4/4A4/2BAK4 b,-0.11675818,283
4ka3/4a4/4b4/p3r3p/6p2/7R1/P4R2P/4B4/4A4/2BAK4 w,0.11804817,4726
4ka3/4a4/4b4/p3r3p/6p2/1R7/P4R2P/4B4/4A4/2BAK4 b,-0.11889148,2824
4ka3/4a4/4b4/p6rp/6p2/1R7/P4R2P/4B4/4A4/2BAK4 w,0.121444486,4141
1R2ka3/4a4/4b4/p6rp/6p2/9/P4R2P/4B4/4A4/2BAK4 b,-0.11407918,1173
1R1aka3/9/4b4/p6rp/6p2/9/P4R2P/4B4/4A4/2BAK4 w,0.12283333,5368
1R1aka3/9/4b4/p6rp/6p2/9/P3R3P/4B4/4A4/2BAK4 b,-0.116974175,463
1R1ak4/4a4/4b4/p6rp/6p2/9/P3R3P/4B4/4A4/2BAK4 w,0.12607665,5242
1R1ak4/4a4/4R4/p6rp/6p2/9/P7P/4B4/4A4/2BAK4 b,-0.13041139,3148
1R1ak4/4a4/4R4/p7p/6p2/9/P7P/4B4/4A4/2BAK2r1 w,0.13354202,6926
1R1ak4/4a4/4R4/p7p/6p2/9/P7P/4B4/9/2BAKA1r1 b,-0.1321997,7981
1R1ak4/4a4/4R4/p7p/6p2/9/P6rP/4B4/9/2BAKA3 w,0.15815094,6117
1R1ak4/4a4/4R4/p7p/6p2/9/P6rP/9/9/2BAKAB2 b,-0.1439013,5506
1R1ak4/4a2r1/4R4/p7p/6p2/9/P7P/9/9/2BAKAB2 w,0.15550268,2004
1R1ak4/4a2r1/6R2/p7p/6p2/9/P7P/9/9/2BAKAB2 b,-0.13908654,1454
1R1ak4/4ar3/6R2/p7p/6p2/9/P7P/9/9/2BAKAB2 w,0.14708547,2202
1R1ak4/4ar3/9/p7p/6R2/9/P7P/9/9/2BAKAB2 b,-0.13879596,1292
1R1ak4/4a4/9/p4r2p/6R2/9/P7P/9/9/2BAKAB2 w,0.14096971,3786
1R1ak1R2/4a4/9/p4r2p/9/9/P7P/9/9/2BAKAB2 b,-0.13729343,2885
1R1akrR2/4a4/9/p7p/9/9/P7P/9/9/2BAKAB2 w,0.14405906,564
1R1akr3/4a4/6R2/p7p/9/9/P7P/9/9/2BAKAB2 b,-0.13069715,482
1R1ak4/4a4/6R2/p4r2p/9/9/P7P/9/9/2BAKAB2 w,0.13925102,7636
1R1ak4/4a4/6R2/p4r2p/9/9/P7P/9/4A4/2B1KAB2 b,-0.13578121,2909
1R1ak4/4a4/6R2/p1r5p/9/9/P7P/9/4A4/2B1KAB2 w,0.14445074,109
3ak4/4a4/1R4R2/p1r5p/9/9/P7P/9/4A4/2B1KAB2 b,-0.1497658,2693
3ak4/4a4/1R4R2/p7p/9/9/P7P/9/4A4/2r1KAB2 w,0.16412576,6924
3ak4/4a4/1R4R2/p7p/9/9/P7P/9/9/2rAKAB2 b,-0.1533101,7554
3ak4/4a4/1R4R2/p7p/9/9/P7P/9/9/3rKAB2 w,0.17107475,7734
3ak4/4a4/1R4R2/p7p/9/9/P7P/9/9/3K1AB2 b,-0.16211417,365
3a1k3/4a4/1R4R2/p7p/9/9/P7P/9/9/3K1AB2 w,0.16853967,2229
3a1k3/4a4/1R7/p7p/9/9/P7P/6R2/9/3K1AB2 b,-0.16864574,2466
3a1k3/4a4/1R7/8p/p8/9/P7P/6R2/9/3K1AB2 w,0.1810836,6278
3a1k3/4a4/1R7/8p/p8/9/P7P/5R3/9/3K1AB2 b,-0.18298961,454
3ak4/4a4/1R7/8p/p8/9/P7P/5R3/9/3K1AB2 w,0.18285437,6152
3ak4/4a4/1R7/5R2p/p8/9/P7P/9/9/3K1AB2 b,-0.18161444,3194
3ak4/4a4/1R7/5R3/p7p/9/P7P/9/9/3K1AB2 w,0.19640373,1732
3ak4/4a4/4R4/5R3/p7p/9/P7P/9/9/3K1AB2 b,-0.18924184,4013
3ak4/4a4/4R4/5R3/p8/8p/P7P/9/9/3K1AB2 w,0.19419198,5633
3ak4/4a4/4R4/5R3/p8/8P/P8/9/9/3K1AB2 b,-0.193693,3285
3ak4/4a4/4R4/5R3/9/p7P/P8/9/9/3K1AB2 w,0.2,4905
rnbakabnr/9/1c5c1/p1p1p1p1p/9/9/P1P1P1P1P/1C5C1/9/RNBAKABNR w,0.80182517,5827
rnbakabnr/9/1c5c1/p1p1p1p1p/9/9/P1P1P1P1P/4C2C1/9/RNBAKABNR b,-0.80176365,110
r1bakabnr/9/1cn4c1/p1p1p1p1p/9/9/P1P1P1P1P/4C2C1/9/RNBAKABNR w,0.8018302,7445
r1bakabnr/9/1cn4c1/p1p1p1p1p/9/9/P1P1P1P1P/2N1C2C1/9/R1BAKABNR b,-0.8018505,562
r1baka1nr/9/1cn1b2c1/p1p1p1p1p/9/9/P1P1P1P1P/2N1C2C1/9/R1BAKABNR w,0.8019384,7372
r1baka1nr/9/1cn1b2c1/p1p1p1p1p/9/9/P1P1P1P1P/2N1C2C1/9/1RBAKABNR b,-0.8017748,1
1rbaka1nr/9/1cn1b2c1/p1p1p1p1p/9/9/P1P1P1P1P/2N1C2C1/9/1RBAKABNR w,0.80169904,6368
1rbaka1nr/9/1cn1b2c1/p1p1p1p1p/9/9/P1P1P1P1P/2N1CC3/9/1RBAKABNR b,-0.8012761,654
1rbaka2r/9/1cn1b1nc1/p1p1p1p1p/9/9/P1P1P1P1P/2N1CC3/9/1RBAKABNR w,0.80159134,7989
1rbaka2r/9/1cn1b1nc1/p1p1p1p1p/9/9/P1P1P1P1P/2N1CCN2/9/1RBAKAB1R b,-0.8013682,3012
1rbaka2r/9/1cn1b1nc1/p1p1p3p/6p2/9/P1P1P1P1P/2N1CCN2/9/1RBAKAB1R w,0.8018736,8098
1rbaka2r/9/1cn1b1nc1/p1p1p3p/6p2/9/P1P1P1P1P/2N1CCN2/9/1RBAKABR1 b,-0.802005,727
1rbaka1r1/9/1cn1b1nc1/p1p1p3p/6p2/9/P1P1P1P1P/2N1CCN2/9/1RBAKABR1 w,0.8025176,5087
1rbaka1r1/9/1cn1b1nc1/p1p1p3p/6p2/2P6/P3P1P1P/2N1CCN2/9/1RBAKABR1 b,-0.8021536,1765
1rbaka1r1/9/2n1b1nc1/p1p1p3p/6p2/2P6/Pc2P1P1P/2N1CCN2/9/1RBAKABR1 w,0.80514246,5898
1rbaka1r1/9/2n1b1nc1/p1p1p3p/6p2/2PN5/Pc2P1P1P/4CCN2/9/1RBAKABR1 b,-0.806295,2311
1rbaka1r1/9/2n1b1n2/p1p1p3p/6p2/2PN5/Pc2P1PcP/4CCN2/9/1RBAKABR1 w,0.8078968,6143
1rbaka1r1/9/2n1bCn2/p1p1p3p/6p2/2PN5/Pc2P1PcP/4C1N2/9/1RBAKABR1 b,-0.80890244,1986
1rbakabr1/9/2n2Cn2/p1p1p3p/6p2/2PN5/Pc2P1PcP/4C1N2/9/1RBAKABR1 w,0.81814575,4351
1rbakabr1/9/2n2Cn2/p1p1N3p/6p2/2P6/Pc2P1PcP/4C1N2/9/1RBAKABR1 b,-0.8047813,1831
1rbakabr1/9/5Cn2/p1p1n3p/6p2/2P6/Pc2P1PcP/4C1N2/9/1RBAKABR1 w,0.80505747,6061
1rbakabr1/9/5Cn2/p1p1C3p/6p2/2P6/Pc2P1PcP/6N2/9/1RBAKABR1 b,-0.7908682,109
2bakabr1/9/1r3Cn2/p1p1C3p/6p2/2P6/Pc2P1PcP/6N2/9/1RBAKABR1 w,0.8020568,2839
2bakabr1/9/1r3Cn2/p1p5p/6p2/2P1C4/Pc2P1PcP/6N2/9/1RBAKABR1 b,-0.7983565,1733
2bakabr1/9/5rn2/p1p5p/6p2/2P1C4/Pc2P1PcP/6N2/9/1RBAKABR1 w,0.8096315,7435
2bakabr1/9/5rn2/p1p5p/6p2/2P1C4/PR2P1PcP/6N2/9/2BAKABR1 b,-0.8070279,2201
2bakabr1/9/5r3/p1p5p/5np2/2P1C4/PR2P1PcP/6N2/9/2BAKABR1 w,0.8136086,4987
2bakabr1/9/5r3/p1p5p/1R3np2/2P1C4/P3P1PcP/6N2/9/2BAKABR1 b,-0.8082628,3750
2bakabr1/9/5r3/p1p5p/1R4p2/2P1C4/P3P1ncP/6N2/9/2BAKABR1 w,0.8181264,3372
2bakabr1/9/5r3/p1p5p/6R2/2P1C4/P3P1ncP/6N2/9/2BAKABR1 b,-0.80544937,5449
2bakabr1/9/5r3/p1p5p/6R2/2P1n4/P3P2cP/6N2/9/2BAKABR1 w,0.8058786,5269
2bakabr1/9/5r3/p1p5p/6R2/2P1P4/P6cP/6N2/9/2BAKABR1 b,-0.79964405,5560
2bakabr1/9/5r3/p1p5p/6R2/2P1P4/P7P/6Nc1/9/2BAKABR1 w,0.80925566,7999
2bakabr1/9/5r3/p1p5p/6R2/2P1P4/P7P/6Nc1/7R1/2BAKAB2 b,-0.79809546,2138
2bakabr1/9/9/p1p5p/6R2/2P1P4/P7P/5rNc1/7R1/2BAKAB2 w,0.8121658,7897
2bakabr1/9/9/p1p5p/6R2/2P1P4/P7P/4BrNc1/7R1/2BAKA3 b,-0.8032455,562
2baka1r1/9/4b4/p1p5p/6R2/2P1P4/P7P/4BrNc1/7R1/2BAKA3 w,0.814618,3840
2baka1r1/9/4b4/p1p5p/9/2P1P4/P5R1P/4BrNc1/7R1/2BAKA3 b,-0.8022461,3194
2baka1r1/9/4b4/p1p6/8p/2P1P4/P5R1P/4BrNc1/7R1/2BAKA3 w,0.8181105,7636
2baka1r1/9/4b4/p1p6/8p/2P1P4/P5R1P/4BrNc1/4A2R1/2B1KA3 b,-0.8097748,6170
2baka1r1/9/4b4/p1p6/8p/2P1Pr3/P5R1P/4B1Nc1/4A2R1/2B1KA3 w,0.81510836,6268
2baka1r1/9/4b4/p1p6/8p/2P1Pr3/P3N1R1P/4B2c1/4A2R1/2B1KA3 b,-0.8092589,4549
2baka1r1/9/4b4/p1p6/8p/2P1r4/P3N1R1P/4B2c1/4A2R1/2B1KA3 w,0.81470746,5271
2baka1r1/9/4b4/p1p6/8p/2P1r1N2/P5R1P/4B2c1/4A2R1/2B1KA3 b,-0.80811316,4441
2baka1r1/9/4b4/p1p1r4/8p/2P3N2/P5R1P/4B2c1/4A2R1/2B1KA3 w,0.8275825,5457
2baka1r1/9/4b4/p1p1r4/8p/2P3N2/P2R4P/4B2c1/4A2R1/2B1KA3 b,-0.8108267,6352
2baka1r1/9/4b4/p1p1r4/8p/2P3Nc1/P2R4P/4B4/4A2R1/2B1KA3 w,0.8184187,5169
2baka1r1/9/4b4/p1p1r4/3R4p/2P3Nc1/P7P/4B4/4A2R1/2B1KA3 b,-0.8072814,2823
2baka1r1/9/4b4/p1p3r2/3R4p/2P3Nc1/P7P/4B4/4A2R1/2B1KA3 w,0.82406527,7171
2baka1r1/9/4b4/p1p3r2/3R4p/2P3Nc1/P6RP/4B4/4A4/2B1KA3 b,-0.8140671,646
2baka3/7r1/4b4/p1p3r2/3R4p/2P3Nc1/P6RP/4B4/4A4/2B1KA3 w,0.8268282,3554
2baka3/7r1/4b4/p1p3r2/8R/2P3Nc1/P6RP/4B4/4A4/2B1KA3 b,-0.8170317,4705
2baka3/7r1/4b2c1/p1p3r2/8R/2P3N2/P6RP/4B4/4A4/2B1KA3 w,0.8393465,5533
2baka3/7r1/4b2c1/p1p3r2/7RR/2P3N2/P7P/4B4/4A4/2B1KA3 b,-0.82342976,283
2b1ka3/4a2r1/4b2c1/p1p3r2/7RR/2P3N2/P7P/4B4/4A4/2B1KA3 w,0.8417004,3986
2b1ka3/4a2r1/4b2cR/p1p3r2/7R1/2P3N2/P7P/4B4/4A4/2B1KA3 b,-0.8264355,2284
2b1ka3/4a2r1/4b3R/p1p3rc1/7R1/2P3N2/P7P/4B4/4A4/2B1KA3 w,0.8415517,2375
2b1ka3/4a2r1/4b4/p1p3rcR/7R1/2P3N2/P7P/4B4/4A4/2B1KA3 b,-0.83581823,3021
2b1ka3/4a2r1/4b4/p1p4cR/7R1/2P3r2/P7P/4B4/4A4/2B1KA3 w,0.8531091,6081
2b1ka3/4a2r1/4b4/p1p4cR/7R1/2P3B2/P7P/9/4A4/2B1KA3 b,-0.8319744,3091
2b1ka3/4a2r1/4b4/p1p1c3R/7R1/2P3B2/P7P/9/4A4/2B1KA3 w,0.8437813,3910
2b1ka3/4a2r1/4b4/p1p1c3R/4R4/2P3B2/P7P/9/4A4/2B1KA3 b,-0.8387571,2824
2b1ka3/4a2r1/4b4/p1p4cR/4R4/2P3B2/P7P/9/4A4/2B1KA3 w,0.8531031,4661
2b1ka3/4a2r1/4b4/p1p4cR/4R4/2P6/P7P/8B/4A4/2B1KA3 b,-0.84889585,3148
2b1ka3/4a2r1/4b4/p1p5R/4R4/2P6/P7P/8B/4A4/2B1KA1c1 w,0.8472836,6477
2b1ka3/4a2r1/4b4/p1p5R/4R4/2P6/P7P/9/4A4/2B1KABc1 b,-0.8362124,1501
2b1ka3/4a4/4b4/p1p5R/4R4/2P6/P6rP/9/4A4/2B1KABc1 w,0.850058,3639
2b1ka3/4a4/4b4/p1p5R/3R5/2P6/P6rP/9/4A4/2B1KABc1 b,-0.85128605,8009
2b1ka3/4a4/4b4/p1p5R/3R5/2P6/P6rP/9/4A4/2B1KAB1c w,0.8485158,3179
2b1ka3/4a4/4b4/p1R6/3R5/2P6/P6rP/9/4A4/2B1KAB1c b,-0.84066164,5552
2b1ka3/4a4/4b4/p1R6/3R5/2P6/P7r/9/4A4/2B1KAB1c w,0.85899496,3522
2b1ka3/3Ra4/4b4/p1R6/9/2P6/P7r/9/4A4/2B1KAB1c b,-0.84809214,198
4ka3/3Ra4/b3b4/p1R6/9/2P6/P7r/9/4A4/2B1KAB1c w,0.85558563,2630
4ka3/3Ra4/b1R1b4/p8/9/2P6/P7r/9/4A4/2B1KAB1c b,-0.8503349,5636
4ka3/3Ra4/b1R1b4/p8/9/2P6/P1r6/9/4A4/2B1KAB1c w,0.88479614,1818
4ka3/3Ra4/R3b4/p8/9/2P6/P1r6/9/4A4/2B1KAB1c b,-0.8969809,5123
4ka3/3Ra4/R3b4/p8/9/2P6/P8/9/4A4/2r1KAB1c w,0.9028633,6924
4ka3/3Ra4/R3b4/p8/9/2P6/P8/9/9/2rAKAB1c b,-0.884868,1173
3aka3/3R5/R3b4/p8/9/2P6/P8/9/9/2rAKAB1c w,0.896833,1642
3aka3/3R5/4R4/p8/9/2P6/P8/9/9/2rAKAB1c b,-0.9119416,463
3ak4/3Ra4/4R4/p8/9/2P6/P8/9/9/2rAKAB1c w,0.9316683,2006
3ak4/3Ra4/8R/p8/9/2P6/P8/9/9/2rAKAB1c b,-0.9131475,365
3a1k3/3Ra4/8R/p8/9/2P6/P8/9/9/2rAKAB1c w,0.9436811,1083
3R1k3/4a4/8R/p8/9/2P6/P8/9/9/2rAKAB1c b,-0.95091003,464
3R5/4ak3/8R/p8/9/2P6/P8/9/9/2rAKAB1c w,0.9625577,2357
3R5/4ak2R/9/p8/9/2P6/P8/9/9/2rAKAB1c b,-0.95902574,1283
3R5/4a3R/5k3/p8/9/2P6/P8/9/9/2rAKAB1c w,0.96710175,1543
3R5/4R4/5k3/p8/9/2P6/P8/9/9/2rAKAB1c b,-0.9635467,7554
3R5/4R4/5k3/p8/9/2P6/P8/9/9/3rKAB1c w,0.9868797,354
9/4R4/5k3/p8/9/2P6/P8/9/9/3RKAB1c b,-0.9864752,8096
9/4R4/5k3/p8/9/2P6/P8/9/9/3RKcB2 w,1,7581
rnbakabnr/9/1c5c1/p1p1p1p1p/9/9/P1P1P1P1P/1C5C1/9/RNBAKABNR w,0.0017991782,5827
rnbakabnr/9/1c5c1/p1p1p1p1p/9/9/P1P1P1P1P/4C2C1/9/RNBAKABNR b,-0.0017681838,110
r1bakabnr/9/1cn4c1/p1p1p1p1p/9/9/P1P1P1P1P/4C2C1/9/RNBAKABNR w,0.0018116474,7445
r1bakabnr/9/1cn4c1/p1p1p1p1p/9/9/P1P1P1P1P/2N1C2C1/9/R1BAKABNR b,-0.0018405796,562
r1baka1nr/9/1cn1b2c1/p1p1p1p1p/9/9/P1P1P1P1P/2N1C2C1/9/R1BAKABNR w,0.0019465685,7372
r1baka1nr/9/1cn1b2c1/p1p1p1p1p/9/9/P1P1P1P1P/2N1C2C1/9/1RBAKABNR b,-0.0017700195,1
1rbaka1nr/9/1cn1b2c1/p1p1p1p1p/9/9/P1P1P1P1P/2N1C2C1/9/1RBAKABNR w,0.001694131,6368
1rbaka1nr/9/1cn1b2c1/p1p1p1p1p/9/9/P1P1P1P1P/2N1CC3/9/1RBAKABNR b,-0.0012719751,654
1rbaka2r/9/1cn1b1nc1/p1p1p1p1p/9/9/P1P1P1P1P/2N1CC3/9/1RBAKABNR w,0.0015314103,7989
1rbaka2r/9/1cn1b1nc1/p1p1p1p1p/9/9/P1P1P1P1P/2N1CCN2/9/1RBAKAB1R b,-0.001368165,3012
1rbaka2r/9/1cn1b1nc1/p1p1p3p/6p2/9/P1P1P1P1P/2N1CCN2/9/1RBAKAB1R w,0.0019008399,8098
1rbaka2r/9/1cn1b1nc1/p1p1p3p/6p2/9/P1P1P1P1P/2N1CCN2/9/1RBAKABR1 b,-0.0020106912,727
1rbaka1r1/9/1cn1b1nc1/p1p1p3p/6p2/9/P1P1P1P1P/2N1CCN2/9/1RBAKABR1 w,0.0027978183,5087
1rbaka1r1/9/1cn1b1nc1/p1p1p3p/6p2/2P6/P3P1P1P/2N1CCN2/9/1RBAKABR1 b,-0.0021535754,1765
1rbaka1r1/9/2n1b1nc1/p1p1p3p/6p2/2P6/Pc2P1P1P/2N1CCN2/9/1RBAKABR1 w,0.005224371,5898
1rbaka1r1/9/2n1b1nc1/p1p1p3p/6p2/2PN5/Pc2P1P1P/4CCN2/9/1RBAKABR1 b,-0.006537807,2311
1rbaka1r1/9/2n1b1n2/p1p1p3p/6p2/2PN5/Pc2P1PcP/4CCN2/9/1RBAKABR1 w,0.0079074865,6143
1rbaka1r1/9/2n1bCn2/p1p1p3p/6p2/2PN5/Pc2P1PcP/4C1N2/9/1RBAKABR1 b,-0.008457172,1986
1rbakabr1/9/2n2Cn2/p1p1p3p/6p2/2PN5/Pc2P1PcP/4C1N2/9/1RBAKABR1 w,0.018145729,4351
1rbakabr1/9/2n2Cn2/p1p1N3p/6p2/2P6/Pc2P1PcP/4C1N2/9/1RBAKABR1 b,-0.004875338,1831
1rbakabr1/9/5Cn2/p1p1n3p/6p2/2P6/Pc2P1PcP/4C1N2/9/1RBAKABR1 w,0.005065441,6061
1rbakabr1/9/5Cn2/p1p1C3p/6p2/2P6/Pc2P1PcP/6N2/9/1RBAKABR1 b,0.009483027,109
2bakabr1/9/1r3Cn2/p1p1C3p/6p2/2P6/Pc2P1PcP/6N2/9/1RBAKABR1 w,0.0018251181,2839
2bakabr1/9/1r3Cn2/p1p5p/6p2/2P1C4/Pc2P1PcP/6N2/9/1RBAKABR1 b,0.0017400027,1733
2bakabr1/9/5rn2/p1p5p/6p2/2P1C4/Pc2P1PcP/6N2/9/1RBAKABR1 w,0.009691954,7435
2bakabr1/9/5rn2/p1p5p/6p2/2P1C4/PR2P1PcP/6N2/9/2BAKABR1 b,-0.007413197,2129
2bakabr1/9/6n2/p1p5p/6p2/2P1C4/PR2PrPcP/6N2/9/2BAKABR1 w,0.0153080225,4987
2bakabr1/9/6n2/p1p5p/1R4p2/2P1C4/P3PrPcP/6N2/9/2BAKABR1 b,-0.004410875,2201
2bakabr1/9/9/p1p5p/1R3np2/2P1C4/P3PrPcP/6N2/9/2BAKABR1 w,0.022725487,7897
2bakabr1/9/9/p1p5p/1R3np2/2P1C4/P3PrPcP/4B1N2/9/2BAKA1R1 b,-0.010123896,3748
2bakabr1/9/9/p1p5p/1R4p2/2P1C4/P3nrPcP/4B1N2/9/2BAKA1R1 w,0.026053859,7816
2bakabr1/9/9/p1p5p/1R4p2/2P1C4/P3nrPcP/4B1N2/4A4/2BAK2R1 b,-0.009981215,5370
2bakabr1/9/9/p1p5p/1R4p2/2P1C4/P3n1rcP/4B1N2/4A4/2BAK2R1 w,0.011503721,3370
2bakabr1/9/9/p1p5p/4R1p2/2P1C4/P3n1rcP/4B1N2/4A4/2BAK2R1 b,-0.008650827,562
2baka1r1/9/4b4/p1p5p/4R1p2/2P1C4/P3n1rcP/4B1N2/4A4/2BAK2R1 w,0.01412282,6268
2baka1r1/9/4b4/p1p5p/4R1p2/2P1C4/P3N1rcP/4B4/4A4/2BAK2R1 b,-0.004849446,5458
2baka1r1/9/4b4/p1p5p/4R1p2/2P1C4/P3r2cP/4B4/4A4/2BAK2R1 w,0.019248296,3622
2baka1r1/9/4R4/p1p5p/6p2/2P1C4/P3r2cP/4B4/4A4/2BAK2R1 b,-0.028443575,463
2bak2r1/4a4/4R4/p1p5p/6p2/2P1C4/P3r2cP/4B4/4A4/2BAK2R1 w,0.1200624,2005
2bak2r1/4a4/7R1/p1p5p/6p2/2P1C4/P3r2cP/4B4/4A4/2BAK2R1 b,-0.10756313,5269
2bak2r1/4a4/7R1/p1p5p/6p2/2P1r4/P6cP/4B4/4A4/2BAK2R1 w,0.112788916,2257
2bak2R1/4a4/9/p1p5p/6p2/2P1r4/P6cP/4B4/4A4/2BAK2R1 b,-0.11296711,1175
2baka1R1/9/9/p1p5p/6p2/2P1r4/P6cP/4B4/4A4/2BAK2R1 w,0.11652937,691
2baka3/9/9/p1p5p/6p2/2P1r4/P6RP/4B4/4A4/2BAK2R1 b,-0.11758371,3831
2baka3/9/9/p1p5p/9/2P1r1p2/P6RP/4B4/4A4/2BAK2R1 w,0.121431254,5524
2baka3/9/9/p1p4Rp/9/2P1r1p2/P7P/4B4/4A4/2BAK2R1 b,-0.11943539,4468
2baka3/9/9/p1p4Rp/9/2P3p2/P3r3P/4B4/4A4/2BAK2R1 w,0.12727599,3089
2baka3/9/9/p1R5p/9/2P3p2/P3r3P/4B4/4A4/2BAK2R1 b,-0.13250189,5282
2baka3/9/9/p1R5p/9/2P3p2/P7r/4B4/4A4/2BAK2R1 w,0.13035908,2641
2baka3/9/9/p3R3p/9/2P3p2/P7r/4B4/4A4/2BAK2R1 b,-0.117593125,283
2b1ka3/4a4/9/p3R3p/9/2P3p2/P7r/4B4/4A4/2BAK2R1 w,0.116246104,2817
2b1ka3/4a4/9/R7p/9/2P3p2/P7r/4B4/4A4/2BAK2R1 b,-0.107015125,5669
2b1ka3/4a4/9/R7p/9/2P3p2/P8/4B4/4A4/2BAK2Rr w,0.1749548,8009
2b1ka3/4a4/9/R7p/9/2P3p2/P8/4B4/4A4/2BAK3R b,-0.17516814,4650
2b1ka3/4a4/9/R7p/9/2P6/P5p2/4B4/4A4/2BAK3R w,0.17378798,2465
2b1ka3/4a4/9/8R/9/2P6/P5p2/4B4/4A4/2BAK3R b,-0.17433624,5469
2b1ka3/4a4/9/8R/9/2P6/P8/4B1p2/4A4/2BAK3R w,0.17405327,3183
2b1ka3/4a4/9/6R2/9/2P6/P8/4B1p2/4A4/2BAK3R b,-0.17094094,6280
2b1ka3/4a4/9/6R2/9/2P6/P8/4B2p1/4A4/2BAK3R w,0.17291632,2999
2b1ka3/4a4/9/2R6/9/2P6/P8/4B2p1/4A4/2BAK3R b,-0.17067918,202
4ka3/4a4/4b4/2R6/9/2P6/P8/4B2p1/4A4/2BAK3R w,0.17364204,2630
4ka3/4a4/2R1b4/9/9/2P6/P8/4B2p1/4A4/2BAK3R b,-0.16717215,6379
4ka3/4a4/2R1b4/9/9/2P6/P8/4B4/4A2p1/2BAK3R w,0.17979704,8081
4ka3/4a4/2R1b4/9/9/2P6/P8/4B3R/4A2p1/2BAK4 b,-0.17791617,1986
4kab2/4a4/2R6/9/9/2P6/P8/4B3R/4A2p1/2BAK4 w,0.18074958,4268
4kab2/4a4/2R6/9/2P6/9/P8/4B3R/4A2p1/2BAK4 b,-0.17726307,7188
4kab2/4a4/2R6/9/2P6/9/P8/4B3R/4A1p2/2BAK4 w,0.18213382,6470
4kab2/4a4/2R6/9/2P6/9/P8/4B4/4A1p1R/2BAK4 b,-0.16722213,7099
4kab2/4a4/2R6/9/2P6/9/P8/4B4/4A2pR/2BAK4 w,0.15977073,7279
4kab2/4a4/2R6/9/2P6/9/P8/4B4/4A2R1/2BAK4 b,-0.16791517,562
4ka3/4a4/2R1b4/9/2P6/9/P8/4B4/4A2R1/2BAK4 w,0.17631303,7171
4ka3/4a4/2R1b4/9/2P6/9/P6R1/4B4/4A4/2BAK4 b,-0.17686994,2018
4ka3/4a4/2R6/9/2b6/9/P6R1/4B4/4A4/2BAK4 w,0.17890958,1802
2R1ka3/4a4/9/9/2b6/9/P6R1/4B4/4A4/2BAK4 b,-0.1757869,1173
2Raka3/9/9/9/2b6/9/P6R1/4B4/4A4/2BAK4 w,0.18271247,5548
2Raka3/9/9/9/2b6/9/P3R4/4B4/4A4/2BAK4 b,-0.17600815,3442
2Raka3/9/4b4/9/9/9/P3R4/4B4/4A4/2BAK4 w,0.17355184,200
3aka3/9/2R1b4/9/9/9/P3R4/4B4/4A4/2BAK4 b,-0.16705896,463
3ak4/4a4/2R1b4/9/9/9/P3R4/4B4/4A4/2BAK4 w,0.1757938,6908
3ak4/4a4/2R1b4/9/9/9/P3R4/4BA3/9/2BAK4 b,-0.16639958,1986
3ak1b2/4a4/2R6/9/9/9/P3R4/4BA3/9/2BAK4 w,0.17463107,5280
3ak1b2/4a4/2R6/9/9/9/P5R2/4BA3/9/2BAK4 b,-0.16793276,1175
3akab2/9/2R6/9/9/9/P5R2/4BA3/9/2BAK4 w,0.16602972,5406
3akaR2/9/2R6/9/9/9/P8/4BA3/9/2BAK4 b,-0.16102973,283
4kaR2/4a4/2R6/9/9/9/P8/4BA3/9/2BAK4 w,0.16270657,564
4ka3/4a4/2R3R2/9/9/9/P8/4BA3/9/2BAK4 b,-0.16759194,363
3k1a3/4a4/2R3R2/9/9/9/P8/4BA3/9/2BAK4 w,0.17195247,1819
3k1a3/4a4/1R4R2/9/9/9/P8/4BA3/9/2BAK4 b,-0.16386113,282
5a3/3ka4/1R4R2/9/9/9/P8/4BA3/9/2BAK4 w,0.16744278,2175
5a3/3ka1R2/1R7/9/9/9/P8/4BA3/9/2BAK4 b,-0.15882812,1083
3k1a3/4a1R2/1R7/9/9/9/P8/4BA3/9/2BAK4 w,0.17054,1383
3k1a3/4a4/1R7/6R2/9/9/P8/4BA3/9/2BAK4 b,-0.17216085,282
5a3/3ka4/1R7/6R2/9/9/P8/4BA3/9/2BAK4 w,0.17061095,1720
5a3/1R1ka4/9/6R2/9/9/P8/4BA3/9/2BAK4 b,-0.16823524,1083
3k1a3/1R2a4/9/6R2/9/9/P8/4BA3/9/2BAK4 w,0.17458354,2997
3k1a3/1R2a4/9/R8/9/9/P8/4BA3/9/2BAK4 b,-0.17151956,274
4ka3/1R2a4/9/R8/9/9/P8/4BA3/9/2BAK4 w,0.18858042,911
4ka3/2R1a4/9/R8/9/9/P8/4BA3/9/2BAK4 b,-0.19049093,1173
3aka3/2R6/9/R8/9/9/P8/4BA3/9/2BAK4 w,0.19397591,2461
3aka3/2R6/9/4R4/9/9/P8/4BA3/9/2BAK4 b,-0.19205856,463
3ak4/2R1a4/9/4R4/9/9/P8/4BA3/9/2BAK4 w,0.19203201,1010
3ak4/4a4/2R6/4R4/9/9/P8/4BA3/9/2BAK4 b,-0.19133553,365
3a1k3/4a4/2R6/4R4/9/9/P8/4BA3/9/2BAK4 w,0.1959769,2822
3a1k3/4a4/2R6/5R3/9/9/P8/4BA3/9/2BAK4 b,-0.19500335,454
3ak4/4a4/2R6/5R3/9/9/P8/4BA3/9/2BAK4 w,0.2,1822
rnbakabnr/9/1c5c1/p1p1p1p1p/9/9/P1P1P1P1P/1C5C1/9/RNBAKABNR w,0.001809311,5827
rnbakabnr/9/1c5c1/p1p1p1p1p/9/9/P1P1P1P1P/4C2C1/9/RNBAKABNR b,-0.0017655134,110
r1bakabnr/9/1cn4c1/p1p1p1p1p/9/9/P1P1P1P1P/4C2C1/9/RNBAKABNR w,0.0018301487,7445
r1bakabnr/9/1cn4c1/p1p1p1p1p/9/9/P1P1P1P1P/2N1C2C1/9/R1BAKABNR b,-0.001824081,562
r1baka1nr/9/1cn1b2c1/p1p1p1p1p/9/9/P1P1P1P1P/2N1C2C1/9/R1BAKABNR w,0.0019465685,7372
r1baka1nr/9/1cn1b2c1/p1p1p1p1p/9/9/P1P1P1P1P/2N1C2C1/9/1RBAKABNR b,-0.0017659307,1
1rbaka1nr/9/1cn1b2c1/p1p1p1p1p/9/9/P1P1P1P1P/2N1C2C1/9/1RBAKABNR w,0.0017163992,6368
1rbaka1nr/9/1cn1b2c1/p1p1p1p1p/9/9/P1P1P1P1P/2N1CC3/9/1RBAKABNR b,-0.0012760878,654
1rbaka2r/9/1cn1b1nc1/p1p1p1p1p/9/9/P1P1P1P1P/2N1CC3/9/1RBAKABNR w,0.0015776635,7989
1rbaka2r/9/1cn1b1nc1/p1p1p1p1p/9/9/P1P1P1P1P/2N1CCN2/9/1RBAKAB1R b,-0.001368165,3012
1rbaka2r/9/1cn1b1nc1/p1p1p3p/6p2/9/P1P1P1P1P/2N1CCN2/9/1RBAKAB1R w,0.0018723011,8098
1rbaka2r/9/1cn1b1nc1/p1p1p3p/6p2/9/P1P1P1P1P/2N1CCN2/9/1RBAKABR1 b,-0.0020286203,727
1rbaka1r1/9/1cn1b1nc1/p1p1p3p/6p2/9/P1P1P1P1P/2N1CCN2/9/1RBAKABR1 w,0.002513051,5087
1rbaka1r1/9/1cn1b1nc1/p1p1p3p/6p2/2P6/P3P1P1P/2N1CCN2/9/1RBAKABR1 b,-0.0021549107,1765
1rbaka1r1/9/2n1b1nc1/p1p1p3p/6p2/2P6/Pc2P1P1P/2N1CCN2/9/1RBAKABR1 w,0.005249858,5898
1rbaka1r1/9/2n1b1nc1/p1p1p3p/6p2/2PN5/Pc2P1P1P/4CCN2/9/1RBAKABR1 b,-0.006537807,2311
1rbaka1r1/9/2n1b1n2/p1p1p3p/6p2/2PN5/Pc2P1PcP/4CCN2/9/1RBAKABR1 w,0.007896758,6143
1rbaka1r1/9/2n1bCn2/p1p1p3p/6p2/2PN5/Pc2P1PcP/4C1N2/9/1RBAKABR1 b,-0.008902455,1986
1rbakabr1/9/2n2Cn2/p1p1p3p/6p2/2PN5/Pc2P1PcP/4C1N2/9/1RBAKABR1 w,0.01805811,4351
1rbakabr1/9/2n2Cn2/p1p1N3p/6p2/2P6/Pc2P1PcP/4C1N2/9/1RBAKABR1 b,-0.0047743083,1831
1rbakabr1/9/5Cn2/p1p1n3p/6p2/2P6/Pc2P1PcP/4C1N2/9/1RBAKABR1 w,0.0050629857,6061
1rbakabr1/9/5Cn2/p1p1C3p/6p2/2P6/Pc2P1PcP/6N2/9/1RBAKABR1 b,0.0090356115,109
2bakabr1/9/1r3Cn2/p1p1C3p/6p2/2P6/Pc2P1PcP/6N2/9/1RBAKABR1 w,0.0018797398,2839
2bakabr1/9/1r3Cn2/p1p5p/6p2/2P1C4/Pc2P1PcP/6N2/9/1RBAKABR1 b,0.0012031317,1733
2bakabr1/9/5rn2/p1p5p/6p2/2P1C4/Pc2P1PcP/6N2/9/1RBAKABR1 w,0.009669137,7435
2bakabr1/9/5rn2/p1p5p/6p2/2P1C4/PR2P1PcP/6N2/9/2BAKABR1 b,-0.007027888,2201
2bakabr1/9/5r3/p1p5p/5np2/2P1C4/PR2P1PcP/6N2/9/2BAKABR1 w,0.013773108,4987
2bakabr1/9/5r3/p1p5p/1R3np2/2P1C4/P3P1PcP/6N2/9/2BAKABR1 b,-0.008435405,3750
2bakabr1/9/5r3/p1p5p/1R4p2/2P1C4/P3P1ncP/6N2/9/2BAKABR1 w,0.019349456,3372
2bakabr1/9/5r3/p1p5p/6R2/2P1C4/P3P1ncP/6N2/9/2BAKABR1 b,-0.005449605,5449
2bakabr1/9/5r3/p1p5p/6R2/2P1n4/P3P2cP/6N2/9/2BAKABR1 w,0.0056578876,5269
2bakabr1/9/5r3/p1p5p/6R2/2P1P4/P6cP/6N2/9/2BAKABR1 b,0.0015239716,2129
2bakabr1/9/9/p1p5p/6R2/2P1P4/P4r1cP/6N2/9/2BAKABR1 w,0.002677989,3813
2bakabr1/9/9/p1p3R1p/9/2P1P4/P4r1cP/6N2/9/2BAKABR1 b,0.00075290207,5378
2bakabr1/9/9/p1p3R1p/9/2P1P4/P6cP/5rN2/9/2BAKABR1 w,0.017344618,7999
2bakabr1/9/9/p1p3R1p/9/2P1P4/P6cP/5rN2/7R1/2BAKAB2 b,0.0024763586,673
2bakab2/9/9/p1p3R1p/7r1/2P1P4/P6cP/5rN2/7R1/2BAKAB2 w,0.026516128,2976
2bakaR2/9/9/p1p5p/7r1/2P1P4/P6cP/5rN2/7R1/2BAKAB2 b,-0.014434851,6179
2bakaR2/9/9/p1p5p/7r1/2P1P4/P4r1cP/6N2/7R1/2BAKAB2 w,0.024213267,573
2baka3/9/9/p1p3R1p/7r1/2P1P4/P4r1cP/6N2/7R1/2BAKAB2 b,-0.010998464,5378
2baka3/9/9/p1p3R1p/7r1/2P1P4/P6cP/5rN2/7R1/2BAKAB2 w,0.04229579,7186
2baka3/9/9/p1p3R1p/7r1/2P1P4/P6cP/5rN2/4R4/2BAKAB2 b,-0.024877643,3909
2baka3/9/9/p1p3R1p/3r5/2P1P4/P6cP/5rN2/4R4/2BAKAB2 w,0.03948331,4450
2baka3/9/9/p1p3R1p/3rP4/2P6/P6cP/5rN2/4R4/2BAKAB2 b,-0.015470005,3567
2baka3/9/9/p1p3R1p/4P4/2P6/P2r3cP/5rN2/4R4/2BAKAB2 w,0.035519887,6907
2baka3/9/9/p1p3R1p/4P4/2P6/P2r3cP/4RrN2/9/2BAKAB2 b,-0.022344267,6187
2baka3/9/9/p1p3R1p/4P4/2P6/P2r3cP/4r1N2/9/2BAKAB2 w,0.01976235,7537
2baka3/9/9/p1p3R1p/4P4/2P6/P2r3cP/4B1N2/9/3AKAB2 b,-0.005357194,5544
2baka3/9/9/p1p3R1p/4P4/2P6/c2r4P/4B1N2/9/3AKAB2 w,0.008697987,2999
2baka3/9/9/p1R5p/4P4/2P6/c2r4P/4B1N2/9/3AKAB2 b,-0.0048606754,5190
2baka3/9/9/p1R5p/4P4/2P6/c5r1P/4B1N2/9/3AKAB2 w,0.006007624,6286
2baka3/9/9/p1R5p/4P4/2P6/c5r1P/4B4/4N4/3AKAB2 b,0.00000009536743,4918
2baka3/9/9/p1R5p/4P4/2P6/4c1r1P/4B4/4N4/3AKAB2 w,0.0061971187,2612
2Raka3/9/9/p7p/4P4/2P6/4c1r1P/4B4/4N4/3AKAB2 b,0.0066663264,5459
2Raka3/9/9/p7p/4P4/2P6/4cr2P/4B4/4N4/3AKAB2 w,0.0069088936,181
1R1aka3/9/9/p7p/4P4/2P6/4cr2P/4B4/4N4/3AKAB2 b,0.0045367717,5269
1R1aka3/9/9/p7p/4P4/2P1c4/5r2P/4B4/4N4/3AKAB2 w,0.0026311637,118
3aka3/9/9/pR6p/4P4/2P1c4/5r2P/4B4/4N4/3AKAB2 b,0.0040099146,4468
3aka3/9/9/pR6p/4P4/2P6/4cr2P/4B4/4N4/3AKAB2 w,0.013693404,2575
3aka3/9/9/p7p/4P4/2P6/1R2cr2P/4B4/4N4/3AKAB2 b,-0.006377399,3194
3aka3/9/9/p8/4P3p/2P6/1R2cr2P/4B4/4N4/3AKAB2 w,0.0023228885,5008
3aka3/9/9/p8/4P3p/2P6/4Rr2P/4B4/4N4/3AKAB2 b,0.006360984,5368
3aka3/9/9/p8/4P3p/2P6/4r3P/4B4/4N4/3AKAB2 w,-0.005152285,6905
3aka3/9/9/p8/4P3p/2P6/4r3P/2N1B4/9/3AKAB2 b,0.008694935,5260
3aka3/9/9/p8/4r3p/2P6/8P/2N1B4/9/3AKAB2 w,-0.0044332743,5898
3aka3/9/9/p8/4r3p/2PN5/8P/4B4/9/3AKAB2 b,0.0028193474,3649
3aka3/9/9/p8/8p/2PNr4/8P/4B4/9/3AKAB2 w,-0.0055764797,4349
3aka3/9/9/p1N6/8p/2P1r4/8P/4B4/9/3AKAB2 b,0.0054997685,4441
3aka3/9/9/p1N1r4/8p/2P6/8P/4B4/9/3AKAB2 w,-0.0046293023,2628
3aka3/9/N8/p3r4/8p/2P6/8P/4B4/9/3AKAB2 b,0.010966325,2803
3aka3/4r4/N8/p8/8p/2P6/8P/4B4/9/3AKAB2 w,-0.002944529,1649
3aka3/4r4/9/p1N6/8p/2P6/8P/4B4/9/3AKAB2 b,0.0075783967,1184
3aka3/5r3/9/p1N6/8p/2P6/8P/4B4/9/3AKAB2 w,-0.0062536597,7636
3aka3/5r3/9/p1N6/8p/2P6/8P/4B4/4A4/4KAB2 b,0.0044200183,1271
3aka3/2r6/9/p1N6/8p/2P6/8P/4B4/4A4/4KAB2 w,-0.0036438107,2632
3aka3/2r6/4N4/p8/8p/2P6/8P/4B4/4A4/4KAB2 b,0.0041596177,1003
3aka3/4r4/4N4/p8/8p/2P6/8P/4B4/4A4/4KAB2 w,-0.004976773,2021
3aka3/4r4/9/p8/5N2p/2P6/8P/4B4/4A4/4KAB2 b,0.0059059383,1210
3aka3/9/9/p8/4rN2p/2P6/8P/4B4/4A4/4KAB2 w,-0.00025347472,3724
3aka3/9/9/p6N1/4r3p/2P6/8P/4B4/4A4/4KAB2 b,0.0059429887,3631
3aka3/9/9/p3r2N1/8p/2P6/8P/4B4/4A4/4KAB2 w,-0.003079641,3111
3aka3/9/9/p3r4/8p/2P3N2/8P/4B4/4A4/4KAB2 b,0.00340364,2825
3aka3/9/9/p7r/8p/2P3N2/8P/4B4/4A4/4KAB2 w,-0.002427113,4630
3aka3/9/9/p7r/4N3p/2P6/8P/4B4/4A4/4KAB2 b,0.004592228,3181
3aka3/9/9/p3r4/4N3p/2P6/8P/4B4/4A4/4KAB2 w,0,3651
rnbakabnr/9/1c5c1/p1p1p1p1p/9/9/P1P1P1P1P/1C5C1/9/RNBAKABNR w,0.80182725,5827
rnbakabnr/9/1c5c1/p1p1p1p1p/9/9/P1P1P1P1P/4C2C1/9/RNBAKABNR b,-0.8017682,110
r1bakabnr/9/1cn4c1/p1p1p1p1p/9/9/P1P1P1P1P/4C2C1/9/RNBAKABNR w,0.80182487,7445
r1bakabnr/9/1cn4c1/p1p1p1p1p/9/9/P1P1P1P1P/2N1C2C1/9/R1BAKABNR b,-0.801812,562
r1baka1nr/9/1cn1b2c1/p1p1p1p1p/9/9/P1P1P1P1P/2N1C2C1/9/R1BAKABNR w,0.8019055,7372
r1baka1nr/9/1cn1b2c1/p1p1p1p1p/9/9/P1P1P1P1P/2N1C2C1/9/1RBAKABNR b,-0.8017706,1
1rbaka1nr/9/1cn1b2c1/p1p1p1p1p/9/9/P1P1P1P1P/2N1C2C1/9/1RBAKABNR w,0.8017164,6368
1rbaka1nr/9/1cn1b2c1/p1p1p1p1p/9/9/P1P1P1P1P/2N1CC3/9/1RBAKABNR b,-0.80128574,654
1rbaka2r/9/1cn1b1nc1/p1p1p1p1p/9/9/P1P1P1P1P/2N1CC3/9/1RBAKABNR w,0.80158657,7989
1rbaka2r/9/1cn1b1nc1/p1p1p1p1p/9/9/P1P1P1P1P/2N1CCN2/9/1RBAKAB1R b,-0.8013682,3012
1rbaka2r/9/1cn1b1nc1/p1p1p3p/6p2/9/P1P1P1P1P/2N1CCN2/9/1RBAKAB1R w,0.8018736,8098
1rbaka2r/9/1cn1b1nc1/p1p1p3p/6p2/9/P1P1P1P1P/2N1CCN2/9/1RBAKABR1 b,-0.8020184,727
1rbaka1r1/9/1cn1b1nc1/p1p1p3p/6p2/9/P1P1P1P1P/2N1CCN2/9/1RBAKABR1 w,0.80276376,5087
1rbaka1r1/9/1cn1b1nc1/p1p1p3p/6p2/2P6/P3P1P1P/2N1CCN2/9/1RBAKABR1 b,-0.80222535,1765
1rbaka1r1/9/2n1b1nc1/p1p1p3p/6p2/2P6/Pc2P1P1P/2N1CCN2/9/1RBAKABR1 w,0.80476177,5898
1rbaka1r1/9/2n1b1nc1/p1p1p3p/6p2/2PN5/Pc2P1P1P/4CCN2/9/1RBAKABR1 b,-0.80636036,2311
1rbaka1r1/9/2n1b1n2/p1p1p3p/6p2/2PN5/Pc2P1PcP/4CCN2/9/1RBAKABR1 w,0.80783135,6143
1rbaka1r1/9/2n1bCn2/p1p1p3p/6p2/2PN5/Pc2P1PcP/4C1N2/9/1RBAKABR1 b,-0.8081662,1986
1rbakabr1/9/2n2Cn2/p1p1p3p/6p2/2PN5/Pc2P1PcP/4C1N2/9/1RBAKABR1 w,0.8176818,4351
1rbakabr1/9/2n2Cn2/p1p1N3p/6p2/2P6/Pc2P1PcP/4C1N2/9/1RBAKABR1 b,-0.8048105,1831
1rbakabr1/9/5Cn2/p1p1n3p/6p2/2P6/Pc2P1PcP/4C1N2/9/1RBAKABR1 w,0.8052609,6061
1rbakabr1/9/5Cn2/p1p1C3p/6p2/2P6/Pc2P1PcP/6N2/9/1RBAKABR1 b,-0.7907235,109
2bakabr1/9/1r3Cn2/p1p1C3p/6p2/2P6/Pc2P1PcP/6N2/9/1RBAKABR1 w,0.80188507,2839
2bakabr1/9/1r3Cn2/p1p5p/6p2/2P1C4/Pc2P1PcP/6N2/9/1RBAKABR1 b,-0.79882264,1733
2bakabr1/9/5rn2/p1p5p/6p2/2P1C4/Pc2P1PcP/6N2/9/1RBAKABR1 w,0.80971247,7435
2bakabr1/9/5rn2/p1p5p/6p2/2P1C4/PR2P1PcP/6N2/9/2BAKABR1 b,-0.8070279,2201
2bakabr1/9/5r3/p1p5p/5np2/2P1C4/PR2P1PcP/6N2/9/2BAKABR1 w,0.8140809,4987
2bakabr1/9/5r3/p1p5p/1R3np2/2P1C4/P3P1PcP/6N2/9/2BAKABR1 b,-0.80827165,3750
2bakabr1/9/5r3/p1p5p/1R4p2/2P1C4/P3P1ncP/6N2/9/2BAKABR1 w,0.81796676,3372
2bakabr1/9/5r3/p1p5p/6R2/2P1C4/P3P1ncP/6N2/9/2BAKABR1 b,-0.8054496,5449
2bakabr1/9/5r3/p1p5p/6R2/2P1n4/P3P2cP/6N2/9/2BAKABR1 w,0.8058268,5269
2bakabr1/9/5r3/p1p5p/6R2/2P1P4/P6cP/6N2/9/2BAKABR1 b,-0.7997698,5560
2bakabr1/9/5r3/p1p5p/6R2/2P1P4/P7P/6Nc1/9/2BAKABR1 w,0.80892915,7999
2bakabr1/9/5r3/p1p5p/6R2/2P1P4/P7P/6Nc1/7R1/2BAKAB2 b,-0.7986315,2138
2bakabr1/9/9/p1p5p/6R2/2P1P4/P7P/5rNc1/7R1/2BAKAB2 w,0.80029345,3813
2bakabr1/9/9/p1p3R1p/9/2P1P4/P7P/5rNc1/7R1/2BAKAB2 b,-0.80304855,691
2bakab2/9/9/p1p3R1p/9/2P1P4/P6rP/5rNc1/7R1/2BAKAB2 w,0.81431395,2976
2bakaR2/9/9/p1p5p/9/2P1P4/P6rP/5rNc1/7R1/2BAKAB2 b,-0.80391103,5548
2bakaR2/9/9/p1p5p/9/2P1P4/P3r3P/5rNc1/7R1/2BAKAB2 w,0.82647127,7636
2bakaR2/9/9/p1p5p/9/2P1P4/P3r3P/5rNc1/4A2R1/2B1KAB2 b,-0.81541157,6361
2bakaR2/9/9/p1p5p/9/2P1P4/P3r2cP/5rN2/4A2R1/2B1KAB2 w,0.86278313,7171
2bakaR2/9/9/p1p5p/9/2P1P4/P3r2RP/5rN2/4A4/2B1KAB2 b,-0.8535445,5281
2bakaR2/9/9/p1p5p/9/2P1P4/P6rP/5rN2/4A4/2B1KAB2 w,0.86070114,6908
2bakaR2/9/9/p1p5p/9/2P1P4/P6rP/5AN2/9/2B1KAB2 b,-0.85108286,5544
2bakaR2/9/9/p1p5p/9/2P1P4/r7P/5AN2/9/2B1KAB2 w,0.8616213,6260
2bakaR2/9/9/p1p5p/9/2P1PN3/r7P/5A3/9/2B1KAB2 b,-0.8581198,4922
2bakaR2/9/9/p1p5p/9/2P1PN3/8r/5A3/9/2B1KAB2 w,0.8683417,4543
2bakaR2/9/9/p1p5p/7N1/2P1P4/8r/5A3/9/2B1KAB2 b,-0.85694134,5638
2bakaR2/9/9/p1p5p/7N1/2P1P4/4r4/5A3/9/2B1KAB2 w,0.8576637,6196
2bakaR2/9/9/p1p5p/7N1/2P1P4/4r4/9/4A4/2B1KAB2 b,-0.8432005,5269
2bakaR2/9/9/p1p5p/7N1/2P1r4/9/9/4A4/2B1KAB2 w,0.8465783,3902
2bakaR2/9/9/p1p2N2p/9/2P1r4/9/9/4A4/2B1KAB2 b,-0.849632,4457
2bakaR2/9/9/p1p2N2p/9/2r6/9/9/4A4/2B1KAB2 w,0.86734486,7897
2bakaR2/9/9/p1p2N2p/9/2r6/9/4B4/4A4/2B1KA3 b,-0.86763567,4280
2bakaR2/9/9/p1p2N2p/9/5r3/9/4B4/4A4/2B1KA3 w,0.8645287,2901
2bakaR2/9/3N5/p1p5p/9/5r3/9/4B4/4A4/2B1KA3 b,-0.8648111,373
2ba1aR2/4k4/3N5/p1p5p/9/5r3/9/4B4/4A4/2B1KA3 w,0.86637014,555
2ba1a3/4k1R2/3N5/p1p5p/9/5r3/9/4B4/4A4/2B1KA3 b,-0.8644293,1192
2ba1a3/6R2/3Nk4/p1p5p/9/5r3/9/4B4/4A4/2B1KA3 w,0.8734567,1930
2ba1a3/6R2/4k4/p1p5p/4N4/5r3/9/4B4/4A4/2B1KA3 b,-0.8596655,4532
2ba1a3/6R2/4k4/p1p2r2p/4N4/9/9/4B4/4A4/2B1KA3 w,0.87095296,1410
2ba1a3/9/4k4/p1p2r2p/4N4/9/6R2/4B4/4A4/2B1KA3 b,-0.83821803,2911
2ba1a3/9/4k4/p1p1r3p/4N4/9/6R2/4B4/4A4/2B1KA3 w,0.8496052,3633
2ba1a3/9/4k4/p1p1r1N1p/9/9/6R2/4B4/4A4/2B1KA3 b,-0.84481525,1993
2ba1a3/4k4/9/p1p1r1N1p/9/9/6R2/4B4/4A4/2B1KA3 w,0.8572038,2996
2ba1a3/4k4/8N/p1p1r3p/9/9/6R2/4B4/4A4/2B1KA3 b,-0.84459126,1174
2baka3/9/8N/p1p1r3p/9/9/6R2/4B4/4A4/2B1KA3 w,0.8537325,2355
2baka3/6N2/9/p1p1r3p/9/9/6R2/4B4/4A4/2B1KA3 b,-0.85629296,373
2ba1a3/4k1N2/9/p1p1r3p/9/9/6R2/4B4/4A4/2B1KA3 w,0.86986935,5459
2ba1a3/4k1N2/9/p1p1r3p/9/9/5R3/4B4/4A4/2B1KA3 b,-0.8588555,2823
2ba1a3/4k1N2/9/p1p3r1p/9/9/5R3/4B4/4A4/2B1KA3 w,0.8646964,1382
2ba1a3/4k4/9/p1p2Nr1p/9/9/5R3/4B4/4A4/2B1KA3 b,-0.86616284,1174
2baka3/9/9/p1p2Nr1p/9/9/5R3/4B4/4A4/2B1KA3 w,0.87829626,2901
2baka3/9/3N5/p1p3r1p/9/9/5R3/4B4/4A4/2B1KA3 b,-0.87834144,373
2ba1a3/4k4/3N5/p1p3r1p/9/9/5R3/4B4/4A4/2B1KA3 w,0.8864096,1892
2Na1a3/4k4/9/p1p3r1p/9/9/5R3/4B4/4A4/2B1KA3 b,-0.8800965,3000
2Na1a3/4k4/9/p1pr4p/9/9/5R3/4B4/4A4/2B1KA3 w,0.8867498,5315
2Na1R3/4k4/9/p1pr4p/9/9/9/4B4/4A4/2B1KA3 b,-0.8805998,2712
2Na1R3/3rk4/9/p1p5p/9/9/9/4B4/4A4/2B1KA3 w,0.8934058,456
2Na2R2/3rk4/9/p1p5p/9/9/9/4B4/4A4/2B1KA3 b,-0.885012,1110
2Na2R2/4k4/9/p1pr4p/9/9/9/4B4/4A4/2B1KA3 w,0.8748727,555
2Na5/4k1R2/9/p1pr4p/9/9/9/4B4/4A4/2B1KA3 b,-0.88656193,1174
2Nak4/6R2/9/p1pr4p/9/9/9/4B4/4A4/2B1KA3 w,0.8947902,1410
2Nak4/9/9/p1pr4p/9/9/6R2/4B4/4A4/2B1KA3 b,-0.88454634,365
2Na1k3/9/9/p1pr4p/9/9/6R2/4B4/4A4/2B1KA3 w,0.8911798,5424
2Na1k3/9/6R2/p1pr4p/9/9/9/4B4/4A4/2B1KA3 b,-0.876147,464
2Na5/5k3/6R2/p1pr4p/9/9/9/4B4/4A4/2B1KA3 w,0.8739109,2175
2Na5/5kR2/9/p1pr4p/9/9/9/4B4/4A4/2B1KA3 b,-0.880109,1265
2Na1k3/6R2/9/p1pr4p/9/9/9/4B4/4A4/2B1KA3 w,0.88189614,1401
2Na1k3/9/9/p1pr4p/9/6R2/9/4B4/4A4/2B1KA3 b,-0.8739335,464
2Na5/5k3/9/p1pr4p/9/6R2/9/4B4/4A4/2B1KA3 w,0.8901353,4642
2Na5/5k3/9/p1pr4p/9/7R1/9/4B4/4A4/2B1KA3 b,-0.87684774,1265
2Na1k3/9/9/p1pr4p/9/7R1/9/4B4/4A4/2B1KA3 w,0.895461,4730
2Na1k3/9/9/p1pr4p/9/5R3/9/4B4/4A4/2B1KA3 b,-0.8947863,454
2Nak4/9/9/p1pr4p/9/5R3/9/4B4/4A4/2B1KA3 w,0.89882827,4549
2Nak4/9/9/p1pr4p/9/4R4/9/4B4/4A4/2B1KA3 b,-0.88333654,365
2Na1k3/9/9/p1pr4p/9/4R4/9/4B4/4A4/2B1KA3 w,0.88984835,4468
2Na1k3/9/9/p1pr4p/9/9/4R4/4B4/4A4/2B1KA3 b,-0.88611597,464
2Na5/5k3/9/p1pr4p/9/9/4R4/4B4/4A4/2B1KA3 w,0.88678634,6908
2Na5/5k3/9/p1pr4p/9/9/4R4/4BA3/9/2B1KA3 b,-0.8794709,2739
2Na5/5k3/9/p1p5p/3r5/9/4R4/4BA3/9/2B1KA3 w,0.93023294,6117
2Na5/5k3/9/p1p5p/3r5/9/4R4/5A3/9/2B1KAB2 b,-0.9124972,283
2N6/4ak3/9/p1p5p/3r5/9/4R4/5A3/9/2B1KAB2 w,0.9295398,193
9/4Nk3/9/p1p5p/3r5/9/4R4/5A3/9/2B1KAB2 b,-0.9224557,3551
9/4Nk3/9/p1p5p/5r3/9/4R4/5A3/9/2B1KAB2 w,0.9174896,1190
9/5k3/2N6/p1p5p/5r3/9/4R4/5A3/9/2B1KAB2 b,-0.9194273,3713
9/5k3/2N2r3/p1p5p/9/9/4R4/5A3/9/2B1KAB2 w,0.98092103,1803
3N5/5k3/5r3/p1p5p/9/9/4R4/5A3/9/2B1KAB2 b,-0.98229635,1265
3N1k3/9/5r3/p1p5p/9/9/4R4/5A3/9/2B1KAB2 w,0.9900918,5224
3NRk3/9/5r3/p1p5p/9/9/9/5A3/9/2B1KAB2 b,-0.99077106,464
3NR4/5k3/5r3/p1p5p/9/9/9/5A3/9/2B1KAB2 w,1,366
rnbakabnr/9/1c5c1/p1p1p1p1p/9/9/P1P1P1P1P/1C5C1/9/RNBAKABNR w,0.80180866,5827
rnbakabnr/9/1c5c1/p1p1p1p1p/9/9/P1P1P1P1P/4C2C1/9/RNBAKABNR b,-0.80176365,110
r1bakabnr/9/1cn4c1/p1p1p1p1p/9/9/P1P1P1P1P/4C2C1/9/RNBAKABNR w,0.8018023,7445
r1bakabnr/9/1cn4c1/p1p1p1p1p/9/9/P1P1P1P1P/2N1C2C1/9/R1BAKABNR b,-0.8018406,562
r1baka1nr/9/1cn1b2c1/p1p1p1p1p/9/9/P1P1P1P1P/2N1C2C1/9/R1BAKABNR w,0.8019055,7372
r1baka1nr/9/1cn1b2c1/p1p1p1p1p/9/9/P1P1P1P1P/2N1C2C1/9/1RBAKABNR b,-0.8017725,1
1rbaka1nr/9/1cn1b2c1/p1p1p1p1p/9/9/P1P1P1P1P/2N1C2C1/9/1RBAKABNR w,0.80170405,6368
1rbaka1nr/9/1cn1b2c1/p1p1p1p1p/9/9/P1P1P1P1P/2N1CC3/9/1RBAKABNR b,-0.80128574,654
1rbaka2r/9/1cn1b1nc1/p1p1p1p1p/9/9/P1P1P1P1P/2N1CC3/9/1RBAKABNR w,0.8016004,7989
1rbaka2r/9/1cn1b1nc1/p1p1p1p1p/9/9/P1P1P1P1P/2N1CCN2/9/1RBAKAB1R b,-0.8013648,3012
1rbaka2r/9/1cn1b1nc1/p1p1p3p/6p2/9/P1P1P1P1P/2N1CCN2/9/1RBAKAB1R w,0.8018862,8098
1rbaka2r/9/1cn1b1nc1/p1p1p3p/6p2/9/P1P1P1P1P/2N1CCN2/9/1RBAKABR1 b,-0.8020107,727
1rbaka1r1/9/1cn1b1nc1/p1p1p3p/6p2/9/P1P1P1P1P/2N1CCN2/9/1RBAKABR1 w,0.80255455,5087
1rbaka1r1/9/1cn1b1nc1/p1p1p3p/6p2/2P6/P3P1P1P/2N1CCN2/9/1RBAKABR1 b,-0.80212146,1765
1rbaka1r1/9/2n1b1nc1/p1p1p3p/6p2/2P6/Pc2P1P1P/2N1CCN2/9/1RBAKABR1 w,0.80514246,5898
1rbaka1r1/9/2n1b1nc1/p1p1p3p/6p2/2PN5/Pc2P1P1P/4CCN2/9/1RBAKABR1 b,-0.80646557,2311
1rbaka1r1/9/2n1b1n2/p1p1p3p/6p2/2PN5/Pc2P1PcP/4CCN2/9/1RBAKABR1 w,0.8079318,6143
1rbaka1r1/9/2n1bCn2/p1p1p3p/6p2/2PN5/Pc2P1PcP/4C1N2/9/1RBAKABR1 b,-0.8084572,1986
1rbakabr1/9/2n2Cn2/p1p1p3p/6p2/2PN5/Pc2P1PcP/4C1N2/9/1RBAKABR1 w,0.8184994,4351
1rbakabr1/9/2n2Cn2/p1p1N3p/6p2/2P6/Pc2P1PcP/4C1N2/9/1RBAKABR1 b,-0.8047562,1831
1rbakabr1/9/5Cn2/p1p1n3p/6p2/2P6/Pc2P1PcP/4C1N2/9/1RBAKABR1 w,0.8050758,6061
1rbakabr1/9/5Cn2/p1p1C3p/6p2/2P6/Pc2P1PcP/6N2/9/1RBAKABR1 b,-0.7906862,109
2bakabr1/9/1r3Cn2/p1p1C3p/6p2/2P6/Pc2P1PcP/6N2/9/1RBAKABR1 w,0.80192703,2839
2bakabr1/9/1r3Cn2/p1p5p/6p2/2P1C4/Pc2P1PcP/6N2/9/1RBAKABR1 b,-0.79881245,1733
2bakabr1/9/5rn2/p1p5p/6p2/2P1C4/Pc2P1PcP/6N2/9/1RBAKABR1 w,0.8096306,7435
2bakabr1/9/5rn2/p1p5p/6p2/2P1C4/PR2P1PcP/6N2/9/2BAKABR1 b,-0.808395,2138
2bakabr1/9/6n2/p1p5p/6p2/2P1C4/PR2P1PcP/5rN2/9/2BAKABR1 w,0.8161118,6290
2bakabr1/9/6n2/p1p5p/6p2/2P1C4/PR2P1PcP/5r3/8N/2BAKABR1 b,-0.80519,5569
2bakabr1/9/6n2/p1p5p/6p2/2P1C4/PR2P1P1P/5r3/7cN/2BAKABR1 w,0.8141668,7897
2bakabr1/9/6n2/p1p5p/6p2/2P1C4/PR2P1P1P/4Br3/7cN/2BAKA1R1 b,-0.80280805,2201
2bakabr1/9/9/p1p5p/5np2/2P1C4/PR2P1P1P/4Br3/7cN/2BAKA1R1 w,0.809524,7816
2bakabr1/9/9/p1p5p/5np2/2P1C4/PR2P1P1P/4Br3/4A2cN/2BAK2R1 b,-0.804312,6179
2bakabr1/9/9/p1p5p/5np2/2P1C4/PR2PrP1P/4B4/4A2cN/2BAK2R1 w,0.8084003,5007
2bakabr1/9/9/p1p5p/5np2/2P1C4/P2RPrP1P/4B4/4A2cN/2BAK2R1 b,-0.7982909,3750
2bakabr1/9/9/p1p5p/6p2/2P1C4/P2RPrn1P/4B4/4A2cN/2BAK2R1 w,0.81218344,8007
2bakabr1/9/9/p1p5p/6p2/2P1C4/P2RPrn1P/4B4/4A2cN/2BAK1R2 b,-0.77853864,7198
2bakabr1/9/9/p1p5p/6p2/2P1C4/P2RPrn1P/4B4/4A3N/2BAK1Rc1 w,0.774402,7899
2bakabr1/9/9/p1p5p/6p2/2P1C4/P2RPrn1P/4B1R2/4A3N/2BAK2c1 b,-0.7589707,8009
2bakabr1/9/9/p1p5p/6p2/2P1C4/P2RPrn1P/4B1R2/4A3N/2BAK3c w,0.7534326,6278
2bakabr1/9/9/p1p5p/6p2/2P1C4/P2RPrn1P/4BR3/4A3N/2BAK3c b,-0.7494644,5378
2bakabr1/9/9/p1p5p/6p2/2P1C4/P2RP1n1P/4Br3/4A3N/2BAK3c w,0.76224923,6908
2bakabr1/9/9/p1p5p/6p2/2P1C4/P2RP1n1P/4BA3/8N/2BAK3c b,-0.7570366,718
2bakab2/9/9/p1p5p/6p2/2P1C4/P2RP1n1P/4BA3/8N/2BAK2rc w,0.75134933,7726
2bakab2/9/9/p1p5p/6p2/2P1C4/P2RP1n1P/4BA3/4K3N/2BA3rc b,-0.74710584,7999
2bakab2/9/9/p1p5p/6p2/2P1C4/P2RP1n1P/4BA3/4K2rN/2BA4c w,0.7447465,6925
2bakab2/9/9/p1p5p/6p2/2P1C4/P2RP1n1P/4BA3/7rN/2BAK3c b,-0.7330836,5477
2bakab2/9/9/p1p5p/6p2/2P1C4/P2RP3P/4BA3/5n1rN/2BAK3c w,0.7620244,7636
2bakab2/9/9/p1p5p/6p2/2P1C4/P2RP3P/4BA3/4An1rN/2B1K3c b,-0.750084,7190
2bakab2/9/9/p1p5p/6p2/2P1C4/P2RP3P/4BA3/4An2r/2B1K3c w,0.75831085,5160
2bakab2/9/9/p1pR4p/6p2/2P1C4/P3P3P/4BA3/4An2r/2B1K3c b,-0.74476284,7262
2bakab2/9/9/p1pR4p/6p2/2P1C4/P3P3r/4BA3/4An3/2B1K3c w,0.7475703,2731
2bakab2/9/9/p1p1R3p/6p2/2P1C4/P3P3r/4BA3/4An3/2B1K3c b,-0.76044935,283
2b1kab2/4a4/9/p1p1R3p/6p2/2P1C4/P3P3r/4BA3/4An3/2B1K3c w,0.86096066,2825
2b1kab2/4a4/9/p1p5R/6p2/2P1C4/P3P3r/4BA3/4An3/2B1K3c b,-0.8549331,202
4kab2/4a4/4b4/p1p5R/6p2/2P1C4/P3P3r/4BA3/4An3/2B1K3c w,0.8674906,3212
4kab2/4a4/4b4/p1p6/6p2/2P1C4/P3P3R/4BA3/4An3/2B1K3c b,-0.85874593,7000
4kab2/4a4/4b4/p1p6/6p2/2P1C4/P3P3R/4BA1n1/4A4/2B1K3c w,0.89876664,5651
4kab2/4a4/4b4/p1p6/6p2/2P1C4/P3P4/4BA1nR/4A4/2B1K3c b,-0.9100886,6387
4kab2/4a4/4b4/p1p6/6p2/2P1C4/P3P4/4BA2R/4A4/2B1K1n1c w,0.9279306,6479
4kab2/4a4/4b4/p1p6/6p2/2P1C4/P3P4/4BA3/4A4/2B1K1n1R b,-0.9247067,7900
4kab2/4a4/4b4/p1p6/6p2/2P1C4/P3P4/4BA1n1/4A4/2B1K3R w,0.9347612,8045
4kab2/4a4/4b4/p1p5R/6p2/2P1C4/P3P4/4BA1n1/4A4/2B1K4 b,-0.929163,3831
4kab2/4a4/4b4/p1p5R/9/2P1C1p2/P3P4/4BA1n1/4A4/2B1K4 w,0.9402728,3179
4kab2/4a4/4b4/p1R6/9/2P1C1p2/P3P4/4BA1n1/4A4/2B1K4 b,-0.9477173,363
3k1ab2/4a4/4b4/p1R6/9/2P1C1p2/P3P4/4BA1n1/4A4/2B1K4 w,0.95540667,2640
3k1ab2/4a4/4b4/p2R5/9/2P1C1p2/P3P4/4BA1n1/4A4/2B1K4 b,-0.9482316,274
4kab2/4a4/4b4/p2R5/9/2P1C1p2/P3P4/4BA1n1/4A4/2B1K4 w,0.95211005,2727
4kab2/4a4/4b4/R8/9/2P1C1p2/P3P4/4BA1n1/4A4/2B1K4 b,-0.93748575,363
3k1ab2/4a4/4b4/R8/9/2P1C1p2/P3P4/4BA1n1/4A4/2B1K4 w,0.9407271,2460
3k1ab2/4a4/4b4/3R5/9/2P1C1p2/P3P4/4BA1n1/4A4/2B1K4 b,-0.93687975,274
4kab2/4a4/4b4/3R5/9/2P1C1p2/P3P4/4BA1n1/4A4/2B1K4 w,0.9418271,6081
4kab2/4a4/4b4/3R5/9/2P1C1B2/P3P4/5A1n1/4A4/2B1K4 b,-0.9396064,6351
4kab2/4a4/4b4/3R5/9/2P1C1n2/P3P4/5A3/4A4/2B1K4 w,0.94976985,2727
4kab2/4a4/4b4/R8/9/2P1C1n2/P3P4/5A3/4A4/2B1K4 b,-0.9323961,363
3k1ab2/4a4/4b4/R8/9/2P1C1n2/P3P4/5A3/4A4/2B1K4 w,0.9373598,2460
3k1ab2/4a4/4b4/3R5/9/2P1C1n2/P3P4/5A3/4A4/2B1K4 b,-0.9335921,274
4kab2/4a4/4b4/3R5/9/2P1C1n2/P3P4/5A3/4A4/2B1K4 w,0.94565845,4268
4kab2/4a4/4b4/3R5/2P6/4C1n2/P3P4/5A3/4A4/2B1K4 b,-0.94477296,4648
4kab2/4a4/4b4/3R5/2P6/4C4/P3n4/5A3/4A4/2B1K4 w,0.95334226,2727
4kab2/4a4/4b4/R8/2P6/4C4/P3n4/5A3/4A4/2B1K4 b,-0.9369954,363
3k1ab2/4a4/4b4/R8/2P6/4C4/P3n4/5A3/4A4/2B1K4 w,0.94083655,2460
3k1ab2/4a4/4b4/3R5/2P6/4C4/P3n4/5A3/4A4/2B1K4 b,-0.93265635,274
4kab2/4a4/4b4/3R5/2P6/4C4/P3n4/5A3/4A4/2B1K4 w,0.93879867,4905
4kab2/4a4/4b4/3R5/2P6/P3C4/4n4/5A3/4A4/2B1K4 b,-0.9363145,5271
4kab2/4a4/4b4/3R5/2P6/P3C1n2/9/5A3/4A4/2B1K4 w,0.94510984,3449
4kab2/4a4/4b4/2PR5/9/P3C1n2/9/5A3/4A4/2B1K4 b,-0.940322,4630
4kab2/4a4/4b4/2PR5/4n4/P3C4/9/5A3/4A4/2B1K4 w,0.93955016,2630
4kab2/4a4/2P1b4/3R5/4n4/P3C4/9/5A3/4A4/2B1K4 b,-0.937762,3647
4kab2/4a4/2P1b4/3R5/9/P1n1C4/9/5A3/4A4/2B1K4 w,0.95235705,2757
4kab2/4a4/2P1b4/9/9/P1n1C4/3R5/5A3/4A4/2B1K4 b,-0.9459707,4270
4kab2/4a4/2P1b4/9/4n4/P3C4/3R5/5A3/4A4/2B1K4 w,0.94778776,5169
4kab2/4a4/2P1b4/9/3Rn4/P3C4/9/5A3/4A4/2B1K4 b,-0.9454677,3633
4kab2/4a4/2P1b4/6n2/3R5/P3C4/9/5A3/4A4/2B1K4 w,0.95242023,7734
4kab2/4a4/2P1b4/6n2/3R5/P3C4/9/5A3/4A4/2BK5 b,-0.94897896,2984
4kab2/4an3/2P1b4/9/3R5/P3C4/9/5A3/4A4/2BK5 w,0.97172284,3550
4kab2/4an3/2P1b4/9/4R4/P3C4/9/5A3/4A4/2BK5 b,-0.9477866,1982
2b1kab2/4an3/2P6/9/4R4/P3C4/9/5A3/4A4/2BK5 w,0.9506297,4468
2b1kab2/4an3/2P6/9/4R4/P8/4C4/5A3/4A4/2BK5 b,-0.9506288,1293
2b1kab2/4a4/2P6/6n2/4R4/P8/4C4/5A3/4A4/2BK5 w,0.9635315,3642
2b1kab2/4a4/2P6/6n2/6R2/P8/4C4/5A3/4A4/2BK5 b,-0.9574889,2992
2b1kab2/4a4/2P1n4/9/6R2/P8/4C4/5A3/4A4/2BK5 w,0.98975027,3816
2b1kab2/4a4/2P1n4/9/R8/P8/4C4/5A3/4A4/2BK5 b,-0.9887944,198
4kab2/4a4/b1P1n4/9/R8/P8/4C4/5A3/4A4/2BK5 w,0.9949805,3258
4kab2/4a4/R1P1n4/9/9/P8/4C4/5A3/4A4/2BK5 b,-0.9959367,566
4ka3/4a4/R1P1n3b/9/9/P8/4C4/5A3/4A4/2BK5 w,0.99854517,1629
4ka3/R3a4/2P1n3b/9/9/P8/4C4/5A3/4A4/2BK5 b,-0.99649864,2346
4kab2/R3a4/2P1n4/9/9/P8/4C4/5A3/4A4/2BK5 w,1,810
rnbakabnr/9/1c5c1/p1p1p1p1p/9/9/P1P1P1P1P/1C5C1/9/RNBAKABNR w,0.8018093,5827
rnbakabnr/9/1c5c1/p1p1p1p1p/9/9/P1P1P1P1P/4C2C1/9/RNBAKABNR b,-0.8017682,110
r1bakabnr/9/1cn4c1/p1p1p1p1p/9/9/P1P1P1P1P/4C2C1/9/RNBAKABNR w,0.80181766,7445
r1bakabnr/9/1cn4c1/p1p1p1p1p/9/9/P1P1P1P1P/2N1C2C1/9/R1BAKABNR b,-0.80180895,562
r1baka1nr/9/1cn1b2c1/p1p1p1p1p/9/9/P1P1P1P1P/2N1C2C1/9/R1BAKABNR w,0.8019635,7372
r1baka1nr/9/1cn1b2c1/p1p1p1p1p/9/9/P1P1P1P1P/2N1C2C1/9/1RBAKABNR b,-0.8017725,1
1rbaka1nr/9/1cn1b2c1/p1p1p1p1p/9/9/P1P1P1P1P/2N1C2C1/9/1RBAKABNR w,0.8017164,6368
1rbaka1nr/9/1cn1b2c1/p1p1p1p1p/9/9/P1P1P1P1P/2N1CC3/9/1RBAKABNR b,-0.8012789,654
1rbaka2r/9/1cn1b1nc1/p1p1p1p1p/9/9/P1P1P1P1P/2N1CC3/9/1RBAKABNR w,0.8015947,7989
1rbaka2r/9/1cn1b1nc1/p1p1p1p1p/9/9/P1P1P1P1P/2N1CCN2/9/1RBAKAB1R b,-0.80137295,3012
1rbaka2r/9/1cn1b1nc1/p1p1p3p/6p2/9/P1P1P1P1P/2N1CCN2/9/1RBAKAB1R w,0.8018474,8098
1rbaka2r/9/1cn1b1nc1/p1p1p3p/6p2/9/P1P1P1P1P/2N1CCN2/9/1RBAKABR1 b,-0.8020107,727
1rbaka1r1/9/1cn1b1nc1/p1p1p3p/6p2/9/P1P1P1P1P/2N1CCN2/9/1RBAKABR1 w,0.8027678,5087
1rbaka1r1/9/1cn1b1nc1/p1p1p3p/6p2/2P6/P3P1P1P/2N1CCN2/9/1RBAKABR1 b,-0.8022262,1765
1rbaka1r1/9/2n1b1nc1/p1p1p3p/6p2/2P6/Pc2P1P1P/2N1CCN2/9/1RBAKABR1 w,0.8047727,5898
1rbaka1r1/9/2n1b1nc1/p1p1p3p/6p2/2PN5/Pc2P1P1P/4CCN2/9/1RBAKABR1 b,-0.8065378,2311
1rbaka1r1/9/2n1b1n2/p1p1p3p/6p2/2PN5/Pc2P1PcP/4CCN2/9/1RBAKABR1 w,0.8079075,6143
1rbaka1r1/9/2n1bCn2/p1p1p3p/6p2/2PN5/Pc2P1PcP/4C1N2/9/1RBAKABR1 b,-0.7975325,5010
1rbaka1r1/9/2n1bCn2/p1p1p3p/6p2/2PN5/P3P1ccP/4C1N2/9/1RBAKABR1 w,0.8054424,7381
1Rbaka1r1/9/2n1bCn2/p1p1p3p/6p2/2PN5/P3P1ccP/4C1N2/9/2BAKABR1 b,-0.8027364,1801
1nbaka1r1/9/4bCn2/p1p1p3p/6p2/2PN5/P3P1ccP/4C1N2/9/2BAKABR1 w,0.7978339,6061
1nbaka1r1/9/4bCn2/p1p1C3p/6p2/2PN5/P3P1ccP/6N2/9/2BAKABR1 b,-0.7997274,463
1nbak2r1/4a4/4bCn2/p1p1C3p/6p2/2PN5/P3P1ccP/6N2/9/2BAKABR1 w,0.80309933,5269
1nbak2r1/4a4/4bCn2/p1p1C3p/6p2/2PNP4/P5ccP/6N2/9/2BAKABR1 b,-0.7946822,682
1nbak4/4a4/4bCn2/p1p1C3p/6p2/2PNP2r1/P5ccP/6N2/9/2BAKABR1 w,0.8005127,4450
1nbak4/4a4/4bCn2/p1p1C3p/4P1p2/2PN3r1/P5ccP/6N2/9/2BAKABR1 b,-0.8003619,4728
1nbak4/4a4/4bCn2/p1p1C3p/4P1p2/2Pr5/P5ccP/6N2/9/2BAKABR1 w,0.81798255,7981
1nbak4/4a4/4bCn2/p1p1C3p/4P1p2/2Pr5/P5cRP/6N2/9/2BAKAB2 b,-0.8191088,5487
1nbak4/4a4/4bCn2/p1p1C3p/4P1p2/2Pr5/P6RP/6N2/9/2BAKAc2 w,0.82787216,7816
1nbak4/4a4/4bCn2/p1p1C3p/4P1p2/2Pr5/P6RP/6N2/4A4/2BAK1c2 b,-0.82348377,7919
1nbak4/4a4/4bCn2/p1p1C3p/4P1p2/2Pr5/P6RP/6N2/4A4/2BAK3c w,0.84484166,5515
1nbak4/4a4/4bCnR1/p1p1C3p/4P1p2/2Pr5/P7P/6N2/4A4/2BAK3c b,-0.83288515,2165
1nbakn3/4a4/4bC1R1/p1p1C3p/4P1p2/2Pr5/P7P/6N2/4A4/2BAK3c w,0.83642936,2084
1nbakn3/4aC3/4b2R1/p1p1C3p/4P1p2/2Pr5/P7P/6N2/4A4/2BAK3c b,-0.8325627,4371
1nbakn3/4aC3/4b2R1/p1p1C3p/4P1p2/2P3r2/P7P/6N2/4A4/2BAK3c w,0.9267571,2823
1nbakn3/4aC3/4b2R1/p1p3C1p/4P1p2/2P3r2/P7P/6N2/4A4/2BAK3c b,-0.8965837,1193
1nbakn3/5C3/4ba1R1/p1p3C1p/4P1p2/2P3r2/P7P/6N2/4A4/2BAK3c w,0.903797,3021
1nbakn3/5C3/4ba1R1/p1p5p/4P1p2/2P3C2/P7P/6N2/4A4/2BAK3c b,-0.9008622,3831
1nbakn3/5C3/4ba1R1/p1p5p/4P4/2P3p2/P7P/6N2/4A4/2BAK3c w,0.90799755,6268
1nbakn3/5C3/4ba1R1/p1p5p/4P4/2P3p2/P3N3P/9/4A4/2BAK3c b,-0.8976213,283
1nb1kn3/4aC3/4ba1R1/p1p5p/4P4/2P3p2/P3N3P/9/4A4/2BAK3c w,0.9152955,5271
1nb1kn3/4aC3/4ba1R1/p1p5p/4P4/2P3N2/P7P/9/4A4/2BAK3c b,-0.90773183,2648
1nb1kn3/4aC3/4ba1R1/p7p/2p1P4/2P3N2/P7P/9/4A4/2BAK3c w,0.9228841,1277
1nb1kn3/4a3C/4ba1R1/p7p/2p1P4/2P3N2/P7P/9/4A4/2BAK3c b,-0.91532916,3467
1nb1kn3/4a3C/4ba1R1/p7p/4P4/2p3N2/P7P/9/4A4/2BAK3c w,0.92099184,1538
1nb1kn2C/4a4/4ba1R1/p7p/4P4/2p3N2/P7P/9/4A4/2BAK3c b,-0.92140245,474
1nb1k3C/4a4/4banR1/p7p/4P4/2p3N2/P7P/9/4A4/2BAK3c w,0.9254911,2274
1nb1k3C/4a4/4baR2/p7p/4P4/2p3N2/P7P/9/4A4/2BAK3c b,-0.93282104,110
2b1k3C/4a4/2n1baR2/p7p/4P4/2p3N2/P7P/9/4A4/2BAK3c w,0.9419601,2185
2b1k3C/4a4/2n1ba1R1/p7p/4P4/2p3N2/P7P/9/4A4/2BAK3c b,-0.9314756,365
2b2k2C/4a4/2n1ba1R1/p7p/4P4/2p3N2/P7P/9/4A4/2BAK3c w,0.9442922,7537
2b2k2C/4a4/2n1ba1R1/p7p/4P4/2p3N2/P7P/4B4/4A4/3AK3c b,-0.9161244,4286
2b2k2C/4a4/2n1ba1R1/p7p/4P4/6N2/P1p5P/4B4/4A4/3AK3c w,0.92034984,2257
2b2k1RC/4a4/2n1ba3/p7p/4P4/6N2/P1p5P/4B4/4A4/3AK3c b,-0.9266342,464
2b4RC/4ak3/2n1ba3/p7p/4P4/6N2/P1p5P/4B4/4A4/3AK3c w,0.9321023,722
2C4R1/4ak3/2n1ba3/p7p/4P4/6N2/P1p5P/4B4/4A4/3AK3c b,-0.90501064,1982
2b4R1/4ak3/2n2a3/p7p/4P4/6N2/P1p5P/4B4/4A4/3AK3c w,0.91104096,632
2R6/4ak3/2n2a3/p7p/4P4/6N2/P1p5P/4B4/4A4/3AK3c b,-0.9077138,1837
2R6/4ak3/5a3/p7p/1n2P4/6N2/P1p5P/4B4/4A4/3AK3c w,0.9236169,3631
2R6/4ak3/5a3/p3P3p/1n7/6N2/P1p5P/4B4/4A4/3AK3c b,-0.9043596,3378
2R6/4ak3/5a3/p3P3p/9/3n2N2/P1p5P/4B4/4A4/3AK3c w,0.909665,2812
2R6/4ak3/4Pa3/p7p/9/3n2N2/P1p5P/4B4/4A4/3AK3c b,-0.9023158,4387
2R6/4ak3/4Pa3/p7p/9/6N2/P1p5P/4n4/4A4/3AK3c w,0.92079985,7736
2R6/4ak3/4Pa3/p7p/9/6N2/P1p5P/4n4/4A4/3A1K2c b,-0.91445166,8090
2R6/4ak3/4Pa3/p7p/9/6N2/P1p5P/4n4/4A3c/3A1K3 w,0.9202191,184
4R4/4ak3/4Pa3/p7p/9/6N2/P1p5P/4n4/4A3c/3A1K3 b,-0.90864044,6080
4R4/4ak3/4Pa3/p7p/9/5nN2/P1p5P/9/4A3c/3A1K3 w,0.9170383,7817
4R4/4ak3/4Pa3/p7p/9/5nN2/P1p5P/9/4AK2c/3A5 b,-0.909738,5095
4R4/4ak3/4Pa3/p7p/9/5nN2/Pp6P/9/4AK2c/3A5 w,0.9119204,362
2R6/4ak3/4Pa3/p7p/9/5nN2/Pp6P/9/4AK2c/3A5 b,-0.9030337,4569
2R6/4ak3/4Pa3/p7p/9/6N2/Pp6P/6n2/4AK2c/3A5 w,0.9036742,4624
2R6/4ak3/4Pa3/p6Np/9/9/Pp6P/6n2/4AK2c/3A5 b,-0.88641304,6298
2R6/4ak3/4Pa3/p6Np/9/9/Pp6P/9/4AK2c/3A3n1 w,0.8948898,6998
2R6/4ak3/4Pa3/p6Np/9/9/Pp6P/5K3/4A3c/3A3n1 b,-0.89052975,7277
2R6/4ak3/4Pa3/p6Np/9/9/Pp6P/5K3/4Ac3/3A3n1 w,0.9236219,184
4R4/4ak3/4Pa3/p6Np/9/9/Pp6P/5K3/4Ac3/3A3n1 b,-0.94018054,7010
4R4/4ak3/4Pa3/p6Np/9/9/Pp6P/5K3/4A3c/3A3n1 w,1,1993
rnbakabnr/9/1c5c1/p1p1p1p1p/9/9/P1P1P1P1P/1C5C1/9/RNBAKABNR w,0.8017992,5827
rnbakabnr/9/1c5c1/p1p1p1p1p/9/9/P1P1P1P1P/4C2C1/9/RNBAKABNR b,-0.8017668,110
r1bakabnr/9/1cn4c1/p1p1p1p1p/9/9/P1P1P1P1P/4C2C1/9/RNBAKABNR w,0.80181396,7445
r1bakabnr/9/1cn4c1/p1p1p1p1p/9/9/P1P1P1P1P/2N1C2C1/9/R1BAKABNR b,-0.80180717,562
r1baka1nr/9/1cn1b2c1/p1p1p1p1p/9/9/P1P1P1P1P/2N1C2C1/9/R1BAKABNR w,0.801942,7372
r1baka1nr/9/1cn1b2c1/p1p1p1p1p/9/9/P1P1P1P1P/2N1C2C1/9/1RBAKABNR b,-0.8017659,1
1rbaka1nr/9/1cn1b2c1/p1p1p1p1p/9/9/P1P1P1P1P/2N1C2C1/9/1RBAKABNR w,0.80169904,6368
1rbaka1nr/9/1cn1b2c1/p1p1p1p1p/9/9/P1P1P1P1P/2N1CC3/9/1RBAKABNR b,-0.8012889,654
1rbaka2r/9/1cn1b1nc1/p1p1p1p1p/9/9/P1P1P1P1P/2N1CC3/9/1RBAKABNR w,0.8015777,7989
1rbaka2r/9/1cn1b1nc1/p1p1p1p1p/9/9/P1P1P1P1P/2N1CCN2/9/1RBAKAB1R b,-0.8015008,3012
1rbaka2r/9/1cn1b1nc1/p1p1p3p/6p2/9/P1P1P1P1P/2N1CCN2/9/1RBAKAB1R w,0.80190086,8098
1rbaka2r/9/1cn1b1nc1/p1p1p3p/6p2/9/P1P1P1P1P/2N1CCN2/9/1RBAKABR1 b,-0.80202866,727
1rbaka1r1/9/1cn1b1nc1/p1p1p3p/6p2/9/P1P1P1P1P/2N1CCN2/9/1RBAKABR1 w,0.80251306,5087
1rbaka1r1/9/1cn1b1nc1/p1p1p3p/6p2/2P6/P3P1P1P/2N1CCN2/9/1RBAKABR1 b,-0.8022262,1765
1rbaka1r1/9/2n1b1nc1/p1p1p3p/6p2/2P6/Pc2P1P1P/2N1CCN2/9/1RBAKABR1 w,0.8050908,5898
1rbaka1r1/9/2n1b1nc1/p1p1p3p/6p2/2PN5/Pc2P1P1P/4CCN2/9/1RBAKABR1 b,-0.8065378,2311
1rbaka1r1/9/2n1b1n2/p1p1p3p/6p2/2PN5/Pc2P1PcP/4CCN2/9/1RBAKABR1 w,0.8079292,6143
1rbaka1r1/9/2n1bCn2/p1p1p3p/6p2/2PN5/Pc2P1PcP/4C1N2/9/1RBAKABR1 b,-0.80828,1986
1rbakabr1/9/2n2Cn2/p1p1p3p/6p2/2PN5/Pc2P1PcP/4C1N2/9/1RBAKABR1 w,0.8178919,4351
1rbakabr1/9/2n2Cn2/p1p1N3p/6p2/2P6/Pc2P1PcP/4C1N2/9/1RBAKABR1 b,-0.804766,1831
1rbakabr1/9/5Cn2/p1p1n3p/6p2/2P6/Pc2P1PcP/4C1N2/9/1RBAKABR1 w,0.80547875,6061
1rbakabr1/9/5Cn2/p1p1C3p/6p2/2P6/Pc2P1PcP/6N2/9/1RBAKABR1 b,-0.7903858,109
2bakabr1/9/1r3Cn2/p1p1C3p/6p2/2P6/Pc2P1PcP/6N2/9/1RBAKABR1 w,0.8022862,2839
2bakabr1/9/1r3Cn2/p1p5p/6p2/2P1C4/Pc2P1PcP/6N2/9/1RBAKABR1 b,-0.7983007,1733
2bakabr1/9/5rn2/p1p5p/6p2/2P1C4/Pc2P1PcP/6N2/9/1RBAKABR1 w,0.8096487,7435
2bakabr1/9/5rn2/p1p5p/6p2/2P1C4/PR2P1PcP/6N2/9/2BAKABR1 b,-0.8074132,2129
2bakabr1/9/6n2/p1p5p/6p2/2P1C4/PR2PrPcP/6N2/9/2BAKABR1 w,0.8149259,4987
2bakabr1/9/6n2/p1p5p/1R4p2/2P1C4/P3PrPcP/6N2/9/2BAKABR1 b,-0.80414426,2201
2bakabr1/9/9/p1p5p/1R3np2/2P1C4/P3PrPcP/6N2/9/2BAKABR1 w,0.821211,7897
2bakabr1/9/9/p1p5p/1R3np2/2P1C4/P3PrPcP/4B1N2/9/2BAKA1R1 b,-0.8101239,3748
2bakabr1/9/9/p1p5p/1R4p2/2P1C4/P3nrPcP/4B1N2/9/2BAKA1R1 w,0.82693774,7816
2bakabr1/9/9/p1p5p/1R4p2/2P1C4/P3nrPcP/4B1N2/4A4/2BAK2R1 b,-0.8099183,5370
2bakabr1/9/9/p1p5p/1R4p2/2P1C4/P3n1rcP/4B1N2/4A4/2BAK2R1 w,0.812631,3370
2bakabr1/9/9/p1p5p/4R1p2/2P1C4/P3n1rcP/4B1N2/4A4/2BAK2R1 b,-0.8084313,562
2baka1r1/9/4b4/p1p5p/4R1p2/2P1C4/P3n1rcP/4B1N2/4A4/2BAK2R1 w,0.81412286,6268
2baka1r1/9/4b4/p1p5p/4R1p2/2P1C4/P3N1rcP/4B4/4A4/2BAK2R1 b,-0.8049939,5458
2baka1r1/9/4b4/p1p5p/4R1p2/2P1C4/P3r2cP/4B4/4A4/2BAK2R1 w,0.8182746,3622
2baka1r1/9/4R4/p1p5p/6p2/2P1C4/P3r2cP/4B4/4A4/2BAK2R1 b,-0.8279867,463
2bak2r1/4a4/4R4/p1p5p/6p2/2P1C4/P3r2cP/4B4/4A4/2BAK2R1 w,0.92186946,2005
2bak2r1/4a4/7R1/p1p5p/6p2/2P1C4/P3r2cP/4B4/4A4/2BAK2R1 b,-0.91654885,1175
2baka1r1/9/7R1/p1p5p/6p2/2P1C4/P3r2cP/4B4/4A4/2BAK2R1 w,0.9159849,2257
2baka1R1/9/9/p1p5p/6p2/2P1C4/P3r2cP/4B4/4A4/2BAK2R1 b,-0.90884,5544
2baka1R1/9/9/p1p5p/6p2/2P1C4/c3r3P/4B4/4A4/2BAK2R1 w,0.9190039,4460
2baka1R1/9/9/p1p5p/6p2/2P2C3/c3r3P/4B4/4A4/2BAK2R1 b,-0.9109135,3831
2baka1R1/9/9/p1p5p/9/2P2Cp2/c3r3P/4B4/4A4/2BAK2R1 w,0.91781783,6081
2baka1R1/9/9/p1p5p/9/2P2CB2/c3r3P/9/4A4/2BAK2R1 b,-0.9053216,4941
2baka1R1/9/9/p1p5p/9/2P2CB2/4r3P/9/4A4/c1BAK2R1 w,0.92150265,7954
2baka1R1/9/9/p1p4Rp/9/2P2CB2/4r3P/9/4A4/c1BAK4 b,-0.8901116,5296
2baka1R1/9/9/p1p4Rp/9/2P2CB2/8P/9/4r4/c1BAK4 w,0.8949184,7736
2baka1R1/9/9/p1p4Rp/9/2P2CB2/8P/9/4r4/c1BA1K3 b,-0.883265,6898
2baka1R1/9/9/p1p4Rp/9/2P2CB2/4r3P/9/9/c1BA1K3 w,0.89875484,4568
2baka1R1/9/9/p1p4Rp/9/2P3B2/4r3P/5C3/9/c1BA1K3 b,-0.8901463,5279
2baka1R1/9/9/p1p4Rp/9/2P3B2/5r2P/5C3/9/c1BA1K3 w,0.9009216,7817
2baka1R1/9/9/p1p4Rp/9/2P3B2/5r2P/5C3/5K3/c1BA5 b,-0.90580505,7374
2baka1R1/9/9/p1p4Rp/9/2P3B2/5r2P/5C3/5K3/2Bc5 w,0.91806614,3089
2baka1R1/9/9/p1R5p/9/2P3B2/5r2P/5C3/5K3/2Bc5 b,-0.876832,7646
2baka1R1/9/9/p1R5p/9/2P3B2/5r2P/5C3/5K3/2B2c3 w,0.9069562,700
2baka3/9/9/p1R5p/9/2P3B2/5r2P/5C1R1/5K3/2B2c3 b,-0.9107721,7808
2baka3/9/9/p1R5p/9/2P3B2/5r2P/5c1R1/5K3/2B6 w,0.92163205,6368
2baka3/9/9/p1R5p/9/2P3B2/5r2P/5R3/5K3/2B6 b,-0.91982657,5378
2baka3/9/9/p1R5p/9/2P3B2/8P/5r3/5K3/2B6 w,0.9212418,6998
2baka3/9/9/p1R5p/9/2P3B2/8P/5K3/9/2B6 b,-0.91892034,3194
2baka3/9/9/p1R6/8p/2P3B2/8P/5K3/9/2B6 w,0.92624766,2612
2Raka3/9/9/p8/8p/2P3B2/8P/5K3/9/2B6 b,-0.92054623,4013
2Raka3/9/9/p8/9/2P3B1p/8P/5K3/9/2B6 w,0.9364364,5633
2Raka3/9/9/p8/9/2P3B1P/9/5K3/9/2B6 b,-0.93621147,2466
2Raka3/9/9/9/p8/2P3B1P/9/5K3/9/2B6 w,0.9424118,180
R2aka3/9/9/9/p8/2P3B1P/9/5K3/9/2B6 b,-0.9349483,3285
R2aka3/9/9/9/9/p1P3B1P/9/5K3/9/2B6 w,0.9379706,45
3aka3/9/9/9/9/R1P3B1P/9/5K3/9/2B6 b,-0.94147915,283
4ka3/4a4/9/9/9/R1P3B1P/9/5K3/9/2B6 w,0.9359002,4050
R3ka3/4a4/9/9/9/2P3B1P/9/5K3/9/2B6 b,-0.93853664,1173
R2aka3/9/9/9/9/2P3B1P/9/5K3/9/2B6 w,0.9471727,6197
R2aka3/9/9/9/9/2P3B1P/9/9/5K3/2B6 b,-0.94727093,463
R2ak4/4a4/9/9/9/2P3B1P/9/9/5K3/2B6 w,0.94697297,18
3ak4/4a4/R8/9/9/2P3B1P/9/9/5K3/2B6 b,-0.94819,1193
3ak4/9/R4a3/9/9/2P3B1P/9/9/5K3/2B6 w,0.9598913,7537
3ak4/9/R4a3/9/9/2P3B1P/9/4B4/5K3/9 b,-0.93917984,283
4k4/4a4/R4a3/9/9/2P3B1P/9/4B4/5K3/9 w,0.9336147,4814
4k4/4a4/R4a3/9/8P/2P3B2/9/4B4/5K3/9 b,-0.9387572,363
3k5/4a4/R4a3/9/8P/2P3B2/9/4B4/5K3/9 w,0.9502989,1674
3k5/4a4/5a3/9/8P/2P3B2/R8/4B4/5K3/9 b,-0.92474747,1191
3k5/9/3a1a3/9/8P/2P3B2/R8/4B4/5K3/9 w,0.9535203,4917
3k5/9/3a1a3/9/8P/2P3B2/3R5/4B4/5K3/9 b,-0.94856215,282
9/3k5/3a1a3/9/8P/2P3B2/3R5/4B4/5K3/9 w,0.9557089,4003
9/3k5/3a1a3/9/7P1/2P3B2/3R5/4B4/5K3/9 b,-0.94558436,2083
9/3ka4/3a5/9/7P1/2P3B2/3R5/4B4/5K3/9 w,0.9535467,5192
9/3ka4/3a5/9/7P1/2P3B2/8R/4B4/5K3/9 b,-0.9474678,1175
5a3/3k5/3a5/9/7P1/2P3B2/8R/4B4/5K3/9 w,0.95313025,5640
5a3/3k5/3a5/9/7P1/2P3B2/6R2/4B4/5K3/9 b,-0.94457865,463
9/3ka4/3a5/9/7P1/2P3B2/6R2/4B4/5K3/9 w,0.93385327,5455
9/3ka4/3a5/9/7P1/2P3B2/1R7/4B4/5K3/9 b,-0.93210495,1175
5a3/3k5/3a5/9/7P1/2P3B2/1R7/4B4/5K3/9 w,0.94823015,5008
5a3/3k5/3a5/9/7P1/2P3B2/4R4/4B4/5K3/9 b,-0.945593,1083
3k1a3/9/3a5/9/7P1/2P3B2/4R4/4B4/5K3/9 w,0.9506018,4268
3k1a3/9/3a5/9/2P4P1/6B2/4R4/4B4/5K3/9 b,-0.95279443,463
3k5/4a4/3a5/9/2P4P1/6B2/4R4/4B4/5K3/9 w,0.9596504,3912
3k5/4a4/3a5/9/2P3P2/6B2/4R4/4B4/5K3/9 b,-0.96274567,274
4k4/4a4/3a5/9/2P3P2/6B2/4R4/4B4/5K3/9 w,0.9671006,3449
4k4/4a4/3a5/2P6/6P2/6B2/4R4/4B4/5K3/9 b,-0.9664943,363
3k5/4a4/3a5/2P6/6P2/6B2/4R4/4B4/5K3/9 w,0.9727897,2630
3k5/4a4/2Pa5/9/6P2/6B2/4R4/4B4/5K3/9 b,-0.9654419,282
9/3ka4/2Pa5/9/6P2/6B2/4R4/4B4/5K3/9 w,0.9805894,6077
9/3ka4/2Pa5/9/6P2/2B3B2/4R4/9/5K3/9 b,-0.96867603,1193
9/3k5/2Pa1a3/9/6P2/2B3B2/4R4/9/5K3/9 w,0.9731874,3813
9/3k5/2Pa1a3/6P2/9/2B3B2/4R4/9/5K3/9 b,-0.97046864,2083
9/3ka4/2Pa5/6P2/9/2B3B2/4R4/9/5K3/9 w,0.9793446,5277
9/3ka4/2Pa5/6P2/9/2B3B2/3R5/9/5K3/9 b,-0.9774717,1083
3k5/4a4/2Pa5/6P2/9/2B3B2/3R5/9/5K3/9 w,0.9858358,5185
3k5/4a4/2Pa5/6P2/9/2B3B2/1R7/9/5K3/9 b,-0.98702395,274
4k4/4a4/2Pa5/6P2/9/2B3B2/1R7/9/5K3/9 w,0.99187267,4951
1R2k4/4a4/2Pa5/6P2/9/2B3B2/9/9/5K3/9 b,-0.9914629,1173
1R1ak4/9/2Pa5/6P2/9/2B3B2/9/9/5K3/9 w,0.99347806,1821
1R1ak4/9/3P5/6P2/9/2B3B2/9/9/5K3/9 b,-0.9936652,373
1R1a5/4k4/3P5/6P2/9/2B3B2/9/9/5K3/9 w,0.9906747,100
3a5/1R2k4/3P5/6P2/9/2B3B2/9/9/5K3/9 b,-0.9914378,1174
3ak4/1R7/3P5/6P2/9/2B3B2/9/9/5K3/9 w,0.99663866,1902
3ak4/1R1P5/9/6P2/9/2B3B2/9/9/5K3/9 b,-0.99613136,283
4k4/1R1Pa4/9/6P2/9/2B3B2/9/9/5K3/9 w,0.9997087,1093
4k4/1R2P4/9/6P2/9/2B3B2/9/9/5K3/9 b,-0.99778605,363
3k5/1R2P4/9/6P2/9/2B3B2/9/9/5K3/9 w,1,901
rnbakabnr/9/1c5c1/p1p1p1p1p/9/9/P1P1P1P1P/1C5C1/9/RNBAKABNR w,0.0017991782,5827
rnbakabnr/9/1c5c1/p1p1p1p1p/9/9/P1P1P1P1P/4C2C1/9/RNBAKABNR b,-0.0017655134,110
r1bakabnr/9/1cn4c1/p1p1p1p1p/9/9/P1P1P1P1P/4C2C1/9/RNBAKABNR w,0.0018162727,7445
r1bakabnr/9/1cn4c1/p1p1p1p1p/9/9/P1P1P1P1P/2N1C2C1/9/R1BAKABNR b,-0.0018378735,562
r1baka1nr/9/1cn1b2c1/p1p1p1p1p/9/9/P1P1P1P1P/2N1C2C1/9/R1BAKABNR w,0.0019600869,7372
r1baka1nr/9/1cn1b2c1/p1p1p1p1p/9/9/P1P1P1P1P/2N1C2C1/9/1RBAKABNR b,-0.0017764926,1
1rbaka1nr/9/1cn1b2c1/p1p1p1p1p/9/9/P1P1P1P1P/2N1C2C1/9/1RBAKABNR w,0.0016926051,6368
1rbaka1nr/9/1cn1b2c1/p1p1p1p1p/9/9/P1P1P1P1P/2N1CC3/9/1RBAKABNR b,-0.0012760878,654
1rbaka2r/9/1cn1b1nc1/p1p1p1p1p/9/9/P1P1P1P1P/2N1CC3/9/1RBAKABNR w,0.0015946865,7989
1rbaka2r/9/1cn1b1nc1/p1p1p1p1p/9/9/P1P1P1P1P/2N1CCN2/9/1RBAKAB1R b,-0.001368165,3012
1rbaka2r/9/1cn1b1nc1/p1p1p3p/6p2/9/P1P1P1P1P/2N1CCN2/9/1RBAKAB1R w,0.0018723011,8098
1rbaka2r/9/1cn1b1nc1/p1p1p3p/6p2/9/P1P1P1P1P/2N1CCN2/9/1RBAKABR1 b,-0.002012527,727
1rbaka1r1/9/1cn1b1nc1/p1p1p3p/6p2/9/P1P1P1P1P/2N1CCN2/9/1RBAKABR1 w,0.002513051,5087
1rbaka1r1/9/1cn1b1nc1/p1p1p3p/6p2/2P6/P3P1P1P/2N1CCN2/9/1RBAKABR1 b,-0.002183795,1765
1rbaka1r1/9/2n1b1nc1/p1p1p3p/6p2/2P6/Pc2P1P1P/2N1CCN2/9/1RBAKABR1 w,0.0047060014,5898
1rbaka1r1/9/2n1b1nc1/p1p1p3p/6p2/2PN5/Pc2P1P1P/4CCN2/9/1RBAKABR1 b,-0.0064703347,2311
1rbaka1r1/9/2n1b1n2/p1p1p3p/6p2/2PN5/Pc2P1PcP/4CCN2/9/1RBAKABR1 w,0.00787425,6143
1rbaka1r1/9/2n1bCn2/p1p1p3p/6p2/2PN5/Pc2P1PcP/4C1N2/9/1RBAKABR1 b,-0.008457172,1986
1rbakabr1/9/2n2Cn2/p1p1p3p/6p2/2PN5/Pc2P1PcP/4C1N2/9/1RBAKABR1 w,0.018145729,4351
1rbakabr1/9/2n2Cn2/p1p1N3p/6p2/2P6/Pc2P1PcP/4C1N2/9/1RBAKABR1 b,-0.0048104883,1831
1rbakabr1/9/5Cn2/p1p1n3p/6p2/2P6/Pc2P1PcP/4C1N2/9/1RBAKABR1 w,0.005057478,6061
1rbakabr1/9/5Cn2/p1p1C3p/6p2/2P6/Pc2P1PcP/6N2/9/1RBAKABR1 b,0.009153224,109
2bakabr1/9/1r3Cn2/p1p1C3p/6p2/2P6/Pc2P1PcP/6N2/9/1RBAKABR1 w,0.003923631,7897
2bakabr1/9/1r3Cn2/p1p1C3p/6p2/2P6/Pc2P1PcP/4B1N2/9/1RBAKA1R1 b,0.023209596,5548
2bakabr1/9/1r3Cn2/p1p1C3p/6p2/2P6/Pc2c1P1P/4B1N2/9/1RBAKA1R1 w,-0.0041424395,7816
2bakabr1/9/1r3Cn2/p1p1C3p/6p2/2P6/Pc2c1P1P/4B1N2/4A4/1RBAK2R1 b,0.008734131,718
2bakab2/9/1r3Cn2/p1p1C3p/6p2/2P6/Pc2c1P1P/4B1N2/4A4/1RBAK2r1 w,-0.007979763,6298
2bakab2/9/1r3Cn2/p1p1C3p/6p2/2P6/Pc2c1P1P/4B4/4A4/1RBAK2N1 b,0.020463372,5282
2bakab2/9/1r3Cn2/p1p1C3p/6p2/2P6/Pc4P1c/4B4/4A4/1RBAK2N1 w,-0.0092448,5451
2bakab2/9/1r3Cn2/p1p1C3p/6p2/2P3P2/Pc6c/4B4/4A4/1RBAK2N1 b,0.027667357,3831
2bakab2/9/1r3Cn2/p1p1C3p/9/2P3p2/Pc6c/4B4/4A4/1RBAK2N1 w,-0.013242376,7989
2bakab2/9/1r3Cn2/p1p1C3p/9/2P3p2/Pc6c/4B1N2/4A4/1RBAK4 b,0.029880881,5639
2bakab2/9/1r3Cn2/p1p1C3p/9/2P3p2/Pc3c3/4B1N2/4A4/1RBAK4 w,-0.0023444176,2839
2bakab2/9/1r3Cn2/p1p5p/9/2P1C1p2/Pc3c3/4B1N2/4A4/1RBAK4 b,0.0065238,1733
2bakab2/9/5rn2/p1p5p/9/2P1C1p2/Pc3c3/4B1N2/4A4/1RBAK4 w,-0.0020691396,7435
2bakab2/9/5rn2/p1p5p/9/2P1C1p2/PR3c3/4B1N2/4A4/2BAK4 b,0.013275981,4640
2bakab2/9/5rn2/p1p5p/9/2P1Cp3/PR3c3/4B1N2/4A4/2BAK4 w,-0.0017148495,4441
2bakab2/9/5rn2/p1p1C3p/9/2P2p3/PR3c3/4B1N2/4A4/2BAK4 b,0.004098225,2102
2bakab2/9/6n2/p1p1Cr2p/9/2P2p3/PR3c3/4B1N2/4A4/2BAK4 w,0.00038561822,2817
2bakab2/9/6n2/C1p2r2p/9/2P2p3/PR3c3/4B1N2/4A4/2BAK4 b,0.0010425091,2648
2bakab2/9/6n2/C4r2p/2p6/2P2p3/PR3c3/4B1N2/4A4/2BAK4 w,0.0008583069,2430
C1bakab2/9/6n2/5r2p/2p6/2P2p3/PR3c3/4B1N2/4A4/2BAK4 b,0.0077118636,3467
C1bakab2/9/6n2/5r2p/9/2p2p3/PR3c3/4B1N2/4A4/2BAK4 w,-0.0021110177,6077
C1bakab2/9/6n2/5r2p/9/2B2p3/PR3c3/6N2/4A4/2BAK4 b,0.01762638,2913
C1bakab2/9/6n2/6r1p/9/2B2p3/PR3c3/6N2/4A4/2BAK4 w,0.008355928,5008
C1bakab2/9/6n2/6r1p/9/2B2p3/P3Rc3/6N2/4A4/2BAK4 b,-0.012133515,463
C1bak1b2/4a4/6n2/6r1p/9/2B2p3/P3Rc3/6N2/4A4/2BAK4 w,0.020864105,6260
C1bak1b2/4a4/6n2/6r1p/9/2B2N3/P3Rc3/9/4A4/2BAK4 b,-0.0213318,3057
C1bak1b2/4a4/6n2/8p/9/2B2N3/P3Rc3/9/4A4/2BAK1r2 w,0.019388128,6926
C1bak1b2/4a4/6n2/8p/9/2B2N3/P3Rc3/9/9/2BAKAr2 b,-0.010648227,5378
C1bak1b2/4a4/6n2/8p/9/2B2N3/P3R4/5c3/9/2BAKAr2 w,0.015469766,4539
C1bak1b2/4a4/6n2/8p/3N5/2B6/P3R4/5c3/9/2BAKAr2 b,-0.0034939765,7863
C1bak1b2/4a4/6n2/6r1p/3N5/2B6/P3R4/5c3/9/2BAKA3 w,0.006601024,5279
C1bak1b2/4a4/6n2/6r1p/3N5/2B6/P4R3/5c3/9/2BAKA3 b,-0.0025776268,6190
C1bak1b2/4a4/6n2/6r1p/3N5/2B6/P4R3/7c1/9/2BAKA3 w,0.024094177,3542
C1bak1b2/4a4/6n2/5Nr1p/9/2B6/P4R3/7c1/9/2BAKA3 b,0.00086328987,2191
C1bak1b2/4a4/9/4nNr1p/9/2B6/P4R3/7c1/9/2BAKA3 w,0.006160307,5371
C1bak1b2/4a4/9/4nNr1p/9/2B6/P6R1/7c1/9/2BAKA3 b,0.0070402385,3002
C1bak1b2/4a4/9/4nr2p/9/2B6/P6R1/7c1/9/2BAKA3 w,0.0016011238,5560
C1bak1b2/4a4/9/4nr2p/9/2B6/P8/7R1/9/2BAKA3 b,0.0013526917,2828
C1bak1b2/4a4/9/5r2p/2n6/2B6/P8/7R1/9/2BAKA3 w,0.007980013,6307
C1bak1bR1/4a4/9/5r2p/2n6/2B6/P8/9/9/2BAKA3 b,-0.00012431145,3469
C1bak1bR1/4a4/9/5r2p/9/2B1n4/P8/9/9/2BAKA3 w,0.0005242109,636
C1bak1R2/4a4/9/5r2p/9/2B1n4/P8/9/9/2BAKA3 b,-0.004017198,2885
C1bakrR2/4a4/9/8p/9/2B1n4/P8/9/9/2BAKA3 w,0.0044469833,545
C1bakR3/4a4/9/8p/9/2B1n4/P8/9/9/2BAKA3 b,-0.0050533894,365
C1ba1k3/4a4/9/8p/9/2B1n4/P8/9/9/2BAKA3 w,0.009075857,45
2ba1k3/4a4/9/8p/9/C1B1n4/P8/9/9/2BAKA3 b,-0.0036743046,4476
2ba1k3/4a4/9/8p/9/C1B6/P8/3n5/9/2BAKA3 w,0.0023166656,7726
2ba1k3/4a4/9/8p/9/C1B6/P8/3n5/4K4/2BA1A3 b,0.0021673918,5987
2ba1k3/4a4/9/8p/9/C1n6/P8/9/4K4/2BA1A3 w,-0.0018725395,7537
2ba1k3/4a4/9/8p/9/C1n6/P8/4B4/4K4/3A1A3 b,0.005607271,4288
2ba1k3/4a4/9/8p/9/C8/P3n4/4B4/4K4/3A1A3 w,0.0018916369,6925
2ba1k3/4a4/9/8p/9/C8/P3n4/4B4/9/3AKA3 b,0.0023497106,5259
2ba1k3/4a4/9/8p/3n5/C8/P8/4B4/9/3AKA3 w,-0.00032440425,6117
2ba1k3/4a4/9/8p/3n5/C8/P8/9/9/3AKAB2 b,0.0095152855,3556
2ba1k3/4a4/9/8p/9/Cn7/P8/9/9/3AKAB2 w,-0.0036790967,7897
2ba1k3/4a4/9/8p/9/Cn7/P8/4B4/9/3AKA3 b,0.002804661,4197
2ba1k3/4a4/9/8p/9/C8/P2n5/4B4/9/3AKA3 w,-0.0042951703,7636
2ba1k3/4a4/9/8p/9/C8/P2n5/4B4/4A4/4KA3 b,0.01362927,5204
2ba1k3/4a4/9/8p/9/C8/P8/4B4/2n1A4/4KA3 w,-0.013064349,7734
2ba1k3/4a4/9/8p/9/C8/P8/4B4/2n1A4/3K1A3 b,0.015834976,6727
2ba1k3/4a4/9/8p/9/C8/P8/4n4/4A4/3K1A3 w,-0.008992351,7635
2ba1k3/4a4/9/8p/9/C8/P8/4n4/3KA4/5A3 b,0.008382392,6086
2ba1k3/4a4/9/8p/9/C8/P1n6/9/3KA4/5A3 w,-0.013219274,6834
2ba1k3/4a4/9/8p/9/C8/P1n6/9/4A4/3K1A3 b,0.016207099,5107
2ba1k3/4a4/9/8p/9/C8/P8/4n4/4A4/3K1A3 w,0,7635
rnbakabnr/9/1c5c1/p1p1p1p1p/9/9/P1P1P1P1P/1C5C1/9/RNBAKABNR w,0.00182724,5827
rnbakabnr/9/1c5c1/p1p1p1p1p/9/9/P1P1P1P1P/4C2C1/9/RNBAKABNR b,-0.0017805815,110
r1bakabnr/9/1cn4c1/p1p1p1p1p/9/9/P1P1P1P1P/4C2C1/9/RNBAKABNR w,0.0018176556,7445
r1bakabnr/9/1cn4c1/p1p1p1p1p/9/9/P1P1P1P1P/2N1C2C1/9/R1BAKABNR b,-0.0018352151,562
r1baka1nr/9/1cn1b2c1/p1p1p1p1p/9/9/P1P1P1P1P/2N1C2C1/9/R1BAKABNR w,0.0019383908,7372
r1baka1nr/9/1cn1b2c1/p1p1p1p1p/9/9/P1P1P1P1P/2N1C2C1/9/1RBAKABNR b,-0.0017736912,1
1rbaka1nr/9/1cn1b2c1/p1p1p1p1p/9/9/P1P1P1P1P/2N1C2C1/9/1RBAKABNR w,0.0017125607,6368
1rbaka1nr/9/1cn1b2c1/p1p1p1p1p/9/9/P1P1P1P1P/2N1CC3/9/1RBAKABNR b,-0.0012239338,654
1rbaka2r/9/1cn1b1nc1/p1p1p1p1p/9/9/P1P1P1P1P/2N1CC3/9/1RBAKABNR w,0.0015865564,7989
1rbaka2r/9/1cn1b1nc1/p1p1p1p1p/9/9/P1P1P1P1P/2N1CCN2/9/1RBAKAB1R b,-0.001368165,3012
1rbaka2r/9/1cn1b1nc1/p1p1p3p/6p2/9/P1P1P1P1P/2N1CCN2/9/1RBAKAB1R w,0.0018735885,8098
1rbaka2r/9/1cn1b1nc1/p1p1p3p/6p2/9/P1P1P1P1P/2N1CCN2/9/1RBAKABR1 b,-0.0020068765,727
1rbaka1r1/9/1cn1b1nc1/p1p1p3p/6p2/9/P1P1P1P1P/2N1CCN2/9/1RBAKABR1 w,0.002761793,5087
1rbaka1r1/9/1cn1b1nc1/p1p1p3p/6p2/2P6/P3P1P1P/2N1CCN2/9/1RBAKABR1 b,-0.0022131444,1765
1rbaka1r1/9/2n1b1nc1/p1p1p3p/6p2/2P6/Pc2P1P1P/2N1CCN2/9/1RBAKABR1 w,0.0049538137,5898
1rbaka1r1/9/2n1b1nc1/p1p1p3p/6p2/2PN5/Pc2P1P1P/4CCN2/9/1RBAKABR1 b,-0.006410396,2311
1rbaka1r1/9/2n1b1n2/p1p1p3p/6p2/2PN5/Pc2P1PcP/4CCN2/9/1RBAKABR1 w,0.007896758,6143
1rbaka1r1/9/2n1bCn2/p1p1p3p/6p2/2PN5/Pc2P1PcP/4C1N2/9/1RBAKABR1 b,-0.008877182,1986
1rbakabr1/9/2n2Cn2/p1p1p3p/6p2/2PN5/Pc2P1PcP/4C1N2/9/1RBAKABR1 w,0.01849935,4351
1rbakabr1/9/2n2Cn2/p1p1N3p/6p2/2P6/Pc2P1PcP/4C1N2/9/1RBAKABR1 b,-0.0047813295,1831
1rbakabr1/9/5Cn2/p1p1n3p/6p2/2P6/Pc2P1PcP/4C1N2/9/1RBAKABR1 w,0.0049797297,6061
1rbakabr1/9/5Cn2/p1p1C3p/6p2/2P6/Pc2P1PcP/6N2/9/1RBAKABR1 b,0.0090671545,109
2bakabr1/9/1r3Cn2/p1p1C3p/6p2/2P6/Pc2P1PcP/6N2/9/1RBAKABR1 w,0.0018720865,2839
2bakabr1/9/1r3Cn2/p1p5p/6p2/2P1C4/Pc2P1PcP/6N2/9/1RBAKABR1 b,0.0015422822,1733
2bakabr1/9/5rn2/p1p5p/6p2/2P1C4/Pc2P1PcP/6N2/9/1RBAKABR1 w,0.009630538,7435
2bakabr1/9/5rn2/p1p5p/6p2/2P1C4/PR2P1PcP/6N2/9/2BAKABR1 b,-0.007027888,2201
2bakabr1/9/5r3/p1p5p/5np2/2P1C4/PR2P1PcP/6N2/9/2BAKABR1 w,0.013773108,4987
2bakabr1/9/5r3/p1p5p/1R3np2/2P1C4/P3P1PcP/6N2/9/2BAKABR1 b,-0.008284581,3750
2bakabr1/9/5r3/p1p5p/1R4p2/2P1C4/P3P1ncP/6N2/9/2BAKABR1 w,0.017432952,3372
2bakabr1/9/5r3/p1p5p/6R2/2P1C4/P3P1ncP/6N2/9/2BAKABR1 b,-0.0054848315,5449
2bakabr1/9/5r3/p1p5p/6R2/2P1n4/P3P2cP/6N2/9/2BAKABR1 w,0.0058068037,5269
2bakabr1/9/5r3/p1p5p/6R2/2P1P4/P6cP/6N2/9/2BAKABR1 b,0.00047535897,5560
2bakabr1/9/5r3/p1p5p/6R2/2P1P4/P7P/6Nc1/9/2BAKABR1 w,0.009852695,7999
2bakabr1/9/5r3/p1p5p/6R2/2P1P4/P7P/6Nc1/7R1/2BAKAB2 b,0.0013684988,2138
2bakabr1/9/9/p1p5p/6R2/2P1P4/P7P/5rNc1/7R1/2BAKAB2 w,0.0002934456,3813
2bakabr1/9/9/p1p3R1p/9/2P1P4/P7P/5rNc1/7R1/2BAKAB2 b,-0.00019423962,691
2bakab2/9/9/p1p3R1p/9/2P1P4/P6rP/5rNc1/7R1/2BAKAB2 w,0.014479542,2976
2bakaR2/9/9/p1p5p/9/2P1P4/P6rP/5rNc1/7R1/2BAKAB2 b,-0.0037906528,5548
2bakaR2/9/9/p1p5p/9/2P1P4/P3r3P/5rNc1/7R1/2BAKAB2 w,0.031820204,7816
2bakaR2/9/9/p1p5p/9/2P1P4/P3r3P/5rNc1/4A2R1/2BAK1B2 b,-0.020394517,6371
2bakaR2/9/9/p1p5p/9/2P1P4/P3r3P/5rN1c/4A2R1/2BAK1B2 w,0.051854897,7117
2bakaRR1/9/9/p1p5p/9/2P1P4/P3r3P/5rN1c/4A4/2BAK1B2 b,-0.06733187,6479
2bakaRR1/9/9/p1p5p/9/2P1P4/P3r3P/5rN2/4A4/2BAK1B1c w,0.08304415,7897
2bakaRR1/9/9/p1p5p/9/2P1P4/P3r3P/4BrN2/4A4/2BAK3c b,-0.07059132,6189
2bakaRR1/9/9/p1p5p/9/2P1P4/P3r3P/4B1r2/4A4/2BAK3c w,0.08558319,609
2baka1R1/9/9/p1p5p/9/2P1P4/P3r3P/4B1R2/4A4/2BAK3c b,-0.07610915,283
2b1ka1R1/4a4/9/p1p5p/9/2P1P4/P3r3P/4B1R2/4A4/2BAK3c w,0.09279156,6216
2b1kaRR1/4a4/9/p1p5p/9/2P1P4/P3r3P/4B4/4A4/2BAK3c b,-0.06820389,5282
2b1kaRR1/4a4/9/p1p5p/9/2P1P4/P7r/4B4/4A4/2BAK3c w,0.081592344,4268
2b1kaRR1/4a4/9/p1p5p/2P6/4P4/P7r/4B4/4A4/2BAK3c b,-0.054637313,2648
2b1kaRR1/4a4/9/p7p/2p6/4P4/P7r/4B4/4A4/2BAK3c w,0.056611564,564
2b1ka1R1/4a4/6R2/p7p/2p6/4P4/P7r/4B4/4A4/2BAK3c b,-0.057546403,5634
2b1ka1R1/4a4/6R2/p7p/2p6/4P4/r8/4B4/4A4/2BAK3c w,0.07783544,2180
2b1ka1R1/4a4/2R6/p7p/2p6/4P4/r8/4B4/4A4/2BAK3c b,-0.07005576,4920
2b1ka1R1/4a4/2R6/p7p/2p6/4P4/6r2/4B4/4A4/2BAK3c w,0.07491463,1802
2R1ka1R1/4a4/9/p7p/2p6/4P4/6r2/4B4/4A4/2BAK3c b,-0.07291522,1173
2Raka1R1/9/9/p7p/2p6/4P4/6r2/4B4/4A4/2BAK3c w,0.08493715,209
3aka1R1/9/9/p1R5p/2p6/4P4/6r2/4B4/4A4/2BAK3c b,-0.017720485,5487
3aka1R1/9/9/p1R5p/2p6/4P4/9/4B4/4A4/2BAK1r1c w,0.013985253,6926
3aka1R1/9/9/p1R5p/2p6/4P4/9/4B4/9/2BAKAr1c b,0.0024176599,7863
3aka1R1/9/9/p1R3r1p/2p6/4P4/9/4B4/9/2BAKA2c w,0.005405879,718
3aka3/9/9/p1R3r1p/2p6/4P4/9/4B4/9/2BAKA1Rc b,0.0072705983,2999
3aka3/9/9/p1r5p/2p6/4P4/9/4B4/9/2BAKA1Rc w,0.0021722557,8009
3aka3/9/9/p1r5p/2p6/4P4/9/4B4/9/2BAKA2R b,-0.001651001,2641
3aka3/9/9/p3r3p/2p6/4P4/9/4B4/9/2BAKA2R w,0.0029864074,8063
3aka3/9/9/p3r3p/2p6/4P3R/9/4B4/9/2BAKA3 b,-0.0028974058,2818
3aka3/9/9/pr6p/2p6/4P3R/9/4B4/9/2BAKA3 w,0.00613544,4832
3aka3/9/9/pr6p/2p6/4P4/8R/4B4/9/2BAKA3 b,-0.0044858693,2551
3aka3/9/9/p3r3p/2p6/4P4/8R/4B4/9/2BAKA3 w,0.005747128,5638
3aka3/9/9/p3r3p/2p6/4P4/4R4/4B4/9/2BAKA3 b,-0.0048603774,3194
3aka3/9/9/p3r4/2p5p/4P4/4R4/4B4/9/2BAKA3 w,0.0080013275,4450
3aka3/9/9/p3r4/2p1P3p/9/4R4/4B4/9/2BAKA3 b,-0.006025112,2812
3aka3/9/4r4/p8/2p1P3p/9/4R4/4B4/9/2BAKA3 w,0.012636209,3631
3aka3/9/4r4/p3P4/2p5p/9/4R4/4B4/9/2BAKA3 b,-0.015605748,1993
3aka3/4r4/9/p3P4/2p5p/9/4R4/4B4/9/2BAKA3 w,0.023286177,2812
3aka3/4r4/4P4/p8/2p5p/9/4R4/4B4/9/2BAKA3 b,-0.016102804,1185
3aka3/6r2/4P4/p8/2p5p/9/4R4/4B4/9/2BAKA3 w,0.020498991,5251
3aka3/6r2/4P4/p3R4/2p5p/9/9/4B4/9/2BAKA3 b,-0.015806317,1374
3aka3/9/4P1r2/p3R4/2p5p/9/9/4B4/9/2BAKA3 w,0.11788645,2003
3aka3/9/5Pr2/p3R4/2p5p/9/9/4B4/9/2BAKA3 b,-0.12109931,463
3ak4/4a4/5Pr2/p3R4/2p5p/9/9/4B4/9/2BAKA3 w,0.13000093,2094
3ak4/4a4/6P2/p3R4/2p5p/9/9/4B4/9/2BAKA3 b,-0.12762034,4013
3ak4/4a4/6P2/p3R4/2p6/8p/9/4B4/9/2BAKA3 w,0.13159166,2839
3ak4/4a4/6P2/p8/2p6/4R3p/9/4B4/9/2BAKA3 b,-0.12765877,4822
3ak4/4a4/6P2/p8/2p6/4R2p1/9/4B4/9/2BAKA3 w,0.12716965,4462
3ak4/4a4/6P2/p8/2p6/7R1/9/4B4/9/2BAKA3 b,-0.1275676,1175
3aka3/9/6P2/p8/2p6/7R1/9/4B4/9/2BAKA3 w,0.13282304,4723
3aka3/9/6P2/p8/2p4R1/9/9/4B4/9/2BAKA3 b,-0.13365494,3467
3aka3/9/6P2/p8/7R1/2p6/9/4B4/9/2BAKA3 w,0.13635366,3910
3aka3/9/6P2/p8/4R4/2p6/9/4B4/9/2BAKA3 b,-0.13083361,283
4ka3/4a4/6P2/p8/4R4/2p6/9/4B4/9/2BAKA3 w,0.13571258,6077
4ka3/4a4/6P2/p8/4R4/2B6/9/9/9/2BAKA3 b,-0.13791361,363
3k1a3/4a4/6P2/p8/4R4/2B6/9/9/9/2BAKA3 w,0.14719093,2175
3k1a3/4a1P2/9/p8/4R4/2B6/9/9/9/2BAKA3 b,-0.13331518,274
4ka3/4a1P2/9/p8/4R4/2B6/9/9/9/2BAKA3 w,0.13141237,3638
4ka3/4a1P2/9/p8/2R6/2B6/9/9/9/2BAKA3 b,-0.12978356,363
3k1a3/4a1P2/9/p8/2R6/2B6/9/9/9/2BAKA3 w,0.13676743,1364
3k1a3/4aP3/9/p8/2R6/2B6/9/9/9/2BAKA3 b,-0.13149373,2466
3k1a3/4aP3/9/9/p1R6/2B6/9/9/9/2BAKA3 w,0.14899369,3449
3k1a3/4aP3/9/2R6/p8/2B6/9/9/9/2BAKA3 b,-0.13521083,1191
3k1a3/5P3/3a5/2R6/p8/2B6/9/9/9/2BAKA3 w,0.14871405,2640
3k1a3/5P3/3a5/3R5/p8/2B6/9/9/9/2BAKA3 b,-0.14686708,282
5a3/3k1P3/3a5/3R5/p8/2B6/9/9/9/2BAKA3 w,0.15337364,2731
5a3/3k1P3/3a5/4R4/p8/2B6/9/9/9/2BAKA3 b,-0.15272571,1903
5a3/3kaP3/9/4R4/p8/2B6/9/9/9/2BAKA3 w,0.15075274,1273
5a3/3kP4/9/4R4/p8/2B6/9/9/9/2BAKA3 b,-0.12719953,463
9/3ka4/9/4R4/p8/2B6/9/9/9/2BAKA3 w,0.13573928,2817
9/3ka4/9/R8/p8/2B6/9/9/9/2BAKA3 b,-0.1216794,1191
9/3k5/3a5/R8/p8/2B6/9/9/9/2BAKA3 w,0.12992783,7533
9/3k5/3a5/R8/p8/2B6/9/B8/9/3AKA3 b,-0.12766135,1903
9/3ka4/9/R8/p8/2B6/9/B8/9/3AKA3 w,0.16123858,2439
9/R2ka4/9/9/p8/2B6/9/B8/9/3AKA3 b,-0.16554718,1101
9/R3a4/3k5/9/p8/2B6/9/B8/9/3AKA3 w,0.18517442,846
9/4a4/3k5/9/R8/2B6/9/B8/9/3AKA3 b,-0.18321846,1902
9/3ka4/9/9/R8/2B6/9/B8/9/3AKA3 w,0.19374989,3249
9/R2ka4/9/9/9/2B6/9/B8/9/3AKA3 b,-0.19501376,1083
3k5/R3a4/9/9/9/2B6/9/B8/9/3AKA3 w,0.2,823
rnbakabnr/9/1c5c1/p1p1p1p1p/9/9/P1P1P1P1P/1C5C1/9/RNBAKABNR w,-0.79820746,5827
rnbakabnr/9/1c5c1/p1p1p1p1p/9/9/P1P1P1P1P/4C2C1/9/RNBAKABNR b,0.79823637,110
r1bakabnr/9/1cn4c1/p1p1p1p1p/9/9/P1P1P1P1P/4C2C1/9/RNBAKABNR w,-0.7981642,7445
r1bakabnr/9/1cn4c1/p1p1p1p1p/9/9/P1P1P1P1P/2N1C2C1/9/R1BAKABNR b,0.79818803,562
r1baka1nr/9/1cn1b2c1/p1p1p1p1p/9/9/P1P1P1P1P/2N1C2C1/9/R1BAKABNR w,-0.79805803,7372
r1baka1nr/9/1cn1b2c1/p1p1p1p1p/9/9/P1P1P1P1P/2N1C2C1/9/1RBAKABNR b,0.7982326,1
1rbaka1nr/9/1cn1b2c1/p1p1p1p1p/9/9/P1P1P1P1P/2N1C2C1/9/1RBAKABNR w,-0.798301,6368
1rbaka1nr/9/1cn1b2c1/p1p1p1p1p/9/9/P1P1P1P1P/2N1CC3/9/1RBAKABNR b,0.79872113,654
1rbaka2r/9/1cn1b1nc1/p1p1p1p1p/9/9/P1P1P1P1P/2N1CC3/9/1RBAKABNR w,-0.7983996,7989
1rbaka2r/9/1cn1b1nc1/p1p1p1p1p/9/9/P1P1P1P1P/2N1CCN2/9/1RBAKAB1R b,0.79863524,3012
1rbaka2r/9/1cn1b1nc1/p1p1p3p/6p2/9/P1P1P1P1P/2N1CCN2/9/1RBAKAB1R w,-0.7981138,8098
1rbaka2r/9/1cn1b1nc1/p1p1p3p/6p2/9/P1P1P1P1P/2N1CCN2/9/1RBAKABR1 b,0.79798746,727
1rbaka1r1/9/1cn1b1nc1/p1p1p3p/6p2/9/P1P1P1P1P/2N1CCN2/9/1RBAKABR1 w,-0.79722387,5087
1rbaka1r1/9/1cn1b1nc1/p1p1p3p/6p2/2P6/P3P1P1P/2N1CCN2/9/1RBAKABR1 b,0.7978451,1765
1rbaka1r1/9/2n1b1nc1/p1p1p3p/6p2/2P6/Pc2P1P1P/2N1CCN2/9/1RBAKABR1 w,-0.7948618,5898
1rbaka1r1/9/2n1b1nc1/p1p1p3p/6p2/2PN5/Pc2P1P1P/4CCN2/9/1RBAKABR1 b,0.7934622,2311
1rbaka1r1/9/2n1b1n2/p1p1p3p/6p2/2PN5/Pc2P1PcP/4CCN2/9/1RBAKABR1 w,-0.7920708,6143
1rbaka1r1/9/2n1bCn2/p1p1p3p/6p2/2PN5/Pc2P1PcP/4C1N2/9/1RBAKABR1 b,0.7915428,1986
1rbakabr1/9/2n2Cn2/p1p1p3p/6p2/2PN5/Pc2P1PcP/4C1N2/9/1RBAKABR1 w,-0.7818543,4351
1rbakabr1/9/2n2Cn2/p1p1N3p/6p2/2P6/Pc2P1PcP/4C1N2/9/1RBAKABR1 b,0.7952257,1831
1rbakabr1/9/5Cn2/p1p1n3p/6p2/2P6/Pc2P1PcP/4C1N2/9/1RBAKABR1 w,-0.7949242,6061
1rbakabr1/9/5Cn2/p1p1C3p/6p2/2P6/Pc2P1PcP/6N2/9/1RBAKABR1 b,0.80903965,109
2bakabr1/9/1r3Cn2/p1p1C3p/6p2/2P6/Pc2P1PcP/6N2/9/1RBAKABR1 w,-0.7977138,2839
2bakabr1/9/1r3Cn2/p1p5p/6p2/2P1C4/Pc2P1PcP/6N2/9/1RBAKABR1 b,0.8016352,1733
2bakabr1/9/5rn2/p1p5p/6p2/2P1C4/Pc2P1PcP/6N2/9/1RBAKABR1 w,-0.7903309,7435
2bakabr1/9/5rn2/p1p5p/6p2/2P1C4/PR2P1PcP/6N2/9/2BAKABR1 b,0.79297215,2201
2bakabr1/9/5r3/p1p5p/5np2/2P1C4/PR2P1PcP/6N2/9/2BAKABR1 w,-0.7859534,4987
2bakabr1/9/5r3/p1p5p/1R3np2/2P1C4/P3P1PcP/6N2/9/2BAKABR1 b,0.7915646,3750
2bakabr1/9/5r3/p1p5p/1R4p2/2P1C4/P3P1ncP/6N2/9/2BAKABR1 w,-0.7825671,3372
2bakabr1/9/5r3/p1p5p/6R2/2P1C4/P3P1ncP/6N2/9/2BAKABR1 b,0.79455066,5449
2bakabr1/9/5r3/p1p5p/6R2/2P1n4/P3P2cP/6N2/9/2BAKABR1 w,-0.794244,5269
2bakabr1/9/5r3/p1p5p/6R2/2P1P4/P6cP/6N2/9/2BAKABR1 b,0.80047536,5560
2bakabr1/9/5r3/p1p5p/6R2/2P1P4/P7P/6Nc1/9/2BAKABR1 w,-0.7903957,7999
2bakabr1/9/5r3/p1p5p/6R2/2P1P4/P7P/6Nc1/7R1/2BAKAB2 b,0.8015276,2138
2bakabr1/9/9/p1p5p/6R2/2P1P4/P7P/5rNc1/7R1/2BAKAB2 w,-0.7976699,3813
2bakabr1/9/9/p1p3R1p/9/2P1P4/P7P/5rNc1/7R1/2BAKAB2 b,0.79980576,691
2bakab2/9/9/p1p3R1p/9/2P1P4/P6rP/5rNc1/7R1/2BAKAB2 w,-0.7853137,2976
2bakaR2/9/9/p1p5p/9/2P1P4/P6rP/5rNc1/7R1/2BAKAB2 b,0.79594296,5548
2bakaR2/9/9/p1p5p/9/2P1P4/P3r3P/5rNc1/7R1/2BAKAB2 w,-0.78606004,7186
2bakaR2/9/9/p1p5p/9/2P1P4/P3r3P/5rNc1/4R4/2BAKAB2 b,0.7968689,5276
2bakaR2/9/9/p1p5p/9/2P1P4/P1r5P/5rNc1/4R4/2BAKAB2 w,-0.78062916,4450
2bakaR2/9/9/p1p5p/4P4/2P6/P1r5P/5rNc1/4R4/2BAKAB2 b,0.7891767,5123
2bakaR2/9/9/p1p5p/4P4/2P6/P7P/5rNc1/4R4/2rAKAB2 w,-0.7768483,6919
2bakaR2/9/9/p1p5p/4P4/2P6/P7P/5rNc1/7R1/2rAKAB2 b,0.8024034,6371
2bakaR2/9/9/p1p5p/4P4/2P6/P7P/5rN1c/7R1/2rAKAB2 w,-0.78741395,7185
2bakaR2/9/9/p1p5p/4P4/2P6/P7P/5rN1c/3R5/2rAKAB2 b,0.8133455,6479
2bakaR2/9/9/p1p5p/4P4/2P6/P7P/5rN2/3R5/2rAKAB1c w,-0.8004713,564
2baka3/9/6R2/p1p5p/4P4/2P6/P7P/5rN2/3R5/2rAKAB1c b,0.83612806,7535
2baka3/9/6R2/p1p5p/4P4/2P6/P7P/2r2rN2/3R5/3AKAB1c w,-0.8238382,2175
2baka3/6R2/9/p1p5p/4P4/2P6/P7P/2r2rN2/3R5/3AKAB1c b,0.88039887,6189
2baka3/6R2/9/p1p5p/4P4/2P6/P7P/2r3r2/3R5/3AKAB1c w,-0.8693523,1419
2baka3/9/9/p1p5p/4P4/2P6/P7P/2r3R2/3R5/3AKAB1c b,0.87467027,5919
2baka3/9/9/p1p5p/4P4/2P6/P7P/6r2/3R5/3AKAB1c w,-0.86627704,6780
2baka3/9/9/p1pR4p/4P4/2P6/P7P/6r2/9/3AKAB1c b,0.86840445,6297
2baka3/9/9/p1pR4p/4P4/2P6/P7P/9/9/3AKAr1c w,-0.8638811,2729
2baka3/9/9/p1R5p/4P4/2P6/P7P/9/9/3AKAr1c b,0.87233454,7872
2baka3/9/9/p1R5p/4P1r2/2P6/P7P/9/9/3AKA2c w,-0.86446214,7816
2baka3/9/9/p1R5p/4P1r2/2P6/P7P/9/4A4/3AK3c b,0.87699646,3820
2baka3/9/9/p1R5p/4r4/2P6/P7P/9/4A4/3AK3c w,-0.86665195,2645
2baka3/9/9/p7R/4r4/2P6/P7P/9/4A4/3AK3c b,0.96189225,8045
2baka3/9/9/p7c/4r4/2P6/P7P/9/4A4/3AK4 w,-0.9583539,5633
2baka3/9/9/p7c/4r4/2P5P/P8/9/4A4/3AK4 b,0.9645117,3176
2baka3/9/8c/p8/4r4/2P5P/P8/9/4A4/3AK4 w,-0.96519196,7736
2baka3/9/8c/p8/4r4/2P5P/P8/9/4A4/3A1K3 b,0.9753263,3641
2baka3/9/8c/p8/5r3/2P5P/P8/9/4A4/3A1K3 w,-0.96718764,7825
2baka3/9/8c/p8/5r3/2P5P/P8/9/4A4/3AK4 b,0.967365,3740
2baka3/9/8c/p8/9/2P2r2P/P8/9/4A4/3AK4 w,-0.9635199,4268
2baka3/9/8c/p8/2P6/5r2P/P8/9/4A4/3AK4 b,0.9645013,4553
2baka3/9/8c/p8/2P6/8r/P8/9/4A4/3AK4 w,-0.9427117,7736
2baka3/9/8c/p8/2P6/8r/P8/9/4A4/3A1K3 b,0.9585239,2363
2baka3/9/5c3/p8/2P6/8r/P8/9/4A4/3A1K3 w,-0.94308805,7817
2baka3/9/5c3/p8/2P6/8r/P8/9/4AK3/3A5 b,0.94645256,4859
2baka3/9/5c3/p8/2P6/9/P8/9/4AK3/3A4r w,-0.9474759,3459
2baka3/9/5c3/p8/3P5/9/P8/9/4AK3/3A4r b,0.93826944,8090
2baka3/9/5c3/p8/3P5/9/P8/9/4AK2r/3A5 w,-0.93530744,6998
2baka3/9/5c3/p8/3P5/9/P8/5K3/4A3r/3A5 b,0.94209373,7208
2baka2r/9/5c3/p8/3P5/9/P8/5K3/4A4/3A5 w,-0.9462438,6197
2baka2r/9/5c3/p8/3P5/9/P8/9/4AK3/3A5 b,0.9500864,782
2baka3/9/5c3/p8/3P5/9/P7r/9/4AK3/3A5 w,-0.94382125,3540
2baka3/9/5c3/p2P5/9/9/P7r/9/4AK3/3A5 b,0.9370208,5660
2baka3/9/5c3/p2P5/9/9/P8/9/4AK2r/3A5 w,-0.9456186,7016
2baka3/9/5c3/p2P5/9/9/P8/9/4A3r/3A1K3 b,0.93687373,7289
2baka3/9/5c3/p2P5/9/9/P8/9/4A4/3A1K2r w,-0.9384882,7817
2baka3/9/5c3/p2P5/9/9/P8/9/4AK3/3A4r b,0.95021456,8072
2baka3/9/5c3/p2P5/9/9/P7r/9/4AK3/3A5 w,-0.93825185,2721
2baka3/9/3P1c3/p8/9/9/P7r/9/4AK3/3A5 b,0.9570192,283
2b1ka3/4a4/3P1c3/p8/9/9/P7r/9/4AK3/3A5 w,-0.94735974,1902
2b1ka3/3Pa4/5c3/p8/9/9/P7r/9/4AK3/3A5 b,0.95834064,5634
2b1ka3/3Pa4/5c3/p8/9/9/r8/9/4AK3/3A5 w,-0.9604114,7016
2b1ka3/3Pa4/5c3/p8/9/9/r8/9/4A4/3A1K3 b,0.9634437,2084
2b1ka3/3Pac3/9/p8/9/9/r8/9/4A4/3A1K3 w,-0.96444,7825
2b1ka3/3Pac3/9/p8/9/9/r8/9/4A4/3AK4 b,0.9694525,1272
2b1ka3/3ca4/9/p8/9/9/r8/9/4A4/3AK4 w,-0.9686826,6906
2b1ka3/3ca4/9/p8/9/9/r8/3A5/9/3AK4 b,0.97731596,1090
2b1ka3/1c2a4/9/p8/9/9/r8/3A5/9/3AK4 w,-0.9512116,7636
2b1ka3/1c2a4/9/p8/9/9/r8/3A5/4A4/4K4 b,0.965648,4921
2b1ka3/1c2a4/9/p8/9/9/7r1/3A5/4A4/4K4 w,-0.9604625,7736
2b1ka3/1c2a4/9/p8/9/9/7r1/3A5/4A4/5K3 b,0.9618668,2466
2b1ka3/1c2a4/9/9/p8/9/7r1/3A5/4A4/5K3 w,-0.9600512,7825
2b1ka3/1c2a4/9/9/p8/9/7r1/3A5/4A4/4K4 b,0.9596181,3285
2b1ka3/1c2a4/9/9/9/p8/7r1/3A5/4A4/4K4 w,-0.96344125,6908
2b1ka3/1c2a4/9/9/9/p8/7r1/3A1A3/9/4K4 b,0.96728957,5548
2b1ka3/1c2a4/9/9/9/p8/4r4/3A1A3/9/4K4 w,-0.9689401,6196
2b1ka3/1c2a4/9/9/9/p8/4r4/3A5/4A4/4K4 b,0.97110456,1193
2b1ka3/1c7/5a3/9/9/p8/4r4/3A5/4A4/4K4 w,-0.9695189,7734
2b1ka3/1c7/5a3/9/9/p8/4r4/3A5/4A4/3K5 b,0.97765255,5282
2b1ka3/1c7/5a3/9/9/p8/8r/3A5/4A4/3K5 w,-0.96733886,6908
2b1ka3/1c7/5a3/9/9/p8/8r/3A1A3/9/3K5 b,0.9780729,4096
2b1ka3/1c7/5a3/9/9/1p7/8r/3A1A3/9/3K5 w,-0.9827183,6196
2b1ka3/1c7/5a3/9/9/1p7/8r/3A5/4A4/3K5 b,0.9940013,912
2b1ka3/3c5/5a3/9/9/1p7/8r/3A5/4A4/3K5 w,-0.9942124,7645
2b1ka3/3c5/5a3/9/9/1p7/8r/3A5/4A4/4K4 b,1,5669
rnbakabnr/9/1c5c1/p1p1p1p1p/9/9/P1P1P1P1P/1C5C1/9/RNBAKABNR w,0.80182725,5827
rnbakabnr/9/1c5c1/p1p1p1p1p/9/9/P1P1P1P1P/4C2C1/9/RNBAKABNR b,-0.80177623,110
r1bakabnr/9/1cn4c1/p1p1p1p1p/9/9/P1P1P1P1P/4C2C1/9/RNBAKABNR w,0.80181926,7445
r1bakabnr/9/1cn4c1/p1p1p1p1p/9/9/P1P1P1P1P/2N1C2C1/9/R1BAKABNR b,-0.80183643,562
r1baka1nr/9/1cn1b2c1/p1p1p1p1p/9/9/P1P1P1P1P/2N1C2C1/9/R1BAKABNR w,0.80193686,7372
r1baka1nr/9/1cn1b2c1/p1p1p1p1p/9/9/P1P1P1P1P/2N1C2C1/9/1RBAKABNR b,-0.8017664,1
1rbaka1nr/9/1cn1b2c1/p1p1p1p1p/9/9/P1P1P1P1P/2N1C2C1/9/1RBAKABNR w,0.8016866,6368
1rbaka1nr/9/1cn1b2c1/p1p1p1p1p/9/9/P1P1P1P1P/2N1CC3/9/1RBAKABNR b,-0.8012594,654
1rbaka2r/9/1cn1b1nc1/p1p1p1p1p/9/9/P1P1P1P1P/2N1CC3/9/1RBAKABNR w,0.8015444,7989
1rbaka2r/9/1cn1b1nc1/p1p1p1p1p/9/9/P1P1P1P1P/2N1CCN2/9/1RBAKAB1R b,-0.8013686,3012
1rbaka2r/9/1cn1b1nc1/p1p1p3p/6p2/9/P1P1P1P1P/2N1CCN2/9/1RBAKAB1R w,0.80187565,8098
1rbaka2r/9/1cn1b1nc1/p1p1p3p/6p2/9/P1P1P1P1P/2N1CCN2/9/1RBAKABR1 b,-0.80201656,727
1rbaka1r1/9/1cn1b1nc1/p1p1p3p/6p2/9/P1P1P1P1P/2N1CCN2/9/1RBAKABR1 w,0.80255455,5087
1rbaka1r1/9/1cn1b1nc1/p1p1p3p/6p2/2P6/P3P1P1P/2N1CCN2/9/1RBAKABR1 b,-0.8021838,1765
1rbaka1r1/9/2n1b1nc1/p1p1p3p/6p2/2P6/Pc2P1P1P/2N1CCN2/9/1RBAKABR1 w,0.8050814,5898
1rbaka1r1/9/2n1b1nc1/p1p1p3p/6p2/2PN5/Pc2P1P1P/4CCN2/9/1RBAKABR1 b,-0.80644345,2311
1rbaka1r1/9/2n1b1n2/p1p1p3p/6p2/2PN5/Pc2P1PcP/4CCN2/9/1RBAKABR1 w,0.8079292,6143
1rbaka1r1/9/2n1bCn2/p1p1p3p/6p2/2PN5/Pc2P1PcP/4C1N2/9/1RBAKABR1 b,-0.8084572,1986
1rbakabr1/9/2n2Cn2/p1p1p3p/6p2/2PN5/Pc2P1PcP/4C1N2/9/1RBAKABR1 w,0.8178919,4351
1rbakabr1/9/2n2Cn2/p1p1N3p/6p2/2P6/Pc2P1PcP/4C1N2/9/1RBAKABR1 b,-0.8047562,1831
1rbakabr1/9/5Cn2/p1p1n3p/6p2/2P6/Pc2P1PcP/4C1N2/9/1RBAKABR1 w,0.80500495,6061
1rbakabr1/9/5Cn2/p1p1C3p/6p2/2P6/Pc2P1PcP/6N2/9/1RBAKABR1 b,-0.79093283,109
2bakabr1/9/1r3Cn2/p1p1C3p/6p2/2P6/Pc2P1PcP/6N2/9/1RBAKABR1 w,0.8022862,2839
2bakabr1/9/1r3Cn2/p1p5p/6p2/2P1C4/Pc2P1PcP/6N2/9/1RBAKABR1 b,-0.7987529,1733
2bakabr1/9/5rn2/p1p5p/6p2/2P1C4/Pc2P1PcP/6N2/9/1RBAKABR1 w,0.80965835,7435
2bakabr1/9/5rn2/p1p5p/6p2/2P1C4/PR2P1PcP/6N2/9/2BAKABR1 b,-0.80746,2129
2bakabr1/9/6n2/p1p5p/6p2/2P1C4/PR2PrPcP/6N2/9/2BAKABR1 w,0.815289,4987
2bakabr1/9/6n2/p1p5p/1R4p2/2P1C4/P3PrPcP/6N2/9/2BAKABR1 b,-0.8043163,2201
2bakabr1/9/9/p1p5p/1R3np2/2P1C4/P3PrPcP/6N2/9/2BAKABR1 w,0.821211,7897
2bakabr1/9/9/p1p5p/1R3np2/2P1C4/P3PrPcP/4B1N2/9/2BAKA1R1 b,-0.8098767,3748
2bakabr1/9/9/p1p5p/1R4p2/2P1C4/P3nrPcP/4B1N2/9/2BAKA1R1 w,0.82641643,7816
2bakabr1/9/9/p1p5p/1R4p2/2P1C4/P3nrPcP/4B1N2/4A4/2BAK2R1 b,-0.81036174,5370
2bakabr1/9/9/p1p5p/1R4p2/2P1C4/P3n1rcP/4B1N2/4A4/2BAK2R1 w,0.812631,3370
2bakabr1/9/9/p1p5p/4R1p2/2P1C4/P3n1rcP/4B1N2/4A4/2BAK2R1 b,-0.80899566,562
2baka1r1/9/4b4/p1p5p/4R1p2/2P1C4/P3n1rcP/4B1N2/4A4/2BAK2R1 w,0.81543374,6268
2baka1r1/9/4b4/p1p5p/4R1p2/2P1C4/P3N1rcP/4B4/4A4/2BAK2R1 b,-0.8050585,5458
2baka1r1/9/4b4/p1p5p/4R1p2/2P1C4/P3r2cP/4B4/4A4/2BAK2R1 w,0.8185723,3622
2baka1r1/9/4R4/p1p5p/6p2/2P1C4/P3r2cP/4B4/4A4/2BAK2R1 b,-0.8284436,463
2bak2r1/4a4/4R4/p1p5p/6p2/2P1C4/P3r2cP/4B4/4A4/2BAK2R1 w,0.9186608,2005
2bak2r1/4a4/7R1/p1p5p/6p2/2P1C4/P3r2cP/4B4/4A4/2BAK2R1 b,-0.90763533,5269
2bak2r1/4a4/7R1/p1p5p/6p2/2P1r4/P6cP/4B4/4A4/2BAK2R1 w,0.9128385,2257
2bak2R1/4a4/9/p1p5p/6p2/2P1r4/P6cP/4B4/4A4/2BAK2R1 b,-0.91296715,1175
2baka1R1/9/9/p1p5p/6p2/2P1r4/P6cP/4B4/4A4/2BAK2R1 w,0.9162136,691
2baka3/9/9/p1p5p/6p2/2P1r4/P6RP/4B4/4A4/2BAK2R1 b,-0.9175837,3831
2baka3/9/9/p1p5p/9/2P1r1p2/P6RP/4B4/4A4/2BAK2R1 w,0.9198367,5524
2baka3/9/9/p1p4Rp/9/2P1r1p2/P7P/4B4/4A4/2BAK2R1 b,-0.9194354,4468
2baka3/9/9/p1p4Rp/9/2P3p2/P3r3P/4B4/4A4/2BAK2R1 w,0.9270457,3089
2baka3/9/9/p1R5p/9/2P3p2/P3r3P/4B4/4A4/2BAK2R1 b,-0.92639726,4650
2baka3/9/9/p1R5p/9/2P6/P3r1p1P/4B4/4A4/2BAK2R1 w,0.93548185,2612
2Raka3/9/9/p7p/9/2P6/P3r1p1P/4B4/4A4/2BAK2R1 b,-0.93456066,5469
2Raka3/9/9/p7p/9/2P6/P3r3P/4B1p2/4A4/2BAK2R1 w,0.9343831,200
3aka3/9/2R6/p7p/9/2P6/P3r3P/4B1p2/4A4/2BAK2R1 b,-0.9285303,6288
3aka3/9/2R6/p7p/9/2P6/P3r3P/4B4/4A1p2/2BAK2R1 w,0.92629474,1824
3aka3/9/6R2/p7p/9/2P6/P3r3P/4B4/4A1p2/2BAK2R1 b,-0.9227772,7097
3aka3/9/6R2/p7p/9/2P6/P3r3P/4B4/4Ap3/2BAK2R1 w,0.931417,2183
3aka3/9/5R3/p7p/9/2P6/P3r3P/4B4/4Ap3/2BAK2R1 b,-0.9230559,5282
3aka3/9/5R3/p7p/9/2P6/P7r/4B4/4Ap3/2BAK2R1 w,0.93203837,2147
3aka3/9/9/p7p/9/2P6/P7r/4B4/4AR3/2BAK2R1 b,-0.9324497,5634
3aka3/9/9/p7p/9/2P6/r8/4B4/4AR3/2BAK2R1 w,0.944767,7927
3aka1R1/9/9/p7p/9/2P6/r8/4B4/4AR3/2BAK4 b,-0.935337,283
4ka1R1/4a4/9/p7p/9/2P6/r8/4B4/4AR3/2BAK4 w,0.9421308,664
4ka3/4a4/9/p6Rp/9/2P6/r8/4B4/4AR3/2BAK4 b,-0.9373446,4922
4ka3/4a4/9/p6Rp/9/2P6/8r/4B4/4AR3/2BAK4 w,0.93570316,3087
4ka3/4a4/9/R7p/9/2P6/8r/4B4/4AR3/2BAK4 b,-0.94212645,5669
4ka3/4a4/9/R7p/9/2P6/9/4B4/4AR3/2BAK3r w,0.9430187,6926
4ka3/4a4/9/R7p/9/2P6/9/4B4/5R3/2BAKA2r b,-0.9413034,8054
4ka3/4a4/9/R7p/8r/2P6/9/4B4/5R3/2BAKA3 w,0.9383084,2430
R3ka3/4a4/9/8p/8r/2P6/9/4B4/5R3/2BAKA3 b,-0.9345336,1173
R2aka3/9/9/8p/8r/2P6/9/4B4/5R3/2BAKA3 w,0.9382915,18
3aka3/9/R8/8p/8r/2P6/9/4B4/5R3/2BAKA3 b,-0.93168706,4000
3aka3/9/R8/8p/4r4/2P6/9/4B4/5R3/2BAKA3 w,0.93776447,1643
3aka3/9/5R3/8p/4r4/2P6/9/4B4/5R3/2BAKA3 b,-0.9295752,283
4ka3/4a4/5R3/8p/4r4/2P6/9/4B4/5R3/2BAKA3 w,0.9285822,2090
4ka3/4a4/2R6/8p/4r4/2P6/9/4B4/5R3/2BAKA3 b,-0.9326255,3639
4ka3/4a4/2R6/8p/3r5/2P6/9/4B4/5R3/2BAKA3 w,0.9308149,1802
2R1ka3/4a4/9/8p/3r5/2P6/9/4B4/5R3/2BAKA3 b,-0.9154044,3513
2Rrka3/4a4/9/8p/9/2P6/9/4B4/5R3/2BAKA3 w,0.9252573,183
3Rka3/4a4/9/8p/9/2P6/9/4B4/5R3/2BAKA3 b,-0.9273766,363
3k1a3/4a4/9/8p/9/2P6/9/4B4/5R3/2BAKA3 w,0.93476933,4268
3k1a3/4a4/9/8p/2P6/9/9/4B4/5R3/2BAKA3 b,-0.9295894,274
4ka3/4a4/9/8p/2P6/9/9/4B4/5R3/2BAKA3 w,0.93424493,3449
4ka3/4a4/9/2P5p/9/9/9/4B4/5R3/2BAKA3 b,-0.93343776,3194
4ka3/4a4/9/2P6/8p/9/9/4B4/5R3/2BAKA3 w,0.9356435,7005
4ka3/4a4/9/2P6/8p/9/9/4B4/3R5/2BAKA3 b,-0.9326456,1173
3aka3/9/9/2P6/8p/9/9/4B4/3R5/2BAKA3 w,0.9376713,2640
3aka3/9/9/3P5/8p/9/9/4B4/3R5/2BAKA3 b,-0.93200094,4013
3aka3/9/9/3P5/9/8p/9/4B4/3R5/2BAKA3 w,0.93192285,2721
3aka3/9/3P5/9/9/8p/9/4B4/3R5/2BAKA3 b,-0.92753994,463
3ak4/4a4/3P5/9/9/8p/9/4B4/3R5/2BAKA3 w,0.93211126,1902
3ak4/3Pa4/9/9/9/8p/9/4B4/3R5/2BAKA3 b,-0.93046314,4822
3ak4/3Pa4/9/9/9/7p1/9/4B4/3R5/2BAKA3 w,0.93356043,6829
3ak4/3Pa4/9/9/9/7p1/9/4B4/7R1/2BAKA3 b,-0.9239549,4733
3ak4/3Pa4/9/9/9/8p/9/4B4/7R1/2BAKA3 w,0.9357394,7183
3ak4/3Pa4/9/9/9/8p/9/4B4/1R7/2BAKA3 b,-0.927861,365
3a1k3/3Pa4/9/9/9/8p/9/4B4/1R7/2BAKA3 w,0.9296369,6647
3a1k3/3Pa4/9/9/9/8p/9/4B4/5R3/2BAKA3 b,-0.92306584,454
3ak4/3Pa4/9/9/9/8p/9/4B4/5R3/2BAKA3 w,0.9304515,6962
3ak4/3Pa4/9/5R3/9/8p/9/4B4/9/2BAKA3 b,-0.9282413,4822
3ak4/3Pa4/9/5R3/9/7p1/9/4B4/9/2BAKA3 w,0.9475877,6081
3ak4/3Pa4/9/5R3/9/6Bp1/9/9/9/2BAKA3 b,-0.951612,4731
3ak4/3Pa4/9/5R3/9/6p2/9/9/9/2BAKA3 w,0.95554644,2913
3ak4/3Pa4/9/6R2/9/6p2/9/9/9/2BAKA3 b,-0.9394008,365
3a1k3/3Pa4/9/6R2/9/6p2/9/9/9/2BAKA3 w,0.9474706,3002
3a1k3/3Pa4/9/5R3/9/6p2/9/9/9/2BAKA3 b,-0.94501555,454
3ak4/3Pa4/9/5R3/9/6p2/9/9/9/2BAKA3 w,0.95259035,2909
3ak4/3Pa4/9/2R6/9/6p2/9/9/9/2BAKA3 b,-0.9373378,365
3a1k3/3Pa4/9/2R6/9/6p2/9/9/9/2BAKA3 w,0.9476833,1083
3P1k3/4a4/9/2R6/9/6p2/9/9/9/2BAKA3 b,-0.9440901,464
3P5/4ak3/9/2R6/9/6p2/9/9/9/2BAKA3 w,0.9475852,274
4P4/4ak3/9/2R6/9/6p2/9/9/9/2BAKA3 b,-0.95308805,4650
4P4/4ak3/9/2R6/9/9/6p2/9/9/2BAKA3 w,0.9640053,2643
4P4/4ak3/9/6R2/9/9/6p2/9/9/2BAKA3 b,-0.970347,5461
4P4/4ak3/9/6R2/9/9/7p1/9/9/2BAKA3 w,0.9854679,2985
4P4/4akR2/9/9/9/9/7p1/9/9/2BAKA3 b,-0.9860424,1283
4P4/4a1R2/5k3/9/9/9/7p1/9/9/2BAKA3 w,0.98935694,1363
4P4/4R4/5k3/9/9/9/7p1/9/9/2BAKA3 b,-0.99037486,5550
4P4/4R4/5k3/9/9/9/6p2/9/9/2BAKA3 w,0.99554455,1201
4P4/9/5k3/4R4/9/9/6p2/9/9/2BAKA3 b,-0.9954806,2084
4P4/5k3/9/4R4/9/9/6p2/9/9/2BAKA3 w,1,2822
rnbakabnr/9/1c5c1/p1p1p1p1p/9/9/P1P1P1P1P/1C5C1/9/RNBAKABNR w,0.0018177032,5827
rnbakabnr/9/1c5c1/p1p1p1p1p/9/9/P1P1P1P1P/4C2C1/9/RNBAKABNR b,-0.0017655134,110
r1bakabnr/9/1cn4c1/p1p1p1p1p/9/9/P1P1P1P1P/4C2C1/9/RNBAKABNR w,0.001820159,7445
r1bakabnr/9/1cn4c1/p1p1p1p1p/9/9/P1P1P1P1P/2N1C2C1/9/R1BAKABNR b,-0.0018223763,562
r1baka1nr/9/1cn1b2c1/p1p1p1p1p/9/9/P1P1P1P1P/2N1C2C1/9/R1BAKABNR w,0.001935196,7372
r1baka1nr/9/1cn1b2c1/p1p1p1p1p/9/9/P1P1P1P1P/2N1C2C1/9/1RBAKABNR b,-0.0017697454,1
1rbaka1nr/9/1cn1b2c1/p1p1p1p1p/9/9/P1P1P1P1P/2N1C2C1/9/1RBAKABNR w,0.0017125607,6368
1rbaka1nr/9/1cn1b2c1/p1p1p1p1p/9/9/P1P1P1P1P/2N1CC3/9/1RBAKABNR b,-0.0013082862,654
1rbaka2r/9/1cn1b1nc1/p1p1p1p1p/9/9/P1P1P1P1P/2N1CC3/9/1RBAKABNR w,0.0015946865,7989
1rbaka2r/9/1cn1b1nc1/p1p1p1p1p/9/9/P1P1P1P1P/2N1CCN2/9/1RBAKAB1R b,-0.001368165,3012
1rbaka2r/9/1cn1b1nc1/p1p1p3p/6p2/9/P1P1P1P1P/2N1CCN2/9/1RBAKAB1R w,0.0019008399,8098
1rbaka2r/9/1cn1b1nc1/p1p1p3p/6p2/9/P1P1P1P1P/2N1CCN2/9/1RBAKABR1 b,-0.0020165562,727
1rbaka1r1/9/1cn1b1nc1/p1p1p3p/6p2/9/P1P1P1P1P/2N1CCN2/9/1RBAKABR1 w,0.002513051,5087
1rbaka1r1/9/1cn1b1nc1/p1p1p3p/6p2/2P6/P3P1P1P/2N1CCN2/9/1RBAKABR1 b,-0.0021535754,1765
1rbaka1r1/9/2n1b1nc1/p1p1p3p/6p2/2P6/Pc2P1P1P/2N1CCN2/9/1RBAKABR1 w,0.0051382068,5898
1rbaka1r1/9/2n1b1nc1/p1p1p3p/6p2/2PN5/Pc2P1P1P/4CCN2/9/1RBAKABR1 b,-0.006537807,2311
1rbaka1r1/9/2n1b1n2/p1p1p3p/6p2/2PN5/Pc2P1PcP/4CCN2/9/1RBAKABR1 w,0.007830143,6143
1rbaka1r1/9/2n1bCn2/p1p1p3p/6p2/2PN5/Pc2P1PcP/4C1N2/9/1RBAKABR1 b,-0.008902455,1986
1rbakabr1/9/2n2Cn2/p1p1p3p/6p2/2PN5/Pc2P1PcP/4C1N2/9/1RBAKABR1 w,0.01805811,4351
1rbakabr1/9/2n2Cn2/p1p1N3p/6p2/2P6/Pc2P1PcP/4C1N2/9/1RBAKABR1 b,-0.0047562006,1831
1rbakabr1/9/5Cn2/p1p1n3p/6p2/2P6/Pc2P1PcP/4C1N2/9/1RBAKABR1 w,0.0050757886,6061
1rbakabr1/9/5Cn2/p1p1C3p/6p2/2P6/Pc2P1PcP/6N2/9/1RBAKABR1 b,0.009131789,109
2bakabr1/9/1r3Cn2/p1p1C3p/6p2/2P6/Pc2P1PcP/6N2/9/1RBAKABR1 w,0.0019269943,2839
2bakabr1/9/1r3Cn2/p1p5p/6p2/2P1C4/Pc2P1PcP/6N2/9/1RBAKABR1 b,0.0013399363,1733
2bakabr1/9/5rn2/p1p5p/6p2/2P1C4/Pc2P1PcP/6N2/9/1RBAKABR1 w,0.0097977165,7435
2bakabr1/9/5rn2/p1p5p/6p2/2P1C4/PR2P1PcP/6N2/9/2BAKABR1 b,-0.007667196,2129
2bakabr1/9/6n2/p1p5p/6p2/2P1C4/PR2PrPcP/6N2/9/2BAKABR1 w,0.014378118,4987
2bakabr1/9/6n2/p1p5p/1R4p2/2P1C4/P3PrPcP/6N2/9/2BAKABR1 b,-0.0045423033,2201
2bakabr1/9/9/p1p5p/1R3np2/2P1C4/P3PrPcP/6N2/9/2BAKABR1 w,0.02267282,7816
2bakabr1/9/9/p1p5p/1R3np2/2P1C4/P3PrPcP/6N2/4A4/2BAK1BR1 b,-0.0094434265,3748
2bakabr1/9/9/p1p5p/1R4p2/2P1C4/P3nrPcP/6N2/4A4/2BAK1BR1 w,0.023946404,7897
2bakabr1/9/9/p1p5p/1R4p2/2P1C4/P3nrPcP/4B1N2/4A4/2BAK2R1 b,-0.009888685,5370
2bakabr1/9/9/p1p5p/1R4p2/2P1C4/P3n1rcP/4B1N2/4A4/2BAK2R1 w,0.012631011,3370
2bakabr1/9/9/p1p5p/4R1p2/2P1C4/P3n1rcP/4B1N2/4A4/2BAK2R1 b,-0.009693563,562
2baka1r1/9/4b4/p1p5p/4R1p2/2P1C4/P3n1rcP/4B1N2/4A4/2BAK2R1 w,0.0148432255,6268
2baka1r1/9/4b4/p1p5p/4R1p2/2P1C4/P3N1rcP/4B4/4A4/2BAK2R1 b,-0.0050584674,5458
2baka1r1/9/4b4/p1p5p/4R1p2/2P1C4/P3r2cP/4B4/4A4/2BAK2R1 w,0.01857226,3622
2baka1r1/9/4R4/p1p5p/6p2/2P1C4/P3r2cP/4B4/4A4/2BAK2R1 b,-0.039581396,463
2bak2r1/4a4/4R4/p1p5p/6p2/2P1C4/P3r2cP/4B4/4A4/2BAK2R1 w,0.1208807,2005
2bak2r1/4a4/7R1/p1p5p/6p2/2P1C4/P3r2cP/4B4/4A4/2BAK2R1 b,-0.11658857,1175
2baka1r1/9/7R1/p1p5p/6p2/2P1C4/P3r2cP/4B4/4A4/2BAK2R1 w,0.11599832,2257
2baka1R1/9/9/p1p5p/6p2/2P1C4/P3r2cP/4B4/4A4/2BAK2R1 b,-0.109130636,5544
2baka1R1/9/9/p1p5p/6p2/2P1C4/c3r3P/4B4/4A4/2BAK2R1 w,0.118908934,4460
2baka1R1/9/9/p1p5p/6p2/2P2C3/c3r3P/4B4/4A4/2BAK2R1 b,-0.110913515,3831
2baka1R1/9/9/p1p5p/9/2P2Cp2/c3r3P/4B4/4A4/2BAK2R1 w,0.1177989,6081
2baka1R1/9/9/p1p5p/9/2P2CB2/c3r3P/9/4A4/2BAK2R1 b,-0.10498259,4941
2baka1R1/9/9/p1p5p/9/2P2CB2/4r3P/9/4A4/c1BAK2R1 w,0.10308533,664
2baka3/9/9/p1p4Rp/9/2P2CB2/4r3P/9/4A4/c1BAK2R1 b,-0.041173983,5296
2baka3/9/9/p1p4Rp/9/2P2CB2/8P/9/4r4/c1BAK2R1 w,0.044801928,7736
2baka3/9/9/p1p4Rp/9/2P2CB2/8P/9/4r4/c1BA1K1R1 b,-0.031875025,6898
2baka3/9/9/p1p4Rp/9/2P2CB2/4r3P/9/9/c1BA1K1R1 w,0.06499591,4568
2baka3/9/9/p1p4Rp/9/2P3B2/4r3P/5C3/9/c1BA1K1R1 b,-0.05258279,5277
2baka3/9/9/p1p4Rp/9/2P3B2/3r4P/5C3/9/c1BA1K1R1 w,0.06978121,3091
2baka3/9/9/p1p1R3p/9/2P3B2/3r4P/5C3/9/c1BA1K1R1 b,-0.06759117,283
2b1ka3/4a4/9/p1p1R3p/9/2P3B2/3r4P/5C3/9/c1BA1K1R1 w,0.07930332,7927
2b1ka1R1/4a4/9/p1p1R3p/9/2P3B2/3r4P/5C3/9/c1BA1K3 b,-0.025105143,5214
2b1ka1R1/4a4/9/p1p1R3p/9/2P3B2/8P/5C3/9/c1Br1K3 w,0.018654203,7817
2b1ka1R1/4a4/9/p1p1R3p/9/2P3B2/8P/5C3/5K3/c1Br5 b,-0.0027877092,7635
2b1ka1R1/4a4/9/p1p1R3p/9/2P3B2/8P/5C3/3r1K3/c1B6 w,0.0018190623,2866
2b1ka1R1/4a4/9/p1p5p/9/2P3B2/8P/5C3/3rRK3/c1B6 b,0.008827067,7362
2b1ka1R1/4a4/9/p1p5p/9/2P3B2/8P/5C3/c2rRK3/2B6 w,-0.013839054,7016
2b1ka1R1/4a4/9/p1p5p/9/2P3B2/8P/5C3/c2rR4/2B2K3 b,0.024064565,6826
2b1ka1R1/4a4/9/p1p5p/9/2P3B2/8P/5C3/c3r4/2B2K3 w,-0.01661948,6187
2b1ka1R1/4a4/9/p1p5p/9/2P3B2/8P/4C4/c3r4/2B2K3 b,0.04708581,363
2bk1a1R1/4a4/9/p1p5p/9/2P3B2/8P/4C4/c3r4/2B2K3 w,-0.043479502,664
2bk1a3/4a4/9/p1p4Rp/9/2P3B2/8P/4C4/c3r4/2B2K3 b,0.032512713,6915
2bk1a3/4a4/9/p1p4Rp/9/2P3B2/8P/4C4/c2r5/2B2K3 w,-0.015786981,3089
2bk1a3/4a4/9/p1R5p/9/2P3B2/8P/4C4/c2r5/2B2K3 b,0.01583538,6834
2bk1a3/4a4/9/p1R5p/9/2P3B2/8P/4C4/c8/2Br1K3 w,-0.012258005,7817
2bk1a3/4a4/9/p1R5p/9/2P3B2/8P/4C4/c4K3/2Br5 b,0.0126865385,7635
2bk1a3/4a4/9/p1R5p/9/2P3B2/8P/4C4/c2r1K3/2B6 w,-0.010487044,7016
2bk1a3/4a4/9/p1R5p/9/2P3B2/8P/4C4/c2r5/2B2K3 b,0.021581579,1193
2bk1a3/9/5a3/p1R5p/9/2P3B2/8P/4C4/c2r5/2B2K3 w,0.007630086,2612
2Rk1a3/9/5a3/p7p/9/2P3B2/8P/4C4/c2r5/2B2K3 b,-0.013292599,282
2R2a3/3k5/5a3/p7p/9/2P3B2/8P/4C4/c2r5/2B2K3 w,0.022737814,185
5R3/3k5/5a3/p7p/9/2P3B2/8P/4C4/c2r5/2B2K3 b,-0.014603245,2083
5R3/3ka4/9/p7p/9/2P3B2/8P/4C4/c2r5/2B2K3 w,0.023714114,482
9/3ka4/9/p4R2p/9/2P3B2/8P/4C4/c2r5/2B2K3 b,-0.011577952,2466
9/3ka4/9/5R2p/p8/2P3B2/8P/4C4/c2r5/2B2K3 w,0.033883072,4268
9/3ka4/9/5R2p/p1P6/6B2/8P/4C4/c2r5/2B2K3 b,-0.017212152,1083
3k5/4a4/9/5R2p/p1P6/6B2/8P/4C4/c2r5/2B2K3 w,0.03753109,6070
3k5/4a4/9/5R2p/p1P1C4/6B2/8P/9/c2r5/2B2K3 b,-0.025267959,6525
3k5/4a4/9/5R2p/p1P1C4/c5B2/8P/9/3r5/2B2K3 w,0.0516979,4657
3k5/4a4/9/5R2p/p1P1C4/c8/8P/4B4/3r5/2B2K3 b,-0.026814545,3194
3k5/4a4/9/5R3/p1P1C3p/c8/8P/4B4/3r5/2B2K3 w,0.043388247,3639
3k5/4a4/9/5R3/p1PC4p/c8/8P/4B4/3r5/2B2K3 b,-0.03236587,4131
3k5/4a4/9/5R3/p1PC4p/9/8P/4B4/3r5/c1B2K3 w,0.028939629,7533
3k5/4a4/9/5R3/p1PC4p/9/8P/B3B4/3r5/c4K3 b,-0.019505072,7372
3k5/4a4/9/5R3/p1PC4p/9/8P/B3B4/3r5/1c3K3 w,0.034133293,2908
3k5/4a4/9/1R7/p1PC4p/9/8P/B3B4/3r5/1c3K3 b,-0.0364967,7464
3k5/4a4/9/1R7/p1PC4p/9/8P/B3B4/3r5/3c1K3 w,0.03293207,2521
1R1k5/4a4/9/9/p1PC4p/9/8P/B3B4/3r5/3c1K3 b,-0.02635597,282
1R7/3ka4/9/9/p1PC4p/9/8P/B3B4/3r5/3c1K3 w,0.031012034,100
9/1R1ka4/9/9/p1PC4p/9/8P/B3B4/3r5/3c1K3 b,-0.023892904,1083
3k5/1R2a4/9/9/p1PC4p/9/8P/B3B4/3r5/3c1K3 w,0.036061477,913
3k5/4R4/9/9/p1PC4p/9/8P/B3B4/3r5/3c1K3 b,-0.017007267,7599
3k5/4R4/9/9/p1Pc4p/9/8P/B3B4/3r5/5K3 w,0.026961042,3459
3k5/4R4/9/9/p2P4p/9/8P/B3B4/3r5/5K3 b,-0.01826712,6789
3k5/4R4/9/9/p2r4p/9/8P/B3B4/9/5K3 w,0.017192794,1219
3k5/9/9/9/p2r4p/4R4/8P/B3B4/9/5K3 b,-0.007427633,282
9/3k5/9/9/p2r4p/4R4/8P/B3B4/9/5K3 w,0.0133840805,7825
9/3k5/9/9/p2r4p/4R4/8P/B3B4/9/4K4 b,-0.002472067,3553
9/3k5/9/9/p6rp/4R4/8P/B3B4/9/4K4 w,0.019307328,6117
9/3k5/9/9/p6rp/4R4/8P/B8/9/4K1B2 b,-0.009487462,3909
9/3k5/9/9/p2r4p/4R4/8P/B8/9/4K1B2 w,0.017582536,5753
9/3k5/9/9/p2r4p/4R4/8P/9/9/2B1K1B2 b,-0.005606461,3567
9/3k5/9/9/p7p/4R4/3r4P/9/9/2B1K1B2 w,0.03157389,7726
9/3k5/9/9/p7p/4R4/3r4P/9/4K4/2B3B2 b,-0.02448125,5205
9/3k5/9/9/p7p/4R4/8P/9/3rK4/2B3B2 w,0.01597531,6925
9/3k5/9/9/p7p/4R4/8P/9/3r5/2B1K1B2 b,0,6807
rnbakabnr/9/1c5c1/p1p1p1p1p/9/9/P1P1P1P1P/1C5C1/9/RNBAKABNR w,0.8017763,5827
rnbakabnr/9/1c5c1/p1p1p1p1p/9/9/P1P1P1P1P/4C2C1/9/RNBAKABNR b,-0.80178356,110
r1bakabnr/9/1cn4c1/p1p1p1p1p/9/9/P1P1P1P1P/4C2C1/9/RNBAKABNR w,0.80181766,7445
r1bakabnr/9/1cn4c1/p1p1p1p1p/9/9/P1P1P1P1P/2N1C2C1/9/R1BAKABNR b,-0.801848,562
r1baka1nr/9/1cn1b2c1/p1p1p1p1p/9/9/P1P1P1P1P/2N1C2C1/9/R1BAKABNR w,0.8019466,7372
r1baka1nr/9/1cn1b2c1/p1p1p1p1p/9/9/P1P1P1P1P/2N1C2C1/9/1RBAKABNR b,-0.8017737,1
1rbaka1nr/9/1cn1b2c1/p1p1p1p1p/9/9/P1P1P1P1P/2N1C2C1/9/1RBAKABNR w,0.8017126,6368
1rbaka1nr/9/1cn1b2c1/p1p1p1p1p/9/9/P1P1P1P1P/2N1CC3/9/1RBAKABNR b,-0.8012781,654
1rbaka2r/9/1cn1b1nc1/p1p1p1p1p/9/9/P1P1P1P1P/2N1CC3/9/1RBAKABNR w,0.80158037,7989
1rbaka2r/9/1cn1b1nc1/p1p1p1p1p/9/9/P1P1P1P1P/2N1CCN2/9/1RBAKAB1R b,-0.8013648,3012
1rbaka2r/9/1cn1b1nc1/p1p1p3p/6p2/9/P1P1P1P1P/2N1CCN2/9/1RBAKAB1R w,0.8018736,8098
1rbaka2r/9/1cn1b1nc1/p1p1p3p/6p2/9/P1P1P1P1P/2N1CCN2/9/1RBAKABR1 b,-0.8020107,727
1rbaka1r1/9/1cn1b1nc1/p1p1p3p/6p2/9/P1P1P1P1P/2N1CCN2/9/1RBAKABR1 w,0.80251306,5087
1rbaka1r1/9/1cn1b1nc1/p1p1p3p/6p2/2P6/P3P1P1P/2N1CCN2/9/1RBAKABR1 b,-0.8021838,1765
1rbaka1r1/9/2n1b1nc1/p1p1p3p/6p2/2P6/Pc2P1P1P/2N1CCN2/9/1RBAKABR1 w,0.8047537,5898
1rbaka1r1/9/2n1b1nc1/p1p1p3p/6p2/2PN5/Pc2P1P1P/4CCN2/9/1RBAKABR1 b,-0.80650157,2311
1rbaka1r1/9/2n1b1n2/p1p1p3p/6p2/2PN5/Pc2P1PcP/4CCN2/9/1RBAKABR1 w,0.8078861,6143
1rbaka1r1/9/2n1bCn2/p1p1p3p/6p2/2PN5/Pc2P1PcP/4C1N2/9/1RBAKABR1 b,-0.8084572,1986
1rbakabr1/9/2n2Cn2/p1p1p3p/6p2/2PN5/Pc2P1PcP/4C1N2/9/1RBAKABR1 w,0.8178919,4351
1rbakabr1/9/2n2Cn2/p1p1N3p/6p2/2P6/Pc2P1PcP/4C1N2/9/1RBAKABR1 b,-0.8047867,1831
1rbakabr1/9/5Cn2/p1p1n3p/6p2/2P6/Pc2P1PcP/4C1N2/9/1RBAKABR1 w,0.8050758,6061
1rbakabr1/9/5Cn2/p1p1C3p/6p2/2P6/Pc2P1PcP/6N2/9/1RBAKABR1 b,-0.79055715,109
2bakabr1/9/1r3Cn2/p1p1C3p/6p2/2P6/Pc2P1PcP/6N2/9/1RBAKABR1 w,0.8022473,2839
2bakabr1/9/1r3Cn2/p1p5p/6p2/2P1C4/Pc2P1PcP/6N2/9/1RBAKABR1 b,-0.79875094,1733
2bakabr1/9/5rn2/p1p5p/6p2/2P1C4/Pc2P1PcP/6N2/9/1RBAKABR1 w,0.80965835,7435
2bakabr1/9/5rn2/p1p5p/6p2/2P1C4/PR2P1PcP/6N2/9/2BAKABR1 b,-0.8064824,2201
2bakabr1/9/5r3/p1p5p/5np2/2P1C4/PR2P1PcP/6N2/9/2BAKABR1 w,0.8140466,4987
2bakabr1/9/5r3/p1p5p/1R3np2/2P1C4/P3P1PcP/6N2/9/2BAKABR1 b,-0.80842113,3750
2bakabr1/9/5r3/p1p5p/1R4p2/2P1C4/P3P1ncP/6N2/9/2BAKABR1 w,0.8190498,3372
2bakabr1/9/5r3/p1p5p/6R2/2P1C4/P3P1ncP/6N2/9/2BAKABR1 b,-0.80537564,5449
2bakabr1/9/5r3/p1p5p/6R2/2P1n4/P3P2cP/6N2/9/2BAKABR1 w,0.8058268,5269
2bakabr1/9/5r3/p1p5p/6R2/2P1P4/P6cP/6N2/9/2BAKABR1 b,-0.79941744,5560
2bakabr1/9/5r3/p1p5p/6R2/2P1P4/P7P/6Nc1/9/2BAKABR1 w,0.8094646,7999
2bakabr1/9/5r3/p1p5p/6R2/2P1P4/P7P/6Nc1/7R1/2BAKAB2 b,-0.79819757,2138
2bakabr1/9/9/p1p5p/6R2/2P1P4/P7P/5rNc1/7R1/2BAKAB2 w,0.8003867,3813
2bakabr1/9/9/p1p3R1p/9/2P1P4/P7P/5rNc1/7R1/2BAKAB2 b,-0.8004975,691
2bakab2/9/9/p1p3R1p/9/2P1P4/P6rP/5rNc1/7R1/2BAKAB2 w,0.81455606,2976
2bakaR2/9/9/p1p5p/9/2P1P4/P6rP/5rNc1/7R1/2BAKAB2 b,-0.8035953,5548
2bakaR2/9/9/p1p5p/9/2P1P4/P3r3P/5rNc1/7R1/2BAKAB2 w,0.8317767,7816
2bakaR2/9/9/p1p5p/9/2P1P4/P3r3P/5rNc1/4A2R1/2BAK1B2 b,-0.8202951,6371
2bakaR2/9/9/p1p5p/9/2P1P4/P3r3P/5rN1c/4A2R1/2BAK1B2 w,0.86513656,7897
2bakaR2/9/9/p1p5p/9/2P1P4/P3r3P/4BrN1c/4A2R1/2BAK4 b,-0.8791284,6189
2bakaR2/9/9/p1p5p/9/2P1P4/P3r3P/4B1r1c/4A2R1/2BAK4 w,0.8901022,609
2baka3/9/9/p1p5p/9/2P1P4/P3r3P/4B1R1c/4A2R1/2BAK4 b,-0.8820687,6479
2baka3/9/9/p1p5p/9/2P1P4/P3r3P/4B1R2/4A2R1/2BAK3c w,0.8899288,7117
2baka1R1/9/9/p1p5p/9/2P1P4/P3r3P/4B1R2/4A4/2BAK3c b,-0.8760436,283
2b1ka1R1/4a4/9/p1p5p/9/2P1P4/P3r3P/4B1R2/4A4/2BAK3c w,0.8832938,664
2b1ka3/4a4/9/p1p4Rp/9/2P1P4/P3r3P/4B1R2/4A4/2BAK3c b,-0.8814886,5282
2b1ka3/4a4/9/p1p4Rp/9/2P1P4/P7r/4B1R2/4A4/2BAK3c w,0.8914279,6243
2b1ka3/4a4/9/p1p3RRp/9/2P1P4/P7r/4B4/4A4/2BAK3c b,-0.8891113,5634
2b1ka3/4a4/9/p1p3RRp/9/2P1P4/r8/4B4/4A4/2BAK3c w,0.9004015,2999
2b1ka3/4a4/9/p1R4Rp/9/2P1P4/r8/4B4/4A4/2BAK3c b,-0.8876377,202
4ka3/4a4/4b4/p1R4Rp/9/2P1P4/r8/4B4/4A4/2BAK3c w,0.8983201,3095
4ka3/4a4/4b4/p1R5R/9/2P1P4/r8/4B4/4A4/2BAK3c b,-0.89019847,8072
4ka3/4a4/4b4/p1R5R/9/2P1P4/r7c/4B4/4A4/2BAK4 w,0.89547026,4450
4ka3/4a4/4b4/p1R5R/4P4/2P6/r7c/4B4/4A4/2BAK4 b,-0.8880968,4921
4ka3/4a4/4b4/p1R5R/4P4/2P6/7rc/4B4/4A4/2BAK4 w,0.90487134,3631
4ka3/4a4/4b4/p1R1P3R/9/2P6/7rc/4B4/4A4/2BAK4 b,-0.88931966,1986
4kab2/4a4/9/p1R1P3R/9/2P6/7rc/4B4/4A4/2BAK4 w,0.8973415,2637
4kab2/4a4/9/R3P3R/9/2P6/7rc/4B4/4A4/2BAK4 b,-0.9008564,5578
4kab2/4a4/9/R3P3R/9/2P6/8c/4B4/4A4/2BAK2r1 w,0.90623456,6926
4kab2/4a4/9/R3P3R/9/2P6/8c/4B4/9/2BAKA1r1 b,-0.90209097,5669
4kab2/4a4/9/R3P3R/9/2P6/9/4B4/9/2BAKA1rc w,0.92799336,7636
4kab2/4a4/9/R3P3R/9/2P6/9/4B4/4A4/2B1KA1rc b,-0.90922916,1173
3akab2/9/9/R3P3R/9/2P6/9/4B4/4A4/2B1KA1rc w,0.92877614,3212
3akab2/9/9/R3P4/9/2P6/8R/4B4/4A4/2B1KA1rc b,-0.90926284,463
3ak1b2/4a4/9/R3P4/9/2P6/8R/4B4/4A4/2B1KA1rc w,0.9289658,4268
3ak1b2/4a4/9/R3P4/2P6/9/8R/4B4/4A4/2B1KA1rc b,-0.92483723,7981
3ak1b2/4a4/9/R3P4/2P6/9/7rR/4B4/4A4/2B1KA2c w,0.9367586,5669
3ak1b2/4a4/9/R3P4/2P6/9/7r1/4B4/4A4/2B1KA2R b,-0.9339919,5524
3ak1b2/4a4/9/R3P2r1/2P6/9/9/4B4/4A4/2B1KA2R w,0.9476105,8081
3ak1b2/4a4/9/R3P2r1/2P6/9/9/4B3R/4A4/2B1KA3 b,-0.94545126,3093
3ak1b2/4a4/9/R3P1r2/2P6/9/9/4B3R/4A4/2B1KA3 w,0.95474845,6452
3ak1b2/4a4/9/R3P1r2/2P6/9/8R/4B4/4A4/2B1KA3 b,-0.9448193,3004
3ak1b2/4a4/9/R3P2r1/2P6/9/8R/4B4/4A4/2B1KA3 w,0.9548471,3459
3ak1b2/4a4/9/R3P2r1/3P5/9/8R/4B4/4A4/2B1KA3 b,-0.9532578,3103
3ak1b2/4a4/9/R3P4/3P3r1/9/8R/4B4/4A4/2B1KA3 w,0.9550548,5640
3ak1b2/4a4/9/R3P4/3P3r1/9/6R2/4B4/4A4/2B1KA3 b,-0.9488376,3909
3ak1b2/4a4/9/R3P4/3r5/9/6R2/4B4/4A4/2B1KA3 w,0.9476232,5406
3ak1R2/4a4/9/R3P4/3r5/9/9/4B4/4A4/2B1KA3 b,-0.94782484,1175
3akaR2/9/9/R3P4/3r5/9/9/4B4/4A4/2B1KA3 w,0.9498124,600
3aka3/9/9/R3P4/3r5/9/6R2/4B4/4A4/2B1KA3 b,-0.9424291,3550
3aka3/9/9/R3P4/4r4/9/6R2/4B4/4A4/2B1KA3 w,0.9545248,2820
3aka3/9/9/R2P5/4r4/9/6R2/4B4/4A4/2B1KA3 b,-0.95192033,3639
3aka3/9/9/R2P5/3r5/9/6R2/4B4/4A4/2B1KA3 w,0.9517047,5458
3aka3/9/9/R2P5/3r5/9/4R4/4B4/4A4/2B1KA3 b,-0.9497186,463
3ak4/4a4/9/R2P5/3r5/9/4R4/4B4/4A4/2B1KA3 w,0.95975846,2731
3ak4/4a4/9/R3P4/3r5/9/4R4/4B4/4A4/2B1KA3 b,-0.95474267,3531
3ak4/4a4/3r5/R3P4/9/9/4R4/4B4/4A4/2B1KA3 w,0.9596231,2812
3ak4/4a4/3rP4/R8/9/9/4R4/4B4/4A4/2B1KA3 b,-0.9599403,1929
3ak4/4a4/4P4/R8/3r5/9/4R4/4B4/4A4/2B1KA3 w,0.9702653,2461
3ak4/4a4/4P4/4R4/3r5/9/4R4/4B4/4A4/2B1KA3 b,-0.95836127,3522
3ak4/3ra4/4P4/4R4/9/9/4R4/4B4/4A4/2B1KA3 w,0.9558501,6906
3ak4/3ra4/4P4/4R4/9/9/4R4/3AB4/9/2B1KA3 b,-0.94720984,1090
3ak4/1r2a4/4P4/4R4/9/9/4R4/3AB4/9/2B1KA3 w,0.9645598,2839
3ak4/1r2a4/4P4/9/9/4R4/4R4/3AB4/9/2B1KA3 b,-0.96011156,919
3ak4/4a4/1r2P4/9/9/4R4/4R4/3AB4/9/2B1KA3 w,0.9579039,1993
3ak4/4P4/1r7/9/9/4R4/4R4/3AB4/9/2B1KA3 b,-0.95820785,283
4k4/4a4/1r7/9/9/4R4/4R4/3AB4/9/2B1KA3 w,0.9603808,4457
4k4/4a4/1r7/9/9/2R6/4R4/3AB4/9/2B1KA3 b,-0.9575461,1711
1r2k4/4a4/9/9/9/2R6/4R4/3AB4/9/2B1KA3 w,0.97125375,4281
1r2k4/4a4/9/9/9/6R2/4R4/3AB4/9/2B1KA3 b,-0.95450085,365
1r3k3/4a4/9/9/9/6R2/4R4/3AB4/9/2B1KA3 w,0.95940435,5233
1r3k3/4R4/9/9/9/6R2/9/3AB4/9/2B1KA3 b,-0.9433372,94
4rk3/4R4/9/9/9/6R2/9/3AB4/9/2B1KA3 w,0.9519879,1182
4rk3/3R5/9/9/9/6R2/9/3AB4/9/2B1KA3 b,-0.9543674,391
5k3/3R5/9/4r4/9/6R2/9/3AB4/9/2B1KA3 w,1,4596
rnbakabnr/9/1c5c1/p1p1p1p1p/9/9/P1P1P1P1P/1C5C1/9/RNBAKABNR w,-0.79820085,5827
rnbakabnr/9/1c5c1/p1p1p1p1p/9/9/P1P1P1P1P/4C2C1/9/RNBAKABNR b,0.79820436,110
r1bakabnr/9/1cn4c1/p1p1p1p1p/9/9/P1P1P1P1P/4C2C1/9/RNBAKABNR w,-0.7981764,7445
r1bakabnr/9/1cn4c1/p1p1p1p1p/9/9/P1P1P1P1P/2N1C2C1/9/R1BAKABNR b,0.7981911,562
r1baka1nr/9/1cn1b2c1/p1p1p1p1p/9/9/P1P1P1P1P/2N1C2C1/9/R1BAKABNR w,-0.79806316,7372
r1baka1nr/9/1cn1b2c1/p1p1p1p1p/9/9/P1P1P1P1P/2N1C2C1/9/1RBAKABNR b,0.7982265,1
1rbaka1nr/9/1cn1b2c1/p1p1p1p1p/9/9/P1P1P1P1P/2N1C2C1/9/1RBAKABNR w,-0.798301,6368
1rbaka1nr/9/1cn1b2c1/p1p1p1p1p/9/9/P1P1P1P1P/2N1CC3/9/1RBAKABNR b,0.7987143,654
1rbaka2r/9/1cn1b1nc1/p1p1p1p1p/9/9/P1P1P1P1P/2N1CC3/9/1RBAKABNR w,-0.7984384,7989
1rbaka2r/9/1cn1b1nc1/p1p1p1p1p/9/9/P1P1P1P1P/2N1CCN2/9/1RBAKAB1R b,0.79863185,3012
1rbaka2r/9/1cn1b1nc1/p1p1p3p/6p2/9/P1P1P1P1P/2N1CCN2/9/1RBAKAB1R w,-0.7981138,8098
1rbaka2r/9/1cn1b1nc1/p1p1p3p/6p2/9/P1P1P1P1P/2N1CCN2/9/1RBAKABR1 b,0.7979852,727
1rbaka1r1/9/1cn1b1nc1/p1p1p3p/6p2/9/P1P1P1P1P/2N1CCN2/9/1RBAKABR1 w,-0.79748696,5087
1rbaka1r1/9/1cn1b1nc1/p1p1p3p/6p2/2P6/P3P1P1P/2N1CCN2/9/1RBAKABR1 b,0.79787856,1765
1rbaka1r1/9/2n1b1nc1/p1p1p3p/6p2/2P6/Pc2P1P1P/2N1CCN2/9/1RBAKABR1 w,-0.7952885,5898
1rbaka1r1/9/2n1b1nc1/p1p1p3p/6p2/2PN5/Pc2P1P1P/4CCN2/9/1RBAKABR1 b,0.7934622,2311
1rbaka1r1/9/2n1b1n2/p1p1p3p/6p2/2PN5/Pc2P1PcP/4CCN2/9/1RBAKABR1 w,-0.79207164,6143
1rbaka1r1/9/2n1bCn2/p1p1p3p/6p2/2PN5/Pc2P1PcP/4C1N2/9/1RBAKABR1 b,0.7915428,1986
1rbakabr1/9/2n2Cn2/p1p1p3p/6p2/2PN5/Pc2P1PcP/4C1N2/9/1RBAKABR1 w,-0.7818543,4351
1rbakabr1/9/2n2Cn2/p1p1N3p/6p2/2P6/Pc2P1PcP/4C1N2/9/1RBAKABR1 b,0.7952257,1831
1rbakabr1/9/5Cn2/p1p1n3p/6p2/2P6/Pc2P1PcP/4C1N2/9/1RBAKABR1 w,-0.7949961,6061
1rbakabr1/9/5Cn2/p1p1C3p/6p2/2P6/Pc2P1PcP/6N2/9/1RBAKABR1 b,0.80890375,109
2bakabr1/9/1r3Cn2/p1p1C3p/6p2/2P6/Pc2P1PcP/6N2/9/1RBAKABR1 w,-0.79794323,2839
2bakabr1/9/1r3Cn2/p1p5p/6p2/2P1C4/Pc2P1PcP/6N2/9/1RBAKABR1 b,0.80141336,1733
2bakabr1/9/5rn2/p1p5p/6p2/2P1C4/Pc2P1PcP/6N2/9/1RBAKABR1 w,-0.79030806,7435
2bakabr1/9/5rn2/p1p5p/6p2/2P1C4/PR2P1PcP/6N2/9/2BAKABR1 b,0.7929446,2201
2bakabr1/9/5r3/p1p5p/5np2/2P1C4/PR2P1PcP/6N2/9/2BAKABR1 w,-0.78594154,4987
2bakabr1/9/5r3/p1p5p/1R3np2/2P1C4/P3P1PcP/6N2/9/2BAKABR1 b,0.7916348,3750
2bakabr1/9/5r3/p1p5p/1R4p2/2P1C4/P3P1ncP/6N2/9/2BAKABR1 w,-0.78242344,3372
2bakabr1/9/5r3/p1p5p/6R2/2P1C4/P3P1ncP/6N2/9/2BAKABR1 b,0.7946244,5449
2bakabr1/9/5r3/p1p5p/6R2/2P1n4/P3P2cP/6N2/9/2BAKABR1 w,-0.79404974,5269
2bakabr1/9/5r3/p1p5p/6R2/2P1P4/P6cP/6N2/9/2BAKABR1 b,0.80047536,5560
2bakabr1/9/5r3/p1p5p/6R2/2P1P4/P7P/6Nc1/9/2BAKABR1 w,-0.79053545,7999
2bakabr1/9/5r3/p1p5p/6R2/2P1P4/P7P/6Nc1/7R1/2BAKAB2 b,0.8015276,2138
2bakabr1/9/9/p1p5p/6R2/2P1P4/P7P/5rNc1/7R1/2BAKAB2 w,-0.79956293,3813
2bakabr1/9/9/p1p3R1p/9/2P1P4/P7P/5rNc1/7R1/2BAKAB2 b,0.79980576,691
2bakab2/9/9/p1p3R1p/9/2P1P4/P6rP/5rNc1/7R1/2BAKAB2 w,-0.78522027,2976
2bakaR2/9/9/p1p5p/9/2P1P4/P6rP/5rNc1/7R1/2BAKAB2 b,0.79620934,5548
2bakaR2/9/9/p1p5p/9/2P1P4/P3r3P/5rNc1/7R1/2BAKAB2 w,-0.78499824,7186
2bakaR2/9/9/p1p5p/9/2P1P4/P3r3P/5rNc1/4R4/2BAKAB2 b,0.7979804,5276
2bakaR2/9/9/p1p5p/9/2P1P4/P1r5P/5rNc1/4R4/2BAKAB2 w,-0.7798387,4450
2bakaR2/9/9/p1p5p/4P4/2P6/P1r5P/5rNc1/4R4/2BAKAB2 b,0.78927636,5123
2bakaR2/9/9/p1p5p/4P4/2P6/P7P/5rNc1/4R4/2rAKAB2 w,-0.7768483,6919
2bakaR2/9/9/p1p5p/4P4/2P6/P7P/5rNc1/7R1/2rAKAB2 b,0.8025692,6371
2bakaR2/9/9/p1p5p/4P4/2P6/P7P/5rN1c/7R1/2rAKAB2 w,-0.7759994,7816
2bakaR2/9/9/p1p5p/4P4/2P6/P7P/5rN1c/4A2R1/2rAK1B2 b,0.7931443,6179
2bakaR2/9/9/p1p5p/4P4/2P6/P4r2P/6N1c/4A2R1/2rAK1B2 w,-0.76656353,7117
2bakaRR1/9/9/p1p5p/4P4/2P6/P4r2P/6N1c/4A4/2rAK1B2 b,0.7689133,6479
2bakaRR1/9/9/p1p5p/4P4/2P6/P4r2P/6N2/4A4/2rAK1B1c w,-0.7701499,7897
2bakaRR1/9/9/p1p5p/4P4/2P6/P4r2P/4B1N2/4A4/2rAK3c b,0.7802675,7551
2bakaRR1/9/9/p1p5p/4P4/2P6/P4r2P/4B1N2/4A4/r2AK3c w,-0.7325286,6262
2bakaRR1/9/9/p1p5p/4P4/2P4N1/P4r2P/4B4/4A4/r2AK3c b,0.7459234,5342
2bakaRR1/9/9/p1p2r2p/4P4/2P4N1/P7P/4B4/4A4/r2AK3c w,-0.71437347,3641
2bakaRR1/9/9/p1p2r2p/5P3/2P4N1/P7P/4B4/4A4/r2AK3c b,0.7295567,2903
2bakaRR1/9/5r3/p1p5p/5P3/2P4N1/P7P/4B4/4A4/r2AK3c w,-0.73254377,600
2baka1R1/9/5r3/p1p5p/5P3/2P4N1/P5R1P/4B4/4A4/r2AK3c b,0.7718089,2092
2baka1R1/9/4r4/p1p5p/5P3/2P4N1/P5R1P/4B4/4A4/r2AK3c w,-0.74663764,5469
2baka1R1/9/4r4/p1p5p/5P3/2P4N1/P7P/4B1R2/4A4/r2AK3c b,0.76460636,7353
2baka1R1/9/4r4/p1p5p/5P3/2P4N1/P7P/r3B1R2/4A4/3AK3c w,-0.75146294,6216
2bakaRR1/9/4r4/p1p5p/5P3/2P4N1/P7P/r3B4/4A4/3AK3c b,0.80316496,283
2b1kaRR1/4a4/4r4/p1p5p/5P3/2P4N1/P7P/r3B4/4A4/3AK3c w,-0.7895913,3730
2b1kaRR1/4a4/4r4/p1p5p/4P4/2P4N1/P7P/r3B4/4A4/3AK3c b,0.8145361,2020
2b1kaRR1/4a4/9/p1p5p/4r4/2P4N1/P7P/r3B4/4A4/3AK3c w,-0.8057173,6113
2b1kaRR1/4a4/9/p1p5p/4r4/2P4N1/P7P/r8/4A4/2BAK3c b,0.8362571,5740
2b1kaRR1/4a4/9/p1p5p/4r4/2P4N1/P7P/7r1/4A4/2BAK3c w,-0.8204389,4749
2b1kaRR1/4a4/9/p1p5p/4r4/2P6/P7P/6Nr1/4A4/2BAK3c b,0.9124077,6388
2b1kaRR1/4a4/9/p1p5p/4r4/2P6/P7P/6N2/4A4/2BAK2rc w,-0.92440355,6296
2b1kaRR1/4a4/9/p1p5p/4r4/2P6/P7P/9/4A4/2BAKN1rc b,0.9563227,7927
2b1kaRr1/4a4/9/p1p5p/4r4/2P6/P7P/9/4A4/2BAKN2c w,-0.93220985,627
2b1ka1r1/4a4/9/p1p5p/4r4/2P6/P7P/9/4A4/2BAKNR1c b,0.93973684,8096
2b1ka1r1/4a4/9/p1p5p/4r4/2P6/P7P/9/4A4/2BAKcR2 w,-0.92826277,7916
2b1ka1r1/4a4/9/p1p5p/4r4/2P6/P7P/9/4A4/2BAKR3 b,0.9371493,691
2b1ka3/4a4/9/p1p5p/4r4/2P6/P6rP/9/4A4/2BAKR3 w,-0.9384287,7827
2b1ka3/4a4/9/p1p5p/4r4/2P6/P6rP/9/4A4/2BAK1R2 b,0.9399218,5552
2b1ka3/4a4/9/p1p5p/4r4/2P6/P7r/9/4A4/2BAK1R2 w,-0.9283357,7918
2b1ka3/4a4/9/p1p5p/4r4/2P6/P7r/9/4A4/2BAK2R1 b,0.92496055,5634
2b1ka3/4a4/9/p1p5p/4r4/2P6/r8/9/4A4/2BAK2R1 w,-0.93718874,7954
2b1ka3/4a4/9/p1p4Rp/4r4/2P6/r8/9/4A4/2BAK4 b,0.94867253,4920
2b1ka3/4a4/9/p1p4Rp/4r4/2P6/6r2/9/4A4/2BAK4 w,-0.9293376,7736
2b1ka3/4a4/9/p1p4Rp/4r4/2P6/6r2/9/4A4/2BA1K3 b,0.946591,5459
2b1ka3/4a4/9/p1p4Rp/4r4/2P6/5r3/9/4A4/2BA1K3 w,-0.9398794,7825
2b1ka3/4a4/9/p1p4Rp/4r4/2P6/5r3/9/4A4/2BAK4 b,0.94842565,5372
2b1ka3/4a4/9/p1p4Rp/4r4/2P6/8r/9/4A4/2BAK4 w,-0.92580587,7736
2b1ka3/4a4/9/p1p4Rp/4r4/2P6/8r/9/4A4/2BA1K3 b,0.93358225,5669
2b1ka3/4a4/9/p1p4Rp/4r4/2P6/9/9/4A4/2BA1K2r w,-0.9358948,7817
2b1ka3/4a4/9/p1p4Rp/4r4/2P6/9/9/4AK3/2BA4r b,0.94313306,3641
2b1ka3/4a4/9/p1p4Rp/5r3/2P6/9/9/4AK3/2BA4r w,-0.9465743,6908
2b1ka3/4a4/9/p1p4Rp/5r3/2P6/9/5A3/5K3/2BA4r b,0.9550517,8094
2b1ka3/4a4/9/p1p4Rp/5r3/2P6/9/5A3/5K3/2Br5 w,-0.9515499,3089
2b1ka3/4a4/9/p1R5p/5r3/2P6/9/5A3/5K3/2Br5 b,0.96655554,7645
2b1ka3/4a4/9/p1R5p/5r3/2P6/9/5A3/5K3/2B1r4 w,-0.9690572,2612
2R1ka3/4a4/9/p7p/5r3/2P6/9/5A3/5K3/2B1r4 b,0.97434396,1173
2Raka3/9/9/p7p/5r3/2P6/9/5A3/5K3/2B1r4 w,-0.9628074,183
3Rka3/9/9/p7p/5r3/2P6/9/5A3/5K3/2B1r4 b,0.95918846,373
3R1a3/4k4/9/p7p/5r3/2P6/9/5A3/5K3/2B1r4 w,-0.94734454,336
5a3/4k4/9/p7p/5r3/2P6/9/3R1A3/5K3/2B1r4 b,0.9529964,7733
5a3/4k4/9/p7p/5r3/2P6/9/3R1A3/5K3/2r6 w,-0.9508756,4268
5a3/4k4/9/p7p/2P2r3/9/9/3R1A3/5K3/2r6 b,0.949934,7544
5a3/4k4/9/p7p/2P2r3/9/9/3R1A3/2r2K3/9 w,-0.94930196,7016
5a3/4k4/9/p7p/2P2r3/9/9/3R1A3/2r6/5K3 b,0.95099115,6698
5a3/4k4/9/p7p/2r2r3/9/9/3R1A3/9/5K3 w,-0.9460697,6007
5a3/4k4/9/p7p/2r2r3/9/9/4RA3/9/5K3 b,0.9622675,1184
5a3/5k3/9/p7p/2r2r3/9/9/4RA3/9/5K3 w,-0.95273423,7825
5a3/5k3/9/p7p/2r2r3/9/9/4RA3/9/4K4 b,0.9537224,463
9/4ak3/9/p7p/2r2r3/9/9/4RA3/9/4K4 w,-0.93681633,6043
9/4Rk3/9/p7p/2r2r3/9/9/5A3/9/4K4 b,0.9409585,1265
5k3/4R4/9/p7p/2r2r3/9/9/5A3/9/4K4 w,-0.9410548,6196
5k3/4R4/9/p7p/2r2r3/9/9/9/4A4/4K4 b,0.96792084,3730
5k3/4R4/9/p7p/2r1r4/9/9/9/4A4/4K4 w,-0.92972994,7734
5k3/4R4/9/p7p/2r1r4/9/9/9/4A4/3K5 b,0.9322863,3639
5k3/4R4/9/p7p/2rr5/9/9/9/4A4/3K5 w,-0.9557063,7645
5k3/4R4/9/p7p/2rr5/9/9/9/4A4/4K4 b,0.9743468,3503
5k3/4R4/9/p7p/3r5/9/9/9/4A4/2r1K4 w,-0.9786298,6924
5k3/4R4/9/p7p/3r5/9/9/9/9/2rAK4 b,0.9854954,7554
5k3/4R4/9/p7p/3r5/9/9/9/9/3rK4 w,-0.98682606,7726
5k3/4R4/9/p7p/3r5/9/9/9/4K4/3r5 b,0.9971084,3585
5k3/4R4/9/p7p/9/9/9/9/3rK4/3r5 w,-0.99777436,6907
5k3/4R4/9/p7p/9/9/9/4K4/3r5/3r5 b,1,7645
rnbakabnr/9/1c5c1/p1p1p1p1p/9/9/P1P1P1P1P/1C5C1/9/RNBAKABNR w,0.0018086672,5827
rnbakabnr/9/1c5c1/p1p1p1p1p/9/9/P1P1P1P1P/4C2C1/9/RNBAKABNR b,-0.0017681838,110
r1bakabnr/9/1cn4c1/p1p1p1p1p/9/9/P1P1P1P1P/4C2C1/9/RNBAKABNR w,0.0018176556,7445
r1bakabnr/9/1cn4c1/p1p1p1p1p/9/9/P1P1P1P1P/2N1C2C1/9/R1BAKABNR b,-0.0018378735,562
r1baka1nr/9/1cn1b2c1/p1p1p1p1p/9/9/P1P1P1P1P/2N1C2C1/9/R1BAKABNR w,0.0019609213,7372
r1baka1nr/9/1cn1b2c1/p1p1p1p1p/9/9/P1P1P1P1P/2N1C2C1/9/1RBAKABNR b,-0.0017710209,1
1rbaka1nr/9/1cn1b2c1/p1p1p1p1p/9/9/P1P1P1P1P/2N1C2C1/9/1RBAKABNR w,0.0017125607,6368
1rbaka1nr/9/1cn1b2c1/p1p1p1p1p/9/9/P1P1P1P1P/2N1CC3/9/1RBAKABNR b,-0.0012789011,654
1rbaka2r/9/1cn1b1nc1/p1p1p1p1p/9/9/P1P1P1P1P/2N1CC3/9/1RBAKABNR w,0.0016003847,7989
1rbaka2r/9/1cn1b1nc1/p1p1p1p1p/9/9/P1P1P1P1P/2N1CCN2/9/1RBAKAB1R b,-0.0013729454,3012
1rbaka2r/9/1cn1b1nc1/p1p1p3p/6p2/9/P1P1P1P1P/2N1CCN2/9/1RBAKAB1R w,0.0018735885,8098
1rbaka2r/9/1cn1b1nc1/p1p1p3p/6p2/9/P1P1P1P1P/2N1CCN2/9/1RBAKABR1 b,-0.001887083,727
1rbaka1r1/9/1cn1b1nc1/p1p1p3p/6p2/9/P1P1P1P1P/2N1CCN2/9/1RBAKABR1 w,0.002513051,5087
1rbaka1r1/9/1cn1b1nc1/p1p1p3p/6p2/2P6/P3P1P1P/2N1CCN2/9/1RBAKABR1 b,-0.0021214485,1765
1rbaka1r1/9/2n1b1nc1/p1p1p3p/6p2/2P6/Pc2P1P1P/2N1CCN2/9/1RBAKABR1 w,0.0047115325,5898
1rbaka1r1/9/2n1b1nc1/p1p1p3p/6p2/2PN5/Pc2P1P1P/4CCN2/9/1RBAKABR1 b,-0.006233549,2311
1rbaka1r1/9/2n1b1n2/p1p1p3p/6p2/2PN5/Pc2P1PcP/4CCN2/9/1RBAKABR1 w,0.007896758,6143
1rbaka1r1/9/2n1bCn2/p1p1p3p/6p2/2PN5/Pc2P1PcP/4C1N2/9/1RBAKABR1 b,-0.008902455,1986
1rbakabr1/9/2n2Cn2/p1p1p3p/6p2/2PN5/Pc2P1PcP/4C1N2/9/1RBAKABR1 w,0.016400337,4351
1rbakabr1/9/2n2Cn2/p1p1N3p/6p2/2P6/Pc2P1PcP/4C1N2/9/1RBAKABR1 b,-0.0047562006,1831
1rbakabr1/9/5Cn2/p1p1n3p/6p2/2P6/Pc2P1PcP/4C1N2/9/1RBAKABR1 w,0.0050359727,6061
1rbakabr1/9/5Cn2/p1p1C3p/6p2/2P6/Pc2P1PcP/6N2/9/1RBAKABR1 b,0.009373379,109
2bakabr1/9/1r3Cn2/p1p1C3p/6p2/2P6/Pc2P1PcP/6N2/9/1RBAKABR1 w,0.0022472858,2839
2bakabr1/9/1r3Cn2/p1p5p/6p2/2P1C4/Pc2P1PcP/6N2/9/1RBAKABR1 b,0.0014690638,1733
2bakabr1/9/5rn2/p1p5p/6p2/2P1C4/Pc2P1PcP/6N2/9/1RBAKABR1 w,0.009669137,7435
2bakabr1/9/5rn2/p1p5p/6p2/2P1C4/PR2P1PcP/6N2/9/2BAKABR1 b,-0.0065043927,2201
2bakabr1/9/5r3/p1p5p/5np2/2P1C4/PR2P1PcP/6N2/9/2BAKABR1 w,0.01322434,4987
2bakabr1/9/5r3/p1p5p/1R3np2/2P1C4/P3P1PcP/6N2/9/2BAKABR1 b,-0.008028102,3750
2bakabr1/9/5r3/p1p5p/1R4p2/2P1C4/P3P1ncP/6N2/9/2BAKABR1 w,0.018377233,3372
2bakabr1/9/5r3/p1p5p/6R2/2P1C4/P3P1ncP/6N2/9/2BAKABR1 b,-0.005452013,5449
2bakabr1/9/5r3/p1p5p/6R2/2P1n4/P3P2cP/6N2/9/2BAKABR1 w,0.0057559013,5269
2bakabr1/9/5r3/p1p5p/6R2/2P1P4/P6cP/6N2/9/2BAKABR1 b,0.00047535897,5560
2bakabr1/9/5r3/p1p5p/6R2/2P1P4/P7P/6Nc1/9/2BAKABR1 w,0.008351589,7999
2bakabr1/9/5r3/p1p5p/6R2/2P1P4/P7P/6Nc1/7R1/2BAKAB2 b,0.0017654657,2138
2bakabr1/9/9/p1p5p/6R2/2P1P4/P7P/5rNc1/7R1/2BAKAB2 w,0.0113322735,7897
2bakabr1/9/9/p1p5p/6R2/2P1P4/P7P/4BrNc1/7R1/2BAKA3 b,-0.0023968816,562
2baka1r1/9/4b4/p1p5p/6R2/2P1P4/P7P/4BrNc1/7R1/2BAKA3 w,0.015418077,3840
2baka1r1/9/4b4/p1p5p/9/2P1P4/P5R1P/4BrNc1/7R1/2BAKA3 b,-0.0058876993,6170
2baka1r1/9/4b4/p1p5p/9/2P1Pr3/P5R1P/4B1Nc1/7R1/2BAKA3 w,0.023040533,5458
2baka1r1/9/4b4/p1p5p/9/2P1Pr3/P3R3P/4B1Nc1/7R1/2BAKA3 b,-0.011042452,4541
2baka1r1/9/4b4/p1p5p/5r3/2P1P4/P3R3P/4B1Nc1/7R1/2BAKA3 w,0.020710183,4450
2baka1r1/9/4b4/p1p5p/4Pr3/2P6/P3R3P/4B1Nc1/7R1/2BAKA3 b,-0.004164088,3758
2baka1r1/9/4b4/p1p5p/4P4/2P6/P3R3P/4BrNc1/7R1/2BAKA3 w,0.019042253,5280
2baka1r1/9/4b4/p1p5p/4P4/2P6/P5R1P/4BrNc1/7R1/2BAKA3 b,-0.0067726853,2648
2baka1r1/9/4b4/p7p/2p1P4/2P6/P5R1P/4BrNc1/7R1/2BAKA3 w,0.022578979,4268
2baka1r1/9/4b4/p7p/2P1P4/9/P5R1P/4BrNc1/7R1/2BAKA3 b,-0.010461378,2018
2baka1r1/9/9/p7p/2b1P4/9/P5R1P/4BrNc1/7R1/2BAKA3 w,0.019012023,5451
2baka1r1/9/9/p7p/2b1P4/6R2/P7P/4BrNc1/7R1/2BAKA3 b,-0.009081113,6361
2baka1r1/9/9/p7p/2b1P4/6R2/P6cP/4BrN2/7R1/2BAKA3 w,0.025795508,6117
2baka1r1/9/9/p7p/2b1P4/6R2/P6cP/5rN2/7R1/2BAKAB2 b,-0.020092381,673
2baka3/9/9/p7p/2b1P2r1/6R2/P6cP/5rN2/7R1/2BAKAB2 w,0.025901152,6260
2baka3/9/9/p7p/2b1P2r1/5NR2/P6cP/5r3/7R1/2BAKAB2 b,-0.006416738,6179
2baka3/9/9/p7p/2b1P2r1/5NR2/P4r1cP/9/7R1/2BAKAB2 w,0.018425012,4533
2baka3/9/9/p5N1p/2b1P2r1/6R2/P4r1cP/9/7R1/2BAKAB2 b,-0.0061260583,463
2bak4/4a4/9/p5N1p/2b1P2r1/6R2/P4r1cP/9/7R1/2BAKAB2 w,0.015358949,2996
2bak4/4a4/8N/p7p/2b1P2r1/6R2/P4r1cP/9/7R1/2BAKAB2 b,-0.0019192457,3895
2bak4/4a4/7rN/p7p/2b1P4/6R2/P4r1cP/9/7R1/2BAKAB2 w,0.0052171946,4596
2bak1R2/4a4/7rN/p7p/2b1P4/9/P4r1cP/9/7R1/2BAKAB2 b,-0.0077899816,1175
2bakaR2/9/7rN/p7p/2b1P4/9/P4r1cP/9/7R1/2BAKAB2 w,0.016301084,2347
2bakaRN1/9/7r1/p7p/2b1P4/9/P4r1cP/9/7R1/2BAKAB2 b,0.012509513,3442
2bakaRN1/9/4b2r1/p7p/4P4/9/P4r1cP/9/7R1/2BAKAB2 w,0.0060357573,7188
2bakaRN1/9/4b2r1/p7p/4P4/9/P4r1cP/9/6R2/2BAKAB2 b,0.08460849,1986
2bakabN1/9/7r1/p7p/4P4/9/P4r1cP/9/6R2/2BAKAB2 w,-0.08200164,7026
2bakaRN1/9/7r1/p7p/4P4/9/P4r1cP/9/9/2BAKAB2 b,0.09588554,283
2b1kaRN1/4a4/7r1/p7p/4P4/9/P4r1cP/9/9/2BAKAB2 w,-0.09686198,654
2b1kaR2/4a4/6Nr1/p7p/4P4/9/P4r1cP/9/9/2BAKAB2 b,0.108824685,5368
2b1kaR2/4a4/6Nr1/p7p/4P4/9/P3r2cP/9/9/2BAKAB2 w,-0.10412439,7537
2b1kaR2/4a4/6Nr1/p7p/4P4/9/P3r2cP/4B4/9/3AKAB2 b,0.122940086,5260
2b1kaR2/4a4/6Nr1/p7p/4r4/9/P6cP/4B4/9/3AKAB2 w,-0.110557415,547
2b1ka1R1/4a4/6Nr1/p7p/4r4/9/P6cP/4B4/9/3AKAB2 b,0.10614071,2257
2b1ka1r1/4a4/6N2/p7p/4r4/9/P6cP/4B4/9/3AKAB2 w,-0.111037396,2167
2b1ka1N1/4a4/9/p7p/4r4/9/P6cP/4B4/9/3AKAB2 b,0.123080514,5578
2b1ka1N1/4a4/9/p7p/4r4/9/P7P/4B4/9/3AKABc1 w,-0.11625483,7726
2b1ka1N1/4a4/9/p7p/4r4/9/P7P/4B4/4K4/3A1ABc1 b,0.13210511,3622
2b1ka1N1/4a4/4r4/p7p/9/9/P7P/4B4/4K4/3A1ABc1 w,-0.1287476,644
2b1ka3/4aN3/4r4/p7p/9/9/P7P/4B4/4K4/3A1ABc1 b,0.13558184,2003
2b1ka3/4aN3/5r3/p7p/9/9/P7P/4B4/4K4/3A1ABc1 w,-0.12499368,1267
2b1ka1N1/4a4/5r3/p7p/9/9/P7P/4B4/4K4/3A1ABc1 b,0.13160978,8006
2b1ka1N1/4a4/5r3/p7p/9/9/P7P/4B4/4K4/3A1cB2 w,-0.12672184,5633
2b1ka1N1/4a4/5r3/p7p/9/8P/P8/4B4/4K4/3A1cB2 b,0.13426757,7790
2b1ka1N1/4a4/5r3/p7p/9/5c2P/P8/4B4/4K4/3A2B2 w,-0.13145603,6113
2b1ka1N1/4a4/5r3/p7p/9/5c2P/P8/9/4K4/2BA2B2 b,0.13074417,2090
2b1ka1N1/4a4/2r6/p7p/9/5c2P/P8/9/4K4/2BA2B2 w,-0.12817346,644
2b1ka3/4aN3/2r6/p7p/9/5c2P/P8/9/4K4/2BA2B2 b,0.12749937,1874
2b1ka3/4aN3/9/p7p/9/5c2P/P8/9/2r1K4/2BA2B2 w,-0.13153856,6925
2b1ka3/4aN3/9/p7p/9/5c2P/P8/9/2r6/2BAK1B2 b,0.13381214,6743
2b1ka3/4aN3/9/p7p/9/5c2P/P8/9/9/2rAK1B2 w,-0.13305967,1293
2b1ka3/4a4/9/p5N1p/9/5c2P/P8/9/9/2rAK1B2 b,0.14647333,4549
2b1ka3/4a4/9/p5N1p/9/4c3P/P8/9/9/2rAK1B2 w,-0.14397588,2996
2b1ka3/4a4/8N/p7p/9/4c3P/P8/9/9/2rAK1B2 b,0.13922091,7526
2b1ka3/4a4/8N/p7p/9/4c3P/P1r6/9/9/3AK1B2 w,-0.13992415,2355
2b1ka3/4a1N2/9/p7p/9/4c3P/P1r6/9/9/3AK1B2 b,0.14021921,363
2bk1a3/4a1N2/9/p7p/9/4c3P/P1r6/9/9/3AK1B2 w,-0.13650662,1382
2bk1a3/4a4/9/p4N2p/9/4c3P/P1r6/9/9/3AK1B2 b,0.13702603,5098
2bk1a3/4a4/9/p4N2p/9/4c3P/P3r4/9/9/3AK1B2 w,-0.1313952,7636
2bk1a3/4a4/9/p4N2p/9/4c3P/P3r4/9/4A4/4K1B2 b,0.14193046,4432
2bk1a3/4a4/4c4/p4N2p/9/8P/P3r4/9/4A4/4K1B2 w,-0.13298988,2919
2bk1a3/4a4/4c4/p7p/3N5/8P/P3r4/9/4A4/4K1B2 b,0.14061403,5274
2bk1a3/4a4/4c4/p7p/3N5/8P/r8/9/4A4/4K1B2 w,-0.12151426,3532
2bk1a3/4a4/4N4/p7p/9/8P/r8/9/4A4/4K1B2 b,0.12601267,202
3k1a3/4a4/4b4/p7p/9/8P/r8/9/4A4/4K1B2 w,-0.12354237,6906
3k1a3/4a4/4b4/p7p/9/8P/r8/3A5/9/4K1B2 b,0.13149789,4918
3k1a3/4a4/4b4/p7p/9/8P/4r4/3A5/9/4K1B2 w,-0.13770778,6016
3k1a3/4a4/4b4/p7p/9/8P/4r4/9/4A4/4K1B2 b,0.15014783,1982
2bk1a3/4a4/9/p7p/9/8P/4r4/9/4A4/4K1B2 w,-0.15342705,7897
2bk1a3/4a4/9/p7p/9/8P/4r4/4B4/4A4/4K4 b,0.17507699,5287
2bk1a3/4a4/9/p7p/9/8P/9/4r4/4A4/4K4 w,-0.18156725,7736
2bk1a3/4a4/9/p7p/9/8P/9/4r4/4A4/5K3 b,0.19854604,6106
2bk1a3/4a4/9/p7p/9/8P/9/9/4r4/5K3 w,-0.1979616,4814
2bk1a3/4a4/9/p7p/8P/9/9/9/4r4/5K3 b,0.2,3194
rnbakabnr/9/1c5c1/p1p1p1p1p/9/9/P1P1P1P1P/1C5C1/9/RNBAKABNR w,0.8018093,5827
rnbakabnr/9/1c5c1/p1p1p1p1p/9/9/P1P1P1P1P/4C2C1/9/RNBAKABNR b,-0.8017965,110
r1bakabnr/9/1cn4c1/p1p1p1p1p/9/9/P1P1P1P1P/4C2C1/9/RNBAKABNR w,0.80183583,7445
r1bakabnr/9/1cn4c1/p1p1p1p1p/9/9/P1P1P1P1P/2N1C2C1/9/R1BAKABNR b,-0.80183524,562
r1baka1nr/9/1cn1b2c1/p1p1p1p1p/9/9/P1P1P1P1P/2N1C2C1/9/R1BAKABNR w,0.801942,7372
r1baka1nr/9/1cn1b2c1/p1p1p1p1p/9/9/P1P1P1P1P/2N1C2C1/9/1RBAKABNR b,-0.80177104,1
1rbaka1nr/9/1cn1b2c1/p1p1p1p1p/9/9/P1P1P1P1P/2N1C2C1/9/1RBAKABNR w,0.8016866,6368
1rbaka1nr/9/1cn1b2c1/p1p1p1p1p/9/9/P1P1P1P1P/2N1CC3/9/1RBAKABNR b,-0.8012789,654
1rbaka2r/9/1cn1b1nc1/p1p1p1p1p/9/9/P1P1P1P1P/2N1CC3/9/1RBAKABNR w,0.8015824,7989
1rbaka2r/9/1cn1b1nc1/p1p1p1p1p/9/9/P1P1P1P1P/2N1CCN2/9/1RBAKAB1R b,-0.8015674,3012
1rbaka2r/9/1cn1b1nc1/p1p1p3p/6p2/9/P1P1P1P1P/2N1CCN2/9/1RBAKAB1R w,0.8018736,8098
1rbaka2r/9/1cn1b1nc1/p1p1p3p/6p2/9/P1P1P1P1P/2N1CCN2/9/1RBAKABR1 b,-0.8018928,727
1rbaka1r1/9/1cn1b1nc1/p1p1p3p/6p2/9/P1P1P1P1P/2N1CCN2/9/1RBAKABR1 w,0.80255455,5087
1rbaka1r1/9/1cn1b1nc1/p1p1p3p/6p2/2P6/P3P1P1P/2N1CCN2/9/1RBAKABR1 b,-0.8021549,1765
1rbaka1r1/9/2n1b1nc1/p1p1p3p/6p2/2P6/Pc2P1P1P/2N1CCN2/9/1RBAKABR1 w,0.80470604,5898
1rbaka1r1/9/2n1b1nc1/p1p1p3p/6p2/2PN5/Pc2P1P1P/4CCN2/9/1RBAKABR1 b,-0.8065378,2311
1rbaka1r1/9/2n1b1n2/p1p1p3p/6p2/2PN5/Pc2P1PcP/4CCN2/9/1RBAKABR1 w,0.8079075,6143
1rbaka1r1/9/2n1bCn2/p1p1p3p/6p2/2PN5/Pc2P1PcP/4C1N2/9/1RBAKABR1 b,-0.80890244,1986
1rbakabr1/9/2n2Cn2/p1p1p3p/6p2/2PN5/Pc2P1PcP/4C1N2/9/1RBAKABR1 w,0.8184994,4351
1rbakabr1/9/2n2Cn2/p1p1N3p/6p2/2P6/Pc2P1PcP/4C1N2/9/1RBAKABR1 b,-0.8047812,1831
1rbakabr1/9/5Cn2/p1p1n3p/6p2/2P6/Pc2P1PcP/4C1N2/9/1RBAKABR1 w,0.8049612,6061
1rbakabr1/9/5Cn2/p1p1C3p/6p2/2P6/Pc2P1PcP/6N2/9/1RBAKABR1 b,-0.79055715,109
2bakabr1/9/1r3Cn2/p1p1C3p/6p2/2P6/Pc2P1PcP/6N2/9/1RBAKABR1 w,0.8019639,2839
2bakabr1/9/1r3Cn2/p1p5p/6p2/2P1C4/Pc2P1PcP/6N2/9/1RBAKABR1 b,-0.79882264,1733
2bakabr1/9/5rn2/p1p5p/6p2/2P1C4/Pc2P1PcP/6N2/9/1RBAKABR1 w,0.80968934,7435
2bakabr1/9/5rn2/p1p5p/6p2/2P1C4/PR2P1PcP/6N2/9/2BAKABR1 b,-0.8070554,2201
2bakabr1/9/5r3/p1p5p/5np2/2P1C4/PR2P1PcP/6N2/9/2BAKABR1 w,0.8140585,4987
2bakabr1/9/5r3/p1p5p/1R3np2/2P1C4/P3P1PcP/6N2/9/2BAKABR1 b,-0.8084692,3750
2bakabr1/9/5r3/p1p5p/1R4p2/2P1C4/P3P1ncP/6N2/9/2BAKABR1 w,0.8188259,3372
2bakabr1/9/5r3/p1p5p/6R2/2P1C4/P3P1ncP/6N2/9/2BAKABR1 b,-0.8054496,5449
2bakabr1/9/5r3/p1p5p/6R2/2P1n4/P3P2cP/6N2/9/2BAKABR1 w,0.8058525,5269
2bakabr1/9/5r3/p1p5p/6R2/2P1P4/P6cP/6N2/9/2BAKABR1 b,-0.79940635,5560
2bakabr1/9/5r3/p1p5p/6R2/2P1P4/P7P/6Nc1/9/2BAKABR1 w,0.80968297,7999
2bakabr1/9/5r3/p1p5p/6R2/2P1P4/P7P/6Nc1/7R1/2BAKAB2 b,-0.79841197,2138
2bakabr1/9/9/p1p5p/6R2/2P1P4/P7P/5rNc1/7R1/2BAKAB2 w,0.806008,7186
2bakabr1/9/9/p1p5p/6R2/2P1P4/P7P/5rNc1/4R4/2BAKAB2 b,-0.79950875,562
2baka1r1/9/4b4/p1p5p/6R2/2P1P4/P7P/5rNc1/4R4/2BAKAB2 w,0.81115985,3813
2baka1r1/9/4b4/p1p3R1p/9/2P1P4/P7P/5rNc1/4R4/2BAKAB2 b,-0.80058694,691
2baka3/9/4b4/p1p3R1p/9/2P1P4/P6rP/5rNc1/4R4/2BAKAB2 w,0.81397766,4450
2baka3/9/4b4/p1p3R1p/4P4/2P6/P6rP/5rNc1/4R4/2BAKAB2 b,-0.8058347,5546
2baka3/9/4b4/p1p3R1p/4P4/2P6/P1r5P/5rNc1/4R4/2BAKAB2 w,0.827355,3631
2baka3/9/4b4/p1p1P1R1p/9/2P6/P1r5P/5rNc1/4R4/2BAKAB2 b,-0.8044432,5123
2baka3/9/4b4/p1p1P1R1p/9/2P6/P7P/5rNc1/4R4/2rAKAB2 w,0.8043595,2812
2baka3/9/4P4/p1p3R1p/9/2P6/P7P/5rNc1/4R4/2rAKAB2 b,-0.74777526,6186
2baka3/9/4P4/p1p3R1p/9/2P6/P7P/3r2Nc1/4R4/2rAKAB2 w,0.76021665,2003
2baka3/9/5P3/p1p3R1p/9/2P6/P7P/3r2Nc1/4R4/2rAKAB2 b,-0.824435,283
2b1ka3/4a4/5P3/p1p3R1p/9/2P6/P7P/3r2Nc1/4R4/2rAKAB2 w,0.8631691,6853
2b1ka3/4R4/5P3/p1p3R1p/9/2P6/P7P/3r2Nc1/9/2rAKAB2 b,-0.8698686,363
2bk1a3/4R4/5P3/p1p3R1p/9/2P6/P7P/3r2Nc1/9/2rAKAB2 w,0.87542576,7816
2bk1a3/4R4/5P3/p1p3R1p/9/2P6/P7P/3r2Nc1/4A4/2rAK1B2 b,-0.86025083,463
2bk5/4a4/5P3/p1p3R1p/9/2P6/P7P/3r2Nc1/4A4/2rAK1B2 w,0.8748253,6906
2bk5/4a4/5P3/p1p3R1p/9/2P6/P7P/3A2Nc1/9/2rAK1B2 b,-0.8663387,7517
2bk5/4a4/5P3/p1p3R1p/9/2r6/P7P/3A2Nc1/9/3AK1B2 w,0.8817265,3000
2bk5/4a4/5P3/p1pR4p/9/2r6/P7P/3A2Nc1/9/3AK1B2 b,-0.86874,274
2b1k4/4a4/5P3/p1pR4p/9/2r6/P7P/3A2Nc1/9/3AK1B2 w,0.87426335,2734
2b1k4/4a4/5P3/p1p4Rp/9/2r6/P7P/3A2Nc1/9/3AK1B2 b,-0.85757595,4279
2b1k4/4a4/5P3/p1p4Rp/9/4r4/P7P/3A2Nc1/9/3AK1B2 w,0.8584925,6016
2b1k4/4a4/5P3/p1p4Rp/9/4r4/P7P/6Nc1/4A4/3AK1B2 b,-0.8422687,1193
2b1k4/9/5a3/p1p4Rp/9/4r4/P7P/6Nc1/4A4/3AK1B2 w,0.85120165,3130
2b1k4/9/5a3/p1p5p/9/4r4/P7P/6NR1/4A4/3AK1B2 b,-0.8468465,4461
2b1k4/9/5a3/p1p5p/9/6r2/P7P/6NR1/4A4/3AK1B2 w,0.83672076,6307
2b1k2R1/9/5a3/p1p5p/9/6r2/P7P/6N2/4A4/3AK1B2 b,-0.83323735,373
2b4R1/4k4/5a3/p1p5p/9/6r2/P7P/6N2/4A4/3AK1B2 w,0.8564618,6296
2b4R1/4k4/5a3/p1p5p/9/6r2/P7P/9/4A4/3AKNB2 b,-0.86000115,4677
2b4R1/4k4/5a3/p1p5p/9/9/P7P/9/4A4/3AKNr2 w,0.8718003,632
2R6/4k4/5a3/p1p5p/9/9/P7P/9/4A4/3AKNr2 b,-0.88050264,7890
2R6/4k4/5a3/p1p5p/9/9/P5r1P/9/4A4/3AKN3 w,0.8764663,191
9/2R1k4/5a3/p1p5p/9/9/P5r1P/9/4A4/3AKN3 b,-0.8717501,1174
4k4/2R6/5a3/p1p5p/9/9/P5r1P/9/4A4/3AKN3 w,0.876717,1019
4k4/9/5a3/p1R5p/9/9/P5r1P/9/4A4/3AKN3 b,-0.8805488,5458
4k4/9/5a3/p1R5p/9/9/P3r3P/9/4A4/3AKN3 w,0.88424903,2630
4k4/9/2R2a3/p7p/9/9/P3r3P/9/4A4/3AKN3 b,-0.8822986,5282
4k4/9/2R2a3/p7p/9/9/P7r/9/4A4/3AKN3 w,0.8933449,1823
4k4/9/5R3/p7p/9/9/P7r/9/4A4/3AKN3 b,-0.89288485,5634
4k4/9/5R3/p7p/9/9/r8/9/4A4/3AKN3 w,0.89775926,2092
4k4/9/4R4/p7p/9/9/r8/9/4A4/3AKN3 b,-0.8992323,363
3k5/9/4R4/p7p/9/9/r8/9/4A4/3AKN3 w,0.8845579,2001
3k5/9/3R5/p7p/9/9/r8/9/4A4/3AKN3 b,-0.8844835,274
4k4/9/3R5/p7p/9/9/r8/9/4A4/3AKN3 w,0.8914563,7809
4k4/9/3R5/p7p/9/9/r8/6N2/4A4/3AK4 b,-0.87888175,4920
4k4/9/3R5/p7p/9/9/6r2/6N2/4A4/3AK4 w,0.8946803,1912
4k4/9/4R4/p7p/9/9/6r2/6N2/4A4/3AK4 b,-0.90011597,363
3k5/9/4R4/p7p/9/9/6r2/6N2/4A4/3AK4 w,0.90724725,6906
3k5/9/4R4/p7p/9/9/6r2/3A2N2/9/3AK4 b,-0.8872991,282
9/3k5/4R4/p7p/9/9/6r2/3A2N2/9/3AK4 w,0.896106,6268
9/3k5/4R4/p7p/9/9/4N1r2/3A5/9/3AK4 b,-0.90094763,5487
9/3k5/4R4/p7p/9/9/4N4/3A5/9/3AK1r2 w,0.9058227,7726
9/3k5/4R4/p7p/9/9/4N4/3A5/4K4/3A2r2 b,-0.89560103,7872
9/3k5/4R4/p7p/6r2/9/4N4/3A5/4K4/3A5 w,0.90496457,5267
9/3k5/4R4/p7p/6r2/2N6/9/3A5/4K4/3A5 b,-0.89868075,3818
9/3k5/4R4/p7p/2r6/2N6/9/3A5/4K4/3A5 w,0.9120874,1993
9/3kR4/9/p7p/2r6/2N6/9/3A5/4K4/3A5 b,-0.91860855,1083
3k5/4R4/9/p7p/2r6/2N6/9/3A5/4K4/3A5 w,0.9296678,4270
3k5/4R4/9/p7p/2r1N4/9/9/3A5/4K4/3A5 b,-0.9187026,3440
3k5/4R4/2r6/p7p/4N4/9/9/3A5/4K4/3A5 w,0.9300724,1201
3k5/9/2r6/p3R3p/4N4/9/9/3A5/4K4/3A5 b,-0.9164588,1874
3k5/9/9/p3R3p/4N4/9/9/3A5/2r1K4/3A5 w,0.9282533,6925
3k5/9/9/p3R3p/4N4/9/9/3A5/2r6/3AK4 b,-0.9274243,6735
3k5/9/9/p3R3p/4N4/9/9/3A5/3r5/3AK4 w,0.9353131,6016
3k5/9/9/p3R3p/4N4/9/9/9/3rA4/3AK4 b,-0.91846067,6789
3k5/9/9/p3R3p/3rN4/9/9/9/4A4/3AK4 w,0.92596775,3633
3k5/9/9/p3R1N1p/3r5/9/9/9/4A4/3AK4 b,-0.9225651,3194
3k5/9/9/p3R1N2/3r4p/9/9/9/4A4/3AK4 w,0.92927694,2817
3k5/9/9/R5N2/3r4p/9/9/9/4A4/3AK4 b,-0.914956,3585
3k5/9/9/R5N2/8p/9/9/9/3rA4/3AK4 w,0.93033266,2984
3k5/5N3/9/R8/8p/9/9/9/3rA4/3AK4 b,-0.9157901,274
4k4/5N3/9/R8/8p/9/9/9/3rA4/3AK4 w,0.9224735,2461
4k4/5N3/9/4R4/8p/9/9/9/3rA4/3AK4 b,-0.92316484,365
5k3/5N3/9/4R4/8p/9/9/9/3rA4/3AK4 w,0.9356141,1267
5k1N1/9/9/4R4/8p/9/9/9/3rA4/3AK4 b,-0.9412218,6762
5k1N1/3r5/9/4R4/8p/9/9/9/4A4/3AK4 w,0.973802,6908
5k1N1/3r5/9/4R4/8p/9/9/5A3/9/3AK4 b,-0.97030383,1164
5k1N1/9/9/4R4/8p/9/9/5A3/9/3rK4 w,0.9941179,7734
5k1N1/9/9/4R4/8p/9/9/5A3/9/3K5 b,-0.99385786,4013
5k1N1/9/9/4R4/9/8p/9/5A3/9/3K5 w,0.9952787,654
5k3/9/6N2/4R4/9/8p/9/5A3/9/3K5 b,-0.9955534,464
9/5k3/6N2/4R4/9/8p/9/5A3/9/3K5 w,1,2822
rnbakabnr/9/1c5c1/p1p1p1p1p/9/9/P1P1P1P1P/1C5C1/9/RNBAKABNR w,0.0017991782,5827
rnbakabnr/9/1c5c1/p1p1p1p1p/9/9/P1P1P1P1P/4C2C1/9/RNBAKABNR b,-0.0017805815,110
r1bakabnr/9/1cn4c1/p1p1p1p1p/9/9/P1P1P1P1P/4C2C1/9/RNBAKABNR w,0.0018314839,7445
r1bakabnr/9/1cn4c1/p1p1p1p1p/9/9/P1P1P1P1P/2N1C2C1/9/R1BAKABNR b,-0.0018352151,562
r1baka1nr/9/1cn1b2c1/p1p1p1p1p/9/9/P1P1P1P1P/2N1C2C1/9/R1BAKABNR w,0.0019465685,7372
r1baka1nr/9/1cn1b2c1/p1p1p1p1p/9/9/P1P1P1P1P/2N1C2C1/9/1RBAKABNR b,-0.0017736912,1
1rbaka1nr/9/1cn1b2c1/p1p1p1p1p/9/9/P1P1P1P1P/2N1C2C1/9/1RBAKABNR w,0.0016990424,6368
1rbaka1nr/9/1cn1b2c1/p1p1p1p1p/9/9/P1P1P1P1P/2N1CC3/9/1RBAKABNR b,-0.0012925625,654
1rbaka2r/9/1cn1b1nc1/p1p1p1p1p/9/9/P1P1P1P1P/2N1CC3/9/1RBAKABNR w,0.0016003847,7989
1rbaka2r/9/1cn1b1nc1/p1p1p1p1p/9/9/P1P1P1P1P/2N1CCN2/9/1RBAKAB1R b,-0.001368165,3012
1rbaka2r/9/1cn1b1nc1/p1p1p3p/6p2/9/P1P1P1P1P/2N1CCN2/9/1RBAKAB1R w,0.0018735885,8098
1rbaka2r/9/1cn1b1nc1/p1p1p3p/6p2/9/P1P1P1P1P/2N1CCN2/9/1RBAKABR1 b,-0.0020286203,727
1rbaka1r1/9/1cn1b1nc1/p1p1p3p/6p2/9/P1P1P1P1P/2N1CCN2/9/1RBAKABR1 w,0.002513051,5087
1rbaka1r1/9/1cn1b1nc1/p1p1p3p/6p2/2P6/P3P1P1P/2N1CCN2/9/1RBAKABR1 b,-0.0021298886,1765
1rbaka1r1/9/2n1b1nc1/p1p1p3p/6p2/2P6/Pc2P1P1P/2N1CCN2/9/1RBAKABR1 w,0.0047060014,5898
1rbaka1r1/9/2n1b1nc1/p1p1p3p/6p2/2PN5/Pc2P1P1P/4CCN2/9/1RBAKABR1 b,-0.0064264177,2311
1rbaka1r1/9/2n1b1n2/p1p1p3p/6p2/2PN5/Pc2P1PcP/4CCN2/9/1RBAKABR1 w,0.007931757,6143
1rbaka1r1/9/2n1bCn2/p1p1p3p/6p2/2PN5/Pc2P1PcP/4C1N2/9/1RBAKABR1 b,-0.008457172,1986
1rbakabr1/9/2n2Cn2/p1p1p3p/6p2/2PN5/Pc2P1PcP/4C1N2/9/1RBAKABR1 w,0.01849935,4351
1rbakabr1/9/2n2Cn2/p1p1N3p/6p2/2P6/Pc2P1PcP/4C1N2/9/1RBAKABR1 b,-0.0048104883,1831
1rbakabr1/9/5Cn2/p1p1n3p/6p2/2P6/Pc2P1PcP/4C1N2/9/1RBAKABR1 w,0.0049810647,6061
1rbakabr1/9/5Cn2/p1p1C3p/6p2/2P6/Pc2P1PcP/6N2/9/1RBAKABR1 b,0.009508371,109
2bakabr1/9/1r3Cn2/p1p1C3p/6p2/2P6/Pc2P1PcP/6N2/9/1RBAKABR1 w,0.0019112587,2839
2bakabr1/9/1r3Cn2/p1p5p/6p2/2P1C4/Pc2P1PcP/6N2/9/1RBAKABR1 b,0.001741457,1733
2bakabr1/9/5rn2/p1p5p/6p2/2P1C4/Pc2P1PcP/6N2/9/1RBAKABR1 w,0.009611654,7435
2bakabr1/9/5rn2/p1p5p/6p2/2P1C4/PR2P1PcP/6N2/9/2BAKABR1 b,-0.0059248093,2201
2bakabr1/9/5r3/p1p5p/5np2/2P1C4/PR2P1PcP/6N2/9/2BAKABR1 w,0.013608599,4987
2bakabr1/9/5r3/p1p5p/1R3np2/2P1C4/P3P1PcP/6N2/9/2BAKABR1 b,-0.008365214,3750
2bakabr1/9/5r3/p1p5p/1R4p2/2P1C4/P3P1ncP/6N2/9/2BAKABR1 w,0.0178432,3372
2bakabr1/9/5r3/p1p5p/6R2/2P1C4/P3P1ncP/6N2/9/2BAKABR1 b,-0.0054523586,5449
2bakabr1/9/5r3/p1p5p/6R2/2P1n4/P3P2cP/6N2/9/2BAKABR1 w,0.0057498217,5269
2bakabr1/9/5r3/p1p5p/6R2/2P1P4/P6cP/6N2/9/2BAKABR1 b,0.00059363846,5560
2bakabr1/9/5r3/p1p5p/6R2/2P1P4/P7P/6Nc1/9/2BAKABR1 w,0.008929133,7999
2bakabr1/9/5r3/p1p5p/6R2/2P1P4/P7P/6Nc1/7R1/2BAKAB2 b,0.0015275956,2138
2bakabr1/9/9/p1p5p/6R2/2P1P4/P7P/5rNc1/7R1/2BAKAB2 w,0.0005050421,3813
2bakabr1/9/9/p1p3R1p/9/2P1P4/P7P/5rNc1/7R1/2BAKAB2 b,-0.0033196926,6361
2bakabr1/9/9/p1p3R1p/9/2P1P4/P6cP/5rN2/7R1/2BAKAB2 w,0.022107815,4450
2bakabr1/9/9/p1p3R1p/4P4/2P6/P6cP/5rN2/7R1/2BAKAB2 b,-0.0019834638,646
2bakab2/7r1/9/p1p3R1p/4P4/2P6/P6cP/5rN2/7R1/2BAKAB2 w,0.03905792,2976
2bakaR2/7r1/9/p1p5p/4P4/2P6/P6cP/5rN2/7R1/2BAKAB2 b,-0.027116358,5560
2bakaR2/7r1/9/p1p5p/4P4/2P6/P7P/5rNc1/7R1/2BAKAB2 w,0.03457549,600
2baka3/7r1/9/p1p5p/4P4/2P6/P5R1P/5rNc1/7R1/2BAKAB2 b,-0.017365431,1492
2baka3/9/9/p1p5p/4P4/2P4r1/P5R1P/5rNc1/7R1/2BAKAB2 w,0.038114335,7636
2baka3/9/9/p1p5p/4P4/2P4r1/P5R1P/5rNc1/4A2R1/2B1KAB2 b,-0.016292144,6185
2baka3/9/9/p1p5p/4P4/2P4r1/P5R1P/2r3Nc1/4A2R1/2B1KAB2 w,0.029734826,6268
2baka3/9/9/p1p5p/4P4/2P4r1/P3N1R1P/2r4c1/4A2R1/2B1KAB2 b,-0.02238065,5933
2baka3/9/9/p1p5p/4P4/2P4r1/P3N1R1P/7c1/4A2R1/2r1KAB2 w,0.017013717,6924
2baka3/9/9/p1p5p/4P4/2P4r1/P3N1R1P/7c1/7R1/2rAKAB2 b,-0.005402136,7526
2baka3/9/9/p1p5p/4P4/2P4r1/P1r1N1R1P/7c1/7R1/3AKAB2 w,0.03593197,5261
2baka3/9/9/p1p5p/4PN3/2P4r1/P1r3R1P/7c1/7R1/3AKAB2 b,-0.020328093,5100
2baka3/9/9/p1p5p/4PN3/2P4r1/P5r1P/7c1/7R1/3AKAB2 w,0.02587688,3750
2baka3/9/9/p1p5p/4P4/2P4r1/P5N1P/7c1/7R1/3AKAB2 b,-0.008663977,4731
2baka3/9/9/p1p5p/4P4/2P3r2/P5N1P/7c1/7R1/3AKAB2 w,0.015177297,7180
2baka3/9/9/p1p5p/4P4/2P3r2/P5N1P/7R1/9/3AKAB2 b,-0.012421346,4650
2baka3/9/9/p1p5p/4P4/2P6/P5r1P/7R1/9/3AKAB2 w,0.019710088,6367
2baka3/9/9/p1p5p/4P4/2P6/P5r1P/4R4/9/3AKAB2 b,-0.012396968,5487
2baka3/9/9/p1p5p/4P4/2P6/P7P/4R4/9/3AKAr2 w,0.0141878845,3631
2baka3/9/9/p1p1P3p/9/2P6/P7P/4R4/9/3AKAr2 b,-0.008611679,7881
2baka3/9/9/p1p1P3p/9/2P3r2/P7P/4R4/9/3AKA3 w,0.013134814,6106
2baka3/9/9/p1p1P3p/9/2P3r2/P7P/9/4R4/3AKA3 b,-0.001004374,4637
2baka3/9/9/p1p1P3p/9/2r6/P7P/9/4R4/3AKA3 w,0.0020481825,2812
2baka3/9/4P4/p1p5p/9/2r6/P7P/9/4R4/3AKA3 b,0.00439322,202
3aka3/9/4b4/p1p5p/9/2r6/P7P/9/4R4/3AKA3 w,-0.0013288021,6862
3aka3/9/4R4/p1p5p/9/2r6/P7P/9/9/3AKA3 b,0.00007693768,463
3ak4/4a4/4R4/p1p5p/9/2r6/P7P/9/9/3AKA3 w,0.011459065,2005
3ak4/4a4/7R1/p1p5p/9/2r6/P7P/9/9/3AKA3 b,0.0051332475,4279
3ak4/4a4/7R1/p1p5p/9/4r4/P7P/9/9/3AKA3 w,-0.007987523,7636
3ak4/4a4/7R1/p1p5p/9/4r4/P7P/9/4A4/4KA3 b,0.011686659,1175
3aka3/9/7R1/p1p5p/9/4r4/P7P/9/4A4/4KA3 w,-0.0050383927,2284
3aka3/9/9/p1p4Rp/9/4r4/P7P/9/4A4/4KA3 b,0.007119179,2648
3aka3/9/9/p6Rp/2p6/4r4/P7P/9/4A4/4KA3 w,-0.007282567,3087
3aka3/9/9/R7p/2p6/4r4/P7P/9/4A4/4KA3 b,0.022126054,4456
3aka3/9/9/R7p/2p6/1r7/P7P/9/4A4/4KA3 w,0.0010432482,2461
3aka3/9/9/4R3p/2p6/1r7/P7P/9/4A4/4KA3 b,-0.0030126215,463
3ak4/4a4/9/4R3p/2p6/1r7/P7P/9/4A4/4KA3 w,0.0056113005,2825
3ak4/4a4/9/8R/2p6/1r7/P7P/9/4A4/4KA3 b,0.015362787,1175
3aka3/9/9/8R/2p6/1r7/P7P/9/4A4/4KA3 w,0.0023759366,3181
3aka3/9/9/4R4/2p6/1r7/P7P/9/4A4/4KA3 b,-0.0035358786,463
3ak4/4a4/9/4R4/2p6/1r7/P7P/9/4A4/4KA3 w,0.0049279216,6924
3ak4/4a4/9/4R4/2p6/1r7/P7P/9/9/3AKA3 b,-0.00002143383,4195
3ak4/4a4/9/4R4/2p6/9/Pr6P/9/9/3AKA3 w,0.022019267,2823
3ak4/4a4/9/6R2/2p6/9/Pr6P/9/9/3AKA3 b,0.0024071217,5008
3ak4/4a4/9/6R2/2p6/9/P3r3P/9/9/3AKA3 w,-0.0030350448,7636
3ak4/4a4/9/6R2/2p6/9/P3r3P/9/4A4/4KA3 b,0.003872466,5282
3ak4/4a4/9/6R2/2p6/9/P7r/9/4A4/4KA3 w,0.02070427,6924
3ak4/4a4/9/6R2/2p6/9/P7r/9/9/3AKA3 b,0.0045998576,5638
3ak4/4a4/9/6R2/2p6/9/P3r4/9/9/3AKA3 w,-0.003553152,7816
3ak4/4a4/9/6R2/2p6/9/P3r4/9/4A4/3AK4 b,0.0046757697,1191
3ak4/9/3a5/6R2/2p6/9/P3r4/9/4A4/3AK4 w,-0.0060524344,2976
3ak1R2/9/3a5/9/2p6/9/P3r4/9/4A4/3AK4 b,0.0056922673,373
3a2R2/4k4/3a5/9/2p6/9/P3r4/9/4A4/3AK4 w,0.0010736227,573
3a5/4k4/3a5/6R2/2p6/9/P3r4/9/4A4/3AK4 b,0.01663642,5282
3a5/4k4/3a5/6R2/2p6/9/P7r/9/4A4/3AK4 w,0.0032345057,3001
3a5/4k4/3a5/4R4/2p6/9/P7r/9/4A4/3AK4 b,-0.005426371,1184
3a5/5k3/3a5/4R4/2p6/9/P7r/9/4A4/3AK4 w,0.022669459,6906
3a5/5k3/3a5/4R4/2p6/9/P7r/3A5/9/3AK4 b,0.0057775737,283
9/4ak3/3a5/4R4/2p6/9/P7r/3A5/9/3AK4 w,-0.0048801065,2822
9/4ak3/3a5/5R3/2p6/9/P7r/3A5/9/3AK4 b,0.007549405,1193
9/5k3/3a1a3/5R3/2p6/9/P7r/3A5/9/3AK4 w,-0.00732646,4905
9/5k3/3a1a3/5R3/2p6/P8/8r/3A5/9/3AK4 b,0.017613674,5669
9/5k3/3a1a3/5R3/2p6/P8/9/3A5/9/3AK3r w,-0.015610874,7726
9/5k3/3a1a3/5R3/2p6/P8/9/3A5/4K4/3A4r b,0.020300603,8094
9/5k3/3a1a3/5R3/2p6/P8/9/3A5/4K4/3r5 w,-0.003121388,2910
9/5k3/3a1a3/3R5/2p6/P8/9/3A5/4K4/3r5 b,0.023813153,2083
9/4ak3/3a5/3R5/2p6/P8/9/3A5/4K4/3r5 w,-0.02106545,2732
9/4ak3/3a5/5R3/2p6/P8/9/3A5/4K4/3r5 b,0.014360428,1193
9/5k3/3a1a3/5R3/2p6/P8/9/3A5/4K4/3r5 w,0,2910
rnbakabnr/9/1c5c1/p1p1p1p1p/9/9/P1P1P1P1P/1C5C1/9/RNBAKABNR w,-0.79820085,5827
rnbakabnr/9/1c5c1/p1p1p1p1p/9/9/P1P1P1P1P/4C2C1/9/RNBAKABNR b,0.79823637,110
r1bakabnr/9/1cn4c1/p1p1p1p1p/9/9/P1P1P1P1P/4C2C1/9/RNBAKABNR w,-0.798183,7445
r1bakabnr/9/1cn4c1/p1p1p1p1p/9/9/P1P1P1P1P/2N1C2C1/9/R1BAKABNR b,0.7981594,562
r1baka1nr/9/1cn1b2c1/p1p1p1p1p/9/9/P1P1P1P1P/2N1C2C1/9/R1BAKABNR w,-0.79805803,7372
r1baka1nr/9/1cn1b2c1/p1p1p1p1p/9/9/P1P1P1P1P/2N1C2C1/9/1RBAKABNR b,0.7982161,1
1rbaka1nr/9/1cn1b2c1/p1p1p1p1p/9/9/P1P1P1P1P/2N1C2C1/9/1RBAKABNR w,-0.7983133,6368
1rbaka1nr/9/1cn1b2c1/p1p1p1p1p/9/9/P1P1P1P1P/2N1CC3/9/1RBAKABNR b,0.79872113,654
1rbaka2r/9/1cn1b1nc1/p1p1p1p1p/9/9/P1P1P1P1P/2N1CC3/9/1RBAKABNR w,-0.7983996,7989
1rbaka2r/9/1cn1b1nc1/p1p1p1p1p/9/9/P1P1P1P1P/2N1CCN2/9/1RBAKAB1R b,0.7986177,3012
1rbaka2r/9/1cn1b1nc1/p1p1p3p/6p2/9/P1P1P1P1P/2N1CCN2/9/1RBAKAB1R w,-0.79809916,8098
1rbaka2r/9/1cn1b1nc1/p1p1p3p/6p2/9/P1P1P1P1P/2N1CCN2/9/1RBAKABR1 b,0.79799503,727
1rbaka1r1/9/1cn1b1nc1/p1p1p3p/6p2/9/P1P1P1P1P/2N1CCN2/9/1RBAKABR1 w,-0.79748696,5087
1rbaka1r1/9/1cn1b1nc1/p1p1p3p/6p2/2P6/P3P1P1P/2N1CCN2/9/1RBAKABR1 b,0.7977844,1765
1rbaka1r1/9/2n1b1nc1/p1p1p3p/6p2/2P6/Pc2P1P1P/2N1CCN2/9/1RBAKABR1 w,-0.79479766,5898
1rbaka1r1/9/2n1b1nc1/p1p1p3p/6p2/2PN5/Pc2P1P1P/4CCN2/9/1RBAKABR1 b,0.7935297,2311
1rbaka1r1/9/2n1b1n2/p1p1p3p/6p2/2PN5/Pc2P1PcP/4CCN2/9/1RBAKABR1 w,-0.79207164,6143
1rbaka1r1/9/2n1bCn2/p1p1p3p/6p2/2PN5/Pc2P1PcP/4C1N2/9/1RBAKABR1 b,0.790961,1986
1rbakabr1/9/2n2Cn2/p1p1p3p/6p2/2PN5/Pc2P1PcP/4C1N2/9/1RBAKABR1 w,-0.78223366,4351
1rbakabr1/9/2n2Cn2/p1p1N3p/6p2/2P6/Pc2P1PcP/4C1N2/9/1RBAKABR1 b,0.795186,1831
1rbakabr1/9/5Cn2/p1p1n3p/6p2/2P6/Pc2P1PcP/4C1N2/9/1RBAKABR1 w,-0.79499507,6061
1rbakabr1/9/5Cn2/p1p1C3p/6p2/2P6/Pc2P1PcP/6N2/9/1RBAKABR1 b,0.8092765,109
2bakabr1/9/1r3Cn2/p1p1C3p/6p2/2P6/Pc2P1PcP/6N2/9/1RBAKABR1 w,-0.79821444,2839
2bakabr1/9/1r3Cn2/p1p5p/6p2/2P1C4/Pc2P1PcP/6N2/9/1RBAKABR1 b,0.8016352,1733
2bakabr1/9/5rn2/p1p5p/6p2/2P1C4/Pc2P1PcP/6N2/9/1RBAKABR1 w,-0.79035133,7435
2bakabr1/9/5rn2/p1p5p/6p2/2P1C4/PR2P1PcP/6N2/9/2BAKABR1 b,0.79297215,2201
2bakabr1/9/5r3/p1p5p/5np2/2P1C4/PR2P1PcP/6N2/9/2BAKABR1 w,-0.7858127,4987
2bakabr1/9/5r3/p1p5p/1R3np2/2P1C4/P3P1PcP/6N2/9/2BAKABR1 b,0.7917396,3750
2bakabr1/9/5r3/p1p5p/1R4p2/2P1C4/P3P1ncP/6N2/9/2BAKABR1 w,-0.7810825,3372
2bakabr1/9/5r3/p1p5p/6R2/2P1C4/P3P1ncP/6N2/9/2BAKABR1 b,0.79452896,5449
2bakabr1/9/5r3/p1p5p/6R2/2P1n4/P3P2cP/6N2/9/2BAKABR1 w,-0.7942502,5269
2bakabr1/9/5r3/p1p5p/6R2/2P1P4/P6cP/6N2/9/2BAKABR1 b,0.80047536,5560
2bakabr1/9/5r3/p1p5p/6R2/2P1P4/P7P/6Nc1/9/2BAKABR1 w,-0.7908734,7999
2bakabr1/9/5r3/p1p5p/6R2/2P1P4/P7P/6Nc1/7R1/2BAKAB2 b,0.8015276,2138
2bakabr1/9/9/p1p5p/6R2/2P1P4/P7P/5rNc1/7R1/2BAKAB2 w,-0.7898524,4450
2bakabr1/9/9/p1p5p/4P1R2/2P6/P7P/5rNc1/7R1/2BAKAB2 b,0.7959426,562
2baka1r1/9/4b4/p1p5p/4P1R2/2P6/P7P/5rNc1/7R1/2BAKAB2 w,-0.791105,3813
2baka1r1/9/4b4/p1p3R1p/4P4/2P6/P7P/5rNc1/7R1/2BAKAB2 b,0.7964079,691
2baka3/9/4b4/p1p3R1p/4P4/2P6/P6rP/5rNc1/7R1/2BAKAB2 w,-0.7868228,3631
2baka3/9/4b4/p1p1P1R1p/9/2P6/P6rP/5rNc1/7R1/2BAKAB2 b,0.78375506,5548
2baka3/9/4b4/p1p1P1R1p/9/2P6/P3r3P/5rNc1/7R1/2BAKAB2 w,-0.76777637,7186
2baka3/9/4b4/p1p1P1R1p/9/2P6/P3r3P/5rNc1/4R4/2BAKAB2 b,0.78078717,5296
2baka3/9/4b4/p1p1P1R1p/9/2P6/P7P/5rNc1/4r4/2BAKAB2 w,-0.7736498,7816
2baka3/9/4b4/p1p1P1R1p/9/2P6/P7P/5rNc1/4A4/2BAK1B2 b,0.7841017,6179
2baka3/9/4b4/p1p1P1R1p/9/2P6/P4r2P/6Nc1/4A4/2BAK1B2 w,-0.77858734,2812
2baka3/9/4P4/p1p3R1p/9/2P6/P4r2P/6Nc1/4A4/2BAK1B2 b,0.7872017,202
3aka3/9/4b4/p1p3R1p/9/2P6/P4r2P/6Nc1/4A4/2BAK1B2 w,-0.7784831,3004
3aka3/9/4b4/p1p4Rp/9/2P6/P4r2P/6Nc1/4A4/2BAK1B2 b,0.7937795,6361
3aka3/9/4b4/p1p4Rp/9/2P6/P4r1cP/6N2/4A4/2BAK1B2 w,-0.7892295,3091
3aka3/9/4b4/p1p1R3p/9/2P6/P4r1cP/6N2/4A4/2BAK1B2 b,0.7981725,5370
3aka3/9/4b4/p1p1R3p/9/2P6/P5rcP/6N2/4A4/2BAK1B2 w,-0.7998394,2812
3aka3/9/4R4/p1p5p/9/2P6/P5rcP/6N2/4A4/2BAK1B2 b,0.7990985,463
3ak4/4a4/4R4/p1p5p/9/2P6/P5rcP/6N2/4A4/2BAK1B2 w,-0.79325897,2005
3ak4/4a4/7R1/p1p5p/9/2P6/P5rcP/6N2/4A4/2BAK1B2 b,0.8047063,5544
3ak4/4a4/7R1/p1p5p/9/2P6/c5r1P/6N2/4A4/2BAK1B2 w,-0.79888016,2320
3ak4/4a4/9/p1p5p/9/2P6/c5r1P/6NR1/4A4/2BAK1B2 b,0.80749,1175
3aka3/9/9/p1p5p/9/2P6/c5r1P/6NR1/4A4/2BAK1B2 w,-0.7984758,7897
3aka3/9/9/p1p5p/9/2P6/c5r1P/4B1NR1/4A4/2BAK4 b,0.80247974,4896
3aka3/9/9/p1p5p/c8/2P6/6r1P/4B1NR1/4A4/2BAK4 w,-0.79723334,6296
3aka3/9/9/p1p5p/c8/2P6/6r1P/4B2R1/4A4/2BAKN3 b,0.79895324,5462
3aka3/9/9/p1p5p/c8/2P6/8r/4B2R1/4A4/2BAKN3 w,-0.793523,6334
3aka3/9/9/p1p4Rp/c8/2P6/8r/4B4/4A4/2BAKN3 b,0.79601806,5638
3aka3/9/9/p1p4Rp/c8/2P6/4r4/4B4/4A4/2BAKN3 w,-0.7922864,3089
3aka3/9/9/p1R5p/c8/2P6/4r4/4B4/4A4/2BAKN3 b,0.79419273,3280
3aka3/9/9/p1R5p/4c4/2P6/4r4/4B4/4A4/2BAKN3 w,-0.7825337,2641
3aka3/9/9/p3R3p/4c4/2P6/4r4/4B4/4A4/2BAKN3 b,0.77711976,283
4ka3/4a4/9/p3R3p/4c4/2P6/4r4/4B4/4A4/2BAKN3 w,-0.7676975,4268
4ka3/4a4/9/p3R3p/2P1c4/9/4r4/4B4/4A4/2BAKN3 b,0.8360444,3667
4ka3/4a4/9/p3R3p/2P6/9/4r4/4c4/4A4/2BAKN3 w,-0.8286942,7807
4ka3/4a4/9/p3R3p/2P6/9/4r4/4N4/4A4/2BAK4 b,0.8337469,5251
4ka3/4a4/9/p3r3p/2P6/9/9/4N4/4A4/2BAK4 w,-0.83159477,6078
4ka3/4a4/9/p3r3p/2P6/3N5/9/9/4A4/2BAK4 b,0.84082574,2830
4ka3/4a4/9/p7p/2P1r4/3N5/9/9/4A4/2BAK4 w,-0.831729,4375
4ka3/4a4/9/p7p/2P1r4/9/1N7/9/4A4/2BAK4 b,0.8498034,3194
4ka3/4a4/9/p8/2P1r3p/9/1N7/9/4A4/2BAK4 w,-0.8430174,3449
4ka3/4a4/9/p1P6/4r3p/9/1N7/9/4A4/2BAK4 b,0.84291965,3637
4ka3/4a4/9/p1P6/1r6p/9/1N7/9/4A4/2BAK4 w,-0.8349605,5016
4ka3/4a4/9/p1P6/1r6p/9/9/3N5/4A4/2BAK4 b,0.8309398,3368
4ka3/4a4/9/p1P6/2r5p/9/9/3N5/4A4/2BAK4 w,-0.8284259,2640
4ka3/4a4/9/p2P5/2r5p/9/9/3N5/4A4/2BAK4 b,0.83914375,3440
4ka3/4a4/2r6/p2P5/8p/9/9/3N5/4A4/2BAK4 w,-0.83664894,5989
4ka3/4a4/2r6/p2P5/8p/4N4/9/9/4A4/2BAK4 b,0.8375501,1883
4ka3/4a4/9/p2P5/8p/4N4/9/9/4A4/2rAK4 w,-0.8408009,4442
4ka3/4a4/9/p2P1N3/8p/9/9/9/4A4/2rAK4 b,0.86017805,7490
4ka3/4a4/2r6/p2P1N3/8p/9/9/9/4A4/3AK4 w,-0.8504654,2721
4ka3/4a4/2rP5/p4N3/8p/9/9/9/4A4/3AK4 b,0.8752661,1191
4ka3/9/2ra5/p4N3/8p/9/9/9/4A4/3AK4 w,-0.87014675,2905
4ka3/9/2ra3N1/p8/8p/9/9/9/4A4/3AK4 b,0.90220314,1829
4ka3/9/3a3N1/p1r6/8p/9/9/9/4A4/3AK4 w,-0.88566184,2258
4ka2N/9/3a5/p1r6/8p/9/9/9/4A4/3AK4 b,0.9194255,373
5a2N/4k4/3a5/p1r6/8p/9/9/9/4A4/3AK4 w,-0.91609937,7736
5a2N/4k4/3a5/p1r6/8p/9/9/9/4A4/3A1K3 b,0.9275603,2642
5a2N/4k4/3a5/p4r3/8p/9/9/9/4A4/3A1K3 w,-0.92616934,7825
5a2N/4k4/3a5/p4r3/8p/9/9/9/4A4/3AK4 b,0.9386369,2914
5a2N/4k4/3a5/p6r1/8p/9/9/9/4A4/3AK4 w,-0.9294325,7736
5a2N/4k4/3a5/p6r1/8p/9/9/9/4A4/3A1K3 b,0.93684703,3067
5a1rN/4k4/3a5/p8/8p/9/9/9/4A4/3A1K3 w,-0.9299358,7817
5a1rN/4k4/3a5/p8/8p/9/9/9/4AK3/3A5 b,0.9357104,638
5a2r/4k4/3a5/p8/8p/9/9/9/4AK3/3A5 w,-0.9357039,6908
5a2r/4k4/3a5/p8/8p/9/9/5A3/5K3/3A5 b,0.9461153,4013
5a2r/4k4/3a5/p8/9/8p/9/5A3/5K3/3A5 w,-0.9441363,7636
5a2r/4k4/3a5/p8/9/8p/9/5A3/4AK3/9 b,0.9488481,746
5a3/4k4/3a4r/p8/9/8p/9/5A3/4AK3/9 w,-0.9517328,7016
5a3/4k4/3a4r/p8/9/8p/9/5A3/4A4/5K3 b,0.9511951,4822
5a3/4k4/3a4r/p8/9/7p1/9/5A3/4A4/5K3 w,-0.94012135,6906
5a3/4k4/3a4r/p8/9/7p1/9/3A1A3/9/5K3 b,0.9508231,2363
5a3/4k4/3a1r3/p8/9/7p1/9/3A1A3/9/5K3 w,-0.9493213,6016
5a3/4k4/3a1r3/p8/9/7p1/9/5A3/4A4/5K3 b,0.95109636,4741
5a3/4k4/3a1r3/p8/9/9/7p1/5A3/4A4/5K3 w,-0.9480031,7825
5a3/4k4/3a1r3/p8/9/9/7p1/5A3/4A4/4K4 b,0.95182455,5550
5a3/4k4/3a1r3/p8/9/9/6p2/5A3/4A4/4K4 w,-0.9545376,7734
5a3/4k4/3a1r3/p8/9/9/6p2/5A3/4A4/3K5 b,0.9546211,5459
5a3/4k4/3a1r3/p8/9/9/5p3/5A3/4A4/3K5 w,-0.9627507,7635
5a3/4k4/3a1r3/p8/9/9/5p3/5A3/3KA4/9 b,0.9817309,5378
5a3/4k4/3a1r3/p8/9/9/9/5p3/3KA4/9 w,-0.9882275,6908
5a3/4k4/3a1r3/p8/9/9/9/5A3/3K5/9 b,0.99285126,2138
5a3/4k4/3a5/p8/9/9/9/5r3/3K5/9 w,-0.9933035,6834
5a3/4k4/3a5/p8/9/9/9/5r3/9/3K5 b,1,6186
rnbakabnr/9/1c5c1/p1p1p1p1p/9/9/P1P1P1P1P/1C5C1/9/RNBAKABNR w,0.00182724,5827
rnbakabnr/9/1c5c1/p1p1p1p1p/9/9/P1P1P1P1P/4C2C1/9/RNBAKABNR b,-0.0017668129,110
r1bakabnr/9/1cn4c1/p1p1p1p1p/9/9/P1P1P1P1P/4C2C1/9/RNBAKABNR w,0.0018176556,7445
r1bakabnr/9/1cn4c1/p1p1p1p1p/9/9/P1P1P1P1P/2N1C2C1/9/R1BAKABNR b,-0.0018106938,562
r1baka1nr/9/1cn1b2c1/p1p1p1p1p/9/9/P1P1P1P1P/2N1C2C1/9/R1BAKABNR w,0.0019307137,7372
r1baka1nr/9/1cn1b2c1/p1p1p1p1p/9/9/P1P1P1P1P/2N1C2C1/9/1RBAKABNR b,-0.0017663479,1
1rbaka1nr/9/1cn1b2c1/p1p1p1p1p/9/9/P1P1P1P1P/2N1C2C1/9/1RBAKABNR w,0.0017012835,6368
1rbaka1nr/9/1cn1b2c1/p1p1p1p1p/9/9/P1P1P1P1P/2N1CC3/9/1RBAKABNR b,-0.001266694,654
1rbaka2r/9/1cn1b1nc1/p1p1p1p1p/9/9/P1P1P1P1P/2N1CC3/9/1RBAKABNR w,0.0016003847,7989
1rbaka2r/9/1cn1b1nc1/p1p1p1p1p/9/9/P1P1P1P1P/2N1CCN2/9/1RBAKAB1R b,-0.0013483524,3012
1rbaka2r/9/1cn1b1nc1/p1p1p3p/6p2/9/P1P1P1P1P/2N1CCN2/9/1RBAKAB1R w,0.0018980503,8098
1rbaka2r/9/1cn1b1nc1/p1p1p3p/6p2/9/P1P1P1P1P/2N1CCN2/9/1RBAKABR1 b,-0.0020107627,727
1rbaka1r1/9/1cn1b1nc1/p1p1p3p/6p2/9/P1P1P1P1P/2N1CCN2/9/1RBAKABR1 w,0.002513051,5087
1rbaka1r1/9/1cn1b1nc1/p1p1p3p/6p2/2P6/P3P1P1P/2N1CCN2/9/1RBAKABR1 b,-0.0022131444,1765
1rbaka1r1/9/2n1b1nc1/p1p1p3p/6p2/2P6/Pc2P1P1P/2N1CCN2/9/1RBAKABR1 w,0.0047060014,5898
1rbaka1r1/9/2n1b1nc1/p1p1p3p/6p2/2PN5/Pc2P1P1P/4CCN2/9/1RBAKABR1 b,-0.0064264177,2311
1rbaka1r1/9/2n1b1n2/p1p1p3p/6p2/2PN5/Pc2P1PcP/4CCN2/9/1RBAKABR1 w,0.007886124,6143
1rbaka1r1/9/2n1bCn2/p1p1p3p/6p2/2PN5/Pc2P1PcP/4C1N2/9/1RBAKABR1 b,-0.008457172,1986
1rbakabr1/9/2n2Cn2/p1p1p3p/6p2/2PN5/Pc2P1PcP/4C1N2/9/1RBAKABR1 w,0.018145729,4351
1rbakabr1/9/2n2Cn2/p1p1N3p/6p2/2P6/Pc2P1PcP/4C1N2/9/1RBAKABR1 b,-0.0047811987,1831
1rbakabr1/9/5Cn2/p1p1n3p/6p2/2P6/Pc2P1PcP/4C1N2/9/1RBAKABR1 w,0.0051249745,6061
1rbakabr1/9/5Cn2/p1p1C3p/6p2/2P6/Pc2P1PcP/6N2/9/1RBAKABR1 b,0.009483027,109
2bakabr1/9/1r3Cn2/p1p1C3p/6p2/2P6/Pc2P1PcP/6N2/9/1RBAKABR1 w,0.0020567894,2839
2bakabr1/9/1r3Cn2/p1p5p/6p2/2P1C4/Pc2P1PcP/6N2/9/1RBAKABR1 b,0.0017753363,1733
2bakabr1/9/5rn2/p1p5p/6p2/2P1C4/Pc2P1PcP/6N2/9/1RBAKABR1 w,0.009631515,7435
2bakabr1/9/5rn2/p1p5p/6p2/2P1C4/PR2P1PcP/6N2/9/2BAKABR1 b,-0.007899261,2129
2bakabr1/9/6n2/p1p5p/6p2/2P1C4/PR2PrPcP/6N2/9/2BAKABR1 w,0.014972162,4987
2bakabr1/9/6n2/p1p5p/1R4p2/2P1C4/P3PrPcP/6N2/9/2BAKABR1 b,-0.0044656037,2201
2bakabr1/9/9/p1p5p/1R3np2/2P1C4/P3PrPcP/6N2/9/2BAKABR1 w,0.02197342,7897
2bakabr1/9/9/p1p5p/1R3np2/2P1C4/P3PrPcP/4B1N2/9/2BAKA1R1 b,-0.010123896,3748
2bakabr1/9/9/p1p5p/1R4p2/2P1C4/P3nrPcP/4B1N2/9/2BAKA1R1 w,0.026571989,7816
2bakabr1/9/9/p1p5p/1R4p2/2P1C4/P3nrPcP/4B1N2/4A4/2BAK2R1 b,-0.009910631,5370
2bakabr1/9/9/p1p5p/1R4p2/2P1C4/P3n1rcP/4B1N2/4A4/2BAK2R1 w,0.012486911,3370
2bakabr1/9/9/p1p5p/4R1p2/2P1C4/P3n1rcP/4B1N2/4A4/2BAK2R1 b,-0.009974468,562
2baka1r1/9/4b4/p1p5p/4R1p2/2P1C4/P3n1rcP/4B1N2/4A4/2BAK2R1 w,0.01412282,6268
2baka1r1/9/4b4/p1p5p/4R1p2/2P1C4/P3N1rcP/4B4/4A4/2BAK2R1 b,-0.004575932,5458
2baka1r1/9/4b4/p1p5p/4R1p2/2P1C4/P3r2cP/4B4/4A4/2BAK2R1 w,0.01857226,3622
2baka1r1/9/4R4/p1p5p/6p2/2P1C4/P3r2cP/4B4/4A4/2BAK2R1 b,-0.028443575,463
2bak2r1/4a4/4R4/p1p5p/6p2/2P1C4/P3r2cP/4B4/4A4/2BAK2R1 w,0.12043023,2005
2bak2r1/4a4/7R1/p1p5p/6p2/2P1C4/P3r2cP/4B4/4A4/2BAK2R1 b,-0.10739706,5269
2bak2r1/4a4/7R1/p1p5p/6p2/2P1r4/P6cP/4B4/4A4/2BAK2R1 w,0.11275299,2257
2bak2R1/4a4/9/p1p5p/6p2/2P1r4/P6cP/4B4/4A4/2BAK2R1 b,-0.11296711,1175
2baka1R1/9/9/p1p5p/6p2/2P1r4/P6cP/4B4/4A4/2BAK2R1 w,0.116673045,691
2baka3/9/9/p1p5p/6p2/2P1r4/P6RP/4B4/4A4/2BAK2R1 b,-0.11548986,4450
2baka3/9/9/p1p5p/4r1p2/2P6/P6RP/4B4/4A4/2BAK2R1 w,0.12118995,5524
2baka3/9/9/p1p4Rp/4r1p2/2P6/P7P/4B4/4A4/2BAK2R1 b,-0.11757483,2648
2baka3/9/9/p6Rp/2p1r1p2/2P6/P7P/4B4/4A4/2BAK2R1 w,0.120360754,4268
2baka3/9/9/p6Rp/2P1r1p2/9/P7P/4B4/4A4/2BAK2R1 b,-0.11867584,3638
2baka3/9/9/p6Rp/2r3p2/9/P7P/4B4/4A4/2BAK2R1 w,0.122315645,3091
2baka3/9/9/p3R3p/2r3p2/9/P7P/4B4/4A4/2BAK2R1 b,-0.11635988,283
2b1ka3/4a4/9/p3R3p/2r3p2/9/P7P/4B4/4A4/2BAK2R1 w,0.1232992,7927
2b1ka1R1/4a4/9/p3R3p/2r3p2/9/P7P/4B4/4A4/2BAK4 b,-0.114599936,2466
2b1ka1R1/4a4/9/4R3p/p1r3p2/9/P7P/4B4/4A4/2BAK4 w,0.12270584,691
2b1ka3/4a4/9/4R3p/p1r3p2/9/P6RP/4B4/4A4/2BAK4 b,-0.118746355,3440
2b1ka3/4a4/2r6/4R3p/p5p2/9/P6RP/4B4/4A4/2BAK4 w,0.12512985,5550
2b1ka3/4a4/2r6/4R3p/p5p2/9/P5R1P/4B4/4A4/2BAK4 b,-0.12164905,1825
2b1ka3/4a4/7r1/4R3p/p5p2/9/P5R1P/4B4/4A4/2BAK4 w,0.11921952,5442
2b1ka3/4a4/7r1/4R3p/p5R2/9/P7P/4B4/4A4/2BAK4 b,-0.12675591,2338
2b1ka3/4a4/9/4R3p/p5R2/9/P7P/4B4/4A4/2BAK2r1 w,0.13631308,6117
2b1ka3/4a4/9/4R3p/p5R2/9/P7P/9/4A4/2BAK1Br1 b,-0.13278204,8009
2b1ka3/4a4/9/4R3p/p5R2/9/P7P/9/4A4/2BAK1B1r w,0.14470534,3818
2b1ka3/4a4/9/4R3p/p1R6/9/P7P/9/4A4/2BAK1B1r b,-0.128819,198
4ka3/4a4/b8/4R3p/p1R6/9/P7P/9/4A4/2BAK1B1r w,0.13806581,3456
4ka3/4a4/b8/4R3p/R8/9/P7P/9/4A4/2BAK1B1r b,-0.13743131,8097
4ka3/4a4/b8/4R3p/R8/9/P7P/9/4A4/2BAK1r2 w,0.13927391,6926
4ka3/4a4/b8/4R3p/R8/9/P7P/9/9/2BAKAr2 b,-0.12925008,7854
4ka3/4a4/b5r2/4R3p/R8/9/P7P/9/9/2BAKA3 w,0.13492627,3277
4ka3/4a4/b5r2/4R3p/1R7/9/P7P/9/9/2BAKA3 b,-0.12866877,2180
4ka3/4a4/b1r6/4R3p/1R7/9/P7P/9/9/2BAKA3 w,0.12908791,3331
1R2ka3/4a4/b1r6/4R3p/9/9/P7P/9/9/2BAKA3 b,-0.12208474,1622
1Rb1ka3/4a4/2r6/4R3p/9/9/P7P/9/9/2BAKA3 w,0.1236038,7537
1Rb1ka3/4a4/2r6/4R3p/9/9/P7P/4B4/9/3AKA3 b,-0.117047384,1838
1Rb1ka3/4a4/9/4R3p/2r6/9/P7P/4B4/9/3AKA3 w,0.12697159,6117
1Rb1ka3/4a4/9/4R3p/2r6/9/P7P/9/9/3AKAB2 b,-0.12885277,3440
1Rb1ka3/4a4/2r6/4R3p/9/9/P7P/9/9/3AKAB2 w,0.13466804,90
R1b1ka3/4a4/2r6/4R3p/9/9/P7P/9/9/3AKAB2 b,-0.10310999,1883
R1b1ka3/4a4/9/4R3p/9/9/P7P/9/9/2rAKAB2 w,0.12673521,36
2b1ka3/4a4/9/4R3p/R8/9/P7P/9/9/2rAKAB2 b,-0.1267669,7517
2b1ka3/4a4/9/4R3p/R8/2r6/P7P/9/9/3AKAB2 w,0.12710743,7901
2b1ka3/4a4/9/4R3p/R8/2r6/P7P/8B/9/3AKA3 b,-0.11690028,4241
2b1ka3/2r1a4/9/4R3p/R8/9/P7P/8B/9/3AKA3 w,0.11845791,3267
2b1ka3/2r1a4/9/R3R3p/9/9/P7P/8B/9/3AKA3 b,-0.11130511,1073
2b1ka3/4a4/9/R3R3p/9/9/P7P/8B/9/2rAKA3 w,0.12853692,2475
2b1ka3/4a4/9/4R3p/9/R8/P7P/8B/9/2rAKA3 b,-0.12029501,7508
2b1ka3/4a4/9/4R3p/2r6/R8/P7P/8B/9/3AKA3 w,0.12630275,6477
2b1ka3/4a4/9/4R3p/2r6/R8/P7P/9/9/3AKAB2 b,-0.118938565,3440
2b1ka3/4a4/2r6/4R3p/9/R8/P7P/9/9/3AKAB2 w,0.1290787,4099
2b1ka3/4a4/2r6/4R3p/9/4R4/P7P/9/9/3AKAB2 b,-0.11856788,1822
2b1ka3/4a4/4r4/4R3p/9/4R4/P7P/9/9/3AKAB2 w,0.1277852,2812
2b1ka3/4a4/4R4/8p/9/4R4/P7P/9/9/3AKAB2 b,-0.12420529,202
4ka3/4a4/4b4/8p/9/4R4/P7P/9/9/3AKAB2 w,0.13065194,4432
4ka3/4a4/4R4/8p/9/9/P7P/9/9/3AKAB2 b,-0.13296133,363
3k1a3/4a4/4R4/8p/9/9/P7P/9/9/3AKAB2 w,0.14134042,2011
3k1a3/4a4/9/4R3p/9/9/P7P/9/9/3AKAB2 b,-0.1360632,3194
3k1a3/4a4/9/4R4/8p/9/P7P/9/9/3AKAB2 w,0.14682722,2830
3k1a3/4a4/9/9/4R3p/9/P7P/9/9/3AKAB2 b,-0.13712369,1191
3k1a3/9/3a5/9/4R3p/9/P7P/9/9/3AKAB2 w,0.14202042,3644
3k1a3/9/3a5/9/8R/9/P7P/9/9/3AKAB2 b,-0.13449016,463
3k5/4a4/3a5/9/8R/9/P7P/9/9/3AKAB2 w,0.14747076,4013
3k5/4a4/3a5/9/9/8R/P7P/9/9/3AKAB2 b,-0.13243888,282
9/3ka4/3a5/9/9/8R/P7P/9/9/3AKAB2 w,0.13818555,4905
9/3ka4/3a5/9/9/P7R/8P/9/9/3AKAB2 b,-0.13465448,1193
9/3k5/3a1a3/9/9/P7R/8P/9/9/3AKAB2 w,0.14200452,4086
9/3k5/3a1a3/9/P8/8R/8P/9/9/3AKAB2 b,-0.13930024,2083
9/3ka4/3a5/9/P8/8R/8P/9/9/3AKAB2 w,0.14524288,3267
9/3ka4/3a5/P8/9/8R/8P/9/9/3AKAB2 b,-0.14547877,1175
5a3/3k5/3a5/P8/9/8R/8P/9/9/3AKAB2 w,0.1454238,4787
5a3/3k4R/3a5/P8/9/9/8P/9/9/3AKAB2 b,-0.14291285,1083
3k1a3/8R/3a5/P8/9/9/8P/9/9/3AKAB2 w,0.1510642,1544
3k1a3/5R3/3a5/P8/9/9/8P/9/9/3AKAB2 b,-0.15195528,463
3k5/4aR3/3a5/P8/9/9/8P/9/9/3AKAB2 w,0.15994532,2458
3k5/4aR3/3a5/1P7/9/9/8P/9/9/3AKAB2 b,-0.15659185,274
4k4/4aR3/3a5/1P7/9/9/8P/9/9/3AKAB2 w,0.16321121,2549
4k4/4aR3/3a5/2P6/9/9/8P/9/9/3AKAB2 b,-0.16825637,363
3k5/4aR3/3a5/2P6/9/9/8P/9/9/3AKAB2 w,0.17148614,2630
3k5/4aR3/2Pa5/9/9/9/8P/9/9/3AKAB2 b,-0.17372376,274
4k4/4aR3/2Pa5/9/9/9/8P/9/9/3AKAB2 w,0.19313474,1821
4k4/4aR3/3P5/9/9/9/8P/9/9/3AKAB2 b,-0.19440252,363
3k5/4aR3/3P5/9/9/9/8P/9/9/3AKAB2 w,0.2,1273
rnbakabnr/9/1c5c1/p1p1p1p1p/9/9/P1P1P1P1P/1C5C1/9/RNBAKABNR w,-0.7981728,5827
rnbakabnr/9/1c5c1/p1p1p1p1p/9/9/P1P1P1P1P/4C2C1/9/RNBAKABNR b,0.7982035,110
r1bakabnr/9/1cn4c1/p1p1p1p1p/9/9/P1P1P1P1P/4C2C1/9/RNBAKABNR w,-0.79817957,7445
r1bakabnr/9/1cn4c1/p1p1p1p1p/9/9/P1P1P1P1P/2N1C2C1/9/R1BAKABNR b,0.79817766,562
r1baka1nr/9/1cn1b2c1/p1p1p1p1p/9/9/P1P1P1P1P/2N1C2C1/9/R1BAKABNR w,-0.79805803,7372
r1baka1nr/9/1cn1b2c1/p1p1p1p1p/9/9/P1P1P1P1P/2N1C2C1/9/1RBAKABNR b,0.7982326,1
1rbaka1nr/9/1cn1b2c1/p1p1p1p1p/9/9/P1P1P1P1P/2N1C2C1/9/1RBAKABNR w,-0.79828364,6368
1rbaka1nr/9/1cn1b2c1/p1p1p1p1p/9/9/P1P1P1P1P/2N1CC3/9/1RBAKABNR b,0.79872394,654
1rbaka2r/9/1cn1b1nc1/p1p1p1p1p/9/9/P1P1P1P1P/2N1CC3/9/1RBAKABNR w,-0.7984249,7989
1rbaka2r/9/1cn1b1nc1/p1p1p1p1p/9/9/P1P1P1P1P/2N1CCN2/9/1RBAKAB1R b,0.7986271,3012
1rbaka2r/9/1cn1b1nc1/p1p1p3p/6p2/9/P1P1P1P1P/2N1CCN2/9/1RBAKAB1R w,-0.7981264,8098
1rbaka2r/9/1cn1b1nc1/p1p1p3p/6p2/9/P1P1P1P1P/2N1CCN2/9/1RBAKABR1 b,0.79799503,727
1rbaka1r1/9/1cn1b1nc1/p1p1p3p/6p2/9/P1P1P1P1P/2N1CCN2/9/1RBAKABR1 w,-0.79748243,5087
1rbaka1r1/9/1cn1b1nc1/p1p1p3p/6p2/2P6/P3P1P1P/2N1CCN2/9/1RBAKABR1 b,0.7978162,1765
1rbaka1r1/9/2n1b1nc1/p1p1p3p/6p2/2P6/Pc2P1P1P/2N1CCN2/9/1RBAKABR1 w,-0.79475015,5898
1rbaka1r1/9/2n1b1nc1/p1p1p3p/6p2/2PN5/Pc2P1P1P/4CCN2/9/1RBAKABR1 b,0.7935736,2311
1rbaka1r1/9/2n1b1n2/p1p1p3p/6p2/2PN5/Pc2P1PcP/4CCN2/9/1RBAKABR1 w,-0.7921139,6143
1rbaka1r1/9/2n1bCn2/p1p1p3p/6p2/2PN5/Pc2P1PcP/4C1N2/9/1RBAKABR1 b,0.79172003,1986
1rbakabr1/9/2n2Cn2/p1p1p3p/6p2/2PN5/Pc2P1PcP/4C1N2/9/1RBAKABR1 w,-0.78244895,4351
1rbakabr1/9/2n2Cn2/p1p1N3p/6p2/2P6/Pc2P1PcP/4C1N2/9/1RBAKABR1 b,0.7952317,1831
1rbakabr1/9/5Cn2/p1p1n3p/6p2/2P6/Pc2P1PcP/4C1N2/9/1RBAKABR1 w,-0.7947467,6061
1rbakabr1/9/5Cn2/p1p1C3p/6p2/2P6/Pc2P1PcP/6N2/9/1RBAKABR1 b,0.8092765,109
2bakabr1/9/1r3Cn2/p1p1C3p/6p2/2P6/Pc2P1PcP/6N2/9/1RBAKABR1 w,-0.7980361,2839
2bakabr1/9/1r3Cn2/p1p5p/6p2/2P1C4/Pc2P1PcP/6N2/9/1RBAKABR1 b,0.8013399,1733
2bakabr1/9/5rn2/p1p5p/6p2/2P1C4/Pc2P1PcP/6N2/9/1RBAKABR1 w,-0.7903685,7435
2bakabr1/9/5rn2/p1p5p/6p2/2P1C4/PR2P1PcP/6N2/9/2BAKABR1 b,0.79350066,2201
2bakabr1/9/5r3/p1p5p/5np2/2P1C4/PR2P1PcP/6N2/9/2BAKABR1 w,-0.78639144,4987
2bakabr1/9/5r3/p1p5p/1R3np2/2P1C4/P3P1PcP/6N2/9/2BAKABR1 b,0.7915646,3750
2bakabr1/9/5r3/p1p5p/1R4p2/2P1C4/P3P1ncP/6N2/9/2BAKABR1 w,-0.779877,3372
2bakabr1/9/5r3/p1p5p/6R2/2P1C4/P3P1ncP/6N2/9/2BAKABR1 b,0.7945152,5449
2bakabr1/9/5r3/p1p5p/6R2/2P1n4/P3P2cP/6N2/9/2BAKABR1 w,-0.7941656,5269
2bakabr1/9/5r3/p1p5p/6R2/2P1P4/P6cP/6N2/9/2BAKABR1 b,0.8004104,5560
2bakabr1/9/5r3/p1p5p/6R2/2P1P4/P7P/6Nc1/9/2BAKABR1 w,-0.79067343,7999
2bakabr1/9/5r3/p1p5p/6R2/2P1P4/P7P/6Nc1/7R1/2BAKAB2 b,0.8015276,2138
2bakabr1/9/9/p1p5p/6R2/2P1P4/P7P/5rNc1/7R1/2BAKAB2 w,-0.78747755,3795
2bakabr1/6R2/9/p1p5p/9/2P1P4/P7P/5rNc1/7R1/2BAKAB2 b,0.8067017,562
2baka1r1/6R2/4b4/p1p5p/9/2P1P4/P7P/5rNc1/7R1/2BAKAB2 w,-0.7866959,7897
2baka1r1/6R2/4b4/p1p5p/9/2P1P4/P7P/4BrNc1/7R1/2BAKA3 b,0.801772,691
2baka3/6R2/4b4/p1p5p/9/2P1P4/P6rP/4BrNc1/7R1/2BAKA3 w,-0.7795163,7816
2baka3/6R2/4b4/p1p5p/9/2P1P4/P6rP/4BrNc1/4A2R1/2BAK4 b,0.7966409,6179
2baka3/6R2/4b4/p1p5p/9/2P1P4/P4r1rP/4B1Nc1/4A2R1/2BAK4 w,-0.79308254,1383
2baka3/9/4b4/p1p3R1p/9/2P1P4/P4r1rP/4B1Nc1/4A2R1/2BAK4 b,0.84282076,6367
2baka3/9/4b4/p1p3R1p/9/2P1P4/P4r1rP/4c1N2/4A2R1/2BAK4 w,-0.83889526,7537
2baka3/9/4b4/p1p3R1p/9/2P1P4/P4r1rP/4B1N2/4A2R1/3AK4 b,0.845295,5569
2baka3/9/4b4/p1p3R1p/9/2P1P4/P4r2P/4B1N2/4A2r1/3AK4 w,-0.8444893,2999
2baka3/9/4b4/p1R5p/9/2P1P4/P4r2P/4B1N2/4A2r1/3AK4 b,0.8533415,7188
2baka3/9/4b4/p1R5p/9/2P1P4/P4r2P/4B1N2/4A1r2/3AK4 w,-0.84318846,2643
2baka3/9/4b4/p5R1p/9/2P1P4/P4r2P/4B1N2/4A1r2/3AK4 b,0.85002345,5371
2baka3/9/4b4/p5R1p/9/2P1P4/P6rP/4B1N2/4A1r2/3AK4 w,-0.84924453,6260
2baka3/9/4b4/p5R1p/9/2P1PN3/P6rP/4B4/4A1r2/3AK4 b,0.85080063,5578
2baka3/9/4b4/p5R1p/9/2P1PN3/P7P/4B4/4A1r2/3AK2r1 w,-0.8460279,6926
2baka3/9/4b4/p5R1p/9/2P1PN3/P7P/4B4/6r2/3AKA1r1 b,0.8549054,7097
2baka3/9/4b4/p5R1p/9/2P1PN3/P7P/4B4/5r3/3AKA1r1 w,-0.83810496,4569
2baka3/9/4b4/p5R1p/9/2P1P4/P7P/4B1N2/5r3/3AKA1r1 b,0.84846294,7981
2baka3/9/4b4/p5R1p/9/2P1P4/P6rP/4B1N2/5r3/3AKA3 w,-0.8308373,7816
2baka3/9/4b4/p5R1p/9/2P1P4/P6rP/4B1N2/4Ar3/3AK4 b,0.840162,5560
2baka3/9/4b4/p5R1p/9/2P1P4/P7P/4B1Nr1/4Ar3/3AK4 w,-0.8306387,4450
2baka3/9/4b4/p5R1p/4P4/2P6/P7P/4B1Nr1/4Ar3/3AK4 b,0.8656425,7008
2baka3/9/4b4/p5R1p/4P4/2P6/P7P/4B1Nr1/4A1r2/3AK4 w,-0.852075,6260
2baka3/9/4b4/p5R1p/4P4/2P2N3/P7P/4B2r1/4A1r2/3AK4 b,0.84540635,7053
2baka3/9/4b4/p5r1p/4P4/2P2N3/P7P/4B2r1/4A4/3AK4 w,-0.84089977,4533
2baka3/9/4b4/p5N1p/4P4/2P6/P7P/4B2r1/4A4/3AK4 b,0.8492828,6367
2baka3/9/4b4/p5N1p/4P4/2P6/P7P/4r4/4A4/3AK4 w,-0.8517619,2996
2baka3/9/4b3N/p7p/4P4/2P6/P7P/4r4/4A4/3AK4 b,0.86338043,6099
2baka3/9/4b3N/p7p/4P4/2P6/P7P/6r2/4A4/3AK4 w,-0.8530691,3631
2baka3/9/4b3N/p3P3p/9/2P6/P7P/6r2/4A4/3AK4 b,0.89163214,1986
2bakab2/9/8N/p3P3p/9/2P6/P7P/6r2/4A4/3AK4 w,-0.8781444,2347
2bakabN1/9/9/p3P3p/9/2P6/P7P/6r2/4A4/3AK4 b,0.88151056,6297
2bakabN1/9/9/p3P3p/9/2P6/P7P/9/4A4/3AK1r2 w,-0.88611066,6926
2bakabN1/9/9/p3P3p/9/2P6/P7P/9/9/3AKAr2 b,0.8975061,7863
2bakabN1/9/9/p3P1r1p/9/2P6/P7P/9/9/3AKA3 w,-0.8942865,2812
2bakabN1/9/4P4/p5r1p/9/2P6/P7P/9/9/3AKA3 b,0.9028556,3001
2bakabN1/9/4P4/p3r3p/9/2P6/P7P/9/9/3AKA3 w,-0.8984752,7636
2bakabN1/9/4P4/p3r3p/9/2P6/P7P/9/4A4/4KA3 b,0.9077977,2812
2bakabN1/9/4r4/p7p/9/2P6/P7P/9/4A4/4KA3 w,-0.9138614,4268
2bakabN1/9/4r4/p7p/2P6/9/P7P/9/4A4/4KA3 b,0.91562146,2000
2bakabN1/9/2r6/p7p/2P6/9/P7P/9/4A4/4KA3 w,-0.9032895,7734
2bakabN1/9/2r6/p7p/2P6/9/P7P/9/4A4/3K1A3 b,0.89913154,1838
2bakabN1/9/9/p7p/2r6/9/P7P/9/4A4/3K1A3 w,-0.90057504,654
2bakab2/9/6N2/p7p/2r6/9/P7P/9/4A4/3K1A3 b,0.902873,3503
2bakab2/9/6N2/p7p/9/9/P7P/9/4A4/2rK1A3 w,-0.8980513,7635
2bakab2/9/6N2/p7p/9/9/P7P/9/3KA4/2r2A3 b,0.8964883,7544
2bakab2/9/6N2/p7p/9/9/P7P/9/2rKA4/5A3 w,-0.88854766,6834
2bakab2/9/6N2/p7p/9/9/P7P/9/2r1A4/3K1A3 b,0.8930905,6716
2bakab2/9/6N2/p7p/9/9/P1r5P/9/4A4/3K1A3 w,-0.88553774,2195
2bakab2/9/9/p7N/9/9/P1r5P/9/4A4/3K1A3 b,0.8871552,5097
2bakab2/9/9/p7N/9/9/P2r4P/9/4A4/3K1A3 w,-0.89313173,7645
2bakab2/9/9/p7N/9/9/P2r4P/9/4A4/4KA3 b,0.9085676,5184
2bakab2/9/9/p7N/9/9/r7P/9/4A4/4KA3 w,-0.8883088,7734
2bakab2/9/9/p7N/9/9/r7P/9/4A4/3K1A3 b,0.8904835,4917
2bakab2/9/9/p7N/9/9/3r4P/9/4A4/3K1A3 w,-0.8814828,7645
2bakab2/9/9/p7N/9/9/3r4P/9/4A4/4KA3 b,0.8827374,5192
2bakab2/9/9/p7N/9/9/8r/9/4A4/4KA3 w,-0.8854565,3192
2bakab2/9/9/p8/6N2/9/8r/9/4A4/4KA3 b,0.89210194,5606
2bakab2/9/8r/p8/6N2/9/9/9/4A4/4KA3 w,-0.8911893,3829
2bakab2/9/8r/p8/9/4N4/9/9/4A4/4KA3 b,0.89015776,2362
2bakab2/9/4r4/p8/9/4N4/9/9/4A4/4KA3 w,-0.8859743,4440
2bakab2/9/4r4/p2N5/9/9/9/9/4A4/4KA3 b,0.92565536,2000
2bakab2/9/2r6/p2N5/9/9/9/9/4A4/4KA3 w,-0.9201715,7734
2bakab2/9/2r6/p2N5/9/9/9/9/4A4/3K1A3 b,0.9309369,1821
2bakab2/9/3r5/p2N5/9/9/9/9/4A4/3K1A3 w,-0.9273098,6906
2bakab2/9/3r5/p2N5/9/9/9/3A5/9/3K1A3 b,0.9320759,1920
2bakab2/9/9/p2r5/9/9/9/3A5/9/3K1A3 w,-0.9310627,7816
2bakab2/9/9/p2r5/9/9/9/3A5/4A4/3K5 b,0.93550116,2466
2bakab2/9/9/3r5/p8/9/9/3A5/4A4/3K5 w,-0.93041587,7645
2bakab2/9/9/3r5/p8/9/9/3A5/4A4/4K4 b,0.9346323,3285
2bakab2/9/9/3r5/9/p8/9/3A5/4A4/4K4 w,-0.9324512,7736
2bakab2/9/9/3r5/9/p8/9/3A5/4A4/5K3 b,0.9369961,4096
2bakab2/9/9/3r5/9/1p7/9/3A5/4A4/5K3 w,-0.93030536,7825
2bakab2/9/9/3r5/9/1p7/9/3A5/4A4/4K4 b,0.9408126,4195
2bakab2/9/9/3r5/9/9/1p7/3A5/4A4/4K4 w,-0.9449897,7736
2bakab2/9/9/3r5/9/9/1p7/3A5/4A4/5K3 b,0.9493554,5006
2bakab2/9/9/3r5/9/9/2p6/3A5/4A4/5K3 w,-0.92855096,7817
2bakab2/9/9/3r5/9/9/2p6/3A5/4AK3/9 b,0.93592286,2732
2bakab2/9/9/5r3/9/9/2p6/3A5/4AK3/9 w,-0.9389436,6908
2bakab2/9/9/5r3/9/9/2p6/3A1A3/5K3/9 b,0.94191736,5097
2bakab2/9/9/5r3/9/9/3p5/3A1A3/5K3/9 w,-0.9430578,6016
2bakab2/9/9/5r3/9/9/3p5/5A3/4AK3/9 b,0.952108,2939
2bakab2/9/9/9/9/9/3p1r3/5A3/4AK3/9 w,-0.9563469,7016
2bakab2/9/9/9/9/9/3p1r3/5A3/4A4/5K3 b,0.9636413,5188
2bakab2/9/9/9/9/9/4pr3/5A3/4A4/5K3 w,-0.96723914,7825
2bakab2/9/9/9/9/9/4pr3/5A3/4A4/4K4 b,0.97741735,5287
2bakab2/9/9/9/9/9/5r3/4pA3/4A4/4K4 w,-0.9722837,7734
2bakab2/9/9/9/9/9/5r3/4pA3/4A4/3K5 b,0.98804235,6098
2bakab2/9/9/9/9/9/5r3/5p3/4A4/3K5 w,-0.9917474,6908
2bakab2/9/9/9/9/9/5r3/5A3/9/3K5 b,1,5367
rnbakabnr/9/1c5c1/p1p1p1p1p/9/9/P1P1P1P1P/1C5C1/9/RNBAKABNR w,0.8018177,5827
rnbakabnr/9/1c5c1/p1p1p1p1p/9/9/P1P1P1P1P/4C2C1/9/RNBAKABNR b,-0.8017668,110
r1bakabnr/9/1cn4c1/p1p1p1p1p/9/9/P1P1P1P1P/4C2C1/9/RNBAKABNR w,0.801817,7445
r1bakabnr/9/1cn4c1/p1p1p1p1p/9/9/P1P1P1P1P/2N1C2C1/9/R1BAKABNR b,-0.8018406,562
r1baka1nr/9/1cn1b2c1/p1p1p1p1p/9/9/P1P1P1P1P/2N1C2C1/9/R1BAKABNR w,0.8019352,7372
r1baka1nr/9/1cn1b2c1/p1p1p1p1p/9/9/P1P1P1P1P/2N1C2C1/9/1RBAKABNR b,-0.8017725,1
1rbaka1nr/9/1cn1b2c1/p1p1p1p1p/9/9/P1P1P1P1P/2N1C2C1/9/1RBAKABNR w,0.8017126,6368
1rbaka1nr/9/1cn1b2c1/p1p1p1p1p/9/9/P1P1P1P1P/2N1CC3/9/1RBAKABNR b,-0.8012789,654
1rbaka2r/9/1cn1b1nc1/p1p1p1p1p/9/9/P1P1P1P1P/2N1CC3/9/1RBAKABNR w,0.8015824,7989
1rbaka2r/9/1cn1b1nc1/p1p1p1p1p/9/9/P1P1P1P1P/2N1CCN2/9/1RBAKAB1R b,-0.80137295,3012
1rbaka2r/9/1cn1b1nc1/p1p1p3p/6p2/9/P1P1P1P1P/2N1CCN2/9/1RBAKAB1R w,0.80189395,8098
1rbaka2r/9/1cn1b1nc1/p1p1p3p/6p2/9/P1P1P1P1P/2N1CCN2/9/1RBAKABR1 b,-0.8019093,727
1rbaka1r1/9/1cn1b1nc1/p1p1p3p/6p2/9/P1P1P1P1P/2N1CCN2/9/1RBAKABR1 w,0.8027355,5087
1rbaka1r1/9/1cn1b1nc1/p1p1p3p/6p2/2P6/P3P1P1P/2N1CCN2/9/1RBAKABR1 b,-0.8022262,1765
1rbaka1r1/9/2n1b1nc1/p1p1p3p/6p2/2P6/Pc2P1P1P/2N1CCN2/9/1RBAKABR1 w,0.8050814,5898
1rbaka1r1/9/2n1b1nc1/p1p1p3p/6p2/2PN5/Pc2P1P1P/4CCN2/9/1RBAKABR1 b,-0.80644923,2311
1rbaka1r1/9/2n1b1n2/p1p1p3p/6p2/2PN5/Pc2P1PcP/4CCN2/9/1RBAKABR1 w,0.8078539,6143
1rbaka1r1/9/2n1bCn2/p1p1p3p/6p2/2PN5/Pc2P1PcP/4C1N2/9/1RBAKABR1 b,-0.80890244,1986
1rbakabr1/9/2n2Cn2/p1p1p3p/6p2/2PN5/Pc2P1PcP/4C1N2/9/1RBAKABR1 w,0.81814575,4351
1rbakabr1/9/2n2Cn2/p1p1N3p/6p2/2P6/Pc2P1PcP/4C1N2/9/1RBAKABR1 b,-0.8048105,1831
1rbakabr1/9/5Cn2/p1p1n3p/6p2/2P6/Pc2P1PcP/4C1N2/9/1RBAKABR1 w,0.8052533,6061
1rbakabr1/9/5Cn2/p1p1C3p/6p2/2P6/Pc2P1PcP/6N2/9/1RBAKABR1 b,-0.7909604,109
2bakabr1/9/1r3Cn2/p1p1C3p/6p2/2P6/Pc2P1PcP/6N2/9/1RBAKABR1 w,0.8022862,2839
2bakabr1/9/1r3Cn2/p1p5p/6p2/2P1C4/Pc2P1PcP/6N2/9/1RBAKABR1 b,-0.7987525,1733
2bakabr1/9/5rn2/p1p5p/6p2/2P1C4/Pc2P1PcP/6N2/9/1RBAKABR1 w,0.8095995,7435
2bakabr1/9/5rn2/p1p5p/6p2/2P1C4/PR2P1PcP/6N2/9/2BAKABR1 b,-0.8070279,2201
2bakabr1/9/5r3/p1p5p/5np2/2P1C4/PR2P1PcP/6N2/9/2BAKABR1 w,0.8140585,4987
2bakabr1/9/5r3/p1p5p/1R3np2/2P1C4/P3P1PcP/6N2/9/2BAKABR1 b,-0.8080418,3750
2bakabr1/9/5r3/p1p5p/1R4p2/2P1C4/P3P1ncP/6N2/9/2BAKABR1 w,0.8181264,3372
2bakabr1/9/5r3/p1p5p/6R2/2P1C4/P3P1ncP/6N2/9/2BAKABR1 b,-0.80548483,5449
2bakabr1/9/5r3/p1p5p/6R2/2P1n4/P3P2cP/6N2/9/2BAKABR1 w,0.80574983,5269
2bakabr1/9/5r3/p1p5p/6R2/2P1P4/P6cP/6N2/9/2BAKABR1 b,-0.79941744,5560
2bakabr1/9/5r3/p1p5p/6R2/2P1P4/P7P/6Nc1/9/2BAKABR1 w,0.8094646,7999
2bakabr1/9/5r3/p1p5p/6R2/2P1P4/P7P/6Nc1/7R1/2BAKAB2 b,-0.7982415,2138
2bakabr1/9/9/p1p5p/6R2/2P1P4/P7P/5rNc1/7R1/2BAKAB2 w,0.80055124,3813
2bakabr1/9/9/p1p3R1p/9/2P1P4/P7P/5rNc1/7R1/2BAKAB2 b,-0.80019426,691
2bakab2/9/9/p1p3R1p/9/2P1P4/P6rP/5rNc1/7R1/2BAKAB2 w,0.81514615,2976
2bakaR2/9/9/p1p5p/9/2P1P4/P6rP/5rNc1/7R1/2BAKAB2 b,-0.8056946,5548
2bakaR2/9/9/p1p5p/9/2P1P4/P3r3P/5rNc1/7R1/2BAKAB2 w,0.82730305,7636
2bakaR2/9/9/p1p5p/9/2P1P4/P3r3P/5rNc1/4A2R1/2B1KAB2 b,-0.8144031,6361
2bakaR2/9/9/p1p5p/9/2P1P4/P3r2cP/5rN2/4A2R1/2B1KAB2 w,0.86703986,7171
2bakaR2/9/9/p1p5p/9/2P1P4/P3r2RP/5rN2/4A4/2B1KAB2 b,-0.8529954,5281
2bakaR2/9/9/p1p5p/9/2P1P4/P6rP/5rN2/4A4/2B1KAB2 w,0.8607207,6908
2bakaR2/9/9/p1p5p/9/2P1P4/P6rP/5AN2/9/2B1KAB2 b,-0.85156965,5544
2bakaR2/9/9/p1p5p/9/2P1P4/r7P/5AN2/9/2B1KAB2 w,0.86130035,6260
2bakaR2/9/9/p1p5p/9/2P1PN3/r7P/5A3/9/2B1KAB2 b,-0.8581198,4922
2bakaR2/9/9/p1p5p/9/2P1PN3/8r/5A3/9/2B1KAB2 w,0.8681083,4543
2bakaR2/9/9/p1p5p/7N1/2P1P4/8r/5A3/9/2B1KAB2 b,-0.855419,5638
2bakaR2/9/9/p1p5p/7N1/2P1P4/4r4/5A3/9/2B1KAB2 w,0.85360694,6196
2bakaR2/9/9/p1p5p/7N1/2P1P4/4r4/9/4A4/2B1KAB2 b,-0.8426974,5269
2bakaR2/9/9/p1p5p/7N1/2P1r4/9/9/4A4/2B1KAB2 w,0.84727573,3902
2bakaR2/9/9/p1p2N2p/9/2P1r4/9/9/4A4/2B1KAB2 b,-0.84996414,4457
2bakaR2/9/9/p1p2N2p/9/2r6/9/9/4A4/2B1KAB2 w,0.86808103,7897
2bakaR2/9/9/p1p2N2p/9/2r6/9/4B4/4A4/2B1KA3 b,-0.86634856,4280
2bakaR2/9/9/p1p2N2p/9/5r3/9/4B4/4A4/2B1KA3 w,0.8652579,2901
2bakaR2/9/3N5/p1p5p/9/5r3/9/4B4/4A4/2B1KA3 b,-0.8648111,373
2ba1aR2/4k4/3N5/p1p5p/9/5r3/9/4B4/4A4/2B1KA3 w,0.86637014,555
2ba1a3/4k1R2/3N5/p1p5p/9/5r3/9/4B4/4A4/2B1KA3 b,-0.8645567,1192
2ba1a3/6R2/3Nk4/p1p5p/9/5r3/9/4B4/4A4/2B1KA3 w,0.8742179,1930
2ba1a3/6R2/4k4/p1p5p/4N4/5r3/9/4B4/4A4/2B1KA3 b,-0.8601359,4532
2ba1a3/6R2/4k4/p1p2r2p/4N4/9/9/4B4/4A4/2B1KA3 w,0.8694433,1410
2ba1a3/9/4k4/p1p2r2p/4N4/9/6R2/4B4/4A4/2B1KA3 b,-0.83868784,2911
2ba1a3/9/4k4/p1p1r3p/4N4/9/6R2/4B4/4A4/2B1KA3 w,0.84946316,3633
2ba1a3/9/4k4/p1p1r1N1p/9/9/6R2/4B4/4A4/2B1KA3 b,-0.8446322,1993
2ba1a3/4k4/9/p1p1r1N1p/9/9/6R2/4B4/4A4/2B1KA3 w,0.85752034,2996
2ba1a3/4k4/8N/p1p1r3p/9/9/6R2/4B4/4A4/2B1KA3 b,-0.84077513,1182
2ba1a3/3k5/8N/p1p1r3p/9/9/6R2/4B4/4A4/2B1KA3 w,0.8614324,2347
2ba1a1N1/3k5/9/p1p1r3p/9/9/6R2/4B4/4A4/2B1KA3 b,-0.8550104,2812
2ba1a1N1/3k5/4r4/p1p5p/9/9/6R2/4B4/4A4/2B1KA3 w,0.8651407,654
2ba1a3/3k5/4r1N2/p1p5p/9/9/6R2/4B4/4A4/2B1KA3 b,-0.8486201,283
2b2a3/3ka4/4r1N2/p1p5p/9/9/6R2/4B4/4A4/2B1KA3 w,0.86041635,2201
2b2a3/3ka4/4r4/p1p5p/5N3/9/6R2/4B4/4A4/2B1KA3 b,-0.8462885,2003
2b2a3/3ka4/5r3/p1p5p/5N3/9/6R2/4B4/4A4/2B1KA3 w,0.8508685,3724
2b2a3/3ka4/5r3/p1p4Np/9/9/6R2/4B4/4A4/2B1KA3 b,-0.83251673,2091
2b2a3/3ka4/3r5/p1p4Np/9/9/6R2/4B4/4A4/2B1KA3 w,0.84060085,5433
2b2a3/3ka4/3r5/p1p3RNp/9/9/9/4B4/4A4/2B1KA3 b,-0.82469016,1083
2bk1a3/4a4/3r5/p1p3RNp/9/9/9/4B4/4A4/2B1KA3 w,0.828068,2999
2bk1a3/4a4/3r5/p1R4Np/9/9/9/4B4/4A4/2B1KA3 b,-0.82440317,198
3k1a3/4a4/b2r5/p1R4Np/9/9/9/4B4/4A4/2B1KA3 w,0.82514954,2637
3k1a3/4a4/b2r5/R6Np/9/9/9/4B4/4A4/2B1KA3 b,-0.8211975,1915
3k1a3/4a4/b6r1/R6Np/9/9/9/4B4/4A4/2B1KA3 w,0.8327919,3101
3k1a3/4a4/b6r1/R7p/5N3/9/9/4B4/4A4/2B1KA3 b,-0.82687855,2273
3k1a3/4a4/b4r3/R7p/5N3/9/9/4B4/4A4/2B1KA3 w,0.83939236,3748
3k1a3/4a4/b4r3/R7p/9/9/4N4/4B4/4A4/2B1KA3 b,-0.8351318,2095
3k1a3/4a4/b6r1/R7p/9/9/4N4/4B4/4A4/2B1KA3 w,0.8479048,5259
3k1a3/4a4/b6r1/R7p/3N5/9/9/4B4/4A4/2B1KA3 b,-0.8350513,274
4ka3/4a4/b6r1/R7p/3N5/9/9/4B4/4A4/2B1KA3 w,0.84544414,3542
4ka3/4a4/b6r1/R4N2p/9/9/9/4B4/4A4/2B1KA3 b,-0.83246076,2273
4ka3/4a4/b4r3/R4N2p/9/9/9/4B4/4A4/2B1KA3 w,0.84011155,7734
4ka3/4a4/b4r3/R4N2p/9/9/9/4B4/4A4/2BK1A3 b,-0.8373657,1622
2b1ka3/4a4/5r3/R4N2p/9/9/9/4B4/4A4/2BK1A3 w,0.8471031,6117
2b1ka3/4a4/5r3/R4N2p/9/9/9/9/4A4/2BK1AB2 b,-0.8220908,1173
2baka3/9/5r3/R4N2p/9/9/9/9/4A4/2BK1AB2 w,0.83779913,6908
2baka3/9/5r3/R4N2p/9/9/9/5A3/9/2BK1AB2 b,-0.8230371,463
2bak4/4a4/5r3/R4N2p/9/9/9/5A3/9/2BK1AB2 w,0.8220948,7897
2bak4/4a4/5r3/R4N2p/9/9/9/4BA3/9/2BK1A3 b,-0.81045234,365
2ba1k3/4a4/5r3/R4N2p/9/9/9/4BA3/9/2BK1A3 w,0.8265378,2929
2ba1k3/4a4/5r3/R7p/9/4N4/9/4BA3/9/2BK1A3 b,-0.8160032,2120
2ba1k3/4a4/9/R7p/9/4Nr3/9/4BA3/9/2BK1A3 w,0.8224636,4442
2ba1k3/4a4/9/R4N2p/9/5r3/9/4BA3/9/2BK1A3 b,-0.8298882,1193
2ba1k3/9/5a3/R4N2p/9/5r3/9/4BA3/9/2BK1A3 w,0.8471181,2460
2ba1k3/9/5a3/3R1N2p/9/5r3/9/4BA3/9/2BK1A3 b,-0.8336625,283
2b2k3/4a4/5a3/3R1N2p/9/5r3/9/4BA3/9/2BK1A3 w,0.8414695,2923
2b2k3/4a4/5a3/3R4p/7N1/5r3/9/4BA3/9/2BK1A3 b,-0.8249869,4552
2b2k3/4a4/5a3/3R4p/7N1/7r1/9/4BA3/9/2BK1A3 w,0.8315774,3894
2b2k3/4a4/5aN2/3R4p/9/7r1/9/4BA3/9/2BK1A3 b,-0.8323137,454
2b1k4/4a4/5aN2/3R4p/9/7r1/9/4BA3/9/2BK1A3 w,0.8420436,2735
2b1k4/4a4/5aN2/8R/9/7r1/9/4BA3/9/2BK1A3 b,-0.84456354,4705
2b1k4/4a4/5aNr1/8R/9/9/9/4BA3/9/2BK1A3 w,0.8899478,3158
2b1k3R/4a4/5aNr1/9/9/9/9/4BA3/9/2BK1A3 b,-0.88816524,1175
2b1ka2R/9/5aNr1/9/9/9/9/4BA3/9/2BK1A3 w,0.89892954,725
2b1kR3/9/5aNr1/9/9/9/9/4BA3/9/2BK1A3 b,-0.897708,373
2b2R3/4k4/5aNr1/9/9/9/9/4BA3/9/2BK1A3 w,0.9019428,473
2b6/4k4/5RNr1/9/9/9/9/4BA3/9/2BK1A3 b,-0.8998243,202
9/4k4/4bRNr1/9/9/9/9/4BA3/9/2BK1A3 w,0.90360475,6117
9/4k4/4bRNr1/9/9/9/9/5A3/9/2BK1AB2 b,-0.91256773,2274
9/4k4/4bRr2/9/9/9/9/5A3/9/2BK1AB2 w,0.92436486,2094
9/4k4/4b1R2/9/9/9/9/5A3/9/2BK1AB2 b,-0.92145556,2018
9/4k4/6R2/9/2b6/9/9/5A3/9/2BK1AB2 w,0.94257957,2202
9/4k4/9/9/2b3R2/9/9/5A3/9/2BK1AB2 b,-0.94516784,3442
9/4k4/4b4/9/6R2/9/9/5A3/9/2BK1AB2 w,0.9680127,3820
9/4k4/4b4/9/4R4/9/9/5A3/9/2BK1AB2 b,-0.97189146,1184
9/5k3/4b4/9/4R4/9/9/5A3/9/2BK1AB2 w,0.9836322,3622
9/5k3/4R4/9/9/9/9/5A3/9/2BK1AB2 b,-0.98363507,1265
5k3/9/4R4/9/9/9/9/5A3/9/2BK1AB2 w,0.9907006,7645
5k3/9/4R4/9/9/9/9/5A3/9/2B1KAB2 b,-0.992486,464
9/5k3/4R4/9/9/9/9/5A3/9/2B1KAB2 w,0.99885374,2011
9/5k3/9/4R4/9/9/9/5A3/9/2B1KAB2 b,-0.99440074,1283
9/9/5k3/4R4/9/9/9/5A3/9/2B1KAB2 w,1,2822
rnbakabnr/9/1c5c1/p1p1p1p1p/9/9/P1P1P1P1P/1C5C1/9/RNBAKABNR w,-0.7981728,5827
rnbakabnr/9/1c5c1/p1p1p1p1p/9/9/P1P1P1P1P/4C2C1/9/RNBAKABNR b,0.79821944,110
r1bakabnr/9/1cn4c1/p1p1p1p1p/9/9/P1P1P1P1P/4C2C1/9/RNBAKABNR w,-0.7981739,7445
r1bakabnr/9/1cn4c1/p1p1p1p1p/9/9/P1P1P1P1P/2N1C2C1/9/R1BAKABNR b,0.7981536,562
r1baka1nr/9/1cn1b2c1/p1p1p1p1p/9/9/P1P1P1P1P/2N1C2C1/9/R1BAKABNR w,-0.79805803,7372
r1baka1nr/9/1cn1b2c1/p1p1p1p1p/9/9/P1P1P1P1P/2N1C2C1/9/1RBAKABNR b,0.7982341,1
1rbaka1nr/9/1cn1b2c1/p1p1p1p1p/9/9/P1P1P1P1P/2N1C2C1/9/1RBAKABNR w,-0.79828745,6368
1rbaka1nr/9/1cn1b2c1/p1p1p1p1p/9/9/P1P1P1P1P/2N1CC3/9/1RBAKABNR b,0.79872113,654
1rbaka2r/9/1cn1b1nc1/p1p1p1p1p/9/9/P1P1P1P1P/2N1CC3/9/1RBAKABNR w,-0.79841346,7989
1rbaka2r/9/1cn1b1nc1/p1p1p1p1p/9/9/P1P1P1P1P/2N1CCN2/9/1RBAKAB1R b,0.7986177,3012
1rbaka2r/9/1cn1b1nc1/p1p1p3p/6p2/9/P1P1P1P1P/2N1CCN2/9/1RBAKAB1R w,-0.7981277,8098
1rbaka2r/9/1cn1b1nc1/p1p1p3p/6p2/9/P1P1P1P1P/2N1CCN2/9/1RBAKABR1 b,0.7979893,727
1rbaka1r1/9/1cn1b1nc1/p1p1p3p/6p2/9/P1P1P1P1P/2N1CCN2/9/1RBAKABR1 w,-0.7974455,5087
1rbaka1r1/9/1cn1b1nc1/p1p1p3p/6p2/2P6/P3P1P1P/2N1CCN2/9/1RBAKABR1 b,0.79779345,1765
1rbaka1r1/9/2n1b1nc1/p1p1p3p/6p2/2P6/Pc2P1P1P/2N1CCN2/9/1RBAKABR1 w,-0.7952885,5898
1rbaka1r1/9/2n1b1nc1/p1p1p3p/6p2/2PN5/Pc2P1P1P/4CCN2/9/1RBAKABR1 b,0.79361814,2311
1rbaka1r1/9/2n1b1n2/p1p1p3p/6p2/2PN5/Pc2P1PcP/4CCN2/9/1RBAKABR1 w,-0.7921139,6143
1rbaka1r1/9/2n1bCn2/p1p1p3p/6p2/2PN5/Pc2P1PcP/4C1N2/9/1RBAKABR1 b,0.7910976,1986
1rbakabr1/9/2n2Cn2/p1p1p3p/6p2/2PN5/Pc2P1PcP/4C1N2/9/1RBAKABR1 w,-0.7818543,4351
1rbakabr1/9/2n2Cn2/p1p1N3p/6p2/2P6/Pc2P1PcP/4C1N2/9/1RBAKABR1 b,0.7952187,1831
1rbakabr1/9/5Cn2/p1p1n3p/6p2/2P6/Pc2P1PcP/4C1N2/9/1RBAKABR1 w,-0.79496044,6061
1rbakabr1/9/5Cn2/p1p1C3p/6p2/2P6/Pc2P1PcP/6N2/9/1RBAKABR1 b,0.80878484,109
2bakabr1/9/1r3Cn2/p1p1C3p/6p2/2P6/Pc2P1PcP/6N2/9/1RBAKABR1 w,-0.79775864,2830
2bakabr1/9/1r3Cn2/p1p5p/4C1p2/2P6/Pc2P1PcP/6N2/9/1RBAKABR1 b,0.8029044,1733
2bakabr1/9/5rn2/p1p5p/4C1p2/2P6/Pc2P1PcP/6N2/9/1RBAKABR1 w,-0.79705286,7435
2bakabr1/9/5rn2/p1p5p/4C1p2/2P6/PR2P1PcP/6N2/9/2BAKABR1 b,0.80306786,2111
2bakabr1/9/6n2/p1p5p/4Crp2/2P6/PR2P1PcP/6N2/9/2BAKABR1 w,-0.7926529,3649
2bakabr1/9/6n2/p1p5p/5rp2/2P1C4/PR2P1PcP/6N2/9/2BAKABR1 b,0.8011598,3831
2bakabr1/9/6n2/p1p5p/5r3/2P1C1p2/PR2P1PcP/6N2/9/2BAKABR1 w,-0.7870892,6290
2bakabr1/9/6n2/p1p5p/5r3/2P1C1p2/PR2P1PcP/9/8N/2BAKABR1 b,0.80036795,5524
2bakabr1/9/6n2/p1p4cp/5r3/2P1C1p2/PR2P1P1P/9/8N/2BAKABR1 w,-0.7746737,5451
2bakabr1/9/6n2/p1p4cp/5r3/2P1C1P2/PR2P3P/9/8N/2BAKABR1 b,0.7877017,646
2bakab2/7r1/6n2/p1p4cp/5r3/2P1C1P2/PR2P3P/9/8N/2BAKABR1 w,-0.76652974,7981
2bakab2/7r1/6n2/p1p4cp/5r3/2P1C1P2/PR2P2RP/9/8N/2BAKAB2 b,0.78982085,2203
2bakab2/7r1/9/p1p4cp/5r1n1/2P1C1P2/PR2P2RP/9/8N/2BAKAB2 w,-0.7876498,5533
2bakab2/7r1/9/p1p4cp/5r1R1/2P1C1P2/PR2P3P/9/8N/2BAKAB2 b,0.80736417,3733
2bakab2/7r1/9/p1p4cp/7r1/2P1C1P2/PR2P3P/9/8N/2BAKAB2 w,-0.80640656,7269
2bakab2/7r1/9/p1p4cp/7r1/2P1C1P2/PR2P3P/6N2/9/2BAKAB2 b,0.8191318,3093
2bakab2/7r1/9/p1p3c1p/7r1/2P1C1P2/PR2P3P/6N2/9/2BAKAB2 w,-0.817144,6286
2bakab2/7r1/9/p1p3c1p/7r1/2P1C1P2/PR2P3P/9/4N4/2BAKAB2 b,0.8365373,1454
2bakab2/5r3/9/p1p3c1p/7r1/2P1C1P2/PR2P3P/9/4N4/2BAKAB2 w,-0.84673315,7537
2bakab2/5r3/9/p1p3c1p/7r1/2P1C1P2/PR2P3P/4B4/4N4/3AKAB2 b,0.86368054,1337
2bakab2/9/9/p1p3c1p/7r1/2P1C1P2/PR2P3P/4B4/4Nr3/3AKAB2 w,-0.85849166,7901
2bakab2/9/9/p1p3c1p/7r1/2P1C1P2/PR2P3P/4B3B/4Nr3/3AKA3 b,0.89968246,3958
2bakab2/9/9/p1p3c1p/9/2P1C1P2/PR2P3P/4B3B/4Nr3/3AKA1r1 w,-0.91366136,4460
2bakab2/9/9/p1p3c1p/9/2P2CP2/PR2P3P/4B3B/4Nr3/3AKA1r1 b,0.9370849,6980
2bakab2/9/9/p1p3c1p/9/2P2rP2/PR2P3P/4B3B/4N4/3AKA1r1 w,-0.92766005,6927
2bakab2/9/9/p1p3c1p/9/2P2rP2/PR2P3P/4B3B/9/3AKANr1 b,0.9361602,3001
2bakab2/9/9/p1p1c3p/9/2P2rP2/PR2P3P/4B3B/9/3AKANr1 w,-0.93166983,4987
2bakab2/9/9/p1p1c3p/1R7/2P2rP2/P3P3P/4B3B/9/3AKANr1 b,0.9364436,4559
2bakab2/9/9/p1p1c3p/1R7/2P3P2/P3Pr2P/4B3B/9/3AKANr1 w,-0.9236462,3370
2bakab2/9/9/p1p1c3p/4R4/2P3P2/P3Pr2P/4B3B/9/3AKANr1 b,0.92787063,2803
2bakab2/4c4/9/p1p5p/4R4/2P3P2/P3Pr2P/4B3B/9/3AKANr1 w,-0.92523926,3631
2bakab2/4c4/9/p1p1R3p/9/2P3P2/P3Pr2P/4B3B/9/3AKANr1 b,0.93103075,5372
2bakab2/4c4/9/p1p1R3p/9/2P3P2/P3P3r/4B3B/9/3AKANr1 w,-0.92595124,7898
2bakab2/4c4/9/p1p1R3p/9/2P3P2/P3P3r/4BN2B/9/3AKA1r1 b,0.9302613,5651
2bakab2/4c4/9/p1p1R3p/9/2P3P2/P3P4/4BN2r/9/3AKA1r1 w,-0.92122775,7636
2bakab2/4c4/9/p1p1R3p/9/2P3P2/P3P4/4BN2r/4A4/4KA1r1 b,0.9307411,562
2baka3/4c4/4b4/p1p1R3p/9/2P3P2/P3P4/4BN2r/4A4/4KA1r1 w,-0.922728,2822
2baka3/4c4/4b4/p1p2R2p/9/2P3P2/P3P4/4BN2r/4A4/4KA1r1 b,0.9279728,1228
2baka3/9/4b4/p1p2R2p/9/2P3P2/P3c4/4BN2r/4A4/4KA1r1 w,-0.91073495,2939
2baka3/9/4b4/p1p5p/9/2P3P2/P3cR3/4BN2r/4A4/4KA1r1 b,0.91557384,5260
2baka3/9/4b4/p1p5p/4c4/2P3P2/P4R3/4BN2r/4A4/4KA1r1 w,-0.90105146,5368
2baka3/9/4b4/p1p5p/4c4/2P3P2/P3R4/4BN2r/4A4/4KA1r1 b,0.9100888,3637
2baka3/9/4b4/p1p5p/1c7/2P3P2/P3R4/4BN2r/4A4/4KA1r1 w,-0.8934338,4632
2baka3/9/4b4/p1p5p/1c4P2/2P6/P3R4/4BN2r/4A4/4KA1r1 b,0.9188168,3412
2baka3/9/4b4/p1p5p/6P2/2P6/P3R4/4BN2r/4A4/1c2KA1r1 w,-0.9100347,6171
2baka3/9/4b4/p1p5p/6P2/2P3N2/P3R4/4B3r/4A4/1c2KA1r1 b,0.9185257,7461
2baka3/9/4b4/p1p5p/6P2/2P3N2/P3R4/4B3r/4A4/c3KA1r1 w,-0.89631706,3813
2baka3/9/4b4/p1p3P1p/9/2P3N2/P3R4/4B3r/4A4/c3KA1r1 b,0.90336293,7376
2baka3/9/4b4/p1p3P1p/9/2P3N2/P3R4/4B3r/4A4/4Kc1r1 w,-0.8664302,6926
2baka3/9/4b4/p1p3P1p/9/2P3N2/P3R4/4B3r/9/4KA1r1 b,0.8743064,6479
2baka3/9/4b4/p1p3P1p/9/2P3N2/P3R4/4B4/9/4KA1rr w,-0.84972566,5279
2baka3/9/4b4/p1p3P1p/9/2P3N2/P4R3/4B4/9/4KA1rr b,0.8608243,8081
2baka3/9/4b4/p1p3P1p/9/2P3N2/P4R3/4B3r/9/4KA1r1 w,-0.8536318,5368
2baka3/9/4b4/p1p3P1p/9/2P3N2/P3R4/4B3r/9/4KA1r1 b,0.869807,463
2bak4/4a4/4b4/p1p3P1p/9/2P3N2/P3R4/4B3r/9/4KA1r1 w,-0.8752397,4622
2bak4/4a4/4b4/p1p2NP1p/9/2P6/P3R4/4B3r/9/4KA1r1 b,0.9029898,6458
2bak4/4a4/4b4/p1p2NP1p/9/2P6/P3R4/4Br3/9/4KA1r1 w,-0.8999749,7726
2bak4/4a4/4b4/p1p2NP1p/9/2P6/P3R4/4Br3/4K4/5A1r1 b,0.9188049,6206
2bak4/4a4/4b4/p1p2NP1p/9/2P6/P3R4/4B4/4K4/5r1r1 w,-0.9053243,6081
2bak4/4a4/4b4/p1p2NP1p/9/2P3B2/P3R4/9/4K4/5r1r1 b,0.9249864,7999
2bak4/4a4/4b4/p1p2NP1p/9/2P3B2/P3R4/9/4K2r1/5r3 w,-0.9279785,6907
2bak4/4a4/4b4/p1p2NP1p/9/2P3B2/P3R4/4K4/7r1/5r3 b,0.9404202,7817
2bak4/4a4/4b4/p1p2NP1p/9/2P3B2/P3R4/4K4/5r1r1/9 w,-0.9234434,6096
2bak4/4a4/4b4/p1p2NP1p/9/2P3B2/P3R4/3K5/5r1r1/9 b,0.92338747,6998
2bak4/4a4/4b4/p1p2NP1p/9/2P3B2/P3R4/3K1r3/7r1/9 w,-0.9226885,5287
2bak4/4a4/4b4/p1p2NP1p/9/2P3B2/P8/3KRr3/7r1/9 b,0.93087226,6206
2bak4/4a4/4b4/p1p2NP1p/9/2P3B2/P8/3KR4/7r1/5r3 w,-0.92057216,6088
2bak4/4a4/4b4/p1p2NP1p/9/2P3B2/P3R4/3K5/7r1/5r3 b,0.9372017,7187
2bak4/4a4/4b4/p1p2NP1p/9/2P3B2/P3R4/3K5/5r3/5r3 w,-0.92946243,5281
2bak4/4a4/4b4/p1p2NP1p/9/2P3B2/P6R1/3K5/5r3/5r3 b,0.945099,1193
2bak4/9/4ba3/p1p2NP1p/9/2P3B2/P6R1/3K5/5r3/5r3 w,-0.8992182,2901
2bak4/9/3Nba3/p1p3P1p/9/2P3B2/P6R1/3K5/5r3/5r3 b,0.8851855,365
2ba1k3/9/3Nba3/p1p3P1p/9/2P3B2/P6R1/3K5/5r3/5r3 w,-0.8699947,5497
2ba1k1R1/9/3Nba3/p1p3P1p/9/2P3B2/P8/3K5/5r3/5r3 b,0.87627906,464
2ba3R1/5k3/3Nba3/p1p3P1p/9/2P3B2/P8/3K5/5r3/5r3 w,-0.8626117,2994
2ba3R1/5k3/3NbaP2/p1p5p/9/2P3B2/P8/3K5/5r3/5r3 b,0.8911332,2466
2ba3R1/5k3/3NbaP2/2p5p/p8/2P3B2/P8/3K5/5r3/5r3 w,-0.87474406,1930
2ba3R1/5k3/4baP2/2p5p/p3N4/2P3B2/P8/3K5/5r3/5r3 b,0.89117116,1273
2ba3R1/4k4/4baP2/2p5p/p3N4/2P3B2/P8/3K5/5r3/5r3 w,-0.8528214,3623
2ba3R1/4k4/4bNP2/2p5p/p8/2P3B2/P8/3K5/5r3/5r3 b,0.88360864,2018
2ba3R1/4k4/5NP2/2p5p/p1b6/2P3B2/P8/3K5/5r3/5r3 w,-0.82282835,646
2ba5/4k2R1/5NP2/2p5p/p1b6/2P3B2/P8/3K5/5r3/5r3 b,0.8319369,1192
2ba5/7R1/4kNP2/2p5p/p1b6/2P3B2/P8/3K5/5r3/5r3 w,-0.81801087,2110
2ba5/7R1/4k1P2/2p5p/p1b1N4/2P3B2/P8/3K5/5r3/5r3 b,0.9156533,7824
2ba5/7R1/4k1P2/2p5p/p1b1N4/2P3B2/P8/3K5/5r3/3r5 w,-0.92146516,6007
2ba5/7R1/4k1P2/2p5p/p1b1N4/2P3B2/P8/4K4/5r3/3r5 b,0.9245879,7645
2ba5/7R1/4k1P2/2p5p/p1b1N4/2P3B2/P8/4K4/5r3/4r4 w,-0.9253082,6096
2ba5/7R1/4k1P2/2p5p/p1b1N4/2P3B2/P8/3K5/5r3/4r4 b,0.9361164,7690
2ba5/7R1/4k1P2/2p5p/p1b1r4/2P3B2/P8/3K5/5r3/9 w,-0.92588305,1452
2ba5/3R5/4k1P2/2p5p/p1b1r4/2P3B2/P8/3K5/5r3/9 b,0.9546435,3685
2ba5/3R5/4k1P2/2p5p/p1b6/2P3B2/P8/3K5/5r3/4r4 w,-0.9657733,1083
2bR5/9/4k1P2/2p5p/p1b6/2P3B2/P8/3K5/5r3/4r4 b,1,7734
rnbakabnr/9/1c5c1/p1p1p1p1p/9/9/P1P1P1P1P/1C5C1/9/RNBAKABNR w,0.001809311,5827
rnbakabnr/9/1c5c1/p1p1p1p1p/9/9/P1P1P1P1P/4C2C1/9/RNBAKABNR b,-0.0017677665,110
r1bakabnr/9/1cn4c1/p1p1p1p1p/9/9/P1P1P1P1P/4C2C1/9/RNBAKABNR w,0.0018248558,7445
r1bakabnr/9/1cn4c1/p1p1p1p1p/9/9/P1P1P1P1P/2N1C2C1/9/R1BAKABNR b,-0.0018071294,562
r1baka1nr/9/1cn1b2c1/p1p1p1p1p/9/9/P1P1P1P1P/2N1C2C1/9/R1BAKABNR w,0.0019419909,7372
r1baka1nr/9/1cn1b2c1/p1p1p1p1p/9/9/P1P1P1P1P/2N1C2C1/9/1RBAKABNR b,-0.0017779947,1
1rbaka1nr/9/1cn1b2c1/p1p1p1p1p/9/9/P1P1P1P1P/2N1C2C1/9/1RBAKABNR w,0.0016926051,6368
1rbaka1nr/9/1cn1b2c1/p1p1p1p1p/9/9/P1P1P1P1P/2N1CC3/9/1RBAKABNR b,-0.0012857557,654
1rbaka2r/9/1cn1b1nc1/p1p1p1p1p/9/9/P1P1P1P1P/2N1CC3/9/1RBAKABNR w,0.0015823602,7989
1rbaka2r/9/1cn1b1nc1/p1p1p1p1p/9/9/P1P1P1P1P/2N1CCN2/9/1RBAKAB1R b,-0.001368165,3012
1rbaka2r/9/1cn1b1nc1/p1p1p3p/6p2/9/P1P1P1P1P/2N1CCN2/9/1RBAKAB1R w,0.0018723011,8098
1rbaka2r/9/1cn1b1nc1/p1p1p3p/6p2/9/P1P1P1P1P/2N1CCN2/9/1RBAKABR1 b,-0.0020106912,727
1rbaka1r1/9/1cn1b1nc1/p1p1p3p/6p2/9/P1P1P1P1P/2N1CCN2/9/1RBAKABR1 w,0.0027978183,5087
1rbaka1r1/9/1cn1b1nc1/p1p1p3p/6p2/2P6/P3P1P1P/2N1CCN2/9/1RBAKABR1 b,-0.00222739,1765
1rbaka1r1/9/2n1b1nc1/p1p1p3p/6p2/2P6/Pc2P1P1P/2N1CCN2/9/1RBAKABR1 w,0.0047115325,5898
1rbaka1r1/9/2n1b1nc1/p1p1p3p/6p2/2PN5/Pc2P1P1P/4CCN2/9/1RBAKABR1 b,-0.0064655663,2311
1rbaka1r1/9/2n1b1n2/p1p1p3p/6p2/2PN5/Pc2P1PcP/4CCN2/9/1RBAKABR1 w,0.007830143,6143
1rbaka1r1/9/2n1bCn2/p1p1p3p/6p2/2PN5/Pc2P1PcP/4C1N2/9/1RBAKABR1 b,-0.008902455,1986
1rbakabr1/9/2n2Cn2/p1p1p3p/6p2/2PN5/Pc2P1PcP/4C1N2/9/1RBAKABR1 w,0.017681766,4351
1rbakabr1/9/2n2Cn2/p1p1N3p/6p2/2P6/Pc2P1PcP/4C1N2/9/1RBAKABR1 b,-0.0047743083,1831
1rbakabr1/9/5Cn2/p1p1n3p/6p2/2P6/Pc2P1PcP/4C1N2/9/1RBAKABR1 w,0.005541086,6061
1rbakabr1/9/5Cn2/p1p1C3p/6p2/2P6/Pc2P1PcP/6N2/9/1RBAKABR1 b,0.009039665,109
2bakabr1/9/1r3Cn2/p1p1C3p/6p2/2P6/Pc2P1PcP/6N2/9/1RBAKABR1 w,0.0018720865,2839
2bakabr1/9/1r3Cn2/p1p5p/6p2/2P1C4/Pc2P1PcP/6N2/9/1RBAKABR1 b,0.0016993046,1733
2bakabr1/9/5rn2/p1p5p/6p2/2P1C4/Pc2P1PcP/6N2/9/1RBAKABR1 w,0.009629083,7435
2bakabr1/9/5rn2/p1p5p/6p2/2P1C4/PR2P1PcP/6N2/9/2BAKABR1 b,-0.0059248093,2201
2bakabr1/9/5r3/p1p5p/5np2/2P1C4/PR2P1PcP/6N2/9/2BAKABR1 w,0.013509941,4987
2bakabr1/9/5r3/p1p5p/1R3np2/2P1C4/P3P1PcP/6N2/9/2BAKABR1 b,-0.008365214,3750
2bakabr1/9/5r3/p1p5p/1R4p2/2P1C4/P3P1ncP/6N2/9/2BAKABR1 w,0.017695164,3372
2bakabr1/9/5r3/p1p5p/6R2/2P1C4/P3P1ncP/6N2/9/2BAKABR1 b,-0.005452013,5449
2bakabr1/9/5r3/p1p5p/6R2/2P1n4/P3P2cP/6N2/9/2BAKABR1 w,0.0058068037,5269
2bakabr1/9/5r3/p1p5p/6R2/2P1P4/P6cP/6N2/9/2BAKABR1 b,0.00059363846,5560
2bakabr1/9/5r3/p1p5p/6R2/2P1P4/P7P/6Nc1/9/2BAKABR1 w,0.00046768188,3813
2bakabr1/9/5r3/p1p3R1p/9/2P1P4/P7P/6Nc1/9/2BAKABR1 b,0.00556705,2138
2bakabr1/9/9/p1p3R1p/9/2P1P4/P7P/5rNc1/9/2BAKABR1 w,0.017951895,7816
2bakabr1/9/9/p1p3R1p/9/2P1P4/P7P/5rNc1/4A4/2BAK1BR1 b,-0.008178115,6179
2bakabr1/9/9/p1p3R1p/9/2P1P4/P4r2P/6Nc1/4A4/2BAK1BR1 w,0.017985154,6262
2bakabr1/9/9/p1p3R1p/9/2P1P2N1/P4r2P/7c1/4A4/2BAK1BR1 b,0.012510061,682
2bakab2/9/9/p1p3R1p/9/2P1P2r1/P4r2P/7c1/4A4/2BAK1BR1 w,-0.009220707,2976
2bakaR2/9/9/p1p5p/9/2P1P2r1/P4r2P/7c1/4A4/2BAK1BR1 b,0.022044778,6361
2bakaR2/9/9/p1p5p/9/2P1P2r1/P4r1cP/9/4A4/2BAK1BR1 w,-0.01398164,573
2baka3/9/9/p1p3R1p/9/2P1P2r1/P4r1cP/9/4A4/2BAK1BR1 b,0.02571032,4729
2baka3/9/9/p1p3R1p/9/2P1r4/P4r1cP/9/4A4/2BAK1BR1 w,-0.009753383,7897
2baka3/9/9/p1p3R1p/9/2P1r4/P4r1cP/4B4/4A4/2BAK2R1 b,0.01970551,5544
2baka3/9/9/p1p3R1p/9/2P1r4/c4r2P/4B4/4A4/2BAK2R1 w,-0.013512946,2999
2baka3/9/9/p1R5p/9/2P1r4/c4r2P/4B4/4A4/2BAK2R1 b,0.018928433,5372
2baka3/9/9/p1R5p/9/2P1r4/c7r/4B4/4A4/2BAK2R1 w,-0.01552881,2637
2baka3/9/9/R7p/9/2P1r4/c7r/4B4/4A4/2BAK2R1 b,0.02367034,4918
2baka3/9/9/R7p/9/2P1r4/4c3r/4B4/4A4/2BAK2R1 w,-0.025885439,2462
2baka3/9/9/5R2p/9/2P1r4/4c3r/4B4/4A4/2BAK2R1 b,0.035986662,4457
2baka3/9/9/5R2p/9/2r6/4c3r/4B4/4A4/2BAK2R1 w,-0.012192095,2911
2baka3/9/9/4R3p/9/2r6/4c3r/4B4/4A4/2BAK2R1 b,0.012648749,283
2b1ka3/4a4/9/4R3p/9/2r6/4c3r/4B4/4A4/2BAK2R1 w,0.0045155766,2848
2b1ka3/4a4/9/8p/9/2r6/4R3r/4B4/4A4/2BAK2R1 b,0.0031229972,5638
2b1ka3/4a4/9/8p/9/2r6/4r4/4B4/4A4/2BAK2R1 w,0.001618433,6077
2b1ka3/4a4/9/8p/9/2B6/4r4/9/4A4/2BAK2R1 b,0.0003663063,5280
2b1ka3/4a4/9/8p/9/2B6/6r2/9/4A4/2BAK2R1 w,0.0026757717,4297
2b1ka3/4a4/9/8p/9/9/6r2/4B4/4A4/2BAK2R1 b,-0.00016349554,5433
2b1ka3/4a4/9/6r1p/9/9/9/4B4/4A4/2BAK2R1 w,0.003975201,7981
2b1ka3/4a4/9/6r1p/9/9/7R1/4B4/4A4/2BAK4 b,-0.001967931,3194
2b1ka3/4a4/9/6r2/8p/9/7R1/4B4/4A4/2BAK4 w,0.003841877,5552
2b1ka3/4a4/9/6r2/8p/9/8R/4B4/4A4/2BAK4 b,-0.0024403334,3005
2b1ka3/4a4/9/8r/8p/9/8R/4B4/4A4/2BAK4 w,0.0023682357,5636
2b1ka3/4a4/9/8r/8p/9/2R6/4B4/4A4/2BAK4 b,0.0003875494,202
4ka3/4a4/4b4/8r/8p/9/2R6/4B4/4A4/2BAK4 w,0.0024482012,5095
4ka3/4a4/4b4/8r/8p/9/1R7/4B4/4A4/2BAK4 b,-0.00085320475,1982
2b1ka3/4a4/9/8r/8p/9/1R7/4B4/4A4/2BAK4 w,0.00050103664,4951
1Rb1ka3/4a4/9/8r/8p/9/9/4B4/4A4/2BAK4 b,0.004088974,3179
1Rb1ka3/4a4/9/2r6/8p/9/9/4B4/4A4/2BAK4 w,-0.001883173,127
2b1ka3/4a4/9/2r6/1R6p/9/9/4B4/4A4/2BAK4 b,0.0039751055,2645
2b1ka3/4a4/9/8r/1R6p/9/9/4B4/4A4/2BAK4 w,0.0016980649,3368
2b1ka3/4a4/9/8r/2R5p/9/9/4B4/4A4/2BAK4 b,0.0012680531,198
4ka3/4a4/b8/8r/2R5p/9/9/4B4/4A4/2BAK4 w,0.0031425476,3440
4ka3/4a4/b1R6/8r/8p/9/9/4B4/4A4/2BAK4 b,-0.0023704886,3181
4ka3/4a4/b1R6/4r4/8p/9/9/4B4/4A4/2BAK4 w,0.0053370716,1818
4ka3/4a4/R8/4r4/8p/9/9/4B4/4A4/2BAK4 b,-0.0031396628,4013
4ka3/4a4/R8/4r4/9/8p/9/4B4/4A4/2BAK4 w,0.0026554584,1620
R3ka3/4a4/9/4r4/9/8p/9/4B4/4A4/2BAK4 b,-0.0026608945,1173
R2aka3/9/9/4r4/9/8p/9/4B4/4A4/2BAK4 w,0.006187582,45
3aka3/9/9/4r4/9/R7p/9/4B4/4A4/2BAK4 b,-0.0028530122,4832
3aka3/9/9/4r4/9/R8/8p/4B4/4A4/2BAK4 w,0.0015154124,4131
3aka3/9/9/4r4/9/9/8p/4B4/4A4/R1BAK4 b,-0.00034472943,5651
3aka3/9/9/4r4/9/9/9/4B3p/4A4/R1BAK4 w,0.0014969826,6906
3aka3/9/9/4r4/9/9/9/3AB3p/9/R1BAK4 b,-0.0017045498,6460
3aka3/9/9/4r4/9/9/9/3AB2p1/9/R1BAK4 w,0.0025596858,7362
3aka3/9/9/4r4/9/9/9/3AB2p1/R8/2BAK4 b,-0.0013180852,6369
3aka3/9/9/4r4/9/9/9/3AB1p2/R8/2BAK4 w,0.0019484997,6016
3aka3/9/9/4r4/9/9/9/4B1p2/R3A4/2BAK4 b,-0.001254797,6288
3aka3/9/9/4r4/9/9/9/4B4/R3A1p2/2BAK4 w,0.007971239,6926
3aka3/9/9/4r4/9/9/9/4B4/R5p2/2BAKA3 b,-0.001136613,2823
3aka3/9/9/6r2/9/9/9/4B4/R5p2/2BAKA3 w,0.0019062996,7636
3aka3/9/9/6r2/9/9/9/4B4/R3A1p2/2B1KA3 b,0.00007064343,7097
3aka3/9/9/6r2/9/9/9/4B4/R3Ap3/2B1KA3 w,-0.000027620792,6534
3aka3/9/9/6r2/9/9/R8/4B4/4Ap3/2B1KA3 b,-0.00343045,3012
3aka3/9/9/9/6r2/9/R8/4B4/4Ap3/2B1KA3 w,0.0048264028,4919
3aka3/9/9/9/6r2/9/5R3/4B4/4Ap3/2B1KA3 b,-0.0031461956,7008
3aka3/9/9/9/6r2/9/5R3/4B4/4A1p2/2B1KA3 w,0.0038483383,5368
3aka3/9/9/9/6r2/9/4R4/4B4/4A1p2/2B1KA3 b,-0.004134226,463
3ak4/4a4/9/9/6r2/9/4R4/4B4/4A1p2/2B1KA3 w,0.00507617,5282
3ak4/4a4/9/9/6r2/9/8R/4B4/4A1p2/2B1KA3 b,-0.002800405,1175
3aka3/9/9/9/6r2/9/8R/4B4/4A1p2/2B1KA3 w,0,5638
rnbakabnr/9/1c5c1/p1p1p1p1p/9/9/P1P1P1P1P/1C5C1/9/RNBAKABNR w,0.0018178702,5827
rnbakabnr/9/1c5c1/p1p1p1p1p/9/9/P1P1P1P1P/4C2C1/9/RNBAKABNR b,-0.0017668129,110
r1bakabnr/9/1cn4c1/p1p1p1p1p/9/9/P1P1P1P1P/4C2C1/9/RNBAKABNR w,0.0018192291,7445
r1bakabnr/9/1cn4c1/p1p1p1p1p/9/9/P1P1P1P1P/2N1C2C1/9/R1BAKABNR b,-0.0018089175,562
r1baka1nr/9/1cn1b2c1/p1p1p1p1p/9/9/P1P1P1P1P/2N1C2C1/9/R1BAKABNR w,0.0019419909,7372
r1baka1nr/9/1cn1b2c1/p1p1p1p1p/9/9/P1P1P1P1P/2N1C2C1/9/1RBAKABNR b,-0.0017690301,1
1rbaka1nr/9/1cn1b2c1/p1p1p1p1p/9/9/P1P1P1P1P/2N1C2C1/9/1RBAKABNR w,0.0016935825,6368
1rbaka1nr/9/1cn1b2c1/p1p1p1p1p/9/9/P1P1P1P1P/2N1CC3/9/1RBAKABNR b,-0.0012789011,654
1rbaka2r/9/1cn1b1nc1/p1p1p1p1p/9/9/P1P1P1P1P/2N1CC3/9/1RBAKABNR w,0.0015946865,7989
1rbaka2r/9/1cn1b1nc1/p1p1p1p1p/9/9/P1P1P1P1P/2N1CCN2/9/1RBAKAB1R b,-0.0013483524,3012
1rbaka2r/9/1cn1b1nc1/p1p1p3p/6p2/9/P1P1P1P1P/2N1CCN2/9/1RBAKAB1R w,0.001935935,8098
1rbaka2r/9/1cn1b1nc1/p1p1p3p/6p2/9/P1P1P1P1P/2N1CCN2/9/1RBAKABR1 b,-0.0020165562,727
1rbaka1r1/9/1cn1b1nc1/p1p1p3p/6p2/9/P1P1P1P1P/2N1CCN2/9/1RBAKABR1 w,0.0027463199,5087
1rbaka1r1/9/1cn1b1nc1/p1p1p3p/6p2/2P6/P3P1P1P/2N1CCN2/9/1RBAKABR1 b,-0.0021549107,1765
1rbaka1r1/9/2n1b1nc1/p1p1p3p/6p2/2P6/Pc2P1P1P/2N1CCN2/9/1RBAKABR1 w,0.0052023414,5898
1rbaka1r1/9/2n1b1nc1/p1p1p3p/6p2/2PN5/Pc2P1P1P/4CCN2/9/1RBAKABR1 b,-0.0064492226,2311
1rbaka1r1/9/2n1b1n2/p1p1p3p/6p2/2PN5/Pc2P1PcP/4CCN2/9/1RBAKABR1 w,0.007815647,6143
1rbaka1r1/9/2n1bCn2/p1p1p3p/6p2/2PN5/Pc2P1PcP/4C1N2/9/1RBAKABR1 b,-0.008902455,1986
1rbakabr1/9/2n2Cn2/p1p1p3p/6p2/2PN5/Pc2P1PcP/4C1N2/9/1RBAKABR1 w,0.018145729,4351
1rbakabr1/9/2n2Cn2/p1p1N3p/6p2/2P6/Pc2P1PcP/4C1N2/9/1RBAKABR1 b,-0.0047811987,1831
1rbakabr1/9/5Cn2/p1p1n3p/6p2/2P6/Pc2P1PcP/4C1N2/9/1RBAKABR1 w,0.005099082,6061
1rbakabr1/9/5Cn2/p1p1C3p/6p2/2P6/Pc2P1PcP/6N2/9/1RBAKABR1 b,0.009442854,109
2bakabr1/9/1r3Cn2/p1p1C3p/6p2/2P6/Pc2P1PcP/6N2/9/1RBAKABR1 w,0.0022862197,2839
2bakabr1/9/1r3Cn2/p1p5p/6p2/2P1C4/Pc2P1PcP/6N2/9/1RBAKABR1 b,0.0015599013,1733
2bakabr1/9/5rn2/p1p5p/6p2/2P1C4/Pc2P1PcP/6N2/9/1RBAKABR1 w,0.0096395975,7435
2bakabr1/9/5rn2/p1p5p/6p2/2P1C4/PR2P1PcP/6N2/9/2BAKABR1 b,-0.0030143857,3831
2bakabr1/9/5rn2/p1p5p/9/2P1C1p2/PR2P1PcP/6N2/9/2BAKABR1 w,0.016613126,6290
2bakabr1/9/5rn2/p1p5p/9/2P1C1p2/PR2P1PcP/9/8N/2BAKABR1 b,-0.0035208582,5569
2bakabr1/9/5rn2/p1p5p/9/2P1C1p2/PR2P1P1P/9/7cN/2BAKABR1 w,0.0057237386,7816
2bakabr1/9/5rn2/p1p5p/9/2P1C1p2/PR2P1P1P/9/4A2cN/2BAK1BR1 b,0.005868149,2201
2bakabr1/9/5r3/p1p5p/5n3/2P1C1p2/PR2P1P1P/9/4A2cN/2BAK1BR1 w,0.0018365622,5451
2bakabr1/9/5r3/p1p5p/5n3/2P1C1P2/PR2P3P/9/4A2cN/2BAK1BR1 b,0.0027176857,3750
2bakabr1/9/5r3/p1p5p/9/2P1C1P2/PR2P1n1P/9/4A2cN/2BAK1BR1 w,0.009729981,7897
2bakabr1/9/5r3/p1p5p/9/2P1C1P2/PR2P1n1P/4B4/4A2cN/2BAK2R1 b,0.010915327,5471
2bakabr1/9/5r3/p1p5p/9/2P1C1P2/PR2P3P/4B3n/4A2cN/2BAK2R1 w,0.01434455,8007
2bakabr1/9/5r3/p1p5p/9/2P1C1P2/PR2P3P/4B3n/4A2cN/2BAK1R2 b,-0.007723463,2147
2bakabr1/9/9/p1p5p/9/2P1C1P2/PR2P3P/4B3n/4Ar1cN/2BAK1R2 w,0.015987922,5007
2bakabr1/9/9/p1p5p/9/2P1C1P2/P2RP3P/4B3n/4Ar1cN/2BAK1R2 b,0.010396528,6468
2bakabr1/9/9/p1p5p/9/2P1C1P2/P2RP3P/4B4/4ArncN/2BAK1R2 w,0.00039815903,7908
2bakabr1/9/9/p1p5p/9/2P1C1P2/P2RP3P/4B4/4ArRcN/2BAK4 b,0.020445084,7008
2bakabr1/9/9/p1p5p/9/2P1C1P2/P2RP3P/4B4/4A1rcN/2BAK4 w,-0.017298793,5160
2bakabr1/9/9/p1pR4p/9/2P1C1P2/P3P3P/4B4/4A1rcN/2BAK4 b,0.029219126,7198
2bakabr1/9/9/p1pR4p/9/2P1C1P2/P3P3P/4B4/4A1r1N/2BAK2c1 w,-0.013031984,2731
2bakabr1/9/9/p1p1R3p/9/2P1C1P2/P3P3P/4B4/4A1r1N/2BAK2c1 b,-0.0042063952,202
3akabr1/9/4b4/p1p1R3p/9/2P1C1P2/P3P3P/4B4/4A1r1N/2BAK2c1 w,0.04753394,2824
3akabr1/9/4b4/p1p4Rp/9/2P1C1P2/P3P3P/4B4/4A1r1N/2BAK2c1 b,-0.043804385,283
4kabr1/4a4/4b4/p1p4Rp/9/2P1C1P2/P3P3P/4B4/4A1r1N/2BAK2c1 w,0.046651553,3067
4kabR1/4a4/4b4/p1p5p/9/2P1C1P2/P3P3P/4B4/4A1r1N/2BAK2c1 b,-0.043069698,7100
4kabR1/4a4/4b4/p1p5p/9/2P1C1P2/P3P3P/4B4/4A3r/2BAK2c1 w,0.05703187,718
4kab2/4a4/4b4/p1p5p/9/2P1C1P2/P3P3P/4B4/4A3r/2BAK2R1 b,-0.05064533,7262
4kab2/4a4/4b4/p1p5p/9/2P1C1P2/P3P3r/4B4/4A4/2BAK2R1 w,0.05518303,7954
4kab2/4a4/4b4/p1p4Rp/9/2P1C1P2/P3P3r/4B4/4A4/2BAK4 b,-0.040614557,5638
4kab2/4a4/4b4/p1p4Rp/9/2P1C1P2/P3r4/4B4/4A4/2BAK4 w,0.05201192,3091
4kab2/4a4/4b4/p1p1R3p/9/2P1C1P2/P3r4/4B4/4A4/2BAK4 b,-0.04092858,3194
4kab2/4a4/4b4/p1p1R4/8p/2P1C1P2/P3r4/4B4/4A4/2BAK4 w,0.054524757,4632
4kab2/4a4/4b4/p1p1R4/6P1p/2P1C4/P3r4/4B4/4A4/2BAK4 b,-0.033663798,2022
4kab2/4a4/9/p1p1R4/6b1p/2P1C4/P3r4/4B4/4A4/2BAK4 w,0.04121933,4268
4kab2/4a4/9/p1p1R4/2P3b1p/4C4/P3r4/4B4/4A4/2BAK4 b,-0.018749226,2648
4kab2/4a4/9/p3R4/2p3b1p/4C4/P3r4/4B4/4A4/2BAK4 w,0.017566396,2817
4kab2/4a4/9/R8/2p3b1p/4C4/P3r4/4B4/4A4/2BAK4 b,0.0023530722,5269
4kab2/4a4/9/R8/2p3b1p/4r4/P8/4B4/4A4/2BAK4 w,-0.0035769702,2430
R3kab2/4a4/9/9/2p3b1p/4r4/P8/4B4/4A4/2BAK4 b,0.004085255,1173
R2akab2/9/9/9/2p3b1p/4r4/P8/4B4/4A4/2BAK4 w,-0.0033103942,45
3akab2/9/9/9/2p3b1p/R3r4/P8/4B4/4A4/2BAK4 b,0.004594493,4468
3akab2/9/9/9/2p3b1p/R8/P3r4/4B4/4A4/2BAK4 w,-0.002658081,4100
3akab2/9/9/9/2p3b1p/5R3/P3r4/4B4/4A4/2BAK4 b,0.004283166,5274
3akab2/9/9/9/2p3b1p/5R3/r8/4B4/4A4/2BAK4 w,-0.0034983873,4541
3akab2/9/9/9/2p2Rb1p/9/r8/4B4/4A4/2BAK4 b,0.005736017,562
3aka3/9/4b4/9/2p2Rb1p/9/r8/4B4/4A4/2BAK4 w,-0.0033321858,3722
3aka3/9/4b4/5R3/2p3b1p/9/r8/4B4/4A4/2BAK4 b,0.003767681,4921
3aka3/9/4b4/5R3/2p3b1p/9/7r1/4B4/4A4/2BAK4 w,-0.004695523,2910
3aka3/9/4b4/3R5/2p3b1p/9/7r1/4B4/4A4/2BAK4 b,0.0054988386,1982
2baka3/9/9/3R5/2p3b1p/9/7r1/4B4/4A4/2BAK4 w,-0.005295777,2731
2baka3/9/9/4R4/2p3b1p/9/7r1/4B4/4A4/2BAK4 b,0.008052063,3802
2baka3/9/4b4/4R4/2p5p/9/7r1/4B4/4A4/2BAK4 w,-0.009219325,2819
2baka3/9/4b4/2R6/2p5p/9/7r1/4B4/4A4/2BAK4 b,0.008481741,5578
2baka3/9/4b4/2R6/2p5p/9/9/4B4/4A4/2BAK2r1 w,-0.00753485,6926
2baka3/9/4b4/2R6/2p5p/9/9/4B4/9/2BAKA1r1 b,0.01100936,7963
2baka3/9/4b4/2R6/2p4rp/9/9/4B4/9/2BAKA3 w,-0.007840002,2645
2baka3/9/4b4/8R/2p4rp/9/9/4B4/9/2BAKA3 b,0.009769702,3909
2baka3/9/4b4/8R/2pr4p/9/9/4B4/9/2BAKA3 w,-0.006265104,3184
2baka3/9/4b4/7R1/2pr4p/9/9/4B4/9/2BAKA3 b,0.008397914,283
2b1ka3/4a4/4b4/7R1/2pr4p/9/9/4B4/9/2BAKA3 w,-0.007977474,3095
2b1ka3/4a4/4b4/8R/2pr4p/9/9/4B4/9/2BAKA3 b,0.006943536,3467
2b1ka3/4a4/4b4/8R/3r4p/2p6/9/4B4/9/2BAKA3 w,-0.005838537,6077
2b1ka3/4a4/4b4/8R/3r4p/2B6/9/9/9/2BAKA3 b,0.005710387,3550
2b1ka3/4a4/4b4/8R/4r3p/2B6/9/9/9/2BAKA3 w,-0.005078924,4297
2b1ka3/4a4/4b4/8R/4r3p/9/9/4B4/9/2BAKA3 b,0.00572145,3639
2b1ka3/4a4/4b4/8R/3r4p/9/9/4B4/9/2BAKA3 w,-0.0058751106,7816
2b1ka3/4a4/4b4/8R/3r4p/9/9/4B4/4A4/2BAK4 b,0.005134964,3553
2b1ka3/4a4/4b4/8R/7rp/9/9/4B4/4A4/2BAK4 w,-0.0040718676,6926
2b1ka3/4a4/4b4/8R/7rp/9/9/4B4/9/2BAKA3 b,0.0043496373,198
4ka3/4a4/b3b4/8R/7rp/9/9/4B4/9/2BAKA3 w,-0.0028703809,7636
4ka3/4a4/b3b4/8R/7rp/9/9/4B4/4A4/2B1KA3 b,0.0046369317,1622
2b1ka3/4a4/4b4/8R/7rp/9/9/4B4/4A4/2B1KA3 w,0,6924
rnbakabnr/9/1c5c1/p1p1p1p1p/9/9/P1P1P1P1P/1C5C1/9/RNBAKABNR w,0.0018041611,5827
rnbakabnr/9/1c5c1/p1p1p1p1p/9/9/P1P1P1P1P/4C2C1/9/RNBAKABNR b,-0.0017911792,110
r1bakabnr/9/1cn4c1/p1p1p1p1p/9/9/P1P1P1P1P/4C2C1/9/RNBAKABNR w,0.0018248558,7445
r1bakabnr/9/1cn4c1/p1p1p1p1p/9/9/P1P1P1P1P/2N1C2C1/9/R1BAKABNR b,-0.0018454551,562
r1baka1nr/9/1cn1b2c1/p1p1p1p1p/9/9/P1P1P1P1P/2N1C2C1/9/R1BAKABNR w,0.0019491911,7372
r1baka1nr/9/1cn1b2c1/p1p1p1p1p/9/9/P1P1P1P1P/2N1C2C1/9/1RBAKABNR b,-0.0017764926,1
1rbaka1nr/9/1cn1b2c1/p1p1p1p1p/9/9/P1P1P1P1P/2N1C2C1/9/1RBAKABNR w,0.0016990424,6368
1rbaka1nr/9/1cn1b2c1/p1p1p1p1p/9/9/P1P1P1P1P/2N1CC3/9/1RBAKABNR b,-0.0012789011,654
1rbaka2r/9/1cn1b1nc1/p1p1p1p1p/9/9/P1P1P1P1P/2N1CC3/9/1RBAKABNR w,0.0015865564,7989
1rbaka2r/9/1cn1b1nc1/p1p1p1p1p/9/9/P1P1P1P1P/2N1CCN2/9/1RBAKAB1R b,-0.0013483524,3012
1rbaka2r/9/1cn1b1nc1/p1p1p3p/6p2/9/P1P1P1P1P/2N1CCN2/9/1RBAKAB1R w,0.0018735885,8098
1rbaka2r/9/1cn1b1nc1/p1p1p3p/6p2/9/P1P1P1P1P/2N1CCN2/9/1RBAKABR1 b,-0.0020286203,727
1rbaka1r1/9/1cn1b1nc1/p1p1p3p/6p2/9/P1P1P1P1P/2N1CCN2/9/1RBAKABR1 w,0.002513051,5087
1rbaka1r1/9/1cn1b1nc1/p1p1p3p/6p2/2P6/P3P1P1P/2N1CCN2/9/1RBAKABR1 b,-0.0021549107,1765
1rbaka1r1/9/2n1b1nc1/p1p1p3p/6p2/2P6/Pc2P1P1P/2N1CCN2/9/1RBAKABR1 w,0.0052023414,5898
1rbaka1r1/9/2n1b1nc1/p1p1p3p/6p2/2PN5/Pc2P1P1P/4CCN2/9/1RBAKABR1 b,-0.00640862,2311
1rbaka1r1/9/2n1b1n2/p1p1p3p/6p2/2PN5/Pc2P1PcP/4CCN2/9/1RBAKABR1 w,0.007928371,6143
1rbaka1r1/9/2n1bCn2/p1p1p3p/6p2/2PN5/Pc2P1PcP/4C1N2/9/1RBAKABR1 b,-0.0088823205,1986
1rbakabr1/9/2n2Cn2/p1p1p3p/6p2/2PN5/Pc2P1PcP/4C1N2/9/1RBAKABR1 w,0.018145729,4351
1rbakabr1/9/2n2Cn2/p1p1N3p/6p2/2P6/Pc2P1PcP/4C1N2/9/1RBAKABR1 b,-0.004766011,1831
1rbakabr1/9/5Cn2/p1p1n3p/6p2/2P6/Pc2P1PcP/4C1N2/9/1RBAKABR1 w,0.005065441,6061
1rbakabr1/9/5Cn2/p1p1C3p/6p2/2P6/Pc2P1PcP/6N2/9/1RBAKABR1 b,0.009039665,109
2bakabr1/9/1r3Cn2/p1p1C3p/6p2/2P6/Pc2P1PcP/6N2/9/1RBAKABR1 w,0.0018797398,2839
2bakabr1/9/1r3Cn2/p1p5p/6p2/2P1C4/Pc2P1PcP/6N2/9/1RBAKABR1 b,0.0017753363,1733
2bakabr1/9/5rn2/p1p5p/6p2/2P1C4/Pc2P1PcP/6N2/9/1RBAKABR1 w,0.009630538,7435
2bakabr1/9/5rn2/p1p5p/6p2/2P1C4/PR2P1PcP/6N2/9/2BAKABR1 b,-0.007027888,2201
2bakabr1/9/5r3/p1p5p/5np2/2P1C4/PR2P1PcP/6N2/9/2BAKABR1 w,0.0140283825,4987
2bakabr1/9/5r3/p1p5p/1R3np2/2P1C4/P3P1PcP/6N2/9/2BAKABR1 b,-0.008365214,3750
2bakabr1/9/5r3/p1p5p/1R4p2/2P1C4/P3P1ncP/6N2/9/2BAKABR1 w,0.018917514,3372
2bakabr1/9/5r3/p1p5p/6R2/2P1C4/P3P1ncP/6N2/9/2BAKABR1 b,-0.005449605,5449
2bakabr1/9/5r3/p1p5p/6R2/2P1n4/P3P2cP/6N2/9/2BAKABR1 w,0.0058344128,5269
2bakabr1/9/5r3/p1p5p/6R2/2P1P4/P6cP/6N2/9/2BAKABR1 b,0.0005825758,5560
2bakabr1/9/5r3/p1p5p/6R2/2P1P4/P7P/6Nc1/9/2BAKABR1 w,0.009852695,7999
2bakabr1/9/5r3/p1p5p/6R2/2P1P4/P7P/6Nc1/7R1/2BAKAB2 b,0.0019084454,2138
2bakabr1/9/9/p1p5p/6R2/2P1P4/P7P/5rNc1/7R1/2BAKAB2 w,0.0002934456,3813
2bakabr1/9/9/p1p3R1p/9/2P1P4/P7P/5rNc1/7R1/2BAKAB2 b,-0.00019423962,691
2bakab2/9/9/p1p3R1p/9/2P1P4/P6rP/5rNc1/7R1/2BAKAB2 w,0.014686274,2976
2bakaR2/9/9/p1p5p/9/2P1P4/P6rP/5rNc1/7R1/2BAKAB2 b,-0.0067266943,5548
2bakaR2/9/9/p1p5p/9/2P1P4/P3r3P/5rNc1/7R1/2BAKAB2 w,0.027439285,7636
2bakaR2/9/9/p1p5p/9/2P1P4/P3r3P/5rNc1/4A2R1/2B1KAB2 b,-0.014403105,6361
2bakaR2/9/9/p1p5p/9/2P1P4/P3r2cP/5rN2/4A2R1/2B1KAB2 w,0.063928746,7171
2bakaR2/9/9/p1p5p/9/2P1P4/P3r2RP/5rN2/4A4/2B1KAB2 b,-0.053386595,5281
2bakaR2/9/9/p1p5p/9/2P1P4/P6rP/5rN2/4A4/2B1KAB2 w,0.06062753,6908
2bakaR2/9/9/p1p5p/9/2P1P4/P6rP/5AN2/9/2B1KAB2 b,-0.051326193,5544
2bakaR2/9/9/p1p5p/9/2P1P4/r7P/5AN2/9/2B1KAB2 w,0.061473012,6260
2bakaR2/9/9/p1p5p/9/2P1PN3/r7P/5A3/9/2B1KAB2 b,-0.058384847,4922
2bakaR2/9/9/p1p5p/9/2P1PN3/8r/5A3/9/2B1KAB2 w,0.067458205,4543
2bakaR2/9/9/p1p5p/7N1/2P1P4/8r/5A3/9/2B1KAB2 b,-0.056899715,5638
2bakaR2/9/9/p1p5p/7N1/2P1P4/4r4/5A3/9/2B1KAB2 w,0.056925606,6196
2bakaR2/9/9/p1p5p/7N1/2P1P4/4r4/9/4A4/2B1KAB2 b,-0.04264157,5269
2bakaR2/9/9/p1p5p/7N1/2P1r4/9/9/4A4/2B1KAB2 w,0.044302847,3902
2bakaR2/9/9/p1p2N2p/9/2P1r4/9/9/4A4/2B1KAB2 b,-0.04878856,4457
2bakaR2/9/9/p1p2N2p/9/2r6/9/9/4A4/2B1KAB2 w,0.067456245,7897
2bakaR2/9/9/p1p2N2p/9/2r6/9/4B4/4A4/2B1KA3 b,-0.0674062,4280
2bakaR2/9/9/p1p2N2p/9/5r3/9/4B4/4A4/2B1KA3 w,0.064762734,2901
2bakaR2/9/3N5/p1p5p/9/5r3/9/4B4/4A4/2B1KA3 b,-0.064811125,373
2ba1aR2/4k4/3N5/p1p5p/9/5r3/9/4B4/4A4/2B1KA3 w,0.06624372,555
2ba1a3/4k1R2/3N5/p1p5p/9/5r3/9/4B4/4A4/2B1KA3 b,-0.064429305,1192
2ba1a3/6R2/3Nk4/p1p5p/9/5r3/9/4B4/4A4/2B1KA3 w,0.07313128,1930
2ba1a3/6R2/4k4/p1p5p/4N4/5r3/9/4B4/4A4/2B1KA3 b,-0.059826292,4532
2ba1a3/6R2/4k4/p1p2r2p/4N4/9/9/4B4/4A4/2B1KA3 w,0.06632926,6117
2ba1a3/6R2/4k4/p1p2r2p/4N4/9/9/9/4A4/2B1KAB2 b,-0.037875034,2911
2ba1a3/6R2/4k4/p1p1r3p/4N4/9/9/9/4A4/2B1KAB2 w,0.049500443,3659
2ba1a3/6R2/4k4/p1p1r3p/9/9/5N3/9/4A4/2B1KAB2 b,-0.052953757,2848
2ba1a3/6R2/4k4/p1p5p/9/9/4rN3/9/4A4/2B1KAB2 w,0.061442852,5352
2ba1a3/6R2/4k4/p1p5p/6N2/9/4r4/9/4A4/2B1KAB2 b,-0.043813325,5260
2ba1a3/6R2/4k4/p1p5p/4r1N2/9/9/9/4A4/2B1KAB2 w,0.049579978,1374
2ba1a3/9/4k1R2/p1p5p/4r1N2/9/9/9/4A4/2B1KAB2 b,-0.035817873,1993
2ba1a3/4k4/6R2/p1p5p/4r1N2/9/9/9/4A4/2B1KAB2 w,0.047021296,3803
2ba1a3/4k4/5NR2/p1p5p/4r4/9/9/9/4A4/2B1KAB2 b,-0.037046432,3631
2ba1a3/4k4/5NR2/p1p1r3p/9/9/9/9/4A4/2B1KAB2 w,0.04742558,2166
2ba1aR2/4k4/5N3/p1p1r3p/9/9/9/9/4A4/2B1KAB2 b,-0.035236668,2822
2ba1aR2/4k4/5N3/p1p2r2p/9/9/9/9/4A4/2B1KAB2 w,0.045402814,545
2ba1R3/4k4/5N3/p1p2r2p/9/9/9/9/4A4/2B1KAB2 b,-0.046493042,1192
2ba1R3/9/4kN3/p1p2r2p/9/9/9/9/4A4/2B1KAB2 w,0.06875282,2086
2ba1R3/7N1/4k4/p1p2r2p/9/9/9/9/4A4/2B1KAB2 b,-0.04002011,2885
2ba1r3/7N1/4k4/p1p5p/9/9/9/9/4A4/2B1KAB2 w,0.041374948,1445
2ba1N3/9/4k4/p1p5p/9/9/9/9/4A4/2B1KAB2 b,-0.03974248,1993
2ba1N3/4k4/9/p1p5p/9/9/9/9/4A4/2B1KAB2 w,0.041320372,474
2ba5/4k4/6N2/p1p5p/9/9/9/9/4A4/2B1KAB2 b,-0.043299116,1174
2bak4/9/6N2/p1p5p/9/9/9/9/4A4/2B1KAB2 w,0.041638326,2195
2bak4/9/9/p1p5N/9/9/9/9/4A4/2B1KAB2 b,-0.039836835,2466
2bak4/9/9/2p5N/p8/9/9/9/4A4/2B1KAB2 w,0.035893466,3174
2bak4/9/6N2/2p6/p8/9/9/9/4A4/2B1KAB2 b,-0.037931945,3285
2bak4/9/6N2/2p6/9/p8/9/9/4A4/2B1KAB2 w,0.041111495,2201
2bak4/9/9/2p6/5N3/p8/9/9/4A4/2B1KAB2 b,-0.033705305,283
2b1k4/4a4/9/2p6/5N3/p8/9/9/4A4/2B1KAB2 w,0.03745184,3720
2b1k4/4a4/9/2pN5/9/p8/9/9/4A4/2B1KAB2 b,-0.032461703,1191
2b1k4/9/3a5/2pN5/9/p8/9/9/4A4/2B1KAB2 w,0.04168768,2723
2b1k4/9/3a1N3/2p6/9/p8/9/9/4A4/2B1KAB2 b,-0.04910604,373
2b6/4k4/3a1N3/2p6/9/p8/9/9/4A4/2B1KAB2 w,0.057148006,2110
2b6/4k4/3a5/2p6/4N4/p8/9/9/4A4/2B1KAB2 b,-0.048901867,202
9/4k4/3ab4/2p6/4N4/p8/9/9/4A4/2B1KAB2 w,0.065103725,3621
9/4k4/3Nb4/2p6/9/p8/9/9/4A4/2B1KAB2 b,-0.058680307,4104
9/4k4/3Nb4/2p6/9/9/p8/9/4A4/2B1KAB2 w,0.05940583,1900
9/1N2k4/4b4/2p6/9/9/p8/9/4A4/2B1KAB2 b,-0.053501394,2648
9/1N2k4/4b4/9/2p6/9/p8/9/4A4/2B1KAB2 w,0.053683616,6924
9/1N2k4/4b4/9/2p6/9/p8/9/9/2BAKAB2 b,-0.054816615,3467
9/1N2k4/4b4/9/9/2p6/p8/9/9/2BAKAB2 w,0.060412813,903
3N5/4k4/4b4/9/9/2p6/p8/9/9/2BAKAB2 b,-0.05322924,1182
3N5/3k5/4b4/9/9/2p6/p8/9/9/2BAKAB2 w,0.051991105,280
9/1N1k5/4b4/9/9/2p6/p8/9/9/2BAKAB2 b,-0.048326697,1093
9/1N2k4/4b4/9/9/2p6/p8/9/9/2BAKAB2 w,0.055045225,929
9/4k4/4b4/2N6/9/2p6/p8/9/9/2BAKAB2 b,-0.04026295,4915
9/4k4/4b4/2N6/9/2p6/1p7/9/9/2BAKAB2 w,0.05520904,7533
9/4k4/4b4/2N6/9/2p6/1p7/B8/9/3AKAB2 b,-0.042741895,4286
9/4k4/4b4/2N6/9/9/1pp6/B8/9/3AKAB2 w,0.049810935,2632
9/4k4/4N4/9/9/9/1pp6/B8/9/3AKAB2 b,-0.03446083,5097
9/4k4/4N4/9/9/9/1p1p5/B8/9/3AKAB2 w,0.050592877,7901
9/4k4/4N4/9/9/9/1p1p5/B7B/9/3AKA3 b,-0.039108243,5006
9/4k4/4N4/9/9/9/2pp5/B7B/9/3AKA3 w,0.048521783,5753
9/4k4/4N4/9/9/9/2pp5/8B/9/2BAKA3 b,-0.035679173,5095
9/4k4/4N4/9/9/9/1p1p5/8B/9/2BAKA3 w,0.039589215,6477
9/4k4/4N4/9/9/9/1p1p5/9/9/2BAKAB2 b,-0.0240721,5006
9/4k4/4N4/9/9/9/2pp5/9/9/2BAKAB2 w,0.038654473,7726
9/4k4/4N4/9/9/9/2pp5/9/4K4/2BA1AB2 b,-0.025649536,5095
9/4k4/4N4/9/9/9/1p1p5/9/4K4/2BA1AB2 w,0.034496285,7533
9/4k4/4N4/9/9/9/1p1p5/B8/4K4/3A1AB2 b,-0.027315868,5006
9/4k4/4N4/9/9/9/2pp5/B8/4K4/3A1AB2 w,0.040024497,5717
9/4k4/4N4/9/9/2B6/2pp5/9/4K4/3A1AB2 b,-0.03537346,5105
9/4k4/4N4/9/9/2B6/3p5/2p6/4K4/3A1AB2 w,0.041190147,6925
9/4k4/4N4/9/9/2B6/3p5/2p6/9/3AKAB2 b,-0.032278646,5196
9/4k4/4N4/9/9/2B6/9/2pp5/9/3AKAB2 w,0.034352638,7726
9/4k4/4N4/9/9/2B6/9/2pp5/4K4/3A1AB2 b,-0.020834578,5924
9/4k4/4N4/9/9/2B6/9/3p5/2p1K4/3A1AB2 w,0.03530531,4293
9/4k4/4N4/9/9/9/9/B2p5/2p1K4/3A1AB2 b,-0.023935927,6735
9/4k4/4N4/9/9/9/9/B2p5/3pK4/3A1AB2 w,0.03108344,6925
9/4k4/4N4/9/9/9/9/B2p5/3p5/3AKAB2 b,-0.018914485,6005
9/4k4/4N4/9/9/9/9/B1p6/3p5/3AKAB2 w,0.009533,7816
9/4k4/4N4/9/9/9/9/B1p6/3pA4/3AK1B2 b,0.0058321,1192
9/9/4k4/9/9/9/9/B1p6/3pA4/3AK1B2 w,-0.0036100626,7736
9/9/4k4/9/9/9/9/B1p6/3pA4/3A1KB2 b,0.004601836,5924
9/9/4k4/9/9/9/9/B8/2ppA4/3A1KB2 w,-0.001262331,5717
9/9/4k4/9/9/2B6/9/9/2ppA4/3A1KB2 b,0.0022380592,1993
9/4k4/9/9/9/2B6/9/9/2ppA4/3A1KB2 w,-0.00024181604,7897
9/4k4/9/9/9/2B6/9/4B4/2ppA4/3A1K3 b,0.0018921852,1174
4k4/9/9/9/9/2B6/9/4B4/2ppA4/3A1K3 w,-0.0008158207,7817
4k4/9/9/9/9/2B6/9/4B4/2ppAK3/3A5 b,0.001241994,363
3k5/9/9/9/9/2B6/9/4B4/2ppAK3/3A5 w,-0.00019954443,7016
3k5/9/9/9/9/2B6/9/4B4/2ppA4/3A1K3 b,0.0011286974,282
9/3k5/9/9/9/2B6/9/4B4/2ppA4/3A1K3 w,-0.0004944205,7817
9/3k5/9/9/9/2B6/9/4B4/2ppAK3/3A5 b,0.0011537314,1093
9/4k4/9/9/9/2B6/9/4B4/2ppAK3/3A5 w,0,7016
rnbakabnr/9/1c5c1/p1p1p1p1p/9/9/P1P1P1P1P/1C5C1/9/RNBAKABNR w,0.0018094063,5827
rnbakabnr/9/1c5c1/p1p1p1p1p/9/9/P1P1P1P1P/4C2C1/9/RNBAKABNR b,-0.0017911792,110
r1bakabnr/9/1cn4c1/p1p1p1p1p/9/9/P1P1P1P1P/4C2C1/9/RNBAKABNR w,0.001820159,7445
r1bakabnr/9/1cn4c1/p1p1p1p1p/9/9/P1P1P1P1P/2N1C2C1/9/R1BAKABNR b,-0.0018479585,562
r1baka1nr/9/1cn1b2c1/p1p1p1p1p/9/9/P1P1P1P1P/2N1C2C1/9/R1BAKABNR w,0.0019465685,7372
r1baka1nr/9/1cn1b2c1/p1p1p1p1p/9/9/P1P1P1P1P/2N1C2C1/9/1RBAKABNR b,-0.0017663479,1
1rbaka1nr/9/1cn1b2c1/p1p1p1p1p/9/9/P1P1P1P1P/2N1C2C1/9/1RBAKABNR w,0.0016866922,6368
1rbaka1nr/9/1cn1b2c1/p1p1p1p1p/9/9/P1P1P1P1P/2N1CC3/9/1RBAKABNR b,-0.002221775,2648
1rbaka1nr/9/1cn1b2c1/p3p1p1p/2p6/9/P1P1P1P1P/2N1CC3/9/1RBAKABNR w,0.0025887012,7989
1rbaka1nr/9/1cn1b2c1/p3p1p1p/2p6/9/P1P1P1P1P/2N1CCN2/9/1RBAKAB1R b,-0.00260669,1765
1rbaka1nr/9/2n1b2c1/p3p1p1p/2p6/9/PcP1P1P1P/2N1CCN2/9/1RBAKAB1R w,0.0039292574,8098
1rbaka1nr/9/2n1b2c1/p3p1p1p/2p6/9/PcP1P1P1P/2N1CCN2/9/1RBAKABR1 b,-0.0017994404,644
1rbaka2r/5n3/2n1b2c1/p3p1p1p/2p6/9/PcP1P1P1P/2N1CCN2/9/1RBAKABR1 w,0.0025666,7972
1rbaka2r/5n3/2n1b2c1/p3p1p1p/2p6/7R1/PcP1P1P1P/2N1CCN2/9/1RBAKAB2 b,-0.0018208743,727
1rbaka1r1/5n3/2n1b2c1/p3p1p1p/2p6/7R1/PcP1P1P1P/2N1CCN2/9/1RBAKAB2 w,0.0026646138,5087
1rbaka1r1/5n3/2n1b2c1/p3p1p1p/2p6/2P4R1/Pc2P1P1P/2N1CCN2/9/1RBAKAB2 b,-0.005434072,3467
1rbaka1r1/5n3/2n1b2c1/p3p1p1p/9/2p4R1/Pc2P1P1P/2N1CCN2/9/1RBAKAB2 w,0.008141303,4727
1rbaka1r1/5n3/2n1b2c1/p3p1p1p/9/2R6/Pc2P1P1P/2N1CCN2/9/1RBAKAB2 b,-0.013996578,5010
1rbaka1r1/5n3/2n1b2c1/p3p1p1p/9/2R6/P3P1c1P/2N1CCN2/9/1RBAKAB2 w,0.013007427,7381
1Rbaka1r1/5n3/2n1b2c1/p3p1p1p/9/2R6/P3P1c1P/2N1CCN2/9/2BAKAB2 b,-0.00504092,1801
1nbaka1r1/5n3/4b2c1/p3p1p1p/9/2R6/P3P1c1P/2N1CCN2/9/2BAKAB2 w,0.011063099,7901
1nbaka1r1/5n3/4b2c1/p3p1p1p/9/2R6/P3P1c1P/2N1CCN1B/9/2BAKA3 b,-0.0018676043,2338
1nbaka1r1/5n3/4b4/p3p1p1p/9/2R6/P3P1c1P/2N1CCN1B/9/2BAKA1c1 w,0.008040619,6298
1nbaka1r1/5n3/4b4/p3p1p1p/9/2R6/P3P1c1P/2N1CC2B/9/2BAKA1N1 b,-0.008010066,718
1nbaka3/5n3/4b4/p3p1p1p/9/2R6/P3P1c1P/2N1CC2B/9/2BAKA1r1 w,0.023310853,4281
1nbaka3/5n3/4b4/p3p1p1p/9/6R2/P3P1c1P/2N1CC2B/9/2BAKA1r1 b,-0.0086658,7981
1nbaka3/5n3/4b4/p3p1p1p/9/6R2/P3P1crP/2N1CC2B/9/2BAKA3 w,0.011041236,5898
1nbaka3/5n3/4b4/p3p1p1p/9/3N2R2/P3P1crP/4CC2B/9/2BAKA3 b,-0.005172968,5462
1nbaka3/5n3/4b4/p3p1p1p/9/3N2R2/P3P2rc/4CC2B/9/2BAKA3 w,0.009851552,4361
1nbaka3/5n3/4b4/p3p1p1p/5N3/6R2/P3P2rc/4CC2B/9/2BAKA3 b,0.012162757,5549
1nbaka3/5n3/4b4/p3p1p1p/5N3/6R2/P3Pr2c/4CC2B/9/2BAKA3 w,-0.0120408535,3720
1nbaka3/5n3/4b4/p2Np1p1p/9/6R2/P3Pr2c/4CC2B/9/2BAKA3 b,0.0150538925,5378
1nbaka3/5n3/4b4/p2Np1p1p/9/6R2/P3P3c/4Cr2B/9/2BAKA3 w,-0.0064696907,2711
1nbaka3/2N2n3/4b4/p3p1p1p/9/6R2/P3P3c/4Cr2B/9/2BAKA3 b,0.0076464894,373
1nba1a3/2N1kn3/4b4/p3p1p1p/9/6R2/P3P3c/4Cr2B/9/2BAKA3 w,0.004246497,7636
1nba1a3/2N1kn3/4b4/p3p1p1p/9/6R2/P3P3c/4Cr2B/4A4/2B1KA3 b,0.0100633865,6191
1nba1a3/2N1kn3/4b4/p3p1p1p/9/6R2/P3P3c/4C3r/4A4/2B1KA3 w,-0.0002669096,4640
1nba1a3/2N1kn3/4b4/p3p1p1p/9/5R3/P3P3c/4C3r/4A4/2B1KA3 b,0.036043763,6459
1nba1a3/2N1kn3/4b4/p3p1p1p/9/5R3/P3P3c/4C1r2/4A4/2B1KA3 w,-0.014921355,4553
1nba1a3/2N1kn3/4b4/p3p1p1p/9/8R/P3P3c/4C1r2/4A4/2B1KA3 b,0.019956304,5651
1nba1a3/2N1kn3/4b4/p3p1p1p/9/8R/P3P4/4C1r1c/4A4/2B1KA3 w,0.004784465,6101
1nba1a3/2N1kn3/4b4/p3p1p1p/9/8R/P3P4/6r1C/4A4/2B1KA3 b,0.00949378,108
2ba1a3/2N1kn3/n3b4/p3p1p1p/9/8R/P3P4/6r1C/4A4/2B1KA3 w,0.0009349108,1020
2ba1a3/4kn3/n3b4/p2Np1p1p/9/8R/P3P4/6r1C/4A4/2B1KA3 b,0.00010902882,1174
2baka3/5n3/n3b4/p2Np1p1p/9/8R/P3P4/6r1C/4A4/2B1KA3 w,0.0074142218,6425
2baka3/5n3/n3b4/p2Np1p1C/9/8R/P3P4/6r2/4A4/2B1KA3 b,-0.0007862568,6275
2baka3/5n3/n3b4/p2Np1p1C/9/8R/P3P4/2r6/4A4/2B1KA3 w,0.0051864623,7537
2baka3/5n3/n3b4/p2Np1p1C/9/8R/P3P4/2r1B4/4A4/4KA3 b,-0.005008805,5917
2baka3/5n3/n3b4/p2Np1p1C/9/8R/P3P4/4r4/4A4/4KA3 w,0.032927085,4820
2baka3/5n3/n3b4/p2Np1p1C/9/5R3/P3P4/4r4/4A4/4KA3 b,-0.0034422756,6101
2baka3/5n3/n3b4/p2Np1p1C/9/5R3/P3P4/8r/4A4/4KA3 w,0.0021633387,3158
2baka2C/5n3/n3b4/p2Np1p2/9/5R3/P3P4/8r/4A4/4KA3 b,0.022864604,6398
2baka2r/5n3/n3b4/p2Np1p2/9/5R3/P3P4/9/4A4/4KA3 w,-0.018453037,4514
2baka2r/5R3/n3b4/p2Np1p2/9/9/P3P4/9/4A4/4KA3 b,0.023603177,283
2b1ka2r/4aR3/n3b4/p2Np1p2/9/9/P3P4/9/4A4/4KA3 w,-0.010500431,1292
2b1ka2r/4a4/n3b4/p2NpRp2/9/9/P3P4/9/4A4/4KA3 b,0.017660666,782
2b1ka3/4a4/n3b4/p2NpRp2/9/9/P3P3r/9/4A4/4KA3 w,-0.007191026,2911
2b1ka3/4a4/n3b4/p2NR1p2/9/9/P3P3r/9/4A4/4KA3 b,0.0071446896,5633
2b1ka3/4a4/n3b4/p2NR1p2/9/8r/P3P4/9/4A4/4KA3 w,-0.0049042823,2823
2b1ka3/4a4/n3b4/p2N2R2/9/8r/P3P4/9/4A4/4KA3 b,0.01039052,4818
2b1ka3/4a4/n3b4/p2N2R2/9/3r5/P3P4/9/4A4/4KA3 w,-0.0025299431,2741
2b1ka3/4a4/n3b4/p5R2/5N3/3r5/P3P4/9/4A4/4KA3 b,0.0062137605,4377
2b1ka3/4a4/n3b4/p5R2/5N3/9/P2rP4/9/4A4/4KA3 w,-0.0023446083,2997
2b1ka3/4a4/n3b4/R8/5N3/9/P2rP4/9/4A4/4KA3 b,0.0047988654,5169
2b1ka3/4a4/n3b4/R8/3r1N3/9/P3P4/9/4A4/4KA3 w,0.003313923,3724
2b1ka3/4a4/n3b4/R6N1/3r5/9/P3P4/9/4A4/4KA3 b,0.0010344743,3567
2b1ka3/4a4/n3b4/R6N1/9/9/P2rP4/9/4A4/4KA3 w,-0.003102708,3075
2b1ka3/4a1N2/n3b4/R8/9/9/P2rP4/9/4A4/4KA3 b,-0.002045381,363
2bk1a3/4a1N2/n3b4/R8/9/9/P2rP4/9/4A4/4KA3 w,0.002490759,1382
2bk1a3/4a4/n3b4/R4N3/9/9/P2rP4/9/4A4/4KA3 b,0.0039057254,1631
2bk1a3/2n1a4/4b4/R4N3/9/9/P2rP4/9/4A4/4KA3 w,-0.007726181,2439
2bk1a3/R1n1a4/4b4/5N3/9/9/P2rP4/9/4A4/4KA3 b,0.024594141,1018
2bk1a3/R3a4/4b4/1n3N3/9/9/P2rP4/9/4A4/4KA3 w,-0.009011137,820
2bk1a3/1R2a4/4b4/1n3N3/9/9/P2rP4/9/4A4/4KA3 b,0.012872839,2567
2bk1a3/1R2a4/4b4/5N3/9/2n6/P2rP4/9/4A4/4KA3 w,-0.0057055475,2931
2bk1a3/1R2a4/4b4/9/9/2n3N2/P2rP4/9/4A4/4KA3 b,0.008873725,5184
2bk1a3/1R2a4/4b4/9/9/2n3N2/r3P4/9/4A4/4KA3 w,-0.005510664,982
2bk1a3/4a4/4b4/9/9/2n3N2/r3P4/9/4A4/1R2KA3 b,0.0077454806,4288
2bk1a3/4a4/4b4/9/9/6N2/r3n4/9/4A4/1R2KA3 w,-0.0065584662,4648
2bk1a3/4a4/4b4/9/9/9/r3N4/9/4A4/1R2KA3 b,0.006821561,4918
2bk1a3/4a4/4b4/9/9/9/4r4/9/4A4/1R2KA3 w,-0.0072678565,7464
2bk1a3/4a4/4b4/9/9/9/4r4/9/4A4/3RKA3 b,0.0074496507,274
2b1ka3/4a4/4b4/9/9/9/4r4/9/4A4/3RKA3 w,-0.0063006403,7626
2b1ka3/4a4/4b4/9/9/9/4r4/3R5/4A4/4KA3 b,0.0032913208,5274
2b1ka3/4a4/4b4/9/9/9/r8/3R5/4A4/4KA3 w,-0.006202388,6924
2b1ka3/4a4/4b4/9/9/9/r8/3R5/9/3AKA3 b,0.002638364,4918
2b1ka3/4a4/4b4/9/9/9/4r4/3R5/9/3AKA3 w,0,7636
rnbakabnr/9/1c5c1/p1p1p1p1p/9/9/P1P1P1P1P/1C5C1/9/RNBAKABNR w,0.00182724,5827
rnbakabnr/9/1c5c1/p1p1p1p1p/9/9/P1P1P1P1P/4C2C1/9/RNBAKABNR b,-0.0017911792,110
r1bakabnr/9/1cn4c1/p1p1p1p1p/9/9/P1P1P1P1P/4C2C1/9/RNBAKABNR w,0.0018260956,7445
r1bakabnr/9/1cn4c1/p1p1p1p1p/9/9/P1P1P1P1P/2N1C2C1/9/R1BAKABNR b,-0.0018071294,562
r1baka1nr/9/1cn1b2c1/p1p1p1p1p/9/9/P1P1P1P1P/2N1C2C1/9/R1BAKABNR w,0.0019465685,7372
r1baka1nr/9/1cn1b2c1/p1p1p1p1p/9/9/P1P1P1P1P/2N1C2C1/9/1RBAKABNR b,-0.0017735482,1
1rbaka1nr/9/1cn1b2c1/p1p1p1p1p/9/9/P1P1P1P1P/2N1C2C1/9/1RBAKABNR w,0.0016990424,6368
1rbaka1nr/9/1cn1b2c1/p1p1p1p1p/9/9/P1P1P1P1P/2N1CC3/9/1RBAKABNR b,-0.0012857557,654
1rbaka2r/9/1cn1b1nc1/p1p1p1p1p/9/9/P1P1P1P1P/2N1CC3/9/1RBAKABNR w,0.0015803337,7989
1rbaka2r/9/1cn1b1nc1/p1p1p1p1p/9/9/P1P1P1P1P/2N1CCN2/9/1RBAKAB1R b,-0.001368165,3012
1rbaka2r/9/1cn1b1nc1/p1p1p3p/6p2/9/P1P1P1P1P/2N1CCN2/9/1RBAKAB1R w,0.0019045115,8098
1rbaka2r/9/1cn1b1nc1/p1p1p3p/6p2/9/P1P1P1P1P/2N1CCN2/9/1RBAKABR1 b,-0.0019092917,727
1rbaka1r1/9/1cn1b1nc1/p1p1p3p/6p2/9/P1P1P1P1P/2N1CCN2/9/1RBAKABR1 w,0.0027637244,5087
1rbaka1r1/9/1cn1b1nc1/p1p1p3p/6p2/2P6/P3P1P1P/2N1CCN2/9/1RBAKABR1 b,-0.002154696,1765
1rbaka1r1/9/2n1b1nc1/p1p1p3p/6p2/2P6/Pc2P1P1P/2N1CCN2/9/1RBAKABR1 w,0.0047726394,5898
1rbaka1r1/9/2n1b1nc1/p1p1p3p/6p2/2PN5/Pc2P1P1P/4CCN2/9/1RBAKABR1 b,-0.006530476,2311
1rbaka1r1/9/2n1b1n2/p1p1p3p/6p2/2PN5/Pc2P1PcP/4CCN2/9/1RBAKABR1 w,0.00785389,6143
1rbaka1r1/9/2n1bCn2/p1p1p3p/6p2/2PN5/Pc2P1PcP/4C1N2/9/1RBAKABR1 b,-0.008457172,1986
1rbakabr1/9/2n2Cn2/p1p1p3p/6p2/2PN5/Pc2P1PcP/4C1N2/9/1RBAKABR1 w,0.01849935,4351
1rbakabr1/9/2n2Cn2/p1p1N3p/6p2/2P6/Pc2P1PcP/4C1N2/9/1RBAKABR1 b,-0.0048104883,1831
1rbakabr1/9/5Cn2/p1p1n3p/6p2/2P6/Pc2P1PcP/4C1N2/9/1RBAKABR1 w,0.0050498727,6061
1rbakabr1/9/5Cn2/p1p1C3p/6p2/2P6/Pc2P1PcP/6N2/9/1RBAKABR1 b,0.00921042,109
2bakabr1/9/1r3Cn2/p1p1C3p/6p2/2P6/Pc2P1PcP/6N2/9/1RBAKABR1 w,0.0041499855,7636
2bakabr1/9/1r3Cn2/p1p1C3p/6p2/2P6/Pc2P1PcP/6N2/4A4/1RB1KABR1 b,-0.0025953173,1733
2bakabr1/9/5rn2/p1p1C3p/6p2/2P6/Pc2P1PcP/6N2/4A4/1RB1KABR1 w,0.008498478,7435
2bakabr1/9/5rn2/p1p1C3p/6p2/2P6/PR2P1PcP/6N2/4A4/2B1KABR1 b,-0.008850336,2102
2bakabr1/9/6n2/p1p1Cr2p/6p2/2P6/PR2P1PcP/6N2/4A4/2B1KABR1 w,0.014161897,2839
2bakabr1/9/6n2/p1p2r2p/6p2/2P1C4/PR2P1PcP/6N2/4A4/2B1KABR1 b,-0.012304867,2939
2bakabr1/9/6n2/p1p5p/6p2/2P1C4/PR2PrPcP/6N2/4A4/2B1KABR1 w,0.018488837,4987
2bakabr1/9/6n2/p1p5p/1R4p2/2P1C4/P3PrPcP/6N2/4A4/2B1KABR1 b,-0.012554407,2201
2bakabr1/9/9/p1p5p/1R3np2/2P1C4/P3PrPcP/6N2/4A4/2B1KABR1 w,0.03212562,7897
2bakabr1/9/9/p1p5p/1R3np2/2P1C4/P3PrPcP/4B1N2/4A4/2B1KA1R1 b,-0.016693568,3748
2bakabr1/9/9/p1p5p/1R4p2/2P1C4/P3nrPcP/4B1N2/4A4/2B1KA1R1 w,0.032024216,3372
2bakabr1/9/9/p1p5p/6R2/2P1C4/P3nrPcP/4B1N2/4A4/2B1KA1R1 b,-0.019467091,5285
2bakabr1/9/9/p1p5p/6R2/2P1C4/P4rPcP/2n1B1N2/4A4/2B1KA1R1 w,0.020865679,3813
2bakabr1/9/9/p1p3R1p/9/2P1C4/P4rPcP/2n1B1N2/4A4/2B1KA1R1 b,-0.0057715657,5560
2bakabr1/9/9/p1p3R1p/9/2P1C4/P4rP1P/2n1B1Nc1/4A4/2B1KA1R1 w,0.0122033125,2999
2bakabr1/9/9/p1R5p/9/2P1C4/P4rP1P/2n1B1Nc1/4A4/2B1KA1R1 b,0.00026512146,5370
2bakabr1/9/9/p1R5p/9/2P1C4/P5r1P/2n1B1Nc1/4A4/2B1KA1R1 w,0.018859839,2641
2bakabr1/9/9/p3R3p/9/2P1C4/P5r1P/2n1B1Nc1/4A4/2B1KA1R1 b,-0.029068923,562
2baka1r1/9/4b4/p3R3p/9/2P1C4/P5r1P/2n1B1Nc1/4A4/2B1KA1R1 w,0.10721679,2812
2baka1r1/9/4R4/p7p/9/2P1C4/P5r1P/2n1B1Nc1/4A4/2B1KA1R1 b,-0.10146868,283
2b1ka1r1/4a4/4R4/p7p/9/2P1C4/P5r1P/2n1B1Nc1/4A4/2B1KA1R1 w,0.12430155,2005
2b1ka1r1/4a4/7R1/p7p/9/2P1C4/P5r1P/2n1B1Nc1/4A4/2B1KA1R1 b,-0.11888816,202
4ka1r1/4a4/4b2R1/p7p/9/2P1C4/P5r1P/2n1B1Nc1/4A4/2B1KA1R1 w,0.13090523,2257
4ka1R1/4a4/4b4/p7p/9/2P1C4/P5r1P/2n1B1Nc1/4A4/2B1KA1R1 b,-0.1372822,5469
4ka1R1/4a4/4b4/p7p/9/2P1C4/P7P/2n1B1rc1/4A4/2B1KA1R1 w,0.14850585,700
4ka3/4a4/4b4/p7p/9/2P1C4/P7P/2n1B1rR1/4A4/2B1KA1R1 b,-0.15073918,6270
4ka3/4a4/4b4/p7p/9/2P1C4/P5r1P/2n1B2R1/4A4/2B1KA1R1 w,0.1589471,6361
4ka3/4a4/4b4/p7p/9/2P1C4/P5rRP/2n1B4/4A4/2B1KA1R1 b,-0.15244961,5461
4ka3/4a4/4b4/p7p/9/2P1C4/P6rP/2n1B4/4A4/2B1KA1R1 w,0.15671416,7981
4ka3/4a4/4b4/p7p/9/2P1C4/P6RP/2n1B4/4A4/2B1KA3 b,-0.15333344,5898
4ka3/4a4/4b4/p7p/9/2PnC4/P6RP/4B4/4A4/2B1KA3 w,0.16095534,5524
4ka3/4a4/4b4/p6Rp/9/2PnC4/P7P/4B4/4A4/2B1KA3 b,-0.15085565,2466
4ka3/4a4/4b4/7Rp/p8/2PnC4/P7P/4B4/4A4/2B1KA3 w,0.16085605,3085
4ka3/4a4/4b2R1/8p/p8/2PnC4/P7P/4B4/4A4/2B1KA3 b,-0.15327942,4351
4ka3/4a4/4b2R1/4n3p/p8/2P1C4/P7P/4B4/4A4/2B1KA3 w,0.15512197,2272
4ka3/4a4/4R4/4n3p/p8/2P1C4/P7P/4B4/4A4/2B1KA3 b,-0.15959644,2832
4ka3/4a4/4R4/8p/p5n2/2P1C4/P7P/4B4/4A4/2B1KA3 w,0.1683559,4461
4ka3/4a4/4R4/8p/p5n2/2P3C2/P7P/4B4/4A4/2B1KA3 b,-0.16803418,363
3k1a3/4a4/4R4/8p/p5n2/2P3C2/P7P/4B4/4A4/2B1KA3 w,0.16794847,2020
3k1a3/4a4/9/8p/p3R1n2/2P3C2/P7P/4B4/4A4/2B1KA3 b,-0.16804592,3803
3k1a3/4a4/5n3/8p/p3R4/2P3C2/P7P/4B4/4A4/2B1KA3 w,0.17347084,3639
3k1a3/4a4/5n3/8p/p2R5/2P3C2/P7P/4B4/4A4/2B1KA3 b,-0.16533685,274
4ka3/4a4/5n3/8p/p2R5/2P3C2/P7P/4B4/4A4/2B1KA3 w,0.16090165,3546
4ka3/4a4/5n3/8p/R8/2P3C2/P7P/4B4/4A4/2B1KA3 b,-0.164376,1173
3aka3/9/5n3/8p/R8/2P3C2/P7P/4B4/4A4/2B1KA3 w,0.16981693,3279
3aka3/9/5n3/8p/3R5/2P3C2/P7P/4B4/4A4/2B1KA3 b,-0.16462247,2104
3aka3/9/9/7np/3R5/2P3C2/P7P/4B4/4A4/2B1KA3 w,0.16236739,4596
3akaC2/9/9/7np/3R5/2P6/P7P/4B4/4A4/2B1KA3 b,-0.16417804,463
3ak1C2/4a4/9/7np/3R5/2P6/P7P/4B4/4A4/2B1KA3 w,0.17044035,573
3ak4/4a4/9/6Cnp/3R5/2P6/P7P/4B4/4A4/2B1KA3 b,-0.16629566,3075
3ak4/4a1n2/9/6C1p/3R5/2P6/P7P/4B4/4A4/2B1KA3 w,0.16922422,3548
3ak4/4a1n2/9/6C1p/2R6/2P6/P7P/4B4/4A4/2B1KA3 b,-0.16184287,1382
3ak4/4a4/9/5nC1p/2R6/2P6/P7P/4B4/4A4/2B1KA3 w,0.16814871,3461
3ak4/4a4/9/5nC1p/5R3/2P6/P7P/4B4/4A4/2B1KA3 b,-0.16898592,2901
3ak4/4a4/3n5/6C1p/5R3/2P6/P7P/4B4/4A4/2B1KA3 w,0.17450006,2997
3ak4/4a4/3n5/C7p/5R3/2P6/P7P/4B4/4A4/2B1KA3 b,-0.1642825,1175
3aka3/9/3n5/C7p/5R3/2P6/P7P/4B4/4A4/2B1KA3 w,0.17130391,2461
3aka3/9/3n5/4C3p/5R3/2P6/P7P/4B4/4A4/2B1KA3 b,-0.16686328,1918
3aka3/9/9/1n2C3p/5R3/2P6/P7P/4B4/4A4/2B1KA3 w,0.17337199,4268
3aka3/9/9/1n2C3p/2P2R3/9/P7P/4B4/4A4/2B1KA3 b,-0.17122309,2541
3aka3/9/3n5/4C3p/2P2R3/9/P7P/4B4/4A4/2B1KA3 w,0.1729325,3449
3aka3/9/3n5/2P1C3p/5R3/9/P7P/4B4/4A4/2B1KA3 b,-0.1746612,1928
3aka3/9/9/2P1C3p/2n2R3/9/P7P/4B4/4A4/2B1KA3 w,0.17773227,3728
3aka3/9/9/2P1C3p/2R6/9/P7P/4B4/4A4/2B1KA3 b,-0.17978768,373
3a1a3/4k4/9/2P1C3p/2R6/9/P7P/4B4/4A4/2B1KA3 w,0.184388,2630
3a1a3/4k4/2P6/4C3p/2R6/9/P7P/4B4/4A4/2B1KA3 b,-0.17545162,1182
3a1a3/3k5/2P6/4C3p/2R6/9/P7P/4B4/4A4/2B1KA3 w,0.1843944,3459
3a1a3/3k5/2P6/4C3p/3R5/9/P7P/4B4/4A4/2B1KA3 b,-0.18345992,1093
3a1a3/4k4/2P6/4C3p/3R5/9/P7P/4B4/4A4/2B1KA3 w,0.18405186,1821
3a1a3/4k4/3P5/4C3p/3R5/9/P7P/4B4/4A4/2B1KA3 b,-0.18204509,1184
3a1a3/5k3/3P5/4C3p/3R5/9/P7P/4B4/4A4/2B1KA3 w,0.18202333,3551
3a1a3/5k3/3P5/4C3p/5R3/9/P7P/4B4/4A4/2B1KA3 b,-0.1804694,1273
3a1a3/4k4/3P5/4C3p/5R3/9/P7P/4B4/4A4/2B1KA3 w,0.18713553,1912
3a1a3/4k4/4P4/4C3p/5R3/9/P7P/4B4/4A4/2B1KA3 b,-0.16632068,1192
3a1a3/9/4k4/4C3p/5R3/9/P7P/4B4/4A4/2B1KA3 w,0.17133157,4905
3a1a3/9/4k4/4C3p/5R3/P8/8P/4B4/4A4/2B1KA3 b,-0.15866084,1993
3a1a3/4k4/9/4C3p/5R3/P8/8P/4B4/4A4/2B1KA3 w,0.15926042,2848
3a1a3/4k4/9/8p/5R3/P8/4C3P/4B4/4A4/2B1KA3 b,-0.15394405,1174
3aka3/9/9/8p/5R3/P8/4C3P/4B4/4A4/2B1KA3 w,0.16190098,3730
3aka3/9/9/8p/4R4/P8/4C3P/4B4/4A4/2B1KA3 b,-0.17124279,283
4ka3/4a4/9/8p/4R4/P8/4C3P/4B4/4A4/2B1KA3 w,0.19186611,7734
4ka3/4a4/9/8p/4R4/P8/4C3P/4B4/4A4/2BK1A3 b,-0.19230865,3194
4ka3/4a4/9/9/4R3p/P8/4C3P/4B4/4A4/2BK1A3 w,0.1977601,4086
4ka3/4a4/9/9/P3R3p/9/4C3P/4B4/4A4/2BK1A3 b,-0.19831064,4013
4ka3/4a4/9/9/P3R4/8p/4C3P/4B4/4A4/2BK1A3 w,0.2,5633
rnbakabnr/9/1c5c1/p1p1p1p1p/9/9/P1P1P1P1P/1C5C1/9/RNBAKABNR w,0.0018166065,5827
rnbakabnr/9/1c5c1/p1p1p1p1p/9/9/P1P1P1P1P/4C2C1/9/RNBAKABNR b,-0.0017681838,110
r1bakabnr/9/1cn4c1/p1p1p1p1p/9/9/P1P1P1P1P/4C2C1/9/RNBAKABNR w,0.0018176556,7445
r1bakabnr/9/1cn4c1/p1p1p1p1p/9/9/P1P1P1P1P/2N1C2C1/9/R1BAKABNR b,-0.0018119812,562
r1baka1nr/9/1cn1b2c1/p1p1p1p1p/9/9/P1P1P1P1P/2N1C2C1/9/R1BAKABNR w,0.001935196,7372
r1baka1nr/9/1cn1b2c1/p1p1p1p1p/9/9/P1P1P1P1P/2N1C2C1/9/1RBAKABNR b,-0.0017722726,1
1rbaka1nr/9/1cn1b2c1/p1p1p1p1p/9/9/P1P1P1P1P/2N1C2C1/9/1RBAKABNR w,0.0017125607,6368
1rbaka1nr/9/1cn1b2c1/p1p1p1p1p/9/9/P1P1P1P1P/2N1CC3/9/1RBAKABNR b,-0.0012760878,654
1rbaka2r/9/1cn1b1nc1/p1p1p1p1p/9/9/P1P1P1P1P/2N1CC3/9/1RBAKABNR w,0.0015865564,7989
1rbaka2r/9/1cn1b1nc1/p1p1p1p1p/9/9/P1P1P1P1P/2N1CCN2/9/1RBAKAB1R b,-0.001368165,3012
1rbaka2r/9/1cn1b1nc1/p1p1p3p/6p2/9/P1P1P1P1P/2N1CCN2/9/1RBAKAB1R w,0.0018292427,8098
1rbaka2r/9/1cn1b1nc1/p1p1p3p/6p2/9/P1P1P1P1P/2N1CCN2/9/1RBAKABR1 b,-0.0020068765,727
1rbaka1r1/9/1cn1b1nc1/p1p1p3p/6p2/9/P1P1P1P1P/2N1CCN2/9/1RBAKABR1 w,0.0025175572,5087
1rbaka1r1/9/1cn1b1nc1/p1p1p3p/6p2/2P6/P3P1P1P/2N1CCN2/9/1RBAKABR1 b,-0.002137959,1765
1rbaka1r1/9/2n1b1nc1/p1p1p3p/6p2/2P6/Pc2P1P1P/2N1CCN2/9/1RBAKABR1 w,0.005146313,5898
1rbaka1r1/9/2n1b1nc1/p1p1p3p/6p2/2PN5/Pc2P1P1P/4CCN2/9/1RBAKABR1 b,-0.00640862,2311
1rbaka1r1/9/2n1b1n2/p1p1p3p/6p2/2PN5/Pc2P1PcP/4CCN2/9/1RBAKABR1 w,0.007853866,6143
1rbaka1r1/9/2n1bCn2/p1p1p3p/6p2/2PN5/Pc2P1PcP/4C1N2/9/1RBAKABR1 b,0.0024408102,5010
1rbaka1r1/9/2n1bCn2/p1p1p3p/6p2/2PN5/P3P1ccP/4C1N2/9/1RBAKABR1 w,0.005665636,7381
1Rbaka1r1/9/2n1bCn2/p1p1p3p/6p2/2PN5/P3P1ccP/4C1N2/9/2BAKABR1 b,-0.0027407052,1801
1nbaka1r1/9/4bCn2/p1p1p3p/6p2/2PN5/P3P1ccP/4C1N2/9/2BAKABR1 w,-0.0018488407,6061
1nbaka1r1/9/4bCn2/p1p1C3p/6p2/2PN5/P3P1ccP/6N2/9/2BAKABR1 b,0.00036275387,463
1nbak2r1/4a4/4bCn2/p1p1C3p/6p2/2PN5/P3P1ccP/6N2/9/2BAKABR1 w,0.003639555,5269
1nbak2r1/4a4/4bCn2/p1p1C3p/6p2/2PNP4/P5ccP/6N2/9/2BAKABR1 b,0.0040486096,682
1nbak4/4a4/4bCn2/p1p1C3p/6p2/2PNP2r1/P5ccP/6N2/9/2BAKABR1 w,0.0009977818,4450
1nbak4/4a4/4bCn2/p1p1C3p/4P1p2/2PN3r1/P5ccP/6N2/9/2BAKABR1 b,-0.00031764508,110
2bak4/4a4/2n1bCn2/p1p1C3p/4P1p2/2PN3r1/P5ccP/6N2/9/2BAKABR1 w,0.01991551,2090
2bak4/4a4/2C1b1n2/p1p1C3p/4P1p2/2PN3r1/P5ccP/6N2/9/2BAKABR1 b,-0.019443024,2191
2bak4/4a4/2C1b4/p1p1n3p/4P1p2/2PN3r1/P5ccP/6N2/9/2BAKABR1 w,0.026460314,3631
2bak4/4a4/2C1b4/p1p1P3p/6p2/2PN3r1/P5ccP/6N2/9/2BAKABR1 b,-0.023547912,4729
2bak4/4a4/2C1b4/p1p1P3p/6p2/2PNr4/P5ccP/6N2/9/2BAKABR1 w,0.040129256,7897
2bak4/4a4/2C1b4/p1p1P3p/6p2/2PNr4/P5ccP/4B1N2/9/2BAKA1R1 b,-0.0373737,5542
2bak4/4a4/2C1b4/p1p1P3p/6p2/2PNr2c1/P5c1P/4B1N2/9/2BAKA1R1 w,0.039153814,4349
2bak4/4a4/2C1b4/p1N1P3p/6p2/2P1r2c1/P5c1P/4B1N2/9/2BAKA1R1 b,-0.02990005,4441
2bak4/4a4/2C1b4/p1N1r3p/6p2/2P4c1/P5c1P/4B1N2/9/2BAKA1R1 w,0.033084393,2658
2bak4/4a4/2C1b4/p3r3p/6p2/2PN3c1/P5c1P/4B1N2/9/2BAKA1R1 b,-0.02765038,2839
2bak4/4a4/2C1b4/p7p/6p2/2PNr2c1/P5c1P/4B1N2/9/2BAKA1R1 w,0.029962922,4349
2bak4/4a4/2C1b4/p1N5p/6p2/2P1r2c1/P5c1P/4B1N2/9/2BAKA1R1 b,-0.013898862,3831
2bak4/4a4/2C1b4/p1N5p/9/2P1r1pc1/P5c1P/4B1N2/9/2BAKA1R1 w,0.026430322,4268
2bak4/4a4/2C1b4/p1N5p/2P6/4r1pc1/P5c1P/4B1N2/9/2BAKA1R1 b,-0.0090392595,4441
2bak4/4a4/2C1b4/p1N1r3p/2P6/6pc1/P5c1P/4B1N2/9/2BAKA1R1 w,0.02824223,7981
2bak4/4a4/2C1b4/p1N1r3p/2P6/6pc1/P5cRP/4B1N2/9/2BAKA3 b,-0.013282192,2018
2bak4/4a4/2C6/p1N1r3p/2b6/6pc1/P5cRP/4B1N2/9/2BAKA3 w,0.017418457,1838
2bak4/4a4/9/p1N1r3p/2C6/6pc1/P5cRP/4B1N2/9/2BAKA3 b,-0.0049253823,2819
2bak4/4a4/9/p1r5p/2C6/6pc1/P5cRP/4B1N2/9/2BAKA3 w,0.012160636,3460
2bak4/4a4/9/p1r5p/4C4/6pc1/P5cRP/4B1N2/9/2BAKA3 b,-0.0004914761,2641
2bak4/4a4/9/p3r3p/4C4/6pc1/P5cRP/4B1N2/9/2BAKA3 w,0.008405424,6081
2bak4/4a4/9/p3r3p/4C4/6Bc1/P5cRP/6N2/9/2BAKA3 b,0.00005133152,2830
2bak4/4a4/9/p7p/4r4/6Bc1/P5cRP/6N2/9/2BAKA3 w,-0.0010756016,7636
2bak4/4a4/9/p7p/4r4/6Bc1/P5cRP/6N2/4A4/2B1KA3 b,0.0027697086,4723
2bak4/4a4/9/p7p/4r2c1/6B2/P5cRP/6N2/4A4/2B1KA3 w,-0.00044156314,5550
2bak4/4a4/9/p7p/4r2c1/6B2/P5R1P/6N2/4A4/2B1KA3 b,0.010630059,3912
2bak4/4a4/9/p7p/4r1c2/6B2/P5R1P/6N2/4A4/2B1KA3 w,0.007466459,4657
2bak4/4a4/9/p7p/4r1c2/9/P5R1P/4B1N2/4A4/2B1KA3 b,-0.003374517,3849
2bak4/4a4/9/p7p/4r4/9/P5R1P/4B1c2/4A4/2B1KA3 w,0.005366802,5469
2bak4/4a4/9/p7p/4r4/9/P7P/4B1R2/4A4/2B1KA3 b,-0.0033694746,3658
2bak4/4a4/9/p7p/9/9/P3r3P/4B1R2/4A4/2B1KA3 w,0.0030830384,6216
2bak1R2/4a4/9/p7p/9/9/P3r3P/4B4/4A4/2B1KA3 b,-0.0015937806,1175
2bakaR2/9/9/p7p/9/9/P3r3P/4B4/4A4/2B1KA3 w,0.003021288,573
2baka3/9/9/p5R1p/9/9/P3r3P/4B4/4A4/2B1KA3 b,-0.0028602243,5282
2baka3/9/9/p5R1p/9/9/P7r/4B4/4A4/2B1KA3 w,0.004803491,2997
2baka3/9/9/R7p/9/9/P7r/4B4/4A4/2B1KA3 b,-0.00234046,5638
2baka3/9/9/R7p/9/9/P3r4/4B4/4A4/2B1KA3 w,0.006076932,2465
2baka3/9/9/8R/9/9/P3r4/4B4/4A4/2B1KA3 b,-0.0025473118,5274
2baka3/9/9/8R/9/9/r8/4B4/4A4/2B1KA3 w,0.0027832747,3181
2baka3/9/9/4R4/9/9/r8/4B4/4A4/2B1KA3 b,-0.0025799752,283
2b1ka3/4a4/9/4R4/9/9/r8/4B4/4A4/2B1KA3 w,0.003834343,2819
2b1ka3/4a4/9/2R6/9/9/r8/4B4/4A4/2B1KA3 b,0.0004832983,202
4ka3/4a4/4b4/2R6/9/9/r8/4B4/4A4/2B1KA3 w,0.005359459,2657
4ka3/4a4/4b4/9/9/2R6/r8/4B4/4A4/2B1KA3 b,-0.0060983184,4919
4ka3/4a4/4b4/9/9/2R6/5r3/4B4/4A4/2B1KA3 w,0.0054564714,4276
4ka3/4a4/4b4/9/9/1R7/5r3/4B4/4A4/2B1KA3 b,-0.004338765,1982
2b1ka3/4a4/9/9/9/1R7/5r3/4B4/4A4/2B1KA3 w,0.0037858249,4150
2b1ka3/1R2a4/9/9/9/9/5r3/4B4/4A4/2B1KA3 b,-0.0014184237,5366
2b1ka3/1R2a4/9/9/9/9/2r6/4B4/4A4/2B1KA3 w,0.0043463944,901
1Rb1ka3/4a4/9/9/9/9/2r6/4B4/4A4/2B1KA3 b,-0.0019517422,5078
1Rb1ka3/4a4/9/9/2r6/9/9/4B4/4A4/2B1KA3 w,0.004133916,90
R1b1ka3/4a4/9/9/2r6/9/9/4B4/4A4/2B1KA3 b,-0.002007878,3440
R1b1ka3/4a4/2r6/9/9/9/9/4B4/4A4/2B1KA3 w,0.0027923346,36
2b1ka3/4a4/2r6/9/R8/9/9/4B4/4A4/2B1KA3 b,-0.00051522255,1821
2b1ka3/4a4/3r5/9/R8/9/9/4B4/4A4/2B1KA3 w,0.0020393373,3278
2b1ka3/4a4/3r5/9/2R6/9/9/4B4/4A4/2B1KA3 b,-0.0010518909,198
4ka3/4a4/b2r5/9/2R6/9/9/4B4/4A4/2B1KA3 w,-0.0002960086,3457
4ka3/4a4/b2r5/9/1R7/9/9/4B4/4A4/2B1KA3 b,0.00027515888,1622
2b1ka3/4a4/3r5/9/1R7/9/9/4B4/4A4/2B1KA3 w,0.0018460036,3372
2b1ka3/4a4/3r5/9/6R2/9/9/4B4/4A4/2B1KA3 b,-0.0012183189,1910
2b1ka3/4a4/2r6/9/6R2/9/9/4B4/4A4/2B1KA3 w,0.0019794465,3813
2b1ka3/4a4/2r6/6R2/9/9/9/4B4/4A4/2B1KA3 b,-0.0023707629,1818
2b1ka3/4a4/r8/6R2/9/9/9/4B4/4A4/2B1KA3 w,0.0048027993,2999
2b1ka3/4a4/r8/2R6/9/9/9/4B4/4A4/2B1KA3 b,-0.00091955665,202
4ka3/4a4/r3b4/2R6/9/9/9/4B4/4A4/2B1KA3 w,0.00082707405,2638
4ka3/4a4/r3b4/1R7/9/9/9/4B4/4A4/2B1KA3 b,-0.00016913415,1982
2b1ka3/4a4/r8/1R7/9/9/9/4B4/4A4/2B1KA3 w,0,2549
rnbakabnr/9/1c5c1/p1p1p1p1p/9/9/P1P1P1P1P/1C5C1/9/RNBAKABNR w,0.8018177,5827
rnbakabnr/9/1c5c1/p1p1p1p1p/9/9/P1P1P1P1P/4C2C1/9/RNBAKABNR b,-0.8017806,110
r1bakabnr/9/1cn4c1/p1p1p1p1p/9/9/P1P1P1P1P/4C2C1/9/RNBAKABNR w,0.8018212,7445
r1bakabnr/9/1cn4c1/p1p1p1p1p/9/9/P1P1P1P1P/2N1C2C1/9/R1BAKABNR b,-0.80182236,562
r1baka1nr/9/1cn1b2c1/p1p1p1p1p/9/9/P1P1P1P1P/2N1C2C1/9/R1BAKABNR w,0.8019352,7372
r1baka1nr/9/1cn1b2c1/p1p1p1p1p/9/9/P1P1P1P1P/2N1C2C1/9/1RBAKABNR b,-0.80177355,1
1rbaka1nr/9/1cn1b2c1/p1p1p1p1p/9/9/P1P1P1P1P/2N1C2C1/9/1RBAKABNR w,0.8017013,6368
1rbaka1nr/9/1cn1b2c1/p1p1p1p1p/9/9/P1P1P1P1P/2N1CC3/9/1RBAKABNR b,-0.8012789,654
1rbaka2r/9/1cn1b1nc1/p1p1p1p1p/9/9/P1P1P1P1P/2N1CC3/9/1RBAKABNR w,0.8016004,7989
1rbaka2r/9/1cn1b1nc1/p1p1p1p1p/9/9/P1P1P1P1P/2N1CCN2/9/1RBAKAB1R b,-0.8013682,3012
1rbaka2r/9/1cn1b1nc1/p1p1p3p/6p2/9/P1P1P1P1P/2N1CCN2/9/1RBAKAB1R w,0.80190086,8098
1rbaka2r/9/1cn1b1nc1/p1p1p3p/6p2/9/P1P1P1P1P/2N1CCN2/9/1RBAKABR1 b,-0.8018871,727
1rbaka1r1/9/1cn1b1nc1/p1p1p3p/6p2/9/P1P1P1P1P/2N1CCN2/9/1RBAKABR1 w,0.8027678,5087
1rbaka1r1/9/1cn1b1nc1/p1p1p3p/6p2/2P6/P3P1P1P/2N1CCN2/9/1RBAKABR1 b,-0.8022262,1765
1rbaka1r1/9/2n1b1nc1/p1p1p3p/6p2/2P6/Pc2P1P1P/2N1CCN2/9/1RBAKABR1 w,0.80505353,5898
1rbaka1r1/9/2n1b1nc1/p1p1p3p/6p2/2PN5/Pc2P1P1P/4CCN2/9/1RBAKABR1 b,-0.8065378,2311
1rbaka1r1/9/2n1b1n2/p1p1p3p/6p2/2PN5/Pc2P1PcP/4CCN2/9/1RBAKABR1 w,0.8079292,6143
1rbaka1r1/9/2n1bCn2/p1p1p3p/6p2/2PN5/Pc2P1PcP/4C1N2/9/1RBAKABR1 b,-0.8084572,1986
1rbakabr1/9/2n2Cn2/p1p1p3p/6p2/2PN5/Pc2P1PcP/4C1N2/9/1RBAKABR1 w,0.8184994,4351
1rbakabr1/9/2n2Cn2/p1p1N3p/6p2/2P6/Pc2P1PcP/4C1N2/9/1RBAKABR1 b,-0.8047512,1831
1rbakabr1/9/5Cn2/p1p1n3p/6p2/2P6/Pc2P1PcP/4C1N2/9/1RBAKABR1 w,0.8052533,6061
1rbakabr1/9/5Cn2/p1p1C3p/6p2/2P6/Pc2P1PcP/6N2/9/1RBAKABR1 b,-0.79093283,109
2bakabr1/9/1r3Cn2/p1p1C3p/6p2/2P6/Pc2P1PcP/6N2/9/1RBAKABR1 w,0.8018643,2839
2bakabr1/9/1r3Cn2/p1p5p/6p2/2P1C4/Pc2P1PcP/6N2/9/1RBAKABR1 b,-0.7987529,1733
2bakabr1/9/5rn2/p1p5p/6p2/2P1C4/Pc2P1PcP/6N2/9/1RBAKABR1 w,0.8096315,7435
2bakabr1/9/5rn2/p1p5p/6p2/2P1C4/PR2P1PcP/6N2/9/2BAKABR1 b,-0.8070554,2201
2bakabr1/9/5r3/p1p5p/5np2/2P1C4/PR2P1PcP/6N2/9/2BAKABR1 w,0.8140585,4987
2bakabr1/9/5r3/p1p5p/1R3np2/2P1C4/P3P1PcP/6N2/9/2BAKABR1 b,-0.8083117,3750
2bakabr1/9/5r3/p1p5p/1R4p2/2P1C4/P3P1ncP/6N2/9/2BAKABR1 w,0.8201045,3372
2bakabr1/9/5r3/p1p5p/6R2/2P1C4/P3P1ncP/6N2/9/2BAKABR1 b,-0.80545205,5449
2bakabr1/9/5r3/p1p5p/6R2/2P1n4/P3P2cP/6N2/9/2BAKABR1 w,0.80575603,5269
2bakabr1/9/5r3/p1p5p/6R2/2P1P4/P6cP/6N2/9/2BAKABR1 b,-0.79943997,5560
2bakabr1/9/5r3/p1p5p/6R2/2P1P4/P7P/6Nc1/9/2BAKABR1 w,0.80920476,7999
2bakabr1/9/5r3/p1p5p/6R2/2P1P4/P7P/6Nc1/7R1/2BAKAB2 b,-0.7986552,2138
2bakabr1/9/9/p1p5p/6R2/2P1P4/P7P/5rNc1/7R1/2BAKAB2 w,0.8004034,3813
2bakabr1/9/9/p1p3R1p/9/2P1P4/P7P/5rNc1/7R1/2BAKAB2 b,-0.8038569,6361
2bakabr1/9/9/p1p3R1p/9/2P1P4/P6cP/5rN2/7R1/2BAKAB2 w,0.8222485,6290
2bakabr1/9/9/p1p3R1p/9/2P1P4/P6cP/5r3/7RN/2BAKAB2 b,-0.805685,5560
2bakabr1/9/9/p1p3R1p/9/2P1P4/P7P/5r1c1/7RN/2BAKAB2 w,0.8123389,2999
2bakabr1/9/9/p1R5p/9/2P1P4/P7P/5r1c1/7RN/2BAKAB2 b,-0.80252796,562
2baka1r1/9/4b4/p1R5p/9/2P1P4/P7P/5r1c1/7RN/2BAKAB2 w,0.8115172,2637
2baka1r1/9/4b4/R7p/9/2P1P4/P7P/5r1c1/7RN/2BAKAB2 b,-0.80289406,6179
2baka1r1/9/4b4/R7p/9/2P1P4/P4r2P/7c1/7RN/2BAKAB2 w,0.8113041,2465
2baka1r1/9/4b4/8R/9/2P1P4/P4r2P/7c1/7RN/2BAKAB2 b,-0.8095464,5368
2baka1r1/9/4b4/8R/9/2P1P4/P3r3P/7c1/7RN/2BAKAB2 w,0.81244284,7186
2baka1r1/9/4b4/8R/9/2P1P4/P3r3P/7c1/4R3N/2BAKAB2 b,-0.80377334,5274
2baka1r1/9/4b4/8R/9/2P1P4/r7P/7c1/4R3N/2BAKAB2 w,0.8186087,4450
2baka1r1/9/4b4/8R/4P4/2P6/r7P/7c1/4R3N/2BAKAB2 b,-0.8056147,6379
2baka1r1/9/4b4/8R/4P4/2P6/r7P/9/4R2cN/2BAKAB2 w,0.82634497,3631
2baka1r1/9/4b4/4P3R/9/2P6/r7P/9/4R2cN/2BAKAB2 b,-0.82304215,4920
2baka1r1/9/4b4/4P3R/9/2P6/6r1P/9/4R2cN/2BAKAB2 w,0.82906055,2812
2baka1r1/9/4P4/8R/9/2P6/6r1P/9/4R2cN/2BAKAB2 b,-0.81827456,202
3aka1r1/9/4b4/8R/9/2P6/6r1P/9/4R2cN/2BAKAB2 w,0.8317945,3181
3aka1r1/9/4b4/4R4/9/2P6/6r1P/9/4R2cN/2BAKAB2 b,-0.8069732,7198
3aka1r1/9/4b4/4R4/9/2P6/6r1P/9/4R3N/2BAKABc1 w,0.8297233,2830
3aka1r1/9/4b4/9/4R4/2P6/6r1P/9/4R3N/2BAKABc1 b,-0.80612904,8009
3aka1r1/9/4b4/9/4R4/2P6/6r1P/9/4R3N/2BAKAB1c w,0.82731855,6898
3aka1r1/9/4b4/9/4R4/2P6/4R1r1P/9/8N/2BAKAB1c b,-0.81417435,5458
3aka1r1/9/4b4/9/4R4/2P6/4r3P/9/8N/2BAKAB1c w,0.81642246,3658
3aka1r1/9/4b4/9/9/2P6/4R3P/9/8N/2BAKAB1c b,-0.8163969,718
3aka3/9/4b4/9/9/2P6/4R3P/9/8N/2BAKABrc w,0.83121544,5281
3aka3/9/4b4/9/9/2P6/7RP/9/8N/2BAKABrc b,-0.8085435,8097
3aka3/9/4b4/9/9/2P6/7RP/9/8N/2BAKAcr1 w,0.81465656,7726
3aka3/9/4b4/9/9/2P6/7RP/9/4K3N/2BA1Acr1 b,-0.8225466,8009
3aka3/9/4b4/9/9/2P6/7RP/9/4K3N/2BA1Ac1r w,0.8251934,7269
3aka3/9/4b4/9/9/2P6/7RP/6N2/4K4/2BA1Ac1r b,-0.8131718,8081
3aka3/9/4b4/9/9/2P6/7RP/6N1r/4K4/2BA1Ac2 w,0.8150432,6268
3aka3/9/4b4/9/9/2P6/4N2RP/8r/4K4/2BA1Ac2 b,-0.81424934,6470
3aka3/9/4b4/9/9/2P6/4N2RP/9/4K3r/2BA1Ac2 w,0.81467575,6907
3aka3/9/4b4/9/9/2P6/4N2RP/4K4/8r/2BA1Ac2 b,-0.79805535,7277
3aka3/9/4b4/9/9/2P6/4N2RP/4K4/5r3/2BA1Ac2 w,0.80492,5259
3aka3/9/4b4/9/3N5/2P6/7RP/4K4/5r3/2BA1Ac2 b,-0.79813725,7914
3aka3/9/4b4/9/3N5/2P6/7RP/4K4/5r3/2Bc1A3 w,0.80570704,3532
3aka3/9/4N4/9/9/2P6/7RP/4K4/5r3/2Bc1A3 b,-0.81554496,7645
3aka3/9/4N4/9/9/2P6/7RP/4K4/5r3/2B1cA3 w,0.8251628,6096
3aka3/9/4N4/9/9/2P6/7RP/3K5/5r3/2B1cA3 b,-0.82533306,7734
3aka3/9/4N4/9/9/2P6/7RP/3K5/5r3/2Bc1A3 w,0.85008764,1991
3aka3/2N6/9/9/9/2P6/7RP/3K5/5r3/2Bc1A3 b,-0.85214293,373
3a1a3/2N1k4/9/9/9/2P6/7RP/3K5/5r3/2Bc1A3 w,0.86148214,5506
3a1a3/2N1k2R1/9/9/9/2P6/8P/3K5/5r3/2Bc1A3 b,-0.86112946,6944
3a1a3/2N1kr1R1/9/9/9/2P6/8P/3K5/9/2Bc1A3 w,0.87120634,1454
3a1a3/2N1kR3/9/9/9/2P6/8P/3K5/9/2Bc1A3 b,-0.86999553,1184
3a1a3/2N2k3/9/9/9/2P6/8P/3K5/9/2Bc1A3 w,0.8777302,6015
3a1a3/2N2k3/9/9/9/2P6/8P/9/3K5/2Bc1A3 b,-0.8739134,7645
3a1a3/2N2k3/9/9/9/2P6/8P/9/3K5/2B1cA3 w,0.8793561,1012
3a1a3/5k3/4N4/9/9/2P6/8P/9/3K5/2B1cA3 b,-0.8687622,283
5a3/4ak3/4N4/9/9/2P6/8P/9/3K5/2B1cA3 w,0.8733141,2013
5a3/4ak3/9/6N2/9/2P6/8P/9/3K5/2B1cA3 b,-0.87079006,1283
5a3/4a4/5k3/6N2/9/2P6/8P/9/3K5/2B1cA3 w,0.88155484,5633
5a3/4a4/5k3/6N2/9/2P5P/9/9/3K5/2B1cA3 b,-0.8739217,7708
5a3/4a4/5k3/6N2/9/2P5P/4c4/9/3K5/2B2A3 w,0.8829317,4814
5a3/4a4/5k3/6N2/8P/2P6/4c4/9/3K5/2B2A3 b,-0.87737626,5251
5a3/4a4/5k3/4c1N2/8P/2P6/9/9/3K5/2B2A3 w,0.8770947,4268
5a3/4a4/5k3/4c1N2/2P5P/9/9/9/3K5/2B2A3 b,-0.8858012,2822
5a3/4a4/5k3/5cN2/2P5P/9/9/9/3K5/2B2A3 w,0.89952654,3449
5a3/4a4/5k3/2P2cN2/8P/9/9/9/3K5/2B2A3 b,-0.89681894,2921
5a3/4a4/5k3/2P3N2/5c2P/9/9/9/3K5/2B2A3 w,0.89664847,4003
5a3/4a4/5k3/2P3N2/5c1P1/9/9/9/3K5/2B2A3 b,-0.9015629,3722
5a3/4a4/5k3/2P2cN2/7P1/9/9/9/3K5/2B2A3 w,0.9081403,3912
5a3/4a4/5k3/2P2cN2/6P2/9/9/9/3K5/2B2A3 b,-0.89089227,2930
5a3/4a4/5k3/2P3N2/6P2/5c3/9/9/3K5/2B2A3 w,0.8955102,3821
5a3/4a4/5k3/2P3N2/5P3/5c3/9/9/3K5/2B2A3 b,-0.8995562,4549
5a3/4a4/5k3/2P3N2/5P3/4c4/9/9/3K5/2B2A3 w,0.90530163,2640
5a3/4a4/5k3/3P2N2/5P3/4c4/9/9/3K5/2B2A3 b,-0.8965914,4463
5a3/4a4/5k3/3P2N2/5P3/8c/9/9/3K5/2B2A3 w,0.91848207,2731
5a3/4a4/5k3/4P1N2/5P3/8c/9/9/3K5/2B2A3 b,-0.9289055,4805
5a3/4a4/5k3/4P1N1c/5P3/9/9/9/3K5/2B2A3 w,0.9395168,2986
5a3/4a2N1/5k3/4P3c/5P3/9/9/9/3K5/2B2A3 b,-0.9415854,2084
5a3/4ak1N1/9/4P3c/5P3/9/9/9/3K5/2B2A3 w,0.94475085,1475
5a3/4ak3/9/4P3N/5P3/9/9/9/3K5/2B2A3 b,-0.94201016,1191
5a3/5k3/3a5/4P3N/5P3/9/9/9/3K5/2B2A3 w,0.95131445,2812
5a3/5k3/3aP4/8N/5P3/9/9/9/3K5/2B2A3 b,-0.96055686,463
9/4ak3/3aP4/8N/5P3/9/9/9/3K5/2B2A3 w,0.96970665,3166
9/4ak1N1/3aP4/9/5P3/9/9/9/3K5/2B2A3 b,-0.9728131,1173
3a5/5k1N1/3aP4/9/5P3/9/9/9/3K5/2B2A3 w,0.98603845,3722
3a5/5k1N1/3aP4/5P3/9/9/9/9/3K5/2B2A3 b,-0.98596704,283
9/4ak1N1/3aP4/5P3/9/9/9/9/3K5/2B2A3 w,0.9931597,6826
9/4ak1N1/3aP4/5P3/9/9/9/9/4K4/2B2A3 b,-0.9927585,1173
3a5/5k1N1/3aP4/5P3/9/9/9/9/4K4/2B2A3 w,1,2903
rnbakabnr/9/1c5c1/p1p1p1p1p/9/9/P1P1P1P1P/1C5C1/9/RNBAKABNR w,0.8017992,5827
rnbakabnr/9/1c5c1/p1p1p1p1p/9/9/P1P1P1P1P/4C2C1/9/RNBAKABNR b,-0.80177987,110
r1bakabnr/9/1cn4c1/p1p1p1p1p/9/9/P1P1P1P1P/4C2C1/9/RNBAKABNR w,0.8018244,7445
r1bakabnr/9/1cn4c1/p1p1p1p1p/9/9/P1P1P1P1P/2N1C2C1/9/R1BAKABNR b,-0.80180895,562
r1baka1nr/9/1cn1b2c1/p1p1p1p1p/9/9/P1P1P1P1P/2N1C2C1/9/R1BAKABNR w,0.8019466,7372
r1baka1nr/9/1cn1b2c1/p1p1p1p1p/9/9/P1P1P1P1P/2N1C2C1/9/1RBAKABNR b,-0.80177104,1
1rbaka1nr/9/1cn1b2c1/p1p1p1p1p/9/9/P1P1P1P1P/2N1C2C1/9/1RBAKABNR w,0.8017126,6368
1rbaka1nr/9/1cn1b2c1/p1p1p1p1p/9/9/P1P1P1P1P/2N1CC3/9/1RBAKABNR b,-0.8012789,654
1rbaka2r/9/1cn1b1nc1/p1p1p1p1p/9/9/P1P1P1P1P/2N1CC3/9/1RBAKABNR w,0.80160576,7989
1rbaka2r/9/1cn1b1nc1/p1p1p1p1p/9/9/P1P1P1P1P/2N1CCN2/9/1RBAKAB1R b,-0.8013682,3012
1rbaka2r/9/1cn1b1nc1/p1p1p3p/6p2/9/P1P1P1P1P/2N1CCN2/9/1RBAKAB1R w,0.8018723,8098
1rbaka2r/9/1cn1b1nc1/p1p1p3p/6p2/9/P1P1P1P1P/2N1CCN2/9/1RBAKABR1 b,-0.8020173,727
1rbaka1r1/9/1cn1b1nc1/p1p1p3p/6p2/9/P1P1P1P1P/2N1CCN2/9/1RBAKABR1 w,0.80255455,5087
1rbaka1r1/9/1cn1b1nc1/p1p1p3p/6p2/2P6/P3P1P1P/2N1CCN2/9/1RBAKABR1 b,-0.8021299,1765
1rbaka1r1/9/2n1b1nc1/p1p1p3p/6p2/2P6/Pc2P1P1P/2N1CCN2/9/1RBAKABR1 w,0.8047115,5898
1rbaka1r1/9/2n1b1nc1/p1p1p3p/6p2/2PN5/Pc2P1P1P/4CCN2/9/1RBAKABR1 b,-0.80642694,2311
1rbaka1r1/9/2n1b1n2/p1p1p3p/6p2/2PN5/Pc2P1PcP/4CCN2/9/1RBAKABR1 w,0.80788714,6143
1rbaka1r1/9/2n1bCn2/p1p1p3p/6p2/2PN5/Pc2P1PcP/4C1N2/9/1RBAKABR1 b,-0.8084572,1986
1rbakabr1/9/2n2Cn2/p1p1p3p/6p2/2PN5/Pc2P1PcP/4C1N2/9/1RBAKABR1 w,0.8184994,4351
1rbakabr1/9/2n2Cn2/p1p1N3p/6p2/2P6/Pc2P1PcP/4C1N2/9/1RBAKABR1 b,-0.8047867,1831
1rbakabr1/9/5Cn2/p1p1n3p/6p2/2P6/Pc2P1PcP/4C1N2/9/1RBAKABR1 w,0.8049586,6061
1rbakabr1/9/5Cn2/p1p1C3p/6p2/2P6/Pc2P1PcP/6N2/9/1RBAKABR1 b,-0.7905651,109
2bakabr1/9/1r3Cn2/p1p1C3p/6p2/2P6/Pc2P1PcP/6N2/9/1RBAKABR1 w,0.80188507,2839
2bakabr1/9/1r3Cn2/p1p5p/6p2/2P1C4/Pc2P1PcP/6N2/9/1RBAKABR1 b,-0.7983007,1733
2bakabr1/9/5rn2/p1p5p/6p2/2P1C4/Pc2P1PcP/6N2/9/1RBAKABR1 w,0.8096291,7435
2bakabr1/9/5rn2/p1p5p/6p2/2P1C4/PR2P1PcP/6N2/9/2BAKABR1 b,-0.80592483,2201
2bakabr1/9/5r3/p1p5p/5np2/2P1C4/PR2P1PcP/6N2/9/2BAKABR1 w,0.8137204,4987
2bakabr1/9/5r3/p1p5p/1R3np2/2P1C4/P3P1PcP/6N2/9/2BAKABR1 b,-0.80843544,3750
2bakabr1/9/5r3/p1p5p/1R4p2/2P1C4/P3P1ncP/6N2/9/2BAKABR1 w,0.81916374,3372
2bakabr1/9/5r3/p1p5p/6R2/2P1C4/P3P1ncP/6N2/9/2BAKABR1 b,-0.8054377,5449
2bakabr1/9/5r3/p1p5p/6R2/2P1n4/P3P2cP/6N2/9/2BAKABR1 w,0.8055982,5269
2bakabr1/9/5r3/p1p5p/6R2/2P1P4/P6cP/6N2/9/2BAKABR1 b,-0.7995428,5560
2bakabr1/9/5r3/p1p5p/6R2/2P1P4/P7P/6Nc1/9/2BAKABR1 w,0.81004125,7999
2bakabr1/9/5r3/p1p5p/6R2/2P1P4/P7P/6Nc1/7R1/2BAKAB2 b,-0.79877,2138
2bakabr1/9/9/p1p5p/6R2/2P1P4/P7P/5rNc1/7R1/2BAKAB2 w,0.8004371,3813
2bakabr1/9/9/p1p3R1p/9/2P1P4/P7P/5rNc1/7R1/2BAKAB2 b,-0.80019426,691
2bakab2/9/9/p1p3R1p/9/2P1P4/P6rP/5rNc1/7R1/2BAKAB2 w,0.8142796,2976
2bakaR2/9/9/p1p5p/9/2P1P4/P6rP/5rNc1/7R1/2BAKAB2 b,-0.8037907,5548
2bakaR2/9/9/p1p5p/9/2P1P4/P3r3P/5rNc1/7R1/2BAKAB2 w,0.8334351,7816
2bakaR2/9/9/p1p5p/9/2P1P4/P3r3P/5rNc1/4A2R1/2BAK1B2 b,-0.82040083,6371
2bakaR2/9/9/p1p5p/9/2P1P4/P3r3P/5rN1c/4A2R1/2BAK1B2 w,0.8517882,7117
2bakaRR1/9/9/p1p5p/9/2P1P4/P3r3P/5rN1c/4A4/2BAK1B2 b,-0.86255354,6479
2bakaRR1/9/9/p1p5p/9/2P1P4/P3r3P/5rN2/4A4/2BAK1B1c w,0.8830442,7897
2bakaRR1/9/9/p1p5p/9/2P1P4/P3r3P/4BrN2/4A4/2BAK3c b,-0.8483247,202
3akaRR1/9/4b4/p1p5p/9/2P1P4/P3r3P/4BrN2/4A4/2BAK3c w,0.8793418,545
3akR1R1/9/4b4/p1p5p/9/2P1P4/P3r3P/4BrN2/4A4/2BAK3c b,-0.86914,6125
3akr1R1/9/4b4/p1p5p/9/2P1P4/P3r3P/4B1N2/4A4/2BAK3c w,0.87605315,635
3akR3/9/4b4/p1p5p/9/2P1P4/P3r3P/4B1N2/4A4/2BAK3c b,-0.86493635,365
3a1k3/9/4b4/p1p5p/9/2P1P4/P3r3P/4B1N2/4A4/2BAK3c w,0.8667146,6268
3a1k3/9/4b4/p1p5p/9/2P1P4/P3N3P/4B4/4A4/2BAK3c b,-0.8617666,2466
3a1k3/9/4b4/2p5p/p8/2P1P4/P3N3P/4B4/4A4/2BAK3c w,0.8728242,4450
3a1k3/9/4b4/2p5p/p3P4/2P6/P3N3P/4B4/4A4/2BAK3c b,-0.8698027,283
5k3/4a4/4b4/2p5p/p3P4/2P6/P3N3P/4B4/4A4/2BAK3c w,0.88690865,3631
5k3/4a4/4b4/2p1P3p/p8/2P6/P3N3P/4B4/4A4/2BAK3c b,-0.88031423,1982
2b2k3/4a4/9/2p1P3p/p8/2P6/P3N3P/4B4/4A4/2BAK3c w,0.8840179,5259
2b2k3/4a4/9/2p1P3p/p2N5/2P6/P7P/4B4/4A4/2BAK3c b,-0.88078284,8081
2b2k3/4a4/9/2p1P3p/p2N5/2P6/P7P/4B3c/4A4/2BAK4 w,0.8959008,3542
2b2k3/4a4/9/2p1PN2p/p8/2P6/P7P/4B3c/4A4/2BAK4 b,-0.8767116,1193
2b2k3/9/5a3/2p1PN2p/p8/2P6/P7P/4B3c/4A4/2BAK4 w,0.88045686,2905
2b2k3/9/5a1N1/2p1P3p/p8/2P6/P7P/4B3c/4A4/2BAK4 b,-0.8684132,2083
2b2k3/4a4/7N1/2p1P3p/p8/2P6/P7P/4B3c/4A4/2BAK4 w,0.8845756,5633
2b2k3/4a4/7N1/2p1P3p/p8/2P5P/P8/4B3c/4A4/2BAK4 b,-0.87470305,6452
2b2k3/4a4/7N1/2p1P3p/p8/2P5P/P7c/4B4/4A4/2BAK4 w,0.8856961,2282
2b2k3/4a4/9/2p1PN2p/p8/2P5P/P7c/4B4/4A4/2BAK4 b,-0.8742127,5638
2b2k3/4a4/9/2p1PN2p/p8/2P5P/P3c4/4B4/4A4/2BAK4 w,0.89596087,2820
2b2k3/4a4/9/2pP1N2p/p8/2P5P/P3c4/4B4/4A4/2BAK4 b,-0.87790704,1193
2b2k3/9/5a3/2pP1N2p/p8/2P5P/P3c4/4B4/4A4/2BAK4 w,0.8932285,2901
2b2k3/9/3N1a3/2pP4p/p8/2P5P/P3c4/4B4/4A4/2BAK4 b,-0.88076603,202
5k3/9/3Nba3/2pP4p/p8/2P5P/P3c4/4B4/4A4/2BAK4 w,0.8858695,1900
5k3/1N7/4ba3/2pP4p/p8/2P5P/P3c4/4B4/4A4/2BAK4 b,-0.8786314,2083
5k3/1N2a4/4b4/2pP4p/p8/2P5P/P3c4/4B4/4A4/2BAK4 w,0.87715054,929
5k3/4a4/4b4/2NP4p/p8/2P5P/P3c4/4B4/4A4/2BAK4 b,-0.8688766,5276
5k3/4a4/4b4/2NP4p/p8/2P5P/P1c6/4B4/4A4/2BAK4 w,0.878514,2658
5k3/4a4/4b4/3P4p/p8/2PN4P/P1c6/4B4/4A4/2BAK4 b,-0.885246,5095
5k3/4a4/4b4/3P4p/p8/2PN4P/Pc7/4B4/4A4/2BAK4 w,0.89096117,4361
5k3/4a4/4b4/3P4p/p4N3/2P5P/Pc7/4B4/4A4/2BAK4 b,-0.8783957,2022
5k3/4a4/9/3P4p/p4Nb2/2P5P/Pc7/4B4/4A4/2BAK4 w,0.8852299,4268
5k3/4a4/9/3P4p/p1P2Nb2/8P/Pc7/4B4/4A4/2BAK4 b,-0.88081986,5011
5k3/4a4/9/3P4p/p1P2Nb2/8P/P6c1/4B4/4A4/2BAK4 w,0.89235216,3714
5k3/4a4/6N2/3P4p/p1P3b2/8P/P6c1/4B4/4A4/2BAK4 b,-0.89879113,464
9/4ak3/6N2/3P4p/p1P3b2/8P/P6c1/4B4/4A4/2BAK4 w,0.9078985,2195
9/4ak3/9/3P4N/p1P3b2/8P/P6c1/4B4/4A4/2BAK4 b,-0.89688164,5524
9/4ak3/9/3P3cN/p1P3b2/8P/P8/4B4/4A4/2BAK4 w,0.91532713,4814
9/4ak3/9/3P3cN/p1P3b1P/9/P8/4B4/4A4/2BAK4 b,-0.9110792,1265
5k3/4a4/9/3P3cN/p1P3b1P/9/P8/4B4/4A4/2BAK4 w,0.9307333,4003
5k3/4a4/9/3P3cN/p1P3bP1/9/P8/4B4/4A4/2BAK4 b,-0.9229059,3093
5k3/4a4/9/3P2c1N/p1P3bP1/9/P8/4B4/4A4/2BAK4 w,0.9343511,3192
5k3/4a4/9/3P2c2/p1P3NP1/9/P8/4B4/4A4/2BAK4 b,-0.9326926,2985
5k3/4a1c2/9/3P5/p1P3NP1/9/P8/4B4/4A4/2BAK4 w,0.9425254,2731
5k3/4a1c2/9/4P4/p1P3NP1/9/P8/4B4/4A4/2BAK4 b,-0.9299853,454
4k4/4a1c2/9/4P4/p1P3NP1/9/P8/4B4/4A4/2BAK4 w,0.93872947,3459
4k4/4a1c2/9/4P4/p2P2NP1/9/P8/4B4/4A4/2BAK4 b,-0.9325432,1364
4k4/4ac3/9/4P4/p2P2NP1/9/P8/4B4/4A4/2BAK4 w,0.94236267,2812
4k4/4ac3/4P4/9/p2P2NP1/9/P8/4B4/4A4/2BAK4 b,-0.94305533,1301
4k4/4a4/4P4/9/p2P1cNP1/9/P8/4B4/4A4/2BAK4 w,0.95168686,3805
4k4/4a4/4P2N1/9/p2P1c1P1/9/P8/4B4/4A4/2BAK4 b,-0.9516416,3695
4kc3/4a4/4P2N1/9/p2P3P1/9/P8/4B4/4A4/2BAK4 w,0.95476776,2282
4kc3/4a4/4P4/5N3/p2P3P1/9/P8/4B4/4A4/2BAK4 b,-0.9476947,1193
4kc3/9/4Pa3/5N3/p2P3P1/9/P8/4B4/4A4/2BAK4 w,0.954589,2901
4kc3/9/3NPa3/9/p2P3P1/9/P8/4B4/4A4/2BAK4 b,-0.95466006,363
3k1c3/9/3NPa3/9/p2P3P1/9/P8/4B4/4A4/2BAK4 w,0.9543475,2003
3k1c3/9/3N1P3/9/p2P3P1/9/P8/4B4/4A4/2BAK4 b,-0.95808554,282
5c3/3k5/3N1P3/9/p2P3P1/9/P8/4B4/4A4/2BAK4 w,0.96038216,1928
5c3/3k5/5P3/9/p1NP3P1/9/P8/4B4/4A4/2BAK4 b,-0.9601303,1083
3k1c3/9/5P3/9/p1NP3P1/9/P8/4B4/4A4/2BAK4 w,0.96668494,2092
3k1c3/9/4P4/9/p1NP3P1/9/P8/4B4/4A4/2BAK4 b,-0.9637636,454
3kc4/9/4P4/9/p1NP3P1/9/P8/4B4/4A4/2BAK4 w,0.9714069,3540
3kc4/9/4P4/3P5/p1N4P1/9/P8/4B4/4A4/2BAK4 b,-0.9741667,282
4c4/3k5/4P4/3P5/p1N4P1/9/P8/4B4/4A4/2BAK4 w,0.9753791,2721
4c4/3k5/3PP4/9/p1N4P1/9/P8/4B4/4A4/2BAK4 b,-0.9757054,1083
3kc4/9/3PP4/9/p1N4P1/9/P8/4B4/4A4/2BAK4 w,0.9747083,3439
3kc4/9/1N1PP4/9/p6P1/9/P8/4B4/4A4/2BAK4 b,-0.9753983,367
3k3c1/9/1N1PP4/9/p6P1/9/P8/4B4/4A4/2BAK4 w,0.980601,1993
3k3c1/4P4/1N1P5/9/p6P1/9/P8/4B4/4A4/2BAK4 b,-0.98304373,646
3k5/4P2c1/1N1P5/9/p6P1/9/P8/4B4/4A4/2BAK4 w,0.9863928,3912
3k5/4P2c1/1N1P5/9/p5P2/9/P8/4B4/4A4/2BAK4 b,-0.9936796,1465
3k5/4P4/1N1P3c1/9/p5P2/9/P8/4B4/4A4/2BAK4 w,1,1902
rnbakabnr/9/1c5c1/p1p1p1p1p/9/9/P1P1P1P1P/1C5C1/9/RNBAKABNR w,0.8018177,5827
rnbakabnr/9/1c5c1/p1p1p1p1p/9/9/P1P1P1P1P/4C2C1/9/RNBAKABNR b,-0.80176365,110
r1bakabnr/9/1cn4c1/p1p1p1p1p/9/9/P1P1P1P1P/4C2C1/9/RNBAKABNR w,0.80182534,7445
r1bakabnr/9/1cn4c1/p1p1p1p1p/9/9/P1P1P1P1P/2N1C2C1/9/R1BAKABNR b,-0.80182236,562
r1baka1nr/9/1cn1b2c1/p1p1p1p1p/9/9/P1P1P1P1P/2N1C2C1/9/R1BAKABNR w,0.8019497,7372
r1baka1nr/9/1cn1b2c1/p1p1p1p1p/9/9/P1P1P1P1P/2N1C2C1/9/1RBAKABNR b,-0.8017649,1
1rbaka1nr/9/1cn1b2c1/p1p1p1p1p/9/9/P1P1P1P1P/2N1C2C1/9/1RBAKABNR w,0.80170393,6368
1rbaka1nr/9/1cn1b2c1/p1p1p1p1p/9/9/P1P1P1P1P/2N1CC3/9/1RBAKABNR b,-0.8012761,654
1rbaka2r/9/1cn1b1nc1/p1p1p1p1p/9/9/P1P1P1P1P/2N1CC3/9/1RBAKABNR w,0.80158657,7989
1rbaka2r/9/1cn1b1nc1/p1p1p1p1p/9/9/P1P1P1P1P/2N1CCN2/9/1RBAKAB1R b,-0.8013682,3012
1rbaka2r/9/1cn1b1nc1/p1p1p3p/6p2/9/P1P1P1P1P/2N1CCN2/9/1RBAKAB1R w,0.80187565,8098
1rbaka2r/9/1cn1b1nc1/p1p1p3p/6p2/9/P1P1P1P1P/2N1CCN2/9/1RBAKABR1 b,-0.8020065,727
1rbaka1r1/9/1cn1b1nc1/p1p1p3p/6p2/9/P1P1P1P1P/2N1CCN2/9/1RBAKABR1 w,0.8027408,5087
1rbaka1r1/9/1cn1b1nc1/p1p1p3p/6p2/2P6/P3P1P1P/2N1CCN2/9/1RBAKABR1 b,-0.80221564,1765
1rbaka1r1/9/2n1b1nc1/p1p1p3p/6p2/2P6/Pc2P1P1P/2N1CCN2/9/1RBAKABR1 w,0.80520236,5898
1rbaka1r1/9/2n1b1nc1/p1p1p3p/6p2/2PN5/Pc2P1P1P/4CCN2/9/1RBAKABR1 b,-0.80646557,2311
1rbaka1r1/9/2n1b1n2/p1p1p3p/6p2/2PN5/Pc2P1PcP/4CCN2/9/1RBAKABR1 w,0.8078968,6143
1rbaka1r1/9/2n1bCn2/p1p1p3p/6p2/2PN5/Pc2P1PcP/4C1N2/9/1RBAKABR1 b,-0.80828,1986
1rbakabr1/9/2n2Cn2/p1p1p3p/6p2/2PN5/Pc2P1PcP/4C1N2/9/1RBAKABR1 w,0.8178919,4351
1rbakabr1/9/2n2Cn2/p1p1N3p/6p2/2P6/Pc2P1PcP/4C1N2/9/1RBAKABR1 b,-0.8047867,1831
1rbakabr1/9/5Cn2/p1p1n3p/6p2/2P6/Pc2P1PcP/4C1N2/9/1RBAKABR1 w,0.80500495,6061
1rbakabr1/9/5Cn2/p1p1C3p/6p2/2P6/Pc2P1PcP/6N2/9/1RBAKABR1 b,-0.7904749,109
2bakabr1/9/1r3Cn2/p1p1C3p/6p2/2P6/Pc2P1PcP/6N2/9/1RBAKABR1 w,0.8018452,2839
2bakabr1/9/1r3Cn2/p1p5p/6p2/2P1C4/Pc2P1PcP/6N2/9/1RBAKABR1 b,-0.79847294,1733
2bakabr1/9/5rn2/p1p5p/6p2/2P1C4/Pc2P1PcP/6N2/9/1RBAKABR1 w,0.80961525,7435
2bakabr1/9/5rn2/p1p5p/6p2/2P1C4/PR2P1PcP/6N2/9/2BAKABR1 b,-0.8064864,2201
2bakabr1/9/5r3/p1p5p/5np2/2P1C4/PR2P1PcP/6N2/9/2BAKABR1 w,0.81348425,4987
2bakabr1/9/5r3/p1p5p/1R3np2/2P1C4/P3P1PcP/6N2/9/2BAKABR1 b,-0.80827165,3750
2bakabr1/9/5r3/p1p5p/1R4p2/2P1C4/P3P1ncP/6N2/9/2BAKABR1 w,0.8188465,3372
2bakabr1/9/5r3/p1p5p/6R2/2P1C4/P3P1ncP/6N2/9/2BAKABR1 b,-0.80544937,5449
2bakabr1/9/5r3/p1p5p/6R2/2P1n4/P3P2cP/6N2/9/2BAKABR1 w,0.80596364,5269
2bakabr1/9/5r3/p1p5p/6R2/2P1P4/P6cP/6N2/9/2BAKABR1 b,-0.7993737,5560
2bakabr1/9/5r3/p1p5p/6R2/2P1P4/P7P/6Nc1/9/2BAKABR1 w,0.81004125,7999
2bakabr1/9/5r3/p1p5p/6R2/2P1P4/P7P/6Nc1/7R1/2BAKAB2 b,-0.7980209,2138
2bakabr1/9/9/p1p5p/6R2/2P1P4/P7P/5rNc1/7R1/2BAKAB2 w,0.8013081,3813
2bakabr1/9/9/p1p3R1p/9/2P1P4/P7P/5rNc1/7R1/2BAKAB2 b,-0.80019426,691
2bakab2/9/9/p1p3R1p/9/2P1P4/P6rP/5rNc1/7R1/2BAKAB2 w,0.8147814,2976
2bakaR2/9/9/p1p5p/9/2P1P4/P6rP/5rNc1/7R1/2BAKAB2 b,-0.8049367,5548
2bakaR2/9/9/p1p5p/9/2P1P4/P3r3P/5rNc1/7R1/2BAKAB2 w,0.8347626,7816
2bakaR2/9/9/p1p5p/9/2P1P4/P3r3P/5rNc1/4A2R1/2BAK1B2 b,-0.8200856,6371
2bakaR2/9/9/p1p5p/9/2P1P4/P3r3P/5rN1c/4A2R1/2BAK1B2 w,0.8303812,591
2baka3/9/9/p1p5p/9/2P1P1R2/P3r3P/5rN1c/4A2R1/2BAK1B2 b,-0.80875754,202
3aka3/9/4b4/p1p5p/9/2P1P1R2/P3r3P/5rN1c/4A2R1/2BAK1B2 w,0.84927493,7135
3aka3/9/4b2R1/p1p5p/9/2P1P1R2/P3r3P/5rN1c/4A4/2BAK1B2 b,-0.85219866,6479
3aka3/9/4b2R1/p1p5p/9/2P1P1R2/P3r3P/5rN2/4A4/2BAK1B1c w,0.8974492,7897
3aka3/9/4b2R1/p1p5p/9/2P1P1R2/P3r3P/4BrN2/4A4/2BAK3c b,-0.88601905,8097
3aka3/9/4b2R1/p1p5p/9/2P1P1R2/P3r3P/4BrN2/4A4/2BAK1c2 w,0.90430444,6260
3aka3/9/4b2R1/p1p5p/9/2P1PNR2/P3r3P/4Br3/4A4/2BAK1c2 b,-0.89628744,6179
3aka3/9/4b2R1/p1p5p/9/2P1PNR2/P3rr2P/4B4/4A4/2BAK1c2 w,0.9071367,2272
3aka3/9/4R4/p1p5p/9/2P1PNR2/P3rr2P/4B4/4A4/2BAK1c2 b,-0.9019867,283
4ka3/4a4/4R4/p1p5p/9/2P1PNR2/P3rr2P/4B4/4A4/2BAK1c2 w,0.9066215,6117
4ka3/4a4/4R4/p1p5p/9/2P1PNR2/P3rr2P/9/4A4/2BAK1B2 b,-0.9060405,5372
4ka3/4a4/4R4/p1p5p/9/2P1PNR2/P3r3r/9/4A4/2BAK1B2 w,0.9585269,4569
4ka3/4a4/4R4/p1p5p/9/2P1P1R2/P3r3r/6N2/4A4/2BAK1B2 b,-0.95369005,5640
4ka3/4a4/4R4/p1p5p/9/2P1P1R2/P3r1r2/6N2/4A4/2BAK1B2 w,0.95220315,6268
4ka3/4a4/4R4/p1p5p/9/2P1P1R2/P3N1r2/9/4A4/2BAK1B2 b,-0.94679606,5458
4ka3/4a4/4R4/p1p5p/9/2P1P1R2/P3r4/9/4A4/2BAK1B2 w,0.9483771,2011
4ka3/4a4/9/p1p1R3p/9/2P1P1R2/P3r4/9/4A4/2BAK1B2 b,-0.9427658,5274
4ka3/4a4/9/p1p1R3p/9/2P1P1R2/r8/9/4A4/2BAK1B2 w,0.95153785,4268
4ka3/4a4/9/p1p1R3p/2P6/4P1R2/r8/9/4A4/2BAK1B2 b,-0.93977314,2648
4ka3/4a4/9/p3R3p/2p6/4P1R2/r8/9/4A4/2BAK1B2 w,0.9473718,4632
4ka3/4a4/9/p3R3p/2p3R2/4P4/r8/9/4A4/2BAK1B2 b,-0.94314724,4896
4ka3/4a4/9/p3R3p/r1p3R2/4P4/9/9/4A4/2BAK1B2 w,0.94123363,3819
4ka3/4a4/9/p3R3p/r1pR5/4P4/9/9/4A4/2BAK1B2 b,-0.9315201,3467
4ka3/4a4/9/p3R3p/r2R5/2p1P4/9/9/4A4/2BAK1B2 w,0.9324183,3540
4ka3/4a4/9/p2RR3p/r8/2p1P4/9/9/4A4/2BAK1B2 b,-0.9324509,3278
4ka3/4a4/9/p2RR3p/2r6/2p1P4/9/9/4A4/2BAK1B2 w,0.94429624,2727
4ka3/4a4/9/R3R3p/2r6/2p1P4/9/9/4A4/2BAK1B2 b,-0.9312599,3422
2r1ka3/4a4/9/R3R3p/9/2p1P4/9/9/4A4/2BAK1B2 w,0.9379159,2448
2r1ka3/4a4/R8/4R3p/9/2p1P4/9/9/4A4/2BAK1B2 b,-0.9344261,4278
2r1ka3/4a4/R8/4R3p/9/3pP4/9/9/4A4/2BAK1B2 w,0.9581279,4450
2r1ka3/4a4/R8/4R3p/4P4/3p5/9/9/4A4/2BAK1B2 b,-0.9453677,3194
2r1ka3/4a4/R8/4R4/4P3p/3p5/9/9/4A4/2BAK1B2 w,0.9498269,7897
2r1ka3/4a4/R8/4R4/4P3p/3p5/9/4B4/4A4/2BAK4 b,-0.9390683,4367
2r1ka3/4a4/R8/4R4/4P3p/2p6/9/4B4/4A4/2BAK4 w,0.9546222,6077
2r1ka3/4a4/R8/4R4/4P3p/2B6/9/9/4A4/2BAK4 b,-0.9499917,183
3rka3/4a4/R8/4R4/4P3p/2B6/9/9/4A4/2BAK4 w,0.95133686,1665
3rka3/4a4/9/4R4/4P3p/R1B6/9/9/4A4/2BAK4 b,-0.9490122,327
4ka3/4a4/9/4R4/4P3p/R1B6/3r5/9/4A4/2BAK4 w,0.95850617,4086
4ka3/4a4/9/4R4/R3P3p/2B6/3r5/9/4A4/2BAK4 b,-0.94731814,5133
3rka3/4a4/9/4R4/R3P3p/2B6/9/9/4A4/2BAK4 w,0.94635767,7537
3rka3/4a4/9/4R4/R3P3p/2B6/9/4B4/4A4/3AK4 b,-0.9365805,272
2r1ka3/4a4/9/4R4/R3P3p/2B6/9/4B4/4A4/3AK4 w,0.9572605,6117
2r1ka3/4a4/9/4R4/R3P3p/2B6/9/9/4A4/3AK1B2 b,-0.9444776,181
1r2ka3/4a4/9/4R4/R3P3p/2B6/9/9/4A4/3AK1B2 w,0.95725775,3641
1r2ka3/4a4/9/4R4/R4P2p/2B6/9/9/4A4/3AK1B2 b,-0.94610065,93
3rka3/4a4/9/4R4/R4P2p/2B6/9/9/4A4/3AK1B2 w,0.9461798,4297
3rka3/4a4/9/4R4/R4P2p/9/9/4B4/4A4/3AK1B2 b,-0.9377838,4013
3rka3/4a4/9/4R4/R4P3/8p/9/4B4/4A4/3AK1B2 w,0.94536674,6926
3rka3/4a4/9/4R4/R4P3/8p/9/4B4/9/3AKAB2 b,-0.93668056,271
1r2ka3/4a4/9/4R4/R4P3/8p/9/4B4/9/3AKAB2 w,0.9542996,6113
1r2ka3/4a4/9/4R4/R4P3/8p/9/9/9/2BAKAB2 b,-0.94280237,93
3rka3/4a4/9/4R4/R4P3/8p/9/9/9/2BAKAB2 w,0.9500234,3278
3rka3/4a4/9/4R4/2R2P3/8p/9/9/9/2BAKAB2 b,-0.9418844,4822
3rka3/4a4/9/4R4/2R2P3/7p1/9/9/9/2BAKAB2 w,0.9372222,3449
3rka3/4a4/9/2R1R4/5P3/7p1/9/9/9/2BAKAB2 b,-0.9329385,4741
3rka3/4a4/9/2R1R4/5P3/9/7p1/9/9/2BAKAB2 w,0.94783044,2630
3rka3/4a4/2R6/4R4/5P3/9/7p1/9/9/2BAKAB2 b,-0.94217646,5560
3rka3/4a4/2R6/4R4/5P3/9/9/7p1/9/2BAKAB2 w,0.9428914,1822
3rka3/4a4/4R4/4R4/5P3/9/9/7p1/9/2BAKAB2 b,-0.92574775,354
4ka3/4a4/4R4/4R4/5P3/9/9/7p1/9/2BrKAB2 w,0.9207329,7726
4ka3/4a4/4R4/4R4/5P3/9/9/7p1/4K4/2Br1AB2 b,-0.9188503,363
3k1a3/4a4/4R4/4R4/5P3/9/9/7p1/4K4/2Br1AB2 w,0.9257948,2000
3k1a3/4a4/2R6/4R4/5P3/9/9/7p1/4K4/2Br1AB2 b,-0.9119012,6369
3k1a3/4a4/2R6/4R4/5P3/9/9/6p2/4K4/2Br1AB2 w,0.91550744,1802
2Rk1a3/4a4/9/4R4/5P3/9/9/6p2/4K4/2Br1AB2 b,-0.9142453,282
2R2a3/3ka4/9/4R4/5P3/9/9/6p2/4K4/2Br1AB2 w,0.9244424,7901
2R2a3/3ka4/9/4R4/5P3/9/9/6p1B/4K4/2Br1A3 b,-0.9138395,6278
2R2a3/3ka4/9/4R4/5P3/9/9/5p2B/4K4/2Br1A3 w,0.9240071,2817
2R2a3/3ka4/9/R8/5P3/9/9/5p2B/4K4/2Br1A3 b,-0.9479586,7635
2R2a3/3ka4/9/R8/5P3/9/9/5p2B/3rK4/2B2A3 w,0.94504195,6925
2R2a3/3ka4/9/R8/5P3/9/9/5p2B/3r5/2B1KA3 b,-0.9245512,6824
2R2a3/3ka4/9/R8/5P3/9/9/5p2B/2r6/2B1KA3 w,0.94189,2460
2R2a3/3ka4/9/3R5/5P3/9/9/5p2B/2r6/2B1KA3 b,-0.9453495,1191
2R2a3/3k5/3a5/3R5/5P3/9/9/5p2B/2r6/2B1KA3 w,0.95307326,185
5R3/3k5/3a5/3R5/5P3/9/9/5p2B/2r6/2B1KA3 b,-0.9489435,6743
5R3/3k5/3a5/3R5/5P3/9/9/5p2B/9/2r1KA3 w,0.95631355,7726
5R3/3k5/3a5/3R5/5P3/9/9/5p2B/4K4/2r2A3 b,-0.9371281,7554
5R3/3k5/3a5/3R5/5P3/9/9/5p2B/4K4/3r1A3 w,0.98911816,2784
5R3/3k5/3a5/9/5P3/9/9/5p2B/4K4/3R1A3 b,-0.98849046,6189
5R3/3k5/3a5/9/5P3/9/9/6p1B/4K4/3R1A3 w,0.99843454,464
9/3k1R3/3a5/9/5P3/9/9/6p1B/4K4/3R1A3 b,-0.9989287,1083
3k5/5R3/3a5/9/5P3/9/9/6p1B/4K4/3R1A3 w,1,7581
rnbakabnr/9/1c5c1/p1p1p1p1p/9/9/P1P1P1P1P/1C5C1/9/RNBAKABNR w,0.8017992,5827
rnbakabnr/9/1c5c1/p1p1p1p1p/9/9/P1P1P1P1P/4C2C1/9/RNBAKABNR b,-0.80179566,110
r1bakabnr/9/1cn4c1/p1p1p1p1p/9/9/P1P1P1P1P/4C2C1/9/RNBAKABNR w,0.80182046,7445
r1bakabnr/9/1cn4c1/p1p1p1p1p/9/9/P1P1P1P1P/2N1C2C1/9/R1BAKABNR b,-0.8018406,562
r1baka1nr/9/1cn1b2c1/p1p1p1p1p/9/9/P1P1P1P1P/2N1C2C1/9/R1BAKABNR w,0.801942,7372
r1baka1nr/9/1cn1b2c1/p1p1p1p1p/9/9/P1P1P1P1P/2N1C2C1/9/1RBAKABNR b,-0.8017839,1
1rbaka1nr/9/1cn1b2c1/p1p1p1p1p/9/9/P1P1P1P1P/2N1C2C1/9/1RBAKABNR w,0.8017126,6368
1rbaka1nr/9/1cn1b2c1/p1p1p1p1p/9/9/P1P1P1P1P/2N1CC3/9/1RBAKABNR b,-0.8012789,654
1rbaka2r/9/1cn1b1nc1/p1p1p1p1p/9/9/P1P1P1P1P/2N1CC3/9/1RBAKABNR w,0.8016004,7989
1rbaka2r/9/1cn1b1nc1/p1p1p1p1p/9/9/P1P1P1P1P/2N1CCN2/9/1RBAKAB1R b,-0.8013682,3012
1rbaka2r/9/1cn1b1nc1/p1p1p3p/6p2/9/P1P1P1P1P/2N1CCN2/9/1RBAKAB1R w,0.8018349,8098
1rbaka2r/9/1cn1b1nc1/p1p1p3p/6p2/9/P1P1P1P1P/2N1CCN2/9/1RBAKABR1 b,-0.80202866,727
1rbaka1r1/9/1cn1b1nc1/p1p1p3p/6p2/9/P1P1P1P1P/2N1CCN2/9/1RBAKABR1 w,0.80255455,5087
1rbaka1r1/9/1cn1b1nc1/p1p1p3p/6p2/2P6/P3P1P1P/2N1CCN2/9/1RBAKABR1 b,-0.8021536,1765
1rbaka1r1/9/2n1b1nc1/p1p1p3p/6p2/2P6/Pc2P1P1P/2N1CCN2/9/1RBAKABR1 w,0.80513823,5898
1rbaka1r1/9/2n1b1nc1/p1p1p3p/6p2/2PN5/Pc2P1P1P/4CCN2/9/1RBAKABR1 b,-0.80650157,2311
1rbaka1r1/9/2n1b1n2/p1p1p3p/6p2/2PN5/Pc2P1PcP/4CCN2/9/1RBAKABR1 w,0.8078539,6143
1rbaka1r1/9/2n1bCn2/p1p1p3p/6p2/2PN5/Pc2P1PcP/4C1N2/9/1RBAKABR1 b,-0.80890244,1986
1rbakabr1/9/2n2Cn2/p1p1p3p/6p2/2PN5/Pc2P1PcP/4C1N2/9/1RBAKABR1 w,0.81805813,4351
1rbakabr1/9/2n2Cn2/p1p1N3p/6p2/2P6/Pc2P1PcP/4C1N2/9/1RBAKABR1 b,-0.804766,1831
1rbakabr1/9/5Cn2/p1p1n3p/6p2/2P6/Pc2P1PcP/4C1N2/9/1RBAKABR1 w,0.8050013,6061
1rbakabr1/9/5Cn2/p1p1C3p/6p2/2P6/Pc2P1PcP/6N2/9/1RBAKABR1 b,-0.79049164,109
2bakabr1/9/1r3Cn2/p1p1C3p/6p2/2P6/Pc2P1PcP/6N2/9/1RBAKABR1 w,0.8022862,2839
2bakabr1/9/1r3Cn2/p1p5p/6p2/2P1C4/Pc2P1PcP/6N2/9/1RBAKABR1 b,-0.7984309,1733
2bakabr1/9/5rn2/p1p5p/6p2/2P1C4/Pc2P1PcP/6N2/9/1RBAKABR1 w,0.8096117,7435
2bakabr1/9/5rn2/p1p5p/6p2/2P1C4/PR2P1PcP/6N2/9/2BAKABR1 b,-0.8064873,2201
2bakabr1/9/5r3/p1p5p/5np2/2P1C4/PR2P1PcP/6N2/9/2BAKABR1 w,0.8138219,4987
2bakabr1/9/5r3/p1p5p/1R3np2/2P1C4/P3P1PcP/6N2/9/2BAKABR1 b,-0.8082628,3750
2bakabr1/9/5r3/p1p5p/1R4p2/2P1C4/P3P1ncP/6N2/9/2BAKABR1 w,0.81738317,3372
2bakabr1/9/5r3/p1p5p/6R2/2P1C4/P3P1ncP/6N2/9/2BAKABR1 b,-0.80545205,5449
2bakabr1/9/5r3/p1p5p/6R2/2P1n4/P3P2cP/6N2/9/2BAKABR1 w,0.8058394,5269
2bakabr1/9/5r3/p1p5p/6R2/2P1P4/P6cP/6N2/9/2BAKABR1 b,-0.79940635,5560
2bakabr1/9/5r3/p1p5p/6R2/2P1P4/P7P/6Nc1/9/2BAKABR1 w,0.8091266,7999
2bakabr1/9/5r3/p1p5p/6R2/2P1P4/P7P/6Nc1/7R1/2BAKAB2 b,-0.7986315,2138
2bakabr1/9/9/p1p5p/6R2/2P1P4/P7P/5rNc1/7R1/2BAKAB2 w,0.80029345,3813
2bakabr1/9/9/p1p3R1p/9/2P1P4/P7P/5rNc1/7R1/2BAKAB2 b,-0.8033197,6361
2bakabr1/9/9/p1p3R1p/9/2P1P4/P6cP/5rN2/7R1/2BAKAB2 w,0.82348603,7186
2bakabr1/9/9/p1p3R1p/9/2P1P4/P6cP/5rN2/4R4/2BAKAB2 b,-0.8129706,562
2baka1r1/9/4b4/p1p3R1p/9/2P1P4/P6cP/5rN2/4R4/2BAKAB2 w,0.8283513,4450
2baka1r1/9/4b4/p1p3R1p/4P4/2P6/P6cP/5rN2/4R4/2BAKAB2 b,-0.8187653,5578
2baka1r1/9/4b4/p1p3R1p/4P4/2P6/P7P/5rN2/4R4/2BAKABc1 w,0.8650488,6298
2baka1r1/9/4b4/p1p3R1p/4P4/2P6/P7P/5r3/4R4/2BAKABN1 b,-0.85195714,718
2baka3/9/4b4/p1p3R1p/4P4/2P6/P7P/5r3/4R4/2BAKABr1 w,0.8603992,3631
2baka3/9/4b4/p1p1P1R1p/9/2P6/P7P/5r3/4R4/2BAKABr1 b,-0.84622514,1986
2bakab2/9/9/p1p1P1R1p/9/2P6/P7P/5r3/4R4/2BAKABr1 w,0.86147505,2820
2bakab2/9/9/p1pP2R1p/9/2P6/P7P/5r3/4R4/2BAKABr1 b,-0.85599965,562
2baka3/9/4b4/p1pP2R1p/9/2P6/P7P/5r3/4R4/2BAKABr1 w,0.8871035,2721
2baka3/9/3Pb4/p1p3R1p/9/2P6/P7P/5r3/4R4/2BAKABr1 b,-0.8778443,6170
2baka3/9/3Pb4/p1p3R1p/9/2P2r3/P7P/9/4R4/2BAKABr1 w,0.8607921,1902
2baka3/3P5/4b4/p1p3R1p/9/2P2r3/P7P/9/4R4/2BAKABr1 b,-0.8532953,4523
2baka3/3P5/4br3/p1p3R1p/9/2P6/P7P/9/4R4/2BAKABr1 w,0.8682804,6898
2baka3/3P5/4br3/p1p3R1p/9/2P6/P3R3P/9/9/2BAKABr1 b,-0.8599724,7936
2baka3/3P3r1/4br3/p1p3R1p/9/2P6/P3R3P/9/9/2BAKAB2 w,0.8716033,3000
2baka3/3P3r1/4br3/p1pR4p/9/2P6/P3R3P/9/9/2BAKAB2 b,-0.8626216,463
2bak4/3Pa2r1/4br3/p1pR4p/9/2P6/P3R3P/9/9/2BAKAB2 w,0.87195164,2729
2bak4/3Pa2r1/4br3/p1R5p/9/2P6/P3R3P/9/9/2BAKAB2 b,-0.8551561,198
3ak4/3Pa2r1/b3br3/p1R5p/9/2P6/P3R3P/9/9/2BAKAB2 w,0.8634723,7636
3ak4/3Pa2r1/b3br3/p1R5p/9/2P6/P3R3P/9/4A4/2B1KAB2 b,-0.8514028,1483
3ak4/3Pa4/b3br3/p1R5p/7r1/2P6/P3R3P/9/4A4/2B1KAB2 w,0.8638393,2630
3ak4/3Pa4/b1R1br3/p7p/7r1/2P6/P3R3P/9/4A4/2B1KAB2 b,-0.85857797,3909
3ak4/3Pa4/b1R1br3/p7p/3r5/2P6/P3R3P/9/4A4/2B1KAB2 w,0.86713403,1818
3ak4/3Pa4/R3br3/p7p/3r5/2P6/P3R3P/9/4A4/2B1KAB2 b,-0.8425155,3522
3ak4/3ra4/R3br3/p7p/9/2P6/P3R3P/9/4A4/2B1KAB2 w,0.8476744,5242
3ak4/3ra4/R3Rr3/p7p/9/2P6/P7P/9/4A4/2B1KAB2 b,-0.82246864,2092
3ak4/3ra4/R3r4/p7p/9/2P6/P7P/9/4A4/2B1KAB2 w,0.82658994,1642
3ak4/3ra4/4R4/p7p/9/2P6/P7P/9/4A4/2B1KAB2 b,-0.82071245,1137
3ak4/4a4/4R4/p7p/9/2P6/P2r4P/9/4A4/2B1KAB2 w,0.8258385,2011
3ak4/4a4/9/p3R3p/9/2P6/P2r4P/9/4A4/2B1KAB2 b,-0.8199492,5192
3ak4/4a4/9/p3R3p/9/2P6/P7r/9/4A4/2B1KAB2 w,0.8181048,2817
3ak4/4a4/9/R7p/9/2P6/P7r/9/4A4/2B1KAB2 b,-0.81364703,3194
3ak4/4a4/9/R8/8p/2P6/P7r/9/4A4/2B1KAB2 w,0.8194143,2463
3ak4/4a4/9/6R2/8p/2P6/P7r/9/4A4/2B1KAB2 b,-0.8095694,5634
3ak4/4a4/9/6R2/8p/2P6/r8/9/4A4/2B1KAB2 w,0.8119399,4268
3ak4/4a4/9/6R2/2P5p/9/r8/9/4A4/2B1KAB2 b,-0.814255,4896
3ak4/4a4/9/6R2/r1P5p/9/9/9/4A4/2B1KAB2 w,0.84950334,6924
3ak4/4a4/9/6R2/r1P5p/9/9/9/9/2BAKAB2 b,-0.83672273,365
3a1k3/4a4/9/6R2/r1P5p/9/9/9/9/2BAKAB2 w,0.8486249,3002
3a1k3/4a4/9/5R3/r1P5p/9/9/9/9/2BAKAB2 b,-0.8351805,454
3ak4/4a4/9/5R3/r1P5p/9/9/9/9/2BAKAB2 w,0.8451398,2915
3ak4/4a4/9/8R/r1P5p/9/9/9/9/2BAKAB2 b,-0.8202785,365
3a1k3/4a4/9/8R/r1P5p/9/9/9/9/2BAKAB2 w,0.8278566,3194
3a1k3/4a4/9/9/r1P5R/9/9/9/9/2BAKAB2 b,-0.8189598,3258
3a1k3/4a4/r8/9/2P5R/9/9/9/9/2BAKAB2 w,0.8183885,3968
3a1k2R/4a4/r8/9/2P6/9/9/9/9/2BAKAB2 b,-0.8253832,464
3a4R/4ak3/r8/9/2P6/9/9/9/9/2BAKAB2 w,0.83264405,791
3a5/4ak3/r8/9/2P6/9/9/8R/9/2BAKAB2 b,-0.82511985,1643
3a5/4ak3/5r3/9/2P6/9/9/8R/9/2BAKAB2 w,0.8231699,6459
3a5/4ak3/5r3/9/2P6/9/9/6R2/9/2BAKAB2 b,-0.8119997,2111
3a5/4ak3/9/9/2P2r3/9/9/6R2/9/2BAKAB2 w,0.8213392,3449
3a5/4ak3/9/2P6/5r3/9/9/6R2/9/2BAKAB2 b,-0.8164157,3776
3a5/4ak3/9/2P6/9/9/9/6R2/9/2BAKrB2 w,0.8123414,7726
3a5/4ak3/9/2P6/9/9/9/6R2/4K4/2BA1rB2 b,-0.80432117,7824
3a5/4ak3/9/2P6/9/9/9/6R2/4K4/2Br2B2 w,0.81211656,6225
3a5/4akR2/9/2P6/9/9/9/9/4K4/2Br2B2 b,-0.8027512,1265
3a1k3/4a1R2/9/2P6/9/9/9/9/4K4/2Br2B2 w,0.80408746,1356
3a1kR2/4a4/9/2P6/9/9/9/9/4K4/2Br2B2 b,-0.80324787,464
3a2R2/4ak3/9/2P6/9/9/9/9/4K4/2Br2B2 w,0.80913615,573
3a5/4ak3/9/2P3R2/9/9/9/9/4K4/2Br2B2 b,-0.80622643,7643
3a5/4ak3/9/2P3R2/9/9/9/9/4K4/2r3B2 w,0.80770665,3002
3a5/4ak3/9/2P2R3/9/9/9/9/4K4/2r3B2 b,-0.80910105,1193
3a5/5k3/5a3/2P2R3/9/9/9/9/4K4/2r3B2 w,0.81206983,2640
3a5/5k3/5a3/3P1R3/9/9/9/9/4K4/2r3B2 b,-0.81208974,7557
3a5/5k3/5a3/3P1R3/9/9/9/9/4K4/6r2 w,0.8154454,2721
3a5/5k3/3P1a3/5R3/9/9/9/9/4K4/6r2 b,-0.8170116,7908
3a5/5k3/3P1a3/5R3/9/9/9/9/4K1r2/9 w,0.8173978,6925
3a5/5k3/3P1a3/5R3/9/9/9/9/6r2/4K4 b,-0.80448794,7080
3a5/5k3/3P1a3/5R3/9/9/6r2/9/9/4K4 w,0.8167296,1902
3a5/3P1k3/5a3/5R3/9/9/6r2/9/9/4K4 b,-0.8141471,5458
3a5/3P1k3/5a3/5R3/9/9/4r4/9/9/4K4 w,0.8104075,7736
3a5/3P1k3/5a3/5R3/9/9/4r4/9/9/5K3 b,-0.7946733,5242
3a5/3P1k3/4ra3/5R3/9/9/9/9/9/5K3 w,0.80198026,2910
3a5/3P1k3/4ra3/3R5/9/9/9/9/9/5K3 b,-0.798083,283
9/3Pak3/4ra3/3R5/9/9/9/9/9/5K3 w,0.7980668,2739
9/3Pak3/4ra3/9/3R5/9/9/9/9/5K3 b,-0.7934634,2001
9/3Pak3/3r1a3/9/3R5/9/9/9/9/5K3 w,0.91773844,1093
9/4Pk3/3r1a3/9/3R5/9/9/9/9/5K3 b,-0.9099815,1273
9/4k4/3r1a3/9/3R5/9/9/9/9/5K3 w,0.9252159,3531
9/4k4/3R1a3/9/9/9/9/9/9/5K3 b,-0.92039573,1184
9/5k3/3R1a3/9/9/9/9/9/9/5K3 w,0.94033366,7825
9/5k3/3R1a3/9/9/9/9/9/9/4K4 b,-0.95301414,2083
9/4ak3/3R5/9/9/9/9/9/9/4K4 w,0.9369018,1947
9/4ak3/9/9/9/9/3R5/9/9/4K4 b,-0.9375169,1193
9/5k3/5a3/9/9/9/3R5/9/9/4K4 w,0.97660255,5160
9/5k3/5a3/3R5/9/9/9/9/9/4K4 b,-0.97548586,1265
5k3/9/5a3/3R5/9/9/9/9/9/4K4 w,0.99032867,2732
5k3/9/5a3/5R3/9/9/9/9/9/4K4 b,-0.99039835,464
9/5k3/5a3/5R3/9/9/9/9/9/4K4 w,0.99946874,7726
9/5k3/5a3/5R3/9/9/9/9/4K4/9 b,-0.9998629,1265
5k3/9/5a3/5R3/9/9/9/9/4K4/9 w,1,2903
rnbakabnr/9/1c5c1/p1p1p1p1p/9/9/P1P1P1P1P/1C5C1/9/RNBAKABNR w,0.8017292,5827
rnbakabnr/9/1c5c1/p1p1p1p1p/9/9/P1P1P1P1P/4C2C1/9/RNBAKABNR b,-0.8017682,110
r1bakabnr/9/1cn4c1/p1p1p1p1p/9/9/P1P1P1P1P/4C2C1/9/RNBAKABNR w,0.80181926,7445
r1bakabnr/9/1cn4c1/p1p1p1p1p/9/9/P1P1P1P1P/2N1C2C1/9/R1BAKABNR b,-0.80180895,562
r1baka1nr/9/1cn1b2c1/p1p1p1p1p/9/9/P1P1P1P1P/2N1C2C1/9/R1BAKABNR w,0.8019466,7372
r1baka1nr/9/1cn1b2c1/p1p1p1p1p/9/9/P1P1P1P1P/2N1C2C1/9/1RBAKABNR b,-0.80178535,1
1rbaka1nr/9/1cn1b2c1/p1p1p1p1p/9/9/P1P1P1P1P/2N1C2C1/9/1RBAKABNR w,0.80169904,6368
1rbaka1nr/9/1cn1b2c1/p1p1p1p1p/9/9/P1P1P1P1P/2N1CC3/9/1RBAKABNR b,-0.8023562,2648
1rbaka1nr/9/1cn1b2c1/p3p1p1p/2p6/9/P1P1P1P1P/2N1CC3/9/1RBAKABNR w,0.80259734,7989
1rbaka1nr/9/1cn1b2c1/p3p1p1p/2p6/9/P1P1P1P1P/2N1CCN2/9/1RBAKAB1R b,-0.802634,1765
1rbaka1nr/9/2n1b2c1/p3p1p1p/2p6/9/PcP1P1P1P/2N1CCN2/9/1RBAKAB1R w,0.80385303,8098
1rbaka1nr/9/2n1b2c1/p3p1p1p/2p6/9/PcP1P1P1P/2N1CCN2/9/1RBAKABR1 b,-0.8018057,644
1rbaka2r/5n3/2n1b2c1/p3p1p1p/2p6/9/PcP1P1P1P/2N1CCN2/9/1RBAKABR1 w,0.8025666,7972
1rbaka2r/5n3/2n1b2c1/p3p1p1p/2p6/7R1/PcP1P1P1P/2N1CCN2/9/1RBAKAB2 b,-0.8018714,727
1rbaka1r1/5n3/2n1b2c1/p3p1p1p/2p6/7R1/PcP1P1P1P/2N1CCN2/9/1RBAKAB2 w,0.80625814,4730
1rbaka1r1/5n3/2n1b2c1/p3p1p1p/2p6/5R3/PcP1P1P1P/2N1CCN2/9/1RBAKAB2 b,-0.80782807,1281
1rbaka1r1/9/2nnb2c1/p3p1p1p/2p6/5R3/PcP1P1P1P/2N1CCN2/9/1RBAKAB2 w,0.80908304,6061
1rbaka1r1/9/2nnb2c1/p3C1p1p/2p6/5R3/PcP1P1P1P/2N2CN2/9/1RBAKAB2 b,-0.80882585,463
1rbak2r1/4a4/2nnb2c1/p3C1p1p/2p6/5R3/PcP1P1P1P/2N2CN2/9/1RBAKAB2 w,0.8039036,2825
1rbak2r1/4a4/2nnb2c1/p5p1C/2p6/5R3/PcP1P1P1P/2N2CN2/9/1RBAKAB2 b,-0.80537075,2276
1rbak2r1/4a4/2nnb3c/p5p1C/2p6/5R3/PcP1P1P1P/2N2CN2/9/1RBAKAB2 w,0.8168093,5451
1rbak2r1/4a4/2nnb3c/p5p1C/2p6/5RP2/PcP1P3P/2N2CN2/9/1RBAKAB2 b,-0.80490685,1839
1rbak2r1/4a4/3nb3c/p5p1C/2pn5/5RP2/PcP1P3P/2N2CN2/9/1RBAKAB2 w,0.8109343,4541
1rbak2r1/4a4/3nb3c/p5p1C/2pn1R3/6P2/PcP1P3P/2N2CN2/9/1RBAKAB2 b,-0.80396026,3566
1rbak2r1/4a4/3nb3c/p5p1C/2p2R3/6P2/Pcn1P3P/2N2CN2/9/1RBAKAB2 w,0.80295515,6179
1rbak2r1/4a4/3nb3c/p5p1C/2p2R3/6P2/Pcn1PC2P/2N3N2/9/1RBAKAB2 b,-0.79553765,5023
1rbak2r1/4a4/3nb3c/p5p1C/2p2R3/6P2/P1n1PC2P/2N3N2/1c7/1RBAKAB2 w,0.80829746,5366
1rbak2r1/4a4/3nb3c/p5p1C/2p2R3/6P2/P1C1P3P/2N3N2/1c7/1RBAKAB2 b,-0.79944164,3467
1rbak2r1/4a4/3nb3c/p5p1C/5R3/2p3P2/P1C1P3P/2N3N2/1c7/1RBAKAB2 w,0.8085002,5097
1rbak2r1/4a4/3nb3c/p5p1C/5R3/2p3P2/P2CP3P/2N3N2/1c7/1RBAKAB2 b,-0.8042733,4286
1rbak2r1/4a4/3nb3c/p5p1C/5R3/6P2/P1pCP3P/2N3N2/1c7/1RBAKAB2 w,0.81730735,5133
1rbCk2r1/4a4/3nb3c/p5p1C/5R3/6P2/P1p1P3P/2N3N2/1c7/1RBAKAB2 b,-0.7848178,363
1rbk3r1/4a4/3nb3c/p5p1C/5R3/6P2/P1p1P3P/2N3N2/1c7/1RBAKAB2 w,0.7944688,5926
1rbk3r1/4a4/3nb3c/p5p1C/5R3/6P2/P1p1P3P/6N2/1c2N4/1RBAKAB2 b,-0.78027546,154
2bk3r1/4a4/3nb3c/p5p1C/5R3/6P2/P1p1P3P/1r4N2/1c2N4/1RBAKAB2 w,0.79798347,3177
2bk3r1/4a4/3nb3c/C5p2/5R3/6P2/P1p1P3P/1r4N2/1c2N4/1RBAKAB2 b,-0.793915,709
2bk5/4a4/3nb3c/C5p2/5R3/6P2/P1p1P3P/1r4N2/1c2N2r1/1RBAKAB2 w,0.8026852,2430
C1bk5/4a4/3nb3c/6p2/5R3/6P2/P1p1P3P/1r4N2/1c2N2r1/1RBAKAB2 b,-0.8146418,282
C1b6/3ka4/3nb3c/6p2/5R3/6P2/P1p1P3P/1r4N2/1c2N2r1/1RBAKAB2 w,0.8186098,3729
C1b6/3ka4/3nb3c/6p2/3R5/6P2/P1p1P3P/1r4N2/1c2N2r1/1RBAKAB2 b,-0.7925666,7187
C1b6/3ka4/3nb3c/6p2/3R5/6P2/P1p1P3P/1r4N2/1c2Nr3/1RBAKAB2 w,0.8114508,6262
C1b6/3ka4/3nb3c/6p2/3R5/6PN1/P1p1P3P/1r7/1c2Nr3/1RBAKAB2 b,-0.7982971,5788
C1b6/3ka4/3nb3c/1r4p2/3R5/6PN1/P1p1P3P/9/1c2Nr3/1RBAKAB2 w,0.8142322,4632
C1b6/3ka4/3nb3c/1r4p2/3R2P2/7N1/P1p1P3P/9/1c2Nr3/1RBAKAB2 b,-0.7864223,3012
C1b6/3ka4/3nb3c/1r7/3R2p2/7N1/P1p1P3P/9/1c2Nr3/1RBAKAB2 w,0.78662026,6899
C1b6/3ka4/3nb3c/1r7/3R2p2/7N1/P1p1PN2P/9/1c3r3/1RBAKAB2 b,-0.76162446,3831
C1b6/3ka4/3nb3c/1r7/3R5/6pN1/P1p1PN2P/9/1c3r3/1RBAKAB2 w,0.7826521,5380
C1b6/3ka4/3nb3c/1r7/3R5/6pN1/P1p1P3P/7N1/1c3r3/1RBAKAB2 b,-0.78069276,7009
C1b6/3ka4/3nb3c/1r7/3R5/6pN1/P1p1P3P/7N1/1c5r1/1RBAKAB2 w,0.7973106,6351
C1b6/3ka4/3nb3c/1r7/3R5/6NN1/P1p1P3P/9/1c5r1/1RBAKAB2 b,-0.7815307,7162
C1b6/3ka4/3nb3c/1r7/3R5/6Nr1/P1p1P3P/9/1c7/1RBAKAB2 w,0.8001062,7537
C1b6/3ka4/3nb3c/1r7/3R5/6Nr1/P1p1P3P/4B4/1c7/1R1AKAB2 b,-0.7949616,2364
C1b6/3ka4/3nb1c2/1r7/3R5/6Nr1/P1p1P3P/4B4/1c7/1R1AKAB2 w,0.8033156,45
2b6/3ka4/3nb1c2/1r7/3R5/C5Nr1/P1p1P3P/4B4/1c7/1R1AKAB2 b,-0.78748095,1083
2bk5/4a4/3nb1c2/1r7/3R5/C5Nr1/P1p1P3P/4B4/1c7/1R1AKAB2 w,0.90294766,4102
2bk5/4a4/3nb1c2/1r7/3R5/6NC1/P1p1P3P/4B4/1c7/1R1AKAB2 b,-0.88659513,274
2b1k4/4a4/3nb1c2/1r7/3R5/6NC1/P1p1P3P/4B4/1c7/1R1AKAB2 w,0.890156,5269
2b1k4/4a4/3nb1c2/1r7/3R5/4P1NC1/P1p5P/4B4/1c7/1R1AKAB2 b,-0.875195,6625
2b1k4/4a4/3nb1c2/1r7/3R5/4P1NC1/Pcp5P/4B4/9/1R1AKAB2 w,0.87704706,7636
2b1k4/4a4/3nb1c2/1r7/3R5/4P1NC1/Pcp5P/4B4/4A4/1R2KAB2 b,-0.8600212,2553
2b1k4/4a4/3nb1c2/6r2/3R5/4P1NC1/Pcp5P/4B4/4A4/1R2KAB2 w,0.8502545,4723
2b1k4/4a4/3nb1c2/6r2/3R3C1/4P1N2/Pcp5P/4B4/4A4/1R2KAB2 b,-0.7995433,3021
2b1k4/4a4/3nb1c2/9/3R3C1/4P1r2/Pcp5P/4B4/4A4/1R2KAB2 w,0.8094488,3540
2b1k4/4a4/3nb1c2/3R5/7C1/4P1r2/Pcp5P/4B4/4A4/1R2KAB2 b,-0.8002661,4639
2b1k4/4a4/3nb1c2/3R5/7C1/4r4/Pcp5P/4B4/4A4/1R2KAB2 w,0.8166569,3906
2b1k4/4a4/3nb1c2/3R5/C8/4r4/Pcp5P/4B4/4A4/1R2KAB2 b,-0.80899847,4450
2b1k4/4a4/3nb1c2/3R5/C3r4/9/Pcp5P/4B4/4A4/1R2KAB2 w,0.8092297,3240
C1b1k4/4a4/3nb1c2/3R5/4r4/9/Pcp5P/4B4/4A4/1R2KAB2 b,-0.80722046,198
C3k4/4a4/b2nb1c2/3R5/4r4/9/Pcp5P/4B4/4A4/1R2KAB2 w,0.8107621,2729
C3k4/4a4/b2nb1c2/2R6/4r4/9/Pcp5P/4B4/4A4/1R2KAB2 b,-0.80119497,1928
C3k4/4a4/b3b1c2/2R6/2n1r4/9/Pcp5P/4B4/4A4/1R2KAB2 w,0.93270564,2612
C1R1k4/4a4/b3b1c2/9/2n1r4/9/Pcp5P/4B4/4A4/1R2KAB2 b,-0.9418518,1173
C1Rak4/9/b3b1c2/9/2n1r4/9/Pcp5P/4B4/4A4/1R2KAB2 w,0.9552984,218
C2ak4/9/b3b1c2/9/2R1r4/9/Pcp5P/4B4/4A4/1R2KAB2 b,-0.9557359,283
C3k4/4a4/b3b1c2/9/2R1r4/9/Pcp5P/4B4/4A4/1R2KAB2 w,0.96660393,3460
C3k4/4a4/b3b1c2/9/4R4/9/Pcp5P/4B4/4A4/1R2KAB2 b,-0.96241874,1658
C3k4/4a4/4b1c2/9/2b1R4/9/Pcp5P/4B4/4A4/1R2KAB2 w,0.96721876,3631
C3k4/4a4/4b1c2/4R4/2b6/9/Pcp5P/4B4/4A4/1R2KAB2 b,-0.9652916,5012
C3k4/4a4/4b1c2/4R4/2b6/9/P1p5c/4B4/4A4/1R2KAB2 w,0.9695886,7381
CR2k4/4a4/4b1c2/4R4/2b6/9/P1p5c/4B4/4A4/4KAB2 b,-0.96660244,1173
CR1ak4/9/4b1c2/4R4/2b6/9/P1p5c/4B4/4A4/4KAB2 w,0.9703259,2820
CR1ak4/9/4b1c2/3R5/2b6/9/P1p5c/4B4/4A4/4KAB2 b,-0.96014154,2175
CR1ak4/6c2/4b4/3R5/2b6/9/P1p5c/4B4/4A4/4KAB2 w,0.9748206,93
C2Rk4/6c2/4b4/3R5/2b6/9/P1p5c/4B4/4A4/4KAB2 b,-0.9779267,373
C2R5/4k1c2/4b4/3R5/2b6/9/P1p5c/4B4/4A4/4KAB2 w,0.9853983,2733
C2R5/4k1c2/4b4/6R2/2b6/9/P1p5c/4B4/4A4/4KAB2 b,-0.9773435,1364
C2R5/4kc3/4b4/6R2/2b6/9/P1p5c/4B4/4A4/4KAB2 w,0.9750662,3002
C2R5/4kc3/4b4/5R3/2b6/9/P1p5c/4B4/4A4/4KAB2 b,-0.97472274,5638
C2R5/4kc3/4b4/5R3/2b6/9/P1p1c4/4B4/4A4/4KAB2 w,0.9770093,4905
C2R5/4kc3/4b4/5R3/2b6/P8/2p1c4/4B4/4A4/4KAB2 b,-0.97689867,5105
C2R5/4kc3/4b4/5R3/2b6/P8/4c4/2p1B4/4A4/4KAB2 w,0.9793295,2911
C2R5/4kc3/4b4/4R4/2b6/P8/4c4/2p1B4/4A4/4KAB2 b,-0.9746095,5274
C2R5/4kc3/4b4/4R4/2b6/P8/c8/2p1B4/4A4/4KAB2 w,0.97821045,54
3R5/4kc3/4b4/4R4/2b6/P8/C8/2p1B4/4A4/4KAB2 b,-0.980019,5924
3R5/4kc3/4b4/4R4/2b6/P8/C8/4B4/2p1A4/4KAB2 w,0.98644185,2820
3R5/4kc3/4b4/3R5/2b6/P8/C8/4B4/2p1A4/4KAB2 b,-0.97341305,1283
3R5/4k4/4bc3/3R5/2b6/P8/C8/4B4/2p1A4/4KAB2 w,1,2712
rnbakabnr/9/1c5c1/p1p1p1p1p/9/9/P1P1P1P1P/1C5C1/9/RNBAKABNR w,0.8017629,5827
rnbakabnr/9/1c5c1/p1p1p1p1p/9/9/P1P1P1P1P/4C2C1/9/RNBAKABNR b,-0.8017682,110
r1bakabnr/9/1cn4c1/p1p1p1p1p/9/9/P1P1P1P1P/4C2C1/9/RNBAKABNR w,0.80182797,7445
r1bakabnr/9/1cn4c1/p1p1p1p1p/9/9/P1P1P1P1P/2N1C2C1/9/R1BAKABNR b,-0.80182236,562
r1baka1nr/9/1cn1b2c1/p1p1p1p1p/9/9/P1P1P1P1P/2N1C2C1/9/R1BAKABNR w,0.8019635,7372
r1baka1nr/9/1cn1b2c1/p1p1p1p1p/9/9/P1P1P1P1P/2N1C2C1/9/1RBAKABNR b,-0.8017659,1
1rbaka1nr/9/1cn1b2c1/p1p1p1p1p/9/9/P1P1P1P1P/2N1C2C1/9/1RBAKABNR w,0.8016926,6368
1rbaka1nr/9/1cn1b2c1/p1p1p1p1p/9/9/P1P1P1P1P/2N1CC3/9/1RBAKABNR b,-0.80128574,654
1rbaka2r/9/1cn1b1nc1/p1p1p1p1p/9/9/P1P1P1P1P/2N1CC3/9/1RBAKABNR w,0.8016004,7989
1rbaka2r/9/1cn1b1nc1/p1p1p1p1p/9/9/P1P1P1P1P/2N1CCN2/9/1RBAKAB1R b,-0.80137295,3012
1rbaka2r/9/1cn1b1nc1/p1p1p3p/6p2/9/P1P1P1P1P/2N1CCN2/9/1RBAKAB1R w,0.80189806,8098
1rbaka2r/9/1cn1b1nc1/p1p1p3p/6p2/9/P1P1P1P1P/2N1CCN2/9/1RBAKABR1 b,-0.8020107,727
1rbaka1r1/9/1cn1b1nc1/p1p1p3p/6p2/9/P1P1P1P1P/2N1CCN2/9/1RBAKABR1 w,0.80276376,5087
1rbaka1r1/9/1cn1b1nc1/p1p1p3p/6p2/2P6/P3P1P1P/2N1CCN2/9/1RBAKABR1 b,-0.8021549,1765
1rbaka1r1/9/2n1b1nc1/p1p1p3p/6p2/2P6/Pc2P1P1P/2N1CCN2/9/1RBAKABR1 w,0.8047115,5898
1rbaka1r1/9/2n1b1nc1/p1p1p3p/6p2/2PN5/Pc2P1P1P/4CCN2/9/1RBAKABR1 b,-0.80647033,2311
1rbaka1r1/9/2n1b1n2/p1p1p3p/6p2/2PN5/Pc2P1PcP/4CCN2/9/1RBAKABR1 w,0.8079284,6143
1rbaka1r1/9/2n1bCn2/p1p1p3p/6p2/2PN5/Pc2P1PcP/4C1N2/9/1RBAKABR1 b,-0.80805,1986
1rbakabr1/9/2n2Cn2/p1p1p3p/6p2/2PN5/Pc2P1PcP/4C1N2/9/1RBAKABR1 w,0.8178919,4351
1rbakabr1/9/2n2Cn2/p1p1N3p/6p2/2P6/Pc2P1PcP/4C1N2/9/1RBAKABR1 b,-0.8047812,1831
1rbakabr1/9/5Cn2/p1p1n3p/6p2/2P6/Pc2P1PcP/4C1N2/9/1RBAKABR1 w,0.805125,6061
1rbakabr1/9/5Cn2/p1p1C3p/6p2/2P6/Pc2P1PcP/6N2/9/1RBAKABR1 b,-0.79061073,109
2bakabr1/9/1r3Cn2/p1p1C3p/6p2/2P6/Pc2P1PcP/6N2/9/1RBAKABR1 w,0.80187976,2839
2bakabr1/9/1r3Cn2/p1p5p/6p2/2P1C4/Pc2P1PcP/6N2/9/1RBAKABR1 b,-0.7988056,1733
2bakabr1/9/5rn2/p1p5p/6p2/2P1C4/Pc2P1PcP/6N2/9/1RBAKABR1 w,0.80963963,7435
2bakabr1/9/5rn2/p1p5p/6p2/2P1C4/PR2P1PcP/6N2/9/2BAKABR1 b,-0.80557835,2201
2bakabr1/9/5r3/p1p5p/5np2/2P1C4/PR2P1PcP/6N2/9/2BAKABR1 w,0.8137204,4987
2bakabr1/9/5r3/p1p5p/1R3np2/2P1C4/P3P1PcP/6N2/9/2BAKABR1 b,-0.8083652,3750
2bakabr1/9/5r3/p1p5p/1R4p2/2P1C4/P3P1ncP/6N2/9/2BAKABR1 w,0.8197591,3372
2bakabr1/9/5r3/p1p5p/6R2/2P1C4/P3P1ncP/6N2/9/2BAKABR1 b,-0.80547106,5449
2bakabr1/9/5r3/p1p5p/6R2/2P1n4/P3P2cP/6N2/9/2BAKABR1 w,0.8059191,5269
2bakabr1/9/5r3/p1p5p/6R2/2P1P4/P6cP/6N2/9/2BAKABR1 b,-0.79940635,5560
2bakabr1/9/5r3/p1p5p/6R2/2P1P4/P7P/6Nc1/9/2BAKABR1 w,0.8098527,7999
2bakabr1/9/5r3/p1p5p/6R2/2P1P4/P7P/6Nc1/7R1/2BAKAB2 b,-0.7984724,2138
2bakabr1/9/9/p1p5p/6R2/2P1P4/P7P/5rNc1/7R1/2BAKAB2 w,0.80029345,3813
2bakabr1/9/9/p1p3R1p/9/2P1P4/P7P/5rNc1/7R1/2BAKAB2 b,-0.80019426,691
2bakab2/9/9/p1p3R1p/9/2P1P4/P6rP/5rNc1/7R1/2BAKAB2 w,0.8147814,2976
2bakaR2/9/9/p1p5p/9/2P1P4/P6rP/5rNc1/7R1/2BAKAB2 b,-0.80170405,2648
2bakaR2/9/9/p7p/2p6/2P1P4/P6rP/5rNc1/7R1/2BAKAB2 w,0.8316905,4268
2bakaR2/9/9/p7p/2P6/4P4/P6rP/5rNc1/7R1/2BAKAB2 b,-0.8182935,5548
2bakaR2/9/9/p7p/2P6/4P4/P3r3P/5rNc1/7R1/2BAKAB2 w,0.846105,7816
2bakaR2/9/9/p7p/2P6/4P4/P3r3P/5rNc1/4A2R1/2BAK1B2 b,-0.8343132,6371
2bakaR2/9/9/p7p/2P6/4P4/P3r3P/5rN1c/4A2R1/2BAK1B2 w,0.88252574,7897
2bakaR2/9/9/p7p/2P6/4P4/P3r3P/4BrN1c/4A2R1/2BAK4 b,-0.8925458,6189
2bakaR2/9/9/p7p/2P6/4P4/P3r3P/4B1r1c/4A2R1/2BAK4 w,0.90721077,609
2baka3/9/9/p7p/2P6/4P4/P3r3P/4B1R1c/4A2R1/2BAK4 b,-0.8985213,6479
2baka3/9/9/p7p/2P6/4P4/P3r3P/4B1R2/4A2R1/2BAK3c w,0.90338916,7117
2baka1R1/9/9/p7p/2P6/4P4/P3r3P/4B1R2/4A4/2BAK3c b,-0.89028007,5269
2baka1R1/9/9/p7p/2P6/4r4/P7P/4B1R2/4A4/2BAK3c w,0.9102361,6216
2bakaRR1/9/9/p7p/2P6/4r4/P7P/4B4/4A4/2BAK3c b,-0.8920254,283
2b1kaRR1/4a4/9/p7p/2P6/4r4/P7P/4B4/4A4/2BAK3c w,0.8980246,600
2b1ka1R1/4a4/9/p7p/2P6/4r4/P5R1P/4B4/4A4/2BAK3c b,-0.8932209,4450
2b1ka1R1/4a4/9/p7p/2P1r4/9/P5R1P/4B4/4A4/2BAK3c w,0.9054062,3449
2b1ka1R1/4a4/9/p1P5p/4r4/9/P5R1P/4B4/4A4/2BAK3c b,-0.8943132,3631
2b1ka1R1/4a4/9/p1P1r3p/9/9/P5R1P/4B4/4A4/2BAK3c w,0.9051225,2630
2b1ka1R1/4a4/2P6/p3r3p/9/9/P5R1P/4B4/4A4/2BAK3c b,-0.9042737,202
4ka1R1/4a4/2P1b4/p3r3p/9/9/P5R1P/4B4/4A4/2BAK3c w,0.9102483,691
4ka3/4a4/2P1b4/p3r3p/9/9/P5RRP/4B4/4A4/2BAK3c b,-0.9077568,2819
4ka3/4a4/2P1b4/p1r5p/9/9/P5RRP/4B4/4A4/2BAK3c w,0.907444,1819
4ka3/4a4/1P2b4/p1r5p/9/9/P5RRP/4B4/4A4/2BAK3c b,-0.89559346,2641
4ka3/4a4/1P2b4/p3r3p/9/9/P5RRP/4B4/4A4/2BAK3c w,0.90625036,1720
4ka3/1P2a4/4b4/p3r3p/9/9/P5RRP/4B4/4A4/2BAK3c b,-0.9006957,2819
4ka3/1P2a4/4b4/p1r5p/9/9/P5RRP/4B4/4A4/2BAK3c w,0.9114332,5458
4ka3/1P2a4/4b4/p1r5p/9/9/P3R2RP/4B4/4A4/2BAK3c b,-0.90187913,1986
4kab2/1P2a4/9/p1r5p/9/9/P3R2RP/4B4/4A4/2BAK3c w,0.9069565,5276
4kab2/1P2a4/9/p1r5p/9/9/P1R4RP/4B4/4A4/2BAK3c b,-0.8871972,2666
4kab2/1P2a4/9/p7p/9/9/P1r4RP/4B4/4A4/2BAK3c w,0.89670986,5546
4kab2/1P2a4/9/p7p/9/9/P1R5P/4B4/4A4/2BAK3c b,-0.89087254,562
4ka3/1P2a4/4b4/p7p/9/9/P1R5P/4B4/4A4/2BAK3c w,0.89850444,5095
4ka3/1P2a4/4b4/p7p/9/9/PR6P/4B4/4A4/2BAK3c b,-0.88805634,8098
4ka3/1P2a4/4b4/p7p/9/9/PR6P/4B4/4A4/2BAK2c1 w,0.8999281,5011
4ka3/1P2a4/4b4/p7p/9/9/P6RP/4B4/4A4/2BAK2c1 b,-0.89218265,8009
4ka3/1P2a4/4b4/p7p/9/9/P6RP/4B4/4A4/2BAK3c w,0.8978769,5515
4ka3/1P2a4/4b2R1/p7p/9/9/P7P/4B4/4A4/2BAK3c b,-0.89509135,1986
4kab2/1P2a4/7R1/p7p/9/9/P7P/4B4/4A4/2BAK3c w,0.91120535,2274
4kab2/1P2a4/6R2/p7p/9/9/P7P/4B4/4A4/2BAK3c b,-0.90939695,8098
4kab2/1P2a4/6R2/p7p/9/9/P7P/4B4/4A4/2BAK2c1 w,0.9216203,2166
4kaR2/1P2a4/9/p7p/9/9/P7P/4B4/4A4/2BAK2c1 b,-0.9222204,8009
4kaR2/1P2a4/9/p7p/9/9/P7P/4B4/4A4/2BAK3c w,0.92502856,564
4ka3/1P2a4/6R2/p7p/9/9/P7P/4B4/4A4/2BAK3c b,-0.9199952,8081
4ka3/1P2a4/6R2/p7p/9/9/P7P/4B3c/4A4/2BAK4 w,0.918114,911
4ka3/2P1a4/6R2/p7p/9/9/P7P/4B3c/4A4/2BAK4 b,-0.92136544,6479
4ka3/2P1a4/6R2/p7p/9/9/P7P/4B4/4A4/2BAK3c w,0.9359534,1002
4ka3/3Pa4/6R2/p7p/9/9/P7P/4B4/4A4/2BAK3c b,-0.93542033,8098
4ka3/3Pa4/6R2/p7p/9/9/P7P/4B4/4A4/2BAK2c1 w,0.93617123,2185
4ka3/3Pa4/7R1/p7p/9/9/P7P/4B4/4A4/2BAK2c1 b,-0.9345399,8009
4ka3/3Pa4/7R1/p7p/9/9/P7P/4B4/4A4/2BAK3c w,0.93992496,2284
4ka3/3Pa4/9/p6Rp/9/9/P7P/4B4/4A4/2BAK3c b,-0.9249891,2466
4ka3/3Pa4/9/7Rp/p8/9/P7P/4B4/4A4/2BAK3c w,0.9218429,3088
4ka3/3Pa4/9/1R6p/p8/9/P7P/4B4/4A4/2BAK3c b,-0.91781795,1173
3aka3/3P5/9/1R6p/p8/9/P7P/4B4/4A4/2BAK3c w,0.91843957,2551
3aka3/3P5/9/4R3p/p8/9/P7P/4B4/4A4/2BAK3c b,-0.92133063,463
3ak4/3Pa4/9/4R3p/p8/9/P7P/4B4/4A4/2BAK3c w,0.9280764,6081
3ak4/3Pa4/9/4R3p/p8/6B2/P7P/9/4A4/2BAK3c b,-0.9315297,3194
3ak4/3Pa4/9/4R4/p7p/6B2/P7P/9/4A4/2BAK3c w,0.9337835,6906
3ak4/3Pa4/9/4R4/p7p/6B2/P7P/3A5/9/2BAK3c b,-0.9427624,365
3a1k3/3Pa4/9/4R4/p7p/6B2/P7P/3A5/9/2BAK3c w,0.9545009,1083
3P1k3/4a4/9/4R4/p7p/6B2/P7P/3A5/9/2BAK3c b,-0.937302,1193
3P1k3/9/5a3/4R4/p7p/6B2/P7P/3A5/9/2BAK3c w,0.95439523,2820
3P1k3/9/5a3/3R5/p7p/6B2/P7P/3A5/9/2BAK3c b,-0.9365722,464
3P5/5k3/5a3/3R5/p7p/6B2/P7P/3A5/9/2BAK3c w,0.95172477,2712
3P5/3R1k3/5a3/9/p7p/6B2/P7P/3A5/9/2BAK3c b,-0.94873345,1265
3P1k3/3R5/5a3/9/p7p/6B2/P7P/3A5/9/2BAK3c w,0.9574809,1119
3P1k3/9/5a3/9/p2R4p/6B2/P7P/3A5/9/2BAK3c b,-0.94014555,464
3P5/5k3/5a3/9/p2R4p/6B2/P7P/3A5/9/2BAK3c w,0.94173497,3546
3P5/5k3/5a3/9/R7p/6B2/P7P/3A5/9/2BAK3c b,-0.9335764,8098
3P5/5k3/5a3/9/R7p/6B2/P7P/3A5/9/2BAK2c1 w,0.9413835,3284
3P5/5k3/5a3/9/8R/6B2/P7P/3A5/9/2BAK2c1 b,-0.9401199,7936
3P5/5k1c1/5a3/9/8R/6B2/P7P/3A5/9/2BAK4 w,0.94474244,3986
3P5/5k1c1/5a2R/9/9/6B2/P7P/3A5/9/2BAK4 b,-0.9293839,1474
3P5/5k3/5a2R/7c1/9/6B2/P7P/3A5/9/2BAK4 w,0.96651673,274
4P4/5k3/5a2R/7c1/9/6B2/P7P/3A5/9/2BAK4 b,-0.95083016,2083
4P4/4ak3/8R/7c1/9/6B2/P7P/3A5/9/2BAK4 w,0.966328,2357
4P4/4ak2R/9/7c1/9/6B2/P7P/3A5/9/2BAK4 b,-0.9747479,1283
4P4/4a3R/5k3/7c1/9/6B2/P7P/3A5/9/2BAK4 w,0.98469275,1565
4P4/4a4/5k3/7cR/9/6B2/P7P/3A5/9/2BAK4 b,-0.9778605,2084
4P4/4ak3/9/7cR/9/6B2/P7P/3A5/9/2BAK4 w,0.99358106,3184
4P4/4ak3/9/7R1/9/6B2/P7P/3A5/9/2BAK4 b,-0.99661237,1193
4P4/5k3/5a3/7R1/9/6B2/P7P/3A5/9/2BAK4 w,1,3076
rnbakabnr/9/1c5c1/p1p1p1p1p/9/9/P1P1P1P1P/1C5C1/9/RNBAKABNR w,0.0018086672,5827
rnbakabnr/9/1c5c1/p1p1p1p1p/9/9/P1P1P1P1P/4C2C1/9/RNBAKABNR b,-0.0017798304,110
r1bakabnr/9/1cn4c1/p1p1p1p1p/9/9/P1P1P1P1P/4C2C1/9/RNBAKABNR w,0.0018314839,7445
r1bakabnr/9/1cn4c1/p1p1p1p1p/9/9/P1P1P1P1P/2N1C2C1/9/R1BAKABNR b,-0.0018089175,562
r1baka1nr/9/1cn1b2c1/p1p1p1p1p/9/9/P1P1P1P1P/2N1C2C1/9/R1BAKABNR w,0.0019465685,7372
r1baka1nr/9/1cn1b2c1/p1p1p1p1p/9/9/P1P1P1P1P/2N1C2C1/9/1RBAKABNR b,-0.0017700195,1
1rbaka1nr/9/1cn1b2c1/p1p1p1p1p/9/9/P1P1P1P1P/2N1C2C1/9/1RBAKABNR w,0.0016926051,6368
1rbaka1nr/9/1cn1b2c1/p1p1p1p1p/9/9/P1P1P1P1P/2N1CC3/9/1RBAKABNR b,-0.0012857557,654
1rbaka2r/9/1cn1b1nc1/p1p1p1p1p/9/9/P1P1P1P1P/2N1CC3/9/1RBAKABNR w,0.0015776635,7989
1rbaka2r/9/1cn1b1nc1/p1p1p1p1p/9/9/P1P1P1P1P/2N1CCN2/9/1RBAKAB1R b,-0.0013483524,3012
1rbaka2r/9/1cn1b1nc1/p1p1p3p/6p2/9/P1P1P1P1P/2N1CCN2/9/1RBAKAB1R w,0.0018939496,8098
1rbaka2r/9/1cn1b1nc1/p1p1p3p/6p2/9/P1P1P1P1P/2N1CCN2/9/1RBAKABR1 b,-0.0020286203,727
1rbaka1r1/9/1cn1b1nc1/p1p1p3p/6p2/9/P1P1P1P1P/2N1CCN2/9/1RBAKABR1 w,0.002513051,5087
1rbaka1r1/9/1cn1b1nc1/p1p1p3p/6p2/2P6/P3P1P1P/2N1CCN2/9/1RBAKABR1 b,-0.0021406412,1765
1rbaka1r1/9/2n1b1nc1/p1p1p3p/6p2/2P6/Pc2P1P1P/2N1CCN2/9/1RBAKABR1 w,0.0047115325,5898
1rbaka1r1/9/2n1b1nc1/p1p1p3p/6p2/2PN5/Pc2P1P1P/4CCN2/9/1RBAKABR1 b,-0.006537807,2311
1rbaka1r1/9/2n1b1n2/p1p1p3p/6p2/2PN5/Pc2P1PcP/4CCN2/9/1RBAKABR1 w,0.007887125,6143
1rbaka1r1/9/2n1bCn2/p1p1p3p/6p2/2PN5/Pc2P1PcP/4C1N2/9/1RBAKABR1 b,-0.008902455,1986
1rbakabr1/9/2n2Cn2/p1p1p3p/6p2/2PN5/Pc2P1PcP/4C1N2/9/1RBAKABR1 w,0.017766332,4351
1rbakabr1/9/2n2Cn2/p1p1N3p/6p2/2P6/Pc2P1PcP/4C1N2/9/1RBAKABR1 b,-0.0049099564,1831
1rbakabr1/9/5Cn2/p1p1n3p/6p2/2P6/Pc2P1PcP/4C1N2/9/1RBAKABR1 w,0.0049797297,6061
1rbakabr1/9/5Cn2/p1p1C3p/6p2/2P6/Pc2P1PcP/6N2/9/1RBAKABR1 b,0.009373379,109
2bakabr1/9/1r3Cn2/p1p1C3p/6p2/2P6/Pc2P1PcP/6N2/9/1RBAKABR1 w,0.0022862197,2839
2bakabr1/9/1r3Cn2/p1p5p/6p2/2P1C4/Pc2P1PcP/6N2/9/1RBAKABR1 b,0.0011875868,1733
2bakabr1/9/5rn2/p1p5p/6p2/2P1C4/Pc2P1PcP/6N2/9/1RBAKABR1 w,0.0096654175,7435
2bakabr1/9/5rn2/p1p5p/6p2/2P1C4/PR2P1PcP/6N2/9/2BAKABR1 b,-0.0059248093,2201
2bakabr1/9/5r3/p1p5p/5np2/2P1C4/PR2P1PcP/6N2/9/2BAKABR1 w,0.013720393,4987
2bakabr1/9/5r3/p1p5p/1R3np2/2P1C4/P3P1PcP/6N2/9/2BAKABR1 b,-0.008435405,3750
2bakabr1/9/5r3/p1p5p/1R4p2/2P1C4/P3P1ncP/6N2/9/2BAKABR1 w,0.018377233,3372
2bakabr1/9/5r3/p1p5p/6R2/2P1C4/P3P1ncP/6N2/9/2BAKABR1 b,-0.005449605,5449
2bakabr1/9/5r3/p1p5p/6R2/2P1n4/P3P2cP/6N2/9/2BAKABR1 w,0.0058785677,5269
2bakabr1/9/5r3/p1p5p/6R2/2P1P4/P6cP/6N2/9/2BAKABR1 b,0.0003559351,5560
2bakabr1/9/5r3/p1p5p/6R2/2P1P4/P7P/6Nc1/9/2BAKABR1 w,0.008559394,7999
2bakabr1/9/5r3/p1p5p/6R2/2P1P4/P7P/6Nc1/7R1/2BAKAB2 b,0.0013684988,2138
2bakabr1/9/9/p1p5p/6R2/2P1P4/P7P/5rNc1/7R1/2BAKAB2 w,-0.00007389784,3813
2bakabr1/9/9/p1p3R1p/9/2P1P4/P7P/5rNc1/7R1/2BAKAB2 b,-0.0020941496,691
2bakab2/9/9/p1p3R1p/9/2P1P4/P6rP/5rNc1/7R1/2BAKAB2 w,0.01460998,2976
2bakaR2/9/9/p1p5p/9/2P1P4/P6rP/5rNc1/7R1/2BAKAB2 b,-0.0038278461,5548
2bakaR2/9/9/p1p5p/9/2P1P4/P3r3P/5rNc1/7R1/2BAKAB2 w,0.03194363,7816
2bakaR2/9/9/p1p5p/9/2P1P4/P3r3P/5rNc1/4A2R1/2BAK1B2 b,-0.01984998,6371
2bakaR2/9/9/p1p5p/9/2P1P4/P3r3P/5rN1c/4A2R1/2BAK1B2 w,0.035951305,7198
2bakaR2/9/9/p1p5p/9/2P1P4/P3r3P/5rN1c/4A4/2BAK1BR1 b,-0.016790617,6479
2bakaR2/9/9/p1p5p/9/2P1P4/P3r3P/5rN2/4A4/2BAK1BRc w,0.022452235,555
2baka3/6R2/9/p1p5p/9/2P1P4/P3r3P/5rN2/4A4/2BAK1BRc b,-0.0070920708,5269
2baka3/6R2/9/p1p5p/9/2P1r4/P7P/5rN2/4A4/2BAK1BRc w,0.011691141,1374
2baka3/9/6R2/p1p5p/9/2P1r4/P7P/5rN2/4A4/2BAK1BRc b,0.0041521788,2466
2baka3/9/6R2/2p5p/p8/2P1r4/P7P/5rN2/4A4/2BAK1BRc w,0.043236136,8009
2baka3/9/6R2/2p5p/p8/2P1r4/P7P/5rN2/4A4/2BAK1B1R b,-0.041656923,6179
2baka3/9/6R2/2p5p/p8/2P1r4/P4r2P/6N2/4A4/2BAK1B1R w,0.054221727,7897
2baka3/9/6R2/2p5p/p8/2P1r4/P4r2P/4B1N2/4A4/2BAK3R b,-0.048967626,4450
2baka3/9/6R2/2p5p/p3r4/2P6/P4r2P/4B1N2/4A4/2BAK3R w,0.070646524,8098
2baka3/9/6R2/2p5p/p3r4/2P6/P4r2P/4B1N2/4A4/2BAK2R1 b,-0.06926856,202
3aka3/9/4b1R2/2p5p/p3r4/2P6/P4r2P/4B1N2/4A4/2BAK2R1 w,0.09170611,7954
3aka3/9/4b1R2/2p4Rp/p3r4/2P6/P4r2P/4B1N2/4A4/2BAK4 b,-0.08387323,283
4ka3/4a4/4b1R2/2p4Rp/p3r4/2P6/P4r2P/4B1N2/4A4/2BAK4 w,0.09159546,3089
4ka3/4a4/4b1R2/2R5p/p3r4/2P6/P4r2P/4B1N2/4A4/2BAK4 b,-0.09107939,5364
4ka3/4a4/4b1R2/2R5p/p3r4/2P6/r7P/4B1N2/4A4/2BAK4 w,0.09615612,2637
4ka3/4a4/4b1R2/R7p/p3r4/2P6/r7P/4B1N2/4A4/2BAK4 b,-0.07272308,4921
4ka3/4a4/4b1R2/R7p/p3r4/2P6/7rP/4B1N2/4A4/2BAK4 w,0.08223035,6260
4ka3/4a4/4b1R2/R7p/p3r4/2P2N3/7rP/4B4/4A4/2BAK4 b,-0.079209305,5578
4ka3/4a4/4b1R2/R7p/p3r4/2P2N3/8P/4B4/4A4/2BAK2r1 w,0.089611724,6926
4ka3/4a4/4b1R2/R7p/p3r4/2P2N3/8P/4B4/9/2BAKA1r1 b,-0.08254182,1982
2b1ka3/4a4/6R2/R7p/p3r4/2P2N3/8P/4B4/9/2BAKA1r1 w,0.09471476,4533
2b1ka3/4a4/6R2/R5N1p/p3r4/2P6/8P/4B4/9/2BAKA1r1 b,-0.09237015,3642
2b1ka3/4a4/6R2/R5N1p/p5r2/2P6/8P/4B4/9/2BAKA1r1 w,0.08299005,2430
R1b1ka3/4a4/6R2/6N1p/p5r2/2P6/8P/4B4/9/2BAKA1r1 b,-0.07513136,7981
R1b1ka3/4a4/6R2/6N1p/p5r2/2P6/7rP/4B4/9/2BAKA3 w,0.102846004,2
2R1ka3/4a4/6R2/6N1p/p5r2/2P6/7rP/4B4/9/2BAKA3 b,-0.102572896,1173
2Raka3/9/6R2/6N1p/p5r2/2P6/7rP/4B4/9/2BAKA3 w,0.11089561,209
3aka3/9/6R2/2R3N1p/p5r2/2P6/7rP/4B4/9/2BAKA3 b,-0.079732135,5550
3aka3/9/6R2/2R3N1p/p5r2/2P6/6r1P/4B4/9/2BAKA3 w,0.111764215,2166
3akaR2/9/9/2R3N1p/p5r2/2P6/6r1P/4B4/9/2BAKA3 b,-0.11034638,3813
3akaR2/9/9/2R3r1p/p8/2P6/6r1P/4B4/9/2BAKA3 w,0.12266701,573
3aka3/9/9/2R3R1p/p8/2P6/6r1P/4B4/9/2BAKA3 b,-0.11851229,5433
3aka3/9/9/2R3r1p/p8/2P6/8P/4B4/9/2BAKA3 w,0.13125305,2643
3aka3/9/9/6R1p/p8/2P6/8P/4B4/9/2BAKA3 b,-0.12894702,3285
3aka3/9/9/6R1p/9/p1P6/8P/4B4/9/2BAKA3 w,0.13529639,3030
3aka3/9/9/8p/9/p1P6/6R1P/4B4/9/2BAKA3 b,-0.13440536,4096
3aka3/9/9/8p/9/1pP6/6R1P/4B4/9/2BAKA3 w,0.14047404,4268
3aka3/9/9/8p/2P6/1p7/6R1P/4B4/9/2BAKA3 b,-0.1395542,3194
3aka3/9/9/9/2P5p/1p7/6R1P/4B4/9/2BAKA3 w,0.13686462,5458
3aka3/9/9/9/2P5p/1p7/4R3P/4B4/9/2BAKA3 b,-0.13413246,463
3ak4/4a4/9/9/2P5p/1p7/4R3P/4B4/9/2BAKA3 w,0.13538657,6117
3ak4/4a4/9/9/2P5p/1p7/4R3P/9/9/2BAKAB2 b,-0.13094907,4187
3ak4/4a4/9/9/2P5p/2p6/4R3P/9/9/2BAKAB2 w,0.13918988,5260
3ak4/4a4/9/9/2P1R3p/2p6/8P/9/9/2BAKAB2 b,-0.13651203,4278
3ak4/4a4/9/9/2P1R3p/3p5/8P/9/9/2BAKAB2 w,0.1458315,3644
3ak4/4a4/9/9/2P5R/3p5/8P/9/9/2BAKAB2 b,-0.1359872,365
3a1k3/4a4/9/9/2P5R/3p5/8P/9/9/2BAKAB2 w,0.14370337,4001
3a1k3/4a4/9/9/2P2R3/3p5/8P/9/9/2BAKAB2 b,-0.13517998,454
3ak4/4a4/9/9/2P2R3/3p5/8P/9/9/2BAKAB2 w,0.1405535,3740
3ak4/4a4/9/9/2P6/3p1R3/8P/9/9/2BAKAB2 b,-0.1383311,4377
3ak4/4a4/9/9/2P6/5R3/3p4P/9/9/2BAKAB2 w,0.1421846,4559
3ak4/4a4/9/9/2P6/9/3p1R2P/9/9/2BAKAB2 b,-0.13947652,5196
3ak4/4a4/9/9/2P6/9/5R2P/3p5/9/2BAKAB2 w,0.14376025,3449
3ak4/4a4/9/2P6/9/9/5R2P/3p5/9/2BAKAB2 b,-0.13782303,6005
3ak4/4a4/9/2P6/9/9/5R2P/2p6/9/2BAKAB2 w,0.1414392,2630
3ak4/4a4/2P6/9/9/9/5R2P/2p6/9/2BAKAB2 b,-0.1421825,5924
3ak4/4a4/2P6/9/9/9/5R2P/9/2p6/2BAKAB2 w,0.15130715,5371
3ak4/4a4/2P6/9/9/9/7RP/9/2p6/2BAKAB2 b,-0.13973264,365
3a1k3/4a4/2P6/9/9/9/7RP/9/2p6/2BAKAB2 w,0.14048329,5549
3a1k3/4a4/2P6/9/9/9/5R2P/9/2p6/2BAKAB2 b,-0.14199495,454
3ak4/4a4/2P6/9/9/9/5R2P/9/2p6/2BAKAB2 w,0.14392495,5366
3ak4/4a4/2P6/9/9/9/2R5P/9/2p6/2BAKAB2 b,-0.14358209,6735
3ak4/4a4/2P6/9/9/9/2R5P/9/3p5/2BAKAB2 w,0.14326839,7816
3ak4/4a4/2P6/9/9/9/2R5P/9/3pA4/2BAK1B2 b,-0.14495666,365
3a1k3/4a4/2P6/9/9/9/2R5P/9/3pA4/2BAK1B2 w,0.14342599,5099
3a1k3/4a4/2P6/9/9/9/5R2P/9/3pA4/2BAK1B2 b,-0.14446461,454
3ak4/4a4/2P6/9/9/9/5R2P/9/3pA4/2BAK1B2 w,0.14928846,5633
3ak4/4a4/2P6/9/9/8P/5R3/9/3pA4/2BAK1B2 b,-0.1451847,6824
3ak4/4a4/2P6/9/9/8P/5R3/9/2p1A4/2BAK1B2 w,0.14840841,4814
3ak4/4a4/2P6/9/8P/9/5R3/9/2p1A4/2BAK1B2 b,-0.14735799,6735
3ak4/4a4/2P6/9/8P/9/5R3/9/3pA4/2BAK1B2 w,0.15369837,7736
3ak4/4a4/2P6/9/8P/9/5R3/9/3pA4/2BA1KB2 b,-0.15144682,6824
3ak4/4a4/2P6/9/8P/9/5R3/9/2p1A4/2BA1KB2 w,0.16029802,1811
3ak4/2P1a4/9/9/8P/9/5R3/9/2p1A4/2BA1KB2 b,-0.16255699,6735
3ak4/2P1a4/9/9/8P/9/5R3/9/3pA4/2BA1KB2 w,0.171869,1002
3ak4/3Pa4/9/9/8P/9/5R3/9/3pA4/2BA1KB2 b,-0.16574328,6824
3ak4/3Pa4/9/9/8P/9/5R3/9/2p1A4/2BA1KB2 w,0.1749353,5370
3ak4/3Pa4/9/9/8P/9/6R2/9/2p1A4/2BA1KB2 b,-0.1582495,1175
3aka3/3P5/9/9/8P/9/6R2/9/2p1A4/2BA1KB2 w,0.1662981,7537
3aka3/3P5/9/9/8P/9/6R2/4B4/2p1A4/3A1KB2 b,-0.1695071,6735
3aka3/3P5/9/9/8P/9/6R2/4B4/3pA4/3A1KB2 w,0.17805834,5458
3aka3/3P5/9/9/8P/9/4R4/4B4/3pA4/3A1KB2 b,-0.1786798,463
3ak4/3Pa4/9/9/8P/9/4R4/4B4/3pA4/3A1KB2 w,0.18432522,4003
3ak4/3Pa4/9/9/7P1/9/4R4/4B4/3pA4/3A1KB2 b,-0.17530821,6824
3ak4/3Pa4/9/9/7P1/9/4R4/4B4/2p1A4/3A1KB2 w,0.17905703,3912
3ak4/3Pa4/9/9/6P2/9/4R4/4B4/2p1A4/3A1KB2 b,-0.17829323,6735
3ak4/3Pa4/9/9/6P2/9/4R4/4B4/3pA4/3A1KB2 w,0.18397453,3813
3ak4/3Pa4/9/6P2/9/9/4R4/4B4/3pA4/3A1KB2 b,-0.1758977,6824
3ak4/3Pa4/9/6P2/9/9/4R4/4B4/2p1A4/3A1KB2 w,0.18196855,2994
3ak4/3Pa4/6P2/9/9/9/4R4/4B4/2p1A4/3A1KB2 b,-0.18678682,6735
3ak4/3Pa4/6P2/9/9/9/4R4/4B4/3pA4/3A1KB2 w,0.193385,2175
3ak4/3Pa1P2/9/9/9/9/4R4/4B4/3pA4/3A1KB2 b,-0.1944516,6826
3ak4/3Pa1P2/9/9/9/9/4R4/4B4/4p4/3A1KB2 w,0.2,7636
rnbakabnr/9/1c5c1/p1p1p1p1p/9/9/P1P1P1P1P/1C5C1/9/RNBAKABNR w,0.80182517,5827
rnbakabnr/9/1c5c1/p1p1p1p1p/9/9/P1P1P1P1P/4C2C1/9/RNBAKABNR b,-0.8017668,110
r1bakabnr/9/1cn4c1/p1p1p1p1p/9/9/P1P1P1P1P/4C2C1/9/RNBAKABNR w,0.8018261,7445
r1bakabnr/9/1cn4c1/p1p1p1p1p/9/9/P1P1P1P1P/2N1C2C1/9/R1BAKABNR b,-0.80180717,562
r1baka1nr/9/1cn1b2c1/p1p1p1p1p/9/9/P1P1P1P1P/2N1C2C1/9/R1BAKABNR w,0.80193686,7372
r1baka1nr/9/1cn1b2c1/p1p1p1p1p/9/9/P1P1P1P1P/2N1C2C1/9/1RBAKABNR b,-0.80176973,1
1rbaka1nr/9/1cn1b2c1/p1p1p1p1p/9/9/P1P1P1P1P/2N1C2C1/9/1RBAKABNR w,0.8016867,6368
1rbaka1nr/9/1cn1b2c1/p1p1p1p1p/9/9/P1P1P1P1P/2N1CC3/9/1RBAKABNR b,-0.8012761,654
1rbaka2r/9/1cn1b1nc1/p1p1p1p1p/9/9/P1P1P1P1P/2N1CC3/9/1RBAKABNR w,0.80158657,7989
1rbaka2r/9/1cn1b1nc1/p1p1p1p1p/9/9/P1P1P1P1P/2N1CCN2/9/1RBAKAB1R b,-0.8013823,3012
1rbaka2r/9/1cn1b1nc1/p1p1p3p/6p2/9/P1P1P1P1P/2N1CCN2/9/1RBAKAB1R w,0.8018723,8098
1rbaka2r/9/1cn1b1nc1/p1p1p3p/6p2/9/P1P1P1P1P/2N1CCN2/9/1RBAKABR1 b,-0.8020107,727
1rbaka1r1/9/1cn1b1nc1/p1p1p3p/6p2/9/P1P1P1P1P/2N1CCN2/9/1RBAKABR1 w,0.80251306,5087
1rbaka1r1/9/1cn1b1nc1/p1p1p3p/6p2/2P6/P3P1P1P/2N1CCN2/9/1RBAKABR1 b,-0.80212146,1765
1rbaka1r1/9/2n1b1nc1/p1p1p3p/6p2/2P6/Pc2P1P1P/2N1CCN2/9/1RBAKABR1 w,0.80514246,5898
1rbaka1r1/9/2n1b1nc1/p1p1p3p/6p2/2PN5/Pc2P1P1P/4CCN2/9/1RBAKABR1 b,-0.8064574,2311
1rbaka1r1/9/2n1b1n2/p1p1p3p/6p2/2PN5/Pc2P1PcP/4CCN2/9/1RBAKABR1 w,0.8079292,6143
1rbaka1r1/9/2n1bCn2/p1p1p3p/6p2/2PN5/Pc2P1PcP/4C1N2/9/1RBAKABR1 b,-0.80890244,1986
1rbakabr1/9/2n2Cn2/p1p1p3p/6p2/2PN5/Pc2P1PcP/4C1N2/9/1RBAKABR1 w,0.81814575,4351
1rbakabr1/9/2n2Cn2/p1p1N3p/6p2/2P6/Pc2P1PcP/4C1N2/9/1RBAKABR1 b,-0.804766,1831
1rbakabr1/9/5Cn2/p1p1n3p/6p2/2P6/Pc2P1PcP/4C1N2/9/1RBAKABR1 w,0.80500394,6061
1rbakabr1/9/5Cn2/p1p1C3p/6p2/2P6/Pc2P1PcP/6N2/9/1RBAKABR1 b,-0.79122627,109
2bakabr1/9/1r3Cn2/p1p1C3p/6p2/2P6/Pc2P1PcP/6N2/9/1RBAKABR1 w,0.8032818,2839
2bakabr1/9/1r3Cn2/p1p5p/6p2/2P1C4/Pc2P1PcP/6N2/9/1RBAKABR1 b,-0.79882264,1733
2bakabr1/9/5rn2/p1p5p/6p2/2P1C4/Pc2P1PcP/6N2/9/1RBAKABR1 w,0.80965346,7435
2bakabr1/9/5rn2/p1p5p/6p2/2P1C4/PR2P1PcP/6N2/9/2BAKABR1 b,-0.8070279,2201
2bakabr1/9/5r3/p1p5p/5np2/2P1C4/PR2P1PcP/6N2/9/2BAKABR1 w,0.8137204,4987
2bakabr1/9/5r3/p1p5p/1R3np2/2P1C4/P3P1PcP/6N2/9/2BAKABR1 b,-0.8084045,3750
2bakabr1/9/5r3/p1p5p/1R4p2/2P1C4/P3P1ncP/6N2/9/2BAKABR1 w,0.81912494,3372
2bakabr1/9/5r3/p1p5p/6R2/2P1C4/P3P1ncP/6N2/9/2BAKABR1 b,-0.80558455,5449
2bakabr1/9/5r3/p1p5p/6R2/2P1n4/P3P2cP/6N2/9/2BAKABR1 w,0.80577743,5269
2bakabr1/9/5r3/p1p5p/6R2/2P1P4/P6cP/6N2/9/2BAKABR1 b,-0.79941744,5560
2bakabr1/9/5r3/p1p5p/6R2/2P1P4/P7P/6Nc1/9/2BAKABR1 w,0.81004125,7999
2bakabr1/9/5r3/p1p5p/6R2/2P1P4/P7P/6Nc1/7R1/2BAKAB2 b,-0.7980611,2138
2bakabr1/9/9/p1p5p/6R2/2P1P4/P7P/5rNc1/7R1/2BAKAB2 w,0.8042279,7636
2bakabr1/9/9/p1p5p/6R2/2P1P4/P7P/5rNc1/4A2R1/2B1KAB2 b,-0.7993548,6179
2bakabr1/9/9/p1p5p/6R2/2P1P4/P4r2P/6Nc1/4A2R1/2B1KAB2 w,0.81195503,3819
2bakabr1/9/9/p1p5p/3R5/2P1P4/P4r2P/6Nc1/4A2R1/2B1KAB2 b,-0.79091734,5370
2bakabr1/9/9/p1p5p/3R5/2P1P4/P5r1P/6Nc1/4A2R1/2B1KAB2 w,0.80005157,7188
2bakabr1/9/9/p1p5p/3R5/2P1P4/P5r1P/6Nc1/4A1R2/2B1KAB2 b,-0.7887162,682
2bakab2/9/9/p1p5p/3R5/2P1P2r1/P5r1P/6Nc1/4A1R2/2B1KAB2 w,0.8050504,3567
2bakab2/9/9/p1p5p/9/2P1P2r1/P2R2r1P/6Nc1/4A1R2/2B1KAB2 b,-0.78206635,4731
2bakab2/9/9/p1p5p/9/2P1P1r2/P2R2r1P/6Nc1/4A1R2/2B1KAB2 w,0.79346806,5190
2bakab2/9/9/p1p5p/9/2P1P1r2/P5R1P/6Nc1/4A1R2/2B1KAB2 b,-0.7898184,4650
2bakab2/9/9/p1p5p/9/2P1P4/P5r1P/6Nc1/4A1R2/2B1KAB2 w,0.7934621,7537
2bakab2/9/9/p1p5p/9/2P1P4/P5r1P/4B1Nc1/4A1R2/4KAB2 b,-0.7829322,6367
2bakab2/9/9/p1p5p/9/2P1P4/P5r1P/4c1N2/4A1R2/4KAB2 w,0.80430514,7897
2bakab2/9/9/p1p5p/9/2P1P4/P5r1P/4B1N2/4A1R2/4KA3 b,-0.80818677,5454
2bakab2/9/9/p1p5p/9/2P1P4/r7P/4B1N2/4A1R2/4KA3 w,0.8287083,6262
2bakab2/9/9/p1p5p/9/2P1P2N1/r7P/4B4/4A1R2/4KA3 b,-0.81939363,562
2baka3/9/4b4/p1p5p/9/2P1P2N1/r7P/4B4/4A1R2/4KA3 w,0.83082336,4721
2baka3/9/4b4/p1p5p/5N3/2P1P4/r7P/4B4/4A1R2/4KA3 b,-0.8343094,4915
2baka3/9/4b4/p1p5p/5N3/2P1P4/1r6P/4B4/4A1R2/4KA3 w,0.8496,7080
2baka3/9/4b4/p1p5p/5N3/2P1P4/1r4R1P/4B4/4A4/4KA3 b,-0.8484803,5032
2baka3/9/4b4/p1p5p/5N3/2P1P4/6R1P/4B4/4A4/1r2KA3 w,0.8523533,6924
2baka3/9/4b4/p1p5p/5N3/2P1P4/6R1P/4B4/9/1r1AKA3 b,-0.8468947,7444
2baka3/9/4b4/p1p5p/5N3/2P1P4/6R1P/1r2B4/9/3AKA3 w,0.871885,3724
2baka3/9/4b4/p1p4Np/9/2P1P4/6R1P/1r2B4/9/3AKA3 b,-0.8657963,5770
2baka3/1r7/4b4/p1p4Np/9/2P1P4/6R1P/4B4/9/3AKA3 w,0.8767312,4450
2baka3/1r7/4b4/p1p4Np/4P4/2P6/6R1P/4B4/9/3AKA3 b,-0.8710947,914
2baka3/5r3/4b4/p1p4Np/4P4/2P6/6R1P/4B4/9/3AKA3 w,0.88653445,3631
2baka3/5r3/4b4/p1p1P2Np/9/2P6/6R1P/4B4/9/3AKA3 b,-0.87626034,1328
2baka3/9/4b4/p1p1P2Np/9/2P6/6R1P/4Br3/9/3AKA3 w,0.90665513,7636
2baka3/9/4b4/p1p1P2Np/9/2P6/6R1P/4Br3/4A4/4KA3 b,-0.88938236,6134
2baka3/5r3/4b4/p1p1P2Np/9/2P6/6R1P/4B4/4A4/4KA3 w,0.89537084,2812
2baka3/5r3/4P4/p1p4Np/9/2P6/6R1P/4B4/4A4/4KA3 b,-0.8797621,202
3aka3/5r3/4b4/p1p4Np/9/2P6/6R1P/4B4/4A4/4KA3 w,0.8889754,5458
3aka3/5r3/4b4/p1p4Np/9/2P6/4R3P/4B4/4A4/4KA3 b,-0.8797614,373
3a1a3/4kr3/4b4/p1p4Np/9/2P6/4R3P/4B4/4A4/4KA3 w,0.892193,5251
3a1a3/4kr3/4b4/p1p1R2Np/9/2P6/8P/4B4/4A4/4KA3 b,-0.88886166,1319
3a1a3/4k4/4b4/p1p1R2Np/9/2P6/5r2P/4B4/4A4/4KA3 w,0.89725006,3075
3a1a3/4k1N2/4b4/p1p1R3p/9/2P6/5r2P/4B4/4A4/4KA3 b,-0.88732857,5333
3a1a3/4k1N2/4br3/p1p1R3p/9/2P6/8P/4B4/4A4/4KA3 w,0.904205,2819
3a1a3/4k1N2/4br3/p1R5p/9/2P6/8P/4B4/4A4/4KA3 b,-0.8884485,1184
3a1a3/5kN2/4br3/p1R5p/9/2P6/8P/4B4/4A4/4KA3 w,0.8992743,1384
3a1a3/5k3/4br3/p1R4Np/9/2P6/8P/4B4/4A4/4KA3 b,-0.8933323,2129
3a1a3/5k3/4b4/p1R4Np/9/2P6/5r2P/4B4/4A4/4KA3 w,0.8938289,5633
3a1a3/5k3/4b4/p1R4Np/9/2P5P/5r3/4B4/4A4/4KA3 b,-0.8879752,463
3a5/4ak3/4b4/p1R4Np/9/2P5P/5r3/4B4/4A4/4KA3 w,0.8913682,2641
3a5/4ak3/4b4/p3R2Np/9/2P5P/5r3/4B4/4A4/4KA3 b,-0.8892494,2022
3a5/4ak3/9/p3R2Np/6b2/2P5P/5r3/4B4/4A4/4KA3 w,0.89140743,2817
3a5/4ak3/9/R6Np/6b2/2P5P/5r3/4B4/4A4/4KA3 b,-0.8805584,1265
3a1k3/4a4/9/R6Np/6b2/2P5P/5r3/4B4/4A4/4KA3 w,0.8872721,2461
3a1k3/4a4/9/4R2Np/6b2/2P5P/5r3/4B4/4A4/4KA3 b,-0.87790334,454
3ak4/4a4/9/4R2Np/6b2/2P5P/5r3/4B4/4A4/4KA3 w,0.8981536,4268
3ak4/4a4/9/4R2Np/2P3b2/8P/5r3/4B4/4A4/4KA3 b,-0.890943,5324
3ak4/4ar3/9/4R2Np/2P3b2/8P/9/4B4/4A4/4KA3 w,0.88816875,3449
3ak4/4ar3/9/2P1R2Np/6b2/8P/9/4B4/4A4/4KA3 b,-0.88818187,1276
3ak4/4a2r1/9/2P1R2Np/6b2/8P/9/4B4/4A4/4KA3 w,0.89767075,3083
3ak4/4a2r1/5N3/2P1R3p/6b2/8P/9/4B4/4A4/4KA3 b,-0.8948953,1454
3ak4/4ar3/5N3/2P1R3p/6b2/8P/9/4B4/4A4/4KA3 w,0.89855194,2112
3ak4/4ar3/9/2P1R3p/6N2/8P/9/4B4/4A4/4KA3 b,-0.8946259,1301
3ak4/4a4/9/2P1R3p/5rN2/8P/9/4B4/4A4/4KA3 w,0.8925523,3815
3ak4/4a4/9/2P1R3N/5r3/8P/9/4B4/4A4/4KA3 b,-0.89783126,3713
3ak4/4a4/5r3/2P1R3N/9/8P/9/4B4/4A4/4KA3 w,0.8984751,3192
3ak4/4a4/5r3/2P1R4/6N2/8P/9/4B4/4A4/4KA3 b,-0.8949987,2094
3ak4/4a4/6r2/2P1R4/6N2/8P/9/4B4/4A4/4KA3 w,0.9077137,3839
3ak4/4a4/6r2/2P1R4/9/8P/5N3/4B4/4A4/4KA3 b,-0.9041014,2220
3ak4/4a4/9/2P1R4/9/8P/5Nr2/4B4/4A4/4KA3 w,0.90377015,5350
3ak4/4a4/9/2P1R4/4N4/8P/6r2/4B4/4A4/4KA3 b,-0.90132666,5458
3ak4/4a4/9/2P1R4/4N4/8P/4r4/4B4/4A4/4KA3 w,0.9058985,2630
3ak4/4a4/2P6/4R4/4N4/8P/4r4/4B4/4A4/4KA3 b,-0.9038029,5287
3ak4/4a4/2P6/4R4/4N4/8P/9/4r4/4A4/4KA3 w,0.9078027,4814
3ak4/4a4/2P6/4R4/4N3P/9/9/4r4/4A4/4KA3 b,-0.90441585,6079
3ak4/4a4/2P6/4R4/4N3P/4r4/9/9/4A4/4KA3 w,0.9092424,4003
3ak4/4a4/2P6/4R4/4N2P1/4r4/9/9/4A4/4KA3 b,-0.91315526,4455
3ak4/4a4/2P6/4R4/4N2P1/r8/9/9/4A4/4KA3 w,0.9192153,1821
3ak4/4a4/3P5/4R4/4N2P1/r8/9/9/4A4/4KA3 b,-0.91201055,4099
3ak4/4a4/3P5/4R4/4N2P1/4r4/9/9/4A4/4KA3 w,0.9209167,3904
3ak4/4a4/3P5/4R2P1/4N4/4r4/9/9/4A4/4KA3 b,-0.9156313,365
3a1k3/4a4/3P5/4R2P1/4N4/4r4/9/9/4A4/4KA3 w,0.9312388,1902
3a1k3/3Pa4/9/4R2P1/4N4/4r4/9/9/4A4/4KA3 b,-0.9381219,4460
3a1k3/3Pa4/9/4R2P1/4N4/5r3/9/9/4A4/4KA3 w,0.9401859,3085
3a1k3/3Pa4/7P1/4R4/4N4/5r3/9/9/4A4/4KA3 b,-0.92682976,4549
3a1k3/3Pa4/7P1/4R4/4N4/4r4/9/9/4A4/4KA3 w,0.95607483,1093
3a1k3/4P4/7P1/4R4/4N4/4r4/9/9/4A4/4KA3 b,-0.9422289,283
5k3/4a4/7P1/4R4/4N4/4r4/9/9/4A4/4KA3 w,0.9476546,2803
5k3/4R4/7P1/9/4N4/4r4/9/9/4A4/4KA3 b,-0.93551326,4468
5k3/4R4/7P1/9/4N4/9/4r4/9/4A4/4KA3 w,0.96240985,2274
5k3/4R4/6P2/9/4N4/9/4r4/9/4A4/4KA3 b,-0.95217746,5269
5k3/4R4/6P2/9/4N4/4r4/9/9/4A4/4KA3 w,0.9609463,2175
5k3/4R1P2/9/9/4N4/4r4/9/9/4A4/4KA3 b,-0.9585188,4477
5k3/4R1P2/9/9/4N4/9/9/4r4/4A4/4KA3 w,1,1364
rnbakabnr/9/1c5c1/p1p1p1p1p/9/9/P1P1P1P1P/1C5C1/9/RNBAKABNR w,-0.7981728,5827
rnbakabnr/9/1c5c1/p1p1p1p1p/9/9/P1P1P1P1P/4C2C1/9/RNBAKABNR b,0.7982332,110
r1bakabnr/9/1cn4c1/p1p1p1p1p/9/9/P1P1P1P1P/4C2C1/9/RNBAKABNR w,-0.79818237,7445
r1bakabnr/9/1cn4c1/p1p1p1p1p/9/9/P1P1P1P1P/2N1C2C1/9/R1BAKABNR b,0.7981594,562
r1baka1nr/9/1cn1b2c1/p1p1p1p1p/9/9/P1P1P1P1P/2N1C2C1/9/R1BAKABNR w,-0.7980365,7372
r1baka1nr/9/1cn1b2c1/p1p1p1p1p/9/9/P1P1P1P1P/2N1C2C1/9/1RBAKABNR b,0.798222,1
1rbaka1nr/9/1cn1b2c1/p1p1p1p1p/9/9/P1P1P1P1P/2N1C2C1/9/1RBAKABNR w,-0.79828745,6368
1rbaka1nr/9/1cn1b2c1/p1p1p1p1p/9/9/P1P1P1P1P/2N1CC3/9/1RBAKABNR b,0.7987143,654
1rbaka2r/9/1cn1b1nc1/p1p1p1p1p/9/9/P1P1P1P1P/2N1CC3/9/1RBAKABNR w,-0.7983996,7989
1rbaka2r/9/1cn1b1nc1/p1p1p1p1p/9/9/P1P1P1P1P/2N1CCN2/9/1RBAKAB1R b,0.79865164,3012
1rbaka2r/9/1cn1b1nc1/p1p1p3p/6p2/9/P1P1P1P1P/2N1CCN2/9/1RBAKAB1R w,-0.79808944,8098
1rbaka2r/9/1cn1b1nc1/p1p1p3p/6p2/9/P1P1P1P1P/2N1CCN2/9/1RBAKABR1 b,0.79797137,727
1rbaka1r1/9/1cn1b1nc1/p1p1p3p/6p2/9/P1P1P1P1P/2N1CCN2/9/1RBAKABR1 w,-0.7974394,5087
1rbaka1r1/9/1cn1b1nc1/p1p1p3p/6p2/2P6/P3P1P1P/2N1CCN2/9/1RBAKABR1 b,0.79779345,1765
1rbaka1r1/9/2n1b1nc1/p1p1p3p/6p2/2P6/Pc2P1P1P/2N1CCN2/9/1RBAKABR1 w,-0.79479766,5898
1rbaka1r1/9/2n1b1nc1/p1p1p3p/6p2/2PN5/Pc2P1P1P/4CCN2/9/1RBAKABR1 b,0.7935736,2311
1rbaka1r1/9/2n1b1n2/p1p1p3p/6p2/2PN5/Pc2P1PcP/4CCN2/9/1RBAKABR1 w,-0.79207164,6143
1rbaka1r1/9/2n1bCn2/p1p1p3p/6p2/2PN5/Pc2P1PcP/4C1N2/9/1RBAKABR1 b,0.7915428,1986
1rbakabr1/9/2n2Cn2/p1p1p3p/6p2/2PN5/Pc2P1PcP/4C1N2/9/1RBAKABR1 w,-0.78345984,4351
1rbakabr1/9/2n2Cn2/p1p1N3p/6p2/2P6/Pc2P1PcP/4C1N2/9/1RBAKABR1 b,0.795234,1831
1rbakabr1/9/5Cn2/p1p1n3p/6p2/2P6/Pc2P1PcP/4C1N2/9/1RBAKABR1 w,-0.7949242,6061
1rbakabr1/9/5Cn2/p1p1C3p/6p2/2P6/Pc2P1PcP/6N2/9/1RBAKABR1 b,0.80969524,109
2bakabr1/9/1r3Cn2/p1p1C3p/6p2/2P6/Pc2P1PcP/6N2/9/1RBAKABR1 w,-0.79811496,2839
2bakabr1/9/1r3Cn2/p1p5p/6p2/2P1C4/Pc2P1PcP/6N2/9/1RBAKABR1 b,0.8011944,1733
2bakabr1/9/5rn2/p1p5p/6p2/2P1C4/Pc2P1PcP/6N2/9/1RBAKABR1 w,-0.7902049,7435
2bakabr1/9/5rn2/p1p5p/6p2/2P1C4/PR2P1PcP/6N2/9/2BAKABR1 b,0.792956,2201
2bakabr1/9/5r3/p1p5p/5np2/2P1C4/PR2P1PcP/6N2/9/2BAKABR1 w,-0.7862796,4987
2bakabr1/9/5r3/p1p5p/1R3np2/2P1C4/P3P1PcP/6N2/9/2BAKABR1 b,0.7916348,3750
2bakabr1/9/5r3/p1p5p/1R4p2/2P1C4/P3P1ncP/6N2/9/2BAKABR1 w,-0.7805767,3372
2bakabr1/9/5r3/p1p5p/6R2/2P1C4/P3P1ncP/6N2/9/2BAKABR1 b,0.7945504,5449
2bakabr1/9/5r3/p1p5p/6R2/2P1n4/P3P2cP/6N2/9/2BAKABR1 w,-0.7941656,5269
2bakabr1/9/5r3/p1p5p/6R2/2P1P4/P6cP/6N2/9/2BAKABR1 b,0.80047536,5560
2bakabr1/9/5r3/p1p5p/6R2/2P1P4/P7P/6Nc1/9/2BAKABR1 w,-0.79079527,7999
2bakabr1/9/5r3/p1p5p/6R2/2P1P4/P7P/6Nc1/7R1/2BAKAB2 b,0.8013448,2138
2bakabr1/9/9/p1p5p/6R2/2P1P4/P7P/5rNc1/7R1/2BAKAB2 w,-0.78896457,7897
2bakabr1/9/9/p1p5p/6R2/2P1P4/P7P/4BrNc1/7R1/2BAKA3 b,0.79677814,562
2baka1r1/9/4b4/p1p5p/6R2/2P1P4/P7P/4BrNc1/7R1/2BAKA3 w,-0.78538203,3840
2baka1r1/9/4b4/p1p5p/9/2P1P4/P5R1P/4BrNc1/7R1/2BAKA3 b,0.7941123,6170
2baka1r1/9/4b4/p1p5p/9/2P1Pr3/P5R1P/4B1Nc1/7R1/2BAKA3 w,-0.77145785,5406
2bakaRr1/9/4b4/p1p5p/9/2P1Pr3/P7P/4B1Nc1/7R1/2BAKA3 b,0.7972809,636
2bakar2/9/4b4/p1p5p/9/2P1Pr3/P7P/4B1Nc1/7R1/2BAKA3 w,-0.79423857,6260
2bakar2/9/4b4/p1p5p/9/2P1PN3/P7P/4B2c1/7R1/2BAKA3 b,0.8009687,6371
2bakar2/9/4b4/p1p5p/9/2P1PN3/P7P/4B3c/7R1/2BAKA3 w,-0.7900719,4450
2bakar2/9/4b4/p1p5p/4P4/2P2N3/P7P/4B3c/7R1/2BAKA3 b,0.79195535,6479
2bakar2/9/4b4/p1p5p/4P4/2P2N3/P7P/4B4/7R1/2BAKA2c w,-0.7898323,7198
2bakar2/9/4b4/p1p5p/4P4/2P2N3/P7P/4B4/9/2BAKA1Rc b,0.7928525,8090
2bakar2/9/4b4/p1p5p/4P4/2P2N3/P7P/4B4/8c/2BAKA1R1 w,-0.7845761,3631
2bakar2/9/4b4/p1p1P3p/9/2P2N3/P7P/4B4/8c/2BAKA1R1 b,0.7957102,564
2baka3/9/4b1r2/p1p1P3p/9/2P2N3/P7P/4B4/8c/2BAKA1R1 w,-0.78284276,8007
2baka3/9/4b1r2/p1p1P3p/9/2P2N3/P7P/4B4/8c/2BAKAR2 b,0.79385215,2183
2baka3/9/4br3/p1p1P3p/9/2P2N3/P7P/4B4/8c/2BAKAR2 w,-0.78372735,4539
2baka3/9/4br3/p1p1P3p/3N5/2P6/P7P/4B4/8c/2BAKAR2 b,0.78909445,2111
2baka3/9/4b4/p1p1P3p/3N1r3/2P6/P7P/4B4/8c/2BAKAR2 w,-0.7767146,3538
2baka3/9/4b4/pNp1P3p/5r3/2P6/P7P/4B4/8c/2BAKAR2 b,0.7915678,3704
2baka3/5r3/4b4/pNp1P3p/9/2P6/P7P/4B4/8c/2BAKAR2 w,-0.76681405,2812
2baka3/5r3/4P4/pNp5p/9/2P6/P7P/4B4/8c/2BAKAR2 b,0.7908481,1270
2baka3/1r7/4P4/pNp5p/9/2P6/P7P/4B4/8c/2BAKAR2 w,-0.78679955,7863
2baka3/1r7/4P4/pNp3R1p/9/2P6/P7P/4B4/8c/2BAKA3 b,0.8009402,928
2baka3/9/4P4/prp3R1p/9/2P6/P7P/4B4/8c/2BAKA3 w,-0.7967207,2001
2baka3/9/3P5/prp3R1p/9/2P6/P7P/4B4/8c/2BAKA3 b,0.8032623,7289
2baka3/9/3P5/prp3R1p/9/2P6/P7P/4B4/9/2BAKA2c w,-0.79709345,7816
2baka3/9/3P5/prp3R1p/9/2P6/P7P/4B4/4A4/2BAK3c b,0.8049357,2575
2baka3/9/3P5/p1p3R1p/9/2P6/Pr6P/4B4/4A4/2BAK3c w,-0.8019894,1902
2baka3/3P5/9/p1p3R1p/9/2P6/Pr6P/4B4/4A4/2BAK3c b,0.80122334,5011
2baka3/3P5/9/p1p3R1p/9/2P6/P6rP/4B4/4A4/2BAK3c w,-0.7969938,2999
2baka3/3P5/9/p1R5p/9/2P6/P6rP/4B4/4A4/2BAK3c b,0.79534394,5578
2baka3/3P5/9/p1R5p/9/2P6/P7P/4B4/4A4/2BAK2rc w,-0.89236397,6926
2baka3/3P5/9/p1R5p/9/2P6/P7P/4B4/9/2BAKA1rc b,0.92464197,7954
2baka3/3P5/9/p1R4rp/9/2P6/P7P/4B4/9/2BAKA2c w,-0.9140815,7816
2baka3/3P5/9/p1R4rp/9/2P6/P7P/4B4/4A4/2BAK3c b,0.9249517,3089
2baka3/3P5/9/p1r5p/9/2P6/P7P/4B4/4A4/2BAK3c w,-0.9183198,5633
2baka3/3P5/9/p1r5p/9/2P5P/P8/4B4/4A4/2BAK3c b,0.91931325,2644
2baka3/3P5/9/p6rp/9/2P5P/P8/4B4/4A4/2BAK3c w,-0.91197467,4268
2baka3/3P5/9/p6rp/2P6/8P/P8/4B4/4A4/2BAK3c b,0.91535,8090
2baka3/3P5/9/p6rp/2P6/8P/P8/4B4/4A3c/2BAK4 w,-0.90487933,6908
2baka3/3P5/9/p6rp/2P6/8P/P8/4BA3/8c/2BAK4 b,0.904647,3148
2baka3/3P5/9/p7p/2P6/8P/P8/4BA3/8c/2BAK2r1 w,-0.9089496,7726
2baka3/3P5/9/p7p/2P6/8P/P8/4BA3/4K3c/2BA3r1 b,0.91866076,7936
2baka3/3P3r1/9/p7p/2P6/8P/P8/4BA3/4K3c/2BA5 w,-0.9169815,1083
2bPka3/7r1/9/p7p/2P6/8P/P8/4BA3/4K3c/2BA5 b,0.9264074,363
2bk1a3/7r1/9/p7p/2P6/8P/P8/4BA3/4K3c/2BA5 w,-0.91488564,3449
2bk1a3/7r1/9/p1P5p/9/8P/P8/4BA3/4K3c/2BA5 b,0.91168076,1519
2bk1a3/9/9/p1P5p/9/8P/P8/4BA3/4K2rc/2BA5 w,-0.91909766,6925
2bk1a3/9/9/p1P5p/9/8P/P8/4BA3/7rc/2BAK4 b,0.9354306,7187
2bk1a3/9/9/p1P5p/9/8P/P8/4BA3/5r2c/2BAK4 w,-0.93258476,2630
2bk1a3/9/2P6/p7p/9/8P/P8/4BA3/5r2c/2BAK4 b,0.9347556,6998
2bk1a3/9/2P6/p7p/9/8P/P8/4Br3/8c/2BAK4 w,-0.9350297,1811
2bk1a3/2P6/9/p7p/9/8P/P8/4Br3/8c/2BAK4 b,0.93762875,274
2b1ka3/2P6/9/p7p/9/8P/P8/4Br3/8c/2BAK4 w,-0.93552107,1002
2b1ka3/3P5/9/p7p/9/8P/P8/4Br3/8c/2BAK4 b,0.94556004,6134
2b1ka3/3P1r3/9/p7p/9/8P/P8/4B4/8c/2BAK4 w,-0.94653136,1083
2bPka3/5r3/9/p7p/9/8P/P8/4B4/8c/2BAK4 b,0.9394082,373
2bP1a3/4kr3/9/p7p/9/8P/P8/4B4/8c/2BAK4 w,-0.945619,272
2P2a3/4kr3/9/p7p/9/8P/P8/4B4/8c/2BAK4 b,0.9488982,7289
2P2a3/4kr3/9/p7p/9/8P/P8/4B4/9/2BAK3c w,-0.9459402,181
1P3a3/4kr3/9/p7p/9/8P/P8/4B4/9/2BAK3c b,0.9491305,1310
1P3a3/4k4/9/p7p/9/5r2P/P8/4B4/9/2BAK3c w,-0.94741476,92
2P2a3/4k4/9/p7p/9/5r2P/P8/4B4/9/2BAK3c b,0.9563401,1192
2P2a3/9/4k4/p7p/9/5r2P/P8/4B4/9/2BAK3c w,-0.94930506,7636
2P2a3/9/4k4/p7p/9/5r2P/P8/4B4/4A4/2B1K3c b,0.93704075,4552
2P2a3/9/4k4/p7p/9/7rP/P8/4B4/4A4/2B1K3c w,-0.94270927,7736
2P2a3/9/4k4/p7p/9/7rP/P8/4B4/4A4/2B2K2c b,0.9569104,4733
2P2a3/9/4k4/p7p/9/8r/P8/4B4/4A4/2B2K2c w,-0.9505939,6906
2P2a3/9/4k4/p7p/9/8r/P8/3AB4/9/2B2K2c b,0.9538698,4820
2P2a3/9/4k4/p7p/9/5r3/P8/3AB4/9/2B2K2c w,-0.95500517,7825
2P2a3/9/4k4/p7p/9/5r3/P8/3AB4/9/2B1K3c b,0.96400553,4548
2P2a3/9/4k4/p7p/9/3r5/P8/3AB4/9/2B1K3c w,-0.9554014,6016
2P2a3/9/4k4/p7p/9/3r5/P8/4B4/4A4/2B1K3c b,0.9585481,4395
2P2a3/9/4k4/p7p/9/9/P8/4B4/3rA4/2B1K3c w,-0.9539629,7736
2P2a3/9/4k4/p7p/9/9/P8/4B4/3rA4/2B2K2c b,0.9531215,6826
2P2a3/9/4k4/p7p/9/9/P8/4B4/4r4/2B2K2c w,-0.94601464,4905
2P2a3/9/4k4/p7p/9/P8/9/4B4/4r4/2B2K2c b,0.9637788,3194
2P2a3/9/4k4/p8/8p/P8/9/4B4/4r4/2B2K2c w,-0.94064397,183
3P1a3/9/4k4/p8/8p/P8/9/4B4/4r4/2B2K2c b,0.9666908,6912
3P1a3/9/4k4/p8/8p/P8/9/4B4/r8/2B2K2c w,-0.9638432,7825
3P1a3/9/4k4/p8/8p/P8/9/4B4/r8/2B1K3c b,0.96303463,6525
3P1a3/9/4k4/p8/8p/r8/9/4B4/9/2B1K3c w,-0.96250325,272
2P2a3/9/4k4/p8/8p/r8/9/4B4/9/2B1K3c b,0.9690282,4013
2P2a3/9/4k4/p8/9/r7p/9/4B4/9/2B1K3c w,-0.96531904,183
3P1a3/9/4k4/p8/9/r7p/9/4B4/9/2B1K3c b,0.9678832,4822
3P1a3/9/4k4/p8/9/r6p1/9/4B4/9/2B1K3c w,-0.9666227,7734
3P1a3/9/4k4/p8/9/r6p1/9/4B4/9/2BK4c b,0.95939934,4098
3P1a3/9/4k4/p8/9/3r3p1/9/4B4/9/2BK4c w,-0.96755886,7645
3P1a3/9/4k4/p8/9/3r3p1/9/4B4/9/2B1K3c b,0.97320056,4741
3P1a3/9/4k4/p8/9/3r5/7p1/4B4/9/2B1K3c w,-0.97403747,274
4Pa3/9/4k4/p8/9/3r5/7p1/4B4/9/2B1K3c b,0.97610915,5560
4Pa3/9/4k4/p8/9/3r5/9/4B2p1/9/2B1K3c w,-0.9723395,365
5P3/9/4k4/p8/9/3r5/9/4B2p1/9/2B1K3c b,0.96570444,6379
5P3/9/4k4/p8/9/3r5/9/4B4/7p1/2B1K3c w,-0.9624605,454
4P4/9/4k4/p8/9/3r5/9/4B4/7p1/2B1K3c b,0.9739532,7188
4P4/9/4k4/p8/9/3r5/9/4B4/6p2/2B1K3c w,-0.9712734,7726
4P4/9/4k4/p8/9/3r5/9/4B4/4K1p2/2B5c b,0.9869099,4404
4P4/9/4k4/p8/9/9/9/4B4/4K1p2/2Br4c w,-0.992545,7533
4P4/9/4k4/p8/9/9/9/B3B4/4K1p2/3r4c b,1,8090
rnbakabnr/9/1c5c1/p1p1p1p1p/9/9/P1P1P1P1P/1C5C1/9/RNBAKABNR w,0.00182724,5827
rnbakabnr/9/1c5c1/p1p1p1p1p/9/9/P1P1P1P1P/4C2C1/9/RNBAKABNR b,-0.0017805815,110
r1bakabnr/9/1cn4c1/p1p1p1p1p/9/9/P1P1P1P1P/4C2C1/9/RNBAKABNR w,0.0018192291,7445
r1bakabnr/9/1cn4c1/p1p1p1p1p/9/9/P1P1P1P1P/2N1C2C1/9/R1BAKABNR b,-0.0018405796,562
r1baka1nr/9/1cn1b2c1/p1p1p1p1p/9/9/P1P1P1P1P/2N1C2C1/9/R1BAKABNR w,0.001905489,7372
r1baka1nr/9/1cn1b2c1/p1p1p1p1p/9/9/P1P1P1P1P/2N1C2C1/9/1RBAKABNR b,-0.001772964,1
1rbaka1nr/9/1cn1b2c1/p1p1p1p1p/9/9/P1P1P1P1P/2N1C2C1/9/1RBAKABNR w,0.0016990424,6368
1rbaka1nr/9/1cn1b2c1/p1p1p1p1p/9/9/P1P1P1P1P/2N1CC3/9/1RBAKABNR b,-0.0012760878,654
1rbaka2r/9/1cn1b1nc1/p1p1p1p1p/9/9/P1P1P1P1P/2N1CC3/9/1RBAKABNR w,0.0015331984,7989
1rbaka2r/9/1cn1b1nc1/p1p1p1p1p/9/9/P1P1P1P1P/2N1CCN2/9/1RBAKAB1R b,-0.001368165,3012
1rbaka2r/9/1cn1b1nc1/p1p1p3p/6p2/9/P1P1P1P1P/2N1CCN2/9/1RBAKAB1R w,0.0018939496,8098
1rbaka2r/9/1cn1b1nc1/p1p1p3p/6p2/9/P1P1P1P1P/2N1CCN2/9/1RBAKABR1 b,-0.0020165562,727
1rbaka1r1/9/1cn1b1nc1/p1p1p3p/6p2/9/P1P1P1P1P/2N1CCN2/9/1RBAKABR1 w,0.0025175572,5087
1rbaka1r1/9/1cn1b1nc1/p1p1p3p/6p2/2P6/P3P1P1P/2N1CCN2/9/1RBAKABR1 b,-0.0021406412,1765
1rbaka1r1/9/2n1b1nc1/p1p1p3p/6p2/2P6/Pc2P1P1P/2N1CCN2/9/1RBAKABR1 w,0.0047115325,5898
1rbaka1r1/9/2n1b1nc1/p1p1p3p/6p2/2PN5/Pc2P1P1P/4CCN2/9/1RBAKABR1 b,-0.006530476,2311
1rbaka1r1/9/2n1b1n2/p1p1p3p/6p2/2PN5/Pc2P1PcP/4CCN2/9/1RBAKABR1 w,0.007928371,6143
1rbaka1r1/9/2n1bCn2/p1p1p3p/6p2/2PN5/Pc2P1PcP/4C1N2/9/1RBAKABR1 b,-0.008902455,1986
1rbakabr1/9/2n2Cn2/p1p1p3p/6p2/2PN5/Pc2P1PcP/4C1N2/9/1RBAKABR1 w,0.01805811,4351
1rbakabr1/9/2n2Cn2/p1p1N3p/6p2/2P6/Pc2P1PcP/4C1N2/9/1RBAKABR1 b,-0.004786694,1831
1rbakabr1/9/5Cn2/p1p1n3p/6p2/2P6/Pc2P1PcP/4C1N2/9/1RBAKABR1 w,0.0050359727,6061
1rbakabr1/9/5Cn2/p1p1C3p/6p2/2P6/Pc2P1PcP/6N2/9/1RBAKABR1 b,0.009026623,109
2bakabr1/9/1r3Cn2/p1p1C3p/6p2/2P6/Pc2P1PcP/6N2/9/1RBAKABR1 w,0.0019667863,2839
2bakabr1/9/1r3Cn2/p1p5p/6p2/2P1C4/Pc2P1PcP/6N2/9/1RBAKABR1 b,0.0015896797,1733
2bakabr1/9/5rn2/p1p5p/6p2/2P1C4/Pc2P1PcP/6N2/9/1RBAKABR1 w,0.009653449,7435
2bakabr1/9/5rn2/p1p5p/6p2/2P1C4/PR2P1PcP/6N2/9/2BAKABR1 b,-0.0070439936,2201
2bakabr1/9/5r3/p1p5p/5np2/2P1C4/PR2P1PcP/6N2/9/2BAKABR1 w,0.014187336,4987
2bakabr1/9/5r3/p1p5p/1R3np2/2P1C4/P3P1PcP/6N2/9/2BAKABR1 b,-0.0079674125,3750
2bakabr1/9/5r3/p1p5p/1R4p2/2P1C4/P3P1ncP/6N2/9/2BAKABR1 w,0.019454671,3372
2bakabr1/9/5r3/p1p5p/6R2/2P1C4/P3P1ncP/6N2/9/2BAKABR1 b,-0.0054710507,5449
2bakabr1/9/5r3/p1p5p/6R2/2P1n4/P3P2cP/6N2/9/2BAKABR1 w,0.0057774307,5269
2bakabr1/9/5r3/p1p5p/6R2/2P1P4/P6cP/6N2/9/2BAKABR1 b,0.00021760464,5560
2bakabr1/9/5r3/p1p5p/6R2/2P1P4/P7P/6Nc1/9/2BAKABR1 w,0.009682941,7999
2bakabr1/9/5r3/p1p5p/6R2/2P1P4/P7P/6Nc1/7R1/2BAKAB2 b,0.0017585278,2138
2bakabr1/9/9/p1p5p/6R2/2P1P4/P7P/5rNc1/7R1/2BAKAB2 w,0.013406324,7897
2bakabr1/9/9/p1p5p/6R2/2P1P4/P7P/4BrNc1/7R1/2BAKA3 b,-0.004076231,562
2baka1r1/9/4b4/p1p5p/6R2/2P1P4/P7P/4BrNc1/7R1/2BAKA3 w,0.015000152,3840
2baka1r1/9/4b4/p1p5p/9/2P1P4/P5R1P/4BrNc1/7R1/2BAKA3 b,-0.0058876993,6170
2baka1r1/9/4b4/p1p5p/9/2P1Pr3/P5R1P/4B1Nc1/7R1/2BAKA3 w,0.022441793,5458
2baka1r1/9/4b4/p1p5p/9/2P1Pr3/P3R3P/4B1Nc1/7R1/2BAKA3 b,-0.011042452,4541
2baka1r1/9/4b4/p1p5p/5r3/2P1P4/P3R3P/4B1Nc1/7R1/2BAKA3 w,0.0208467,4450
2baka1r1/9/4b4/p1p5p/4Pr3/2P6/P3R3P/4B1Nc1/7R1/2BAKA3 b,-0.004290378,3758
2baka1r1/9/4b4/p1p5p/4P4/2P6/P3R3P/4BrNc1/7R1/2BAKA3 w,0.019502759,5280
2baka1r1/9/4b4/p1p5p/4P4/2P6/P5R1P/4BrNc1/7R1/2BAKA3 b,-0.0058996915,682
2baka3/9/4b4/p1p5p/4P4/2P4r1/P5R1P/4BrNc1/7R1/2BAKA3 w,0.033869293,7816
2baka3/9/4b4/p1p5p/4P4/2P4r1/P5R1P/4BrNc1/4A2R1/2BAK4 b,-0.02005868,6134
2baka3/5r3/4b4/p1p5p/4P4/2P4r1/P5R1P/4B1Nc1/4A2R1/2BAK4 w,0.029587938,6268
2baka3/5r3/4b4/p1p5p/4P4/2P4r1/P3N1R1P/4B2c1/4A2R1/2BAK4 b,-0.027399266,1310
2baka3/9/4b4/p1p5p/4P4/2P2r1r1/P3N1R1P/4B2c1/4A2R1/2BAK4 w,0.03273051,5271
2baka3/9/4b4/p1p5p/4P4/2P2rNr1/P5R1P/4B2c1/4A2R1/2BAK4 b,-0.02388289,463
2bak4/4a4/4b4/p1p5p/4P4/2P2rNr1/P5R1P/4B2c1/4A2R1/2BAK4 w,0.073903516,5458
2bak4/4a4/4b4/p1p5p/4P4/2P2rNr1/P3R3P/4B2c1/4A2R1/2BAK4 b,-0.05972519,4548
2bak4/4a4/4b4/p1p5p/4P4/2Pr2Nr1/P3R3P/4B2c1/4A2R1/2BAK4 w,0.054160286,7180
2bak4/4a4/4b4/p1p5p/4P4/2Pr2Nr1/P3R3P/4B2R1/4A4/2BAK4 b,-0.015114523,4371
2bak4/4a4/4b4/p1p5p/4P4/2P3rr1/P3R3P/4B2R1/4A4/2BAK4 w,0.016608763,6352
2bak4/4a4/4b4/p1p5p/4P4/2P3rR1/P3R3P/4B4/4A4/2BAK4 b,-0.0062467935,4642
2bak4/4a4/4b4/p1p5p/4P4/2P4r1/P3R3P/4B4/4A4/2BAK4 w,0.009759736,3631
2bak4/4a4/4b4/p1p1P3p/9/2P4r1/P3R3P/4B4/4A4/2BAK4 b,-0.007922888,1986
2bak1b2/4a4/9/p1p1P3p/9/2P4r1/P3R3P/4B4/4A4/2BAK4 w,0.01151979,5280
2bak1b2/4a4/9/p1p1P3p/9/2P4r1/P5R1P/4B4/4A4/2BAK4 b,-0.012546766,562
2bak4/4a4/4b4/p1p1P3p/9/2P4r1/P5R1P/4B4/4A4/2BAK4 w,0.01944151,2812
2bak4/4a4/4P4/p1p5p/9/2P4r1/P5R1P/4B4/4A4/2BAK4 b,-0.0041564466,202
3ak4/4a4/4b4/p1p5p/9/2P4r1/P5R1P/4B4/4A4/2BAK4 w,0.00869484,5433
3ak4/4a4/4b4/p1p3R1p/9/2P4r1/P7P/4B4/4A4/2BAK4 b,-0.0056646466,4741
3ak4/4a4/4b4/p1p3R1p/9/2P6/P6rP/4B4/4A4/2BAK4 w,0.005615306,2999
3ak4/4a4/4b4/p1R5p/9/2P6/P6rP/4B4/4A4/2BAK4 b,-0.00485059,5552
3ak4/4a4/4b4/p1R5p/9/2P6/P7r/4B4/4A4/2BAK4 w,0.0082363365,2637
3ak4/4a4/4b4/R7p/9/2P6/P7r/4B4/4A4/2BAK4 b,-0.007937885,5669
3ak4/4a4/4b4/R7p/9/2P6/P8/4B4/4A4/2BAK3r w,0.009651256,6926
3ak4/4a4/4b4/R7p/9/2P6/P8/4B4/9/2BAKA2r b,-0.0062812804,8072
3ak4/4a4/4b4/R7p/9/2P6/P7r/4B4/9/2BAKA3 w,0.009953666,2461
3ak4/4a4/4b4/4R3p/9/2P6/P7r/4B4/9/2BAKA3 b,-0.008220888,1982
2bak4/4a4/9/4R3p/9/2P6/P7r/4B4/9/2BAKA3 w,0.010839391,4268
2bak4/4a4/9/4R3p/2P6/9/P7r/4B4/9/2BAKA3 b,-0.008169437,5634
2bak4/4a4/9/4R3p/2P6/9/r8/4B4/9/2BAKA3 w,0.012352705,2825
2bak4/4a4/9/8R/2P6/9/r8/4B4/9/2BAKA3 b,-0.009010816,4896
2bak4/4a4/9/8R/r1P6/9/9/4B4/9/2BAKA3 w,0.031759907,6117
2bak4/4a4/9/8R/r1P6/9/9/9/9/2BAKAB2 b,-0.010846043,202
3ak4/4a4/4b4/8R/r1P6/9/9/9/9/2BAKAB2 w,0.015249157,3449
3ak4/4a4/4b4/2P5R/r8/9/9/9/9/2BAKAB2 b,-0.011898982,3280
3ak4/4a4/4b4/2P5R/4r4/9/9/9/9/2BAKAB2 w,0.011964775,7537
3ak4/4a4/4b4/2P5R/4r4/9/9/4B4/9/3AKAB2 b,-0.008703852,1986
3ak1b2/4a4/9/2P5R/4r4/9/9/4B4/9/3AKAB2 w,0.008855343,3183
3ak1b2/4a4/9/2P3R2/4r4/9/9/4B4/9/3AKAB2 b,-0.008069468,562
3ak4/4a4/4b4/2P3R2/4r4/9/9/4B4/9/3AKAB2 w,0.00919683,2630
3ak4/4a4/2P1b4/6R2/4r4/9/9/4B4/9/3AKAB2 b,-0.0074349046,3641
3ak4/4a4/2P1b4/6R2/5r3/9/9/4B4/9/3AKAB2 w,0.009653759,1811
3ak4/2P1a4/4b4/6R2/5r3/9/9/4B4/9/3AKAB2 b,-0.006808245,365
3a1k3/2P1a4/4b4/6R2/5r3/9/9/4B4/9/3AKAB2 w,0.011654067,3005
3a1k3/2P1a4/4b4/8R/5r3/9/9/4B4/9/3AKAB2 b,-0.008581615,1986
3a1kb2/2P1a4/9/8R/5r3/9/9/4B4/9/3AKAB2 w,0.0146147255,3158
3a1kb1R/2P1a4/9/9/5r3/9/9/4B4/9/3AKAB2 b,-0.009824765,3732
3a1kb1R/2P1a4/9/9/6r2/9/9/4B4/9/3AKAB2 w,0.016246915,1002
3a1kb1R/3Pa4/9/9/6r2/9/9/4B4/9/3AKAB2 b,-0.013697195,3804
3a1kb1R/3Pa4/6r2/9/9/9/9/4B4/9/3AKAB2 w,0.019536901,1093
3a1kb1R/4P4/6r2/9/9/9/9/4B4/9/3AKAB2 b,-0.009366989,283
5kb1R/4a4/6r2/9/9/9/9/4B4/9/3AKAB2 w,0.010140061,773
5kb2/4a4/6r2/9/9/8R/9/4B4/9/3AKAB2 b,-0.008686328,454
4k1b2/4a4/6r2/9/9/8R/9/4B4/9/3AKAB2 w,0.010021115,4832
4k1b2/4a4/6r2/9/9/9/8R/4B4/9/3AKAB2 b,-0.00945673,2202
4k1b2/4a4/9/9/6r2/9/8R/4B4/9/3AKAB2 w,0.00999999,7636
4k1b2/4a4/9/9/6r2/9/8R/4B4/4A4/4KAB2 b,-0.008903193,3804
4k1b2/4a4/6r2/9/9/9/8R/4B4/4A4/4KAB2 w,0.0078064203,5615
4k1b2/4a4/6r2/8R/9/9/9/4B4/4A4/4KAB2 b,-0.0057609202,2220
4k1b2/4a4/9/8R/9/9/6r2/4B4/4A4/4KAB2 w,0.006058073,3158
4k1b1R/4a4/9/9/9/9/6r2/4B4/4A4/4KAB2 b,-0.0069100144,5424
4k1b1R/4a4/6r2/9/9/9/9/4B4/4A4/4KAB2 w,0.007553053,773
4k1b2/4a4/6r2/9/9/8R/9/4B4/4A4/4KAB2 b,-0.0068271756,2202
4k1b2/4a4/9/9/6r2/8R/9/4B4/4A4/4KAB2 w,0.008651972,4816
4k1b2/4a4/9/9/6r2/1R7/9/4B4/4A4/4KAB2 b,-0.0074837804,3804
4k1b2/4a4/6r2/9/9/1R7/9/4B4/4A4/4KAB2 w,0.0073265554,4141
1R2k1b2/4a4/6r2/9/9/9/9/4B4/4A4/4KAB2 b,-0.0067284824,1173
1R1ak1b2/9/6r2/9/9/9/9/4B4/4A4/4KAB2 w,0.006894994,118
3ak1b2/9/6r2/1R7/9/9/9/4B4/4A4/4KAB2 b,-0.003861189,2202
3ak1b2/9/9/1R7/6r2/9/9/4B4/4A4/4KAB2 w,0.005230427,2551
3ak1b2/9/9/4R4/6r2/9/9/4B4/4A4/4KAB2 b,-0.0027605772,365
3a1kb2/9/9/4R4/6r2/9/9/4B4/4A4/4KAB2 w,0.00800426,2820
3a1kb2/9/9/3R5/6r2/9/9/4B4/4A4/4KAB2 b,-0.0043578385,454
3ak1b2/9/9/3R5/6r2/9/9/4B4/4A4/4KAB2 w,0,2731
rnbakabnr/9/1c5c1/p1p1p1p1p/9/9/P1P1P1P1P/1C5C1/9/RNBAKABNR w,-0.7981906,5827
rnbakabnr/9/1c5c1/p1p1p1p1p/9/9/P1P1P1P1P/4C2C1/9/RNBAKABNR b,0.79820335,110
r1bakabnr/9/1cn4c1/p1p1p1p1p/9/9/P1P1P1P1P/4C2C1/9/RNBAKABNR w,-0.79818606,7445
r1bakabnr/9/1cn4c1/p1p1p1p1p/9/9/P1P1P1P1P/2N1C2C1/9/R1BAKABNR b,0.7981536,562
r1baka1nr/9/1cn1b2c1/p1p1p1p1p/9/9/P1P1P1P1P/2N1C2C1/9/R1BAKABNR w,-0.79805803,7372
r1baka1nr/9/1cn1b2c1/p1p1p1p1p/9/9/P1P1P1P1P/2N1C2C1/9/1RBAKABNR b,0.7982326,1
1rbaka1nr/9/1cn1b2c1/p1p1p1p1p/9/9/P1P1P1P1P/2N1C2C1/9/1RBAKABNR w,-0.79830045,6368
1rbaka1nr/9/1cn1b2c1/p1p1p1p1p/9/9/P1P1P1P1P/2N1CC3/9/1RBAKABNR b,0.79872394,654
1rbaka2r/9/1cn1b1nc1/p1p1p1p1p/9/9/P1P1P1P1P/2N1CC3/9/1RBAKABNR w,-0.79841965,7989
1rbaka2r/9/1cn1b1nc1/p1p1p1p1p/9/9/P1P1P1P1P/2N1CCN2/9/1RBAKAB1R b,0.79863524,3012
1rbaka2r/9/1cn1b1nc1/p1p1p3p/6p2/9/P1P1P1P1P/2N1CCN2/9/1RBAKAB1R w,-0.7981264,8098
1rbaka2r/9/1cn1b1nc1/p1p1p3p/6p2/9/P1P1P1P1P/2N1CCN2/9/1RBAKABR1 b,0.7979852,727
1rbaka1r1/9/1cn1b1nc1/p1p1p3p/6p2/9/P1P1P1P1P/2N1CCN2/9/1RBAKABR1 w,-0.79748696,5087
1rbaka1r1/9/1cn1b1nc1/p1p1p3p/6p2/2P6/P3P1P1P/2N1CCN2/9/1RBAKABR1 b,0.79783994,1765
1rbaka1r1/9/2n1b1nc1/p1p1p3p/6p2/2P6/Pc2P1P1P/2N1CCN2/9/1RBAKABR1 w,-0.7948618,5898
1rbaka1r1/9/2n1b1nc1/p1p1p3p/6p2/2PN5/Pc2P1P1P/4CCN2/9/1RBAKABR1 b,0.7935914,2311
1rbaka1r1/9/2n1b1n2/p1p1p3p/6p2/2PN5/Pc2P1PcP/4CCN2/9/1RBAKABR1 w,-0.79212576,6143
1rbaka1r1/9/2n1bCn2/p1p1p3p/6p2/2PN5/Pc2P1PcP/4C1N2/9/1RBAKABR1 b,0.790961,1986
1rbakabr1/9/2n2Cn2/p1p1p3p/6p2/2PN5/Pc2P1PcP/4C1N2/9/1RBAKABR1 w,-0.7821081,4351
1rbakabr1/9/2n2Cn2/p1p1N3p/6p2/2P6/Pc2P1PcP/4C1N2/9/1RBAKABR1 b,0.795234,1831
1rbakabr1/9/5Cn2/p1p1n3p/6p2/2P6/Pc2P1PcP/4C1N2/9/1RBAKABR1 w,-0.7949672,6061
1rbakabr1/9/5Cn2/p1p1C3p/6p2/2P6/Pc2P1PcP/6N2/9/1RBAKABR1 b,0.8092765,109
2bakabr1/9/1r3Cn2/p1p1C3p/6p2/2P6/Pc2P1PcP/6N2/9/1RBAKABR1 w,-0.79775274,2839
2bakabr1/9/1r3Cn2/p1p5p/6p2/2P1C4/Pc2P1PcP/6N2/9/1RBAKABR1 b,0.8014471,1733
2bakabr1/9/5rn2/p1p5p/6p2/2P1C4/Pc2P1PcP/6N2/9/1RBAKABR1 w,-0.79036945,7435
2bakabr1/9/5rn2/p1p5p/6p2/2P1C4/PR2P1PcP/6N2/9/2BAKABR1 b,0.79297215,2201
2bakabr1/9/5r3/p1p5p/5np2/2P1C4/PR2P1PcP/6N2/9/2BAKABR1 w,-0.78591913,4987
2bakabr1/9/5r3/p1p5p/1R3np2/2P1C4/P3P1PcP/6N2/9/2BAKABR1 b,0.7917212,3750
2bakabr1/9/5r3/p1p5p/1R4p2/2P1C4/P3P1ncP/6N2/9/2BAKABR1 w,-0.7804162,3372
2bakabr1/9/5r3/p1p5p/6R2/2P1C4/P3P1ncP/6N2/9/2BAKABR1 b,0.79455066,5449
2bakabr1/9/5r3/p1p5p/6R2/2P1n4/P3P2cP/6N2/9/2BAKABR1 w,-0.7944018,5269
2bakabr1/9/5r3/p1p5p/6R2/2P1P4/P6cP/6N2/9/2BAKABR1 b,0.80047536,5560
2bakabr1/9/5r3/p1p5p/6R2/2P1P4/P7P/6Nc1/9/2BAKABR1 w,-0.7909625,7999
2bakabr1/9/5r3/p1p5p/6R2/2P1P4/P7P/6Nc1/7R1/2BAKAB2 b,0.8017585,2138
2bakabr1/9/9/p1p5p/6R2/2P1P4/P7P/5rNc1/7R1/2BAKAB2 w,-0.7997066,3813
2bakabr1/9/9/p1p3R1p/9/2P1P4/P7P/5rNc1/7R1/2BAKAB2 b,0.79668033,6361
2bakabr1/9/9/p1p3R1p/9/2P1P4/P6cP/5rN2/7R1/2BAKAB2 w,-0.7787292,6290
2bakabr1/9/9/p1p3R1p/9/2P1P4/P6cP/5r3/7RN/2BAKAB2 b,0.7936403,5560
2bakabr1/9/9/p1p3R1p/9/2P1P4/P7P/5r1c1/7RN/2BAKAB2 w,-0.7867825,2999
2bakabr1/9/9/p1R5p/9/2P1P4/P7P/5r1c1/7RN/2BAKAB2 b,0.798485,682
2bakab2/9/9/p1R5p/9/2P1P2r1/P7P/5r1c1/7RN/2BAKAB2 w,-0.7861975,2612
2Rakab2/9/9/p7p/9/2P1P2r1/P7P/5r1c1/7RN/2BAKAB2 b,0.7919164,4729
2Rakab2/9/9/p7p/9/2P1r4/P7P/5r1c1/7RN/2BAKAB2 w,-0.78654283,7186
2Rakab2/9/9/p7p/9/2P1r4/P7P/5r1c1/4R3N/2BAKAB2 b,0.79954344,4486
2Rakab2/9/9/p7p/9/2P6/P7P/5r1c1/4r3N/2BAKAB2 w,-0.792888,7816
2Rakab2/9/9/p7p/9/2P6/P7P/5r1c1/4A3N/2BAK1B2 b,0.79824436,6179
2Rakab2/9/9/p7p/9/2P6/P4r2P/7c1/4A3N/2BAK1B2 w,-0.79633135,209
3akab2/9/9/p1R5p/9/2P6/P4r2P/7c1/4A3N/2BAK1B2 b,0.79516536,6388
3akab2/9/9/p1R5p/9/2P6/P4r2P/9/4A3N/2BAK1Bc1 w,-0.7956725,7897
3akab2/9/9/p1R5p/9/2P6/P4r2P/4B4/4A3N/2BAK2c1 b,0.8001219,8009
3akab2/9/9/p1R5p/9/2P6/P4r2P/4B4/4A3N/2BAK3c w,-0.80018675,7269
3akab2/9/9/p1R5p/9/2P6/P4r2P/4B1N2/4A4/2BAK3c b,0.806645,5370
3akab2/9/9/p1R5p/9/2P6/P5r1P/4B1N2/4A4/2BAK3c w,-0.80189085,2641
3akab2/9/9/p3R3p/9/2P6/P5r1P/4B1N2/4A4/2BAK3c b,0.7963294,463
3ak1b2/4a4/9/p3R3p/9/2P6/P5r1P/4B1N2/4A4/2BAK3c w,-0.7870658,6268
3ak1b2/4a4/9/p3R3p/9/2P6/P3N1r1P/4B4/4A4/2BAK3c b,0.788343,5461
3ak1b2/4a4/9/p3R3p/9/2P6/P3N2rP/4B4/4A4/2BAK3c w,-0.78246295,5259
3ak1b2/4a4/9/p3R3p/3N5/2P6/P6rP/4B4/4A4/2BAK3c b,0.82640254,5578
3ak1b2/4a4/9/p3R3p/3N5/2P6/P7P/4B4/4A4/2BAK2rc w,-0.8412806,6117
3ak1b2/4a4/9/p3R3p/3N5/2P6/P7P/9/4A4/2BAK1Brc b,0.87970036,7954
3ak1b2/4a4/9/p3R2rp/3N5/2P6/P7P/9/4A4/2BAK1B1c w,-0.8779815,6926
3ak1b2/4a4/9/p3R2rp/3N5/2P6/P7P/9/9/2BAKAB1c b,0.8877944,3091
3ak1b2/4a4/9/p3r3p/3N5/2P6/P7P/9/9/2BAKAB1c w,-0.8869305,7636
3ak1b2/4a4/9/p3r3p/3N5/2P6/P7P/9/4A4/2B1KAB1c b,0.89344233,2823
3ak1b2/4a4/9/p5r1p/3N5/2P6/P7P/9/4A4/2B1KAB1c w,-0.8784864,7537
3ak1b2/4a4/9/p5r1p/3N5/2P6/P7P/4B4/4A4/4KAB1c b,0.874257,3030
3ak1b2/4a4/9/p7p/3N5/2P6/P5r1P/4B4/4A4/4KAB1c w,-0.8717585,3542
3ak1b2/4a4/9/p4N2p/9/2P6/P5r1P/4B4/4A4/4KAB1c b,0.8850117,8098
3ak1b2/4a4/9/p4N2p/9/2P6/P5r1P/4B4/4A4/4KABc1 w,-0.8670669,2931
3ak1b2/4a4/9/p7p/9/2P3N2/P5r1P/4B4/4A4/4KABc1 b,0.87445515,562
3ak4/4a4/4b4/p7p/9/2P3N2/P5r1P/4B4/4A4/4KABc1 w,-0.8722002,5633
3ak4/4a4/4b4/p7p/9/2P3N1P/P5r2/4B4/4A4/4KABc1 b,0.8803994,2466
3ak4/4a4/4b4/8p/p8/2P3N1P/P5r2/4B4/4A4/4KABc1 w,-0.8709082,4814
3ak4/4a4/4b4/8p/p7P/2P3N2/P5r2/4B4/4A4/4KABc1 b,0.8761049,3194
3ak4/4a4/4b4/9/p7p/2P3N2/P5r2/4B4/4A4/4KABc1 w,-0.8703451,4634
3ak4/4a4/4b4/9/p7N/2P6/P5r2/4B4/4A4/4KABc1 b,0.8771978,7963
3ak4/4a4/4b4/9/p6cN/2P6/P5r2/4B4/4A4/4KAB2 w,-0.86744094,3985
3ak4/4a4/4b2N1/9/p6c1/2P6/P5r2/4B4/4A4/4KAB2 b,0.87458247,5454
3ak4/4a4/4b2N1/9/p6c1/2P6/r8/4B4/4A4/4KAB2 w,-0.877185,2282
3ak4/4a4/4b4/5N3/p6c1/2P6/r8/4B4/4A4/4KAB2 b,0.8957172,3910
3ak4/4a4/4b4/5N3/p3c4/2P6/r8/4B4/4A4/4KAB2 w,-0.8868018,7734
3ak4/4a4/4b4/5N3/p3c4/2P6/r8/4B4/4A4/3K1AB2 b,0.8894576,4917
3ak4/4a4/4b4/5N3/p3c4/2P6/3r5/4B4/4A4/3K1AB2 w,-0.8876369,7645
3ak4/4a4/4b4/5N3/p3c4/2P6/3r5/4B4/4A4/4KAB2 b,0.8964772,5185
3ak4/4a4/4b4/5N3/p3c4/2P6/1r7/4B4/4A4/4KAB2 w,-0.89098513,7734
3ak4/4a4/4b4/5N3/p3c4/2P6/1r7/4B4/4A4/3K1AB2 b,0.9011958,365
3a1k3/4a4/4b4/5N3/p3c4/2P6/1r7/4B4/4A4/3K1AB2 w,-0.8952777,6113
3a1k3/4a4/4b4/5N3/p3c4/2P6/1r7/9/4A4/2BK1AB2 b,0.9215728,5007
3a1k3/4a4/4b4/5N3/p3c4/2P6/3r5/9/4A4/2BK1AB2 w,-0.9234926,6906
3a1k3/4a4/4b4/5N3/p3c4/2P6/3r5/3A5/9/2BK1AB2 b,0.9250452,5196
3a1k3/4a4/4b4/5N3/p3c4/2P6/9/3r5/9/2BK1AB2 w,-0.92636776,7645
3a1k3/4a4/4b4/5N3/p3c4/2P6/9/3r5/9/2B1KAB2 b,0.9328623,6008
3a1k3/4a4/4b4/5N3/p3c4/2P6/9/5r3/9/2B1KAB2 w,-0.92353517,2931
3a1k3/4a4/4b4/9/p3c4/2P3N2/9/5r3/9/2B1KAB2 b,0.93342686,6206
3a1k3/4a4/4b4/9/p3c4/2P3N2/9/9/9/2B1KrB2 w,-0.9335777,7726
3a1k3/4a4/4b4/9/p3c4/2P3N2/9/9/4K4/2B2rB2 b,0.9391506,3631
3a1k3/4a4/4b4/4c4/p8/2P3N2/9/9/4K4/2B2rB2 w,-0.9370214,4624
3a1k3/4a4/4b4/4c2N1/p8/2P6/9/9/4K4/2B2rB2 b,0.94373596,7827
3a1k3/4a4/4b4/4c2N1/p8/2P6/9/9/4K4/2B3r2 w,-0.9441699,3101
3a1k3/4a4/4b4/4c4/p4N3/2P6/9/9/4K4/2B3r2 b,0.93274844,7908
3a1k3/4a4/4b4/4c4/p4N3/2P6/9/9/4K1r2/2B6 w,-0.93518937,6925
3a1k3/4a4/4b4/4c4/p4N3/2P6/9/9/6r2/2B1K4 b,0.9389584,7089
3a1k3/4a4/4b4/4c4/p4N3/2P6/9/6r2/9/2B1K4 w,-0.944262,3738
3a1k3/4a4/4b4/4c4/p8/2PN5/9/6r2/9/2B1K4 b,0.95134425,2823
3a1k3/4a4/4b4/6c2/p8/2PN5/9/6r2/9/2B1K4 w,-0.944505,7537
3a1k3/4a4/4b4/6c2/p8/2PN5/9/4B1r2/9/4K4 b,0.9526022,3285
3a1k3/4a4/4b4/6c2/9/p1PN5/9/4B1r2/9/4K4 w,-0.9536671,4268
3a1k3/4a4/4b4/6c2/2P6/p2N5/9/4B1r2/9/4K4 b,0.95614094,2018
3a1k3/4a4/9/6c2/2b6/p2N5/9/4B1r2/9/4K4 w,-0.9547012,4351
3a1k3/4a4/9/4N1c2/2b6/p8/9/4B1r2/9/4K4 b,0.95132995,6277
3a1k3/4a4/9/4N1c2/2b6/p8/9/4r4/9/4K4 w,-0.95629734,7734
3a1k3/4a4/9/4N1c2/2b6/p8/9/4r4/9/3K5 b,0.9579054,6096
3a1k3/4a4/9/4N1c2/2b6/p8/9/3r5/9/3K5 w,-0.95574003,7645
3a1k3/4a4/9/4N1c2/2b6/p8/9/3r5/9/4K4 b,0.9587156,5970
3a1k3/4a4/9/3rN1c2/2b6/p8/9/9/9/4K4 w,-0.96022516,2814
3a1k3/4a4/6N2/3r2c2/2b6/p8/9/9/9/4K4 b,0.96235704,454
3ak4/4a4/6N2/3r2c2/2b6/p8/9/9/9/4K4 w,-0.95966995,2177
3ak4/4a3N/9/3r2c2/2b6/p8/9/9/9/4K4 b,0.9632467,3001
3ak4/4a3N/9/3rc4/2b6/p8/9/9/9/4K4 w,-0.96435094,1564
3ak4/4a4/9/3rc2N1/2b6/p8/9/9/9/4K4 b,0.96382266,365
3a1k3/4a4/9/3rc2N1/2b6/p8/9/9/9/4K4 w,-0.9600097,3101
3a1k3/4a4/9/3rc4/2b2N3/p8/9/9/9/4K4 b,0.9718483,2830
3a1k3/4a4/9/3r5/2b1cN3/p8/9/9/9/4K4 w,-0.957258,7726
3a1k3/4a4/9/3r5/2b1cN3/p8/9/9/4K4/9 b,0.9516195,2732
3a1k3/4a4/9/5r3/2b1cN3/p8/9/9/4K4/9 w,-0.95838904,3742
3a1k3/4a4/9/5r3/2b1c4/p6N1/9/9/4K4/9 b,0.95779747,3622
3a1k3/4a4/4c4/5r3/2b6/p6N1/9/9/4K4/9 w,-0.9632368,6915
3a1k3/4a4/4c4/5r3/2b6/p6N1/9/9/3K5/9 b,0.9689253,4096
3a1k3/4a4/4c4/5r3/2b6/1p5N1/9/9/3K5/9 w,-0.95455706,6834
3a1k3/4a4/4c4/5r3/2b6/1p5N1/9/9/9/3K5 b,0.964891,4195
3a1k3/4a4/4c4/5r3/2b6/7N1/1p7/9/9/3K5 w,-0.959403,7635
3a1k3/4a4/4c4/5r3/2b6/7N1/1p7/9/3K5/9 b,0.97151047,5014
3a1k3/4a4/4c4/5r3/2b6/7N1/9/1p7/3K5/9 w,-0.94917303,6834
3a1k3/4a4/4c4/5r3/2b6/7N1/9/1p7/9/3K5 b,0.973634,5825
3a1k3/4a4/4c4/5r3/2b6/7N1/9/2p6/9/3K5 w,-0.9727148,7635
3a1k3/4a4/4c4/5r3/2b6/7N1/9/2p6/3K5/9 b,0.9884759,5924
3a1k3/4a4/4c4/5r3/2b6/7N1/9/9/2pK5/9 w,-0.99223006,6834
3a1k3/4a4/4c4/5r3/2b6/7N1/9/9/2p6/3K5 b,1,2966
rnbakabnr/9/1c5c1/p1p1p1p1p/9/9/P1P1P1P1P/1C5C1/9/RNBAKABNR w,0.8017992,5827
rnbakabnr/9/1c5c1/p1p1p1p1p/9/9/P1P1P1P1P/4C2C1/9/RNBAKABNR b,-0.8017787,110
r1bakabnr/9/1cn4c1/p1p1p1p1p/9/9/P1P1P1P1P/4C2C1/9/RNBAKABNR w,0.8018244,7445
r1bakabnr/9/1cn4c1/p1p1p1p1p/9/9/P1P1P1P1P/2N1C2C1/9/R1BAKABNR b,-0.80180895,562
r1baka1nr/9/1cn1b2c1/p1p1p1p1p/9/9/P1P1P1P1P/2N1C2C1/9/R1BAKABNR w,0.801942,7372
r1baka1nr/9/1cn1b2c1/p1p1p1p1p/9/9/P1P1P1P1P/2N1C2C1/9/1RBAKABNR b,-0.8017737,1
1rbaka1nr/9/1cn1b2c1/p1p1p1p1p/9/9/P1P1P1P1P/2N1C2C1/9/1RBAKABNR w,0.8017126,6368
1rbaka1nr/9/1cn1b2c1/p1p1p1p1p/9/9/P1P1P1P1P/2N1CC3/9/1RBAKABNR b,-0.8012889,654
1rbaka2r/9/1cn1b1nc1/p1p1p1p1p/9/9/P1P1P1P1P/2N1CC3/9/1RBAKABNR w,0.8016004,7989
1rbaka2r/9/1cn1b1nc1/p1p1p1p1p/9/9/P1P1P1P1P/2N1CCN2/9/1RBAKAB1R b,-0.8013686,3012
1rbaka2r/9/1cn1b1nc1/p1p1p3p/6p2/9/P1P1P1P1P/2N1CCN2/9/1RBAKAB1R w,0.80187565,8098
1rbaka2r/9/1cn1b1nc1/p1p1p3p/6p2/9/P1P1P1P1P/2N1CCN2/9/1RBAKABR1 b,-0.8020148,727
1rbaka1r1/9/1cn1b1nc1/p1p1p3p/6p2/9/P1P1P1P1P/2N1CCN2/9/1RBAKABR1 w,0.8027355,5087
1rbaka1r1/9/1cn1b1nc1/p1p1p3p/6p2/2P6/P3P1P1P/2N1CCN2/9/1RBAKABR1 b,-0.80212146,1765
1rbaka1r1/9/2n1b1nc1/p1p1p3p/6p2/2P6/Pc2P1P1P/2N1CCN2/9/1RBAKABR1 w,0.8050908,5898
1rbaka1r1/9/2n1b1nc1/p1p1p3p/6p2/2PN5/Pc2P1P1P/4CCN2/9/1RBAKABR1 b,-0.8064419,2311
1rbaka1r1/9/2n1b1n2/p1p1p3p/6p2/2PN5/Pc2P1PcP/4CCN2/9/1RBAKABR1 w,0.80788714,6143
1rbaka1r1/9/2n1bCn2/p1p1p3p/6p2/2PN5/Pc2P1PcP/4C1N2/9/1RBAKABR1 b,-0.80890244,1986
1rbakabr1/9/2n2Cn2/p1p1p3p/6p2/2PN5/Pc2P1PcP/4C1N2/9/1RBAKABR1 w,0.81814575,4351
1rbakabr1/9/2n2Cn2/p1p1N3p/6p2/2P6/Pc2P1PcP/4C1N2/9/1RBAKABR1 b,-0.8047562,1831
1rbakabr1/9/5Cn2/p1p1n3p/6p2/2P6/Pc2P1PcP/4C1N2/9/1RBAKABR1 w,0.80498105,6061
1rbakabr1/9/5Cn2/p1p1C3p/6p2/2P6/Pc2P1PcP/6N2/9/1RBAKABR1 b,-0.7903048,109
2bakabr1/9/1r3Cn2/p1p1C3p/6p2/2P6/Pc2P1PcP/6N2/9/1RBAKABR1 w,0.8018251,2839
2bakabr1/9/1r3Cn2/p1p5p/6p2/2P1C4/Pc2P1PcP/6N2/9/1RBAKABR1 b,-0.79882264,1733
2bakabr1/9/5rn2/p1p5p/6p2/2P1C4/Pc2P1PcP/6N2/9/1RBAKABR1 w,0.8096306,7435
2bakabr1/9/5rn2/p1p5p/6p2/2P1C4/PR2P1PcP/6N2/9/2BAKABR1 b,-0.8070279,2201
2bakabr1/9/5r3/p1p5p/5np2/2P1C4/PR2P1PcP/6N2/9/2BAKABR1 w,0.8140466,4987
2bakabr1/9/5r3/p1p5p/1R3np2/2P1C4/P3P1PcP/6N2/9/2BAKABR1 b,-0.8083652,3750
2bakabr1/9/5r3/p1p5p/1R4p2/2P1C4/P3P1ncP/6N2/9/2BAKABR1 w,0.8199802,3372
2bakabr1/9/5r3/p1p5p/6R2/2P1C4/P3P1ncP/6N2/9/2BAKABR1 b,-0.80545235,5449
2bakabr1/9/5r3/p1p5p/6R2/2P1n4/P3P2cP/6N2/9/2BAKABR1 w,0.80575603,5269
2bakabr1/9/5r3/p1p5p/6R2/2P1P4/P6cP/6N2/9/2BAKABR1 b,-0.80001235,5560
2bakabr1/9/5r3/p1p5p/6R2/2P1P4/P7P/6Nc1/9/2BAKABR1 w,0.81004125,7999
2bakabr1/9/5r3/p1p5p/6R2/2P1P4/P7P/6Nc1/7R1/2BAKAB2 b,-0.7984724,2138
2bakabr1/9/9/p1p5p/6R2/2P1P4/P7P/5rNc1/7R1/2BAKAB2 w,0.8064056,7537
2bakabr1/9/9/p1p5p/6R2/2P1P4/P7P/4BrNc1/7R1/3AKAB2 b,-0.7960322,562
2baka1r1/9/4b4/p1p5p/6R2/2P1P4/P7P/4BrNc1/7R1/3AKAB2 w,0.81113136,3840
2baka1r1/9/4b4/p1p5p/9/2P1P4/P5R1P/4BrNc1/7R1/3AKAB2 b,-0.8044176,2018
2baka1r1/9/9/p1p5p/2b6/2P1P4/P5R1P/4BrNc1/7R1/3AKAB2 w,0.83504456,7636
2baka1r1/9/9/p1p5p/2b6/2P1P4/P5R1P/4BrNc1/4A2R1/4KAB2 b,-0.8232755,6170
2baka1r1/9/9/p1p5p/2b6/2P1Pr3/P5R1P/4B1Nc1/4A2R1/4KAB2 w,0.831863,6268
2baka1r1/9/9/p1p5p/2b6/2P1Pr3/P3N1R1P/4B2c1/4A2R1/4KAB2 b,-0.8257372,4549
2baka1r1/9/9/p1p5p/2b6/2P1r4/P3N1R1P/4B2c1/4A2R1/4KAB2 w,0.83137596,5271
2baka1r1/9/9/p1p5p/2b6/2P1r1N2/P5R1P/4B2c1/4A2R1/4KAB2 b,-0.82299656,4441
2baka1r1/9/9/p1p1r3p/2b6/2P3N2/P5R1P/4B2c1/4A2R1/4KAB2 w,0.8456203,5457
2baka1r1/9/9/p1p1r3p/2b6/2P3N2/P2R4P/4B2c1/4A2R1/4KAB2 b,-0.83162165,6343
2baka1r1/9/9/p1p1r3p/2b4c1/2P3N2/P2R4P/4B4/4A2R1/4KAB2 w,0.8430623,5169
2baka1r1/9/9/p1p1r3p/2bR3c1/2P3N2/P7P/4B4/4A2R1/4KAB2 b,-0.8290273,3922
2baka1r1/9/9/p1p1r3p/2bR5/2P3Nc1/P7P/4B4/4A2R1/4KAB2 w,0.8338677,4268
2baka1r1/9/9/p1p1r3p/2PR5/6Nc1/P7P/4B4/4A2R1/4KAB2 b,-0.82167757,2648
2baka1r1/9/9/p3r3p/2pR5/6Nc1/P7P/4B4/4A2R1/4KAB2 w,0.8285834,3548
2baka1r1/9/9/p3r3p/2R6/6Nc1/P7P/4B4/4A2R1/4KAB2 b,-0.8235951,202
3aka1r1/9/4b4/p3r3p/2R6/6Nc1/P7P/4B4/4A2R1/4KAB2 w,0.83666664,3460
3aka1r1/9/4b4/p3r3p/4R4/6Nc1/P7P/4B4/4A2R1/4KAB2 b,-0.82836086,2830
3aka1r1/9/4b4/p7p/4r4/6Nc1/P7P/4B4/4A2R1/4KAB2 w,0.82978404,4630
3aka1r1/9/4b4/p7p/4N4/7c1/P7P/4B4/4A2R1/4KAB2 b,-0.8186335,4741
3aka1r1/9/4b4/p7p/4N4/9/P6cP/4B4/4A2R1/4KAB2 w,0.858596,3623
3aka1r1/9/4bN3/p7p/9/9/P6cP/4B4/4A2R1/4KAB2 b,-0.85693806,373
3a1a1r1/4k4/4bN3/p7p/9/9/P6cP/4B4/4A2R1/4KAB2 w,0.8684792,7188
3a1a1r1/4k4/4bN3/p7p/9/9/P6cP/4B4/4A1R2/4KAB2 b,-0.8583225,1184
3a1a1r1/5k3/4bN3/p7p/9/9/P6cP/4B4/4A1R2/4KAB2 w,0.8885615,2110
3a1a1r1/5k3/4b4/p7p/4N4/9/P6cP/4B4/4A1R2/4KAB2 b,-0.8749243,463
3a3r1/4ak3/4b4/p7p/4N4/9/P6cP/4B4/4A1R2/4KAB2 w,0.87597615,7097
3a3r1/4ak3/4b4/p7p/4N4/9/P6cP/4B4/4AR3/4KAB2 b,-0.876704,1193
3a3r1/5k3/4ba3/p7p/4N4/9/P6cP/4B4/4AR3/4KAB2 w,0.8813068,6953
3a3r1/5k3/4bR3/p7p/4N4/9/P6cP/4B4/4A4/4KAB2 b,-0.8792335,1273
3a3r1/4k4/4bR3/p7p/4N4/9/P6cP/4B4/4A4/4KAB2 w,0.88705534,3629
3a3r1/4k4/4bR3/p1N5p/9/9/P6cP/4B4/4A4/4KAB2 b,-0.86794186,1982
2ba3r1/4k4/5R3/p1N5p/9/9/P6cP/4B4/4A4/4KAB2 w,0.87247074,2102
2ba3r1/4k4/9/p1N2R2p/9/9/P6cP/4B4/4A4/4KAB2 b,-0.8618472,673
2ba5/4k4/9/p1N2R2p/7r1/9/P6cP/4B4/4A4/4KAB2 w,0.8739171,2911
2ba5/4k4/9/p1N1R3p/7r1/9/P6cP/4B4/4A4/4KAB2 b,-0.87142015,1184
2ba5/5k3/9/p1N1R3p/7r1/9/P6cP/4B4/4A4/4KAB2 w,0.8784123,2848
2ba5/5k3/9/p1N5p/7r1/9/P3R2cP/4B4/4A4/4KAB2 b,-0.8704159,5578
2ba5/5k3/9/p1N5p/7r1/9/P3R3P/4B4/4A4/4KABc1 w,0.8851942,2622
2ba5/3N1k3/9/p7p/7r1/9/P3R3P/4B4/4A4/4KABc1 b,-0.8743925,3904
2ba5/3N1k3/9/p6rp/9/9/P3R3P/4B4/4A4/4KABc1 w,0.881535,5280
2ba5/3N1k3/9/p6rp/9/9/P5R1P/4B4/4A4/4KABc1 b,-0.85265017,1273
2ba5/3Nk4/9/p6rp/9/9/P5R1P/4B4/4A4/4KABc1 w,0.8594071,1099
2ba5/4k4/1N7/p6rp/9/9/P5R1P/4B4/4A4/4KABc1 b,-0.8484694,3089
2ba5/4k4/1N7/p1r5p/9/9/P5R1P/4B4/4A4/4KABc1 w,0.8606252,5457
2ba5/4k4/1N7/p1r5p/9/9/P2R4P/4B4/4A4/4KABc1 b,-0.8501217,202
3a5/4k4/1N2b4/p1r5p/9/9/P2R4P/4B4/4A4/4KABc1 w,0.8792846,1740
3a5/4k4/4b4/p1rN4p/9/9/P2R4P/4B4/4A4/4KABc1 b,-0.8713875,2640
3a5/4k4/4b4/p2r4p/9/9/P2R4P/4B4/4A4/4KABc1 w,0.887746,5160
3a5/4k4/4b4/p2R4p/9/9/P7P/4B4/4A4/4KABc1 b,-0.88552296,7936
3a5/4k2c1/4b4/p2R4p/9/9/P7P/4B4/4A4/4KAB2 w,0.8991228,2734
3a5/4k2c1/4b4/p6Rp/9/9/P7P/4B4/4A4/4KAB2 b,-0.8951895,1454
3a5/4kc3/4b4/p6Rp/9/9/P7P/4B4/4A4/4KAB2 w,0.9074569,3076
3a5/4kc1R1/4b4/p7p/9/9/P7P/4B4/4A4/4KAB2 b,-0.89812297,2466
3a5/4kc1R1/4b4/8p/p8/9/P7P/4B4/4A4/4KAB2 w,0.91260815,1455
3a5/4kcR2/4b4/8p/p8/9/P7P/4B4/4A4/4KAB2 b,-0.8994562,3194
3a5/4kcR2/4b4/9/p7p/9/P7P/4B4/4A4/4KAB2 w,0.90998477,1366
3a5/4kc1R1/4b4/9/p7p/9/P7P/4B4/4A4/4KAB2 b,-0.8971788,2022
3a5/4kc1R1/9/9/p5b1p/9/P7P/4B4/4A4/4KAB2 w,0.9092194,6906
3a5/4kc1R1/9/9/p5b1p/9/P7P/3AB4/9/4KAB2 b,-0.9005045,3802
3a5/4kc1R1/4b4/9/p7p/9/P7P/3AB4/9/4KAB2 w,0.91112846,1455
3a5/4kcR2/4b4/9/p7p/9/P7P/3AB4/9/4KAB2 b,-0.89427066,2018
3a5/4kcR2/9/9/p1b5p/9/P7P/3AB4/9/4KAB2 w,0.9103953,7816
3a5/4kcR2/9/9/p1b5p/9/P7P/3AB4/4A4/4K1B2 b,-0.8983629,3442
3a5/4kcR2/4b4/9/p7p/9/P7P/3AB4/4A4/4K1B2 w,0.9218647,7736
3a5/4kcR2/4b4/9/p7p/9/P7P/3AB4/4A4/5KB2 b,-0.9284497,1174
3ak4/5cR2/4b4/9/p7p/9/P7P/3AB4/4A4/5KB2 w,0.93193746,1364
3ak4/5R3/4b4/9/p7p/9/P7P/3AB4/4A4/5KB2 b,-0.9319951,283
4k4/4aR3/4b4/9/p7p/9/P7P/3AB4/4A4/5KB2 w,0.9342143,1277
4k4/4a3R/4b4/9/p7p/9/P7P/3AB4/4A4/5KB2 b,-0.9375532,1175
4ka3/8R/4b4/9/p7p/9/P7P/3AB4/4A4/5KB2 w,0.93972397,1574
4ka3/9/4b4/9/p7R/9/P7P/3AB4/4A4/5KB2 b,-0.93382186,463
4k4/4a4/4b4/9/p7R/9/P7P/3AB4/4A4/5KB2 w,0.9341546,3996
4k4/4a4/4b4/9/R8/9/P7P/3AB4/4A4/5KB2 b,-0.9359721,1982
2b1k4/4a4/9/9/R8/9/P7P/3AB4/4A4/5KB2 w,0.9384604,5633
2b1k4/4a4/9/9/R8/8P/P8/3AB4/4A4/5KB2 b,-0.94072,202
4k4/4a4/4b4/9/R8/8P/P8/3AB4/4A4/5KB2 w,0.9362642,4814
4k4/4a4/4b4/9/R7P/9/P8/3AB4/4A4/5KB2 b,-0.9369083,1982
2b1k4/4a4/9/9/R7P/9/P8/3AB4/4A4/5KB2 w,0.9381175,4003
2b1k4/4a4/9/9/R6P1/9/P8/3AB4/4A4/5KB2 b,-0.94301236,202
4k4/4a4/4b4/9/R6P1/9/P8/3AB4/4A4/5KB2 w,0.94002616,3240
R3k4/4a4/4b4/9/7P1/9/P8/3AB4/4A4/5KB2 b,-0.9398108,1173
R2ak4/9/4b4/9/7P1/9/P8/3AB4/4A4/5KB2 w,0.93819726,18
3ak4/9/R3b4/9/7P1/9/P8/3AB4/4A4/5KB2 b,-0.9351331,1982
2bak4/9/R8/9/7P1/9/P8/3AB4/4A4/5KB2 w,0.94359034,1647
2bak4/9/9/R8/7P1/9/P8/3AB4/4A4/5KB2 b,-0.9448624,283
2b1k4/4a4/9/R8/7P1/9/P8/3AB4/4A4/5KB2 w,0.9531155,2461
2b1k4/4a4/9/4R4/7P1/9/P8/3AB4/4A4/5KB2 b,-0.94569135,198
4k4/4a4/b8/4R4/7P1/9/P8/3AB4/4A4/5KB2 w,0.95416826,3904
4k4/4a4/b8/4R2P1/9/9/P8/3AB4/4A4/5KB2 b,-0.95309865,1622
2b1k4/4a4/9/4R2P1/9/9/P8/3AB4/4A4/5KB2 w,0.9639757,4905
2b1k4/4a4/9/4R2P1/9/P8/9/3AB4/4A4/5KB2 b,-0.95472157,198
4k4/4a4/b8/4R2P1/9/P8/9/3AB4/4A4/5KB2 w,0.9592627,4086
4k4/4a4/b8/4R2P1/P8/9/9/3AB4/4A4/5KB2 b,-0.96597165,1622
2b1k4/4a4/9/4R2P1/P8/9/9/3AB4/4A4/5KB2 w,0.9708425,3277
2b1k4/4a4/9/4R2P1/1P7/9/9/3AB4/4A4/5KB2 b,-0.9515077,363
2bk5/4a4/9/4R2P1/1P7/9/9/3AB4/4A4/5KB2 w,0.95102,2803
2bk5/4R4/9/7P1/1P7/9/9/3AB4/4A4/5KB2 b,-0.9468036,202
3k5/4R4/4b4/7P1/1P7/9/9/3AB4/4A4/5KB2 w,0.9561791,3085
3k5/4R4/4b2P1/9/1P7/9/9/3AB4/4A4/5KB2 b,-0.96136415,1982
2bk5/4R4/7P1/9/1P7/9/9/3AB4/4A4/5KB2 w,0.9806347,3368
2bk5/4R4/7P1/9/2P6/9/9/3AB4/4A4/5KB2 b,-0.97983265,202
3k5/4R4/4b2P1/9/2P6/9/9/3AB4/4A4/5KB2 w,0.9870482,3449
3k5/4R4/4b2P1/2P6/9/9/9/3AB4/4A4/5KB2 b,-0.9869604,1982
2bk5/4R4/7P1/2P6/9/9/9/3AB4/4A4/5KB2 w,0.9914369,2630
2bk5/4R4/2P4P1/9/9/9/9/3AB4/4A4/5KB2 b,-0.99320596,198
3k5/4R4/b1P4P1/9/9/9/9/3AB4/4A4/5KB2 w,0.9959967,1811
3k5/2P1R4/b6P1/9/9/9/9/3AB4/4A4/5KB2 b,-0.9953966,1658
3k5/2P1R4/7P1/9/2b6/9/9/3AB4/4A4/5KB2 w,0.99615794,2266
3k5/2P1R2P1/9/9/2b6/9/9/3AB4/4A4/5KB2 b,-0.9978046,3438
3k5/2P1R2P1/b8/9/9/9/9/3AB4/4A4/5KB2 w,0.9991296,1455
3k5/2P1R1P2/b8/9/9/9/9/3AB4/4A4/5KB2 b,-0.9989214,1658
3k5/2P1R1P2/9/9/2b6/9/9/3AB4/4A4/5KB2 w,0.9994975,1364
3k5/2P1RP3/9/9/2b6/9/9/3AB4/4A4/5KB2 b,-0.9994566,3438
3k5/2P1RP3/b8/9/9/9/9/3AB4/4A4/5KB2 w,1,1002
rnbakabnr/9/1c5c1/p1p1p1p1p/9/9/P1P1P1P1P/1C5C1/9/RNBAKABNR w,-0.7981907,5827
rnbakabnr/9/1c5c1/p1p1p1p1p/9/9/P1P1P1P1P/4C2C1/9/RNBAKABNR b,0.7982332,110
r1bakabnr/9/1cn4c1/p1p1p1p1p/9/9/P1P1P1P1P/4C2C1/9/RNBAKABNR w,-0.79817563,7445
r1bakabnr/9/1cn4c1/p1p1p1p1p/9/9/P1P1P1P1P/2N1C2C1/9/R1BAKABNR b,0.7981536,562
r1baka1nr/9/1cn1b2c1/p1p1p1p1p/9/9/P1P1P1P1P/2N1C2C1/9/R1BAKABNR w,-0.79805803,7372
r1baka1nr/9/1cn1b2c1/p1p1p1p1p/9/9/P1P1P1P1P/2N1C2C1/9/1RBAKABNR b,0.7982337,1
1rbaka1nr/9/1cn1b2c1/p1p1p1p1p/9/9/P1P1P1P1P/2N1C2C1/9/1RBAKABNR w,-0.7983133,6368
1rbaka1nr/9/1cn1b2c1/p1p1p1p1p/9/9/P1P1P1P1P/2N1CC3/9/1RBAKABNR b,0.7987111,654
1rbaka2r/9/1cn1b1nc1/p1p1p1p1p/9/9/P1P1P1P1P/2N1CC3/9/1RBAKABNR w,-0.79841965,7989
1rbaka2r/9/1cn1b1nc1/p1p1p1p1p/9/9/P1P1P1P1P/2N1CCN2/9/1RBAKAB1R b,0.7986294,3012
1rbaka2r/9/1cn1b1nc1/p1p1p3p/6p2/9/P1P1P1P1P/2N1CCN2/9/1RBAKAB1R w,-0.7981277,8098
1rbaka2r/9/1cn1b1nc1/p1p1p3p/6p2/9/P1P1P1P1P/2N1CCN2/9/1RBAKABR1 b,0.79799503,727
1rbaka1r1/9/1cn1b1nc1/p1p1p3p/6p2/9/P1P1P1P1P/2N1CCN2/9/1RBAKABR1 w,-0.79748696,5087
1rbaka1r1/9/1cn1b1nc1/p1p1p3p/6p2/2P6/P3P1P1P/2N1CCN2/9/1RBAKABR1 b,0.79777384,1765
1rbaka1r1/9/2n1b1nc1/p1p1p3p/6p2/2P6/Pc2P1P1P/2N1CCN2/9/1RBAKABR1 w,-0.79523826,5898
1rbaka1r1/9/2n1b1nc1/p1p1p3p/6p2/2PN5/Pc2P1P1P/4CCN2/9/1RBAKABR1 b,0.7935896,2311
1rbaka1r1/9/2n1b1n2/p1p1p3p/6p2/2PN5/Pc2P1PcP/4CCN2/9/1RBAKABR1 w,-0.7920708,6143
1rbaka1r1/9/2n1bCn2/p1p1p3p/6p2/2PN5/Pc2P1PcP/4C1N2/9/1RBAKABR1 b,0.7910976,1986
1rbakabr1/9/2n2Cn2/p1p1p3p/6p2/2PN5/Pc2P1PcP/4C1N2/9/1RBAKABR1 w,-0.78223366,4351
1rbakabr1/9/2n2Cn2/p1p1N3p/6p2/2P6/Pc2P1PcP/4C1N2/9/1RBAKABR1 b,0.7952188,1831
1rbakabr1/9/5Cn2/p1p1n3p/6p2/2P6/Pc2P1PcP/4C1N2/9/1RBAKABR1 w,-0.7947391,6061
1rbakabr1/9/5Cn2/p1p1C3p/6p2/2P6/Pc2P1PcP/6N2/9/1RBAKABR1 b,0.80915326,109
2bakabr1/9/1r3Cn2/p1p1C3p/6p2/2P6/Pc2P1PcP/6N2/9/1RBAKABR1 w,-0.7977138,2839
2bakabr1/9/1r3Cn2/p1p5p/6p2/2P1C4/Pc2P1PcP/6N2/9/1RBAKABR1 b,0.80178547,1733
2bakabr1/9/5rn2/p1p5p/6p2/2P1C4/Pc2P1PcP/6N2/9/1RBAKABR1 w,-0.79037094,7435
2bakabr1/9/5rn2/p1p5p/6p2/2P1C4/PR2P1PcP/6N2/9/2BAKABR1 b,0.79297215,2201
2bakabr1/9/5r3/p1p5p/5np2/2P1C4/PR2P1PcP/6N2/9/2BAKABR1 w,-0.7862796,4987
2bakabr1/9/5r3/p1p5p/1R3np2/2P1C4/P3P1PcP/6N2/9/2BAKABR1 b,0.7917372,3750
2bakabr1/9/5r3/p1p5p/1R4p2/2P1C4/P3P1ncP/6N2/9/2BAKABR1 w,-0.7808751,3372
2bakabr1/9/5r3/p1p5p/6R2/2P1C4/P3P1ncP/6N2/9/2BAKABR1 b,0.79456234,5449
2bakabr1/9/5r3/p1p5p/6R2/2P1n4/P3P2cP/6N2/9/2BAKABR1 w,-0.79442143,5269
2bakabr1/9/5r3/p1p5p/6R2/2P1P4/P6cP/6N2/9/2BAKABR1 b,0.8006541,2129
2bakabr1/9/9/p1p5p/6R2/2P1P4/P4r1cP/6N2/9/2BAKABR1 w,-0.79732203,3813
2bakabr1/9/9/p1p3R1p/9/2P1P4/P4r1cP/6N2/9/2BAKABR1 b,0.80070895,5378
2bakabr1/9/9/p1p3R1p/9/2P1P4/P6cP/5rN2/9/2BAKABR1 w,-0.783385,7999
2bakabr1/9/9/p1p3R1p/9/2P1P4/P6cP/5rN2/7R1/2BAKAB2 b,0.80256176,673
2bakab2/9/9/p1p3R1p/7r1/2P1P4/P6cP/5rN2/7R1/2BAKAB2 w,-0.7730395,2976
2bakaR2/9/9/p1p5p/7r1/2P1P4/P6cP/5rN2/7R1/2BAKAB2 b,0.78560746,6179
2bakaR2/9/9/p1p5p/7r1/2P1P4/P4r1cP/6N2/7R1/2BAKAB2 w,-0.7769108,573
2baka3/9/9/p1p3R1p/7r1/2P1P4/P4r1cP/6N2/7R1/2BAKAB2 b,0.7879486,5378
2baka3/9/9/p1p3R1p/7r1/2P1P4/P6cP/5rN2/7R1/2BAKAB2 w,-0.75434774,7186
2baka3/9/9/p1p3R1p/7r1/2P1P4/P6cP/5rN2/4R4/2BAKAB2 b,0.7756518,3909
2baka3/9/9/p1p3R1p/3r5/2P1P4/P6cP/5rN2/4R4/2BAKAB2 w,-0.75964296,4450
2baka3/9/9/p1p3R1p/3rP4/2P6/P6cP/5rN2/4R4/2BAKAB2 b,0.7835122,3567
2baka3/9/9/p1p3R1p/4P4/2P6/P2r3cP/5rN2/4R4/2BAKAB2 w,-0.7616381,6907
2baka3/9/9/p1p3R1p/4P4/2P6/P2r3cP/4RrN2/9/2BAKAB2 b,0.7780319,6187
2baka3/9/9/p1p3R1p/4P4/2P6/P2r3cP/4r1N2/9/2BAKAB2 w,-0.780725,7537
2baka3/9/9/p1p3R1p/4P4/2P6/P2r3cP/4B1N2/9/3AKAB2 b,0.7938853,5544
2baka3/9/9/p1p3R1p/4P4/2P6/c2r4P/4B1N2/9/3AKAB2 w,-0.7883612,6260
2baka3/9/9/p1p3R1p/4P4/2P2N3/c2r4P/4B4/9/3AKAB2 b,0.7916536,5188
2baka3/9/9/p1p3R1p/4P4/2P2N3/c3r3P/4B4/9/3AKAB2 w,-0.78793186,4539
2baka3/9/9/p1p3R1p/3NP4/2P6/c3r3P/4B4/9/3AKAB2 b,0.7952136,5260
2baka3/9/9/p1p3R1p/3Nr4/2P6/c7P/4B4/9/3AKAB2 w,-0.78757954,3538
2baka3/9/9/pNp3R1p/4r4/2P6/c7P/4B4/9/3AKAB2 b,0.79092854,4941
2baka3/9/9/pNp3R1p/4r4/2P6/8P/4B4/9/c2AKAB2 w,-0.7789224,7636
2baka3/9/9/pNp3R1p/4r4/2P6/8P/4B4/4A4/c3KAB2 b,0.7957169,3613
2baka3/4r4/9/pNp3R1p/9/2P6/8P/4B4/4A4/c3KAB2 w,-0.7887643,2999
2baka3/4r4/9/pNR5p/9/2P6/8P/4B4/4A4/c3KAB2 b,0.7923351,1180
2baka3/1r7/9/pNR5p/9/2P6/8P/4B4/4A4/c3KAB2 w,-0.768837,2531
2baka3/1rN6/9/p1R5p/9/2P6/8P/4B4/4A4/c3KAB2 b,0.7710839,373
2ba1a3/1rN1k4/9/p1R5p/9/2P6/8P/4B4/4A4/c3KAB2 w,-0.7669073,6906
2ba1a3/1rN1k4/9/p1R5p/9/2P6/8P/3AB4/9/c3KAB2 b,0.7675457,982
2ba1a3/2N1k4/9/p1R5p/9/2P6/8P/3AB4/9/cr2KAB2 w,-0.7703759,7726
2ba1a3/2N1k4/9/p1R5p/9/2P6/8P/3AB4/4K4/cr3AB2 b,0.75895816,7453
2ba1a3/2N1k4/9/p1R5p/9/2P6/8P/3AB4/1r2K4/c4AB2 w,-0.7681964,6925
2ba1a3/2N1k4/9/p1R5p/9/2P6/8P/3AB4/1r7/c3KAB2 b,0.782008,2466
2ba1a3/2N1k4/9/2R5p/p8/2P6/8P/3AB4/1r7/c3KAB2 w,-0.75877726,2640
2ba1a3/2N1k4/9/3R4p/p8/2P6/8P/3AB4/1r7/c3KAB2 b,0.75445586,6652
2ba1a3/2N1k4/9/3R4p/p8/2P6/8P/3AB4/9/cr2KAB2 w,-0.7588524,7726
2ba1a3/2N1k4/9/3R4p/p8/2P6/8P/3AB4/4K4/cr3AB2 b,0.7652718,7417
2ba1a3/2N1k4/9/3R4p/pr7/2P6/8P/3AB4/4K4/c4AB2 w,-0.74637127,2703
2bR1a3/2N1k4/9/8p/pr7/2P6/8P/3AB4/4K4/c4AB2 b,0.75031483,1184
2bR1a3/2N2k3/9/8p/pr7/2P6/8P/3AB4/4K4/c4AB2 w,-0.7413565,272
2R2a3/2N2k3/9/8p/pr7/2P6/8P/3AB4/4K4/c4AB2 b,0.7477945,463
2R6/2N1ak3/9/8p/pr7/2P6/8P/3AB4/4K4/c4AB2 w,-0.7333302,1012
2R6/4ak3/4N4/8p/pr7/2P6/8P/3AB4/4K4/c4AB2 b,0.7485661,3358
2R6/4ak3/4N4/1r6p/p8/2P6/8P/3AB4/4K4/c4AB2 w,-0.7212652,186
6R2/4ak3/4N4/1r6p/p8/2P6/8P/3AB4/4K4/c4AB2 b,0.7272976,2551
6R2/4ak3/4N4/4r3p/p8/2P6/8P/3AB4/4K4/c4AB2 w,-0.72737926,555
9/4akR2/4N4/4r3p/p8/2P6/8P/3AB4/4K4/c4AB2 b,0.73511726,1265
5k3/4a1R2/4N4/4r3p/p8/2P6/8P/3AB4/4K4/c4AB2 w,-0.73015946,1363
5k3/4R4/4N4/4r3p/p8/2P6/8P/3AB4/4K4/c4AB2 b,0.74551284,7344
5k3/4R4/4N4/4r3p/p8/2P6/c7P/3AB4/4K4/5AB2 w,-0.7403507,6925
5k3/4R4/4N4/4r3p/p8/2P6/c7P/3AB4/9/4KAB2 b,0.76396155,4918
5k3/4R4/4N4/4r3p/p8/2P6/4c3P/3AB4/9/4KAB2 w,-0.7735629,7734
5k3/4R4/4N4/4r3p/p8/2P6/4c3P/3AB4/9/3K1AB2 b,0.8033336,5242
5k3/4R4/4c4/4r3p/p8/2P6/8P/3AB4/9/3K1AB2 w,-0.796179,1182
5k3/3R5/4c4/4r3p/p8/2P6/8P/3AB4/9/3K1AB2 b,0.80816144,2822
5k3/3R5/4c4/5r2p/p8/2P6/8P/3AB4/9/3K1AB2 w,-0.79561234,6016
5k3/3R5/4c4/5r2p/p8/2P6/8P/4B4/4A4/3K1AB2 b,0.79923266,2006
5k3/3R5/8c/5r2p/p8/2P6/8P/4B4/4A4/3K1AB2 w,-0.79514736,1101
5k3/9/3R4c/5r2p/p8/2P6/8P/4B4/4A4/3K1AB2 b,0.8007109,2402
5k3/9/3R5/5r2p/p8/2P6/8c/4B4/4A4/3K1AB2 w,-0.7903695,4268
5k3/9/3R5/5r2p/p1P6/9/8c/4B4/4A4/3K1AB2 b,0.8004042,5624
5k3/9/3R5/5r2p/p1P5c/9/9/4B4/4A4/3K1AB2 w,-0.78984654,1929
5k3/9/9/5r2p/p1PR4c/9/9/4B4/4A4/3K1AB2 b,0.80168396,3285
5k3/9/9/5r2p/2PR4c/p8/9/4B4/4A4/3K1AB2 w,-0.7881464,6113
5k3/9/9/5r2p/2PR4c/p8/9/9/4A4/2BK1AB2 b,0.80205804,4096
5k3/9/9/5r2p/2PR4c/1p7/9/9/4A4/2BK1AB2 w,-0.7972886,7537
5k3/9/9/5r2p/2PR4c/1p7/9/4B4/4A4/3K1AB2 b,0.80277866,454
4k4/9/9/5r2p/2PR4c/1p7/9/4B4/4A4/3K1AB2 w,-0.8031908,3550
4k4/9/9/5r2p/2P1R3c/1p7/9/4B4/4A4/3K1AB2 b,0.80188376,365
5k3/9/9/5r2p/2P1R3c/1p7/9/4B4/4A4/3K1AB2 w,-0.80147254,3459
5k3/9/9/5r2p/3PR3c/1p7/9/4B4/4A4/3K1AB2 b,0.8043331,4195
5k3/9/9/5r2p/3PR3c/9/1p7/4B4/4A4/3K1AB2 w,-0.7996171,7645
5k3/9/9/5r2p/3PR3c/9/1p7/4B4/4A4/4KAB2 b,0.8016255,5006
5k3/9/9/5r2p/3PR3c/9/2p6/4B4/4A4/4KAB2 w,-0.803957,3658
5k3/9/9/5r2p/3P4c/9/2p1R4/4B4/4A4/4KAB2 b,0.80246264,5105
5k3/9/9/5r2p/3P4c/9/4R4/2p1B4/4A4/4KAB2 w,-0.80381787,5276
5k3/9/9/5r2p/3P4c/9/2R6/2p1B4/4A4/4KAB2 b,0.80503917,5914
5k3/9/9/5r2p/3P4c/9/2R6/1p2B4/4A4/4KAB2 w,-0.80197066,3550
5k3/9/9/5r2p/4P3c/9/2R6/1p2B4/4A4/4KAB2 b,0.8013329,5833
5k3/9/9/5r2p/4P3c/9/2R6/4B4/1p2A4/4KAB2 w,-0.8051713,5042
2R2k3/9/9/5r2p/4P3c/9/9/4B4/1p2A4/4KAB2 b,0.8058412,464
2R6/5k3/9/5r2p/4P3c/9/9/4B4/1p2A4/4KAB2 w,-0.8105632,191
9/2R2k3/9/5r2p/4P3c/9/9/4B4/1p2A4/4KAB2 b,0.80728054,1265
5k3/2R6/9/5r2p/4P3c/9/9/4B4/1p2A4/4KAB2 w,-0.79671067,1010
5k3/9/2R6/5r2p/4P3c/9/9/4B4/1p2A4/4KAB2 b,0.8037299,4049
5k3/9/2R6/5r2p/4P4/9/9/4B4/1p2A4/4KAB1c w,-0.8066486,1802
2R2k3/9/9/5r2p/4P4/9/9/4B4/1p2A4/4KAB1c b,0.8053495,464
2R6/5k3/9/5r2p/4P4/9/9/4B4/1p2A4/4KAB1c w,-0.8089406,191
9/2R2k3/9/5r2p/4P4/9/9/4B4/1p2A4/4KAB1c b,0.8055853,1265
5k3/2R6/9/5r2p/4P4/9/9/4B4/1p2A4/4KAB1c w,-0.79646724,1010
5k3/9/2R6/5r2p/4P4/9/9/4B4/1p2A4/4KAB1c b,0.8053501,454
4k4/9/2R6/5r2p/4P4/9/9/4B4/1p2A4/4KAB1c w,-0.8000319,1822
4k4/9/4R4/5r2p/4P4/9/9/4B4/1p2A4/4KAB1c b,0.79774797,365
5k3/9/4R4/5r2p/4P4/9/9/4B4/1p2A4/4KAB1c w,-0.79247737,3631
5k3/9/4R4/4Pr2p/9/9/9/4B4/1p2A4/4KAB1c b,0.79109687,2921
5k3/9/4R4/4P3p/5r3/9/9/4B4/1p2A4/4KAB1c w,-0.78628623,2005
5k3/9/7R1/4P3p/5r3/9/9/4B4/1p2A4/4KAB1c b,0.79177564,6644
5k3/9/7R1/4P3p/5r3/9/9/4B4/2p1A4/4KAB1c w,-0.7826617,2812
5k3/9/4P2R1/8p/5r3/9/9/4B4/2p1A4/4KAB1c b,0.7818839,6735
5k3/9/4P2R1/8p/5r3/9/9/4B4/3pA4/4KAB1c w,-0.76581174,1993
5k3/4P4/7R1/8p/5r3/9/9/4B4/3pA4/4KAB1c b,0.96688557,6826
5k3/4P4/7R1/8p/5r3/9/9/4B4/4p4/4KAB1c w,-0.9738127,7726
5k3/4P4/7R1/8p/5r3/9/9/4B4/4K4/5AB1c b,0.9906625,3767
5k3/4P4/7R1/8p/9/9/9/4B4/4Kr3/5AB1c w,-0.99211544,6925
5k3/4P4/7R1/8p/9/9/9/4B4/5r3/4KAB1c b,0.993739,7016
5k3/4P4/7R1/8p/9/9/9/4B4/9/4KrB1c w,-0.99429274,7726
5k3/4P4/7R1/8p/9/9/9/4B4/4K4/5rB1c b,1,7817
rnbakabnr/9/1c5c1/p1p1p1p1p/9/9/P1P1P1P1P/1C5C1/9/RNBAKABNR w,0.80180943,5827
rnbakabnr/9/1c5c1/p1p1p1p1p/9/9/P1P1P1P1P/4C2C1/9/RNBAKABNR b,-0.8017668,110
r1bakabnr/9/1cn4c1/p1p1p1p1p/9/9/P1P1P1P1P/4C2C1/9/RNBAKABNR w,0.8018302,7445
r1bakabnr/9/1cn4c1/p1p1p1p1p/9/9/P1P1P1P1P/2N1C2C1/9/R1BAKABNR b,-0.80180895,562
r1baka1nr/9/1cn1b2c1/p1p1p1p1p/9/9/P1P1P1P1P/2N1C2C1/9/R1BAKABNR w,0.8019525,7372
r1baka1nr/9/1cn1b2c1/p1p1p1p1p/9/9/P1P1P1P1P/2N1C2C1/9/1RBAKABNR b,-0.8017664,1
1rbaka1nr/9/1cn1b2c1/p1p1p1p1p/9/9/P1P1P1P1P/2N1C2C1/9/1RBAKABNR w,0.8017164,6368
1rbaka1nr/9/1cn1b2c1/p1p1p1p1p/9/9/P1P1P1P1P/2N1CC3/9/1RBAKABNR b,-0.8012889,654
1rbaka2r/9/1cn1b1nc1/p1p1p1p1p/9/9/P1P1P1P1P/2N1CC3/9/1RBAKABNR w,0.8016004,7989
1rbaka2r/9/1cn1b1nc1/p1p1p1p1p/9/9/P1P1P1P1P/2N1CCN2/9/1RBAKAB1R b,-0.80137295,3012
1rbaka2r/9/1cn1b1nc1/p1p1p3p/6p2/9/P1P1P1P1P/2N1CCN2/9/1RBAKAB1R w,0.8018862,8098
1rbaka2r/9/1cn1b1nc1/p1p1p3p/6p2/9/P1P1P1P1P/2N1CCN2/9/1RBAKABR1 b,-0.80201215,727
1rbaka1r1/9/1cn1b1nc1/p1p1p3p/6p2/9/P1P1P1P1P/2N1CCN2/9/1RBAKABR1 w,0.8027355,5087
1rbaka1r1/9/1cn1b1nc1/p1p1p3p/6p2/2P6/P3P1P1P/2N1CCN2/9/1RBAKABR1 b,-0.8021549,1765
1rbaka1r1/9/2n1b1nc1/p1p1p3p/6p2/2P6/Pc2P1P1P/2N1CCN2/9/1RBAKABR1 w,0.80470604,5898
1rbaka1r1/9/2n1b1nc1/p1p1p3p/6p2/2PN5/Pc2P1P1P/4CCN2/9/1RBAKABR1 b,-0.8063819,2311
1rbaka1r1/9/2n1b1n2/p1p1p3p/6p2/2PN5/Pc2P1PcP/4CCN2/9/1RBAKABR1 w,0.80782646,6143
1rbaka1r1/9/2n1bCn2/p1p1p3p/6p2/2PN5/Pc2P1PcP/4C1N2/9/1RBAKABR1 b,-0.80890244,1986
1rbakabr1/9/2n2Cn2/p1p1p3p/6p2/2PN5/Pc2P1PcP/4C1N2/9/1RBAKABR1 w,0.8184994,4351
1rbakabr1/9/2n2Cn2/p1p1N3p/6p2/2P6/Pc2P1PcP/4C1N2/9/1RBAKABR1 b,-0.804766,1831
1rbakabr1/9/5Cn2/p1p1n3p/6p2/2P6/Pc2P1PcP/4C1N2/9/1RBAKABR1 w,0.8050279,6061
1rbakabr1/9/5Cn2/p1p1C3p/6p2/2P6/Pc2P1PcP/6N2/9/1RBAKABR1 b,-0.79058766,109
2bakabr1/9/1r3Cn2/p1p1C3p/6p2/2P6/Pc2P1PcP/6N2/9/1RBAKABR1 w,0.8022862,2839
2bakabr1/9/1r3Cn2/p1p5p/6p2/2P1C4/Pc2P1PcP/6N2/9/1RBAKABR1 b,-0.7982247,1733
2bakabr1/9/5rn2/p1p5p/6p2/2P1C4/Pc2P1PcP/6N2/9/1RBAKABR1 w,0.80978554,7435
2bakabr1/9/5rn2/p1p5p/6p2/2P1C4/PR2P1PcP/6N2/9/2BAKABR1 b,-0.8070279,2201
2bakabr1/9/5r3/p1p5p/5np2/2P1C4/PR2P1PcP/6N2/9/2BAKABR1 w,0.8140585,4987
2bakabr1/9/5r3/p1p5p/1R3np2/2P1C4/P3P1PcP/6N2/9/2BAKABR1 b,-0.80842113,3750
2bakabr1/9/5r3/p1p5p/1R4p2/2P1C4/P3P1ncP/6N2/9/2BAKABR1 w,0.81743294,3372
2bakabr1/9/5r3/p1p5p/6R2/2P1C4/P3P1ncP/6N2/9/2BAKABR1 b,-0.80545235,5449
2bakabr1/9/5r3/p1p5p/6R2/2P1n4/P3P2cP/6N2/9/2BAKABR1 w,0.80595845,5269
2bakabr1/9/5r3/p1p5p/6R2/2P1P4/P6cP/6N2/9/2BAKABR1 b,-0.7992607,2129
2bakabr1/9/9/p1p5p/6R2/2P1P4/P4r1cP/6N2/9/2BAKABR1 w,0.80236727,3813
2bakabr1/9/9/p1p3R1p/9/2P1P4/P4r1cP/6N2/9/2BAKABR1 b,-0.79908645,5378
2bakabr1/9/9/p1p3R1p/9/2P1P4/P6cP/5rN2/9/2BAKABR1 w,0.8163852,7999
2bakabr1/9/9/p1p3R1p/9/2P1P4/P6cP/5rN2/7R1/2BAKAB2 b,-0.7973991,673
2bakab2/9/9/p1p3R1p/7r1/2P1P4/P6cP/5rN2/7R1/2BAKAB2 w,0.8256621,2976
2bakaR2/9/9/p1p5p/7r1/2P1P4/P6cP/5rN2/7R1/2BAKAB2 b,-0.8144349,6179
2bakaR2/9/9/p1p5p/7r1/2P1P4/P4r1cP/6N2/7R1/2BAKAB2 w,0.8229632,573
2baka3/9/9/p1p3R1p/7r1/2P1P4/P4r1cP/6N2/7R1/2BAKAB2 b,-0.8120514,5378
2baka3/9/9/p1p3R1p/7r1/2P1P4/P6cP/5rN2/7R1/2BAKAB2 w,0.8445948,7186
2baka3/9/9/p1p3R1p/7r1/2P1P4/P6cP/5rN2/4R4/2BAKAB2 b,-0.824681,3909
2baka3/9/9/p1p3R1p/3r5/2P1P4/P6cP/5rN2/4R4/2BAKAB2 w,0.83983034,4450
2baka3/9/9/p1p3R1p/3rP4/2P6/P6cP/5rN2/4R4/2BAKAB2 b,-0.81598306,3567
2baka3/9/9/p1p3R1p/4P4/2P6/P2r3cP/5rN2/4R4/2BAKAB2 w,0.83624333,6907
2baka3/9/9/p1p3R1p/4P4/2P6/P2r3cP/4RrN2/9/2BAKAB2 b,-0.82232785,6187
2baka3/9/9/p1p3R1p/4P4/2P6/P2r3cP/4r1N2/9/2BAKAB2 w,0.81982803,7537
2baka3/9/9/p1p3R1p/4P4/2P6/P2r3cP/4B1N2/9/3AKAB2 b,-0.8053821,5544
2baka3/9/9/p1p3R1p/4P4/2P6/c2r4P/4B1N2/9/3AKAB2 w,0.81125265,6260
2baka3/9/9/p1p3R1p/4P4/2P2N3/c2r4P/4B4/9/3AKAB2 b,-0.8083578,5188
2baka3/9/9/p1p3R1p/4P4/2P2N3/c3r3P/4B4/9/3AKAB2 w,0.81163067,4539
2baka3/9/9/p1p3R1p/3NP4/2P6/c3r3P/4B4/9/3AKAB2 b,-0.80509055,5260
2baka3/9/9/p1p3R1p/3Nr4/2P6/c7P/4B4/9/3AKAB2 w,0.81181437,3538
2baka3/9/9/pNp3R1p/4r4/2P6/c7P/4B4/9/3AKAB2 b,-0.8090715,4941
2baka3/9/9/pNp3R1p/4r4/2P6/8P/4B4/9/c2AKAB2 w,0.821888,7636
2baka3/9/9/pNp3R1p/4r4/2P6/8P/4B4/4A4/c3KAB2 b,-0.8044277,3613
2baka3/4r4/9/pNp3R1p/9/2P6/8P/4B4/4A4/c3KAB2 w,0.8110699,2999
2baka3/4r4/9/pNR5p/9/2P6/8P/4B4/4A4/c3KAB2 b,-0.8097923,1180
2baka3/1r7/9/pNR5p/9/2P6/8P/4B4/4A4/c3KAB2 w,0.8313222,2531
2baka3/1rN6/9/p1R5p/9/2P6/8P/4B4/4A4/c3KAB2 b,-0.8284243,373
2ba1a3/1rN1k4/9/p1R5p/9/2P6/8P/4B4/4A4/c3KAB2 w,0.83502334,6906
2ba1a3/1rN1k4/9/p1R5p/9/2P6/8P/3AB4/9/c3KAB2 b,-0.83248556,982
2ba1a3/2N1k4/9/p1R5p/9/2P6/8P/3AB4/9/cr2KAB2 w,0.8296241,7726
2ba1a3/2N1k4/9/p1R5p/9/2P6/8P/3AB4/4K4/cr3AB2 b,-0.8415948,7453
2ba1a3/2N1k4/9/p1R5p/9/2P6/8P/3AB4/1r2K4/c4AB2 w,0.8318036,6925
2ba1a3/2N1k4/9/p1R5p/9/2P6/8P/3AB4/1r7/c3KAB2 b,-0.8167973,6607
2ba1a3/2N1k4/9/p1R5p/1r7/2P6/8P/3AB4/9/c3KAB2 w,0.84876597,2637
2ba1a3/2N1k4/9/R7p/1r7/2P6/8P/3AB4/9/c3KAB2 b,-0.840491,3412
2ba1a3/2N1k4/9/R7p/9/2P6/8P/3AB4/9/cr2KAB2 w,0.8415257,7726
2ba1a3/2N1k4/9/R7p/9/2P6/8P/3AB4/4K4/cr3AB2 b,-0.85279596,7453
2ba1a3/2N1k4/9/R7p/9/2P6/8P/3AB4/1r2K4/c4AB2 w,0.8484946,6925
2ba1a3/2N1k4/9/R7p/9/2P6/8P/3AB4/1r7/c3KAB2 b,-0.8430373,7372
2ba1a3/2N1k4/9/R7p/9/2P6/8P/3AB4/1r7/1c2KAB2 w,0.8668419,2465
2ba1a3/2N1k4/9/8R/9/2P6/8P/3AB4/1r7/1c2KAB2 b,-0.86084944,6647
2ba1a3/2N1k4/9/8R/9/2P6/8P/3AB4/5r3/1c2KAB2 w,0.87295336,6016
2ba1a3/2N1k4/9/8R/9/2P6/8P/4B4/4Ar3/1c2KAB2 b,-0.85531396,6989
2ba1a3/2N1k4/9/8R/9/2P6/5r2P/4B4/4A4/1c2KAB2 w,0.8707882,3180
2ba1a3/2N1k4/9/3R5/9/2P6/5r2P/4B4/4A4/1c2KAB2 b,-0.8597795,5366
2ba1a3/2N1k4/9/3R5/9/2P6/2r5P/4B4/4A4/1c2KAB2 w,0.87250215,7734
2ba1a3/2N1k4/9/3R5/9/2P6/2r5P/4B4/4A4/1c1K1AB2 b,-0.8739751,5123
2ba1a3/2N1k4/9/3R5/9/2P6/8P/4B4/4A4/1crK1AB2 w,0.87895674,7635
2ba1a3/2N1k4/9/3R5/9/2P6/8P/4B4/3KA4/1cr2AB2 b,-0.88853246,7544
2ba1a3/2N1k4/9/3R5/9/2P6/8P/4B4/2rKA4/1c3AB2 w,0.88941705,6834
2ba1a3/2N1k4/9/3R5/9/2P6/8P/4B4/2r1A4/1c1K1AB2 b,-0.8720552,7461
2ba1a3/2N1k4/9/3R5/9/2P6/8P/4B4/2r1A4/c2K1AB2 w,0.88173455,2703
2bR1a3/2N1k4/9/9/9/2P6/8P/4B4/2r1A4/c2K1AB2 b,-0.87859756,6743
2bR1a3/2N1k4/9/9/9/2P6/8P/4B4/4A4/c1rK1AB2 w,0.88191926,7635
2bR1a3/2N1k4/9/9/9/2P6/8P/4B4/3KA4/c1r2AB2 b,-0.8847173,7544
2bR1a3/2N1k4/9/9/9/2P6/8P/4B4/2rKA4/c4AB2 w,0.89206094,6834
2bR1a3/2N1k4/9/9/9/2P6/8P/4B4/2r1A4/c2K1AB2 b,-0.88569355,1184
2bR1a3/2N2k3/9/9/9/2P6/8P/4B4/2r1A4/c2K1AB2 w,0.8923585,272
2R2a3/2N2k3/9/9/9/2P6/8P/4B4/2r1A4/c2K1AB2 b,-0.8892502,6743
2R2a3/2N2k3/9/9/9/2P6/8P/4B4/4A4/c1rK1AB2 w,0.89211506,7635
2R2a3/2N2k3/9/9/9/2P6/8P/4B4/3KA4/c1r2AB2 b,-0.8814055,463
2R6/2N1ak3/9/9/9/2P6/8P/4B4/3KA4/c1r2AB2 w,0.912795,1012
2R6/4ak3/4N4/9/9/2P6/8P/4B4/3KA4/c1r2AB2 b,-0.9163412,7544
2R6/4ak3/4N4/9/9/2P6/8P/4B4/2rKA4/c4AB2 w,0.9275797,6834
2R6/4ak3/4N4/9/9/2P6/8P/4B4/2r1A4/c2K1AB2 b,-0.9112249,1283
2R6/4a4/4Nk3/9/9/2P6/8P/4B4/2r1A4/c2K1AB2 w,0.9019667,2021
2R6/4a4/5k3/9/5N3/2P6/8P/4B4/2r1A4/c2K1AB2 b,-0.8870056,6733
2R6/4a4/5k3/9/5N3/2P6/8P/4B4/1r2A4/c2K1AB2 w,0.90688014,186
6R2/4a4/5k3/9/5N3/2P6/8P/4B4/1r2A4/c2K1AB2 b,-0.8987017,6652
6R2/4a4/5k3/9/5N3/2P6/8P/4B4/4A4/cr1K1AB2 w,0.9001398,7635
6R2/4a4/5k3/9/5N3/2P6/8P/4B4/3KA4/cr3AB2 b,-0.8901925,7408
6R2/4a4/5k3/1r7/5N3/2P6/8P/4B4/3KA4/c4AB2 w,0.88445777,555
9/4a1R2/5k3/1r7/5N3/2P6/8P/4B4/3KA4/c4AB2 b,-0.88176334,1175
5a3/6R2/5k3/1r7/5N3/2P6/8P/4B4/3KA4/c4AB2 w,0.8921796,1362
5a3/3R5/5k3/1r7/5N3/2P6/8P/4B4/3KA4/c4AB2 b,-0.88489515,2552
5a3/3R5/5k3/5r3/5N3/2P6/8P/4B4/3KA4/c4AB2 w,0.8907265,3750
5a3/3R5/5k3/5r3/9/2P6/6N1P/4B4/3KA4/c4AB2 b,-0.88681996,2907
5a3/3R5/5k3/r8/9/2P6/6N1P/4B4/3KA4/c4AB2 w,0.9122782,4268
5a3/3R5/5k3/r8/2P6/9/6N1P/4B4/3KA4/c4AB2 b,-0.9164817,463
9/3Ra4/5k3/r8/2P6/9/6N1P/4B4/3KA4/c4AB2 w,0.91477114,1093
9/4R4/5k3/r8/2P6/9/6N1P/4B4/3KA4/c4AB2 b,-0.9112882,2460
9/4R4/5k3/3r5/2P6/9/6N1P/4B4/3KA4/c4AB2 w,0.91430044,6906
9/4R4/5k3/3r5/2P6/9/6N1P/3AB4/3K5/c4AB2 b,-0.9129601,7308
9/4R4/c4k3/3r5/2P6/9/6N1P/3AB4/3K5/5AB2 w,0.9274041,5449
9/4R4/c4k3/3r5/2P6/4N4/8P/3AB4/3K5/5AB2 b,-0.9148422,2733
9/4R4/c4k3/6r2/2P6/4N4/8P/3AB4/3K5/5AB2 w,0.9376141,6081
9/4R4/c4k3/6r2/2P6/4N1B2/8P/3A5/3K5/5AB2 b,-0.9211889,1641
9/4R4/3c1k3/6r2/2P6/4N1B2/8P/3A5/3K5/5AB2 w,0.9306812,6826
9/4R4/3c1k3/6r2/2P6/4N1B2/8P/3A5/4K4/5AB2 b,-0.9162521,2997
9/4R4/3c1k3/r8/2P6/4N1B2/8P/3A5/4K4/5AB2 w,0.92921853,3457
9/4R4/3c1k3/r8/1P7/4N1B2/8P/3A5/4K4/5AB2 b,-0.9042465,1929
9/4R4/5k3/r8/1P1c5/4N1B2/8P/3A5/4K4/5AB2 w,0.93417764,4452
9/4R4/5k3/r8/1P1c2N2/6B2/8P/3A5/4K4/5AB2 b,-0.9358239,2463
9/4R4/5k3/6r2/1P1c2N2/6B2/8P/3A5/4K4/5AB2 w,0.94341254,1210
9/9/5k3/6r2/1P1cR1N2/6B2/8P/3A5/4K4/5AB2 b,-0.9269037,3540
9/9/5k3/3c2r2/1P2R1N2/6B2/8P/3A5/4K4/5AB2 w,0.93726414,3358
9/9/5k3/1P1c2r2/4R1N2/6B2/8P/3A5/4K4/5AB2 b,-0.9301902,2732
9/9/5k3/1P3cr2/4R1N2/6B2/8P/3A5/4K4/5AB2 w,0.9383116,7901
9/9/5k3/1P3cr2/4R1N2/6B2/8P/3A4B/4K4/5A3 b,-0.95113796,2084
9/5k3/9/1P3cr2/4R1N2/6B2/8P/3A4B/4K4/5A3 w,0.9638736,3631
9/5k3/9/1P2Rcr2/6N2/6B2/8P/3A4B/4K4/5A3 b,-0.95284134,1265
5k3/9/9/1P2Rcr2/6N2/6B2/8P/3A4B/4K4/5A3 w,0.9782274,2539
5k3/9/1P7/4Rcr2/6N2/6B2/8P/3A4B/4K4/5A3 b,-0.96154696,3004
5k3/9/1P7/4Rc1r1/6N2/6B2/8P/3A4B/4K4/5A3 w,0.96584296,3803
5k3/9/1P3N3/4Rc1r1/9/6B2/8P/3A4B/4K4/5A3 b,-0.9541395,3139
5k3/9/1P3N3/4Rc3/9/6B2/8P/3A4B/4K2r1/5A3 w,0.95871466,6925
5k3/9/1P3N3/4Rc3/9/6B2/8P/3A4B/7r1/4KA3 b,-0.9500667,7187
5k3/9/1P3N3/4Rc3/9/6B2/8P/3A4B/5r3/4KA3 w,0.95619154,2082
5k3/3N5/1P7/4Rc3/9/6B2/8P/3A4B/5r3/4KA3 b,-0.953949,464
9/3N1k3/1P7/4Rc3/9/6B2/8P/3A4B/5r3/4KA3 w,0.95888966,5633
9/3N1k3/1P7/4Rc3/9/6B1P/9/3A4B/5r3/4KA3 b,-0.9567178,7016
9/3N1k3/1P7/4Rc3/9/6B1P/9/3A4B/9/4Kr3 w,0.95532155,7726
9/3N1k3/1P7/4Rc3/9/6B1P/9/3A4B/4K4/5r3 b,-0.9425813,7825
9/3N1k3/1P7/4Rc3/9/6B1P/9/3A4B/4K4/4r4 w,0.99787456,6925
9/3N1k3/1P7/4Rc3/9/6B1P/9/3A4B/9/4K4 b,-0.99601746,2903
9/3N1k3/1P3c3/4R4/9/6B1P/9/3A4B/9/4K4 w,0.99872965,2812
9/3N1k3/1P2Rc3/9/9/6B1P/9/3A4B/9/4K4 b,-0.998513,2120
9/3N1k3/1P2R4/9/9/5cB1P/9/3A4B/9/4K4 w,1,2003
rnbakabnr/9/1c5c1/p1p1p1p1p/9/9/P1P1P1P1P/1C5C1/9/RNBAKABNR w,0.0017457486,5827
rnbakabnr/9/1c5c1/p1p1p1p1p/9/9/P1P1P1P1P/4C2C1/9/RNBAKABNR b,-0.0017655134,110
r1bakabnr/9/1cn4c1/p1p1p1p1p/9/9/P1P1P1P1P/4C2C1/9/RNBAKABNR w,0.0018192291,7445
r1bakabnr/9/1cn4c1/p1p1p1p1p/9/9/P1P1P1P1P/2N1C2C1/9/R1BAKABNR b,-0.0018089175,562
r1baka1nr/9/1cn1b2c1/p1p1p1p1p/9/9/P1P1P1P1P/2N1C2C1/9/R1BAKABNR w,0.001935196,7372
r1baka1nr/9/1cn1b2c1/p1p1p1p1p/9/9/P1P1P1P1P/2N1C2C1/9/1RBAKABNR b,-0.0017724872,1
1rbaka1nr/9/1cn1b2c1/p1p1p1p1p/9/9/P1P1P1P1P/2N1C2C1/9/1RBAKABNR w,0.0016865969,6368
1rbaka1nr/9/1cn1b2c1/p1p1p1p1p/9/9/P1P1P1P1P/2N1CC3/9/1RBAKABNR b,-0.0012780905,654
1rbaka2r/9/1cn1b1nc1/p1p1p1p1p/9/9/P1P1P1P1P/2N1CC3/9/1RBAKABNR w,0.0016003847,7989
1rbaka2r/9/1cn1b1nc1/p1p1p1p1p/9/9/P1P1P1P1P/2N1CCN2/9/1RBAKAB1R b,-0.0013483524,3012
1rbaka2r/9/1cn1b1nc1/p1p1p3p/6p2/9/P1P1P1P1P/2N1CCN2/9/1RBAKAB1R w,0.0018723011,8098
1rbaka2r/9/1cn1b1nc1/p1p1p3p/6p2/9/P1P1P1P1P/2N1CCN2/9/1RBAKABR1 b,-0.0019089461,727
1rbaka1r1/9/1cn1b1nc1/p1p1p3p/6p2/9/P1P1P1P1P/2N1CCN2/9/1RBAKABR1 w,0.002513051,5087
1rbaka1r1/9/1cn1b1nc1/p1p1p3p/6p2/2P6/P3P1P1P/2N1CCN2/9/1RBAKABR1 b,-0.0021298886,1765
1rbaka1r1/9/2n1b1nc1/p1p1p3p/6p2/2P6/Pc2P1P1P/2N1CCN2/9/1RBAKABR1 w,0.0047726394,5898
1rbaka1r1/9/2n1b1nc1/p1p1p3p/6p2/2PN5/Pc2P1P1P/4CCN2/9/1RBAKABR1 b,-0.0065015317,2311
1rbaka1r1/9/2n1b1n2/p1p1p3p/6p2/2PN5/Pc2P1PcP/4CCN2/9/1RBAKABR1 w,0.007853866,6143
1rbaka1r1/9/2n1bCn2/p1p1p3p/6p2/2PN5/Pc2P1PcP/4C1N2/9/1RBAKABR1 b,-0.008457172,1986
1rbakabr1/9/2n2Cn2/p1p1p3p/6p2/2PN5/Pc2P1PcP/4C1N2/9/1RBAKABR1 w,0.017891908,4351
1rbakabr1/9/2n2Cn2/p1p1N3p/6p2/2P6/Pc2P1PcP/4C1N2/9/1RBAKABR1 b,-0.0047813295,1831
1rbakabr1/9/5Cn2/p1p1n3p/6p2/2P6/Pc2P1PcP/4C1N2/9/1RBAKABR1 w,0.0050328495,6061
1rbakabr1/9/5Cn2/p1p1C3p/6p2/2P6/Pc2P1PcP/6N2/9/1RBAKABR1 b,0.009039665,109
2bakabr1/9/1r3Cn2/p1p1C3p/6p2/2P6/Pc2P1PcP/6N2/9/1RBAKABR1 w,0.00467093,2830
2bakabr1/9/1r3Cn2/p1p5p/4C1p2/2P6/Pc2P1PcP/6N2/9/1RBAKABR1 b,0.003221798,1733
2bakabr1/9/5rn2/p1p5p/4C1p2/2P6/Pc2P1PcP/6N2/9/1RBAKABR1 w,0.0027303458,7435
2bakabr1/9/5rn2/p1p5p/4C1p2/2P6/PR2P1PcP/6N2/9/2BAKABR1 b,0.0033667088,2111
2bakabr1/9/6n2/p1p5p/4Crp2/2P6/PR2P1PcP/6N2/9/2BAKABR1 w,0.0073692086,3649
2bakabr1/9/6n2/p1p5p/5rp2/2P1C4/PR2P1PcP/6N2/9/2BAKABR1 b,0.001159811,3831
2bakabr1/9/6n2/p1p5p/5r3/2P1C1p2/PR2P1PcP/6N2/9/2BAKABR1 w,0.012483287,4969
2bakabr1/9/1R4n2/p1p5p/5r3/2P1C1p2/P3P1PcP/6N2/9/2BAKABR1 b,-0.015671719,4650
2bakabr1/9/1R4n2/p1p5p/5r3/2P1C4/P3P1pcP/6N2/9/2BAKABR1 w,0.015968442,1734
2bakabr1/9/6R2/p1p5p/5r3/2P1C4/P3P1pcP/6N2/9/2BAKABR1 b,-0.009500945,5469
2bakabr1/9/6R2/p1p5p/5r3/2P1C4/P3P2cP/6p2/9/2BAKABR1 w,0.013567663,2229
2bakabr1/9/9/p1p5p/5r3/2P1C4/P3P2cP/6R2/9/2BAKABR1 b,-0.0051814914,3749
2bakabr1/9/9/p1p5p/9/2P1C4/P3Pr1cP/6R2/9/2BAKABR1 w,0.022564745,7990
2bakabr1/9/9/p1p5p/9/2P1C4/P3Pr1cP/6RR1/9/2BAKAB2 b,-0.0123786805,5368
2bakabr1/9/9/p1p5p/9/2P1C4/P3r2cP/6RR1/9/2BAKAB2 w,0.01659646,6277
2bakabr1/9/9/p1p5p/9/2P1C4/P3r2cP/4R2R1/9/2BAKAB2 b,-0.011912847,5287
2bakabr1/9/9/p1p5p/9/2P1C4/P6cP/4r2R1/9/2BAKAB2 w,0.01213007,6367
2bakabr1/9/9/p1p5p/9/2P1C4/P6cP/4R4/9/2BAKAB2 b,-0.00599674,682
2bakab2/9/9/p1p5p/9/2P1C2r1/P6cP/4R4/9/2BAKAB2 w,0.0077136043,6088
2bakab2/9/9/p1p5p/9/2P1C2r1/P3R2cP/9/9/2BAKAB2 b,-0.005617094,5560
2bakab2/9/9/p1p5p/9/2P1C2r1/P3R3P/7c1/9/2BAKAB2 w,0.012273955,4441
2bakab2/9/9/p1p1C3p/9/2P4r1/P3R3P/7c1/9/2BAKAB2 b,-0.00479008,4727
2bakab2/9/9/p1p1C3p/9/2r6/P3R3P/7c1/9/2BAKAB2 w,0.009801293,2817
2bakab2/9/9/C1p5p/9/2r6/P3R3P/7c1/9/2BAKAB2 b,-0.010254944,463
2bak1b2/4a4/9/C1p5p/9/2r6/P3R3P/7c1/9/2BAKAB2 w,0.031391025,5280
2bak1b2/4a4/9/C1p5p/9/2r6/P5R1P/7c1/9/2BAKAB2 b,-0.006447673,4279
2bak1b2/4a4/9/C1p5p/9/4r4/P5R1P/7c1/9/2BAKAB2 w,0.006089115,7636
2bak1b2/4a4/9/C1p5p/9/4r4/P5R1P/7c1/4A4/2B1KAB2 b,0.0027822256,4457
2bak1b2/4a4/9/C1p5p/9/2r6/P5R1P/7c1/4A4/2B1KAB2 w,0.01485014,7537
2bak1b2/4a4/9/C1p5p/9/2r6/P5R1P/4B2c1/4A4/4KAB2 b,-0.0055018663,4268
2bak1b2/4a4/9/C1p5p/2r6/9/P5R1P/4B2c1/4A4/4KAB2 w,0.014351225,2465
2bak1b2/4a4/9/2p5C/2r6/9/P5R1P/4B2c1/4A4/4KAB2 b,-0.005597544,202
3ak1b2/4a4/4b4/2p5C/2r6/9/P5R1P/4B2c1/4A4/4KAB2 w,0.031740475,3181
3ak1b2/4a4/4b4/2p1C4/2r6/9/P5R1P/4B2c1/4A4/4KAB2 b,-0.018146932,566
3ak4/4a4/4b3b/2p1C4/2r6/9/P5R1P/4B2c1/4A4/4KAB2 w,0.02157314,5461
3ak4/4a4/4b3b/2p1C4/2r6/9/P6RP/4B2c1/4A4/4KAB2 b,-0.013738871,6369
3ak4/4a4/4b3b/2p1C4/2r6/9/P6RP/4B1c2/4A4/4KAB2 w,0.02575369,5515
3ak4/4a4/4b2Rb/2p1C4/2r6/9/P7P/4B1c2/4A4/4KAB2 b,-0.014871038,3460
3ak4/4a4/4b2Rb/2p1C4/4r4/9/P7P/4B1c2/4A4/4KAB2 w,0.012282657,2272
3ak4/4a4/4R3b/2p1C4/4r4/9/P7P/4B1c2/4A4/4KAB2 b,-0.0020585656,6270
3ak4/4a4/4R3b/2p1C4/4r4/9/P5c1P/4B4/4A4/4KAB2 w,0.0028585435,2006
3ak4/4a4/8R/2p1C4/4r4/9/P5c1P/4B4/4A4/4KAB2 b,0.004123974,3631
3ak4/4a4/8R/2p1r4/9/9/P5c1P/4B4/4A4/4KAB2 w,-0.0006108046,2364
3ak4/4a4/6R2/2p1r4/9/9/P5c1P/4B4/4A4/4KAB2 b,0.008192134,5458
3ak4/4a4/6R2/2p1r4/9/9/P3c3P/4B4/4A4/4KAB2 w,-0.00484004,2166
3ak1R2/4a4/9/2p1r4/9/9/P3c3P/4B4/4A4/4KAB2 b,0.0064085247,1175
3akaR2/9/9/2p1r4/9/9/P3c3P/4B4/4A4/4KAB2 w,-0.0034410597,600
3aka3/9/9/2p1r4/9/9/P3c1R1P/4B4/4A4/4KAB2 b,0.006593514,2830
3aka3/9/9/2p6/4r4/9/P3c1R1P/4B4/4A4/4KAB2 w,-0.0029579164,4905
3aka3/9/9/2p6/4r4/P8/4c1R1P/4B4/4A4/4KAB2 b,0.0057146074,5269
3aka3/9/9/2p6/4r4/P3c4/6R1P/4B4/4A4/4KAB2 w,0.00028243064,5458
3aka3/9/9/2p6/4r4/P3c4/4R3P/4B4/4A4/4KAB2 b,0.0054073813,2648
3aka3/9/9/9/2p1r4/P3c4/4R3P/4B4/4A4/4KAB2 w,-0.004221344,7734
3aka3/9/9/9/2p1r4/P3c4/4R3P/4B4/4A4/3K1AB2 b,0.008880925,3467
3aka3/9/9/9/4r4/P1p1c4/4R3P/4B4/4A4/3K1AB2 w,-0.0039833784,6077
3aka3/9/9/9/4r4/P1B1c4/4R3P/9/4A4/3K1AB2 b,0.0125121595,3639
3aka3/9/9/9/3r5/P1B1c4/4R3P/9/4A4/3K1AB2 w,0.0008840561,7645
3aka3/9/9/9/3r5/P1B1c4/4R3P/9/4A4/4KAB2 b,0.0018647194,4450
3aka3/9/9/9/3rc4/P1B6/4R3P/9/4A4/4KAB2 w,0.000018668175,4297
3aka3/9/9/9/3rc4/P8/4R3P/4B4/4A4/4KAB2 b,0.0077036144,3547
3aka3/9/9/9/1r2c4/P8/4R3P/4B4/4A4/4KAB2 w,0.0018656254,6924
3aka3/9/9/9/1r2c4/P8/4R3P/4B4/9/3AKAB2 b,-0.00034942626,3369
3aka3/9/9/9/3rc4/P8/4R3P/4B4/9/3AKAB2 w,0.0032232048,7816
3aka3/9/9/9/3rc4/P8/4R3P/4B4/4A4/3AK1B2 b,0.0011838913,283
4ka3/4a4/9/9/3rc4/P8/4R3P/4B4/4A4/3AK1B2 w,0.0008713961,5633
4ka3/4a4/9/9/3rc4/P7P/4R4/4B4/4A4/3AK1B2 b,-0.000362134,363
3k1a3/4a4/9/9/3rc4/P7P/4R4/4B4/4A4/3AK1B2 w,0.0030182123,4814
3k1a3/4a4/9/9/3rc3P/P8/4R4/4B4/4A4/3AK1B2 b,-0.000024580955,1193
3k1a3/9/5a3/9/3rc3P/P8/4R4/4B4/4A4/3AK1B2 w,0.0026296617,4003
3k1a3/9/5a3/9/3rc2P1/P8/4R4/4B4/4A4/3AK1B2 b,-0.0037843944,463
3k5/4a4/5a3/9/3rc2P1/P8/4R4/4B4/4A4/3AK1B2 w,0.0062583922,3912
3k5/4a4/5a3/9/3rc1P2/P8/4R4/4B4/4A4/3AK1B2 b,-0.009316707,274
4k4/4a4/5a3/9/3rc1P2/P8/4R4/4B4/4A4/3AK1B2 w,0.0107744215,3821
4k4/4a4/5a3/9/3rcP3/P8/4R4/4B4/4A4/3AK1B2 b,-0.008752334,3622
4k4/4a4/4ca3/9/3r1P3/P8/4R4/4B4/4A4/3AK1B2 w,0.013333106,5242
4k4/4a4/4Ra3/9/3r1P3/P8/9/4B4/4A4/3AK1B2 b,-0.011946583,3551
4k4/4a4/4Ra3/9/5r3/P8/9/4B4/4A4/3AK1B2 w,0.011674118,2000
4k4/4a4/2R2a3/9/5r3/P8/9/4B4/4A4/3AK1B2 b,-0.010806513,3722
4k4/4a4/2R2a3/5r3/9/P8/9/4B4/4A4/3AK1B2 w,0.010845566,1802
2R1k4/4a4/5a3/5r3/9/P8/9/4B4/4A4/3AK1B2 b,-0.011016667,1173
2Rak4/9/5a3/5r3/9/P8/9/4B4/4A4/3AK1B2 w,0.011785603,218
3ak4/9/5a3/5r3/2R6/P8/9/4B4/4A4/3AK1B2 b,-0.011837805,2083
3ak4/4a4/9/5r3/2R6/P8/9/4B4/4A4/3AK1B2 w,0.011932588,4086
3ak4/4a4/9/5r3/P1R6/9/9/4B4/4A4/3AK1B2 b,-0.01061176,2903
3ak4/4a4/5r3/9/P1R6/9/9/4B4/4A4/3AK1B2 w,0.012578845,3464
3ak4/4a4/5r3/9/P7R/9/9/4B4/4A4/3AK1B2 b,-0.010492778,2088
3ak4/4a4/r8/9/P7R/9/9/4B4/4A4/3AK1B2 w,0.013510371,3277
3ak4/4a4/r8/9/1P6R/9/9/4B4/4A4/3AK1B2 b,-0.010627604,1175
3aka3/9/r8/9/1P6R/9/9/4B4/4A4/3AK1B2 w,0.009726358,4000
3aka3/9/r8/9/1P2R4/9/9/4B4/4A4/3AK1B2 b,-0.010294772,283
4ka3/4a4/r8/9/1P2R4/9/9/4B4/4A4/3AK1B2 w,0.010980129,3358
4ka3/4a4/r8/1P7/4R4/9/9/4B4/4A4/3AK1B2 b,-0.011612654,1641
4ka3/4a4/3r5/1P7/4R4/9/9/4B4/4A4/3AK1B2 w,0.012656212,2549
4ka3/4a4/3r5/2P6/4R4/9/9/4B4/4A4/3AK1B2 b,-0.009685481,1908
4ka3/4a4/r8/2P6/4R4/9/9/4B4/4A4/3AK1B2 w,0.012470412,3637
4ka3/4a4/r8/2P6/1R7/9/9/4B4/4A4/3AK1B2 b,-0.009530949,1173
3aka3/9/r8/2P6/1R7/9/9/4B4/4A4/3AK1B2 w,0.0055459975,3370
3aka3/9/r8/2P6/4R4/9/9/4B4/4A4/3AK1B2 b,0,283
rnbakabnr/9/1c5c1/p1p1p1p1p/9/9/P1P1P1P1P/1C5C1/9/RNBAKABNR w,0.00182724,5827
rnbakabnr/9/1c5c1/p1p1p1p1p/9/9/P1P1P1P1P/4C2C1/9/RNBAKABNR b,-0.0017762304,110
r1bakabnr/9/1cn4c1/p1p1p1p1p/9/9/P1P1P1P1P/4C2C1/9/RNBAKABNR w,0.0018279552,7445
r1bakabnr/9/1cn4c1/p1p1p1p1p/9/9/P1P1P1P1P/2N1C2C1/9/R1BAKABNR b,-0.0018223763,562
r1baka1nr/9/1cn1b2c1/p1p1p1p1p/9/9/P1P1P1P1P/2N1C2C1/9/R1BAKABNR w,0.0019635202,7372
r1baka1nr/9/1cn1b2c1/p1p1p1p1p/9/9/P1P1P1P1P/2N1C2C1/9/1RBAKABNR b,-0.0017718911,1
1rbaka1nr/9/1cn1b2c1/p1p1p1p1p/9/9/P1P1P1P1P/2N1C2C1/9/1RBAKABNR w,0.0016990424,6368
1rbaka1nr/9/1cn1b2c1/p1p1p1p1p/9/9/P1P1P1P1P/2N1CC3/9/1RBAKABNR b,-0.0012760878,654
1rbaka2r/9/1cn1b1nc1/p1p1p1p1p/9/9/P1P1P1P1P/2N1CC3/9/1RBAKABNR w,0.0015865564,7989
1rbaka2r/9/1cn1b1nc1/p1p1p1p1p/9/9/P1P1P1P1P/2N1CCN2/9/1RBAKAB1R b,-0.001368165,3012
1rbaka2r/9/1cn1b1nc1/p1p1p3p/6p2/9/P1P1P1P1P/2N1CCN2/9/1RBAKAB1R w,0.0018861771,8098
1rbaka2r/9/1cn1b1nc1/p1p1p3p/6p2/9/P1P1P1P1P/2N1CCN2/9/1RBAKABR1 b,-0.0020286203,727
1rbaka1r1/9/1cn1b1nc1/p1p1p3p/6p2/9/P1P1P1P1P/2N1CCN2/9/1RBAKABR1 w,0.002513051,5087
1rbaka1r1/9/1cn1b1nc1/p1p1p3p/6p2/2P6/P3P1P1P/2N1CCN2/9/1RBAKABR1 b,-0.0021214485,1765
1rbaka1r1/9/2n1b1nc1/p1p1p3p/6p2/2P6/Pc2P1P1P/2N1CCN2/9/1RBAKABR1 w,0.005146313,5898
1rbaka1r1/9/2n1b1nc1/p1p1p3p/6p2/2PN5/Pc2P1P1P/4CCN2/9/1RBAKABR1 b,-0.0065015317,2311
1rbaka1r1/9/2n1b1n2/p1p1p3p/6p2/2PN5/Pc2P1PcP/4CCN2/9/1RBAKABR1 w,0.0079074865,6143
1rbaka1r1/9/2n1bCn2/p1p1p3p/6p2/2PN5/Pc2P1PcP/4C1N2/9/1RBAKABR1 b,-0.008049953,1986
1rbakabr1/9/2n2Cn2/p1p1p3p/6p2/2PN5/Pc2P1PcP/4C1N2/9/1RBAKABR1 w,0.017891908,4351
1rbakabr1/9/2n2Cn2/p1p1N3p/6p2/2P6/Pc2P1PcP/4C1N2/9/1RBAKABR1 b,-0.0048104883,1831
1rbakabr1/9/5Cn2/p1p1n3p/6p2/2P6/Pc2P1PcP/4C1N2/9/1RBAKABR1 w,0.005030632,6061
1rbakabr1/9/5Cn2/p1p1C3p/6p2/2P6/Pc2P1PcP/6N2/9/1RBAKABR1 b,0.009373379,109
2bakabr1/9/1r3Cn2/p1p1C3p/6p2/2P6/Pc2P1PcP/6N2/9/1RBAKABR1 w,0.0018212795,2839
2bakabr1/9/1r3Cn2/p1p5p/6p2/2P1C4/Pc2P1PcP/6N2/9/1RBAKABR1 b,0.0015774965,1733
2bakabr1/9/5rn2/p1p5p/6p2/2P1C4/Pc2P1PcP/6N2/9/1RBAKABR1 w,0.009653449,7435
2bakabr1/9/5rn2/p1p5p/6p2/2P1C4/PR2P1PcP/6N2/9/2BAKABR1 b,-0.006482351,2201
2bakabr1/9/5r3/p1p5p/5np2/2P1C4/PR2P1PcP/6N2/9/2BAKABR1 w,0.014036894,4987
2bakabr1/9/5r3/p1p5p/1R3np2/2P1C4/P3P1PcP/6N2/9/2BAKABR1 b,-0.008421147,3750
2bakabr1/9/5r3/p1p5p/1R4p2/2P1C4/P3P1ncP/6N2/9/2BAKABR1 w,0.019280815,3372
2bakabr1/9/5r3/p1p5p/6R2/2P1C4/P3P1ncP/6N2/9/2BAKABR1 b,-0.0054710507,5449
2bakabr1/9/5r3/p1p5p/6R2/2P1n4/P3P2cP/6N2/9/2BAKABR1 w,0.0055981874,5269
2bakabr1/9/5r3/p1p5p/6R2/2P1P4/P6cP/6N2/9/2BAKABR1 b,0.0003559351,5560
2bakabr1/9/5r3/p1p5p/6R2/2P1P4/P7P/6Nc1/9/2BAKABR1 w,0.009267569,7999
2bakabr1/9/5r3/p1p5p/6R2/2P1P4/P7P/6Nc1/7R1/2BAKAB2 b,0.0015275956,2138
2bakabr1/9/9/p1p5p/6R2/2P1P4/P7P/5rNc1/7R1/2BAKAB2 w,0.0002934456,3813
2bakabr1/9/9/p1p3R1p/9/2P1P4/P7P/5rNc1/7R1/2BAKAB2 b,-0.00066158775,691
2bakab2/9/9/p1p3R1p/9/2P1P4/P6rP/5rNc1/7R1/2BAKAB2 w,0.014096093,2976
2bakaR2/9/9/p1p5p/9/2P1P4/P6rP/5rNc1/7R1/2BAKAB2 b,-0.0036273599,5548
2bakaR2/9/9/p1p5p/9/2P1P4/P3r3P/5rNc1/7R1/2BAKAB2 w,0.027583553,7636
2bakaR2/9/9/p1p5p/9/2P1P4/P3r3P/5rNc1/4A2R1/2B1KAB2 b,-0.016237736,6361
2bakaR2/9/9/p1p5p/9/2P1P4/P3r2cP/5rN2/4A2R1/2B1KAB2 w,0.06351953,7171
2bakaR2/9/9/p1p5p/9/2P1P4/P3r2RP/5rN2/4A4/2B1KAB2 b,-0.05274215,5281
2bakaR2/9/9/p1p5p/9/2P1P4/P6rP/5rN2/4A4/2B1KAB2 w,0.06070113,6908
2bakaR2/9/9/p1p5p/9/2P1P4/P6rP/5AN2/9/2B1KAB2 b,-0.050977565,5544
2bakaR2/9/9/p1p5p/9/2P1P4/r7P/5AN2/9/2B1KAB2 w,0.06099212,6260
2bakaR2/9/9/p1p5p/9/2P1PN3/r7P/5A3/9/2B1KAB2 b,-0.05811578,4922
2bakaR2/9/9/p1p5p/9/2P1PN3/8r/5A3/9/2B1KAB2 w,0.06741209,4543
2bakaR2/9/9/p1p5p/7N1/2P1P4/8r/5A3/9/2B1KAB2 b,-0.056860115,5638
2bakaR2/9/9/p1p5p/7N1/2P1P4/4r4/5A3/9/2B1KAB2 w,0.057349324,6196
2bakaR2/9/9/p1p5p/7N1/2P1P4/4r4/9/4A4/2B1KAB2 b,-0.042427897,5269
2bakaR2/9/9/p1p5p/7N1/2P1r4/9/9/4A4/2B1KAB2 w,0.047275733,3902
2bakaR2/9/9/p1p2N2p/9/2P1r4/9/9/4A4/2B1KAB2 b,-0.04854958,4457
2bakaR2/9/9/p1p2N2p/9/2r6/9/9/4A4/2B1KAB2 w,0.06737075,7897
2bakaR2/9/9/p1p2N2p/9/2r6/9/4B4/4A4/2B1KA3 b,-0.065836765,4280
2bakaR2/9/9/p1p2N2p/9/5r3/9/4B4/4A4/2B1KA3 w,0.06460684,2901
2bakaR2/9/3N5/p1p5p/9/5r3/9/4B4/4A4/2B1KA3 b,-0.064811125,373
2ba1aR2/4k4/3N5/p1p5p/9/5r3/9/4B4/4A4/2B1KA3 w,0.06624372,555
2ba1a3/4k1R2/3N5/p1p5p/9/5r3/9/4B4/4A4/2B1KA3 b,-0.064429305,1192
2ba1a3/6R2/3Nk4/p1p5p/9/5r3/9/4B4/4A4/2B1KA3 w,0.07383094,1930
2ba1a3/6R2/4k4/p1p5p/4N4/5r3/9/4B4/4A4/2B1KA3 b,-0.06053145,4532
2ba1a3/6R2/4k4/p1p2r2p/4N4/9/9/4B4/4A4/2B1KA3 w,0.0735894,6117
2ba1a3/6R2/4k4/p1p2r2p/4N4/9/9/9/4A4/2B1KAB2 b,-0.03840201,2911
2ba1a3/6R2/4k4/p1p1r3p/4N4/9/9/9/4A4/2B1KAB2 w,0.049682356,3659
2ba1a3/6R2/4k4/p1p1r3p/9/9/5N3/9/4A4/2B1KAB2 b,-0.051533964,2648
2ba1a3/6R2/4k4/p3r3p/2p6/9/5N3/9/4A4/2B1KAB2 w,0.06405478,1362
2ba1a3/3R5/4k4/p3r3p/2p6/9/5N3/9/4A4/2B1KAB2 b,-0.051432695,463
2ba5/3Ra4/4k4/p3r3p/2p6/9/5N3/9/4A4/2B1KAB2 w,0.05985403,5358
2ba5/3Ra4/4k4/p3r3p/2p6/3N5/9/9/4A4/2B1KAB2 b,-0.042251635,2839
2ba5/3Ra4/4k4/p7p/2p6/3Nr4/9/9/4A4/2B1KAB2 w,0.053748082,1110
2ba5/4a4/4k4/p2R4p/2p6/3Nr4/9/9/4A4/2B1KAB2 b,-0.04696728,2003
2ba5/4a4/5k3/p2R4p/2p6/3Nr4/9/9/4A4/2B1KAB2 w,0.06355286,4349
2ba5/4a4/5k3/p1NR4p/2p6/4r4/9/9/4A4/2B1KAB2 b,-0.04465568,2084
2ba5/4ak3/9/p1NR4p/2p6/4r4/9/9/4A4/2B1KAB2 w,0.052959513,2735
2ba5/4ak3/9/p1N5R/2p6/4r4/9/9/4A4/2B1KAB2 b,-0.04120351,1265
2ba1k3/4a4/9/p1N5R/2p6/4r4/9/9/4A4/2B1KAB2 w,0.0448277,2622
2ba1k3/3Na4/9/p7R/2p6/4r4/9/9/4A4/2B1KAB2 b,-0.026232457,4432
2ba1k3/3Na4/4r4/p7R/2p6/9/9/9/4A4/2B1KAB2 w,0.039111853,1111
2ba1k3/4a4/4r4/p3N3R/2p6/9/9/9/4A4/2B1KAB2 b,-0.022795273,454
2bak4/4a4/4r4/p3N3R/2p6/9/9/9/4A4/2B1KAB2 w,0.021583462,2828
2bak4/4a4/4r4/p7R/2N6/9/9/9/4A4/2B1KAB2 b,-0.019594038,2466
2bak4/4a4/4r4/8R/p1N6/9/9/9/4A4/2B1KAB2 w,0.03728626,3212
2bak4/4a4/4r4/9/p1N6/9/8R/9/4A4/2B1KAB2 b,-0.03242104,2000
2bak4/4a4/2r6/9/p1N6/9/8R/9/4A4/2B1KAB2 w,0.04416573,3477
2bak4/4a4/2r6/9/p8/9/3N4R/9/4A4/2B1KAB2 b,-0.03002051,3285
2bak4/4a4/2r6/9/9/p8/3N4R/9/4A4/2B1KAB2 w,0.05780921,6924
2bak4/4a4/2r6/9/9/p8/3N4R/9/9/2BAKAB2 b,-0.030620648,1823
2bak4/4a4/5r3/9/9/p8/3N4R/9/9/2BAKAB2 w,0.030281186,7901
2bak4/4a4/5r3/9/9/p8/3N4R/8B/9/2BAKA3 b,-0.030299902,2102
2bak4/4a4/9/5r3/9/p8/3N4R/8B/9/2BAKA3 w,0.035427906,5641
2bak4/4a4/9/5r3/9/p8/3N3R1/8B/9/2BAKA3 b,-0.021697331,2903
2bak4/4a4/5r3/9/9/p8/3N3R1/8B/9/2BAKA3 w,0.031204415,5560
2bak4/4a4/5r3/9/9/p8/3N5/7RB/9/2BAKA3 b,-0.027012646,2102
2bak4/4a4/9/5r3/9/p8/3N5/7RB/9/2BAKA3 w,0.038976338,6477
2bak4/4a4/9/5r3/9/p8/3N5/7R1/9/2BAKAB2 b,-0.024212753,4104
2bak4/4a4/9/5r3/9/9/p2N5/7R1/9/2BAKAB2 w,0.02239244,6307
2bak2R1/4a4/9/5r3/9/9/p2N5/9/9/2BAKAB2 b,-0.023998082,2885
2bakr1R1/4a4/9/9/9/9/p2N5/9/9/2BAKAB2 w,0.022235895,655
2bakr3/4a4/7R1/9/9/9/p2N5/9/9/2BAKAB2 b,-0.018797684,482
2bak4/4a4/7R1/5r3/9/9/p2N5/9/9/2BAKAB2 w,0.034682106,2320
2bak4/4a4/9/5r3/9/9/p2N5/7R1/9/2BAKAB2 b,-0.020631934,2903
2bak4/4a4/5r3/9/9/9/p2N5/7R1/9/2BAKAB2 w,0.03983164,7816
2bak4/4a4/5r3/9/9/9/p2N5/7R1/4A4/2BAK1B2 b,-0.028466834,2096
2bak4/4a4/8r/9/9/9/p2N5/7R1/4A4/2BAK1B2 w,0.0308676,6307
2bak2R1/4a4/8r/9/9/9/p2N5/9/4A4/2BAK1B2 b,-0.028123057,1175
2baka1R1/9/8r/9/9/9/p2N5/9/4A4/2BAK1B2 w,0.036323216,691
2baka3/9/8r/9/9/9/p2N3R1/9/4A4/2BAK1B2 b,-0.013267636,2364
2baka3/9/6r2/9/9/9/p2N3R1/9/4A4/2BAK1B2 w,0.03492222,5198
2baka3/9/6r2/9/9/9/p6R1/5N3/4A4/2BAK1B2 b,-0.025293661,2182
2baka3/9/4r4/9/9/9/p6R1/5N3/4A4/2BAK1B2 w,0.029227877,5544
2baka3/9/4r4/9/9/9/R8/5N3/4A4/2BAK1B2 b,-0.030516434,2000
2baka3/9/2r6/9/9/9/R8/5N3/4A4/2BAK1B2 w,0.02862196,7897
2baka3/9/2r6/9/9/9/R8/4BN3/4A4/2BAK4 b,-0.02160046,1822
2baka3/9/4r4/9/9/9/R8/4BN3/4A4/2BAK4 w,0.025235606,4916
2baka3/9/4r4/9/9/9/2R6/4BN3/4A4/2BAK4 b,-0.024457455,198
3aka3/9/b3r4/9/9/9/2R6/4BN3/4A4/2BAK4 w,0.032673765,6171
3aka3/9/b3r4/9/9/6N2/2R6/4B4/4A4/2BAK4 b,-0.030843092,463
3ak4/4a4/b3r4/9/9/6N2/2R6/4B4/4A4/2BAK4 w,0.033892035,5101
3ak4/4a4/b3r4/9/9/6N2/7R1/4B4/4A4/2BAK4 b,-0.031677533,1175
3aka3/9/b3r4/9/9/6N2/7R1/4B4/4A4/2BAK4 w,0.036248803,4622
3aka3/9/b3r4/5N3/9/9/7R1/4B4/4A4/2BAK4 b,-0.026826203,2003
3aka3/9/b4r3/5N3/9/9/7R1/4B4/4A4/2BAK4 w,0.021557404,5524
3aka3/9/b4r3/5N1R1/9/9/9/4B4/4A4/2BAK4 b,-0.02135439,283
4ka3/4a4/b4r3/5N1R1/9/9/9/4B4/4A4/2BAK4 w,0.027010893,2931
4ka3/4a4/b4r3/7R1/9/6N2/9/4B4/4A4/2BAK4 b,-0.025715804,2094
4ka3/4a4/b5r2/7R1/9/6N2/9/4B4/4A4/2BAK4 w,0.031147528,3087
4ka3/4a4/b5r2/R8/9/6N2/9/4B4/4A4/2BAK4 b,-0.028553164,1622
2b1ka3/4a4/6r2/R8/9/6N2/9/4B4/4A4/2BAK4 w,0.02719226,2459
2b1ka3/4a4/6r2/2R6/9/6N2/9/4B4/4A4/2BAK4 b,-0.025364423,198
4ka3/4a4/b5r2/2R6/9/6N2/9/4B4/4A4/2BAK4 w,0.024958635,2638
4ka3/4a4/b5r2/1R7/9/6N2/9/4B4/4A4/2BAK4 b,-0.023951733,1622
2b1ka3/4a4/6r2/1R7/9/6N2/9/4B4/4A4/2BAK4 w,0.0381747,2521
1Rb1ka3/4a4/6r2/9/9/6N2/9/4B4/4A4/2BAK4 b,-0.030345118,2180
1Rb1ka3/4a4/2r6/9/9/6N2/9/4B4/4A4/2BAK4 w,0.03482125,4622
1Rb1ka3/4a4/2r6/5N3/9/9/9/4B4/4A4/2BAK4 b,-0.024944533,1829
1Rb1ka3/4a4/9/2r2N3/9/9/9/4B4/4A4/2BAK4 w,0.025226569,2895
1Rb1ka3/4a1N2/9/2r6/9/9/9/4B4/4A4/2BAK4 b,-0.029754305,363
1Rbk1a3/4a1N2/9/2r6/9/9/9/4B4/4A4/2BAK4 w,0.04158206,1372
1Rbk1a3/4a4/4N4/2r6/9/9/9/4B4/4A4/2BAK4 b,-0.030424012,2648
1Rbk1a3/4a4/4N4/9/2r6/9/9/4B4/4A4/2BAK4 w,0.044000674,90
R1bk1a3/4a4/4N4/9/2r6/9/9/4B4/4A4/2BAK4 b,-0.042969633,3440
R1bk1a3/4a4/2r1N4/9/9/9/9/4B4/4A4/2BAK4 w,0.043008305,2019
R1bk1a3/4a4/2r6/9/3N5/9/9/4B4/4A4/2BAK4 b,-0.040883303,1838
R1bk1a3/4a4/9/9/2rN5/9/9/4B4/4A4/2BAK4 w,0.044742968,3542
R1bk1a3/4a4/9/5N3/2r6/9/9/4B4/4A4/2BAK4 b,-0.03964447,3449
R1bk1a3/4a4/9/2r2N3/9/9/9/4B4/4A4/2BAK4 w,0.03836117,2919
R1bk1a3/4a4/9/2r6/3N5/9/9/4B4/4A4/2BAK4 b,-0.027557028,274
R1b1ka3/4a4/9/2r6/3N5/9/9/4B4/4A4/2BAK4 w,0.027435804,1
1Rb1ka3/4a4/9/2r6/3N5/9/9/4B4/4A4/2BAK4 b,-0.017031336,2648
1Rb1ka3/4a4/9/9/2rN5/9/9/4B4/4A4/2BAK4 w,0.012141156,3542
1Rb1ka3/4a4/9/5N3/2r6/9/9/4B4/4A4/2BAK4 b,0,3449
rnbakabnr/9/1c5c1/p1p1p1p1p/9/9/P1P1P1P1P/1C5C1/9/RNBAKABNR w,0.8018177,5827
rnbakabnr/9/1c5c1/p1p1p1p1p/9/9/P1P1P1P1P/4C2C1/9/RNBAKABNR b,-0.80179924,110
r1bakabnr/9/1cn4c1/p1p1p1p1p/9/9/P1P1P1P1P/4C2C1/9/RNBAKABNR w,0.8018244,7445
r1bakabnr/9/1cn4c1/p1p1p1p1p/9/9/P1P1P1P1P/2N1C2C1/9/R1BAKABNR b,-0.8018406,562
r1baka1nr/9/1cn1b2c1/p1p1p1p1p/9/9/P1P1P1P1P/2N1C2C1/9/R1BAKABNR w,0.8019492,7372
r1baka1nr/9/1cn1b2c1/p1p1p1p1p/9/9/P1P1P1P1P/2N1C2C1/9/1RBAKABNR b,-0.8017737,1
1rbaka1nr/9/1cn1b2c1/p1p1p1p1p/9/9/P1P1P1P1P/2N1C2C1/9/1RBAKABNR w,0.8017013,6368
1rbaka1nr/9/1cn1b2c1/p1p1p1p1p/9/9/P1P1P1P1P/2N1CC3/9/1RBAKABNR b,-0.8012926,654
1rbaka2r/9/1cn1b1nc1/p1p1p1p1p/9/9/P1P1P1P1P/2N1CC3/9/1RBAKABNR w,0.80158037,7989
1rbaka2r/9/1cn1b1nc1/p1p1p1p1p/9/9/P1P1P1P1P/2N1CCN2/9/1RBAKAB1R b,-0.8013682,3012
1rbaka2r/9/1cn1b1nc1/p1p1p3p/6p2/9/P1P1P1P1P/2N1CCN2/9/1RBAKAB1R w,0.8018736,8098
1rbaka2r/9/1cn1b1nc1/p1p1p3p/6p2/9/P1P1P1P1P/2N1CCN2/9/1RBAKABR1 b,-0.80202866,727
1rbaka1r1/9/1cn1b1nc1/p1p1p3p/6p2/9/P1P1P1P1P/2N1CCN2/9/1RBAKABR1 w,0.80251306,5087
1rbaka1r1/9/1cn1b1nc1/p1p1p3p/6p2/2P6/P3P1P1P/2N1CCN2/9/1RBAKABR1 b,-0.80212146,1765
1rbaka1r1/9/2n1b1nc1/p1p1p3p/6p2/2P6/Pc2P1P1P/2N1CCN2/9/1RBAKABR1 w,0.8051245,5898
1rbaka1r1/9/2n1b1nc1/p1p1p3p/6p2/2PN5/Pc2P1P1P/4CCN2/9/1RBAKABR1 b,-0.8063935,2311
1rbaka1r1/9/2n1b1n2/p1p1p3p/6p2/2PN5/Pc2P1PcP/4CCN2/9/1RBAKABR1 w,0.8079292,6143
1rbaka1r1/9/2n1bCn2/p1p1p3p/6p2/2PN5/Pc2P1PcP/4C1N2/9/1RBAKABR1 b,-0.8084572,1986
1rbakabr1/9/2n2Cn2/p1p1p3p/6p2/2PN5/Pc2P1PcP/4C1N2/9/1RBAKABR1 w,0.8178919,4351
1rbakabr1/9/2n2Cn2/p1p1N3p/6p2/2P6/Pc2P1PcP/4C1N2/9/1RBAKABR1 b,-0.8047812,1831
1rbakabr1/9/5Cn2/p1p1n3p/6p2/2P6/Pc2P1PcP/4C1N2/9/1RBAKABR1 w,0.8049612,6061
1rbakabr1/9/5Cn2/p1p1C3p/6p2/2P6/Pc2P1PcP/6N2/9/1RBAKABR1 b,-0.79093647,109
2bakabr1/9/1r3Cn2/p1p1C3p/6p2/2P6/Pc2P1PcP/6N2/9/1RBAKABR1 w,0.80192703,2839
2bakabr1/9/1r3Cn2/p1p5p/6p2/2P1C4/Pc2P1PcP/6N2/9/1RBAKABR1 b,-0.7983648,1733
2bakabr1/9/5rn2/p1p5p/6p2/2P1C4/Pc2P1PcP/6N2/9/1RBAKABR1 w,0.8095995,7435
2bakabr1/9/5rn2/p1p5p/6p2/2P1C4/PR2P1PcP/6N2/9/2BAKABR1 b,-0.808395,2138
2bakabr1/9/6n2/p1p5p/6p2/2P1C4/PR2P1PcP/5rN2/9/2BAKABR1 w,0.8159357,6290
2bakabr1/9/6n2/p1p5p/6p2/2P1C4/PR2P1PcP/5r3/8N/2BAKABR1 b,-0.80493534,5569
2bakabr1/9/6n2/p1p5p/6p2/2P1C4/PR2P1P1P/5r3/7cN/2BAKABR1 w,0.8138482,7897
2bakabr1/9/6n2/p1p5p/6p2/2P1C4/PR2P1P1P/4Br3/7cN/2BAKA1R1 b,-0.8027323,2201
2bakabr1/9/9/p1p5p/5np2/2P1C4/PR2P1P1P/4Br3/7cN/2BAKA1R1 w,0.8097827,7816
2bakabr1/9/9/p1p5p/5np2/2P1C4/PR2P1P1P/4Br3/4A2cN/2BAK2R1 b,-0.8008738,6197
2bakabr1/9/9/p1p5p/5np2/2P1C4/PR2P1P1P/4B4/4Ar1cN/2BAK2R1 w,0.8079731,4987
2bakabr1/9/9/p1p5p/1R3np2/2P1C4/P3P1P1P/4B4/4Ar1cN/2BAK2R1 b,-0.787031,3748
2bakabr1/9/9/p1p5p/1R4p2/2P1C4/P3n1P1P/4B4/4Ar1cN/2BAK2R1 w,0.8062896,8006
2bakabr1/9/9/p1p5p/1R4p2/2P1C4/P3n1P1P/4B4/4Ar1cN/2BAKR3 b,-0.79853904,7016
2bakabr1/9/9/p1p5p/1R4p2/2P1C4/P3n1P1P/4B4/4A2cN/2BAKr3 w,0.8011113,6926
2bakabr1/9/9/p1p5p/1R4p2/2P1C4/P3n1P1P/4B4/7cN/2BAKA3 b,-0.7927141,5289
2bakabr1/9/9/p1p5p/1R4p2/2P1C4/P5P1P/4B1n2/7cN/2BAKA3 w,0.7967234,7261
2bakabr1/9/9/p1p5p/1R4p2/2P1C4/P5PNP/4B1n2/7c1/2BAKA3 b,-0.77112854,691
2bakab2/9/9/p1p5p/1R4p2/2P1C4/P5PrP/4B1n2/7c1/2BAKA3 w,0.77317244,3370
2bakab2/9/9/p1p5p/4R1p2/2P1C4/P5PrP/4B1n2/7c1/2BAKA3 b,-0.7641118,562
2baka3/9/4b4/p1p5p/4R1p2/2P1C4/P5PrP/4B1n2/7c1/2BAKA3 w,0.7948175,3622
2baka3/9/4R4/p1p5p/6p2/2P1C4/P5PrP/4B1n2/7c1/2BAKA3 b,-0.7866322,283
2b1ka3/4a4/4R4/p1p5p/6p2/2P1C4/P5PrP/4B1n2/7c1/2BAKA3 w,0.88351095,2005
2b1ka3/4a4/7R1/p1p5p/6p2/2P1C4/P5PrP/4B1n2/7c1/2BAKA3 b,-0.88971627,1191
2b1ka3/9/3a3R1/p1p5p/6p2/2P1C4/P5PrP/4B1n2/7c1/2BAKA3 w,0.91102815,2311
2b1ka3/9/3a5/p1p5p/6p2/2P1C4/P5PRP/4B1n2/7c1/2BAKA3 b,-0.9055313,7198
2b1ka3/9/3a5/p1p5p/6p2/2P1C4/P5PRP/4B1n2/9/2BAKA1c1 w,0.9074693,7816
2b1ka3/9/3a5/p1p5p/6p2/2P1C4/P5PRP/4B1n2/4A4/2BAK2c1 b,-0.9050358,8009
2b1ka3/9/3a5/p1p5p/6p2/2P1C4/P5PRP/4B1n2/4A4/2BAK3c w,0.909586,5560
2b1ka3/9/3a5/p1p5p/6p2/2P1C4/P5P1P/4B1nR1/4A4/2BAK3c b,-0.8973229,6268
2b1ka3/9/3a5/p1p5p/6p2/2P1C4/P3n1P1P/4B2R1/4A4/2BAK3c w,0.9055319,6334
2b1ka3/9/3a5/p1p4Rp/6p2/2P1C4/P3n1P1P/4B4/4A4/2BAK3c b,-0.8942191,5289
2b1ka3/9/3a5/p1p4Rp/6p2/2P1C4/P5P1P/4B1n2/4A4/2BAK3c w,0.9055672,4905
2b1ka3/9/3a5/p1p4Rp/6p2/P1P1C4/6P1P/4B1n2/4A4/2BAK3c b,-0.8913188,3194
2b1ka3/9/3a5/p1p4R1/6p1p/P1P1C4/6P1P/4B1n2/4A4/2BAK3c w,0.90961474,3130
2b1ka3/9/3a5/p1p6/6p1p/P1P1C4/6P1P/4B1nR1/4A4/2BAK3c b,-0.8903794,6268
2b1ka3/9/3a5/p1p6/6p1p/P1P1C4/4n1P1P/4B2R1/4A4/2BAK3c w,0.90024716,6334
2b1ka3/9/3a5/p1p4R1/6p1p/P1P1C4/4n1P1P/4B4/4A4/2BAK3c b,-0.8924157,5289
2b1ka3/9/3a5/p1p4R1/6p1p/P1P1C4/6P1P/4B1n2/4A4/2BAK3c w,0.8999978,3089
2b1ka3/9/3a5/p1R6/6p1p/P1P1C4/6P1P/4B1n2/4A4/2BAK3c b,-0.88226354,6290
2b1ka3/9/3a5/p1R6/6p1p/P1P1C4/6P1P/4B4/4A3n/2BAK3c w,0.89972544,2612
2R1ka3/9/3a5/p8/6p1p/P1P1C4/6P1P/4B4/4A3n/2BAK3c b,-0.8990266,373
2R2a3/4k4/3a5/p8/6p1p/P1P1C4/6P1P/4B4/4A3n/2BAK3c w,0.90850866,185
5R3/4k4/3a5/p8/6p1p/P1P1C4/6P1P/4B4/4A3n/2BAK3c b,-0.9046189,7287
5R3/4k4/3a5/p8/6p1p/P1P1C4/6P1P/4B4/4A4/2BAK1n1c w,0.8864915,536
9/4k4/3a5/p8/6p1p/P1P1C4/6P1P/4B4/4A4/2BAKRn1c b,-0.8648322,8096
9/4k4/3a5/p8/6p1p/P1P1C4/6P1P/4B4/4A4/2BAKcn2 w,0.86817884,6117
9/4k4/3a5/p8/6p1p/P1P1C4/6P1P/9/4A4/2BAKcB2 b,-0.8615244,7799
9/4k4/3a5/p8/6p1p/P1P1C4/5cP1P/9/4A4/2BAK1B2 w,0.86481327,4468
9/4k4/3a5/p8/6p1p/P1P6/4CcP1P/9/4A4/2BAK1B2 b,-0.8518985,1182
9/3k5/3a5/p8/6p1p/P1P6/4CcP1P/9/4A4/2BAK1B2 w,0.87977046,4268
9/3k5/3a5/p8/2P3p1p/P8/4CcP1P/9/4A4/2BAK1B2 b,-0.87179464,5324
9/3k1c3/3a5/p8/2P3p1p/P8/4C1P1P/9/4A4/2BAK1B2 w,0.8757873,5274
9/3k1c3/3a5/p8/2P3p1p/P8/C5P1P/9/4A4/2BAK1B2 b,-0.87675947,1319
9/3k5/3a5/p8/2P3p1p/P8/C4cP1P/9/4A4/2BAK1B2 w,0.8750821,4887
9/3k5/3a5/C8/2P3p1p/P8/5cP1P/9/4A4/2BAK1B2 b,-0.87241644,5372
9/3k5/3a5/C8/2P3p1p/P8/6P1c/9/4A4/2BAK1B2 w,0.8890684,3449
9/3k5/3a5/C1P6/6p1p/P8/6P1c/9/4A4/2BAK1B2 b,-0.8807003,5641
9/3k5/3a5/C1P6/6p1p/P8/6Pc1/9/4A4/2BAK1B2 w,0.87859017,2630
9/3k5/2Pa5/C8/6p1p/P8/6Pc1/9/4A4/2BAK1B2 b,-0.867006,5515
9/3k5/2Pa3c1/C8/6p1p/P8/6P2/9/4A4/2BAK1B2 w,0.88269126,2460
9/3k5/2Pa3c1/3C5/6p1p/P8/6P2/9/4A4/2BAK1B2 b,-0.8810105,1903
9/3ka4/2P4c1/3C5/6p1p/P8/6P2/9/4A4/2BAK1B2 w,0.8900158,2775
9/3ka4/2P4c1/9/6p1p/P8/6P2/9/3CA4/2BAK1B2 b,-0.8827544,1083
3k5/4a4/2P4c1/9/6p1p/P8/6P2/9/3CA4/2BAK1B2 w,0.89555115,4086
3k5/4a4/2P4c1/9/P5p1p/9/6P2/9/3CA4/2BAK1B2 b,-0.88873935,274
4k4/4a4/2P4c1/9/P5p1p/9/6P2/9/3CA4/2BAK1B2 w,0.89370996,6906
4k4/4a4/2P4c1/9/P5p1p/9/6P2/3A5/3C5/2BAK1B2 b,-0.8862118,4013
4k4/4a4/2P4c1/9/P5p2/8p/6P2/3A5/3C5/2BAK1B2 w,0.88872343,6828
4k4/4a4/2P4c1/9/P5p2/8p/6P2/3A5/6C2/2BAK1B2 b,-0.88512385,2293
4k4/4a4/2P6/9/P5pc1/8p/6P2/3A5/6C2/2BAK1B2 w,0.9032234,3267
4k4/4a4/2P6/P8/6pc1/8p/6P2/3A5/6C2/2BAK1B2 b,-0.8879396,365
5k3/4a4/2P6/P8/6pc1/8p/6P2/3A5/6C2/2BAK1B2 w,0.8934671,7062
5k3/4a4/2P6/P8/6Cc1/8p/6P2/3A5/9/2BAK1B2 b,-0.89118236,3895
5k3/4a4/2P4c1/P8/6C2/8p/6P2/3A5/9/2BAK1B2 w,0.89672095,3818
5k3/4a4/2P4c1/P8/2C6/8p/6P2/3A5/9/2BAK1B2 b,-0.8833174,1193
5k3/9/2P2a1c1/P8/2C6/8p/6P2/3A5/9/2BAK1B2 w,0.9026415,3461
5k3/9/2P2a1c1/P8/5C3/8p/6P2/3A5/9/2BAK1B2 b,-0.90473527,2083
5k3/4a4/2P4c1/P8/5C3/8p/6P2/3A5/9/2BAK1B2 w,0.9150885,3767
5k3/4a4/2P4c1/P8/9/8p/6P2/3A5/5C3/2BAK1B2 b,-0.9174177,2338
5k3/4a4/2P6/P8/9/8p/6P2/3A5/5C3/2BAK1Bc1 w,0.9170724,7901
5k3/4a4/2P6/P8/9/8p/6P2/3A4B/5C3/2BAK2c1 b,-0.90853053,4832
5k3/4a4/2P6/P8/9/9/6P1p/3A4B/5C3/2BAK2c1 w,0.9175057,5451
5k3/4a4/2P6/P8/9/6P2/8p/3A4B/5C3/2BAK2c1 b,-0.9154327,7945
5k3/4a4/2P4c1/P8/9/6P2/8p/3A4B/5C3/2BAK4 w,0.91951257,4632
5k3/4a4/2P4c1/P8/6P2/9/8p/3A4B/5C3/2BAK4 b,-0.9196756,454
4k4/4a4/2P4c1/P8/6P2/9/8p/3A4B/5C3/2BAK4 w,0.9223804,6441
4k4/4a4/2P4c1/P8/6P2/6B2/8p/3A5/5C3/2BAK4 b,-0.91435844,5641
4k4/4a4/2P4c1/P8/6P2/6B2/7p1/3A5/5C3/2BAK4 w,0.9209809,2458
4k4/4a4/2P4c1/1P7/6P2/6B2/7p1/3A5/5C3/2BAK4 b,-0.9191804,2273
4k4/4a4/2P2c3/1P7/6P2/6B2/7p1/3A5/5C3/2BAK4 w,0.9259566,2549
4k4/4a4/2P2c3/2P6/6P2/6B2/7p1/3A5/5C3/2BAK4 b,-0.92946553,2092
4k4/4a4/2P1c4/2P6/6P2/6B2/7p1/3A5/5C3/2BAK4 w,0.9266395,3813
4k4/4a4/2P1c4/2P3P2/9/6B2/7p1/3A5/5C3/2BAK4 b,-0.9223797,5550
4k4/4a4/2P1c4/2P3P2/9/6B2/6p2/3A5/5C3/2BAK4 w,0.9308653,4661
4k4/4a4/2P1c4/2P3P2/9/9/6p2/3A4B/5C3/2BAK4 b,-0.9247863,5459
4k4/4a4/2P1c4/2P3P2/9/9/5p3/3A4B/5C3/2BAK4 w,0.92445874,2640
4k4/4a4/2P1c4/3P2P2/9/9/5p3/3A4B/5C3/2BAK4 b,-0.91810507,2020
4k4/4a4/2P6/3P2P2/4c4/9/5p3/3A4B/5C3/2BAK4 w,0.9182627,2994
4k4/4a4/2P3P2/3P5/4c4/9/5p3/3A4B/5C3/2BAK4 b,-0.91914165,5368
4k4/4a4/2P3P2/3P5/4c4/9/4p4/3A4B/5C3/2BAK4 w,0.92292196,7736
4k4/4a4/2P3P2/3P5/4c4/9/4p4/3A4B/5C3/2BA1K3 b,-0.92260647,3641
4k4/4a4/2P3P2/3P5/5c3/9/4p4/3A4B/5C3/2BA1K3 w,0.9247411,7825
4k4/4a4/2P3P2/3P5/5c3/9/4p4/3A4B/5C3/2BAK4 b,-0.9157705,3729
4k4/4a4/2P3P2/3P5/3c5/9/4p4/3A4B/5C3/2BAK4 w,0.926241,7006
4k4/4a4/2P3P2/3P5/3c5/9/4p4/3A4B/4C4/2BAK4 b,-0.92102915,365
5k3/4a4/2P3P2/3P5/3c5/9/4p4/3A4B/4C4/2BAK4 w,0.92525774,2731
5k3/4a4/2P3P2/4P4/3c5/9/4p4/3A4B/4C4/2BAK4 b,-0.92807156,3513
3c1k3/4a4/2P3P2/4P4/9/9/4p4/3A4B/4C4/2BAK4 w,0.9436806,2812
3c1k3/4a4/2P1P1P2/9/9/9/4p4/3A4B/4C4/2BAK4 b,-0.953228,309
5k3/4a4/2P1P1P2/9/3c5/9/4p4/3A4B/4C4/2BAK4 w,0.96913594,1993
5k3/4P4/2P3P2/9/3c5/9/4p4/3A4B/4C4/2BAK4 b,-0.9670287,3558
5k3/4P4/2P3P2/9/9/3c5/4p4/3A4B/4C4/2BAK4 w,0.9858442,2183
5k3/4P4/2P2P3/9/9/3c5/4p4/3A4B/4C4/2BAK4 b,-0.99364203,4370
5k3/4P4/2P2P3/9/9/5c3/4p4/3A4B/4C4/2BAK4 w,1,2084
rnbakabnr/9/1c5c1/p1p1p1p1p/9/9/P1P1P1P1P/1C5C1/9/RNBAKABNR w,0.80180943,5827
rnbakabnr/9/1c5c1/p1p1p1p1p/9/9/P1P1P1P1P/4C2C1/9/RNBAKABNR b,-0.8017942,110
r1bakabnr/9/1cn4c1/p1p1p1p1p/9/9/P1P1P1P1P/4C2C1/9/RNBAKABNR w,0.80182797,7445
r1bakabnr/9/1cn4c1/p1p1p1p1p/9/9/P1P1P1P1P/2N1C2C1/9/R1BAKABNR b,-0.8018273,562
r1baka1nr/9/1cn1b2c1/p1p1p1p1p/9/9/P1P1P1P1P/2N1C2C1/9/R1BAKABNR w,0.801942,7372
r1baka1nr/9/1cn1b2c1/p1p1p1p1p/9/9/P1P1P1P1P/2N1C2C1/9/1RBAKABNR b,-0.80177224,1
1rbaka1nr/9/1cn1b2c1/p1p1p1p1p/9/9/P1P1P1P1P/2N1C2C1/9/1RBAKABNR w,0.8016926,6368
1rbaka1nr/9/1cn1b2c1/p1p1p1p1p/9/9/P1P1P1P1P/2N1CC3/9/1RBAKABNR b,-0.8012789,654
1rbaka2r/9/1cn1b1nc1/p1p1p1p1p/9/9/P1P1P1P1P/2N1CC3/9/1RBAKABNR w,0.8016004,7989
1rbaka2r/9/1cn1b1nc1/p1p1p1p1p/9/9/P1P1P1P1P/2N1CCN2/9/1RBAKAB1R b,-0.8013682,3012
1rbaka2r/9/1cn1b1nc1/p1p1p3p/6p2/9/P1P1P1P1P/2N1CCN2/9/1RBAKAB1R w,0.801936,8098
1rbaka2r/9/1cn1b1nc1/p1p1p3p/6p2/9/P1P1P1P1P/2N1CCN2/9/1RBAKABR1 b,-0.8020107,727
1rbaka1r1/9/1cn1b1nc1/p1p1p3p/6p2/9/P1P1P1P1P/2N1CCN2/9/1RBAKABR1 w,0.80251306,5087
1rbaka1r1/9/1cn1b1nc1/p1p1p3p/6p2/2P6/P3P1P1P/2N1CCN2/9/1RBAKABR1 b,-0.80221564,1765
1rbaka1r1/9/2n1b1nc1/p1p1p3p/6p2/2P6/Pc2P1P1P/2N1CCN2/9/1RBAKABR1 w,0.8047115,5898
1rbaka1r1/9/2n1b1nc1/p1p1p3p/6p2/2PN5/Pc2P1P1P/4CCN2/9/1RBAKABR1 b,-0.8063819,2311
1rbaka1r1/9/2n1b1n2/p1p1p3p/6p2/2PN5/Pc2P1PcP/4CCN2/9/1RBAKABR1 w,0.8079292,6143
1rbaka1r1/9/2n1bCn2/p1p1p3p/6p2/2PN5/Pc2P1PcP/4C1N2/9/1RBAKABR1 b,-0.80828,1986
1rbakabr1/9/2n2Cn2/p1p1p3p/6p2/2PN5/Pc2P1PcP/4C1N2/9/1RBAKABR1 w,0.81814575,4351
1rbakabr1/9/2n2Cn2/p1p1N3p/6p2/2P6/Pc2P1PcP/4C1N2/9/1RBAKABR1 b,-0.804766,1831
1rbakabr1/9/5Cn2/p1p1n3p/6p2/2P6/Pc2P1PcP/4C1N2/9/1RBAKABR1 w,0.80505747,6061
1rbakabr1/9/5Cn2/p1p1C3p/6p2/2P6/Pc2P1PcP/6N2/9/1RBAKABR1 b,-0.790517,109
2bakabr1/9/1r3Cn2/p1p1C3p/6p2/2P6/Pc2P1PcP/6N2/9/1RBAKABR1 w,0.8022473,2839
2bakabr1/9/1r3Cn2/p1p5p/6p2/2P1C4/Pc2P1PcP/6N2/9/1RBAKABR1 b,-0.79845774,1733
2bakabr1/9/5rn2/p1p5p/6p2/2P1C4/Pc2P1PcP/6N2/9/1RBAKABR1 w,0.80965346,7435
2bakabr1/9/5rn2/p1p5p/6p2/2P1C4/PR2P1PcP/6N2/9/2BAKABR1 b,-0.80592483,2201
2bakabr1/9/5r3/p1p5p/5np2/2P1C4/PR2P1PcP/6N2/9/2BAKABR1 w,0.8140284,4987
2bakabr1/9/5r3/p1p5p/1R3np2/2P1C4/P3P1PcP/6N2/9/2BAKABR1 b,-0.80826044,3750
2bakabr1/9/5r3/p1p5p/1R4p2/2P1C4/P3P1ncP/6N2/9/2BAKABR1 w,0.81837726,3372
2bakabr1/9/5r3/p1p5p/6R2/2P1C4/P3P1ncP/6N2/9/2BAKABR1 b,-0.8054377,5449
2bakabr1/9/5r3/p1p5p/6R2/2P1n4/P3P2cP/6N2/9/2BAKABR1 w,0.8058268,5269
2bakabr1/9/5r3/p1p5p/6R2/2P1P4/P6cP/6N2/9/2BAKABR1 b,-0.7997016,5560
2bakabr1/9/5r3/p1p5p/6R2/2P1P4/P7P/6Nc1/9/2BAKABR1 w,0.8092676,7999
2bakabr1/9/5r3/p1p5p/6R2/2P1P4/P7P/6Nc1/7R1/2BAKAB2 b,-0.79809546,2138
2bakabr1/9/9/p1p5p/6R2/2P1P4/P7P/5rNc1/7R1/2BAKAB2 w,0.8072623,7537
2bakabr1/9/9/p1p5p/6R2/2P1P4/P7P/4BrNc1/7R1/3AKAB2 b,-0.7959554,562
2baka1r1/9/4b4/p1p5p/6R2/2P1P4/P7P/4BrNc1/7R1/3AKAB2 w,0.8118852,3840
2baka1r1/9/4b4/p1p5p/9/2P1P4/P5R1P/4BrNc1/7R1/3AKAB2 b,-0.7985543,682
2baka3/9/4b4/p1p5p/9/2P1P2r1/P5R1P/4BrNc1/7R1/3AKAB2 w,0.8255246,7816
2baka3/9/4b4/p1p5p/9/2P1P2r1/P5R1P/4BrNc1/4A2R1/3AK1B2 b,-0.8129409,6134
2baka3/5r3/4b4/p1p5p/9/2P1P2r1/P5R1P/4B1Nc1/4A2R1/3AK1B2 w,0.82860595,6268
2baka3/5r3/4b4/p1p5p/9/2P1P2r1/P3N1R1P/4B2c1/4A2R1/3AK1B2 b,-0.8237815,1310
2baka3/9/4b4/p1p5p/9/2P1Pr1r1/P3N1R1P/4B2c1/4A2R1/3AK1B2 w,0.8310681,5271
2baka3/9/4b4/p1p5p/9/2P1PrNr1/P5R1P/4B2c1/4A2R1/3AK1B2 b,-0.81962734,4549
2baka3/9/4b4/p1p5p/9/2P1r1Nr1/P5R1P/4B2c1/4A2R1/3AK1B2 w,0.8410444,4622
2baka3/9/4b4/p1p2N2p/9/2P1r2r1/P5R1P/4B2c1/4A2R1/3AK1B2 b,-0.8362742,4460
2baka3/9/4b4/p1p2N2p/9/2P2r1r1/P5R1P/4B2c1/4A2R1/3AK1B2 w,0.85041463,2901
2baka3/9/3Nb4/p1p5p/9/2P2r1r1/P5R1P/4B2c1/4A2R1/3AK1B2 b,-0.8506034,373
2ba1a3/4k4/3Nb4/p1p5p/9/2P2r1r1/P5R1P/4B2c1/4A2R1/3AK1B2 w,0.86019427,5433
2ba1a3/4k4/3Nb4/p1p3R1p/9/2P2r1r1/P7P/4B2c1/4A2R1/3AK1B2 b,-0.8465238,6361
2ba1a3/4k4/3Nb4/p1p3R1p/9/2P2r1r1/P6cP/4B4/4A2R1/3AK1B2 w,0.84902906,1930
2ba1a3/4k4/4b4/p1p3R1p/4N4/2P2r1r1/P6cP/4B4/4A2R1/3AK1B2 b,-0.8168951,1174
2baka3/9/4b4/p1p3R1p/4N4/2P2r1r1/P6cP/4B4/4A2R1/3AK1B2 w,0.8404544,3030
2baka3/9/4b4/p1p5p/4N4/2P2r1r1/P5RcP/4B4/4A2R1/3AK1B2 b,-0.8360835,4723
2baka3/9/4b4/p1p5p/4N2r1/2P2r3/P5RcP/4B4/4A2R1/3AK1B2 w,0.88162875,3621
2baka3/9/3Nb4/p1p5p/7r1/2P2r3/P5RcP/4B4/4A2R1/3AK1B2 b,-0.8805157,373
2ba1a3/4k4/3Nb4/p1p5p/7r1/2P2r3/P5RcP/4B4/4A2R1/3AK1B2 w,0.889466,7171
2ba1a3/4k4/3Nb4/p1p5p/7r1/2P2r3/P5RRP/4B4/4A4/3AK1B2 b,-0.8735069,3931
2ba1a3/4k4/3Nb4/p1p5p/9/2P2r3/P5RrP/4B4/4A4/3AK1B2 w,0.8813629,5461
2ba1a3/4k4/3Nb4/p1p5p/9/2P2r3/P6RP/4B4/4A4/3AK1B2 b,-0.8667623,2466
2ba1a3/4k4/3Nb4/2p5p/p8/2P2r3/P6RP/4B4/4A4/3AK1B2 w,0.8755014,5524
2ba1a3/4k4/3Nb4/2p4Rp/p8/2P2r3/P7P/4B4/4A4/3AK1B2 b,-0.8675322,4541
2ba1a3/4k4/3Nb4/2p4Rp/p4r3/2P6/P7P/4B4/4A4/3AK1B2 w,0.8853149,3089
2ba1a3/4k4/3Nb4/2R5p/p4r3/2P6/P7P/4B4/4A4/3AK1B2 b,-0.8750369,1184
2ba1a3/5k3/3Nb4/2R5p/p4r3/2P6/P7P/4B4/4A4/3AK1B2 w,0.87987894,2645
2ba1a3/5k3/3Nb4/8R/p4r3/2P6/P7P/4B4/4A4/3AK1B2 b,-0.8607997,463
2ba5/4ak3/3Nb4/8R/p4r3/2P6/P7P/4B4/4A4/3AK1B2 w,0.8657666,1918
2ba5/4ak3/4b4/1N6R/p4r3/2P6/P7P/4B4/4A4/3AK1B2 b,-0.8642321,1265
2ba1k3/4a4/4b4/1N6R/p4r3/2P6/P7P/4B4/4A4/3AK1B2 w,0.87633985,2531
2ba1k3/2N1a4/4b4/8R/p4r3/2P6/P7P/4B4/4A4/3AK1B2 b,-0.8767263,3749
2ba1k3/2N1a4/4b4/8R/p8/2P6/P4r2P/4B4/4A4/3AK1B2 w,0.8894349,3184
2ba1k3/2N1a4/4b4/7R1/p8/2P6/P4r2P/4B4/4A4/3AK1B2 b,-0.8756934,1986
2ba1kb2/2N1a4/9/7R1/p8/2P6/P4r2P/4B4/4A4/3AK1B2 w,0.88264936,4268
2ba1kb2/2N1a4/9/7R1/p1P6/9/P4r2P/4B4/4A4/3AK1B2 b,-0.8807316,5351
2ba1kb2/2N1a4/9/7R1/p1P2r3/9/P7P/4B4/4A4/3AK1B2 w,0.8855495,3449
2ba1kb2/2N1a4/9/2P4R1/p4r3/9/P7P/4B4/4A4/3AK1B2 b,-0.8788355,3704
2ba1kb2/2N1ar3/9/2P4R1/p8/9/P7P/4B4/4A4/3AK1B2 w,0.8909382,3093
2ba1kb2/2N1ar3/9/2P3R2/p8/9/P7P/4B4/4A4/3AK1B2 b,-0.8858137,566
2ba1k3/2N1ar3/8b/2P3R2/p8/9/P7P/4B4/4A4/3AK1B2 w,0.8930617,1020
2ba1k3/4ar3/8b/2PN2R2/p8/9/P7P/4B4/4A4/3AK1B2 b,-0.8917099,1319
2ba1k3/4a4/8b/2PN2R2/p8/9/P4r2P/4B4/4A4/3AK1B2 w,0.8931953,2630
2ba1k3/4a4/2P5b/3N2R2/p8/9/P4r2P/4B4/4A4/3AK1B2 b,-0.8830812,202
3a1k3/4a4/2P1b3b/3N2R2/p8/9/P4r2P/4B4/4A4/3AK1B2 w,0.8927549,5633
3a1k3/4a4/2P1b3b/3N2R2/p8/8P/P4r3/4B4/4A4/3AK1B2 b,-0.8834206,5360
3a1k3/4a4/2P1b3b/3N2R2/p8/5r2P/P8/4B4/4A4/3AK1B2 w,0.89752513,4814
3a1k3/4a4/2P1b3b/3N2R2/p7P/5r3/P8/4B4/4A4/3AK1B2 b,-0.8961434,2382
3a1k3/4a4/2P1b4/3N2R2/p5b1P/5r3/P8/4B4/4A4/3AK1B2 w,0.9056906,3004
3a1k3/4a4/2P1b4/3N3R1/p5b1P/5r3/P8/4B4/4A4/3AK1B2 b,-0.9065197,1986
3a1kb2/4a4/2P6/3N3R1/p5b1P/5r3/P8/4B4/4A4/3AK1B2 w,0.90829986,1811
3a1kb2/2P1a4/9/3N3R1/p5b1P/5r3/P8/4B4/4A4/3AK1B2 b,-0.9040862,4548
3a1kb2/2P1a4/9/3N3R1/p5b1P/3r5/P8/4B4/4A4/3AK1B2 w,0.9133721,1002
3a1kb2/3Pa4/9/3N3R1/p5b1P/3r5/P8/4B4/4A4/3AK1B2 b,-0.8995775,3802
3a1kb2/3Pa4/4b4/3N3R1/p7P/3r5/P8/4B4/4A4/3AK1B2 w,0.91266245,1093
3a1kb2/4P4/4b4/3N3R1/p7P/3r5/P8/4B4/4A4/3AK1B2 b,-0.90089756,283
5kb2/4a4/4b4/3N3R1/p7P/3r5/P8/4B4/4A4/3AK1B2 w,0.90819347,2713
5kb2/4N4/4b4/7R1/p7P/3r5/P8/4B4/4A4/3AK1B2 b,-0.8912089,454
4k1b2/4N4/4b4/7R1/p7P/3r5/P8/4B4/4A4/3AK1B2 w,0.8898875,1190
4k1b2/9/2N1b4/7R1/p7P/3r5/P8/4B4/4A4/3AK1B2 b,-0.8841775,4341
4k1b2/9/2Nrb4/7R1/p7P/9/P8/4B4/4A4/3AK1B2 w,0.89218163,1827
4k1b2/9/3rb4/N6R1/p7P/9/P8/4B4/4A4/3AK1B2 b,-0.89469206,1908
4k1b2/9/r3b4/N6R1/p7P/9/P8/4B4/4A4/3AK1B2 w,0.91015565,3090
4k1b2/9/r3b4/N2R5/p7P/9/P8/4B4/4A4/3AK1B2 b,-0.904904,1982
2b1k1b2/9/r8/N2R5/p7P/9/P8/4B4/4A4/3AK1B2 w,0.9060032,2468
2b1k1b2/9/r8/3R5/p1N5P/9/P8/4B4/4A4/3AK1B2 b,-0.9127802,1640
2b1k1b2/9/2r6/3R5/p1N5P/9/P8/4B4/4A4/3AK1B2 w,0.9184947,3469
2b1k1b2/9/2r6/3R5/p7P/4N4/P8/4B4/4A4/3AK1B2 b,-0.91227204,1823
2b1k1b2/9/5r3/3R5/p7P/4N4/P8/4B4/4A4/3AK1B2 w,0.91744584,2733
2b1k1b2/9/5r3/6R2/p7P/4N4/P8/4B4/4A4/3AK1B2 b,-0.91527635,562
2b1k4/9/4br3/6R2/p7P/4N4/P8/4B4/4A4/3AK1B2 w,0.9212851,4440
2b1k4/9/4br3/3N2R2/p7P/9/P8/4B4/4A4/3AK1B2 b,-0.91703993,2084
2b1k4/5r3/4b4/3N2R2/p7P/9/P8/4B4/4A4/3AK1B2 w,0.9245835,4003
2b1k4/5r3/4b4/3N2R2/p6P1/9/P8/4B4/4A4/3AK1B2 b,-0.91613245,1272
2b1k4/3r5/4b4/3N2R2/p6P1/9/P8/4B4/4A4/3AK1B2 w,0.91862744,3904
2b1k4/3r5/4b4/3N2RP1/p8/9/P8/4B4/4A4/3AK1B2 b,-0.92192024,1101
2b1k4/9/3rb4/3N2RP1/p8/9/P8/4B4/4A4/3AK1B2 w,0.92592865,3085
2b1k4/9/3rb2P1/3N2R2/p8/9/P8/4B4/4A4/3AK1B2 b,-0.9214473,363
2bk5/9/3rb2P1/3N2R2/p8/9/P8/4B4/4A4/3AK1B2 w,0.9221377,2266
2bk5/7P1/3rb4/3N2R2/p8/9/P8/4B4/4A4/3AK1B2 b,-0.922031,1902
2bk5/3r3P1/4b4/3N2R2/p8/9/P8/4B4/4A4/3AK1B2 w,0.9303495,1455
2bk5/3r2P2/4b4/3N2R2/p8/9/P8/4B4/4A4/3AK1B2 b,-0.934962,1101
2bk5/6P2/3rb4/3N2R2/p8/9/P8/4B4/4A4/3AK1B2 w,0.94244266,1364
2bk5/5P3/3rb4/3N2R2/p8/9/P8/4B4/4A4/3AK1B2 b,-0.9398565,282
2b6/3k1P3/3rb4/3N2R2/p8/9/P8/4B4/4A4/3AK1B2 w,0.94993985,2741
2b6/3k1P3/3rb4/6R2/p4N3/9/P8/4B4/4A4/3AK1B2 b,-0.93939507,1909
2b6/3k1P3/1r2b4/6R2/p4N3/9/P8/4B4/4A4/3AK1B2 w,0.96047676,3714
2b6/3k1P3/1r2b1N2/6R2/p8/9/P8/4B4/4A4/3AK1B2 b,-0.9460024,1731
2b6/3k1P3/3rb1N2/6R2/p8/9/P8/4B4/4A4/3AK1B2 w,0.95107484,2165
2b2N3/3k1P3/3rb4/6R2/p8/9/P8/4B4/4A4/3AK1B2 b,-0.9500795,1083
2bk1N3/5P3/3rb4/6R2/p8/9/P8/4B4/4A4/3AK1B2 w,0.95520973,1273
2bk1N3/4P4/3rb4/6R2/p8/9/P8/4B4/4A4/3AK1B2 b,-0.94175786,1947
2bk1N3/4P4/4b4/6R2/p8/9/P2r5/4B4/4A4/3AK1B2 w,0.9619286,6908
2bk1N3/4P4/4b4/6R2/p8/9/P2r5/4BA3/9/3AK1B2 b,-0.95994484,5214
2bk1N3/4P4/4b4/6R2/p8/9/P8/4BA3/9/3rK1B2 w,0.9505347,7726
2bk1N3/4P4/4b4/6R2/p8/9/P8/4BA3/4K4/3r2B2 b,-0.94165695,198
3k1N3/4P4/b3b4/6R2/p8/9/P8/4BA3/4K4/3r2B2 w,0.9651926,472
3k5/4P4/b3N4/6R2/p8/9/P8/4BA3/4K4/3r2B2 b,-0.9675314,7635
3k5/4P4/b3N4/6R2/p8/9/P8/4BA3/3rK4/6B2 w,0.97203416,6925
3k5/4P4/b3N4/6R2/p8/9/P8/4BA3/3r5/4K1B2 b,-0.9724169,6834
3k5/4P4/b3N4/6R2/p8/9/P8/4BA3/9/3rK1B2 w,0.97385955,7726
3k5/4P4/b3N4/6R2/p8/9/P8/4BA3/4K4/3r2B2 b,-0.9577252,3285
3k5/4P4/b3N4/6R2/9/p8/P8/4BA3/4K4/3r2B2 w,0.98436904,2009
3k5/4P4/b8/2N3R2/9/p8/P8/4BA3/4K4/3r2B2 b,-0.98793346,7635
3k5/4P4/b8/2N3R2/9/p8/P8/4BA3/3rK4/6B2 w,0.9905231,6925
3k5/4P4/b8/2N3R2/9/p8/P8/4BA3/3r5/4K1B2 b,-0.9998028,6834
3k5/4P4/b8/2N3R2/9/p8/P8/4BA3/9/3rK1B2 w,1,7726
rnbakabnr/9/1c5c1/p1p1p1p1p/9/9/P1P1P1P1P/1C5C1/9/RNBAKABNR w,0.0018178702,5827
rnbakabnr/9/1c5c1/p1p1p1p1p/9/9/P1P1P1P1P/4C2C1/9/RNBAKABNR b,-0.0017805815,110
r1bakabnr/9/1cn4c1/p1p1p1p1p/9/9/P1P1P1P1P/4C2C1/9/RNBAKABNR w,0.0018357992,7445
r1bakabnr/9/1cn4c1/p1p1p1p1p/9/9/P1P1P1P1P/2N1C2C1/9/R1BAKABNR b,-0.0018223763,562
r1baka1nr/9/1cn1b2c1/p1p1p1p1p/9/9/P1P1P1P1P/2N1C2C1/9/R1BAKABNR w,0.0019499302,7372
r1baka1nr/9/1cn1b2c1/p1p1p1p1p/9/9/P1P1P1P1P/2N1C2C1/9/1RBAKABNR b,-0.0017724872,1
1rbaka1nr/9/1cn1b2c1/p1p1p1p1p/9/9/P1P1P1P1P/2N1C2C1/9/1RBAKABNR w,0.0017125607,6368
1rbaka1nr/9/1cn1b2c1/p1p1p1p1p/9/9/P1P1P1P1P/2N1CC3/9/1RBAKABNR b,-0.0012594104,654
1rbaka2r/9/1cn1b1nc1/p1p1p1p1p/9/9/P1P1P1P1P/2N1CC3/9/1RBAKABNR w,0.0016003847,7989
1rbaka2r/9/1cn1b1nc1/p1p1p1p1p/9/9/P1P1P1P1P/2N1CCN2/9/1RBAKAB1R b,-0.001368165,3012
1rbaka2r/9/1cn1b1nc1/p1p1p3p/6p2/9/P1P1P1P1P/2N1CCN2/9/1RBAKAB1R w,0.0018723011,8098
1rbaka2r/9/1cn1b1nc1/p1p1p3p/6p2/9/P1P1P1P1P/2N1CCN2/9/1RBAKABR1 b,-0.0020286203,727
1rbaka1r1/9/1cn1b1nc1/p1p1p3p/6p2/9/P1P1P1P1P/2N1CCN2/9/1RBAKABR1 w,0.0025545598,5087
1rbaka1r1/9/1cn1b1nc1/p1p1p3p/6p2/2P6/P3P1P1P/2N1CCN2/9/1RBAKABR1 b,-0.0021549107,1765
1rbaka1r1/9/2n1b1nc1/p1p1p3p/6p2/2P6/Pc2P1P1P/2N1CCN2/9/1RBAKABR1 w,0.005224371,5898
1rbaka1r1/9/2n1b1nc1/p1p1p3p/6p2/2PN5/Pc2P1P1P/4CCN2/9/1RBAKABR1 b,-0.0064655663,2311
1rbaka1r1/9/2n1b1n2/p1p1p3p/6p2/2PN5/Pc2P1PcP/4CCN2/9/1RBAKABR1 w,0.007928371,6143
1rbaka1r1/9/2n1bCn2/p1p1p3p/6p2/2PN5/Pc2P1PcP/4C1N2/9/1RBAKABR1 b,-0.008902455,1986
1rbakabr1/9/2n2Cn2/p1p1p3p/6p2/2PN5/Pc2P1PcP/4C1N2/9/1RBAKABR1 w,0.017766332,4351
1rbakabr1/9/2n2Cn2/p1p1N3p/6p2/2P6/Pc2P1PcP/4C1N2/9/1RBAKABR1 b,-0.004766011,1831
1rbakabr1/9/5Cn2/p1p1n3p/6p2/2P6/Pc2P1PcP/4C1N2/9/1RBAKABR1 w,0.0050498727,6061
1rbakabr1/9/5Cn2/p1p1C3p/6p2/2P6/Pc2P1PcP/6N2/9/1RBAKABR1 b,0.009807563,109
2bakabr1/9/1r3Cn2/p1p1C3p/6p2/2P6/Pc2P1PcP/6N2/9/1RBAKABR1 w,0.0022472858,2839
2bakabr1/9/1r3Cn2/p1p5p/6p2/2P1C4/Pc2P1PcP/6N2/9/1RBAKABR1 b,0.0017854453,1733
2bakabr1/9/5rn2/p1p5p/6p2/2P1C4/Pc2P1PcP/6N2/9/1RBAKABR1 w,0.009629083,7435
2bakabr1/9/5rn2/p1p5p/6p2/2P1C4/PR2P1PcP/6N2/9/2BAKABR1 b,-0.0070329546,2201
2bakabr1/9/5r3/p1p5p/5np2/2P1C4/PR2P1PcP/6N2/9/2BAKABR1 w,0.013608599,4987
2bakabr1/9/5r3/p1p5p/1R3np2/2P1C4/P3P1PcP/6N2/9/2BAKABR1 b,-0.008469939,3750
2bakabr1/9/5r3/p1p5p/1R4p2/2P1C4/P3P1ncP/6N2/9/2BAKABR1 w,0.018126393,3372
2bakabr1/9/5r3/p1p5p/6R2/2P1C4/P3P1ncP/6N2/9/2BAKABR1 b,-0.005569172,5449
2bakabr1/9/5r3/p1p5p/6R2/2P1n4/P3P2cP/6N2/9/2BAKABR1 w,0.0057559013,5269
2bakabr1/9/5r3/p1p5p/6R2/2P1P4/P6cP/6N2/9/2BAKABR1 b,0.00047535897,5560
2bakabr1/9/5r3/p1p5p/6R2/2P1P4/P7P/6Nc1/9/2BAKABR1 w,0.0004387379,3813
2bakabr1/9/5r3/p1p3R1p/9/2P1P4/P7P/6Nc1/9/2BAKABR1 b,0.0059468034,2138
2bakabr1/9/9/p1p3R1p/9/2P1P4/P7P/5rNc1/9/2BAKABR1 w,0.016901636,7816
2bakabr1/9/9/p1p3R1p/9/2P1P4/P7P/5rNc1/4A4/2BAK1BR1 b,-0.0076609137,6179
2bakabr1/9/9/p1p3R1p/9/2P1P4/P4r2P/6Nc1/4A4/2BAK1BR1 w,0.018914271,6262
2bakabr1/9/9/p1p3R1p/9/2P1P2N1/P4r2P/7c1/4A4/2BAK1BR1 b,0.0123959305,682
2bakab2/9/9/p1p3R1p/9/2P1P2r1/P4r2P/7c1/4A4/2BAK1BR1 w,-0.009580064,2976
2bakaR2/9/9/p1p5p/9/2P1P2r1/P4r2P/7c1/4A4/2BAK1BR1 b,0.021776129,6361
2bakaR2/9/9/p1p5p/9/2P1P2r1/P4r1cP/9/4A4/2BAK1BR1 w,-0.014513231,573
2baka3/9/9/p1p3R1p/9/2P1P2r1/P4r1cP/9/4A4/2BAK1BR1 b,0.025596667,4729
2baka3/9/9/p1p3R1p/9/2P1r4/P4r1cP/9/4A4/2BAK1BR1 w,-0.00950501,7897
2baka3/9/9/p1p3R1p/9/2P1r4/P4r1cP/4B4/4A4/2BAK2R1 b,0.019524598,5544
2baka3/9/9/p1p3R1p/9/2P1r4/c4r2P/4B4/4A4/2BAK2R1 w,-0.013639438,2999
2baka3/9/9/p1R5p/9/2P1r4/c4r2P/4B4/4A4/2BAK2R1 b,0.018645143,5372
2baka3/9/9/p1R5p/9/2P1r4/c7r/4B4/4A4/2BAK2R1 w,-0.015142071,2637
2baka3/9/9/R7p/9/2P1r4/c7r/4B4/4A4/2BAK2R1 b,0.023490477,4918
2baka3/9/9/R7p/9/2P1r4/4c3r/4B4/4A4/2BAK2R1 w,-0.023754848,2462
2baka3/9/9/5R2p/9/2P1r4/4c3r/4B4/4A4/2BAK2R1 b,0.035986662,4457
2baka3/9/9/5R2p/9/2r6/4c3r/4B4/4A4/2BAK2R1 w,-0.012367236,2911
2baka3/9/9/4R3p/9/2r6/4c3r/4B4/4A4/2BAK2R1 b,0.01601305,202
3aka3/9/4b4/4R3p/9/2r6/4c3r/4B4/4A4/2BAK2R1 w,0.0033552647,2848
3aka3/9/4b4/8p/9/2r6/4R3r/4B4/4A4/2BAK2R1 b,0.0014311075,5638
3aka3/9/4b4/8p/9/2r6/4r4/4B4/4A4/2BAK2R1 w,0.0022951127,6077
3aka3/9/4b4/8p/9/2B6/4r4/9/4A4/2BAK2R1 b,-0.0011837721,3194
3aka3/9/4b4/9/8p/2B6/4r4/9/4A4/2BAK2R1 w,0.0032594681,4297
3aka3/9/4b4/9/8p/9/4r4/4B4/4A4/2BAK2R1 b,-0.0013530016,5260
3aka3/9/4b4/9/4r3p/9/9/4B4/4A4/2BAK2R1 w,0.002712369,8007
3aka3/9/4b4/9/4r3p/9/9/4B4/4A4/2BAK1R2 b,0.000995946,3631
3aka3/9/4b4/4r4/8p/9/9/4B4/4A4/2BAK1R2 w,0.00051600934,7916
3aka3/9/4b4/4r4/8p/9/9/4B4/4A4/2BAKR3 b,0.00006659031,1982
2baka3/9/9/4r4/8p/9/9/4B4/4A4/2BAKR3 w,0.000877738,7781
2baka3/9/9/4r4/5R2p/9/9/4B4/4A4/2BAK4 b,0.0004929543,2825
2baka3/9/9/8r/5R2p/9/9/4B4/4A4/2BAK4 w,0.00055162905,3730
2baka3/9/9/8r/4R3p/9/9/4B4/4A4/2BAK4 b,-0.0009263873,463
2bak4/4a4/9/8r/4R3p/9/9/4B4/4A4/2BAK4 w,0.003867936,3643
2bak4/4a4/9/8r/7Rp/9/9/4B4/4A4/2BAK4 b,-0.0019120335,3176
2bak4/4a4/8r/9/7Rp/9/9/4B4/4A4/2BAK4 w,0.00044639112,3877
2bak2R1/4a4/8r/9/8p/9/9/4B4/4A4/2BAK4 b,0.00065004826,1175
2baka1R1/9/8r/9/8p/9/9/4B4/4A4/2BAK4 w,0.0007151127,682
2baka3/9/8r/9/8p/7R1/9/4B4/4A4/2BAK4 b,0.0016467095,4013
2baka3/9/8r/9/9/7Rp/9/4B4/4A4/2BAK4 w,-0.0010796309,4729
2baka3/9/8r/9/9/4R3p/9/4B4/4A4/2BAK4 b,0.0012363434,463
2bak4/4a4/8r/9/9/4R3p/9/4B4/4A4/2BAK4 w,0.0006878376,4460
2bak4/4a4/8r/9/9/5R2p/9/4B4/4A4/2BAK4 b,-0.00016902685,2384
2bak4/4a4/9/9/8r/5R2p/9/4B4/4A4/2BAK4 w,0.00043790342,6081
2bak4/4a4/9/9/8r/5RB1p/9/9/4A4/2BAK4 b,0.002627182,4822
2bak4/4a4/9/9/8r/5RBp1/9/9/4A4/2BAK4 w,-0.0016423702,4657
2bak4/4a4/9/9/8r/5R1p1/9/4B4/4A4/2BAK4 b,0.0021770478,4049
2bak4/4a4/9/9/9/5R1p1/9/4B4/4A4/2BAK3r w,0.0028347017,6926
2bak4/4a4/9/9/9/5R1p1/9/4B4/9/2BAKA2r b,0.0010343314,8063
2bak4/4a4/9/9/9/5R1pr/9/4B4/9/2BAKA3 w,0.005219269,6117
2bak4/4a4/9/9/9/5R1pr/9/9/9/2BAKAB2 b,-0.0030097484,202
3ak4/4a4/4b4/9/9/5R1pr/9/9/9/2BAKAB2 w,0.0039193155,4549
3ak4/4a4/4b4/9/9/4R2pr/9/9/9/2BAKAB2 b,-0.000542593,1982
2bak4/4a4/9/9/9/4R2pr/9/9/9/2BAKAB2 w,0.0034366369,4486
2bak4/4a4/9/9/9/7pr/9/9/4R4/2BAKAB2 b,-0.0057168487,4832
2bak4/4a4/9/9/9/7p1/8r/9/4R4/2BAKAB2 w,0.009475398,6919
2bak4/4a4/9/9/9/7p1/8r/9/7R1/2BAKAB2 b,-0.00082023145,5638
2bak4/4a4/9/9/9/7p1/4r4/9/7R1/2BAKAB2 w,0.0009939909,7897
2bak4/4a4/9/9/9/7p1/4r4/4B4/7R1/2BAKA3 b,0.000029158593,4741
2bak4/4a4/9/9/9/9/4r2p1/4B4/7R1/2BAKA3 w,0.00046951772,7816
2bak4/4a4/9/9/9/9/4r2p1/4B4/4A2R1/2BAK4 b,0.0024642467,5280
2bak4/4a4/9/9/9/9/6rp1/4B4/4A2R1/2BAK4 w,-0.0009226203,7187
2bak4/4a4/9/9/9/9/6rp1/4B4/4AR3/2BAK4 b,0.0021107197,5560
2bak4/4a4/9/9/9/9/6r2/4B2p1/4AR3/2BAK4 w,-0.0013424278,6980
2bak4/4a4/9/9/9/5R3/6r2/4B2p1/4A4/2BAK4 b,0.0022630214,6379
2bak4/4a4/9/9/9/5R3/6r2/4B4/4A2p1/2BAK4 w,-0.00070952176,4551
2bak4/4a4/9/9/9/6R2/6r2/4B4/4A2p1/2BAK4 b,0.0022038461,5462
2bak4/4a4/9/9/9/6R2/8r/4B4/4A2p1/2BAK4 w,-0.00052807335,6926
2bak4/4a4/9/9/9/6R2/8r/4B4/7p1/2BAKA3 b,0.00048844813,5639
2bak4/4a4/9/9/9/6R2/5r3/4B4/7p1/2BAKA3 w,-0.0010412693,7636
2bak4/4a4/9/9/9/6R2/5r3/4B4/4A2p1/2B1KA3 b,0.0042718886,202
3ak4/4a4/4b4/9/9/6R2/5r3/4B4/4A2p1/2B1KA3 w,-0.005717516,4642
3ak4/4a4/4b4/9/9/7R1/5r3/4B4/4A2p1/2B1KA3 b,0.0046830177,7188
3ak4/4a4/4b4/9/9/7R1/5r3/4B4/4A1p2/2B1KA3 w,-0.002287364,4687
3ak2R1/4a4/4b4/9/9/9/5r3/4B4/4A1p2/2B1KA3 b,0.0015694142,1175
3aka1R1/9/4b4/9/9/9/5r3/4B4/4A1p2/2B1KA3 w,-0.0005749464,655
3aka3/9/4b2R1/9/9/9/5r3/4B4/4A1p2/2B1KA3 b,0.0025338174,1986
3akab2/9/7R1/9/9/9/5r3/4B4/4A1p2/2B1KA3 w,-0.0018438221,2274
3akab2/9/6R2/9/9/9/5r3/4B4/4A1p2/2B1KA3 b,0.0020511628,7097
3akab2/9/6R2/9/9/9/5r3/4B4/4Ap3/2B1KA3 w,-0.0006178141,2166
3akaR2/9/9/9/9/9/5r3/4B4/4Ap3/2B1KA3 b,0.00018610955,283
4kaR2/4a4/9/9/9/9/5r3/4B4/4Ap3/2B1KA3 w,0.0008090258,591
4ka3/4a4/9/9/9/6R2/5r3/4B4/4Ap3/2B1KA3 b,-0.004575038,7016
4ka3/4a4/9/9/9/6R2/5r3/4B4/4A4/2B1Kp3 w,0.005184889,6926
4ka3/4a4/9/9/9/6R2/5r3/4B4/9/2B1KA3 b,-0.0047273277,5367
4ka3/4a4/9/9/9/6R2/3r5/4B4/9/2B1KA3 w,0.004803443,4637
4ka3/4a4/9/9/9/2R6/3r5/4B4/9/2B1KA3 b,-0.0030070306,363
3k1a3/4a4/9/9/9/2R6/3r5/4B4/9/2B1KA3 w,0.00059068203,4232
2Rk1a3/4a4/9/9/9/9/3r5/4B4/9/2B1KA3 b,-0.0036236406,282
2R2a3/3ka4/9/9/9/9/3r5/4B4/9/2B1KA3 w,0.0020000457,7816
2R2a3/3ka4/9/9/9/9/3r5/4B4/4A4/2B1K4 b,0.0020163774,1101
2R2a3/4a4/3k5/9/9/9/3r5/4B4/4A4/2B1K4 w,-0.0070767165,200
5a3/4a4/2Rk5/9/9/9/3r5/4B4/4A4/2B1K4 b,0.0014650346,1902
5a3/3ka4/2R6/9/9/9/3r5/4B4/4A4/2B1K4 w,-0.012101031,1811
5a3/2Rka4/9/9/9/9/3r5/4B4/4A4/2B1K4 b,0.0047324183,1101
5a3/2R1a4/3k5/9/9/9/3r5/4B4/4A4/2B1K4 w,0.0068351747,992
2R2a3/4a4/3k5/9/9/9/3r5/4B4/4A4/2B1K4 b,-0.0020563842,1902
2R2a3/3ka4/9/9/9/9/3r5/4B4/4A4/2B1K4 w,0,191
rnbakabnr/9/1c5c1/p1p1p1p1p/9/9/P1P1P1P1P/1C5C1/9/RNBAKABNR w,0.80181664,5827
rnbakabnr/9/1c5c1/p1p1p1p1p/9/9/P1P1P1P1P/4C2C1/9/RNBAKABNR b,-0.80180675,110
r1bakabnr/9/1cn4c1/p1p1p1p1p/9/9/P1P1P1P1P/4C2C1/9/RNBAKABNR w,0.8018244,7445
r1bakabnr/9/1cn4c1/p1p1p1p1p/9/9/P1P1P1P1P/2N1C2C1/9/R1BAKABNR b,-0.80183786,562
r1baka1nr/9/1cn1b2c1/p1p1p1p1p/9/9/P1P1P1P1P/2N1C2C1/9/R1BAKABNR w,0.801942,7372
r1baka1nr/9/1cn1b2c1/p1p1p1p1p/9/9/P1P1P1P1P/2N1C2C1/9/1RBAKABNR b,-0.8017706,1
1rbaka1nr/9/1cn1b2c1/p1p1p1p1p/9/9/P1P1P1P1P/2N1C2C1/9/1RBAKABNR w,0.8017126,6368
1rbaka1nr/9/1cn1b2c1/p1p1p1p1p/9/9/P1P1P1P1P/2N1CC3/9/1RBAKABNR b,-0.8012761,654
1rbaka2r/9/1cn1b1nc1/p1p1p1p1p/9/9/P1P1P1P1P/2N1CC3/9/1RBAKABNR w,0.8015947,7989
1rbaka2r/9/1cn1b1nc1/p1p1p1p1p/9/9/P1P1P1P1P/2N1CCN2/9/1RBAKAB1R b,-0.8013484,3012
1rbaka2r/9/1cn1b1nc1/p1p1p3p/6p2/9/P1P1P1P1P/2N1CCN2/9/1RBAKAB1R w,0.8018736,8098
1rbaka2r/9/1cn1b1nc1/p1p1p3p/6p2/9/P1P1P1P1P/2N1CCN2/9/1RBAKABR1 b,-0.80201256,727
1rbaka1r1/9/1cn1b1nc1/p1p1p3p/6p2/9/P1P1P1P1P/2N1CCN2/9/1RBAKABR1 w,0.8027632,5087
1rbaka1r1/9/1cn1b1nc1/p1p1p3p/6p2/2P6/P3P1P1P/2N1CCN2/9/1RBAKABR1 b,-0.8020396,1765
1rbaka1r1/9/2n1b1nc1/p1p1p3p/6p2/2P6/Pc2P1P1P/2N1CCN2/9/1RBAKABR1 w,0.80470604,5898
1rbaka1r1/9/2n1b1nc1/p1p1p3p/6p2/2PN5/Pc2P1P1P/4CCN2/9/1RBAKABR1 b,-0.80641043,2311
1rbaka1r1/9/2n1b1n2/p1p1p3p/6p2/2PN5/Pc2P1PcP/4CCN2/9/1RBAKABR1 w,0.8079075,6143
1rbaka1r1/9/2n1bCn2/p1p1p3p/6p2/2PN5/Pc2P1PcP/4C1N2/9/1RBAKABR1 b,-0.80904377,1986
1rbakabr1/9/2n2Cn2/p1p1p3p/6p2/2PN5/Pc2P1PcP/4C1N2/9/1RBAKABR1 w,0.81814575,4351
1rbakabr1/9/2n2Cn2/p1p1N3p/6p2/2P6/Pc2P1PcP/4C1N2/9/1RBAKABR1 b,-0.80481404,1831
1rbakabr1/9/5Cn2/p1p1n3p/6p2/2P6/Pc2P1PcP/4C1N2/9/1RBAKABR1 w,0.80506545,6061
1rbakabr1/9/5Cn2/p1p1C3p/6p2/2P6/Pc2P1PcP/6N2/9/1RBAKABR1 b,-0.7909604,109
2bakabr1/9/1r3Cn2/p1p1C3p/6p2/2P6/Pc2P1PcP/6N2/9/1RBAKABR1 w,0.8022862,2839
2bakabr1/9/1r3Cn2/p1p5p/6p2/2P1C4/Pc2P1PcP/6N2/9/1RBAKABR1 b,-0.7983558,1733
2bakabr1/9/5rn2/p1p5p/6p2/2P1C4/Pc2P1PcP/6N2/9/1RBAKABR1 w,0.80966914,7435
2bakabr1/9/5rn2/p1p5p/6p2/2P1C4/PR2P1PcP/6N2/9/2BAKABR1 b,-0.8070279,2201
2bakabr1/9/5r3/p1p5p/5np2/2P1C4/PR2P1PcP/6N2/9/2BAKABR1 w,0.8141313,4987
2bakabr1/9/5r3/p1p5p/1R3np2/2P1C4/P3P1PcP/6N2/9/2BAKABR1 b,-0.8082788,3750
2bakabr1/9/5r3/p1p5p/1R4p2/2P1C4/P3P1ncP/6N2/9/2BAKABR1 w,0.81837726,3372
2bakabr1/9/5r3/p1p5p/6R2/2P1C4/P3P1ncP/6N2/9/2BAKABR1 b,-0.8054496,5449
2bakabr1/9/5r3/p1p5p/6R2/2P1n4/P3P2cP/6N2/9/2BAKABR1 w,0.8055982,5269
2bakabr1/9/5r3/p1p5p/6R2/2P1P4/P6cP/6N2/9/2BAKABR1 b,-0.7997824,5560
2bakabr1/9/5r3/p1p5p/6R2/2P1P4/P7P/6Nc1/9/2BAKABR1 w,0.8091266,7999
2bakabr1/9/5r3/p1p5p/6R2/2P1P4/P7P/6Nc1/7R1/2BAKAB2 b,-0.7984724,2138
2bakabr1/9/9/p1p5p/6R2/2P1P4/P7P/5rNc1/7R1/2BAKAB2 w,0.8108509,7897
2bakabr1/9/9/p1p5p/6R2/2P1P4/P7P/4BrNc1/7R1/2BAKA3 b,-0.8034087,562
2baka1r1/9/4b4/p1p5p/6R2/2P1P4/P7P/4BrNc1/7R1/2BAKA3 w,0.8152635,3840
2baka1r1/9/4b4/p1p5p/9/2P1P4/P5R1P/4BrNc1/7R1/2BAKA3 b,-0.80412984,6170
2baka1r1/9/4b4/p1p5p/9/2P1Pr3/P5R1P/4B1Nc1/7R1/2BAKA3 w,0.82304054,5458
2baka1r1/9/4b4/p1p5p/9/2P1Pr3/P3R3P/4B1Nc1/7R1/2BAKA3 b,-0.8109231,4541
2baka1r1/9/4b4/p1p5p/5r3/2P1P4/P3R3P/4B1Nc1/7R1/2BAKA3 w,0.8207541,4450
2baka1r1/9/4b4/p1p5p/4Pr3/2P6/P3R3P/4B1Nc1/7R1/2BAKA3 b,-0.8043145,3758
2baka1r1/9/4b4/p1p5p/4P4/2P6/P3R3P/4BrNc1/7R1/2BAKA3 w,0.8183419,5280
2baka1r1/9/4b4/p1p5p/4P4/2P6/P5R1P/4BrNc1/7R1/2BAKA3 b,-0.8067727,2648
2baka1r1/9/4b4/p7p/2p1P4/2P6/P5R1P/4BrNc1/7R1/2BAKA3 w,0.8221579,4268
2baka1r1/9/4b4/p7p/2P1P4/9/P5R1P/4BrNc1/7R1/2BAKA3 b,-0.8104662,2018
2baka1r1/9/9/p7p/2b1P4/9/P5R1P/4BrNc1/7R1/2BAKA3 w,0.8179403,5451
2baka1r1/9/9/p7p/2b1P4/6R2/P7P/4BrNc1/7R1/2BAKA3 b,-0.8098734,6361
2baka1r1/9/9/p7p/2b1P4/6R2/P6cP/4BrN2/7R1/2BAKA3 w,0.82638747,6117
2baka1r1/9/9/p7p/2b1P4/6R2/P6cP/5rN2/7R1/2BAKAB2 b,-0.8200924,673
2baka3/9/9/p7p/2b1P2r1/6R2/P6cP/5rN2/7R1/2BAKAB2 w,0.82590115,6260
2baka3/9/9/p7p/2b1P2r1/5NR2/P6cP/5r3/7R1/2BAKAB2 b,-0.80448765,6179
2baka3/9/9/p7p/2b1P2r1/5NR2/P4r1cP/9/7R1/2BAKAB2 w,0.818158,4533
2baka3/9/9/p5N1p/2b1P2r1/6R2/P4r1cP/9/7R1/2BAKAB2 b,-0.8059561,3442
2baka3/9/4b4/p5N1p/4P2r1/6R2/P4r1cP/9/7R1/2BAKAB2 w,0.8283826,3631
2baka3/9/4b4/p3P1N1p/7r1/6R2/P4r1cP/9/7R1/2BAKAB2 b,-0.80809283,2018
2baka3/9/9/p3P1N1p/2b4r1/6R2/P4r1cP/9/7R1/2BAKAB2 w,0.81927925,4639
2baka3/9/9/p3P1N1p/2b4r1/4R4/P4r1cP/9/7R1/2BAKAB2 b,-0.7966401,3912
2baka3/9/9/p3P1N1p/2b3r2/4R4/P4r1cP/9/7R1/2BAKAB2 w,0.80984706,2984
2baka3/5N3/9/p3P3p/2b3r2/4R4/P4r1cP/9/7R1/2BAKAB2 b,-0.79141587,283
2b1ka3/4aN3/9/p3P3p/2b3r2/4R4/P4r1cP/9/7R1/2BAKAB2 w,0.7922504,1285
2b1ka3/4a4/7N1/p3P3p/2b3r2/4R4/P4r1cP/9/7R1/2BAKAB2 b,-0.7877053,3867
2b1ka3/4a4/7N1/p3P3p/2b6/4R4/P4r1cP/9/7R1/2BAKAr2 w,0.80262095,7636
2b1ka3/4a4/7N1/p3P3p/2b6/4R4/P4r1cP/9/4A2R1/2B1KAr2 b,-0.7897064,7863
2b1ka3/4a4/7N1/p3P1r1p/2b6/4R4/P4r1cP/9/4A2R1/2B1KA3 w,0.80447036,2282
2b1ka3/4a4/9/p3PNr1p/2b6/4R4/P4r1cP/9/4A2R1/2B1KA3 b,-0.7898118,5550
2b1ka3/4a4/9/p3PNr1p/2b6/4R4/P4rc1P/9/4A2R1/2B1KA3 w,0.8112419,7188
2b1ka3/4a4/9/p3PNr1p/2b6/4R4/P4rc1P/9/4A1R2/2B1KA3 b,-0.80371165,5469
2b1ka3/4a4/9/p3PNr1p/2b6/4R4/P4r2P/6c2/4A1R2/2B1KA3 w,0.8228747,4450
2b1ka3/4a4/9/p3PNr1p/2b1R4/9/P4r2P/6c2/4A1R2/2B1KA3 b,-0.80447215,202
4ka3/4a4/4b4/p3PNr1p/2b1R4/9/P4r2P/6c2/4A1R2/2B1KA3 w,0.8116363,3667
4ka3/4a4/4b4/p3PNr1p/2b6/9/P4r2P/4R1c2/4A1R2/2B1KA3 b,-0.7962659,6252
4ka3/4a4/4b4/p3PNr1p/2b3c2/9/P4r2P/4R4/4A1R2/2B1KA3 w,0.81532156,6070
4ka3/4a4/4b4/p3PNr1p/2b1R1c2/9/P4r2P/9/4A1R2/2B1KA3 b,-0.8010587,3840
4ka3/4a4/4b4/p3PNr1p/2b1R4/9/P4rc1P/9/4A1R2/2B1KA3 w,0.8079081,2929
4ka3/4a4/4b4/p3P1r1p/2b1R4/4N4/P4rc1P/9/4A1R2/2B1KA3 b,-0.7918499,5360
4ka3/4a4/4b4/p3P1r1p/2b1R4/4Nr3/P5c1P/9/4A1R2/2B1KA3 w,0.8168379,7537
4ka3/4a4/4b4/p3P1r1p/2b1R4/4Nr3/P5c1P/4B4/4A1R2/4KA3 b,-0.8007,5458
4ka3/4a4/4b4/p3P1r1p/2b1R4/4Nr3/P3c3P/4B4/4A1R2/4KA3 w,0.8017953,7053
4ka3/4a4/4b4/p3P1R1p/2b1R4/4Nr3/P3c3P/4B4/4A4/4KA3 b,-0.7881078,5260
4ka3/4a4/4b4/p3P1R1p/2b1c4/4Nr3/P7P/4B4/4A4/4KA3 w,0.796465,4476
4ka3/4a4/4b4/p3P1R1p/2b1c4/5r3/P7P/3NB4/4A4/4KA3 b,-0.77760124,4546
4ka3/4a4/4b4/p3P1R1p/2b1c4/1r7/P7P/3NB4/4A4/4KA3 w,0.7995728,7734
4ka3/4a4/4b4/p3P1R1p/2b1c4/1r7/P7P/3NB4/4A4/3K1A3 b,-0.7998071,4222
4ka3/4a4/4b4/p3P1R1p/2b1c4/9/P7P/3NB4/4A4/1r1K1A3 w,0.80212593,7635
4ka3/4a4/4b4/p3P1R1p/2b1c4/9/P7P/3NB4/3KA4/1r3A3 b,-0.79954326,7426
4ka3/4a4/4b4/p3P1R1p/2b1c4/1r7/P7P/3NB4/3KA4/5A3 w,0.8119207,5987
4ka3/4a4/4b4/p3P1R1p/2b1c4/1rN6/P7P/4B4/3KA4/5A3 b,-0.8072824,3643
4ka3/4a4/4b4/p3P1R1p/2b4c1/1rN6/P7P/4B4/3KA4/5A3 w,0.81270564,2812
4ka3/4a4/4P4/p5R1p/2b4c1/1rN6/P7P/4B4/3KA4/5A3 b,-0.799776,3442
4ka3/4a4/4b4/p5R1p/7c1/1rN6/P7P/4B4/3KA4/5A3 w,0.8134183,4258
4ka3/4a4/4b4/pN4R1p/7c1/1r7/P7P/4B4/3KA4/5A3 b,-0.7942373,3949
4ka3/4a4/4b4/pN4R1p/9/1r7/P7P/4B4/3KA2c1/5A3 w,0.8225831,6908
4ka3/4a4/4b4/pN4R1p/9/1r7/P7P/4BA3/3K3c1/5A3 b,-0.8087234,4188
4ka3/4a4/4b4/pN4R1p/9/3r5/P7P/4BA3/3K3c1/5A3 w,0.80703336,6826
4ka3/4a4/4b4/pN4R1p/9/3r5/P7P/4BA3/4K2c1/5A3 b,-0.80296385,363
3k1a3/4a4/4b4/pN4R1p/9/3r5/P7P/4BA3/4K2c1/5A3 w,0.80551666,3005
3k1a3/4a4/4b4/pN6R/9/3r5/P7P/4BA3/4K2c1/5A3 b,-0.7998875,2466
3k1a3/4a4/4b4/1N6R/p8/3r5/P7P/4BA3/4K2c1/5A3 w,0.80054593,3184
3k1a3/4a4/4b4/1N5R1/p8/3r5/P7P/4BA3/4K2c1/5A3 b,-0.8034972,7190
3k1a3/4a4/4b4/1N5R1/p8/3r5/P7P/4BA3/4K3c/5A3 w,0.81020254,3121
3k1a3/4a4/4b4/1N7/p8/3r5/P6RP/4BA3/4K3c/5A3 b,-0.78942406,7289
3k1a3/4a4/4b4/1N7/p8/3r5/P6RP/4BA3/4K4/5A2c w,0.8021056,5578
3k1a3/4a4/4b4/1N7/p8/3r5/P7P/4BA3/4K4/5A1Rc b,-0.79987836,8090
3k1a3/4a4/4b4/1N7/p8/3r5/P7P/4BA3/4K3c/5A1R1 w,0.80929136,7954
3k1a3/4a4/4b4/1N5R1/p8/3r5/P7P/4BA3/4K3c/5A3 b,-0.7888209,7289
3k1a3/4a4/4b4/1N5R1/p8/3r5/P7P/4BA3/4K4/5A2c w,0.8145936,6117
3k1a3/4a4/4b4/1N5R1/p8/3r5/P7P/5A3/4K4/5AB1c b,-0.8228209,4395
3k1a3/4a4/4b4/1N5R1/p8/9/P7P/5A3/3rK4/5AB1c w,0.81158453,6925
3k1a3/4a4/4b4/1N5R1/p8/9/P7P/5A3/3r5/4KAB1c b,-0.81659156,6834
3k1a3/4a4/4b4/1N5R1/p8/9/P7P/5A3/9/3rKAB1c w,0.8148136,7726
3k1a3/4a4/4b4/1N5R1/p8/9/P7P/5A3/4K4/3r1AB1c b,-0.7997904,8096
3k1a3/4a4/4b4/1N5R1/p8/9/P7P/5A3/4K4/3r1cB2 w,0.80388814,5633
3k1a3/4a4/4b4/1N5R1/p8/8P/P8/5A3/4K4/3r1cB2 b,-0.80718404,7635
3k1a3/4a4/4b4/1N5R1/p8/8P/P8/5A3/3rK4/5cB2 w,0.80288786,6925
3k1a3/4a4/4b4/1N5R1/p8/8P/P8/5A3/3r5/4KcB2 b,-0.799991,7817
3k1a3/4a4/4b4/1N5R1/p8/8P/P8/5A3/3r1c3/4K1B2 w,0.7995614,3091
3k1a3/4a4/4b4/1N2R4/p8/8P/P8/5A3/3r1c3/4K1B2 b,-0.7811776,2018
3k1a3/4a4/9/1N2R4/p1b6/8P/P8/5A3/3r1c3/4K1B2 w,0.80613345,6196
3k1a3/4a4/9/1N2R4/p1b6/8P/P8/9/3rAc3/4K1B2 b,-0.79748327,6953
3k1a3/4a4/5c3/1N2R4/p1b6/8P/P8/9/3rA4/4K1B2 w,0.80458945,4814
3k1a3/4a4/5c3/1N2R4/p1b5P/9/P8/9/3rA4/4K1B2 b,-0.7936183,2089
3k1a3/4a4/1c7/1N2R4/p1b5P/9/P8/9/3rA4/4K1B2 w,0.8033118,2819
3k1a3/4a4/1c7/1NR6/p1b5P/9/P8/9/3rA4/4K1B2 b,-0.8044951,3442
3k1a3/4a4/1c2b4/1NR6/p7P/9/P8/9/3rA4/4K1B2 w,0.8069636,2630
3k1a3/4a4/1cR1b4/1N7/p7P/9/P8/9/3rA4/4K1B2 b,-0.80064446,1720
3k1a3/1c2a4/2R1b4/1N7/p7P/9/P8/9/3rA4/4K1B2 w,0.80313987,1822
3k1a3/1c2a4/4R4/1N7/p7P/9/P8/9/3rA4/4K1B2 b,-0.80186737,6780
3k1a3/1c2a4/4R4/1N1r5/p7P/9/P8/9/4A4/4K1B2 w,0.8125246,2567
3k1a3/1c2a4/4R4/3r5/p7P/2N6/P8/9/4A4/4K1B2 b,-0.81445026,2748
3k1a3/1c2a4/4R4/9/p7P/2Nr5/P8/9/4A4/4K1B2 w,0.8186433,4266
3k1a3/1c2a4/4R4/9/N7P/3r5/P8/9/4A4/4K1B2 b,-0.80217445,982
3k1a3/4a4/4R4/9/N7P/3r5/P8/9/4A4/1c2K1B2 w,0.8157419,6908
3k1a3/4a4/4R4/9/N7P/3r5/P8/5A3/9/1c2K1B2 b,-0.82162255,4404
3k1a3/4a4/4R4/9/N7P/9/P8/5A3/9/1c1rK1B2 w,0.8215344,7726
3k1a3/4a4/4R4/9/N7P/9/P8/5A3/4K4/1c1r2B2 b,-0.8277258,7635
3k1a3/4a4/4R4/9/N7P/9/P8/5A3/3rK4/1c4B2 w,0.8240231,6925
3k1a3/4a4/4R4/9/N7P/9/P8/5A3/3r5/1c2K1B2 b,-0.8182537,1191
3k1a3/9/3aR4/9/N7P/9/P8/5A3/3r5/1c2K1B2 w,0.9963011,1984
3kRa3/9/3a5/9/N7P/9/P8/5A3/3r5/1c2K1B2 b,-0.9963769,282
4Ra3/3k5/3a5/9/N7P/9/P8/5A3/3r5/1c2K1B2 w,1,3269
rnbakabnr/9/1c5c1/p1p1p1p1p/9/9/P1P1P1P1P/1C5C1/9/RNBAKABNR w,0.0017614365,5827
rnbakabnr/9/1c5c1/p1p1p1p1p/9/9/P1P1P1P1P/4C2C1/9/RNBAKABNR b,-0.0017805815,110
r1bakabnr/9/1cn4c1/p1p1p1p1p/9/9/P1P1P1P1P/4C2C1/9/RNBAKABNR w,0.0018176556,7445
r1bakabnr/9/1cn4c1/p1p1p1p1p/9/9/P1P1P1P1P/2N1C2C1/9/R1BAKABNR b,-0.0018071294,562
r1baka1nr/9/1cn1b2c1/p1p1p1p1p/9/9/P1P1P1P1P/2N1C2C1/9/R1BAKABNR w,0.0019465685,7372
r1baka1nr/9/1cn1b2c1/p1p1p1p1p/9/9/P1P1P1P1P/2N1C2C1/9/1RBAKABNR b,-0.0017663479,1
1rbaka1nr/9/1cn1b2c1/p1p1p1p1p/9/9/P1P1P1P1P/2N1C2C1/9/1RBAKABNR w,0.0016990424,6368
1rbaka1nr/9/1cn1b2c1/p1p1p1p1p/9/9/P1P1P1P1P/2N1CC3/9/1RBAKABNR b,-0.0012771249,654
1rbaka2r/9/1cn1b1nc1/p1p1p1p1p/9/9/P1P1P1P1P/2N1CC3/9/1RBAKABNR w,0.0015803337,7989
1rbaka2r/9/1cn1b1nc1/p1p1p1p1p/9/9/P1P1P1P1P/2N1CCN2/9/1RBAKAB1R b,-0.001368165,3012
1rbaka2r/9/1cn1b1nc1/p1p1p3p/6p2/9/P1P1P1P1P/2N1CCN2/9/1RBAKAB1R w,0.0018735885,8098
1rbaka2r/9/1cn1b1nc1/p1p1p3p/6p2/9/P1P1P1P1P/2N1CCN2/9/1RBAKABR1 b,-0.0018928051,727
1rbaka1r1/9/1cn1b1nc1/p1p1p3p/6p2/9/P1P1P1P1P/2N1CCN2/9/1RBAKABR1 w,0.0027978183,5087
1rbaka1r1/9/1cn1b1nc1/p1p1p3p/6p2/2P6/P3P1P1P/2N1CCN2/9/1RBAKABR1 b,-0.0021535754,1765
1rbaka1r1/9/2n1b1nc1/p1p1p3p/6p2/2P6/Pc2P1P1P/2N1CCN2/9/1RBAKABR1 w,0.0051382068,5898
1rbaka1r1/9/2n1b1nc1/p1p1p3p/6p2/2PN5/Pc2P1P1P/4CCN2/9/1RBAKABR1 b,-0.0063934685,2311
1rbaka1r1/9/2n1b1n2/p1p1p3p/6p2/2PN5/Pc2P1PcP/4CCN2/9/1RBAKABR1 w,0.007931757,6143
1rbaka1r1/9/2n1bCn2/p1p1p3p/6p2/2PN5/Pc2P1PcP/4C1N2/9/1RBAKABR1 b,-0.008902455,1986
1rbakabr1/9/2n2Cn2/p1p1p3p/6p2/2PN5/Pc2P1PcP/4C1N2/9/1RBAKABR1 w,0.018600464,4351
1rbakabr1/9/2n2Cn2/p1p1N3p/6p2/2P6/Pc2P1PcP/4C1N2/9/1RBAKABR1 b,-0.0047813295,1831
1rbakabr1/9/5Cn2/p1p1n3p/6p2/2P6/Pc2P1PcP/4C1N2/9/1RBAKABR1 w,0.005057478,6061
1rbakabr1/9/5Cn2/p1p1C3p/6p2/2P6/Pc2P1PcP/6N2/9/1RBAKABR1 b,0.009373379,109
2bakabr1/9/1r3Cn2/p1p1C3p/6p2/2P6/Pc2P1PcP/6N2/9/1RBAKABR1 w,0.0022862197,2839
2bakabr1/9/1r3Cn2/p1p5p/6p2/2P1C4/Pc2P1PcP/6N2/9/1RBAKABR1 b,0.0016278028,1733
2bakabr1/9/5rn2/p1p5p/6p2/2P1C4/Pc2P1PcP/6N2/9/1RBAKABR1 w,0.009760476,7435
2bakabr1/9/5rn2/p1p5p/6p2/2P1C4/PR2P1PcP/6N2/9/2BAKABR1 b,-0.00648731,2201
2bakabr1/9/5r3/p1p5p/5np2/2P1C4/PR2P1PcP/6N2/9/2BAKABR1 w,0.013429142,4987
2bakabr1/9/5r3/p1p5p/1R3np2/2P1C4/P3P1PcP/6N2/9/2BAKABR1 b,-0.008365214,3750
2bakabr1/9/5r3/p1p5p/1R4p2/2P1C4/P3P1ncP/6N2/9/2BAKABR1 w,0.017500019,3372
2bakabr1/9/5r3/p1p5p/6R2/2P1C4/P3P1ncP/6N2/9/2BAKABR1 b,-0.005449331,5449
2bakabr1/9/5r3/p1p5p/6R2/2P1n4/P3P2cP/6N2/9/2BAKABR1 w,0.0057560443,5269
2bakabr1/9/5r3/p1p5p/6R2/2P1P4/P6cP/6N2/9/2BAKABR1 b,0.0006263495,5560
2bakabr1/9/5r3/p1p5p/6R2/2P1P4/P7P/6Nc1/9/2BAKABR1 w,0.010370374,7999
2bakabr1/9/5r3/p1p5p/6R2/2P1P4/P7P/6Nc1/7R1/2BAKAB2 b,0.0015275956,2138
2bakabr1/9/9/p1p5p/6R2/2P1P4/P7P/5rNc1/7R1/2BAKAB2 w,0.0013080597,3813
2bakabr1/9/9/p1p3R1p/9/2P1P4/P7P/5rNc1/7R1/2BAKAB2 b,-0.0039925813,6361
2bakabr1/9/9/p1p3R1p/9/2P1P4/P6cP/5rN2/7R1/2BAKAB2 w,0.02133534,6290
2bakabr1/9/9/p1p3R1p/9/2P1P4/P6cP/5r3/7RN/2BAKAB2 b,-0.0056054713,5560
2bakabr1/9/9/p1p3R1p/9/2P1P4/P7P/5r1c1/7RN/2BAKAB2 w,0.013582683,2999
2bakabr1/9/9/p1R5p/9/2P1P4/P7P/5r1c1/7RN/2BAKAB2 b,-0.0013314009,682
2bakab2/9/9/p1R5p/9/2P1P2r1/P7P/5r1c1/7RN/2BAKAB2 w,0.013802505,2612
2Rakab2/9/9/p7p/9/2P1P2r1/P7P/5r1c1/7RN/2BAKAB2 b,-0.008083618,4729
2Rakab2/9/9/p7p/9/2P1r4/P7P/5r1c1/7RN/2BAKAB2 w,0.014422393,7186
2Rakab2/9/9/p7p/9/2P1r4/P7P/5r1c1/4R3N/2BAKAB2 b,-0.00020637513,4486
2Rakab2/9/9/p7p/9/2P6/P7P/5r1c1/4r3N/2BAKAB2 w,0.0066125393,7816
2Rakab2/9/9/p7p/9/2P6/P7P/5r1c1/4A3N/2BAK1B2 b,0.0012993098,6179
2Rakab2/9/9/p7p/9/2P6/P4r2P/7c1/4A3N/2BAK1B2 w,0.0041061877,209
3akab2/9/9/p1R5p/9/2P6/P4r2P/7c1/4A3N/2BAK1B2 b,-0.0049548387,6388
3akab2/9/9/p1R5p/9/2P6/P4r2P/9/4A3N/2BAK1Bc1 w,0.004257083,7897
3akab2/9/9/p1R5p/9/2P6/P4r2P/4B4/4A3N/2BAK2c1 b,0.00017156602,8009
3akab2/9/9/p1R5p/9/2P6/P4r2P/4B4/4A3N/2BAK3c w,0.00027964116,7269
3akab2/9/9/p1R5p/9/2P6/P4r2P/4B1N2/4A4/2BAK3c b,0.006621194,5370
3akab2/9/9/p1R5p/9/2P6/P5r1P/4B1N2/4A4/2BAK3c w,-0.0025998713,2641
3akab2/9/9/p3R3p/9/2P6/P5r1P/4B1N2/4A4/2BAK3c b,-0.0035122873,283
4kab2/4a4/9/p3R3p/9/2P6/P5r1P/4B1N2/4A4/2BAK3c w,0.013709927,6268
4kab2/4a4/9/p3R3p/9/2P6/P3N1r1P/4B4/4A4/2BAK3c b,-0.013381779,5461
4kab2/4a4/9/p3R3p/9/2P6/P3N2rP/4B4/4A4/2BAK3c w,0.017315721,5259
4kab2/4a4/9/p3R3p/3N5/2P6/P6rP/4B4/4A4/2BAK3c b,0.0021912814,5578
4kab2/4a4/9/p3R3p/3N5/2P6/P7P/4B4/4A4/2BAK2rc w,-0.03396038,6117
4kab2/4a4/9/p3R3p/3N5/2P6/P7P/9/4A4/2BAK1Brc b,0.08494394,7954
4kab2/4a4/9/p3R2rp/3N5/2P6/P7P/9/4A4/2BAK1B1c w,-0.08312458,6926
4kab2/4a4/9/p3R2rp/3N5/2P6/P7P/9/9/2BAKAB1c b,0.09195614,3091
4kab2/4a4/9/p3r3p/3N5/2P6/P7P/9/9/2BAKAB1c w,-0.09082186,7636
4kab2/4a4/9/p3r3p/3N5/2P6/P7P/9/4A4/2B1KAB1c b,0.095452,2823
4kab2/4a4/9/p5r1p/3N5/2P6/P7P/9/4A4/2B1KAB1c w,-0.08133371,7537
4kab2/4a4/9/p5r1p/3N5/2P6/P7P/4B4/4A4/4KAB1c b,0.0873662,3000
4kab2/4a4/9/p2r4p/3N5/2P6/P7P/4B4/4A4/4KAB1c w,-0.081076436,3568
4kab2/4a4/9/p2r4p/9/2P6/P3N3P/4B4/4A4/4KAB1c b,0.09580789,2731
4kab2/4a4/9/p3r3p/9/2P6/P3N3P/4B4/4A4/4KAB1c w,-0.10006988,5259
4kab2/4a4/9/p3r3p/3N5/2P6/P7P/4B4/4A4/4KAB1c b,0.11140525,2857
4kab2/4a4/9/p7p/3N5/2P6/P7P/4r4/4A4/4KAB1c w,-0.10902422,3538
4kab2/4a4/9/pN6p/9/2P6/P7P/4r4/4A4/4KAB1c b,0.11712279,6061
4kab2/4a4/9/pN2r3p/9/2P6/P7P/9/4A4/4KAB1c w,-0.11855085,2531
4kab2/2N1a4/9/p3r3p/9/2P6/P7P/9/4A4/4KAB1c b,0.122334816,363
3k1ab2/2N1a4/9/p3r3p/9/2P6/P7P/9/4A4/4KAB1c w,-0.118542455,1008
3k1ab2/4a4/N8/p3r3p/9/2P6/P7P/9/4A4/4KAB1c b,0.12998877,2823
3k1ab2/4a4/N8/p5r1p/9/2P6/P7P/9/4A4/4KAB1c w,-0.12212954,1631
3k1ab2/2N1a4/9/p5r1p/9/2P6/P7P/9/4A4/4KAB1c b,0.1334586,2994
3k1ab2/2N1a4/6r2/p7p/9/2P6/P7P/9/4A4/4KAB1c w,-0.12435831,6906
3k1ab2/2N1a4/6r2/p7p/9/2P6/P7P/3A5/9/4KAB1c b,0.11788855,2247
3k1ab2/2N1a4/9/p7p/9/2P6/P7P/3A5/9/4KAr1c w,-0.11363286,4268
3k1ab2/2N1a4/9/p7p/2P6/9/P7P/3A5/9/4KAr1c b,0.13417616,8090
3k1ab2/2N1a4/9/p7p/2P6/9/P7P/3A5/8c/4KAr2 w,-0.12746212,3449
3k1ab2/2N1a4/9/p1P5p/9/9/P7P/3A5/8c/4KAr2 b,0.12454901,7854
3k1ab2/2N1a4/6r2/p1P5p/9/9/P7P/3A5/8c/4KA3 w,-0.11411264,4905
3k1ab2/2N1a4/6r2/p1P5p/9/P8/8P/3A5/8c/4KA3 b,0.11624825,7289
3k1ab2/2N1a4/6r2/p1P5p/9/P8/8P/3A5/9/4KA2c w,-0.11858137,7726
3k1ab2/2N1a4/6r2/p1P5p/9/P8/8P/3A5/4K4/5A2c b,0.12942865,2238
3k1ab2/2N1a4/9/p1P5p/9/P8/8P/3A5/4K1r2/5A2c w,-0.11287291,6907
3k1ab2/2N1a4/9/p1P5p/9/P8/8P/3AK4/6r2/5A2c b,0.14013544,7094
3k1ab2/2N1a4/9/p1P5p/9/P8/8P/3AK4/2r6/5A2c w,-0.1280924,1008
3k1ab2/4a4/N8/p1P5p/9/P8/8P/3AK4/2r6/5A2c b,0.13867067,8090
3k1ab2/4a4/N8/p1P5p/9/P8/8P/3AK4/2r5c/5A3 w,-0.13389947,2640
3k1ab2/4a4/N8/p2P4p/9/P8/8P/3AK4/2r5c/5A3 b,0.13354312,7278
3k1ab2/4a4/N8/p2P4p/9/P8/8P/3AK4/2r3c2/5A3 w,-0.12228949,6098
3k1ab2/4a4/N8/p2P4p/9/P8/8P/3A1K3/2r3c2/5A3 b,0.13244717,274
4kab2/4a4/N8/p2P4p/9/P8/8P/3A1K3/2r3c2/5A3 w,-0.12375327,1621
1N2kab2/4a4/9/p2P4p/9/P8/8P/3A1K3/2r3c2/5A3 b,0.13734888,7095
1N2kab2/4a4/9/p2P4p/9/P8/8P/3A1K3/2rc5/5A3 w,-0.13181919,4086
1N2kab2/4a4/9/p2P4p/P8/9/8P/3A1K3/2rc5/5A3 b,0.13253795,6725
1N2kab2/4a4/9/p2P4p/P8/9/8P/2rA1K3/3c5/5A3 w,-0.122711256,7816
1N2kab2/4a4/9/p2P4p/P8/9/8P/2rA1K3/3cA4/9 b,0.13895145,2466
1N2kab2/4a4/9/3P4p/p8/9/8P/2rA1K3/3cA4/9 w,-0.13946198,102
4kab2/3Na4/9/3P4p/p8/9/8P/2rA1K3/3cA4/9 b,0.1394091,3285
4kab2/3Na4/9/3P4p/9/p8/8P/2rA1K3/3cA4/9 w,-0.13985203,1109
4kab2/4a4/9/2NP4p/9/p8/8P/2rA1K3/3cA4/9 b,0.16347995,6780
4kab2/4a4/9/2Nc4p/9/p8/8P/2rA1K3/4A4/9 w,-0.15963902,2628
4kab2/4a4/N8/3c4p/9/p8/8P/2rA1K3/4A4/9 b,0.16002484,2721
4kab2/4a4/N2c5/8p/9/p8/8P/2rA1K3/4A4/9 w,-0.15913688,6187
4kab2/4a4/N2c5/8p/9/p8/8P/2rAK4/4A4/9 b,0.15978082,1912
4kab2/4a4/N3c4/8p/9/p8/8P/2rAK4/4A4/9 w,-0.15509449,6098
4kab2/4a4/N3c4/8p/9/p8/8P/2rA1K3/4A4/9 b,0.15174113,1999
4kab2/4a4/Nc7/8p/9/p8/8P/2rA1K3/4A4/9 w,-0.15209298,1657
4kab2/4a4/1c7/8p/1N7/p8/8P/2rA1K3/4A4/9 b,0.14937098,5888
4kab2/4a4/1c7/8p/1Nr6/p8/8P/3A1K3/4A4/9 w,-0.14139345,3348
4kab2/4a4/Nc7/8p/2r6/p8/8P/3A1K3/4A4/9 b,0.15205805,3476
4kab2/4a4/Nc7/8p/9/p8/2r5P/3A1K3/4A4/9 w,-0.1493759,1657
4kab2/4a4/1c7/8p/1N7/p8/2r5P/3A1K3/4A4/9 b,0.15471053,5102
4kab2/4a4/1c7/8p/1N7/p8/8r/3A1K3/4A4/9 w,-0.15425782,6197
4kab2/4a4/1c7/8p/1N7/p8/8r/3A5/4AK3/9 b,0.1555922,5639
4kab2/4a4/1c7/8p/1N7/p8/5r3/3A5/4AK3/9 w,-0.1557294,6908
4kab2/4a4/1c7/8p/1N7/p8/5r3/3A1A3/5K3/9 b,0.1599015,1733
4kab2/4a4/5c3/8p/1N7/p8/5r3/3A1A3/5K3/9 w,-0.1406862,3348
4kab2/4a4/N4c3/8p/9/p8/5r3/3A1A3/5K3/9 b,0.16269742,3194
4kab2/4a4/N4c3/9/8p/p8/5r3/3A1A3/5K3/9 w,-0.16348693,7006
4kab2/4a4/N4c3/9/8p/p8/5r3/3A1A3/4K4/9 b,0.17171326,5378
4kab2/4a4/N4c3/9/8p/p8/9/3A1r3/4K4/9 w,-0.17254195,1631
4kab2/2N1a4/5c3/9/8p/p8/9/3A1r3/4K4/9 b,0.17153955,363
3k1ab2/2N1a4/5c3/9/8p/p8/9/3A1r3/4K4/9 w,-0.1697596,1018
3k1ab2/4a4/5c3/1N7/8p/p8/9/3A1r3/4K4/9 b,0.17569187,4096
3k1ab2/4a4/5c3/1N7/8p/1p7/9/3A1r3/4K4/9 w,-0.17596598,2559
3k1ab2/4a4/5c3/9/3N4p/1p7/9/3A1r3/4K4/9 b,0.17678265,4187
3k1ab2/4a4/5c3/9/3N4p/2p6/9/3A1r3/4K4/9 w,-0.17753571,3530
3k1ab2/4a4/2N2c3/9/8p/2p6/9/3A1r3/4K4/9 b,0.17781031,282
5ab2/3ka4/2N2c3/9/8p/2p6/9/3A1r3/4K4/9 w,-0.17104739,1809
5ab2/N2ka4/5c3/9/8p/2p6/9/3A1r3/4K4/9 b,0.17619136,6186
5ab2/N2ka4/5c3/9/8p/2p6/9/3r5/4K4/9 w,-0.15201324,6925
5ab2/N2ka4/5c3/9/8p/2p6/9/3r5/9/4K4 b,0.15161784,6024
5ab2/N2ka4/5c3/9/8p/2p6/9/9/9/3rK4 w,-0.16767418,7726
5ab2/N2ka4/5c3/9/8p/2p6/9/9/4K4/3r5 b,0.17308776,4286
5ab2/N2ka4/5c3/9/8p/9/2p6/9/4K4/3r5 w,-0.13207604,6917
5ab2/N2ka4/5c3/9/8p/9/2p6/9/5K3/3r5 b,0.17605674,7590
5ab2/N2ka4/5c3/3r5/8p/9/2p6/9/5K3/9 w,-0.17740014,830
5ab2/3ka4/2N2c3/3r5/8p/9/2p6/9/5K3/9 b,0.17459655,562
5a3/3ka4/2N1bc3/3r5/8p/9/2p6/9/5K3/9 w,-0.16409594,1827
5a3/3ka4/4bc3/N2r5/8p/9/2p6/9/5K3/9 b,0.16534622,2727
5a3/3ka4/4bc3/r8/8p/9/2p6/9/5K3/9 w,-0.16436468,7016
5a3/3ka4/4bc3/r8/8p/9/2p6/9/9/5K3 b,0.18066065,5097
5a3/3ka4/4bc3/r8/8p/9/3p5/9/9/5K3 w,-0.17773776,7825
5a3/3ka4/4bc3/r8/8p/9/3p5/9/9/4K4 b,0.18841712,2461
5a3/3ka4/4bc3/4r4/8p/9/3p5/9/9/4K4 w,-0.19587849,7734
5a3/3ka4/4bc3/4r4/8p/9/3p5/9/9/3K5 b,0.2,5196
rnbakabnr/9/1c5c1/p1p1p1p1p/9/9/P1P1P1P1P/1C5C1/9/RNBAKABNR w,0.0017614365,5827
rnbakabnr/9/1c5c1/p1p1p1p1p/9/9/P1P1P1P1P/4C2C1/9/RNBAKABNR b,-0.0017677665,110
r1bakabnr/9/1cn4c1/p1p1p1p1p/9/9/P1P1P1P1P/4C2C1/9/RNBAKABNR w,0.0018148661,7445
r1bakabnr/9/1cn4c1/p1p1p1p1p/9/9/P1P1P1P1P/2N1C2C1/9/R1BAKABNR b,-0.0018071294,562
r1baka1nr/9/1cn1b2c1/p1p1p1p1p/9/9/P1P1P1P1P/2N1C2C1/9/R1BAKABNR w,0.0019419909,7372
r1baka1nr/9/1cn1b2c1/p1p1p1p1p/9/9/P1P1P1P1P/2N1C2C1/9/1RBAKABNR b,-0.0017779947,1
1rbaka1nr/9/1cn1b2c1/p1p1p1p1p/9/9/P1P1P1P1P/2N1C2C1/9/1RBAKABNR w,0.0017012835,6368
1rbaka1nr/9/1cn1b2c1/p1p1p1p1p/9/9/P1P1P1P1P/2N1CC3/9/1RBAKABNR b,-0.0012889147,654
1rbaka2r/9/1cn1b1nc1/p1p1p1p1p/9/9/P1P1P1P1P/2N1CC3/9/1RBAKABNR w,0.0015946865,7989
1rbaka2r/9/1cn1b1nc1/p1p1p1p1p/9/9/P1P1P1P1P/2N1CCN2/9/1RBAKAB1R b,-0.0013483524,3012
1rbaka2r/9/1cn1b1nc1/p1p1p3p/6p2/9/P1P1P1P1P/2N1CCN2/9/1RBAKAB1R w,0.001935935,8098
1rbaka2r/9/1cn1b1nc1/p1p1p3p/6p2/9/P1P1P1P1P/2N1CCN2/9/1RBAKABR1 b,-0.002012527,727
1rbaka1r1/9/1cn1b1nc1/p1p1p3p/6p2/9/P1P1P1P1P/2N1CCN2/9/1RBAKABR1 w,0.002513051,5087
1rbaka1r1/9/1cn1b1nc1/p1p1p3p/6p2/2P6/P3P1P1P/2N1CCN2/9/1RBAKABR1 b,-0.0021549107,1765
1rbaka1r1/9/2n1b1nc1/p1p1p3p/6p2/2P6/Pc2P1P1P/2N1CCN2/9/1RBAKABR1 w,0.0047115325,5898
1rbaka1r1/9/2n1b1nc1/p1p1p3p/6p2/2PN5/Pc2P1P1P/4CCN2/9/1RBAKABR1 b,-0.0063882354,2311
1rbaka1r1/9/2n1b1n2/p1p1p3p/6p2/2PN5/Pc2P1PcP/4CCN2/9/1RBAKABR1 w,0.0079417,6143
1rbaka1r1/9/2n1bCn2/p1p1p3p/6p2/2PN5/Pc2P1PcP/4C1N2/9/1RBAKABR1 b,-0.008902455,1986
1rbakabr1/9/2n2Cn2/p1p1p3p/6p2/2PN5/Pc2P1PcP/4C1N2/9/1RBAKABR1 w,0.01805811,4351
1rbakabr1/9/2n2Cn2/p1p1N3p/6p2/2P6/Pc2P1PcP/4C1N2/9/1RBAKABR1 b,-0.0048104883,1831
1rbakabr1/9/5Cn2/p1p1n3p/6p2/2P6/Pc2P1PcP/4C1N2/9/1RBAKABR1 w,0.005549145,6061
1rbakabr1/9/5Cn2/p1p1C3p/6p2/2P6/Pc2P1PcP/6N2/9/1RBAKABR1 b,0.009508371,109
2bakabr1/9/1r3Cn2/p1p1C3p/6p2/2P6/Pc2P1PcP/6N2/9/1RBAKABR1 w,0.0022862197,2839
2bakabr1/9/1r3Cn2/p1p5p/6p2/2P1C4/Pc2P1PcP/6N2/9/1RBAKABR1 b,0.001698494,1733
2bakabr1/9/5rn2/p1p5p/6p2/2P1C4/Pc2P1PcP/6N2/9/1RBAKABR1 w,0.009669972,7435
2bakabr1/9/5rn2/p1p5p/6p2/2P1C4/PR2P1PcP/6N2/9/2BAKABR1 b,-0.007027888,2201
2bakabr1/9/5r3/p1p5p/5np2/2P1C4/PR2P1PcP/6N2/9/2BAKABR1 w,0.013720393,4987
2bakabr1/9/5r3/p1p5p/1R3np2/2P1C4/P3P1PcP/6N2/9/2BAKABR1 b,-0.008435405,3750
2bakabr1/9/5r3/p1p5p/1R4p2/2P1C4/P3P1ncP/6N2/9/2BAKABR1 w,0.017432952,3372
2bakabr1/9/5r3/p1p5p/6R2/2P1C4/P3P1ncP/6N2/9/2BAKABR1 b,-0.005578351,5449
2bakabr1/9/5r3/p1p5p/6R2/2P1n4/P3P2cP/6N2/9/2BAKABR1 w,0.0058068037,5269
2bakabr1/9/5r3/p1p5p/6R2/2P1P4/P6cP/6N2/9/2BAKABR1 b,0.00068066124,5560
2bakabr1/9/5r3/p1p5p/6R2/2P1P4/P7P/6Nc1/9/2BAKABR1 w,0.009604359,7999
2bakabr1/9/5r3/p1p5p/6R2/2P1P4/P7P/6Nc1/7R1/2BAKAB2 b,0.0017585278,2138
2bakabr1/9/9/p1p5p/6R2/2P1P4/P7P/5rNc1/7R1/2BAKAB2 w,0.0002934456,3813
2bakabr1/9/9/p1p3R1p/9/2P1P4/P7P/5rNc1/7R1/2BAKAB2 b,-0.0021340847,691
2bakab2/9/9/p1p3R1p/9/2P1P4/P6rP/5rNc1/7R1/2BAKAB2 w,0.014392519,2976
2bakaR2/9/9/p1p5p/9/2P1P4/P6rP/5rNc1/7R1/2BAKAB2 b,-0.0042020916,5548
2bakaR2/9/9/p1p5p/9/2P1P4/P3r3P/5rNc1/7R1/2BAKAB2 w,0.0270607,7636
2bakaR2/9/9/p1p5p/9/2P1P4/P3r3P/5rNc1/4A2R1/2B1KAB2 b,-0.013090074,6361
2bakaR2/9/9/p1p5p/9/2P1P4/P3r2cP/5rN2/4A2R1/2B1KAB2 w,0.06864438,7171
2bakaR2/9/9/p1p5p/9/2P1P4/P3r2RP/5rN2/4A4/2B1KAB2 b,-0.05272615,5281
2bakaR2/9/9/p1p5p/9/2P1P4/P6rP/5rN2/4A4/2B1KAB2 w,0.06062753,6908
2bakaR2/9/9/p1p5p/9/2P1P4/P6rP/5AN2/9/2B1KAB2 b,-0.05156963,5544
2bakaR2/9/9/p1p5p/9/2P1P4/r7P/5AN2/9/2B1KAB2 w,0.06136904,6260
2bakaR2/9/9/p1p5p/9/2P1PN3/r7P/5A3/9/2B1KAB2 b,-0.058384847,4922
2bakaR2/9/9/p1p5p/9/2P1PN3/8r/5A3/9/2B1KAB2 w,0.06741209,4543
2bakaR2/9/9/p1p5p/7N1/2P1P4/8r/5A3/9/2B1KAB2 b,-0.05745523,5638
2bakaR2/9/9/p1p5p/7N1/2P1P4/4r4/5A3/9/2B1KAB2 w,0.05593822,6196
2bakaR2/9/9/p1p5p/7N1/2P1P4/4r4/9/4A4/2B1KAB2 b,-0.042745557,5269
2bakaR2/9/9/p1p5p/7N1/2P1r4/9/9/4A4/2B1KAB2 w,0.046578288,3902
2bakaR2/9/9/p1p2N2p/9/2P1r4/9/9/4A4/2B1KAB2 b,-0.047685314,4457
2bakaR2/9/9/p1p2N2p/9/2r6/9/9/4A4/2B1KAB2 w,0.06868251,7897
2bakaR2/9/9/p1p2N2p/9/2r6/9/4B4/4A4/2B1KA3 b,-0.06565695,4280
2bakaR2/9/9/p1p2N2p/9/5r3/9/4B4/4A4/2B1KA3 w,0.06453822,2901
2bakaR2/9/3N5/p1p5p/9/5r3/9/4B4/4A4/2B1KA3 b,-0.064811125,373
2ba1aR2/4k4/3N5/p1p5p/9/5r3/9/4B4/4A4/2B1KA3 w,0.06637015,555
2ba1a3/4k1R2/3N5/p1p5p/9/5r3/9/4B4/4A4/2B1KA3 b,-0.064741686,1192
2ba1a3/6R2/3Nk4/p1p5p/9/5r3/9/4B4/4A4/2B1KA3 w,0.07383094,1930
2ba1a3/6R2/4k4/p1p5p/4N4/5r3/9/4B4/4A4/2B1KA3 b,-0.060184706,4532
2ba1a3/6R2/4k4/p1p2r2p/4N4/9/9/4B4/4A4/2B1KA3 w,0.07134741,6117
2ba1a3/6R2/4k4/p1p2r2p/4N4/9/9/9/4A4/2B1KAB2 b,-0.03845334,2911
2ba1a3/6R2/4k4/p1p1r3p/4N4/9/9/9/4A4/2B1KAB2 w,0.049927164,3659
2ba1a3/6R2/4k4/p1p1r3p/9/9/5N3/9/4A4/2B1KAB2 b,-0.052389313,2848
2ba1a3/6R2/4k4/p1p5p/9/9/4rN3/9/4A4/2B1KAB2 w,0.066177465,1364
2ba1a3/5R3/4k4/p1p5p/9/9/4rN3/9/4A4/2B1KAB2 b,-0.057428744,3194
2ba1a3/5R3/4k4/p1p6/8p/9/4rN3/9/4A4/2B1KAB2 w,0.080234386,5362
2ba1a3/5R3/4k4/p1p6/8p/7N1/4r4/9/4A4/2B1KAB2 b,-0.06650331,5276
2ba1a3/5R3/4k4/p1p6/8p/7N1/2r6/9/4A4/2B1KAB2 w,0.083301686,7537
2ba1a3/5R3/4k4/p1p6/8p/7N1/2r6/4B4/4A4/4KAB2 b,-0.06442521,463
2ba5/4aR3/4k4/p1p6/8p/7N1/2r6/4B4/4A4/4KAB2 w,0.05847962,4713
2ba5/4aR3/4k4/p1p3N2/8p/9/2r6/4B4/4A4/4KAB2 b,-0.07510226,2001
2ba5/4aR3/3k5/p1p3N2/8p/9/2r6/4B4/4A4/4KAB2 w,0.08437605,1310
2ba5/4a4/3k5/p1p3N2/8p/5R3/2r6/4B4/4A4/4KAB2 b,-0.056537773,1902
2ba5/3ka4/9/p1p3N2/8p/5R3/2r6/4B4/4A4/4KAB2 w,0.06218195,4548
2ba5/3ka4/9/p1p3N2/8p/3R5/2r6/4B4/4A4/4KAB2 b,-0.06005894,1191
2ba5/3k5/3a5/p1p3N2/8p/3R5/2r6/4B4/4A4/4KAB2 w,0.07315951,4366
2ba5/3k5/3a5/p1p3N2/8p/1R7/2r6/4B4/4A4/4KAB2 b,-0.048315253,1093
2ba5/4k4/3a5/p1p3N2/8p/1R7/2r6/4B4/4A4/4KAB2 w,0.055162955,4189
2ba5/4k4/3a5/p1p3N2/8p/4R4/2r6/4B4/4A4/4KAB2 b,-0.05535195,1182
2ba5/3k5/3a5/p1p3N2/8p/4R4/2r6/4B4/4A4/4KAB2 w,0.05129881,4450
2ba5/3k5/3a5/p1p3N2/4R3p/9/2r6/4B4/4A4/4KAB2 b,-0.035886206,5078
2ba5/3k5/3a5/p1p3N2/2r1R3p/9/9/4B4/4A4/4KAB2 w,0.04610009,3658
2ba5/3k5/3a5/p1p3N2/2r5p/9/4R4/4B4/4A4/4KAB2 b,-0.024657512,283
2b6/3ka4/3a5/p1p3N2/2r5p/9/4R4/4B4/4A4/4KAB2 w,0.031719115,5275
2b6/3ka4/3a5/p1p3N2/2r5p/9/1R7/4B4/4A4/4KAB2 b,-0.025221944,3462
2b6/3ka4/3a5/p1p3N2/6r1p/9/1R7/4B4/4A4/4KAB2 w,0.028367996,2992
2b6/3ka4/3aN4/p1p6/6r1p/9/1R7/4B4/4A4/4KAB2 b,-0.013653338,198
9/3ka4/b2aN4/p1p6/6r1p/9/1R7/4B4/4A4/4KAB2 w,0.0330694,7734
9/3ka4/b2aN4/p1p6/6r1p/9/1R7/4B4/4A4/3K1AB2 b,-0.013848352,1658
9/3ka4/3aN4/p1p6/2b3r1p/9/1R7/4B4/4A4/3K1AB2 w,0.010752106,4960
9/1R1ka4/3aN4/p1p6/2b3r1p/9/9/4B4/4A4/3K1AB2 b,-0.011011684,1083
3k5/1R2a4/3aN4/p1p6/2b3r1p/9/9/4B4/4A4/3K1AB2 w,0.022326613,913
